TYPE_NAME,FIELD_NAME,COL,HIST,MOD
ATextureRenderData,Alpha Mask,PRESENCE,present,ABSENT
ATextureRenderData,Bits Per Pixel,APPLIES_TO_10_1_0_0,True,False
ATextureRenderData,Blue Mask,PRESENCE,present,ABSENT
ATextureRenderData,Bytes Per Pixel,PRESENCE,present,ABSENT
ATextureRenderData,Channels,PRESENCE,present,ABSENT
ATextureRenderData,Flags,PRESENCE,present,ABSENT
ATextureRenderData,Green Mask,PRESENCE,present,ABSENT
ATextureRenderData,Mipmaps,PRESENCE,present,ABSENT
ATextureRenderData,Num Mipmaps,PRESENCE,present,ABSENT
ATextureRenderData,Palette,PRESENCE,present,ABSENT
ATextureRenderData,Pixel Format,PRESENCE,present,ABSENT
ATextureRenderData,Red Mask,PRESENCE,present,ABSENT
ATextureRenderData,Unknown 3 Bytes,PRESENCE,present,ABSENT
ATextureRenderData,Unknown 8 Bytes,PRESENCE,present,ABSENT
ATextureRenderData,Unknown Byte 1,PRESENCE,present,ABSENT
ATextureRenderData,Unknown Int,PRESENCE,present,ABSENT
ATextureRenderData,Unknown Int 2,PRESENCE,present,ABSENT
ATextureRenderData,Unknown Int 3,PRESENCE,present,ABSENT
ATextureRenderData,Unknown Int 4,PRESENCE,present,ABSENT
AvoidNode,Bounding Box,PRESENCE,present,ABSENT
AvoidNode,Bounding Volume,PRESENCE,ABSENT,present
AvoidNode,Effects,APPLIES_TO_10_1_0_0,True,UNRESOLVED
AvoidNode,Has Bounding Box,PRESENCE,present,ABSENT
AvoidNode,Has Bounding Volume,PRESENCE,ABSENT,present
AvoidNode,Has Old Extra Data,PRESENCE,present,ABSENT
AvoidNode,Legacy Extra Data,PRESENCE,ABSENT,present
AvoidNode,Num Effects,APPLIES_TO_10_1_0_0,True,UNRESOLVED
AvoidNode,Num Properties,APPLIES_TO_10_1_0_0,True,UNRESOLVED
AvoidNode,Old Extra Internal Id,PRESENCE,present,ABSENT
AvoidNode,Old Extra Prop Name,PRESENCE,present,ABSENT
AvoidNode,Old Extra String,PRESENCE,present,ABSENT
AvoidNode,Properties,APPLIES_TO_10_1_0_0,True,UNRESOLVED
AvoidNode,Rotation,FIELD_WIDTH_IF_FIXED,36,var(unknown-type)
AvoidNode,Shader Type,PRESENCE,ABSENT,present
AvoidNode,Skyrim Shader Type,PRESENCE,present,ABSENT
AvoidNode,Translation,FIELD_WIDTH_IF_FIXED,12,var(unknown-type)
AvoidNode,Unknown Byte,PRESENCE,present,ABSENT
AvoidNode,Unknown Short 1,PRESENCE,present,ABSENT
AvoidNode,Velocity,FIELD_WIDTH_IF_FIXED,12,var(unknown-type)
BSAnimNote,Arm,PRESENCE,ABSENT,present
BSAnimNote,Gain,PRESENCE,ABSENT,present
BSAnimNote,State,PRESENCE,ABSENT,present
BSAnimNote,Time,PRESENCE,ABSENT,present
BSAnimNote,Type,PRESENCE,ABSENT,present
BSAnimNotes,Anim Notes,PRESENCE,ABSENT,present
BSAnimNotes,Num Anim Notes,PRESENCE,ABSENT,present
BSAnimNotes,Unknown Short 1,PRESENCE,present,ABSENT
BSBehaviorGraphExtraData,Behaviour Graph File,FIELD_TYPE,string,NiFixedString
BSBehaviorGraphExtraData,Behaviour Graph File,FIELD_WIDTH_IF_FIXED,var(u32+),var(unknown-type)
BSBehaviorGraphExtraData,Controls Base Skeleton,FIELD_TYPE,byte,bool
BSBehaviorGraphExtraData,Controls Base Skeleton,FIELD_WIDTH_IF_FIXED,1,1(version-dep;1B for 10.1)
BSBehaviorGraphExtraData,Extra Data,PRESENCE,ABSENT,present
BSBehaviorGraphExtraData,Num Bytes,PRESENCE,ABSENT,present
BSBlastNode,Bounding Box,PRESENCE,present,ABSENT
BSBlastNode,Bounding Volume,PRESENCE,ABSENT,present
BSBlastNode,Current,PRESENCE,ABSENT,present
BSBlastNode,Effects,APPLIES_TO_10_1_0_0,True,UNRESOLVED
BSBlastNode,Has Bounding Box,PRESENCE,present,ABSENT
BSBlastNode,Has Bounding Volume,PRESENCE,ABSENT,present
BSBlastNode,Has Old Extra Data,PRESENCE,present,ABSENT
BSBlastNode,Legacy Extra Data,PRESENCE,ABSENT,present
BSBlastNode,Max,PRESENCE,ABSENT,present
BSBlastNode,Min,PRESENCE,ABSENT,present
BSBlastNode,Num Effects,APPLIES_TO_10_1_0_0,True,UNRESOLVED
BSBlastNode,Num Properties,APPLIES_TO_10_1_0_0,True,UNRESOLVED
BSBlastNode,Old Extra Internal Id,PRESENCE,present,ABSENT
BSBlastNode,Old Extra Prop Name,PRESENCE,present,ABSENT
BSBlastNode,Old Extra String,PRESENCE,present,ABSENT
BSBlastNode,Properties,APPLIES_TO_10_1_0_0,True,UNRESOLVED
BSBlastNode,Rotation,FIELD_WIDTH_IF_FIXED,36,var(unknown-type)
BSBlastNode,Shader Type,PRESENCE,ABSENT,present
BSBlastNode,Skyrim Shader Type,PRESENCE,present,ABSENT
BSBlastNode,Translation,FIELD_WIDTH_IF_FIXED,12,var(unknown-type)
BSBlastNode,Unknown Byte,PRESENCE,present,ABSENT
BSBlastNode,Unknown Byte 1,PRESENCE,present,ABSENT
BSBlastNode,Unknown Short 1,PRESENCE,present,ABSENT
BSBlastNode,Unknown Short 2,PRESENCE,present,ABSENT
BSBlastNode,Velocity,FIELD_WIDTH_IF_FIXED,12,var(unknown-type)
BSBoneLODExtraData,BoneLOD Info,FIELD_WIDTH_IF_FIXED,var(BoneLOD contains var),var(unknown-type)
BSBoneLODExtraData,Extra Data,PRESENCE,ABSENT,present
BSBoneLODExtraData,Num Bytes,PRESENCE,ABSENT,present
BSBound,Center,FIELD_WIDTH_IF_FIXED,12,var(unknown-type)
BSBound,Dimensions,FIELD_WIDTH_IF_FIXED,12,var(unknown-type)
BSBound,Extra Data,PRESENCE,ABSENT,present
BSBound,Num Bytes,PRESENCE,ABSENT,present
BSClothExtraData,Binary Data,PRESENCE,ABSENT,present
BSClothExtraData,Extra Data,PRESENCE,ABSENT,present
BSClothExtraData,Name,PRESENCE,ABSENT,present
BSClothExtraData,Next Extra Data,PRESENCE,ABSENT,present
BSClothExtraData,Num Bytes,PRESENCE,ABSENT,present
BSCollisionQueryProxyExtraData,Binary Data,PRESENCE,ABSENT,present
BSCollisionQueryProxyExtraData,Extra Data,PRESENCE,ABSENT,present
BSCollisionQueryProxyExtraData,Name,PRESENCE,ABSENT,present
BSCollisionQueryProxyExtraData,Next Extra Data,PRESENCE,ABSENT,present
BSCollisionQueryProxyExtraData,Num Bytes,PRESENCE,ABSENT,present
BSConnectPoint::Children,Extra Data,PRESENCE,ABSENT,present
BSConnectPoint::Children,Name,PRESENCE,ABSENT,present
BSConnectPoint::Children,Next Extra Data,PRESENCE,ABSENT,present
BSConnectPoint::Children,Num Bytes,PRESENCE,ABSENT,present
BSConnectPoint::Children,Num Points,PRESENCE,ABSENT,present
BSConnectPoint::Children,Point Name,PRESENCE,ABSENT,present
BSConnectPoint::Children,Skinned,PRESENCE,ABSENT,present
BSConnectPoint::Parents,Connect Points,PRESENCE,ABSENT,present
BSConnectPoint::Parents,Extra Data,PRESENCE,ABSENT,present
BSConnectPoint::Parents,Name,PRESENCE,ABSENT,present
BSConnectPoint::Parents,Next Extra Data,PRESENCE,ABSENT,present
BSConnectPoint::Parents,Num Bytes,PRESENCE,ABSENT,present
BSConnectPoint::Parents,Num Connect Points,PRESENCE,ABSENT,present
BSDamageStage,Bounding Box,PRESENCE,present,ABSENT
BSDamageStage,Bounding Volume,PRESENCE,ABSENT,present
BSDamageStage,Current,PRESENCE,ABSENT,present
BSDamageStage,Effects,APPLIES_TO_10_1_0_0,True,UNRESOLVED
BSDamageStage,Has Bounding Box,PRESENCE,present,ABSENT
BSDamageStage,Has Bounding Volume,PRESENCE,ABSENT,present
BSDamageStage,Has Old Extra Data,PRESENCE,present,ABSENT
BSDamageStage,Legacy Extra Data,PRESENCE,ABSENT,present
BSDamageStage,Max,PRESENCE,ABSENT,present
BSDamageStage,Min,PRESENCE,ABSENT,present
BSDamageStage,Num Effects,APPLIES_TO_10_1_0_0,True,UNRESOLVED
BSDamageStage,Num Properties,APPLIES_TO_10_1_0_0,True,UNRESOLVED
BSDamageStage,Old Extra Internal Id,PRESENCE,present,ABSENT
BSDamageStage,Old Extra Prop Name,PRESENCE,present,ABSENT
BSDamageStage,Old Extra String,PRESENCE,present,ABSENT
BSDamageStage,Properties,APPLIES_TO_10_1_0_0,True,UNRESOLVED
BSDamageStage,Rotation,FIELD_WIDTH_IF_FIXED,36,var(unknown-type)
BSDamageStage,Shader Type,PRESENCE,ABSENT,present
BSDamageStage,Skyrim Shader Type,PRESENCE,present,ABSENT
BSDamageStage,Translation,FIELD_WIDTH_IF_FIXED,12,var(unknown-type)
BSDamageStage,Unknown Byte,PRESENCE,present,ABSENT
BSDamageStage,Unknown Byte 1,PRESENCE,present,ABSENT
BSDamageStage,Unknown Short 1,PRESENCE,present,ABSENT
BSDamageStage,Unknown Short 2,PRESENCE,present,ABSENT
BSDamageStage,Velocity,FIELD_WIDTH_IF_FIXED,12,var(unknown-type)
BSDebrisNode,Bounding Box,PRESENCE,present,ABSENT
BSDebrisNode,Bounding Volume,PRESENCE,ABSENT,present
BSDebrisNode,Current,PRESENCE,ABSENT,present
BSDebrisNode,Effects,APPLIES_TO_10_1_0_0,True,UNRESOLVED
BSDebrisNode,Has Bounding Box,PRESENCE,present,ABSENT
BSDebrisNode,Has Bounding Volume,PRESENCE,ABSENT,present
BSDebrisNode,Has Old Extra Data,PRESENCE,present,ABSENT
BSDebrisNode,Legacy Extra Data,PRESENCE,ABSENT,present
BSDebrisNode,Max,PRESENCE,ABSENT,present
BSDebrisNode,Min,PRESENCE,ABSENT,present
BSDebrisNode,Num Effects,APPLIES_TO_10_1_0_0,True,UNRESOLVED
BSDebrisNode,Num Properties,APPLIES_TO_10_1_0_0,True,UNRESOLVED
BSDebrisNode,Old Extra Internal Id,PRESENCE,present,ABSENT
BSDebrisNode,Old Extra Prop Name,PRESENCE,present,ABSENT
BSDebrisNode,Old Extra String,PRESENCE,present,ABSENT
BSDebrisNode,Properties,APPLIES_TO_10_1_0_0,True,UNRESOLVED
BSDebrisNode,Rotation,FIELD_WIDTH_IF_FIXED,36,var(unknown-type)
BSDebrisNode,Shader Type,PRESENCE,ABSENT,present
BSDebrisNode,Skyrim Shader Type,PRESENCE,present,ABSENT
BSDebrisNode,Translation,FIELD_WIDTH_IF_FIXED,12,var(unknown-type)
BSDebrisNode,Unknown Byte,PRESENCE,present,ABSENT
BSDebrisNode,Unknown Short 1,PRESENCE,present,ABSENT
BSDebrisNode,Unknown Short 2,PRESENCE,present,ABSENT
BSDebrisNode,Unknown byte 1,PRESENCE,present,ABSENT
BSDebrisNode,Velocity,FIELD_WIDTH_IF_FIXED,12,var(unknown-type)
BSDecalPlacementVectorExtraData,Extra Data,PRESENCE,ABSENT,present
BSDecalPlacementVectorExtraData,Float Data,PRESENCE,ABSENT,present
BSDecalPlacementVectorExtraData,Num Bytes,PRESENCE,ABSENT,present
BSDecalPlacementVectorExtraData,Num Vector Blocks,FIELD_TYPE,short,ushort
BSDecalPlacementVectorExtraData,Unknown Float 1,PRESENCE,present,ABSENT
BSDecalPlacementVectorExtraData,Vector Blocks,FIELD_WIDTH_IF_FIXED,var(DecalVectorArray array),var(unknown-type)
BSDismemberSkinInstance,Num Partitions,FIELD_TYPE,int,uint
BSDismemberSkinInstance,Partitions,FIELD_WIDTH_IF_FIXED,4,var(unknown-type)
BSDistantObjectExtraData,Distant Object Flags,PRESENCE,ABSENT,present
BSDistantObjectExtraData,Extra Data,PRESENCE,ABSENT,present
BSDistantObjectExtraData,Name,PRESENCE,ABSENT,present
BSDistantObjectExtraData,Next Extra Data,PRESENCE,ABSENT,present
BSDistantObjectExtraData,Num Bytes,PRESENCE,ABSENT,present
BSDistantObjectInstancedNode,Bounding Volume,PRESENCE,ABSENT,present
BSDistantObjectInstancedNode,Children,PRESENCE,ABSENT,present
BSDistantObjectInstancedNode,Collision Object,PRESENCE,ABSENT,present
BSDistantObjectInstancedNode,Controller,PRESENCE,ABSENT,present
BSDistantObjectInstancedNode,Culling Mode,PRESENCE,ABSENT,present
BSDistantObjectInstancedNode,Effects,PRESENCE,ABSENT,present
BSDistantObjectInstancedNode,Extra Data,PRESENCE,ABSENT,present
BSDistantObjectInstancedNode,Extra Data List,PRESENCE,ABSENT,present
BSDistantObjectInstancedNode,Flags,FIELD_TYPE,ushort,uint
BSDistantObjectInstancedNode,Flags,FIELD_WIDTH_IF_FIXED,2,4
BSDistantObjectInstancedNode,Has Bounding Volume,PRESENCE,ABSENT,present
BSDistantObjectInstancedNode,Instances,PRESENCE,ABSENT,present
BSDistantObjectInstancedNode,Legacy Extra Data,PRESENCE,ABSENT,present
BSDistantObjectInstancedNode,Multi Bound,PRESENCE,ABSENT,present
BSDistantObjectInstancedNode,Name,PRESENCE,ABSENT,present
BSDistantObjectInstancedNode,Num Children,PRESENCE,ABSENT,present
BSDistantObjectInstancedNode,Num Effects,PRESENCE,ABSENT,present
BSDistantObjectInstancedNode,Num Extra Data List,PRESENCE,ABSENT,present
BSDistantObjectInstancedNode,Num Instances,PRESENCE,ABSENT,present
BSDistantObjectInstancedNode,Num Properties,PRESENCE,ABSENT,present
BSDistantObjectInstancedNode,Properties,PRESENCE,ABSENT,present
BSDistantObjectInstancedNode,Rotation,PRESENCE,ABSENT,present
BSDistantObjectInstancedNode,Scale,PRESENCE,ABSENT,present
BSDistantObjectInstancedNode,Shader Type,PRESENCE,ABSENT,present
BSDistantObjectInstancedNode,Texture Arrays,PRESENCE,ABSENT,present
BSDistantObjectInstancedNode,Translation,PRESENCE,ABSENT,present
BSDistantObjectInstancedNode,Unknown 1,PRESENCE,ABSENT,present
BSDistantObjectInstancedNode,Unknown 2,PRESENCE,ABSENT,present
BSDistantObjectInstancedNode,Velocity,PRESENCE,ABSENT,present
BSDistantObjectLargeRefExtraData,Extra Data,PRESENCE,ABSENT,present
BSDistantObjectLargeRefExtraData,Large Ref,PRESENCE,ABSENT,present
BSDistantObjectLargeRefExtraData,Name,PRESENCE,ABSENT,present
BSDistantObjectLargeRefExtraData,Next Extra Data,PRESENCE,ABSENT,present
BSDistantObjectLargeRefExtraData,Num Bytes,PRESENCE,ABSENT,present
BSDistantTreeShaderProperty,Environment Map Scale,APPLIES_TO_10_1_0_0,False,UNRESOLVED
BSDistantTreeShaderProperty,Flags,PRESENCE,ABSENT,present
BSDistantTreeShaderProperty,Has Old Extra Data,PRESENCE,present,ABSENT
BSDistantTreeShaderProperty,Legacy Extra Data,PRESENCE,ABSENT,present
BSDistantTreeShaderProperty,Old Extra Internal Id,PRESENCE,present,ABSENT
BSDistantTreeShaderProperty,Old Extra Prop Name,PRESENCE,present,ABSENT
BSDistantTreeShaderProperty,Old Extra String,PRESENCE,present,ABSENT
BSDistantTreeShaderProperty,Shader Flags,APPLIES_TO_10_1_0_0,True,UNRESOLVED
BSDistantTreeShaderProperty,Shader Flags 2,APPLIES_TO_10_1_0_0,True,UNRESOLVED
BSDistantTreeShaderProperty,Skyrim Shader Type,PRESENCE,present,ABSENT
BSDistantTreeShaderProperty,Smooth,PRESENCE,present,ABSENT
BSDistantTreeShaderProperty,Unknown Byte,PRESENCE,present,ABSENT
BSDynamicTriShape,Alpha Property,PRESENCE,ABSENT,present
BSDynamicTriShape,Bound Min Max,PRESENCE,ABSENT,present
BSDynamicTriShape,Bounding Sphere,PRESENCE,ABSENT,present
BSDynamicTriShape,Bounding Volume,PRESENCE,ABSENT,present
BSDynamicTriShape,Collision Object,PRESENCE,ABSENT,present
BSDynamicTriShape,Controller,PRESENCE,ABSENT,present
BSDynamicTriShape,Data Size,PRESENCE,ABSENT,present
BSDynamicTriShape,Dynamic Data Size,PRESENCE,ABSENT,present
BSDynamicTriShape,Extra Data,PRESENCE,ABSENT,present
BSDynamicTriShape,Extra Data List,PRESENCE,ABSENT,present
BSDynamicTriShape,Flags,FIELD_TYPE,ushort,uint
BSDynamicTriShape,Flags,FIELD_WIDTH_IF_FIXED,2,4
BSDynamicTriShape,Has Bounding Volume,PRESENCE,ABSENT,present
BSDynamicTriShape,Legacy Extra Data,PRESENCE,ABSENT,present
BSDynamicTriShape,Name,PRESENCE,ABSENT,present
BSDynamicTriShape,Num Extra Data List,PRESENCE,ABSENT,present
BSDynamicTriShape,Num Properties,PRESENCE,ABSENT,present
BSDynamicTriShape,Num Triangles,FIELD_TYPE,ushort,uint
BSDynamicTriShape,Num Triangles,FIELD_WIDTH_IF_FIXED,2,4
BSDynamicTriShape,Num Vertices,PRESENCE,ABSENT,present
BSDynamicTriShape,Particle Data Size,PRESENCE,ABSENT,present
BSDynamicTriShape,Particle Normals,PRESENCE,ABSENT,present
BSDynamicTriShape,Particle Triangles,PRESENCE,ABSENT,present
BSDynamicTriShape,Particle Vertices,PRESENCE,ABSENT,present
BSDynamicTriShape,Properties,PRESENCE,ABSENT,present
BSDynamicTriShape,Rotation,PRESENCE,ABSENT,present
BSDynamicTriShape,Scale,PRESENCE,ABSENT,present
BSDynamicTriShape,Shader Property,PRESENCE,ABSENT,present
BSDynamicTriShape,Shader Type,PRESENCE,ABSENT,present
BSDynamicTriShape,Skin,PRESENCE,ABSENT,present
BSDynamicTriShape,Translation,PRESENCE,ABSENT,present
BSDynamicTriShape,Triangles,PRESENCE,ABSENT,present
BSDynamicTriShape,Unknown 1,PRESENCE,ABSENT,present
BSDynamicTriShape,Unknown 2,PRESENCE,ABSENT,present
BSDynamicTriShape,Velocity,PRESENCE,ABSENT,present
BSDynamicTriShape,Vertex Data,FIELD_TYPE,BSVertexDataSSE,BSVertexData
BSDynamicTriShape,Vertex Desc,PRESENCE,ABSENT,present
BSDynamicTriShape,Vertices,PRESENCE,ABSENT,present
BSEffectShaderProperty,Base Color,PRESENCE,ABSENT,present
BSEffectShaderProperty,Base Color Scale,PRESENCE,ABSENT,present
BSEffectShaderProperty,Emissive Color,PRESENCE,present,ABSENT
BSEffectShaderProperty,Emissive Multiple,PRESENCE,present,ABSENT
BSEffectShaderProperty,Emit Gradient Texture,PRESENCE,ABSENT,present
BSEffectShaderProperty,Emittance Color,PRESENCE,ABSENT,present
BSEffectShaderProperty,Env Map Min LOD,PRESENCE,ABSENT,present
BSEffectShaderProperty,Env Map Texture,PRESENCE,ABSENT,present
BSEffectShaderProperty,Env Mask Texture,PRESENCE,ABSENT,present
BSEffectShaderProperty,Environment Map Scale,INHERITED_FROM,SELF,BSShaderProperty
BSEffectShaderProperty,Flags,PRESENCE,ABSENT,present
BSEffectShaderProperty,Has Old Extra Data,PRESENCE,present,ABSENT
BSEffectShaderProperty,Legacy Extra Data,PRESENCE,ABSENT,present
BSEffectShaderProperty,Lighting Influence,PRESENCE,ABSENT,present
BSEffectShaderProperty,Lighting Texture,PRESENCE,ABSENT,present
BSEffectShaderProperty,Luminance,PRESENCE,ABSENT,present
BSEffectShaderProperty,Normal Texture,PRESENCE,ABSENT,present
BSEffectShaderProperty,Num SF1,PRESENCE,ABSENT,present
BSEffectShaderProperty,Num SF2,PRESENCE,ABSENT,present
BSEffectShaderProperty,Old Extra Internal Id,PRESENCE,present,ABSENT
BSEffectShaderProperty,Old Extra Prop Name,PRESENCE,present,ABSENT
BSEffectShaderProperty,Old Extra String,PRESENCE,present,ABSENT
BSEffectShaderProperty,Reflectance Texture,PRESENCE,ABSENT,present
BSEffectShaderProperty,Refraction Power,PRESENCE,ABSENT,present
BSEffectShaderProperty,SF1,PRESENCE,ABSENT,present
BSEffectShaderProperty,SF2,PRESENCE,ABSENT,present
BSEffectShaderProperty,Shader Flags,PRESENCE,ABSENT,present
BSEffectShaderProperty,Shader Type,APPLIES_TO_10_1_0_0,UNRESOLVED,False
BSEffectShaderProperty,Shader Type,FIELD_TYPE,BSShaderType,BSLightingShaderType
BSEffectShaderProperty,Shader Type,INHERITED_FROM,BSShaderProperty,NiObjectNET
BSEffectShaderProperty,Skyrim Shader Type,PRESENCE,present,ABSENT
BSEffectShaderProperty,Texture Clamp Mode,FIELD_TYPE,uint,byte
BSEffectShaderProperty,Texture Clamp Mode,FIELD_WIDTH_IF_FIXED,4,1
BSEffectShaderProperty,UV Offset,FIELD_WIDTH_IF_FIXED,8,var(unknown-type)
BSEffectShaderProperty,UV Scale,FIELD_WIDTH_IF_FIXED,8,var(unknown-type)
BSEffectShaderProperty,Unknown Byte,PRESENCE,present,ABSENT
BSEffectShaderProperty,Unused Byte,PRESENCE,ABSENT,present
BSEffectShaderPropertyColorController,Controlled Color,PRESENCE,ABSENT,present
BSEffectShaderPropertyColorController,Flags,FIELD_TYPE,Flags,TimeControllerFlags
BSEffectShaderPropertyColorController,Flags,FIELD_WIDTH_IF_FIXED,var(unknown-type),2
BSEffectShaderPropertyColorController,Manager Controlled,PRESENCE,ABSENT,present
BSEffectShaderPropertyColorController,Type of Controlled Color,PRESENCE,present,ABSENT
BSEffectShaderPropertyFloatController,Controlled Variable,PRESENCE,ABSENT,present
BSEffectShaderPropertyFloatController,Flags,FIELD_TYPE,Flags,TimeControllerFlags
BSEffectShaderPropertyFloatController,Flags,FIELD_WIDTH_IF_FIXED,var(unknown-type),2
BSEffectShaderPropertyFloatController,Manager Controlled,PRESENCE,ABSENT,present
BSEffectShaderPropertyFloatController,Type of Controlled Variable,PRESENCE,present,ABSENT
BSExtraData,Extra Data,PRESENCE,ABSENT,present
BSExtraData,Name,PRESENCE,ABSENT,present
BSExtraData,Next Extra Data,PRESENCE,ABSENT,present
BSExtraData,Num Bytes,PRESENCE,ABSENT,present
BSEyeCenterExtraData,Data,PRESENCE,ABSENT,present
BSEyeCenterExtraData,Extra Data,PRESENCE,ABSENT,present
BSEyeCenterExtraData,Name,PRESENCE,ABSENT,present
BSEyeCenterExtraData,Next Extra Data,PRESENCE,ABSENT,present
BSEyeCenterExtraData,Num Bytes,PRESENCE,ABSENT,present
BSEyeCenterExtraData,Num Data,PRESENCE,ABSENT,present
BSFadeNode,Bounding Box,PRESENCE,present,ABSENT
BSFadeNode,Bounding Volume,PRESENCE,ABSENT,present
BSFadeNode,Effects,APPLIES_TO_10_1_0_0,True,UNRESOLVED
BSFadeNode,Has Bounding Box,PRESENCE,present,ABSENT
BSFadeNode,Has Bounding Volume,PRESENCE,ABSENT,present
BSFadeNode,Has Old Extra Data,PRESENCE,present,ABSENT
BSFadeNode,Legacy Extra Data,PRESENCE,ABSENT,present
BSFadeNode,Num Effects,APPLIES_TO_10_1_0_0,True,UNRESOLVED
BSFadeNode,Num Properties,APPLIES_TO_10_1_0_0,True,UNRESOLVED
BSFadeNode,Old Extra Internal Id,PRESENCE,present,ABSENT
BSFadeNode,Old Extra Prop Name,PRESENCE,present,ABSENT
BSFadeNode,Old Extra String,PRESENCE,present,ABSENT
BSFadeNode,Properties,APPLIES_TO_10_1_0_0,True,UNRESOLVED
BSFadeNode,Rotation,FIELD_WIDTH_IF_FIXED,36,var(unknown-type)
BSFadeNode,Shader Type,PRESENCE,ABSENT,present
BSFadeNode,Skyrim Shader Type,PRESENCE,present,ABSENT
BSFadeNode,Translation,FIELD_WIDTH_IF_FIXED,12,var(unknown-type)
BSFadeNode,Unknown Byte,PRESENCE,present,ABSENT
BSFadeNode,Unknown Short 1,PRESENCE,present,ABSENT
BSFadeNode,Velocity,FIELD_WIDTH_IF_FIXED,12,var(unknown-type)
BSFrustumFOVController,Flags,FIELD_TYPE,Flags,TimeControllerFlags
BSFrustumFOVController,Flags,FIELD_WIDTH_IF_FIXED,var(unknown-type),2
BSFrustumFOVController,Interpolator,APPLIES_TO_10_1_0_0,True,False
BSFrustumFOVController,Interpolator,LINK_REF_ROLE,Ref->NiFloatInterpolator,Ref->NiInterpolator
BSFrustumFOVController,Interpolator,INHERITED_FROM,SELF,NiSingleInterpController
BSFrustumFOVController,Manager Controlled,PRESENCE,ABSENT,present
BSFurnitureMarker,Extra Data,PRESENCE,ABSENT,present
BSFurnitureMarker,Num Bytes,PRESENCE,ABSENT,present
BSFurnitureMarker,Positions,FIELD_WIDTH_IF_FIXED,16,var(unknown-type)
BSFurnitureMarkerNode,Extra Data,PRESENCE,ABSENT,present
BSFurnitureMarkerNode,Num Bytes,PRESENCE,ABSENT,present
BSFurnitureMarkerNode,Positions,FIELD_WIDTH_IF_FIXED,16,var(unknown-type)
BSInvMarker,Extra Data,PRESENCE,ABSENT,present
BSInvMarker,Num Bytes,PRESENCE,ABSENT,present
BSKeyframeController,Flags,FIELD_TYPE,Flags,TimeControllerFlags
BSKeyframeController,Flags,FIELD_WIDTH_IF_FIXED,var(unknown-type),2
BSKeyframeController,Manager Controlled,PRESENCE,ABSENT,present
BSLODTriShape,Active Material,PRESENCE,present,ABSENT
BSLODTriShape,Alpha Property,PRESENCE,ABSENT,present
BSLODTriShape,BS Properties,PRESENCE,present,ABSENT
BSLODTriShape,Bound Min Max,PRESENCE,ABSENT,present
BSLODTriShape,Bounding Box,PRESENCE,present,ABSENT
BSLODTriShape,Bounding Sphere,PRESENCE,ABSENT,present
BSLODTriShape,Bounding Volume,PRESENCE,ABSENT,present
BSLODTriShape,Dirty Flag,PRESENCE,present,ABSENT
BSLODTriShape,Has Bounding Box,PRESENCE,present,ABSENT
BSLODTriShape,Has Bounding Volume,PRESENCE,ABSENT,present
BSLODTriShape,Has Old Extra Data,PRESENCE,present,ABSENT
BSLODTriShape,Has Shader,PRESENCE,present,ABSENT
BSLODTriShape,LOD0 Size,PRESENCE,ABSENT,present
BSLODTriShape,LOD1 Size,PRESENCE,ABSENT,present
BSLODTriShape,LOD2 Size,PRESENCE,ABSENT,present
BSLODTriShape,Legacy Extra Data,PRESENCE,ABSENT,present
BSLODTriShape,Level 0 Size,PRESENCE,present,ABSENT
BSLODTriShape,Level 1 Size,PRESENCE,present,ABSENT
BSLODTriShape,Level 2 Size,PRESENCE,present,ABSENT
BSLODTriShape,Material Data,APPLIES_TO_10_1_0_0,False,UNRESOLVED
BSLODTriShape,Material Extra Data,PRESENCE,present,ABSENT
BSLODTriShape,Material Name,PRESENCE,present,ABSENT
BSLODTriShape,Num Materials,PRESENCE,present,ABSENT
BSLODTriShape,Num Properties,APPLIES_TO_10_1_0_0,True,UNRESOLVED
BSLODTriShape,Old Extra Internal Id,PRESENCE,present,ABSENT
BSLODTriShape,Old Extra Prop Name,PRESENCE,present,ABSENT
BSLODTriShape,Old Extra String,PRESENCE,present,ABSENT
BSLODTriShape,Properties,APPLIES_TO_10_1_0_0,True,UNRESOLVED
BSLODTriShape,Rotation,FIELD_WIDTH_IF_FIXED,36,var(unknown-type)
BSLODTriShape,Shader Name,PRESENCE,present,ABSENT
BSLODTriShape,Shader Property,PRESENCE,ABSENT,present
BSLODTriShape,Shader Type,PRESENCE,ABSENT,present
BSLODTriShape,Skin,PRESENCE,ABSENT,present
BSLODTriShape,Skyrim Shader Type,PRESENCE,present,ABSENT
BSLODTriShape,Translation,FIELD_WIDTH_IF_FIXED,12,var(unknown-type)
BSLODTriShape,Unknown Byte,INHERITED_FROM,NiObjectNET,NiGeometry
BSLODTriShape,Unknown Integer,PRESENCE,present,ABSENT
BSLODTriShape,Unknown Integer 2,PRESENCE,present,ABSENT
BSLODTriShape,Unknown Short 1,PRESENCE,present,ABSENT
BSLODTriShape,Velocity,FIELD_WIDTH_IF_FIXED,12,var(unknown-type)
BSLagBoneController,Flags,FIELD_TYPE,Flags,TimeControllerFlags
BSLagBoneController,Flags,FIELD_WIDTH_IF_FIXED,var(unknown-type),2
BSLeafAnimNode,Bounding Box,PRESENCE,present,ABSENT
BSLeafAnimNode,Bounding Volume,PRESENCE,ABSENT,present
BSLeafAnimNode,Effects,APPLIES_TO_10_1_0_0,True,UNRESOLVED
BSLeafAnimNode,Has Bounding Box,PRESENCE,present,ABSENT
BSLeafAnimNode,Has Bounding Volume,PRESENCE,ABSENT,present
BSLeafAnimNode,Has Old Extra Data,PRESENCE,present,ABSENT
BSLeafAnimNode,Legacy Extra Data,PRESENCE,ABSENT,present
BSLeafAnimNode,Num Effects,APPLIES_TO_10_1_0_0,True,UNRESOLVED
BSLeafAnimNode,Num Properties,APPLIES_TO_10_1_0_0,True,UNRESOLVED
BSLeafAnimNode,Old Extra Internal Id,PRESENCE,present,ABSENT
BSLeafAnimNode,Old Extra Prop Name,PRESENCE,present,ABSENT
BSLeafAnimNode,Old Extra String,PRESENCE,present,ABSENT
BSLeafAnimNode,Properties,APPLIES_TO_10_1_0_0,True,UNRESOLVED
BSLeafAnimNode,Rotation,FIELD_WIDTH_IF_FIXED,36,var(unknown-type)
BSLeafAnimNode,Shader Type,PRESENCE,ABSENT,present
BSLeafAnimNode,Skyrim Shader Type,PRESENCE,present,ABSENT
BSLeafAnimNode,Translation,FIELD_WIDTH_IF_FIXED,12,var(unknown-type)
BSLeafAnimNode,Unknown Byte,PRESENCE,present,ABSENT
BSLeafAnimNode,Unknown Short 1,PRESENCE,present,ABSENT
BSLeafAnimNode,Velocity,FIELD_WIDTH_IF_FIXED,12,var(unknown-type)
BSLightingShaderProperty,Backlight Power,PRESENCE,ABSENT,present
BSLightingShaderProperty,Do Translucency,PRESENCE,ABSENT,present
BSLightingShaderProperty,Emissive Color,FIELD_WIDTH_IF_FIXED,12,var(unknown-type)
BSLightingShaderProperty,Flags,PRESENCE,ABSENT,present
BSLightingShaderProperty,Fresnel Power,PRESENCE,ABSENT,present
BSLightingShaderProperty,Glossiness,APPLIES_TO_10_1_0_0,True,UNRESOLVED
BSLightingShaderProperty,Grayscale to Palette Scale,PRESENCE,ABSENT,present
BSLightingShaderProperty,Has Old Extra Data,PRESENCE,present,ABSENT
BSLightingShaderProperty,Has Texture Arrays,PRESENCE,ABSENT,present
BSLightingShaderProperty,Left Eye Reflection Center,FIELD_WIDTH_IF_FIXED,12,var(unknown-type)
BSLightingShaderProperty,Legacy Extra Data,PRESENCE,ABSENT,present
BSLightingShaderProperty,Lighting Effect 1,APPLIES_TO_10_1_0_0,True,UNRESOLVED
BSLightingShaderProperty,Lighting Effect 2,APPLIES_TO_10_1_0_0,True,UNRESOLVED
BSLightingShaderProperty,Luminance,PRESENCE,ABSENT,present
BSLightingShaderProperty,Num SF1,PRESENCE,ABSENT,present
BSLightingShaderProperty,Num SF2,PRESENCE,ABSENT,present
BSLightingShaderProperty,Num Texture Arrays,PRESENCE,ABSENT,present
BSLightingShaderProperty,Old Extra Internal Id,PRESENCE,present,ABSENT
BSLightingShaderProperty,Old Extra Prop Name,PRESENCE,present,ABSENT
BSLightingShaderProperty,Old Extra String,PRESENCE,present,ABSENT
BSLightingShaderProperty,Parallax Inner Layer Texture Scale,FIELD_WIDTH_IF_FIXED,8,var(unknown-type)
BSLightingShaderProperty,Right Eye Reflection Center,FIELD_WIDTH_IF_FIXED,12,var(unknown-type)
BSLightingShaderProperty,Rimlight Power,PRESENCE,ABSENT,present
BSLightingShaderProperty,Root Material,PRESENCE,ABSENT,present
BSLightingShaderProperty,SF1,PRESENCE,ABSENT,present
BSLightingShaderProperty,SF2,PRESENCE,ABSENT,present
BSLightingShaderProperty,Shader Flags,PRESENCE,ABSENT,present
BSLightingShaderProperty,Skin Tint Alpha,PRESENCE,ABSENT,present
BSLightingShaderProperty,Skyrim Shader Type,PRESENCE,present,ABSENT
BSLightingShaderProperty,Smoothness,PRESENCE,ABSENT,present
BSLightingShaderProperty,Sparkle Parameters,FIELD_WIDTH_IF_FIXED,16,var(unknown-type)
BSLightingShaderProperty,Specular Color,FIELD_WIDTH_IF_FIXED,12,var(unknown-type)
BSLightingShaderProperty,Subsurface Rolloff,PRESENCE,ABSENT,present
BSLightingShaderProperty,Texture Arrays,PRESENCE,ABSENT,present
BSLightingShaderProperty,Translucency,PRESENCE,ABSENT,present
BSLightingShaderProperty,UV Offset,FIELD_WIDTH_IF_FIXED,8,var(unknown-type)
BSLightingShaderProperty,UV Scale,FIELD_WIDTH_IF_FIXED,8,var(unknown-type)
BSLightingShaderProperty,Unknown Byte,PRESENCE,present,ABSENT
BSLightingShaderProperty,Use Screen Space Reflections,PRESENCE,ABSENT,present
BSLightingShaderProperty,Wetness,PRESENCE,ABSENT,present
BSLightingShaderProperty,Wetness Control: Use SSR,PRESENCE,ABSENT,present
BSLightingShaderPropertyColorController,Controlled Color,PRESENCE,ABSENT,present
BSLightingShaderPropertyColorController,Flags,FIELD_TYPE,Flags,TimeControllerFlags
BSLightingShaderPropertyColorController,Flags,FIELD_WIDTH_IF_FIXED,var(unknown-type),2
BSLightingShaderPropertyColorController,Manager Controlled,PRESENCE,ABSENT,present
BSLightingShaderPropertyColorController,Type of Controlled Color,PRESENCE,present,ABSENT
BSLightingShaderPropertyFloatController,Controlled Variable,PRESENCE,ABSENT,present
BSLightingShaderPropertyFloatController,Flags,FIELD_TYPE,Flags,TimeControllerFlags
BSLightingShaderPropertyFloatController,Flags,FIELD_WIDTH_IF_FIXED,var(unknown-type),2
BSLightingShaderPropertyFloatController,Manager Controlled,PRESENCE,ABSENT,present
BSLightingShaderPropertyFloatController,Type of Controlled Variable,PRESENCE,present,ABSENT
BSLightingShaderPropertyUShortController,Controlled Variable,PRESENCE,ABSENT,present
BSLightingShaderPropertyUShortController,Flags,PRESENCE,ABSENT,present
BSLightingShaderPropertyUShortController,Frequency,PRESENCE,ABSENT,present
BSLightingShaderPropertyUShortController,Interpolator,PRESENCE,ABSENT,present
BSLightingShaderPropertyUShortController,Manager Controlled,PRESENCE,ABSENT,present
BSLightingShaderPropertyUShortController,Next Controller,PRESENCE,ABSENT,present
BSLightingShaderPropertyUShortController,Phase,PRESENCE,ABSENT,present
BSLightingShaderPropertyUShortController,Start Time,PRESENCE,ABSENT,present
BSLightingShaderPropertyUShortController,Stop Time,PRESENCE,ABSENT,present
BSLightingShaderPropertyUShortController,Target,PRESENCE,ABSENT,present
BSLightingShaderPropertyUShortController,Unknown Integer,PRESENCE,ABSENT,present
BSMasterParticleSystem,Bounding Box,PRESENCE,present,ABSENT
BSMasterParticleSystem,Bounding Volume,PRESENCE,ABSENT,present
BSMasterParticleSystem,Effects,APPLIES_TO_10_1_0_0,True,UNRESOLVED
BSMasterParticleSystem,Has Bounding Box,PRESENCE,present,ABSENT
BSMasterParticleSystem,Has Bounding Volume,PRESENCE,ABSENT,present
BSMasterParticleSystem,Has Old Extra Data,PRESENCE,present,ABSENT
BSMasterParticleSystem,Legacy Extra Data,PRESENCE,ABSENT,present
BSMasterParticleSystem,Num Effects,APPLIES_TO_10_1_0_0,True,UNRESOLVED
BSMasterParticleSystem,Num Particle Systems,FIELD_TYPE,int,uint
BSMasterParticleSystem,Num Properties,APPLIES_TO_10_1_0_0,True,UNRESOLVED
BSMasterParticleSystem,Old Extra Internal Id,PRESENCE,present,ABSENT
BSMasterParticleSystem,Old Extra Prop Name,PRESENCE,present,ABSENT
BSMasterParticleSystem,Old Extra String,PRESENCE,present,ABSENT
BSMasterParticleSystem,Properties,APPLIES_TO_10_1_0_0,True,UNRESOLVED
BSMasterParticleSystem,Rotation,FIELD_WIDTH_IF_FIXED,36,var(unknown-type)
BSMasterParticleSystem,Shader Type,PRESENCE,ABSENT,present
BSMasterParticleSystem,Skyrim Shader Type,PRESENCE,present,ABSENT
BSMasterParticleSystem,Translation,FIELD_WIDTH_IF_FIXED,12,var(unknown-type)
BSMasterParticleSystem,Unknown Byte,PRESENCE,present,ABSENT
BSMasterParticleSystem,Unknown Short 1,PRESENCE,present,ABSENT
BSMasterParticleSystem,Velocity,FIELD_WIDTH_IF_FIXED,12,var(unknown-type)
BSMaterialEmittanceMultController,Flags,FIELD_TYPE,Flags,TimeControllerFlags
BSMaterialEmittanceMultController,Flags,FIELD_WIDTH_IF_FIXED,var(unknown-type),2
BSMaterialEmittanceMultController,Manager Controlled,PRESENCE,ABSENT,present
BSMeshLODTriShape,Alpha Property,PRESENCE,ABSENT,present
BSMeshLODTriShape,Bound Min Max,PRESENCE,ABSENT,present
BSMeshLODTriShape,Bounding Sphere,PRESENCE,ABSENT,present
BSMeshLODTriShape,Bounding Volume,PRESENCE,ABSENT,present
BSMeshLODTriShape,Collision Object,PRESENCE,ABSENT,present
BSMeshLODTriShape,Controller,PRESENCE,ABSENT,present
BSMeshLODTriShape,Data Size,PRESENCE,ABSENT,present
BSMeshLODTriShape,Extra Data,PRESENCE,ABSENT,present
BSMeshLODTriShape,Extra Data List,PRESENCE,ABSENT,present
BSMeshLODTriShape,Flags,FIELD_TYPE,ushort,uint
BSMeshLODTriShape,Flags,FIELD_WIDTH_IF_FIXED,2,4
BSMeshLODTriShape,Has Bounding Volume,PRESENCE,ABSENT,present
BSMeshLODTriShape,LOD0 Size,PRESENCE,ABSENT,present
BSMeshLODTriShape,LOD1 Size,PRESENCE,ABSENT,present
BSMeshLODTriShape,LOD2 Size,PRESENCE,ABSENT,present
BSMeshLODTriShape,Legacy Extra Data,PRESENCE,ABSENT,present
BSMeshLODTriShape,Name,PRESENCE,ABSENT,present
BSMeshLODTriShape,Num Extra Data List,PRESENCE,ABSENT,present
BSMeshLODTriShape,Num Properties,PRESENCE,ABSENT,present
BSMeshLODTriShape,Num Triangles,FIELD_TYPE,ushort,uint
BSMeshLODTriShape,Num Triangles,FIELD_WIDTH_IF_FIXED,2,4
BSMeshLODTriShape,Num Vertices,PRESENCE,ABSENT,present
BSMeshLODTriShape,Particle Data Size,PRESENCE,ABSENT,present
BSMeshLODTriShape,Particle Normals,PRESENCE,ABSENT,present
BSMeshLODTriShape,Particle Triangles,PRESENCE,ABSENT,present
BSMeshLODTriShape,Particle Vertices,PRESENCE,ABSENT,present
BSMeshLODTriShape,Properties,PRESENCE,ABSENT,present
BSMeshLODTriShape,Rotation,PRESENCE,ABSENT,present
BSMeshLODTriShape,Scale,PRESENCE,ABSENT,present
BSMeshLODTriShape,Shader Property,PRESENCE,ABSENT,present
BSMeshLODTriShape,Shader Type,PRESENCE,ABSENT,present
BSMeshLODTriShape,Skin,PRESENCE,ABSENT,present
BSMeshLODTriShape,Translation,PRESENCE,ABSENT,present
BSMeshLODTriShape,Triangles,PRESENCE,ABSENT,present
BSMeshLODTriShape,Unknown 1,PRESENCE,ABSENT,present
BSMeshLODTriShape,Unknown 2,PRESENCE,ABSENT,present
BSMeshLODTriShape,Velocity,PRESENCE,ABSENT,present
BSMeshLODTriShape,Vertex Data,FIELD_TYPE,BSVertexDataSSE,BSVertexData
BSMeshLODTriShape,Vertex Desc,PRESENCE,ABSENT,present
BSMultiBoundAABB,Extent,FIELD_WIDTH_IF_FIXED,12,var(unknown-type)
BSMultiBoundAABB,Position,FIELD_WIDTH_IF_FIXED,12,var(unknown-type)
BSMultiBoundNode,Bounding Box,PRESENCE,present,ABSENT
BSMultiBoundNode,Bounding Volume,PRESENCE,ABSENT,present
BSMultiBoundNode,Culling Mode,PRESENCE,ABSENT,present
BSMultiBoundNode,Effects,APPLIES_TO_10_1_0_0,True,UNRESOLVED
BSMultiBoundNode,Has Bounding Box,PRESENCE,present,ABSENT
BSMultiBoundNode,Has Bounding Volume,PRESENCE,ABSENT,present
BSMultiBoundNode,Has Old Extra Data,PRESENCE,present,ABSENT
BSMultiBoundNode,Legacy Extra Data,PRESENCE,ABSENT,present
BSMultiBoundNode,Num Effects,APPLIES_TO_10_1_0_0,True,UNRESOLVED
BSMultiBoundNode,Num Properties,APPLIES_TO_10_1_0_0,True,UNRESOLVED
BSMultiBoundNode,Old Extra Internal Id,PRESENCE,present,ABSENT
BSMultiBoundNode,Old Extra Prop Name,PRESENCE,present,ABSENT
BSMultiBoundNode,Old Extra String,PRESENCE,present,ABSENT
BSMultiBoundNode,Properties,APPLIES_TO_10_1_0_0,True,UNRESOLVED
BSMultiBoundNode,Rotation,FIELD_WIDTH_IF_FIXED,36,var(unknown-type)
BSMultiBoundNode,Shader Type,PRESENCE,ABSENT,present
BSMultiBoundNode,Skyrim Shader Type,PRESENCE,present,ABSENT
BSMultiBoundNode,Translation,FIELD_WIDTH_IF_FIXED,12,var(unknown-type)
BSMultiBoundNode,Unknown Byte,PRESENCE,present,ABSENT
BSMultiBoundNode,Unknown Int,PRESENCE,present,ABSENT
BSMultiBoundNode,Unknown Short 1,PRESENCE,present,ABSENT
BSMultiBoundNode,Velocity,FIELD_WIDTH_IF_FIXED,12,var(unknown-type)
BSMultiBoundOBB,Center,FIELD_WIDTH_IF_FIXED,12,var(unknown-type)
BSMultiBoundOBB,Rotation,FIELD_WIDTH_IF_FIXED,36,var(unknown-type)
BSMultiBoundOBB,Size,FIELD_WIDTH_IF_FIXED,12,var(unknown-type)
BSMultiBoundSphere,Center,PRESENCE,ABSENT,present
BSMultiBoundSphere,Unknown Int 1,PRESENCE,present,ABSENT
BSMultiBoundSphere,Unknown Int 2,PRESENCE,present,ABSENT
BSMultiBoundSphere,Unknown Int 3,PRESENCE,present,ABSENT
BSNiAlphaPropertyTestRefController,Data,PRESENCE,present,ABSENT
BSNiAlphaPropertyTestRefController,Flags,FIELD_TYPE,Flags,TimeControllerFlags
BSNiAlphaPropertyTestRefController,Flags,FIELD_WIDTH_IF_FIXED,var(unknown-type),2
BSNiAlphaPropertyTestRefController,Manager Controlled,PRESENCE,ABSENT,present
BSOrderedNode,Alpha Sort Bound,FIELD_WIDTH_IF_FIXED,16,var(unknown-type)
BSOrderedNode,Bounding Box,PRESENCE,present,ABSENT
BSOrderedNode,Bounding Volume,PRESENCE,ABSENT,present
BSOrderedNode,Effects,APPLIES_TO_10_1_0_0,True,UNRESOLVED
BSOrderedNode,Has Bounding Box,PRESENCE,present,ABSENT
BSOrderedNode,Has Bounding Volume,PRESENCE,ABSENT,present
BSOrderedNode,Has Old Extra Data,PRESENCE,present,ABSENT
BSOrderedNode,Is Static Bound,PRESENCE,present,ABSENT
BSOrderedNode,Legacy Extra Data,PRESENCE,ABSENT,present
BSOrderedNode,Num Effects,APPLIES_TO_10_1_0_0,True,UNRESOLVED
BSOrderedNode,Num Properties,APPLIES_TO_10_1_0_0,True,UNRESOLVED
BSOrderedNode,Old Extra Internal Id,PRESENCE,present,ABSENT
BSOrderedNode,Old Extra Prop Name,PRESENCE,present,ABSENT
BSOrderedNode,Old Extra String,PRESENCE,present,ABSENT
BSOrderedNode,Properties,APPLIES_TO_10_1_0_0,True,UNRESOLVED
BSOrderedNode,Rotation,FIELD_WIDTH_IF_FIXED,36,var(unknown-type)
BSOrderedNode,Shader Type,PRESENCE,ABSENT,present
BSOrderedNode,Skyrim Shader Type,PRESENCE,present,ABSENT
BSOrderedNode,Static Bound,PRESENCE,ABSENT,present
BSOrderedNode,Translation,FIELD_WIDTH_IF_FIXED,12,var(unknown-type)
BSOrderedNode,Unknown Byte,PRESENCE,present,ABSENT
BSOrderedNode,Unknown Short 1,PRESENCE,present,ABSENT
BSOrderedNode,Velocity,FIELD_WIDTH_IF_FIXED,12,var(unknown-type)
BSPSysArrayEmitter,Initial Color,FIELD_WIDTH_IF_FIXED,16,var(unknown-type)
BSPSysArrayEmitter,Order,FIELD_TYPE,uint,NiPSysModifierOrder
BSPSysArrayEmitter,Unknown QQSpeed Floats,PRESENCE,ABSENT,present
BSPSysHavokUpdateModifier,Meshes,PRESENCE,ABSENT,present
BSPSysHavokUpdateModifier,Nodes,PRESENCE,present,ABSENT
BSPSysHavokUpdateModifier,Num Meshes,PRESENCE,ABSENT,present
BSPSysHavokUpdateModifier,Num Nodes,PRESENCE,present,ABSENT
BSPSysHavokUpdateModifier,Order,FIELD_TYPE,uint,NiPSysModifierOrder
BSPSysInheritVelocityModifier,Chance To Inherit,PRESENCE,ABSENT,present
BSPSysInheritVelocityModifier,Inherit Object,PRESENCE,ABSENT,present
BSPSysInheritVelocityModifier,Order,FIELD_TYPE,uint,NiPSysModifierOrder
BSPSysInheritVelocityModifier,Unknown Float 1,PRESENCE,present,ABSENT
BSPSysInheritVelocityModifier,Unknown Float 2,PRESENCE,present,ABSENT
BSPSysInheritVelocityModifier,Unknown Float 3,PRESENCE,present,ABSENT
BSPSysInheritVelocityModifier,Unknown Int 1,PRESENCE,present,ABSENT
BSPSysInheritVelocityModifier,Velocity Multiplier,PRESENCE,ABSENT,present
BSPSysInheritVelocityModifier,Velocity Variation,PRESENCE,ABSENT,present
BSPSysLODModifier,End Emit Scale,PRESENCE,ABSENT,present
BSPSysLODModifier,End Size,PRESENCE,ABSENT,present
BSPSysLODModifier,LOD Begin Distance,PRESENCE,ABSENT,present
BSPSysLODModifier,LOD End Distance,PRESENCE,ABSENT,present
BSPSysLODModifier,Order,FIELD_TYPE,uint,NiPSysModifierOrder
BSPSysLODModifier,Uknown Float 1,PRESENCE,present,ABSENT
BSPSysLODModifier,Uknown Float 2,PRESENCE,present,ABSENT
BSPSysLODModifier,Uknown Float 3,PRESENCE,present,ABSENT
BSPSysLODModifier,Uknown Float 4,PRESENCE,present,ABSENT
BSPSysMultiTargetEmitterCtlr,Data,INHERITED_FROM,SELF,NiPSysEmitterCtlr
BSPSysMultiTargetEmitterCtlr,Flags,FIELD_TYPE,Flags,TimeControllerFlags
BSPSysMultiTargetEmitterCtlr,Flags,FIELD_WIDTH_IF_FIXED,var(unknown-type),2
BSPSysMultiTargetEmitterCtlr,Manager Controlled,PRESENCE,ABSENT,present
BSPSysMultiTargetEmitterCtlr,Master Particle System,PRESENCE,ABSENT,present
BSPSysMultiTargetEmitterCtlr,Max Emitters,PRESENCE,ABSENT,present
BSPSysMultiTargetEmitterCtlr,Unknown Int 1,PRESENCE,present,ABSENT
BSPSysMultiTargetEmitterCtlr,Unknown Short 1,PRESENCE,present,ABSENT
BSPSysMultiTargetEmitterCtlr,Visibility Interpolator,INHERITED_FROM,SELF,NiPSysEmitterCtlr
BSPSysRecycleBoundModifier,Bound Extent,PRESENCE,ABSENT,present
BSPSysRecycleBoundModifier,Bound Object,PRESENCE,ABSENT,present
BSPSysRecycleBoundModifier,Bound Offset,PRESENCE,ABSENT,present
BSPSysRecycleBoundModifier,Order,FIELD_TYPE,uint,NiPSysModifierOrder
BSPSysRecycleBoundModifier,Unknown Float 1,PRESENCE,present,ABSENT
BSPSysRecycleBoundModifier,Unknown Float 2,PRESENCE,present,ABSENT
BSPSysRecycleBoundModifier,Unknown Float 3,PRESENCE,present,ABSENT
BSPSysRecycleBoundModifier,Unknown Float 4,PRESENCE,present,ABSENT
BSPSysRecycleBoundModifier,Unknown Float 5,PRESENCE,present,ABSENT
BSPSysRecycleBoundModifier,Unknown Float 6,PRESENCE,present,ABSENT
BSPSysRecycleBoundModifier,Unknown Int 1,PRESENCE,present,ABSENT
BSPSysScaleModifier,Floats,PRESENCE,present,ABSENT
BSPSysScaleModifier,Num Floats,PRESENCE,present,ABSENT
BSPSysScaleModifier,Num Scales,PRESENCE,ABSENT,present
BSPSysScaleModifier,Order,FIELD_TYPE,uint,NiPSysModifierOrder
BSPSysScaleModifier,Scales,PRESENCE,ABSENT,present
BSPSysSimpleColorModifier,Colors,FIELD_WIDTH_IF_FIXED,16,var(unknown-type)
BSPSysSimpleColorModifier,Fade Out Percent,PRESENCE,ABSENT,present
BSPSysSimpleColorModifier,Fade out Percent,PRESENCE,present,ABSENT
BSPSysSimpleColorModifier,Order,FIELD_TYPE,uint,NiPSysModifierOrder
BSPSysSimpleColorModifier,Unknown Shorts,PRESENCE,ABSENT,present
BSPSysStripUpdateModifier,Order,FIELD_TYPE,uint,NiPSysModifierOrder
BSPSysSubTexModifier,Order,FIELD_TYPE,uint,NiPSysModifierOrder
BSPSysSubTexModifier,Start Frame,FIELD_TYPE,uint,float
BSPackedAdditionalGeometryData,Block Infos,FIELD_TYPE,AdditionalDataInfo,NiAGDDataStream
BSPackedAdditionalGeometryData,Block Infos,FIELD_WIDTH_IF_FIXED,25,var(unknown-type)
BSPackedAdditionalGeometryData,Blocks,FIELD_TYPE,BSPackedAdditionalDataBlock,NiAGDDataBlocks
BSPackedAdditionalGeometryData,Blocks,FIELD_WIDTH_IF_FIXED,var(BSPackedAdditionalDataBlock array),var(unknown-type)
BSPackedAdditionalGeometryData,Num Blocks,FIELD_TYPE,int,uint
BSPackedCombinedGeomDataExtra,Extra Data,PRESENCE,ABSENT,present
BSPackedCombinedGeomDataExtra,Name,PRESENCE,ABSENT,present
BSPackedCombinedGeomDataExtra,Next Extra Data,PRESENCE,ABSENT,present
BSPackedCombinedGeomDataExtra,Num Bytes,PRESENCE,ABSENT,present
BSPackedCombinedGeomDataExtra,Num Data,PRESENCE,ABSENT,present
BSPackedCombinedGeomDataExtra,Num Triangles,PRESENCE,ABSENT,present
BSPackedCombinedGeomDataExtra,Num Vertices,PRESENCE,ABSENT,present
BSPackedCombinedGeomDataExtra,Object Data,PRESENCE,ABSENT,present
BSPackedCombinedGeomDataExtra,Unknown Flags 1,PRESENCE,ABSENT,present
BSPackedCombinedGeomDataExtra,Unknown Flags 2,PRESENCE,ABSENT,present
BSPackedCombinedGeomDataExtra,Vertex Desc,PRESENCE,ABSENT,present
BSPackedCombinedSharedGeomDataExtra,Extra Data,PRESENCE,ABSENT,present
BSPackedCombinedSharedGeomDataExtra,Name,PRESENCE,ABSENT,present
BSPackedCombinedSharedGeomDataExtra,Next Extra Data,PRESENCE,ABSENT,present
BSPackedCombinedSharedGeomDataExtra,Num Bytes,PRESENCE,ABSENT,present
BSPackedCombinedSharedGeomDataExtra,Num Data,PRESENCE,ABSENT,present
BSPackedCombinedSharedGeomDataExtra,Num Triangles,PRESENCE,ABSENT,present
BSPackedCombinedSharedGeomDataExtra,Num Vertices,PRESENCE,ABSENT,present
BSPackedCombinedSharedGeomDataExtra,Object,PRESENCE,ABSENT,present
BSPackedCombinedSharedGeomDataExtra,Object Data,PRESENCE,ABSENT,present
BSPackedCombinedSharedGeomDataExtra,Unknown Flags 1,PRESENCE,ABSENT,present
BSPackedCombinedSharedGeomDataExtra,Unknown Flags 2,PRESENCE,ABSENT,present
BSPackedCombinedSharedGeomDataExtra,Vertex Desc,PRESENCE,ABSENT,present
BSParentVelocityModifier,Order,FIELD_TYPE,uint,NiPSysModifierOrder
BSPositionData,Data,PRESENCE,ABSENT,present
BSPositionData,Extra Data,PRESENCE,ABSENT,present
BSPositionData,Name,PRESENCE,ABSENT,present
BSPositionData,Next Extra Data,PRESENCE,ABSENT,present
BSPositionData,Num Bytes,PRESENCE,ABSENT,present
BSPositionData,Num Data,PRESENCE,ABSENT,present
BSProceduralLightningController,Animate Arc Offset,PRESENCE,ABSENT,present
BSProceduralLightningController,Arc Offset,PRESENCE,ABSENT,present
BSProceduralLightningController,Byte 1,PRESENCE,present,ABSENT
BSProceduralLightningController,Byte 2,PRESENCE,present,ABSENT
BSProceduralLightningController,Byte 3,PRESENCE,present,ABSENT
BSProceduralLightningController,Child Width Mult,PRESENCE,ABSENT,present
BSProceduralLightningController,Distance Weight,PRESENCE,present,ABSENT
BSProceduralLightningController,Fade Child Bolts,PRESENCE,ABSENT,present
BSProceduralLightningController,Fade Main Bolt,PRESENCE,ABSENT,present
BSProceduralLightningController,Flags,FIELD_TYPE,Flags,TimeControllerFlags
BSProceduralLightningController,Flags,FIELD_WIDTH_IF_FIXED,var(unknown-type),2
BSProceduralLightningController,Float 2,PRESENCE,present,ABSENT
BSProceduralLightningController,Float 5,PRESENCE,present,ABSENT
BSProceduralLightningController,Fork,PRESENCE,present,ABSENT
BSProceduralLightningController,Interpolator,PRESENCE,present,ABSENT
BSProceduralLightningController,Interpolator 10?,PRESENCE,present,ABSENT
BSProceduralLightningController,Interpolator 1: Generation,PRESENCE,ABSENT,present
BSProceduralLightningController,Interpolator 3,PRESENCE,present,ABSENT
BSProceduralLightningController,Interpolator 3: Subdivision,PRESENCE,ABSENT,present
BSProceduralLightningController,Interpolator 4,PRESENCE,present,ABSENT
BSProceduralLightningController,Interpolator 4: Num Branches,PRESENCE,ABSENT,present
BSProceduralLightningController,Interpolator 5,PRESENCE,present,ABSENT
BSProceduralLightningController,Interpolator 5: Num Branches Var,PRESENCE,ABSENT,present
BSProceduralLightningController,Interpolator 6,PRESENCE,present,ABSENT
BSProceduralLightningController,Interpolator 6: Length,PRESENCE,ABSENT,present
BSProceduralLightningController,Interpolator 7,PRESENCE,present,ABSENT
BSProceduralLightningController,Interpolator 7: Length Var,PRESENCE,ABSENT,present
BSProceduralLightningController,Interpolator 8,PRESENCE,present,ABSENT
BSProceduralLightningController,Interpolator 8: Width,PRESENCE,ABSENT,present
BSProceduralLightningController,Length,PRESENCE,ABSENT,present
BSProceduralLightningController,Length Variation,PRESENCE,ABSENT,present
BSProceduralLightningController,Num Branches,PRESENCE,ABSENT,present
BSProceduralLightningController,Num Branches Variation,PRESENCE,ABSENT,present
BSProceduralLightningController,Shader Property,PRESENCE,ABSENT,present
BSProceduralLightningController,Strip Width,PRESENCE,present,ABSENT
BSProceduralLightningController,Subdivisions,PRESENCE,ABSENT,present
BSProceduralLightningController,Unknown Short 1,PRESENCE,present,ABSENT
BSProceduralLightningController,Unknown Short 2,PRESENCE,present,ABSENT
BSProceduralLightningController,Unknown Short 3,PRESENCE,present,ABSENT
BSProceduralLightningController,Width,PRESENCE,ABSENT,present
BSRangeNode,Bounding Volume,PRESENCE,ABSENT,present
BSRangeNode,Children,PRESENCE,ABSENT,present
BSRangeNode,Collision Object,PRESENCE,ABSENT,present
BSRangeNode,Controller,PRESENCE,ABSENT,present
BSRangeNode,Current,PRESENCE,ABSENT,present
BSRangeNode,Effects,PRESENCE,ABSENT,present
BSRangeNode,Extra Data,PRESENCE,ABSENT,present
BSRangeNode,Extra Data List,PRESENCE,ABSENT,present
BSRangeNode,Flags,FIELD_TYPE,ushort,uint
BSRangeNode,Flags,FIELD_WIDTH_IF_FIXED,2,4
BSRangeNode,Has Bounding Volume,PRESENCE,ABSENT,present
BSRangeNode,Legacy Extra Data,PRESENCE,ABSENT,present
BSRangeNode,Max,PRESENCE,ABSENT,present
BSRangeNode,Min,PRESENCE,ABSENT,present
BSRangeNode,Name,PRESENCE,ABSENT,present
BSRangeNode,Num Children,PRESENCE,ABSENT,present
BSRangeNode,Num Effects,PRESENCE,ABSENT,present
BSRangeNode,Num Extra Data List,PRESENCE,ABSENT,present
BSRangeNode,Num Properties,PRESENCE,ABSENT,present
BSRangeNode,Properties,PRESENCE,ABSENT,present
BSRangeNode,Rotation,PRESENCE,ABSENT,present
BSRangeNode,Scale,PRESENCE,ABSENT,present
BSRangeNode,Shader Type,PRESENCE,ABSENT,present
BSRangeNode,Translation,PRESENCE,ABSENT,present
BSRangeNode,Unknown 1,PRESENCE,ABSENT,present
BSRangeNode,Unknown 2,PRESENCE,ABSENT,present
BSRangeNode,Velocity,PRESENCE,ABSENT,present
BSRefractionFirePeriodController,Flags,FIELD_TYPE,Flags,TimeControllerFlags
BSRefractionFirePeriodController,Flags,FIELD_WIDTH_IF_FIXED,var(unknown-type),2
BSRefractionFirePeriodController,Interpolator,APPLIES_TO_10_1_0_0,False,True
BSRefractionStrengthController,Flags,FIELD_TYPE,Flags,TimeControllerFlags
BSRefractionStrengthController,Flags,FIELD_WIDTH_IF_FIXED,var(unknown-type),2
BSRefractionStrengthController,Manager Controlled,PRESENCE,ABSENT,present
BSRotAccumTransfInterpolator,Rotation,PRESENCE,present,ABSENT
BSRotAccumTransfInterpolator,Scale,PRESENCE,present,ABSENT
BSRotAccumTransfInterpolator,Transform,PRESENCE,ABSENT,present
BSRotAccumTransfInterpolator,Translation,PRESENCE,present,ABSENT
BSRotAccumTransfInterpolator,Unknown Bytes,PRESENCE,present,ABSENT
BSSegmentedTriShape,Active Material,PRESENCE,present,ABSENT
BSSegmentedTriShape,Alpha Property,PRESENCE,ABSENT,present
BSSegmentedTriShape,BS Properties,PRESENCE,present,ABSENT
BSSegmentedTriShape,Bound Min Max,PRESENCE,ABSENT,present
BSSegmentedTriShape,Bounding Box,PRESENCE,present,ABSENT
BSSegmentedTriShape,Bounding Sphere,PRESENCE,ABSENT,present
BSSegmentedTriShape,Bounding Volume,PRESENCE,ABSENT,present
BSSegmentedTriShape,Dirty Flag,PRESENCE,present,ABSENT
BSSegmentedTriShape,Has Bounding Box,PRESENCE,present,ABSENT
BSSegmentedTriShape,Has Bounding Volume,PRESENCE,ABSENT,present
BSSegmentedTriShape,Has Old Extra Data,PRESENCE,present,ABSENT
BSSegmentedTriShape,Has Shader,PRESENCE,present,ABSENT
BSSegmentedTriShape,Legacy Extra Data,PRESENCE,ABSENT,present
BSSegmentedTriShape,Material Data,APPLIES_TO_10_1_0_0,False,UNRESOLVED
BSSegmentedTriShape,Material Extra Data,PRESENCE,present,ABSENT
BSSegmentedTriShape,Material Name,PRESENCE,present,ABSENT
BSSegmentedTriShape,Num Materials,PRESENCE,present,ABSENT
BSSegmentedTriShape,Num Properties,APPLIES_TO_10_1_0_0,True,UNRESOLVED
BSSegmentedTriShape,Num Segments,FIELD_TYPE,int,uint
BSSegmentedTriShape,Old Extra Internal Id,PRESENCE,present,ABSENT
BSSegmentedTriShape,Old Extra Prop Name,PRESENCE,present,ABSENT
BSSegmentedTriShape,Old Extra String,PRESENCE,present,ABSENT
BSSegmentedTriShape,Properties,APPLIES_TO_10_1_0_0,True,UNRESOLVED
BSSegmentedTriShape,Rotation,FIELD_WIDTH_IF_FIXED,36,var(unknown-type)
BSSegmentedTriShape,Segment,FIELD_TYPE,BSSegment,BSGeometrySegmentData
BSSegmentedTriShape,Segment,FIELD_WIDTH_IF_FIXED,9,var(unknown-type)
BSSegmentedTriShape,Shader Name,PRESENCE,present,ABSENT
BSSegmentedTriShape,Shader Property,PRESENCE,ABSENT,present
BSSegmentedTriShape,Shader Type,PRESENCE,ABSENT,present
BSSegmentedTriShape,Skin,PRESENCE,ABSENT,present
BSSegmentedTriShape,Skyrim Shader Type,PRESENCE,present,ABSENT
BSSegmentedTriShape,Translation,FIELD_WIDTH_IF_FIXED,12,var(unknown-type)
BSSegmentedTriShape,Unknown Byte,INHERITED_FROM,NiObjectNET,NiGeometry
BSSegmentedTriShape,Unknown Integer,PRESENCE,present,ABSENT
BSSegmentedTriShape,Unknown Integer 2,PRESENCE,present,ABSENT
BSSegmentedTriShape,Unknown Short 1,PRESENCE,present,ABSENT
BSSegmentedTriShape,Velocity,FIELD_WIDTH_IF_FIXED,12,var(unknown-type)
BSShaderLightingProperty,Environment Map Scale,APPLIES_TO_10_1_0_0,False,UNRESOLVED
BSShaderLightingProperty,Flags,PRESENCE,ABSENT,present
BSShaderLightingProperty,Has Old Extra Data,PRESENCE,present,ABSENT
BSShaderLightingProperty,Legacy Extra Data,PRESENCE,ABSENT,present
BSShaderLightingProperty,Old Extra Internal Id,PRESENCE,present,ABSENT
BSShaderLightingProperty,Old Extra Prop Name,PRESENCE,present,ABSENT
BSShaderLightingProperty,Old Extra String,PRESENCE,present,ABSENT
BSShaderLightingProperty,Shader Flags,APPLIES_TO_10_1_0_0,True,UNRESOLVED
BSShaderLightingProperty,Shader Flags 2,APPLIES_TO_10_1_0_0,True,UNRESOLVED
BSShaderLightingProperty,Skyrim Shader Type,PRESENCE,present,ABSENT
BSShaderLightingProperty,Smooth,PRESENCE,present,ABSENT
BSShaderLightingProperty,Texture Clamp Mode,APPLIES_TO_10_1_0_0,True,UNRESOLVED
BSShaderLightingProperty,Unknown Byte,PRESENCE,present,ABSENT
BSShaderNoLightingProperty,Environment Map Scale,APPLIES_TO_10_1_0_0,False,UNRESOLVED
BSShaderNoLightingProperty,Falloff Start Angle,APPLIES_TO_10_1_0_0,False,UNRESOLVED
BSShaderNoLightingProperty,Falloff Start Opacity,APPLIES_TO_10_1_0_0,False,UNRESOLVED
BSShaderNoLightingProperty,Falloff Stop Angle,APPLIES_TO_10_1_0_0,False,UNRESOLVED
BSShaderNoLightingProperty,Falloff Stop Opacity,APPLIES_TO_10_1_0_0,False,UNRESOLVED
BSShaderNoLightingProperty,Flags,PRESENCE,ABSENT,present
BSShaderNoLightingProperty,Has Old Extra Data,PRESENCE,present,ABSENT
BSShaderNoLightingProperty,Legacy Extra Data,PRESENCE,ABSENT,present
BSShaderNoLightingProperty,Old Extra Internal Id,PRESENCE,present,ABSENT
BSShaderNoLightingProperty,Old Extra Prop Name,PRESENCE,present,ABSENT
BSShaderNoLightingProperty,Old Extra String,PRESENCE,present,ABSENT
BSShaderNoLightingProperty,Shader Flags,APPLIES_TO_10_1_0_0,True,UNRESOLVED
BSShaderNoLightingProperty,Shader Flags 2,APPLIES_TO_10_1_0_0,True,UNRESOLVED
BSShaderNoLightingProperty,Skyrim Shader Type,PRESENCE,present,ABSENT
BSShaderNoLightingProperty,Smooth,PRESENCE,present,ABSENT
BSShaderNoLightingProperty,Texture Clamp Mode,APPLIES_TO_10_1_0_0,True,UNRESOLVED
BSShaderNoLightingProperty,Unknown Byte,PRESENCE,present,ABSENT
BSShaderPPLightingProperty,Emissive Color,APPLIES_TO_10_1_0_0,False,UNRESOLVED
BSShaderPPLightingProperty,Emissive Color,FIELD_WIDTH_IF_FIXED,16,var(unknown-type)
BSShaderPPLightingProperty,Environment Map Scale,APPLIES_TO_10_1_0_0,False,UNRESOLVED
BSShaderPPLightingProperty,Flags,PRESENCE,ABSENT,present
BSShaderPPLightingProperty,Has Old Extra Data,PRESENCE,present,ABSENT
BSShaderPPLightingProperty,Legacy Extra Data,PRESENCE,ABSENT,present
BSShaderPPLightingProperty,Old Extra Internal Id,PRESENCE,present,ABSENT
BSShaderPPLightingProperty,Old Extra Prop Name,PRESENCE,present,ABSENT
BSShaderPPLightingProperty,Old Extra String,PRESENCE,present,ABSENT
BSShaderPPLightingProperty,Parallax Max Passes,PRESENCE,ABSENT,present
BSShaderPPLightingProperty,Parallax Scale,PRESENCE,ABSENT,present
BSShaderPPLightingProperty,Refraction Fire Period,APPLIES_TO_10_1_0_0,False,UNRESOLVED
BSShaderPPLightingProperty,Refraction Strength,APPLIES_TO_10_1_0_0,False,UNRESOLVED
BSShaderPPLightingProperty,Shader Flags,APPLIES_TO_10_1_0_0,True,UNRESOLVED
BSShaderPPLightingProperty,Shader Flags 2,APPLIES_TO_10_1_0_0,True,UNRESOLVED
BSShaderPPLightingProperty,Skyrim Shader Type,PRESENCE,present,ABSENT
BSShaderPPLightingProperty,Smooth,PRESENCE,present,ABSENT
BSShaderPPLightingProperty,Texture Clamp Mode,APPLIES_TO_10_1_0_0,True,UNRESOLVED
BSShaderPPLightingProperty,Unknown Byte,PRESENCE,present,ABSENT
BSShaderPPLightingProperty,Unknown Float 4,PRESENCE,present,ABSENT
BSShaderPPLightingProperty,Unknown Float 5,PRESENCE,present,ABSENT
BSShaderProperty,Environment Map Scale,APPLIES_TO_10_1_0_0,False,UNRESOLVED
BSShaderProperty,Flags,PRESENCE,ABSENT,present
BSShaderProperty,Has Old Extra Data,PRESENCE,present,ABSENT
BSShaderProperty,Legacy Extra Data,PRESENCE,ABSENT,present
BSShaderProperty,Old Extra Internal Id,PRESENCE,present,ABSENT
BSShaderProperty,Old Extra Prop Name,PRESENCE,present,ABSENT
BSShaderProperty,Old Extra String,PRESENCE,present,ABSENT
BSShaderProperty,Shader Flags,APPLIES_TO_10_1_0_0,True,UNRESOLVED
BSShaderProperty,Shader Flags 2,APPLIES_TO_10_1_0_0,True,UNRESOLVED
BSShaderProperty,Skyrim Shader Type,PRESENCE,present,ABSENT
BSShaderProperty,Smooth,PRESENCE,present,ABSENT
BSShaderProperty,Unknown Byte,PRESENCE,present,ABSENT
BSShaderTextureSet,Num Textures,FIELD_TYPE,int,uint
BSSkin::BoneData,Bone List,PRESENCE,ABSENT,present
BSSkin::BoneData,Num Bones,PRESENCE,ABSENT,present
BSSkin::Instance,Bones,PRESENCE,ABSENT,present
BSSkin::Instance,Data,PRESENCE,ABSENT,present
BSSkin::Instance,Num Bones,PRESENCE,ABSENT,present
BSSkin::Instance,Num Scales,PRESENCE,ABSENT,present
BSSkin::Instance,Scales,PRESENCE,ABSENT,present
BSSkin::Instance,Skeleton Root,PRESENCE,ABSENT,present
BSSkyShaderProperty,Environment Map Scale,PRESENCE,ABSENT,present
BSSkyShaderProperty,Flags,PRESENCE,ABSENT,present
BSSkyShaderProperty,Has Old Extra Data,PRESENCE,present,ABSENT
BSSkyShaderProperty,Legacy Extra Data,PRESENCE,ABSENT,present
BSSkyShaderProperty,Num SF1,PRESENCE,ABSENT,present
BSSkyShaderProperty,Num SF2,PRESENCE,ABSENT,present
BSSkyShaderProperty,Old Extra Internal Id,PRESENCE,present,ABSENT
BSSkyShaderProperty,Old Extra Prop Name,PRESENCE,present,ABSENT
BSSkyShaderProperty,Old Extra String,PRESENCE,present,ABSENT
BSSkyShaderProperty,SF1,PRESENCE,ABSENT,present
BSSkyShaderProperty,SF2,PRESENCE,ABSENT,present
BSSkyShaderProperty,Shader Flags,PRESENCE,ABSENT,present
BSSkyShaderProperty,Shader Flags 1,APPLIES_TO_10_1_0_0,True,UNRESOLVED
BSSkyShaderProperty,Shader Type,APPLIES_TO_10_1_0_0,UNRESOLVED,False
BSSkyShaderProperty,Shader Type,FIELD_TYPE,BSShaderType,BSLightingShaderType
BSSkyShaderProperty,Shader Type,INHERITED_FROM,BSShaderProperty,NiObjectNET
BSSkyShaderProperty,Skyrim Shader Type,PRESENCE,present,ABSENT
BSSkyShaderProperty,UV Offset,FIELD_WIDTH_IF_FIXED,8,var(unknown-type)
BSSkyShaderProperty,UV Scale,FIELD_WIDTH_IF_FIXED,8,var(unknown-type)
BSSkyShaderProperty,Unknown Byte,PRESENCE,present,ABSENT
BSStripPSysData,Added Particles Base,PRESENCE,ABSENT,present
BSStripPSysData,Aspect Flags,PRESENCE,ABSENT,present
BSStripPSysData,Aspect Ratio,INHERITED_FROM,NiPSysData,NiParticlesData
BSStripPSysData,BS Data Flags,PRESENCE,ABSENT,present
BSStripPSysData,Bitangents,FIELD_WIDTH_IF_FIXED,12,var(unknown-type)
BSStripPSysData,Bounding Sphere,PRESENCE,ABSENT,present
BSStripPSysData,Center,PRESENCE,present,ABSENT
BSStripPSysData,DIV2 Floats,PRESENCE,ABSENT,present
BSStripPSysData,Data Flags,APPLIES_TO_10_1_0_0,False,UNRESOLVED
BSStripPSysData,Do Z Prepass,PRESENCE,ABSENT,present
BSStripPSysData,End Cap Size,PRESENCE,ABSENT,present
BSStripPSysData,Extra Vectors Flags,PRESENCE,present,ABSENT
BSStripPSysData,Group ID,PRESENCE,ABSENT,present
BSStripPSysData,Has DIV2 Floats,PRESENCE,ABSENT,present
BSStripPSysData,Has Rotation Speeds,PRESENCE,ABSENT,present
BSStripPSysData,Has Rotations 2,PRESENCE,present,ABSENT
BSStripPSysData,Has Subtexture Offset UVs,PRESENCE,present,ABSENT
BSStripPSysData,Has Texture Indices,PRESENCE,ABSENT,present
BSStripPSysData,Has UV Quadrants,PRESENCE,present,ABSENT
BSStripPSysData,Has Unknown Floats 3,PRESENCE,present,ABSENT
BSStripPSysData,Material CRC,PRESENCE,ABSENT,present
BSStripPSysData,Max Point Count,PRESENCE,ABSENT,present
BSStripPSysData,Normals,FIELD_WIDTH_IF_FIXED,12,var(unknown-type)
BSStripPSysData,Num Added Particles,PRESENCE,ABSENT,present
BSStripPSysData,Num Subtexture Offset UVs,PRESENCE,present,ABSENT
BSStripPSysData,Num Subtexture Offsets,FIELD_TYPE,byte,uint
BSStripPSysData,Num Subtexture Offsets,FIELD_WIDTH_IF_FIXED,1,4
BSStripPSysData,Num UV Quadrants,PRESENCE,present,ABSENT
BSStripPSysData,Num UV Sets,APPLIES_TO_10_1_0_0,True,False
BSStripPSysData,Num UV Sets,FIELD_TYPE,byte,ushort
BSStripPSysData,Num UV Sets,FIELD_WIDTH_IF_FIXED,1,2
BSStripPSysData,Particle Descriptions,PRESENCE,present,ABSENT
BSStripPSysData,Particle Info,PRESENCE,ABSENT,present
BSStripPSysData,Radii,APPLIES_TO_10_1_0_0,True,UNRESOLVED
BSStripPSysData,Radius,PRESENCE,present,ABSENT
BSStripPSysData,Rotation Angles,APPLIES_TO_10_1_0_0,True,UNRESOLVED
BSStripPSysData,Rotation Axes,FIELD_WIDTH_IF_FIXED,12,var(unknown-type)
BSStripPSysData,Rotation Speeds,PRESENCE,ABSENT,present
BSStripPSysData,Rotations,APPLIES_TO_10_1_0_0,True,UNRESOLVED
BSStripPSysData,Rotations,FIELD_WIDTH_IF_FIXED,16,var(unknown-type)
BSStripPSysData,Rotations 2,PRESENCE,present,ABSENT
BSStripPSysData,Sizes,APPLIES_TO_10_1_0_0,True,UNRESOLVED
BSStripPSysData,Speed to Aspect Aspect 2,PRESENCE,ABSENT,present
BSStripPSysData,Speed to Aspect Speed 1,PRESENCE,ABSENT,present
BSStripPSysData,Speed to Aspect Speed 2,PRESENCE,ABSENT,present
BSStripPSysData,Start Cap Size,PRESENCE,ABSENT,present
BSStripPSysData,Subtexture Offset UVs,PRESENCE,present,ABSENT
BSStripPSysData,Subtexture Offsets,PRESENCE,ABSENT,present
BSStripPSysData,Tangents,FIELD_WIDTH_IF_FIXED,12,var(unknown-type)
BSStripPSysData,UV Quadrants,PRESENCE,present,ABSENT
BSStripPSysData,UV Sets,FIELD_WIDTH_IF_FIXED,8,var(unknown-type)
BSStripPSysData,UV Sets,ARRAY_RELATION,array per (Num UV Sets & 63),array per ((Data Flags #BITAND# 63) #BITOR# (BS Data Flags #BITAND# 1))
BSStripPSysData,Unknown 13 shorts,PRESENCE,present,ABSENT
BSStripPSysData,Unknown Byte 1,PRESENCE,present,ABSENT
BSStripPSysData,Unknown Byte 2,PRESENCE,present,ABSENT
BSStripPSysData,Unknown Byte 4,PRESENCE,present,ABSENT
BSStripPSysData,Unknown Byte 6,PRESENCE,present,ABSENT
BSStripPSysData,Unknown Float 8,PRESENCE,present,ABSENT
BSStripPSysData,Unknown Floats 3,PRESENCE,present,ABSENT
BSStripPSysData,Unknown Int,PRESENCE,present,ABSENT
BSStripPSysData,Unknown Int 2,PRESENCE,present,ABSENT
BSStripPSysData,Unknown Int 4,PRESENCE,present,ABSENT
BSStripPSysData,Unknown Int 5,PRESENCE,present,ABSENT
BSStripPSysData,Unknown Int 6,PRESENCE,present,ABSENT
BSStripPSysData,Unknown Int 7,PRESENCE,present,ABSENT
BSStripPSysData,Unknown Link,PRESENCE,present,ABSENT
BSStripPSysData,Unknown QQSpeed Byte 1,PRESENCE,ABSENT,present
BSStripPSysData,Unknown QQSpeed Byte 2,PRESENCE,ABSENT,present
BSStripPSysData,Unknown Short 1,PRESENCE,present,ABSENT
BSStripPSysData,Unknown Short 2,PRESENCE,present,ABSENT
BSStripPSysData,Unknown Short 3,PRESENCE,present,ABSENT
BSStripPSysData,Unknown Short 5,PRESENCE,present,ABSENT
BSStripPSysData,Unknown Vector,PRESENCE,ABSENT,present
BSStripPSysData,Vertex Colors,FIELD_WIDTH_IF_FIXED,16,var(unknown-type)
BSStripPSysData,Vertices,FIELD_WIDTH_IF_FIXED,12,var(unknown-type)
BSStripParticleSystem,Active Material,PRESENCE,present,ABSENT
BSStripParticleSystem,Alpha Property,PRESENCE,ABSENT,present
BSStripParticleSystem,BS Properties,PRESENCE,present,ABSENT
BSStripParticleSystem,Bound Min Max,PRESENCE,ABSENT,present
BSStripParticleSystem,Bounding Box,PRESENCE,present,ABSENT
BSStripParticleSystem,Bounding Sphere,PRESENCE,ABSENT,present
BSStripParticleSystem,Bounding Volume,PRESENCE,ABSENT,present
BSStripParticleSystem,Dirty Flag,PRESENCE,present,ABSENT
BSStripParticleSystem,Far Begin,PRESENCE,ABSENT,present
BSStripParticleSystem,Far End,PRESENCE,ABSENT,present
BSStripParticleSystem,Has Bounding Box,PRESENCE,present,ABSENT
BSStripParticleSystem,Has Bounding Volume,PRESENCE,ABSENT,present
BSStripParticleSystem,Has Old Extra Data,PRESENCE,present,ABSENT
BSStripParticleSystem,Has Shader,PRESENCE,present,ABSENT
BSStripParticleSystem,Legacy Extra Data,PRESENCE,ABSENT,present
BSStripParticleSystem,Material Data,APPLIES_TO_10_1_0_0,False,UNRESOLVED
BSStripParticleSystem,Material Extra Data,PRESENCE,present,ABSENT
BSStripParticleSystem,Material Name,PRESENCE,present,ABSENT
BSStripParticleSystem,Near Begin,PRESENCE,ABSENT,present
BSStripParticleSystem,Near End,PRESENCE,ABSENT,present
BSStripParticleSystem,Num Materials,PRESENCE,present,ABSENT
BSStripParticleSystem,Num Properties,APPLIES_TO_10_1_0_0,True,UNRESOLVED
BSStripParticleSystem,Old Extra Internal Id,PRESENCE,present,ABSENT
BSStripParticleSystem,Old Extra Prop Name,PRESENCE,present,ABSENT
BSStripParticleSystem,Old Extra String,PRESENCE,present,ABSENT
BSStripParticleSystem,Properties,APPLIES_TO_10_1_0_0,True,UNRESOLVED
BSStripParticleSystem,Rotation,FIELD_WIDTH_IF_FIXED,36,var(unknown-type)
BSStripParticleSystem,Shader Name,PRESENCE,present,ABSENT
BSStripParticleSystem,Shader Property,PRESENCE,ABSENT,present
BSStripParticleSystem,Shader Type,PRESENCE,ABSENT,present
BSStripParticleSystem,Skin,PRESENCE,ABSENT,present
BSStripParticleSystem,Skyrim Shader Type,PRESENCE,present,ABSENT
BSStripParticleSystem,Translation,FIELD_WIDTH_IF_FIXED,12,var(unknown-type)
BSStripParticleSystem,Unknown Byte,INHERITED_FROM,NiObjectNET,NiGeometry
BSStripParticleSystem,Unknown Int 1,PRESENCE,present,ABSENT
BSStripParticleSystem,Unknown Integer,PRESENCE,present,ABSENT
BSStripParticleSystem,Unknown Integer 2,PRESENCE,present,ABSENT
BSStripParticleSystem,Unknown Short 1,PRESENCE,present,ABSENT
BSStripParticleSystem,Unknown Short 2,PRESENCE,present,ABSENT
BSStripParticleSystem,Unknown Short 3,PRESENCE,present,ABSENT
BSStripParticleSystem,Velocity,FIELD_WIDTH_IF_FIXED,12,var(unknown-type)
BSStripParticleSystem,Vertex Desc,PRESENCE,ABSENT,present
BSSubIndexTriShape,Alpha Property,PRESENCE,ABSENT,present
BSSubIndexTriShape,Bound Min Max,PRESENCE,ABSENT,present
BSSubIndexTriShape,Bounding Sphere,PRESENCE,ABSENT,present
BSSubIndexTriShape,Bounding Volume,PRESENCE,ABSENT,present
BSSubIndexTriShape,Collision Object,PRESENCE,ABSENT,present
BSSubIndexTriShape,Controller,PRESENCE,ABSENT,present
BSSubIndexTriShape,Data Size,PRESENCE,ABSENT,present
BSSubIndexTriShape,Extra Data,PRESENCE,ABSENT,present
BSSubIndexTriShape,Extra Data List,PRESENCE,ABSENT,present
BSSubIndexTriShape,Flags,FIELD_TYPE,ushort,uint
BSSubIndexTriShape,Flags,FIELD_WIDTH_IF_FIXED,2,4
BSSubIndexTriShape,Has Bounding Volume,PRESENCE,ABSENT,present
BSSubIndexTriShape,Legacy Extra Data,PRESENCE,ABSENT,present
BSSubIndexTriShape,Name,PRESENCE,ABSENT,present
BSSubIndexTriShape,Num Extra Data List,PRESENCE,ABSENT,present
BSSubIndexTriShape,Num Primitives,PRESENCE,ABSENT,present
BSSubIndexTriShape,Num Properties,PRESENCE,ABSENT,present
BSSubIndexTriShape,Num Triangles,FIELD_TYPE,ushort,uint
BSSubIndexTriShape,Num Triangles,FIELD_WIDTH_IF_FIXED,2,4
BSSubIndexTriShape,Num Vertices,PRESENCE,ABSENT,present
BSSubIndexTriShape,Particle Data Size,PRESENCE,ABSENT,present
BSSubIndexTriShape,Particle Normals,PRESENCE,ABSENT,present
BSSubIndexTriShape,Particle Triangles,PRESENCE,ABSENT,present
BSSubIndexTriShape,Particle Vertices,PRESENCE,ABSENT,present
BSSubIndexTriShape,Properties,PRESENCE,ABSENT,present
BSSubIndexTriShape,Rotation,PRESENCE,ABSENT,present
BSSubIndexTriShape,Scale,PRESENCE,ABSENT,present
BSSubIndexTriShape,Segment Data,PRESENCE,ABSENT,present
BSSubIndexTriShape,Shader Property,PRESENCE,ABSENT,present
BSSubIndexTriShape,Shader Type,PRESENCE,ABSENT,present
BSSubIndexTriShape,Skin,PRESENCE,ABSENT,present
BSSubIndexTriShape,Total Segments,PRESENCE,ABSENT,present
BSSubIndexTriShape,Translation,PRESENCE,ABSENT,present
BSSubIndexTriShape,Triangles,PRESENCE,ABSENT,present
BSSubIndexTriShape,Unknown 1,PRESENCE,ABSENT,present
BSSubIndexTriShape,Unknown 2,PRESENCE,ABSENT,present
BSSubIndexTriShape,Velocity,PRESENCE,ABSENT,present
BSSubIndexTriShape,Vertex Data,FIELD_TYPE,BSVertexDataSSE,BSVertexData
BSSubIndexTriShape,Vertex Desc,PRESENCE,ABSENT,present
BSTreadTransfInterpolator,Num Tread Transforms,FIELD_TYPE,int,uint
BSTreadTransfInterpolator,Tread Transforms,FIELD_WIDTH_IF_FIXED,var(BSTreadTransform contains var),var(unknown-type)
BSTreeNode,Bounding Box,PRESENCE,present,ABSENT
BSTreeNode,Bounding Volume,PRESENCE,ABSENT,present
BSTreeNode,Effects,APPLIES_TO_10_1_0_0,True,UNRESOLVED
BSTreeNode,Has Bounding Box,PRESENCE,present,ABSENT
BSTreeNode,Has Bounding Volume,PRESENCE,ABSENT,present
BSTreeNode,Has Old Extra Data,PRESENCE,present,ABSENT
BSTreeNode,Legacy Extra Data,PRESENCE,ABSENT,present
BSTreeNode,Num Effects,APPLIES_TO_10_1_0_0,True,UNRESOLVED
BSTreeNode,Num Properties,APPLIES_TO_10_1_0_0,True,UNRESOLVED
BSTreeNode,Old Extra Internal Id,PRESENCE,present,ABSENT
BSTreeNode,Old Extra Prop Name,PRESENCE,present,ABSENT
BSTreeNode,Old Extra String,PRESENCE,present,ABSENT
BSTreeNode,Properties,APPLIES_TO_10_1_0_0,True,UNRESOLVED
BSTreeNode,Rotation,FIELD_WIDTH_IF_FIXED,36,var(unknown-type)
BSTreeNode,Shader Type,PRESENCE,ABSENT,present
BSTreeNode,Skyrim Shader Type,PRESENCE,present,ABSENT
BSTreeNode,Translation,FIELD_WIDTH_IF_FIXED,12,var(unknown-type)
BSTreeNode,Unknown Byte,PRESENCE,present,ABSENT
BSTreeNode,Unknown Short 1,PRESENCE,present,ABSENT
BSTreeNode,Velocity,FIELD_WIDTH_IF_FIXED,12,var(unknown-type)
BSTriShape,Alpha Property,PRESENCE,ABSENT,present
BSTriShape,Bound Min Max,PRESENCE,ABSENT,present
BSTriShape,Bounding Sphere,PRESENCE,ABSENT,present
BSTriShape,Bounding Volume,PRESENCE,ABSENT,present
BSTriShape,Collision Object,PRESENCE,ABSENT,present
BSTriShape,Controller,PRESENCE,ABSENT,present
BSTriShape,Data Size,PRESENCE,ABSENT,present
BSTriShape,Extra Data,PRESENCE,ABSENT,present
BSTriShape,Extra Data List,PRESENCE,ABSENT,present
BSTriShape,Flags,FIELD_TYPE,ushort,uint
BSTriShape,Flags,FIELD_WIDTH_IF_FIXED,2,4
BSTriShape,Has Bounding Volume,PRESENCE,ABSENT,present
BSTriShape,Legacy Extra Data,PRESENCE,ABSENT,present
BSTriShape,Name,PRESENCE,ABSENT,present
BSTriShape,Num Extra Data List,PRESENCE,ABSENT,present
BSTriShape,Num Properties,PRESENCE,ABSENT,present
BSTriShape,Num Triangles,FIELD_TYPE,ushort,uint
BSTriShape,Num Triangles,FIELD_WIDTH_IF_FIXED,2,4
BSTriShape,Num Vertices,PRESENCE,ABSENT,present
BSTriShape,Particle Data Size,PRESENCE,ABSENT,present
BSTriShape,Particle Normals,PRESENCE,ABSENT,present
BSTriShape,Particle Triangles,PRESENCE,ABSENT,present
BSTriShape,Particle Vertices,PRESENCE,ABSENT,present
BSTriShape,Properties,PRESENCE,ABSENT,present
BSTriShape,Rotation,PRESENCE,ABSENT,present
BSTriShape,Scale,PRESENCE,ABSENT,present
BSTriShape,Shader Property,PRESENCE,ABSENT,present
BSTriShape,Shader Type,PRESENCE,ABSENT,present
BSTriShape,Skin,PRESENCE,ABSENT,present
BSTriShape,Translation,PRESENCE,ABSENT,present
BSTriShape,Triangles,PRESENCE,ABSENT,present
BSTriShape,Unknown 1,PRESENCE,ABSENT,present
BSTriShape,Unknown 2,PRESENCE,ABSENT,present
BSTriShape,Velocity,PRESENCE,ABSENT,present
BSTriShape,Vertex Data,FIELD_TYPE,BSVertexDataSSE,BSVertexData
BSTriShape,Vertex Desc,PRESENCE,ABSENT,present
BSValueNode,Bounding Box,PRESENCE,present,ABSENT
BSValueNode,Bounding Volume,PRESENCE,ABSENT,present
BSValueNode,Effects,APPLIES_TO_10_1_0_0,True,UNRESOLVED
BSValueNode,Has Bounding Box,PRESENCE,present,ABSENT
BSValueNode,Has Bounding Volume,PRESENCE,ABSENT,present
BSValueNode,Has Old Extra Data,PRESENCE,present,ABSENT
BSValueNode,Legacy Extra Data,PRESENCE,ABSENT,present
BSValueNode,Num Effects,APPLIES_TO_10_1_0_0,True,UNRESOLVED
BSValueNode,Num Properties,APPLIES_TO_10_1_0_0,True,UNRESOLVED
BSValueNode,Old Extra Internal Id,PRESENCE,present,ABSENT
BSValueNode,Old Extra Prop Name,PRESENCE,present,ABSENT
BSValueNode,Old Extra String,PRESENCE,present,ABSENT
BSValueNode,Properties,APPLIES_TO_10_1_0_0,True,UNRESOLVED
BSValueNode,Rotation,FIELD_WIDTH_IF_FIXED,36,var(unknown-type)
BSValueNode,Shader Type,PRESENCE,ABSENT,present
BSValueNode,Skyrim Shader Type,PRESENCE,present,ABSENT
BSValueNode,Translation,FIELD_WIDTH_IF_FIXED,12,var(unknown-type)
BSValueNode,Unknown Byte,PRESENCE,present,ABSENT
BSValueNode,Unknown Short 1,PRESENCE,present,ABSENT
BSValueNode,Unknown byte,PRESENCE,present,ABSENT
BSValueNode,Value,FIELD_TYPE,int,uint
BSValueNode,Value Node Flags,PRESENCE,ABSENT,present
BSValueNode,Velocity,FIELD_WIDTH_IF_FIXED,12,var(unknown-type)
BSWArray,Extra Data,PRESENCE,ABSENT,present
BSWArray,Num Bytes,PRESENCE,ABSENT,present
BSWArray,Num Items,FIELD_TYPE,int,uint
BSWaterShaderProperty,Environment Map Scale,PRESENCE,ABSENT,present
BSWaterShaderProperty,Flags,PRESENCE,ABSENT,present
BSWaterShaderProperty,Has Old Extra Data,PRESENCE,present,ABSENT
BSWaterShaderProperty,Legacy Extra Data,PRESENCE,ABSENT,present
BSWaterShaderProperty,Num SF1,PRESENCE,ABSENT,present
BSWaterShaderProperty,Num SF2,PRESENCE,ABSENT,present
BSWaterShaderProperty,Old Extra Internal Id,PRESENCE,present,ABSENT
BSWaterShaderProperty,Old Extra Prop Name,PRESENCE,present,ABSENT
BSWaterShaderProperty,Old Extra String,PRESENCE,present,ABSENT
BSWaterShaderProperty,SF1,PRESENCE,ABSENT,present
BSWaterShaderProperty,SF2,PRESENCE,ABSENT,present
BSWaterShaderProperty,Shader Flags,PRESENCE,ABSENT,present
BSWaterShaderProperty,Shader Flags 1,APPLIES_TO_10_1_0_0,True,UNRESOLVED
BSWaterShaderProperty,Shader Type,APPLIES_TO_10_1_0_0,UNRESOLVED,False
BSWaterShaderProperty,Shader Type,FIELD_TYPE,BSShaderType,BSLightingShaderType
BSWaterShaderProperty,Shader Type,INHERITED_FROM,BSShaderProperty,NiObjectNET
BSWaterShaderProperty,Skyrim Shader Type,PRESENCE,present,ABSENT
BSWaterShaderProperty,UV Offset,FIELD_WIDTH_IF_FIXED,8,var(unknown-type)
BSWaterShaderProperty,UV Scale,FIELD_WIDTH_IF_FIXED,8,var(unknown-type)
BSWaterShaderProperty,Unknown Byte,PRESENCE,present,ABSENT
BSWaterShaderProperty,Unknown Short 3,PRESENCE,present,ABSENT
BSWaterShaderProperty,Water Direction,PRESENCE,present,ABSENT
BSWaterShaderProperty,Water Shader Flags,FIELD_TYPE,SkyrimWaterShaderFlags,WaterShaderPropertyFlags
BSWaterShaderProperty,Water Shader Flags,FIELD_WIDTH_IF_FIXED,1,4
BSWindModifier,Order,FIELD_TYPE,uint,NiPSysModifierOrder
BSXFlags,Extra Data,PRESENCE,ABSENT,present
BSXFlags,Num Bytes,PRESENCE,ABSENT,present
CStreamableAssetData,Data,PRESENCE,ABSENT,present
CStreamableAssetData,Has Data,PRESENCE,ABSENT,present
CStreamableAssetData,Num Refs,PRESENCE,ABSENT,present
CStreamableAssetData,Refs,PRESENCE,ABSENT,present
CStreamableAssetData,Unknown Bytes,PRESENCE,present,ABSENT
CsNiNode,Bounding Volume,PRESENCE,ABSENT,present
CsNiNode,Children,PRESENCE,ABSENT,present
CsNiNode,Collision Object,PRESENCE,ABSENT,present
CsNiNode,Controller,PRESENCE,ABSENT,present
CsNiNode,Effects,PRESENCE,ABSENT,present
CsNiNode,Extra Data,PRESENCE,ABSENT,present
CsNiNode,Extra Data List,PRESENCE,ABSENT,present
CsNiNode,Flags,FIELD_TYPE,ushort,uint
CsNiNode,Flags,FIELD_WIDTH_IF_FIXED,2,4
CsNiNode,Has Bounding Volume,PRESENCE,ABSENT,present
CsNiNode,Legacy Extra Data,PRESENCE,ABSENT,present
CsNiNode,Name,PRESENCE,ABSENT,present
CsNiNode,Num Children,PRESENCE,ABSENT,present
CsNiNode,Num Effects,PRESENCE,ABSENT,present
CsNiNode,Num Extra Data List,PRESENCE,ABSENT,present
CsNiNode,Num Properties,PRESENCE,ABSENT,present
CsNiNode,Properties,PRESENCE,ABSENT,present
CsNiNode,Rotation,PRESENCE,ABSENT,present
CsNiNode,Scale,PRESENCE,ABSENT,present
CsNiNode,Shader Type,PRESENCE,ABSENT,present
CsNiNode,Translation,PRESENCE,ABSENT,present
CsNiNode,Unknown 1,PRESENCE,ABSENT,present
CsNiNode,Unknown 2,PRESENCE,ABSENT,present
CsNiNode,Velocity,PRESENCE,ABSENT,present
DistantLODShaderProperty,Environment Map Scale,APPLIES_TO_10_1_0_0,False,UNRESOLVED
DistantLODShaderProperty,Flags,PRESENCE,ABSENT,present
DistantLODShaderProperty,Has Old Extra Data,PRESENCE,present,ABSENT
DistantLODShaderProperty,Legacy Extra Data,PRESENCE,ABSENT,present
DistantLODShaderProperty,Old Extra Internal Id,PRESENCE,present,ABSENT
DistantLODShaderProperty,Old Extra Prop Name,PRESENCE,present,ABSENT
DistantLODShaderProperty,Old Extra String,PRESENCE,present,ABSENT
DistantLODShaderProperty,Shader Flags,APPLIES_TO_10_1_0_0,True,UNRESOLVED
DistantLODShaderProperty,Shader Flags 2,APPLIES_TO_10_1_0_0,True,UNRESOLVED
DistantLODShaderProperty,Skyrim Shader Type,PRESENCE,present,ABSENT
DistantLODShaderProperty,Smooth,PRESENCE,present,ABSENT
DistantLODShaderProperty,Unknown Byte,PRESENCE,present,ABSENT
FxButton,Bounding Box,PRESENCE,present,ABSENT
FxButton,Bounding Volume,PRESENCE,ABSENT,present
FxButton,Effects,APPLIES_TO_10_1_0_0,True,UNRESOLVED
FxButton,Has Bounding Box,PRESENCE,present,ABSENT
FxButton,Has Bounding Volume,PRESENCE,ABSENT,present
FxButton,Has Old Extra Data,PRESENCE,present,ABSENT
FxButton,Legacy Extra Data,PRESENCE,ABSENT,present
FxButton,Num Effects,APPLIES_TO_10_1_0_0,True,UNRESOLVED
FxButton,Num Properties,APPLIES_TO_10_1_0_0,True,UNRESOLVED
FxButton,Old Extra Internal Id,PRESENCE,present,ABSENT
FxButton,Old Extra Prop Name,PRESENCE,present,ABSENT
FxButton,Old Extra String,PRESENCE,present,ABSENT
FxButton,Properties,APPLIES_TO_10_1_0_0,True,UNRESOLVED
FxButton,Rotation,FIELD_WIDTH_IF_FIXED,36,var(unknown-type)
FxButton,Shader Type,PRESENCE,ABSENT,present
FxButton,Skyrim Shader Type,PRESENCE,present,ABSENT
FxButton,Translation,FIELD_WIDTH_IF_FIXED,12,var(unknown-type)
FxButton,Unknown Byte,PRESENCE,present,ABSENT
FxButton,Unknown Short 1,PRESENCE,present,ABSENT
FxButton,Velocity,FIELD_WIDTH_IF_FIXED,12,var(unknown-type)
FxRadioButton,Bounding Box,PRESENCE,present,ABSENT
FxRadioButton,Bounding Volume,PRESENCE,ABSENT,present
FxRadioButton,Effects,APPLIES_TO_10_1_0_0,True,UNRESOLVED
FxRadioButton,Has Bounding Box,PRESENCE,present,ABSENT
FxRadioButton,Has Bounding Volume,PRESENCE,ABSENT,present
FxRadioButton,Has Old Extra Data,PRESENCE,present,ABSENT
FxRadioButton,Legacy Extra Data,PRESENCE,ABSENT,present
FxRadioButton,Num Effects,APPLIES_TO_10_1_0_0,True,UNRESOLVED
FxRadioButton,Num Properties,APPLIES_TO_10_1_0_0,True,UNRESOLVED
FxRadioButton,Old Extra Internal Id,PRESENCE,present,ABSENT
FxRadioButton,Old Extra Prop Name,PRESENCE,present,ABSENT
FxRadioButton,Old Extra String,PRESENCE,present,ABSENT
FxRadioButton,Properties,APPLIES_TO_10_1_0_0,True,UNRESOLVED
FxRadioButton,Rotation,FIELD_WIDTH_IF_FIXED,36,var(unknown-type)
FxRadioButton,Shader Type,PRESENCE,ABSENT,present
FxRadioButton,Skyrim Shader Type,PRESENCE,present,ABSENT
FxRadioButton,Translation,FIELD_WIDTH_IF_FIXED,12,var(unknown-type)
FxRadioButton,Unknown Byte,PRESENCE,present,ABSENT
FxRadioButton,Unknown Int  2,PRESENCE,present,ABSENT
FxRadioButton,Unknown Int 2,PRESENCE,ABSENT,present
FxRadioButton,Unknown Short 1,PRESENCE,present,ABSENT
FxRadioButton,Velocity,FIELD_WIDTH_IF_FIXED,12,var(unknown-type)
FxWidget,Bounding Box,PRESENCE,present,ABSENT
FxWidget,Bounding Volume,PRESENCE,ABSENT,present
FxWidget,Effects,APPLIES_TO_10_1_0_0,True,UNRESOLVED
FxWidget,Has Bounding Box,PRESENCE,present,ABSENT
FxWidget,Has Bounding Volume,PRESENCE,ABSENT,present
FxWidget,Has Old Extra Data,PRESENCE,present,ABSENT
FxWidget,Legacy Extra Data,PRESENCE,ABSENT,present
FxWidget,Num Effects,APPLIES_TO_10_1_0_0,True,UNRESOLVED
FxWidget,Num Properties,APPLIES_TO_10_1_0_0,True,UNRESOLVED
FxWidget,Old Extra Internal Id,PRESENCE,present,ABSENT
FxWidget,Old Extra Prop Name,PRESENCE,present,ABSENT
FxWidget,Old Extra String,PRESENCE,present,ABSENT
FxWidget,Properties,APPLIES_TO_10_1_0_0,True,UNRESOLVED
FxWidget,Rotation,FIELD_WIDTH_IF_FIXED,36,var(unknown-type)
FxWidget,Shader Type,PRESENCE,ABSENT,present
FxWidget,Skyrim Shader Type,PRESENCE,present,ABSENT
FxWidget,Translation,FIELD_WIDTH_IF_FIXED,12,var(unknown-type)
FxWidget,Unknown Byte,PRESENCE,present,ABSENT
FxWidget,Unknown Short 1,PRESENCE,present,ABSENT
FxWidget,Velocity,FIELD_WIDTH_IF_FIXED,12,var(unknown-type)
HairShaderProperty,Environment Map Scale,APPLIES_TO_10_1_0_0,False,UNRESOLVED
HairShaderProperty,Flags,PRESENCE,ABSENT,present
HairShaderProperty,Has Old Extra Data,PRESENCE,present,ABSENT
HairShaderProperty,Legacy Extra Data,PRESENCE,ABSENT,present
HairShaderProperty,Old Extra Internal Id,PRESENCE,present,ABSENT
HairShaderProperty,Old Extra Prop Name,PRESENCE,present,ABSENT
HairShaderProperty,Old Extra String,PRESENCE,present,ABSENT
HairShaderProperty,Shader Flags,APPLIES_TO_10_1_0_0,True,UNRESOLVED
HairShaderProperty,Shader Flags 2,APPLIES_TO_10_1_0_0,True,UNRESOLVED
HairShaderProperty,Skyrim Shader Type,PRESENCE,present,ABSENT
HairShaderProperty,Smooth,PRESENCE,present,ABSENT
HairShaderProperty,Unknown Byte,PRESENCE,present,ABSENT
JPSJigsawNode,Bounding Volume,PRESENCE,ABSENT,present
JPSJigsawNode,Children,PRESENCE,ABSENT,present
JPSJigsawNode,Collision Object,PRESENCE,ABSENT,present
JPSJigsawNode,Controller,PRESENCE,ABSENT,present
JPSJigsawNode,Effects,PRESENCE,ABSENT,present
JPSJigsawNode,Extra Data,PRESENCE,ABSENT,present
JPSJigsawNode,Extra Data List,PRESENCE,ABSENT,present
JPSJigsawNode,Flags,FIELD_TYPE,ushort,uint
JPSJigsawNode,Flags,FIELD_WIDTH_IF_FIXED,2,4
JPSJigsawNode,Has Bounding Volume,PRESENCE,ABSENT,present
JPSJigsawNode,Legacy Extra Data,PRESENCE,ABSENT,present
JPSJigsawNode,Name,PRESENCE,ABSENT,present
JPSJigsawNode,Num Children,PRESENCE,ABSENT,present
JPSJigsawNode,Num Effects,PRESENCE,ABSENT,present
JPSJigsawNode,Num Extra Data List,PRESENCE,ABSENT,present
JPSJigsawNode,Num Properties,PRESENCE,ABSENT,present
JPSJigsawNode,Properties,PRESENCE,ABSENT,present
JPSJigsawNode,Rotation,PRESENCE,ABSENT,present
JPSJigsawNode,Scale,PRESENCE,ABSENT,present
JPSJigsawNode,Shader Type,PRESENCE,ABSENT,present
JPSJigsawNode,Translation,PRESENCE,ABSENT,present
JPSJigsawNode,Unknown 1,PRESENCE,ABSENT,present
JPSJigsawNode,Unknown 2,PRESENCE,ABSENT,present
JPSJigsawNode,Velocity,PRESENCE,ABSENT,present
Lighting30ShaderProperty,Emissive Color,APPLIES_TO_10_1_0_0,False,UNRESOLVED
Lighting30ShaderProperty,Emissive Color,FIELD_WIDTH_IF_FIXED,16,var(unknown-type)
Lighting30ShaderProperty,Environment Map Scale,APPLIES_TO_10_1_0_0,False,UNRESOLVED
Lighting30ShaderProperty,Flags,PRESENCE,ABSENT,present
Lighting30ShaderProperty,Has Old Extra Data,PRESENCE,present,ABSENT
Lighting30ShaderProperty,Legacy Extra Data,PRESENCE,ABSENT,present
Lighting30ShaderProperty,Old Extra Internal Id,PRESENCE,present,ABSENT
Lighting30ShaderProperty,Old Extra Prop Name,PRESENCE,present,ABSENT
Lighting30ShaderProperty,Old Extra String,PRESENCE,present,ABSENT
Lighting30ShaderProperty,Parallax Max Passes,PRESENCE,ABSENT,present
Lighting30ShaderProperty,Parallax Scale,PRESENCE,ABSENT,present
Lighting30ShaderProperty,Refraction Fire Period,APPLIES_TO_10_1_0_0,False,UNRESOLVED
Lighting30ShaderProperty,Refraction Strength,APPLIES_TO_10_1_0_0,False,UNRESOLVED
Lighting30ShaderProperty,Shader Flags,APPLIES_TO_10_1_0_0,True,UNRESOLVED
Lighting30ShaderProperty,Shader Flags 2,APPLIES_TO_10_1_0_0,True,UNRESOLVED
Lighting30ShaderProperty,Skyrim Shader Type,PRESENCE,present,ABSENT
Lighting30ShaderProperty,Smooth,PRESENCE,present,ABSENT
Lighting30ShaderProperty,Texture Clamp Mode,APPLIES_TO_10_1_0_0,True,UNRESOLVED
Lighting30ShaderProperty,Unknown Byte,PRESENCE,present,ABSENT
Lighting30ShaderProperty,Unknown Float 4,PRESENCE,present,ABSENT
Lighting30ShaderProperty,Unknown Float 5,PRESENCE,present,ABSENT
MdlMan::CAMDataEntry,Binary Data,PRESENCE,ABSENT,present
MdlMan::CAMDataEntry,Name,PRESENCE,ABSENT,present
MdlMan::CAMDataEntry,Unknown 18,PRESENCE,ABSENT,present
MdlMan::CAMDataEntry,Unknown 2C,PRESENCE,ABSENT,present
MdlMan::CAnimationDataEntry,Controller Seq List,PRESENCE,ABSENT,present
MdlMan::CAnimationDataEntry,Name,PRESENCE,ABSENT,present
MdlMan::CAnimationDataEntry,Num Controller Seq List,PRESENCE,ABSENT,present
MdlMan::CAnimationDataEntry,Unknown 18,PRESENCE,ABSENT,present
MdlMan::CAnimationDataEntry,Unknown 2C,PRESENCE,ABSENT,present
MdlMan::CDataEntry,Name,PRESENCE,ABSENT,present
MdlMan::CDataEntry,Unknown 18,PRESENCE,ABSENT,present
MdlMan::CDataEntry,Unknown 2C,PRESENCE,ABSENT,present
MdlMan::CMeshDataEntry,Mesh Data Reference,PRESENCE,ABSENT,present
MdlMan::CMeshDataEntry,Name,PRESENCE,ABSENT,present
MdlMan::CMeshDataEntry,Unknown 18,PRESENCE,ABSENT,present
MdlMan::CMeshDataEntry,Unknown 2C,PRESENCE,ABSENT,present
MdlMan::CMeshDataEntry,Unknown 38,PRESENCE,ABSENT,present
MdlMan::CModelTemplateDataEntry,Max Bound Extra Data,PRESENCE,ABSENT,present
MdlMan::CModelTemplateDataEntry,Name,PRESENCE,ABSENT,present
MdlMan::CModelTemplateDataEntry,Num SubEntry List,PRESENCE,ABSENT,present
MdlMan::CModelTemplateDataEntry,SubEntry List,PRESENCE,ABSENT,present
MdlMan::CModelTemplateDataEntry,Unknown 18,PRESENCE,ABSENT,present
MdlMan::CModelTemplateDataEntry,Unknown 2C,PRESENCE,ABSENT,present
MdlMan::CSkeletonDataEntry,Name,PRESENCE,ABSENT,present
MdlMan::CSkeletonDataEntry,Skeleton Data Reference,PRESENCE,ABSENT,present
MdlMan::CSkeletonDataEntry,Unknown 18,PRESENCE,ABSENT,present
MdlMan::CSkeletonDataEntry,Unknown 2C,PRESENCE,ABSENT,present
Ni3dsAlphaAnimator,Unknown 2,ARRAY_RELATION,array per Num 1,array per Num 1 #MUL# Num 2
Ni3dsAnimationNode,Name,FIELD_TYPE,string,SizedString
NiAVObject,Bounding Box,PRESENCE,present,ABSENT
NiAVObject,Bounding Volume,PRESENCE,ABSENT,present
NiAVObject,Has Bounding Box,PRESENCE,present,ABSENT
NiAVObject,Has Bounding Volume,PRESENCE,ABSENT,present
NiAVObject,Has Old Extra Data,PRESENCE,present,ABSENT
NiAVObject,Legacy Extra Data,PRESENCE,ABSENT,present
NiAVObject,Num Properties,APPLIES_TO_10_1_0_0,True,UNRESOLVED
NiAVObject,Old Extra Internal Id,PRESENCE,present,ABSENT
NiAVObject,Old Extra Prop Name,PRESENCE,present,ABSENT
NiAVObject,Old Extra String,PRESENCE,present,ABSENT
NiAVObject,Properties,APPLIES_TO_10_1_0_0,True,UNRESOLVED
NiAVObject,Rotation,FIELD_WIDTH_IF_FIXED,36,var(unknown-type)
NiAVObject,Shader Type,PRESENCE,ABSENT,present
NiAVObject,Skyrim Shader Type,PRESENCE,present,ABSENT
NiAVObject,Translation,FIELD_WIDTH_IF_FIXED,12,var(unknown-type)
NiAVObject,Unknown Byte,PRESENCE,present,ABSENT
NiAVObject,Unknown Short 1,PRESENCE,present,ABSENT
NiAVObject,Velocity,FIELD_WIDTH_IF_FIXED,12,var(unknown-type)
NiAdditionalGeometryData,Block Infos,FIELD_TYPE,AdditionalDataInfo,NiAGDDataStream
NiAdditionalGeometryData,Block Infos,FIELD_WIDTH_IF_FIXED,25,var(unknown-type)
NiAdditionalGeometryData,Blocks,FIELD_TYPE,AdditionalDataBlock,NiAGDDataBlocks
NiAdditionalGeometryData,Blocks,FIELD_WIDTH_IF_FIXED,var(AdditionalDataBlock array),var(unknown-type)
NiAdditionalGeometryData,Num Blocks,FIELD_TYPE,int,uint
NiAlphaController,Flags,FIELD_TYPE,Flags,TimeControllerFlags
NiAlphaController,Flags,FIELD_WIDTH_IF_FIXED,var(unknown-type),2
NiAlphaController,Manager Controlled,PRESENCE,ABSENT,present
NiAlphaProperty,Flags,FIELD_TYPE,Flags,AlphaFlags
NiAlphaProperty,Flags,FIELD_WIDTH_IF_FIXED,var(unknown-type),2
NiAlphaProperty,Has Old Extra Data,PRESENCE,present,ABSENT
NiAlphaProperty,Legacy Extra Data,PRESENCE,ABSENT,present
NiAlphaProperty,Old Extra Internal Id,PRESENCE,present,ABSENT
NiAlphaProperty,Old Extra Prop Name,PRESENCE,present,ABSENT
NiAlphaProperty,Old Extra String,PRESENCE,present,ABSENT
NiAlphaProperty,Shader Type,PRESENCE,ABSENT,present
NiAlphaProperty,Skyrim Shader Type,PRESENCE,present,ABSENT
NiAlphaProperty,Unknown Byte,PRESENCE,present,ABSENT
NiAmbientLight,Affected Node List Pointers,PRESENCE,present,ABSENT
NiAmbientLight,Affected Node Pointers,PRESENCE,ABSENT,present
NiAmbientLight,Ambient Color,FIELD_WIDTH_IF_FIXED,12,var(unknown-type)
NiAmbientLight,Bounding Box,PRESENCE,present,ABSENT
NiAmbientLight,Bounding Volume,PRESENCE,ABSENT,present
NiAmbientLight,Diffuse Color,FIELD_WIDTH_IF_FIXED,12,var(unknown-type)
NiAmbientLight,Has Bounding Box,PRESENCE,present,ABSENT
NiAmbientLight,Has Bounding Volume,PRESENCE,ABSENT,present
NiAmbientLight,Has Old Extra Data,PRESENCE,present,ABSENT
NiAmbientLight,Legacy Extra Data,PRESENCE,ABSENT,present
NiAmbientLight,Num Affected Node List Pointers,PRESENCE,present,ABSENT
NiAmbientLight,Num Properties,APPLIES_TO_10_1_0_0,True,UNRESOLVED
NiAmbientLight,Old Extra Internal Id,PRESENCE,present,ABSENT
NiAmbientLight,Old Extra Prop Name,PRESENCE,present,ABSENT
NiAmbientLight,Old Extra String,PRESENCE,present,ABSENT
NiAmbientLight,Properties,APPLIES_TO_10_1_0_0,True,UNRESOLVED
NiAmbientLight,Rotation,FIELD_WIDTH_IF_FIXED,36,var(unknown-type)
NiAmbientLight,Shader Type,PRESENCE,ABSENT,present
NiAmbientLight,Skyrim Shader Type,PRESENCE,present,ABSENT
NiAmbientLight,Specular Color,FIELD_WIDTH_IF_FIXED,12,var(unknown-type)
NiAmbientLight,Translation,FIELD_WIDTH_IF_FIXED,12,var(unknown-type)
NiAmbientLight,Unknown Byte,PRESENCE,present,ABSENT
NiAmbientLight,Unknown Short 1,PRESENCE,present,ABSENT
NiAmbientLight,Velocity,FIELD_WIDTH_IF_FIXED,12,var(unknown-type)
NiArkAnimationExtraData,Name,PRESENCE,present,ABSENT
NiArkAnimationExtraData,Next Extra Data,PRESENCE,present,ABSENT
NiArkAnimationExtraData,Unknown Bytes,PRESENCE,present,ABSENT
NiArkAnimationExtraData,Unknown Ints,PRESENCE,present,ABSENT
NiArkImporterExtraData,Importer Name,PRESENCE,present,ABSENT
NiArkImporterExtraData,Name,PRESENCE,present,ABSENT
NiArkImporterExtraData,Next Extra Data,PRESENCE,present,ABSENT
NiArkImporterExtraData,Unknown Bytes,PRESENCE,present,ABSENT
NiArkImporterExtraData,Unknown Floats,PRESENCE,present,ABSENT
NiArkImporterExtraData,Unknown Int 1,PRESENCE,present,ABSENT
NiArkImporterExtraData,Unknown Int 2,PRESENCE,present,ABSENT
NiArkShaderExtraData,Name,PRESENCE,present,ABSENT
NiArkShaderExtraData,Next Extra Data,PRESENCE,present,ABSENT
NiArkShaderExtraData,Unknown Int,PRESENCE,present,ABSENT
NiArkShaderExtraData,Unknown String,PRESENCE,present,ABSENT
NiArkTextureExtraData,Name,PRESENCE,present,ABSENT
NiArkTextureExtraData,Next Extra Data,PRESENCE,present,ABSENT
NiArkTextureExtraData,Num Textures,PRESENCE,present,ABSENT
NiArkTextureExtraData,Textures,PRESENCE,present,ABSENT
NiArkTextureExtraData,Unknown Byte,PRESENCE,present,ABSENT
NiArkTextureExtraData,Unknown Int 2,PRESENCE,present,ABSENT
NiArkTextureExtraData,Unknown Ints 1,PRESENCE,present,ABSENT
NiArkViewportInfoExtraData,Name,PRESENCE,present,ABSENT
NiArkViewportInfoExtraData,Next Extra Data,PRESENCE,present,ABSENT
NiArkViewportInfoExtraData,Unknown Bytes,PRESENCE,present,ABSENT
NiAutoNormalParticles,Active Material,PRESENCE,present,ABSENT
NiAutoNormalParticles,BS Properties,PRESENCE,present,ABSENT
NiAutoNormalParticles,Bounding Box,PRESENCE,present,ABSENT
NiAutoNormalParticles,Collision Object,PRESENCE,present,ABSENT
NiAutoNormalParticles,Controller,PRESENCE,present,ABSENT
NiAutoNormalParticles,Data,PRESENCE,present,ABSENT
NiAutoNormalParticles,Dirty Flag,PRESENCE,present,ABSENT
NiAutoNormalParticles,Extra Data,PRESENCE,present,ABSENT
NiAutoNormalParticles,Extra Data List,PRESENCE,present,ABSENT
NiAutoNormalParticles,Flags,PRESENCE,present,ABSENT
NiAutoNormalParticles,Has Bounding Box,PRESENCE,present,ABSENT
NiAutoNormalParticles,Has Old Extra Data,PRESENCE,present,ABSENT
NiAutoNormalParticles,Has Shader,PRESENCE,present,ABSENT
NiAutoNormalParticles,Material Extra Data,PRESENCE,present,ABSENT
NiAutoNormalParticles,Material Name,PRESENCE,present,ABSENT
NiAutoNormalParticles,Name,PRESENCE,present,ABSENT
NiAutoNormalParticles,Num Extra Data List,PRESENCE,present,ABSENT
NiAutoNormalParticles,Num Materials,PRESENCE,present,ABSENT
NiAutoNormalParticles,Num Properties,PRESENCE,present,ABSENT
NiAutoNormalParticles,Old Extra Internal Id,PRESENCE,present,ABSENT
NiAutoNormalParticles,Old Extra Prop Name,PRESENCE,present,ABSENT
NiAutoNormalParticles,Old Extra String,PRESENCE,present,ABSENT
NiAutoNormalParticles,Properties,PRESENCE,present,ABSENT
NiAutoNormalParticles,Rotation,PRESENCE,present,ABSENT
NiAutoNormalParticles,Scale,PRESENCE,present,ABSENT
NiAutoNormalParticles,Shader Name,PRESENCE,present,ABSENT
NiAutoNormalParticles,Skin Instance,PRESENCE,present,ABSENT
NiAutoNormalParticles,Skyrim Shader Type,PRESENCE,present,ABSENT
NiAutoNormalParticles,Translation,PRESENCE,present,ABSENT
NiAutoNormalParticles,Unknown 1,PRESENCE,present,ABSENT
NiAutoNormalParticles,Unknown 2,PRESENCE,present,ABSENT
NiAutoNormalParticles,Unknown Byte,INHERITED_FROM,NiObjectNET,NiGeometry
NiAutoNormalParticles,Unknown Integer,PRESENCE,present,ABSENT
NiAutoNormalParticles,Unknown Integer 2,PRESENCE,present,ABSENT
NiAutoNormalParticles,Unknown Short 1,PRESENCE,present,ABSENT
NiAutoNormalParticles,Velocity,PRESENCE,present,ABSENT
NiAutoNormalParticlesData,BS Max Vertices,PRESENCE,present,ABSENT
NiAutoNormalParticlesData,Bitangents,PRESENCE,present,ABSENT
NiAutoNormalParticlesData,Center,PRESENCE,present,ABSENT
NiAutoNormalParticlesData,Compress Flags,PRESENCE,present,ABSENT
NiAutoNormalParticlesData,Consistency Flags,APPLIES_TO_10_1_0_0,True,False
NiAutoNormalParticlesData,Extra Vectors Flags,PRESENCE,present,ABSENT
NiAutoNormalParticlesData,Has Normals,PRESENCE,present,ABSENT
NiAutoNormalParticlesData,Has Radii,PRESENCE,present,ABSENT
NiAutoNormalParticlesData,Has Rotation Angles,PRESENCE,present,ABSENT
NiAutoNormalParticlesData,Has Rotation Axes,PRESENCE,present,ABSENT
NiAutoNormalParticlesData,Has Rotations,PRESENCE,present,ABSENT
NiAutoNormalParticlesData,Has Sizes,PRESENCE,present,ABSENT
NiAutoNormalParticlesData,Has UV,PRESENCE,present,ABSENT
NiAutoNormalParticlesData,Has UV Quadrants,PRESENCE,present,ABSENT
NiAutoNormalParticlesData,Has Vertex Colors,PRESENCE,present,ABSENT
NiAutoNormalParticlesData,Has Vertices,PRESENCE,present,ABSENT
NiAutoNormalParticlesData,Keep Flags,PRESENCE,present,ABSENT
NiAutoNormalParticlesData,Normals,PRESENCE,present,ABSENT
NiAutoNormalParticlesData,Num Active,PRESENCE,present,ABSENT
NiAutoNormalParticlesData,Num Particles,PRESENCE,present,ABSENT
NiAutoNormalParticlesData,Num UV Quadrants,PRESENCE,present,ABSENT
NiAutoNormalParticlesData,Num UV Sets,APPLIES_TO_10_1_0_0,True,False
NiAutoNormalParticlesData,Num UV Sets,FIELD_TYPE,byte,ushort
NiAutoNormalParticlesData,Num UV Sets,FIELD_WIDTH_IF_FIXED,1,2
NiAutoNormalParticlesData,Particle Radius,PRESENCE,present,ABSENT
NiAutoNormalParticlesData,Radii,PRESENCE,present,ABSENT
NiAutoNormalParticlesData,Radius,PRESENCE,present,ABSENT
NiAutoNormalParticlesData,Rotation Angles,PRESENCE,present,ABSENT
NiAutoNormalParticlesData,Rotation Axes,PRESENCE,present,ABSENT
NiAutoNormalParticlesData,Rotations,PRESENCE,present,ABSENT
NiAutoNormalParticlesData,Sizes,PRESENCE,present,ABSENT
NiAutoNormalParticlesData,Tangents,PRESENCE,present,ABSENT
NiAutoNormalParticlesData,UV Quadrants,PRESENCE,present,ABSENT
NiAutoNormalParticlesData,UV Sets,PRESENCE,present,ABSENT
NiAutoNormalParticlesData,Unknown 13 shorts,PRESENCE,present,ABSENT
NiAutoNormalParticlesData,Unknown Byte 1,PRESENCE,present,ABSENT
NiAutoNormalParticlesData,Unknown Byte 2,PRESENCE,present,ABSENT
NiAutoNormalParticlesData,Unknown Int,PRESENCE,present,ABSENT
NiAutoNormalParticlesData,Unknown Int 2,PRESENCE,present,ABSENT
NiAutoNormalParticlesData,Unknown Link,PRESENCE,present,ABSENT
NiAutoNormalParticlesData,Vertex Colors,PRESENCE,present,ABSENT
NiAutoNormalParticlesData,Vertices,PRESENCE,present,ABSENT
NiBSAnimationNode,Bounding Box,PRESENCE,present,ABSENT
NiBSAnimationNode,Children,PRESENCE,present,ABSENT
NiBSAnimationNode,Collision Object,PRESENCE,present,ABSENT
NiBSAnimationNode,Controller,PRESENCE,present,ABSENT
NiBSAnimationNode,Effects,PRESENCE,present,ABSENT
NiBSAnimationNode,Extra Data,PRESENCE,present,ABSENT
NiBSAnimationNode,Extra Data List,PRESENCE,present,ABSENT
NiBSAnimationNode,Flags,PRESENCE,present,ABSENT
NiBSAnimationNode,Has Bounding Box,PRESENCE,present,ABSENT
NiBSAnimationNode,Has Old Extra Data,PRESENCE,present,ABSENT
NiBSAnimationNode,Name,PRESENCE,present,ABSENT
NiBSAnimationNode,Num Children,PRESENCE,present,ABSENT
NiBSAnimationNode,Num Effects,PRESENCE,present,ABSENT
NiBSAnimationNode,Num Extra Data List,PRESENCE,present,ABSENT
NiBSAnimationNode,Num Properties,PRESENCE,present,ABSENT
NiBSAnimationNode,Old Extra Internal Id,PRESENCE,present,ABSENT
NiBSAnimationNode,Old Extra Prop Name,PRESENCE,present,ABSENT
NiBSAnimationNode,Old Extra String,PRESENCE,present,ABSENT
NiBSAnimationNode,Properties,PRESENCE,present,ABSENT
NiBSAnimationNode,Rotation,PRESENCE,present,ABSENT
NiBSAnimationNode,Scale,PRESENCE,present,ABSENT
NiBSAnimationNode,Skyrim Shader Type,PRESENCE,present,ABSENT
NiBSAnimationNode,Translation,PRESENCE,present,ABSENT
NiBSAnimationNode,Unknown 1,PRESENCE,present,ABSENT
NiBSAnimationNode,Unknown 2,PRESENCE,present,ABSENT
NiBSAnimationNode,Unknown Byte,PRESENCE,present,ABSENT
NiBSAnimationNode,Unknown Short 1,PRESENCE,present,ABSENT
NiBSAnimationNode,Velocity,PRESENCE,present,ABSENT
NiBSBoneLODController,Flags,FIELD_TYPE,Flags,TimeControllerFlags
NiBSBoneLODController,Flags,FIELD_WIDTH_IF_FIXED,var(unknown-type),2
NiBSBoneLODController,LOD,PRESENCE,ABSENT,present
NiBSBoneLODController,Node Groups,FIELD_TYPE,NodeGroup,NodeSet
NiBSBoneLODController,Node Groups,FIELD_WIDTH_IF_FIXED,var(NodeGroup array),var(unknown-type)
NiBSBoneLODController,Node Groups,ARRAY_RELATION,array per Num Node Groups,array per Num LODs
NiBSBoneLODController,Num LODs,PRESENCE,ABSENT,present
NiBSBoneLODController,Num Node Groups 2,PRESENCE,present,ABSENT
NiBSBoneLODController,Unknown Int 1,PRESENCE,present,ABSENT
NiBSBoneLODController,Unknown Int 2,PRESENCE,present,ABSENT
NiBSBoneLODController,Unknown Int 3,PRESENCE,present,ABSENT
NiBSPArrayController,Color Data,PRESENCE,present,ABSENT
NiBSPArrayController,Emit Flags,PRESENCE,present,ABSENT
NiBSPArrayController,Emit Rate,PRESENCE,present,ABSENT
NiBSPArrayController,Emit Start Time,PRESENCE,present,ABSENT
NiBSPArrayController,Emit Stop Time,PRESENCE,present,ABSENT
NiBSPArrayController,Emitter,PRESENCE,present,ABSENT
NiBSPArrayController,Flags,PRESENCE,present,ABSENT
NiBSPArrayController,Frequency,PRESENCE,present,ABSENT
NiBSPArrayController,Horizontal Angle,PRESENCE,present,ABSENT
NiBSPArrayController,Horizontal Direction,PRESENCE,present,ABSENT
NiBSPArrayController,Lifetime,PRESENCE,present,ABSENT
NiBSPArrayController,Lifetime Random,PRESENCE,present,ABSENT
NiBSPArrayController,Next Controller,PRESENCE,present,ABSENT
NiBSPArrayController,Num Particles,PRESENCE,present,ABSENT
NiBSPArrayController,Num Valid,PRESENCE,present,ABSENT
NiBSPArrayController,Old Emit Rate,PRESENCE,present,ABSENT
NiBSPArrayController,Old Speed,PRESENCE,present,ABSENT
NiBSPArrayController,Particle Extra,PRESENCE,present,ABSENT
NiBSPArrayController,Particle Lifetime,PRESENCE,present,ABSENT
NiBSPArrayController,Particle Link,PRESENCE,present,ABSENT
NiBSPArrayController,Particle Timestamp,PRESENCE,present,ABSENT
NiBSPArrayController,Particle Unknown Short,PRESENCE,present,ABSENT
NiBSPArrayController,Particle Unknown Vector,PRESENCE,present,ABSENT
NiBSPArrayController,Particle Velocity,PRESENCE,present,ABSENT
NiBSPArrayController,Particle Vertex Id,PRESENCE,present,ABSENT
NiBSPArrayController,Particles,PRESENCE,present,ABSENT
NiBSPArrayController,Phase,PRESENCE,present,ABSENT
NiBSPArrayController,Size,PRESENCE,present,ABSENT
NiBSPArrayController,Speed,PRESENCE,present,ABSENT
NiBSPArrayController,Speed Random,PRESENCE,present,ABSENT
NiBSPArrayController,Start Random,PRESENCE,present,ABSENT
NiBSPArrayController,Start Time,PRESENCE,present,ABSENT
NiBSPArrayController,Stop Time,PRESENCE,present,ABSENT
NiBSPArrayController,Target,PRESENCE,present,ABSENT
NiBSPArrayController,Trailer,PRESENCE,present,ABSENT
NiBSPArrayController,Unknown Byte,PRESENCE,present,ABSENT
NiBSPArrayController,Unknown Color?,PRESENCE,present,ABSENT
NiBSPArrayController,Unknown Float 1,PRESENCE,present,ABSENT
NiBSPArrayController,Unknown Float 13?,PRESENCE,present,ABSENT
NiBSPArrayController,Unknown Floats 2,PRESENCE,present,ABSENT
NiBSPArrayController,Unknown Int 1?,PRESENCE,present,ABSENT
NiBSPArrayController,Unknown Int 2?,PRESENCE,present,ABSENT
NiBSPArrayController,Unknown Integer,PRESENCE,present,ABSENT
NiBSPArrayController,Unknown Link,PRESENCE,present,ABSENT
NiBSPArrayController,Unknown Link 2,PRESENCE,present,ABSENT
NiBSPArrayController,Unknown Normal?,PRESENCE,present,ABSENT
NiBSPArrayController,Unknown Short 2?,PRESENCE,present,ABSENT
NiBSPArrayController,Unknown Short 3?,PRESENCE,present,ABSENT
NiBSPArrayController,Vertical Angle,PRESENCE,present,ABSENT
NiBSPArrayController,Vertical Direction,PRESENCE,present,ABSENT
NiBSParticleNode,Bounding Box,PRESENCE,present,ABSENT
NiBSParticleNode,Children,PRESENCE,present,ABSENT
NiBSParticleNode,Collision Object,PRESENCE,present,ABSENT
NiBSParticleNode,Controller,PRESENCE,present,ABSENT
NiBSParticleNode,Effects,PRESENCE,present,ABSENT
NiBSParticleNode,Extra Data,PRESENCE,present,ABSENT
NiBSParticleNode,Extra Data List,PRESENCE,present,ABSENT
NiBSParticleNode,Flags,PRESENCE,present,ABSENT
NiBSParticleNode,Has Bounding Box,PRESENCE,present,ABSENT
NiBSParticleNode,Has Old Extra Data,PRESENCE,present,ABSENT
NiBSParticleNode,Name,PRESENCE,present,ABSENT
NiBSParticleNode,Num Children,PRESENCE,present,ABSENT
NiBSParticleNode,Num Effects,PRESENCE,present,ABSENT
NiBSParticleNode,Num Extra Data List,PRESENCE,present,ABSENT
NiBSParticleNode,Num Properties,PRESENCE,present,ABSENT
NiBSParticleNode,Old Extra Internal Id,PRESENCE,present,ABSENT
NiBSParticleNode,Old Extra Prop Name,PRESENCE,present,ABSENT
NiBSParticleNode,Old Extra String,PRESENCE,present,ABSENT
NiBSParticleNode,Properties,PRESENCE,present,ABSENT
NiBSParticleNode,Rotation,PRESENCE,present,ABSENT
NiBSParticleNode,Scale,PRESENCE,present,ABSENT
NiBSParticleNode,Skyrim Shader Type,PRESENCE,present,ABSENT
NiBSParticleNode,Translation,PRESENCE,present,ABSENT
NiBSParticleNode,Unknown 1,PRESENCE,present,ABSENT
NiBSParticleNode,Unknown 2,PRESENCE,present,ABSENT
NiBSParticleNode,Unknown Byte,PRESENCE,present,ABSENT
NiBSParticleNode,Unknown Short 1,PRESENCE,present,ABSENT
NiBSParticleNode,Velocity,PRESENCE,present,ABSENT
NiBSplineCompFloatInterpolator,Base,PRESENCE,present,ABSENT
NiBSplineCompFloatInterpolator,Bias,PRESENCE,present,ABSENT
NiBSplineCompFloatInterpolator,Float Half Range,PRESENCE,ABSENT,present
NiBSplineCompFloatInterpolator,Float Offset,PRESENCE,ABSENT,present
NiBSplineCompFloatInterpolator,Handle,PRESENCE,ABSENT,present
NiBSplineCompFloatInterpolator,Multiplier,PRESENCE,present,ABSENT
NiBSplineCompFloatInterpolator,Offset,PRESENCE,present,ABSENT
NiBSplineCompFloatInterpolator,Value,PRESENCE,ABSENT,present
NiBSplineCompPoint3Interpolator,Handle,PRESENCE,ABSENT,present
NiBSplineCompPoint3Interpolator,Position Half Range,PRESENCE,ABSENT,present
NiBSplineCompPoint3Interpolator,Position Offset,PRESENCE,ABSENT,present
NiBSplineCompPoint3Interpolator,Unknown Floats,PRESENCE,present,ABSENT
NiBSplineCompPoint3Interpolator,Value,PRESENCE,ABSENT,present
NiBSplineCompTransformInterpolator,Rotation,PRESENCE,present,ABSENT
NiBSplineCompTransformInterpolator,Rotation Bias,PRESENCE,present,ABSENT
NiBSplineCompTransformInterpolator,Rotation Half Range,PRESENCE,ABSENT,present
NiBSplineCompTransformInterpolator,Rotation Handle,PRESENCE,ABSENT,present
NiBSplineCompTransformInterpolator,Rotation Multiplier,PRESENCE,present,ABSENT
NiBSplineCompTransformInterpolator,Rotation Offset,FIELD_TYPE,uint,float
NiBSplineCompTransformInterpolator,Rotation Offset,INHERITED_FROM,NiBSplineTransformInterpolator,SELF
NiBSplineCompTransformInterpolator,Scale,PRESENCE,present,ABSENT
NiBSplineCompTransformInterpolator,Scale Bias,PRESENCE,present,ABSENT
NiBSplineCompTransformInterpolator,Scale Half Range,PRESENCE,ABSENT,present
NiBSplineCompTransformInterpolator,Scale Handle,PRESENCE,ABSENT,present
NiBSplineCompTransformInterpolator,Scale Multiplier,PRESENCE,present,ABSENT
NiBSplineCompTransformInterpolator,Scale Offset,FIELD_TYPE,uint,float
NiBSplineCompTransformInterpolator,Scale Offset,INHERITED_FROM,NiBSplineTransformInterpolator,SELF
NiBSplineCompTransformInterpolator,Transform,PRESENCE,ABSENT,present
NiBSplineCompTransformInterpolator,Translation,PRESENCE,present,ABSENT
NiBSplineCompTransformInterpolator,Translation Bias,PRESENCE,present,ABSENT
NiBSplineCompTransformInterpolator,Translation Half Range,PRESENCE,ABSENT,present
NiBSplineCompTransformInterpolator,Translation Handle,PRESENCE,ABSENT,present
NiBSplineCompTransformInterpolator,Translation Multiplier,PRESENCE,present,ABSENT
NiBSplineCompTransformInterpolator,Translation Offset,FIELD_TYPE,uint,float
NiBSplineCompTransformInterpolator,Translation Offset,INHERITED_FROM,NiBSplineTransformInterpolator,SELF
NiBSplineData,Compact Control Points,PRESENCE,ABSENT,present
NiBSplineData,Num Compact Control Points,PRESENCE,ABSENT,present
NiBSplineData,Num Short Control Points,PRESENCE,present,ABSENT
NiBSplineData,Short Control Points,PRESENCE,present,ABSENT
NiBSplineFloatInterpolator,Handle,PRESENCE,ABSENT,present
NiBSplineFloatInterpolator,Value,PRESENCE,ABSENT,present
NiBSplinePoint3Interpolator,Handle,PRESENCE,ABSENT,present
NiBSplinePoint3Interpolator,Unknown Floats,PRESENCE,present,ABSENT
NiBSplinePoint3Interpolator,Value,PRESENCE,ABSENT,present
NiBSplineTransformInterpolator,Rotation,PRESENCE,present,ABSENT
NiBSplineTransformInterpolator,Rotation Handle,PRESENCE,ABSENT,present
NiBSplineTransformInterpolator,Rotation Offset,PRESENCE,present,ABSENT
NiBSplineTransformInterpolator,Scale,PRESENCE,present,ABSENT
NiBSplineTransformInterpolator,Scale Handle,PRESENCE,ABSENT,present
NiBSplineTransformInterpolator,Scale Offset,PRESENCE,present,ABSENT
NiBSplineTransformInterpolator,Transform,PRESENCE,ABSENT,present
NiBSplineTransformInterpolator,Translation,PRESENCE,present,ABSENT
NiBSplineTransformInterpolator,Translation Handle,PRESENCE,ABSENT,present
NiBSplineTransformInterpolator,Translation Offset,PRESENCE,present,ABSENT
NiBezierMesh,Bezier Triangle,PRESENCE,present,ABSENT
NiBezierMesh,Bounding Box,PRESENCE,present,ABSENT
NiBezierMesh,Collision Object,PRESENCE,present,ABSENT
NiBezierMesh,Controller,PRESENCE,present,ABSENT
NiBezierMesh,Count 1,PRESENCE,present,ABSENT
NiBezierMesh,Count 2,PRESENCE,present,ABSENT
NiBezierMesh,Data 2,PRESENCE,present,ABSENT
NiBezierMesh,Extra Data,PRESENCE,present,ABSENT
NiBezierMesh,Extra Data List,PRESENCE,present,ABSENT
NiBezierMesh,Flags,PRESENCE,present,ABSENT
NiBezierMesh,Has Bounding Box,PRESENCE,present,ABSENT
NiBezierMesh,Has Old Extra Data,PRESENCE,present,ABSENT
NiBezierMesh,Name,PRESENCE,present,ABSENT
NiBezierMesh,Num Bezier Triangles,PRESENCE,present,ABSENT
NiBezierMesh,Num Extra Data List,PRESENCE,present,ABSENT
NiBezierMesh,Num Properties,PRESENCE,present,ABSENT
NiBezierMesh,Old Extra Internal Id,PRESENCE,present,ABSENT
NiBezierMesh,Old Extra Prop Name,PRESENCE,present,ABSENT
NiBezierMesh,Old Extra String,PRESENCE,present,ABSENT
NiBezierMesh,Points 1,PRESENCE,present,ABSENT
NiBezierMesh,Points 2,PRESENCE,present,ABSENT
NiBezierMesh,Properties,PRESENCE,present,ABSENT
NiBezierMesh,Rotation,PRESENCE,present,ABSENT
NiBezierMesh,Scale,PRESENCE,present,ABSENT
NiBezierMesh,Skyrim Shader Type,PRESENCE,present,ABSENT
NiBezierMesh,Translation,PRESENCE,present,ABSENT
NiBezierMesh,Unknown 1,PRESENCE,present,ABSENT
NiBezierMesh,Unknown 2,PRESENCE,present,ABSENT
NiBezierMesh,Unknown 3,PRESENCE,present,ABSENT
NiBezierMesh,Unknown 4,PRESENCE,present,ABSENT
NiBezierMesh,Unknown 5,PRESENCE,present,ABSENT
NiBezierMesh,Unknown 6,PRESENCE,present,ABSENT
NiBezierMesh,Unknown Byte,PRESENCE,present,ABSENT
NiBezierMesh,Unknown Short 1,PRESENCE,present,ABSENT
NiBezierMesh,Velocity,PRESENCE,present,ABSENT
NiBezierTriangle4,Matrix,PRESENCE,present,ABSENT
NiBezierTriangle4,Unknown 1,PRESENCE,present,ABSENT
NiBezierTriangle4,Unknown 2,PRESENCE,present,ABSENT
NiBezierTriangle4,Unknown 3,PRESENCE,present,ABSENT
NiBezierTriangle4,Unknown 4,PRESENCE,present,ABSENT
NiBezierTriangle4,Unknown 5,PRESENCE,present,ABSENT
NiBezierTriangle4,Unknown 6,PRESENCE,present,ABSENT
NiBezierTriangle4,Vector 1,PRESENCE,present,ABSENT
NiBezierTriangle4,Vector 2,PRESENCE,present,ABSENT
NiBillboardNode,Bounding Box,PRESENCE,present,ABSENT
NiBillboardNode,Bounding Volume,PRESENCE,ABSENT,present
NiBillboardNode,Effects,APPLIES_TO_10_1_0_0,True,UNRESOLVED
NiBillboardNode,Has Bounding Box,PRESENCE,present,ABSENT
NiBillboardNode,Has Bounding Volume,PRESENCE,ABSENT,present
NiBillboardNode,Has Old Extra Data,PRESENCE,present,ABSENT
NiBillboardNode,Legacy Extra Data,PRESENCE,ABSENT,present
NiBillboardNode,Num Effects,APPLIES_TO_10_1_0_0,True,UNRESOLVED
NiBillboardNode,Num Properties,APPLIES_TO_10_1_0_0,True,UNRESOLVED
NiBillboardNode,Old Extra Internal Id,PRESENCE,present,ABSENT
NiBillboardNode,Old Extra Prop Name,PRESENCE,present,ABSENT
NiBillboardNode,Old Extra String,PRESENCE,present,ABSENT
NiBillboardNode,Properties,APPLIES_TO_10_1_0_0,True,UNRESOLVED
NiBillboardNode,Rotation,FIELD_WIDTH_IF_FIXED,36,var(unknown-type)
NiBillboardNode,Shader Type,PRESENCE,ABSENT,present
NiBillboardNode,Skyrim Shader Type,PRESENCE,present,ABSENT
NiBillboardNode,Translation,FIELD_WIDTH_IF_FIXED,12,var(unknown-type)
NiBillboardNode,Unknown Byte,PRESENCE,present,ABSENT
NiBillboardNode,Unknown Short 1,PRESENCE,present,ABSENT
NiBillboardNode,Velocity,FIELD_WIDTH_IF_FIXED,12,var(unknown-type)
NiBinaryExtraData,Extra Data,PRESENCE,ABSENT,present
NiBinaryExtraData,Num Bytes,PRESENCE,ABSENT,present
NiBinaryVoxelData,Num Unknown Bytes 2,PRESENCE,present,ABSENT
NiBinaryVoxelData,Num Unknown Vectors,PRESENCE,present,ABSENT
NiBinaryVoxelData,Unknown 5 Ints,PRESENCE,present,ABSENT
NiBinaryVoxelData,Unknown 7 Floats,PRESENCE,present,ABSENT
NiBinaryVoxelData,Unknown Bytes 1,PRESENCE,present,ABSENT
NiBinaryVoxelData,Unknown Bytes 2,PRESENCE,present,ABSENT
NiBinaryVoxelData,Unknown Short 1,PRESENCE,present,ABSENT
NiBinaryVoxelData,Unknown Short 2,PRESENCE,present,ABSENT
NiBinaryVoxelData,Unknown Short 3,PRESENCE,present,ABSENT
NiBinaryVoxelData,Unknown Vectors,PRESENCE,present,ABSENT
NiBinaryVoxelExtraData,Data,PRESENCE,present,ABSENT
NiBinaryVoxelExtraData,Name,PRESENCE,present,ABSENT
NiBinaryVoxelExtraData,Next Extra Data,PRESENCE,present,ABSENT
NiBinaryVoxelExtraData,Unknown Int,PRESENCE,present,ABSENT
NiBlendBoolInterpolator,Array Grow By,PRESENCE,ABSENT,present
NiBlendBoolInterpolator,Array Size,APPLIES_TO_10_1_0_0,False,True
NiBlendBoolInterpolator,Array Size,FIELD_TYPE,byte,ushort
NiBlendBoolInterpolator,Array Size,FIELD_WIDTH_IF_FIXED,1,2
NiBlendBoolInterpolator,Bool Value,PRESENCE,present,ABSENT
NiBlendBoolInterpolator,Flags,PRESENCE,ABSENT,present
NiBlendBoolInterpolator,High Ease Spinner,PRESENCE,ABSENT,present
NiBlendBoolInterpolator,High Weights Sum,PRESENCE,ABSENT,present
NiBlendBoolInterpolator,Interp Array Items,APPLIES_TO_10_1_0_0,True,False
NiBlendBoolInterpolator,Manager Controlled,PRESENCE,ABSENT,present
NiBlendBoolInterpolator,Next High Weights Sum,PRESENCE,ABSENT,present
NiBlendBoolInterpolator,Only Use Highest Weight,PRESENCE,ABSENT,present
NiBlendBoolInterpolator,Single Interpolator,PRESENCE,ABSENT,present
NiBlendBoolInterpolator,Unknown Int,PRESENCE,present,ABSENT
NiBlendBoolInterpolator,Unknown Short,PRESENCE,present,ABSENT
NiBlendBoolInterpolator,Value,PRESENCE,ABSENT,present
NiBlendBoolInterpolator,Weight Threshold,APPLIES_TO_10_1_0_0,True,False
NiBlendFloatInterpolator,Array Grow By,PRESENCE,ABSENT,present
NiBlendFloatInterpolator,Array Size,APPLIES_TO_10_1_0_0,False,True
NiBlendFloatInterpolator,Array Size,FIELD_TYPE,byte,ushort
NiBlendFloatInterpolator,Array Size,FIELD_WIDTH_IF_FIXED,1,2
NiBlendFloatInterpolator,Flags,PRESENCE,ABSENT,present
NiBlendFloatInterpolator,Float Value,PRESENCE,present,ABSENT
NiBlendFloatInterpolator,High Ease Spinner,PRESENCE,ABSENT,present
NiBlendFloatInterpolator,High Weights Sum,PRESENCE,ABSENT,present
NiBlendFloatInterpolator,Interp Array Items,APPLIES_TO_10_1_0_0,True,False
NiBlendFloatInterpolator,Manager Controlled,PRESENCE,ABSENT,present
NiBlendFloatInterpolator,Next High Weights Sum,PRESENCE,ABSENT,present
NiBlendFloatInterpolator,Only Use Highest Weight,PRESENCE,ABSENT,present
NiBlendFloatInterpolator,Single Interpolator,PRESENCE,ABSENT,present
NiBlendFloatInterpolator,Unknown Int,PRESENCE,present,ABSENT
NiBlendFloatInterpolator,Unknown Short,PRESENCE,present,ABSENT
NiBlendFloatInterpolator,Value,PRESENCE,ABSENT,present
NiBlendFloatInterpolator,Weight Threshold,APPLIES_TO_10_1_0_0,True,False
NiBlendInterpolator,Array Grow By,PRESENCE,ABSENT,present
NiBlendInterpolator,Array Size,APPLIES_TO_10_1_0_0,False,True
NiBlendInterpolator,Array Size,FIELD_TYPE,byte,ushort
NiBlendInterpolator,Array Size,FIELD_WIDTH_IF_FIXED,1,2
NiBlendInterpolator,Flags,PRESENCE,ABSENT,present
NiBlendInterpolator,High Ease Spinner,PRESENCE,ABSENT,present
NiBlendInterpolator,High Weights Sum,PRESENCE,ABSENT,present
NiBlendInterpolator,Interp Array Items,APPLIES_TO_10_1_0_0,True,False
NiBlendInterpolator,Manager Controlled,PRESENCE,ABSENT,present
NiBlendInterpolator,Next High Weights Sum,PRESENCE,ABSENT,present
NiBlendInterpolator,Only Use Highest Weight,PRESENCE,ABSENT,present
NiBlendInterpolator,Single Interpolator,PRESENCE,ABSENT,present
NiBlendInterpolator,Unknown Int,PRESENCE,present,ABSENT
NiBlendInterpolator,Unknown Short,PRESENCE,present,ABSENT
NiBlendInterpolator,Weight Threshold,APPLIES_TO_10_1_0_0,True,False
NiBlendPoint3Interpolator,Array Grow By,PRESENCE,ABSENT,present
NiBlendPoint3Interpolator,Array Size,APPLIES_TO_10_1_0_0,False,True
NiBlendPoint3Interpolator,Array Size,FIELD_TYPE,byte,ushort
NiBlendPoint3Interpolator,Array Size,FIELD_WIDTH_IF_FIXED,1,2
NiBlendPoint3Interpolator,Flags,PRESENCE,ABSENT,present
NiBlendPoint3Interpolator,High Ease Spinner,PRESENCE,ABSENT,present
NiBlendPoint3Interpolator,High Weights Sum,PRESENCE,ABSENT,present
NiBlendPoint3Interpolator,Interp Array Items,APPLIES_TO_10_1_0_0,True,False
NiBlendPoint3Interpolator,Manager Controlled,PRESENCE,ABSENT,present
NiBlendPoint3Interpolator,Next High Weights Sum,PRESENCE,ABSENT,present
NiBlendPoint3Interpolator,Only Use Highest Weight,PRESENCE,ABSENT,present
NiBlendPoint3Interpolator,Point Value,PRESENCE,present,ABSENT
NiBlendPoint3Interpolator,Single Interpolator,PRESENCE,ABSENT,present
NiBlendPoint3Interpolator,Unknown Int,PRESENCE,present,ABSENT
NiBlendPoint3Interpolator,Unknown Short,PRESENCE,present,ABSENT
NiBlendPoint3Interpolator,Value,PRESENCE,ABSENT,present
NiBlendPoint3Interpolator,Weight Threshold,APPLIES_TO_10_1_0_0,True,False
NiBlendTransformInterpolator,Array Grow By,PRESENCE,ABSENT,present
NiBlendTransformInterpolator,Array Size,APPLIES_TO_10_1_0_0,False,True
NiBlendTransformInterpolator,Array Size,FIELD_TYPE,byte,ushort
NiBlendTransformInterpolator,Array Size,FIELD_WIDTH_IF_FIXED,1,2
NiBlendTransformInterpolator,Flags,PRESENCE,ABSENT,present
NiBlendTransformInterpolator,High Ease Spinner,PRESENCE,ABSENT,present
NiBlendTransformInterpolator,High Weights Sum,PRESENCE,ABSENT,present
NiBlendTransformInterpolator,Interp Array Items,APPLIES_TO_10_1_0_0,True,False
NiBlendTransformInterpolator,Manager Controlled,PRESENCE,ABSENT,present
NiBlendTransformInterpolator,Next High Weights Sum,PRESENCE,ABSENT,present
NiBlendTransformInterpolator,Only Use Highest Weight,PRESENCE,ABSENT,present
NiBlendTransformInterpolator,Single Interpolator,PRESENCE,ABSENT,present
NiBlendTransformInterpolator,Unknown Int,PRESENCE,present,ABSENT
NiBlendTransformInterpolator,Unknown Short,PRESENCE,present,ABSENT
NiBlendTransformInterpolator,Value,PRESENCE,ABSENT,present
NiBlendTransformInterpolator,Weight Threshold,APPLIES_TO_10_1_0_0,True,False
NiBone,Bounding Box,PRESENCE,present,ABSENT
NiBone,Bounding Volume,PRESENCE,ABSENT,present
NiBone,Effects,APPLIES_TO_10_1_0_0,True,UNRESOLVED
NiBone,Has Bounding Box,PRESENCE,present,ABSENT
NiBone,Has Bounding Volume,PRESENCE,ABSENT,present
NiBone,Has Old Extra Data,PRESENCE,present,ABSENT
NiBone,Legacy Extra Data,PRESENCE,ABSENT,present
NiBone,Num Effects,APPLIES_TO_10_1_0_0,True,UNRESOLVED
NiBone,Num Properties,APPLIES_TO_10_1_0_0,True,UNRESOLVED
NiBone,Old Extra Internal Id,PRESENCE,present,ABSENT
NiBone,Old Extra Prop Name,PRESENCE,present,ABSENT
NiBone,Old Extra String,PRESENCE,present,ABSENT
NiBone,Properties,APPLIES_TO_10_1_0_0,True,UNRESOLVED
NiBone,Rotation,FIELD_WIDTH_IF_FIXED,36,var(unknown-type)
NiBone,Shader Type,PRESENCE,ABSENT,present
NiBone,Skyrim Shader Type,PRESENCE,present,ABSENT
NiBone,Translation,FIELD_WIDTH_IF_FIXED,12,var(unknown-type)
NiBone,Unknown Byte,PRESENCE,present,ABSENT
NiBone,Unknown Short 1,PRESENCE,present,ABSENT
NiBone,Velocity,FIELD_WIDTH_IF_FIXED,12,var(unknown-type)
NiBoneLODController,Flags,FIELD_TYPE,Flags,TimeControllerFlags
NiBoneLODController,Flags,FIELD_WIDTH_IF_FIXED,var(unknown-type),2
NiBoneLODController,LOD,PRESENCE,ABSENT,present
NiBoneLODController,Node Groups,FIELD_TYPE,NodeGroup,NodeSet
NiBoneLODController,Node Groups,FIELD_WIDTH_IF_FIXED,var(NodeGroup array),var(unknown-type)
NiBoneLODController,Node Groups,ARRAY_RELATION,array per Num Node Groups,array per Num LODs
NiBoneLODController,Num LODs,PRESENCE,ABSENT,present
NiBoneLODController,Num Node Groups 2,PRESENCE,present,ABSENT
NiBoneLODController,Unknown Int 1,PRESENCE,present,ABSENT
NiBoneLODController,Unknown Int 2,PRESENCE,present,ABSENT
NiBoneLODController,Unknown Int 3,PRESENCE,present,ABSENT
NiBoolData,Data,FIELD_WIDTH_IF_FIXED,var(KeyGroup contains var),var(unknown-type)
NiBoolInterpController,Flags,FIELD_TYPE,Flags,TimeControllerFlags
NiBoolInterpController,Flags,FIELD_WIDTH_IF_FIXED,var(unknown-type),2
NiBoolInterpController,Manager Controlled,PRESENCE,ABSENT,present
NiBoolInterpolator,Bool Value,PRESENCE,present,ABSENT
NiBoolInterpolator,Value,PRESENCE,ABSENT,present
NiBoolTimelineInterpolator,Bool Value,PRESENCE,present,ABSENT
NiBoolTimelineInterpolator,Value,PRESENCE,ABSENT,present
NiBooleanExtraData,Extra Data,PRESENCE,ABSENT,present
NiBooleanExtraData,Num Bytes,PRESENCE,ABSENT,present
NiCamera,Bounding Box,PRESENCE,present,ABSENT
NiCamera,Bounding Volume,PRESENCE,ABSENT,present
NiCamera,Camera Flags,PRESENCE,ABSENT,present
NiCamera,Has Bounding Box,PRESENCE,present,ABSENT
NiCamera,Has Bounding Volume,PRESENCE,ABSENT,present
NiCamera,Has Old Extra Data,PRESENCE,present,ABSENT
NiCamera,Legacy Extra Data,PRESENCE,ABSENT,present
NiCamera,Num Properties,APPLIES_TO_10_1_0_0,True,UNRESOLVED
NiCamera,Num Screen Polygons,PRESENCE,ABSENT,present
NiCamera,Num Screen Textures,PRESENCE,ABSENT,present
NiCamera,Old Extra Internal Id,PRESENCE,present,ABSENT
NiCamera,Old Extra Prop Name,PRESENCE,present,ABSENT
NiCamera,Old Extra String,PRESENCE,present,ABSENT
NiCamera,Properties,APPLIES_TO_10_1_0_0,True,UNRESOLVED
NiCamera,Rotation,FIELD_WIDTH_IF_FIXED,36,var(unknown-type)
NiCamera,Scene,PRESENCE,ABSENT,present
NiCamera,Shader Type,PRESENCE,ABSENT,present
NiCamera,Skyrim Shader Type,PRESENCE,present,ABSENT
NiCamera,Translation,FIELD_WIDTH_IF_FIXED,12,var(unknown-type)
NiCamera,Unknown Byte,PRESENCE,present,ABSENT
NiCamera,Unknown Int,PRESENCE,present,ABSENT
NiCamera,Unknown Int 2,PRESENCE,present,ABSENT
NiCamera,Unknown Link,PRESENCE,present,ABSENT
NiCamera,Unknown Short,PRESENCE,present,ABSENT
NiCamera,Unknown Short 1,PRESENCE,present,ABSENT
NiCamera,Velocity,FIELD_WIDTH_IF_FIXED,12,var(unknown-type)
NiClod,Active Material,PRESENCE,present,ABSENT
NiClod,BS Properties,PRESENCE,present,ABSENT
NiClod,Bounding Box,PRESENCE,present,ABSENT
NiClod,Collision Object,PRESENCE,present,ABSENT
NiClod,Controller,PRESENCE,present,ABSENT
NiClod,Data,PRESENCE,present,ABSENT
NiClod,Dirty Flag,PRESENCE,present,ABSENT
NiClod,Extra Data,PRESENCE,present,ABSENT
NiClod,Extra Data List,PRESENCE,present,ABSENT
NiClod,Flags,PRESENCE,present,ABSENT
NiClod,Has Bounding Box,PRESENCE,present,ABSENT
NiClod,Has Old Extra Data,PRESENCE,present,ABSENT
NiClod,Has Shader,PRESENCE,present,ABSENT
NiClod,Material Extra Data,PRESENCE,present,ABSENT
NiClod,Material Name,PRESENCE,present,ABSENT
NiClod,Name,PRESENCE,present,ABSENT
NiClod,Num Extra Data List,PRESENCE,present,ABSENT
NiClod,Num Materials,PRESENCE,present,ABSENT
NiClod,Num Properties,PRESENCE,present,ABSENT
NiClod,Old Extra Internal Id,PRESENCE,present,ABSENT
NiClod,Old Extra Prop Name,PRESENCE,present,ABSENT
NiClod,Old Extra String,PRESENCE,present,ABSENT
NiClod,Properties,PRESENCE,present,ABSENT
NiClod,Rotation,PRESENCE,present,ABSENT
NiClod,Scale,PRESENCE,present,ABSENT
NiClod,Shader Name,PRESENCE,present,ABSENT
NiClod,Skin Instance,PRESENCE,present,ABSENT
NiClod,Skyrim Shader Type,PRESENCE,present,ABSENT
NiClod,Translation,PRESENCE,present,ABSENT
NiClod,Unknown 1,PRESENCE,present,ABSENT
NiClod,Unknown 2,PRESENCE,present,ABSENT
NiClod,Unknown Byte,INHERITED_FROM,NiObjectNET,NiGeometry
NiClod,Unknown Integer,PRESENCE,present,ABSENT
NiClod,Unknown Integer 2,PRESENCE,present,ABSENT
NiClod,Unknown Short 1,PRESENCE,present,ABSENT
NiClod,Velocity,PRESENCE,present,ABSENT
NiClodData,BS Max Vertices,PRESENCE,present,ABSENT
NiClodData,Bitangents,PRESENCE,present,ABSENT
NiClodData,Center,PRESENCE,present,ABSENT
NiClodData,Compress Flags,PRESENCE,present,ABSENT
NiClodData,Consistency Flags,APPLIES_TO_10_1_0_0,True,False
NiClodData,Extra Vectors Flags,PRESENCE,present,ABSENT
NiClodData,Has Normals,PRESENCE,present,ABSENT
NiClodData,Has UV,PRESENCE,present,ABSENT
NiClodData,Has Vertex Colors,PRESENCE,present,ABSENT
NiClodData,Has Vertices,PRESENCE,present,ABSENT
NiClodData,Keep Flags,PRESENCE,present,ABSENT
NiClodData,Normals,PRESENCE,present,ABSENT
NiClodData,Num Triangles,PRESENCE,present,ABSENT
NiClodData,Num UV Sets,APPLIES_TO_10_1_0_0,True,False
NiClodData,Num UV Sets,FIELD_TYPE,byte,ushort
NiClodData,Num UV Sets,FIELD_WIDTH_IF_FIXED,1,2
NiClodData,Radius,PRESENCE,present,ABSENT
NiClodData,Tangents,PRESENCE,present,ABSENT
NiClodData,UV Sets,PRESENCE,present,ABSENT
NiClodData,Unknown 13 shorts,PRESENCE,present,ABSENT
NiClodData,Unknown Clod Shorts 1,PRESENCE,present,ABSENT
NiClodData,Unknown Clod Shorts 2,PRESENCE,present,ABSENT
NiClodData,Unknown Clod Shorts 3,PRESENCE,present,ABSENT
NiClodData,Unknown Count 1,PRESENCE,present,ABSENT
NiClodData,Unknown Count 2,PRESENCE,present,ABSENT
NiClodData,Unknown Count 3,PRESENCE,present,ABSENT
NiClodData,Unknown Float,PRESENCE,present,ABSENT
NiClodData,Unknown Int,PRESENCE,present,ABSENT
NiClodData,Unknown Int 2,PRESENCE,present,ABSENT
NiClodData,Unknown Short,PRESENCE,present,ABSENT
NiClodData,Unknown Shorts,PRESENCE,present,ABSENT
NiClodData,Vertex Colors,PRESENCE,present,ABSENT
NiClodData,Vertices,PRESENCE,present,ABSENT
NiClodSkinInstance,Bones,PRESENCE,present,ABSENT
NiClodSkinInstance,Data,PRESENCE,present,ABSENT
NiClodSkinInstance,Num Bones,PRESENCE,present,ABSENT
NiClodSkinInstance,Skeleton Root,PRESENCE,present,ABSENT
NiClodSkinInstance,Skin Partition,PRESENCE,present,ABSENT
NiCollisionData,Bounding Volume,FIELD_WIDTH_IF_FIXED,var(BoundingVolume contains var),var(unknown-type)
NiColorData,Data,FIELD_WIDTH_IF_FIXED,var(KeyGroup contains var),var(unknown-type)
NiColorExtraData,Data,FIELD_WIDTH_IF_FIXED,16,var(unknown-type)
NiColorExtraData,Extra Data,PRESENCE,ABSENT,present
NiColorExtraData,Num Bytes,PRESENCE,ABSENT,present
NiColorExtraDataController,Extra Data Name,PRESENCE,ABSENT,present
NiColorExtraDataController,Flags,PRESENCE,ABSENT,present
NiColorExtraDataController,Frequency,PRESENCE,ABSENT,present
NiColorExtraDataController,Interpolator,PRESENCE,ABSENT,present
NiColorExtraDataController,Manager Controlled,PRESENCE,ABSENT,present
NiColorExtraDataController,Next Controller,PRESENCE,ABSENT,present
NiColorExtraDataController,Phase,PRESENCE,ABSENT,present
NiColorExtraDataController,Start Time,PRESENCE,ABSENT,present
NiColorExtraDataController,Stop Time,PRESENCE,ABSENT,present
NiColorExtraDataController,Target,PRESENCE,ABSENT,present
NiColorExtraDataController,Unknown Integer,PRESENCE,ABSENT,present
NiColorInterpolator,Data,PRESENCE,ABSENT,present
NiColorInterpolator,Value,PRESENCE,ABSENT,present
NiControllerManager,Flags,FIELD_TYPE,Flags,TimeControllerFlags
NiControllerManager,Flags,FIELD_WIDTH_IF_FIXED,var(unknown-type),2
NiControllerSequence,Accum Flags,PRESENCE,ABSENT,present
NiControllerSequence,Accum Root Name,APPLIES_TO_10_1_0_0,False,True
NiControllerSequence,Accum Root Name,INHERITED_FROM,SELF,NiSequence
NiControllerSequence,Anim Note Arrays,PRESENCE,ABSENT,present
NiControllerSequence,Array Grow By,PRESENCE,ABSENT,present
NiControllerSequence,Controlled Blocks,FIELD_TYPE,ControllerLink,ControlledBlock
NiControllerSequence,Controlled Blocks,FIELD_WIDTH_IF_FIXED,var(ControllerLink contains var),var(unknown-type)
NiControllerSequence,DIV2 Ints,PRESENCE,ABSENT,present
NiControllerSequence,DIV2 Ref,PRESENCE,ABSENT,present
NiControllerSequence,Num Anim Note Arrays,PRESENCE,ABSENT,present
NiControllerSequence,Num DIV2 Ints,PRESENCE,ABSENT,present
NiControllerSequence,Phase,PRESENCE,ABSENT,present
NiControllerSequence,Play Backwards,PRESENCE,ABSENT,present
NiControllerSequence,Target Name,PRESENCE,present,ABSENT
NiControllerSequence,Text Keys Name,PRESENCE,present,ABSENT
NiControllerSequence,Unknown Byte,PRESENCE,present,ABSENT
NiControllerSequence,Unknown Float 2,PRESENCE,present,ABSENT
NiControllerSequence,Unknown Int 0,PRESENCE,present,ABSENT
NiControllerSequence,Unknown Int 1,PRESENCE,present,ABSENT
NiControllerSequence,Unknown Int 3,PRESENCE,present,ABSENT
NiControllerSequence,Unknown Int 4,PRESENCE,present,ABSENT
NiControllerSequence,Unknown Int 5,PRESENCE,present,ABSENT
NiControllerSequence,Unknown Short 1,PRESENCE,present,ABSENT
NiDataStream,Access,PRESENCE,present,ABSENT
NiDataStream,Cloning Behavior,PRESENCE,present,ABSENT
NiDataStream,Component Formats,PRESENCE,present,ABSENT
NiDataStream,Data,PRESENCE,present,ABSENT
NiDataStream,Num Bytes,PRESENCE,present,ABSENT
NiDataStream,Num Components,PRESENCE,present,ABSENT
NiDataStream,Num Regions,PRESENCE,present,ABSENT
NiDataStream,Regions,PRESENCE,present,ABSENT
NiDataStream,Streamable,PRESENCE,present,ABSENT
NiDataStream,Usage,PRESENCE,present,ABSENT
NiDefaultAVObjectPalette,Objs,FIELD_WIDTH_IF_FIXED,var(AVObject contains var),var(unknown-type)
NiDefaultAVObjectPalette,Scene,PRESENCE,ABSENT,present
NiDefaultAVObjectPalette,Unknown Int,PRESENCE,present,ABSENT
NiDirectionalLight,Affected Node List Pointers,PRESENCE,present,ABSENT
NiDirectionalLight,Affected Node Pointers,PRESENCE,ABSENT,present
NiDirectionalLight,Ambient Color,FIELD_WIDTH_IF_FIXED,12,var(unknown-type)
NiDirectionalLight,Bounding Box,PRESENCE,present,ABSENT
NiDirectionalLight,Bounding Volume,PRESENCE,ABSENT,present
NiDirectionalLight,Diffuse Color,FIELD_WIDTH_IF_FIXED,12,var(unknown-type)
NiDirectionalLight,Has Bounding Box,PRESENCE,present,ABSENT
NiDirectionalLight,Has Bounding Volume,PRESENCE,ABSENT,present
NiDirectionalLight,Has Old Extra Data,PRESENCE,present,ABSENT
NiDirectionalLight,Legacy Extra Data,PRESENCE,ABSENT,present
NiDirectionalLight,Num Affected Node List Pointers,PRESENCE,present,ABSENT
NiDirectionalLight,Num Properties,APPLIES_TO_10_1_0_0,True,UNRESOLVED
NiDirectionalLight,Old Extra Internal Id,PRESENCE,present,ABSENT
NiDirectionalLight,Old Extra Prop Name,PRESENCE,present,ABSENT
NiDirectionalLight,Old Extra String,PRESENCE,present,ABSENT
NiDirectionalLight,Properties,APPLIES_TO_10_1_0_0,True,UNRESOLVED
NiDirectionalLight,Rotation,FIELD_WIDTH_IF_FIXED,36,var(unknown-type)
NiDirectionalLight,Shader Type,PRESENCE,ABSENT,present
NiDirectionalLight,Skyrim Shader Type,PRESENCE,present,ABSENT
NiDirectionalLight,Specular Color,FIELD_WIDTH_IF_FIXED,12,var(unknown-type)
NiDirectionalLight,Translation,FIELD_WIDTH_IF_FIXED,12,var(unknown-type)
NiDirectionalLight,Unknown Byte,PRESENCE,present,ABSENT
NiDirectionalLight,Unknown Short 1,PRESENCE,present,ABSENT
NiDirectionalLight,Velocity,FIELD_WIDTH_IF_FIXED,12,var(unknown-type)
NiDitherProperty,Flags,FIELD_TYPE,Flags,DitherFlags
NiDitherProperty,Flags,FIELD_WIDTH_IF_FIXED,var(unknown-type),2
NiDitherProperty,Has Old Extra Data,PRESENCE,present,ABSENT
NiDitherProperty,Legacy Extra Data,PRESENCE,ABSENT,present
NiDitherProperty,Old Extra Internal Id,PRESENCE,present,ABSENT
NiDitherProperty,Old Extra Prop Name,PRESENCE,present,ABSENT
NiDitherProperty,Old Extra String,PRESENCE,present,ABSENT
NiDitherProperty,Shader Type,PRESENCE,ABSENT,present
NiDitherProperty,Skyrim Shader Type,PRESENCE,present,ABSENT
NiDitherProperty,Unknown Byte,PRESENCE,present,ABSENT
NiDynamicEffect,Affected Node List Pointers,PRESENCE,present,ABSENT
NiDynamicEffect,Affected Node Pointers,PRESENCE,ABSENT,present
NiDynamicEffect,Bounding Box,PRESENCE,present,ABSENT
NiDynamicEffect,Bounding Volume,PRESENCE,ABSENT,present
NiDynamicEffect,Has Bounding Box,PRESENCE,present,ABSENT
NiDynamicEffect,Has Bounding Volume,PRESENCE,ABSENT,present
NiDynamicEffect,Has Old Extra Data,PRESENCE,present,ABSENT
NiDynamicEffect,Legacy Extra Data,PRESENCE,ABSENT,present
NiDynamicEffect,Num Affected Node List Pointers,PRESENCE,present,ABSENT
NiDynamicEffect,Num Properties,APPLIES_TO_10_1_0_0,True,UNRESOLVED
NiDynamicEffect,Old Extra Internal Id,PRESENCE,present,ABSENT
NiDynamicEffect,Old Extra Prop Name,PRESENCE,present,ABSENT
NiDynamicEffect,Old Extra String,PRESENCE,present,ABSENT
NiDynamicEffect,Properties,APPLIES_TO_10_1_0_0,True,UNRESOLVED
NiDynamicEffect,Rotation,FIELD_WIDTH_IF_FIXED,36,var(unknown-type)
NiDynamicEffect,Shader Type,PRESENCE,ABSENT,present
NiDynamicEffect,Skyrim Shader Type,PRESENCE,present,ABSENT
NiDynamicEffect,Translation,FIELD_WIDTH_IF_FIXED,12,var(unknown-type)
NiDynamicEffect,Unknown Byte,PRESENCE,present,ABSENT
NiDynamicEffect,Unknown Short 1,PRESENCE,present,ABSENT
NiDynamicEffect,Velocity,FIELD_WIDTH_IF_FIXED,12,var(unknown-type)
NiEnvMappedTriShape,Child 2,PRESENCE,present,ABSENT
NiEnvMappedTriShape,Child 3,PRESENCE,present,ABSENT
NiEnvMappedTriShape,Children,PRESENCE,present,ABSENT
NiEnvMappedTriShape,Controller,PRESENCE,present,ABSENT
NiEnvMappedTriShape,Extra Data,PRESENCE,present,ABSENT
NiEnvMappedTriShape,Extra Data List,PRESENCE,present,ABSENT
NiEnvMappedTriShape,Has Old Extra Data,PRESENCE,present,ABSENT
NiEnvMappedTriShape,Name,PRESENCE,present,ABSENT
NiEnvMappedTriShape,Num Children,PRESENCE,present,ABSENT
NiEnvMappedTriShape,Num Extra Data List,PRESENCE,present,ABSENT
NiEnvMappedTriShape,Old Extra Internal Id,PRESENCE,present,ABSENT
NiEnvMappedTriShape,Old Extra Prop Name,PRESENCE,present,ABSENT
NiEnvMappedTriShape,Old Extra String,PRESENCE,present,ABSENT
NiEnvMappedTriShape,Skyrim Shader Type,PRESENCE,present,ABSENT
NiEnvMappedTriShape,Unknown 1,PRESENCE,present,ABSENT
NiEnvMappedTriShape,Unknown Byte,PRESENCE,present,ABSENT
NiEnvMappedTriShape,Unknown Matrix,PRESENCE,present,ABSENT
NiEnvMappedTriShapeData,BS Max Vertices,PRESENCE,present,ABSENT
NiEnvMappedTriShapeData,Bitangents,PRESENCE,present,ABSENT
NiEnvMappedTriShapeData,Center,PRESENCE,present,ABSENT
NiEnvMappedTriShapeData,Compress Flags,PRESENCE,present,ABSENT
NiEnvMappedTriShapeData,Consistency Flags,APPLIES_TO_10_1_0_0,True,False
NiEnvMappedTriShapeData,Extra Vectors Flags,PRESENCE,present,ABSENT
NiEnvMappedTriShapeData,Has Normals,PRESENCE,present,ABSENT
NiEnvMappedTriShapeData,Has Triangles,PRESENCE,present,ABSENT
NiEnvMappedTriShapeData,Has UV,PRESENCE,present,ABSENT
NiEnvMappedTriShapeData,Has Vertex Colors,PRESENCE,present,ABSENT
NiEnvMappedTriShapeData,Has Vertices,PRESENCE,present,ABSENT
NiEnvMappedTriShapeData,Keep Flags,PRESENCE,present,ABSENT
NiEnvMappedTriShapeData,Match Groups,PRESENCE,present,ABSENT
NiEnvMappedTriShapeData,Normals,PRESENCE,present,ABSENT
NiEnvMappedTriShapeData,Num Match Groups,PRESENCE,present,ABSENT
NiEnvMappedTriShapeData,Num Triangle Points,PRESENCE,present,ABSENT
NiEnvMappedTriShapeData,Num Triangles,PRESENCE,present,ABSENT
NiEnvMappedTriShapeData,Num UV Sets,APPLIES_TO_10_1_0_0,True,False
NiEnvMappedTriShapeData,Num UV Sets,FIELD_TYPE,byte,ushort
NiEnvMappedTriShapeData,Num UV Sets,FIELD_WIDTH_IF_FIXED,1,2
NiEnvMappedTriShapeData,Radius,PRESENCE,present,ABSENT
NiEnvMappedTriShapeData,Tangents,PRESENCE,present,ABSENT
NiEnvMappedTriShapeData,Triangles,APPLIES_TO_10_1_0_0,False,True
NiEnvMappedTriShapeData,UV Sets,PRESENCE,present,ABSENT
NiEnvMappedTriShapeData,Unknown 13 shorts,PRESENCE,present,ABSENT
NiEnvMappedTriShapeData,Unknown Int,PRESENCE,present,ABSENT
NiEnvMappedTriShapeData,Unknown Int 2,PRESENCE,present,ABSENT
NiEnvMappedTriShapeData,Vertex Colors,PRESENCE,present,ABSENT
NiEnvMappedTriShapeData,Vertices,PRESENCE,present,ABSENT
NiExtraData,Extra Data,PRESENCE,ABSENT,present
NiExtraData,Num Bytes,PRESENCE,ABSENT,present
NiExtraDataController,Extra Data Name,PRESENCE,ABSENT,present
NiExtraDataController,Flags,FIELD_TYPE,Flags,TimeControllerFlags
NiExtraDataController,Flags,FIELD_WIDTH_IF_FIXED,var(unknown-type),2
NiExtraDataController,Manager Controlled,PRESENCE,ABSENT,present
NiFlipController,Accum Time,PRESENCE,ABSENT,present
NiFlipController,Flags,FIELD_TYPE,Flags,TimeControllerFlags
NiFlipController,Flags,FIELD_WIDTH_IF_FIXED,var(unknown-type),2
NiFlipController,Manager Controlled,PRESENCE,ABSENT,present
NiFlipController,Unknown Int 2,PRESENCE,present,ABSENT
NiFloatData,Data,FIELD_WIDTH_IF_FIXED,var(KeyGroup contains var),var(unknown-type)
NiFloatExtraData,Extra Data,PRESENCE,ABSENT,present
NiFloatExtraData,Num Bytes,PRESENCE,ABSENT,present
NiFloatExtraDataController,Controller Data,PRESENCE,present,ABSENT
NiFloatExtraDataController,Data,PRESENCE,ABSENT,present
NiFloatExtraDataController,Extra Data Name,PRESENCE,ABSENT,present
NiFloatExtraDataController,Flags,FIELD_TYPE,Flags,TimeControllerFlags
NiFloatExtraDataController,Flags,FIELD_WIDTH_IF_FIXED,var(unknown-type),2
NiFloatExtraDataController,Manager Controlled,PRESENCE,ABSENT,present
NiFloatInterpController,Flags,FIELD_TYPE,Flags,TimeControllerFlags
NiFloatInterpController,Flags,FIELD_WIDTH_IF_FIXED,var(unknown-type),2
NiFloatInterpController,Manager Controlled,PRESENCE,ABSENT,present
NiFloatInterpolator,Float Value,PRESENCE,present,ABSENT
NiFloatInterpolator,Value,PRESENCE,ABSENT,present
NiFloatsExtraData,Extra Data,PRESENCE,ABSENT,present
NiFloatsExtraData,Num Bytes,PRESENCE,ABSENT,present
NiFloatsExtraDataController,Data,PRESENCE,ABSENT,present
NiFloatsExtraDataController,Extra Data Name,PRESENCE,ABSENT,present
NiFloatsExtraDataController,Flags,PRESENCE,ABSENT,present
NiFloatsExtraDataController,Floats Extra Data Index,PRESENCE,ABSENT,present
NiFloatsExtraDataController,Frequency,PRESENCE,ABSENT,present
NiFloatsExtraDataController,Interpolator,PRESENCE,ABSENT,present
NiFloatsExtraDataController,Manager Controlled,PRESENCE,ABSENT,present
NiFloatsExtraDataController,Next Controller,PRESENCE,ABSENT,present
NiFloatsExtraDataController,Phase,PRESENCE,ABSENT,present
NiFloatsExtraDataController,Start Time,PRESENCE,ABSENT,present
NiFloatsExtraDataController,Stop Time,PRESENCE,ABSENT,present
NiFloatsExtraDataController,Target,PRESENCE,ABSENT,present
NiFloatsExtraDataController,Unknown Integer,PRESENCE,ABSENT,present
NiFloatsExtraDataPoint3Controller,Extra Data Name,PRESENCE,ABSENT,present
NiFloatsExtraDataPoint3Controller,Flags,PRESENCE,ABSENT,present
NiFloatsExtraDataPoint3Controller,Floats Extra Data Index,PRESENCE,ABSENT,present
NiFloatsExtraDataPoint3Controller,Frequency,PRESENCE,ABSENT,present
NiFloatsExtraDataPoint3Controller,Interpolator,PRESENCE,ABSENT,present
NiFloatsExtraDataPoint3Controller,Manager Controlled,PRESENCE,ABSENT,present
NiFloatsExtraDataPoint3Controller,Next Controller,PRESENCE,ABSENT,present
NiFloatsExtraDataPoint3Controller,Phase,PRESENCE,ABSENT,present
NiFloatsExtraDataPoint3Controller,Start Time,PRESENCE,ABSENT,present
NiFloatsExtraDataPoint3Controller,Stop Time,PRESENCE,ABSENT,present
NiFloatsExtraDataPoint3Controller,Target,PRESENCE,ABSENT,present
NiFloatsExtraDataPoint3Controller,Unknown Integer,PRESENCE,ABSENT,present
NiFogProperty,Flags,FIELD_TYPE,Flags,FogFlags
NiFogProperty,Flags,FIELD_WIDTH_IF_FIXED,var(unknown-type),2
NiFogProperty,Fog Color,FIELD_WIDTH_IF_FIXED,12,var(unknown-type)
NiFogProperty,Has Old Extra Data,PRESENCE,present,ABSENT
NiFogProperty,Legacy Extra Data,PRESENCE,ABSENT,present
NiFogProperty,Old Extra Internal Id,PRESENCE,present,ABSENT
NiFogProperty,Old Extra Prop Name,PRESENCE,present,ABSENT
NiFogProperty,Old Extra String,PRESENCE,present,ABSENT
NiFogProperty,Shader Type,PRESENCE,ABSENT,present
NiFogProperty,Skyrim Shader Type,PRESENCE,present,ABSENT
NiFogProperty,Unknown Byte,PRESENCE,present,ABSENT
NiFurSpringController,Flags,FIELD_TYPE,Flags,TimeControllerFlags
NiFurSpringController,Flags,FIELD_WIDTH_IF_FIXED,var(unknown-type),2
NiGeomMorpherController,Extra Flags,PRESENCE,present,ABSENT
NiGeomMorpherController,Flags,FIELD_TYPE,Flags,TimeControllerFlags
NiGeomMorpherController,Flags,FIELD_WIDTH_IF_FIXED,var(unknown-type),2
NiGeomMorpherController,Interpolator Weights,FIELD_WIDTH_IF_FIXED,8,var(unknown-type)
NiGeomMorpherController,Manager Controlled,PRESENCE,ABSENT,present
NiGeomMorpherController,Morpher Flags,PRESENCE,ABSENT,present
NiGeomMorpherController,Unknown 2,PRESENCE,present,ABSENT
NiGeometry,Active Material,PRESENCE,present,ABSENT
NiGeometry,Alpha Property,PRESENCE,ABSENT,present
NiGeometry,BS Properties,PRESENCE,present,ABSENT
NiGeometry,Bound Min Max,PRESENCE,ABSENT,present
NiGeometry,Bounding Box,PRESENCE,present,ABSENT
NiGeometry,Bounding Sphere,PRESENCE,ABSENT,present
NiGeometry,Bounding Volume,PRESENCE,ABSENT,present
NiGeometry,Dirty Flag,PRESENCE,present,ABSENT
NiGeometry,Has Bounding Box,PRESENCE,present,ABSENT
NiGeometry,Has Bounding Volume,PRESENCE,ABSENT,present
NiGeometry,Has Old Extra Data,PRESENCE,present,ABSENT
NiGeometry,Has Shader,PRESENCE,present,ABSENT
NiGeometry,Legacy Extra Data,PRESENCE,ABSENT,present
NiGeometry,Material Data,APPLIES_TO_10_1_0_0,False,UNRESOLVED
NiGeometry,Material Extra Data,PRESENCE,present,ABSENT
NiGeometry,Material Name,PRESENCE,present,ABSENT
NiGeometry,Num Materials,PRESENCE,present,ABSENT
NiGeometry,Num Properties,APPLIES_TO_10_1_0_0,True,UNRESOLVED
NiGeometry,Old Extra Internal Id,PRESENCE,present,ABSENT
NiGeometry,Old Extra Prop Name,PRESENCE,present,ABSENT
NiGeometry,Old Extra String,PRESENCE,present,ABSENT
NiGeometry,Properties,APPLIES_TO_10_1_0_0,True,UNRESOLVED
NiGeometry,Rotation,FIELD_WIDTH_IF_FIXED,36,var(unknown-type)
NiGeometry,Shader Name,PRESENCE,present,ABSENT
NiGeometry,Shader Property,PRESENCE,ABSENT,present
NiGeometry,Shader Type,PRESENCE,ABSENT,present
NiGeometry,Skin,PRESENCE,ABSENT,present
NiGeometry,Skyrim Shader Type,PRESENCE,present,ABSENT
NiGeometry,Translation,FIELD_WIDTH_IF_FIXED,12,var(unknown-type)
NiGeometry,Unknown Byte,INHERITED_FROM,NiObjectNET,SELF
NiGeometry,Unknown Integer,PRESENCE,present,ABSENT
NiGeometry,Unknown Integer 2,PRESENCE,present,ABSENT
NiGeometry,Unknown Short 1,PRESENCE,present,ABSENT
NiGeometry,Velocity,FIELD_WIDTH_IF_FIXED,12,var(unknown-type)
NiGeometryData,BS Data Flags,PRESENCE,ABSENT,present
NiGeometryData,Bitangents,FIELD_WIDTH_IF_FIXED,12,var(unknown-type)
NiGeometryData,Bounding Sphere,PRESENCE,ABSENT,present
NiGeometryData,Center,PRESENCE,present,ABSENT
NiGeometryData,DIV2 Floats,PRESENCE,ABSENT,present
NiGeometryData,Data Flags,APPLIES_TO_10_1_0_0,False,UNRESOLVED
NiGeometryData,Extra Vectors Flags,PRESENCE,present,ABSENT
NiGeometryData,Group ID,PRESENCE,ABSENT,present
NiGeometryData,Has DIV2 Floats,PRESENCE,ABSENT,present
NiGeometryData,Material CRC,PRESENCE,ABSENT,present
NiGeometryData,Normals,FIELD_WIDTH_IF_FIXED,12,var(unknown-type)
NiGeometryData,Num UV Sets,APPLIES_TO_10_1_0_0,True,False
NiGeometryData,Num UV Sets,FIELD_TYPE,byte,ushort
NiGeometryData,Num UV Sets,FIELD_WIDTH_IF_FIXED,1,2
NiGeometryData,Radius,PRESENCE,present,ABSENT
NiGeometryData,Tangents,FIELD_WIDTH_IF_FIXED,12,var(unknown-type)
NiGeometryData,UV Sets,FIELD_WIDTH_IF_FIXED,8,var(unknown-type)
NiGeometryData,UV Sets,ARRAY_RELATION,array per (Num UV Sets & 63),array per ((Data Flags #BITAND# 63) #BITOR# (BS Data Flags #BITAND# 1))
NiGeometryData,Unknown 13 shorts,PRESENCE,present,ABSENT
NiGeometryData,Unknown Int,PRESENCE,present,ABSENT
NiGeometryData,Unknown Int 2,PRESENCE,present,ABSENT
NiGeometryData,Vertex Colors,FIELD_WIDTH_IF_FIXED,16,var(unknown-type)
NiGeometryData,Vertices,FIELD_WIDTH_IF_FIXED,12,var(unknown-type)
NiGravity,Controller,PRESENCE,present,ABSENT
NiGravity,Direction,PRESENCE,present,ABSENT
NiGravity,Force,PRESENCE,present,ABSENT
NiGravity,Next Modifier,PRESENCE,present,ABSENT
NiGravity,Position,PRESENCE,present,ABSENT
NiGravity,Type,PRESENCE,present,ABSENT
NiGravity,Unknown Float 1,PRESENCE,present,ABSENT
NiImage,File Name,PRESENCE,present,ABSENT
NiImage,Image Data,PRESENCE,present,ABSENT
NiImage,Unknown Float,PRESENCE,present,ABSENT
NiImage,Unknown Int,PRESENCE,present,ABSENT
NiImage,Use External,PRESENCE,present,ABSENT
NiInstancingMeshModifier,Complete Points,PRESENCE,present,ABSENT
NiInstancingMeshModifier,Num Complete Points,PRESENCE,present,ABSENT
NiInstancingMeshModifier,Num Submit Points,PRESENCE,present,ABSENT
NiInstancingMeshModifier,Submit Points,PRESENCE,present,ABSENT
NiIntegerExtraData,Extra Data,PRESENCE,ABSENT,present
NiIntegerExtraData,Num Bytes,PRESENCE,ABSENT,present
NiIntegersExtraData,Extra Data,PRESENCE,ABSENT,present
NiIntegersExtraData,Num Bytes,PRESENCE,ABSENT,present
NiInterpController,Flags,FIELD_TYPE,Flags,TimeControllerFlags
NiInterpController,Flags,FIELD_WIDTH_IF_FIXED,var(unknown-type),2
NiInterpController,Manager Controlled,PRESENCE,ABSENT,present
NiKeyframeController,Flags,FIELD_TYPE,Flags,TimeControllerFlags
NiKeyframeController,Flags,FIELD_WIDTH_IF_FIXED,var(unknown-type),2
NiKeyframeController,Manager Controlled,PRESENCE,ABSENT,present
NiKeyframeData,Order,PRESENCE,ABSENT,present
NiKeyframeData,Quaternion Keys,FIELD_WIDTH_IF_FIXED,var(QuatKey contains var),var(unknown-type)
NiKeyframeData,Scales,FIELD_WIDTH_IF_FIXED,var(KeyGroup contains var),var(unknown-type)
NiKeyframeData,Translations,FIELD_WIDTH_IF_FIXED,var(KeyGroup contains var),var(unknown-type)
NiKeyframeData,Unknown Float,PRESENCE,present,ABSENT
NiKeyframeData,XYZ Rotations,FIELD_WIDTH_IF_FIXED,var(KeyGroup contains var),var(unknown-type)
NiLODNode,Bounding Box,PRESENCE,present,ABSENT
NiLODNode,Bounding Volume,PRESENCE,ABSENT,present
NiLODNode,Effects,APPLIES_TO_10_1_0_0,True,UNRESOLVED
NiLODNode,Has Bounding Box,PRESENCE,present,ABSENT
NiLODNode,Has Bounding Volume,PRESENCE,ABSENT,present
NiLODNode,Has Old Extra Data,PRESENCE,present,ABSENT
NiLODNode,Index,PRESENCE,ABSENT,present
NiLODNode,LOD Center,FIELD_WIDTH_IF_FIXED,12,var(unknown-type)
NiLODNode,LOD Levels,FIELD_WIDTH_IF_FIXED,8,var(unknown-type)
NiLODNode,Legacy Extra Data,PRESENCE,ABSENT,present
NiLODNode,Num Effects,APPLIES_TO_10_1_0_0,True,UNRESOLVED
NiLODNode,Num Properties,APPLIES_TO_10_1_0_0,True,UNRESOLVED
NiLODNode,Old Extra Internal Id,PRESENCE,present,ABSENT
NiLODNode,Old Extra Prop Name,PRESENCE,present,ABSENT
NiLODNode,Old Extra String,PRESENCE,present,ABSENT
NiLODNode,Properties,APPLIES_TO_10_1_0_0,True,UNRESOLVED
NiLODNode,Rotation,FIELD_WIDTH_IF_FIXED,36,var(unknown-type)
NiLODNode,Shader Type,PRESENCE,ABSENT,present
NiLODNode,Skyrim Shader Type,PRESENCE,present,ABSENT
NiLODNode,Switch Node Flags,PRESENCE,ABSENT,present
NiLODNode,Translation,FIELD_WIDTH_IF_FIXED,12,var(unknown-type)
NiLODNode,Unknown Byte,PRESENCE,present,ABSENT
NiLODNode,Unknown Flags 1,PRESENCE,present,ABSENT
NiLODNode,Unknown Int 1,PRESENCE,present,ABSENT
NiLODNode,Unknown Short 1,PRESENCE,present,ABSENT
NiLODNode,Velocity,FIELD_WIDTH_IF_FIXED,12,var(unknown-type)
NiLight,Affected Node List Pointers,PRESENCE,present,ABSENT
NiLight,Affected Node Pointers,PRESENCE,ABSENT,present
NiLight,Ambient Color,FIELD_WIDTH_IF_FIXED,12,var(unknown-type)
NiLight,Bounding Box,PRESENCE,present,ABSENT
NiLight,Bounding Volume,PRESENCE,ABSENT,present
NiLight,Diffuse Color,FIELD_WIDTH_IF_FIXED,12,var(unknown-type)
NiLight,Has Bounding Box,PRESENCE,present,ABSENT
NiLight,Has Bounding Volume,PRESENCE,ABSENT,present
NiLight,Has Old Extra Data,PRESENCE,present,ABSENT
NiLight,Legacy Extra Data,PRESENCE,ABSENT,present
NiLight,Num Affected Node List Pointers,PRESENCE,present,ABSENT
NiLight,Num Properties,APPLIES_TO_10_1_0_0,True,UNRESOLVED
NiLight,Old Extra Internal Id,PRESENCE,present,ABSENT
NiLight,Old Extra Prop Name,PRESENCE,present,ABSENT
NiLight,Old Extra String,PRESENCE,present,ABSENT
NiLight,Properties,APPLIES_TO_10_1_0_0,True,UNRESOLVED
NiLight,Rotation,FIELD_WIDTH_IF_FIXED,36,var(unknown-type)
NiLight,Shader Type,PRESENCE,ABSENT,present
NiLight,Skyrim Shader Type,PRESENCE,present,ABSENT
NiLight,Specular Color,FIELD_WIDTH_IF_FIXED,12,var(unknown-type)
NiLight,Translation,FIELD_WIDTH_IF_FIXED,12,var(unknown-type)
NiLight,Unknown Byte,PRESENCE,present,ABSENT
NiLight,Unknown Short 1,PRESENCE,present,ABSENT
NiLight,Velocity,FIELD_WIDTH_IF_FIXED,12,var(unknown-type)
NiLightColorController,Data,INHERITED_FROM,NiPoint3InterpController,SELF
NiLightColorController,Flags,FIELD_TYPE,Flags,TimeControllerFlags
NiLightColorController,Flags,FIELD_WIDTH_IF_FIXED,var(unknown-type),2
NiLightColorController,Manager Controlled,PRESENCE,ABSENT,present
NiLightColorController,Target Color,FIELD_TYPE,TargetColor,LightColor
NiLightColorController,Target Color,INHERITED_FROM,NiPoint3InterpController,SELF
NiLightDimmerController,Flags,FIELD_TYPE,Flags,TimeControllerFlags
NiLightDimmerController,Flags,FIELD_WIDTH_IF_FIXED,var(unknown-type),2
NiLightDimmerController,Manager Controlled,PRESENCE,ABSENT,present
NiLightIntensityController,Flags,FIELD_TYPE,Flags,TimeControllerFlags
NiLightIntensityController,Flags,FIELD_WIDTH_IF_FIXED,var(unknown-type),2
NiLightIntensityController,Manager Controlled,PRESENCE,ABSENT,present
NiLightRadiusController,Flags,PRESENCE,ABSENT,present
NiLightRadiusController,Frequency,PRESENCE,ABSENT,present
NiLightRadiusController,Interpolator,PRESENCE,ABSENT,present
NiLightRadiusController,Manager Controlled,PRESENCE,ABSENT,present
NiLightRadiusController,Next Controller,PRESENCE,ABSENT,present
NiLightRadiusController,Phase,PRESENCE,ABSENT,present
NiLightRadiusController,Start Time,PRESENCE,ABSENT,present
NiLightRadiusController,Stop Time,PRESENCE,ABSENT,present
NiLightRadiusController,Target,PRESENCE,ABSENT,present
NiLightRadiusController,Unknown Integer,PRESENCE,ABSENT,present
NiLines,Active Material,PRESENCE,present,ABSENT
NiLines,Alpha Property,PRESENCE,ABSENT,present
NiLines,BS Properties,PRESENCE,present,ABSENT
NiLines,Bound Min Max,PRESENCE,ABSENT,present
NiLines,Bounding Box,PRESENCE,present,ABSENT
NiLines,Bounding Sphere,PRESENCE,ABSENT,present
NiLines,Bounding Volume,PRESENCE,ABSENT,present
NiLines,Dirty Flag,PRESENCE,present,ABSENT
NiLines,Has Bounding Box,PRESENCE,present,ABSENT
NiLines,Has Bounding Volume,PRESENCE,ABSENT,present
NiLines,Has Old Extra Data,PRESENCE,present,ABSENT
NiLines,Has Shader,PRESENCE,present,ABSENT
NiLines,Legacy Extra Data,PRESENCE,ABSENT,present
NiLines,Material Data,APPLIES_TO_10_1_0_0,False,UNRESOLVED
NiLines,Material Extra Data,PRESENCE,present,ABSENT
NiLines,Material Name,PRESENCE,present,ABSENT
NiLines,Num Materials,PRESENCE,present,ABSENT
NiLines,Num Properties,APPLIES_TO_10_1_0_0,True,UNRESOLVED
NiLines,Old Extra Internal Id,PRESENCE,present,ABSENT
NiLines,Old Extra Prop Name,PRESENCE,present,ABSENT
NiLines,Old Extra String,PRESENCE,present,ABSENT
NiLines,Properties,APPLIES_TO_10_1_0_0,True,UNRESOLVED
NiLines,Rotation,FIELD_WIDTH_IF_FIXED,36,var(unknown-type)
NiLines,Shader Name,PRESENCE,present,ABSENT
NiLines,Shader Property,PRESENCE,ABSENT,present
NiLines,Shader Type,PRESENCE,ABSENT,present
NiLines,Skin,PRESENCE,ABSENT,present
NiLines,Skyrim Shader Type,PRESENCE,present,ABSENT
NiLines,Translation,FIELD_WIDTH_IF_FIXED,12,var(unknown-type)
NiLines,Unknown Byte,INHERITED_FROM,NiObjectNET,NiGeometry
NiLines,Unknown Integer,PRESENCE,present,ABSENT
NiLines,Unknown Integer 2,PRESENCE,present,ABSENT
NiLines,Unknown Short 1,PRESENCE,present,ABSENT
NiLines,Velocity,FIELD_WIDTH_IF_FIXED,12,var(unknown-type)
NiLinesData,BS Data Flags,PRESENCE,ABSENT,present
NiLinesData,Bitangents,FIELD_WIDTH_IF_FIXED,12,var(unknown-type)
NiLinesData,Bounding Sphere,PRESENCE,ABSENT,present
NiLinesData,Center,PRESENCE,present,ABSENT
NiLinesData,DIV2 Floats,PRESENCE,ABSENT,present
NiLinesData,Data Flags,APPLIES_TO_10_1_0_0,False,UNRESOLVED
NiLinesData,Extra Vectors Flags,PRESENCE,present,ABSENT
NiLinesData,Group ID,PRESENCE,ABSENT,present
NiLinesData,Has DIV2 Floats,PRESENCE,ABSENT,present
NiLinesData,Material CRC,PRESENCE,ABSENT,present
NiLinesData,Normals,FIELD_WIDTH_IF_FIXED,12,var(unknown-type)
NiLinesData,Num UV Sets,APPLIES_TO_10_1_0_0,True,False
NiLinesData,Num UV Sets,FIELD_TYPE,byte,ushort
NiLinesData,Num UV Sets,FIELD_WIDTH_IF_FIXED,1,2
NiLinesData,Radius,PRESENCE,present,ABSENT
NiLinesData,Tangents,FIELD_WIDTH_IF_FIXED,12,var(unknown-type)
NiLinesData,UV Sets,FIELD_WIDTH_IF_FIXED,8,var(unknown-type)
NiLinesData,UV Sets,ARRAY_RELATION,array per (Num UV Sets & 63),array per ((Data Flags #BITAND# 63) #BITOR# (BS Data Flags #BITAND# 1))
NiLinesData,Unknown 13 shorts,PRESENCE,present,ABSENT
NiLinesData,Unknown Int,PRESENCE,present,ABSENT
NiLinesData,Unknown Int 2,PRESENCE,present,ABSENT
NiLinesData,Vertex Colors,FIELD_WIDTH_IF_FIXED,16,var(unknown-type)
NiLinesData,Vertices,FIELD_WIDTH_IF_FIXED,12,var(unknown-type)
NiLookAtController,Flags,FIELD_TYPE,Flags,TimeControllerFlags
NiLookAtController,Flags,FIELD_WIDTH_IF_FIXED,var(unknown-type),2
NiLookAtController,Look At,PRESENCE,ABSENT,present
NiLookAtController,Look At Flags,PRESENCE,ABSENT,present
NiLookAtController,Look At Node,PRESENCE,present,ABSENT
NiLookAtController,Unknown1,PRESENCE,present,ABSENT
NiLookAtInterpolator,Flags,PRESENCE,ABSENT,present
NiLookAtInterpolator,Interpolator: Roll,PRESENCE,ABSENT,present
NiLookAtInterpolator,Interpolator: Scale,PRESENCE,ABSENT,present
NiLookAtInterpolator,Interpolator: Translation,PRESENCE,ABSENT,present
NiLookAtInterpolator,Look At Name,PRESENCE,ABSENT,present
NiLookAtInterpolator,Rotation,PRESENCE,present,ABSENT
NiLookAtInterpolator,Scale,PRESENCE,present,ABSENT
NiLookAtInterpolator,Target,PRESENCE,present,ABSENT
NiLookAtInterpolator,Transform,PRESENCE,ABSENT,present
NiLookAtInterpolator,Translation,PRESENCE,present,ABSENT
NiLookAtInterpolator,Unknown Link 1,PRESENCE,present,ABSENT
NiLookAtInterpolator,Unknown Link 2,PRESENCE,present,ABSENT
NiLookAtInterpolator,Unknown Link 3,PRESENCE,present,ABSENT
NiLookAtInterpolator,Unknown Short,PRESENCE,present,ABSENT
NiMaterialColorController,Data,INHERITED_FROM,NiPoint3InterpController,SELF
NiMaterialColorController,Flags,FIELD_TYPE,Flags,TimeControllerFlags
NiMaterialColorController,Flags,FIELD_WIDTH_IF_FIXED,var(unknown-type),2
NiMaterialColorController,Manager Controlled,PRESENCE,ABSENT,present
NiMaterialColorController,Target Color,FIELD_TYPE,TargetColor,MaterialColor
NiMaterialColorController,Target Color,INHERITED_FROM,NiPoint3InterpController,SELF
NiMaterialProperty,Ambient Color,APPLIES_TO_10_1_0_0,True,UNRESOLVED
NiMaterialProperty,Ambient Color,FIELD_WIDTH_IF_FIXED,12,var(unknown-type)
NiMaterialProperty,Diffuse Color,APPLIES_TO_10_1_0_0,True,UNRESOLVED
NiMaterialProperty,Diffuse Color,FIELD_WIDTH_IF_FIXED,12,var(unknown-type)
NiMaterialProperty,Emissive Color,FIELD_WIDTH_IF_FIXED,12,var(unknown-type)
NiMaterialProperty,Emissive Mult,PRESENCE,ABSENT,present
NiMaterialProperty,Emit Multi,PRESENCE,present,ABSENT
NiMaterialProperty,Flags,FIELD_TYPE,Flags,ushort
NiMaterialProperty,Flags,FIELD_WIDTH_IF_FIXED,var(unknown-type),2
NiMaterialProperty,Has Old Extra Data,PRESENCE,present,ABSENT
NiMaterialProperty,Legacy Extra Data,PRESENCE,ABSENT,present
NiMaterialProperty,Old Extra Internal Id,PRESENCE,present,ABSENT
NiMaterialProperty,Old Extra Prop Name,PRESENCE,present,ABSENT
NiMaterialProperty,Old Extra String,PRESENCE,present,ABSENT
NiMaterialProperty,Shader Type,PRESENCE,ABSENT,present
NiMaterialProperty,Skyrim Shader Type,PRESENCE,present,ABSENT
NiMaterialProperty,Specular Color,FIELD_WIDTH_IF_FIXED,12,var(unknown-type)
NiMaterialProperty,Unknown Byte,PRESENCE,present,ABSENT
NiMesh,Active Material,PRESENCE,present,ABSENT
NiMesh,Bound,PRESENCE,present,ABSENT
NiMesh,Bounding Box,PRESENCE,present,ABSENT
NiMesh,Collision Object,PRESENCE,present,ABSENT
NiMesh,Controller,PRESENCE,present,ABSENT
NiMesh,Datas,PRESENCE,present,ABSENT
NiMesh,Extra Data,PRESENCE,present,ABSENT
NiMesh,Extra Data List,PRESENCE,present,ABSENT
NiMesh,Flags,PRESENCE,present,ABSENT
NiMesh,Has Bounding Box,PRESENCE,present,ABSENT
NiMesh,Has Old Extra Data,PRESENCE,present,ABSENT
NiMesh,Instancing Enabled,PRESENCE,present,ABSENT
NiMesh,Material Data,PRESENCE,present,ABSENT
NiMesh,Material Needs Update Default,PRESENCE,present,ABSENT
NiMesh,Modifiers,PRESENCE,present,ABSENT
NiMesh,Name,PRESENCE,present,ABSENT
NiMesh,Num Datas,PRESENCE,present,ABSENT
NiMesh,Num Extra Data List,PRESENCE,present,ABSENT
NiMesh,Num Materials,PRESENCE,present,ABSENT
NiMesh,Num Modifiers,PRESENCE,present,ABSENT
NiMesh,Num Properties,PRESENCE,present,ABSENT
NiMesh,Num Submeshes,PRESENCE,present,ABSENT
NiMesh,Old Extra Internal Id,PRESENCE,present,ABSENT
NiMesh,Old Extra Prop Name,PRESENCE,present,ABSENT
NiMesh,Old Extra String,PRESENCE,present,ABSENT
NiMesh,Primitive Type,PRESENCE,present,ABSENT
NiMesh,Properties,PRESENCE,present,ABSENT
NiMesh,Rotation,PRESENCE,present,ABSENT
NiMesh,Scale,PRESENCE,present,ABSENT
NiMesh,Skyrim Shader Type,PRESENCE,present,ABSENT
NiMesh,Translation,PRESENCE,present,ABSENT
NiMesh,Unknown 1,PRESENCE,present,ABSENT
NiMesh,Unknown 100,PRESENCE,present,ABSENT
NiMesh,Unknown 101,PRESENCE,present,ABSENT
NiMesh,Unknown 102,PRESENCE,present,ABSENT
NiMesh,Unknown 103,PRESENCE,present,ABSENT
NiMesh,Unknown 2,PRESENCE,present,ABSENT
NiMesh,Unknown 200,PRESENCE,present,ABSENT
NiMesh,Unknown 201,PRESENCE,present,ABSENT
NiMesh,Unknown 250,PRESENCE,present,ABSENT
NiMesh,Unknown 251,PRESENCE,present,ABSENT
NiMesh,Unknown 300,PRESENCE,present,ABSENT
NiMesh,Unknown 301,PRESENCE,present,ABSENT
NiMesh,Unknown 302,PRESENCE,present,ABSENT
NiMesh,Unknown 303,PRESENCE,present,ABSENT
NiMesh,Unknown 350,PRESENCE,present,ABSENT
NiMesh,Unknown 351,PRESENCE,present,ABSENT
NiMesh,Unknown 400,PRESENCE,present,ABSENT
NiMesh,Unknown 51,PRESENCE,present,ABSENT
NiMesh,Unknown 52,PRESENCE,present,ABSENT
NiMesh,Unknown 53,PRESENCE,present,ABSENT
NiMesh,Unknown 54,PRESENCE,present,ABSENT
NiMesh,Unknown 55,PRESENCE,present,ABSENT
NiMesh,Unknown 56,PRESENCE,present,ABSENT
NiMesh,Unknown Byte,PRESENCE,present,ABSENT
NiMesh,Unknown Short 1,PRESENCE,present,ABSENT
NiMesh,Velocity,PRESENCE,present,ABSENT
NiMeshModifier,Complete Points,PRESENCE,present,ABSENT
NiMeshModifier,Num Complete Points,PRESENCE,present,ABSENT
NiMeshModifier,Num Submit Points,PRESENCE,present,ABSENT
NiMeshModifier,Submit Points,PRESENCE,present,ABSENT
NiMeshPSysData,Added Particles Base,PRESENCE,ABSENT,present
NiMeshPSysData,Aspect Flags,PRESENCE,ABSENT,present
NiMeshPSysData,Aspect Ratio,INHERITED_FROM,NiPSysData,NiParticlesData
NiMeshPSysData,BS Data Flags,PRESENCE,ABSENT,present
NiMeshPSysData,Bitangents,FIELD_WIDTH_IF_FIXED,12,var(unknown-type)
NiMeshPSysData,Bounding Sphere,PRESENCE,ABSENT,present
NiMeshPSysData,Center,PRESENCE,present,ABSENT
NiMeshPSysData,DIV2 Floats,PRESENCE,ABSENT,present
NiMeshPSysData,Data Flags,APPLIES_TO_10_1_0_0,False,UNRESOLVED
NiMeshPSysData,Default Pool Size,PRESENCE,ABSENT,present
NiMeshPSysData,Extra Vectors Flags,PRESENCE,present,ABSENT
NiMeshPSysData,Fill Pools On Load,PRESENCE,ABSENT,present
NiMeshPSysData,Generations,PRESENCE,ABSENT,present
NiMeshPSysData,Group ID,PRESENCE,ABSENT,present
NiMeshPSysData,Has DIV2 Floats,PRESENCE,ABSENT,present
NiMeshPSysData,Has Rotation Speeds,PRESENCE,ABSENT,present
NiMeshPSysData,Has Rotations 2,PRESENCE,present,ABSENT
NiMeshPSysData,Has Subtexture Offset UVs,PRESENCE,present,ABSENT
NiMeshPSysData,Has Texture Indices,PRESENCE,ABSENT,present
NiMeshPSysData,Has UV Quadrants,PRESENCE,present,ABSENT
NiMeshPSysData,Has Unknown Floats 3,PRESENCE,present,ABSENT
NiMeshPSysData,Material CRC,PRESENCE,ABSENT,present
NiMeshPSysData,Normals,FIELD_WIDTH_IF_FIXED,12,var(unknown-type)
NiMeshPSysData,Num Added Particles,PRESENCE,ABSENT,present
NiMeshPSysData,Num Generations,PRESENCE,ABSENT,present
NiMeshPSysData,Num Subtexture Offset UVs,PRESENCE,present,ABSENT
NiMeshPSysData,Num Subtexture Offsets,FIELD_TYPE,byte,uint
NiMeshPSysData,Num Subtexture Offsets,FIELD_WIDTH_IF_FIXED,1,4
NiMeshPSysData,Num UV Quadrants,PRESENCE,present,ABSENT
NiMeshPSysData,Num UV Sets,APPLIES_TO_10_1_0_0,True,False
NiMeshPSysData,Num UV Sets,FIELD_TYPE,byte,ushort
NiMeshPSysData,Num UV Sets,FIELD_WIDTH_IF_FIXED,1,2
NiMeshPSysData,Num Unknown Ints 1,PRESENCE,present,ABSENT
NiMeshPSysData,Particle Descriptions,PRESENCE,present,ABSENT
NiMeshPSysData,Particle Info,PRESENCE,ABSENT,present
NiMeshPSysData,Particle Meshes,PRESENCE,ABSENT,present
NiMeshPSysData,Radii,APPLIES_TO_10_1_0_0,True,UNRESOLVED
NiMeshPSysData,Radius,PRESENCE,present,ABSENT
NiMeshPSysData,Rotation Angles,APPLIES_TO_10_1_0_0,True,UNRESOLVED
NiMeshPSysData,Rotation Axes,FIELD_WIDTH_IF_FIXED,12,var(unknown-type)
NiMeshPSysData,Rotation Speeds,PRESENCE,ABSENT,present
NiMeshPSysData,Rotations,APPLIES_TO_10_1_0_0,True,UNRESOLVED
NiMeshPSysData,Rotations,FIELD_WIDTH_IF_FIXED,16,var(unknown-type)
NiMeshPSysData,Rotations 2,PRESENCE,present,ABSENT
NiMeshPSysData,Sizes,APPLIES_TO_10_1_0_0,True,UNRESOLVED
NiMeshPSysData,Speed to Aspect Aspect 2,PRESENCE,ABSENT,present
NiMeshPSysData,Speed to Aspect Speed 1,PRESENCE,ABSENT,present
NiMeshPSysData,Speed to Aspect Speed 2,PRESENCE,ABSENT,present
NiMeshPSysData,Subtexture Offset UVs,PRESENCE,present,ABSENT
NiMeshPSysData,Subtexture Offsets,PRESENCE,ABSENT,present
NiMeshPSysData,Tangents,FIELD_WIDTH_IF_FIXED,12,var(unknown-type)
NiMeshPSysData,UV Quadrants,PRESENCE,present,ABSENT
NiMeshPSysData,UV Sets,FIELD_WIDTH_IF_FIXED,8,var(unknown-type)
NiMeshPSysData,UV Sets,ARRAY_RELATION,array per (Num UV Sets & 63),array per ((Data Flags #BITAND# 63) #BITOR# (BS Data Flags #BITAND# 1))
NiMeshPSysData,Unknown 13 shorts,PRESENCE,present,ABSENT
NiMeshPSysData,Unknown Byte 1,PRESENCE,present,ABSENT
NiMeshPSysData,Unknown Byte 2,PRESENCE,present,ABSENT
NiMeshPSysData,Unknown Byte 3,PRESENCE,present,ABSENT
NiMeshPSysData,Unknown Byte 4,PRESENCE,present,ABSENT
NiMeshPSysData,Unknown Floats 3,PRESENCE,present,ABSENT
NiMeshPSysData,Unknown Int,PRESENCE,present,ABSENT
NiMeshPSysData,Unknown Int 2,INHERITED_FROM,NiGeometryData,SELF
NiMeshPSysData,Unknown Int 4,PRESENCE,present,ABSENT
NiMeshPSysData,Unknown Int 5,PRESENCE,present,ABSENT
NiMeshPSysData,Unknown Int 6,PRESENCE,present,ABSENT
NiMeshPSysData,Unknown Ints 1,PRESENCE,present,ABSENT
NiMeshPSysData,Unknown Link,PRESENCE,present,ABSENT
NiMeshPSysData,Unknown Node,PRESENCE,present,ABSENT
NiMeshPSysData,Unknown QQSpeed Byte 1,PRESENCE,ABSENT,present
NiMeshPSysData,Unknown QQSpeed Byte 2,PRESENCE,ABSENT,present
NiMeshPSysData,Unknown Short 1,PRESENCE,present,ABSENT
NiMeshPSysData,Unknown Short 2,PRESENCE,present,ABSENT
NiMeshPSysData,Unknown Short 3,PRESENCE,present,ABSENT
NiMeshPSysData,Unknown Vector,PRESENCE,ABSENT,present
NiMeshPSysData,Vertex Colors,FIELD_WIDTH_IF_FIXED,16,var(unknown-type)
NiMeshPSysData,Vertices,FIELD_WIDTH_IF_FIXED,12,var(unknown-type)
NiMeshParticleSystem,Active Material,PRESENCE,present,ABSENT
NiMeshParticleSystem,Alpha Property,PRESENCE,ABSENT,present
NiMeshParticleSystem,BS Properties,PRESENCE,present,ABSENT
NiMeshParticleSystem,Bound Min Max,PRESENCE,ABSENT,present
NiMeshParticleSystem,Bounding Box,PRESENCE,present,ABSENT
NiMeshParticleSystem,Bounding Sphere,PRESENCE,ABSENT,present
NiMeshParticleSystem,Bounding Volume,PRESENCE,ABSENT,present
NiMeshParticleSystem,Dirty Flag,PRESENCE,present,ABSENT
NiMeshParticleSystem,Far Begin,PRESENCE,ABSENT,present
NiMeshParticleSystem,Far End,PRESENCE,ABSENT,present
NiMeshParticleSystem,Has Bounding Box,PRESENCE,present,ABSENT
NiMeshParticleSystem,Has Bounding Volume,PRESENCE,ABSENT,present
NiMeshParticleSystem,Has Old Extra Data,PRESENCE,present,ABSENT
NiMeshParticleSystem,Has Shader,PRESENCE,present,ABSENT
NiMeshParticleSystem,Legacy Extra Data,PRESENCE,ABSENT,present
NiMeshParticleSystem,Material Data,APPLIES_TO_10_1_0_0,False,UNRESOLVED
NiMeshParticleSystem,Material Extra Data,PRESENCE,present,ABSENT
NiMeshParticleSystem,Material Name,PRESENCE,present,ABSENT
NiMeshParticleSystem,Near Begin,PRESENCE,ABSENT,present
NiMeshParticleSystem,Near End,PRESENCE,ABSENT,present
NiMeshParticleSystem,Num Materials,PRESENCE,present,ABSENT
NiMeshParticleSystem,Num Properties,APPLIES_TO_10_1_0_0,True,UNRESOLVED
NiMeshParticleSystem,Old Extra Internal Id,PRESENCE,present,ABSENT
NiMeshParticleSystem,Old Extra Prop Name,PRESENCE,present,ABSENT
NiMeshParticleSystem,Old Extra String,PRESENCE,present,ABSENT
NiMeshParticleSystem,Properties,APPLIES_TO_10_1_0_0,True,UNRESOLVED
NiMeshParticleSystem,Rotation,FIELD_WIDTH_IF_FIXED,36,var(unknown-type)
NiMeshParticleSystem,Shader Name,PRESENCE,present,ABSENT
NiMeshParticleSystem,Shader Property,PRESENCE,ABSENT,present
NiMeshParticleSystem,Shader Type,PRESENCE,ABSENT,present
NiMeshParticleSystem,Skin,PRESENCE,ABSENT,present
NiMeshParticleSystem,Skyrim Shader Type,PRESENCE,present,ABSENT
NiMeshParticleSystem,Translation,FIELD_WIDTH_IF_FIXED,12,var(unknown-type)
NiMeshParticleSystem,Unknown Byte,INHERITED_FROM,NiObjectNET,NiGeometry
NiMeshParticleSystem,Unknown Int 1,PRESENCE,present,ABSENT
NiMeshParticleSystem,Unknown Integer,PRESENCE,present,ABSENT
NiMeshParticleSystem,Unknown Integer 2,PRESENCE,present,ABSENT
NiMeshParticleSystem,Unknown Short 1,PRESENCE,present,ABSENT
NiMeshParticleSystem,Unknown Short 2,PRESENCE,present,ABSENT
NiMeshParticleSystem,Unknown Short 3,PRESENCE,present,ABSENT
NiMeshParticleSystem,Velocity,FIELD_WIDTH_IF_FIXED,12,var(unknown-type)
NiMeshParticleSystem,Vertex Desc,PRESENCE,ABSENT,present
NiMorphController,Flags,PRESENCE,present,ABSENT
NiMorphController,Frequency,PRESENCE,present,ABSENT
NiMorphController,Next Controller,PRESENCE,present,ABSENT
NiMorphController,Phase,PRESENCE,present,ABSENT
NiMorphController,Start Time,PRESENCE,present,ABSENT
NiMorphController,Stop Time,PRESENCE,present,ABSENT
NiMorphController,Target,PRESENCE,present,ABSENT
NiMorphController,Unknown Integer,PRESENCE,present,ABSENT
NiMorphData,Morphs,FIELD_WIDTH_IF_FIXED,var(Morph contains var),var(unknown-type)
NiMorphMeshModifier,Complete Points,PRESENCE,present,ABSENT
NiMorphMeshModifier,Elements,PRESENCE,present,ABSENT
NiMorphMeshModifier,Flags,PRESENCE,present,ABSENT
NiMorphMeshModifier,Num Complete Points,PRESENCE,present,ABSENT
NiMorphMeshModifier,Num Elements,PRESENCE,present,ABSENT
NiMorphMeshModifier,Num Submit Points,PRESENCE,present,ABSENT
NiMorphMeshModifier,Num Targets,PRESENCE,present,ABSENT
NiMorphMeshModifier,Submit Points,PRESENCE,present,ABSENT
NiMorphWeightsController,Flags,PRESENCE,present,ABSENT
NiMorphWeightsController,Frequency,PRESENCE,present,ABSENT
NiMorphWeightsController,Interpolators,PRESENCE,present,ABSENT
NiMorphWeightsController,Next Controller,PRESENCE,present,ABSENT
NiMorphWeightsController,Num Interpolators,PRESENCE,present,ABSENT
NiMorphWeightsController,Num Targets,PRESENCE,present,ABSENT
NiMorphWeightsController,Phase,PRESENCE,present,ABSENT
NiMorphWeightsController,Start Time,PRESENCE,present,ABSENT
NiMorphWeightsController,Stop Time,PRESENCE,present,ABSENT
NiMorphWeightsController,Target,PRESENCE,present,ABSENT
NiMorphWeightsController,Target Names,PRESENCE,present,ABSENT
NiMorphWeightsController,Unknown 2,PRESENCE,present,ABSENT
NiMorphWeightsController,Unknown Integer,PRESENCE,present,ABSENT
NiMorpherController,Flags,FIELD_TYPE,Flags,TimeControllerFlags
NiMorpherController,Flags,FIELD_WIDTH_IF_FIXED,var(unknown-type),2
NiMorpherController,Manager Controlled,PRESENCE,ABSENT,present
NiMultiTargetTransformController,Flags,FIELD_TYPE,Flags,TimeControllerFlags
NiMultiTargetTransformController,Flags,FIELD_WIDTH_IF_FIXED,var(unknown-type),2
NiMultiTargetTransformController,Manager Controlled,PRESENCE,ABSENT,present
NiMultiTextureProperty,Apply Mode,PRESENCE,ABSENT,present
NiMultiTextureProperty,Base Texture,PRESENCE,ABSENT,present
NiMultiTextureProperty,Bump Map Luma Offset,PRESENCE,ABSENT,present
NiMultiTextureProperty,Bump Map Luma Scale,PRESENCE,ABSENT,present
NiMultiTextureProperty,Bump Map Matrix,PRESENCE,ABSENT,present
NiMultiTextureProperty,Bump Map Texture,PRESENCE,ABSENT,present
NiMultiTextureProperty,Dark Texture,PRESENCE,ABSENT,present
NiMultiTextureProperty,Decal 0 Texture,PRESENCE,ABSENT,present
NiMultiTextureProperty,Decal 1 Texture,PRESENCE,ABSENT,present
NiMultiTextureProperty,Decal 2 Texture,PRESENCE,ABSENT,present
NiMultiTextureProperty,Decal 3 Texture,PRESENCE,ABSENT,present
NiMultiTextureProperty,Detail Texture,PRESENCE,ABSENT,present
NiMultiTextureProperty,Gloss Texture,PRESENCE,ABSENT,present
NiMultiTextureProperty,Glow Texture,PRESENCE,ABSENT,present
NiMultiTextureProperty,Has Base Texture,PRESENCE,ABSENT,present
NiMultiTextureProperty,Has Bump Map Texture,PRESENCE,ABSENT,present
NiMultiTextureProperty,Has Dark Texture,PRESENCE,ABSENT,present
NiMultiTextureProperty,Has Decal 0 Texture,APPLIES_TO_10_1_0_0,False,True
NiMultiTextureProperty,Has Decal 1 Texture,APPLIES_TO_10_1_0_0,False,True
NiMultiTextureProperty,Has Decal 2 Texture,APPLIES_TO_10_1_0_0,False,True
NiMultiTextureProperty,Has Decal 3 Texture,APPLIES_TO_10_1_0_0,False,True
NiMultiTextureProperty,Has Detail Texture,PRESENCE,ABSENT,present
NiMultiTextureProperty,Has Gloss Texture,PRESENCE,ABSENT,present
NiMultiTextureProperty,Has Glow Texture,PRESENCE,ABSENT,present
NiMultiTextureProperty,Has Normal Texture,PRESENCE,ABSENT,present
NiMultiTextureProperty,Has Old Extra Data,PRESENCE,present,ABSENT
NiMultiTextureProperty,Has Parallax Texture,PRESENCE,ABSENT,present
NiMultiTextureProperty,Legacy Extra Data,PRESENCE,ABSENT,present
NiMultiTextureProperty,Normal Texture,PRESENCE,ABSENT,present
NiMultiTextureProperty,Num Shader Textures,PRESENCE,ABSENT,present
NiMultiTextureProperty,Old Extra Internal Id,PRESENCE,present,ABSENT
NiMultiTextureProperty,Old Extra Prop Name,PRESENCE,present,ABSENT
NiMultiTextureProperty,Old Extra String,PRESENCE,present,ABSENT
NiMultiTextureProperty,Parallax Offset,PRESENCE,ABSENT,present
NiMultiTextureProperty,Parallax Texture,PRESENCE,ABSENT,present
NiMultiTextureProperty,Shader Textures,PRESENCE,ABSENT,present
NiMultiTextureProperty,Shader Type,PRESENCE,ABSENT,present
NiMultiTextureProperty,Skyrim Shader Type,PRESENCE,present,ABSENT
NiMultiTextureProperty,Texture Count,PRESENCE,ABSENT,present
NiMultiTextureProperty,Texture Elements,PRESENCE,present,ABSENT
NiMultiTextureProperty,Unknown Byte,PRESENCE,present,ABSENT
NiMultiTextureProperty,Unknown Int,PRESENCE,present,ABSENT
NiNode,Bounding Box,PRESENCE,present,ABSENT
NiNode,Bounding Volume,PRESENCE,ABSENT,present
NiNode,Effects,APPLIES_TO_10_1_0_0,True,UNRESOLVED
NiNode,Has Bounding Box,PRESENCE,present,ABSENT
NiNode,Has Bounding Volume,PRESENCE,ABSENT,present
NiNode,Has Old Extra Data,PRESENCE,present,ABSENT
NiNode,Legacy Extra Data,PRESENCE,ABSENT,present
NiNode,Num Effects,APPLIES_TO_10_1_0_0,True,UNRESOLVED
NiNode,Num Properties,APPLIES_TO_10_1_0_0,True,UNRESOLVED
NiNode,Old Extra Internal Id,PRESENCE,present,ABSENT
NiNode,Old Extra Prop Name,PRESENCE,present,ABSENT
NiNode,Old Extra String,PRESENCE,present,ABSENT
NiNode,Properties,APPLIES_TO_10_1_0_0,True,UNRESOLVED
NiNode,Rotation,FIELD_WIDTH_IF_FIXED,36,var(unknown-type)
NiNode,Shader Type,PRESENCE,ABSENT,present
NiNode,Skyrim Shader Type,PRESENCE,present,ABSENT
NiNode,Translation,FIELD_WIDTH_IF_FIXED,12,var(unknown-type)
NiNode,Unknown Byte,PRESENCE,present,ABSENT
NiNode,Unknown Short 1,PRESENCE,present,ABSENT
NiNode,Velocity,FIELD_WIDTH_IF_FIXED,12,var(unknown-type)
NiObjectNET,Has Old Extra Data,PRESENCE,present,ABSENT
NiObjectNET,Legacy Extra Data,PRESENCE,ABSENT,present
NiObjectNET,Old Extra Internal Id,PRESENCE,present,ABSENT
NiObjectNET,Old Extra Prop Name,PRESENCE,present,ABSENT
NiObjectNET,Old Extra String,PRESENCE,present,ABSENT
NiObjectNET,Shader Type,PRESENCE,ABSENT,present
NiObjectNET,Skyrim Shader Type,PRESENCE,present,ABSENT
NiObjectNET,Unknown Byte,PRESENCE,present,ABSENT
NiPSBombForce,Name,PRESENCE,present,ABSENT
NiPSBombForce,Unknown 1,PRESENCE,present,ABSENT
NiPSBombForce,Unknown 10,PRESENCE,present,ABSENT
NiPSBombForce,Unknown 2,PRESENCE,present,ABSENT
NiPSBombForce,Unknown 3,PRESENCE,present,ABSENT
NiPSBombForce,Unknown 4,PRESENCE,present,ABSENT
NiPSBombForce,Unknown 5,PRESENCE,present,ABSENT
NiPSBombForce,Unknown 6,PRESENCE,present,ABSENT
NiPSBombForce,Unknown 7,PRESENCE,present,ABSENT
NiPSBombForce,Unknown 8,PRESENCE,present,ABSENT
NiPSBombForce,Unknown 9,PRESENCE,present,ABSENT
NiPSBoundUpdater,Unknown 1,PRESENCE,present,ABSENT
NiPSBoundUpdater,Unknown 2,PRESENCE,present,ABSENT
NiPSBoxEmitter,Name,PRESENCE,present,ABSENT
NiPSBoxEmitter,Unknown 1,PRESENCE,present,ABSENT
NiPSBoxEmitter,Unknown 10,PRESENCE,present,ABSENT
NiPSBoxEmitter,Unknown 11,PRESENCE,present,ABSENT
NiPSBoxEmitter,Unknown 12,PRESENCE,present,ABSENT
NiPSBoxEmitter,Unknown 13,PRESENCE,present,ABSENT
NiPSBoxEmitter,Unknown 14,PRESENCE,present,ABSENT
NiPSBoxEmitter,Unknown 15,PRESENCE,present,ABSENT
NiPSBoxEmitter,Unknown 16,PRESENCE,present,ABSENT
NiPSBoxEmitter,Unknown 17,PRESENCE,present,ABSENT
NiPSBoxEmitter,Unknown 18,PRESENCE,present,ABSENT
NiPSBoxEmitter,Unknown 19,PRESENCE,present,ABSENT
NiPSBoxEmitter,Unknown 2,PRESENCE,present,ABSENT
NiPSBoxEmitter,Unknown 20,PRESENCE,present,ABSENT
NiPSBoxEmitter,Unknown 21,PRESENCE,present,ABSENT
NiPSBoxEmitter,Unknown 22,PRESENCE,present,ABSENT
NiPSBoxEmitter,Unknown 23,PRESENCE,present,ABSENT
NiPSBoxEmitter,Unknown 24,PRESENCE,present,ABSENT
NiPSBoxEmitter,Unknown 25,PRESENCE,present,ABSENT
NiPSBoxEmitter,Unknown 26,PRESENCE,present,ABSENT
NiPSBoxEmitter,Unknown 27,PRESENCE,present,ABSENT
NiPSBoxEmitter,Unknown 28,PRESENCE,present,ABSENT
NiPSBoxEmitter,Unknown 29,PRESENCE,present,ABSENT
NiPSBoxEmitter,Unknown 3,PRESENCE,present,ABSENT
NiPSBoxEmitter,Unknown 30,PRESENCE,present,ABSENT
NiPSBoxEmitter,Unknown 31,PRESENCE,present,ABSENT
NiPSBoxEmitter,Unknown 32,PRESENCE,present,ABSENT
NiPSBoxEmitter,Unknown 33,PRESENCE,present,ABSENT
NiPSBoxEmitter,Unknown 34,PRESENCE,present,ABSENT
NiPSBoxEmitter,Unknown 35,PRESENCE,present,ABSENT
NiPSBoxEmitter,Unknown 36,PRESENCE,present,ABSENT
NiPSBoxEmitter,Unknown 37,PRESENCE,present,ABSENT
NiPSBoxEmitter,Unknown 38,PRESENCE,present,ABSENT
NiPSBoxEmitter,Unknown 39,PRESENCE,present,ABSENT
NiPSBoxEmitter,Unknown 4,PRESENCE,present,ABSENT
NiPSBoxEmitter,Unknown 40,PRESENCE,present,ABSENT
NiPSBoxEmitter,Unknown 41,PRESENCE,present,ABSENT
NiPSBoxEmitter,Unknown 42,PRESENCE,present,ABSENT
NiPSBoxEmitter,Unknown 43,PRESENCE,present,ABSENT
NiPSBoxEmitter,Unknown 44,PRESENCE,present,ABSENT
NiPSBoxEmitter,Unknown 45,PRESENCE,present,ABSENT
NiPSBoxEmitter,Unknown 46,PRESENCE,present,ABSENT
NiPSBoxEmitter,Unknown 47,PRESENCE,present,ABSENT
NiPSBoxEmitter,Unknown 48,PRESENCE,present,ABSENT
NiPSBoxEmitter,Unknown 5,PRESENCE,present,ABSENT
NiPSBoxEmitter,Unknown 6,PRESENCE,present,ABSENT
NiPSBoxEmitter,Unknown 7,PRESENCE,present,ABSENT
NiPSBoxEmitter,Unknown 8,PRESENCE,present,ABSENT
NiPSBoxEmitter,Unknown 9,PRESENCE,present,ABSENT
NiPSCylinderEmitter,Name,PRESENCE,present,ABSENT
NiPSCylinderEmitter,Unknown 10,PRESENCE,present,ABSENT
NiPSCylinderEmitter,Unknown 11,PRESENCE,present,ABSENT
NiPSCylinderEmitter,Unknown 12,PRESENCE,present,ABSENT
NiPSCylinderEmitter,Unknown 13,PRESENCE,present,ABSENT
NiPSCylinderEmitter,Unknown 14,PRESENCE,present,ABSENT
NiPSCylinderEmitter,Unknown 15,PRESENCE,present,ABSENT
NiPSCylinderEmitter,Unknown 16,PRESENCE,present,ABSENT
NiPSCylinderEmitter,Unknown 17,PRESENCE,present,ABSENT
NiPSCylinderEmitter,Unknown 18,PRESENCE,present,ABSENT
NiPSCylinderEmitter,Unknown 19,PRESENCE,present,ABSENT
NiPSCylinderEmitter,Unknown 2,PRESENCE,present,ABSENT
NiPSCylinderEmitter,Unknown 20,PRESENCE,present,ABSENT
NiPSCylinderEmitter,Unknown 21,PRESENCE,present,ABSENT
NiPSCylinderEmitter,Unknown 22,PRESENCE,present,ABSENT
NiPSCylinderEmitter,Unknown 23,PRESENCE,present,ABSENT
NiPSCylinderEmitter,Unknown 3,PRESENCE,present,ABSENT
NiPSCylinderEmitter,Unknown 4,PRESENCE,present,ABSENT
NiPSCylinderEmitter,Unknown 5,PRESENCE,present,ABSENT
NiPSCylinderEmitter,Unknown 6,PRESENCE,present,ABSENT
NiPSCylinderEmitter,Unknown 7,PRESENCE,present,ABSENT
NiPSCylinderEmitter,Unknown 8,PRESENCE,present,ABSENT
NiPSCylinderEmitter,Unknown 9,PRESENCE,present,ABSENT
NiPSDragForce,Unknown 1,PRESENCE,present,ABSENT
NiPSDragForce,Unknown 10,PRESENCE,present,ABSENT
NiPSDragForce,Unknown 2,PRESENCE,present,ABSENT
NiPSDragForce,Unknown 3,PRESENCE,present,ABSENT
NiPSDragForce,Unknown 4,PRESENCE,present,ABSENT
NiPSDragForce,Unknown 5,PRESENCE,present,ABSENT
NiPSDragForce,Unknown 6,PRESENCE,present,ABSENT
NiPSDragForce,Unknown 7,PRESENCE,present,ABSENT
NiPSDragForce,Unknown 8,PRESENCE,present,ABSENT
NiPSDragForce,Unknown 9,PRESENCE,present,ABSENT
NiPSEmitParticlesCtlr,Data,PRESENCE,present,ABSENT
NiPSEmitParticlesCtlr,Flags,PRESENCE,present,ABSENT
NiPSEmitParticlesCtlr,Frequency,PRESENCE,present,ABSENT
NiPSEmitParticlesCtlr,Interpolator,PRESENCE,present,ABSENT
NiPSEmitParticlesCtlr,Modifier Name,PRESENCE,present,ABSENT
NiPSEmitParticlesCtlr,Next Controller,PRESENCE,present,ABSENT
NiPSEmitParticlesCtlr,Phase,PRESENCE,present,ABSENT
NiPSEmitParticlesCtlr,Start Time,PRESENCE,present,ABSENT
NiPSEmitParticlesCtlr,Stop Time,PRESENCE,present,ABSENT
NiPSEmitParticlesCtlr,Target,PRESENCE,present,ABSENT
NiPSEmitParticlesCtlr,Unknown Integer,PRESENCE,present,ABSENT
NiPSEmitParticlesCtlr,Visibility Interpolator,PRESENCE,present,ABSENT
NiPSEmitterDeclinationCtlr,Flags,PRESENCE,present,ABSENT
NiPSEmitterDeclinationCtlr,Frequency,PRESENCE,present,ABSENT
NiPSEmitterDeclinationCtlr,Interpolator,PRESENCE,present,ABSENT
NiPSEmitterDeclinationCtlr,Modifier Name,PRESENCE,present,ABSENT
NiPSEmitterDeclinationCtlr,Next Controller,PRESENCE,present,ABSENT
NiPSEmitterDeclinationCtlr,Phase,PRESENCE,present,ABSENT
NiPSEmitterDeclinationCtlr,Start Time,PRESENCE,present,ABSENT
NiPSEmitterDeclinationCtlr,Stop Time,PRESENCE,present,ABSENT
NiPSEmitterDeclinationCtlr,Target,PRESENCE,present,ABSENT
NiPSEmitterDeclinationCtlr,Unknown Integer,PRESENCE,present,ABSENT
NiPSEmitterDeclinationVarCtlr,Flags,PRESENCE,present,ABSENT
NiPSEmitterDeclinationVarCtlr,Frequency,PRESENCE,present,ABSENT
NiPSEmitterDeclinationVarCtlr,Interpolator,PRESENCE,present,ABSENT
NiPSEmitterDeclinationVarCtlr,Modifier Name,PRESENCE,present,ABSENT
NiPSEmitterDeclinationVarCtlr,Next Controller,PRESENCE,present,ABSENT
NiPSEmitterDeclinationVarCtlr,Phase,PRESENCE,present,ABSENT
NiPSEmitterDeclinationVarCtlr,Start Time,PRESENCE,present,ABSENT
NiPSEmitterDeclinationVarCtlr,Stop Time,PRESENCE,present,ABSENT
NiPSEmitterDeclinationVarCtlr,Target,PRESENCE,present,ABSENT
NiPSEmitterDeclinationVarCtlr,Unknown Integer,PRESENCE,present,ABSENT
NiPSEmitterLifeSpanCtlr,Flags,PRESENCE,present,ABSENT
NiPSEmitterLifeSpanCtlr,Frequency,PRESENCE,present,ABSENT
NiPSEmitterLifeSpanCtlr,Interpolator,PRESENCE,present,ABSENT
NiPSEmitterLifeSpanCtlr,Modifier Name,PRESENCE,present,ABSENT
NiPSEmitterLifeSpanCtlr,Next Controller,PRESENCE,present,ABSENT
NiPSEmitterLifeSpanCtlr,Phase,PRESENCE,present,ABSENT
NiPSEmitterLifeSpanCtlr,Start Time,PRESENCE,present,ABSENT
NiPSEmitterLifeSpanCtlr,Stop Time,PRESENCE,present,ABSENT
NiPSEmitterLifeSpanCtlr,Target,PRESENCE,present,ABSENT
NiPSEmitterLifeSpanCtlr,Unknown Integer,PRESENCE,present,ABSENT
NiPSEmitterPlanarAngleCtlr,Flags,PRESENCE,present,ABSENT
NiPSEmitterPlanarAngleCtlr,Frequency,PRESENCE,present,ABSENT
NiPSEmitterPlanarAngleCtlr,Interpolator,PRESENCE,present,ABSENT
NiPSEmitterPlanarAngleCtlr,Modifier Name,PRESENCE,present,ABSENT
NiPSEmitterPlanarAngleCtlr,Next Controller,PRESENCE,present,ABSENT
NiPSEmitterPlanarAngleCtlr,Phase,PRESENCE,present,ABSENT
NiPSEmitterPlanarAngleCtlr,Start Time,PRESENCE,present,ABSENT
NiPSEmitterPlanarAngleCtlr,Stop Time,PRESENCE,present,ABSENT
NiPSEmitterPlanarAngleCtlr,Target,PRESENCE,present,ABSENT
NiPSEmitterPlanarAngleCtlr,Unknown Integer,PRESENCE,present,ABSENT
NiPSEmitterPlanarAngleVarCtlr,Flags,PRESENCE,present,ABSENT
NiPSEmitterPlanarAngleVarCtlr,Frequency,PRESENCE,present,ABSENT
NiPSEmitterPlanarAngleVarCtlr,Interpolator,PRESENCE,present,ABSENT
NiPSEmitterPlanarAngleVarCtlr,Modifier Name,PRESENCE,present,ABSENT
NiPSEmitterPlanarAngleVarCtlr,Next Controller,PRESENCE,present,ABSENT
NiPSEmitterPlanarAngleVarCtlr,Phase,PRESENCE,present,ABSENT
NiPSEmitterPlanarAngleVarCtlr,Start Time,PRESENCE,present,ABSENT
NiPSEmitterPlanarAngleVarCtlr,Stop Time,PRESENCE,present,ABSENT
NiPSEmitterPlanarAngleVarCtlr,Target,PRESENCE,present,ABSENT
NiPSEmitterPlanarAngleVarCtlr,Unknown Integer,PRESENCE,present,ABSENT
NiPSEmitterRadiusCtlr,Flags,PRESENCE,present,ABSENT
NiPSEmitterRadiusCtlr,Frequency,PRESENCE,present,ABSENT
NiPSEmitterRadiusCtlr,Interpolator,PRESENCE,present,ABSENT
NiPSEmitterRadiusCtlr,Next Controller,PRESENCE,present,ABSENT
NiPSEmitterRadiusCtlr,Phase,PRESENCE,present,ABSENT
NiPSEmitterRadiusCtlr,Start Time,PRESENCE,present,ABSENT
NiPSEmitterRadiusCtlr,Stop Time,PRESENCE,present,ABSENT
NiPSEmitterRadiusCtlr,Target,PRESENCE,present,ABSENT
NiPSEmitterRadiusCtlr,Unknown 2,PRESENCE,present,ABSENT
NiPSEmitterRadiusCtlr,Unknown Integer,PRESENCE,present,ABSENT
NiPSEmitterRotAngleCtlr,Flags,PRESENCE,present,ABSENT
NiPSEmitterRotAngleCtlr,Frequency,PRESENCE,present,ABSENT
NiPSEmitterRotAngleCtlr,Interpolator,PRESENCE,present,ABSENT
NiPSEmitterRotAngleCtlr,Modifier Name,PRESENCE,present,ABSENT
NiPSEmitterRotAngleCtlr,Next Controller,PRESENCE,present,ABSENT
NiPSEmitterRotAngleCtlr,Phase,PRESENCE,present,ABSENT
NiPSEmitterRotAngleCtlr,Start Time,PRESENCE,present,ABSENT
NiPSEmitterRotAngleCtlr,Stop Time,PRESENCE,present,ABSENT
NiPSEmitterRotAngleCtlr,Target,PRESENCE,present,ABSENT
NiPSEmitterRotAngleCtlr,Unknown Integer,PRESENCE,present,ABSENT
NiPSEmitterRotAngleVarCtlr,Flags,PRESENCE,present,ABSENT
NiPSEmitterRotAngleVarCtlr,Frequency,PRESENCE,present,ABSENT
NiPSEmitterRotAngleVarCtlr,Interpolator,PRESENCE,present,ABSENT
NiPSEmitterRotAngleVarCtlr,Modifier Name,PRESENCE,present,ABSENT
NiPSEmitterRotAngleVarCtlr,Next Controller,PRESENCE,present,ABSENT
NiPSEmitterRotAngleVarCtlr,Phase,PRESENCE,present,ABSENT
NiPSEmitterRotAngleVarCtlr,Start Time,PRESENCE,present,ABSENT
NiPSEmitterRotAngleVarCtlr,Stop Time,PRESENCE,present,ABSENT
NiPSEmitterRotAngleVarCtlr,Target,PRESENCE,present,ABSENT
NiPSEmitterRotAngleVarCtlr,Unknown Integer,PRESENCE,present,ABSENT
NiPSEmitterRotSpeedCtlr,Flags,PRESENCE,present,ABSENT
NiPSEmitterRotSpeedCtlr,Frequency,PRESENCE,present,ABSENT
NiPSEmitterRotSpeedCtlr,Interpolator,PRESENCE,present,ABSENT
NiPSEmitterRotSpeedCtlr,Modifier Name,PRESENCE,present,ABSENT
NiPSEmitterRotSpeedCtlr,Next Controller,PRESENCE,present,ABSENT
NiPSEmitterRotSpeedCtlr,Phase,PRESENCE,present,ABSENT
NiPSEmitterRotSpeedCtlr,Start Time,PRESENCE,present,ABSENT
NiPSEmitterRotSpeedCtlr,Stop Time,PRESENCE,present,ABSENT
NiPSEmitterRotSpeedCtlr,Target,PRESENCE,present,ABSENT
NiPSEmitterRotSpeedCtlr,Unknown Integer,PRESENCE,present,ABSENT
NiPSEmitterRotSpeedVarCtlr,Flags,PRESENCE,present,ABSENT
NiPSEmitterRotSpeedVarCtlr,Frequency,PRESENCE,present,ABSENT
NiPSEmitterRotSpeedVarCtlr,Interpolator,PRESENCE,present,ABSENT
NiPSEmitterRotSpeedVarCtlr,Modifier Name,PRESENCE,present,ABSENT
NiPSEmitterRotSpeedVarCtlr,Next Controller,PRESENCE,present,ABSENT
NiPSEmitterRotSpeedVarCtlr,Phase,PRESENCE,present,ABSENT
NiPSEmitterRotSpeedVarCtlr,Start Time,PRESENCE,present,ABSENT
NiPSEmitterRotSpeedVarCtlr,Stop Time,PRESENCE,present,ABSENT
NiPSEmitterRotSpeedVarCtlr,Target,PRESENCE,present,ABSENT
NiPSEmitterRotSpeedVarCtlr,Unknown Integer,PRESENCE,present,ABSENT
NiPSEmitterSpeedCtlr,Flags,PRESENCE,present,ABSENT
NiPSEmitterSpeedCtlr,Frequency,PRESENCE,present,ABSENT
NiPSEmitterSpeedCtlr,Interpolator,PRESENCE,present,ABSENT
NiPSEmitterSpeedCtlr,Next Controller,PRESENCE,present,ABSENT
NiPSEmitterSpeedCtlr,Phase,PRESENCE,present,ABSENT
NiPSEmitterSpeedCtlr,Start Time,PRESENCE,present,ABSENT
NiPSEmitterSpeedCtlr,Stop Time,PRESENCE,present,ABSENT
NiPSEmitterSpeedCtlr,Target,PRESENCE,present,ABSENT
NiPSEmitterSpeedCtlr,Unknown 3,PRESENCE,present,ABSENT
NiPSEmitterSpeedCtlr,Unknown Integer,PRESENCE,present,ABSENT
NiPSFacingQuadGenerator,Unknown 1,PRESENCE,present,ABSENT
NiPSFacingQuadGenerator,Unknown 10,PRESENCE,present,ABSENT
NiPSFacingQuadGenerator,Unknown 11,PRESENCE,present,ABSENT
NiPSFacingQuadGenerator,Unknown 12,PRESENCE,present,ABSENT
NiPSFacingQuadGenerator,Unknown 2,PRESENCE,present,ABSENT
NiPSFacingQuadGenerator,Unknown 3,PRESENCE,present,ABSENT
NiPSFacingQuadGenerator,Unknown 4,PRESENCE,present,ABSENT
NiPSFacingQuadGenerator,Unknown 5,PRESENCE,present,ABSENT
NiPSFacingQuadGenerator,Unknown 6,PRESENCE,present,ABSENT
NiPSFacingQuadGenerator,Unknown 7,PRESENCE,present,ABSENT
NiPSFacingQuadGenerator,Unknown 8,PRESENCE,present,ABSENT
NiPSFacingQuadGenerator,Unknown 9,PRESENCE,present,ABSENT
NiPSForceActiveCtlr,Flags,PRESENCE,present,ABSENT
NiPSForceActiveCtlr,Frequency,PRESENCE,present,ABSENT
NiPSForceActiveCtlr,Interpolator,PRESENCE,present,ABSENT
NiPSForceActiveCtlr,Next Controller,PRESENCE,present,ABSENT
NiPSForceActiveCtlr,Phase,PRESENCE,present,ABSENT
NiPSForceActiveCtlr,Start Time,PRESENCE,present,ABSENT
NiPSForceActiveCtlr,Stop Time,PRESENCE,present,ABSENT
NiPSForceActiveCtlr,Target,PRESENCE,present,ABSENT
NiPSForceActiveCtlr,Unknown 2,PRESENCE,present,ABSENT
NiPSForceActiveCtlr,Unknown Integer,PRESENCE,present,ABSENT
NiPSGravityForce,Unknown 1,PRESENCE,present,ABSENT
NiPSGravityForce,Unknown 10,PRESENCE,present,ABSENT
NiPSGravityForce,Unknown 11,PRESENCE,present,ABSENT
NiPSGravityForce,Unknown 12,PRESENCE,present,ABSENT
NiPSGravityForce,Unknown 13,PRESENCE,present,ABSENT
NiPSGravityForce,Unknown 14,PRESENCE,present,ABSENT
NiPSGravityForce,Unknown 15,PRESENCE,present,ABSENT
NiPSGravityForce,Unknown 16,PRESENCE,present,ABSENT
NiPSGravityForce,Unknown 17,PRESENCE,present,ABSENT
NiPSGravityForce,Unknown 18,PRESENCE,present,ABSENT
NiPSGravityForce,Unknown 19,PRESENCE,present,ABSENT
NiPSGravityForce,Unknown 2,PRESENCE,present,ABSENT
NiPSGravityForce,Unknown 20,PRESENCE,present,ABSENT
NiPSGravityForce,Unknown 21,PRESENCE,present,ABSENT
NiPSGravityForce,Unknown 22,PRESENCE,present,ABSENT
NiPSGravityForce,Unknown 23,PRESENCE,present,ABSENT
NiPSGravityForce,Unknown 24,PRESENCE,present,ABSENT
NiPSGravityForce,Unknown 25,PRESENCE,present,ABSENT
NiPSGravityForce,Unknown 26,PRESENCE,present,ABSENT
NiPSGravityForce,Unknown 27,PRESENCE,present,ABSENT
NiPSGravityForce,Unknown 28,PRESENCE,present,ABSENT
NiPSGravityForce,Unknown 29,PRESENCE,present,ABSENT
NiPSGravityForce,Unknown 3,PRESENCE,present,ABSENT
NiPSGravityForce,Unknown 30,PRESENCE,present,ABSENT
NiPSGravityForce,Unknown 31,PRESENCE,present,ABSENT
NiPSGravityForce,Unknown 32,PRESENCE,present,ABSENT
NiPSGravityForce,Unknown 33,PRESENCE,present,ABSENT
NiPSGravityForce,Unknown 34,PRESENCE,present,ABSENT
NiPSGravityForce,Unknown 35,PRESENCE,present,ABSENT
NiPSGravityForce,Unknown 36,PRESENCE,present,ABSENT
NiPSGravityForce,Unknown 4,PRESENCE,present,ABSENT
NiPSGravityForce,Unknown 5,PRESENCE,present,ABSENT
NiPSGravityForce,Unknown 6,PRESENCE,present,ABSENT
NiPSGravityForce,Unknown 7,PRESENCE,present,ABSENT
NiPSGravityForce,Unknown 8,PRESENCE,present,ABSENT
NiPSGravityForce,Unknown 9,PRESENCE,present,ABSENT
NiPSGravityStrengthCtlr,Flags,PRESENCE,present,ABSENT
NiPSGravityStrengthCtlr,Frequency,PRESENCE,present,ABSENT
NiPSGravityStrengthCtlr,Next Controller,PRESENCE,present,ABSENT
NiPSGravityStrengthCtlr,Phase,PRESENCE,present,ABSENT
NiPSGravityStrengthCtlr,Start Time,PRESENCE,present,ABSENT
NiPSGravityStrengthCtlr,Stop Time,PRESENCE,present,ABSENT
NiPSGravityStrengthCtlr,Target,PRESENCE,present,ABSENT
NiPSGravityStrengthCtlr,Unknown 2,PRESENCE,present,ABSENT
NiPSGravityStrengthCtlr,Unknown 3,PRESENCE,present,ABSENT
NiPSGravityStrengthCtlr,Unknown Integer,PRESENCE,present,ABSENT
NiPSMeshEmitter,Name,PRESENCE,present,ABSENT
NiPSMeshEmitter,Unknown 1,PRESENCE,present,ABSENT
NiPSMeshEmitter,Unknown 10,PRESENCE,present,ABSENT
NiPSMeshEmitter,Unknown 11,PRESENCE,present,ABSENT
NiPSMeshEmitter,Unknown 12,PRESENCE,present,ABSENT
NiPSMeshEmitter,Unknown 13,PRESENCE,present,ABSENT
NiPSMeshEmitter,Unknown 14,PRESENCE,present,ABSENT
NiPSMeshEmitter,Unknown 15,PRESENCE,present,ABSENT
NiPSMeshEmitter,Unknown 16,PRESENCE,present,ABSENT
NiPSMeshEmitter,Unknown 17,PRESENCE,present,ABSENT
NiPSMeshEmitter,Unknown 18,PRESENCE,present,ABSENT
NiPSMeshEmitter,Unknown 19,PRESENCE,present,ABSENT
NiPSMeshEmitter,Unknown 2,PRESENCE,present,ABSENT
NiPSMeshEmitter,Unknown 20,PRESENCE,present,ABSENT
NiPSMeshEmitter,Unknown 21,PRESENCE,present,ABSENT
NiPSMeshEmitter,Unknown 22,PRESENCE,present,ABSENT
NiPSMeshEmitter,Unknown 23,PRESENCE,present,ABSENT
NiPSMeshEmitter,Unknown 24,PRESENCE,present,ABSENT
NiPSMeshEmitter,Unknown 25,PRESENCE,present,ABSENT
NiPSMeshEmitter,Unknown 26,PRESENCE,present,ABSENT
NiPSMeshEmitter,Unknown 27,PRESENCE,present,ABSENT
NiPSMeshEmitter,Unknown 28,PRESENCE,present,ABSENT
NiPSMeshEmitter,Unknown 3,PRESENCE,present,ABSENT
NiPSMeshEmitter,Unknown 4,PRESENCE,present,ABSENT
NiPSMeshEmitter,Unknown 5,PRESENCE,present,ABSENT
NiPSMeshEmitter,Unknown 6,PRESENCE,present,ABSENT
NiPSMeshEmitter,Unknown 7,PRESENCE,present,ABSENT
NiPSMeshEmitter,Unknown 8,PRESENCE,present,ABSENT
NiPSMeshEmitter,Unknown 9,PRESENCE,present,ABSENT
NiPSMeshParticleSystem,Bounding Box,PRESENCE,present,ABSENT
NiPSMeshParticleSystem,Collision Object,PRESENCE,present,ABSENT
NiPSMeshParticleSystem,Controller,PRESENCE,present,ABSENT
NiPSMeshParticleSystem,Emitter,PRESENCE,present,ABSENT
NiPSMeshParticleSystem,Extra Data,PRESENCE,present,ABSENT
NiPSMeshParticleSystem,Extra Data List,PRESENCE,present,ABSENT
NiPSMeshParticleSystem,Flags,PRESENCE,present,ABSENT
NiPSMeshParticleSystem,Generator,PRESENCE,present,ABSENT
NiPSMeshParticleSystem,Has Bounding Box,PRESENCE,present,ABSENT
NiPSMeshParticleSystem,Has Old Extra Data,PRESENCE,present,ABSENT
NiPSMeshParticleSystem,Name,PRESENCE,present,ABSENT
NiPSMeshParticleSystem,Num Extra Data List,PRESENCE,present,ABSENT
NiPSMeshParticleSystem,Num Properties,PRESENCE,present,ABSENT
NiPSMeshParticleSystem,Old Extra Internal Id,PRESENCE,present,ABSENT
NiPSMeshParticleSystem,Old Extra Prop Name,PRESENCE,present,ABSENT
NiPSMeshParticleSystem,Old Extra String,PRESENCE,present,ABSENT
NiPSMeshParticleSystem,Properties,PRESENCE,present,ABSENT
NiPSMeshParticleSystem,Rotation,PRESENCE,present,ABSENT
NiPSMeshParticleSystem,Scale,PRESENCE,present,ABSENT
NiPSMeshParticleSystem,Simulator,PRESENCE,present,ABSENT
NiPSMeshParticleSystem,Skyrim Shader Type,PRESENCE,present,ABSENT
NiPSMeshParticleSystem,Translation,PRESENCE,present,ABSENT
NiPSMeshParticleSystem,Unknown 1,PRESENCE,present,ABSENT
NiPSMeshParticleSystem,Unknown 10,PRESENCE,present,ABSENT
NiPSMeshParticleSystem,Unknown 11,PRESENCE,present,ABSENT
NiPSMeshParticleSystem,Unknown 12,PRESENCE,present,ABSENT
NiPSMeshParticleSystem,Unknown 15,PRESENCE,present,ABSENT
NiPSMeshParticleSystem,Unknown 16,PRESENCE,present,ABSENT
NiPSMeshParticleSystem,Unknown 17,PRESENCE,present,ABSENT
NiPSMeshParticleSystem,Unknown 19,PRESENCE,present,ABSENT
NiPSMeshParticleSystem,Unknown 2,PRESENCE,present,ABSENT
NiPSMeshParticleSystem,Unknown 20,PRESENCE,present,ABSENT
NiPSMeshParticleSystem,Unknown 21,PRESENCE,present,ABSENT
NiPSMeshParticleSystem,Unknown 22,PRESENCE,present,ABSENT
NiPSMeshParticleSystem,Unknown 23,PRESENCE,present,ABSENT
NiPSMeshParticleSystem,Unknown 24,PRESENCE,present,ABSENT
NiPSMeshParticleSystem,Unknown 25,PRESENCE,present,ABSENT
NiPSMeshParticleSystem,Unknown 26,PRESENCE,present,ABSENT
NiPSMeshParticleSystem,Unknown 27,PRESENCE,present,ABSENT
NiPSMeshParticleSystem,Unknown 28,PRESENCE,present,ABSENT
NiPSMeshParticleSystem,Unknown 29,PRESENCE,present,ABSENT
NiPSMeshParticleSystem,Unknown 3,PRESENCE,present,ABSENT
NiPSMeshParticleSystem,Unknown 30,PRESENCE,present,ABSENT
NiPSMeshParticleSystem,Unknown 31,PRESENCE,present,ABSENT
NiPSMeshParticleSystem,Unknown 32,PRESENCE,present,ABSENT
NiPSMeshParticleSystem,Unknown 33,PRESENCE,present,ABSENT
NiPSMeshParticleSystem,Unknown 34,PRESENCE,present,ABSENT
NiPSMeshParticleSystem,Unknown 35,PRESENCE,present,ABSENT
NiPSMeshParticleSystem,Unknown 36,PRESENCE,present,ABSENT
NiPSMeshParticleSystem,Unknown 37,PRESENCE,present,ABSENT
NiPSMeshParticleSystem,Unknown 38,PRESENCE,present,ABSENT
NiPSMeshParticleSystem,Unknown 39,PRESENCE,present,ABSENT
NiPSMeshParticleSystem,Unknown 4,PRESENCE,present,ABSENT
NiPSMeshParticleSystem,Unknown 5,PRESENCE,present,ABSENT
NiPSMeshParticleSystem,Unknown 6,PRESENCE,present,ABSENT
NiPSMeshParticleSystem,Unknown 7,PRESENCE,present,ABSENT
NiPSMeshParticleSystem,Unknown 8,PRESENCE,present,ABSENT
NiPSMeshParticleSystem,Unknown 9,PRESENCE,present,ABSENT
NiPSMeshParticleSystem,Unknown Byte,PRESENCE,present,ABSENT
NiPSMeshParticleSystem,Unknown Short 1,PRESENCE,present,ABSENT
NiPSMeshParticleSystem,Velocity,PRESENCE,present,ABSENT
NiPSParticleSystem,Bounding Box,PRESENCE,present,ABSENT
NiPSParticleSystem,Collision Object,PRESENCE,present,ABSENT
NiPSParticleSystem,Controller,PRESENCE,present,ABSENT
NiPSParticleSystem,Emitter,PRESENCE,present,ABSENT
NiPSParticleSystem,Extra Data,PRESENCE,present,ABSENT
NiPSParticleSystem,Extra Data List,PRESENCE,present,ABSENT
NiPSParticleSystem,Flags,PRESENCE,present,ABSENT
NiPSParticleSystem,Generator,PRESENCE,present,ABSENT
NiPSParticleSystem,Has Bounding Box,PRESENCE,present,ABSENT
NiPSParticleSystem,Has Old Extra Data,PRESENCE,present,ABSENT
NiPSParticleSystem,Name,PRESENCE,present,ABSENT
NiPSParticleSystem,Num Extra Data List,PRESENCE,present,ABSENT
NiPSParticleSystem,Num Properties,PRESENCE,present,ABSENT
NiPSParticleSystem,Old Extra Internal Id,PRESENCE,present,ABSENT
NiPSParticleSystem,Old Extra Prop Name,PRESENCE,present,ABSENT
NiPSParticleSystem,Old Extra String,PRESENCE,present,ABSENT
NiPSParticleSystem,Properties,PRESENCE,present,ABSENT
NiPSParticleSystem,Rotation,PRESENCE,present,ABSENT
NiPSParticleSystem,Scale,PRESENCE,present,ABSENT
NiPSParticleSystem,Simulator,PRESENCE,present,ABSENT
NiPSParticleSystem,Skyrim Shader Type,PRESENCE,present,ABSENT
NiPSParticleSystem,Translation,PRESENCE,present,ABSENT
NiPSParticleSystem,Unknown 1,PRESENCE,present,ABSENT
NiPSParticleSystem,Unknown 10,PRESENCE,present,ABSENT
NiPSParticleSystem,Unknown 11,PRESENCE,present,ABSENT
NiPSParticleSystem,Unknown 12,PRESENCE,present,ABSENT
NiPSParticleSystem,Unknown 15,PRESENCE,present,ABSENT
NiPSParticleSystem,Unknown 16,PRESENCE,present,ABSENT
NiPSParticleSystem,Unknown 17,PRESENCE,present,ABSENT
NiPSParticleSystem,Unknown 19,PRESENCE,present,ABSENT
NiPSParticleSystem,Unknown 2,PRESENCE,present,ABSENT
NiPSParticleSystem,Unknown 20,PRESENCE,present,ABSENT
NiPSParticleSystem,Unknown 21,PRESENCE,present,ABSENT
NiPSParticleSystem,Unknown 22,PRESENCE,present,ABSENT
NiPSParticleSystem,Unknown 27,PRESENCE,present,ABSENT
NiPSParticleSystem,Unknown 28,PRESENCE,present,ABSENT
NiPSParticleSystem,Unknown 29,PRESENCE,present,ABSENT
NiPSParticleSystem,Unknown 3,PRESENCE,present,ABSENT
NiPSParticleSystem,Unknown 30,PRESENCE,present,ABSENT
NiPSParticleSystem,Unknown 31,PRESENCE,present,ABSENT
NiPSParticleSystem,Unknown 32,PRESENCE,present,ABSENT
NiPSParticleSystem,Unknown 33,PRESENCE,present,ABSENT
NiPSParticleSystem,Unknown 34,PRESENCE,present,ABSENT
NiPSParticleSystem,Unknown 35,PRESENCE,present,ABSENT
NiPSParticleSystem,Unknown 36,PRESENCE,present,ABSENT
NiPSParticleSystem,Unknown 37,PRESENCE,present,ABSENT
NiPSParticleSystem,Unknown 38,PRESENCE,present,ABSENT
NiPSParticleSystem,Unknown 39,PRESENCE,present,ABSENT
NiPSParticleSystem,Unknown 4,PRESENCE,present,ABSENT
NiPSParticleSystem,Unknown 5,PRESENCE,present,ABSENT
NiPSParticleSystem,Unknown 6,PRESENCE,present,ABSENT
NiPSParticleSystem,Unknown 7,PRESENCE,present,ABSENT
NiPSParticleSystem,Unknown 8,PRESENCE,present,ABSENT
NiPSParticleSystem,Unknown 9,PRESENCE,present,ABSENT
NiPSParticleSystem,Unknown Byte,PRESENCE,present,ABSENT
NiPSParticleSystem,Unknown Short 1,PRESENCE,present,ABSENT
NiPSParticleSystem,Velocity,PRESENCE,present,ABSENT
NiPSPlanarCollider,Name,PRESENCE,present,ABSENT
NiPSPlanarCollider,Unknown Byte 4,PRESENCE,present,ABSENT
NiPSPlanarCollider,Unknown Floats 5,PRESENCE,present,ABSENT
NiPSPlanarCollider,Unknown Int 1,PRESENCE,present,ABSENT
NiPSPlanarCollider,Unknown Int 2,PRESENCE,present,ABSENT
NiPSPlanarCollider,Unknown Link 6,PRESENCE,present,ABSENT
NiPSPlanarCollider,Unknown Short 3,PRESENCE,present,ABSENT
NiPSResetOnLoopCtlr,Flags,PRESENCE,present,ABSENT
NiPSResetOnLoopCtlr,Frequency,PRESENCE,present,ABSENT
NiPSResetOnLoopCtlr,Next Controller,PRESENCE,present,ABSENT
NiPSResetOnLoopCtlr,Phase,PRESENCE,present,ABSENT
NiPSResetOnLoopCtlr,Start Time,PRESENCE,present,ABSENT
NiPSResetOnLoopCtlr,Stop Time,PRESENCE,present,ABSENT
NiPSResetOnLoopCtlr,Target,PRESENCE,present,ABSENT
NiPSResetOnLoopCtlr,Unknown Integer,PRESENCE,present,ABSENT
NiPSSimulator,Complete Points,PRESENCE,present,ABSENT
NiPSSimulator,Num Complete Points,PRESENCE,present,ABSENT
NiPSSimulator,Num Simulation Steps,PRESENCE,present,ABSENT
NiPSSimulator,Num Submit Points,PRESENCE,present,ABSENT
NiPSSimulator,Simulation Steps,PRESENCE,present,ABSENT
NiPSSimulator,Submit Points,PRESENCE,present,ABSENT
NiPSSimulatorCollidersStep,Colliders,PRESENCE,present,ABSENT
NiPSSimulatorCollidersStep,Num Colliders,PRESENCE,present,ABSENT
NiPSSimulatorForcesStep,Forces,PRESENCE,present,ABSENT
NiPSSimulatorForcesStep,Num Forces,PRESENCE,present,ABSENT
NiPSSimulatorGeneralStep,Color Keys,PRESENCE,present,ABSENT
NiPSSimulatorGeneralStep,Color Loop Behavior,PRESENCE,present,ABSENT
NiPSSimulatorGeneralStep,Grow Generation,PRESENCE,present,ABSENT
NiPSSimulatorGeneralStep,Grow Time,PRESENCE,present,ABSENT
NiPSSimulatorGeneralStep,Num Color Keys,PRESENCE,present,ABSENT
NiPSSimulatorGeneralStep,Num Rotation Keys,PRESENCE,present,ABSENT
NiPSSimulatorGeneralStep,Num Size Keys,PRESENCE,present,ABSENT
NiPSSimulatorGeneralStep,Rotation Keys,PRESENCE,present,ABSENT
NiPSSimulatorGeneralStep,Rotation Loop Behavior,PRESENCE,present,ABSENT
NiPSSimulatorGeneralStep,Shrink Generation,PRESENCE,present,ABSENT
NiPSSimulatorGeneralStep,Shrink Time,PRESENCE,present,ABSENT
NiPSSimulatorGeneralStep,Size Keys,PRESENCE,present,ABSENT
NiPSSimulatorGeneralStep,Size Loop Behavior,PRESENCE,present,ABSENT
NiPSSimulatorGeneralStep,Unknown 1,PRESENCE,present,ABSENT
NiPSSimulatorGeneralStep,Unknown 2,PRESENCE,present,ABSENT
NiPSSimulatorGeneralStep,Unknown 3,PRESENCE,present,ABSENT
NiPSSimulatorMeshAlignStep,Num Rotation Keys,PRESENCE,present,ABSENT
NiPSSimulatorMeshAlignStep,Rotation Keys,PRESENCE,present,ABSENT
NiPSSimulatorMeshAlignStep,Rotation Loop Behavior,PRESENCE,present,ABSENT
NiPSSphereEmitter,Name,PRESENCE,present,ABSENT
NiPSSphereEmitter,Unknown 10,PRESENCE,present,ABSENT
NiPSSphereEmitter,Unknown 11,PRESENCE,present,ABSENT
NiPSSphereEmitter,Unknown 12,PRESENCE,present,ABSENT
NiPSSphereEmitter,Unknown 13,PRESENCE,present,ABSENT
NiPSSphereEmitter,Unknown 14,PRESENCE,present,ABSENT
NiPSSphereEmitter,Unknown 15,PRESENCE,present,ABSENT
NiPSSphereEmitter,Unknown 16,PRESENCE,present,ABSENT
NiPSSphereEmitter,Unknown 17,PRESENCE,present,ABSENT
NiPSSphereEmitter,Unknown 18,PRESENCE,present,ABSENT
NiPSSphereEmitter,Unknown 19,PRESENCE,present,ABSENT
NiPSSphereEmitter,Unknown 2,PRESENCE,present,ABSENT
NiPSSphereEmitter,Unknown 20,PRESENCE,present,ABSENT
NiPSSphereEmitter,Unknown 21,PRESENCE,present,ABSENT
NiPSSphereEmitter,Unknown 22,PRESENCE,present,ABSENT
NiPSSphereEmitter,Unknown 3,PRESENCE,present,ABSENT
NiPSSphereEmitter,Unknown 4,PRESENCE,present,ABSENT
NiPSSphereEmitter,Unknown 5,PRESENCE,present,ABSENT
NiPSSphereEmitter,Unknown 6,PRESENCE,present,ABSENT
NiPSSphereEmitter,Unknown 7,PRESENCE,present,ABSENT
NiPSSphereEmitter,Unknown 8,PRESENCE,present,ABSENT
NiPSSphereEmitter,Unknown 9,PRESENCE,present,ABSENT
NiPSSphericalCollider,Unknown 1,PRESENCE,present,ABSENT
NiPSSphericalCollider,Unknown 2,PRESENCE,present,ABSENT
NiPSSphericalCollider,Unknown 3,PRESENCE,present,ABSENT
NiPSSphericalCollider,Unknown 4,PRESENCE,present,ABSENT
NiPSSphericalCollider,Unknown 5,PRESENCE,present,ABSENT
NiPSSphericalCollider,Unknown 6,PRESENCE,present,ABSENT
NiPSSphericalCollider,Unknown 7,PRESENCE,present,ABSENT
NiPSysAgeDeathModifier,Order,FIELD_TYPE,uint,NiPSysModifierOrder
NiPSysAirFieldAirFrictionCtlr,Flags,FIELD_TYPE,Flags,TimeControllerFlags
NiPSysAirFieldAirFrictionCtlr,Flags,FIELD_WIDTH_IF_FIXED,var(unknown-type),2
NiPSysAirFieldAirFrictionCtlr,Manager Controlled,PRESENCE,ABSENT,present
NiPSysAirFieldInheritVelocityCtlr,Flags,FIELD_TYPE,Flags,TimeControllerFlags
NiPSysAirFieldInheritVelocityCtlr,Flags,FIELD_WIDTH_IF_FIXED,var(unknown-type),2
NiPSysAirFieldInheritVelocityCtlr,Manager Controlled,PRESENCE,ABSENT,present
NiPSysAirFieldModifier,Air Friction,PRESENCE,ABSENT,present
NiPSysAirFieldModifier,Component Only,PRESENCE,ABSENT,present
NiPSysAirFieldModifier,Direction,FIELD_WIDTH_IF_FIXED,12,var(unknown-type)
NiPSysAirFieldModifier,Enable Spread,PRESENCE,ABSENT,present
NiPSysAirFieldModifier,Inherit Rotation,PRESENCE,ABSENT,present
NiPSysAirFieldModifier,Inherit Velocity,PRESENCE,ABSENT,present
NiPSysAirFieldModifier,Order,FIELD_TYPE,uint,NiPSysModifierOrder
NiPSysAirFieldModifier,Spread,PRESENCE,ABSENT,present
NiPSysAirFieldModifier,Unknown Boolean 1,PRESENCE,present,ABSENT
NiPSysAirFieldModifier,Unknown Boolean 2,PRESENCE,present,ABSENT
NiPSysAirFieldModifier,Unknown Boolean 3,PRESENCE,present,ABSENT
NiPSysAirFieldModifier,Unknown Float 2,PRESENCE,present,ABSENT
NiPSysAirFieldModifier,Unknown Float 3,PRESENCE,present,ABSENT
NiPSysAirFieldModifier,Unknown Float 4,PRESENCE,present,ABSENT
NiPSysAirFieldSpreadCtlr,Flags,FIELD_TYPE,Flags,TimeControllerFlags
NiPSysAirFieldSpreadCtlr,Flags,FIELD_WIDTH_IF_FIXED,var(unknown-type),2
NiPSysAirFieldSpreadCtlr,Manager Controlled,PRESENCE,ABSENT,present
NiPSysBombModifier,Bomb Axis,FIELD_WIDTH_IF_FIXED,12,var(unknown-type)
NiPSysBombModifier,Order,FIELD_TYPE,uint,NiPSysModifierOrder
NiPSysBoundUpdateModifier,Order,FIELD_TYPE,uint,NiPSysModifierOrder
NiPSysBoxEmitter,Initial Color,FIELD_WIDTH_IF_FIXED,16,var(unknown-type)
NiPSysBoxEmitter,Order,FIELD_TYPE,uint,NiPSysModifierOrder
NiPSysBoxEmitter,Unknown QQSpeed Floats,PRESENCE,ABSENT,present
NiPSysCollider,Collider Object,LINK_REF_ROLE,Ref->NiNode,Ref->NiAVObject
NiPSysCollider,Next Collider,LINK_REF_ROLE,Ref->NiObject,Ref->NiPSysCollider
NiPSysCollider,Parent,LINK_REF_ROLE,Ref->NiObject,Ref->NiPSysColliderManager
NiPSysColliderManager,Order,FIELD_TYPE,uint,NiPSysModifierOrder
NiPSysColorModifier,Order,FIELD_TYPE,uint,NiPSysModifierOrder
NiPSysCylinderEmitter,Initial Color,FIELD_WIDTH_IF_FIXED,16,var(unknown-type)
NiPSysCylinderEmitter,Order,FIELD_TYPE,uint,NiPSysModifierOrder
NiPSysCylinderEmitter,Unknown QQSpeed Floats,PRESENCE,ABSENT,present
NiPSysData,Added Particles Base,PRESENCE,ABSENT,present
NiPSysData,Aspect Flags,PRESENCE,ABSENT,present
NiPSysData,Aspect Ratio,INHERITED_FROM,SELF,NiParticlesData
NiPSysData,BS Data Flags,PRESENCE,ABSENT,present
NiPSysData,Bitangents,FIELD_WIDTH_IF_FIXED,12,var(unknown-type)
NiPSysData,Bounding Sphere,PRESENCE,ABSENT,present
NiPSysData,Center,PRESENCE,present,ABSENT
NiPSysData,DIV2 Floats,PRESENCE,ABSENT,present
NiPSysData,Data Flags,APPLIES_TO_10_1_0_0,False,UNRESOLVED
NiPSysData,Extra Vectors Flags,PRESENCE,present,ABSENT
NiPSysData,Group ID,PRESENCE,ABSENT,present
NiPSysData,Has DIV2 Floats,PRESENCE,ABSENT,present
NiPSysData,Has Rotation Speeds,PRESENCE,ABSENT,present
NiPSysData,Has Rotations 2,PRESENCE,present,ABSENT
NiPSysData,Has Subtexture Offset UVs,PRESENCE,present,ABSENT
NiPSysData,Has Texture Indices,PRESENCE,ABSENT,present
NiPSysData,Has UV Quadrants,PRESENCE,present,ABSENT
NiPSysData,Has Unknown Floats 3,PRESENCE,present,ABSENT
NiPSysData,Material CRC,PRESENCE,ABSENT,present
NiPSysData,Normals,FIELD_WIDTH_IF_FIXED,12,var(unknown-type)
NiPSysData,Num Added Particles,PRESENCE,ABSENT,present
NiPSysData,Num Subtexture Offset UVs,PRESENCE,present,ABSENT
NiPSysData,Num Subtexture Offsets,FIELD_TYPE,byte,uint
NiPSysData,Num Subtexture Offsets,FIELD_WIDTH_IF_FIXED,1,4
NiPSysData,Num UV Quadrants,PRESENCE,present,ABSENT
NiPSysData,Num UV Sets,APPLIES_TO_10_1_0_0,True,False
NiPSysData,Num UV Sets,FIELD_TYPE,byte,ushort
NiPSysData,Num UV Sets,FIELD_WIDTH_IF_FIXED,1,2
NiPSysData,Particle Descriptions,PRESENCE,present,ABSENT
NiPSysData,Particle Info,PRESENCE,ABSENT,present
NiPSysData,Radii,APPLIES_TO_10_1_0_0,True,UNRESOLVED
NiPSysData,Radius,PRESENCE,present,ABSENT
NiPSysData,Rotation Angles,APPLIES_TO_10_1_0_0,True,UNRESOLVED
NiPSysData,Rotation Axes,FIELD_WIDTH_IF_FIXED,12,var(unknown-type)
NiPSysData,Rotation Speeds,PRESENCE,ABSENT,present
NiPSysData,Rotations,APPLIES_TO_10_1_0_0,True,UNRESOLVED
NiPSysData,Rotations,FIELD_WIDTH_IF_FIXED,16,var(unknown-type)
NiPSysData,Rotations 2,PRESENCE,present,ABSENT
NiPSysData,Sizes,APPLIES_TO_10_1_0_0,True,UNRESOLVED
NiPSysData,Speed to Aspect Aspect 2,PRESENCE,ABSENT,present
NiPSysData,Speed to Aspect Speed 1,PRESENCE,ABSENT,present
NiPSysData,Speed to Aspect Speed 2,PRESENCE,ABSENT,present
NiPSysData,Subtexture Offset UVs,PRESENCE,present,ABSENT
NiPSysData,Subtexture Offsets,PRESENCE,ABSENT,present
NiPSysData,Tangents,FIELD_WIDTH_IF_FIXED,12,var(unknown-type)
NiPSysData,UV Quadrants,PRESENCE,present,ABSENT
NiPSysData,UV Sets,FIELD_WIDTH_IF_FIXED,8,var(unknown-type)
NiPSysData,UV Sets,ARRAY_RELATION,array per (Num UV Sets & 63),array per ((Data Flags #BITAND# 63) #BITOR# (BS Data Flags #BITAND# 1))
NiPSysData,Unknown 13 shorts,PRESENCE,present,ABSENT
NiPSysData,Unknown Byte 1,PRESENCE,present,ABSENT
NiPSysData,Unknown Byte 2,PRESENCE,present,ABSENT
NiPSysData,Unknown Byte 4,PRESENCE,present,ABSENT
NiPSysData,Unknown Floats 3,PRESENCE,present,ABSENT
NiPSysData,Unknown Int,PRESENCE,present,ABSENT
NiPSysData,Unknown Int 2,PRESENCE,present,ABSENT
NiPSysData,Unknown Int 4,PRESENCE,present,ABSENT
NiPSysData,Unknown Int 5,PRESENCE,present,ABSENT
NiPSysData,Unknown Int 6,PRESENCE,present,ABSENT
NiPSysData,Unknown Link,PRESENCE,present,ABSENT
NiPSysData,Unknown QQSpeed Byte 1,PRESENCE,ABSENT,present
NiPSysData,Unknown QQSpeed Byte 2,PRESENCE,ABSENT,present
NiPSysData,Unknown Short 1,PRESENCE,present,ABSENT
NiPSysData,Unknown Short 2,PRESENCE,present,ABSENT
NiPSysData,Unknown Short 3,PRESENCE,present,ABSENT
NiPSysData,Unknown Vector,PRESENCE,ABSENT,present
NiPSysData,Vertex Colors,FIELD_WIDTH_IF_FIXED,16,var(unknown-type)
NiPSysData,Vertices,FIELD_WIDTH_IF_FIXED,12,var(unknown-type)
NiPSysDragFieldModifier,Direction,FIELD_WIDTH_IF_FIXED,12,var(unknown-type)
NiPSysDragFieldModifier,Order,FIELD_TYPE,uint,NiPSysModifierOrder
NiPSysDragFieldModifier,Use Direction,PRESENCE,ABSENT,present
NiPSysDragFieldModifier,Use Direction?,PRESENCE,present,ABSENT
NiPSysDragModifier,Drag Axis,FIELD_WIDTH_IF_FIXED,12,var(unknown-type)
NiPSysDragModifier,Drag Object,PRESENCE,ABSENT,present
NiPSysDragModifier,Order,FIELD_TYPE,uint,NiPSysModifierOrder
NiPSysDragModifier,Parent,PRESENCE,present,ABSENT
NiPSysEmitter,Initial Color,FIELD_WIDTH_IF_FIXED,16,var(unknown-type)
NiPSysEmitter,Order,FIELD_TYPE,uint,NiPSysModifierOrder
NiPSysEmitter,Unknown QQSpeed Floats,PRESENCE,ABSENT,present
NiPSysEmitterCtlr,Flags,FIELD_TYPE,Flags,TimeControllerFlags
NiPSysEmitterCtlr,Flags,FIELD_WIDTH_IF_FIXED,var(unknown-type),2
NiPSysEmitterCtlr,Manager Controlled,PRESENCE,ABSENT,present
NiPSysEmitterCtlrData,Active Keys,PRESENCE,ABSENT,present
NiPSysEmitterCtlrData,Birth Rate Keys,PRESENCE,ABSENT,present
NiPSysEmitterCtlrData,Float Keys?,PRESENCE,present,ABSENT
NiPSysEmitterCtlrData,Num Active Keys,PRESENCE,ABSENT,present
NiPSysEmitterCtlrData,Num Visibility Keys?,PRESENCE,present,ABSENT
NiPSysEmitterCtlrData,Visibility Keys?,PRESENCE,present,ABSENT
NiPSysEmitterDeclinationCtlr,Flags,FIELD_TYPE,Flags,TimeControllerFlags
NiPSysEmitterDeclinationCtlr,Flags,FIELD_WIDTH_IF_FIXED,var(unknown-type),2
NiPSysEmitterDeclinationCtlr,Manager Controlled,PRESENCE,ABSENT,present
NiPSysEmitterDeclinationVarCtlr,Flags,FIELD_TYPE,Flags,TimeControllerFlags
NiPSysEmitterDeclinationVarCtlr,Flags,FIELD_WIDTH_IF_FIXED,var(unknown-type),2
NiPSysEmitterDeclinationVarCtlr,Manager Controlled,PRESENCE,ABSENT,present
NiPSysEmitterInitialRadiusCtlr,Flags,FIELD_TYPE,Flags,TimeControllerFlags
NiPSysEmitterInitialRadiusCtlr,Flags,FIELD_WIDTH_IF_FIXED,var(unknown-type),2
NiPSysEmitterInitialRadiusCtlr,Manager Controlled,PRESENCE,ABSENT,present
NiPSysEmitterLifeSpanCtlr,Flags,FIELD_TYPE,Flags,TimeControllerFlags
NiPSysEmitterLifeSpanCtlr,Flags,FIELD_WIDTH_IF_FIXED,var(unknown-type),2
NiPSysEmitterLifeSpanCtlr,Manager Controlled,PRESENCE,ABSENT,present
NiPSysEmitterPlanarAngleCtlr,Flags,FIELD_TYPE,Flags,TimeControllerFlags
NiPSysEmitterPlanarAngleCtlr,Flags,FIELD_WIDTH_IF_FIXED,var(unknown-type),2
NiPSysEmitterPlanarAngleCtlr,Manager Controlled,PRESENCE,ABSENT,present
NiPSysEmitterPlanarAngleVarCtlr,Flags,FIELD_TYPE,Flags,TimeControllerFlags
NiPSysEmitterPlanarAngleVarCtlr,Flags,FIELD_WIDTH_IF_FIXED,var(unknown-type),2
NiPSysEmitterPlanarAngleVarCtlr,Manager Controlled,PRESENCE,ABSENT,present
NiPSysEmitterSpeedCtlr,Flags,FIELD_TYPE,Flags,TimeControllerFlags
NiPSysEmitterSpeedCtlr,Flags,FIELD_WIDTH_IF_FIXED,var(unknown-type),2
NiPSysEmitterSpeedCtlr,Manager Controlled,PRESENCE,ABSENT,present
NiPSysFieldAttenuationCtlr,Flags,FIELD_TYPE,Flags,TimeControllerFlags
NiPSysFieldAttenuationCtlr,Flags,FIELD_WIDTH_IF_FIXED,var(unknown-type),2
NiPSysFieldAttenuationCtlr,Manager Controlled,PRESENCE,ABSENT,present
NiPSysFieldMagnitudeCtlr,Flags,FIELD_TYPE,Flags,TimeControllerFlags
NiPSysFieldMagnitudeCtlr,Flags,FIELD_WIDTH_IF_FIXED,var(unknown-type),2
NiPSysFieldMagnitudeCtlr,Manager Controlled,PRESENCE,ABSENT,present
NiPSysFieldMaxDistanceCtlr,Flags,FIELD_TYPE,Flags,TimeControllerFlags
NiPSysFieldMaxDistanceCtlr,Flags,FIELD_WIDTH_IF_FIXED,var(unknown-type),2
NiPSysFieldMaxDistanceCtlr,Manager Controlled,PRESENCE,ABSENT,present
NiPSysFieldModifier,Order,FIELD_TYPE,uint,NiPSysModifierOrder
NiPSysGravityFieldModifier,Direction,FIELD_WIDTH_IF_FIXED,12,var(unknown-type)
NiPSysGravityFieldModifier,Order,FIELD_TYPE,uint,NiPSysModifierOrder
NiPSysGravityModifier,Gravity Axis,FIELD_WIDTH_IF_FIXED,12,var(unknown-type)
NiPSysGravityModifier,Gravity Object,LINK_REF_ROLE,Ref->NiNode,Ref->NiAVObject
NiPSysGravityModifier,Order,FIELD_TYPE,uint,NiPSysModifierOrder
NiPSysGravityModifier,Unknown Byte,PRESENCE,present,ABSENT
NiPSysGravityModifier,World Aligned,PRESENCE,ABSENT,present
NiPSysGravityStrengthCtlr,Flags,FIELD_TYPE,Flags,TimeControllerFlags
NiPSysGravityStrengthCtlr,Flags,FIELD_WIDTH_IF_FIXED,var(unknown-type),2
NiPSysGravityStrengthCtlr,Manager Controlled,PRESENCE,ABSENT,present
NiPSysGrowFadeModifier,Order,FIELD_TYPE,uint,NiPSysModifierOrder
NiPSysInitialRotAngleCtlr,Flags,FIELD_TYPE,Flags,TimeControllerFlags
NiPSysInitialRotAngleCtlr,Flags,FIELD_WIDTH_IF_FIXED,var(unknown-type),2
NiPSysInitialRotAngleCtlr,Manager Controlled,PRESENCE,ABSENT,present
NiPSysInitialRotAngleVarCtlr,Flags,FIELD_TYPE,Flags,TimeControllerFlags
NiPSysInitialRotAngleVarCtlr,Flags,FIELD_WIDTH_IF_FIXED,var(unknown-type),2
NiPSysInitialRotAngleVarCtlr,Manager Controlled,PRESENCE,ABSENT,present
NiPSysInitialRotSpeedCtlr,Flags,FIELD_TYPE,Flags,TimeControllerFlags
NiPSysInitialRotSpeedCtlr,Flags,FIELD_WIDTH_IF_FIXED,var(unknown-type),2
NiPSysInitialRotSpeedCtlr,Manager Controlled,PRESENCE,ABSENT,present
NiPSysInitialRotSpeedVarCtlr,Flags,FIELD_TYPE,Flags,TimeControllerFlags
NiPSysInitialRotSpeedVarCtlr,Flags,FIELD_WIDTH_IF_FIXED,var(unknown-type),2
NiPSysInitialRotSpeedVarCtlr,Manager Controlled,PRESENCE,ABSENT,present
NiPSysMeshEmitter,Emission Axis,FIELD_WIDTH_IF_FIXED,12,var(unknown-type)
NiPSysMeshEmitter,Emitter Meshes,FIELD_TYPE,Ref,Ptr
NiPSysMeshEmitter,Emitter Meshes,LINK_REF_ROLE,Ref->NiTriBasedGeom,Ref->NiAVObject
NiPSysMeshEmitter,Initial Color,FIELD_WIDTH_IF_FIXED,16,var(unknown-type)
NiPSysMeshEmitter,Order,FIELD_TYPE,uint,NiPSysModifierOrder
NiPSysMeshEmitter,Unknown QQSpeed Floats,PRESENCE,ABSENT,present
NiPSysMeshUpdateModifier,Order,FIELD_TYPE,uint,NiPSysModifierOrder
NiPSysModifier,Order,FIELD_TYPE,uint,NiPSysModifierOrder
NiPSysModifierActiveCtlr,Flags,FIELD_TYPE,Flags,TimeControllerFlags
NiPSysModifierActiveCtlr,Flags,FIELD_WIDTH_IF_FIXED,var(unknown-type),2
NiPSysModifierActiveCtlr,Manager Controlled,PRESENCE,ABSENT,present
NiPSysModifierBoolCtlr,Flags,FIELD_TYPE,Flags,TimeControllerFlags
NiPSysModifierBoolCtlr,Flags,FIELD_WIDTH_IF_FIXED,var(unknown-type),2
NiPSysModifierBoolCtlr,Manager Controlled,PRESENCE,ABSENT,present
NiPSysModifierCtlr,Flags,FIELD_TYPE,Flags,TimeControllerFlags
NiPSysModifierCtlr,Flags,FIELD_WIDTH_IF_FIXED,var(unknown-type),2
NiPSysModifierCtlr,Manager Controlled,PRESENCE,ABSENT,present
NiPSysModifierFloatCtlr,Flags,FIELD_TYPE,Flags,TimeControllerFlags
NiPSysModifierFloatCtlr,Flags,FIELD_WIDTH_IF_FIXED,var(unknown-type),2
NiPSysModifierFloatCtlr,Manager Controlled,PRESENCE,ABSENT,present
NiPSysPartSpawnModifier,Active,PRESENCE,ABSENT,present
NiPSysPartSpawnModifier,Name,PRESENCE,ABSENT,present
NiPSysPartSpawnModifier,Order,PRESENCE,ABSENT,present
NiPSysPartSpawnModifier,Particles Per Second,PRESENCE,ABSENT,present
NiPSysPartSpawnModifier,Spawner,PRESENCE,ABSENT,present
NiPSysPartSpawnModifier,Target,PRESENCE,ABSENT,present
NiPSysPartSpawnModifier,Time,PRESENCE,ABSENT,present
NiPSysPlanarCollider,Collider Object,LINK_REF_ROLE,Ref->NiNode,Ref->NiAVObject
NiPSysPlanarCollider,Next Collider,LINK_REF_ROLE,Ref->NiObject,Ref->NiPSysCollider
NiPSysPlanarCollider,Parent,LINK_REF_ROLE,Ref->NiObject,Ref->NiPSysColliderManager
NiPSysPlanarCollider,X Axis,FIELD_WIDTH_IF_FIXED,12,var(unknown-type)
NiPSysPlanarCollider,Y Axis,FIELD_WIDTH_IF_FIXED,12,var(unknown-type)
NiPSysPositionModifier,Order,FIELD_TYPE,uint,NiPSysModifierOrder
NiPSysRadialFieldModifier,Order,FIELD_TYPE,uint,NiPSysModifierOrder
NiPSysRadialFieldModifier,Radial Type,FIELD_TYPE,int,float
NiPSysResetOnLoopCtlr,Flags,FIELD_TYPE,Flags,TimeControllerFlags
NiPSysResetOnLoopCtlr,Flags,FIELD_WIDTH_IF_FIXED,var(unknown-type),2
NiPSysRotationModifier,Axis,PRESENCE,ABSENT,present
NiPSysRotationModifier,Initial Axis,PRESENCE,present,ABSENT
NiPSysRotationModifier,Initial Rotation Angle,PRESENCE,present,ABSENT
NiPSysRotationModifier,Initial Rotation Angle Variation,PRESENCE,present,ABSENT
NiPSysRotationModifier,Initial Rotation Speed,PRESENCE,present,ABSENT
NiPSysRotationModifier,Initial Rotation Speed Variation,PRESENCE,present,ABSENT
NiPSysRotationModifier,Order,FIELD_TYPE,uint,NiPSysModifierOrder
NiPSysRotationModifier,Random Axis,PRESENCE,ABSENT,present
NiPSysRotationModifier,Random Initial Axis,PRESENCE,present,ABSENT
NiPSysRotationModifier,Rotation Angle,PRESENCE,ABSENT,present
NiPSysRotationModifier,Rotation Angle Variation,PRESENCE,ABSENT,present
NiPSysRotationModifier,Rotation Speed,PRESENCE,ABSENT,present
NiPSysRotationModifier,Rotation Speed Variation,PRESENCE,ABSENT,present
NiPSysRotationModifier,Unknown Byte,PRESENCE,ABSENT,present
NiPSysRotationModifier,Unknown Vector,PRESENCE,ABSENT,present
NiPSysSpawnModifier,Order,FIELD_TYPE,uint,NiPSysModifierOrder
NiPSysSpawnModifier,Spawn Dir Chaos,PRESENCE,present,ABSENT
NiPSysSpawnModifier,Spawn Dir Variation,PRESENCE,ABSENT,present
NiPSysSpawnModifier,Spawn Speed Chaos,PRESENCE,present,ABSENT
NiPSysSpawnModifier,Spawn Speed Variation,PRESENCE,ABSENT,present
NiPSysSpawnModifier,Unknown int,PRESENCE,present,ABSENT
NiPSysSpawnModifier,WorldShift Spawn Speed Addition,PRESENCE,ABSENT,present
NiPSysSphereEmitter,Initial Color,FIELD_WIDTH_IF_FIXED,16,var(unknown-type)
NiPSysSphereEmitter,Order,FIELD_TYPE,uint,NiPSysModifierOrder
NiPSysSphereEmitter,Unknown QQSpeed Floats,PRESENCE,ABSENT,present
NiPSysSphericalCollider,Collider Object,LINK_REF_ROLE,Ref->NiNode,Ref->NiAVObject
NiPSysSphericalCollider,Next Collider,LINK_REF_ROLE,Ref->NiObject,Ref->NiPSysCollider
NiPSysSphericalCollider,Parent,LINK_REF_ROLE,Ref->NiObject,Ref->NiPSysColliderManager
NiPSysTrailEmitter,Emitter Object,PRESENCE,ABSENT,present
NiPSysTrailEmitter,Gravity Dir,PRESENCE,ABSENT,present
NiPSysTrailEmitter,Gravity Force,PRESENCE,ABSENT,present
NiPSysTrailEmitter,Initial Color,FIELD_WIDTH_IF_FIXED,16,var(unknown-type)
NiPSysTrailEmitter,Num Trails,PRESENCE,ABSENT,present
NiPSysTrailEmitter,Order,FIELD_TYPE,uint,NiPSysModifierOrder
NiPSysTrailEmitter,Radius,PRESENCE,ABSENT,present
NiPSysTrailEmitter,Repeat Time,PRESENCE,ABSENT,present
NiPSysTrailEmitter,Trail Life Span,PRESENCE,ABSENT,present
NiPSysTrailEmitter,Trail Life Span Var,PRESENCE,ABSENT,present
NiPSysTrailEmitter,Turbulence,PRESENCE,ABSENT,present
NiPSysTrailEmitter,Unknown Float 1,PRESENCE,present,ABSENT
NiPSysTrailEmitter,Unknown Float 2,PRESENCE,present,ABSENT
NiPSysTrailEmitter,Unknown Float 3,PRESENCE,present,ABSENT
NiPSysTrailEmitter,Unknown Float 4,PRESENCE,present,ABSENT
NiPSysTrailEmitter,Unknown Float 5,PRESENCE,present,ABSENT
NiPSysTrailEmitter,Unknown Float 6,PRESENCE,present,ABSENT
NiPSysTrailEmitter,Unknown Float 7,PRESENCE,present,ABSENT
NiPSysTrailEmitter,Unknown Int 1,PRESENCE,present,ABSENT
NiPSysTrailEmitter,Unknown Int 2,PRESENCE,present,ABSENT
NiPSysTrailEmitter,Unknown Int 3,PRESENCE,present,ABSENT
NiPSysTrailEmitter,Unknown Int 4,PRESENCE,present,ABSENT
NiPSysTrailEmitter,Unknown QQSpeed Floats,PRESENCE,ABSENT,present
NiPSysTurbulenceFieldModifier,Order,FIELD_TYPE,uint,NiPSysModifierOrder
NiPSysUpdateCtlr,Flags,FIELD_TYPE,Flags,TimeControllerFlags
NiPSysUpdateCtlr,Flags,FIELD_WIDTH_IF_FIXED,var(unknown-type),2
NiPSysVolumeEmitter,Initial Color,FIELD_WIDTH_IF_FIXED,16,var(unknown-type)
NiPSysVolumeEmitter,Order,FIELD_TYPE,uint,NiPSysModifierOrder
NiPSysVolumeEmitter,Unknown QQSpeed Floats,PRESENCE,ABSENT,present
NiPSysVortexFieldModifier,Direction,FIELD_WIDTH_IF_FIXED,12,var(unknown-type)
NiPSysVortexFieldModifier,Order,FIELD_TYPE,uint,NiPSysModifierOrder
NiPalette,Has Alpha,PRESENCE,ABSENT,present
NiPalette,Unknown Byte,PRESENCE,present,ABSENT
NiParticleBomb,Controller,PRESENCE,present,ABSENT
NiParticleBomb,Decay Type?,PRESENCE,present,ABSENT
NiParticleBomb,Decay?,PRESENCE,present,ABSENT
NiParticleBomb,DeltaV?,PRESENCE,present,ABSENT
NiParticleBomb,Direction?,PRESENCE,present,ABSENT
NiParticleBomb,Duration?,PRESENCE,present,ABSENT
NiParticleBomb,Next Modifier,PRESENCE,present,ABSENT
NiParticleBomb,Position?,PRESENCE,present,ABSENT
NiParticleBomb,Start?,PRESENCE,present,ABSENT
NiParticleBomb,Symmetry Type?,PRESENCE,present,ABSENT
NiParticleColorModifier,Color Data,PRESENCE,present,ABSENT
NiParticleColorModifier,Controller,PRESENCE,present,ABSENT
NiParticleColorModifier,Next Modifier,PRESENCE,present,ABSENT
NiParticleGrowFade,Controller,PRESENCE,present,ABSENT
NiParticleGrowFade,Fade,PRESENCE,present,ABSENT
NiParticleGrowFade,Grow,PRESENCE,present,ABSENT
NiParticleGrowFade,Next Modifier,PRESENCE,present,ABSENT
NiParticleMeshModifier,Controller,PRESENCE,present,ABSENT
NiParticleMeshModifier,Next Modifier,PRESENCE,present,ABSENT
NiParticleMeshModifier,Num Particle Meshes,PRESENCE,present,ABSENT
NiParticleMeshModifier,Particle Meshes,PRESENCE,present,ABSENT
NiParticleMeshes,Active Material,PRESENCE,present,ABSENT
NiParticleMeshes,BS Properties,PRESENCE,present,ABSENT
NiParticleMeshes,Bounding Box,PRESENCE,present,ABSENT
NiParticleMeshes,Collision Object,PRESENCE,present,ABSENT
NiParticleMeshes,Controller,PRESENCE,present,ABSENT
NiParticleMeshes,Data,PRESENCE,present,ABSENT
NiParticleMeshes,Dirty Flag,PRESENCE,present,ABSENT
NiParticleMeshes,Extra Data,PRESENCE,present,ABSENT
NiParticleMeshes,Extra Data List,PRESENCE,present,ABSENT
NiParticleMeshes,Flags,PRESENCE,present,ABSENT
NiParticleMeshes,Has Bounding Box,PRESENCE,present,ABSENT
NiParticleMeshes,Has Old Extra Data,PRESENCE,present,ABSENT
NiParticleMeshes,Has Shader,PRESENCE,present,ABSENT
NiParticleMeshes,Material Extra Data,PRESENCE,present,ABSENT
NiParticleMeshes,Material Name,PRESENCE,present,ABSENT
NiParticleMeshes,Name,PRESENCE,present,ABSENT
NiParticleMeshes,Num Extra Data List,PRESENCE,present,ABSENT
NiParticleMeshes,Num Materials,PRESENCE,present,ABSENT
NiParticleMeshes,Num Properties,PRESENCE,present,ABSENT
NiParticleMeshes,Old Extra Internal Id,PRESENCE,present,ABSENT
NiParticleMeshes,Old Extra Prop Name,PRESENCE,present,ABSENT
NiParticleMeshes,Old Extra String,PRESENCE,present,ABSENT
NiParticleMeshes,Properties,PRESENCE,present,ABSENT
NiParticleMeshes,Rotation,PRESENCE,present,ABSENT
NiParticleMeshes,Scale,PRESENCE,present,ABSENT
NiParticleMeshes,Shader Name,PRESENCE,present,ABSENT
NiParticleMeshes,Skin Instance,PRESENCE,present,ABSENT
NiParticleMeshes,Skyrim Shader Type,PRESENCE,present,ABSENT
NiParticleMeshes,Translation,PRESENCE,present,ABSENT
NiParticleMeshes,Unknown 1,PRESENCE,present,ABSENT
NiParticleMeshes,Unknown 2,PRESENCE,present,ABSENT
NiParticleMeshes,Unknown Byte,INHERITED_FROM,NiObjectNET,NiGeometry
NiParticleMeshes,Unknown Integer,PRESENCE,present,ABSENT
NiParticleMeshes,Unknown Integer 2,PRESENCE,present,ABSENT
NiParticleMeshes,Unknown Short 1,PRESENCE,present,ABSENT
NiParticleMeshes,Velocity,PRESENCE,present,ABSENT
NiParticleMeshesData,BS Max Vertices,PRESENCE,present,ABSENT
NiParticleMeshesData,Bitangents,PRESENCE,present,ABSENT
NiParticleMeshesData,Center,PRESENCE,present,ABSENT
NiParticleMeshesData,Compress Flags,PRESENCE,present,ABSENT
NiParticleMeshesData,Consistency Flags,APPLIES_TO_10_1_0_0,True,False
NiParticleMeshesData,Extra Vectors Flags,PRESENCE,present,ABSENT
NiParticleMeshesData,Has Normals,PRESENCE,present,ABSENT
NiParticleMeshesData,Has Radii,PRESENCE,present,ABSENT
NiParticleMeshesData,Has Rotation Angles,PRESENCE,present,ABSENT
NiParticleMeshesData,Has Rotation Axes,PRESENCE,present,ABSENT
NiParticleMeshesData,Has Rotations,PRESENCE,present,ABSENT
NiParticleMeshesData,Has Rotations 2,PRESENCE,present,ABSENT
NiParticleMeshesData,Has Sizes,PRESENCE,present,ABSENT
NiParticleMeshesData,Has UV,PRESENCE,present,ABSENT
NiParticleMeshesData,Has UV Quadrants,PRESENCE,present,ABSENT
NiParticleMeshesData,Has Vertex Colors,PRESENCE,present,ABSENT
NiParticleMeshesData,Has Vertices,PRESENCE,present,ABSENT
NiParticleMeshesData,Keep Flags,PRESENCE,present,ABSENT
NiParticleMeshesData,Normals,PRESENCE,present,ABSENT
NiParticleMeshesData,Num Active,PRESENCE,present,ABSENT
NiParticleMeshesData,Num Particles,PRESENCE,present,ABSENT
NiParticleMeshesData,Num UV Quadrants,PRESENCE,present,ABSENT
NiParticleMeshesData,Num UV Sets,APPLIES_TO_10_1_0_0,True,False
NiParticleMeshesData,Num UV Sets,FIELD_TYPE,byte,ushort
NiParticleMeshesData,Num UV Sets,FIELD_WIDTH_IF_FIXED,1,2
NiParticleMeshesData,Particle Radius,PRESENCE,present,ABSENT
NiParticleMeshesData,Radii,PRESENCE,present,ABSENT
NiParticleMeshesData,Radius,PRESENCE,present,ABSENT
NiParticleMeshesData,Rotation Angles,PRESENCE,present,ABSENT
NiParticleMeshesData,Rotation Axes,PRESENCE,present,ABSENT
NiParticleMeshesData,Rotations,PRESENCE,present,ABSENT
NiParticleMeshesData,Rotations 2,PRESENCE,present,ABSENT
NiParticleMeshesData,Sizes,PRESENCE,present,ABSENT
NiParticleMeshesData,Tangents,PRESENCE,present,ABSENT
NiParticleMeshesData,UV Quadrants,PRESENCE,present,ABSENT
NiParticleMeshesData,UV Sets,PRESENCE,present,ABSENT
NiParticleMeshesData,Unknown 13 shorts,PRESENCE,present,ABSENT
NiParticleMeshesData,Unknown Byte 1,PRESENCE,present,ABSENT
NiParticleMeshesData,Unknown Byte 2,PRESENCE,present,ABSENT
NiParticleMeshesData,Unknown Int,PRESENCE,present,ABSENT
NiParticleMeshesData,Unknown Int 2,PRESENCE,present,ABSENT
NiParticleMeshesData,Unknown Link,PRESENCE,present,ABSENT
NiParticleMeshesData,Unknown Link 2,PRESENCE,present,ABSENT
NiParticleMeshesData,Vertex Colors,PRESENCE,present,ABSENT
NiParticleMeshesData,Vertices,PRESENCE,present,ABSENT
NiParticleModifier,Controller,PRESENCE,present,ABSENT
NiParticleModifier,Next Modifier,PRESENCE,present,ABSENT
NiParticleRotation,Controller,PRESENCE,present,ABSENT
NiParticleRotation,Initial Axis?,PRESENCE,present,ABSENT
NiParticleRotation,Next Modifier,PRESENCE,present,ABSENT
NiParticleRotation,Random Initial Axis?,PRESENCE,present,ABSENT
NiParticleRotation,Rotation Speed?,PRESENCE,present,ABSENT
NiParticleSystem,Active Material,PRESENCE,present,ABSENT
NiParticleSystem,Alpha Property,PRESENCE,ABSENT,present
NiParticleSystem,BS Properties,PRESENCE,present,ABSENT
NiParticleSystem,Bound Min Max,PRESENCE,ABSENT,present
NiParticleSystem,Bounding Box,PRESENCE,present,ABSENT
NiParticleSystem,Bounding Sphere,PRESENCE,ABSENT,present
NiParticleSystem,Bounding Volume,PRESENCE,ABSENT,present
NiParticleSystem,Dirty Flag,PRESENCE,present,ABSENT
NiParticleSystem,Far Begin,PRESENCE,ABSENT,present
NiParticleSystem,Far End,PRESENCE,ABSENT,present
NiParticleSystem,Has Bounding Box,PRESENCE,present,ABSENT
NiParticleSystem,Has Bounding Volume,PRESENCE,ABSENT,present
NiParticleSystem,Has Old Extra Data,PRESENCE,present,ABSENT
NiParticleSystem,Has Shader,PRESENCE,present,ABSENT
NiParticleSystem,Legacy Extra Data,PRESENCE,ABSENT,present
NiParticleSystem,Material Data,APPLIES_TO_10_1_0_0,False,UNRESOLVED
NiParticleSystem,Material Extra Data,PRESENCE,present,ABSENT
NiParticleSystem,Material Name,PRESENCE,present,ABSENT
NiParticleSystem,Near Begin,PRESENCE,ABSENT,present
NiParticleSystem,Near End,PRESENCE,ABSENT,present
NiParticleSystem,Num Materials,PRESENCE,present,ABSENT
NiParticleSystem,Num Properties,APPLIES_TO_10_1_0_0,True,UNRESOLVED
NiParticleSystem,Old Extra Internal Id,PRESENCE,present,ABSENT
NiParticleSystem,Old Extra Prop Name,PRESENCE,present,ABSENT
NiParticleSystem,Old Extra String,PRESENCE,present,ABSENT
NiParticleSystem,Properties,APPLIES_TO_10_1_0_0,True,UNRESOLVED
NiParticleSystem,Rotation,FIELD_WIDTH_IF_FIXED,36,var(unknown-type)
NiParticleSystem,Shader Name,PRESENCE,present,ABSENT
NiParticleSystem,Shader Property,PRESENCE,ABSENT,present
NiParticleSystem,Shader Type,PRESENCE,ABSENT,present
NiParticleSystem,Skin,PRESENCE,ABSENT,present
NiParticleSystem,Skyrim Shader Type,PRESENCE,present,ABSENT
NiParticleSystem,Translation,FIELD_WIDTH_IF_FIXED,12,var(unknown-type)
NiParticleSystem,Unknown Byte,INHERITED_FROM,NiObjectNET,NiGeometry
NiParticleSystem,Unknown Int 1,PRESENCE,present,ABSENT
NiParticleSystem,Unknown Integer,PRESENCE,present,ABSENT
NiParticleSystem,Unknown Integer 2,PRESENCE,present,ABSENT
NiParticleSystem,Unknown Short 1,PRESENCE,present,ABSENT
NiParticleSystem,Unknown Short 2,PRESENCE,present,ABSENT
NiParticleSystem,Unknown Short 3,PRESENCE,present,ABSENT
NiParticleSystem,Velocity,FIELD_WIDTH_IF_FIXED,12,var(unknown-type)
NiParticleSystem,Vertex Desc,PRESENCE,ABSENT,present
NiParticleSystemController,Color Data,PRESENCE,present,ABSENT
NiParticleSystemController,Emit Flags,PRESENCE,present,ABSENT
NiParticleSystemController,Emit Rate,PRESENCE,present,ABSENT
NiParticleSystemController,Emit Start Time,PRESENCE,present,ABSENT
NiParticleSystemController,Emit Stop Time,PRESENCE,present,ABSENT
NiParticleSystemController,Emitter,PRESENCE,present,ABSENT
NiParticleSystemController,Flags,PRESENCE,present,ABSENT
NiParticleSystemController,Frequency,PRESENCE,present,ABSENT
NiParticleSystemController,Horizontal Angle,PRESENCE,present,ABSENT
NiParticleSystemController,Horizontal Direction,PRESENCE,present,ABSENT
NiParticleSystemController,Lifetime,PRESENCE,present,ABSENT
NiParticleSystemController,Lifetime Random,PRESENCE,present,ABSENT
NiParticleSystemController,Next Controller,PRESENCE,present,ABSENT
NiParticleSystemController,Num Particles,PRESENCE,present,ABSENT
NiParticleSystemController,Num Valid,PRESENCE,present,ABSENT
NiParticleSystemController,Old Emit Rate,PRESENCE,present,ABSENT
NiParticleSystemController,Old Speed,PRESENCE,present,ABSENT
NiParticleSystemController,Particle Extra,PRESENCE,present,ABSENT
NiParticleSystemController,Particle Lifetime,PRESENCE,present,ABSENT
NiParticleSystemController,Particle Link,PRESENCE,present,ABSENT
NiParticleSystemController,Particle Timestamp,PRESENCE,present,ABSENT
NiParticleSystemController,Particle Unknown Short,PRESENCE,present,ABSENT
NiParticleSystemController,Particle Unknown Vector,PRESENCE,present,ABSENT
NiParticleSystemController,Particle Velocity,PRESENCE,present,ABSENT
NiParticleSystemController,Particle Vertex Id,PRESENCE,present,ABSENT
NiParticleSystemController,Particles,PRESENCE,present,ABSENT
NiParticleSystemController,Phase,PRESENCE,present,ABSENT
NiParticleSystemController,Size,PRESENCE,present,ABSENT
NiParticleSystemController,Speed,PRESENCE,present,ABSENT
NiParticleSystemController,Speed Random,PRESENCE,present,ABSENT
NiParticleSystemController,Start Random,PRESENCE,present,ABSENT
NiParticleSystemController,Start Time,PRESENCE,present,ABSENT
NiParticleSystemController,Stop Time,PRESENCE,present,ABSENT
NiParticleSystemController,Target,PRESENCE,present,ABSENT
NiParticleSystemController,Trailer,PRESENCE,present,ABSENT
NiParticleSystemController,Unknown Byte,PRESENCE,present,ABSENT
NiParticleSystemController,Unknown Color?,PRESENCE,present,ABSENT
NiParticleSystemController,Unknown Float 1,PRESENCE,present,ABSENT
NiParticleSystemController,Unknown Float 13?,PRESENCE,present,ABSENT
NiParticleSystemController,Unknown Floats 2,PRESENCE,present,ABSENT
NiParticleSystemController,Unknown Int 1?,PRESENCE,present,ABSENT
NiParticleSystemController,Unknown Int 2?,PRESENCE,present,ABSENT
NiParticleSystemController,Unknown Integer,PRESENCE,present,ABSENT
NiParticleSystemController,Unknown Link,PRESENCE,present,ABSENT
NiParticleSystemController,Unknown Link 2,PRESENCE,present,ABSENT
NiParticleSystemController,Unknown Normal?,PRESENCE,present,ABSENT
NiParticleSystemController,Unknown Short 2?,PRESENCE,present,ABSENT
NiParticleSystemController,Unknown Short 3?,PRESENCE,present,ABSENT
NiParticleSystemController,Vertical Angle,PRESENCE,present,ABSENT
NiParticleSystemController,Vertical Direction,PRESENCE,present,ABSENT
NiParticles,Active Material,PRESENCE,present,ABSENT
NiParticles,Alpha Property,PRESENCE,ABSENT,present
NiParticles,BS Properties,PRESENCE,present,ABSENT
NiParticles,Bound Min Max,PRESENCE,ABSENT,present
NiParticles,Bounding Box,PRESENCE,present,ABSENT
NiParticles,Bounding Sphere,PRESENCE,ABSENT,present
NiParticles,Bounding Volume,PRESENCE,ABSENT,present
NiParticles,Dirty Flag,PRESENCE,present,ABSENT
NiParticles,Has Bounding Box,PRESENCE,present,ABSENT
NiParticles,Has Bounding Volume,PRESENCE,ABSENT,present
NiParticles,Has Old Extra Data,PRESENCE,present,ABSENT
NiParticles,Has Shader,PRESENCE,present,ABSENT
NiParticles,Legacy Extra Data,PRESENCE,ABSENT,present
NiParticles,Material Data,APPLIES_TO_10_1_0_0,False,UNRESOLVED
NiParticles,Material Extra Data,PRESENCE,present,ABSENT
NiParticles,Material Name,PRESENCE,present,ABSENT
NiParticles,Num Materials,PRESENCE,present,ABSENT
NiParticles,Num Properties,APPLIES_TO_10_1_0_0,True,UNRESOLVED
NiParticles,Old Extra Internal Id,PRESENCE,present,ABSENT
NiParticles,Old Extra Prop Name,PRESENCE,present,ABSENT
NiParticles,Old Extra String,PRESENCE,present,ABSENT
NiParticles,Properties,APPLIES_TO_10_1_0_0,True,UNRESOLVED
NiParticles,Rotation,FIELD_WIDTH_IF_FIXED,36,var(unknown-type)
NiParticles,Shader Name,PRESENCE,present,ABSENT
NiParticles,Shader Property,PRESENCE,ABSENT,present
NiParticles,Shader Type,PRESENCE,ABSENT,present
NiParticles,Skin,PRESENCE,ABSENT,present
NiParticles,Skyrim Shader Type,PRESENCE,present,ABSENT
NiParticles,Translation,FIELD_WIDTH_IF_FIXED,12,var(unknown-type)
NiParticles,Unknown Byte,INHERITED_FROM,NiObjectNET,NiGeometry
NiParticles,Unknown Integer,PRESENCE,present,ABSENT
NiParticles,Unknown Integer 2,PRESENCE,present,ABSENT
NiParticles,Unknown Short 1,PRESENCE,present,ABSENT
NiParticles,Velocity,FIELD_WIDTH_IF_FIXED,12,var(unknown-type)
NiParticlesData,Aspect Flags,PRESENCE,ABSENT,present
NiParticlesData,Aspect Ratio,PRESENCE,ABSENT,present
NiParticlesData,BS Data Flags,PRESENCE,ABSENT,present
NiParticlesData,Bitangents,FIELD_WIDTH_IF_FIXED,12,var(unknown-type)
NiParticlesData,Bounding Sphere,PRESENCE,ABSENT,present
NiParticlesData,Center,PRESENCE,present,ABSENT
NiParticlesData,DIV2 Floats,PRESENCE,ABSENT,present
NiParticlesData,Data Flags,APPLIES_TO_10_1_0_0,False,UNRESOLVED
NiParticlesData,Extra Vectors Flags,PRESENCE,present,ABSENT
NiParticlesData,Group ID,PRESENCE,ABSENT,present
NiParticlesData,Has DIV2 Floats,PRESENCE,ABSENT,present
NiParticlesData,Has Texture Indices,PRESENCE,ABSENT,present
NiParticlesData,Has UV Quadrants,PRESENCE,present,ABSENT
NiParticlesData,Material CRC,PRESENCE,ABSENT,present
NiParticlesData,Normals,FIELD_WIDTH_IF_FIXED,12,var(unknown-type)
NiParticlesData,Num Subtexture Offsets,FIELD_TYPE,byte,uint
NiParticlesData,Num Subtexture Offsets,FIELD_WIDTH_IF_FIXED,1,4
NiParticlesData,Num UV Quadrants,PRESENCE,present,ABSENT
NiParticlesData,Num UV Sets,APPLIES_TO_10_1_0_0,True,False
NiParticlesData,Num UV Sets,FIELD_TYPE,byte,ushort
NiParticlesData,Num UV Sets,FIELD_WIDTH_IF_FIXED,1,2
NiParticlesData,Radii,APPLIES_TO_10_1_0_0,True,UNRESOLVED
NiParticlesData,Radius,PRESENCE,present,ABSENT
NiParticlesData,Rotation Angles,APPLIES_TO_10_1_0_0,True,UNRESOLVED
NiParticlesData,Rotation Axes,FIELD_WIDTH_IF_FIXED,12,var(unknown-type)
NiParticlesData,Rotations,APPLIES_TO_10_1_0_0,True,UNRESOLVED
NiParticlesData,Rotations,FIELD_WIDTH_IF_FIXED,16,var(unknown-type)
NiParticlesData,Sizes,APPLIES_TO_10_1_0_0,True,UNRESOLVED
NiParticlesData,Speed to Aspect Aspect 2,PRESENCE,ABSENT,present
NiParticlesData,Speed to Aspect Speed 1,PRESENCE,ABSENT,present
NiParticlesData,Speed to Aspect Speed 2,PRESENCE,ABSENT,present
NiParticlesData,Subtexture Offsets,PRESENCE,ABSENT,present
NiParticlesData,Tangents,FIELD_WIDTH_IF_FIXED,12,var(unknown-type)
NiParticlesData,UV Quadrants,PRESENCE,present,ABSENT
NiParticlesData,UV Sets,FIELD_WIDTH_IF_FIXED,8,var(unknown-type)
NiParticlesData,UV Sets,ARRAY_RELATION,array per (Num UV Sets & 63),array per ((Data Flags #BITAND# 63) #BITOR# (BS Data Flags #BITAND# 1))
NiParticlesData,Unknown 13 shorts,PRESENCE,present,ABSENT
NiParticlesData,Unknown Byte 1,PRESENCE,present,ABSENT
NiParticlesData,Unknown Byte 2,PRESENCE,present,ABSENT
NiParticlesData,Unknown Int,PRESENCE,present,ABSENT
NiParticlesData,Unknown Int 2,PRESENCE,present,ABSENT
NiParticlesData,Unknown Link,PRESENCE,present,ABSENT
NiParticlesData,Vertex Colors,FIELD_WIDTH_IF_FIXED,16,var(unknown-type)
NiParticlesData,Vertices,FIELD_WIDTH_IF_FIXED,12,var(unknown-type)
NiPathController,Bank Dir,PRESENCE,ABSENT,present
NiPathController,Flags,FIELD_TYPE,Flags,TimeControllerFlags
NiPathController,Flags,FIELD_WIDTH_IF_FIXED,var(unknown-type),2
NiPathController,Float Data,PRESENCE,present,ABSENT
NiPathController,Follow Axis,PRESENCE,ABSENT,present
NiPathController,Max Bank Angle,PRESENCE,ABSENT,present
NiPathController,Path Data,PRESENCE,ABSENT,present
NiPathController,Path Flags,PRESENCE,ABSENT,present
NiPathController,Percent Data,PRESENCE,ABSENT,present
NiPathController,Pos Data,PRESENCE,present,ABSENT
NiPathController,Smoothing,PRESENCE,ABSENT,present
NiPathController,Unknown Float 2,PRESENCE,present,ABSENT
NiPathController,Unknown Float 3,PRESENCE,present,ABSENT
NiPathController,Unknown Int 1,PRESENCE,present,ABSENT
NiPathController,Unknown Short,PRESENCE,present,ABSENT
NiPathController,Unknown Short 2,PRESENCE,present,ABSENT
NiPathInterpolator,Bank Dir,PRESENCE,ABSENT,present
NiPathInterpolator,Flags,PRESENCE,ABSENT,present
NiPathInterpolator,Float Data,PRESENCE,present,ABSENT
NiPathInterpolator,Follow Axis,PRESENCE,ABSENT,present
NiPathInterpolator,Max Bank Angle,PRESENCE,ABSENT,present
NiPathInterpolator,Path Data,PRESENCE,ABSENT,present
NiPathInterpolator,Percent Data,PRESENCE,ABSENT,present
NiPathInterpolator,Pos Data,PRESENCE,present,ABSENT
NiPathInterpolator,Smoothing,PRESENCE,ABSENT,present
NiPathInterpolator,Unknown Float 1,PRESENCE,present,ABSENT
NiPathInterpolator,Unknown Float 2,PRESENCE,present,ABSENT
NiPathInterpolator,Unknown Int,PRESENCE,present,ABSENT
NiPathInterpolator,Unknown Short,PRESENCE,present,ABSENT
NiPathInterpolator,Unknown Short 2,PRESENCE,present,ABSENT
NiPersistentSrcTextureRendererData,Alpha Mask,INHERITED_FROM,ATextureRenderData,NiPixelFormat
NiPersistentSrcTextureRendererData,Blue Mask,INHERITED_FROM,ATextureRenderData,NiPixelFormat
NiPersistentSrcTextureRendererData,Bytes Per Pixel,INHERITED_FROM,ATextureRenderData,SELF
NiPersistentSrcTextureRendererData,Channels,FIELD_TYPE,ChannelData,PixelFormatComponent
NiPersistentSrcTextureRendererData,Channels,FIELD_WIDTH_IF_FIXED,10,var(unknown-type)
NiPersistentSrcTextureRendererData,Channels,INHERITED_FROM,ATextureRenderData,NiPixelFormat
NiPersistentSrcTextureRendererData,Extra Data,PRESENCE,ABSENT,present
NiPersistentSrcTextureRendererData,Flags,INHERITED_FROM,ATextureRenderData,NiPixelFormat
NiPersistentSrcTextureRendererData,Green Mask,INHERITED_FROM,ATextureRenderData,NiPixelFormat
NiPersistentSrcTextureRendererData,Mipmaps,FIELD_WIDTH_IF_FIXED,12,var(unknown-type)
NiPersistentSrcTextureRendererData,Mipmaps,INHERITED_FROM,ATextureRenderData,SELF
NiPersistentSrcTextureRendererData,Num Mipmaps,INHERITED_FROM,ATextureRenderData,SELF
NiPersistentSrcTextureRendererData,Old Fast Compare,PRESENCE,ABSENT,present
NiPersistentSrcTextureRendererData,Pad Num Pixels,PRESENCE,ABSENT,present
NiPersistentSrcTextureRendererData,Palette,INHERITED_FROM,ATextureRenderData,SELF
NiPersistentSrcTextureRendererData,Pixel Data,ARRAY_RELATION,array per Num Faces,array per Num Pixels #MUL# Num Faces
NiPersistentSrcTextureRendererData,Pixel Format,INHERITED_FROM,ATextureRenderData,NiPixelFormat
NiPersistentSrcTextureRendererData,Platform,PRESENCE,ABSENT,present
NiPersistentSrcTextureRendererData,Red Mask,INHERITED_FROM,ATextureRenderData,NiPixelFormat
NiPersistentSrcTextureRendererData,Renderer,PRESENCE,ABSENT,present
NiPersistentSrcTextureRendererData,Renderer Hint,PRESENCE,ABSENT,present
NiPersistentSrcTextureRendererData,Tiling,APPLIES_TO_10_1_0_0,False,True
NiPersistentSrcTextureRendererData,Unknown 3 Bytes,PRESENCE,present,ABSENT
NiPersistentSrcTextureRendererData,Unknown 8 Bytes,PRESENCE,present,ABSENT
NiPersistentSrcTextureRendererData,Unknown Byte 1,PRESENCE,present,ABSENT
NiPersistentSrcTextureRendererData,Unknown Int,PRESENCE,present,ABSENT
NiPersistentSrcTextureRendererData,Unknown Int 2,PRESENCE,present,ABSENT
NiPersistentSrcTextureRendererData,Unknown Int 3,PRESENCE,present,ABSENT
NiPersistentSrcTextureRendererData,Unknown Int 4,PRESENCE,present,ABSENT
NiPersistentSrcTextureRendererData,Unknown Int 6,PRESENCE,present,ABSENT
NiPersistentSrcTextureRendererData,Unknown Int 7,PRESENCE,present,ABSENT
NiPersistentSrcTextureRendererData,sRGB Space,PRESENCE,ABSENT,present
NiPhysXActorDesc,Shape Description,PRESENCE,present,ABSENT
NiPhysXActorDesc,Unknown Byte 1,PRESENCE,present,ABSENT
NiPhysXActorDesc,Unknown Byte 2,PRESENCE,present,ABSENT
NiPhysXActorDesc,Unknown Int 1,PRESENCE,present,ABSENT
NiPhysXActorDesc,Unknown Int 2,PRESENCE,present,ABSENT
NiPhysXActorDesc,Unknown Int 4,PRESENCE,present,ABSENT
NiPhysXActorDesc,Unknown Int 5,PRESENCE,present,ABSENT
NiPhysXActorDesc,Unknown Int 6,PRESENCE,present,ABSENT
NiPhysXActorDesc,Unknown Quat 1,PRESENCE,present,ABSENT
NiPhysXActorDesc,Unknown Quat 2,PRESENCE,present,ABSENT
NiPhysXActorDesc,Unknown Quat 3,PRESENCE,present,ABSENT
NiPhysXActorDesc,Unknown Ref 0,PRESENCE,present,ABSENT
NiPhysXActorDesc,Unknown Ref 1,PRESENCE,present,ABSENT
NiPhysXActorDesc,Unknown Ref 2,PRESENCE,present,ABSENT
NiPhysXActorDesc,Unknown Refs 3,PRESENCE,present,ABSENT
NiPhysXBodyDesc,Unknown Bytes,PRESENCE,present,ABSENT
NiPhysXD6JointDesc,Unknown Bytes,PRESENCE,present,ABSENT
NiPhysXKinematicSrc,Unknown Bytes,PRESENCE,present,ABSENT
NiPhysXMaterialDesc,Unknown Byte 1,PRESENCE,present,ABSENT
NiPhysXMaterialDesc,Unknown Byte 2,PRESENCE,present,ABSENT
NiPhysXMaterialDesc,Unknown Int,PRESENCE,present,ABSENT
NiPhysXMeshDesc,Num Vertices,PRESENCE,present,ABSENT
NiPhysXMeshDesc,Unknown Byte 1,PRESENCE,present,ABSENT
NiPhysXMeshDesc,Unknown Byte 2,PRESENCE,present,ABSENT
NiPhysXMeshDesc,Unknown Bytes 0,PRESENCE,present,ABSENT
NiPhysXMeshDesc,Unknown Bytes 1,PRESENCE,present,ABSENT
NiPhysXMeshDesc,Unknown Bytes 2,PRESENCE,present,ABSENT
NiPhysXMeshDesc,Unknown Bytes 3,PRESENCE,present,ABSENT
NiPhysXMeshDesc,Unknown Float 1,PRESENCE,present,ABSENT
NiPhysXMeshDesc,Unknown Float 2,PRESENCE,present,ABSENT
NiPhysXMeshDesc,Unknown Int 1,PRESENCE,present,ABSENT
NiPhysXMeshDesc,Unknown Int 2,PRESENCE,present,ABSENT
NiPhysXMeshDesc,Unknown Int 4,PRESENCE,present,ABSENT
NiPhysXMeshDesc,Unknown Ints 1,PRESENCE,present,ABSENT
NiPhysXMeshDesc,Unknown Short 1,PRESENCE,present,ABSENT
NiPhysXMeshDesc,Unknown Short 2,PRESENCE,present,ABSENT
NiPhysXMeshDesc,Unknown Shorts 1,PRESENCE,present,ABSENT
NiPhysXMeshDesc,Vertices,PRESENCE,present,ABSENT
NiPhysXProp,Controller,PRESENCE,present,ABSENT
NiPhysXProp,Extra Data,PRESENCE,present,ABSENT
NiPhysXProp,Extra Data List,PRESENCE,present,ABSENT
NiPhysXProp,Has Old Extra Data,PRESENCE,present,ABSENT
NiPhysXProp,Name,PRESENCE,present,ABSENT
NiPhysXProp,Num Dests,PRESENCE,present,ABSENT
NiPhysXProp,Num Extra Data List,PRESENCE,present,ABSENT
NiPhysXProp,Old Extra Internal Id,PRESENCE,present,ABSENT
NiPhysXProp,Old Extra Prop Name,PRESENCE,present,ABSENT
NiPhysXProp,Old Extra String,PRESENCE,present,ABSENT
NiPhysXProp,Prop Description,PRESENCE,present,ABSENT
NiPhysXProp,Skyrim Shader Type,PRESENCE,present,ABSENT
NiPhysXProp,Transform Dests,PRESENCE,present,ABSENT
NiPhysXProp,Unknown Byte,APPLIES_TO_10_1_0_0,False,True
NiPhysXProp,Unknown Byte,INHERITED_FROM,NiObjectNET,SELF
NiPhysXProp,Unknown Float 1,PRESENCE,present,ABSENT
NiPhysXProp,Unknown Int,PRESENCE,present,ABSENT
NiPhysXProp,Unknown Int 1,PRESENCE,present,ABSENT
NiPhysXProp,Unknown Refs 1,PRESENCE,present,ABSENT
NiPhysXPropDesc,Actor Descs,PRESENCE,present,ABSENT
NiPhysXPropDesc,Joint Descs,PRESENCE,present,ABSENT
NiPhysXPropDesc,Material Descs,PRESENCE,present,ABSENT
NiPhysXPropDesc,Num Dests,PRESENCE,present,ABSENT
NiPhysXPropDesc,Num Joints,PRESENCE,present,ABSENT
NiPhysXPropDesc,Num Materials,PRESENCE,present,ABSENT
NiPhysXPropDesc,Unknown Byte 6,PRESENCE,present,ABSENT
NiPhysXPropDesc,Unknown Int 1,PRESENCE,present,ABSENT
NiPhysXPropDesc,Unknown Int 2,PRESENCE,present,ABSENT
NiPhysXPropDesc,Unknown Int 3,PRESENCE,present,ABSENT
NiPhysXPropDesc,Unknown Int 5,PRESENCE,present,ABSENT
NiPhysXPropDesc,Unknown String 4,PRESENCE,present,ABSENT
NiPhysXShapeDesc,Mesh Description,PRESENCE,present,ABSENT
NiPhysXShapeDesc,Unknown Float 1,PRESENCE,present,ABSENT
NiPhysXShapeDesc,Unknown Float 2,PRESENCE,present,ABSENT
NiPhysXShapeDesc,Unknown Float 3,PRESENCE,present,ABSENT
NiPhysXShapeDesc,Unknown Int 1,PRESENCE,present,ABSENT
NiPhysXShapeDesc,Unknown Int 2,PRESENCE,present,ABSENT
NiPhysXShapeDesc,Unknown Int 3,PRESENCE,present,ABSENT
NiPhysXShapeDesc,Unknown Int 4,PRESENCE,present,ABSENT
NiPhysXShapeDesc,Unknown Int 5,PRESENCE,present,ABSENT
NiPhysXShapeDesc,Unknown Int 7,PRESENCE,present,ABSENT
NiPhysXShapeDesc,Unknown Int 8,PRESENCE,present,ABSENT
NiPhysXShapeDesc,Unknown Quat 1,PRESENCE,present,ABSENT
NiPhysXShapeDesc,Unknown Quat 2,PRESENCE,present,ABSENT
NiPhysXShapeDesc,Unknown Quat 3,PRESENCE,present,ABSENT
NiPhysXShapeDesc,Unknown Short 1,PRESENCE,present,ABSENT
NiPhysXShapeDesc,Unknown Short 2,PRESENCE,present,ABSENT
NiPhysXTransformDest,Node,PRESENCE,present,ABSENT
NiPhysXTransformDest,Unknown Byte 1,PRESENCE,present,ABSENT
NiPhysXTransformDest,Unknown Byte 2,PRESENCE,present,ABSENT
NiPixelData,Alpha Mask,INHERITED_FROM,ATextureRenderData,NiPixelFormat
NiPixelData,Blue Mask,INHERITED_FROM,ATextureRenderData,NiPixelFormat
NiPixelData,Bytes Per Pixel,INHERITED_FROM,ATextureRenderData,SELF
NiPixelData,Channels,FIELD_TYPE,ChannelData,PixelFormatComponent
NiPixelData,Channels,FIELD_WIDTH_IF_FIXED,10,var(unknown-type)
NiPixelData,Channels,INHERITED_FROM,ATextureRenderData,NiPixelFormat
NiPixelData,Extra Data,PRESENCE,ABSENT,present
NiPixelData,Flags,INHERITED_FROM,ATextureRenderData,NiPixelFormat
NiPixelData,Green Mask,INHERITED_FROM,ATextureRenderData,NiPixelFormat
NiPixelData,Mipmaps,FIELD_WIDTH_IF_FIXED,12,var(unknown-type)
NiPixelData,Mipmaps,INHERITED_FROM,ATextureRenderData,SELF
NiPixelData,Num Mipmaps,INHERITED_FROM,ATextureRenderData,SELF
NiPixelData,Old Fast Compare,PRESENCE,ABSENT,present
NiPixelData,Palette,INHERITED_FROM,ATextureRenderData,SELF
NiPixelData,Pixel Format,INHERITED_FROM,ATextureRenderData,NiPixelFormat
NiPixelData,Red Mask,INHERITED_FROM,ATextureRenderData,NiPixelFormat
NiPixelData,Renderer Hint,PRESENCE,ABSENT,present
NiPixelData,Tiling,APPLIES_TO_10_1_0_0,False,True
NiPixelData,Unknown 3 Bytes,PRESENCE,present,ABSENT
NiPixelData,Unknown 8 Bytes,PRESENCE,present,ABSENT
NiPixelData,Unknown Byte 1,PRESENCE,present,ABSENT
NiPixelData,Unknown Int,PRESENCE,present,ABSENT
NiPixelData,Unknown Int 2,PRESENCE,present,ABSENT
NiPixelData,Unknown Int 3,PRESENCE,present,ABSENT
NiPixelData,Unknown Int 4,PRESENCE,present,ABSENT
NiPixelData,sRGB Space,PRESENCE,ABSENT,present
NiPixelFormat,Alpha Mask,PRESENCE,ABSENT,present
NiPixelFormat,Bits Per Pixel,APPLIES_TO_10_1_0_0,False,True
NiPixelFormat,Bits Per Pixel,FIELD_TYPE,byte,uint
NiPixelFormat,Bits Per Pixel,FIELD_WIDTH_IF_FIXED,1,4
NiPixelFormat,Blue Mask,PRESENCE,ABSENT,present
NiPixelFormat,Channels,PRESENCE,ABSENT,present
NiPixelFormat,Extra Data,PRESENCE,ABSENT,present
NiPixelFormat,Flags,PRESENCE,ABSENT,present
NiPixelFormat,Green Mask,PRESENCE,ABSENT,present
NiPixelFormat,Old Fast Compare,PRESENCE,ABSENT,present
NiPixelFormat,Pixel Format,PRESENCE,ABSENT,present
NiPixelFormat,Red Mask,PRESENCE,ABSENT,present
NiPixelFormat,Renderer Hint,PRESENCE,ABSENT,present
NiPixelFormat,Tiling,APPLIES_TO_10_1_0_0,False,True
NiPixelFormat,sRGB Space,PRESENCE,ABSENT,present
NiPlanarCollider,Controller,PRESENCE,present,ABSENT
NiPlanarCollider,Next Modifier,PRESENCE,present,ABSENT
NiPlanarCollider,Unknown Float 1,PRESENCE,present,ABSENT
NiPlanarCollider,Unknown Float 10,PRESENCE,present,ABSENT
NiPlanarCollider,Unknown Float 11,PRESENCE,present,ABSENT
NiPlanarCollider,Unknown Float 12,PRESENCE,present,ABSENT
NiPlanarCollider,Unknown Float 13,PRESENCE,present,ABSENT
NiPlanarCollider,Unknown Float 14,PRESENCE,present,ABSENT
NiPlanarCollider,Unknown Float 15,PRESENCE,present,ABSENT
NiPlanarCollider,Unknown Float 16,PRESENCE,present,ABSENT
NiPlanarCollider,Unknown Float 2,PRESENCE,present,ABSENT
NiPlanarCollider,Unknown Float 3,PRESENCE,present,ABSENT
NiPlanarCollider,Unknown Float 4,PRESENCE,present,ABSENT
NiPlanarCollider,Unknown Float 5,PRESENCE,present,ABSENT
NiPlanarCollider,Unknown Float 6,PRESENCE,present,ABSENT
NiPlanarCollider,Unknown Float 7,PRESENCE,present,ABSENT
NiPlanarCollider,Unknown Float 8,PRESENCE,present,ABSENT
NiPlanarCollider,Unknown Float 9,PRESENCE,present,ABSENT
NiPlanarCollider,Unknown Short,PRESENCE,present,ABSENT
NiPlanarCollider,Unknown Short 2,PRESENCE,present,ABSENT
NiPoint3InterpController,Data,PRESENCE,present,ABSENT
NiPoint3InterpController,Flags,FIELD_TYPE,Flags,TimeControllerFlags
NiPoint3InterpController,Flags,FIELD_WIDTH_IF_FIXED,var(unknown-type),2
NiPoint3InterpController,Manager Controlled,PRESENCE,ABSENT,present
NiPoint3InterpController,Target Color,PRESENCE,present,ABSENT
NiPoint3Interpolator,Point 3 Value,PRESENCE,present,ABSENT
NiPoint3Interpolator,Value,PRESENCE,ABSENT,present
NiPointLight,Affected Node List Pointers,PRESENCE,present,ABSENT
NiPointLight,Affected Node Pointers,PRESENCE,ABSENT,present
NiPointLight,Ambient Color,FIELD_WIDTH_IF_FIXED,12,var(unknown-type)
NiPointLight,Bounding Box,PRESENCE,present,ABSENT
NiPointLight,Bounding Volume,PRESENCE,ABSENT,present
NiPointLight,Diffuse Color,FIELD_WIDTH_IF_FIXED,12,var(unknown-type)
NiPointLight,Has Bounding Box,PRESENCE,present,ABSENT
NiPointLight,Has Bounding Volume,PRESENCE,ABSENT,present
NiPointLight,Has Old Extra Data,PRESENCE,present,ABSENT
NiPointLight,Legacy Extra Data,PRESENCE,ABSENT,present
NiPointLight,Num Affected Node List Pointers,PRESENCE,present,ABSENT
NiPointLight,Num Properties,APPLIES_TO_10_1_0_0,True,UNRESOLVED
NiPointLight,Old Extra Internal Id,PRESENCE,present,ABSENT
NiPointLight,Old Extra Prop Name,PRESENCE,present,ABSENT
NiPointLight,Old Extra String,PRESENCE,present,ABSENT
NiPointLight,Properties,APPLIES_TO_10_1_0_0,True,UNRESOLVED
NiPointLight,Rotation,FIELD_WIDTH_IF_FIXED,36,var(unknown-type)
NiPointLight,Shader Type,PRESENCE,ABSENT,present
NiPointLight,Skyrim Shader Type,PRESENCE,present,ABSENT
NiPointLight,Specular Color,FIELD_WIDTH_IF_FIXED,12,var(unknown-type)
NiPointLight,Translation,FIELD_WIDTH_IF_FIXED,12,var(unknown-type)
NiPointLight,Unknown Byte,PRESENCE,present,ABSENT
NiPointLight,Unknown Short 1,PRESENCE,present,ABSENT
NiPointLight,Velocity,FIELD_WIDTH_IF_FIXED,12,var(unknown-type)
NiPortal,Adjoiner,PRESENCE,ABSENT,present
NiPortal,Bounding Box,PRESENCE,present,ABSENT
NiPortal,Bounding Volume,PRESENCE,ABSENT,present
NiPortal,Has Bounding Box,PRESENCE,present,ABSENT
NiPortal,Has Bounding Volume,PRESENCE,ABSENT,present
NiPortal,Has Old Extra Data,PRESENCE,present,ABSENT
NiPortal,Legacy Extra Data,PRESENCE,ABSENT,present
NiPortal,Num Properties,APPLIES_TO_10_1_0_0,True,UNRESOLVED
NiPortal,Old Extra Internal Id,PRESENCE,present,ABSENT
NiPortal,Old Extra Prop Name,PRESENCE,present,ABSENT
NiPortal,Old Extra String,PRESENCE,present,ABSENT
NiPortal,Plane Count,PRESENCE,ABSENT,present
NiPortal,Portal Flags,PRESENCE,ABSENT,present
NiPortal,Properties,APPLIES_TO_10_1_0_0,True,UNRESOLVED
NiPortal,Rotation,FIELD_WIDTH_IF_FIXED,36,var(unknown-type)
NiPortal,Shader Type,PRESENCE,ABSENT,present
NiPortal,Skyrim Shader Type,PRESENCE,present,ABSENT
NiPortal,Target,PRESENCE,present,ABSENT
NiPortal,Translation,FIELD_WIDTH_IF_FIXED,12,var(unknown-type)
NiPortal,Unknown Byte,PRESENCE,present,ABSENT
NiPortal,Unknown Flags,PRESENCE,present,ABSENT
NiPortal,Unknown Short 1,PRESENCE,present,ABSENT
NiPortal,Unknown Short 2,PRESENCE,present,ABSENT
NiPortal,Velocity,FIELD_WIDTH_IF_FIXED,12,var(unknown-type)
NiPortal,Vertices,FIELD_WIDTH_IF_FIXED,12,var(unknown-type)
NiPosData,Data,FIELD_WIDTH_IF_FIXED,var(KeyGroup contains var),var(unknown-type)
NiProgramLODData,LOD Entries,PRESENCE,ABSENT,present
NiProgramLODData,Num LOD Entries,PRESENCE,ABSENT,present
NiProgramLODData,Unknown Uint,PRESENCE,ABSENT,present
NiProperty,Has Old Extra Data,PRESENCE,present,ABSENT
NiProperty,Legacy Extra Data,PRESENCE,ABSENT,present
NiProperty,Old Extra Internal Id,PRESENCE,present,ABSENT
NiProperty,Old Extra Prop Name,PRESENCE,present,ABSENT
NiProperty,Old Extra String,PRESENCE,present,ABSENT
NiProperty,Shader Type,PRESENCE,ABSENT,present
NiProperty,Skyrim Shader Type,PRESENCE,present,ABSENT
NiProperty,Unknown Byte,PRESENCE,present,ABSENT
NiRangeLODData,LOD Center,FIELD_WIDTH_IF_FIXED,12,var(unknown-type)
NiRangeLODData,LOD Levels,FIELD_WIDTH_IF_FIXED,8,var(unknown-type)
NiRawImageData,Height,PRESENCE,present,ABSENT
NiRawImageData,Image Type,PRESENCE,present,ABSENT
NiRawImageData,RGB Image Data,PRESENCE,present,ABSENT
NiRawImageData,RGBA Image Data,PRESENCE,present,ABSENT
NiRawImageData,Width,PRESENCE,present,ABSENT
NiRenderObject,Active Material,PRESENCE,present,ABSENT
NiRenderObject,Bounding Box,PRESENCE,present,ABSENT
NiRenderObject,Collision Object,PRESENCE,present,ABSENT
NiRenderObject,Controller,PRESENCE,present,ABSENT
NiRenderObject,Extra Data,PRESENCE,present,ABSENT
NiRenderObject,Extra Data List,PRESENCE,present,ABSENT
NiRenderObject,Flags,PRESENCE,present,ABSENT
NiRenderObject,Has Bounding Box,PRESENCE,present,ABSENT
NiRenderObject,Has Old Extra Data,PRESENCE,present,ABSENT
NiRenderObject,Material Data,PRESENCE,present,ABSENT
NiRenderObject,Material Needs Update Default,PRESENCE,present,ABSENT
NiRenderObject,Name,PRESENCE,present,ABSENT
NiRenderObject,Num Extra Data List,PRESENCE,present,ABSENT
NiRenderObject,Num Materials,PRESENCE,present,ABSENT
NiRenderObject,Num Properties,PRESENCE,present,ABSENT
NiRenderObject,Old Extra Internal Id,PRESENCE,present,ABSENT
NiRenderObject,Old Extra Prop Name,PRESENCE,present,ABSENT
NiRenderObject,Old Extra String,PRESENCE,present,ABSENT
NiRenderObject,Properties,PRESENCE,present,ABSENT
NiRenderObject,Rotation,PRESENCE,present,ABSENT
NiRenderObject,Scale,PRESENCE,present,ABSENT
NiRenderObject,Skyrim Shader Type,PRESENCE,present,ABSENT
NiRenderObject,Translation,PRESENCE,present,ABSENT
NiRenderObject,Unknown 1,PRESENCE,present,ABSENT
NiRenderObject,Unknown 2,PRESENCE,present,ABSENT
NiRenderObject,Unknown Byte,PRESENCE,present,ABSENT
NiRenderObject,Unknown Short 1,PRESENCE,present,ABSENT
NiRenderObject,Velocity,PRESENCE,present,ABSENT
NiRimLightProperty,Controller,PRESENCE,ABSENT,present
NiRimLightProperty,Extra Data,PRESENCE,ABSENT,present
NiRimLightProperty,Extra Data List,PRESENCE,ABSENT,present
NiRimLightProperty,Legacy Extra Data,PRESENCE,ABSENT,present
NiRimLightProperty,Name,PRESENCE,ABSENT,present
NiRimLightProperty,Num Extra Data List,PRESENCE,ABSENT,present
NiRimLightProperty,Shader Type,PRESENCE,ABSENT,present
NiRimLightProperty,Unknown Byte,PRESENCE,ABSENT,present
NiRimLightProperty,Unknown Floats,PRESENCE,ABSENT,present
NiRollController,Flags,FIELD_TYPE,Flags,TimeControllerFlags
NiRollController,Flags,FIELD_WIDTH_IF_FIXED,var(unknown-type),2
NiRollController,Manager Controlled,PRESENCE,ABSENT,present
NiRoom,Bounding Box,PRESENCE,present,ABSENT
NiRoom,Bounding Volume,PRESENCE,ABSENT,present
NiRoom,Effects,APPLIES_TO_10_1_0_0,True,UNRESOLVED
NiRoom,Fixtures,PRESENCE,ABSENT,present
NiRoom,Has Bounding Box,PRESENCE,present,ABSENT
NiRoom,Has Bounding Volume,PRESENCE,ABSENT,present
NiRoom,Has Old Extra Data,PRESENCE,present,ABSENT
NiRoom,Items,PRESENCE,present,ABSENT
NiRoom,Legacy Extra Data,PRESENCE,ABSENT,present
NiRoom,Num Effects,APPLIES_TO_10_1_0_0,True,UNRESOLVED
NiRoom,Num Fixtures,PRESENCE,ABSENT,present
NiRoom,Num In Portals,FIELD_TYPE,int,uint
NiRoom,Num Items,PRESENCE,present,ABSENT
NiRoom,Num Out Portals,PRESENCE,ABSENT,present
NiRoom,Num Portals 2,PRESENCE,present,ABSENT
NiRoom,Num Properties,APPLIES_TO_10_1_0_0,True,UNRESOLVED
NiRoom,Num Walls,FIELD_TYPE,int,uint
NiRoom,Old Extra Internal Id,PRESENCE,present,ABSENT
NiRoom,Old Extra Prop Name,PRESENCE,present,ABSENT
NiRoom,Old Extra String,PRESENCE,present,ABSENT
NiRoom,Out Portals,PRESENCE,ABSENT,present
NiRoom,Portals 2,PRESENCE,present,ABSENT
NiRoom,Properties,APPLIES_TO_10_1_0_0,True,UNRESOLVED
NiRoom,Rotation,FIELD_WIDTH_IF_FIXED,36,var(unknown-type)
NiRoom,Shader Type,PRESENCE,ABSENT,present
NiRoom,Skyrim Shader Type,PRESENCE,present,ABSENT
NiRoom,Translation,FIELD_WIDTH_IF_FIXED,12,var(unknown-type)
NiRoom,Unknown Byte,PRESENCE,present,ABSENT
NiRoom,Unknown Short 1,PRESENCE,present,ABSENT
NiRoom,Velocity,FIELD_WIDTH_IF_FIXED,12,var(unknown-type)
NiRoom,Wall Plane,PRESENCE,present,ABSENT
NiRoom,Wall Planes,PRESENCE,ABSENT,present
NiRoom,Walls,PRESENCE,ABSENT,present
NiRoomGroup,Bounding Box,PRESENCE,present,ABSENT
NiRoomGroup,Bounding Volume,PRESENCE,ABSENT,present
NiRoomGroup,Effects,APPLIES_TO_10_1_0_0,True,UNRESOLVED
NiRoomGroup,Has Bounding Box,PRESENCE,present,ABSENT
NiRoomGroup,Has Bounding Volume,PRESENCE,ABSENT,present
NiRoomGroup,Has Old Extra Data,PRESENCE,present,ABSENT
NiRoomGroup,Legacy Extra Data,PRESENCE,ABSENT,present
NiRoomGroup,Num Effects,APPLIES_TO_10_1_0_0,True,UNRESOLVED
NiRoomGroup,Num Properties,APPLIES_TO_10_1_0_0,True,UNRESOLVED
NiRoomGroup,Num Rooms,FIELD_TYPE,int,uint
NiRoomGroup,Old Extra Internal Id,PRESENCE,present,ABSENT
NiRoomGroup,Old Extra Prop Name,PRESENCE,present,ABSENT
NiRoomGroup,Old Extra String,PRESENCE,present,ABSENT
NiRoomGroup,Properties,APPLIES_TO_10_1_0_0,True,UNRESOLVED
NiRoomGroup,Rotation,FIELD_WIDTH_IF_FIXED,36,var(unknown-type)
NiRoomGroup,Shader Type,PRESENCE,ABSENT,present
NiRoomGroup,Shell,PRESENCE,ABSENT,present
NiRoomGroup,Shell Link,PRESENCE,present,ABSENT
NiRoomGroup,Skyrim Shader Type,PRESENCE,present,ABSENT
NiRoomGroup,Translation,FIELD_WIDTH_IF_FIXED,12,var(unknown-type)
NiRoomGroup,Unknown Byte,PRESENCE,present,ABSENT
NiRoomGroup,Unknown Short 1,PRESENCE,present,ABSENT
NiRoomGroup,Velocity,FIELD_WIDTH_IF_FIXED,12,var(unknown-type)
NiRotData,Num Rotation Keys,PRESENCE,ABSENT,present
NiRotData,Quaternion Keys,PRESENCE,ABSENT,present
NiRotData,Rotation Type,PRESENCE,ABSENT,present
NiRotData,XYZ Rotations,PRESENCE,ABSENT,present
NiRotatingParticles,Active Material,PRESENCE,present,ABSENT
NiRotatingParticles,BS Properties,PRESENCE,present,ABSENT
NiRotatingParticles,Bounding Box,PRESENCE,present,ABSENT
NiRotatingParticles,Collision Object,PRESENCE,present,ABSENT
NiRotatingParticles,Controller,PRESENCE,present,ABSENT
NiRotatingParticles,Data,PRESENCE,present,ABSENT
NiRotatingParticles,Dirty Flag,PRESENCE,present,ABSENT
NiRotatingParticles,Extra Data,PRESENCE,present,ABSENT
NiRotatingParticles,Extra Data List,PRESENCE,present,ABSENT
NiRotatingParticles,Flags,PRESENCE,present,ABSENT
NiRotatingParticles,Has Bounding Box,PRESENCE,present,ABSENT
NiRotatingParticles,Has Old Extra Data,PRESENCE,present,ABSENT
NiRotatingParticles,Has Shader,PRESENCE,present,ABSENT
NiRotatingParticles,Material Extra Data,PRESENCE,present,ABSENT
NiRotatingParticles,Material Name,PRESENCE,present,ABSENT
NiRotatingParticles,Name,PRESENCE,present,ABSENT
NiRotatingParticles,Num Extra Data List,PRESENCE,present,ABSENT
NiRotatingParticles,Num Materials,PRESENCE,present,ABSENT
NiRotatingParticles,Num Properties,PRESENCE,present,ABSENT
NiRotatingParticles,Old Extra Internal Id,PRESENCE,present,ABSENT
NiRotatingParticles,Old Extra Prop Name,PRESENCE,present,ABSENT
NiRotatingParticles,Old Extra String,PRESENCE,present,ABSENT
NiRotatingParticles,Properties,PRESENCE,present,ABSENT
NiRotatingParticles,Rotation,PRESENCE,present,ABSENT
NiRotatingParticles,Scale,PRESENCE,present,ABSENT
NiRotatingParticles,Shader Name,PRESENCE,present,ABSENT
NiRotatingParticles,Skin Instance,PRESENCE,present,ABSENT
NiRotatingParticles,Skyrim Shader Type,PRESENCE,present,ABSENT
NiRotatingParticles,Translation,PRESENCE,present,ABSENT
NiRotatingParticles,Unknown 1,PRESENCE,present,ABSENT
NiRotatingParticles,Unknown 2,PRESENCE,present,ABSENT
NiRotatingParticles,Unknown Byte,INHERITED_FROM,NiObjectNET,NiGeometry
NiRotatingParticles,Unknown Integer,PRESENCE,present,ABSENT
NiRotatingParticles,Unknown Integer 2,PRESENCE,present,ABSENT
NiRotatingParticles,Unknown Short 1,PRESENCE,present,ABSENT
NiRotatingParticles,Velocity,PRESENCE,present,ABSENT
NiRotatingParticlesData,BS Max Vertices,PRESENCE,present,ABSENT
NiRotatingParticlesData,Bitangents,PRESENCE,present,ABSENT
NiRotatingParticlesData,Center,PRESENCE,present,ABSENT
NiRotatingParticlesData,Compress Flags,PRESENCE,present,ABSENT
NiRotatingParticlesData,Consistency Flags,APPLIES_TO_10_1_0_0,True,False
NiRotatingParticlesData,Extra Vectors Flags,PRESENCE,present,ABSENT
NiRotatingParticlesData,Has Normals,PRESENCE,present,ABSENT
NiRotatingParticlesData,Has Radii,PRESENCE,present,ABSENT
NiRotatingParticlesData,Has Rotation Angles,PRESENCE,present,ABSENT
NiRotatingParticlesData,Has Rotation Axes,PRESENCE,present,ABSENT
NiRotatingParticlesData,Has Rotations,PRESENCE,present,ABSENT
NiRotatingParticlesData,Has Rotations 2,PRESENCE,present,ABSENT
NiRotatingParticlesData,Has Sizes,PRESENCE,present,ABSENT
NiRotatingParticlesData,Has UV,PRESENCE,present,ABSENT
NiRotatingParticlesData,Has UV Quadrants,PRESENCE,present,ABSENT
NiRotatingParticlesData,Has Vertex Colors,PRESENCE,present,ABSENT
NiRotatingParticlesData,Has Vertices,PRESENCE,present,ABSENT
NiRotatingParticlesData,Keep Flags,PRESENCE,present,ABSENT
NiRotatingParticlesData,Normals,PRESENCE,present,ABSENT
NiRotatingParticlesData,Num Active,PRESENCE,present,ABSENT
NiRotatingParticlesData,Num Particles,PRESENCE,present,ABSENT
NiRotatingParticlesData,Num UV Quadrants,PRESENCE,present,ABSENT
NiRotatingParticlesData,Num UV Sets,APPLIES_TO_10_1_0_0,True,False
NiRotatingParticlesData,Num UV Sets,FIELD_TYPE,byte,ushort
NiRotatingParticlesData,Num UV Sets,FIELD_WIDTH_IF_FIXED,1,2
NiRotatingParticlesData,Particle Radius,PRESENCE,present,ABSENT
NiRotatingParticlesData,Radii,PRESENCE,present,ABSENT
NiRotatingParticlesData,Radius,PRESENCE,present,ABSENT
NiRotatingParticlesData,Rotation Angles,PRESENCE,present,ABSENT
NiRotatingParticlesData,Rotation Axes,PRESENCE,present,ABSENT
NiRotatingParticlesData,Rotations,PRESENCE,present,ABSENT
NiRotatingParticlesData,Rotations 2,PRESENCE,present,ABSENT
NiRotatingParticlesData,Sizes,PRESENCE,present,ABSENT
NiRotatingParticlesData,Tangents,PRESENCE,present,ABSENT
NiRotatingParticlesData,UV Quadrants,PRESENCE,present,ABSENT
NiRotatingParticlesData,UV Sets,PRESENCE,present,ABSENT
NiRotatingParticlesData,Unknown 13 shorts,PRESENCE,present,ABSENT
NiRotatingParticlesData,Unknown Byte 1,PRESENCE,present,ABSENT
NiRotatingParticlesData,Unknown Byte 2,PRESENCE,present,ABSENT
NiRotatingParticlesData,Unknown Int,PRESENCE,present,ABSENT
NiRotatingParticlesData,Unknown Int 2,PRESENCE,present,ABSENT
NiRotatingParticlesData,Unknown Link,PRESENCE,present,ABSENT
NiRotatingParticlesData,Vertex Colors,PRESENCE,present,ABSENT
NiRotatingParticlesData,Vertices,PRESENCE,present,ABSENT
NiScreenElements,Active Material,PRESENCE,present,ABSENT
NiScreenElements,Alpha Property,PRESENCE,ABSENT,present
NiScreenElements,BS Properties,PRESENCE,present,ABSENT
NiScreenElements,Bound Min Max,PRESENCE,ABSENT,present
NiScreenElements,Bounding Box,PRESENCE,present,ABSENT
NiScreenElements,Bounding Sphere,PRESENCE,ABSENT,present
NiScreenElements,Bounding Volume,PRESENCE,ABSENT,present
NiScreenElements,Dirty Flag,PRESENCE,present,ABSENT
NiScreenElements,Has Bounding Box,PRESENCE,present,ABSENT
NiScreenElements,Has Bounding Volume,PRESENCE,ABSENT,present
NiScreenElements,Has Old Extra Data,PRESENCE,present,ABSENT
NiScreenElements,Has Shader,PRESENCE,present,ABSENT
NiScreenElements,Legacy Extra Data,PRESENCE,ABSENT,present
NiScreenElements,Material Data,APPLIES_TO_10_1_0_0,False,UNRESOLVED
NiScreenElements,Material Extra Data,PRESENCE,present,ABSENT
NiScreenElements,Material Name,PRESENCE,present,ABSENT
NiScreenElements,Num Materials,PRESENCE,present,ABSENT
NiScreenElements,Num Properties,APPLIES_TO_10_1_0_0,True,UNRESOLVED
NiScreenElements,Old Extra Internal Id,PRESENCE,present,ABSENT
NiScreenElements,Old Extra Prop Name,PRESENCE,present,ABSENT
NiScreenElements,Old Extra String,PRESENCE,present,ABSENT
NiScreenElements,Properties,APPLIES_TO_10_1_0_0,True,UNRESOLVED
NiScreenElements,Rotation,FIELD_WIDTH_IF_FIXED,36,var(unknown-type)
NiScreenElements,Shader Name,PRESENCE,present,ABSENT
NiScreenElements,Shader Property,PRESENCE,ABSENT,present
NiScreenElements,Shader Type,PRESENCE,ABSENT,present
NiScreenElements,Skin,PRESENCE,ABSENT,present
NiScreenElements,Skyrim Shader Type,PRESENCE,present,ABSENT
NiScreenElements,Translation,FIELD_WIDTH_IF_FIXED,12,var(unknown-type)
NiScreenElements,Unknown Byte,INHERITED_FROM,NiObjectNET,NiGeometry
NiScreenElements,Unknown Integer,PRESENCE,present,ABSENT
NiScreenElements,Unknown Integer 2,PRESENCE,present,ABSENT
NiScreenElements,Unknown Short 1,PRESENCE,present,ABSENT
NiScreenElements,Velocity,FIELD_WIDTH_IF_FIXED,12,var(unknown-type)
NiScreenElementsData,BS Data Flags,PRESENCE,ABSENT,present
NiScreenElementsData,Bitangents,FIELD_WIDTH_IF_FIXED,12,var(unknown-type)
NiScreenElementsData,Bounding Sphere,PRESENCE,ABSENT,present
NiScreenElementsData,Center,PRESENCE,present,ABSENT
NiScreenElementsData,DIV2 Floats,PRESENCE,ABSENT,present
NiScreenElementsData,Data Flags,APPLIES_TO_10_1_0_0,False,UNRESOLVED
NiScreenElementsData,Extra Vectors Flags,PRESENCE,present,ABSENT
NiScreenElementsData,Group ID,PRESENCE,ABSENT,present
NiScreenElementsData,Has DIV2 Floats,PRESENCE,ABSENT,present
NiScreenElementsData,Indices Grow By,PRESENCE,ABSENT,present
NiScreenElementsData,Match Groups,FIELD_WIDTH_IF_FIXED,var(MatchGroup array),var(unknown-type)
NiScreenElementsData,Material CRC,PRESENCE,ABSENT,present
NiScreenElementsData,Max Indices,PRESENCE,ABSENT,present
NiScreenElementsData,Max Vertices,PRESENCE,ABSENT,present
NiScreenElementsData,Normals,FIELD_WIDTH_IF_FIXED,12,var(unknown-type)
NiScreenElementsData,Num UV Sets,APPLIES_TO_10_1_0_0,True,False
NiScreenElementsData,Num UV Sets,FIELD_TYPE,byte,ushort
NiScreenElementsData,Num UV Sets,FIELD_WIDTH_IF_FIXED,1,2
NiScreenElementsData,Polygon Grow By,PRESENCE,ABSENT,present
NiScreenElementsData,Polygons,FIELD_WIDTH_IF_FIXED,8,var(unknown-type)
NiScreenElementsData,Radius,PRESENCE,present,ABSENT
NiScreenElementsData,Tangents,FIELD_WIDTH_IF_FIXED,12,var(unknown-type)
NiScreenElementsData,UV Sets,FIELD_WIDTH_IF_FIXED,8,var(unknown-type)
NiScreenElementsData,UV Sets,ARRAY_RELATION,array per (Num UV Sets & 63),array per ((Data Flags #BITAND# 63) #BITOR# (BS Data Flags #BITAND# 1))
NiScreenElementsData,Unknown 13 shorts,PRESENCE,present,ABSENT
NiScreenElementsData,Unknown Int,PRESENCE,present,ABSENT
NiScreenElementsData,Unknown Int 2,PRESENCE,present,ABSENT
NiScreenElementsData,Unknown UShort 1,PRESENCE,present,ABSENT
NiScreenElementsData,Unknown UShort 2,PRESENCE,present,ABSENT
NiScreenElementsData,Unknown UShort 3,PRESENCE,present,ABSENT
NiScreenElementsData,Used Triangle Points,PRESENCE,present,ABSENT
NiScreenElementsData,Used Vertices,PRESENCE,present,ABSENT
NiScreenElementsData,Vertex Colors,FIELD_WIDTH_IF_FIXED,16,var(unknown-type)
NiScreenElementsData,Vertices,FIELD_WIDTH_IF_FIXED,12,var(unknown-type)
NiScreenElementsData,Vertices Grow By,PRESENCE,ABSENT,present
NiScreenLODData,Bound Center,PRESENCE,present,ABSENT
NiScreenLODData,Bound Radius,PRESENCE,present,ABSENT
NiScreenLODData,Bounding Sphere,PRESENCE,ABSENT,present
NiScreenLODData,Num Proportions,PRESENCE,ABSENT,present
NiScreenLODData,Proportion Count,PRESENCE,present,ABSENT
NiScreenLODData,Proportion Levels,ARRAY_RELATION,array per Proportion Count,array per Num Proportions
NiScreenLODData,World Bounding Sphere,PRESENCE,ABSENT,present
NiScreenLODData,World Center,PRESENCE,present,ABSENT
NiScreenLODData,World Radius,PRESENCE,present,ABSENT
NiSequence,Accum Root Name,PRESENCE,ABSENT,present
NiSequence,Array Grow By,PRESENCE,ABSENT,present
NiSequence,Controlled Blocks,FIELD_TYPE,ControllerLink,ControlledBlock
NiSequence,Controlled Blocks,FIELD_WIDTH_IF_FIXED,var(ControllerLink contains var),var(unknown-type)
NiSequence,DIV2 Ints,PRESENCE,ABSENT,present
NiSequence,DIV2 Ref,PRESENCE,ABSENT,present
NiSequence,Num DIV2 Ints,PRESENCE,ABSENT,present
NiSequence,Text Keys Name,PRESENCE,present,ABSENT
NiSequence,Unknown Int 1,PRESENCE,present,ABSENT
NiSequence,Unknown Int 4,PRESENCE,present,ABSENT
NiSequence,Unknown Int 5,PRESENCE,present,ABSENT
NiSequenceStreamHelper,Has Old Extra Data,PRESENCE,present,ABSENT
NiSequenceStreamHelper,Legacy Extra Data,PRESENCE,ABSENT,present
NiSequenceStreamHelper,Old Extra Internal Id,PRESENCE,present,ABSENT
NiSequenceStreamHelper,Old Extra Prop Name,PRESENCE,present,ABSENT
NiSequenceStreamHelper,Old Extra String,PRESENCE,present,ABSENT
NiSequenceStreamHelper,Shader Type,PRESENCE,ABSENT,present
NiSequenceStreamHelper,Skyrim Shader Type,PRESENCE,present,ABSENT
NiSequenceStreamHelper,Unknown Byte,PRESENCE,present,ABSENT
NiShadeProperty,Flags,APPLIES_TO_10_1_0_0,True,UNRESOLVED
NiShadeProperty,Flags,FIELD_TYPE,Flags,ShadeFlags
NiShadeProperty,Flags,FIELD_WIDTH_IF_FIXED,var(unknown-type),2
NiShadeProperty,Has Old Extra Data,PRESENCE,present,ABSENT
NiShadeProperty,Legacy Extra Data,PRESENCE,ABSENT,present
NiShadeProperty,Old Extra Internal Id,PRESENCE,present,ABSENT
NiShadeProperty,Old Extra Prop Name,PRESENCE,present,ABSENT
NiShadeProperty,Old Extra String,PRESENCE,present,ABSENT
NiShadeProperty,Shader Type,PRESENCE,ABSENT,present
NiShadeProperty,Skyrim Shader Type,PRESENCE,present,ABSENT
NiShadeProperty,Unknown Byte,PRESENCE,present,ABSENT
NiShadowGenerator,Depth Bias,PRESENCE,ABSENT,present
NiShadowGenerator,Directional Light Frustum Width,PRESENCE,ABSENT,present
NiShadowGenerator,Far Clipping Distance,PRESENCE,ABSENT,present
NiShadowGenerator,Flags,PRESENCE,ABSENT,present
NiShadowGenerator,Near Clipping Distance,PRESENCE,ABSENT,present
NiShadowGenerator,Num Shadow Casters,PRESENCE,ABSENT,present
NiShadowGenerator,Num Shadow Receivers,PRESENCE,ABSENT,present
NiShadowGenerator,Num Unknown Links 1,PRESENCE,present,ABSENT
NiShadowGenerator,Shadow Casters,PRESENCE,ABSENT,present
NiShadowGenerator,Shadow Receivers,PRESENCE,ABSENT,present
NiShadowGenerator,Size Hint,PRESENCE,ABSENT,present
NiShadowGenerator,Target,LINK_REF_ROLE,Ref->NiLight,Ref->NiDynamicEffect
NiShadowGenerator,Unknown Flags,PRESENCE,present,ABSENT
NiShadowGenerator,Unknown Links 1,PRESENCE,present,ABSENT
NiShadowGenerator,Unkown Byte 5,PRESENCE,present,ABSENT
NiShadowGenerator,Unkown Byte 9,PRESENCE,present,ABSENT
NiShadowGenerator,Unkown Float 4,PRESENCE,present,ABSENT
NiShadowGenerator,Unkown Int 2,PRESENCE,present,ABSENT
NiShadowGenerator,Unkown Int 6,PRESENCE,present,ABSENT
NiShadowGenerator,Unkown Int 7,PRESENCE,present,ABSENT
NiShadowGenerator,Unkown Int 8,PRESENCE,present,ABSENT
NiSingleInterpController,Flags,FIELD_TYPE,Flags,TimeControllerFlags
NiSingleInterpController,Flags,FIELD_WIDTH_IF_FIXED,var(unknown-type),2
NiSingleInterpController,Manager Controlled,PRESENCE,ABSENT,present
NiSkinData,Bone List,FIELD_TYPE,SkinData,BoneData
NiSkinData,Bone List,FIELD_WIDTH_IF_FIXED,var(SkinData array),var(unknown-type)
NiSkinData,Has Vertex Weights,FIELD_TYPE,byte,bool
NiSkinData,Has Vertex Weights,FIELD_WIDTH_IF_FIXED,1,1(version-dep;1B for 10.1)
NiSkinData,Skin Transform,FIELD_TYPE,SkinTransform,NiTransform
NiSkinData,Skin Transform,FIELD_WIDTH_IF_FIXED,52,var(unknown-type)
NiSkinPartition,Data Size,PRESENCE,ABSENT,present
NiSkinPartition,Num Partitions,PRESENCE,ABSENT,present
NiSkinPartition,Num Skin Partition Blocks,PRESENCE,present,ABSENT
NiSkinPartition,Partitions,PRESENCE,ABSENT,present
NiSkinPartition,Skin Partition Blocks,PRESENCE,present,ABSENT
NiSkinPartition,Vertex Data,PRESENCE,ABSENT,present
NiSkinPartition,Vertex Desc,PRESENCE,ABSENT,present
NiSkinPartition,Vertex Size,PRESENCE,ABSENT,present
NiSkinningLODController,Flags,PRESENCE,present,ABSENT
NiSkinningLODController,Frequency,PRESENCE,present,ABSENT
NiSkinningLODController,Next Controller,PRESENCE,present,ABSENT
NiSkinningLODController,Phase,PRESENCE,present,ABSENT
NiSkinningLODController,Start Time,PRESENCE,present,ABSENT
NiSkinningLODController,Stop Time,PRESENCE,present,ABSENT
NiSkinningLODController,Target,PRESENCE,present,ABSENT
NiSkinningLODController,Unknown Integer,PRESENCE,present,ABSENT
NiSkinningMeshModifier,Bone Bounds,PRESENCE,present,ABSENT
NiSkinningMeshModifier,Bone Transforms,PRESENCE,present,ABSENT
NiSkinningMeshModifier,Bones,PRESENCE,present,ABSENT
NiSkinningMeshModifier,Complete Points,PRESENCE,present,ABSENT
NiSkinningMeshModifier,Flags,PRESENCE,present,ABSENT
NiSkinningMeshModifier,Num Bones,PRESENCE,present,ABSENT
NiSkinningMeshModifier,Num Complete Points,PRESENCE,present,ABSENT
NiSkinningMeshModifier,Num Submit Points,PRESENCE,present,ABSENT
NiSkinningMeshModifier,Skeleton Root,PRESENCE,present,ABSENT
NiSkinningMeshModifier,Skeleton Transform,PRESENCE,present,ABSENT
NiSkinningMeshModifier,Submit Points,PRESENCE,present,ABSENT
NiSortAdjustNode,Accumulator,PRESENCE,ABSENT,present
NiSortAdjustNode,Bounding Box,PRESENCE,present,ABSENT
NiSortAdjustNode,Bounding Volume,PRESENCE,ABSENT,present
NiSortAdjustNode,Effects,APPLIES_TO_10_1_0_0,True,UNRESOLVED
NiSortAdjustNode,Has Bounding Box,PRESENCE,present,ABSENT
NiSortAdjustNode,Has Bounding Volume,PRESENCE,ABSENT,present
NiSortAdjustNode,Has Old Extra Data,PRESENCE,present,ABSENT
NiSortAdjustNode,Legacy Extra Data,PRESENCE,ABSENT,present
NiSortAdjustNode,Num Effects,APPLIES_TO_10_1_0_0,True,UNRESOLVED
NiSortAdjustNode,Num Properties,APPLIES_TO_10_1_0_0,True,UNRESOLVED
NiSortAdjustNode,Old Extra Internal Id,PRESENCE,present,ABSENT
NiSortAdjustNode,Old Extra Prop Name,PRESENCE,present,ABSENT
NiSortAdjustNode,Old Extra String,PRESENCE,present,ABSENT
NiSortAdjustNode,Properties,APPLIES_TO_10_1_0_0,True,UNRESOLVED
NiSortAdjustNode,Rotation,FIELD_WIDTH_IF_FIXED,36,var(unknown-type)
NiSortAdjustNode,Shader Type,PRESENCE,ABSENT,present
NiSortAdjustNode,Skyrim Shader Type,PRESENCE,present,ABSENT
NiSortAdjustNode,Translation,FIELD_WIDTH_IF_FIXED,12,var(unknown-type)
NiSortAdjustNode,Unknown Byte,PRESENCE,present,ABSENT
NiSortAdjustNode,Unknown Int 2,PRESENCE,present,ABSENT
NiSortAdjustNode,Unknown Short 1,PRESENCE,present,ABSENT
NiSortAdjustNode,Velocity,FIELD_WIDTH_IF_FIXED,12,var(unknown-type)
NiSourceCubeMap,Alpha Format,PRESENCE,present,ABSENT
NiSourceCubeMap,Format Prefs,PRESENCE,ABSENT,present
NiSourceCubeMap,Has Old Extra Data,PRESENCE,present,ABSENT
NiSourceCubeMap,Legacy Extra Data,PRESENCE,ABSENT,present
NiSourceCubeMap,Old Extra Internal Id,PRESENCE,present,ABSENT
NiSourceCubeMap,Old Extra Prop Name,PRESENCE,present,ABSENT
NiSourceCubeMap,Old Extra String,PRESENCE,present,ABSENT
NiSourceCubeMap,Pixel Layout,PRESENCE,present,ABSENT
NiSourceCubeMap,Shader Type,PRESENCE,ABSENT,present
NiSourceCubeMap,Skyrim Shader Type,PRESENCE,present,ABSENT
NiSourceCubeMap,Unknown Byte,INHERITED_FROM,NiObjectNET,NiSourceTexture
NiSourceCubeMap,Unknown Link,PRESENCE,present,ABSENT
NiSourceCubeMap,Use Internal,PRESENCE,ABSENT,present
NiSourceCubeMap,Use Mipmaps,PRESENCE,present,ABSENT
NiSourceTexture,Alpha Format,PRESENCE,present,ABSENT
NiSourceTexture,Format Prefs,PRESENCE,ABSENT,present
NiSourceTexture,Has Old Extra Data,PRESENCE,present,ABSENT
NiSourceTexture,Legacy Extra Data,PRESENCE,ABSENT,present
NiSourceTexture,Old Extra Internal Id,PRESENCE,present,ABSENT
NiSourceTexture,Old Extra Prop Name,PRESENCE,present,ABSENT
NiSourceTexture,Old Extra String,PRESENCE,present,ABSENT
NiSourceTexture,Pixel Layout,PRESENCE,present,ABSENT
NiSourceTexture,Shader Type,PRESENCE,ABSENT,present
NiSourceTexture,Skyrim Shader Type,PRESENCE,present,ABSENT
NiSourceTexture,Unknown Byte,INHERITED_FROM,NiObjectNET,SELF
NiSourceTexture,Unknown Link,PRESENCE,present,ABSENT
NiSourceTexture,Use Internal,PRESENCE,ABSENT,present
NiSourceTexture,Use Mipmaps,PRESENCE,present,ABSENT
NiSpecularProperty,Flags,FIELD_TYPE,Flags,SpecularFlags
NiSpecularProperty,Flags,FIELD_WIDTH_IF_FIXED,var(unknown-type),2
NiSpecularProperty,Has Old Extra Data,PRESENCE,present,ABSENT
NiSpecularProperty,Legacy Extra Data,PRESENCE,ABSENT,present
NiSpecularProperty,Old Extra Internal Id,PRESENCE,present,ABSENT
NiSpecularProperty,Old Extra Prop Name,PRESENCE,present,ABSENT
NiSpecularProperty,Old Extra String,PRESENCE,present,ABSENT
NiSpecularProperty,Shader Type,PRESENCE,ABSENT,present
NiSpecularProperty,Skyrim Shader Type,PRESENCE,present,ABSENT
NiSpecularProperty,Unknown Byte,PRESENCE,present,ABSENT
NiSphericalCollider,Controller,PRESENCE,present,ABSENT
NiSphericalCollider,Next Modifier,PRESENCE,present,ABSENT
NiSphericalCollider,Unknown Float 1,PRESENCE,present,ABSENT
NiSphericalCollider,Unknown Float 2,PRESENCE,present,ABSENT
NiSphericalCollider,Unknown Float 3,PRESENCE,present,ABSENT
NiSphericalCollider,Unknown Float 4,PRESENCE,present,ABSENT
NiSphericalCollider,Unknown Float 5,PRESENCE,present,ABSENT
NiSphericalCollider,Unknown Short 1,PRESENCE,present,ABSENT
NiSphericalCollider,Unknown Short 2,PRESENCE,present,ABSENT
NiSpotLight,Affected Node List Pointers,PRESENCE,present,ABSENT
NiSpotLight,Affected Node Pointers,PRESENCE,ABSENT,present
NiSpotLight,Ambient Color,FIELD_WIDTH_IF_FIXED,12,var(unknown-type)
NiSpotLight,Bounding Box,PRESENCE,present,ABSENT
NiSpotLight,Bounding Volume,PRESENCE,ABSENT,present
NiSpotLight,Cutoff Angle,PRESENCE,present,ABSENT
NiSpotLight,Diffuse Color,FIELD_WIDTH_IF_FIXED,12,var(unknown-type)
NiSpotLight,Has Bounding Box,PRESENCE,present,ABSENT
NiSpotLight,Has Bounding Volume,PRESENCE,ABSENT,present
NiSpotLight,Has Old Extra Data,PRESENCE,present,ABSENT
NiSpotLight,Inner Spot Angle,PRESENCE,ABSENT,present
NiSpotLight,Legacy Extra Data,PRESENCE,ABSENT,present
NiSpotLight,Num Affected Node List Pointers,PRESENCE,present,ABSENT
NiSpotLight,Num Properties,APPLIES_TO_10_1_0_0,True,UNRESOLVED
NiSpotLight,Old Extra Internal Id,PRESENCE,present,ABSENT
NiSpotLight,Old Extra Prop Name,PRESENCE,present,ABSENT
NiSpotLight,Old Extra String,PRESENCE,present,ABSENT
NiSpotLight,Outer Spot Angle,PRESENCE,ABSENT,present
NiSpotLight,Properties,APPLIES_TO_10_1_0_0,True,UNRESOLVED
NiSpotLight,Rotation,FIELD_WIDTH_IF_FIXED,36,var(unknown-type)
NiSpotLight,Shader Type,PRESENCE,ABSENT,present
NiSpotLight,Skyrim Shader Type,PRESENCE,present,ABSENT
NiSpotLight,Specular Color,FIELD_WIDTH_IF_FIXED,12,var(unknown-type)
NiSpotLight,Translation,FIELD_WIDTH_IF_FIXED,12,var(unknown-type)
NiSpotLight,Unknown Byte,PRESENCE,present,ABSENT
NiSpotLight,Unknown Float,PRESENCE,present,ABSENT
NiSpotLight,Unknown Short 1,PRESENCE,present,ABSENT
NiSpotLight,Velocity,FIELD_WIDTH_IF_FIXED,12,var(unknown-type)
NiStencilProperty,Draw Mode,FIELD_TYPE,FaceDrawMode,StencilDrawMode
NiStencilProperty,Has Old Extra Data,PRESENCE,present,ABSENT
NiStencilProperty,Legacy Extra Data,PRESENCE,ABSENT,present
NiStencilProperty,Old Extra Internal Id,PRESENCE,present,ABSENT
NiStencilProperty,Old Extra Prop Name,PRESENCE,present,ABSENT
NiStencilProperty,Old Extra String,PRESENCE,present,ABSENT
NiStencilProperty,Shader Type,PRESENCE,ABSENT,present
NiStencilProperty,Skyrim Shader Type,PRESENCE,present,ABSENT
NiStencilProperty,Stencil Function,FIELD_TYPE,StencilCompareMode,StencilTestFunc
NiStencilProperty,Unknown Byte,PRESENCE,present,ABSENT
NiStringExtraData,Bytes Remaining,PRESENCE,present,ABSENT
NiStringExtraData,Extra Data,PRESENCE,ABSENT,present
NiStringExtraData,Num Bytes,PRESENCE,ABSENT,present
NiStringPalette,Palette,FIELD_WIDTH_IF_FIXED,var(StringPalette contains var),var(unknown-type)
NiStringsExtraData,Extra Data,PRESENCE,ABSENT,present
NiStringsExtraData,Num Bytes,PRESENCE,ABSENT,present
NiSwitchNode,Bounding Box,PRESENCE,present,ABSENT
NiSwitchNode,Bounding Volume,PRESENCE,ABSENT,present
NiSwitchNode,Effects,APPLIES_TO_10_1_0_0,True,UNRESOLVED
NiSwitchNode,Has Bounding Box,PRESENCE,present,ABSENT
NiSwitchNode,Has Bounding Volume,PRESENCE,ABSENT,present
NiSwitchNode,Has Old Extra Data,PRESENCE,present,ABSENT
NiSwitchNode,Index,PRESENCE,ABSENT,present
NiSwitchNode,Legacy Extra Data,PRESENCE,ABSENT,present
NiSwitchNode,Num Effects,APPLIES_TO_10_1_0_0,True,UNRESOLVED
NiSwitchNode,Num Properties,APPLIES_TO_10_1_0_0,True,UNRESOLVED
NiSwitchNode,Old Extra Internal Id,PRESENCE,present,ABSENT
NiSwitchNode,Old Extra Prop Name,PRESENCE,present,ABSENT
NiSwitchNode,Old Extra String,PRESENCE,present,ABSENT
NiSwitchNode,Properties,APPLIES_TO_10_1_0_0,True,UNRESOLVED
NiSwitchNode,Rotation,FIELD_WIDTH_IF_FIXED,36,var(unknown-type)
NiSwitchNode,Shader Type,PRESENCE,ABSENT,present
NiSwitchNode,Skyrim Shader Type,PRESENCE,present,ABSENT
NiSwitchNode,Switch Node Flags,PRESENCE,ABSENT,present
NiSwitchNode,Translation,FIELD_WIDTH_IF_FIXED,12,var(unknown-type)
NiSwitchNode,Unknown Byte,PRESENCE,present,ABSENT
NiSwitchNode,Unknown Flags 1,PRESENCE,present,ABSENT
NiSwitchNode,Unknown Int 1,PRESENCE,present,ABSENT
NiSwitchNode,Unknown Short 1,PRESENCE,present,ABSENT
NiSwitchNode,Velocity,FIELD_WIDTH_IF_FIXED,12,var(unknown-type)
NiTextKeyExtraData,Extra Data,PRESENCE,ABSENT,present
NiTextKeyExtraData,Num Bytes,PRESENCE,ABSENT,present
NiTextKeyExtraData,Text Keys,FIELD_WIDTH_IF_FIXED,var(Key contains var),var(unknown-type)
NiTextKeyExtraData,Unknown Int 1,PRESENCE,present,ABSENT
NiTexture,Has Old Extra Data,PRESENCE,present,ABSENT
NiTexture,Legacy Extra Data,PRESENCE,ABSENT,present
NiTexture,Old Extra Internal Id,PRESENCE,present,ABSENT
NiTexture,Old Extra Prop Name,PRESENCE,present,ABSENT
NiTexture,Old Extra String,PRESENCE,present,ABSENT
NiTexture,Shader Type,PRESENCE,ABSENT,present
NiTexture,Skyrim Shader Type,PRESENCE,present,ABSENT
NiTexture,Unknown Byte,PRESENCE,present,ABSENT
NiTextureEffect,Affected Node List Pointers,PRESENCE,present,ABSENT
NiTextureEffect,Affected Node Pointers,PRESENCE,ABSENT,present
NiTextureEffect,Bounding Box,PRESENCE,present,ABSENT
NiTextureEffect,Bounding Volume,PRESENCE,ABSENT,present
NiTextureEffect,Clipping Plane,PRESENCE,present,ABSENT
NiTextureEffect,Enable Plane,PRESENCE,ABSENT,present
NiTextureEffect,Has Bounding Box,PRESENCE,present,ABSENT
NiTextureEffect,Has Bounding Volume,PRESENCE,ABSENT,present
NiTextureEffect,Has Old Extra Data,PRESENCE,present,ABSENT
NiTextureEffect,Legacy Extra Data,PRESENCE,ABSENT,present
NiTextureEffect,Max Anisotropy,PRESENCE,ABSENT,present
NiTextureEffect,Model Projection Matrix,FIELD_WIDTH_IF_FIXED,36,var(unknown-type)
NiTextureEffect,Model Projection Transform,PRESENCE,present,ABSENT
NiTextureEffect,Model Projection Translation,PRESENCE,ABSENT,present
NiTextureEffect,Num Affected Node List Pointers,PRESENCE,present,ABSENT
NiTextureEffect,Num Properties,APPLIES_TO_10_1_0_0,True,UNRESOLVED
NiTextureEffect,Old Extra Internal Id,PRESENCE,present,ABSENT
NiTextureEffect,Old Extra Prop Name,PRESENCE,present,ABSENT
NiTextureEffect,Old Extra String,PRESENCE,present,ABSENT
NiTextureEffect,Plane,PRESENCE,ABSENT,present
NiTextureEffect,Properties,APPLIES_TO_10_1_0_0,True,UNRESOLVED
NiTextureEffect,Rotation,FIELD_WIDTH_IF_FIXED,36,var(unknown-type)
NiTextureEffect,Shader Type,PRESENCE,ABSENT,present
NiTextureEffect,Skyrim Shader Type,PRESENCE,present,ABSENT
NiTextureEffect,Texture Type,FIELD_TYPE,EffectType,TextureType
NiTextureEffect,Translation,FIELD_WIDTH_IF_FIXED,12,var(unknown-type)
NiTextureEffect,Unknown,PRESENCE,present,ABSENT
NiTextureEffect,Unknown Byte,PRESENCE,present,ABSENT
NiTextureEffect,Unknown Float,PRESENCE,present,ABSENT
NiTextureEffect,Unknown Short 1,PRESENCE,present,ABSENT
NiTextureEffect,Unknown Vector,PRESENCE,present,ABSENT
NiTextureEffect,Velocity,FIELD_WIDTH_IF_FIXED,12,var(unknown-type)
NiTextureModeProperty,Controller,PRESENCE,present,ABSENT
NiTextureModeProperty,Extra Data,PRESENCE,present,ABSENT
NiTextureModeProperty,Extra Data List,PRESENCE,present,ABSENT
NiTextureModeProperty,Has Old Extra Data,PRESENCE,present,ABSENT
NiTextureModeProperty,Name,PRESENCE,present,ABSENT
NiTextureModeProperty,Num Extra Data List,PRESENCE,present,ABSENT
NiTextureModeProperty,Old Extra Internal Id,PRESENCE,present,ABSENT
NiTextureModeProperty,Old Extra Prop Name,PRESENCE,present,ABSENT
NiTextureModeProperty,Old Extra String,PRESENCE,present,ABSENT
NiTextureModeProperty,PS2 K,PRESENCE,present,ABSENT
NiTextureModeProperty,PS2 L,PRESENCE,present,ABSENT
NiTextureModeProperty,Skyrim Shader Type,PRESENCE,present,ABSENT
NiTextureModeProperty,Unknown Byte,PRESENCE,present,ABSENT
NiTextureModeProperty,Unknown Ints,PRESENCE,present,ABSENT
NiTextureModeProperty,Unknown Short,PRESENCE,present,ABSENT
NiTextureProperty,Controller,PRESENCE,present,ABSENT
NiTextureProperty,Extra Data,PRESENCE,present,ABSENT
NiTextureProperty,Extra Data List,PRESENCE,present,ABSENT
NiTextureProperty,Flags,PRESENCE,present,ABSENT
NiTextureProperty,Has Old Extra Data,PRESENCE,present,ABSENT
NiTextureProperty,Image,PRESENCE,present,ABSENT
NiTextureProperty,Name,PRESENCE,present,ABSENT
NiTextureProperty,Num Extra Data List,PRESENCE,present,ABSENT
NiTextureProperty,Old Extra Internal Id,PRESENCE,present,ABSENT
NiTextureProperty,Old Extra Prop Name,PRESENCE,present,ABSENT
NiTextureProperty,Old Extra String,PRESENCE,present,ABSENT
NiTextureProperty,Skyrim Shader Type,PRESENCE,present,ABSENT
NiTextureProperty,Unknown Byte,PRESENCE,present,ABSENT
NiTextureProperty,Unknown Ints 1,PRESENCE,present,ABSENT
NiTextureProperty,Unknown Ints 2,PRESENCE,present,ABSENT
NiTextureTransformController,Flags,FIELD_TYPE,Flags,TimeControllerFlags
NiTextureTransformController,Flags,FIELD_WIDTH_IF_FIXED,var(unknown-type),2
NiTextureTransformController,Manager Controlled,PRESENCE,ABSENT,present
NiTextureTransformController,Operation,FIELD_TYPE,TexTransform,TransformMember
NiTextureTransformController,Shader Map,PRESENCE,ABSENT,present
NiTextureTransformController,Unknown2,PRESENCE,present,ABSENT
NiTexturingProperty,Base Texture,FIELD_WIDTH_IF_FIXED,var(cond-conditional compound),var(unknown-type)
NiTexturingProperty,Bump Map Matrix,FIELD_WIDTH_IF_FIXED,16,var(unknown-type)
NiTexturingProperty,Bump Map Texture,FIELD_WIDTH_IF_FIXED,var(cond-conditional compound),var(unknown-type)
NiTexturingProperty,Dark Texture,FIELD_WIDTH_IF_FIXED,var(cond-conditional compound),var(unknown-type)
NiTexturingProperty,Decal 0 Texture,FIELD_WIDTH_IF_FIXED,var(cond-conditional compound),var(unknown-type)
NiTexturingProperty,Decal 1 Texture,FIELD_WIDTH_IF_FIXED,var(cond-conditional compound),var(unknown-type)
NiTexturingProperty,Decal 2 Texture,FIELD_WIDTH_IF_FIXED,var(cond-conditional compound),var(unknown-type)
NiTexturingProperty,Decal 3 Texture,FIELD_WIDTH_IF_FIXED,var(cond-conditional compound),var(unknown-type)
NiTexturingProperty,Detail Texture,FIELD_WIDTH_IF_FIXED,var(cond-conditional compound),var(unknown-type)
NiTexturingProperty,Gloss Texture,FIELD_WIDTH_IF_FIXED,var(cond-conditional compound),var(unknown-type)
NiTexturingProperty,Glow Texture,FIELD_WIDTH_IF_FIXED,var(cond-conditional compound),var(unknown-type)
NiTexturingProperty,Has Old Extra Data,PRESENCE,present,ABSENT
NiTexturingProperty,Has Parallax Texture,PRESENCE,ABSENT,present
NiTexturingProperty,Has Unknown2 Texture,PRESENCE,present,ABSENT
NiTexturingProperty,Legacy Extra Data,PRESENCE,ABSENT,present
NiTexturingProperty,Normal Texture,FIELD_WIDTH_IF_FIXED,var(cond-conditional compound),var(unknown-type)
NiTexturingProperty,Old Extra Internal Id,PRESENCE,present,ABSENT
NiTexturingProperty,Old Extra Prop Name,PRESENCE,present,ABSENT
NiTexturingProperty,Old Extra String,PRESENCE,present,ABSENT
NiTexturingProperty,Parallax Offset,PRESENCE,ABSENT,present
NiTexturingProperty,Parallax Texture,PRESENCE,ABSENT,present
NiTexturingProperty,Shader Textures,FIELD_WIDTH_IF_FIXED,var(ShaderTexDesc contains var),var(unknown-type)
NiTexturingProperty,Shader Type,PRESENCE,ABSENT,present
NiTexturingProperty,Skyrim Shader Type,PRESENCE,present,ABSENT
NiTexturingProperty,Unknown Byte,PRESENCE,present,ABSENT
NiTexturingProperty,Unknown2 Float,PRESENCE,present,ABSENT
NiTexturingProperty,Unknown2 Texture,PRESENCE,present,ABSENT
NiTimeController,Flags,FIELD_TYPE,Flags,TimeControllerFlags
NiTimeController,Flags,FIELD_WIDTH_IF_FIXED,var(unknown-type),2
NiTransformController,Flags,FIELD_TYPE,Flags,TimeControllerFlags
NiTransformController,Flags,FIELD_WIDTH_IF_FIXED,var(unknown-type),2
NiTransformController,Manager Controlled,PRESENCE,ABSENT,present
NiTransformData,Order,PRESENCE,ABSENT,present
NiTransformData,Quaternion Keys,FIELD_WIDTH_IF_FIXED,var(QuatKey contains var),var(unknown-type)
NiTransformData,Scales,FIELD_WIDTH_IF_FIXED,var(KeyGroup contains var),var(unknown-type)
NiTransformData,Translations,FIELD_WIDTH_IF_FIXED,var(KeyGroup contains var),var(unknown-type)
NiTransformData,Unknown Float,PRESENCE,present,ABSENT
NiTransformData,XYZ Rotations,FIELD_WIDTH_IF_FIXED,var(KeyGroup contains var),var(unknown-type)
NiTransformInterpolator,Rotation,PRESENCE,present,ABSENT
NiTransformInterpolator,Scale,PRESENCE,present,ABSENT
NiTransformInterpolator,Transform,PRESENCE,ABSENT,present
NiTransformInterpolator,Translation,PRESENCE,present,ABSENT
NiTransformInterpolator,Unknown Bytes,PRESENCE,present,ABSENT
NiTransparentProperty,Has Old Extra Data,PRESENCE,present,ABSENT
NiTransparentProperty,Legacy Extra Data,PRESENCE,ABSENT,present
NiTransparentProperty,Old Extra Internal Id,PRESENCE,present,ABSENT
NiTransparentProperty,Old Extra Prop Name,PRESENCE,present,ABSENT
NiTransparentProperty,Old Extra String,PRESENCE,present,ABSENT
NiTransparentProperty,Shader Type,PRESENCE,ABSENT,present
NiTransparentProperty,Skyrim Shader Type,PRESENCE,present,ABSENT
NiTransparentProperty,Unknown Byte,PRESENCE,present,ABSENT
NiTriBasedGeom,Active Material,PRESENCE,present,ABSENT
NiTriBasedGeom,Alpha Property,PRESENCE,ABSENT,present
NiTriBasedGeom,BS Properties,PRESENCE,present,ABSENT
NiTriBasedGeom,Bound Min Max,PRESENCE,ABSENT,present
NiTriBasedGeom,Bounding Box,PRESENCE,present,ABSENT
NiTriBasedGeom,Bounding Sphere,PRESENCE,ABSENT,present
NiTriBasedGeom,Bounding Volume,PRESENCE,ABSENT,present
NiTriBasedGeom,Dirty Flag,PRESENCE,present,ABSENT
NiTriBasedGeom,Has Bounding Box,PRESENCE,present,ABSENT
NiTriBasedGeom,Has Bounding Volume,PRESENCE,ABSENT,present
NiTriBasedGeom,Has Old Extra Data,PRESENCE,present,ABSENT
NiTriBasedGeom,Has Shader,PRESENCE,present,ABSENT
NiTriBasedGeom,Legacy Extra Data,PRESENCE,ABSENT,present
NiTriBasedGeom,Material Data,APPLIES_TO_10_1_0_0,False,UNRESOLVED
NiTriBasedGeom,Material Extra Data,PRESENCE,present,ABSENT
NiTriBasedGeom,Material Name,PRESENCE,present,ABSENT
NiTriBasedGeom,Num Materials,PRESENCE,present,ABSENT
NiTriBasedGeom,Num Properties,APPLIES_TO_10_1_0_0,True,UNRESOLVED
NiTriBasedGeom,Old Extra Internal Id,PRESENCE,present,ABSENT
NiTriBasedGeom,Old Extra Prop Name,PRESENCE,present,ABSENT
NiTriBasedGeom,Old Extra String,PRESENCE,present,ABSENT
NiTriBasedGeom,Properties,APPLIES_TO_10_1_0_0,True,UNRESOLVED
NiTriBasedGeom,Rotation,FIELD_WIDTH_IF_FIXED,36,var(unknown-type)
NiTriBasedGeom,Shader Name,PRESENCE,present,ABSENT
NiTriBasedGeom,Shader Property,PRESENCE,ABSENT,present
NiTriBasedGeom,Shader Type,PRESENCE,ABSENT,present
NiTriBasedGeom,Skin,PRESENCE,ABSENT,present
NiTriBasedGeom,Skyrim Shader Type,PRESENCE,present,ABSENT
NiTriBasedGeom,Translation,FIELD_WIDTH_IF_FIXED,12,var(unknown-type)
NiTriBasedGeom,Unknown Byte,INHERITED_FROM,NiObjectNET,NiGeometry
NiTriBasedGeom,Unknown Integer,PRESENCE,present,ABSENT
NiTriBasedGeom,Unknown Integer 2,PRESENCE,present,ABSENT
NiTriBasedGeom,Unknown Short 1,PRESENCE,present,ABSENT
NiTriBasedGeom,Velocity,FIELD_WIDTH_IF_FIXED,12,var(unknown-type)
NiTriBasedGeomData,BS Data Flags,PRESENCE,ABSENT,present
NiTriBasedGeomData,Bitangents,FIELD_WIDTH_IF_FIXED,12,var(unknown-type)
NiTriBasedGeomData,Bounding Sphere,PRESENCE,ABSENT,present
NiTriBasedGeomData,Center,PRESENCE,present,ABSENT
NiTriBasedGeomData,DIV2 Floats,PRESENCE,ABSENT,present
NiTriBasedGeomData,Data Flags,APPLIES_TO_10_1_0_0,False,UNRESOLVED
NiTriBasedGeomData,Extra Vectors Flags,PRESENCE,present,ABSENT
NiTriBasedGeomData,Group ID,PRESENCE,ABSENT,present
NiTriBasedGeomData,Has DIV2 Floats,PRESENCE,ABSENT,present
NiTriBasedGeomData,Material CRC,PRESENCE,ABSENT,present
NiTriBasedGeomData,Normals,FIELD_WIDTH_IF_FIXED,12,var(unknown-type)
NiTriBasedGeomData,Num UV Sets,APPLIES_TO_10_1_0_0,True,False
NiTriBasedGeomData,Num UV Sets,FIELD_TYPE,byte,ushort
NiTriBasedGeomData,Num UV Sets,FIELD_WIDTH_IF_FIXED,1,2
NiTriBasedGeomData,Radius,PRESENCE,present,ABSENT
NiTriBasedGeomData,Tangents,FIELD_WIDTH_IF_FIXED,12,var(unknown-type)
NiTriBasedGeomData,UV Sets,FIELD_WIDTH_IF_FIXED,8,var(unknown-type)
NiTriBasedGeomData,UV Sets,ARRAY_RELATION,array per (Num UV Sets & 63),array per ((Data Flags #BITAND# 63) #BITOR# (BS Data Flags #BITAND# 1))
NiTriBasedGeomData,Unknown 13 shorts,PRESENCE,present,ABSENT
NiTriBasedGeomData,Unknown Int,PRESENCE,present,ABSENT
NiTriBasedGeomData,Unknown Int 2,PRESENCE,present,ABSENT
NiTriBasedGeomData,Vertex Colors,FIELD_WIDTH_IF_FIXED,16,var(unknown-type)
NiTriBasedGeomData,Vertices,FIELD_WIDTH_IF_FIXED,12,var(unknown-type)
NiTriShape,Active Material,PRESENCE,present,ABSENT
NiTriShape,Alpha Property,PRESENCE,ABSENT,present
NiTriShape,BS Properties,PRESENCE,present,ABSENT
NiTriShape,Bound Min Max,PRESENCE,ABSENT,present
NiTriShape,Bounding Box,PRESENCE,present,ABSENT
NiTriShape,Bounding Sphere,PRESENCE,ABSENT,present
NiTriShape,Bounding Volume,PRESENCE,ABSENT,present
NiTriShape,Dirty Flag,PRESENCE,present,ABSENT
NiTriShape,Has Bounding Box,PRESENCE,present,ABSENT
NiTriShape,Has Bounding Volume,PRESENCE,ABSENT,present
NiTriShape,Has Old Extra Data,PRESENCE,present,ABSENT
NiTriShape,Has Shader,PRESENCE,present,ABSENT
NiTriShape,Legacy Extra Data,PRESENCE,ABSENT,present
NiTriShape,Material Data,APPLIES_TO_10_1_0_0,False,UNRESOLVED
NiTriShape,Material Extra Data,PRESENCE,present,ABSENT
NiTriShape,Material Name,PRESENCE,present,ABSENT
NiTriShape,Num Materials,PRESENCE,present,ABSENT
NiTriShape,Num Properties,APPLIES_TO_10_1_0_0,True,UNRESOLVED
NiTriShape,Old Extra Internal Id,PRESENCE,present,ABSENT
NiTriShape,Old Extra Prop Name,PRESENCE,present,ABSENT
NiTriShape,Old Extra String,PRESENCE,present,ABSENT
NiTriShape,Properties,APPLIES_TO_10_1_0_0,True,UNRESOLVED
NiTriShape,Rotation,FIELD_WIDTH_IF_FIXED,36,var(unknown-type)
NiTriShape,Shader Name,PRESENCE,present,ABSENT
NiTriShape,Shader Property,PRESENCE,ABSENT,present
NiTriShape,Shader Type,PRESENCE,ABSENT,present
NiTriShape,Skin,PRESENCE,ABSENT,present
NiTriShape,Skyrim Shader Type,PRESENCE,present,ABSENT
NiTriShape,Translation,FIELD_WIDTH_IF_FIXED,12,var(unknown-type)
NiTriShape,Unknown Byte,INHERITED_FROM,NiObjectNET,NiGeometry
NiTriShape,Unknown Integer,PRESENCE,present,ABSENT
NiTriShape,Unknown Integer 2,PRESENCE,present,ABSENT
NiTriShape,Unknown Short 1,PRESENCE,present,ABSENT
NiTriShape,Velocity,FIELD_WIDTH_IF_FIXED,12,var(unknown-type)
NiTriShapeData,BS Data Flags,PRESENCE,ABSENT,present
NiTriShapeData,Bitangents,FIELD_WIDTH_IF_FIXED,12,var(unknown-type)
NiTriShapeData,Bounding Sphere,PRESENCE,ABSENT,present
NiTriShapeData,Center,PRESENCE,present,ABSENT
NiTriShapeData,DIV2 Floats,PRESENCE,ABSENT,present
NiTriShapeData,Data Flags,APPLIES_TO_10_1_0_0,False,UNRESOLVED
NiTriShapeData,Extra Vectors Flags,PRESENCE,present,ABSENT
NiTriShapeData,Group ID,PRESENCE,ABSENT,present
NiTriShapeData,Has DIV2 Floats,PRESENCE,ABSENT,present
NiTriShapeData,Match Groups,FIELD_WIDTH_IF_FIXED,var(MatchGroup array),var(unknown-type)
NiTriShapeData,Material CRC,PRESENCE,ABSENT,present
NiTriShapeData,Normals,FIELD_WIDTH_IF_FIXED,12,var(unknown-type)
NiTriShapeData,Num UV Sets,APPLIES_TO_10_1_0_0,True,False
NiTriShapeData,Num UV Sets,FIELD_TYPE,byte,ushort
NiTriShapeData,Num UV Sets,FIELD_WIDTH_IF_FIXED,1,2
NiTriShapeData,Radius,PRESENCE,present,ABSENT
NiTriShapeData,Tangents,FIELD_WIDTH_IF_FIXED,12,var(unknown-type)
NiTriShapeData,UV Sets,FIELD_WIDTH_IF_FIXED,8,var(unknown-type)
NiTriShapeData,UV Sets,ARRAY_RELATION,array per (Num UV Sets & 63),array per ((Data Flags #BITAND# 63) #BITOR# (BS Data Flags #BITAND# 1))
NiTriShapeData,Unknown 13 shorts,PRESENCE,present,ABSENT
NiTriShapeData,Unknown Int,PRESENCE,present,ABSENT
NiTriShapeData,Unknown Int 2,PRESENCE,present,ABSENT
NiTriShapeData,Vertex Colors,FIELD_WIDTH_IF_FIXED,16,var(unknown-type)
NiTriShapeData,Vertices,FIELD_WIDTH_IF_FIXED,12,var(unknown-type)
NiTriShapeSkinController,Bone Data,PRESENCE,present,ABSENT
NiTriShapeSkinController,Bones,PRESENCE,present,ABSENT
NiTriShapeSkinController,Flags,PRESENCE,present,ABSENT
NiTriShapeSkinController,Frequency,PRESENCE,present,ABSENT
NiTriShapeSkinController,Next Controller,PRESENCE,present,ABSENT
NiTriShapeSkinController,Num Bones,PRESENCE,present,ABSENT
NiTriShapeSkinController,Phase,PRESENCE,present,ABSENT
NiTriShapeSkinController,Start Time,PRESENCE,present,ABSENT
NiTriShapeSkinController,Stop Time,PRESENCE,present,ABSENT
NiTriShapeSkinController,Target,PRESENCE,present,ABSENT
NiTriShapeSkinController,Unknown Integer,PRESENCE,present,ABSENT
NiTriShapeSkinController,Vertex Counts,PRESENCE,present,ABSENT
NiTriStrips,Active Material,PRESENCE,present,ABSENT
NiTriStrips,Alpha Property,PRESENCE,ABSENT,present
NiTriStrips,BS Properties,PRESENCE,present,ABSENT
NiTriStrips,Bound Min Max,PRESENCE,ABSENT,present
NiTriStrips,Bounding Box,PRESENCE,present,ABSENT
NiTriStrips,Bounding Sphere,PRESENCE,ABSENT,present
NiTriStrips,Bounding Volume,PRESENCE,ABSENT,present
NiTriStrips,Dirty Flag,PRESENCE,present,ABSENT
NiTriStrips,Has Bounding Box,PRESENCE,present,ABSENT
NiTriStrips,Has Bounding Volume,PRESENCE,ABSENT,present
NiTriStrips,Has Old Extra Data,PRESENCE,present,ABSENT
NiTriStrips,Has Shader,PRESENCE,present,ABSENT
NiTriStrips,Legacy Extra Data,PRESENCE,ABSENT,present
NiTriStrips,Material Data,APPLIES_TO_10_1_0_0,False,UNRESOLVED
NiTriStrips,Material Extra Data,PRESENCE,present,ABSENT
NiTriStrips,Material Name,PRESENCE,present,ABSENT
NiTriStrips,Num Materials,PRESENCE,present,ABSENT
NiTriStrips,Num Properties,APPLIES_TO_10_1_0_0,True,UNRESOLVED
NiTriStrips,Old Extra Internal Id,PRESENCE,present,ABSENT
NiTriStrips,Old Extra Prop Name,PRESENCE,present,ABSENT
NiTriStrips,Old Extra String,PRESENCE,present,ABSENT
NiTriStrips,Properties,APPLIES_TO_10_1_0_0,True,UNRESOLVED
NiTriStrips,Rotation,FIELD_WIDTH_IF_FIXED,36,var(unknown-type)
NiTriStrips,Shader Name,PRESENCE,present,ABSENT
NiTriStrips,Shader Property,PRESENCE,ABSENT,present
NiTriStrips,Shader Type,PRESENCE,ABSENT,present
NiTriStrips,Skin,PRESENCE,ABSENT,present
NiTriStrips,Skyrim Shader Type,PRESENCE,present,ABSENT
NiTriStrips,Translation,FIELD_WIDTH_IF_FIXED,12,var(unknown-type)
NiTriStrips,Unknown Byte,INHERITED_FROM,NiObjectNET,NiGeometry
NiTriStrips,Unknown Integer,PRESENCE,present,ABSENT
NiTriStrips,Unknown Integer 2,PRESENCE,present,ABSENT
NiTriStrips,Unknown Short 1,PRESENCE,present,ABSENT
NiTriStrips,Velocity,FIELD_WIDTH_IF_FIXED,12,var(unknown-type)
NiTriStripsData,BS Data Flags,PRESENCE,ABSENT,present
NiTriStripsData,Bitangents,FIELD_WIDTH_IF_FIXED,12,var(unknown-type)
NiTriStripsData,Bounding Sphere,PRESENCE,ABSENT,present
NiTriStripsData,Center,PRESENCE,present,ABSENT
NiTriStripsData,DIV2 Floats,PRESENCE,ABSENT,present
NiTriStripsData,Data Flags,APPLIES_TO_10_1_0_0,False,UNRESOLVED
NiTriStripsData,Extra Vectors Flags,PRESENCE,present,ABSENT
NiTriStripsData,Group ID,PRESENCE,ABSENT,present
NiTriStripsData,Has DIV2 Floats,PRESENCE,ABSENT,present
NiTriStripsData,Material CRC,PRESENCE,ABSENT,present
NiTriStripsData,Normals,FIELD_WIDTH_IF_FIXED,12,var(unknown-type)
NiTriStripsData,Num UV Sets,APPLIES_TO_10_1_0_0,True,False
NiTriStripsData,Num UV Sets,FIELD_TYPE,byte,ushort
NiTriStripsData,Num UV Sets,FIELD_WIDTH_IF_FIXED,1,2
NiTriStripsData,Radius,PRESENCE,present,ABSENT
NiTriStripsData,Tangents,FIELD_WIDTH_IF_FIXED,12,var(unknown-type)
NiTriStripsData,UV Sets,FIELD_WIDTH_IF_FIXED,8,var(unknown-type)
NiTriStripsData,UV Sets,ARRAY_RELATION,array per (Num UV Sets & 63),array per ((Data Flags #BITAND# 63) #BITOR# (BS Data Flags #BITAND# 1))
NiTriStripsData,Unknown 13 shorts,PRESENCE,present,ABSENT
NiTriStripsData,Unknown Int,PRESENCE,present,ABSENT
NiTriStripsData,Unknown Int 2,PRESENCE,present,ABSENT
NiTriStripsData,Vertex Colors,FIELD_WIDTH_IF_FIXED,16,var(unknown-type)
NiTriStripsData,Vertices,FIELD_WIDTH_IF_FIXED,12,var(unknown-type)
NiUVController,Flags,FIELD_TYPE,Flags,TimeControllerFlags
NiUVController,Flags,FIELD_WIDTH_IF_FIXED,var(unknown-type),2
NiUVController,Texture Set,PRESENCE,ABSENT,present
NiUVController,Unknown Short,PRESENCE,present,ABSENT
NiUVData,UV Groups,FIELD_WIDTH_IF_FIXED,var(KeyGroup contains var),var(unknown-type)
NiVectorExtraData,Extra Data,PRESENCE,ABSENT,present
NiVectorExtraData,Num Bytes,PRESENCE,ABSENT,present
NiVectorExtraData,Unknown Float,PRESENCE,present,ABSENT
NiVectorExtraData,Vector Data,FIELD_TYPE,Vector3,Vector4
NiVectorExtraData,Vector Data,FIELD_WIDTH_IF_FIXED,12,var(unknown-type)
NiVertWeightsExtraData,Extra Data,PRESENCE,ABSENT,present
NiVertWeightsExtraData,Num Bytes,APPLIES_TO_10_1_0_0,True,False
NiVertWeightsExtraData,Num Bytes,INHERITED_FROM,SELF,NiExtraData
NiVertexColorProperty,Flags,FIELD_TYPE,Flags,VertexColorFlags
NiVertexColorProperty,Flags,FIELD_WIDTH_IF_FIXED,var(unknown-type),2
NiVertexColorProperty,Has Old Extra Data,PRESENCE,present,ABSENT
NiVertexColorProperty,Legacy Extra Data,PRESENCE,ABSENT,present
NiVertexColorProperty,Lighting Mode,FIELD_TYPE,LightMode,LightingMode
NiVertexColorProperty,Old Extra Internal Id,PRESENCE,present,ABSENT
NiVertexColorProperty,Old Extra Prop Name,PRESENCE,present,ABSENT
NiVertexColorProperty,Old Extra String,PRESENCE,present,ABSENT
NiVertexColorProperty,Shader Type,PRESENCE,ABSENT,present
NiVertexColorProperty,Skyrim Shader Type,PRESENCE,present,ABSENT
NiVertexColorProperty,Unknown Byte,PRESENCE,present,ABSENT
NiVertexColorProperty,Vertex Mode,FIELD_TYPE,VertMode,SourceVertexMode
NiVisController,Flags,FIELD_TYPE,Flags,TimeControllerFlags
NiVisController,Flags,FIELD_WIDTH_IF_FIXED,var(unknown-type),2
NiVisController,Manager Controlled,PRESENCE,ABSENT,present
NiVisData,Keys,FIELD_WIDTH_IF_FIXED,var(Key contains var),var(unknown-type)
NiWireframeProperty,Flags,FIELD_TYPE,Flags,WireframeFlags
NiWireframeProperty,Flags,FIELD_WIDTH_IF_FIXED,var(unknown-type),2
NiWireframeProperty,Has Old Extra Data,PRESENCE,present,ABSENT
NiWireframeProperty,Legacy Extra Data,PRESENCE,ABSENT,present
NiWireframeProperty,Old Extra Internal Id,PRESENCE,present,ABSENT
NiWireframeProperty,Old Extra Prop Name,PRESENCE,present,ABSENT
NiWireframeProperty,Old Extra String,PRESENCE,present,ABSENT
NiWireframeProperty,Shader Type,PRESENCE,ABSENT,present
NiWireframeProperty,Skyrim Shader Type,PRESENCE,present,ABSENT
NiWireframeProperty,Unknown Byte,PRESENCE,present,ABSENT
NiYAMaterialProperty,Controller,PRESENCE,ABSENT,present
NiYAMaterialProperty,Extra Data,PRESENCE,ABSENT,present
NiYAMaterialProperty,Extra Data List,PRESENCE,ABSENT,present
NiYAMaterialProperty,Legacy Extra Data,PRESENCE,ABSENT,present
NiYAMaterialProperty,Name,PRESENCE,ABSENT,present
NiYAMaterialProperty,Num Extra Data List,PRESENCE,ABSENT,present
NiYAMaterialProperty,Shader Type,PRESENCE,ABSENT,present
NiYAMaterialProperty,Unknown Bytes 1,PRESENCE,ABSENT,present
NiYAMaterialProperty,Unknown Bytes 2,PRESENCE,ABSENT,present
NiYAMaterialProperty,Unknown Float,PRESENCE,ABSENT,present
NiZBufferProperty,Flags,FIELD_TYPE,Flags,ZBufferFlags
NiZBufferProperty,Flags,FIELD_WIDTH_IF_FIXED,var(unknown-type),2
NiZBufferProperty,Function,FIELD_TYPE,ZCompareMode,TestFunction
NiZBufferProperty,Has Old Extra Data,PRESENCE,present,ABSENT
NiZBufferProperty,Legacy Extra Data,PRESENCE,ABSENT,present
NiZBufferProperty,Old Extra Internal Id,PRESENCE,present,ABSENT
NiZBufferProperty,Old Extra Prop Name,PRESENCE,present,ABSENT
NiZBufferProperty,Old Extra String,PRESENCE,present,ABSENT
NiZBufferProperty,Shader Type,PRESENCE,ABSENT,present
NiZBufferProperty,Skyrim Shader Type,PRESENCE,present,ABSENT
NiZBufferProperty,Unknown Byte,PRESENCE,present,ABSENT
RootCollisionNode,Bounding Box,PRESENCE,present,ABSENT
RootCollisionNode,Bounding Volume,PRESENCE,ABSENT,present
RootCollisionNode,Effects,APPLIES_TO_10_1_0_0,True,UNRESOLVED
RootCollisionNode,Has Bounding Box,PRESENCE,present,ABSENT
RootCollisionNode,Has Bounding Volume,PRESENCE,ABSENT,present
RootCollisionNode,Has Old Extra Data,PRESENCE,present,ABSENT
RootCollisionNode,Legacy Extra Data,PRESENCE,ABSENT,present
RootCollisionNode,Num Effects,APPLIES_TO_10_1_0_0,True,UNRESOLVED
RootCollisionNode,Num Properties,APPLIES_TO_10_1_0_0,True,UNRESOLVED
RootCollisionNode,Old Extra Internal Id,PRESENCE,present,ABSENT
RootCollisionNode,Old Extra Prop Name,PRESENCE,present,ABSENT
RootCollisionNode,Old Extra String,PRESENCE,present,ABSENT
RootCollisionNode,Properties,APPLIES_TO_10_1_0_0,True,UNRESOLVED
RootCollisionNode,Rotation,FIELD_WIDTH_IF_FIXED,36,var(unknown-type)
RootCollisionNode,Shader Type,PRESENCE,ABSENT,present
RootCollisionNode,Skyrim Shader Type,PRESENCE,present,ABSENT
RootCollisionNode,Translation,FIELD_WIDTH_IF_FIXED,12,var(unknown-type)
RootCollisionNode,Unknown Byte,PRESENCE,present,ABSENT
RootCollisionNode,Unknown Short 1,PRESENCE,present,ABSENT
RootCollisionNode,Velocity,FIELD_WIDTH_IF_FIXED,12,var(unknown-type)
SkyShaderProperty,Environment Map Scale,APPLIES_TO_10_1_0_0,False,UNRESOLVED
SkyShaderProperty,Flags,PRESENCE,ABSENT,present
SkyShaderProperty,Has Old Extra Data,PRESENCE,present,ABSENT
SkyShaderProperty,Legacy Extra Data,PRESENCE,ABSENT,present
SkyShaderProperty,Old Extra Internal Id,PRESENCE,present,ABSENT
SkyShaderProperty,Old Extra Prop Name,PRESENCE,present,ABSENT
SkyShaderProperty,Old Extra String,PRESENCE,present,ABSENT
SkyShaderProperty,Shader Flags,APPLIES_TO_10_1_0_0,True,UNRESOLVED
SkyShaderProperty,Shader Flags 2,APPLIES_TO_10_1_0_0,True,UNRESOLVED
SkyShaderProperty,Skyrim Shader Type,PRESENCE,present,ABSENT
SkyShaderProperty,Smooth,PRESENCE,present,ABSENT
SkyShaderProperty,Texture Clamp Mode,APPLIES_TO_10_1_0_0,True,UNRESOLVED
SkyShaderProperty,Unknown Byte,PRESENCE,present,ABSENT
TallGrassShaderProperty,Environment Map Scale,APPLIES_TO_10_1_0_0,False,UNRESOLVED
TallGrassShaderProperty,Flags,PRESENCE,ABSENT,present
TallGrassShaderProperty,Has Old Extra Data,PRESENCE,present,ABSENT
TallGrassShaderProperty,Legacy Extra Data,PRESENCE,ABSENT,present
TallGrassShaderProperty,Old Extra Internal Id,PRESENCE,present,ABSENT
TallGrassShaderProperty,Old Extra Prop Name,PRESENCE,present,ABSENT
TallGrassShaderProperty,Old Extra String,PRESENCE,present,ABSENT
TallGrassShaderProperty,Shader Flags,APPLIES_TO_10_1_0_0,True,UNRESOLVED
TallGrassShaderProperty,Shader Flags 2,APPLIES_TO_10_1_0_0,True,UNRESOLVED
TallGrassShaderProperty,Skyrim Shader Type,PRESENCE,present,ABSENT
TallGrassShaderProperty,Smooth,PRESENCE,present,ABSENT
TallGrassShaderProperty,Unknown Byte,PRESENCE,present,ABSENT
TileShaderProperty,Environment Map Scale,APPLIES_TO_10_1_0_0,False,UNRESOLVED
TileShaderProperty,Flags,PRESENCE,ABSENT,present
TileShaderProperty,Has Old Extra Data,PRESENCE,present,ABSENT
TileShaderProperty,Legacy Extra Data,PRESENCE,ABSENT,present
TileShaderProperty,Old Extra Internal Id,PRESENCE,present,ABSENT
TileShaderProperty,Old Extra Prop Name,PRESENCE,present,ABSENT
TileShaderProperty,Old Extra String,PRESENCE,present,ABSENT
TileShaderProperty,Shader Flags,APPLIES_TO_10_1_0_0,True,UNRESOLVED
TileShaderProperty,Shader Flags 2,APPLIES_TO_10_1_0_0,True,UNRESOLVED
TileShaderProperty,Skyrim Shader Type,PRESENCE,present,ABSENT
TileShaderProperty,Smooth,PRESENCE,present,ABSENT
TileShaderProperty,Texture Clamp Mode,APPLIES_TO_10_1_0_0,True,UNRESOLVED
TileShaderProperty,Unknown Byte,PRESENCE,present,ABSENT
VolumetricFogShaderProperty,Environment Map Scale,APPLIES_TO_10_1_0_0,False,UNRESOLVED
VolumetricFogShaderProperty,Flags,PRESENCE,ABSENT,present
VolumetricFogShaderProperty,Has Old Extra Data,PRESENCE,present,ABSENT
VolumetricFogShaderProperty,Legacy Extra Data,PRESENCE,ABSENT,present
VolumetricFogShaderProperty,Old Extra Internal Id,PRESENCE,present,ABSENT
VolumetricFogShaderProperty,Old Extra Prop Name,PRESENCE,present,ABSENT
VolumetricFogShaderProperty,Old Extra String,PRESENCE,present,ABSENT
VolumetricFogShaderProperty,Shader Flags,APPLIES_TO_10_1_0_0,True,UNRESOLVED
VolumetricFogShaderProperty,Shader Flags 2,APPLIES_TO_10_1_0_0,True,UNRESOLVED
VolumetricFogShaderProperty,Skyrim Shader Type,PRESENCE,present,ABSENT
VolumetricFogShaderProperty,Smooth,PRESENCE,present,ABSENT
VolumetricFogShaderProperty,Unknown Byte,PRESENCE,present,ABSENT
WaterShaderProperty,Environment Map Scale,APPLIES_TO_10_1_0_0,False,UNRESOLVED
WaterShaderProperty,Flags,PRESENCE,ABSENT,present
WaterShaderProperty,Has Old Extra Data,PRESENCE,present,ABSENT
WaterShaderProperty,Legacy Extra Data,PRESENCE,ABSENT,present
WaterShaderProperty,Old Extra Internal Id,PRESENCE,present,ABSENT
WaterShaderProperty,Old Extra Prop Name,PRESENCE,present,ABSENT
WaterShaderProperty,Old Extra String,PRESENCE,present,ABSENT
WaterShaderProperty,Shader Flags,APPLIES_TO_10_1_0_0,True,UNRESOLVED
WaterShaderProperty,Shader Flags 2,APPLIES_TO_10_1_0_0,True,UNRESOLVED
WaterShaderProperty,Skyrim Shader Type,PRESENCE,present,ABSENT
WaterShaderProperty,Smooth,PRESENCE,present,ABSENT
WaterShaderProperty,Unknown Byte,PRESENCE,present,ABSENT
bhkAabbPhantom,AABB,PRESENCE,ABSENT,present
bhkAabbPhantom,Havok Col Filter,PRESENCE,present,ABSENT
bhkAabbPhantom,Havok Filter,PRESENCE,ABSENT,present
bhkAabbPhantom,Unknown Int,PRESENCE,ABSENT,present
bhkAabbPhantom,Unknown Ints 1,PRESENCE,present,ABSENT
bhkAabbPhantom,Unused 01,PRESENCE,ABSENT,present
bhkAabbPhantom,World Object Info,PRESENCE,ABSENT,present
bhkBallAndSocketConstraint,Ball and Socket,PRESENCE,present,ABSENT
bhkBallAndSocketConstraint,Constraint,PRESENCE,ABSENT,present
bhkBallAndSocketConstraint,Constraint Info,PRESENCE,ABSENT,present
bhkBallAndSocketConstraint,Entities,PRESENCE,present,ABSENT
bhkBallAndSocketConstraint,Num Entities,PRESENCE,present,ABSENT
bhkBallAndSocketConstraint,Priority,PRESENCE,present,ABSENT
bhkBallSocketConstraintChain,Constraint Chain Info,PRESENCE,ABSENT,present
bhkBallSocketConstraintChain,Constraint Force Mixing,PRESENCE,ABSENT,present
bhkBallSocketConstraintChain,Damping,PRESENCE,ABSENT,present
bhkBallSocketConstraintChain,Floats 1,PRESENCE,present,ABSENT
bhkBallSocketConstraintChain,Links,PRESENCE,present,ABSENT
bhkBallSocketConstraintChain,Links 2,PRESENCE,present,ABSENT
bhkBallSocketConstraintChain,Max Error Distance,PRESENCE,ABSENT,present
bhkBallSocketConstraintChain,Num Floats,PRESENCE,present,ABSENT
bhkBallSocketConstraintChain,Num Links,PRESENCE,present,ABSENT
bhkBallSocketConstraintChain,Num Links 2,PRESENCE,present,ABSENT
bhkBallSocketConstraintChain,Num Pivots,PRESENCE,ABSENT,present
bhkBallSocketConstraintChain,Pivots,PRESENCE,ABSENT,present
bhkBallSocketConstraintChain,Tau,PRESENCE,ABSENT,present
bhkBallSocketConstraintChain,Unknown Float 1,PRESENCE,present,ABSENT
bhkBallSocketConstraintChain,Unknown Float 2,PRESENCE,present,ABSENT
bhkBallSocketConstraintChain,Unknown Int 1,PRESENCE,present,ABSENT
bhkBallSocketConstraintChain,Unknown Int 2,PRESENCE,present,ABSENT
bhkBallSocketConstraintChain,Unknown Int 3,PRESENCE,present,ABSENT
bhkBinaryAction,Entity A,PRESENCE,ABSENT,present
bhkBinaryAction,Entity B,PRESENCE,ABSENT,present
bhkBinaryAction,Unused 01,PRESENCE,ABSENT,present
bhkBlendCollisionObject,Body,LINK_REF_ROLE,Ref->NiObject,Ref->bhkWorldObject
bhkBlendCollisionObject,Flags,FIELD_TYPE,Flags,bhkCOFlags
bhkBlendCollisionObject,Flags,FIELD_WIDTH_IF_FIXED,var(unknown-type),2
bhkBlendCollisionObject,Heir Gain,PRESENCE,ABSENT,present
bhkBlendCollisionObject,Unknown Float 1,APPLIES_TO_10_1_0_0,True,UNRESOLVED
bhkBlendCollisionObject,Unknown Float 2,APPLIES_TO_10_1_0_0,True,UNRESOLVED
bhkBlendCollisionObject,Vel Gain,PRESENCE,ABSENT,present
bhkBlendController,Flags,FIELD_TYPE,Flags,TimeControllerFlags
bhkBlendController,Flags,FIELD_WIDTH_IF_FIXED,var(unknown-type),2
bhkBlendController,Keys,PRESENCE,ABSENT,present
bhkBlendController,Unknown Int,PRESENCE,present,ABSENT
bhkBoxShape,Dimensions,FIELD_WIDTH_IF_FIXED,12,var(unknown-type)
bhkBoxShape,Material,FIELD_WIDTH_IF_FIXED,4,var(unknown-type)
bhkBoxShape,Minimum Size,PRESENCE,present,ABSENT
bhkBoxShape,Radius,INHERITED_FROM,bhkSphereRepShape,bhkConvexShape
bhkBoxShape,Unknown 8 Bytes,PRESENCE,present,ABSENT
bhkBoxShape,Unused 01,PRESENCE,ABSENT,present
bhkBoxShape,Unused Float,PRESENCE,ABSENT,present
bhkBreakableConstraint,Constraint Data,PRESENCE,ABSENT,present
bhkBreakableConstraint,Constraint Info,PRESENCE,ABSENT,present
bhkBreakableConstraint,Entities,PRESENCE,present,ABSENT
bhkBreakableConstraint,Num Entities,PRESENCE,present,ABSENT
bhkBreakableConstraint,Priority,PRESENCE,present,ABSENT
bhkBreakableConstraint,Remove When Broken,PRESENCE,ABSENT,present
bhkBreakableConstraint,Remove if Broken,PRESENCE,present,ABSENT
bhkBreakableConstraint,Sub Constraint,PRESENCE,present,ABSENT
bhkBvTreeShape,Shape,PRESENCE,ABSENT,present
bhkCapsuleShape,First Point,FIELD_WIDTH_IF_FIXED,12,var(unknown-type)
bhkCapsuleShape,Material,FIELD_WIDTH_IF_FIXED,4,var(unknown-type)
bhkCapsuleShape,Radius,INHERITED_FROM,bhkSphereRepShape,bhkConvexShape
bhkCapsuleShape,Second Point,FIELD_WIDTH_IF_FIXED,12,var(unknown-type)
bhkCapsuleShape,Unknown 8 Bytes,PRESENCE,present,ABSENT
bhkCapsuleShape,Unused 01,PRESENCE,ABSENT,present
bhkCollisionObject,Body,LINK_REF_ROLE,Ref->NiObject,Ref->bhkWorldObject
bhkCollisionObject,Flags,FIELD_TYPE,Flags,bhkCOFlags
bhkCollisionObject,Flags,FIELD_WIDTH_IF_FIXED,var(unknown-type),2
bhkCompressedMeshShape,Radius Copy,PRESENCE,ABSENT,present
bhkCompressedMeshShape,Scale,FIELD_TYPE,float,Vector4
bhkCompressedMeshShape,Scale,FIELD_WIDTH_IF_FIXED,4,var(unknown-type)
bhkCompressedMeshShape,Scale Copy,PRESENCE,ABSENT,present
bhkCompressedMeshShape,Unknown 4 Bytes,PRESENCE,present,ABSENT
bhkCompressedMeshShape,Unknown Float 3,PRESENCE,present,ABSENT
bhkCompressedMeshShape,Unknown Float 4,PRESENCE,present,ABSENT
bhkCompressedMeshShape,Unknown Float 5,PRESENCE,present,ABSENT
bhkCompressedMeshShape,Unknown Floats 1,PRESENCE,present,ABSENT
bhkCompressedMeshShape,Unknown Int 1,PRESENCE,present,ABSENT
bhkCompressedMeshShape,User Data,PRESENCE,ABSENT,present
bhkCompressedMeshShapeData,AABB,PRESENCE,ABSENT,present
bhkCompressedMeshShapeData,Big Tris,FIELD_TYPE,bhkCMSDBigTris,bhkCMSBigTri
bhkCompressedMeshShapeData,Big Tris,FIELD_WIDTH_IF_FIXED,12,var(unknown-type)
bhkCompressedMeshShapeData,Big Verts,FIELD_WIDTH_IF_FIXED,16,var(unknown-type)
bhkCompressedMeshShapeData,Bounds Max,PRESENCE,present,ABSENT
bhkCompressedMeshShapeData,Bounds Min,PRESENCE,present,ABSENT
bhkCompressedMeshShapeData,Chunk Materials,FIELD_TYPE,bhkCMSDMaterial,bhkMeshMaterial
bhkCompressedMeshShapeData,Chunk Materials,FIELD_WIDTH_IF_FIXED,8,var(unknown-type)
bhkCompressedMeshShapeData,Chunk Transforms,FIELD_TYPE,bhkCMSDTransform,bhkQsTransform
bhkCompressedMeshShapeData,Chunk Transforms,FIELD_WIDTH_IF_FIXED,32,var(unknown-type)
bhkCompressedMeshShapeData,Chunks,FIELD_TYPE,bhkCMSDChunk,bhkCMSChunk
bhkCompressedMeshShapeData,Chunks,FIELD_WIDTH_IF_FIXED,var(bhkCMSDChunk array),var(unknown-type)
bhkCompressedMeshShapeData,Material Type,PRESENCE,ABSENT,present
bhkCompressedMeshShapeData,Materials 16,PRESENCE,ABSENT,present
bhkCompressedMeshShapeData,Materials 32,PRESENCE,ABSENT,present
bhkCompressedMeshShapeData,Materials 8,PRESENCE,ABSENT,present
bhkCompressedMeshShapeData,Num Convex Piece A,PRESENCE,ABSENT,present
bhkCompressedMeshShapeData,Num Materials 16,PRESENCE,ABSENT,present
bhkCompressedMeshShapeData,Num Materials 32,PRESENCE,ABSENT,present
bhkCompressedMeshShapeData,Num Materials 8,PRESENCE,ABSENT,present
bhkCompressedMeshShapeData,Num Named Materials,PRESENCE,ABSENT,present
bhkCompressedMeshShapeData,Unknown Byte 1,PRESENCE,present,ABSENT
bhkCompressedMeshShapeData,Unknown Byte 2,PRESENCE,present,ABSENT
bhkCompressedMeshShapeData,Unknown Int 12,PRESENCE,present,ABSENT
bhkCompressedMeshShapeData,Unknown Int 3,PRESENCE,present,ABSENT
bhkCompressedMeshShapeData,Unknown Int 4,PRESENCE,present,ABSENT
bhkCompressedMeshShapeData,Unknown Int 5,PRESENCE,present,ABSENT
bhkCompressedMeshShapeData,Unknown Int 6,PRESENCE,present,ABSENT
bhkCompressedMeshShapeData,Welding Type,PRESENCE,ABSENT,present
bhkConstraint,Constraint Info,PRESENCE,ABSENT,present
bhkConstraint,Entities,PRESENCE,present,ABSENT
bhkConstraint,Num Entities,PRESENCE,present,ABSENT
bhkConstraint,Priority,PRESENCE,present,ABSENT
bhkConvexListShape,Child Shape Property,PRESENCE,ABSENT,present
bhkConvexListShape,Closest Point Min Distance,PRESENCE,ABSENT,present
bhkConvexListShape,Material,FIELD_WIDTH_IF_FIXED,4,var(unknown-type)
bhkConvexListShape,Radius,PRESENCE,ABSENT,present
bhkConvexListShape,Sub Shapes,LINK_REF_ROLE,Ref->bhkConvexShape,Ref->bhkConvexShapeBase
bhkConvexListShape,Unknown Byte 1,PRESENCE,present,ABSENT
bhkConvexListShape,Unknown Floats,PRESENCE,present,ABSENT
bhkConvexListShape,Unknown Int 1,PRESENCE,ABSENT,present
bhkConvexListShape,Use Cached AABB,PRESENCE,ABSENT,present
bhkConvexShape,Material,FIELD_WIDTH_IF_FIXED,4,var(unknown-type)
bhkConvexShape,Radius,INHERITED_FROM,bhkSphereRepShape,SELF
bhkConvexSweepShape,Material,PRESENCE,ABSENT,present
bhkConvexSweepShape,Radius,PRESENCE,ABSENT,present
bhkConvexSweepShape,Shape,PRESENCE,ABSENT,present
bhkConvexSweepShape,Unknown,PRESENCE,ABSENT,present
bhkConvexTransformShape,Material,FIELD_WIDTH_IF_FIXED,4,var(unknown-type)
bhkConvexTransformShape,Material,INHERITED_FROM,bhkTransformShape,SELF
bhkConvexTransformShape,Radius,PRESENCE,ABSENT,present
bhkConvexTransformShape,Shape,LINK_REF_ROLE,Ref->bhkShape,Ref->bhkConvexShape
bhkConvexTransformShape,Shape,INHERITED_FROM,bhkTransformShape,SELF
bhkConvexTransformShape,Transform,FIELD_WIDTH_IF_FIXED,64,var(unknown-type)
bhkConvexTransformShape,Transform,INHERITED_FROM,bhkTransformShape,SELF
bhkConvexTransformShape,Unknown 8 Bytes,PRESENCE,present,ABSENT
bhkConvexTransformShape,Unknown Float 1,PRESENCE,present,ABSENT
bhkConvexTransformShape,Unused 01,PRESENCE,ABSENT,present
bhkConvexVerticesShape,Material,FIELD_WIDTH_IF_FIXED,4,var(unknown-type)
bhkConvexVerticesShape,Normals,FIELD_WIDTH_IF_FIXED,16,var(unknown-type)
bhkConvexVerticesShape,Normals Property,PRESENCE,ABSENT,present
bhkConvexVerticesShape,Radius,INHERITED_FROM,bhkSphereRepShape,bhkConvexShape
bhkConvexVerticesShape,Unknown 6 Floats,PRESENCE,present,ABSENT
bhkConvexVerticesShape,Vertices,FIELD_WIDTH_IF_FIXED,16,var(unknown-type)
bhkConvexVerticesShape,Vertices Property,PRESENCE,ABSENT,present
bhkCylinderShape,Cylinder Radius,PRESENCE,ABSENT,present
bhkCylinderShape,Material,PRESENCE,ABSENT,present
bhkCylinderShape,Radius,PRESENCE,ABSENT,present
bhkCylinderShape,Unused 01,PRESENCE,ABSENT,present
bhkCylinderShape,Unused 02,PRESENCE,ABSENT,present
bhkCylinderShape,Vertex A,PRESENCE,ABSENT,present
bhkCylinderShape,Vertex B,PRESENCE,ABSENT,present
bhkEntity,Entity Info,PRESENCE,ABSENT,present
bhkEntity,Havok Col Filter,PRESENCE,present,ABSENT
bhkEntity,Havok Filter,PRESENCE,ABSENT,present
bhkEntity,Unknown Int,PRESENCE,ABSENT,present
bhkEntity,World Object Info,PRESENCE,ABSENT,present
bhkHeightFieldShape,Material,PRESENCE,ABSENT,present
bhkHingeConstraint,Constraint,PRESENCE,ABSENT,present
bhkHingeConstraint,Constraint Info,PRESENCE,ABSENT,present
bhkHingeConstraint,Entities,PRESENCE,present,ABSENT
bhkHingeConstraint,Hinge,PRESENCE,present,ABSENT
bhkHingeConstraint,Num Entities,PRESENCE,present,ABSENT
bhkHingeConstraint,Priority,PRESENCE,present,ABSENT
bhkLimitedHingeConstraint,Constraint,PRESENCE,ABSENT,present
bhkLimitedHingeConstraint,Constraint Info,PRESENCE,ABSENT,present
bhkLimitedHingeConstraint,Entities,PRESENCE,present,ABSENT
bhkLimitedHingeConstraint,Limited Hinge,PRESENCE,present,ABSENT
bhkLimitedHingeConstraint,Num Entities,PRESENCE,present,ABSENT
bhkLimitedHingeConstraint,Priority,PRESENCE,present,ABSENT
bhkLiquidAction,Initial Stick Force,PRESENCE,ABSENT,present
bhkLiquidAction,Neighbor Distance,PRESENCE,ABSENT,present
bhkLiquidAction,Neighbor Strength,PRESENCE,ABSENT,present
bhkLiquidAction,Stick Strength,PRESENCE,ABSENT,present
bhkLiquidAction,Unknown Float 1,PRESENCE,present,ABSENT
bhkLiquidAction,Unknown Float 2,PRESENCE,present,ABSENT
bhkLiquidAction,Unknown Float 3,PRESENCE,present,ABSENT
bhkLiquidAction,Unknown Float 4,PRESENCE,present,ABSENT
bhkLiquidAction,Unknown Int 1,PRESENCE,present,ABSENT
bhkLiquidAction,Unknown Int 2,PRESENCE,present,ABSENT
bhkLiquidAction,Unknown Int 3,PRESENCE,present,ABSENT
bhkLiquidAction,Unused 01,PRESENCE,ABSENT,present
bhkListShape,Child Filter Property,PRESENCE,ABSENT,present
bhkListShape,Child Shape Property,PRESENCE,ABSENT,present
bhkListShape,Filters,PRESENCE,ABSENT,present
bhkListShape,Material,FIELD_WIDTH_IF_FIXED,4,var(unknown-type)
bhkListShape,Num Filters,PRESENCE,ABSENT,present
bhkListShape,Num Unknown Ints,PRESENCE,present,ABSENT
bhkListShape,Unknown Floats,PRESENCE,present,ABSENT
bhkListShape,Unknown Ints,PRESENCE,present,ABSENT
bhkMalleableConstraint,Constraint,PRESENCE,ABSENT,present
bhkMalleableConstraint,Constraint Info,PRESENCE,ABSENT,present
bhkMalleableConstraint,Damping,PRESENCE,present,ABSENT
bhkMalleableConstraint,Entities,PRESENCE,present,ABSENT
bhkMalleableConstraint,Num Entities,PRESENCE,present,ABSENT
bhkMalleableConstraint,Priority,PRESENCE,present,ABSENT
bhkMalleableConstraint,Strength,PRESENCE,present,ABSENT
bhkMalleableConstraint,Sub Constraint,PRESENCE,present,ABSENT
bhkMalleableConstraint,Tau,PRESENCE,present,ABSENT
bhkMeshShape,Num Shape Properties,PRESENCE,ABSENT,present
bhkMeshShape,Num Unknown Floats,PRESENCE,present,ABSENT
bhkMeshShape,Radius,PRESENCE,ABSENT,present
bhkMeshShape,Scale,PRESENCE,ABSENT,present
bhkMeshShape,Shape Properties,PRESENCE,ABSENT,present
bhkMeshShape,Unknown 01,PRESENCE,ABSENT,present
bhkMeshShape,Unknown 02,PRESENCE,ABSENT,present
bhkMeshShape,Unknown 03,PRESENCE,ABSENT,present
bhkMeshShape,Unknown 1,PRESENCE,present,ABSENT
bhkMeshShape,Unknown 2,PRESENCE,present,ABSENT
bhkMeshShape,Unknown Floats,PRESENCE,present,ABSENT
bhkMoppBvTreeShape,Build Type,PRESENCE,present,ABSENT
bhkMoppBvTreeShape,MOPP Code,PRESENCE,ABSENT,present
bhkMoppBvTreeShape,MOPP Data,PRESENCE,present,ABSENT
bhkMoppBvTreeShape,MOPP Data Size,PRESENCE,present,ABSENT
bhkMoppBvTreeShape,Old MOPP Data,PRESENCE,present,ABSENT
bhkMoppBvTreeShape,Origin,PRESENCE,present,ABSENT
bhkMoppBvTreeShape,Shape,INHERITED_FROM,SELF,bhkBvTreeShape
bhkMoppBvTreeShape,Unknown 8 Bytes,PRESENCE,present,ABSENT
bhkMoppBvTreeShape,Unknown Float,PRESENCE,present,ABSENT
bhkMoppBvTreeShape,Unknown Int,PRESENCE,present,ABSENT
bhkMoppBvTreeShape,Unused 01,PRESENCE,ABSENT,present
bhkMultiSphereShape,Material,FIELD_WIDTH_IF_FIXED,4,var(unknown-type)
bhkMultiSphereShape,Radius,PRESENCE,present,ABSENT
bhkMultiSphereShape,Shape Property,PRESENCE,ABSENT,present
bhkMultiSphereShape,Spheres,FIELD_TYPE,SphereBV,NiBound
bhkMultiSphereShape,Spheres,FIELD_WIDTH_IF_FIXED,16,var(unknown-type)
bhkMultiSphereShape,Unknown Float 1,PRESENCE,present,ABSENT
bhkMultiSphereShape,Unknown Float 2,PRESENCE,present,ABSENT
bhkNPCollisionObject,Body ID,PRESENCE,ABSENT,present
bhkNPCollisionObject,Data,PRESENCE,ABSENT,present
bhkNPCollisionObject,Flags,PRESENCE,ABSENT,present
bhkNPCollisionObject,Target,PRESENCE,ABSENT,present
bhkNiCollisionObject,Body,LINK_REF_ROLE,Ref->NiObject,Ref->bhkWorldObject
bhkNiCollisionObject,Flags,FIELD_TYPE,Flags,bhkCOFlags
bhkNiCollisionObject,Flags,FIELD_WIDTH_IF_FIXED,var(unknown-type),2
bhkNiTriStripsShape,Data Layers,PRESENCE,present,ABSENT
bhkNiTriStripsShape,Filters,PRESENCE,ABSENT,present
bhkNiTriStripsShape,Grow By,PRESENCE,ABSENT,present
bhkNiTriStripsShape,Material,FIELD_WIDTH_IF_FIXED,4,var(unknown-type)
bhkNiTriStripsShape,Num Data Layers,PRESENCE,present,ABSENT
bhkNiTriStripsShape,Num Filters,PRESENCE,ABSENT,present
bhkNiTriStripsShape,Radius,PRESENCE,ABSENT,present
bhkNiTriStripsShape,Scale,FIELD_TYPE,Vector3,Vector4
bhkNiTriStripsShape,Scale,FIELD_WIDTH_IF_FIXED,12,var(unknown-type)
bhkNiTriStripsShape,Unknown Float 1,PRESENCE,present,ABSENT
bhkNiTriStripsShape,Unknown Int 1,PRESENCE,present,ABSENT
bhkNiTriStripsShape,Unknown Int 2,PRESENCE,present,ABSENT
bhkNiTriStripsShape,Unknown Int 3,PRESENCE,present,ABSENT
bhkNiTriStripsShape,Unknown Ints 1,PRESENCE,present,ABSENT
bhkNiTriStripsShape,Unused 01,PRESENCE,ABSENT,present
bhkOrientHingedBodyAction,Damping,PRESENCE,ABSENT,present
bhkOrientHingedBodyAction,Entity,PRESENCE,ABSENT,present
bhkOrientHingedBodyAction,Forward LS,PRESENCE,ABSENT,present
bhkOrientHingedBodyAction,Hinge Axis LS,PRESENCE,ABSENT,present
bhkOrientHingedBodyAction,Strength,PRESENCE,ABSENT,present
bhkOrientHingedBodyAction,Unknown Ints 1,PRESENCE,present,ABSENT
bhkOrientHingedBodyAction,Unused 01,PRESENCE,ABSENT,present
bhkOrientHingedBodyAction,Unused 02,PRESENCE,ABSENT,present
bhkOrientHingedBodyAction,Unused 03,PRESENCE,ABSENT,present
bhkPCollisionObject,Body,LINK_REF_ROLE,Ref->NiObject,Ref->bhkWorldObject
bhkPCollisionObject,Flags,FIELD_TYPE,Flags,bhkCOFlags
bhkPCollisionObject,Flags,FIELD_WIDTH_IF_FIXED,var(unknown-type),2
bhkPackedNiTriStripsShape,Radius,PRESENCE,ABSENT,present
bhkPackedNiTriStripsShape,Radius Copy,PRESENCE,ABSENT,present
bhkPackedNiTriStripsShape,Scale,FIELD_TYPE,Vector3,Vector4
bhkPackedNiTriStripsShape,Scale,FIELD_WIDTH_IF_FIXED,12,var(unknown-type)
bhkPackedNiTriStripsShape,Scale Copy,PRESENCE,ABSENT,present
bhkPackedNiTriStripsShape,Scale Copy?,PRESENCE,present,ABSENT
bhkPackedNiTriStripsShape,Sub Shapes,FIELD_TYPE,OblivionSubShape,hkSubPartData
bhkPackedNiTriStripsShape,Sub Shapes,FIELD_WIDTH_IF_FIXED,12,var(unknown-type)
bhkPackedNiTriStripsShape,Unknown Float 1,PRESENCE,present,ABSENT
bhkPackedNiTriStripsShape,Unknown Float 2,PRESENCE,present,ABSENT
bhkPackedNiTriStripsShape,Unknown Float 3,PRESENCE,present,ABSENT
bhkPackedNiTriStripsShape,Unknown Float 4,PRESENCE,present,ABSENT
bhkPackedNiTriStripsShape,Unknown Int 1,PRESENCE,present,ABSENT
bhkPackedNiTriStripsShape,Unknown Int 2,PRESENCE,present,ABSENT
bhkPackedNiTriStripsShape,Unknown Int 3,PRESENCE,present,ABSENT
bhkPackedNiTriStripsShape,Unused 01,PRESENCE,ABSENT,present
bhkPackedNiTriStripsShape,Unused 02,PRESENCE,ABSENT,present
bhkPackedNiTriStripsShape,User Data,PRESENCE,ABSENT,present
bhkPhantom,Havok Col Filter,PRESENCE,present,ABSENT
bhkPhantom,Havok Filter,PRESENCE,ABSENT,present
bhkPhantom,Unknown Int,PRESENCE,ABSENT,present
bhkPhantom,World Object Info,PRESENCE,ABSENT,present
bhkPhysicsSystem,Binary Data,PRESENCE,ABSENT,present
bhkPlaneShape,AABB Center,PRESENCE,ABSENT,present
bhkPlaneShape,AABB Half Extents,PRESENCE,ABSENT,present
bhkPlaneShape,Material,PRESENCE,ABSENT,present
bhkPlaneShape,Plane Constant,PRESENCE,ABSENT,present
bhkPlaneShape,Plane Normal,PRESENCE,ABSENT,present
bhkPlaneShape,Unused 01,PRESENCE,ABSENT,present
bhkPoseArray,Bones,PRESENCE,ABSENT,present
bhkPoseArray,Num Bones,PRESENCE,ABSENT,present
bhkPoseArray,Num Poses,PRESENCE,ABSENT,present
bhkPoseArray,Poses,PRESENCE,ABSENT,present
bhkPrismaticConstraint,Constraint,PRESENCE,ABSENT,present
bhkPrismaticConstraint,Constraint Info,PRESENCE,ABSENT,present
bhkPrismaticConstraint,Entities,PRESENCE,present,ABSENT
bhkPrismaticConstraint,Num Entities,PRESENCE,present,ABSENT
bhkPrismaticConstraint,Priority,PRESENCE,present,ABSENT
bhkPrismaticConstraint,Prismatic,PRESENCE,present,ABSENT
bhkRagdollConstraint,Constraint,PRESENCE,ABSENT,present
bhkRagdollConstraint,Constraint Info,PRESENCE,ABSENT,present
bhkRagdollConstraint,Entities,PRESENCE,present,ABSENT
bhkRagdollConstraint,Num Entities,PRESENCE,present,ABSENT
bhkRagdollConstraint,Priority,PRESENCE,present,ABSENT
bhkRagdollConstraint,Ragdoll,PRESENCE,present,ABSENT
bhkRagdollSystem,Binary Data,PRESENCE,ABSENT,present
bhkRagdollTemplate,Extra Data,PRESENCE,ABSENT,present
bhkRagdollTemplate,Name,INHERITED_FROM,SELF,NiExtraData
bhkRagdollTemplate,Next Extra Data,PRESENCE,ABSENT,present
bhkRagdollTemplate,Num Bones,FIELD_TYPE,int,uint
bhkRagdollTemplate,Num Bytes,PRESENCE,ABSENT,present
bhkRagdollTemplateData,Constraint,FIELD_TYPE,bhkRDTConstraint,bhkWrappedConstraintData
bhkRagdollTemplateData,Constraint,FIELD_WIDTH_IF_FIXED,var(bhkRDTConstraint contains var),var(unknown-type)
bhkRagdollTemplateData,Constraint,ARRAY_RELATION,,array per Num Constraints
bhkRagdollTemplateData,Flag or Num Constraints?,PRESENCE,present,ABSENT
bhkRagdollTemplateData,Friction,PRESENCE,ABSENT,present
bhkRagdollTemplateData,Friction?,PRESENCE,present,ABSENT
bhkRagdollTemplateData,Mass,PRESENCE,ABSENT,present
bhkRagdollTemplateData,Mass?,PRESENCE,present,ABSENT
bhkRagdollTemplateData,Material,PRESENCE,ABSENT,present
bhkRagdollTemplateData,Name,FIELD_TYPE,string,NiFixedString
bhkRagdollTemplateData,Name,FIELD_WIDTH_IF_FIXED,var(u32+),var(unknown-type)
bhkRagdollTemplateData,Num Constraints,PRESENCE,ABSENT,present
bhkRagdollTemplateData,Radius,PRESENCE,ABSENT,present
bhkRagdollTemplateData,Radius?,PRESENCE,present,ABSENT
bhkRagdollTemplateData,Restitution,PRESENCE,ABSENT,present
bhkRagdollTemplateData,Restitution?,PRESENCE,present,ABSENT
bhkRagdollTemplateData,Unknown Int,PRESENCE,present,ABSENT
bhkRigidBody,Angular Damping,PRESENCE,present,ABSENT
bhkRigidBody,Angular Velocity,PRESENCE,present,ABSENT
bhkRigidBody,Body Flags,FIELD_TYPE,ushort,uint
bhkRigidBody,Body Flags,FIELD_WIDTH_IF_FIXED,2,4
bhkRigidBody,Center,PRESENCE,present,ABSENT
bhkRigidBody,Collision Response?,PRESENCE,present,ABSENT
bhkRigidBody,Deactivator Type,PRESENCE,present,ABSENT
bhkRigidBody,Entity Info,PRESENCE,ABSENT,present
bhkRigidBody,Friction,PRESENCE,present,ABSENT
bhkRigidBody,Havok Col Filter,PRESENCE,present,ABSENT
bhkRigidBody,Havok Col Filter Copy,PRESENCE,present,ABSENT
bhkRigidBody,Havok Filter,PRESENCE,ABSENT,present
bhkRigidBody,Inertia,PRESENCE,present,ABSENT
bhkRigidBody,Linear Damping,PRESENCE,present,ABSENT
bhkRigidBody,Linear Velocity,PRESENCE,present,ABSENT
bhkRigidBody,Mass,PRESENCE,present,ABSENT
bhkRigidBody,Max Angular Velocity,PRESENCE,present,ABSENT
bhkRigidBody,Max Linear Velocity,PRESENCE,present,ABSENT
bhkRigidBody,Motion System,PRESENCE,present,ABSENT
bhkRigidBody,Penetration Depth,PRESENCE,present,ABSENT
bhkRigidBody,Process Contact Callback Delay?,PRESENCE,present,ABSENT
bhkRigidBody,Quality Type,PRESENCE,present,ABSENT
bhkRigidBody,Restitution,PRESENCE,present,ABSENT
bhkRigidBody,RollingFrictionMultiplier?,PRESENCE,present,ABSENT
bhkRigidBody,Rotation,PRESENCE,present,ABSENT
bhkRigidBody,Solver Deactivation,PRESENCE,present,ABSENT
bhkRigidBody,Translation,PRESENCE,present,ABSENT
bhkRigidBody,Unknown 2 Shorts,PRESENCE,present,ABSENT
bhkRigidBody,Unknown 3 Ints,PRESENCE,present,ABSENT
bhkRigidBody,Unknown 6 Shorts,PRESENCE,present,ABSENT
bhkRigidBody,Unknown Byte,PRESENCE,present,ABSENT
bhkRigidBody,Unknown Int,PRESENCE,ABSENT,present
bhkRigidBody,Unknown Int 1,PRESENCE,present,ABSENT
bhkRigidBody,Unknown Int 2,PRESENCE,present,ABSENT
bhkRigidBody,Unknown Int 6,PRESENCE,present,ABSENT
bhkRigidBody,Unknown Int 7,PRESENCE,present,ABSENT
bhkRigidBody,Unknown Int 8,PRESENCE,present,ABSENT
bhkRigidBody,Unknown Int 81,PRESENCE,present,ABSENT
bhkRigidBody,Unknown Int 9,PRESENCE,present,ABSENT
bhkRigidBody,Unknown Int 91,PRESENCE,present,ABSENT
bhkRigidBody,Unknown TimeFactor or GravityFactor 1,PRESENCE,present,ABSENT
bhkRigidBody,Unknown TimeFactor or GravityFactor 2,PRESENCE,present,ABSENT
bhkRigidBody,World Object Info,PRESENCE,ABSENT,present
bhkRigidBodyT,Angular Damping,PRESENCE,present,ABSENT
bhkRigidBodyT,Angular Velocity,PRESENCE,present,ABSENT
bhkRigidBodyT,Body Flags,FIELD_TYPE,ushort,uint
bhkRigidBodyT,Body Flags,FIELD_WIDTH_IF_FIXED,2,4
bhkRigidBodyT,Center,PRESENCE,present,ABSENT
bhkRigidBodyT,Collision Response?,PRESENCE,present,ABSENT
bhkRigidBodyT,Deactivator Type,PRESENCE,present,ABSENT
bhkRigidBodyT,Entity Info,PRESENCE,ABSENT,present
bhkRigidBodyT,Friction,PRESENCE,present,ABSENT
bhkRigidBodyT,Havok Col Filter,PRESENCE,present,ABSENT
bhkRigidBodyT,Havok Col Filter Copy,PRESENCE,present,ABSENT
bhkRigidBodyT,Havok Filter,PRESENCE,ABSENT,present
bhkRigidBodyT,Inertia,PRESENCE,present,ABSENT
bhkRigidBodyT,Linear Damping,PRESENCE,present,ABSENT
bhkRigidBodyT,Linear Velocity,PRESENCE,present,ABSENT
bhkRigidBodyT,Mass,PRESENCE,present,ABSENT
bhkRigidBodyT,Max Angular Velocity,PRESENCE,present,ABSENT
bhkRigidBodyT,Max Linear Velocity,PRESENCE,present,ABSENT
bhkRigidBodyT,Motion System,PRESENCE,present,ABSENT
bhkRigidBodyT,Penetration Depth,PRESENCE,present,ABSENT
bhkRigidBodyT,Process Contact Callback Delay?,PRESENCE,present,ABSENT
bhkRigidBodyT,Quality Type,PRESENCE,present,ABSENT
bhkRigidBodyT,Restitution,PRESENCE,present,ABSENT
bhkRigidBodyT,RollingFrictionMultiplier?,PRESENCE,present,ABSENT
bhkRigidBodyT,Rotation,PRESENCE,present,ABSENT
bhkRigidBodyT,Solver Deactivation,PRESENCE,present,ABSENT
bhkRigidBodyT,Translation,PRESENCE,present,ABSENT
bhkRigidBodyT,Unknown 2 Shorts,PRESENCE,present,ABSENT
bhkRigidBodyT,Unknown 3 Ints,PRESENCE,present,ABSENT
bhkRigidBodyT,Unknown 6 Shorts,PRESENCE,present,ABSENT
bhkRigidBodyT,Unknown Byte,PRESENCE,present,ABSENT
bhkRigidBodyT,Unknown Int,PRESENCE,ABSENT,present
bhkRigidBodyT,Unknown Int 1,PRESENCE,present,ABSENT
bhkRigidBodyT,Unknown Int 2,PRESENCE,present,ABSENT
bhkRigidBodyT,Unknown Int 6,PRESENCE,present,ABSENT
bhkRigidBodyT,Unknown Int 7,PRESENCE,present,ABSENT
bhkRigidBodyT,Unknown Int 8,PRESENCE,present,ABSENT
bhkRigidBodyT,Unknown Int 81,PRESENCE,present,ABSENT
bhkRigidBodyT,Unknown Int 9,PRESENCE,present,ABSENT
bhkRigidBodyT,Unknown Int 91,PRESENCE,present,ABSENT
bhkRigidBodyT,Unknown TimeFactor or GravityFactor 1,PRESENCE,present,ABSENT
bhkRigidBodyT,Unknown TimeFactor or GravityFactor 2,PRESENCE,present,ABSENT
bhkRigidBodyT,World Object Info,PRESENCE,ABSENT,present
bhkSPCollisionObject,Body,LINK_REF_ROLE,Ref->NiObject,Ref->bhkWorldObject
bhkSPCollisionObject,Flags,FIELD_TYPE,Flags,bhkCOFlags
bhkSPCollisionObject,Flags,FIELD_WIDTH_IF_FIXED,var(unknown-type),2
bhkShapePhantom,Havok Col Filter,PRESENCE,present,ABSENT
bhkShapePhantom,Havok Filter,PRESENCE,ABSENT,present
bhkShapePhantom,Unknown Int,PRESENCE,ABSENT,present
bhkShapePhantom,World Object Info,PRESENCE,ABSENT,present
bhkSimpleShapePhantom,Havok Col Filter,PRESENCE,present,ABSENT
bhkSimpleShapePhantom,Havok Filter,PRESENCE,ABSENT,present
bhkSimpleShapePhantom,Transform,PRESENCE,ABSENT,present
bhkSimpleShapePhantom,Unknown Float,PRESENCE,present,ABSENT
bhkSimpleShapePhantom,Unknown Floats 2,PRESENCE,present,ABSENT
bhkSimpleShapePhantom,Unknown Int,PRESENCE,ABSENT,present
bhkSimpleShapePhantom,Unkown Floats,PRESENCE,present,ABSENT
bhkSimpleShapePhantom,Unused 01,PRESENCE,ABSENT,present
bhkSimpleShapePhantom,World Object Info,PRESENCE,ABSENT,present
bhkSphereRepShape,Material,FIELD_WIDTH_IF_FIXED,4,var(unknown-type)
bhkSphereRepShape,Radius,PRESENCE,present,ABSENT
bhkSphereShape,Material,FIELD_WIDTH_IF_FIXED,4,var(unknown-type)
bhkSphereShape,Radius,INHERITED_FROM,bhkSphereRepShape,bhkConvexShape
bhkStiffSpringConstraint,Constraint,PRESENCE,ABSENT,present
bhkStiffSpringConstraint,Constraint Info,PRESENCE,ABSENT,present
bhkStiffSpringConstraint,Entities,PRESENCE,present,ABSENT
bhkStiffSpringConstraint,Num Entities,PRESENCE,present,ABSENT
bhkStiffSpringConstraint,Priority,PRESENCE,present,ABSENT
bhkStiffSpringConstraint,StiffSpring,PRESENCE,present,ABSENT
bhkTransformShape,Material,FIELD_WIDTH_IF_FIXED,4,var(unknown-type)
bhkTransformShape,Radius,PRESENCE,ABSENT,present
bhkTransformShape,Transform,FIELD_WIDTH_IF_FIXED,64,var(unknown-type)
bhkTransformShape,Unknown 8 Bytes,PRESENCE,present,ABSENT
bhkTransformShape,Unknown Float 1,PRESENCE,present,ABSENT
bhkTransformShape,Unused 01,PRESENCE,ABSENT,present
bhkUnaryAction,Entity,PRESENCE,ABSENT,present
bhkUnaryAction,Unused 01,PRESENCE,ABSENT,present
bhkWorldObject,Havok Col Filter,PRESENCE,present,ABSENT
bhkWorldObject,Havok Filter,PRESENCE,ABSENT,present
bhkWorldObject,Unknown Int,PRESENCE,ABSENT,present
bhkWorldObject,World Object Info,PRESENCE,ABSENT,present
hkPackedNiTriStripsData,Compressed,PRESENCE,ABSENT,present
hkPackedNiTriStripsData,Compressed Vertices,PRESENCE,ABSENT,present
hkPackedNiTriStripsData,Sub Shapes,FIELD_TYPE,OblivionSubShape,hkSubPartData
hkPackedNiTriStripsData,Sub Shapes,FIELD_WIDTH_IF_FIXED,12,var(unknown-type)
hkPackedNiTriStripsData,Triangles,FIELD_TYPE,hkTriangle,TriangleData
hkPackedNiTriStripsData,Triangles,FIELD_WIDTH_IF_FIXED,20,var(unknown-type)
hkPackedNiTriStripsData,Unknown Byte 1,PRESENCE,present,ABSENT
hkPackedNiTriStripsData,Vertices,FIELD_WIDTH_IF_FIXED,12,var(unknown-type)
