file,subset,frozen_run_closure,old_now,v2_status,status_class,same_closure,changed_boundaries,changed_field_interpretations,old_err,v2_err,dur_old_s,dur_v2_s
101358.nif,train,OK,OK,OK,PASS,True,False,False,,,0.07,0.077
101374.nif,train,OK,OK,OK,PASS,True,False,False,,,0.063,0.066
103241.nif,train,OK,OK,OK,PASS,True,False,False,,,0.012,0.001
103247.nif,train,OK,OK,OK,PASS,True,False,False,,,0.016,0.016
103278.nif,hold,OK,OK,OK,PASS,True,False,False,,,0.016,0.016
103296.nif,hold,OK,OK,OK,PASS,True,False,False,,,0.012,0.012
103328.nif,hold,OK,OK,OK,PASS,True,False,False,,,0.0,0.0
103341.nif,train,OK,OK,OK,PASS,True,False,False,,,0.0,0.016
103357.nif,train,OK,OK,OK,PASS,True,False,False,,,0.0,0.0
103370.nif,hold,OK,OK,OK,PASS,True,False,False,,,0.016,0.0
103383.nif,train,OK,OK,OK,PASS,True,False,False,,,0.0,0.0
103396.nif,train,OK,OK,OK,PASS,True,False,False,,,0.016,0.0
103409.nif,hold,OK,OK,OK,PASS,True,False,False,,,0.0,0.016
103422.nif,train,OK,OK,OK,PASS,True,False,False,,,0.0,0.0
103435.nif,train,OK,OK,OK,PASS,True,False,False,,,0.016,0.0
103698.nif,hold,OK,OK,OK,PASS,True,False,False,,,0.0,0.015
103711.nif,train,OK,OK,OK,PASS,True,False,False,,,0.0,0.0
103724.nif,train,OK,OK,OK,PASS,True,False,False,,,0.0,0.0
103738.nif,hold,OK,OK,OK,PASS,True,False,False,,,0.0,0.0
103751.nif,train,OK,OK,OK,PASS,True,False,False,,,0.016,0.0
103764.nif,train,OK,OK,OK,PASS,True,False,False,,,0.0,0.016
103777.nif,train,OK,OK,OK,PASS,True,False,False,,,0.0,0.0
103790.nif,train,OK,OK,OK,PASS,True,False,False,,,0.016,0.0
103803.nif,train,OK,OK,OK,PASS,True,False,False,,,0.0,0.0
103838.nif,train,OK,OK,OK,PASS,True,False,False,,,0.016,0.0
103852.nif,train,OK,OK,OK,PASS,True,False,False,,,0.0,0.018
103866.nif,hold,OK,OK,OK,PASS,True,False,False,,,0.004,0.004
103879.nif,train,OK,OK,OK,PASS,True,False,False,,,0.004,0.004
103895.nif,train,OK,OK,OK,PASS,True,False,False,,,0.004,0.004
103909.nif,train,OK,OK,OK,PASS,True,False,False,,,0.0,0.0
103922.nif,train,OK,OK,OK,PASS,True,False,False,,,0.014,0.004
103936.nif,train,OK,OK,OK,PASS,True,False,False,,,0.004,0.002
103949.nif,train,OK,OK,OK,PASS,True,False,False,,,0.0,0.0
104014.nif,hold,OK,OK,OK,PASS,True,False,False,,,0.051,0.033
104130.nif,train,OK,OK,OK,PASS,True,False,False,,,0.015,0.016
104154.nif,train,OK,OK,OK,PASS,True,False,False,,,0.014,0.014
104176.nif,train,OK,OK,OK,PASS,True,False,False,,,0.014,0.014
104197.nif,hold,OK,OK,OK,PASS,True,False,False,,,0.013,0.013
104213.nif,train,OK,OK,OK,PASS,True,False,False,,,0.003,0.013
104229.nif,train,OK,OK,OK,PASS,True,False,False,,,0.014,0.014
105623.nif,hold,OK,OK,OK,PASS,True,False,False,,,0.009,0.008
105641.nif,train,OK,OK,OK,PASS,True,False,False,,,0.009,0.009
105660.nif,hold,OK,OK,OK,PASS,True,False,False,,,0.008,0.009
105677.nif,train,OK,OK,OK,PASS,True,False,False,,,0.009,0.009
105694.nif,train,OK,OK,OK,PASS,True,False,False,,,0.009,0.009
105710.nif,train,OK,OK,OK,PASS,True,False,False,,,0.011,0.01
105726.nif,train,OK,OK,OK,PASS,True,False,False,,,0.011,0.013
105746.nif,train,OK,OK,OK,PASS,True,False,False,,,0.011,0.012
105762.nif,train,OK,OK,OK,PASS,True,False,False,,,0.011,0.011
105778.nif,hold,OK,OK,OK,PASS,True,False,False,,,0.012,0.008
105794.nif,train,OK,OK,OK,PASS,True,False,False,,,0.016,0.025
105811.nif,train,OK,OK,OK,PASS,True,False,False,,,0.017,0.016
105828.nif,train,OK,OK,OK,PASS,True,False,False,,,0.016,0.03
105844.nif,train,OK,OK,OK,PASS,True,False,False,,,0.011,0.015
105860.nif,train,OK,OK,OK,PASS,True,False,False,,,0.0,0.0
105876.nif,hold,OK,OK,OK,PASS,True,False,False,,,0.015,0.0
105894.nif,train,OK,OK,OK,PASS,True,False,False,,,0.016,0.015
105911.nif,train,OK,OK,OK,PASS,True,False,False,,,0.0,0.016
105927.nif,train,OK,OK,OK,PASS,True,False,False,,,0.0,0.015
107734.nif,train,OK,OK,OK,PASS,True,False,False,,,0.0,0.016
107749.nif,train,OK,OK,OK,PASS,True,False,False,,,0.0,0.0
108587.nif,train,OK,OK,OK,PASS,True,False,False,,,0.018,0.017
108592.nif,train,OK,OK,OK,PASS,True,False,False,,,0.018,0.022
108597.nif,hold,OK,OK,OK,PASS,True,False,False,,,0.02,0.005
108601.nif,train,OK,OK,OK,PASS,True,False,False,,,0.012,0.012
108605.nif,train,OK,OK,OK,PASS,True,False,False,,,0.013,0.011
108674.nif,hold,OK,OK,OK,PASS,True,False,False,,,0.011,0.011
109106.nif,train,OK,OK,OK,PASS,True,False,False,,,0.029,0.026
109147.nif,train,OK,OK,OK,PASS,True,False,False,,,0.011,0.011
109163.nif,train,OK,OK,OK,PASS,True,False,False,,,0.01,0.011
109179.nif,hold,OK,OK,OK,PASS,True,False,False,,,0.01,0.013
109240.nif,train,OK,OK,OK,PASS,True,False,False,,,0.01,0.01
109378.nif,train,OK,OK,OK,PASS,True,False,False,,,0.013,0.013
109386.nif,train,OK,OK,OK,PASS,True,False,False,,,0.013,0.013
109487.nif,hold,OK,OK,OK,PASS,True,False,False,,,0.011,0.011
109491.nif,train,OK,OK,OK,PASS,True,False,False,,,0.01,0.009
109495.nif,train,OK,OK,OK,PASS,True,False,False,,,0.002,0.014
111124.nif,train,OK,OK,OK,PASS,True,False,False,,,0.016,0.046
111143.nif,hold,OK,OK,OK,PASS,True,False,False,,,0.005,0.015
111160.nif,hold,OK,OK,OK,PASS,True,False,False,,,0.013,0.015
112372.nif,train,OK,OK,OK,PASS,True,False,False,,,0.019,0.019
112894.nif,hold,OK,OK,OK,PASS,True,False,False,,,0.016,0.016
11692.nif,hold,OK,OK,OK,PASS,True,False,False,,,0.003,0.016
117224.nif,train,OK,OK,OK,PASS,True,False,False,,,0.016,0.016
1294.nif,train,OK,OK,OK,PASS,True,False,False,,,0.016,0.016
130198.nif,train,OK,OK,OK,PASS,True,False,False,,,0.016,0.02
130553.nif,train,OK,OK,OK,PASS,True,False,False,,,0.032,0.047
130582.nif,train,OK,OK,OK,PASS,True,False,False,,,0.029,0.041
130637.nif,train,OK,OK,OK,PASS,True,False,False,,,0.023,0.031
130659.nif,train,OK,OK,OK,PASS,True,False,False,,,0.025,0.016
130681.nif,hold,OK,OK,OK,PASS,True,False,False,,,0.032,0.019
130702.nif,hold,OK,OK,OK,PASS,True,False,False,,,0.031,0.031
130750.nif,train,OK,OK,OK,PASS,True,False,False,,,0.031,0.029
130801.nif,train,OK,OK,OK,PASS,True,False,False,,,0.021,0.032
130850.nif,hold,OK,OK,OK,PASS,True,False,False,,,0.036,0.031
130867.nif,train,OK,OK,OK,PASS,True,False,False,,,0.024,0.021
131221.nif,train,OK,OK,OK,PASS,True,False,False,,,0.031,0.041
131242.nif,train,OK,OK,OK,PASS,True,False,False,,,0.031,0.031
131263.nif,hold,OK,OK,OK,PASS,True,False,False,,,0.014,0.016
131834.nif,hold,OK,OK,OK,PASS,True,False,False,,,0.019,0.044
131879.nif,train,OK,OK,OK,PASS,True,False,False,,,0.047,0.041
131895.nif,train,OK,OK,OK,PASS,True,False,False,,,0.031,0.032
131911.nif,train,OK,OK,OK,PASS,True,False,False,,,0.032,0.034
131929.nif,train,OK,OK,OK,PASS,True,False,False,,,0.031,0.031
131945.nif,train,OK,OK,OK,PASS,True,False,False,,,0.031,0.031
131960.nif,train,OK,OK,OK,PASS,True,False,False,,,0.019,0.031
131979.nif,hold,OK,OK,OK,PASS,True,False,False,,,0.035,0.015
131995.nif,hold,OK,OK,OK,PASS,True,False,False,,,0.016,0.016
132012.nif,train,OK,OK,OK,PASS,True,False,False,,,0.02,0.031
136182.nif,train,OK,OK,OK,PASS,True,False,False,,,0.016,0.016
136191.nif,hold,OK,OK,OK,PASS,True,False,False,,,0.016,0.016
14135.nif,train,OK,OK,OK,PASS,True,False,False,,,0.108,0.109
142101.nif,train,OK,OK,OK,PASS,True,False,False,,,0.031,0.047
142575.nif,train,OK,OK,OK,PASS,True,False,False,,,0.094,0.099
143003.nif,train,OK,OK,OK,PASS,True,False,False,,,0.025,0.022
143009.nif,train,OK,OK,OK,PASS,True,False,False,,,0.027,0.027
143013.nif,train,OK,OK,OK,PASS,True,False,False,,,0.015,0.027
143021.nif,hold,OK,OK,OK,PASS,True,False,False,,,0.031,0.034
143209.nif,train,OK,OK,OK,PASS,True,False,False,,,0.083,0.087
143570.nif,hold,OK,OK,OK,PASS,True,False,False,,,0.015,0.016
146571.nif,train,OK,OK,OK,PASS,True,False,False,,,0.075,0.063
146634.nif,train,OK,OK,OK,PASS,True,False,False,,,0.233,0.218
15522.nif,train,OK,OK,OK,PASS,True,False,False,,,0.001,0.001
155494.nif,train,OK,OK,OK,PASS,True,False,False,,,0.001,0.0
155495.nif,hold,OK,OK,OK,PASS,True,False,False,,,0.027,0.032
155496.nif,train,OK,OK,OK,PASS,True,False,False,,,0.0,0.0
15936.nif,train,OK,OK,OK,PASS,True,False,False,,,0.05,0.043
16161.nif,train,OK,OK,OK,PASS,True,False,False,,,0.053,0.047
16163.nif,hold,OK,OK,OK,PASS,True,False,False,,,0.028,0.054
16178.nif,train,OK,OK,OK,PASS,True,False,False,,,0.023,0.016
16180.nif,hold,OK,OK,OK,PASS,True,False,False,,,0.035,0.025
16182.nif,hold,OK,OK,OK,PASS,True,False,False,,,0.018,0.019
16201.nif,train,OK,OK,OK,PASS,True,False,False,,,0.019,0.018
16231.nif,hold,OK,OK,OK,PASS,True,False,False,,,0.018,0.004
16233.nif,train,OK,OK,OK,PASS,True,False,False,,,0.022,0.021
16263.nif,hold,OK,OK,OK,PASS,True,False,False,,,0.021,0.023
16265.nif,train,OK,OK,OK,PASS,True,False,False,,,0.026,0.025
16273.nif,train,OK,OK,OK,PASS,True,False,False,,,0.03,0.032
16315.nif,hold,OK,OK,OK,PASS,True,False,False,,,0.031,0.039
16317.nif,train,OK,OK,OK,PASS,True,False,False,,,0.023,0.03
16343.nif,train,OK,OK,OK,PASS,True,False,False,,,0.009,0.026
16424.nif,train,OK,OK,OK,PASS,True,False,False,,,0.019,0.009
165196.nif,train,OK,OK,OK,PASS,True,False,False,,,0.033,0.02
165263.nif,train,OK,OK,OK,PASS,True,False,False,,,0.032,0.016
165280.nif,train,OK,OK,OK,PASS,True,False,False,,,0.025,0.031
165296.nif,train,OK,OK,OK,PASS,True,False,False,,,0.02,0.015
165314.nif,train,OK,OK,OK,PASS,True,False,False,,,0.031,0.016
165330.nif,train,OK,OK,OK,PASS,True,False,False,,,0.029,0.016
165347.nif,train,OK,OK,OK,PASS,True,False,False,,,0.016,0.033
165363.nif,train,OK,OK,OK,PASS,True,False,False,,,0.024,0.029
165381.nif,train,OK,OK,OK,PASS,True,False,False,,,0.065,0.048
165398.nif,train,OK,OK,OK,PASS,True,False,False,,,0.023,0.032
165414.nif,train,OK,OK,OK,PASS,True,False,False,,,0.027,0.024
165431.nif,train,OK,OK,OK,PASS,True,False,False,,,0.017,0.03
165452.nif,hold,OK,OK,OK,PASS,True,False,False,,,0.06,0.062
165468.nif,train,OK,OK,OK,PASS,True,False,False,,,0.063,0.057
165485.nif,train,OK,OK,OK,PASS,True,False,False,,,0.058,0.048
166405.nif,train,OK,OK,OK,PASS,True,False,False,,,0.0,0.025
166421.nif,hold,OK,OK,OK,PASS,True,False,False,,,0.01,0.009
166705.nif,train,OK,OK,OK,PASS,True,False,False,,,0.011,0.0
166723.nif,train,OK,OK,OK,PASS,True,False,False,,,0.016,0.016
166741.nif,train,OK,OK,OK,PASS,True,False,False,,,0.016,0.016
166758.nif,train,OK,OK,OK,PASS,True,False,False,,,0.015,0.018
166774.nif,train,OK,OK,OK,PASS,True,False,False,,,0.014,0.017
166790.nif,train,OK,OK,OK,PASS,True,False,False,,,0.01,0.016
166806.nif,train,OK,OK,OK,PASS,True,False,False,,,0.0,0.016
166823.nif,hold,OK,OK,OK,PASS,True,False,False,,,0.016,0.016
166864.nif,train,OK,OK,OK,PASS,True,False,False,,,0.016,0.02
166878.nif,train,OK,OK,OK,PASS,True,False,False,,,0.017,0.017
166897.nif,train,OK,OK,OK,PASS,True,False,False,,,0.0,0.0
167130.nif,train,OK,OK,OK,PASS,True,False,False,,,0.016,0.016
167211.nif,train,OK,OK,OK,PASS,True,False,False,,,0.038,0.015
167222.nif,train,OK,OK,OK,PASS,True,False,False,,,0.031,0.036
167237.nif,train,OK,OK,OK,PASS,True,False,False,,,0.017,0.015
167252.nif,train,OK,OK,OK,PASS,True,False,False,,,0.016,0.016
167267.nif,hold,OK,OK,OK,PASS,True,False,False,,,0.016,0.031
168385.nif,train,OK,OK,OK,PASS,True,False,False,,,0.015,0.0
168512.nif,train,OK,OK,OK,PASS,True,False,False,,,0.0,0.0
168523.nif,hold,OK,OK,OK,PASS,True,False,False,,,0.016,0.016
168533.nif,hold,OK,OK,OK,PASS,True,False,False,,,0.017,0.011
168546.nif,train,OK,OK,OK,PASS,True,False,False,,,0.016,0.0
168553.nif,train,OK,OK,OK,PASS,True,False,False,,,0.0,0.0
168555.nif,train,OK,OK,OK,PASS,True,False,False,,,0.0,0.016
169511.nif,train,OK,OK,OK,PASS,True,False,False,,,0.016,0.016
169583.nif,train,OK,OK,OK,PASS,True,False,False,,,0.016,0.016
169591.nif,train,OK,OK,OK,PASS,True,False,False,,,0.016,0.016
169725.nif,train,OK,OK,OK,PASS,True,False,False,,,0.0,0.0
169850.nif,train,OK,OK,OK,PASS,True,False,False,,,0.02,0.006
170151.nif,train,OK,OK,OK,PASS,True,False,False,,,0.005,0.005
170157.nif,train,OK,OK,OK,PASS,True,False,False,,,0.006,0.002
170160.nif,train,OK,OK,OK,PASS,True,False,False,,,0.0,0.016
170580.nif,train,OK,OK,OK,PASS,True,False,False,,,0.016,0.016
170623.nif,train,OK,OK,OK,PASS,True,False,False,,,0.0,0.0
170714.nif,train,OK,OK,OK,PASS,True,False,False,,,0.0,0.022
170717.nif,train,OK,OK,OK,PASS,True,False,False,,,0.009,0.0
170721.nif,train,OK,OK,OK,PASS,True,False,False,,,0.016,0.0
170725.nif,hold,OK,OK,OK,PASS,True,False,False,,,0.014,0.002
171193.nif,hold,OK,OK,OK,PASS,True,False,False,,,0.0,0.016
171296.nif,hold,OK,OK,OK,PASS,True,False,False,,,0.0,0.016
171498.nif,train,OK,OK,OK,PASS,True,False,False,,,0.0,0.016
171503.nif,train,OK,OK,OK,PASS,True,False,False,,,0.019,0.01
171549.nif,train,OK,OK,OK,PASS,True,False,False,,,0.003,0.003
171594.nif,train,OK,OK,OK,PASS,True,False,False,,,0.007,0.0
171647.nif,train,OK,OK,OK,PASS,True,False,False,,,0.016,0.0
171671.nif,train,OK,OK,OK,PASS,True,False,False,,,0.016,0.0
171673.nif,train,OK,OK,OK,PASS,True,False,False,,,0.016,0.0
172201.nif,train,OK,OK,OK,PASS,True,False,False,,,0.0,0.014
172562.nif,train,OK,OK,OK,PASS,True,False,False,,,0.08,0.091
172608.nif,train,OK,OK,OK,PASS,True,False,False,,,0.016,0.0
172639.nif,train,OK,OK,OK,PASS,True,False,False,,,0.0,0.016
173288.nif,hold,OK,OK,OK,PASS,True,False,False,,,0.135,0.14
174146.nif,train,OK,OK,OK,PASS,True,False,False,,,0.0,0.016
174156.nif,train,OK,OK,OK,PASS,True,False,False,,,0.0,0.0
174995.nif,hold,OK,OK,OK,PASS,True,False,False,,,0.016,0.0
174999.nif,train,OK,OK,OK,PASS,True,False,False,,,0.027,0.015
175002.nif,train,OK,OK,OK,PASS,True,False,False,,,0.0,0.0
175059.nif,train,OK,OK,OK,PASS,True,False,False,,,0.0,0.016
175355.nif,hold,OK,OK,OK,PASS,True,False,False,,,0.016,0.0
175357.nif,train,OK,OK,OK,PASS,True,False,False,,,0.0,0.016
175364.nif,train,OK,OK,OK,PASS,True,False,False,,,0.0,0.012
175367.nif,train,OK,OK,OK,PASS,True,False,False,,,0.009,0.005
175376.nif,train,OK,OK,OK,PASS,True,False,False,,,0.016,0.016
175481.nif,train,OK,OK,OK,PASS,True,False,False,,,0.016,0.016
175525.nif,train,OK,OK,OK,PASS,True,False,False,,,0.016,0.015
175658.nif,hold,OK,OK,OK,PASS,True,False,False,,,0.0,0.0
175793.nif,hold,OK,OK,OK,PASS,True,False,False,,,0.0,0.016
176570.nif,hold,OK,OK,OK,PASS,True,False,False,,,0.031,0.017
176573.nif,train,OK,OK,OK,PASS,True,False,False,,,0.004,0.0
176580.nif,train,OK,OK,OK,PASS,True,False,False,,,0.016,0.0
176583.nif,train,OK,OK,OK,PASS,True,False,False,,,0.0,0.016
176587.nif,hold,OK,OK,OK,PASS,True,False,False,,,0.0,0.0
176595.nif,train,OK,OK,OK,PASS,True,False,False,,,0.016,0.016
179708.nif,train,OK,OK,OK,PASS,True,False,False,,,0.102,0.098
18082.nif,train,OK,OK,OK,PASS,True,False,False,,,0.016,0.016
181191.nif,train,OK,OK,OK,PASS,True,False,False,,,0.016,0.016
181936.nif,train,OK,OK,OK,PASS,True,False,False,,,0.01,0.002
182024.nif,train,OK,OK,OK,PASS,True,False,False,,,0.016,0.0
182048.nif,train,OK,OK,OK,PASS,True,False,False,,,0.0,0.016
182081.nif,hold,OK,OK,OK,PASS,True,False,False,,,0.016,0.017
182100.nif,train,OK,OK,OK,PASS,True,False,False,,,0.01,0.009
182327.nif,hold,OK,OK,OK,PASS,True,False,False,,,0.005,0.016
182351.nif,train,OK,OK,OK,PASS,True,False,False,,,0.016,0.016
182369.nif,hold,OK,OK,OK,PASS,True,False,False,,,0.0,0.016
182447.nif,train,OK,OK,OK,PASS,True,False,False,,,0.031,0.016
182456.nif,train,OK,OK,OK,PASS,True,False,False,,,0.016,0.016
182588.nif,train,OK,OK,OK,PASS,True,False,False,,,0.0,0.016
183540.nif,train,OK,OK,OK,PASS,True,False,False,,,0.027,0.031
183563.nif,train,OK,OK,OK,PASS,True,False,False,,,0.003,0.003
183920.nif,train,OK,OK,OK,PASS,True,False,False,,,0.02,0.02
184015.nif,train,OK,OK,OK,PASS,True,False,False,,,0.016,0.016
184911.nif,train,OK,OK,OK,PASS,True,False,False,,,0.047,0.063
185254.nif,train,OK,OK,OK,PASS,True,False,False,,,0.016,0.016
186069.nif,train,OK,OK,OK,PASS,True,False,False,,,0.031,0.04
186156.nif,train,OK,OK,OK,PASS,True,False,False,,,0.031,0.031
186315.nif,train,OK,OK,OK,PASS,True,False,False,,,0.016,0.01
186448.nif,hold,OK,OK,OK,PASS,True,False,False,,,0.016,0.016
186480.nif,train,OK,OK,OK,PASS,True,False,False,,,0.016,0.019
186702.nif,train,OK,OK,OK,PASS,True,False,False,,,0.01,0.016
186733.nif,train,OK,OK,OK,PASS,True,False,False,,,0.016,0.016
188324.nif,train,OK,OK,OK,PASS,True,False,False,,,0.016,0.018
188328.nif,hold,OK,OK,OK,PASS,True,False,False,,,0.009,0.016
188342.nif,train,OK,OK,OK,PASS,True,False,False,,,0.016,0.0
188356.nif,train,OK,OK,OK,PASS,True,False,False,,,0.004,0.02
189544.nif,train,OK,OK,OK,PASS,True,False,False,,,0.084,0.096
189767.nif,hold,OK,OK,OK,PASS,True,False,False,,,0.031,0.031
189771.nif,hold,OK,OK,OK,PASS,True,False,False,,,0.027,0.031
189774.nif,train,OK,OK,OK,PASS,True,False,False,,,0.033,0.031
189813.nif,train,OK,OK,OK,PASS,True,False,False,,,0.03,0.055
189817.nif,train,OK,OK,OK,PASS,True,False,False,,,0.034,0.031
189844.nif,train,OK,OK,OK,PASS,True,False,False,,,0.031,0.031
189848.nif,hold,OK,OK,OK,PASS,True,False,False,,,0.02,0.031
189877.nif,train,OK,OK,OK,PASS,True,False,False,,,0.015,0.031
189881.nif,train,OK,OK,OK,PASS,True,False,False,,,0.039,0.009
189884.nif,hold,OK,OK,OK,PASS,True,False,False,,,0.016,0.016
189926.nif,hold,OK,OK,OK,PASS,True,False,False,,,0.016,0.016
189930.nif,train,OK,OK,OK,PASS,True,False,False,,,0.016,0.016
189957.nif,train,OK,OK,OK,PASS,True,False,False,,,0.0,0.016
189962.nif,train,OK,OK,OK,PASS,True,False,False,,,0.0,0.019
189966.nif,train,OK,OK,OK,PASS,True,False,False,,,0.006,0.006
190012.nif,train,OK,OK,OK,PASS,True,False,False,,,0.012,0.016
190017.nif,train,OK,OK,OK,PASS,True,False,False,,,0.016,0.016
190049.nif,hold,OK,OK,OK,PASS,True,False,False,,,0.016,0.016
190056.nif,train,OK,OK,OK,PASS,True,False,False,,,0.031,0.031
190059.nif,train,OK,OK,OK,PASS,True,False,False,,,0.016,0.0
190107.nif,train,OK,OK,OK,PASS,True,False,False,,,0.017,0.01
190113.nif,train,OK,OK,OK,PASS,True,False,False,,,0.016,0.016
190116.nif,train,OK,OK,OK,PASS,True,False,False,,,0.015,0.016
190166.nif,train,OK,OK,OK,PASS,True,False,False,,,0.026,0.016
190171.nif,train,OK,OK,OK,PASS,True,False,False,,,0.025,0.023
190175.nif,hold,OK,OK,OK,PASS,True,False,False,,,0.02,0.02
190221.nif,train,OK,OK,OK,PASS,True,False,False,,,0.029,0.029
190225.nif,train,OK,OK,OK,PASS,True,False,False,,,0.029,0.028
190229.nif,train,OK,OK,OK,PASS,True,False,False,,,0.008,0.015
190277.nif,train,OK,OK,OK,PASS,True,False,False,,,0.038,0.033
190282.nif,train,OK,OK,OK,PASS,True,False,False,,,0.063,0.081
190287.nif,train,OK,OK,OK,PASS,True,False,False,,,0.03,0.031
190292.nif,hold,OK,OK,OK,PASS,True,False,False,,,0.016,0.031
190297.nif,train,OK,OK,OK,PASS,True,False,False,,,0.016,0.004
190302.nif,train,OK,OK,OK,PASS,True,False,False,,,0.012,0.016
190307.nif,train,OK,OK,OK,PASS,True,False,False,,,0.008,0.016
190410.nif,train,OK,OK,OK,PASS,True,False,False,,,0.016,0.016
190415.nif,train,OK,OK,OK,PASS,True,False,False,,,0.016,0.018
190420.nif,train,OK,OK,OK,PASS,True,False,False,,,0.019,0.015
190425.nif,train,OK,OK,OK,PASS,True,False,False,,,0.016,0.016
190430.nif,train,OK,OK,OK,PASS,True,False,False,,,0.016,0.0
190505.nif,train,OK,OK,OK,PASS,True,False,False,,,0.01,0.002
190509.nif,train,OK,OK,OK,PASS,True,False,False,,,0.016,0.016
190512.nif,train,OK,OK,OK,PASS,True,False,False,,,0.016,0.016
190552.nif,train,OK,OK,OK,PASS,True,False,False,,,0.0,0.0
191379.nif,hold,OK,OK,OK,PASS,True,False,False,,,0.022,0.007
191417.nif,train,OK,OK,OK,PASS,True,False,False,,,0.028,0.024
191438.nif,train,OK,OK,OK,PASS,True,False,False,,,0.091,0.073
191726.nif,train,OK,OK,OK,PASS,True,False,False,,,0.003,0.0
191729.nif,train,OK,OK,OK,PASS,True,False,False,,,0.016,0.0
191755.nif,train,OK,OK,OK,PASS,True,False,False,,,0.0,0.014
191758.nif,train,OK,OK,OK,PASS,True,False,False,,,0.0,0.016
193271.nif,train,OK,OK,OK,PASS,True,False,False,,,0.016,0.016
193595.nif,hold,OK,OK,OK,PASS,True,False,False,,,0.012,0.016
203563.nif,train,OK,OK,OK,PASS,True,False,False,,,0.02,0.01
209586.nif,hold,OK,OK,OK,PASS,True,False,False,,,0.111,0.098
210182.nif,train,OK,OK,OK,PASS,True,False,False,,,0.046,0.046
210203.nif,train,OK,OK,OK,PASS,True,False,False,,,0.016,0.016
210232.nif,train,OK,OK,OK,PASS,True,False,False,,,0.036,0.031
211481.nif,train,OK,OK,OK,PASS,True,False,False,,,0.031,0.031
216909.nif,train,OK,OK,OK,PASS,True,False,False,,,0.011,0.011
217060.nif,train,OK,OK,OK,PASS,True,False,False,,,0.014,0.001
217103.nif,train,OK,OK,OK,PASS,True,False,False,,,0.0,0.016
218757.nif,train,OK,OK,OK,PASS,True,False,False,,,0.048,0.03
219618.nif,hold,OK,OK,OK,PASS,True,False,False,,,0.0,0.0
219623.nif,hold,OK,OK,OK,PASS,True,False,False,,,0.0,0.0
219626.nif,train,OK,OK,OK,PASS,True,False,False,,,0.0,0.016
219629.nif,train,OK,OK,OK,PASS,True,False,False,,,0.0,0.0
220223.nif,train,OK,OK,OK,PASS,True,False,False,,,0.016,0.016
220248.nif,train,OK,OK,OK,PASS,True,False,False,,,0.047,0.047
221409.nif,train,OK,OK,OK,PASS,True,False,False,,,0.016,0.031
221464.nif,train,OK,OK,OK,PASS,True,False,False,,,0.028,0.017
221465.nif,train,OK,OK,OK,PASS,True,False,False,,,0.035,0.039
221466.nif,train,OK,OK,OK,PASS,True,False,False,,,0.047,0.043
221467.nif,train,OK,OK,OK,PASS,True,False,False,,,0.031,0.047
223622.nif,train,OK,OK,OK,PASS,True,False,False,,,0.016,0.02
223650.nif,train,OK,OK,OK,PASS,True,False,False,,,0.017,0.015
22975.nif,train,OK,OK,OK,PASS,True,False,False,,,0.031,0.016
22979.nif,hold,OK,OK,OK,PASS,True,False,False,,,0.02,0.032
22996.nif,train,OK,OK,OK,PASS,True,False,False,,,0.016,0.014
23096.nif,train,OK,OK,OK,PASS,True,False,False,,,0.01,0.016
23098.nif,train,OK,OK,OK,PASS,True,False,False,,,0.016,0.016
23113.nif,hold,OK,OK,OK,PASS,True,False,False,,,0.022,0.003
23142.nif,train,OK,OK,OK,PASS,True,False,False,,,0.016,0.016
23182.nif,train,OK,OK,OK,PASS,True,False,False,,,0.016,0.013
23184.nif,train,OK,OK,OK,PASS,True,False,False,,,0.007,0.016
23199.nif,hold,OK,OK,OK,PASS,True,False,False,,,0.016,0.016
23639.nif,hold,OK,OK,OK,PASS,True,False,False,,,0.016,0.0
238492.nif,train,OK,OK,OK,PASS,True,False,False,,,0.0,0.0
238702.nif,hold,OK,OK,OK,PASS,True,False,False,,,0.031,0.04
23893.nif,train,OK,OK,OK,PASS,True,False,False,,,0.013,0.013
23895.nif,train,OK,OK,OK,PASS,True,False,False,,,0.009,0.015
23897.nif,train,OK,OK,OK,PASS,True,False,False,,,0.016,0.0
239245.nif,train,OK,OK,OK,PASS,True,False,False,,,0.016,0.016
239249.nif,train,OK,OK,OK,PASS,True,False,False,,,0.0,0.013
239252.nif,train,OK,OK,OK,PASS,True,False,False,,,0.0,0.0
239256.nif,train,OK,OK,OK,PASS,True,False,False,,,0.016,0.0
239259.nif,hold,OK,OK,OK,PASS,True,False,False,,,0.016,0.016
239260.nif,train,OK,OK,OK,PASS,True,False,False,,,0.016,0.0
239263.nif,train,OK,OK,OK,PASS,True,False,False,,,0.0,0.009
239282.nif,train,OK,OK,OK,PASS,True,False,False,,,0.001,0.015
239338.nif,train,OK,OK,OK,PASS,True,False,False,,,0.0,0.0
239341.nif,train,OK,OK,OK,PASS,True,False,False,,,0.016,0.016
239344.nif,train,OK,OK,OK,PASS,True,False,False,,,0.016,0.021
239347.nif,train,OK,OK,OK,PASS,True,False,False,,,0.008,0.0
240121.nif,train,OK,OK,OK,PASS,True,False,False,,,0.016,0.016
240310.nif,train,OK,OK,OK,PASS,True,False,False,,,0.0,0.016
240314.nif,train,OK,OK,OK,PASS,True,False,False,,,0.016,0.0
240317.nif,hold,OK,OK,OK,PASS,True,False,False,,,0.018,0.017
240324.nif,train,OK,OK,OK,PASS,True,False,False,,,0.016,0.016
240327.nif,train,OK,OK,OK,PASS,True,False,False,,,0.016,0.0
240332.nif,train,OK,OK,OK,PASS,True,False,False,,,0.016,0.0
240338.nif,train,OK,OK,OK,PASS,True,False,False,,,0.005,0.005
240343.nif,train,OK,OK,OK,PASS,True,False,False,,,0.003,0.016
240347.nif,hold,OK,OK,OK,PASS,True,False,False,,,0.016,0.0
240352.nif,train,OK,OK,OK,PASS,True,False,False,,,0.0,0.0
240383.nif,hold,OK,OK,OK,PASS,True,False,False,,,0.016,0.02
240404.nif,train,OK,OK,OK,PASS,True,False,False,,,0.0,0.016
240411.nif,train,OK,OK,OK,PASS,True,False,False,,,0.016,0.016
240416.nif,train,OK,OK,OK,PASS,True,False,False,,,0.016,0.016
240419.nif,train,OK,OK,OK,PASS,True,False,False,,,0.016,0.016
240422.nif,hold,OK,OK,OK,PASS,True,False,False,,,0.0,0.0
240751.nif,hold,OK,OK,OK,PASS,True,False,False,,,0.016,0.015
240761.nif,train,OK,OK,OK,PASS,True,False,False,,,0.011,0.016
241652.nif,train,OK,OK,OK,PASS,True,False,False,,,0.0,0.016
241691.nif,hold,OK,OK,OK,PASS,True,False,False,,,0.024,0.012
241721.nif,train,OK,OK,OK,PASS,True,False,False,,,0.005,0.016
241724.nif,hold,OK,OK,OK,PASS,True,False,False,,,0.016,0.016
241742.nif,train,OK,OK,OK,PASS,True,False,False,,,0.016,0.0
241756.nif,train,OK,OK,OK,PASS,True,False,False,,,0.016,0.016
245902.nif,train,OK,OK,OK,PASS,True,False,False,,,0.016,0.016
245945.nif,train,OK,OK,OK,PASS,True,False,False,,,0.02,0.017
245966.nif,train,OK,OK,OK,PASS,True,False,False,,,0.0,0.0
245996.nif,train,OK,OK,OK,PASS,True,False,False,,,0.0,0.016
246.nif,train,OK,OK,OK,PASS,True,False,False,,,0.016,0.019
246009.nif,train,OK,OK,OK,PASS,True,False,False,,,0.0,0.0
246019.nif,hold,OK,OK,OK,PASS,True,False,False,,,0.016,0.031
246023.nif,train,OK,OK,OK,PASS,True,False,False,,,0.0,0.016
246026.nif,train,OK,OK,OK,PASS,True,False,False,,,0.016,0.016
246042.nif,train,OK,OK,OK,PASS,True,False,False,,,0.016,0.016
246050.nif,train,OK,OK,OK,PASS,True,False,False,,,0.016,0.015
246057.nif,hold,OK,OK,OK,PASS,True,False,False,,,0.013,0.006
246065.nif,train,OK,OK,OK,PASS,True,False,False,,,0.016,0.016
246069.nif,train,OK,OK,OK,PASS,True,False,False,,,0.016,0.015
246081.nif,train,OK,OK,OK,PASS,True,False,False,,,0.029,0.017
246084.nif,train,OK,OK,OK,PASS,True,False,False,,,0.017,0.014
246089.nif,train,OK,OK,OK,PASS,True,False,False,,,0.013,0.015
246445.nif,train,OK,OK,OK,PASS,True,False,False,,,0.006,0.006
246453.nif,hold,OK,OK,OK,PASS,True,False,False,,,0.015,0.011
246458.nif,train,OK,OK,OK,PASS,True,False,False,,,0.016,0.016
246465.nif,train,OK,OK,OK,PASS,True,False,False,,,0.016,0.021
246468.nif,train,OK,OK,OK,PASS,True,False,False,,,0.005,0.016
246497.nif,train,OK,OK,OK,PASS,True,False,False,,,0.016,0.016
246500.nif,train,OK,OK,OK,PASS,True,False,False,,,0.012,0.013
246505.nif,train,OK,OK,OK,PASS,True,False,False,,,0.009,0.01
246508.nif,train,OK,OK,OK,PASS,True,False,False,,,0.025,0.02
246519.nif,train,OK,OK,OK,PASS,True,False,False,,,0.021,0.007
246524.nif,train,OK,OK,OK,PASS,True,False,False,,,0.016,0.002
246532.nif,train,OK,OK,OK,PASS,True,False,False,,,0.016,0.017
246535.nif,train,OK,OK,OK,PASS,True,False,False,,,0.004,0.004
246538.nif,train,OK,OK,OK,PASS,True,False,False,,,0.018,0.016
246548.nif,train,OK,OK,OK,PASS,True,False,False,,,0.016,0.016
246642.nif,train,OK,OK,OK,PASS,True,False,False,,,0.017,0.005
246693.nif,train,OK,OK,OK,PASS,True,False,False,,,0.016,0.023
246702.nif,train,OK,OK,OK,PASS,True,False,False,,,0.023,0.014
246708.nif,hold,OK,OK,OK,PASS,True,False,False,,,0.013,0.021
246711.nif,train,OK,OK,OK,PASS,True,False,False,,,0.019,0.019
246761.nif,hold,OK,OK,OK,PASS,True,False,False,,,0.024,0.015
246766.nif,train,OK,OK,OK,PASS,True,False,False,,,0.011,0.011
246771.nif,train,OK,OK,OK,PASS,True,False,False,,,0.016,0.01
246774.nif,train,OK,OK,OK,PASS,True,False,False,,,0.027,0.018
246784.nif,train,OK,OK,OK,PASS,True,False,False,,,0.014,0.014
246791.nif,hold,OK,OK,OK,PASS,True,False,False,,,0.017,0.017
246804.nif,hold,OK,OK,OK,PASS,True,False,False,,,0.018,0.012
246809.nif,train,OK,OK,OK,PASS,True,False,False,,,0.019,0.016
246812.nif,train,OK,OK,OK,PASS,True,False,False,,,0.02,0.009
246817.nif,train,OK,OK,OK,PASS,True,False,False,,,0.016,0.016
246822.nif,train,OK,OK,OK,PASS,True,False,False,,,0.014,0.0
246828.nif,train,OK,OK,OK,PASS,True,False,False,,,0.013,0.012
246833.nif,hold,OK,OK,OK,PASS,True,False,False,,,0.016,0.016
246836.nif,train,OK,OK,OK,PASS,True,False,False,,,0.016,0.016
246839.nif,train,OK,OK,OK,PASS,True,False,False,,,0.024,0.01
246842.nif,hold,OK,OK,OK,PASS,True,False,False,,,0.024,0.032
246845.nif,hold,OK,OK,OK,PASS,True,False,False,,,0.0,0.014
247785.nif,train,OK,OK,OK,PASS,True,False,False,,,0.011,0.012
247788.nif,hold,OK,OK,OK,PASS,True,False,False,,,0.01,0.002
25081.nif,train,FAIL:closure search exhausted,FAIL,FAIL,FAIL,True,,,ArkBlockError: closure search exhausted,ArkBlockError: closure search exhausted,0.299,0.31
255896.nif,hold,OK,OK,OK,PASS,True,False,False,,,0.031,0.031
260149.nif,train,FAIL:EOF,FAIL,FAIL,FAIL,True,,,struct.error: EOF,struct.error: EOF,0.005,0.0
262025.nif,train,OK,OK,OK,PASS,True,False,False,,,0.016,0.016
262056.nif,train,OK,OK,OK,PASS,True,False,False,,,0.0,0.016
26382.nif,train,OK,OK,OK,PASS,True,False,False,,,0.031,0.016
267116.nif,train,OK,OK,OK,PASS,True,False,False,,,0.0,0.016
27667.nif,train,OK,OK,OK,PASS,True,False,False,,,0.016,0.0
27856.nif,train,OK,OK,OK,PASS,True,False,False,,,0.031,0.023
27875.nif,train,OK,OK,OK,PASS,True,False,False,,,0.018,0.016
27876.nif,train,OK,OK,OK,PASS,True,False,False,,,0.079,0.069
27879.nif,hold,OK,OK,OK,PASS,True,False,False,,,0.016,0.0
27880.nif,train,OK,OK,OK,PASS,True,False,False,,,0.008,0.016
27881.nif,hold,OK,OK,OK,PASS,True,False,False,,,0.016,0.016
27882.nif,hold,OK,OK,OK,PASS,True,False,False,,,0.0,0.0
27883.nif,train,OK,OK,OK,PASS,True,False,False,,,0.0,0.016
27884.nif,train,OK,OK,OK,PASS,True,False,False,,,0.016,0.016
27885.nif,hold,OK,OK,OK,PASS,True,False,False,,,0.024,0.016
27886.nif,train,OK,OK,OK,PASS,True,False,False,,,0.016,0.016
27888.nif,train,OK,OK,OK,PASS,True,False,False,,,0.016,0.025
27889.nif,hold,OK,OK,OK,PASS,True,False,False,,,0.002,0.016
27890.nif,train,OK,OK,OK,PASS,True,False,False,,,0.0,0.013
27891.nif,train,OK,OK,OK,PASS,True,False,False,,,0.013,0.013
27892.nif,train,OK,OK,OK,PASS,True,False,False,,,0.011,0.016
27893.nif,train,OK,OK,OK,PASS,True,False,False,,,0.0,0.0
27894.nif,train,OK,OK,OK,PASS,True,False,False,,,0.016,0.0
27895.nif,train,OK,OK,OK,PASS,True,False,False,,,0.047,0.047
27896.nif,train,OK,OK,OK,PASS,True,False,False,,,0.0,0.016
27897.nif,train,OK,OK,OK,PASS,True,False,False,,,0.016,0.016
27898.nif,train,OK,OK,OK,PASS,True,False,False,,,0.016,0.016
27899.nif,train,OK,OK,OK,PASS,True,False,False,,,0.016,0.022
27900.nif,train,OK,OK,OK,PASS,True,False,False,,,0.014,0.005
279182.nif,train,OK,OK,OK,PASS,True,False,False,,,0.016,0.016
279184.nif,train,OK,OK,OK,PASS,True,False,False,,,0.016,0.016
279191.nif,hold,OK,OK,OK,PASS,True,False,False,,,0.0,0.014
279193.nif,train,OK,OK,OK,PASS,True,False,False,,,0.013,0.011
279194.nif,train,OK,OK,OK,PASS,True,False,False,,,0.016,0.016
279195.nif,train,OK,OK,OK,PASS,True,False,False,,,0.025,0.015
279196.nif,hold,OK,OK,OK,PASS,True,False,False,,,0.001,0.0
279198.nif,hold,OK,OK,OK,PASS,True,False,False,,,0.016,0.016
279199.nif,train,OK,OK,OK,PASS,True,False,False,,,0.016,0.021
279200.nif,train,OK,OK,OK,PASS,True,False,False,,,0.023,0.018
280677.nif,train,OK,OK,OK,PASS,True,False,False,,,0.016,0.016
280687.nif,train,OK,OK,OK,PASS,True,False,False,,,0.023,0.016
291482.nif,hold,OK,OK,OK,PASS,True,False,False,,,0.016,0.016
291488.nif,train,OK,OK,OK,PASS,True,False,False,,,0.016,0.016
291600.nif,train,OK,OK,OK,PASS,True,False,False,,,0.016,0.034
291608.nif,train,OK,OK,OK,PASS,True,False,False,,,0.024,0.016
291667.nif,train,OK,OK,OK,PASS,True,False,False,,,0.031,0.031
291672.nif,train,OK,OK,OK,PASS,True,False,False,,,0.016,0.016
291724.nif,train,OK,OK,OK,PASS,True,False,False,,,0.016,0.016
291733.nif,train,OK,OK,OK,PASS,True,False,False,,,0.016,0.016
291737.nif,train,OK,OK,OK,PASS,True,False,False,,,0.016,0.016
291785.nif,hold,OK,OK,OK,PASS,True,False,False,,,0.042,0.016
291790.nif,train,OK,OK,OK,PASS,True,False,False,,,0.016,0.031
295805.nif,train,OK,OK,OK,PASS,True,False,False,,,0.04,0.036
295822.nif,train,OK,OK,OK,PASS,True,False,False,,,0.047,0.039
295874.nif,hold,OK,OK,OK,PASS,True,False,False,,,0.039,0.047
295879.nif,train,OK,OK,OK,PASS,True,False,False,,,0.036,0.047
295932.nif,train,OK,OK,OK,PASS,True,False,False,,,0.047,0.049
295937.nif,train,OK,OK,OK,PASS,True,False,False,,,0.047,0.047
295984.nif,train,OK,OK,OK,PASS,True,False,False,,,0.047,0.046
296003.nif,train,OK,OK,OK,PASS,True,False,False,,,0.093,0.107
296222.nif,train,OK,OK,OK,PASS,True,False,False,,,0.016,0.016
296225.nif,train,OK,OK,OK,PASS,True,False,False,,,0.016,0.016
296228.nif,train,OK,OK,OK,PASS,True,False,False,,,0.016,0.016
296288.nif,train,OK,OK,OK,PASS,True,False,False,,,0.016,0.016
296297.nif,train,OK,OK,OK,PASS,True,False,False,,,0.019,0.01
296370.nif,train,OK,OK,OK,PASS,True,False,False,,,0.004,0.004
296490.nif,hold,OK,OK,OK,PASS,True,False,False,,,0.021,0.031
296508.nif,train,OK,OK,OK,PASS,True,False,False,,,0.014,0.016
296720.nif,hold,OK,OK,OK,PASS,True,False,False,,,0.0,0.016
296737.nif,train,OK,OK,OK,PASS,True,False,False,,,0.0,0.0
296755.nif,train,OK,OK,OK,PASS,True,False,False,,,0.016,0.016
296773.nif,train,OK,OK,OK,PASS,True,False,False,,,0.016,0.016
297139.nif,hold,OK,OK,OK,PASS,True,False,False,,,0.0,0.0
297328.nif,train,OK,OK,OK,PASS,True,False,False,,,0.0,0.006
297336.nif,hold,OK,OK,OK,PASS,True,False,False,,,0.006,0.006
297339.nif,hold,OK,OK,OK,PASS,True,False,False,,,0.008,0.0
297382.nif,train,OK,OK,OK,PASS,True,False,False,,,0.016,0.016
297389.nif,hold,OK,OK,OK,PASS,True,False,False,,,0.016,0.016
297720.nif,train,OK,OK,OK,PASS,True,False,False,,,0.009,0.004
297728.nif,train,OK,OK,OK,PASS,True,False,False,,,0.016,0.016
297734.nif,train,OK,OK,OK,PASS,True,False,False,,,0.027,0.011
297742.nif,train,OK,OK,OK,PASS,True,False,False,,,0.016,0.0
298441.nif,train,OK,OK,OK,PASS,True,False,False,,,0.016,0.027
298595.nif,train,OK,OK,OK,PASS,True,False,False,,,0.008,0.004
298599.nif,train,OK,OK,OK,PASS,True,False,False,,,0.0,0.016
298603.nif,train,OK,OK,OK,PASS,True,False,False,,,0.031,0.031
298607.nif,hold,OK,OK,OK,PASS,True,False,False,,,0.016,0.016
298611.nif,train,OK,OK,OK,PASS,True,False,False,,,0.016,0.0
298618.nif,train,OK,OK,OK,PASS,True,False,False,,,0.0,0.0
298631.nif,train,OK,OK,OK,PASS,True,False,False,,,0.012,0.012
298743.nif,train,OK,OK,OK,PASS,True,False,False,,,0.0,0.0
298746.nif,train,OK,OK,OK,PASS,True,False,False,,,0.016,0.016
298748.nif,train,OK,OK,OK,PASS,True,False,False,,,0.016,0.024
298756.nif,train,OK,OK,OK,PASS,True,False,False,,,0.003,0.016
298799.nif,train,OK,OK,OK,PASS,True,False,False,,,0.031,0.047
298803.nif,train,OK,OK,OK,PASS,True,False,False,,,0.016,0.016
298945.nif,train,OK,OK,OK,PASS,True,False,False,,,0.012,0.011
298949.nif,train,OK,OK,OK,PASS,True,False,False,,,0.002,0.016
299115.nif,train,OK,OK,OK,PASS,True,False,False,,,0.016,0.016
299120.nif,train,OK,OK,OK,PASS,True,False,False,,,0.016,0.016
299125.nif,train,OK,OK,OK,PASS,True,False,False,,,0.016,0.016
299812.nif,train,OK,OK,OK,PASS,True,False,False,,,0.031,0.016
299821.nif,hold,OK,OK,OK,PASS,True,False,False,,,0.016,0.016
299833.nif,train,OK,OK,OK,PASS,True,False,False,,,0.016,0.021
299840.nif,train,OK,OK,OK,PASS,True,False,False,,,0.002,0.016
300179.nif,hold,OK,OK,OK,PASS,True,False,False,,,0.0,0.0
300207.nif,train,OK,OK,OK,PASS,True,False,False,,,0.0,0.016
300297.nif,hold,OK,OK,OK,PASS,True,False,False,,,0.094,0.086
302440.nif,train,OK,OK,OK,PASS,True,False,False,,,0.0,0.0
302501.nif,train,OK,OK,OK,PASS,True,False,False,,,0.047,0.029
302507.nif,train,OK,OK,OK,PASS,True,False,False,,,0.034,0.013
302512.nif,train,OK,OK,OK,PASS,True,False,False,,,0.016,0.016
302517.nif,train,OK,OK,OK,PASS,True,False,False,,,0.027,0.015
302520.nif,train,OK,OK,OK,PASS,True,False,False,,,0.016,0.015
302523.nif,train,OK,OK,OK,PASS,True,False,False,,,0.016,0.016
302526.nif,hold,OK,OK,OK,PASS,True,False,False,,,0.031,0.031
302530.nif,hold,OK,OK,OK,PASS,True,False,False,,,0.043,0.031
302535.nif,train,OK,OK,OK,PASS,True,False,False,,,0.045,0.02
302539.nif,train,OK,OK,OK,PASS,True,False,False,,,0.016,0.0
302542.nif,train,OK,OK,OK,PASS,True,False,False,,,0.016,0.016
302545.nif,train,OK,OK,OK,PASS,True,False,False,,,0.0,0.011
302548.nif,train,OK,OK,OK,PASS,True,False,False,,,0.0,0.016
30269.nif,train,OK,OK,OK,PASS,True,False,False,,,0.031,0.031
303163.nif,train,OK,OK,OK,PASS,True,False,False,,,0.047,0.047
303195.nif,train,OK,OK,OK,PASS,True,False,False,,,0.031,0.016
303202.nif,train,OK,OK,OK,PASS,True,False,False,,,0.016,0.016
303670.nif,train,OK,OK,OK,PASS,True,False,False,,,0.016,0.016
303673.nif,train,OK,OK,OK,PASS,True,False,False,,,0.021,0.014
30451.nif,train,OK,OK,OK,PASS,True,False,False,,,0.01,0.001
30493.nif,train,OK,OK,OK,PASS,True,False,False,,,0.016,0.016
305165.nif,train,OK,OK,OK,PASS,True,False,False,,,0.016,0.028
305169.nif,hold,OK,OK,OK,PASS,True,False,False,,,0.015,0.016
305172.nif,train,OK,OK,OK,PASS,True,False,False,,,0.016,0.016
305212.nif,train,OK,OK,OK,PASS,True,False,False,,,0.016,0.019
305216.nif,train,OK,OK,OK,PASS,True,False,False,,,0.005,0.02
306151.nif,train,OK,OK,OK,PASS,True,False,False,,,0.012,0.0
306156.nif,train,OK,OK,OK,PASS,True,False,False,,,0.0,0.016
306161.nif,train,OK,OK,OK,PASS,True,False,False,,,0.016,0.016
306166.nif,hold,OK,OK,OK,PASS,True,False,False,,,0.016,0.016
306171.nif,hold,OK,OK,OK,PASS,True,False,False,,,0.023,0.013
306176.nif,train,OK,OK,OK,PASS,True,False,False,,,0.003,0.016
306181.nif,train,OK,OK,OK,PASS,True,False,False,,,0.016,0.0
306186.nif,train,OK,OK,OK,PASS,True,False,False,,,0.013,0.014
306191.nif,train,OK,OK,OK,PASS,True,False,False,,,0.009,0.016
30671.nif,train,OK,OK,OK,PASS,True,False,False,,,0.0,0.016
307063.nif,train,OK,OK,OK,PASS,True,False,False,,,0.016,0.016
307068.nif,train,OK,OK,OK,PASS,True,False,False,,,0.022,0.018
307073.nif,train,OK,OK,OK,PASS,True,False,False,,,0.016,0.016
307079.nif,train,OK,OK,OK,PASS,True,False,False,,,0.016,0.031
307336.nif,train,OK,OK,OK,PASS,True,False,False,,,0.016,0.015
307341.nif,train,OK,OK,OK,PASS,True,False,False,,,0.016,0.016
307343.nif,train,OK,OK,OK,PASS,True,False,False,,,0.016,0.028
308902.nif,train,OK,OK,OK,PASS,True,False,False,,,0.011,0.031
30921.nif,train,OK,OK,OK,PASS,True,False,False,,,0.016,0.016
3109.nif,hold,OK,OK,OK,PASS,True,False,False,,,0.02,0.007
31654.nif,hold,OK,OK,OK,PASS,True,False,False,,,0.014,0.013
31657.nif,train,OK,OK,OK,PASS,True,False,False,,,0.0,0.0
317828.nif,train,OK,OK,OK,PASS,True,False,False,,,0.031,0.027
317857.nif,train,OK,OK,OK,PASS,True,False,False,,,0.016,0.016
320786.nif,train,OK,OK,OK,PASS,True,False,False,,,0.042,0.032
321603.nif,train,OK,OK,OK,PASS,True,False,False,,,0.016,0.016
322612.nif,train,OK,OK,OK,PASS,True,False,False,,,0.157,0.146
3234.nif,train,OK,OK,OK,PASS,True,False,False,,,0.0,0.0
3236.nif,hold,OK,OK,OK,PASS,True,False,False,,,0.016,0.0
32479.nif,train,OK,OK,OK,PASS,True,False,False,,,0.03,0.031
327975.nif,train,OK,OK,OK,PASS,True,False,False,,,0.016,0.016
327980.nif,train,OK,OK,OK,PASS,True,False,False,,,0.016,0.016
328004.nif,train,OK,OK,OK,PASS,True,False,False,,,0.016,0.0
328012.nif,hold,OK,OK,OK,PASS,True,False,False,,,0.0,0.0
328016.nif,train,OK,OK,OK,PASS,True,False,False,,,0.013,0.012
328028.nif,train,OK,OK,OK,PASS,True,False,False,,,0.011,0.003
328852.nif,train,OK,OK,OK,PASS,True,False,False,,,0.031,0.031
329635.nif,train,OK,OK,OK,PASS,True,False,False,,,0.015,0.016
33251.nif,train,OK,OK,OK,PASS,True,False,False,,,0.109,0.112
33355.nif,hold,OK,OK,OK,PASS,True,False,False,,,0.016,0.016
336527.nif,train,OK,OK,OK,PASS,True,False,False,,,0.0,0.0
34345.nif,train,OK,OK,OK,PASS,True,False,False,,,0.02,0.006
34366.nif,hold,OK,OK,OK,PASS,True,False,False,,,0.002,0.0
344806.nif,train,OK,OK,OK,PASS,True,False,False,,,0.016,0.016
344825.nif,hold,OK,OK,OK,PASS,True,False,False,,,0.015,0.0
344829.nif,train,OK,OK,OK,PASS,True,False,False,,,0.016,0.016
344832.nif,train,OK,OK,OK,PASS,True,False,False,,,0.016,0.016
344876.nif,train,OK,OK,OK,PASS,True,False,False,,,0.016,0.016
344878.nif,train,OK,OK,OK,PASS,True,False,False,,,0.016,0.032
344887.nif,train,OK,OK,OK,PASS,True,False,False,,,0.0,0.0
344920.nif,hold,OK,OK,OK,PASS,True,False,False,,,0.0,0.016
34522.nif,train,OK,OK,OK,PASS,True,False,False,,,0.0,0.0
34532.nif,train,OK,OK,OK,PASS,True,False,False,,,0.022,0.006
34536.nif,hold,OK,OK,OK,PASS,True,False,False,,,0.006,0.006
34542.nif,hold,OK,OK,OK,PASS,True,False,False,,,0.002,0.0
345583.nif,train,OK,OK,OK,PASS,True,False,False,,,0.086,0.094
346215.nif,train,OK,OK,OK,PASS,True,False,False,,,0.016,0.028
346233.nif,train,OK,OK,OK,PASS,True,False,False,,,0.011,0.031
346236.nif,train,OK,OK,OK,PASS,True,False,False,,,0.016,0.024
346239.nif,train,OK,OK,OK,PASS,True,False,False,,,0.016,0.016
346242.nif,train,OK,OK,OK,PASS,True,False,False,,,0.008,0.008
347129.nif,train,OK,OK,OK,PASS,True,False,False,,,0.145,0.141
347317.nif,train,OK,OK,OK,PASS,True,False,False,,,0.234,0.226
347486.nif,train,OK,OK,OK,PASS,True,False,False,,,0.062,0.078
347707.nif,train,OK,OK,OK,PASS,True,False,False,,,0.022,0.019
348185.nif,train,OK,OK,OK,PASS,True,False,False,,,0.038,0.031
348243.nif,hold,OK,OK,OK,PASS,True,False,False,,,0.047,0.047
348249.nif,train,OK,OK,OK,PASS,True,False,False,,,0.031,0.047
348253.nif,hold,OK,OK,OK,PASS,True,False,False,,,0.033,0.047
349935.nif,train,OK,OK,OK,PASS,True,False,False,,,0.016,0.0
349957.nif,hold,OK,OK,OK,PASS,True,False,False,,,0.032,0.047
349977.nif,train,OK,OK,OK,PASS,True,False,False,,,0.047,0.031
35283.nif,train,OK,OK,OK,PASS,True,False,False,,,0.009,0.0
35288.nif,train,OK,OK,OK,PASS,True,False,False,,,0.016,0.016
35401.nif,train,OK,OK,OK,PASS,True,False,False,,,0.0,0.016
355260.nif,train,OK,OK,OK,PASS,True,False,False,,,0.016,0.016
35527.nif,train,OK,OK,OK,PASS,True,False,False,,,0.0,0.0
355272.nif,train,OK,OK,OK,PASS,True,False,False,,,0.016,0.016
355273.nif,train,OK,OK,OK,PASS,True,False,False,,,0.078,0.079
355274.nif,train,OK,OK,OK,PASS,True,False,False,,,0.073,0.077
355275.nif,train,OK,OK,OK,PASS,True,False,False,,,0.047,0.058
355276.nif,train,OK,OK,OK,PASS,True,False,False,,,0.0,0.0
355277.nif,train,OK,OK,OK,PASS,True,False,False,,,0.031,0.042
355278.nif,train,OK,OK,OK,PASS,True,False,False,,,0.031,0.047
355279.nif,hold,OK,OK,OK,PASS,True,False,False,,,0.028,0.005
355490.nif,hold,OK,OK,OK,PASS,True,False,False,,,0.213,0.204
355491.nif,train,OK,OK,OK,PASS,True,False,False,,,0.068,0.063
355492.nif,train,OK,OK,OK,PASS,True,False,False,,,0.507,0.527
355493.nif,train,OK,OK,OK,PASS,True,False,False,,,0.059,0.063
355494.nif,train,OK,OK,OK,PASS,True,False,False,,,0.062,0.047
355495.nif,train,OK,OK,OK,PASS,True,False,False,,,0.062,0.07
355496.nif,hold,OK,OK,OK,PASS,True,False,False,,,0.094,0.094
355497.nif,train,OK,OK,OK,PASS,True,False,False,,,0.016,0.016
355498.nif,train,OK,OK,OK,PASS,True,False,False,,,0.125,0.11
355499.nif,hold,OK,OK,OK,PASS,True,False,False,,,0.031,0.031
355500.nif,train,OK,OK,OK,PASS,True,False,False,,,0.085,0.093
355501.nif,hold,OK,OK,OK,PASS,True,False,False,,,0.016,0.016
355502.nif,train,OK,OK,OK,PASS,True,False,False,,,0.016,0.016
355503.nif,train,OK,OK,OK,PASS,True,False,False,,,0.188,0.219
355504.nif,train,OK,OK,OK,PASS,True,False,False,,,0.112,0.108
355505.nif,hold,OK,OK,OK,PASS,True,False,False,,,0.095,0.092
355506.nif,train,OK,OK,OK,PASS,True,False,False,,,0.042,0.047
355507.nif,train,OK,OK,OK,PASS,True,False,False,,,0.126,0.125
356327.nif,train,FAIL:closure search exhausted,FAIL,FAIL,FAIL,True,,,ArkBlockError: closure search exhausted,ArkBlockError: closure search exhausted,5.075,4.956
356328.nif,train,OK,OK,OK,PASS,True,False,False,,,0.028,0.016
356330.nif,train,OK,OK,OK,PASS,True,False,False,,,0.031,0.031
356331.nif,train,OK,OK,OK,PASS,True,False,False,,,0.016,0.025
356384.nif,train,OK,OK,OK,PASS,True,False,False,,,0.016,0.016
358253.nif,train,OK,OK,OK,PASS,True,False,False,,,0.027,0.016
360748.nif,train,OK,OK,OK,PASS,True,False,False,,,0.031,0.031
360756.nif,hold,OK,OK,OK,PASS,True,False,False,,,0.031,0.034
362453.nif,train,OK,OK,OK,PASS,True,False,False,,,0.047,0.045
362458.nif,train,OK,OK,OK,PASS,True,False,False,,,0.062,0.047
36276.nif,hold,OK,OK,OK,PASS,True,False,False,,,0.0,0.0
36279.nif,train,OK,OK,OK,PASS,True,False,False,,,0.0,0.0
37551.nif,train,OK,OK,OK,PASS,True,False,False,,,0.016,0.0
377928.nif,train,OK,OK,OK,PASS,True,False,False,,,0.062,0.047
380670.nif,hold,OK,OK,OK,PASS,True,False,False,,,0.006,0.005
380699.nif,train,OK,OK,OK,PASS,True,False,False,,,0.0,0.016
380702.nif,train,OK,OK,OK,PASS,True,False,False,,,0.016,0.0
380866.nif,hold,OK,OK,OK,PASS,True,False,False,,,0.016,0.0
380867.nif,train,FAIL:closure search exhausted,FAIL,FAIL,FAIL,True,,,ArkBlockError: closure search exhausted,ArkBlockError: closure search exhausted,0.281,0.273
380869.nif,hold,OK,OK,OK,PASS,True,False,False,,,0.005,0.004
380871.nif,train,OK,OK,OK,PASS,True,False,False,,,0.006,0.005
380943.nif,train,OK,OK,OK,PASS,True,False,False,,,0.002,0.0
381073.nif,train,OK,OK,OK,PASS,True,False,False,,,0.016,0.016
381081.nif,train,OK,OK,OK,PASS,True,False,False,,,0.016,0.0
381093.nif,hold,OK,OK,OK,PASS,True,False,False,,,0.0,0.0
381096.nif,train,OK,OK,OK,PASS,True,False,False,,,0.016,0.0
381102.nif,hold,OK,OK,OK,PASS,True,False,False,,,0.018,0.005
38117.nif,train,OK,OK,OK,PASS,True,False,False,,,0.006,0.016
38118.nif,train,OK,OK,OK,PASS,True,False,False,,,0.016,0.016
381331.nif,train,OK,OK,OK,PASS,True,False,False,,,0.016,0.016
381343.nif,train,OK,OK,OK,PASS,True,False,False,,,0.014,0.016
38166.nif,train,OK,OK,OK,PASS,True,False,False,,,0.016,0.016
38167.nif,train,OK,OK,OK,PASS,True,False,False,,,0.026,0.011
38168.nif,hold,OK,OK,OK,PASS,True,False,False,,,0.01,0.012
38169.nif,train,OK,OK,OK,PASS,True,False,False,,,0.009,0.0
38170.nif,train,OK,OK,OK,PASS,True,False,False,,,0.016,0.0
38171.nif,hold,OK,OK,OK,PASS,True,False,False,,,0.016,0.016
38172.nif,hold,OK,OK,OK,PASS,True,False,False,,,0.015,0.016
382748.nif,train,OK,OK,OK,PASS,True,False,False,,,0.047,0.047
382773.nif,train,OK,OK,OK,PASS,True,False,False,,,0.04,0.047
382855.nif,train,OK,OK,OK,PASS,True,False,False,,,0.098,0.092
382871.nif,hold,OK,OK,OK,PASS,True,False,False,,,0.126,0.124
382888.nif,train,OK,OK,OK,PASS,True,False,False,,,0.11,0.118
382907.nif,train,OK,OK,OK,PASS,True,False,False,,,0.078,0.078
382925.nif,train,OK,OK,OK,PASS,True,False,False,,,0.172,0.172
382946.nif,hold,OK,OK,OK,PASS,True,False,False,,,1.822,1.841
384415.nif,hold,OK,OK,OK,PASS,True,False,False,,,0.016,0.011
384829.nif,train,OK,OK,OK,PASS,True,False,False,,,0.016,0.031
385021.nif,train,OK,OK,OK,PASS,True,False,False,,,0.078,0.062
38505.nif,train,OK,OK,OK,PASS,True,False,False,,,0.016,0.016
38506.nif,train,OK,OK,OK,PASS,True,False,False,,,0.016,0.016
38507.nif,train,OK,OK,OK,PASS,True,False,False,,,0.016,0.026
385072.nif,hold,OK,OK,OK,PASS,True,False,False,,,0.018,0.031
38508.nif,train,OK,OK,OK,PASS,True,False,False,,,0.016,0.016
385089.nif,train,OK,OK,OK,PASS,True,False,False,,,0.016,0.015
38509.nif,train,OK,OK,OK,PASS,True,False,False,,,0.016,0.016
38510.nif,hold,OK,OK,OK,PASS,True,False,False,,,0.031,0.041
38511.nif,train,OK,OK,OK,PASS,True,False,False,,,0.031,0.016
385354.nif,train,OK,OK,OK,PASS,True,False,False,,,0.046,0.031
385456.nif,train,OK,OK,OK,PASS,True,False,False,,,0.016,0.016
38555.nif,train,OK,OK,OK,PASS,True,False,False,,,0.0,0.016
38556.nif,train,OK,OK,OK,PASS,True,False,False,,,0.016,0.016
38557.nif,hold,OK,OK,OK,PASS,True,False,False,,,0.02,0.009
38558.nif,train,OK,OK,OK,PASS,True,False,False,,,0.015,0.016
38575.nif,train,OK,OK,OK,PASS,True,False,False,,,0.031,0.031
38576.nif,hold,OK,OK,OK,PASS,True,False,False,,,0.009,0.005
38577.nif,train,OK,OK,OK,PASS,True,False,False,,,0.0,0.016
38578.nif,train,OK,OK,OK,PASS,True,False,False,,,0.0,0.016
385788.nif,train,OK,OK,OK,PASS,True,False,False,,,0.069,0.062
38580.nif,hold,OK,OK,OK,PASS,True,False,False,,,0.0,0.016
385806.nif,train,OK,OK,OK,PASS,True,False,False,,,0.079,0.078
386355.nif,train,OK,OK,OK,PASS,True,False,False,,,0.016,0.018
386590.nif,train,OK,OK,OK,PASS,True,False,False,,,0.004,0.004
386629.nif,train,OK,OK,OK,PASS,True,False,False,,,0.003,0.004
386949.nif,train,OK,OK,OK,PASS,True,False,False,,,0.491,0.515
386950.nif,train,OK,OK,OK,PASS,True,False,False,,,0.008,0.005
386951.nif,train,OK,OK,OK,PASS,True,False,False,,,0.016,0.0
386952.nif,hold,OK,OK,OK,PASS,True,False,False,,,0.031,0.016
386953.nif,train,OK,OK,OK,PASS,True,False,False,,,0.02,0.007
387337.nif,train,OK,OK,OK,PASS,True,False,False,,,0.0,0.0
387348.nif,train,OK,OK,OK,PASS,True,False,False,,,0.0,0.016
38750.nif,train,OK,OK,OK,PASS,True,False,False,,,0.0,0.0
38751.nif,train,OK,OK,OK,PASS,True,False,False,,,0.027,0.002
38762.nif,train,OK,OK,OK,PASS,True,False,False,,,0.031,0.016
38763.nif,train,OK,OK,OK,PASS,True,False,False,,,0.031,0.032
38764.nif,train,OK,OK,OK,PASS,True,False,False,,,0.032,0.035
38765.nif,train,OK,OK,OK,PASS,True,False,False,,,0.015,0.016
38766.nif,train,OK,OK,OK,PASS,True,False,False,,,0.034,0.01
38767.nif,hold,OK,OK,OK,PASS,True,False,False,,,0.016,0.016
38768.nif,train,OK,OK,OK,PASS,True,False,False,,,0.016,0.0
38769.nif,train,OK,OK,OK,PASS,True,False,False,,,0.047,0.031
387790.nif,train,OK,OK,OK,PASS,True,False,False,,,0.063,0.073
387957.nif,train,OK,OK,OK,PASS,True,False,False,,,0.016,0.016
387961.nif,train,OK,OK,OK,PASS,True,False,False,,,0.022,0.017
387967.nif,train,OK,OK,OK,PASS,True,False,False,,,0.016,0.016
387971.nif,train,OK,OK,OK,PASS,True,False,False,,,0.015,0.016
387977.nif,hold,FAIL:closure search exhausted,FAIL,FAIL,FAIL,True,,,ArkBlockError: closure search exhausted,ArkBlockError: closure search exhausted,0.266,0.265
387982.nif,train,OK,OK,OK,PASS,True,False,False,,,0.0,0.016
387987.nif,train,OK,OK,OK,PASS,True,False,False,,,0.029,0.009
388084.nif,train,OK,OK,OK,PASS,True,False,False,,,0.0,0.0
388348.nif,train,OK,OK,OK,PASS,True,False,False,,,0.213,0.203
388423.nif,train,OK,OK,OK,PASS,True,False,False,,,0.078,0.078
388440.nif,train,OK,OK,OK,PASS,True,False,False,,,0.031,0.028
388457.nif,train,OK,OK,OK,PASS,True,False,False,,,0.059,0.058
388476.nif,train,OK,OK,OK,PASS,True,False,False,,,0.093,0.109
389512.nif,train,OK,OK,OK,PASS,True,False,False,,,0.035,0.051
389550.nif,train,OK,OK,OK,PASS,True,False,False,,,0.117,0.125
389626.nif,train,OK,OK,OK,PASS,True,False,False,,,0.0,0.016
389632.nif,train,OK,OK,OK,PASS,True,False,False,,,0.0,0.017
389951.nif,train,OK,OK,OK,PASS,True,False,False,,,0.149,0.158
393941.nif,train,OK,OK,OK,PASS,True,False,False,,,0.016,0.016
394756.nif,train,OK,OK,OK,PASS,True,False,False,,,0.031,0.034
394859.nif,train,OK,OK,OK,PASS,True,False,False,,,0.031,0.031
395049.nif,hold,OK,OK,OK,PASS,True,False,False,,,0.436,0.454
395240.nif,train,OK,OK,OK,PASS,True,False,False,,,0.014,0.016
395288.nif,train,OK,OK,OK,PASS,True,False,False,,,0.035,0.018
395345.nif,train,OK,OK,OK,PASS,True,False,False,,,0.016,0.016
395351.nif,train,OK,OK,OK,PASS,True,False,False,,,0.015,0.016
395391.nif,train,OK,OK,OK,PASS,True,False,False,,,0.014,0.031
395447.nif,hold,OK,OK,OK,PASS,True,False,False,,,0.235,0.218
395493.nif,train,OK,OK,OK,PASS,True,False,False,,,0.047,0.047
395523.nif,hold,OK,OK,OK,PASS,True,False,False,,,0.04,0.016
395532.nif,train,OK,OK,OK,PASS,True,False,False,,,0.156,0.14
395542.nif,hold,OK,OK,OK,PASS,True,False,False,,,0.043,0.047
395635.nif,train,OK,OK,OK,PASS,True,False,False,,,0.016,0.016
395640.nif,train,OK,OK,OK,PASS,True,False,False,,,0.079,0.069
395651.nif,train,OK,OK,OK,PASS,True,False,False,,,0.045,0.031
395700.nif,train,OK,OK,OK,PASS,True,False,False,,,0.038,0.016
395706.nif,train,OK,OK,OK,PASS,True,False,False,,,0.047,0.023
395707.nif,hold,OK,OK,OK,PASS,True,False,False,,,0.016,0.016
395790.nif,hold,OK,OK,OK,PASS,True,False,False,,,0.029,0.02
395794.nif,train,OK,OK,OK,PASS,True,False,False,,,0.047,0.047
395798.nif,hold,OK,OK,OK,PASS,True,False,False,,,0.047,0.047
395900.nif,hold,OK,OK,OK,PASS,True,False,False,,,0.016,0.016
395926.nif,train,OK,OK,OK,PASS,True,False,False,,,0.0,0.016
396274.nif,train,OK,OK,OK,PASS,True,False,False,,,0.016,0.016
396282.nif,train,OK,OK,OK,PASS,True,False,False,,,0.027,0.031
396349.nif,train,OK,OK,OK,PASS,True,False,False,,,0.016,0.016
396484.nif,train,OK,OK,OK,PASS,True,False,False,,,0.0,0.016
396551.nif,train,OK,OK,OK,PASS,True,False,False,,,0.016,0.016
396552.nif,train,OK,OK,OK,PASS,True,False,False,,,0.016,0.028
396574.nif,train,OK,OK,OK,PASS,True,False,False,,,0.012,0.0
396756.nif,train,OK,OK,OK,PASS,True,False,False,,,0.016,0.016
397118.nif,train,OK,OK,OK,PASS,True,False,False,,,0.016,0.016
397348.nif,train,OK,OK,OK,PASS,True,False,False,,,0.031,0.016
397354.nif,train,OK,OK,OK,PASS,True,False,False,,,0.025,0.031
397629.nif,train,OK,OK,OK,PASS,True,False,False,,,0.016,0.016
397710.nif,train,OK,OK,OK,PASS,True,False,False,,,0.031,0.031
397723.nif,train,OK,OK,OK,PASS,True,False,False,,,0.07,0.047
398007.nif,train,OK,OK,OK,PASS,True,False,False,,,0.001,0.0
398183.nif,hold,OK,OK,OK,PASS,True,False,False,,,0.031,0.039
401230.nif,train,OK,OK,OK,PASS,True,False,False,,,0.078,0.094
401523.nif,train,OK,OK,OK,PASS,True,False,False,,,0.009,0.034
401550.nif,train,OK,OK,OK,PASS,True,False,False,,,0.067,0.071
401573.nif,train,OK,OK,OK,PASS,True,False,False,,,0.047,0.047
405302.nif,hold,OK,OK,OK,PASS,True,False,False,,,0.04,0.06
405365.nif,train,OK,OK,OK,PASS,True,False,False,,,0.031,0.031
406003.nif,hold,OK,OK,OK,PASS,True,False,False,,,0.013,0.031
406551.nif,hold,OK,OK,OK,PASS,True,False,False,,,0.016,0.016
406562.nif,train,OK,OK,OK,PASS,True,False,False,,,0.019,0.008
406564.nif,hold,OK,OK,OK,PASS,True,False,False,,,0.016,0.016
406567.nif,train,OK,OK,OK,PASS,True,False,False,,,0.016,0.016
406601.nif,train,OK,OK,OK,PASS,True,False,False,,,0.017,0.009
406603.nif,train,OK,OK,OK,PASS,True,False,False,,,0.008,0.007
406606.nif,train,OK,OK,OK,PASS,True,False,False,,,0.016,0.031
406608.nif,train,OK,OK,OK,PASS,True,False,False,,,0.051,0.047
406635.nif,train,OK,OK,OK,PASS,True,False,False,,,0.015,0.029
406686.nif,train,OK,OK,OK,PASS,True,False,False,,,0.016,0.016
406916.nif,hold,OK,OK,OK,PASS,True,False,False,,,0.016,0.016
406925.nif,train,OK,OK,OK,PASS,True,False,False,,,0.012,0.016
406938.nif,train,OK,OK,OK,PASS,True,False,False,,,0.016,0.016
406947.nif,train,OK,OK,OK,PASS,True,False,False,,,0.029,0.017
406955.nif,train,OK,OK,OK,PASS,True,False,False,,,0.016,0.016
406964.nif,train,OK,OK,OK,PASS,True,False,False,,,0.031,0.031
406982.nif,train,OK,OK,OK,PASS,True,False,False,,,0.008,0.016
406991.nif,train,OK,OK,OK,PASS,True,False,False,,,0.016,0.016
406999.nif,train,OK,OK,OK,PASS,True,False,False,,,0.023,0.016
407006.nif,hold,OK,OK,OK,PASS,True,False,False,,,0.016,0.016
407009.nif,hold,OK,OK,OK,PASS,True,False,False,,,0.016,0.016
407012.nif,train,OK,OK,OK,PASS,True,False,False,,,0.016,0.016
407140.nif,train,OK,OK,OK,PASS,True,False,False,,,0.016,0.015
407144.nif,hold,OK,OK,OK,PASS,True,False,False,,,0.016,0.019
407156.nif,train,OK,OK,OK,PASS,True,False,False,,,0.039,0.047
407173.nif,hold,OK,OK,OK,PASS,True,False,False,,,0.045,0.033
407178.nif,train,OK,OK,OK,PASS,True,False,False,,,0.047,0.026
407416.nif,hold,OK,OK,OK,PASS,True,False,False,,,0.031,0.025
41076.nif,train,OK,OK,OK,PASS,True,False,False,,,0.016,0.016
41090.nif,train,OK,OK,OK,PASS,True,False,False,,,0.0,0.0
411802.nif,train,OK,OK,OK,PASS,True,False,False,,,0.092,0.091
411889.nif,train,OK,OK,OK,PASS,True,False,False,,,0.016,0.016
411907.nif,train,OK,OK,OK,PASS,True,False,False,,,0.073,0.095
412169.nif,hold,OK,OK,OK,PASS,True,False,False,,,0.016,0.016
412190.nif,train,OK,OK,OK,PASS,True,False,False,,,0.02,0.016
4123.nif,train,OK,OK,OK,PASS,True,False,False,,,0.016,0.015
41719.nif,train,OK,OK,OK,PASS,True,False,False,,,0.016,0.016
41728.nif,train,OK,OK,OK,PASS,True,False,False,,,0.016,0.016
417846.nif,hold,OK,OK,OK,PASS,True,False,False,,,0.016,0.016
417862.nif,train,OK,OK,OK,PASS,True,False,False,,,0.034,0.02
417881.nif,train,OK,OK,OK,PASS,True,False,False,,,0.031,0.031
417906.nif,train,OK,OK,OK,PASS,True,False,False,,,0.03,0.016
417924.nif,hold,OK,OK,OK,PASS,True,False,False,,,0.031,0.031
417946.nif,train,OK,OK,OK,PASS,True,False,False,,,0.016,0.039
417962.nif,train,OK,OK,OK,PASS,True,False,False,,,0.022,0.031
417991.nif,train,OK,OK,OK,PASS,True,False,False,,,0.016,0.031
418028.nif,train,OK,OK,OK,PASS,True,False,False,,,0.031,0.031
418118.nif,train,OK,OK,OK,PASS,True,False,False,,,0.016,0.016
418146.nif,train,OK,OK,OK,PASS,True,False,False,,,0.016,0.016
41816.nif,hold,OK,OK,OK,PASS,True,False,False,,,0.016,0.024
418162.nif,train,OK,OK,OK,PASS,True,False,False,,,0.007,0.006
418210.nif,hold,OK,OK,OK,PASS,True,False,False,,,0.016,0.031
419152.nif,hold,OK,OK,OK,PASS,True,False,False,,,0.0,0.018
419166.nif,hold,OK,OK,OK,PASS,True,False,False,,,0.009,0.009
419170.nif,train,OK,OK,OK,PASS,True,False,False,,,0.005,0.016
419178.nif,train,OK,OK,OK,PASS,True,False,False,,,0.0,0.0
419362.nif,hold,OK,OK,OK,PASS,True,False,False,,,0.031,0.023
419428.nif,train,OK,OK,OK,PASS,True,False,False,,,0.016,0.016
419625.nif,hold,OK,OK,OK,PASS,True,False,False,,,0.016,0.01
419647.nif,train,OK,OK,OK,PASS,True,False,False,,,0.016,0.016
419655.nif,train,OK,OK,OK,PASS,True,False,False,,,0.033,0.007
419709.nif,train,OK,OK,OK,PASS,True,False,False,,,0.016,0.016
419714.nif,train,OK,OK,OK,PASS,True,False,False,,,0.016,0.0
419719.nif,train,OK,OK,OK,PASS,True,False,False,,,0.016,0.016
420943.nif,train,OK,OK,OK,PASS,True,False,False,,,0.016,0.016
420948.nif,train,OK,OK,OK,PASS,True,False,False,,,0.024,0.014
420958.nif,train,OK,OK,OK,PASS,True,False,False,,,0.011,0.016
422052.nif,train,OK,OK,OK,PASS,True,False,False,,,0.016,0.016
422438.nif,train,OK,OK,OK,PASS,True,False,False,,,0.625,0.625
422499.nif,train,OK,OK,OK,PASS,True,False,False,,,0.078,0.094
422678.nif,hold,OK,OK,OK,PASS,True,False,False,,,0.133,0.125
422705.nif,hold,OK,OK,OK,PASS,True,False,False,,,0.809,0.719
422764.nif,train,OK,OK,OK,PASS,True,False,False,,,0.25,0.25
422794.nif,train,OK,OK,OK,PASS,True,False,False,,,0.109,0.094
422804.nif,train,OK,OK,OK,PASS,True,False,False,,,0.094,0.11
423020.nif,train,OK,OK,OK,PASS,True,False,False,,,0.485,0.515
423167.nif,hold,OK,OK,OK,PASS,True,False,False,,,0.0,0.0
423278.nif,train,OK,OK,OK,PASS,True,False,False,,,0.106,0.109
424512.nif,hold,OK,OK,OK,PASS,True,False,False,,,0.031,0.016
424791.nif,train,OK,OK,OK,PASS,True,False,False,,,0.016,0.016
424793.nif,hold,OK,OK,OK,PASS,True,False,False,,,0.033,0.019
424943.nif,train,OK,OK,OK,PASS,True,False,False,,,0.083,0.094
424963.nif,train,OK,OK,OK,PASS,True,False,False,,,0.078,0.069
424972.nif,train,OK,OK,OK,PASS,True,False,False,,,0.071,0.062
424982.nif,hold,OK,OK,OK,PASS,True,False,False,,,0.063,0.062
424994.nif,train,OK,OK,OK,PASS,True,False,False,,,0.078,0.077
424999.nif,train,OK,OK,OK,PASS,True,False,False,,,0.075,0.097
425004.nif,hold,OK,OK,OK,PASS,True,False,False,,,0.031,0.047
425009.nif,train,OK,OK,OK,PASS,True,False,False,,,0.031,0.036
425035.nif,train,OK,OK,OK,PASS,True,False,False,,,0.019,0.016
425040.nif,train,OK,OK,OK,PASS,True,False,False,,,0.015,0.016
425045.nif,hold,OK,OK,OK,PASS,True,False,False,,,0.047,0.048
425050.nif,train,OK,OK,OK,PASS,True,False,False,,,0.063,0.046
425830.nif,hold,OK,OK,OK,PASS,True,False,False,,,0.016,0.017
427165.nif,train,OK,OK,OK,PASS,True,False,False,,,0.013,0.0
427188.nif,train,OK,OK,OK,PASS,True,False,False,,,0.016,0.015
429203.nif,train,OK,OK,OK,PASS,True,False,False,,,0.031,0.014
430324.nif,train,OK,OK,OK,PASS,True,False,False,,,0.031,0.016
430325.nif,train,OK,OK,OK,PASS,True,False,False,,,0.016,0.016
430326.nif,hold,OK,OK,OK,PASS,True,False,False,,,0.031,0.033
430327.nif,train,OK,OK,OK,PASS,True,False,False,,,0.021,0.016
432073.nif,hold,FAIL:EOF,FAIL,FAIL,FAIL,True,,,struct.error: EOF,struct.error: EOF,0.0,0.0
436223.nif,train,OK,OK,OK,PASS,True,False,False,,,0.047,0.025
436228.nif,train,OK,OK,OK,PASS,True,False,False,,,0.04,0.021
436236.nif,hold,OK,OK,OK,PASS,True,False,False,,,0.031,0.031
436293.nif,train,OK,OK,OK,PASS,True,False,False,,,0.016,0.016
436300.nif,train,OK,OK,OK,PASS,True,False,False,,,0.031,0.051
436345.nif,hold,OK,OK,OK,PASS,True,False,False,,,0.004,0.016
436351.nif,train,OK,OK,OK,PASS,True,False,False,,,0.016,0.018
43738.nif,train,OK,OK,OK,PASS,True,False,False,,,0.091,0.075
437491.nif,train,OK,OK,OK,PASS,True,False,False,,,0.032,0.031
437506.nif,train,OK,OK,OK,PASS,True,False,False,,,0.0,0.016
437693.nif,train,OK,OK,OK,PASS,True,False,False,,,0.031,0.016
437696.nif,train,OK,OK,OK,PASS,True,False,False,,,0.031,0.031
437699.nif,train,OK,OK,OK,PASS,True,False,False,,,0.016,0.031
43828.nif,hold,OK,OK,OK,PASS,True,False,False,,,0.165,0.172
447381.nif,train,OK,OK,OK,PASS,True,False,False,,,0.016,0.015
447385.nif,train,OK,OK,OK,PASS,True,False,False,,,0.016,0.016
45052.nif,train,OK,OK,OK,PASS,True,False,False,,,0.0,0.016
45080.nif,train,OK,OK,OK,PASS,True,False,False,,,0.0,0.016
45233.nif,train,OK,OK,OK,PASS,True,False,False,,,0.02,0.006
45244.nif,train,OK,OK,OK,PASS,True,False,False,,,0.016,0.016
45255.nif,train,OK,OK,OK,PASS,True,False,False,,,0.016,0.017
45312.nif,hold,OK,OK,OK,PASS,True,False,False,,,0.01,0.0
45326.nif,train,OK,OK,OK,PASS,True,False,False,,,0.0,0.016
45338.nif,train,OK,OK,OK,PASS,True,False,False,,,0.016,0.016
45350.nif,hold,OK,OK,OK,PASS,True,False,False,,,0.016,0.016
45388.nif,train,OK,OK,OK,PASS,True,False,False,,,0.016,0.016
45547.nif,train,OK,OK,OK,PASS,True,False,False,,,0.016,0.026
45561.nif,train,OK,OK,OK,PASS,True,False,False,,,0.016,0.011
45570.nif,train,OK,OK,OK,PASS,True,False,False,,,0.016,0.0
45659.nif,train,OK,OK,OK,PASS,True,False,False,,,0.0,0.016
45661.nif,train,OK,OK,OK,PASS,True,False,False,,,0.016,0.0
45663.nif,train,OK,OK,OK,PASS,True,False,False,,,0.019,0.007
45674.nif,train,OK,OK,OK,PASS,True,False,False,,,0.004,0.016
456835.nif,hold,OK,OK,OK,PASS,True,False,False,,,0.088,0.078
45689.nif,train,OK,OK,OK,PASS,True,False,False,,,0.016,0.0
45701.nif,train,OK,OK,OK,PASS,True,False,False,,,0.0,0.014
457476.nif,train,OK,OK,OK,PASS,True,False,False,,,0.015,0.016
457479.nif,train,OK,OK,OK,PASS,True,False,False,,,0.01,0.011
457485.nif,train,OK,OK,OK,PASS,True,False,False,,,0.002,0.003
457501.nif,train,OK,OK,OK,PASS,True,False,False,,,0.056,0.062
457504.nif,train,OK,OK,OK,PASS,True,False,False,,,0.047,0.058
457507.nif,train,OK,OK,OK,PASS,True,False,False,,,0.031,0.016
457510.nif,train,OK,OK,OK,PASS,True,False,False,,,0.046,0.047
457513.nif,train,OK,OK,OK,PASS,True,False,False,,,0.031,0.031
457523.nif,train,OK,OK,OK,PASS,True,False,False,,,0.016,0.011
457532.nif,hold,OK,OK,OK,PASS,True,False,False,,,0.016,0.016
457579.nif,hold,OK,OK,OK,PASS,True,False,False,,,0.048,0.026
457582.nif,train,OK,OK,OK,PASS,True,False,False,,,0.016,0.033
457595.nif,train,OK,OK,OK,PASS,True,False,False,,,0.025,0.031
457610.nif,train,OK,OK,OK,PASS,True,False,False,,,0.036,0.016
457641.nif,train,OK,OK,OK,PASS,True,False,False,,,0.016,0.016
457652.nif,train,OK,OK,OK,PASS,True,False,False,,,0.031,0.047
457699.nif,hold,OK,OK,OK,PASS,True,False,False,,,0.069,0.061
457706.nif,train,OK,OK,OK,PASS,True,False,False,,,0.058,0.078
457709.nif,train,OK,OK,OK,PASS,True,False,False,,,0.1,0.122
457711.nif,hold,OK,OK,OK,PASS,True,False,False,,,0.031,0.035
457715.nif,train,OK,OK,OK,PASS,True,False,False,,,0.031,0.031
457730.nif,train,OK,OK,OK,PASS,True,False,False,,,0.094,0.086
457739.nif,train,OK,OK,OK,PASS,True,False,False,,,0.067,0.062
457743.nif,train,OK,OK,OK,PASS,True,False,False,,,0.015,0.031
457749.nif,hold,OK,OK,OK,PASS,True,False,False,,,0.109,0.094
457755.nif,train,OK,OK,OK,PASS,True,False,False,,,0.0,0.031
457758.nif,train,OK,OK,OK,PASS,True,False,False,,,0.031,0.031
457760.nif,train,OK,OK,OK,PASS,True,False,False,,,0.016,0.016
457793.nif,train,OK,OK,OK,PASS,True,False,False,,,0.016,0.025
457796.nif,train,OK,OK,OK,PASS,True,False,False,,,0.039,0.031
457799.nif,train,OK,OK,OK,PASS,True,False,False,,,0.016,0.016
457812.nif,hold,OK,OK,OK,PASS,True,False,False,,,0.016,0.014
457826.nif,hold,OK,OK,OK,PASS,True,False,False,,,0.011,0.016
45814.nif,train,OK,OK,OK,PASS,True,False,False,,,0.016,0.016
458344.nif,train,OK,OK,OK,PASS,True,False,False,,,0.016,0.016
45872.nif,train,OK,OK,OK,PASS,True,False,False,,,0.0,0.016
45874.nif,train,OK,OK,OK,PASS,True,False,False,,,0.016,0.0
45876.nif,train,OK,OK,OK,PASS,True,False,False,,,0.016,0.016
45878.nif,train,OK,OK,OK,PASS,True,False,False,,,0.0,0.017
458840.nif,train,OK,OK,OK,PASS,True,False,False,,,0.025,0.023
459186.nif,train,OK,OK,OK,PASS,True,False,False,,,0.031,0.025
460591.nif,train,OK,OK,OK,PASS,True,False,False,,,0.016,0.016
460629.nif,train,OK,OK,OK,PASS,True,False,False,,,0.016,0.016
460638.nif,train,OK,OK,OK,PASS,True,False,False,,,0.016,0.016
460647.nif,train,OK,OK,OK,PASS,True,False,False,,,0.031,0.019
460873.nif,train,OK,OK,OK,PASS,True,False,False,,,0.031,0.025
460877.nif,hold,OK,OK,OK,PASS,True,False,False,,,0.016,0.016
46108.nif,train,OK,OK,OK,PASS,True,False,False,,,0.0,0.0
46109.nif,train,OK,OK,OK,PASS,True,False,False,,,0.0,0.0
461622.nif,train,OK,OK,OK,PASS,True,False,False,,,0.0,0.0
463161.nif,train,OK,OK,OK,PASS,True,False,False,,,0.031,0.031
465920.nif,train,OK,OK,OK,PASS,True,False,False,,,0.022,0.009
465924.nif,train,OK,OK,OK,PASS,True,False,False,,,0.009,0.005
465925.nif,train,OK,OK,OK,PASS,True,False,False,,,0.016,0.0
466348.nif,train,OK,OK,OK,PASS,True,False,False,,,0.016,0.0
469318.nif,train,OK,OK,OK,PASS,True,False,False,,,0.016,0.033
469322.nif,hold,OK,OK,OK,PASS,True,False,False,,,0.004,0.016
469325.nif,train,OK,OK,OK,PASS,True,False,False,,,0.0,0.0
469329.nif,train,OK,OK,OK,PASS,True,False,False,,,0.0,0.0
469333.nif,train,OK,OK,OK,PASS,True,False,False,,,0.016,0.016
469337.nif,train,OK,OK,OK,PASS,True,False,False,,,0.031,0.042
469343.nif,train,OK,OK,OK,PASS,True,False,False,,,0.006,0.0
469348.nif,train,OK,OK,OK,PASS,True,False,False,,,0.0,0.0
469351.nif,train,OK,OK,OK,PASS,True,False,False,,,0.016,0.016
469354.nif,train,OK,OK,OK,PASS,True,False,False,,,0.01,0.01
469357.nif,train,OK,OK,OK,PASS,True,False,False,,,0.012,0.002
469360.nif,train,OK,OK,OK,PASS,True,False,False,,,0.016,0.016
469363.nif,train,OK,OK,OK,PASS,True,False,False,,,0.016,0.016
469367.nif,train,OK,OK,OK,PASS,True,False,False,,,0.015,0.016
469372.nif,train,OK,OK,OK,PASS,True,False,False,,,0.016,0.016
469411.nif,hold,OK,OK,OK,PASS,True,False,False,,,0.041,0.031
469424.nif,hold,OK,OK,OK,PASS,True,False,False,,,0.047,0.031
469431.nif,train,OK,OK,OK,PASS,True,False,False,,,0.036,0.022
469438.nif,train,OK,OK,OK,PASS,True,False,False,,,0.016,0.016
469444.nif,train,OK,OK,OK,PASS,True,False,False,,,0.031,0.031
469511.nif,train,OK,OK,OK,PASS,True,False,False,,,0.047,0.031
469516.nif,train,OK,OK,OK,PASS,True,False,False,,,0.016,0.031
469575.nif,train,OK,OK,OK,PASS,True,False,False,,,0.016,0.019
469595.nif,train,OK,OK,OK,PASS,True,False,False,,,0.02,0.002
469613.nif,train,OK,OK,OK,PASS,True,False,False,,,0.016,0.016
469623.nif,hold,OK,OK,OK,PASS,True,False,False,,,0.018,0.0
469629.nif,train,OK,OK,OK,PASS,True,False,False,,,0.014,0.016
469633.nif,train,OK,OK,OK,PASS,True,False,False,,,0.009,0.016
469637.nif,train,OK,OK,OK,PASS,True,False,False,,,0.016,0.015
470068.nif,train,OK,OK,OK,PASS,True,False,False,,,0.055,0.047
470082.nif,hold,OK,OK,OK,PASS,True,False,False,,,0.021,0.031
470632.nif,train,OK,OK,OK,PASS,True,False,False,,,0.031,0.031
470635.nif,hold,OK,OK,OK,PASS,True,False,False,,,0.031,0.026
470637.nif,train,OK,OK,OK,PASS,True,False,False,,,0.027,0.021
470708.nif,train,OK,OK,OK,PASS,True,False,False,,,0.009,0.016
470789.nif,train,OK,OK,OK,PASS,True,False,False,,,0.047,0.043
470836.nif,train,OK,OK,OK,PASS,True,False,False,,,0.031,0.047
470844.nif,train,OK,OK,OK,PASS,True,False,False,,,0.052,0.049
470851.nif,train,OK,OK,OK,PASS,True,False,False,,,0.078,0.094
471361.nif,train,OK,OK,OK,PASS,True,False,False,,,0.033,0.031
471371.nif,train,OK,OK,OK,PASS,True,False,False,,,0.063,0.077
471381.nif,hold,OK,OK,OK,PASS,True,False,False,,,0.042,0.039
471529.nif,hold,OK,OK,OK,PASS,True,False,False,,,0.014,0.012
471532.nif,train,OK,OK,OK,PASS,True,False,False,,,0.006,0.005
471628.nif,hold,OK,OK,OK,PASS,True,False,False,,,0.03,0.02
471632.nif,train,OK,OK,OK,PASS,True,False,False,,,0.071,0.049
471672.nif,hold,OK,OK,OK,PASS,True,False,False,,,0.041,0.045
471694.nif,train,OK,OK,OK,PASS,True,False,False,,,0.035,0.036
471866.nif,train,OK,OK,OK,PASS,True,False,False,,,0.016,0.002
471896.nif,hold,OK,OK,OK,PASS,True,False,False,,,0.02,0.02
471897.nif,train,OK,OK,OK,PASS,True,False,False,,,0.021,0.021
471898.nif,train,OK,OK,OK,PASS,True,False,False,,,0.043,0.058
471919.nif,train,OK,OK,OK,PASS,True,False,False,,,0.016,0.012
471920.nif,train,OK,OK,OK,PASS,True,False,False,,,0.021,0.013
471921.nif,train,OK,OK,OK,PASS,True,False,False,,,0.015,0.015
472845.nif,train,OK,OK,OK,PASS,True,False,False,,,0.014,0.014
472870.nif,train,OK,OK,OK,PASS,True,False,False,,,0.033,0.027
472950.nif,hold,OK,OK,OK,PASS,True,False,False,,,0.008,0.026
473970.nif,train,FAIL:EOF,FAIL,FAIL,FAIL,True,,,struct.error: EOF,struct.error: EOF,0.0,0.0
474333.nif,train,OK,OK,OK,PASS,True,False,False,,,0.029,0.021
4750.nif,train,OK,OK,OK,PASS,True,False,False,,,0.004,0.016
475017.nif,train,OK,OK,OK,PASS,True,False,False,,,0.032,0.027
475022.nif,train,OK,OK,OK,PASS,True,False,False,,,0.037,0.044
475029.nif,hold,OK,OK,OK,PASS,True,False,False,,,0.016,0.016
475035.nif,train,OK,OK,OK,PASS,True,False,False,,,0.023,0.005
475041.nif,train,OK,OK,OK,PASS,True,False,False,,,0.047,0.045
475059.nif,train,OK,OK,OK,PASS,True,False,False,,,0.126,0.158
4785.nif,hold,OK,OK,OK,PASS,True,False,False,,,0.016,0.03
488525.nif,train,OK,OK,OK,PASS,True,False,False,,,0.812,0.781
488540.nif,train,OK,OK,OK,PASS,True,False,False,,,0.029,0.024
488560.nif,train,OK,OK,OK,PASS,True,False,False,,,0.032,0.041
488570.nif,train,OK,OK,OK,PASS,True,False,False,,,0.041,0.04
488579.nif,hold,OK,OK,OK,PASS,True,False,False,,,0.008,0.007
488615.nif,train,OK,OK,OK,PASS,True,False,False,,,0.036,0.038
488627.nif,hold,OK,OK,OK,PASS,True,False,False,,,0.074,0.063
488660.nif,train,OK,OK,OK,PASS,True,False,False,,,0.046,0.057
488661.nif,train,OK,OK,OK,PASS,True,False,False,,,0.016,0.029
488727.nif,train,OK,OK,OK,PASS,True,False,False,,,0.016,0.016
488759.nif,train,OK,OK,OK,PASS,True,False,False,,,0.0,0.016
488765.nif,hold,OK,OK,OK,PASS,True,False,False,,,0.028,0.016
488791.nif,train,OK,OK,OK,PASS,True,False,False,,,0.016,0.018
488806.nif,train,OK,OK,OK,PASS,True,False,False,,,0.04,0.06
488943.nif,train,OK,OK,OK,PASS,True,False,False,,,0.032,0.047
488951.nif,train,OK,OK,OK,PASS,True,False,False,,,0.096,0.084
488971.nif,train,OK,OK,OK,PASS,True,False,False,,,0.024,0.015
488978.nif,train,OK,OK,OK,PASS,True,False,False,,,0.026,0.002
488986.nif,train,OK,OK,OK,PASS,True,False,False,,,0.0,0.01
489031.nif,train,OK,OK,OK,PASS,True,False,False,,,0.955,0.969
489159.nif,train,OK,OK,OK,PASS,True,False,False,,,0.016,0.016
489164.nif,train,OK,OK,OK,PASS,True,False,False,,,0.049,0.048
489236.nif,train,OK,OK,OK,PASS,True,False,False,,,0.022,0.031
489328.nif,train,OK,OK,OK,PASS,True,False,False,,,0.016,0.016
4895.nif,train,OK,OK,OK,PASS,True,False,False,,,0.016,0.016
489643.nif,train,OK,OK,OK,PASS,True,False,False,,,0.062,0.048
489646.nif,hold,OK,OK,OK,PASS,True,False,False,,,0.025,0.025
489648.nif,train,FAIL:closure search exhausted,FAIL,FAIL,FAIL,True,,,ArkBlockError: closure search exhausted,ArkBlockError: closure search exhausted,1.694,1.766
489649.nif,train,OK,OK,OK,PASS,True,False,False,,,0.047,0.055
489650.nif,train,OK,OK,OK,PASS,True,False,False,,,0.047,0.047
489651.nif,train,OK,OK,OK,PASS,True,False,False,,,0.031,0.031
489652.nif,train,OK,OK,OK,PASS,True,False,False,,,0.047,0.062
489709.nif,train,OK,OK,OK,PASS,True,False,False,,,0.016,0.024
489792.nif,train,OK,OK,OK,PASS,True,False,False,,,0.016,0.016
489799.nif,hold,OK,OK,OK,PASS,True,False,False,,,0.047,0.047
489859.nif,hold,OK,OK,OK,PASS,True,False,False,,,0.124,0.136
489863.nif,train,OK,OK,OK,PASS,True,False,False,,,0.033,0.016
489865.nif,train,OK,OK,OK,PASS,True,False,False,,,0.063,0.047
489867.nif,train,OK,OK,OK,PASS,True,False,False,,,0.0,0.016
489868.nif,train,OK,OK,OK,PASS,True,False,False,,,0.016,0.031
489871.nif,train,OK,OK,OK,PASS,True,False,False,,,0.02,0.016
489873.nif,train,OK,OK,OK,PASS,True,False,False,,,0.039,0.031
489877.nif,train,OK,OK,OK,PASS,True,False,False,,,0.016,0.016
489890.nif,train,OK,OK,OK,PASS,True,False,False,,,0.034,0.016
4899.nif,hold,OK,OK,OK,PASS,True,False,False,,,0.016,0.016
489953.nif,train,OK,OK,OK,PASS,True,False,False,,,0.016,0.016
489976.nif,train,OK,OK,OK,PASS,True,False,False,,,0.031,0.016
490002.nif,train,OK,OK,OK,PASS,True,False,False,,,0.016,0.027
490390.nif,train,OK,OK,OK,PASS,True,False,False,,,0.03,0.031
490472.nif,train,OK,OK,OK,PASS,True,False,False,,,0.007,0.008
490489.nif,train,OK,OK,OK,PASS,True,False,False,,,0.003,0.016
490686.nif,train,OK,OK,OK,PASS,True,False,False,,,0.047,0.047
4907.nif,train,OK,OK,OK,PASS,True,False,False,,,0.015,0.016
490714.nif,train,OK,OK,OK,PASS,True,False,False,,,0.03,0.016
490865.nif,train,OK,OK,OK,PASS,True,False,False,,,0.312,0.303
490886.nif,hold,OK,OK,OK,PASS,True,False,False,,,0.024,0.01
490889.nif,train,OK,OK,OK,PASS,True,False,False,,,0.009,0.031
490900.nif,train,OK,OK,OK,PASS,True,False,False,,,0.016,0.016
490901.nif,train,OK,OK,OK,PASS,True,False,False,,,0.034,0.02
490918.nif,train,OK,OK,OK,PASS,True,False,False,,,0.055,0.043
490920.nif,train,OK,OK,OK,PASS,True,False,False,,,0.031,0.047
490976.nif,train,OK,OK,OK,PASS,True,False,False,,,0.047,0.048
491002.nif,train,OK,OK,OK,PASS,True,False,False,,,0.031,0.032
491029.nif,train,OK,OK,OK,PASS,True,False,False,,,0.187,0.187
491092.nif,hold,OK,OK,OK,PASS,True,False,False,,,0.016,0.016
491098.nif,hold,OK,OK,OK,PASS,True,False,False,,,0.016,0.016
491106.nif,train,OK,OK,OK,PASS,True,False,False,,,0.016,0.016
491113.nif,train,OK,OK,OK,PASS,True,False,False,,,0.018,0.023
491120.nif,train,OK,OK,OK,PASS,True,False,False,,,0.017,0.016
491253.nif,hold,OK,OK,OK,PASS,True,False,False,,,0.016,0.0
491606.nif,hold,OK,OK,OK,PASS,True,False,False,,,0.016,0.03
491614.nif,train,OK,OK,OK,PASS,True,False,False,,,0.016,0.016
491623.nif,train,OK,OK,OK,PASS,True,False,False,,,0.0,0.015
491636.nif,hold,OK,OK,OK,PASS,True,False,False,,,0.016,0.016
491641.nif,train,OK,OK,OK,PASS,True,False,False,,,0.02,0.011
491654.nif,train,OK,OK,OK,PASS,True,False,False,,,0.027,0.031
491655.nif,train,OK,OK,OK,PASS,True,False,False,,,0.013,0.031
491962.nif,train,OK,OK,OK,PASS,True,False,False,,,0.016,0.016
491968.nif,train,OK,OK,OK,PASS,True,False,False,,,0.016,0.016
491974.nif,train,OK,OK,OK,PASS,True,False,False,,,0.016,0.016
491994.nif,train,OK,OK,OK,PASS,True,False,False,,,0.015,0.0
492015.nif,train,OK,OK,OK,PASS,True,False,False,,,0.016,0.016
492792.nif,train,OK,OK,OK,PASS,True,False,False,,,0.188,0.203
492793.nif,train,OK,OK,OK,PASS,True,False,False,,,0.296,0.395
4928.nif,train,OK,OK,OK,PASS,True,False,False,,,0.016,0.016
492870.nif,train,OK,OK,OK,PASS,True,False,False,,,0.063,0.078
492890.nif,hold,OK,OK,OK,PASS,True,False,False,,,0.078,0.08
492914.nif,train,OK,OK,OK,PASS,True,False,False,,,0.067,0.047
492935.nif,hold,OK,OK,OK,PASS,True,False,False,,,0.063,0.078
492969.nif,train,OK,OK,OK,PASS,True,False,False,,,0.062,0.037
492988.nif,train,OK,OK,OK,PASS,True,False,False,,,0.047,0.047
4930.nif,train,OK,OK,OK,PASS,True,False,False,,,0.004,0.016
493003.nif,train,OK,OK,OK,PASS,True,False,False,,,0.016,0.016
493004.nif,train,OK,OK,OK,PASS,True,False,False,,,0.03,0.031
493024.nif,train,OK,OK,OK,PASS,True,False,False,,,0.016,0.009
493088.nif,train,OK,OK,OK,PASS,True,False,False,,,0.016,0.016
493092.nif,train,OK,OK,OK,PASS,True,False,False,,,0.016,0.016
493105.nif,hold,OK,OK,OK,PASS,True,False,False,,,0.027,0.014
493124.nif,train,OK,OK,OK,PASS,True,False,False,,,0.031,0.045
493131.nif,hold,OK,OK,OK,PASS,True,False,False,,,0.016,0.016
493137.nif,train,OK,OK,OK,PASS,True,False,False,,,0.016,0.028
493293.nif,hold,OK,OK,OK,PASS,True,False,False,,,0.011,0.003
493298.nif,train,OK,OK,OK,PASS,True,False,False,,,0.016,0.016
493318.nif,train,OK,OK,OK,PASS,True,False,False,,,0.047,0.035
493327.nif,train,OK,OK,OK,PASS,True,False,False,,,0.041,0.047
493328.nif,train,OK,OK,OK,PASS,True,False,False,,,0.048,0.027
493387.nif,train,OK,OK,OK,PASS,True,False,False,,,0.016,0.016
493456.nif,train,OK,OK,OK,PASS,True,False,False,,,0.016,0.016
493462.nif,train,OK,OK,OK,PASS,True,False,False,,,0.016,0.0
493469.nif,train,OK,OK,OK,PASS,True,False,False,,,0.016,0.015
493474.nif,hold,OK,OK,OK,PASS,True,False,False,,,0.031,0.016
493477.nif,hold,OK,OK,OK,PASS,True,False,False,,,0.016,0.016
493502.nif,train,OK,OK,OK,PASS,True,False,False,,,0.016,0.016
493523.nif,train,OK,OK,OK,PASS,True,False,False,,,0.016,0.016
493552.nif,train,OK,OK,OK,PASS,True,False,False,,,0.034,0.039
493591.nif,train,OK,OK,OK,PASS,True,False,False,,,0.007,0.0
493619.nif,train,OK,OK,OK,PASS,True,False,False,,,0.0,0.016
493664.nif,train,OK,OK,OK,PASS,True,False,False,,,0.047,0.047
493676.nif,hold,OK,OK,OK,PASS,True,False,False,,,0.015,0.01
493680.nif,train,OK,OK,OK,PASS,True,False,False,,,0.031,0.04
493684.nif,train,OK,OK,OK,PASS,True,False,False,,,0.016,0.016
493688.nif,train,OK,OK,OK,PASS,True,False,False,,,0.016,0.032
493692.nif,train,OK,OK,OK,PASS,True,False,False,,,0.016,0.016
493696.nif,train,OK,OK,OK,PASS,True,False,False,,,0.031,0.016
493785.nif,train,OK,OK,OK,PASS,True,False,False,,,0.016,0.0
493861.nif,train,OK,OK,OK,PASS,True,False,False,,,0.156,0.165
493886.nif,train,OK,OK,OK,PASS,True,False,False,,,0.067,0.048
493906.nif,train,OK,OK,OK,PASS,True,False,False,,,0.257,0.265
493957.nif,hold,OK,OK,OK,PASS,True,False,False,,,0.036,0.017
494222.nif,train,OK,OK,OK,PASS,True,False,False,,,0.016,0.016
494425.nif,hold,OK,OK,OK,PASS,True,False,False,,,0.016,0.016
496060.nif,train,OK,OK,OK,PASS,True,False,False,,,0.011,0.016
497458.nif,train,OK,OK,OK,PASS,True,False,False,,,0.016,0.016
497459.nif,hold,OK,OK,OK,PASS,True,False,False,,,0.042,0.031
498879.nif,hold,OK,OK,OK,PASS,True,False,False,,,0.016,0.0
498885.nif,train,OK,OK,OK,PASS,True,False,False,,,0.0,0.017
498890.nif,hold,OK,OK,OK,PASS,True,False,False,,,0.0,0.0
498895.nif,train,OK,OK,OK,PASS,True,False,False,,,0.0,0.021
498900.nif,train,OK,OK,OK,PASS,True,False,False,,,0.012,0.012
498904.nif,train,OK,OK,OK,PASS,True,False,False,,,0.018,0.001
498935.nif,train,OK,OK,OK,PASS,True,False,False,,,0.0,0.016
498940.nif,train,OK,OK,OK,PASS,True,False,False,,,0.016,0.0
498943.nif,train,OK,OK,OK,PASS,True,False,False,,,0.016,0.016
498955.nif,train,OK,OK,OK,PASS,True,False,False,,,0.0,0.007
499034.nif,train,OK,OK,OK,PASS,True,False,False,,,0.023,0.031
500690.nif,hold,OK,OK,OK,PASS,True,False,False,,,0.517,0.508
500714.nif,train,OK,OK,OK,PASS,True,False,False,,,0.0,0.016
500717.nif,train,OK,OK,OK,PASS,True,False,False,,,0.016,0.021
500718.nif,train,OK,OK,OK,PASS,True,False,False,,,0.008,0.008
500719.nif,train,OK,OK,OK,PASS,True,False,False,,,0.003,0.016
500720.nif,train,OK,OK,OK,PASS,True,False,False,,,0.0,0.015
500721.nif,train,OK,OK,OK,PASS,True,False,False,,,0.016,0.016
500722.nif,hold,OK,OK,OK,PASS,True,False,False,,,0.0,0.016
500723.nif,hold,OK,OK,OK,PASS,True,False,False,,,0.018,0.01
500724.nif,train,OK,OK,OK,PASS,True,False,False,,,0.0,0.0
500725.nif,train,OK,OK,OK,PASS,True,False,False,,,0.0,0.016
500726.nif,train,OK,OK,OK,PASS,True,False,False,,,0.0,0.0
500727.nif,train,OK,OK,OK,PASS,True,False,False,,,0.016,0.016
500728.nif,train,OK,OK,OK,PASS,True,False,False,,,0.014,0.016
500785.nif,train,OK,OK,OK,PASS,True,False,False,,,0.016,0.031
500807.nif,train,OK,OK,OK,PASS,True,False,False,,,0.016,0.025
500815.nif,train,OK,OK,OK,PASS,True,False,False,,,0.018,0.016
500836.nif,train,OK,OK,OK,PASS,True,False,False,,,0.019,0.013
500845.nif,train,OK,OK,OK,PASS,True,False,False,,,0.016,0.003
500846.nif,hold,OK,OK,OK,PASS,True,False,False,,,0.016,0.016
500847.nif,train,OK,OK,OK,PASS,True,False,False,,,0.016,0.016
500848.nif,train,OK,OK,OK,PASS,True,False,False,,,0.031,0.016
500857.nif,train,OK,OK,OK,PASS,True,False,False,,,0.016,0.016
500858.nif,train,OK,OK,OK,PASS,True,False,False,,,0.016,0.016
500859.nif,train,OK,OK,OK,PASS,True,False,False,,,0.016,0.016
500860.nif,train,OK,OK,OK,PASS,True,False,False,,,0.016,0.016
500861.nif,train,OK,OK,OK,PASS,True,False,False,,,0.016,0.015
500900.nif,train,OK,OK,OK,PASS,True,False,False,,,0.072,0.081
500913.nif,train,OK,OK,OK,PASS,True,False,False,,,0.016,0.031
500939.nif,train,OK,OK,OK,PASS,True,False,False,,,0.031,0.016
500945.nif,train,OK,OK,OK,PASS,True,False,False,,,0.015,0.0
500950.nif,train,OK,OK,OK,PASS,True,False,False,,,0.058,0.047
501038.nif,hold,OK,OK,OK,PASS,True,False,False,,,0.007,0.007
501084.nif,train,OK,OK,OK,PASS,True,False,False,,,0.0,0.016
501087.nif,hold,OK,OK,OK,PASS,True,False,False,,,0.0,0.016
501089.nif,train,OK,OK,OK,PASS,True,False,False,,,0.015,0.0
501464.nif,train,OK,OK,OK,PASS,True,False,False,,,0.016,0.02
501469.nif,train,OK,OK,OK,PASS,True,False,False,,,0.007,0.016
50189.nif,train,OK,OK,OK,PASS,True,False,False,,,0.031,0.038
50201.nif,train,OK,OK,OK,PASS,True,False,False,,,0.031,0.031
50230.nif,train,OK,OK,OK,PASS,True,False,False,,,0.031,0.047
502841.nif,train,OK,OK,OK,PASS,True,False,False,,,0.063,0.06
502864.nif,train,OK,OK,OK,PASS,True,False,False,,,0.005,0.016
502876.nif,train,OK,OK,OK,PASS,True,False,False,,,0.034,0.034
502947.nif,train,OK,OK,OK,PASS,True,False,False,,,0.002,0.016
503065.nif,train,OK,OK,OK,PASS,True,False,False,,,0.032,0.017
503088.nif,train,OK,OK,OK,PASS,True,False,False,,,0.01,0.016
503103.nif,train,OK,OK,OK,PASS,True,False,False,,,0.031,0.047
503185.nif,train,OK,OK,OK,PASS,True,False,False,,,0.016,0.016
503197.nif,train,OK,OK,OK,PASS,True,False,False,,,0.031,0.032
503302.nif,train,OK,OK,OK,PASS,True,False,False,,,0.0,0.0
503437.nif,train,OK,OK,OK,PASS,True,False,False,,,0.031,0.016
503440.nif,hold,OK,OK,OK,PASS,True,False,False,,,0.016,0.016
503443.nif,train,OK,OK,OK,PASS,True,False,False,,,0.022,0.017
503446.nif,train,OK,OK,OK,PASS,True,False,False,,,0.016,0.016
503461.nif,train,OK,OK,OK,PASS,True,False,False,,,0.031,0.022
503465.nif,train,OK,OK,OK,PASS,True,False,False,,,0.016,0.016
503469.nif,train,OK,OK,OK,PASS,True,False,False,,,0.017,0.017
503473.nif,train,OK,OK,OK,PASS,True,False,False,,,0.013,0.031
503474.nif,hold,OK,OK,OK,PASS,True,False,False,,,0.016,0.016
503475.nif,hold,OK,OK,OK,PASS,True,False,False,,,0.016,0.008
503476.nif,train,OK,OK,OK,PASS,True,False,False,,,0.016,0.016
503501.nif,train,OK,OK,OK,PASS,True,False,False,,,0.016,0.016
503502.nif,train,OK,OK,OK,PASS,True,False,False,,,0.016,0.016
503503.nif,train,OK,OK,OK,PASS,True,False,False,,,0.016,0.018
503514.nif,train,OK,OK,OK,PASS,True,False,False,,,0.021,0.016
503515.nif,train,OK,OK,OK,PASS,True,False,False,,,0.031,0.031
503516.nif,hold,OK,OK,OK,PASS,True,False,False,,,0.046,0.032
503526.nif,train,OK,OK,OK,PASS,True,False,False,,,0.021,0.015
503527.nif,train,OK,OK,OK,PASS,True,False,False,,,0.016,0.015
503528.nif,train,OK,OK,OK,PASS,True,False,False,,,0.016,0.016
503675.nif,train,OK,OK,OK,PASS,True,False,False,,,0.013,0.0
503684.nif,train,OK,OK,OK,PASS,True,False,False,,,0.0,0.016
503798.nif,train,OK,OK,OK,PASS,True,False,False,,,0.422,0.407
503916.nif,hold,FAIL:closure search exhausted,FAIL,FAIL,FAIL,True,,,ArkBlockError: closure search exhausted,ArkBlockError: closure search exhausted,6.812,6.546
504184.nif,train,OK,OK,OK,PASS,True,False,False,,,0.266,0.267
504216.nif,train,OK,OK,OK,PASS,True,False,False,,,0.031,0.016
504231.nif,hold,OK,OK,OK,PASS,True,False,False,,,0.072,0.071
504246.nif,train,OK,OK,OK,PASS,True,False,False,,,0.126,0.141
504277.nif,train,OK,OK,OK,PASS,True,False,False,,,0.079,0.078
504298.nif,hold,OK,OK,OK,PASS,True,False,False,,,0.188,0.189
504299.nif,train,OK,OK,OK,PASS,True,False,False,,,0.218,0.234
504327.nif,train,OK,OK,OK,PASS,True,False,False,,,0.246,0.251
504453.nif,train,OK,OK,OK,PASS,True,False,False,,,0.757,0.773
504489.nif,train,OK,OK,OK,PASS,True,False,False,,,0.12,0.138
504496.nif,hold,OK,OK,OK,PASS,True,False,False,,,0.234,0.235
504503.nif,train,OK,OK,OK,PASS,True,False,False,,,0.223,0.235
504561.nif,train,OK,OK,OK,PASS,True,False,False,,,0.043,0.057
504569.nif,hold,OK,OK,OK,PASS,True,False,False,,,0.094,0.078
504578.nif,train,OK,OK,OK,PASS,True,False,False,,,0.032,0.047
504595.nif,train,OK,OK,OK,PASS,True,False,False,,,0.031,0.031
504600.nif,train,OK,OK,OK,PASS,True,False,False,,,0.037,0.047
504605.nif,hold,OK,OK,OK,PASS,True,False,False,,,0.094,0.095
504623.nif,train,OK,OK,OK,PASS,True,False,False,,,0.0,0.016
504660.nif,train,OK,OK,OK,PASS,True,False,False,,,0.027,0.016
504678.nif,train,OK,OK,OK,PASS,True,False,False,,,0.0,0.0
504729.nif,train,OK,OK,OK,PASS,True,False,False,,,0.016,0.025
504802.nif,train,OK,OK,OK,PASS,True,False,False,,,0.003,0.002
504827.nif,train,OK,OK,OK,PASS,True,False,False,,,0.011,0.016
504897.nif,train,OK,OK,OK,PASS,True,False,False,,,0.25,0.265
505007.nif,train,OK,OK,OK,PASS,True,False,False,,,0.235,0.235
505031.nif,train,OK,OK,OK,PASS,True,False,False,,,0.156,0.148
505055.nif,train,OK,OK,OK,PASS,True,False,False,,,0.031,0.019
505058.nif,hold,OK,OK,OK,PASS,True,False,False,,,0.141,0.156
505062.nif,train,OK,OK,OK,PASS,True,False,False,,,0.0,0.0
505066.nif,train,OK,OK,OK,PASS,True,False,False,,,0.093,0.103
505072.nif,train,OK,OK,OK,PASS,True,False,False,,,0.016,0.0
505074.nif,train,OK,OK,OK,PASS,True,False,False,,,0.187,0.187
505209.nif,train,OK,OK,OK,PASS,True,False,False,,,0.031,0.016
505225.nif,hold,OK,OK,OK,PASS,True,False,False,,,0.078,0.078
505358.nif,train,OK,OK,OK,PASS,True,False,False,,,0.016,0.016
505536.nif,train,OK,OK,OK,PASS,True,False,False,,,0.058,0.055
505751.nif,train,OK,OK,OK,PASS,True,False,False,,,0.056,0.063
505775.nif,train,OK,OK,OK,PASS,True,False,False,,,0.186,0.202
505813.nif,train,OK,OK,OK,PASS,True,False,False,,,0.799,0.866
505853.nif,train,OK,OK,OK,PASS,True,False,False,,,0.031,0.03
505879.nif,train,OK,OK,OK,PASS,True,False,False,,,0.015,0.019
505928.nif,hold,OK,OK,OK,PASS,True,False,False,,,0.017,0.031
505935.nif,train,OK,OK,OK,PASS,True,False,False,,,0.039,0.031
505939.nif,hold,OK,OK,OK,PASS,True,False,False,,,0.016,0.016
505943.nif,train,OK,OK,OK,PASS,True,False,False,,,0.084,0.086
505947.nif,train,OK,OK,OK,PASS,True,False,False,,,0.562,0.593
506231.nif,train,OK,OK,OK,PASS,True,False,False,,,0.023,0.037
506363.nif,train,OK,OK,OK,PASS,True,False,False,,,0.008,0.002
506367.nif,train,OK,OK,OK,PASS,True,False,False,,,0.016,0.0
506376.nif,train,OK,OK,OK,PASS,True,False,False,,,0.015,0.0
506379.nif,train,OK,OK,OK,PASS,True,False,False,,,0.016,0.016
506384.nif,train,OK,OK,OK,PASS,True,False,False,,,0.0,0.016
506387.nif,train,OK,OK,OK,PASS,True,False,False,,,0.0,0.017
506408.nif,hold,OK,OK,OK,PASS,True,False,False,,,0.044,0.062
506411.nif,train,OK,OK,OK,PASS,True,False,False,,,0.031,0.047
506431.nif,train,OK,OK,OK,PASS,True,False,False,,,0.016,0.029
506474.nif,hold,OK,OK,OK,PASS,True,False,False,,,0.012,0.016
506480.nif,train,OK,OK,OK,PASS,True,False,False,,,0.016,0.021
506485.nif,train,OK,OK,OK,PASS,True,False,False,,,0.018,0.031
506490.nif,train,OK,OK,OK,PASS,True,False,False,,,0.031,0.031
506967.nif,train,OK,OK,OK,PASS,True,False,False,,,0.028,0.031
506979.nif,train,OK,OK,OK,PASS,True,False,False,,,0.011,0.01
506984.nif,train,OK,OK,OK,PASS,True,False,False,,,0.016,0.001
506995.nif,train,OK,OK,OK,PASS,True,False,False,,,0.0,0.016
507011.nif,train,OK,OK,OK,PASS,True,False,False,,,0.0,0.0
507014.nif,hold,OK,OK,OK,PASS,True,False,False,,,0.0,0.0
507028.nif,train,OK,OK,OK,PASS,True,False,False,,,0.016,0.014
507032.nif,train,OK,OK,OK,PASS,True,False,False,,,0.642,0.641
507067.nif,train,OK,OK,OK,PASS,True,False,False,,,0.091,0.082
507084.nif,train,OK,OK,OK,PASS,True,False,False,,,0.297,0.297
507119.nif,train,OK,OK,OK,PASS,True,False,False,,,0.078,0.078
507124.nif,train,OK,OK,OK,PASS,True,False,False,,,0.171,0.172
507141.nif,train,OK,OK,OK,PASS,True,False,False,,,0.047,0.051
507163.nif,train,OK,OK,OK,PASS,True,False,False,,,0.031,0.047
507194.nif,train,OK,OK,OK,PASS,True,False,False,,,0.016,0.024
507199.nif,train,OK,OK,OK,PASS,True,False,False,,,0.003,0.016
507202.nif,train,OK,OK,OK,PASS,True,False,False,,,0.0,0.016
507222.nif,train,OK,OK,OK,PASS,True,False,False,,,0.031,0.031
507238.nif,train,OK,OK,OK,PASS,True,False,False,,,0.016,0.016
507264.nif,train,OK,OK,OK,PASS,True,False,False,,,0.031,0.007
507292.nif,train,OK,OK,OK,PASS,True,False,False,,,0.016,0.016
507296.nif,train,OK,OK,OK,PASS,True,False,False,,,0.016,0.009
507299.nif,train,OK,OK,OK,PASS,True,False,False,,,0.078,0.062
507310.nif,train,OK,OK,OK,PASS,True,False,False,,,0.047,0.039
507313.nif,train,OK,OK,OK,PASS,True,False,False,,,0.047,0.063
507319.nif,train,OK,OK,OK,PASS,True,False,False,,,0.031,0.016
507323.nif,train,OK,OK,OK,PASS,True,False,False,,,0.016,0.016
507329.nif,train,OK,OK,OK,PASS,True,False,False,,,0.156,0.172
508586.nif,train,OK,OK,OK,PASS,True,False,False,,,0.175,0.186
508623.nif,train,OK,OK,OK,PASS,True,False,False,,,0.0,0.0
508626.nif,hold,OK,OK,OK,PASS,True,False,False,,,0.0,0.0
508629.nif,train,OK,OK,OK,PASS,True,False,False,,,0.016,0.0
508632.nif,train,OK,OK,OK,PASS,True,False,False,,,0.0,0.0
508635.nif,train,OK,OK,OK,PASS,True,False,False,,,0.0,0.0
508654.nif,train,OK,OK,OK,PASS,True,False,False,,,0.109,0.125
508684.nif,train,OK,OK,OK,PASS,True,False,False,,,0.016,0.016
508854.nif,train,OK,OK,OK,PASS,True,False,False,,,0.016,0.026
508912.nif,hold,OK,OK,OK,PASS,True,False,False,,,0.025,0.031
508947.nif,hold,OK,OK,OK,PASS,True,False,False,,,0.016,0.0
508963.nif,train,OK,OK,OK,PASS,True,False,False,,,0.016,0.016
508968.nif,train,OK,OK,OK,PASS,True,False,False,,,0.018,0.007
508973.nif,train,OK,OK,OK,PASS,True,False,False,,,0.004,0.0
508978.nif,train,OK,OK,OK,PASS,True,False,False,,,0.016,0.0
508984.nif,train,OK,OK,OK,PASS,True,False,False,,,0.016,0.0
508999.nif,hold,OK,OK,OK,PASS,True,False,False,,,0.0,0.0
509003.nif,hold,OK,OK,OK,PASS,True,False,False,,,0.015,0.016
509007.nif,train,OK,OK,OK,PASS,True,False,False,,,0.016,0.0
509012.nif,train,OK,OK,OK,PASS,True,False,False,,,0.016,0.0
509017.nif,train,OK,OK,OK,PASS,True,False,False,,,0.016,0.016
509042.nif,train,OK,OK,OK,PASS,True,False,False,,,0.016,0.017
509047.nif,train,OK,OK,OK,PASS,True,False,False,,,0.006,0.005
509052.nif,train,OK,OK,OK,PASS,True,False,False,,,0.008,0.007
509057.nif,train,OK,OK,OK,PASS,True,False,False,,,0.016,0.019
509062.nif,hold,OK,OK,OK,PASS,True,False,False,,,0.013,0.016
509067.nif,train,OK,OK,OK,PASS,True,False,False,,,0.015,0.018
509072.nif,train,OK,OK,OK,PASS,True,False,False,,,0.011,0.01
509077.nif,train,OK,OK,OK,PASS,True,False,False,,,0.008,0.007
509082.nif,hold,OK,OK,OK,PASS,True,False,False,,,0.0,0.0
509087.nif,train,OK,OK,OK,PASS,True,False,False,,,0.016,0.016
509096.nif,train,OK,OK,OK,PASS,True,False,False,,,0.016,0.016
509100.nif,train,OK,OK,OK,PASS,True,False,False,,,0.016,0.0
509103.nif,train,OK,OK,OK,PASS,True,False,False,,,0.016,0.0
509106.nif,hold,OK,OK,OK,PASS,True,False,False,,,0.016,0.016
509109.nif,train,OK,OK,OK,PASS,True,False,False,,,0.016,0.0
509112.nif,train,OK,OK,OK,PASS,True,False,False,,,0.016,0.018
509115.nif,train,OK,OK,OK,PASS,True,False,False,,,0.011,0.0
509128.nif,train,OK,OK,OK,PASS,True,False,False,,,0.015,0.016
509252.nif,hold,OK,OK,OK,PASS,True,False,False,,,0.031,0.031
509299.nif,train,OK,OK,OK,PASS,True,False,False,,,0.031,0.03
509346.nif,train,OK,OK,OK,PASS,True,False,False,,,0.019,0.031
509815.nif,train,OK,OK,OK,PASS,True,False,False,,,1.251,1.234
509994.nif,train,OK,OK,OK,PASS,True,False,False,,,0.016,0.016
510337.nif,train,OK,OK,OK,PASS,True,False,False,,,0.031,0.031
510346.nif,train,OK,OK,OK,PASS,True,False,False,,,0.031,0.037
510356.nif,train,OK,OK,OK,PASS,True,False,False,,,0.004,0.016
510365.nif,train,OK,OK,OK,PASS,True,False,False,,,0.016,0.015
510375.nif,train,OK,OK,OK,PASS,True,False,False,,,0.016,0.016
510426.nif,hold,OK,OK,OK,PASS,True,False,False,,,0.027,0.014
510491.nif,train,OK,OK,OK,PASS,True,False,False,,,0.015,0.006
510497.nif,train,OK,OK,OK,PASS,True,False,False,,,0.016,0.016
510503.nif,train,OK,OK,OK,PASS,True,False,False,,,0.016,0.016
510631.nif,train,OK,OK,OK,PASS,True,False,False,,,0.0,0.0
510636.nif,train,OK,OK,OK,PASS,True,False,False,,,0.0,0.0
510638.nif,train,OK,OK,OK,PASS,True,False,False,,,0.0,0.0
510644.nif,train,OK,OK,OK,PASS,True,False,False,,,0.022,0.006
510653.nif,train,OK,OK,OK,PASS,True,False,False,,,0.01,0.011
510661.nif,train,OK,OK,OK,PASS,True,False,False,,,0.0,0.0
510849.nif,train,OK,OK,OK,PASS,True,False,False,,,0.0,0.0
510994.nif,hold,OK,OK,OK,PASS,True,False,False,,,0.031,0.016
511.nif,train,OK,OK,OK,PASS,True,False,False,,,0.048,0.062
511003.nif,train,OK,OK,OK,PASS,True,False,False,,,0.0,0.0
511066.nif,train,OK,OK,OK,PASS,True,False,False,,,0.014,0.0
511073.nif,hold,OK,OK,OK,PASS,True,False,False,,,0.012,0.016
511084.nif,train,OK,OK,OK,PASS,True,False,False,,,0.015,0.0
511090.nif,train,OK,OK,OK,PASS,True,False,False,,,0.0,0.016
511113.nif,hold,OK,OK,OK,PASS,True,False,False,,,0.017,0.011
511189.nif,train,OK,OK,OK,PASS,True,False,False,,,0.016,0.016
511229.nif,train,OK,OK,OK,PASS,True,False,False,,,0.016,0.016
511284.nif,train,OK,OK,OK,PASS,True,False,False,,,0.0,0.016
511357.nif,hold,OK,OK,OK,PASS,True,False,False,,,0.019,0.01
511364.nif,train,OK,OK,OK,PASS,True,False,False,,,0.0,0.0
511527.nif,train,OK,OK,OK,PASS,True,False,False,,,0.016,0.0
511945.nif,train,OK,OK,OK,PASS,True,False,False,,,0.229,0.22
512403.nif,train,OK,OK,OK,PASS,True,False,False,,,0.031,0.031
512610.nif,hold,OK,OK,OK,PASS,True,False,False,,,0.077,0.074
512745.nif,train,OK,OK,OK,PASS,True,False,False,,,0.579,0.578
512749.nif,train,OK,OK,OK,PASS,True,False,False,,,0.047,0.047
512753.nif,train,OK,OK,OK,PASS,True,False,False,,,0.064,0.077
512757.nif,train,OK,OK,OK,PASS,True,False,False,,,0.094,0.078
512762.nif,train,OK,OK,OK,PASS,True,False,False,,,0.079,0.062
512768.nif,train,OK,OK,OK,PASS,True,False,False,,,0.047,0.067
512772.nif,train,OK,OK,OK,PASS,True,False,False,,,0.222,0.217
512777.nif,train,OK,OK,OK,PASS,True,False,False,,,0.149,0.144
512785.nif,train,OK,OK,OK,PASS,True,False,False,,,0.016,0.016
512829.nif,hold,OK,OK,OK,PASS,True,False,False,,,0.078,0.078
512833.nif,train,OK,OK,OK,PASS,True,False,False,,,0.04,0.045
512848.nif,hold,OK,OK,OK,PASS,True,False,False,,,0.203,0.197
512852.nif,train,OK,OK,OK,PASS,True,False,False,,,0.047,0.047
512856.nif,train,OK,OK,OK,PASS,True,False,False,,,0.151,0.144
512860.nif,hold,OK,OK,OK,PASS,True,False,False,,,0.101,0.092
512863.nif,train,OK,OK,OK,PASS,True,False,False,,,0.01,0.016
512871.nif,hold,OK,OK,OK,PASS,True,False,False,,,0.087,0.094
512875.nif,train,OK,OK,OK,PASS,True,False,False,,,0.071,0.078
512879.nif,hold,OK,OK,OK,PASS,True,False,False,,,0.109,0.103
512883.nif,train,OK,OK,OK,PASS,True,False,False,,,0.141,0.125
512887.nif,train,OK,OK,OK,PASS,True,False,False,,,0.109,0.093
513823.nif,train,OK,OK,OK,PASS,True,False,False,,,0.043,0.057
513835.nif,train,OK,OK,OK,PASS,True,False,False,,,0.015,0.016
513981.nif,hold,OK,OK,OK,PASS,True,False,False,,,0.031,0.022
513998.nif,train,OK,OK,OK,PASS,True,False,False,,,0.578,0.579
514296.nif,train,OK,OK,OK,PASS,True,False,False,,,0.0,0.0
514326.nif,train,OK,OK,OK,PASS,True,False,False,,,0.563,0.563
514454.nif,train,OK,OK,OK,PASS,True,False,False,,,0.022,0.008
514460.nif,train,OK,OK,OK,PASS,True,False,False,,,0.0,0.016
514464.nif,train,OK,OK,OK,PASS,True,False,False,,,0.0,0.016
514468.nif,train,OK,OK,OK,PASS,True,False,False,,,0.0,0.016
514678.nif,train,OK,OK,OK,PASS,True,False,False,,,0.0,0.016
514692.nif,train,OK,OK,OK,PASS,True,False,False,,,0.016,0.017
514695.nif,train,OK,OK,OK,PASS,True,False,False,,,0.01,0.016
514705.nif,train,OK,OK,OK,PASS,True,False,False,,,0.016,0.016
514759.nif,hold,OK,OK,OK,PASS,True,False,False,,,0.008,0.008
514771.nif,train,OK,OK,OK,PASS,True,False,False,,,0.028,0.05
514791.nif,train,OK,OK,OK,PASS,True,False,False,,,0.031,0.047
514804.nif,train,OK,OK,OK,PASS,True,False,False,,,0.016,0.016
514849.nif,train,OK,OK,OK,PASS,True,False,False,,,0.037,0.014
514854.nif,train,OK,OK,OK,PASS,True,False,False,,,0.031,0.031
515234.nif,train,OK,OK,OK,PASS,True,False,False,,,0.016,0.016
515286.nif,train,OK,OK,OK,PASS,True,False,False,,,0.052,0.047
515301.nif,train,OK,OK,OK,PASS,True,False,False,,,0.007,0.007
516104.nif,hold,OK,OK,OK,PASS,True,False,False,,,0.002,0.0
516108.nif,hold,OK,OK,OK,PASS,True,False,False,,,0.0,0.016
516112.nif,hold,OK,OK,OK,PASS,True,False,False,,,0.016,0.016
516113.nif,train,OK,OK,OK,PASS,True,False,False,,,0.016,0.0
516114.nif,train,OK,OK,OK,PASS,True,False,False,,,0.026,0.002
516154.nif,hold,OK,OK,OK,PASS,True,False,False,,,0.016,0.0
516162.nif,train,OK,OK,OK,PASS,True,False,False,,,0.0,0.016
516169.nif,hold,OK,OK,OK,PASS,True,False,False,,,0.0,0.015
516175.nif,train,OK,OK,OK,PASS,True,False,False,,,0.0,0.016
516183.nif,train,OK,OK,OK,PASS,True,False,False,,,0.016,0.0
516188.nif,train,OK,OK,OK,PASS,True,False,False,,,0.0,0.015
5164.nif,train,OK,OK,OK,PASS,True,False,False,,,0.0,0.0
516525.nif,train,OK,OK,OK,PASS,True,False,False,,,0.0,0.016
516528.nif,train,OK,OK,OK,PASS,True,False,False,,,0.0,0.015
516529.nif,train,OK,OK,OK,PASS,True,False,False,,,0.0,0.016
516530.nif,hold,OK,OK,OK,PASS,True,False,False,,,0.016,0.01
516537.nif,train,OK,OK,OK,PASS,True,False,False,,,0.004,0.003
516538.nif,train,OK,OK,OK,PASS,True,False,False,,,0.007,0.0
516539.nif,train,OK,OK,OK,PASS,True,False,False,,,0.016,0.016
516607.nif,train,OK,OK,OK,PASS,True,False,False,,,0.219,0.234
516623.nif,train,OK,OK,OK,PASS,True,False,False,,,0.0,0.0
516721.nif,hold,OK,OK,OK,PASS,True,False,False,,,0.016,0.0
516728.nif,train,OK,OK,OK,PASS,True,False,False,,,0.016,0.0
516733.nif,hold,OK,OK,OK,PASS,True,False,False,,,0.016,0.016
516737.nif,train,OK,OK,OK,PASS,True,False,False,,,0.016,0.016
516744.nif,train,OK,OK,OK,PASS,True,False,False,,,0.0,0.0
516749.nif,hold,OK,OK,OK,PASS,True,False,False,,,0.031,0.0
517025.nif,train,OK,OK,OK,PASS,True,False,False,,,0.023,0.016
517100.nif,train,OK,OK,OK,PASS,True,False,False,,,0.141,0.142
517137.nif,train,OK,OK,OK,PASS,True,False,False,,,0.078,0.059
517152.nif,train,OK,OK,OK,PASS,True,False,False,,,0.0,0.016
517159.nif,train,OK,OK,OK,PASS,True,False,False,,,0.139,0.141
517207.nif,train,OK,OK,OK,PASS,True,False,False,,,0.276,0.266
517249.nif,hold,OK,OK,OK,PASS,True,False,False,,,0.047,0.04
517322.nif,train,OK,OK,OK,PASS,True,False,False,,,0.016,0.016
517332.nif,train,OK,OK,OK,PASS,True,False,False,,,0.019,0.018
517384.nif,train,OK,OK,OK,PASS,True,False,False,,,0.016,0.016
517747.nif,hold,OK,OK,OK,PASS,True,False,False,,,0.027,0.015
517751.nif,train,OK,OK,OK,PASS,True,False,False,,,0.016,0.016
517769.nif,train,OK,OK,OK,PASS,True,False,False,,,0.016,0.023
517965.nif,train,FAIL:closure search exhausted,FAIL,FAIL,FAIL,True,,,ArkBlockError: closure search exhausted,ArkBlockError: closure search exhausted,2.093,2.095
517988.nif,train,OK,OK,OK,PASS,True,False,False,,,0.016,0.016
518014.nif,train,OK,OK,OK,PASS,True,False,False,,,0.032,0.018
518122.nif,hold,OK,OK,OK,PASS,True,False,False,,,0.0,0.016
518127.nif,train,OK,OK,OK,PASS,True,False,False,,,0.0,0.0
518152.nif,train,OK,OK,OK,PASS,True,False,False,,,0.016,0.016
518352.nif,train,OK,OK,OK,PASS,True,False,False,,,0.027,0.012
518514.nif,hold,OK,OK,OK,PASS,True,False,False,,,0.016,0.016
518811.nif,hold,OK,OK,OK,PASS,True,False,False,,,0.031,0.031
518858.nif,hold,OK,OK,OK,PASS,True,False,False,,,0.016,0.016
518866.nif,hold,OK,OK,OK,PASS,True,False,False,,,0.062,0.062
518870.nif,train,OK,OK,OK,PASS,True,False,False,,,0.024,0.014
519123.nif,train,OK,OK,OK,PASS,True,False,False,,,0.0,0.016
519236.nif,train,OK,OK,OK,PASS,True,False,False,,,0.016,0.016
519308.nif,train,OK,OK,OK,PASS,True,False,False,,,0.125,0.125
519316.nif,train,OK,OK,OK,PASS,True,False,False,,,0.221,0.244
519341.nif,hold,OK,OK,OK,PASS,True,False,False,,,0.047,0.066
519378.nif,train,OK,OK,OK,PASS,True,False,False,,,0.016,0.016
519441.nif,train,OK,OK,OK,PASS,True,False,False,,,0.016,0.011
519569.nif,train,OK,OK,OK,PASS,True,False,False,,,0.016,0.016
519989.nif,train,OK,OK,OK,PASS,True,False,False,,,0.09,0.082
520144.nif,train,OK,OK,OK,PASS,True,False,False,,,0.031,0.026
520188.nif,hold,OK,OK,OK,PASS,True,False,False,,,0.008,0.007
520192.nif,hold,OK,OK,OK,PASS,True,False,False,,,0.016,0.003
523227.nif,train,OK,OK,OK,PASS,True,False,False,,,0.031,0.027
523240.nif,train,OK,OK,OK,PASS,True,False,False,,,0.031,0.016
523270.nif,train,OK,OK,OK,PASS,True,False,False,,,0.031,0.047
523274.nif,train,OK,OK,OK,PASS,True,False,False,,,0.031,0.031
523279.nif,train,OK,OK,OK,PASS,True,False,False,,,0.031,0.009
523288.nif,train,OK,OK,OK,PASS,True,False,False,,,0.016,0.0
523293.nif,train,OK,OK,OK,PASS,True,False,False,,,0.0,0.015
523308.nif,train,OK,OK,OK,PASS,True,False,False,,,0.0,0.0
523316.nif,train,OK,OK,OK,PASS,True,False,False,,,0.0,0.0
523337.nif,hold,OK,OK,OK,PASS,True,False,False,,,0.016,0.0
523338.nif,hold,OK,OK,OK,PASS,True,False,False,,,0.0,0.0
523341.nif,train,OK,OK,OK,PASS,True,False,False,,,0.016,0.016
523345.nif,train,OK,OK,OK,PASS,True,False,False,,,0.016,0.016
523348.nif,train,OK,OK,OK,PASS,True,False,False,,,0.016,0.016
523354.nif,train,OK,OK,OK,PASS,True,False,False,,,0.0,0.012
523360.nif,train,OK,OK,OK,PASS,True,False,False,,,0.0,0.0
523365.nif,hold,OK,OK,OK,PASS,True,False,False,,,0.016,0.016
523382.nif,train,OK,OK,OK,PASS,True,False,False,,,0.016,0.016
523405.nif,hold,OK,OK,OK,PASS,True,False,False,,,0.016,0.016
523418.nif,hold,OK,OK,OK,PASS,True,False,False,,,0.031,0.031
523427.nif,train,OK,OK,OK,PASS,True,False,False,,,0.024,0.016
523431.nif,train,OK,OK,OK,PASS,True,False,False,,,0.047,0.046
523555.nif,train,OK,OK,OK,PASS,True,False,False,,,0.019,0.009
523564.nif,hold,OK,OK,OK,PASS,True,False,False,,,0.0,0.016
523568.nif,train,OK,OK,OK,PASS,True,False,False,,,0.016,0.016
523596.nif,hold,OK,OK,OK,PASS,True,False,False,,,0.0,0.0
523601.nif,hold,OK,OK,OK,PASS,True,False,False,,,0.031,0.016
523630.nif,train,OK,OK,OK,PASS,True,False,False,,,0.016,0.03
523640.nif,train,OK,OK,OK,PASS,True,False,False,,,0.007,0.0
523646.nif,hold,OK,OK,OK,PASS,True,False,False,,,0.016,0.015
523651.nif,train,OK,OK,OK,PASS,True,False,False,,,0.047,0.047
523664.nif,train,OK,OK,OK,PASS,True,False,False,,,0.036,0.047
523669.nif,train,OK,OK,OK,PASS,True,False,False,,,0.0,0.016
523679.nif,train,OK,OK,OK,PASS,True,False,False,,,0.031,0.016
523684.nif,train,OK,OK,OK,PASS,True,False,False,,,0.021,0.031
523689.nif,train,OK,OK,OK,PASS,True,False,False,,,0.062,0.064
523887.nif,train,OK,OK,OK,PASS,True,False,False,,,0.015,0.016
523892.nif,hold,OK,OK,OK,PASS,True,False,False,,,0.22,0.235
524008.nif,train,OK,OK,OK,PASS,True,False,False,,,0.078,0.048
524062.nif,hold,OK,OK,OK,PASS,True,False,False,,,0.003,0.016
524127.nif,train,OK,OK,OK,PASS,True,False,False,,,0.0,0.0
524134.nif,hold,OK,OK,OK,PASS,True,False,False,,,0.016,0.016
524158.nif,train,OK,OK,OK,PASS,True,False,False,,,0.017,0.01
524160.nif,train,OK,OK,OK,PASS,True,False,False,,,0.015,0.016
524162.nif,train,OK,OK,OK,PASS,True,False,False,,,0.016,0.016
524164.nif,hold,OK,OK,OK,PASS,True,False,False,,,0.016,0.016
524166.nif,train,OK,OK,OK,PASS,True,False,False,,,0.015,0.016
524354.nif,train,OK,OK,OK,PASS,True,False,False,,,0.0,0.0
524432.nif,train,OK,OK,OK,PASS,True,False,False,,,0.021,0.011
524439.nif,train,OK,OK,OK,PASS,True,False,False,,,0.009,0.016
524442.nif,hold,OK,OK,OK,PASS,True,False,False,,,0.016,0.016
524484.nif,train,OK,OK,OK,PASS,True,False,False,,,0.0,0.016
524488.nif,train,OK,OK,OK,PASS,True,False,False,,,0.0,0.016
524491.nif,hold,OK,OK,OK,PASS,True,False,False,,,0.016,0.016
524502.nif,train,OK,OK,OK,PASS,True,False,False,,,0.0,0.016
524510.nif,train,OK,OK,OK,PASS,True,False,False,,,0.015,0.014
524517.nif,train,OK,OK,OK,PASS,True,False,False,,,0.006,0.016
524523.nif,hold,OK,OK,OK,PASS,True,False,False,,,0.0,0.0
524527.nif,train,OK,OK,OK,PASS,True,False,False,,,0.016,0.016
524725.nif,train,OK,OK,OK,PASS,True,False,False,,,0.0,0.021
524750.nif,train,OK,OK,OK,PASS,True,False,False,,,0.026,0.031
524770.nif,train,OK,OK,OK,PASS,True,False,False,,,0.031,0.03
524790.nif,train,OK,OK,OK,PASS,True,False,False,,,0.0,0.016
524799.nif,train,OK,OK,OK,PASS,True,False,False,,,0.016,0.0
524987.nif,train,OK,OK,OK,PASS,True,False,False,,,0.047,0.031
525003.nif,train,OK,OK,OK,PASS,True,False,False,,,0.078,0.063
52544.nif,train,OK,OK,OK,PASS,True,False,False,,,0.0,0.0
525621.nif,train,OK,OK,OK,PASS,True,False,False,,,0.01,0.01
525624.nif,hold,OK,OK,OK,PASS,True,False,False,,,0.003,0.016
525626.nif,train,OK,OK,OK,PASS,True,False,False,,,0.016,0.016
525628.nif,train,OK,OK,OK,PASS,True,False,False,,,0.0,0.0
525630.nif,train,OK,OK,OK,PASS,True,False,False,,,0.019,0.019
525633.nif,hold,OK,OK,OK,PASS,True,False,False,,,0.016,0.016
525636.nif,train,OK,OK,OK,PASS,True,False,False,,,0.024,0.002
525639.nif,train,OK,OK,OK,PASS,True,False,False,,,0.016,0.031
525642.nif,train,OK,OK,OK,PASS,True,False,False,,,0.016,0.014
525649.nif,train,OK,OK,OK,PASS,True,False,False,,,0.031,0.016
525652.nif,train,OK,OK,OK,PASS,True,False,False,,,0.019,0.017
525654.nif,hold,OK,OK,OK,PASS,True,False,False,,,0.016,0.031
525656.nif,train,OK,OK,OK,PASS,True,False,False,,,0.016,0.016
525658.nif,train,OK,OK,OK,PASS,True,False,False,,,0.016,0.016
525660.nif,train,OK,OK,OK,PASS,True,False,False,,,0.016,0.016
525662.nif,train,OK,OK,OK,PASS,True,False,False,,,0.022,0.008
525665.nif,train,OK,OK,OK,PASS,True,False,False,,,0.008,0.006
525668.nif,train,OK,OK,OK,PASS,True,False,False,,,0.0,0.0
525671.nif,train,OK,OK,OK,PASS,True,False,False,,,0.0,0.016
525707.nif,train,OK,OK,OK,PASS,True,False,False,,,0.0,0.016
525711.nif,train,OK,OK,OK,PASS,True,False,False,,,0.0,0.016
525715.nif,train,OK,OK,OK,PASS,True,False,False,,,0.0,0.017
525719.nif,train,OK,OK,OK,PASS,True,False,False,,,0.008,0.003
525723.nif,train,OK,OK,OK,PASS,True,False,False,,,0.016,0.016
525727.nif,train,OK,OK,OK,PASS,True,False,False,,,0.0,0.0
525743.nif,hold,OK,OK,OK,PASS,True,False,False,,,0.0,0.016
525749.nif,train,OK,OK,OK,PASS,True,False,False,,,0.016,0.024
525753.nif,train,OK,OK,OK,PASS,True,False,False,,,0.034,0.031
525763.nif,train,OK,OK,OK,PASS,True,False,False,,,0.008,0.001
525766.nif,train,OK,OK,OK,PASS,True,False,False,,,0.016,0.016
525775.nif,train,OK,OK,OK,PASS,True,False,False,,,0.0,0.0
525873.nif,hold,OK,OK,OK,PASS,True,False,False,,,0.016,0.0
525877.nif,train,OK,OK,OK,PASS,True,False,False,,,0.018,0.01
525914.nif,train,OK,OK,OK,PASS,True,False,False,,,0.0,0.016
525918.nif,train,OK,OK,OK,PASS,True,False,False,,,0.016,0.016
525922.nif,train,OK,OK,OK,PASS,True,False,False,,,0.015,0.008
525926.nif,hold,OK,OK,OK,PASS,True,False,False,,,0.031,0.047
525930.nif,train,OK,OK,OK,PASS,True,False,False,,,0.015,0.031
525934.nif,train,OK,OK,OK,PASS,True,False,False,,,0.024,0.016
525938.nif,train,OK,OK,OK,PASS,True,False,False,,,0.016,0.016
525942.nif,train,OK,OK,OK,PASS,True,False,False,,,0.016,0.015
525946.nif,train,OK,OK,OK,PASS,True,False,False,,,0.016,0.016
525950.nif,hold,OK,OK,OK,PASS,True,False,False,,,0.016,0.016
525954.nif,train,OK,OK,OK,PASS,True,False,False,,,0.026,0.003
525958.nif,train,OK,OK,OK,PASS,True,False,False,,,0.016,0.016
525961.nif,train,OK,OK,OK,PASS,True,False,False,,,0.016,0.016
525964.nif,train,OK,OK,OK,PASS,True,False,False,,,0.006,0.016
525968.nif,train,OK,OK,OK,PASS,True,False,False,,,0.016,0.017
525982.nif,hold,OK,OK,OK,PASS,True,False,False,,,0.035,0.047
525990.nif,train,OK,OK,OK,PASS,True,False,False,,,0.047,0.031
526103.nif,train,OK,OK,OK,PASS,True,False,False,,,0.073,0.047
526104.nif,train,OK,OK,OK,PASS,True,False,False,,,0.017,0.016
526105.nif,train,OK,OK,OK,PASS,True,False,False,,,0.016,0.016
526106.nif,train,OK,OK,OK,PASS,True,False,False,,,0.031,0.016
526107.nif,train,OK,OK,OK,PASS,True,False,False,,,0.021,0.013
526108.nif,train,OK,OK,OK,PASS,True,False,False,,,0.051,0.054
526109.nif,train,OK,OK,OK,PASS,True,False,False,,,0.002,0.016
526135.nif,hold,OK,OK,OK,PASS,True,False,False,,,0.422,0.437
526552.nif,train,OK,OK,OK,PASS,True,False,False,,,0.016,0.016
526555.nif,train,OK,OK,OK,PASS,True,False,False,,,0.0,0.0
526557.nif,train,OK,OK,OK,PASS,True,False,False,,,0.015,0.016
526559.nif,train,OK,OK,OK,PASS,True,False,False,,,0.0,0.0
526561.nif,train,OK,OK,OK,PASS,True,False,False,,,0.016,0.016
526568.nif,hold,OK,OK,OK,PASS,True,False,False,,,0.0,0.016
526578.nif,train,OK,OK,OK,PASS,True,False,False,,,0.032,0.022
526608.nif,train,OK,OK,OK,PASS,True,False,False,,,0.031,0.031
526620.nif,train,OK,OK,OK,PASS,True,False,False,,,0.031,0.031
526624.nif,train,OK,OK,OK,PASS,True,False,False,,,0.018,0.016
526627.nif,train,OK,OK,OK,PASS,True,False,False,,,0.015,0.016
526630.nif,train,OK,OK,OK,PASS,True,False,False,,,0.009,0.016
526689.nif,train,OK,OK,OK,PASS,True,False,False,,,0.0,0.016
526926.nif,train,OK,OK,OK,PASS,True,False,False,,,0.031,0.038
526932.nif,train,OK,OK,OK,PASS,True,False,False,,,0.001,0.016
526939.nif,train,OK,OK,OK,PASS,True,False,False,,,0.016,0.016
526946.nif,train,OK,OK,OK,PASS,True,False,False,,,0.051,0.056
526954.nif,train,OK,OK,OK,PASS,True,False,False,,,0.0,0.016
526959.nif,train,OK,OK,OK,PASS,True,False,False,,,0.023,0.005
526963.nif,train,OK,OK,OK,PASS,True,False,False,,,0.016,0.016
526967.nif,train,OK,OK,OK,PASS,True,False,False,,,0.016,0.016
526971.nif,train,OK,OK,OK,PASS,True,False,False,,,0.016,0.016
526975.nif,train,OK,OK,OK,PASS,True,False,False,,,0.016,0.016
527001.nif,train,OK,OK,OK,PASS,True,False,False,,,0.079,0.078
527058.nif,train,OK,OK,OK,PASS,True,False,False,,,0.047,0.049
527087.nif,train,OK,OK,OK,PASS,True,False,False,,,0.01,0.016
527964.nif,hold,OK,OK,OK,PASS,True,False,False,,,0.016,0.031
527971.nif,hold,OK,OK,OK,PASS,True,False,False,,,0.031,0.024
527978.nif,train,OK,OK,OK,PASS,True,False,False,,,0.023,0.016
527984.nif,train,OK,OK,OK,PASS,True,False,False,,,0.031,0.016
527996.nif,train,OK,OK,OK,PASS,True,False,False,,,0.03,0.016
528004.nif,train,OK,OK,OK,PASS,True,False,False,,,0.031,0.031
528015.nif,train,OK,OK,OK,PASS,True,False,False,,,0.031,0.031
528035.nif,hold,OK,OK,OK,PASS,True,False,False,,,0.031,0.046
528043.nif,train,OK,OK,OK,PASS,True,False,False,,,0.016,0.016
528046.nif,train,OK,OK,OK,PASS,True,False,False,,,0.016,0.016
528341.nif,train,OK,OK,OK,PASS,True,False,False,,,0.013,0.031
528358.nif,train,OK,OK,OK,PASS,True,False,False,,,0.031,0.018
528447.nif,train,OK,OK,OK,PASS,True,False,False,,,0.031,0.032
528457.nif,train,OK,OK,OK,PASS,True,False,False,,,0.016,0.0
528466.nif,train,OK,OK,OK,PASS,True,False,False,,,0.016,0.016
528481.nif,train,OK,OK,OK,PASS,True,False,False,,,0.03,0.031
528888.nif,train,FAIL:closure search exhausted,FAIL,FAIL,FAIL,True,,,ArkBlockError: closure search exhausted,ArkBlockError: closure search exhausted,0.859,0.876
529695.nif,train,OK,OK,OK,PASS,True,False,False,,,0.016,0.018
529721.nif,hold,OK,OK,OK,PASS,True,False,False,,,0.005,0.031
529989.nif,train,OK,OK,OK,PASS,True,False,False,,,0.047,0.047
530007.nif,train,OK,OK,OK,PASS,True,False,False,,,0.044,0.032
530022.nif,train,OK,OK,OK,PASS,True,False,False,,,0.047,0.047
530034.nif,hold,OK,OK,OK,PASS,True,False,False,,,0.031,0.016
530047.nif,train,OK,OK,OK,PASS,True,False,False,,,0.045,0.031
530064.nif,train,OK,OK,OK,PASS,True,False,False,,,0.031,0.016
530079.nif,train,OK,OK,OK,PASS,True,False,False,,,0.054,0.035
530093.nif,train,OK,OK,OK,PASS,True,False,False,,,0.062,0.063
530109.nif,hold,OK,OK,OK,PASS,True,False,False,,,0.078,0.085
530514.nif,train,OK,OK,OK,PASS,True,False,False,,,0.141,0.156
530571.nif,train,OK,OK,OK,PASS,True,False,False,,,0.025,0.032
530576.nif,train,OK,OK,OK,PASS,True,False,False,,,0.023,0.009
530601.nif,train,OK,OK,OK,PASS,True,False,False,,,0.016,0.016
530650.nif,train,OK,OK,OK,PASS,True,False,False,,,0.036,0.016
531031.nif,train,OK,OK,OK,PASS,True,False,False,,,0.016,0.016
531038.nif,hold,OK,OK,OK,PASS,True,False,False,,,0.016,0.007
531244.nif,train,OK,OK,OK,PASS,True,False,False,,,0.016,0.016
531895.nif,train,OK,OK,OK,PASS,True,False,False,,,0.017,0.01
531897.nif,train,OK,OK,OK,PASS,True,False,False,,,0.016,0.016
531899.nif,train,OK,OK,OK,PASS,True,False,False,,,0.016,0.013
531901.nif,train,OK,OK,OK,PASS,True,False,False,,,0.018,0.003
531903.nif,train,OK,OK,OK,PASS,True,False,False,,,0.016,0.016
531905.nif,train,OK,OK,OK,PASS,True,False,False,,,0.033,0.007
531907.nif,train,OK,OK,OK,PASS,True,False,False,,,0.016,0.016
531909.nif,hold,OK,OK,OK,PASS,True,False,False,,,0.016,0.016
531914.nif,train,OK,OK,OK,PASS,True,False,False,,,0.018,0.007
531917.nif,train,OK,OK,OK,PASS,True,False,False,,,0.016,0.016
531921.nif,train,OK,OK,OK,PASS,True,False,False,,,0.0,0.016
531924.nif,train,OK,OK,OK,PASS,True,False,False,,,0.0,0.016
531928.nif,hold,OK,OK,OK,PASS,True,False,False,,,0.016,0.016
531932.nif,train,OK,OK,OK,PASS,True,False,False,,,0.016,0.016
531935.nif,hold,OK,OK,OK,PASS,True,False,False,,,0.0,0.016
531938.nif,train,OK,OK,OK,PASS,True,False,False,,,0.0,0.016
531939.nif,train,OK,OK,OK,PASS,True,False,False,,,0.022,0.01
531940.nif,train,OK,OK,OK,PASS,True,False,False,,,0.009,0.001
531941.nif,train,OK,OK,OK,PASS,True,False,False,,,0.016,0.016
531942.nif,train,OK,OK,OK,PASS,True,False,False,,,0.016,0.016
531943.nif,hold,OK,OK,OK,PASS,True,False,False,,,0.016,0.03
532222.nif,train,OK,OK,OK,PASS,True,False,False,,,0.0,0.0
532322.nif,train,OK,OK,OK,PASS,True,False,False,,,0.031,0.016
532597.nif,train,OK,OK,OK,PASS,True,False,False,,,0.016,0.0
532600.nif,hold,OK,OK,OK,PASS,True,False,False,,,0.004,0.012
532690.nif,hold,OK,OK,OK,PASS,True,False,False,,,0.018,0.031
533021.nif,train,FAIL:EOF,FAIL,FAIL,FAIL,True,,,struct.error: EOF,struct.error: EOF,0.0,0.0
533370.nif,train,OK,OK,OK,PASS,True,False,False,,,0.016,0.002
533407.nif,train,OK,OK,OK,PASS,True,False,False,,,0.002,0.002
534376.nif,train,OK,OK,OK,PASS,True,False,False,,,0.022,0.031
534390.nif,train,OK,OK,OK,PASS,True,False,False,,,0.031,0.047
535232.nif,train,OK,OK,OK,PASS,True,False,False,,,0.054,0.031
535238.nif,train,OK,OK,OK,PASS,True,False,False,,,0.096,0.094
535256.nif,train,OK,OK,OK,PASS,True,False,False,,,0.062,0.063
535268.nif,train,OK,OK,OK,PASS,True,False,False,,,0.079,0.076
535274.nif,train,OK,OK,OK,PASS,True,False,False,,,0.072,0.061
535280.nif,train,OK,OK,OK,PASS,True,False,False,,,0.031,0.036
535286.nif,train,OK,OK,OK,PASS,True,False,False,,,0.031,0.047
535292.nif,train,OK,OK,OK,PASS,True,False,False,,,0.039,0.047
535855.nif,hold,FAIL:EOF,FAIL,FAIL,FAIL,True,,,struct.error: EOF,struct.error: EOF,0.0,0.0
535857.nif,hold,FAIL:EOF,FAIL,FAIL,FAIL,True,,,struct.error: EOF,struct.error: EOF,0.0,0.0
536060.nif,train,OK,OK,OK,PASS,True,False,False,,,0.019,0.012
536181.nif,train,OK,OK,OK,PASS,True,False,False,,,0.037,0.047
536214.nif,train,OK,OK,OK,PASS,True,False,False,,,0.002,0.016
536323.nif,train,OK,OK,OK,PASS,True,False,False,,,0.031,0.016
536525.nif,train,OK,OK,OK,PASS,True,False,False,,,0.0,0.0
536667.nif,hold,OK,OK,OK,PASS,True,False,False,,,0.016,0.016
536676.nif,train,OK,OK,OK,PASS,True,False,False,,,0.031,0.031
536685.nif,train,OK,OK,OK,PASS,True,False,False,,,0.023,0.007
536694.nif,train,OK,OK,OK,PASS,True,False,False,,,0.031,0.031
536701.nif,hold,OK,OK,OK,PASS,True,False,False,,,0.021,0.032
536708.nif,train,OK,OK,OK,PASS,True,False,False,,,0.026,0.016
536747.nif,hold,OK,OK,OK,PASS,True,False,False,,,0.0,0.016
536750.nif,train,OK,OK,OK,PASS,True,False,False,,,0.0,0.0
536752.nif,train,OK,OK,OK,PASS,True,False,False,,,0.0,0.0
536754.nif,train,OK,OK,OK,PASS,True,False,False,,,0.0,0.0
536756.nif,train,OK,OK,OK,PASS,True,False,False,,,0.0,0.0
536758.nif,train,OK,OK,OK,PASS,True,False,False,,,0.0,0.016
536760.nif,train,OK,OK,OK,PASS,True,False,False,,,0.0,0.0
536762.nif,train,OK,OK,OK,PASS,True,False,False,,,0.0,0.015
536764.nif,train,OK,OK,OK,PASS,True,False,False,,,0.0,0.0
536766.nif,train,OK,OK,OK,PASS,True,False,False,,,0.0,0.0
536768.nif,train,OK,OK,OK,PASS,True,False,False,,,0.0,0.0
537341.nif,train,OK,OK,OK,PASS,True,False,False,,,0.031,0.031
537419.nif,train,OK,OK,OK,PASS,True,False,False,,,0.012,0.0
537425.nif,train,OK,OK,OK,PASS,True,False,False,,,0.0,0.0
537641.nif,hold,OK,OK,OK,PASS,True,False,False,,,0.037,0.036
537650.nif,train,OK,OK,OK,PASS,True,False,False,,,0.031,0.033
537658.nif,hold,OK,OK,OK,PASS,True,False,False,,,0.031,0.031
538133.nif,hold,OK,OK,OK,PASS,True,False,False,,,0.031,0.029
538151.nif,train,OK,OK,OK,PASS,True,False,False,,,0.0,0.0
538156.nif,train,OK,OK,OK,PASS,True,False,False,,,0.016,0.031
538160.nif,train,OK,OK,OK,PASS,True,False,False,,,0.016,0.016
538164.nif,train,OK,OK,OK,PASS,True,False,False,,,0.016,0.016
538167.nif,train,OK,OK,OK,PASS,True,False,False,,,0.016,0.016
538169.nif,train,OK,OK,OK,PASS,True,False,False,,,0.016,0.016
539958.nif,train,OK,OK,OK,PASS,True,False,False,,,0.023,0.016
539998.nif,train,OK,OK,OK,PASS,True,False,False,,,0.016,0.031
540068.nif,train,OK,OK,OK,PASS,True,False,False,,,0.016,0.008
540069.nif,train,OK,OK,OK,PASS,True,False,False,,,0.013,0.004
540070.nif,train,OK,OK,OK,PASS,True,False,False,,,0.016,0.016
540071.nif,train,OK,OK,OK,PASS,True,False,False,,,0.0,0.016
540075.nif,train,OK,OK,OK,PASS,True,False,False,,,0.016,0.016
540098.nif,train,OK,OK,OK,PASS,True,False,False,,,0.019,0.009
540099.nif,train,OK,OK,OK,PASS,True,False,False,,,0.016,0.016
540100.nif,train,OK,OK,OK,PASS,True,False,False,,,0.016,0.0
540101.nif,train,OK,OK,OK,PASS,True,False,False,,,0.016,0.016
540102.nif,train,OK,OK,OK,PASS,True,False,False,,,0.016,0.016
540284.nif,hold,OK,OK,OK,PASS,True,False,False,,,0.047,0.053
540304.nif,hold,OK,OK,OK,PASS,True,False,False,,,0.013,0.013
540320.nif,train,OK,OK,OK,PASS,True,False,False,,,0.075,0.064
540336.nif,train,OK,OK,OK,PASS,True,False,False,,,0.095,0.091
540348.nif,train,OK,OK,OK,PASS,True,False,False,,,0.077,0.094
540359.nif,hold,OK,OK,OK,PASS,True,False,False,,,0.047,0.031
540369.nif,train,OK,OK,OK,PASS,True,False,False,,,0.063,0.055
540380.nif,train,OK,OK,OK,PASS,True,False,False,,,0.062,0.07
540390.nif,train,OK,OK,OK,PASS,True,False,False,,,0.062,0.067
540401.nif,hold,OK,OK,OK,PASS,True,False,False,,,0.047,0.062
540413.nif,train,OK,OK,OK,PASS,True,False,False,,,0.063,0.047
540443.nif,train,OK,OK,OK,PASS,True,False,False,,,0.094,0.095
540454.nif,train,OK,OK,OK,PASS,True,False,False,,,0.047,0.033
540462.nif,hold,OK,OK,OK,PASS,True,False,False,,,0.078,0.078
540470.nif,train,OK,OK,OK,PASS,True,False,False,,,0.016,0.016
540477.nif,train,OK,OK,OK,PASS,True,False,False,,,0.018,0.006
540484.nif,hold,OK,OK,OK,PASS,True,False,False,,,0.016,0.016
540491.nif,hold,OK,OK,OK,PASS,True,False,False,,,0.016,0.028
540498.nif,hold,OK,OK,OK,PASS,True,False,False,,,0.015,0.031
540499.nif,train,OK,OK,OK,PASS,True,False,False,,,0.016,0.016
540511.nif,train,OK,OK,OK,PASS,True,False,False,,,0.031,0.016
540517.nif,hold,OK,OK,OK,PASS,True,False,False,,,0.016,0.032
540527.nif,train,OK,OK,OK,PASS,True,False,False,,,0.007,0.0
540533.nif,train,OK,OK,OK,PASS,True,False,False,,,0.016,0.016
540540.nif,train,OK,OK,OK,PASS,True,False,False,,,0.157,0.157
540542.nif,train,OK,OK,OK,PASS,True,False,False,,,0.062,0.067
540553.nif,train,OK,OK,OK,PASS,True,False,False,,,0.016,0.016
540655.nif,train,OK,OK,OK,PASS,True,False,False,,,0.062,0.068
540680.nif,train,OK,OK,OK,PASS,True,False,False,,,0.031,0.028
540760.nif,train,OK,OK,OK,PASS,True,False,False,,,0.047,0.031
540768.nif,hold,OK,OK,OK,PASS,True,False,False,,,0.016,0.016
540780.nif,train,OK,OK,OK,PASS,True,False,False,,,0.016,0.012
540787.nif,hold,OK,OK,OK,PASS,True,False,False,,,0.016,0.016
540794.nif,train,OK,OK,OK,PASS,True,False,False,,,0.077,0.078
540828.nif,train,OK,OK,OK,PASS,True,False,False,,,0.141,0.142
541076.nif,train,OK,OK,OK,PASS,True,False,False,,,0.016,0.024
541087.nif,train,OK,OK,OK,PASS,True,False,False,,,0.081,0.078
541107.nif,train,OK,OK,OK,PASS,True,False,False,,,0.407,0.422
541361.nif,train,OK,OK,OK,PASS,True,False,False,,,0.031,0.016
541365.nif,train,OK,OK,OK,PASS,True,False,False,,,0.016,0.033
541367.nif,train,OK,OK,OK,PASS,True,False,False,,,0.005,0.016
541369.nif,hold,OK,OK,OK,PASS,True,False,False,,,0.016,0.016
541379.nif,train,OK,OK,OK,PASS,True,False,False,,,0.03,0.016
541386.nif,train,OK,OK,OK,PASS,True,False,False,,,0.016,0.018
541516.nif,train,OK,OK,OK,PASS,True,False,False,,,0.131,0.125
541738.nif,train,OK,OK,OK,PASS,True,False,False,,,0.0,0.016
541742.nif,train,OK,OK,OK,PASS,True,False,False,,,0.031,0.032
541748.nif,train,OK,OK,OK,PASS,True,False,False,,,0.047,0.031
541756.nif,train,OK,OK,OK,PASS,True,False,False,,,0.016,0.016
541760.nif,train,OK,OK,OK,PASS,True,False,False,,,0.016,0.0
541763.nif,train,OK,OK,OK,PASS,True,False,False,,,0.047,0.031
541772.nif,train,OK,OK,OK,PASS,True,False,False,,,0.037,0.047
541789.nif,hold,OK,OK,OK,PASS,True,False,False,,,0.016,0.016
541995.nif,train,OK,OK,OK,PASS,True,False,False,,,0.039,0.016
542003.nif,hold,OK,OK,OK,PASS,True,False,False,,,0.016,0.024
542007.nif,train,OK,OK,OK,PASS,True,False,False,,,0.031,0.031
542072.nif,train,OK,OK,OK,PASS,True,False,False,,,0.094,0.078
542207.nif,train,OK,OK,OK,PASS,True,False,False,,,0.545,0.531
542414.nif,hold,OK,OK,OK,PASS,True,False,False,,,0.189,0.172
542514.nif,train,OK,OK,OK,PASS,True,False,False,,,0.041,0.053
542960.nif,train,OK,OK,OK,PASS,True,False,False,,,0.031,0.016
543039.nif,train,OK,OK,OK,PASS,True,False,False,,,0.031,0.031
543048.nif,train,OK,OK,OK,PASS,True,False,False,,,0.016,0.016
543053.nif,train,OK,OK,OK,PASS,True,False,False,,,0.005,0.005
543056.nif,train,OK,OK,OK,PASS,True,False,False,,,0.003,0.0
543059.nif,train,OK,OK,OK,PASS,True,False,False,,,0.016,0.015
543078.nif,train,OK,OK,OK,PASS,True,False,False,,,0.312,0.306
54312.nif,train,OK,OK,OK,PASS,True,False,False,,,0.068,0.047
543487.nif,train,OK,OK,OK,PASS,True,False,False,,,0.07,0.079
543845.nif,train,OK,OK,OK,PASS,True,False,False,,,0.063,0.047
544432.nif,train,OK,OK,OK,PASS,True,False,False,,,0.027,0.016
544486.nif,train,OK,OK,OK,PASS,True,False,False,,,0.047,0.046
544488.nif,train,OK,OK,OK,PASS,True,False,False,,,0.031,0.027
544494.nif,train,OK,OK,OK,PASS,True,False,False,,,0.062,0.027
544506.nif,train,OK,OK,OK,PASS,True,False,False,,,0.015,0.027
544512.nif,train,OK,OK,OK,PASS,True,False,False,,,0.04,0.04
544570.nif,train,OK,OK,OK,PASS,True,False,False,,,0.031,0.031
544571.nif,train,OK,OK,OK,PASS,True,False,False,,,0.016,0.016
544572.nif,hold,OK,OK,OK,PASS,True,False,False,,,0.016,0.029
545002.nif,hold,OK,OK,OK,PASS,True,False,False,,,0.016,0.016
545478.nif,train,OK,OK,OK,PASS,True,False,False,,,0.059,0.047
545483.nif,train,OK,OK,OK,PASS,True,False,False,,,0.04,0.047
545493.nif,train,OK,OK,OK,PASS,True,False,False,,,0.031,0.028
545496.nif,hold,OK,OK,OK,PASS,True,False,False,,,0.047,0.046
545498.nif,train,OK,OK,OK,PASS,True,False,False,,,0.047,0.05
545500.nif,train,OK,OK,OK,PASS,True,False,False,,,0.031,0.032
545502.nif,train,OK,OK,OK,PASS,True,False,False,,,0.016,0.016
545504.nif,train,OK,OK,OK,PASS,True,False,False,,,0.016,0.013
545518.nif,train,OK,OK,OK,PASS,True,False,False,,,0.011,0.016
545521.nif,train,OK,OK,OK,PASS,True,False,False,,,0.031,0.038
545527.nif,train,OK,OK,OK,PASS,True,False,False,,,0.063,0.063
545532.nif,train,OK,OK,OK,PASS,True,False,False,,,0.039,0.047
545536.nif,train,OK,OK,OK,PASS,True,False,False,,,0.047,0.046
545540.nif,train,OK,OK,OK,PASS,True,False,False,,,0.032,0.018
545543.nif,train,OK,OK,OK,PASS,True,False,False,,,0.015,0.031
545549.nif,train,OK,OK,OK,PASS,True,False,False,,,0.017,0.015
545551.nif,train,OK,OK,OK,PASS,True,False,False,,,0.004,0.0
545559.nif,train,OK,OK,OK,PASS,True,False,False,,,0.016,0.023
545589.nif,train,OK,OK,OK,PASS,True,False,False,,,0.056,0.064
545598.nif,train,OK,OK,OK,PASS,True,False,False,,,0.118,0.125
545614.nif,train,OK,OK,OK,PASS,True,False,False,,,0.016,0.0
545665.nif,hold,OK,OK,OK,PASS,True,False,False,,,0.109,0.109
545674.nif,train,OK,OK,OK,PASS,True,False,False,,,0.084,0.093
545679.nif,train,OK,OK,OK,PASS,True,False,False,,,0.078,0.088
545682.nif,train,OK,OK,OK,PASS,True,False,False,,,0.047,0.047
545932.nif,train,OK,OK,OK,PASS,True,False,False,,,0.024,0.031
545937.nif,train,OK,OK,OK,PASS,True,False,False,,,0.031,0.016
545944.nif,hold,OK,OK,OK,PASS,True,False,False,,,0.047,0.055
545964.nif,hold,OK,OK,OK,PASS,True,False,False,,,0.031,0.027
545976.nif,hold,OK,OK,OK,PASS,True,False,False,,,0.007,0.031
545980.nif,hold,OK,OK,OK,PASS,True,False,False,,,0.016,0.016
545990.nif,train,OK,OK,OK,PASS,True,False,False,,,0.016,0.016
546010.nif,hold,OK,OK,OK,PASS,True,False,False,,,0.095,0.093
546022.nif,hold,OK,OK,OK,PASS,True,False,False,,,0.047,0.062
546024.nif,train,OK,OK,OK,PASS,True,False,False,,,0.054,0.047
546142.nif,hold,OK,OK,OK,PASS,True,False,False,,,0.016,0.016
546149.nif,hold,OK,OK,OK,PASS,True,False,False,,,0.018,0.014
546547.nif,train,OK,OK,OK,PASS,True,False,False,,,0.024,0.031
546556.nif,train,OK,OK,OK,PASS,True,False,False,,,0.111,0.111
546566.nif,hold,OK,OK,OK,PASS,True,False,False,,,0.07,0.057
546798.nif,train,OK,OK,OK,PASS,True,False,False,,,0.004,0.0
546806.nif,train,OK,OK,OK,PASS,True,False,False,,,0.0,0.016
546812.nif,train,OK,OK,OK,PASS,True,False,False,,,0.0,0.0
546818.nif,train,OK,OK,OK,PASS,True,False,False,,,0.016,0.0
546824.nif,train,OK,OK,OK,PASS,True,False,False,,,0.016,0.0
546875.nif,train,OK,OK,OK,PASS,True,False,False,,,0.078,0.062
546898.nif,train,OK,OK,OK,PASS,True,False,False,,,0.017,0.017
546909.nif,train,OK,OK,OK,PASS,True,False,False,,,0.016,0.016
546916.nif,train,OK,OK,OK,PASS,True,False,False,,,0.016,0.016
546920.nif,train,OK,OK,OK,PASS,True,False,False,,,0.016,0.0
546924.nif,train,OK,OK,OK,PASS,True,False,False,,,0.0,0.016
546928.nif,train,OK,OK,OK,PASS,True,False,False,,,0.016,0.016
547010.nif,hold,OK,OK,OK,PASS,True,False,False,,,0.032,0.019
547148.nif,train,OK,OK,OK,PASS,True,False,False,,,0.234,0.25
547226.nif,hold,FAIL:EOF,FAIL,FAIL,FAIL,True,,,struct.error: EOF,struct.error: EOF,0.0,0.016
547288.nif,train,OK,OK,OK,PASS,True,False,False,,,0.016,0.016
547293.nif,hold,OK,OK,OK,PASS,True,False,False,,,0.025,0.031
547305.nif,hold,OK,OK,OK,PASS,True,False,False,,,0.016,0.016
547537.nif,hold,OK,OK,OK,PASS,True,False,False,,,0.063,0.062
548295.nif,train,OK,OK,OK,PASS,True,False,False,,,0.063,0.062
549100.nif,hold,OK,OK,OK,PASS,True,False,False,,,0.241,0.25
549102.nif,train,OK,OK,OK,PASS,True,False,False,,,0.224,0.218
549108.nif,train,OK,OK,OK,PASS,True,False,False,,,0.152,0.146
549112.nif,train,OK,OK,OK,PASS,True,False,False,,,0.499,0.499
549114.nif,train,OK,OK,OK,PASS,True,False,False,,,0.047,0.044
549120.nif,train,OK,OK,OK,PASS,True,False,False,,,0.328,0.344
551508.nif,train,OK,OK,OK,PASS,True,False,False,,,0.016,0.016
551512.nif,train,OK,OK,OK,PASS,True,False,False,,,0.016,0.029
554074.nif,hold,OK,OK,OK,PASS,True,False,False,,,0.133,0.122
554075.nif,hold,OK,OK,OK,PASS,True,False,False,,,0.173,0.188
554076.nif,hold,OK,OK,OK,PASS,True,False,False,,,1.328,1.344
554106.nif,train,OK,OK,OK,PASS,True,False,False,,,0.079,0.077
554110.nif,train,OK,OK,OK,PASS,True,False,False,,,0.232,0.248
5548.nif,train,OK,OK,OK,PASS,True,False,False,,,0.016,0.0
565152.nif,train,OK,OK,OK,PASS,True,False,False,,,0.163,0.152
565155.nif,train,OK,OK,OK,PASS,True,False,False,,,0.391,0.393
565158.nif,train,OK,OK,OK,PASS,True,False,False,,,0.078,0.094
565161.nif,train,OK,OK,OK,PASS,True,False,False,,,0.125,0.117
565189.nif,train,OK,OK,OK,PASS,True,False,False,,,0.063,0.08
565687.nif,train,OK,OK,OK,PASS,True,False,False,,,0.285,0.281
576171.nif,train,OK,OK,OK,PASS,True,False,False,,,0.016,0.016
576352.nif,train,OK,OK,OK,PASS,True,False,False,,,0.014,0.005
576789.nif,train,OK,OK,OK,PASS,True,False,False,,,0.328,0.312
576791.nif,train,OK,OK,OK,PASS,True,False,False,,,0.016,0.016
576795.nif,train,OK,OK,OK,PASS,True,False,False,,,0.406,0.39
576799.nif,train,OK,OK,OK,PASS,True,False,False,,,0.031,0.031
576803.nif,train,OK,OK,OK,PASS,True,False,False,,,0.047,0.047
576807.nif,hold,OK,OK,OK,PASS,True,False,False,,,0.03,0.031
581204.nif,train,OK,OK,OK,PASS,True,False,False,,,0.055,0.031
581205.nif,train,OK,OK,OK,PASS,True,False,False,,,0.016,0.016
581212.nif,train,OK,OK,OK,PASS,True,False,False,,,0.015,0.016
581216.nif,train,OK,OK,OK,PASS,True,False,False,,,0.021,0.016
581220.nif,train,OK,OK,OK,PASS,True,False,False,,,0.031,0.016
581224.nif,train,OK,OK,OK,PASS,True,False,False,,,0.016,0.021
581228.nif,train,OK,OK,OK,PASS,True,False,False,,,0.016,0.016
581232.nif,hold,OK,OK,OK,PASS,True,False,False,,,0.016,0.007
581236.nif,train,OK,OK,OK,PASS,True,False,False,,,0.016,0.016
581240.nif,train,OK,OK,OK,PASS,True,False,False,,,0.018,0.007
581244.nif,train,OK,OK,OK,PASS,True,False,False,,,0.016,0.016
581248.nif,train,OK,OK,OK,PASS,True,False,False,,,0.016,0.016
581252.nif,train,OK,OK,OK,PASS,True,False,False,,,0.031,0.016
581256.nif,train,OK,OK,OK,PASS,True,False,False,,,0.016,0.031
581260.nif,hold,OK,OK,OK,PASS,True,False,False,,,0.016,0.016
581264.nif,hold,OK,OK,OK,PASS,True,False,False,,,0.031,0.008
581409.nif,train,OK,OK,OK,PASS,True,False,False,,,0.0,0.0
581495.nif,train,OK,OK,OK,PASS,True,False,False,,,0.0,0.0
582705.nif,hold,OK,OK,OK,PASS,True,False,False,,,0.031,0.02
582791.nif,train,OK,OK,OK,PASS,True,False,False,,,0.016,0.0
582796.nif,train,OK,OK,OK,PASS,True,False,False,,,0.031,0.031
583242.nif,train,OK,OK,OK,PASS,True,False,False,,,0.033,0.048
583243.nif,train,OK,OK,OK,PASS,True,False,False,,,0.031,0.015
583244.nif,train,OK,OK,OK,PASS,True,False,False,,,0.031,0.016
583245.nif,train,OK,OK,OK,PASS,True,False,False,,,0.038,0.021
583246.nif,train,OK,OK,OK,PASS,True,False,False,,,0.031,0.031
583247.nif,hold,OK,OK,OK,PASS,True,False,False,,,0.016,0.016
583399.nif,train,OK,OK,OK,PASS,True,False,False,,,0.0,0.016
583426.nif,train,OK,OK,OK,PASS,True,False,False,,,0.047,0.016
583427.nif,train,OK,OK,OK,PASS,True,False,False,,,0.016,0.034
583872.nif,train,OK,OK,OK,PASS,True,False,False,,,0.516,0.532
584046.nif,train,OK,OK,OK,PASS,True,False,False,,,0.484,0.484
584123.nif,train,OK,OK,OK,PASS,True,False,False,,,0.047,0.031
584141.nif,hold,OK,OK,OK,PASS,True,False,False,,,0.045,0.047
584177.nif,train,OK,OK,OK,PASS,True,False,False,,,0.047,0.041
584212.nif,train,OK,OK,OK,PASS,True,False,False,,,0.039,0.024
584237.nif,train,OK,OK,OK,PASS,True,False,False,,,0.062,0.047
584333.nif,train,OK,OK,OK,PASS,True,False,False,,,0.019,0.014
584595.nif,hold,OK,OK,OK,PASS,True,False,False,,,0.017,0.016
584602.nif,train,OK,OK,OK,PASS,True,False,False,,,0.047,0.031
584607.nif,hold,OK,OK,OK,PASS,True,False,False,,,0.522,0.517
584668.nif,train,OK,OK,OK,PASS,True,False,False,,,0.047,0.064
584676.nif,train,OK,OK,OK,PASS,True,False,False,,,0.047,0.062
584689.nif,hold,OK,OK,OK,PASS,True,False,False,,,0.054,0.051
584692.nif,hold,OK,OK,OK,PASS,True,False,False,,,0.031,0.025
584695.nif,train,OK,OK,OK,PASS,True,False,False,,,0.278,0.266
584696.nif,train,OK,OK,OK,PASS,True,False,False,,,0.175,0.176
584697.nif,train,OK,OK,OK,PASS,True,False,False,,,0.093,0.095
584698.nif,hold,OK,OK,OK,PASS,True,False,False,,,0.079,0.092
584699.nif,train,OK,OK,OK,PASS,True,False,False,,,0.064,0.061
584700.nif,train,OK,OK,OK,PASS,True,False,False,,,0.047,0.056
584701.nif,hold,OK,OK,OK,PASS,True,False,False,,,0.014,0.031
584702.nif,train,OK,OK,OK,PASS,True,False,False,,,0.055,0.047
584703.nif,train,OK,OK,OK,PASS,True,False,False,,,0.063,0.047
584704.nif,train,OK,OK,OK,PASS,True,False,False,,,0.065,0.045
584705.nif,train,OK,OK,OK,PASS,True,False,False,,,0.033,0.038
584706.nif,hold,OK,OK,OK,PASS,True,False,False,,,0.016,0.016
584707.nif,train,OK,OK,OK,PASS,True,False,False,,,0.271,0.279
584708.nif,hold,OK,OK,OK,PASS,True,False,False,,,0.034,0.029
584907.nif,hold,OK,OK,OK,PASS,True,False,False,,,0.047,0.046
584910.nif,hold,OK,OK,OK,PASS,True,False,False,,,0.016,0.031
584915.nif,train,OK,OK,OK,PASS,True,False,False,,,0.021,0.031
585001.nif,train,OK,OK,OK,PASS,True,False,False,,,0.031,0.033
585050.nif,train,OK,OK,OK,PASS,True,False,False,,,0.016,0.016
585284.nif,train,OK,OK,OK,PASS,True,False,False,,,0.025,0.0
586451.nif,train,OK,OK,OK,PASS,True,False,False,,,0.016,0.016
586454.nif,train,OK,OK,OK,PASS,True,False,False,,,0.018,0.009
586455.nif,train,OK,OK,OK,PASS,True,False,False,,,0.016,0.031
586456.nif,train,OK,OK,OK,PASS,True,False,False,,,0.016,0.016
587246.nif,train,OK,OK,OK,PASS,True,False,False,,,0.023,0.004
588466.nif,train,OK,OK,OK,PASS,True,False,False,,,0.031,0.016
588469.nif,train,OK,OK,OK,PASS,True,False,False,,,0.021,0.016
588746.nif,train,FAIL:closure search exhausted,FAIL,FAIL,FAIL,True,,,ArkBlockError: closure search exhausted,ArkBlockError: closure search exhausted,0.985,0.984
588749.nif,train,FAIL:closure search exhausted,FAIL,FAIL,FAIL,True,,,ArkBlockError: closure search exhausted,ArkBlockError: closure search exhausted,2.441,2.415
588760.nif,train,OK,OK,OK,PASS,True,False,False,,,0.005,0.016
588770.nif,train,OK,OK,OK,PASS,True,False,False,,,0.016,0.016
588772.nif,hold,OK,OK,OK,PASS,True,False,False,,,0.016,0.031
591118.nif,train,OK,OK,OK,PASS,True,False,False,,,0.085,0.089
591122.nif,train,OK,OK,OK,PASS,True,False,False,,,0.06,0.062
591136.nif,hold,OK,OK,OK,PASS,True,False,False,,,0.016,0.031
591142.nif,train,OK,OK,OK,PASS,True,False,False,,,0.03,0.016
591148.nif,train,OK,OK,OK,PASS,True,False,False,,,0.0,0.016
591182.nif,train,OK,OK,OK,PASS,True,False,False,,,0.047,0.029
591247.nif,train,FAIL:closure search exhausted,FAIL,FAIL,FAIL,True,,,ArkBlockError: closure search exhausted,ArkBlockError: closure search exhausted,0.386,0.362
591248.nif,train,OK,OK,OK,PASS,True,False,False,,,0.016,0.016
591249.nif,hold,OK,OK,OK,PASS,True,False,False,,,0.0,0.02
591377.nif,hold,OK,OK,OK,PASS,True,False,False,,,0.119,0.128
591379.nif,hold,OK,OK,OK,PASS,True,False,False,,,0.016,0.015
591386.nif,hold,OK,OK,OK,PASS,True,False,False,,,0.187,0.17
591432.nif,train,OK,OK,OK,PASS,True,False,False,,,0.0,0.0
591565.nif,train,FAIL:closure search exhausted,FAIL,FAIL,FAIL,True,,,ArkBlockError: closure search exhausted,ArkBlockError: closure search exhausted,1.188,1.171
591614.nif,hold,OK,OK,OK,PASS,True,False,False,,,0.063,0.06
591631.nif,train,OK,OK,OK,PASS,True,False,False,,,0.063,0.063
591636.nif,train,OK,OK,OK,PASS,True,False,False,,,0.281,0.281
591650.nif,hold,OK,OK,OK,PASS,True,False,False,,,0.203,0.203
591652.nif,train,OK,OK,OK,PASS,True,False,False,,,0.2,0.206
591655.nif,train,OK,OK,OK,PASS,True,False,False,,,0.047,0.044
591660.nif,train,OK,OK,OK,PASS,True,False,False,,,0.135,0.125
591666.nif,train,OK,OK,OK,PASS,True,False,False,,,0.016,0.016
591668.nif,train,OK,OK,OK,PASS,True,False,False,,,0.015,0.022
591669.nif,train,OK,OK,OK,PASS,True,False,False,,,0.047,0.036
591670.nif,hold,OK,OK,OK,PASS,True,False,False,,,0.031,0.031
591673.nif,train,OK,OK,OK,PASS,True,False,False,,,0.03,0.031
591674.nif,train,OK,OK,OK,PASS,True,False,False,,,0.031,0.03
591675.nif,hold,OK,OK,OK,PASS,True,False,False,,,0.016,0.016
591676.nif,hold,OK,OK,OK,PASS,True,False,False,,,0.078,0.062
591683.nif,train,OK,OK,OK,PASS,True,False,False,,,0.015,0.011
591689.nif,hold,OK,OK,OK,PASS,True,False,False,,,0.031,0.016
591690.nif,train,OK,OK,OK,PASS,True,False,False,,,0.037,0.047
591980.nif,train,OK,OK,OK,PASS,True,False,False,,,0.019,0.016
592046.nif,train,OK,OK,OK,PASS,True,False,False,,,0.14,0.137
592130.nif,train,OK,OK,OK,PASS,True,False,False,,,0.086,0.087
592136.nif,train,OK,OK,OK,PASS,True,False,False,,,0.091,0.094
592141.nif,hold,OK,OK,OK,PASS,True,False,False,,,0.016,0.022
592146.nif,train,OK,OK,OK,PASS,True,False,False,,,0.064,0.064
592152.nif,train,OK,OK,OK,PASS,True,False,False,,,0.063,0.063
592157.nif,train,OK,OK,OK,PASS,True,False,False,,,0.047,0.047
592305.nif,train,OK,OK,OK,PASS,True,False,False,,,0.016,0.023
592314.nif,train,OK,OK,OK,PASS,True,False,False,,,0.011,0.031
592317.nif,hold,OK,OK,OK,PASS,True,False,False,,,0.031,0.03
592320.nif,hold,OK,OK,OK,PASS,True,False,False,,,0.063,0.063
592328.nif,train,OK,OK,OK,PASS,True,False,False,,,0.016,0.018
592329.nif,train,OK,OK,OK,PASS,True,False,False,,,0.032,0.034
592332.nif,hold,OK,OK,OK,PASS,True,False,False,,,0.018,0.016
592335.nif,train,OK,OK,OK,PASS,True,False,False,,,0.016,0.026
592338.nif,train,OK,OK,OK,PASS,True,False,False,,,0.018,0.031
592341.nif,train,OK,OK,OK,PASS,True,False,False,,,0.026,0.031
592344.nif,train,OK,OK,OK,PASS,True,False,False,,,0.0,0.016
592347.nif,train,OK,OK,OK,PASS,True,False,False,,,0.02,0.006
592350.nif,train,OK,OK,OK,PASS,True,False,False,,,0.016,0.031
592356.nif,train,OK,OK,OK,PASS,True,False,False,,,0.043,0.031
592359.nif,hold,OK,OK,OK,PASS,True,False,False,,,0.016,0.022
592362.nif,hold,OK,OK,OK,PASS,True,False,False,,,0.0,0.0
592365.nif,train,OK,OK,OK,PASS,True,False,False,,,0.016,0.016
592368.nif,train,OK,OK,OK,PASS,True,False,False,,,0.031,0.032
592373.nif,train,OK,OK,OK,PASS,True,False,False,,,0.063,0.047
592378.nif,train,OK,OK,OK,PASS,True,False,False,,,0.25,0.249
592381.nif,train,OK,OK,OK,PASS,True,False,False,,,0.016,0.016
592384.nif,train,OK,OK,OK,PASS,True,False,False,,,0.016,0.016
592461.nif,train,OK,OK,OK,PASS,True,False,False,,,0.023,0.007
592517.nif,train,OK,OK,OK,PASS,True,False,False,,,0.016,0.016
592560.nif,hold,OK,OK,OK,PASS,True,False,False,,,0.077,0.066
592561.nif,train,OK,OK,OK,PASS,True,False,False,,,0.073,0.062
592602.nif,train,OK,OK,OK,PASS,True,False,False,,,0.016,0.0
592615.nif,train,OK,OK,OK,PASS,True,False,False,,,0.016,0.016
592618.nif,train,OK,OK,OK,PASS,True,False,False,,,0.031,0.016
592621.nif,hold,OK,OK,OK,PASS,True,False,False,,,0.036,0.026
592626.nif,train,OK,OK,OK,PASS,True,False,False,,,0.016,0.016
592628.nif,hold,OK,OK,OK,PASS,True,False,False,,,0.016,0.016
592708.nif,train,OK,OK,OK,PASS,True,False,False,,,0.031,0.016
592751.nif,train,OK,OK,OK,PASS,True,False,False,,,0.016,0.031
592853.nif,train,OK,OK,OK,PASS,True,False,False,,,0.0,0.016
6124.nif,hold,OK,OK,OK,PASS,True,False,False,,,0.016,0.017
62346.nif,train,OK,OK,OK,PASS,True,False,False,,,0.008,0.006
62350.nif,train,OK,OK,OK,PASS,True,False,False,,,0.0,0.016
62354.nif,train,OK,OK,OK,PASS,True,False,False,,,0.0,0.015
62359.nif,train,OK,OK,OK,PASS,True,False,False,,,0.0,0.016
62855.nif,train,OK,OK,OK,PASS,True,False,False,,,0.016,0.018
62884.nif,train,OK,OK,OK,PASS,True,False,False,,,0.018,0.007
62889.nif,train,OK,OK,OK,PASS,True,False,False,,,0.016,0.016
62974.nif,train,OK,OK,OK,PASS,True,False,False,,,0.015,0.016
63380.nif,train,OK,OK,OK,PASS,True,False,False,,,0.024,0.013
647.nif,train,OK,OK,OK,PASS,True,False,False,,,0.003,0.016
6978.nif,train,OK,OK,OK,PASS,True,False,False,,,0.016,0.016
7023.nif,train,FAIL:EOF,FAIL,FAIL,FAIL,True,,,struct.error: EOF,struct.error: EOF,0.0,0.018
7353.nif,train,OK,OK,OK,PASS,True,False,False,,,0.011,0.012
7423.nif,train,OK,OK,OK,PASS,True,False,False,,,0.002,0.016
74258.nif,hold,OK,OK,OK,PASS,True,False,False,,,0.016,0.016
74269.nif,hold,OK,OK,OK,PASS,True,False,False,,,0.023,0.016
74281.nif,train,OK,OK,OK,PASS,True,False,False,,,0.016,0.016
74331.nif,train,OK,OK,OK,PASS,True,False,False,,,0.016,0.0
74337.nif,hold,OK,OK,OK,PASS,True,False,False,,,0.016,0.015
74443.nif,hold,OK,OK,OK,PASS,True,False,False,,,0.0,0.016
74449.nif,train,OK,OK,OK,PASS,True,False,False,,,0.0,0.0
74454.nif,hold,OK,OK,OK,PASS,True,False,False,,,0.016,0.007
74555.nif,train,OK,OK,OK,PASS,True,False,False,,,0.011,0.012
7457.nif,train,OK,OK,OK,PASS,True,False,False,,,0.006,0.006
74574.nif,train,OK,OK,OK,PASS,True,False,False,,,0.009,0.016
74591.nif,train,OK,OK,OK,PASS,True,False,False,,,0.016,0.016
74608.nif,train,OK,OK,OK,PASS,True,False,False,,,0.016,0.016
7461.nif,hold,OK,OK,OK,PASS,True,False,False,,,0.016,0.016
7467.nif,train,OK,OK,OK,PASS,True,False,False,,,0.095,0.078
74670.nif,train,OK,OK,OK,PASS,True,False,False,,,0.016,0.0
74676.nif,hold,OK,OK,OK,PASS,True,False,False,,,0.0,0.016
74682.nif,hold,OK,OK,OK,PASS,True,False,False,,,0.0,0.0
74687.nif,train,OK,OK,OK,PASS,True,False,False,,,0.016,0.0
74692.nif,train,OK,OK,OK,PASS,True,False,False,,,0.0,0.016
75021.nif,train,OK,OK,OK,PASS,True,False,False,,,0.02,0.018
75029.nif,train,OK,OK,OK,PASS,True,False,False,,,0.016,0.016
75034.nif,hold,OK,OK,OK,PASS,True,False,False,,,0.016,0.016
75075.nif,train,OK,OK,OK,PASS,True,False,False,,,0.016,0.016
75080.nif,train,OK,OK,OK,PASS,True,False,False,,,0.019,0.019
75118.nif,train,OK,OK,OK,PASS,True,False,False,,,0.031,0.031
75125.nif,train,OK,OK,OK,PASS,True,False,False,,,0.016,0.016
75130.nif,train,OK,OK,OK,PASS,True,False,False,,,0.0,0.0
75187.nif,train,OK,OK,OK,PASS,True,False,False,,,0.016,0.016
75192.nif,train,OK,OK,OK,PASS,True,False,False,,,0.033,0.019
75196.nif,train,OK,OK,OK,PASS,True,False,False,,,0.031,0.031
75200.nif,train,OK,OK,OK,PASS,True,False,False,,,0.016,0.016
75281.nif,train,OK,OK,OK,PASS,True,False,False,,,0.0,0.021
75286.nif,train,OK,OK,OK,PASS,True,False,False,,,0.007,0.0
75290.nif,train,OK,OK,OK,PASS,True,False,False,,,0.0,0.0
75330.nif,train,OK,OK,OK,PASS,True,False,False,,,0.016,0.016
75335.nif,hold,OK,OK,OK,PASS,True,False,False,,,0.016,0.016
75339.nif,train,OK,OK,OK,PASS,True,False,False,,,0.016,0.016
75343.nif,train,OK,OK,OK,PASS,True,False,False,,,0.031,0.03
75347.nif,hold,OK,OK,OK,PASS,True,False,False,,,0.009,0.016
75351.nif,train,OK,OK,OK,PASS,True,False,False,,,0.016,0.016
75355.nif,train,OK,OK,OK,PASS,True,False,False,,,0.016,0.02
75599.nif,hold,OK,OK,OK,PASS,True,False,False,,,0.023,0.04
75607.nif,train,OK,OK,OK,PASS,True,False,False,,,0.034,0.038
75614.nif,train,OK,OK,OK,PASS,True,False,False,,,0.016,0.016
75620.nif,hold,OK,OK,OK,PASS,True,False,False,,,0.031,0.025
75625.nif,train,OK,OK,OK,PASS,True,False,False,,,0.036,0.024
75706.nif,train,OK,OK,OK,PASS,True,False,False,,,0.016,0.021
75712.nif,hold,OK,OK,OK,PASS,True,False,False,,,0.035,0.031
75717.nif,hold,OK,OK,OK,PASS,True,False,False,,,0.047,0.047
75763.nif,train,OK,OK,OK,PASS,True,False,False,,,0.025,0.031
75774.nif,train,OK,OK,OK,PASS,True,False,False,,,0.047,0.054
75779.nif,train,OK,OK,OK,PASS,True,False,False,,,0.029,0.031
75832.nif,train,OK,OK,OK,PASS,True,False,False,,,0.026,0.031
75837.nif,hold,OK,OK,OK,PASS,True,False,False,,,0.016,0.013
75867.nif,train,OK,OK,OK,PASS,True,False,False,,,0.016,0.0
75872.nif,train,OK,OK,OK,PASS,True,False,False,,,0.0,0.0
75878.nif,hold,OK,OK,OK,PASS,True,False,False,,,0.0,0.011
75920.nif,train,OK,OK,OK,PASS,True,False,False,,,0.016,0.016
75931.nif,train,OK,OK,OK,PASS,True,False,False,,,0.031,0.031
75968.nif,train,OK,OK,OK,PASS,True,False,False,,,0.0,0.0
76012.nif,train,OK,OK,OK,PASS,True,False,False,,,0.031,0.016
76038.nif,hold,OK,OK,OK,PASS,True,False,False,,,0.016,0.016
76078.nif,train,OK,OK,OK,PASS,True,False,False,,,0.016,0.016
76082.nif,train,OK,OK,OK,PASS,True,False,False,,,0.016,0.016
76086.nif,train,OK,OK,OK,PASS,True,False,False,,,0.016,0.016
76090.nif,hold,OK,OK,OK,PASS,True,False,False,,,0.0,0.015
76319.nif,train,OK,OK,OK,PASS,True,False,False,,,0.016,0.024
76324.nif,train,OK,OK,OK,PASS,True,False,False,,,0.014,0.0
76328.nif,train,OK,OK,OK,PASS,True,False,False,,,0.016,0.016
76332.nif,train,OK,OK,OK,PASS,True,False,False,,,0.016,0.016
76336.nif,hold,OK,OK,OK,PASS,True,False,False,,,0.016,0.016
76340.nif,train,OK,OK,OK,PASS,True,False,False,,,0.016,0.016
76344.nif,train,OK,OK,OK,PASS,True,False,False,,,0.0,0.014
77852.nif,train,OK,OK,OK,PASS,True,False,False,,,0.013,0.014
77871.nif,train,OK,OK,OK,PASS,True,False,False,,,0.011,0.016
77878.nif,train,OK,OK,OK,PASS,True,False,False,,,0.019,0.016
77883.nif,train,OK,OK,OK,PASS,True,False,False,,,0.031,0.031
77888.nif,train,OK,OK,OK,PASS,True,False,False,,,0.025,0.016
77893.nif,train,OK,OK,OK,PASS,True,False,False,,,0.016,0.016
78131.nif,train,OK,OK,OK,PASS,True,False,False,,,0.031,0.031
78138.nif,train,OK,OK,OK,PASS,True,False,False,,,0.031,0.033
78142.nif,train,OK,OK,OK,PASS,True,False,False,,,0.021,0.031
78146.nif,train,OK,OK,OK,PASS,True,False,False,,,0.016,0.016
78150.nif,hold,OK,OK,OK,PASS,True,False,False,,,0.016,0.016
78416.nif,train,OK,OK,OK,PASS,True,False,False,,,0.016,0.016
78430.nif,train,OK,OK,OK,PASS,True,False,False,,,0.031,0.01
78444.nif,hold,OK,OK,OK,PASS,True,False,False,,,0.031,0.016
78464.nif,train,OK,OK,OK,PASS,True,False,False,,,0.031,0.015
78478.nif,train,OK,OK,OK,PASS,True,False,False,,,0.016,0.031
78491.nif,train,OK,OK,OK,PASS,True,False,False,,,0.016,0.016
78505.nif,train,OK,OK,OK,PASS,True,False,False,,,0.026,0.016
78519.nif,train,OK,OK,OK,PASS,True,False,False,,,0.026,0.016
78533.nif,train,OK,OK,OK,PASS,True,False,False,,,0.024,0.031
78547.nif,train,OK,OK,OK,PASS,True,False,False,,,0.017,0.017
78561.nif,train,OK,OK,OK,PASS,True,False,False,,,0.016,0.016
78575.nif,train,OK,OK,OK,PASS,True,False,False,,,0.031,0.031
78592.nif,train,OK,OK,OK,PASS,True,False,False,,,0.031,0.016
78606.nif,train,OK,OK,OK,PASS,True,False,False,,,0.031,0.016
78620.nif,hold,OK,OK,OK,PASS,True,False,False,,,0.032,0.008
78634.nif,train,OK,OK,OK,PASS,True,False,False,,,0.0,0.016
78648.nif,train,OK,OK,OK,PASS,True,False,False,,,0.016,0.016
78662.nif,train,OK,OK,OK,PASS,True,False,False,,,0.018,0.01
78676.nif,train,OK,OK,OK,PASS,True,False,False,,,0.0,0.0
78691.nif,train,OK,OK,OK,PASS,True,False,False,,,0.016,0.016
78705.nif,train,OK,OK,OK,PASS,True,False,False,,,0.016,0.016
78719.nif,train,OK,OK,OK,PASS,True,False,False,,,0.019,0.009
78742.nif,train,OK,OK,OK,PASS,True,False,False,,,0.016,0.016
8781.nif,train,OK,OK,OK,PASS,True,False,False,,,0.031,0.031
87972.nif,train,OK,OK,OK,PASS,True,False,False,,,0.016,0.0
88642.nif,train,OK,OK,OK,PASS,True,False,False,,,0.0,0.0
90637.nif,train,OK,OK,OK,PASS,True,False,False,,,0.015,0.032
90648.nif,train,OK,OK,OK,PASS,True,False,False,,,0.02,0.031
90657.nif,train,OK,OK,OK,PASS,True,False,False,,,0.022,0.031
90666.nif,train,OK,OK,OK,PASS,True,False,False,,,0.016,0.021
9280.nif,train,OK,OK,OK,PASS,True,False,False,,,0.021,0.031
93916.nif,train,OK,OK,OK,PASS,True,False,False,,,0.047,0.058
93921.nif,train,OK,OK,OK,PASS,True,False,False,,,0.047,0.05
93925.nif,train,OK,OK,OK,PASS,True,False,False,,,0.048,0.047
93929.nif,train,OK,OK,OK,PASS,True,False,False,,,0.047,0.047
93981.nif,train,OK,OK,OK,PASS,True,False,False,,,0.016,0.016
93997.nif,train,OK,OK,OK,PASS,True,False,False,,,0.022,0.031
94018.nif,hold,OK,OK,OK,PASS,True,False,False,,,0.016,0.016
94022.nif,train,OK,OK,OK,PASS,True,False,False,,,0.016,0.016
94606.nif,train,OK,OK,OK,PASS,True,False,False,,,0.019,0.003
94609.nif,train,OK,OK,OK,PASS,True,False,False,,,0.003,0.006
94619.nif,train,OK,OK,OK,PASS,True,False,False,,,0.004,0.004
94639.nif,train,OK,OK,OK,PASS,True,False,False,,,0.003,0.002
94675.nif,train,OK,OK,OK,PASS,True,False,False,,,0.0,0.0
94678.nif,train,OK,OK,OK,PASS,True,False,False,,,0.0,0.016
94682.nif,hold,OK,OK,OK,PASS,True,False,False,,,0.0,0.0
98237.nif,train,OK,OK,OK,PASS,True,False,False,,,0.0,0.0
98240.nif,hold,OK,OK,OK,PASS,True,False,False,,,0.0,0.0
98243.nif,train,OK,OK,OK,PASS,True,False,False,,,0.0,0.0
98246.nif,train,OK,OK,OK,PASS,True,False,False,,,0.016,0.0
98249.nif,hold,OK,OK,OK,PASS,True,False,False,,,0.0,0.0
98252.nif,train,OK,OK,OK,PASS,True,False,False,,,0.016,0.0
98255.nif,train,OK,OK,OK,PASS,True,False,False,,,0.0,0.0
98659.nif,train,OK,OK,OK,PASS,True,False,False,,,0.016,0.0
98662.nif,train,OK,OK,OK,PASS,True,False,False,,,0.0,0.0
98665.nif,train,OK,OK,OK,PASS,True,False,False,,,0.0,0.016
98669.nif,hold,OK,OK,OK,PASS,True,False,False,,,0.0,0.003
98672.nif,train,OK,OK,OK,PASS,True,False,False,,,0.003,0.003
98675.nif,train,OK,OK,OK,PASS,True,False,False,,,0.003,0.001
98678.nif,train,OK,OK,OK,PASS,True,False,False,,,0.0,0.0
98681.nif,hold,OK,OK,OK,PASS,True,False,False,,,0.0,0.016
98684.nif,train,OK,OK,OK,PASS,True,False,False,,,0.0,0.0
98688.nif,train,OK,OK,OK,PASS,True,False,False,,,0.0,0.016
98691.nif,train,OK,OK,OK,PASS,True,False,False,,,0.0,0.0
