file,ext_len,subclass43,ext_hex,mesh,morph,skin,particle,blocks,mirror
136182.nif,85,,030000000100004040020000004d2e063e1b2ae2bf3cdd61bf00000000db0fc9bfdb0fc9bf54749c41c2b8323f010000001b2ae23f4d2e063e3cdd61bf0b4104bedb0fc9bf7eff51bffc298241c2b8323f01000000,1,0,0,0,23,1
358253.nif,85,,030000000100004040020000001f64f9bd7afcae3f6137483fdb0fc93f000000000000000076e0cb41c2b8323f010000001f64f9bd7afcae3f6137483fdb0fc93f00000000ce2505bf76e08341c2b8323f01000000,1,0,0,0,29,1
136191.nif,85,,03000000010000404002000000f085b93f3e68bc3d467c9f3f00000000db0fc9bfdb0fc93f20523542c2b8323f01000000ddefc0bedf886abf467c9f3f00000000db0fc9bf3e2b093fa68af341c2b8323f01000000,1,0,0,0,18,1
424276.nif,43,all_zero_default,00000100000000000000000000000000000000000000000000000000000000000000000000000000000000,1,0,0,0,35,1
523669.nif,85,,03000000010000404002000000f46b7b3eb24b843eae80223e89d98b3f6c9d5d3e000000009c440242c3b8323f01000000f46b7b3eb24b843eae80223e89d98b3f6c9d5d3e000000009c440242c3b8323f01000000,1,0,0,0,13,1
537425.nif,85,,030000000100004040020000002ee26dc0931826c1ef499ac10000000000000000780ab0bef853ed42c2b8323f010000002ee26dc0931826c1ef499ac10000000000000000780ab0bef853ed42c2b8323f01000000,1,0,0,0,12,1
537419.nif,85,,03000000010000404002000000fb599c3dbe9f42bf44cb58c200000000000000005a3be93ebc949143c2b8323f02000000fb599c3dbe9f42bf44cb58c200000000000000005a3be93ebc949143c2b8323f02000000,1,0,0,0,13,1
422052.nif,85,,03000000010000404002000000527eba3f8121db3f68d014bf5d02953f000000004a8234bffe250942c3b8323f01000000527eba3f8121db3f68d014bf5d02953f000000004a8234bffe250942c3b8323f01000000,1,0,0,0,16,1
471896.nif,85,,03000000010000404002000000fda4e340f5bd863eb04336c26e469d3d42e4523e68e413bfcd0c5f44c2b8323f03000000fda4e340f5bd863eb04336c26e469d3d42e4523e68e413bfcd0c5f44c2b8323f03000000,1,0,0,0,31,1
471897.nif,85,,03000000010000404002000000ac394c405ea292bf9ba631c26e469d3d42e4523e68e413bf48918144c2b8323f03000000ac394c405ea292bf9ba631c26e469d3d42e4523e68e413bf48918144c2b8323f03000000,1,0,0,0,31,1
471898.nif,85,,0300000001000040400200000091ed25c100916a414a0cfbc20000000000000000db0fc9bf1f2d4c44c2b8323f030000004b9908c20e2da741cba1f0c26e469d3d42e4523e68e413bf8fd26d44c2b8323f03000000,1,0,0,0,56,1
174636.nif,85,,03000000010000404002000000cefadcbe554b1ebf5e835ebfdb0fc93f0000000000000000de715a42c3b8b23e01000000cefadcbe554b1ebf5e835ebfdb0fc93f0000000000000000de712842c3b8b23e01000000,1,0,0,0,32,1
279182.nif,85,,03000000010000404002000000a27a833f24eef93f17f1a8c0f25e9a3fa792abbb00000000ae270f43c3b8323f02000000a27a833f24eef93f17f1a8c0f25e9a3fa792abbb00000000ae270f43c3b8323f02000000,1,0,0,0,25,1
279191.nif,85,,03000000010000404002000000cefc823fe2cc0140bbedd5c04a82343fa792abbb46b3c3be31080e43c3b8323f0200000004fe003f378907c0d8d81fc0ab7f883f5077d6bc000000001f050e43c3b8323f02000000,1,0,0,0,25,1
279184.nif,85,,03000000010000404002000000a27a833f24eef93f17f1a8c0f25e9a3fa792abbb00000000ae270f43c3b8323f02000000a27a833f24eef93f17f1a8c0f25e9a3fa792abbb00000000ae270f43c3b8323f02000000,1,0,0,0,25,1
279193.nif,85,,03000000010000404002000000cefc823fe2cc0140bbedd5c04a82343fa792abbb46b3c3be31080e43c3b8323f0200000004fe003f378907c0d8d81fc0ab7f883f5077d6bc000000001f050e43c3b8323f02000000,1,0,0,0,25,1
279195.nif,85,,03000000010000404002000000cefc823fe2cc0140bbedd5c04a82343fa792abbb46b3c3be31080e43c3b8323f0200000004fe003f378907c0d8d81fc0ab7f883f5077d6bc000000001f050e43c3b8323f02000000,1,0,0,0,25,1
279194.nif,85,,03000000010000404002000000cefc823fe2cc0140bbedd5c04a82343fa792abbb46b3c3be31080e43c3b8323f0200000004fe003f378907c0d8d81fc0ab7f883f5077d6bc000000001f050e43c3b8323f02000000,1,0,0,0,25,1
279196.nif,85,,03000000010000404002000000cefc823fe2cc0140bbedd5c04a82343fa792abbb46b3c3be31080e43c3b8323f0200000004fe003f378907c0d8d81fc0ab7f883f5077d6bc000000001f050e43c3b8323f02000000,1,0,0,0,25,1
279198.nif,85,,03000000010000404002000000cefc823fe2cc0140bbedd5c04a82343fa792abbb46b3c3be31080e43c3b8323f0200000004fe003f378907c0d8d81fc0ab7f883f5077d6bc000000001f050e43c3b8323f02000000,1,0,0,0,25,1
279199.nif,85,,030000000100004040020000009ca23340ac560c4193c666407777973ff40f1f3ece2505bf75131243c3b8323f020000009ca23340ac560c4193c666407777973ff40f1f3ece2505bf75131243c3b8323f02000000,1,0,0,0,25,1
279200.nif,85,,0300000001000040400200000019ffea3f27a528408aac35bece25853fad874dbe975668be42a02543c3b8323f0200000019ffea3f27a528408aac35bece25853fad874dbe975668be42a02543c3b8323f02000000,1,0,0,0,25,1
519236.nif,85,,0300000001000040400200000008cd723f3f000d3f8cdb72c200000000fdad80bc8477023fd5488443c3b8323f0100000008cd723f3f000d3f8cdb72c200000000fdad80bc8477023fd5488443c3b8323f01000000,1,0,0,0,13,1
517384.nif,85,,030000000100004040020000000000000000000000c05b1fc2000000000000000035fa8ebe8b4c8843c3b8323f020000000000000000000000c05b1fc2000000000000000035fa8ebe8b4c8843c3b8323f02000000,1,0,0,0,36,1
517747.nif,85,,030000000100004040020000000000000000000000d97d36c2000000000000000035fa8ebebc948743c3b8323f020000000000000000000000d97d36c2000000000000000035fa8ebebc948743c3b8323f02000000,1,0,0,0,31,1
517751.nif,85,,03000000010000404002000000b95029bf309e13c08f42ebc1000000000000000035fa8ebe58099543c3b8323f02000000b95029bf309e13c08f42ebc1000000000000000035fa8ebe58099543c3b8323f02000000,1,0,0,0,28,1
518514.nif,85,,03000000010000404002000000999b7fbe01da5ebf35af1ac2000000000000000035fa8ebe984e9543c3b8323f02000000999b7fbe01da5ebf35af1ac2000000000000000035fa8ebe984e9543c3b8323f02000000,1,0,0,0,32,1
518352.nif,85,,03000000010000404002000000ba2cc63ea2eeaf3fa3c11ec2000000000000000035fa8ebee72b9943c3b8323f02000000ba2cc63ea2eeaf3fa3c11ec2000000000000000035fa8ebee72b9943c3b8323f02000000,1,0,0,0,31,1
518811.nif,85,,03000000010000404002000000c2ddb9c05d5ca641105817c29430b73ef9de8fbe63d94a3f31d8a743c3b8323f02000000c2ddb9c05d5ca641105817c29430b73ef9de8fbe63d94a3f31d8a743c3b8323f02000000,1,0,0,0,40,1
516721.nif,85,,030000000100004040020000008786793fa88c594021e4fcbd0998c43f0000000035fa8ebe2f4d6944c3b8323f030000008786793fa88c594021e4fcbd0998c43f0000000035fa8ebe2f4d6944c3b8323f03000000,1,0,0,0,12,1
516728.nif,85,,030000000100004040020000003faa613f0abf4440f6b7e4bd0998c43f0000000035fa8ebe8155f443c3b8323f020000003faa613f0abf4440f6b7e4bd0998c43f0000000035fa8ebe8155f443c3b8323f02000000,1,0,0,0,12,1
516733.nif,85,,030000000100004040020000003faa613f0abf4440f6b7e4bd0998c43f0000000035fa8ebe7b54ee43c3b8323f020000003faa613f0abf4440f6b7e4bd0998c43f0000000035fa8ebe7b54ee43c3b8323f02000000,1,0,0,0,12,1
516737.nif,85,,030000000100004040020000003faa613f0abf4440f6b7e4bd0998c43f0000000035fa8ebeeefce943c3b8323f020000003faa613f0abf4440f6b7e4bd0998c43f0000000035fa8ebeeefce943c3b8323f02000000,1,0,0,0,12,1
516744.nif,85,,030000000100004040020000006d1cf93f6a30d940f6797cbe0998c43f0000000035fa8ebefc993c44c3b8323f020000006d1cf93f6a30d940f6797cbe0998c43f0000000035fa8ebefc993c44c3b8323f02000000,1,0,0,0,12,1
516749.nif,85,,030000000100004040020000004087913fe8c17d40028013be0998c43f0000000035fa8ebe2ba7bb43c3b8323f020000004087913fe8c17d40028013be0998c43f0000000035fa8ebe2ba7bb43c3b8323f02000000,1,0,0,0,12,1
516525.nif,85,,030000000100004040020000005a0d4140b64a2c403a24193f0998c43f0000000035fa8ebe73e87843c3b8323f010000005a0d4140b64a2c403a24193f0998c43f0000000035fa8ebe73e87843c3b8323f01000000,1,0,0,0,12,1
516528.nif,85,,030000000100004040020000001daa613f0abf4440e9b6e4bd0998c43f0000000035fa8ebe89015b43c3b8323f010000001daa613f0abf4440e9b6e4bd0998c43f0000000035fa8ebe89015b43c3b8323f01000000,1,0,0,0,12,1
516529.nif,85,,030000000100004040020000001daa613f0abf4440e9b6e4bd0998c43f0000000035fa8ebecba14843c3b8323f010000001daa613f0abf4440e9b6e4bd0998c43f0000000035fa8ebecba14843c3b8323f01000000,1,0,0,0,12,1
516530.nif,85,,030000000100004040020000008b1a8c3f04ad7c400bb526be0998c43f0000000035fa8ebe79013944c3b8323f020000008b1a8c3f04ad7c400bb526be0998c43f0000000035fa8ebe79013944c3b8323f02000000,1,0,0,0,12,1
516537.nif,85,,03000000010000404002000000fc3872bfa5837940fa7f39bf0998c43f0000000035fa8ebe62f81544c3b8323f02000000fc3872bfa5837940fa7f39bf0998c43f0000000035fa8ebe62f81544c3b8323f02000000,1,0,0,0,12,1
516538.nif,85,,030000000100004040020000007bbc743fc45f5540310cf8bd0998c43f0000000035fa8ebe27394244c3b8323f020000007bbc743fc45f5540310cf8bd0998c43f0000000035fa8ebe27394244c3b8323f02000000,1,0,0,0,12,1
516539.nif,85,,030000000100004040020000003a238e3ff06d7c40ec8512be0998c43f0000000035fa8ebecda45644c3b8323f030000003a238e3ff06d7c40ec8512be0998c43f0000000035fa8ebecda45644c3b8323f03000000,1,0,0,0,12,1
516104.nif,85,,030000000100004040020000002575ce3f0dc385400d3720be0998c43f000000002a8dbcbe04268243c3b8323f020000002575ce3f0dc385400d3720be0998c43f000000002a8dbcbe04268243c3b8323f02000000,1,0,0,0,13,1
516108.nif,85,,030000000100004040020000000000000006000036bd6f6cc00998c43f000000004a82b4bedb197043c3b8323f020000000000000006000036bd6f6cc00998c43f000000004a82b4bedb197043c3b8323f02000000,1,0,0,0,12,1
516112.nif,85,,030000000100004040020000005053df3f41659940126a36be0998c43f00000000c3b8b2bea2bd0244c3b8323f020000005053df3f41659940126a36be0998c43f00000000c3b8b2bea2bd0244c3b8323f02000000,1,0,0,0,12,1
516113.nif,85,,0300000001000040400200000000000000060080b693188cc00998c43f00000000cd7cc5bedf0fd643c3b8323f0100000000000000060080b693188cc00998c43f00000000cd7cc5bedf0fd643c3b8323f01000000,1,0,0,0,12,1
516114.nif,85,,0300000001000040400200000000000000376c6940f86b02be0998c43f000000005346c7be4c3f0944c3b8323f0200000000000000376c6940f86b02be0998c43f000000005346c7be4c3f0944c3b8323f02000000,1,0,0,0,12,1
516154.nif,85,,030000000100004040020000006686793fa88c5940cde7fcbd0998c43f0000000035fa8ebe66969243c3b8323f010000006686793fa88c5940cde7fcbd0998c43f0000000035fa8ebe66969243c3b8323f01000000,1,0,0,0,12,1
516162.nif,85,,0300000001000040400200000072168a3f57b23d40cd95e1bd0998c43f0000000035fa8ebee1faf043c3b8323f0200000072168a3f57b23d40cd95e1bd0998c43f0000000035fa8ebee1faf043c3b8323f02000000,1,0,0,0,12,1
516169.nif,85,,0300000001000040400200000072168a3f57b23d40e597e1bd0998c43f0000000035fa8ebeaab91344c3b8323f0200000072168a3f57b23d40e597e1bd0998c43f0000000035fa8ebeaab91344c3b8323f02000000,1,0,0,0,12,1
516175.nif,85,,030000000100004040020000003a787a3f855f5a401edcfdbd0998c43f0000000035fa8ebe1d9af543c3b8323f020000003a787a3f855f5a401edcfdbd0998c43f0000000035fa8ebe1d9af543c3b8323f02000000,1,0,0,0,12,1
516183.nif,85,,030000000100004040020000000f62b33fca6c7640ec8512be0998c43f0000000035fa8ebe31206a44c3b8323f020000000f62b33fca6c7640ec8512be0998c43f0000000035fa8ebe31206a44c3b8323f02000000,1,0,0,0,12,1
516188.nif,85,,030000000100004040020000003a238e3ff06d7c40ec8512be0998c43f0000000035fa8ebecda45644c3b8323f030000003a238e3ff06d7c40ec8512be0998c43f0000000035fa8ebecda45644c3b8323f03000000,1,0,0,0,12,1
499034.nif,85,,030000000100004040020000002aa94e4118e012413a1227c21505973e00000000f1cb81bfb29d6643c2b8323f020000002aa94e4118e012413a1227c21505973e00000000f1cb81bfb29d6643c2b8323f02000000,1,0,0,0,28,1
239259.nif,85,,03000000010000404002000000ca3260c042cf56418e86ccc1e104eb3e000000001e206a3eae673443c3b8323f010000003e5b37bfe4145a41304cbac17fa8913e0998c4beb27c6f3f08ece942c3b8323f01000000,1,0,0,0,12,1
239341.nif,85,,03000000010000404002000000f3e50bc00000000058a86cc100000000000000000000000016bb7042c3b8323f010000001895d0bf527eba3f58a84cc1ae300d3e438d923da2c33abff54a6542c3b8323f01000000,1,0,0,0,12,1
239282.nif,85,,03000000010000404002000000f6edbc3ef6edbc3edfcfc1c1000000000000000000000000d5b8e542c3b8323f01000000f6edbc3ef6edbc3e7969b7c10000000000000000000000007c52b542c3b8323f01000000,1,0,0,0,12,1
239260.nif,85,,03000000010000404002000000000000000000000042cfb3c10000000000000000000000001ccbbf42c3b8323f01000000000000000000000042cfb3c1000000000000000000000000b6649442c3b8323f01000000,1,0,0,0,12,1
239347.nif,85,,03000000010000404002000000f99f08bf9f8f3e3f0da689bf000000004a8234bf0da181c0c10ad942c3b8323f01000000f99f08bf9f8f3e3f59c0dc3f000000004a8234bf0da181c0e77b7042c3b8323f01000000,1,0,0,0,15,1
239263.nif,85,,03000000010000404002000000d6a794be0b267ebc6065b7c100000000000000000000000058f9cc42c3b8323f01000000d6a794be0b267ebcc7cba9c1a09d093e00000000000000008b2cc142c3b8323f01000000,1,0,0,0,12,1
506367.nif,85,,03000000010000404002000000a81d1ebe0a800d400d8ef6bf920a063f6e469dbc00000000bf0e4d42c2b8323f02000000a81d1ebe0a800d400d8ef6bf920a063f6e469dbc00000000bf0e4d42c2b8323f02000000,1,0,0,0,12,1
506376.nif,85,,030000000100004040020000008787683fa167094055bf32be646c633f41513abfc44b4b3f284f2d42c3b8323f01000000c4ea4f3eec5118bf155701c0646c633f41513abfc44b4b3faf250742c3b8323f01000000,1,0,0,0,12,1
536062.nif,121,,030000000100004040030000000c93c4c033dc2a40b673bbc19656e83d8477823e000000008d57d142c2b8323f020000000c93c4c033dc2a40b673bbc19656e83d8477823e000000008d57d142c2b8323f02000000a52c8ec033dc2a40e9a68ac11e20eabe1bfab83e0000000081151942c2b8323f02000000,1,0,0,1,65,1
534390.nif,85,,03000000010000404002000000c72b083f81ec2d40f7e43dc1feb5c53f1cfab8be89c3e4baa4e0e843c3b8323f03000000c72b083f81ec2d40f7e43dc1feb5c53f1cfab8be89c3e4baa4e0e843c3b8323f03000000,1,0,0,0,71,1
585050.nif,85,,030000000100004040020000004dd65a405665f940cdaf00c19ff4493f0f8d66be3451cfbd6f52fb42c3b8323f010000004dd65a405665f940cdaf00c19ff4493f0f8d66be3451cfbd6f52fb42c3b8323f01000000,1,0,0,0,16,1
472845.nif,121,,03000000010000404003000000af5a13c18c4a384127a076c18a6c243f1e36113f5077d6bd7357b242c2b8323f02000000af5a13c18c4a384127a076c18a6c243f1e36113f5077d6bd7357b242c2b8323f020000001ff45cc18c4a38414783bac18a6c243f1e36113f35fa8ebe80482842c2b8323f02000000,1,0,0,0,15,1
472950.nif,121,,03000000010000404003000000af5a13c18c4a384127a076c18a6c243f1e36113f5077d6bd7357b242c2b8323f02000000af5a13c18c4a384127a076c18a6c243f1e36113f5077d6bd7357b242c2b8323f020000001ff45cc18c4a38414783bac18a6c243f1e36113f35fa8ebe80482842c2b8323f02000000,1,0,0,0,15,1
280687.nif,85,,03000000010000404002000000d8b6dfc09f4d9041f3ab1541db0fc93f000000000000000071fd2c43c3b8323f01000000d8b6dfc09f4d9041f3ab1541db0fc93f000000000000000071fd2c43c3b8323f01000000,1,0,0,0,19,1
472836.nif,121,,03000000010000404003000000827326c1efb81b41788ba4c142e4523e3fbea13e000000009603eb42c2b8323f02000000827326c1efb81b41788ba4c142e4523e3fbea13e000000009603eb42c2b8323f02000000827326c1efb81b41abbeebc142e4523e3fbea13e00000000c5a01742c2b8323f02000000,1,0,0,1,84,1
246708.nif,85,,03000000010000404002000000fdff11b851a4db3e09441bc1000000000000000000000000b4089d42c2b8323f0100000089ce8a3e9738aa3e09441bc10000000000000000b4252fbfe16b8a42c2b8323f01000000,1,0,0,0,12,1
246711.nif,85,,03000000010000404002000000faffffb48c15b240bb272b3fdb0fc93f00000000000000001a517442c2b8323f01000000b75de43f5da757408fe36bbf2cc9943fb056be3e1951f9bedd245142c2b8323f01000000,1,0,0,0,12,1
246761.nif,85,,030000000100004040020000003081dbbf1bd8b6bf55878cbfe4cb96400000000000000000a9d39342c2b8323f01000000cc410cbf7e3519c00917ca3eda84754000000000ea4b0c3fb90d7e42c2b8323f01000000,1,0,0,0,12,1
246766.nif,85,,03000000010000404002000000faffff3464afc640f3ff3fb6db0fc93f0000000000000000e63f8942c2b8323f0100000011017fc048f955403b0159c04d3b7e3f00000000f3665f3fdd645242c2b8323f01000000,1,0,0,0,12,1
246771.nif,85,,030000000100004040020000008db4d0bfb7fa0441b98d63c10000000000000000000000008262a642c2b8323f01000000efc945406957fc40b98d63c100000000000000001e3611bf00408c42c2b8323f01000000,1,0,0,0,12,1
246774.nif,85,,03000000010000404002000000faffff3408c9f640666630c0db0fc93f00000000000000005581a542c2b8323f01000000fce3e1c07e8cf0409a9903c0db0fc93f00000000fb04413f7b548742c2b8323f01000000,1,0,0,0,12,1
246784.nif,85,,0300000001000040400200000000000000d6ee0b416f64dabfdb0fc93f0000000000000000d95f6042c2b8323f01000000d68b7f40d10509403c88f5c0dede393f0000000001108abf80773642c2b8323f01000000,1,0,0,0,12,1
246791.nif,85,,0300000001000040400200000000000000cba1ce40b1fc35bfdb0fc93f0000000000000000fce96b42c2b8323f01000000a7224fc0ed818d4072e138c0d3878e3f000000003fbe213f4df33042c2b8323f01000000,1,0,0,0,12,1
246809.nif,85,,0300000001000040400200000008bd883caccaf64068cf453fdb0fc93f000000000000000001cd9742c2b8323f01000000f2ea764096ec8f4054e31bc06a02803f0000000019d407bf00a08a42c2b8323f01000000,1,0,0,0,12,1
246812.nif,85,,03000000010000404002000000f3ffbf35268db93fec1714c1000000000000000000000000359e4c42c3b8323f02000000d5959f3f2102304051e60dc13bef303e89c3643bf366dfbe91fe7e42c3b8323f02000000,1,0,0,0,12,1
246817.nif,85,,0300000001000040400200000000000000c155fe3d36cd36c1000000000000000000000000c5809342c2b8323f010000000000803fc155fe3d36cd36c10000000000000000150517bf56ce7342c2b8323f01000000,1,0,0,0,12,1
246822.nif,85,,03000000010000404002000000d2a925c091d05cc095f17fc0e4cb96400000000000000000ff92ba42c3b8323f01000000a2983c3c91d05cc095f17fc06db384bf000000009ddd0ec0ff929042c3b8323f01000000,1,0,0,0,12,1
246828.nif,85,,03000000010000404002000000ebaf113b707754402315c3c0db0fc93f00000000000000009d11a742c2b8323f0100000050e492405c8fc9c0f0f9a240c5e5144000000000e3bc20c07a075b42c2b8323f01000000,1,0,0,0,12,1
246833.nif,85,,03000000010000404002000000000000000000000000000000db0fc93f00000000000000000000c842c2b8323f0100000099d30bc026e4b73f1fa24fc07cd9203f66a83b3fff5e85bf19332942c2b8323f01000000,1,0,0,0,12,1
246836.nif,85,,030000000100004040020000007c4a09bd342e02407b665dc0e4cb964000000000db0f494018954442c2b8323f0100000059a62bbfd8d8f53fe2cc23c0e4cb964000000000d4805d407ffb2642c2b8323f01000000,1,0,0,0,12,1
246839.nif,85,,030000000100004040020000000f008034402f7c3fcf2c81bfdb0fc93f000000000000000051da1f42c2b8323f010000006c92afbe75cc253f3714a1bb0805ac3f000000001951f93eb150fd41c2b8323f01000000,1,0,0,0,12,1
246842.nif,85,,0300000001000040400200000000191f3dfe3d22bde2e96ac100000000000000000000000094e78d42c2b8323f01000000ff47bf3bfff861bde2e96ac10000000000000000a6922bbf5b027542c2b8323f01000000,1,0,0,0,12,1
246845.nif,85,,03000000010000404002000000ef8f943a404dbcc074d4093fe4cb96400000000000000000e3568f42c2b8323f010000005a0d3dc0b32414c0800e924034dc224000000000748481c066b72c42c2b8323f01000000,1,0,0,0,12,1
246445.nif,85,,03000000010000404002000000a96aa6403319e6bebf486cc0172b483ca574bfbf000000002b583c42c3b8323f01000000bf2b24c0035b0d402a91adc05ce4a83e512016be98ff273e6d272d42c3b8323f01000000,1,0,0,0,12,1
246453.nif,85,,03000000010000404002000000fef1bc4000000000faff7f3500000000e4cb964000000000ec807942c3b8323f010000003255b7401fd7b6bf060000361e206abe50c09840dd357abeeb624442c3b8323f01000000,1,0,0,0,12,1
246458.nif,85,,0300000001000040400200000092cbc7be404d11c0886854c0e4cb96400000000000000000c2466542c3b8323f0100000092cbc7be404d11c0543521c0f8c0a34088304cbf7de816408f135042c3b8323f01000000,1,0,0,0,12,1
247785.nif,85,,030000000100004040020000009a99c940ba2c324000000000db0fc93f00000000000000006dc55c42c3b8323f01000000d5b29dbf9088e53fd427753f077293be4e5125bfdb0fc93fd2805042c3b8323f01000000,1,0,0,0,12,1
246465.nif,85,,030000000100004040020000000e38813c9e41be4035d2fc40e4cb964000000000db0f494037098a42c3b8323f01000000986e18401c5f5540c976d840ef8fa9407cd9a0be954e234087f68042c3b8323f01000000,1,0,0,0,12,1
246468.nif,85,,030000000100004040020000000054f13ce1ee0240f9d978bedb0fc93f000000000000000003497742c3b8323f010000000054f13ce1ee0240f9d978be8477023f56ef863e7d6c39bf03497742c3b8323f01000000,1,0,0,0,12,1
246497.nif,85,,030000000100004040020000001b2ab0c00000000010cdccbe00000000db0fc93f00000000aa207d42c3b8323f010000001b2ab0c00000000010cdccbe00000000db0fc93f0000000077ed6342c3b8323f01000000,1,0,0,0,18,1
246500.nif,85,,0300000001000040400200000089d296bfbdd0b23d32e62cc1000000000000000000000000a3218a42c3b8323f01000000969536bebdd0b23d32e62cc135fa8e3e790ab0be7cc3793f7a766542c3b8323f01000000,1,0,0,0,12,1
246505.nif,85,,03000000010000404002000000c190b53e84652cbd9a99834100000000db0f4940000000008bec8a42c3b8323f010000000a662c3d761abec004e763417e665fbe28dd3940cf6d124087966d42c3b8323f01000000,1,0,0,0,12,1
246508.nif,85,,03000000010000404002000000000000000600003668790ec100000000000000000000000035fe0b43c3b8323f0100000001872ec0ce365f4001f7c4bea2c3ba3e5815383e68e413bf31e8a842c3b8323f01000000,1,0,0,0,12,1
247788.nif,85,,0300000001000040400200000058710abe161886403f5f89bddb0fc93f0000000000000000f2b01342c3b8323f0100000058710abe16188640ad2fe2bff366df3e113626be8f3b953ebf7d3a42c3b8323f01000000,1,0,0,0,12,1
246519.nif,85,,0300000001000040400200000000000000cdcc0c4020ef07c10000000000000000000000007dbf3442c3b8323f0100000000000000cdcc0c407311e3c064828a3e0998c43d0000000031591442c3b8323f01000000,1,0,0,0,12,1
246524.nif,85,,03000000010000404002000000449199bd5d6a343e86c991c100000000000000000000000066b7a242c3b8323f0100000086c99141009199bd5d6a34bee4cb9640000000000cbef53fab2f9042c3b8323f01000000,1,0,0,0,12,1
246532.nif,85,,0300000001000040400200000048c49cbf0358893a74411fc1000000000000000000000000087d1f428c92553f0100000048c49cbf0358893a74411fc10000000000000000ee71bd3ea993e8418c92553f01000000,1,0,0,0,12,1
246535.nif,85,,0300000001000040400200000083079cbd95469c3e2ffd0b3edb0fc93f0000000000000000d5785d42c3b8323f0100000083079cbd95469c3e2ffd0b3ea11a7b3fdedeb9be10a30d3f37898a42c3b8323f01000000,1,0,0,0,13,1
246548.nif,85,,030000000100004040020000000808a03b59ddce3f7ee4963edb0fc93f0000000000000000d8108042c3b8323f010000004f06e73f59ddce3f7ee4963e04a3a23e7a9d483f1698afbf4abb5d42c3b8323f01000000,1,0,0,0,12,1
246538.nif,85,,03000000010000404002000000fe0e85bdbf48b43f844757c0000000005077d63e63d94abf7d8e8342c3b8323f01000000fe0e85bdbf48b43fb77a0ac001fa62bea2c3ba3e6a0200c0c7e97342c3b8323f01000000,1,0,0,0,12,1
240383.nif,85,,03000000010000404002000000d0b368417a53a140c22fc0c0e104ebbef25e9a3f382040c0cb50c142c3b8323f02000000d0b368417a53a140c22fc0c0e104ebbef25e9a3f382040c0cb50c142c3b8323f02000000,1,0,0,0,16,1
240404.nif,85,,030000000100004040020000008087ad3d1aa26ebff90f5fc10000000000000000cb56943e283e8842c3b8323f0100000023a18ac00b4635c11bf5cdc072ff663f000000000ab63040238a4242c3b8323f01000000,1,0,0,0,12,1
240411.nif,85,,030000000100004040020000000000000000000000c4b157c10000000000000000000000009a598342c3b8323f010000000000000000000000c4b157c1b571fa3d65c72fbeaa7a863f9a194542c3b8323f01000000,1,0,0,0,12,1
240416.nif,85,,030000000100004040020000008ffc02c1a48a523e55f6dac00000000000000000e4cb9640a0497d42c3b8323f01000000ebc5e2c0a48a523e55f6dac0dede39bdfdad803cb5b08240a0495d42c3b8323f01000000,1,0,0,0,12,1
240419.nif,85,,030000000100004040020000007e00963fe8bcab40c74b3bc09cce183fb5252f3e475c03bff853f542c3b8323f020000007e00963fe8bcab40c74b3bc09cce183fb5252f3e475c03bff853f542c3b8323f02000000,1,0,0,0,16,1
246019.nif,85,,0300000001000040400200000000000000faffff34c66d23c10000000000000000e4cb96403237c442c3b8323f0200000000000000faffff34c66d23c10000000000000000e4cb9640656a9b42c3b8323f02000000,1,0,0,0,12,1
246023.nif,85,,0300000001000040400200000000000000000000000000000000000000db0fc93fe4cb964000008e42c3b8323f01000000000000000000000000000000000000003fa0b53f34dca2409a995d42c3b8323f01000000,1,0,0,0,12,1
240422.nif,85,,030000000100004040020000000000000000000000000000000000000000000000db0fc93f0000c842c3b8323f01000000cdcc8cc00000000000000000bfe9c1beebc87d3e32246d4000007442c3b8323f01000000,1,0,0,0,12,1
246042.nif,85,,03000000010000404002000000000040c05647a6be0f00803400000000db0fc93fdb0fc93f9d11e641c3b8323f010000004f9329be7b685f3ed1ae32becfa2763ffe2a723fc2a9bc407424cd41c3b8323f01000000,1,0,0,0,12,1
246050.nif,85,,030000000100004040020000000000000000000000c7f4a8c00000000000000000000000002d035942c3b8323f010000000000c03f00000000666646c0cfb81d3ff40f9f3e89d90bbf33331f42c3b8323f01000000,1,0,0,0,12,1
246057.nif,85,,0300000001000040400200000096048cc0226ca2c0fe2b4dc07661f0be3ea87a3f438d123fc64da142c2b8323f0100000096048cc0226ca2c0fe2b4dc07661f0be3ea87a3f438d123fc64da142c2b8323f01000000,1,0,0,0,12,1
246065.nif,85,,03000000010000404002000000516b22c0548c04414e7a09c042e4d23d1fc9a93f88bb9fbf37c99e42c3b8323f02000000516b22c0548c04414e7a09c042e4d23d1fc9a93f88bb9fbf37c99e42c3b8323f02000000,1,0,0,0,16,1
246069.nif,85,,03000000010000404002000000cedfee40221922bf796998c160b399bd780ab0be5346c73e00efb442c2b8323f020000001101edc03e3f90bf796998c160b399bd780ab0beac1221c0aee79542c2b8323f02000000,1,0,0,0,15,1
246081.nif,85,,03000000010000404002000000ec86853f0490ad407c7214c184f4f33eddb888be1fc9a93e107a5d42c3b8323f02000000ec86853f0490ad407c7214c184f4f33eddb888be1fc9a93e107a5d42c3b8323f02000000,1,0,0,0,16,1
538133.nif,85,,030000000100004040020000003fc670c08412d7c04f1ea2c100000000000000000000000087d6e942c2b8323f02000000eca36fc0a436e9c09398c2c100000000000000000000000087d6e942c2b8323f02000000,1,0,0,0,14,1
246026.nif,85,,030000000100004040020000002a52d64000c6004174a4a8c1b74be03ea7922bbe8a6ca4bedce6c742c3b8323f020000002a52d64000c6004174a4a8c1b74be03ea7922bbe8a6ca4be0e8d0543c3b8323f02000000,1,0,0,0,15,1
246084.nif,85,,030000000100004040020000002f6eef3f855fa0c0683315c1a792abbeb056bebe847702bf351e4a42c3b8323f020000002f6eef3f855fa0c0683315c1a792abbeb056bebe847702bf351e4a42c3b8323f02000000,1,0,0,0,16,1
246089.nif,85,,0300000001000040400200000039647fbfd82a07408deec9c04cbe0cbf920a86bea78b7ac04e116642c3b8323f010000002a7428c00e66db3eeeced3c04cbe0cbf94922bbc73a826c02fdd1842c3b8323f01000000,1,0,0,0,15,1
238492.nif,85,,03000000010000404002000000fa9d61bdfa9d613daab792bf00000000db0fc93fdb0fc93ff2709142c3b8323f0100000027a041c02a1d40bf50194d4025becb3d1c850c4092f45e3fccff3c42c3b8323f01000000,1,0,0,0,12,1
238702.nif,85,,030000000100004040020000000000000000000000a32339c100000000000000000998c43de385a142c3b8323f010000006666a6bffaff7f35107ae5c000000000b8f49fbe3820c03f2d726f42c3b8323f01000000,1,0,0,0,12,1
239245.nif,85,,03000000010000404002000000c72a953e5ad8c33f1d5a30c0000000000000000000000000be5f5f42c3b8323f01000000c72a953e5ad8c33f1d5a30c065ff7b3ec8add43e73927fbf25c63f42c3b8323f01000000,1,0,0,0,12,1
239249.nif,85,,0300000001000040400200000055f790be36e53640c98e89c069772c3f0000000000000000a6db5a42c3b8323f0100000055f790be36e53640c98e89c0b27c6f3e6977ac3eba128cbfd90e2042c3b8323f01000000,1,0,0,0,12,1
538156.nif,85,,0300000001000040400200000022ab1d4047e6f5bfdf6c45c000000000ce2585be939d1e3f0000c842c2b8323f020000003333474048a74ebfd7513fc0000000004a82b4be9bb8713f0000c842c2b8323f02000000,1,0,0,0,13,1
239252.nif,85,,03000000010000404002000000c174e23ef88d033fe6cc0abfda7c303f10a38dbf82ce423f304c6242c3b8323f01000000c174e23ef88d033fe6cc0abf19d4073dfb04c1bf0ab6b03ffc181742c3b8323f01000000,1,0,0,0,13,1
239256.nif,85,,03000000010000404002000000d49ad0c0d157c2c0cb1077c1000000000000000000000000b0928d42c3b8323f01000000287e4240849e3741fbcb54c1000000008477823ee5577e40a6aac742c3b8323f01000000,1,0,0,0,12,1
240121.nif,85,,0300000001000040400200000067d53f4149680f40e3353f3edb0fc93f0000000000000000be9f6c42c3b8323f01000000041cfac08273e6bfd77a05c19fe621bfda7a4e3f88d00dc0bd232a42c3b8323f01000000,1,0,0,0,12,1
240310.nif,85,,03000000010000404002000000d9080141861bde40d218e1c05ce4a83e3451cfbee104ebbe237b2043c3b8323f0100000000914ac169002641a53102c05ce4a83e3451cfbed14b363f2db2ec42c3b8323f01000000,1,0,0,0,12,1
240314.nif,85,,03000000010000404002000000e084623eb8581f40fd49413ddb0fc93f00000000000000007eecb942c3b8323f0100000064afe3bfb8581f40fd49413d46b3433fc8ad54be5a3be93e4bb9a242c3b8323f01000000,1,0,0,0,12,1
240317.nif,85,,0300000001000040400200000062d65dc0c1a838c03194e2c00000000000000000000000002b762842c3b8323f0100000062d65dc0c1a838c0319492c0f366df3e0b41043f43776bbfc50f7442c3b8323f01000000,1,0,0,0,12,1
240324.nif,85,,03000000010000404002000000163098c0faef153f45d8f3c0000000000000000000000000d656a042c3b8323f01000000163098c0faef153f45d8f3c0eb4b8c3e172bc8bc00000000dfe07342c3b8323f01000000,1,0,0,0,12,1
240327.nif,85,,03000000010000404002000000000000000000000066da52c0000000000000000000000000aa31e142c3b8323f010000009a9989c00000000066da52c0000000006c9d5d3e077213bf1265b242c3b8323f01000000,1,0,0,0,12,1
240332.nif,85,,0300000001000040400200000000000000e752843fcd2383c00000000000000000db0fc93fa4dfe541c3b8323f0100000000000000e752843fcd2383c0cfa276be46b3c33e79037f40d2ef0242c3b8323f01000000,1,0,0,0,12,1
240338.nif,85,,0300000001000040400200000039eebcbfc45a24c039eebcbfdb0fc93fdb0fc93fdb0fc93f3277ad42c3b8323f0100000039eebc3f39eebcbf3ca51b4060b319bf512016bdafb42f404013a842c3b8323f01000000,1,0,0,0,16,1
240343.nif,85,,0300000001000040400200000009365ebe0690c03987fe8cc0000000000000000000000000359e4b42c3b8323f01000000dbf9cebf0690c03987fe8cc000000000000000003082debe359e1d42c3b8323f01000000,1,0,0,0,12,1
240347.nif,85,,03000000010000404002000000025b9fbd850b09be9a99b1c10000000000000000000000005463e442c3b8323f01000000025b9fbd6c7849416d4592c149ef1b3f00000000000000005423ef42c3b8323f01000000,1,0,0,0,12,1
240352.nif,85,,0300000001000040400200000050c2fa40f3e34f3df31f84c00000000000000000e4cb964083001342c3b8323f0100000050c2fa40f3e34f3df31f84c000000000b8f49f3ed496844083001342c3b8323f01000000,1,0,0,0,12,1
493591.nif,85,,0300000001000040400200000040fbadc07c0a8f406536d4bf0b4184bf10a38d3fba128cbf33331742c2b8323f0200000040fbadc07c0a8f406536d4bf0b4184bf10a38d3fba128cbf33331742c2b8323f02000000,1,0,0,0,21,1
240761.nif,85,,03000000010000404002000000000000008d0b8f3f3cbd6cc1000000000000000000000000ef29be42c3b8323f01000000000000008d0b8f3f3cbd6cc10000000000000000c2251abf225db342c3b8323f01000000,1,0,0,0,12,1
241721.nif,85,,0300000001000040400200000003a023ba6ea32a4188f48b3edb0fc93f0000000000000000a1b8ae42c3b8323f01000000cfa09c408a13124149a209c06d28b13f00000000322b1ebfcdbb6f42f3665f3f01000000,1,0,0,0,12,1
245996.nif,85,,03000000010000404002000000ae81a53f6c21d2405890aa3f9756e83e706cce3e5ce428bfd94ec842c3b8323f01000000ae81a53f6c21d2405890aa3f9756e83e706cce3e5ce428bfd94e8542c3b8323f01000000,1,0,0,0,12,1
524158.nif,85,,03000000010000404002000000ff32be41e4144b413b015bc12cb36d3faeadfebe3098853f60254043c2b8323f01000000ff32be41e4144b413b015bc12cb36d3faeadfebe3098853f60254043c2b8323f01000000,1,0,0,0,12,1
524164.nif,85,,030000000100004040020000003dacadc1d26f2941376cddc02cb36d3fafadfebe3098853fcd4c3743c3b8323f010000003dacadc1d26f2941376cddc02cb36d3fafadfebe3098853fcd4c3743c3b8323f01000000,1,0,0,0,12,1
524162.nif,85,,030000000100004040020000003b705dc1772d324198869c40e44043bf35fa0e3cc2a93c408d37ee43c3b8323f010000003b705dc1772d324198869c40e44043bf35fa0e3cc2a93c408d37ee43c3b8323f01000000,1,0,0,0,12,1
524790.nif,85,,03000000010000404002000000365991c091d5ac40edf513c1d740d83e706cce3e00000000cb619842c2b8323f01000000365991c091d5ac40edf513c1d740d83e706cce3e00000000cb619842c2b8323f01000000,1,0,0,0,12,1
524166.nif,85,,03000000010000404002000000e6b1463eeaccbd3cc3f598c0ba1ad13e9387f7befed3b13ee9267c42c2b8323f01000000e6b1463eeaccbd3cc3f598c0ba1ad13e9387f7befed3b13ee9267c42c2b8323f01000000,1,0,0,0,12,1
524160.nif,85,,030000000100004040020000006406c0406b7d4dc08cdb4dc12cb36d3faeadfebe3098853fbc548c43c2b8323f010000006406c0406b7d4dc08cdb4dc12cb36d3faeadfebe3098853fbc548c43c2b8323f01000000,1,0,0,0,12,1
396574.nif,121,,030000000100004040030000000e8d82bcb57c33bd1f9ee5be0000000048d9743ee4cb963f16eaee41c3b8323f010000000e8d82bcb57c33bd1f9ee5be0000000048d9743ee4cb963f16eaee41c3b8323f010000000e8d82bcb57c33bd1f9ee5be0000000048d9743ee4cb963f16eaba41c3b8323f01000000,1,0,0,0,15,1
396552.nif,121,,030000000100004040030000005a4792c0cbb991407660a5c10000000000000000b39216c00565af42c2b8323f020000005a4792c0cbb991407660a5c10000000000000000b39216c00565af42c2b8323f020000005a4792c0cbb991407660a5c10000000000000000b39216c00565a342c2b8323f02000000,1,0,0,0,12,1
591247.nif,85,,030000000100004040020000001a6c1abe26017a40c22f0140db0fc93f00000000000000000b24cb41c3b8323f0100000099d30bc026e4b73f1fa24fc07cd9203f66a83b3fff5e85bf19332942c3b8323f01000000,1,0,0,0,12,0
406608.nif,85,,030000000100004040020000000abf903f7e52853faa02fbc100000000000000003fa87a3fec11f442c3b8323f0100000090c90fc1a8c6c4c0c7baebc100000000b056be3e205c423fcbe1d042c3b8323f01000000,1,0,0,0,49,1
592708.nif,85,,030000000100004040020000000000000000000000000090c000000000000000000000000066669e41c3b8323f010000000000000000000000000090c000000000000000000000000066669e41c3b8323f01000000,1,0,0,0,15,0
592853.nif,85,,030000000100004040020000003333b33f000000000000c0bf16982f3f000000004e5125bf6666ea41c3b8323f010000003333b33f000000000000c0bf16982f3f000000004e5125bf6666ea41c3b8323f01000000,1,0,0,0,16,0
592626.nif,85,,030000000100004040020000003333b33f000000000000c0bf16982f3f000000004e5125bf6666ea41c3b8323f010000003333b33f000000000000c0bf16982f3f000000004e5125bf6666ea41c3b8323f01000000,1,0,0,0,16,0
592615.nif,85,,03000000010000404002000000000000000000000011fc8fc0000000000000000000000000849e9041c3b8323f01000000000000000000000011fc8fc0000000000000000000000000849e9041c3b8323f01000000,1,0,0,0,15,0
592628.nif,85,,030000000100004040020000000000000000000000000040c06146323f00000000000000009a99e941c3b8323f010000000000000000000000000040c06146323f00000000000000009a99e941c3b8323f01000000,1,0,0,0,15,0
377928.nif,85,,030000000100004040020000006ec25dbea930a23f4861bac10000000000000000000000009ca43443c3b8323f020000006ec25dbec28648c14861bac142e4d23debc8fdbd3820403f020b2543c3b8323f02000000,1,0,0,0,75,1
507141.nif,85,,030000000100004040020000003d2ca8bff8c24541a6bba1c20000000000000000db0fc9be9edfbb43c3b8323f020000003d2ca8bff8c24541a6bba1c20000000000000000db0fc9be9edfbb43c3b8323f02000000,1,0,0,0,15,1
503197.nif,85,,030000000100004040020000008d5e1dbeffb213c0c96558c20000000089c3e43b2cc9143f251686439992403f020000008d5e1dbeffb213c0c96558c20000000089c3e43b2cc9143f251686439992403f02000000,1,0,0,0,18,1
68336.nif,85,,030000000100004040020000002254c53f4ab5cbbf6ea761bf73927fbe7fa8913e3cfe26c0516b7e42c3b8323f0100000056d4803ffd6ae63f7d9194bf41513a3fdedeb93cdede39bd026bb942c3b8323f01000000,1,0,0,1,37,1
500913.nif,85,,03000000010000404002000000faffff34faffff3480b745c100000000000000000000000016aa5942c3b8323f02000000faffff34faffff3480b745c100000000000000000000000016aa5942c3b8323f02000000,1,0,0,0,20,1
500836.nif,85,,03000000010000404002000000000000005c72903f1c7a1fbfab7f883f0000000000000000a8e60843c3b8323f02000000000000005c72903f1c7a1fbfab7f883f0000000000000000a8e60843c3b8323f02000000,1,0,0,0,15,1
500845.nif,85,,0300000001000040400200000000000000809f77400b631140ab7f883f000000000000000096739143c3b8323f0200000000000000809f77400b631140ab7f883f000000000000000096739143c3b8323f02000000,1,0,0,0,15,1
500846.nif,85,,03000000010000404002000000060080b620624fbf0855c6c0ab7f883f0000000000000000cf379843c3b8323f02000000060080b620624fbf0855c6c0ab7f883f0000000000000000cf379843c3b8323f02000000,1,0,0,0,15,1
500847.nif,85,,030000000100004040020000000000000060ead33fa5f769bfab7f883f00000000000000001d5ad743c3b8323f020000000000000060ead33fa5f769bfab7f883f00000000000000001d5ad743c3b8323f02000000,1,0,0,0,15,1
500848.nif,85,,0300000001000040400200000006008036a30601402a748ebfab7f883f00000000000000006d67e643c3b8323f0200000006008036a30601402a748ebfab7f883f00000000000000006d67e643c3b8323f02000000,1,0,0,0,15,1
500857.nif,85,,03000000010000404002000000000000005c72903f1c7a1fbfab7f883f0000000000000000a8e60843c3b8323f02000000000000005c72903f1c7a1fbfab7f883f0000000000000000a8e60843c3b8323f02000000,1,0,0,0,15,1
500858.nif,85,,03000000010000404002000000000000005457e23f50e479bfab7f883f0000000000000000e15a8743c3b8323f02000000000000005457e23f50e479bfab7f883f0000000000000000e15a8743c3b8323f02000000,1,0,0,0,15,1
500859.nif,85,,03000000010000404002000000000000001ac0d33fdac869bfab7f883f00000000000000003fa58b43c3b8323f02000000000000001ac0d33fdac869bfab7f883f00000000000000003fa58b43c3b8323f02000000,1,0,0,0,15,1
500860.nif,85,,030000000100004040020000000600803621c8f13f817885bfab7f883f0000000000000000ec21c643c3b8323f020000000600803621c8f13f817885bfab7f883f0000000000000000ec21c643c3b8323f02000000,1,0,0,0,15,1
500861.nif,85,,030000000100004040020000000600803637e0d33fc4ec69bfab7f883f0000000000000000cd3cd243c3b8323f020000000600803637e0d33fc4ec69bfab7f883f0000000000000000cd3cd243c3b8323f02000000,1,0,0,0,15,1
493318.nif,85,,03000000010000404002000000d993d83ea8529b409a777cbe76ecc33f150597be35fa0ebcfdd69342c2b8323f02000000d993d83ea8529b409a777cbe76ecc33f150597be35fa0ebcfdd69342c2b8323f02000000,1,0,0,0,15,1
493327.nif,85,,030000000100004040020000000d37ac3f3fe3d7407d78663e7c4ecd3fe67c9bbe35fa8ebcf43ded42c2b8323f020000000d37ac3f3fe3d7407d78663e7c4ecd3fe67c9bbe35fa8ebcf43ded42c2b8323f02000000,1,0,0,0,15,1
493328.nif,85,,030000000100004040020000008599ae3f2fa8b1402fc0febd5f28c63f077293befb04413def09c642c2b8323f020000008599ae3f2fa8b1402fc0febd5f28c63f077293befb04413def09c642c2b8323f02000000,1,0,0,0,15,1
395790.nif,85,,03000000010000404002000000c8ee323e12a2703fdcd7d4c100000000000000000000000075930043c2b8323f020000000fd134c015550f3edcd7d4c100000000000000000000000075930043c2b8323f02000000,1,0,0,0,16,1
395794.nif,85,,03000000010000404002000000795882408099cf3e79e98dc2000000000000000000000000f6c8a243c2b8323f0200000064905f3f8099cf3e79e98dc2000000000000000000000000f6c8a243c2b8323f02000000,1,0,0,0,15,1
395798.nif,85,,030000000100004040020000002cc7babdb613ddbe36cd2fc2000000000000000000000000297c5443c2b8323f020000002cc7babdb613ddbe36cd2fc2000000000000000000000000297c5443c2b8323f02000000,1,0,0,0,20,1
407156.nif,85,,0300000001000040400200000071e60fbf76c396becb21d3c20000000000000000000000008ff2f143c2b8323f02000000483386be2ffa8c40cb21d3c20000000000000000000000008ff2f143c2b8323f02000000,1,0,0,0,23,1
395700.nif,85,,030000000100004040020000001a69053fa62966bfca5289c2000000000000000000000000dbf98b43c2b8323f020000001a69053fa62966bfca5289c2000000000000000028fa23bf75138143c2b8323f02000000,1,0,0,0,15,1
395706.nif,85,,03000000010000404002000000ae13523d695133bf103a50c200000000000000000000000073684c43c2b8323f02000000ae13523d695133bf103a50c200000000000000000000000073684c43c2b8323f02000000,1,0,0,0,16,1
395707.nif,85,,03000000010000404002000000011318bd74ec7cbf002f03c20000000000000000000000002db20e43c2b8323f02000000011318bd74ec7cbf002f03c2000000000000000001fae23e2db20e43c2b8323f02000000,1,0,0,0,16,1
592141.nif,85,,030000000100004040020000000000000006000036f4ec08c2000000000000000082ce423f06a10543c3b8323f020000000000000006000036f4ec08c2000000000000000082ce423f06a10543c3b8323f02000000,1,0,0,0,27,0
592130.nif,85,,030000000100004040020000000000000000000000c65c5dc200000000000000006b0a453fa8064643c3b8323f030000000000000000000000c65c5dc200000000000000006b0a453fa8064643c3b8323f03000000,1,0,0,0,27,0
592152.nif,85,,0300000001000040400200000097add13fe0f3bf3fc43182c200000000000000005120163f7d5f4743c3b8323f0300000097add13fe0f3bf3fc43182c200000000000000005120163f7d5f4743c3b8323f03000000,1,0,0,0,26,0
592046.nif,85,,03000000010000404002000000060000b6ff3edc40224cb5c20000000000000000000000006fd2b34302100a3f03000000060000b6ff3edc40224cb5c20000000000000000000000006fd2b34302100a3f03000000,1,0,0,0,20,0
591676.nif,85,,030000000100004040020000000000000000000000239bd2c200000000000000005e0a5a3f12139843c3b8323f030000000000000000000000239bd2c200000000000000005e0a5a3f12139843c3b8323f03000000,1,0,0,0,27,0
469516.nif,85,,03000000010000404002000000333323c1cdccbc408a10b6c2000000000000000000000000cbd1eb43c2b8323f02000000c74b264144a94f428a10b6c2000000006b9d5d3d71150ebfcbd1eb43c2b8323f02000000,1,0,0,0,37,1
592157.nif,85,,0300000001000040400200000000000000000000007af64ec200000000000000009161463f44eb2a43d2de4e3f0300000000000000000000007af64ec200000000000000009161463f44eb2a43d2de4e3f03000000,1,0,0,0,27,0
490918.nif,85,,03000000010000404002000000e15db63feb8b5440d2efd2c10000000000000000000000008340e142c2b8323f02000000e15db63feb8b5440d2efd2c10000000000000000000000008340e142c2b8323f02000000,1,0,0,0,17,1
490920.nif,85,,030000000100004040020000005beb933f4fe98a409b9517c2000000000000000000000000fc893c43c2b8323f020000004bc85941ea048d419b9517c20000000000000000850a1bbf21902043c2b8323f02000000,1,0,0,0,18,1
469511.nif,85,,03000000010000404002000000a3234b41b5a6bec2444b00c300000000000000000000000073b03a44c2b8323f02000000e3a5d7c11b2f45c2be3f00c30000000088c364bb298d3cbff8032b44c2b8323f02000000,1,0,0,0,15,1
490976.nif,85,,03000000010000404002000000fa0d073fb2bc1b3edcd7a6c10000000000000000000000003749ff42c2b8323f020000004aef84c08603a340dcd7a6c1000000000000000045b3433f6a7ce142c2b8323f02000000,1,0,0,0,18,1
407173.nif,85,,03000000010000404002000000d95f094176e08ac0211002c3000000000000000000000000c395dd432cb36d3f0200000047838ac1d5097fc1211002c30000000000000000f0bc0bc0c395dd432cb36d3f02000000,1,0,0,0,15,1
407178.nif,85,,03000000010000404002000000e5c40541250611c00641f8c2000000000000000000000000a82e2344780a303f01000000e5c405412b8788c10641f8c2000000000000000004c18ebfa82e2344780a303f01000000,1,0,0,0,17,1
500785.nif,85,,0300000001000040400200000000000000060000b607b065c200000000000000000000000081957643c3b8323f0200000000000000060000b607b065c200000000000000000000000081957643c3b8323f02000000,1,0,0,0,16,1
500807.nif,85,,03000000010000404002000000f41f2dbc006f21c0fff235c200000000000000000000000014ce3743c3b8323f02000000f41f2dbc006f21c0fff235c200000000000000000000000014ce3743c3b8323f02000000,1,0,0,0,16,1
500815.nif,85,,03000000010000404002000000060000360000000048ff15c200000000000000000000000000c02c43c3b8323f02000000060000360000000048ff15c200000000000000000000000000c02c43c3b8323f02000000,1,0,0,0,16,1
528043.nif,85,,030000000100004040020000007b1422c1baf7a9c0d94eafc15077563ef366df3e72ff663f1f05ea42c3b8323f010000007b1422c1baf7a9c0d94eafc15077563ef366df3e72ff663f1f05ea42c3b8323f01000000,1,0,0,0,14,1
528046.nif,85,,0300000001000040400200000086c921c1c8efb7c00523b8c15077563ef366df3ef3665f3fd5b83743c3b8323f0100000086c921c1c8efb7c00523b8c15077563ef366df3ef3665f3fd5b83743c3b8323f01000000,1,0,0,0,14,1
592365.nif,85,,030000000100004040020000009a998940000000009a9911c15e0a5a3e0000000000000000cdcc0b439430373f010000009a998940000000009a9911c15e0a5a3e0000000000000000cdcc0b439430373f01000000,1,0,0,0,15,0
511073.nif,85,,030000000100004040020000000ab0593b98c0f13f098a39c05d0ada3dc2b8b2be22989a3fb8de2742c2b8323f010000000ab0593b98c0f13f098a39c05d0ada3dc2b8b2be22989a3fb8de2742c2b8323f01000000,1,0,0,0,13,1
511084.nif,85,,0300000001000040400200000044f0b9bd408fb7bd02bc22c1000000000000000022989a3fee5a3b42c2b8323f0100000044f0b9bd408fb7bd02bc22c1000000000000000022989a3fee5a3b42c2b8323f01000000,1,0,0,0,13,1
511066.nif,85,,03000000010000404002000000032c0d3d50fc843f350cffbfca56143f0000000000000000bf6eaf42c2b8323f01000000032c0d3d50fc843f350cffbfca56143f0000000000000000bf6eaf42c2b8323f01000000,1,0,0,0,13,1
511090.nif,85,,030000000100004040020000004432043d9d81d13dce884ec00000000000000000db0fc93f76e0ae41c2b8323f010000004432043d9d81d13dce884ec00000000000000000db0fc93f76e0ae41c2b8323f01000000,1,0,0,0,13,1
511003.nif,85,,03000000010000404002000000fbae983f3194cbbefd3610c200000000000000000000000089211743c2b8323f01000000fbae983f3194cbbefd3610c200000000000000000000000089211743c2b8323f01000000,1,0,0,0,13,1
592368.nif,85,,03000000010000404002000000000000009a9999be333393c08f3b953e0000000082cec2be0000c842e3ad2a3f010000000000000000000000000000008a6c243f00000000000000000000c842c3b8323f01000000,1,0,0,0,20,0
592373.nif,85,,030000000100004040020000000954bd3bfda7d5bbe336a0c10000000000000000ae308dbe217fa542c3b8323f010000000954bd3bfda7d5bbe336a0c10000000000000000ae308dbe217fa542c3b8323f01000000,1,0,0,0,20,0
592560.nif,85,,03000000010000404002000000f83f3dbaff9f6b3accdd9ec100000000000000001cfab8bedbaaa542c3b8323f01000000f83f3dbaff9f6b3accdd9ec100000000000000001cfab8bedbaaa542c3b8323f01000000,1,0,0,0,20,0
592561.nif,85,,03000000010000404002000000f4654e3dfb67b83bfbdc9ec1000000000000000063d9cabea953a542c3b8323f01000000f4654e3dfb67b83bfbdc9ec1000000000000000063d9cabea953a542c3b8323f01000000,1,0,0,0,20,0
592320.nif,85,,03000000010000404002000000848dea41b97ce1413d0a84c1ae308dbe64f7b6bf2a8dbcbef2527e43c3b8b23e01000000848dea41b97ce1413d0a84c1ae308dbe64f7b6bf2a8dbcbef2527e43c3b8b23e01000000,1,0,0,0,15,0
592317.nif,85,,0300000001000040400200000000000000000000007ac2cfc027670b3f0000000000000000a69b0e42c3b8323f0100000000000000000000007ac2cfc027670b3f0000000000000000a69b0e42c3b8323f01000000,1,0,0,0,15,0
511229.nif,85,,030000000100004040020000001094cb3e000000004ee20ec100000000000000000000000032151542c2b8323f010000001094cb3e000000004ee20ec100000000000000000000000032151542c2b8323f01000000,1,0,0,0,13,1
511284.nif,85,,03000000010000404002000000fc23c2bdfd9f0eba40dde8be3098053f0000000000000000355e7542c2b8323f01000000fc23c2bdfd9f0eba40dde8be3098053f0000000000000000355e7542c2b8323f01000000,1,0,0,0,13,1
592381.nif,85,,0300000001000040400200000028f2df40129065bbf90f3bc0db0f493f00000000d9e917be73378242c3b8323f0100000028f2df40129065bbf90f3bc0db0f493f00000000d9e917be73378242c3b8323f01000000,1,0,0,0,15,0
592384.nif,85,,030000000100004040020000000defc33c129065bb41f109c034514f3f0000000000000000a2052242c3b8323f010000000defc33c129065bb41f109c034514f3f0000000000000000a2052242c3b8323f01000000,1,0,0,0,15,0
592314.nif,85,,03000000010000404002000000f99402c11cf0e9407b1483c1475c033f0000000005363b3fd3cd3743b27cef3e01000000f99402c11cf0e9407b1483c1475c033f0000000005363b3fd3cd3743b27cef3e01000000,1,0,0,0,15,0
511113.nif,85,,03000000010000404002000000412c033f24ef4c3ff38e90c2000000000000000000000000cf77a643c2b8323f02000000412c033f24ef4c3ff38e90c2000000000000000000000000cf77a643c2b8323f02000000,1,0,0,0,13,1
582796.nif,121,,030000000100004040030000001e4ea83e73f4c43f08cb38bffe40993fa5e96bbea792abbb96e18c42c3b8323f010000001e4ea83e73f4c43f08cb38bffe40993fa5e96bbea792abbb96e18c42c3b8323f010000001e4ea83e73f4c43f08cb38bffe40993fa5e96bbea792abbb96e18c42c3b8323f01000000,1,0,0,0,21,1
460897.nif,85,,03000000010000404002000000876a22bff6efbabcc8476ac2000000000000000000000000d90e1344c3b8323f01000000876a22bf06e0babcc8476ac2f097eebe64820a3f0000000066e69043c3b8323f01000000,1,0,0,0,31,1
511527.nif,85,,03000000010000404002000000b075893ec843f73e342d99be56ef863fc3b8b2be06fa0ebda392bd41c3b8323f01000000b075893ec843f73e342d99be56ef863fc3b8b2be06fa0ebda392bd41c3b8323f01000000,1,0,0,0,12,1
396349.nif,121,,03000000010000404003000000b116afbeb2baeac0a83a81c098aea040d51aa73eae1a663f7d1f7343c3b8323f02000000bcae13c1a33bd0408f53ddc125b686bf02100ac068e4133fc1cac942c3b8323f020000003bdf63c1b2baeac01ff404c20956b340dd4b213fffd3b13e27b17142c3b8323f02000000,1,0,0,0,21,1
397629.nif,121,,030000000100004040030000009016afbe349de6c02c9abfc083aa9d40000000006c9dddbd00c08143c3b8323f02000000c89825c0d1cbcc4011b6bbc1cd49aa40b0d21b40d9e917bed34ddb42c3b8323f0200000017540f41349de6c0812615c24a91aa406e469d3db8f49fbe33339242c3b8323f02000000,1,0,0,0,21,1
500950.nif,85,,0300000001000040400200000004e5763fc9b0d0405a8197c0a2c33a3fce2585be0000000007df8342c3b8323f0200000004e5763fc9b0d0405a8197c0a2c33a3fce2585be0000000007df8342c3b8323f02000000,1,0,0,0,16,1
503437.nif,85,,030000000100004040020000000900c0b6060080376668b0c20000000000000000f0ad153f83a0c643c3b8323f030000000900c0b6060080376668b0c20000000000000000f0ad153f83a0c643c3b8323f03000000,1,0,0,0,19,1
503440.nif,85,,03000000010000404002000000f6ffff360b00e037999bb0c200000000000000008f3b15bf12c3d743c3b8323f03000000f6ffff360b00e037999bb0c200000000000000008f3b15bf12c3d743c3b8323f03000000,1,0,0,0,19,1
503443.nif,85,,03000000010000404002000000090040b8060080b7a72869c200000000000000001cfab8be6fe28043c3b8323f02000000090040b8060080b7a72869c200000000000000001cfab8be6fe28043c3b8323f02000000,1,0,0,0,19,1
503446.nif,85,,030000000100004040020000000000000000000000ea046ac20000000000000000a9b8dcbe37897243c3b8323f020000000000000000000000ea046ac20000000000000000a9b8dcbe37897243c3b8323f02000000,1,0,0,0,19,1
503461.nif,85,,030000000100004040020000000900c036060000b6d9fd86c2000000000000000008052cbf81d59343c3b8323f020000000900c036060000b6d9fd86c2000000000000000008052cbf81d59343c3b8323f02000000,1,0,0,0,30,1
503465.nif,85,,030000000100004040020000000900c036faff7fb5a31251c20000000000000000939d1ebf0ce26043c3b8323f020000000900c036faff7fb5a31251c20000000000000000939d1ebf0ce26043c3b8323f02000000,1,0,0,0,30,1
503469.nif,85,,03000000010000404002000000c9ab9c40fe7d0e411a51c3c19ff4c93e00000000fdad00bfc9363243c3b8323f02000000c9ab9c40fe7d0e411a51c3c19ff4c93e00000000fdad00bfc9363243c3b8323f02000000,1,0,0,0,30,1
503473.nif,85,,030000000100004040020000000d3487be6e87363ee7ddb34200000000a56549c0a09d09bf6accc843c3b8323f020000000d3487be6e87363ee7ddb34200000000a56549c0a09d09bf6accc843c3b8323f02000000,1,0,0,0,27,1
503474.nif,85,,03000000010000404002000000f3ff3f36faff7fb50641d2c20000000000000000000000001263cf43c3b8323f01000000f3ff3f36faff7fb50641d2c20000000000000000000000001263cf43c3b8323f01000000,1,0,0,0,27,1
503475.nif,85,,030000000100004040020000000000000000000000397422c200000000000000000000000058f93043c3b8323f010000000000000000000000397422c200000000000000000000000058f93043c3b8323f01000000,1,0,0,0,27,1
503476.nif,85,,03000000010000404002000000753cc340fb5c6941de71fcc1aad6c8bf00000000076b62c0a2854143c3b8323f01000000753cc340fb5c6941de71fcc1aad6c8bf00000000076b62c0a2854143c3b8323f01000000,1,0,0,0,28,1
503501.nif,85,,03000000010000404002000000faff7fb5faff7fb5db8a09c200000000000000000000000073281243c3b8323f02000000faff7fb5faff7fb5db8a09c200000000000000000000000073281243c3b8323f02000000,1,0,0,0,18,1
503502.nif,85,,03000000010000404002000000ff42cf3c34f80bbf4cb711c2000000000000000060b319bf850b1643c3b8323f02000000ff42cf3c34f80bbf4cb711c2000000000000000060b319bf850b1643c3b8323f02000000,1,0,0,0,15,1
503503.nif,85,,0300000001000040400200000000000000f3ff3f36fd070cc2000000000000000084f4f3be81151643c3b8323f0200000000000000f3ff3f36fd070cc2000000000000000084f4f3be81151643c3b8323f02000000,1,0,0,0,18,1
503514.nif,85,,03000000010000404002000000f6ffff36060080b6e96644c20000000000000000b98738bf27a1bf43c3b8323f02000000f6ffff36060080b6e96644c20000000000000000b98738bf27a1bf43c3b8323f02000000,1,0,0,0,30,1
503515.nif,85,,0300000001000040400200000006008036000000009ab746c20000000000000000b8f41fbf198c0444c3b8323f0200000006008036000000009ab746c20000000000000000b8f41fbf198c0444c3b8323f02000000,1,0,0,0,30,1
503516.nif,85,,03000000010000404002000000000000000600003611f644c20000000000000000000000001b1f1444c3b8323f02000000000000000600003611f644c20000000000000000000000001b1f1444c3b8323f02000000,1,0,0,0,30,1
503526.nif,85,,0300000001000040400200000091440a419a774541713d01c2f366df3e00000000aa611cbffc510744c3b8323f0200000091440a419a774541713d01c2f366df3e00000000aa611cbffc510744c3b8323f02000000,1,0,0,0,18,1
503527.nif,85,,030000000100004040020000001101a3403ecbe840925c98c1f366df3e00000000aa611cbf2bd7db43c3b8323f020000001101a3403ecbe840925c98c1f366df3e00000000aa611cbf2bd7db43c3b8323f02000000,1,0,0,0,18,1
503528.nif,85,,03000000010000404002000000621027418d976e41d5271cc2f366df3e00000000aa611cbf8105d543c3b8323f02000000621027418d976e41d5271cc2f366df3e00000000aa611cbf8105d543c3b8323f02000000,1,0,0,0,18,1
406925.nif,85,,03000000010000404002000000fde9753d000000009a3767c2000000000000000000000000fafe7143c3b8323f02000000fde9753d2e001d3f9a3767c2000000000000000022efda3ec74b5043c3b8323f02000000,1,0,0,0,28,1
419709.nif,85,,0300000001000040400200000056f1823fdac9aa40efb8acc100000000000000000000000031e8b843c3b8323f0300000056f1823fdac9aa40efb8acc1a792ab3d65ff7bbeab7f883fcb41c543c3b8323f03000000,1,0,0,0,18,1
419714.nif,85,,03000000010000404002000000a852d340fdff1f37fee5e1c10000000000000000000000005208f043c3b8323f020000009554a141b4c8224144fad1c100000000507756be566c783fdde49243c3b8323f02000000,1,0,0,0,31,1
419152.nif,85,,030000000100004040020000007f69a13db79706c0252391c0bfe9c1bef3665fbefdad00bf2b270143c3b8323f02000000a80064bf205ecfbf3fa994c0bfe9c1be00000000fdad00bfbcf40343c3b8323f02000000,1,0,0,0,24,1
493137.nif,85,,03000000010000404002000000d0ed99bfe8676ebfe6ff4ec25077563dc2b8323d6db304bf6d474c4362d94a3f01000000d0ed99bfe8676ebfe6ff4ec25077563dc2b8323d6db304bf6d474c4362d94a3f01000000,1,0,0,0,16,1
406938.nif,85,,03000000010000404002000000d4f20bbf7db3a1bf9ad942c200000000000000000000000068f15643c3b8323f02000000d4f20bbf7db3a1bf9ad942c20000000000000000bb1ad1be68f15643c3b8323f02000000,1,0,0,0,32,1
419719.nif,85,,0300000001000040400200000000000000060000364d8406c200000000000000000000000039c4e243c3b8323f0300000000000000060000364d8406c25815383eae308dbe84f4733f39c4e243c3b8323f03000000,1,0,0,0,15,1
406955.nif,85,,03000000010000404002000000840d7dc1e6bfcb41ac4502c100000000db0fc93fe4cb964012a37c43c3b8323f01000000840d7dc1e6bfcb41a24562c100000000db0fc93f23989abf79893143c3b8323f01000000,1,0,0,0,19,1
592328.nif,85,,03000000010000404002000000dbf9a4413400ae418c8a38c20772133f000000006fd935bfa2c58f43fe40193f01000000dbf9a4413400ae418c8a38c20772133f000000006fd935bfa2c58f43fe40193f01000000,1,0,0,0,15,0
526946.nif,85,,0300000001000040400200000016de94c06ac1a9407328fbc2dedeb93d172b483db8f49fbefc614044c3b8323f0300000016de94c06ac1a9407328fbc2dedeb93d172b483db8f49fbefc614044c3b8323f03000000,1,0,0,0,38,1
591148.nif,85,,030000000100004040020000007cb4683fad5121403b5308c030825e3f19d487bd1e36113fec911144c3b8323f020000007cb4683fad5121403b5308c030825e3f19d487bd1e36113fec911144c3b8323f02000000,1,0,0,0,23,0
501089.nif,85,,030000000100004040020000007cb4683fad5121403b5308c030825e3f19d487bd1e36113fec911144c3b8323f020000007cb4683fad5121403b5308c030825e3f19d487bd1e36113fec911144c3b8323f02000000,1,0,0,0,23,1
501087.nif,85,,03000000010000404002000000a6449ebff6d11740e62210c030825e3f19d487bd1e36113f29bcb543c3b8323f02000000a6449ebff6d11740e62210c030825e3f19d487bd1e36113f29bcb543c3b8323f02000000,1,0,0,0,23,1
501084.nif,85,,03000000010000404002000000b2689ebf88f41740d44310c030825e3f19d487bd1e36113fe79b4343c3b8323f02000000b2689ebf88f41740d44310c030825e3f19d487bd1e36113fe79b4343c3b8323f02000000,1,0,0,0,23,1
526932.nif,85,,030000000100004040020000002a913840fd303c40836e17c142e4d23e00000000743b3fbf47c36942c3b8323f010000002a913840fd303c40836e17c142e4d23e00000000743b3fbf47c36942c3b8323f01000000,1,0,0,0,12,1
526939.nif,85,,030000000100004040020000000b521fbdda1c1f3f7e0cbbc166a83b3e172b483de80f34bf4e62c842c3b8323f010000000b521fbdda1c1f3f7e0cbbc166a83b3e172b483de80f34bf4e62c842c3b8323f01000000,1,0,0,0,12,1
506984.nif,85,,03000000010000404002000000b459a0c0c5feb2bf29dcfdc1000000000000000019d407bf04761443c2b8323f01000000b459a0c0c5feb2bf29dcfdc1000000000000000019d407bf04761443c2b8323f01000000,1,0,0,0,25,1
527984.nif,85,,030000000100004040020000004cb797c12731d641dd35bec20000000000000000533e823fe1a29144c3b8323f020000004cb797c12731d641dd35bec20000000000000000533e823fe1a29144c3b8323f02000000,1,0,0,0,15,1
527996.nif,85,,030000000100004040020000001815ddc16677f24188f447c25077563ec3b832bef3665f3f563e7744c3b8323f030000001815ddc16677f24188f447c25077563ec3b832bef3665f3f563e7744c3b8323f03000000,1,0,0,0,15,1
528004.nif,85,,030000000100004040020000006cf8b7c159460b42724a3ec25077563ec3b832bef3665f3f5c379f44c3b8323f030000006cf8b7c159460b42724a3ec25077563ec3b832bef3665f3f5c379f44c3b8323f03000000,1,0,0,0,15,1
528015.nif,85,,03000000010000404002000000c2069cc1de029741c8473ac25077563ec3b832bef3665f3f6626aa44c3b8323f03000000c2069cc1de029741c8473ac25077563ec3b832bef3665f3f6626aa44c3b8323f03000000,1,0,0,0,15,1
592332.nif,85,,03000000010000404002000000333353c03333cbc1cdcc4cbe0067ca3f0000000000f21dc033b37243c3b8323f0200000081e601c2ffa1124213f29ec19756e83e00000000813b2abfa8868443c3b8323f02000000,1,0,0,0,15,0
526764.nif,85,,03000000010000404002000000bf43113fbd3ab33f38f837c17b30613e00000000db0fc9bec3559e42c3b8323f01000000bf43113fbd3ab33f38f837c17b30613e00000000db0fc9bec3559e42c3b8323f01000000,1,0,0,0,33,1
526790.nif,85,,03000000010000404002000000faffff34faff7fb5e4148cc1ee71bd3d00000000150597be507c9242c3b8323f01000000faffff34faff7fb5e4148cc1ee71bd3d00000000150597be507c9242c3b8323f01000000,1,0,0,0,27,1
526809.nif,85,,03000000010000404002000000ba320cbf1b2aaa3f2653edc1fb04413d89c3e43cce2585be08eceb42c3b8323f01000000ba320cbf1b2aaa3f2653edc1fb04413d89c3e43cce2585be08eceb42c3b8323f01000000,1,0,0,0,27,1
526863.nif,85,,03000000010000404002000000687768be6a67b83e0e3e17c142e4d23d89c3e43cce2585be5e4b3242c3b8323f01000000687768be6a67b83e0e3e17c142e4d23d89c3e43cce2585be5e4b3242c3b8323f01000000,1,0,0,0,27,1
527964.nif,85,,030000000100004040020000000c7647c060658041709f4bc25077563ec3b832bef3665f3f0a578243c3b8323f020000000c7647c060658041709f4bc25077563ec3b832bef3665f3f0a578243c3b8323f02000000,1,0,0,0,30,1
527971.nif,85,,03000000010000404002000000908859be1006e04061b2e9c15077563ec3b832bef3665f3f37c93943c3b8323f02000000908859be1006e04061b2e9c15077563ec3b832bef3665f3f37c93943c3b8323f02000000,1,0,0,0,30,1
527978.nif,85,,030000000100004040020000005f46d3409e5e3941ac1c97c25077563ec3b832bef3665f3f9e8fe243c3b8323f030000005f46d3409e5e3941ac1c97c25077563ec3b832bef3665f3f9e8fe243c3b8323f03000000,1,0,0,0,30,1
506979.nif,85,,030000000100004040020000000f973cbe87a31bbea3439d4200000000db0f494000000000e9a61b44c2b8b23e020000000f973cbe87a31bbea3439d4200000000db0f494000000000e9a61b44c2b8b23e02000000,1,0,0,0,25,1
507028.nif,85,,030000000100004040020000007cf08a3e7862563f5f5e38bf87304c3f00000000000000000c028243c2b8323f010000007cf08a3e7862563f5f5e38bf87304c3f00000000000000000c028243c2b8323f01000000,1,0,0,0,13,1
592335.nif,85,,03000000010000404002000000000000005531553f81f9aabd0000000000000000a09d093fe5b06843c3b8323f01000000000000005531553f81f9aabd0000000000000000a09d093fe5b06843c3b8323f01000000,1,0,0,0,15,0
592338.nif,85,,03000000010000404002000000781c1a41644c18427542a3c27661f03e00000000d9e997be6aacf0436e461d3f01000000781c1a41644c18427542a3c27661f03e00000000d9e997be6aacf0436e461d3f01000000,1,0,0,0,15,0
592341.nif,85,,03000000010000404002000000f413f33ca4df3240c79aa6c200000000000000007fa8113fc375b543c3b8323f01000000f413f33ca4df3240c79aa6c200000000000000007fa8113fc375b543c3b8323f01000000,1,0,0,0,51,0
592344.nif,85,,03000000010000404002000000855c493f00024abfe52134c25815b83ea09d893e534647bfd112b243c3b8323f01000000855c493f00024abfe52134c25815b83ea09d893e534647bfd112b243c3b8323f01000000,1,0,0,0,15,0
592347.nif,85,,0300000001000040400200000016dea840b398a43f2dc323c2a2c3ba3e1e206a3e5e2081bf9ecfcc43a6ff123f0100000016dea840b398a43f2dc323c2a2c3ba3e1e206a3e5e2081bf9ecfcc43a6ff123f01000000,1,0,0,0,21,0
592350.nif,85,,03000000010000404002000000771035c0226cab402db261c2e5d3db3e00000000cfb81d3f8db7b943c3b8323f01000000771035c0226cab402db261c2e5d3db3e00000000cfb81d3f8db7b943c3b8323f01000000,1,0,0,0,15,0
592329.nif,85,,03000000010000404002000000853c42425d3e7142cb613fc300000000b056be3e60c20fc0aec33345ee71bd3e01000000853c42425d3e7142cb613fc300000000b056be3e60c20fc0aec33345ee71bd3e01000000,1,0,0,0,15,0
528035.nif,85,,030000000100004040020000001826cec088e3c741ccee60c2cd7cc53e172b483e2cb36dbef2ba3d44c3b8323f030000001826cec088e3c741ccee60c2cd7cc53e172b483e2cb36dbef2ba3d44c3b8323f03000000,1,0,0,0,35,1
525753.nif,85,,030000000100004040020000005a2abc4011369740ac0d9ac2d14bb63d8a6c24bd7661f0beb082a743c3b8323f020000005a2abc4011369740ac0d9ac2d14bb63d8a6c24bd7661f0beb082a743c3b8323f02000000,1,0,0,0,30,1
530571.nif,85,,03000000010000404002000000c729e1c1ead5324229b399bfdb0fc93f00000000f9de0f3fcd3c4e44e21a123f03000000c729e1c1ead5324229b399bfdb0fc93f00000000f9de0f3fcd3c4e44e21a123f03000000,1,0,0,0,15,1
530576.nif,85,,03000000010000404002000000000000000000000027313dc30000000000000000b27cef3e2934bc447effd13e03000000000000000000000027313dc30000000000000000b27cef3e2934bc447effd13e03000000,1,0,0,0,15,1
530581.nif,85,,03000000010000404002000000394529c1e067dc401dfa5bc30000000035fa0ebc000000001d225b4490ce2d3f03000000394529c1e067dc401dfa5bc30000000035fa0ebc000000001d225b4490ce2d3f03000000,1,0,0,0,24,1
530601.nif,85,,03000000010000404002000000ba1a794229fc3143fa5e6243028dfb3f2cb3edbe6c9dddbdec6d2445920a063f03000000ba1a794229fc3143fa5e6243028dfb3f2cb3edbe6c9dddbdec6d2445920a063f03000000,1,0,0,0,15,1
530650.nif,85,,0300000001000040400200000075c812c1887406c272f95fc08a6c243d5ac6bc3f1d18a53f1fcd9444c3b8323f0300000075c812c1887406c272f95fc08a6c243d5ac6bc3f1d18a53f1fcd9444c3b8323f03000000,1,0,0,0,15,1
592353.nif,85,,030000000100004040020000008fd39ac1a52ce7416e43bbc2b27c6fbe000000006f4e6240a4d80444c3b8323f010000008fd39ac1a52ce7416e43bbc2b27c6fbe000000006f4e6240a4d80444c3b8323f01000000,1,0,0,1,45,0
592356.nif,85,,03000000010000404002000000840d32c18b6c67be2df224c2000000000000000090ce2d3fcb015043c3b8323f02000000840d32c11b2f69412df224c2000000000000000090ce2d3f649b2d43c3b8323f02000000,1,0,0,0,30,0
592359.nif,85,,03000000010000404002000000fd694b3f48e157c13eb93ac2000000000000000034514fbf5ae45443c3b8323f02000000fd694b3f48e157c13eb93ac2000000000000000034514fbf5ae45443c3b8323f02000000,1,0,0,0,15,0
592362.nif,85,,0300000001000040400200000000000000cdcc2cc0cdcc36c2000000000000000082ce42bf33b31543a6ff923f02000000000000006666f142cdcc2cc2000000000000000082ce42bf00000000a6ff923f02000000,1,0,0,0,15,0
526926.nif,85,,03000000010000404002000000cbb9854081264a41aec7d9c14da8e53e7cd9a0bd438d12be27914b43c3b8323f01000000cbb9854081264a41aec7d9c14da8e53e7cd9a0bd438d12be27914b43c3b8323f01000000,1,0,0,0,13,1
581772.nif,85,,030000000100004040020000001b5c84bcff1fab3bd03320c200000000000000000000000029dc7943c2b8323f020000001b5c84bcff1fab3bd03320c200000000000000000000000029dc7943c2b8323f02000000,1,0,0,0,19,1
582705.nif,85,,0300000001000040400200000000000000c39e2c40f6ffffb6db0fc93f000000000000000017080a42c3b8323f010000004df9d03d569a0e4088b948bf954ea33f00000000b76107bf3ff50342c3b8323f01000000,1,0,0,0,16,1
583247.nif,121,,03000000010000404003000000404d2f405305194080b7e4c0a7922b3c8a6ca4be34dca23f9398c241c3b8323f01000000404d2f405305194080b7e4c0a7922b3c8a6ca4be34dca23f9398c241c3b8323f01000000404d2f405305194080b7e4c0a7922b3c8a6ca4be34dca23f9398c241c3b8323f01000000,1,0,0,0,15,1
583244.nif,121,,030000000100004040030000003f8f99befc8ccbbfb3d287c066a8bb3e0f8d663e6e461dbf98ae0742c3b8323f010000003f8f99befc8ccbbfb3d287c066a8bb3e0f8d663e6e461dbf98ae0742c3b8323f010000003f8f99befc8ccbbfb3d287c066a8bb3e0f8d663e6e461dbf98ae0742c3b8323f01000000,1,0,0,0,15,1
583427.nif,121,,030000000100004040030000009fe36f3f533f433f752b0cc17cd9203e25becbbda09d893f61b21142c3b8323f010000001d38e33f57ea51bf18fd11c100000000000000009387f73fcdbb0c42c3b8323f010000009fe36f3f533f433f752b0cc17cd9203e25becbbda09d893f61b21142c3b8323f01000000,1,0,0,0,15,1
583242.nif,121,,030000000100004040030000001d38bfbf01bde0be40fbc8c0a5e96b3ddedeb93d42e4d23e5906c941c3b8323f010000001d38bfbf01bde0be40fbc8c0a5e96b3ddedeb93d42e4d23e5906c941c3b8323f010000001d38bfbf01bde0be40fbc8c0a5e96b3ddedeb93d42e4d23e5906c941c3b8323f01000000,1,0,0,0,15,1
583426.nif,121,,030000000100004040030000007637134069c850bf0950c0c000000000000000008830cc3ffcd81842c3b8323f01000000661423406bbb713fc078bcc0172b48bdcb5694be8830cc3ff9b1e941c3b8323f01000000661423406bbb713fc078bcc0172b48bdcb5694be8830cc3ff9b1e941c3b8323f01000000,1,0,0,0,15,1
583243.nif,121,,03000000010000404003000000d5cfe73f9560853f888033c035fa0e3f35fa8ebd113626bed6c5a141cce92c3f01000000d5cfe73f9560853f888033c035fa0e3f35fa8ebd113626bed6c5a141cce92c3f01000000d5cfe73f9560853f888033c035fa0e3f35fa8ebd113626bed6c5a141cce92c3f01000000,1,0,0,0,15,1
583246.nif,121,,030000000100004040030000003baaba3ed9947f403a5dadc0706cce3efdad803d3451cfbdc66dbb41c3b8323f010000003baaba3ed9947f403a5dadc0706cce3efdad803d3451cfbdc66dbb41c3b8323f010000003baaba3ed9947f403a5dadc0706cce3efdad803d3451cfbdc66dbb41c3b8323f01000000,1,0,0,0,16,1
583245.nif,121,,03000000010000404003000000167fa5bc683ffa3feeb1e5c0b27cef3df40f9f3e05c18ebf6900f241c3b8323f01000000167fa5bc683ffa3feeb1e5c0b27cef3df40f9f3e05c18ebf6900f241c3b8323f01000000167fa5bc683ffa3feeb1e5c0b27cef3df40f9f3e05c18ebf6900f241c3b8323f01000000,1,0,0,0,15,1
583399.nif,85,,0300000001000040400200000000000000000000009a99993e6515a33f19d4073d89c3e43b00004943c3b8323f0100000000000000000000009a99993e6515a33f19d4073d89c3e43b00004943c3b8323f01000000,1,0,0,0,15,1
540101.nif,85,,030000000100004040020000005e9de3bd132caa3f8104e1c10000000000000000a4e9eb3ef067e242c2b8323f020000000322e4bdc93caa3f25f5e0c10000000000000000a4e9eb3e3f75e242c2b8323f02000000,1,0,0,0,13,1
540099.nif,85,,03000000010000404002000000fe7d1240554da4bfb77abfc017b69b3f438d12bec3b832bf776d7b42c3b8323f01000000fe7d1240554da4bfb77abfc017b69b3f438d12bec3b832bf776d7b42c3b8323f01000000,1,0,0,0,13,1
540102.nif,85,,0300000001000040400200000040c110c136cd7e419621eec0dede393f81ce423f18be60bff0c78443c2b8323f0300000040c110c136cd7e419621eec0dede393f81ce423f18be60bff0c78443c2b8323f03000000,1,0,0,0,13,1
524502.nif,85,,03000000010000404002000000d1791dc054e31140fc35eac0e5d3db3e6e469dbcce0f5e3f17192d42c3b8323f01000000d1791dc054e31140fc35eac0e5d3db3e6e469dbcce0f5e3f17190f42c3b8323f01000000,1,0,0,0,14,1
540098.nif,85,,03000000010000404002000000f4a65ac07adffc40761ab5c0000000003d15e23e674205c03ff5e542c3b8323f01000000f4a65ac07adffc40761ab5c0000000003d15e23e674205c03ff5e542c3b8323f01000000,1,0,0,0,12,1
524517.nif,85,,0300000001000040400200000087e10540f5f36440772df9bf28fa233f55ef86be7effd13ec7691c42c2b8323f0200000087e10540f5f36440772df9bf28fa233f55ef86be7effd13ec7691c42c2b8323f02000000,1,0,0,0,13,1
524510.nif,85,,030000000100004040020000008eaf41bfa0a99f3e234a52c10000000000000000000000003f175742c3b8323f010000008eaf41bfa0a99f3e234a52c10000000000000000172bc8be3f175742c3b8323f01000000,1,0,0,0,14,1
540100.nif,85,,03000000010000404002000000639c87bfdaac10405db318c10f8de63e0000000025be4b3e06c1f242c2b8323f02000000897c17bf19391b405db318c10f8de63e0000000000000000f43dcd42c2b8323f02000000,1,0,0,0,14,1
506379.nif,85,,030000000100004040020000008d2889bfaf2588bf7ffb90c1000000000000000000000000d93fbf42c2b8323f010000008d2889bfaf2588bf7ffb90c1000000000000000000000000d93fbf42c2b8323f01000000,1,0,0,0,12,1
381343.nif,85,,0300000001000040400200000086ad893e060000369c33b7c1000000000000000000000000b499bd420d67353f0100000086ad893e060000369c33b7c1000000000000000000000000b499bd420d67353f01000000,1,0,0,0,15,1
175355.nif,85,,030000000100004040020000004ed1d53fc6a21940452f0dc000000000099844bf0df2883f99fbb242c3b8b23e010000004ed1d53fc6a21940452f0dc000000000099844bf0df2883f99fbb242c3b8b23e01000000,1,0,0,0,20,1
175357.nif,85,,030000000100004040020000005e9dcbbf2d5b53c023a133c0a4f5523f0cb80abbdc9e65c0bc96a342c3b8b23e010000003eb388c03832a33fab9599bf9ce6913fa2938cbf2c3780c072f98142c3b8b23e01000000,1,0,0,0,18,1
175364.nif,85,,030000000100004040020000001cefbe3e33df093fb30796bf00000000847702bf3115773fd9bd0e42c3b8b23e010000001cefbe3e33df093fb30796bf00000000847702bf3115773fd9bd0e42c3b8b23e01000000,1,0,0,0,18,1
175367.nif,85,,03000000010000404002000000715a843f25af863f7a70f3bf000000005ce428bfc44b4b3fb17f3442c3b8b23e01000000715a843f25af863f7a70f3bf000000005ce428bfc44b4b3fb17f3442c3b8b23e01000000,1,0,0,0,18,1
509096.nif,85,,0300000001000040400200000094fba13f450d8e3feeb110c0000000005ce428bfc44b4b3f2d92a142c3b8b23e0100000094fba13f450d8e3feeb110c0000000005ce428bfc44b4b3f2d92a142c3b8b23e01000000,1,0,0,0,18,1
509100.nif,85,,030000000100004040020000003acc87bf8b897540d3de13c1c687a33f1fc9a9bec44b4b3f3749fc42c3b8b23e010000003acc87bf8b897540d3de13c1c687a33f1fc9a9bec44b4b3f3749fc42c3b8b23e01000000,1,0,0,0,18,1
509103.nif,85,,03000000010000404002000000153aa33fb919a63fd61c16c0000000005ce428bfc44b4b3f26e49f42c3b8b23e01000000153aa33fb919a63fd61c16c0000000005ce428bfc44b4b3f26e49f42c3b8b23e01000000,1,0,0,0,18,1
509106.nif,85,,03000000010000404002000000840d0fc094f61cc01748eec0000000005ce428bfc44b4b3fdbb90c43c3b8b23e01000000840d0fc094f61cc01748eec0000000005ce428bfc44b4b3fdbb90c43c3b8b23e01000000,1,0,0,0,18,1
509109.nif,85,,0300000001000040400200000073a20bc0dae1ebbf711bcfc0438d923dd3fcba3f7eff513f46657a42c3b8b23e0100000073a20bc0dae1ebbf711bcfc0438d923dd3fcba3f7eff513f46657a42c3b8b23e01000000,1,0,0,0,18,1
509112.nif,85,,03000000010000404002000000cc9bf33e6746f73eea9259bf000000005ce428bfc44b4b3f1294eb41c3b8b23e01000000cc9bf33e6746f73eea9259bf000000005ce428bfc44b4b3f1294eb41c3b8b23e01000000,1,0,0,0,18,1
509115.nif,85,,0300000001000040400200000086750f3fbea3363f07ffac3cdd357abf5ce428bf5f9df23fde02bc41c3b8b23e0100000086750f3fbea3363f07ffac3cdd357abf5ce428bf5f9df23fde02bc41c3b8b23e01000000,1,0,0,0,18,1
509128.nif,85,,03000000010000404002000000075fc1409014bf4033c430c1000000005ce428bfc44b4b3f291cf642c3b8b23e01000000075fc1409014bf4033c430c1000000005ce428bfc44b4b3f291cf642c3b8b23e01000000,1,0,0,0,18,1
524354.nif,85,,0300000001000040400200000001f6a1bf603a5d3f1cb1babf8477023f00674abfddb8883f8ec67b42c3b8323f010000002d3e913fd410ad3e1e4e703f4a82b43ef9de0fbfddb8883f5b931642c3b8323f01000000,1,0,0,0,15,1
544570.nif,85,,0300000001000040400200000056467f3fc6f9cf3fff049bbf8d256e3f1e20eabe0000000093a95542c3b8323f0100000056467f3fc6f9cf3fff049bbf8d256e3f1e20eabe0000000060764042c3b8323f01000000,1,0,0,0,15,1
544571.nif,85,,0300000001000040400200000033c2733fa1b91e40bf8282c0c092013ff40f1f3e2a8d3cbfa49f4c42c3b8323f0100000033c2733fa1b91e40bf8282c0c092013ff40f1f3e2a8d3cbf716c3f42c3b8323f01000000,1,0,0,0,15,1
544572.nif,85,,03000000010000404002000000df37cebe0ce530bf7f13de3f7b3061bf94a563c0987b05404a7bc241c3b8323f01000000df37cebe0ce530bf267035400cd41cbf94a563c0987b0540b1e1a841c3b8323f01000000,1,0,0,0,15,1
3109.nif,85,,0300000001000040400200000081040fc04738cd3fb0030fc0db0f493f7661f0bedb0fc93f30cab342c2251a3f01000000317c1e40443414403b5324c01a51f93e172bc83ef8c868bfaae28842c2251a3f01000000,1,0,0,0,15,1
387348.nif,85,,03000000010000404002000000f4096abc087290be15b019bb0000000000000000000000000000c842c3b8323f01000000f4096abc087290be15b019bbdedeb93ccb56143ecfa2f6bfcdcc0e42c3b8323f01000000,1,0,0,0,15,1
386359.nif,121,,0300000001000040400300000090bd9ebf224f2640bf0e77c1b27c6f3e000000004cbe0c3f39b42943c2b8323f0200000082ad184001de1a41e33642c172a8263f3befb0be0c67b53e00002e43c2b8323f02000000b5e00b4001de1a41c66db4c044202b3f60b399be03a3a23ecdcc8442c2b8323f02000000,1,0,0,0,49,1
386667.nif,85,,030000000100004040020000000ce79abe68b38abe855bfe3d7cd9a03d27670b3e3451cf3d3dcaa942c2b8323f010000000ce79abe68b38abe855bfe3d7cd9a03d27670b3e3451cf3d0000b442c2b8323f01000000,1,0,0,0,28,1
393941.nif,85,,030000000100004040020000003b8e63bf4a5eb53f8060103cdb0fc93f0000000000000000b1bfb641c3b8323f010000009082f7bea52ccb3fa83773be6146b23f000000002d5cadbe5b423041c3b8323f01000000,1,0,0,0,21,1
386355.nif,85,,03000000010000404002000000852493bec51a3abf184434bfdb0fc93f00000000db0fc93f8d28bb41c3b8323f020000007cd37c3f6059e9bd7bf7773e5a3be9bef366dfbe3d1c13403ee8b441c3b8323f02000000,1,0,0,0,12,1
547010.nif,85,,03000000010000404002000000f2ff11bbfe7708bc56cee5c2000000000000000000000000084ced43c3b8323f02000000f2ff11bbfe7708bc789c3fc100000000ecde243fca406dbf73a87043c3b8323f02000000,1,0,0,0,15,1
497131.nif,121,,030000000100004040030000000000000000000000666616c163828a3e0b41043e000000000000c842c2b8323f020000000000000000000000666616c163828a3e0b41043eefad153f0000c842c2b8323f020000006666d64000000000cdccac4027e4fc3e42e4d23ee21a12bf33334b42c2b8323f02000000,1,0,0,0,71,1
543494.nif,121,,03000000010000404003000000bdc4d83dea955e404f404fc100000000000000003d15e2bf7cd2c742c2b8323f02000000bdc4d83dea955e404f404fc1ed713dbe4a82343e3d15e2bf6fd2c242c2b8323f0200000015c60640ea955e4082736ac1438d12be35fa0ebd3d15e2bf773e0942c2b8323f02000000,1,0,0,0,221,1
493957.nif,85,,03000000010000404002000000060000b606008036c36454c20000000000000000000000007b347543c3b8323f02000000060000b606008036c36454c20000000000000000000000007b347543c3b8323f02000000,1,0,0,0,25,1
490686.nif,85,,030000000100004040020000004f58c7c0185ba540625015c26b9d5d3efcad003da2c33a3f770eb4436db3043f020000004f58c7c0185ba540625015c26b9d5d3efcad003da2c33a3f770eb4436db3043f02000000,1,0,0,0,20,1
504678.nif,85,,0300000001000040400200000014b3febfbc79ce4012bd16c18a6c243ef47c063f309885bf1f051043c3b8323f0200000014b3febfbc79ce4012bd16c18a6c243ef47c063f309885bf1f051043c3b8323f02000000,1,0,0,0,13,1
469354.nif,85,,0300000001000040400200000094de05c03771c8c0ce19d2c0780ab03ededeb9bca692abbe7308a342c2b8323f01000000363c9640e48322c0197350c1780ab03ededeb9bca692abbe96433b43c2b8323f01000000,1,0,0,0,12,1
469333.nif,85,,03000000010000404002000000faff7fb58ee9cd40a16744c1e004eb3e2f82de3e5be4a8be7feaec42c2b8323f01000000faff7fb58ee9cd40a16744c1e004eb3e2f82de3e5be4a8be7feaec42c2b8323f01000000,1,0,0,0,13,1
493293.nif,85,,03000000010000404002000000c3bb0640fbdca141304c6ec103a322be35fa0ebcee8f294064fb37438d256e3f01000000c3bb0640fbdca541304c6ec103a322be35fa0ebcee8f294064fb37435120963f01000000,1,0,0,0,13,1
329635.nif,85,,03000000010000404002000000be30213f8193b5be82add2c00000000000000000a09d09be13e13d42c3b8323f01000000be30213f8193b5be82add2c00000000000000000b8f49fbe13e13d42c3b8323f01000000,1,0,0,0,18,1
504401.nif,85,,03000000010000404002000000fbad59bff3c8073f7c723fc2fdad003e89c3643b7392ffbed1d28d43c3b8323f02000000fbad59bff3c8073f7c723fc2fdad003e89c3643b7392ffbed1d28d43c3b8323f02000000,1,0,0,1,66,1
581409.nif,121,,03000000010000404003000000130d1e3f37df7c3f2db2c1bfac87cd3ecfa2f6bedb0f493fd9ce1242c2b8323f01000000130d1e3f37df7c3f2db2c1bfac87cd3ecfa2f6bedb0f493fd9ce1242c2b8323f01000000130d1e3f37df7c3f2db2c1bfac87cd3ecfa2f6bedb0f493fd9ce1242c2b8323f01000000,1,0,0,0,24,1
493664.nif,85,,03000000010000404002000000641eafc06683c8bf751366c2000000000000000000000000cd8c8b43c2b8323f02000000641eafc06683c8bf751366c2000000000000000000000000cd8c8b43c2b8323f02000000,1,0,0,0,19,1
493676.nif,85,,03000000010000404002000000f86d083ea434d33ebcc52cc2000000000000000000000000eedc3c43c2b8323f02000000f86d083ea434d33ebcc52cc2000000000000000000000000eedc3c43c2b8323f02000000,1,0,0,0,19,1
493680.nif,85,,0300000001000040400200000000000000000000006666b3c2000000000000000000000000a08aba43c2b8323f0200000000000000000000006666b3c2000000000000000000000000a08aba43c2b8323f02000000,1,0,0,0,19,1
493684.nif,85,,03000000010000404002000000000000000000000066662ac20000000000000000000000005a442c43c2b8323f01000000000000000000000066662ac20000000000000000000000005a442c43c2b8323f01000000,1,0,0,0,19,1
493688.nif,85,,03000000010000404002000000c079393f611a8e3f1a1166c200000000000000000000000081258043c2b8323f02000000c079393f611a8e3f1a1166c200000000000000000000000081258043c2b8323f02000000,1,0,0,0,19,1
493692.nif,85,,0300000001000040400200000000000000000000009a994fc20000000000000000000000000ad75943c2b8323f0200000000000000000000009a994fc20000000000000000000000000ad75943c2b8323f02000000,1,0,0,0,19,1
493696.nif,85,,030000000100004040020000000000000000000000666689c2000000000000000000000000e3158843c2b8323f020000000000000000000000666689c2000000000000000000000000e3158843c2b8323f02000000,1,0,0,0,19,1
500939.nif,85,,030000000100004040020000003411963e31ef913e300f01bfe1fca53f00000000f6a237bf65df1c41c3b8323f010000003411963e31ef913e300f01bfe1fca53f00000000f6a237bf65df1c41c3b8323f01000000,1,0,0,0,27,1
500945.nif,85,,030000000100004040020000003411963e31ef913e4e46d5bde1fca53f00000000f6a237bf65df1c41c3b8323f010000003411963e31ef913e4e46d5bde1fca53f00000000f6a237bf65df1c41c3b8323f01000000,1,0,0,0,18,1
406686.nif,121,,030000000100004040030000009c30e13d1381063f933a82c068ceecbe00000000b0d21bc080a88942c2b8323f010000009c30e13d1381063f933a82c068ceecbe00000000b0d21bc0e60e8b42c2b8323f010000002b13ce3f1381063f58a857c0a09d09bfcfa2f63e078109c000510942c2b8323f01000000,1,0,0,0,15,1
500714.nif,85,,03000000010000404002000000fb74dc40eaca4940c8eaa0c066338f3f976c0fbf42e4d23d3fb5f342c3b8323f02000000fb74dc40eaca4940c8eaa0c066338f3f976c0fbf42e4d23d3fb5f342c3b8323f02000000,1,0,0,0,18,1
501038.nif,85,,0300000001000040400200000090c067bffe602ec03f3a654089ca15c09756e8bd5815b8befe3438433820403f0200000090c067bffe602ec03f3a654089ca15c09756e8bd5815b8befe3438433820403f02000000,1,0,0,0,17,1
500728.nif,85,,0300000001000040400200000063d118c027a5e4bf6b60d7bf00000000000000002cb36dbf89010242c3b8323f0100000063d118c027a5e4bf6b60d7bf00000000000000002cb36dbf89010242c3b8323f01000000,1,0,0,0,19,1
500727.nif,85,,0300000001000040400200000063d118c027a5e4bf6b60d7bf00000000000000002cb36dbf89010242c3b8323f0100000063d118c027a5e4bf6b60d7bf00000000000000002cb36dbf89010242c3b8323f01000000,1,0,0,0,19,1
500726.nif,85,,03000000010000404002000000f9312e4035ecb7bebef67c3f19d407bfdaf1dcbfae308dbfb0433a42c3b8323f02000000f9312e4035ecb7bebef67c3f19d407bfdaf1dcbfae308dbfb0433a42c3b8323f02000000,1,0,0,0,19,1
500725.nif,85,,03000000010000404002000000683f9e3f0f457540d2c6bfc039b3583f0000000040bea13e351efb42c3b8323f02000000683f9e3f0f457540d2c6bfc039b3583f0000000040bea13e351efb42c3b8323f02000000,1,0,0,0,19,1
500724.nif,85,,030000000100004040020000000b2460c0d387e6bf3828263d8b8a903fe104eb3e00000000508dc942cce92c3f020000000b2460c0d387e6bf3828263d8b8a903fe104eb3e00000000508dc942cce92c3f02000000,1,0,0,0,17,1
500723.nif,85,,03000000010000404002000000df8989c04d3234403d0b5ebf35fa0e3ebdc3903f0d6735bfeeab8942c3b8323f02000000df8989c04d3234403d0b5ebf35fa0e3ebdc3903f0d6735bfeeab8942c3b8323f02000000,1,0,0,0,17,1
500722.nif,85,,03000000010000404002000000cdcc703f73119bbf79e68d3eb74b603f6c193bc0dedeb9bc7dbf2442c3b8323f02000000cdcc703f73119bbf79e68d3eb74b603f6c193bc0dedeb9bc7dbf2442c3b8323f02000000,1,0,0,0,17,1
500721.nif,85,,030000000100004040020000007c38064185b60041cb9036c298ffa73e00000000706c4ebf93787243c3b8323f020000007c38064185b60041cb9036c298ffa73e00000000706c4ebf93787243c3b8323f02000000,1,0,0,0,17,1
500720.nif,85,,03000000010000404002000000e15d3e3f0a689ebfa08815beff48de3fd25a2cc000000000162a4642c3b8323f02000000e15d3e3f0a689ebfa08815beff48de3fd25a2cc000000000162a4642c3b8323f02000000,1,0,0,0,17,1
500719.nif,85,,030000000100004040020000007e00b1401f8552413a237ec17effd13ffa7128bf35fa8ebc0e9d9c43c3b8323f020000007e00b1401f8552413a237ec17effd13ffa7128bf35fa8ebc0e9d9c43c3b8323f02000000,1,0,0,0,17,1
500718.nif,85,,03000000010000404002000000f5db8f3fa297fdbf7ac786c09ff4c93f2d4d37c0d9e997be713dd442c3b8323f02000000f5db8f3fa297fdbf7ac786c09ff4c93f2d4d37c0d9e997be713dd442c3b8323f02000000,1,0,0,0,18,1
500717.nif,85,,03000000010000404002000000c9c6233f3fc6d03f54ffd0bec007ae3f89c3e4bec8ad543e3108d742c3b8323f02000000c9c6233f3fc6d03f54ffd0bec007ae3f89c3e4bec8ad543e3108d742c3b8323f02000000,1,0,0,0,18,1
317828.nif,121,,03000000010000404003000000d7864c405af0ce4017b8203f8a6ca4bddca2e1bfb945a7c066889742c2b8323f02000000ae0d993f5af0ce4017b8203f8a6ca4bddca2e1bfa3e1a6c066889742c2b8323f02000000b8588dbf5af0ce40d7fa54408c92d5be9538fcbf283cb5c032772342c2b8323f02000000,1,0,0,0,26,1
238529.nif,85,,0300000001000040400200000006f59c404558e64161e3b8c223989a3e34514fbd00000000a4e01b44c3b8323f0200000006f59c404558e64161e3b8c223989a3e34514fbd00000000a4e01b44c3b8323f02000000,1,0,0,0,91,1
501485.nif,85,,0300000001000040400200000006f59c404558e64161e3b8c223989a3e34514fbd00000000a4e01b44c3b8323f0200000006f59c404558e64161e3b8c223989a3e34514fbd00000000a4e01b44c3b8323f02000000,1,0,0,0,91,1
497460.nif,121,,0300000001000040400300000002d490bf4486e13f7363a8c000000000000000000000000006123842c2b8323f01000000fd309a3f60cda640ff0441c06977ac3e0c67b53efed331bf25f50d42c2b8323f01000000fd309a3f60cda640ff0441c019d4873d0c67b53efed331bfb150a641c2b8323f01000000,1,0,0,0,35,1
498955.nif,85,,030000000100004040020000007a50503e42b591bebbed9ebffed3313fa692ab3e9387f7be9c33a841ef976e3f010000007a50503e42b591bebbed9ebffed3313fa692ab3e9387f7be9c33a841ef976e3f01000000,1,0,0,0,17,1
500119.nif,85,,03000000010000404002000000b6da033f38f8cc401d5a26c1a792ab3e89c3e4bb8bff3c3fe5728342c3b8323f01000000b6da033f38f8cc401d5a26c1a792ab3e89c3e4bb8bff3c3fe5728342c3b8323f01000000,1,0,0,0,17,1
497459.nif,121,,03000000010000404003000000acad2ac18485aebdab5bed3e88c3e4bc9656e8bd7c4ecdbf6114b342a9ce033f02000000fed4ffc03563c4c027a061c0c2b8b23ea692abbcf2d346bf57aca942a9ce033f020000003108a3c03563c4c0e8d9dcbfc2b8b23ea692abbc75ce57bf7a251242c2b8323f02000000,1,0,0,0,46,1
584602.nif,85,,030000000100004040020000003676f93f0c3c63407c2c1fc004a3223e9f7f9dbfc343863ff44c9b42c3b8323f02000000d1ce79bf64e941407c2c1fc004a3223e9f7f9dbfdedeb93ff44c9b42c3b8323f02000000,1,0,0,0,26,1
30451.nif,85,,03000000010000404002000000c80c4f3d655c9c3dd3fafbbdfb04c13d3fa0b53f0f85a1bf0b247441c71a3c3f01000000c80c4f3d655c9c3dd3fafbbdfb04c13d3fa0b53f0f85a1bf0b247441c71a3c3f01000000,1,0,0,0,17,1
41090.nif,121,,03000000010000404003000000db32c8bea33f743f68dc1cc1000000000000000000000000776d3442135c573f010000009626813fd53f743f68dc0cc1920a863e88c3643c63820abf8e462242135c573f010000003fe389406076434068dc04c1c092013f35fa0e3d71ff66bfc1792342c2b8323f01000000,1,0,0,0,23,1
155495.nif,121,,030000000100004040030000006e69313fc2a6b63e52b835c1f0976e3f5077d6bd651523bf5eba2743c3b8b23e01000000fc4c823d4d1019c0fca90ec1db0fc93e5077d6bd27678bbdfce9b6429756e83e010000004dbea13f9a779e41964360c1d9d3703f2d5c2dbed14b363ef8d33942c3b8323f01000000,1,0,0,0,67,1
241657.nif,121,,030000000100004040030000006b4810bf61542a4108ec27c2a792abbb89c364bb01fae23eeeacb5438477023f02000000301224c061542a413b1f3dc2bb1a513e5077d6bdc829b2c021a0ad43e5d3db3e02000000363cd5c061542a416f5234c2bb1a513e5077d6bd7a216bc0e9e6e142c3b8323f02000000,1,0,0,1,83,1
499035.nif,85,,03000000010000404002000000f0dc4340ce88354189d253c2000000000000000000000000c19aae43c3b8323f03000000f0dc4340ce88354189d265c20000000000000000077213bff48d8343c3b8323f03000000,1,0,0,0,69,1
41076.nif,121,,03000000010000404003000000faf2e6bf904ee93f17bccbc0a9b8dc3efb04c13d000000001f85b542c3b8323f01000000faf2e6bf904ee93ff48988bf01fae23e7b3061be7cd9203fec518642c3b8323f01000000b0ac26c0b9366c3fc156d5bf06c9533f9ff4c9bef1402e3fd7a32c42c3b8323f01000000,1,0,0,0,50,1
238570.nif,121,,030000000100004040030000007e57c0bfa12d75405d6db3c0c5dee33e89c3e43be3adaabea470ef42f735d03e020000007e57c0bfa12d75405d6db3c0c5dee33e89c3e43be3adaabea470ef42f735d03e020000000aa2fe3ea12d7540bada66c0c5dee33e850a1bbf69772c3fd7a3ac42f735d03e02000000,1,0,0,1,141,1
241652.nif,121,,030000000100004040030000004e7ecbbe082097408a1f3dc025be4bbfa6922b3c1a6f65c046f672427b46083f010000004e7ecbbe5b9960bf5f2988c09a1d94bfa6922b3c35f35dc0cbe1f442c2b8b23e01000000c806d23d5b9960bf925c9bc0228273bf999240bfcdc587c058b9d64160b3193f01000000,1,0,0,0,20,1
497458.nif,121,,03000000010000404003000000884b5e3f98c01540f30242c0733b3fbe3a5c18bf5228db3f06a19342db0fc93e01000000884b5e3f98c01540f30242c0733b3fbe3a5c18bf5228db3f6d078242db0fc93e0100000048f91d4098c01540b3d2d0bf733b3fbe3a5c18bf5228db3fa6db3042db0fc93e01000000,1,0,0,0,17,1
238500.nif,85,,03000000010000404002000000e2a31d4111c7b9415ae46fc26c9dddbe89c3e4bc72ff66c0146e1143c3b8323f01000000e2a31d4111c7b9415ae46fc26c9dddbe89c3e4bc72ff66c0146e1143c3b8323f01000000,1,0,0,1,67,1
169725.nif,85,,030000000100004040020000000000000000000000ede48dbddb0fc93f00000000000000002ce52842c2b8323f020000000000000000000000ede48dbdce9ab13f00000000077293be5f183a42c2b8323f02000000,1,0,0,0,22,1
504660.nif,121,,03000000010000404003000000807d0c402f4d213fd9b1a5bf5d0ada3e35fa0e3ef3665fbf6dc503420998443f01000000ac8f4b3f96b3073fd9b1a5bf438d923f35fa0ebe62d9cabe0ebeda41d8d3703f01000000ac8f4b3f96b3073f632847be41dc0d40a4e96b3e6146b2400ebef241c2b8323f01000000,1,0,0,0,15,1
493474.nif,85,,030000000100004040020000004642e8c0cd3b75414ca601c2556cf83e000000002f82de3ed1a2c743c2b8323f020000004642e8c0cd3b75414ca601c2556cf83e000000002f82de3ed1a2c743c2b8323f02000000,1,0,0,0,16,1
493477.nif,85,,030000000100004040020000001826dec097905341e7bb08c242e4d23e000000009387f73e5c6fcb43c2b8323f020000001826dec097905341e7bb08c242e4d23e000000009387f73e5c6fcb43c2b8323f02000000,1,0,0,0,16,1
493387.nif,85,,0300000001000040400200000015006f4046b110419790d2c13946f13e6e461d3d0bbef5bef0978743c2b8323f0200000015006f4046b110419790d2c13946f13e6e461d3d0bbef5bef0978743c2b8323f02000000,1,0,0,0,17,1
493456.nif,85,,03000000010000404002000000e36b1fbef92d7a3ea45f94c184f4f33ea6922b3cdcb808bf7388d143c2b8323f02000000e36b1fbef92d7a3ea45f94c184f4f33ea6922b3cdcb808bf7388d143c2b8323f02000000,1,0,0,0,17,1
493462.nif,85,,0300000001000040400200000027c2a4c061cf1e411d5ab7c1a4e9eb3e00000000fd2af23e0c42dd43c2b8323f0200000027c2a4c061cf1e411d5ab7c1a4e9eb3e00000000fd2af23e0c42dd43c2b8323f02000000,1,0,0,0,17,1
493523.nif,85,,030000000100004040020000008aabd94020d26441789cf1c184f4f33e97ffa73df40f1fbf8b6ced43c2b8323f030000008aabd94020d26441789cf1c184f4f33e97ffa73df40f1fbf8b6ced43c2b8323f03000000,1,0,0,0,18,1
397004.nif,85,,030000000100004040020000000600003674247f41508ddec20000000000000000000000000c72eb43c3b8323f020000000600003674247f41508ddec20000000000000000bdc310bf0cf2c243c3b8323f02000000,1,0,0,0,84,1
585001.nif,121,,030000000100004040030000005646e3befe65794001cd9fc135fa0e3edede39bd869db33e89c1a042c3b8323f010000005646e3befe65794001cd9fc135fa0e3edede39bd869db33e89c1a042c3b8323f010000005646e3befe65794001cd9fc135fa0e3edede39bd869db33e89c1a042c3b8323f01000000,1,0,0,0,15,1
531935.nif,85,,0300000001000040400200000065a539be7e519a3e64dd9cc10000000000000000000000005e5ab042c3b8323f02000000aa9a8fc0e3df94408a1f94c1a5e96b3e01fa623e00000000df8fe142c3b8323f02000000,1,0,0,0,12,1
531938.nif,85,,03000000010000404002000000bd6e0dbf55a4aa3fd34de7c10000000000000000000000001fc5e442c3b8323f01000000bd6e0dbf55a4aa3fd34de7c10000000000000000000000001fc5e442c3b8323f01000000,1,0,0,0,12,1
531939.nif,85,,03000000010000404002000000020f6c3e0176c4bd9b66a9c1000000000000000000000000a8c6de42c3b8323f01000000020f6c3e0176c4bd9b66a9c1000000000000000000000000a8c6de42c3b8323f01000000,1,0,0,0,12,1
531940.nif,85,,0300000001000040400200000086a9413f5ef4b13f5d5c09c200000000000000000000000085ab0943c3b8323f0100000086a9413f5ef4b13f5d5c09c200000000000000000000000085ab0943c3b8323f01000000,1,0,0,0,12,1
531941.nif,85,,03000000010000404002000000488a10bf7407ad3fadfa9fc1000000000000000000000000c580b742c3b8323f01000000488a10bf7407ad3fadfa9fc1000000000000000000000000c580b742c3b8323f01000000,1,0,0,0,12,1
531942.nif,85,,030000000100004040020000000a4b81c0303b1041984cabc12d5cad3e25be4b3e00000000c5600343c3b8323f010000000a4b81c0303b1041984cabc12d5cad3e25be4b3e00000000c5600343c3b8323f01000000,1,0,0,0,17,1
531943.nif,85,,03000000010000404002000000ece91fc1a52c20412aa9dfc12d5cad3e25be4b3e00000000c5003643c3b8323f01000000ece91fc1a52c20412aa9dfc12d5cad3e25be4b3e00000000c5003643c3b8323f01000000,1,0,0,0,12,1
529695.nif,85,,0300000001000040400200000046eb8bc084bb93402f6e40c1fb04413e205c423f00000000d3fcc142d9e9173f0200000046eb8bc084bb93402f6e40c1fb04413e205c423f0000000071bd9842c3b8323f02000000,1,0,0,0,15,1
531038.nif,85,,03000000010000404002000000810482c1cd75b24080d8a23ea5e9eb3ea792abbca792ab3d3d8c8a42c3b8323f01000000810482c1cd75b24080d8a23ea5e9eb3ea792abbca792ab3d3d8c8a42c3b8323f01000000,1,0,0,0,12,1
491098.nif,85,,03000000010000404002000000868e2d3e074e8bc1f69722c19f12b6bf000000000000000052488a43c2b8323f02000000868e2d3e074e8bc1f69722c19f12b6bf000000000000000052488a43c2b8323f02000000,1,0,0,0,20,1
491092.nif,85,,0300000001000040400200000027310ac0363c55c13e7a373fb869ccbf00000000dd35fabde15ab943c2b8323f0200000027310ac0363c55c13e7a373fb869ccbf000000005346473fe11a8543c2b8323f02000000,1,0,0,0,17,1
491106.nif,85,,030000000100004040020000001ff4f0bf459c3e3ed76910c10000000000000000000000000000c842c2b8323f020000005ef23fbea1dbdd40917ec2c095c34f3f00000000ebc87dbe5bd3c242c2b8323f02000000,1,0,0,0,20,1
491113.nif,85,,0300000001000040400200000029b3a5bfd0443241585632c0e21a923f00000000000000009a179642c2b8323f0200000029b3a5bfd0443241585632c0e21a923f00000000000000009a17bf42c2b8323f02000000,1,0,0,0,21,1
491120.nif,85,,0300000001000040400200000023f7303f36cd8441f03398404ba0a03f00000000000000004ec23d43c2b8323f02000000d97c1c40fafe9141d40efa401eabbd3f00000000dd35fabe93f81f43c2b8323f02000000,1,0,0,0,17,1
529721.nif,85,,03000000010000404002000000c00935be2ea9fa3e63ff8bc1000000000000000000000000b5c69142c3b8323f01000000c00935be2ea9fa3e63ff8bc1000000000000000000000000b5c69142c3b8323f01000000,1,0,0,0,12,1
531928.nif,85,,03000000010000404002000000dc2913c06a1395405beb29c02d5cad3e25be4b3e00000000d9df3d42c3b8323f01000000dc2913c06a1395405beb29c02d5cad3e25be4b3e00000000d9df3d42c3b8323f01000000,1,0,0,0,12,1
531932.nif,85,,030000000100004040020000005f469dbf49a217405c3d8ac02d5cad3e25be4b3e000000002d81a942c3b8323f010000005f469dbf49a217405c3d8ac02d5cad3e25be4b3e000000002d81a942c3b8323f01000000,1,0,0,0,12,1
176570.nif,85,,03000000010000404002000000e8d966c1ea0475416a5ee6c100000000000000005815383f17794443c3b8323f01000000864986410cc8b23fb37bfbc119d487be63d9cabee07152bf4a2c0343c3b8323f01000000,1,0,0,0,34,1
169583.nif,85,,030000000100004040020000001d1f213fd460c6bfefc945c100000000000000000000000028be8742c2b8323f0200000064e9b340d460c6bfd26f30c100000000135cd7be00000000c78b5842c2b8323f02000000,1,0,0,0,15,1
182456.nif,85,,03000000010000404002000000182166c0b1fa3bbfd044edc000000000000000005a3be93ea64a4042c2b8323f020000000187c0bf9eea0640d044edc000000000000000009430b7beef380342c2b8323f02000000,1,0,0,0,15,1
175156.nif,85,,030000000100004040020000005fef16408cf8aec049a23d40bf7415c00b41843e7777173f12434e43c2b8323f02000000db130c3ff5b9c8c02bdef4bf20d1eebf0000000019d407bf1fc50643c2b8323f02000000,1,0,0,0,22,1
531924.nif,85,,030000000100004040020000009b114fbd2f15cbbe0befc2beb90316c0db0fc9bfdb0fc9bf10e98c41c3b8323f0100000073a0173f3675fe3e906b63bee21a123fd9e9973e00000000ef385141c3b8323f01000000,1,0,0,0,12,1
531921.nif,85,,03000000010000404002000000e09ca53f85ceafc05fb59ec08830cc3f707b444000000000e928c542c3b8323f01000000f393d2bf2788d8c0e69634c066338f3f707b444000000000d8619742c3b8323f01000000,1,0,0,0,12,1
531914.nif,85,,030000000100004040020000000008923bc45fdbbfab952bc000000000000000000000000020416141c2b8323f010000000008923bc45fdbbfab952bc000000000000000000000000020416141c2b8323f01000000,1,0,0,0,12,1
175376.nif,85,,03000000010000404002000000de55b7bea01a83c0d1a292c100000000000000008f3b153ff668f642c3b8323f01000000de55b7bea01a83c0d1a292c10000000000000000aa619cbe299cab42c3b8323f01000000,1,0,0,0,12,1
406982.nif,85,,030000000100004040020000006f846dbf1d033840ffa11bc1c2b8b23efcad00bde3adaa3e31089742c2b8323f020000006f846dbf1d033840ffa11bc1c2b8b23efcad00bde3adaa3e31089742c2b8323f02000000,1,0,0,0,15,1
406999.nif,85,,030000000100004040020000005f5eb43fe5443340d7a318c2ee71bd3d000000000000000046d636436515233f010000005f5eb43fe54433400ad711c2ee71bd3d000000006e461dbf79090c436515233f01000000,1,0,0,0,15,1
407006.nif,85,,0300000001000040400200000021b01ac0ac1c8abffc29d3c1000000000000000000000000ec91f442c3b8323f0100000021b01ac0ac1c8abf2f5dc6c1000000000000000000000000ec91af42c3b8323f01000000,1,0,0,0,15,1
407009.nif,85,,0300000001000040400200000068cc74bf090a1241c8cd4cc057829f3f7b4608bfa11afb3e79e9f242c3b8323f0100000068cc74bf090a1241c8cd4cc057829f3f7b4608bffb04413dac1cbb42c3b8323f01000000,1,0,0,0,15,1
407012.nif,85,,0300000001000040400200000008ac6cbf96a605413eb2d9bddedeb93f0000000000000000aa71fd42c3b8323f0100000008ac6cbf96a605413eb2d9bddedeb93f0000000000000000440bc442c3b8323f01000000,1,0,0,0,15,1
512582.nif,85,,03000000010000404002000000f298064108bd8f41325510c14a82b43fc8add4be00000000f638ff43c3b8323f01000000f298064108bd8f41325510c14a82b43fc8add4be00000000f638ff43c3b8323f01000000,1,0,1,0,69,1
513967.nif,85,,03000000010000404002000000f298064108bd8f41325510c14a82b43fc8add4be00000000f638ff43c3b8323f01000000f298064108bd8f41325510c14a82b43fc8add4be00000000f638ff43c3b8323f01000000,1,0,1,0,75,1
536667.nif,85,,030000000100004040020000005665734098ee164162dbc63fc44bcb3ffdad803cae300dbf17794544c3b8323f020000005665734098ee164162dbc63fc44bcb3ffdad803cae300dbf17794544c3b8323f02000000,1,0,0,0,33,1
536676.nif,85,,030000000100004040020000006626dbc2bc8559424df350c07a9dc83f00000000df698d3f3dbaf043c3b8323f010000006626dbc2bc8559424df350c07a9dc83f00000000df698d3f3dbaf043c3b8323f01000000,1,0,0,0,33,1
536685.nif,85,,03000000010000404002000000605683c245c711426683e03fdb0fc93f00000000ff5e853fe19a9e43c3b8323f01000000605683c245c711426683e03fdb0fc93f00000000ff5e853fe19a9e43c3b8323f01000000,1,0,0,0,35,1
536694.nif,85,,030000000100004040020000006059ddbf0d89f33f6a134b40728aba3f000000006e461d3f62305343c3b8323f010000006059ddbf0d89f33f6a134b40728aba3f000000006e461d3f62305343c3b8323f01000000,1,0,0,0,32,1
536701.nif,85,,030000000100004040020000003c33013f26fc1c4085424e408bffbc3f00000000d14bb6be98bea043c3b8323f010000003c33013f26fc1c4085424e408bffbc3f00000000d14bb6be98bea043c3b8323f01000000,1,0,0,0,32,1
536708.nif,85,,030000000100004040020000007c7e103fe605404096044c408c1da93f00000000cb5694be3974a243c3b8323f010000007c7e103fe605404096044c408c1da93f00000000cb5694be3974a243c3b8323f01000000,1,0,0,0,32,1
546142.nif,85,,030000000100004040020000005665734098ee164162dbc63fc44bcb3ffdad803cae300dbf17794544c3b8323f020000005665734098ee164162dbc63fc44bcb3ffdad803cae300dbf17794544c3b8323f02000000,1,0,0,0,33,1
546149.nif,85,,030000000100004040020000005665734098ee164162dbc63fc44bcb3ffdad803cae300dbf17794544c3b8323f020000005665734098ee164162dbc63fc44bcb3ffdad803cae300dbf17794544c3b8323f02000000,1,0,0,0,33,1
381331.nif,85,,03000000010000404002000000040a0ebc62679740871621c1920a063f00000000000000009bd58a42c3b8323f01000000040a0ebc01a42440979023c104a3a23e00000000000000004c373842c3b8323f01000000,1,0,0,0,15,1
531031.nif,85,,03000000010000404002000000288224bf28b8a43fbc911fc084f4f33e0f8d663e000000003dcacc42c3b8323f01000000288224bf28b8a43fbc911fc084f4f33e0f8d663e000000003dcacc42c3b8323f01000000,1,0,0,0,12,1
387337.nif,85,,0300000001000040400200000046089fbec5b93cbd6b1a99c10000000000000000e3ad2abfe8ea9542c3b8323f0100000046089fbefab93cbd6b1a99c10000000000000000e3ad2abfd0d56d42c3b8323f01000000,1,0,0,0,15,1
498895.nif,85,,0300000001000040400200000066664640863dfe409695b5c04a82b43ef366dfbec6f48a3f5868a6426515233f0100000066664640863dfe409695b5c04a82b43ef366dfbec6f48a3f5868a6426515233f01000000,1,0,0,0,16,1
581205.nif,85,,03000000010000404002000000ffeaf93ebdc614408dee9cbfd3878e3f8a6ca4bdb5252fbe38e78842c3b8323f02000000ffeaf93ebdc614408dee9cbfd3878e3f8a6ca4bdb5252fbe38e78842c3b8323f02000000,1,0,0,0,29,1
581212.nif,85,,03000000010000404002000000f1d81b3f89412240e3c29dbfd3878e3f8a6ca4bdb5252fbe8293a742c3b8323f02000000f1d81b3f89412240e3c29dbfd3878e3f8a6ca4bdb5252fbe8293a742c3b8323f02000000,1,0,0,0,29,1
581216.nif,85,,03000000010000404002000000f1d81b3f89412240e3c29dbfd3878e3f8a6ca4bdb5252fbe8293a742c3b8323f02000000f1d81b3f89412240e3c29dbfd3878e3f8a6ca4bdb5252fbe8293a742c3b8323f02000000,1,0,0,0,29,1
581220.nif,85,,03000000010000404002000000f1d81b3f89412240e3c29dbfd3878e3f8a6ca4bdb5252fbe8293a742c3b8323f02000000f1d81b3f89412240e3c29dbfd3878e3f8a6ca4bdb5252fbe8293a742c3b8323f02000000,1,0,0,0,29,1
581224.nif,85,,03000000010000404002000000f1d81b3f89412240e3c29dbfd3878e3f8a6ca4bdb5252fbe8293a742c3b8323f02000000f1d81b3f89412240e3c29dbfd3878e3f8a6ca4bdb5252fbe8293a742c3b8323f02000000,1,0,0,0,29,1
581228.nif,85,,03000000010000404002000000ffeaf93ebdc614408dee9cbfd3878e3f8a6ca4bdb5252fbe38e78842c3b8323f02000000ffeaf93ebdc614408dee9cbfd3878e3f8a6ca4bdb5252fbe38e78842c3b8323f02000000,1,0,0,0,29,1
581232.nif,85,,03000000010000404002000000f1d81b3f89412240e3c29dbfd3878e3f8a6ca4bdb5252fbe8293a742c3b8323f02000000f1d81b3f89412240e3c29dbfd3878e3f8a6ca4bdb5252fbe8293a742c3b8323f02000000,1,0,0,0,29,1
581236.nif,85,,03000000010000404002000000f1d81b3f89412240e3c29dbfd3878e3f8a6ca4bdb5252fbe8293a742c3b8323f02000000f1d81b3f89412240e3c29dbfd3878e3f8a6ca4bdb5252fbe8293a742c3b8323f02000000,1,0,0,0,29,1
581240.nif,85,,03000000010000404002000000f1d81b3f89412240e3c29dbfd3878e3f8a6ca4bdb5252fbe8293a742c3b8323f02000000f1d81b3f89412240e3c29dbfd3878e3f8a6ca4bdb5252fbe8293a742c3b8323f02000000,1,0,0,0,29,1
581244.nif,85,,03000000010000404002000000f1d81b3f89412240e3c29dbfd3878e3f8a6ca4bdb5252fbe8293a742c3b8323f02000000f1d81b3f89412240e3c29dbfd3878e3f8a6ca4bdb5252fbe8293a742c3b8323f02000000,1,0,0,0,29,1
581248.nif,85,,03000000010000404002000000f1d81b3f89412240e3c29dbfd3878e3f8a6ca4bdb5252fbe8293a742c3b8323f02000000f1d81b3f89412240e3c29dbfd3878e3f8a6ca4bdb5252fbe8293a742c3b8323f02000000,1,0,0,0,29,1
581252.nif,85,,03000000010000404002000000f1d81b3f89412240e3c29dbfd3878e3f8a6ca4bdb5252fbe8293a742c3b8323f02000000f1d81b3f89412240e3c29dbfd3878e3f8a6ca4bdb5252fbe8293a742c3b8323f02000000,1,0,0,0,29,1
581256.nif,85,,03000000010000404002000000f1d81b3f89412240e3c29dbfd3878e3f8a6ca4bdb5252fbe8293a742c3b8323f02000000f1d81b3f89412240e3c29dbfd3878e3f8a6ca4bdb5252fbe8293a742c3b8323f02000000,1,0,0,0,29,1
581260.nif,85,,03000000010000404002000000f1d81b3f89412240e3c29dbfd3878e3f8a6ca4bdb5252fbe8293a742c3b8323f02000000f1d81b3f89412240e3c29dbfd3878e3f8a6ca4bdb5252fbe8293a742c3b8323f02000000,1,0,0,0,29,1
581264.nif,85,,03000000010000404002000000f1d81b3f89412240e3c29dbfd3878e3f8a6ca4bdb5252fbe8293a742c3b8323f02000000f1d81b3f89412240e3c29dbfd3878e3f8a6ca4bdb5252fbe8293a742c3b8323f02000000,1,0,0,0,29,1
588466.nif,85,,03000000010000404002000000cf14224005a0f63cecb417c10000000025be4bbe47465c3f0a97a742c3b8323f01000000cf14224005a0f63cecb417c10000000025be4bbe47465c3f0a97a742c3b8323f01000000,1,0,0,0,18,1
588469.nif,85,,03000000010000404002000000f8fc5ec01b474840cab20ec25077d63c89c3643b34514f3f1fe5024325be4b3f01000000f8fc5ec01b474840cab20ec25077d63c89c3643b34514f3f1fe5024325be4b3f01000000,1,0,0,0,18,1
470632.nif,85,,03000000010000404002000000d72f424057ec4340481029c263828abe7cd9a0bd67420540c540d143c2b8323f02000000d72f424057ec4340481029c263828abe7cd9a0bd67420540c540d143c2b8323f02000000,1,0,0,0,27,1
582791.nif,121,,0300000001000040400300000044a5453fc45aec3ff871fcbeee71bd3d5002aabf0772933fa2056143c3b8323f0100000044a5453fc45aec3ff871fcbeee71bd3d5002aabf0772933fa2056143c3b8323f0100000044a5453fc45aec3ff871fcbeee71bd3d5002aabf0772933fa2056143c3b8323f01000000,1,0,0,0,16,1
491029.nif,85,,030000000100004040020000004d4e013f12839c4077bef7c2000000000000000000000000cbf1ed43c3b8323f020000004d4e013f12839c4077bef7c2000000000000000068ceec3ecbf1ed43c3b8323f02000000,1,0,0,0,15,1
493469.nif,85,,0300000001000040400200000000000000712c8f41e0ad01c25e20013f000000000000000029dc9543c2b8323f0200000000000000712c8f41e0ad01c25e20013f000000000000000029dc9543c2b8323f02000000,1,0,0,0,16,1
470635.nif,85,,030000000100004040020000009643a040b11609412fdd88c1f47c063f6e469d3c1e3611bf10182d43c2b8323f020000009643a040b11609412fdd88c1f47c063f6e469d3c1e3611bf10182d43c2b8323f02000000,1,0,0,0,28,1
470637.nif,85,,030000000100004040020000008d9c6d40761a9340e63f60c2dedeb9bca692ab3b6db304bf52a88443c2b8323f020000008d9c6d40761a9340e63f60c2dedeb9bca692ab3b6db304bf52a88443c2b8323f02000000,1,0,0,0,27,1
493088.nif,85,,030000000100004040020000006c5c6f3edbbeb73eb3bb16c20000000000000000db0fc93fc5e01f43c2b8323f02000000babeb73eaf5c6fbeb3bb16c200000000000000009a2c0a40f6282943c2b8323f02000000,1,0,0,0,15,1
492784.nif,85,,03000000010000404002000000fdd8b43d3f383fbf8f6e44be000000000000000000000000f2529f42c2b8323f0200000085d8b43d71383fbfd26e44be000000000000000000000000f2529f42c2b8323f02000000,1,0,0,0,21,1
592602.nif,85,,030000000100004040020000008bde91be6666e63f670ff8bf927fb23f35fa8e3c35fa0e3c8adf9342c3b8323f010000008bde91be6666e63f670ff8bf927fb23f35fa8e3c35fa0e3c8adf9342c3b8323f01000000,1,0,0,0,15,0
398183.nif,85,,0300000001000040400200000023f748bf2046783fe21e933fee04563fcfa276bf2baba83f19842442c2b8323f0100000023f748bf2046783fe21e933fee04563fcfa276bf2baba83f19842442c2b8323f01000000,1,0,0,0,20,1
523664.nif,85,,03000000010000404002000000d4b7a03f77bd503fb9ff44bf62d9ca3fba128cbfac12a13ff0a7f241c2b8323f01000000d4b7a03f77bd503fb9ff44bf62d9ca3fba128cbfac12a13ff0a7f241c2b8323f01000000,1,0,0,0,15,1
498879.nif,85,,03000000010000404002000000a0c30040d4289c3e207b57c08c92d53e1a6720bf172bc8bcd35e9b42c2b8323f01000000a0c30040d4289c3e207b57c08c92d53e1a6720bffd40193f9f2b9542c2b8323f01000000,1,0,0,0,17,1
387957.nif,85,,03000000010000404002000000037fc33dbfab0841beb08bc1000000000000000000000000b81edb42c3b8323f01000000037fc33dbfab0841beb08bc1e104ebbea792abbcdd35fabe713d6e42c3b8323f01000000,1,0,0,0,12,1
387987.nif,121,,03000000010000404003000000917e4441c6ed98412f5d9ac10998443eebc8fd3d82ce42bfdf8fe342c3b8323f01000000917e4441c6ed98412f5d9ac10998443eebc8fd3d82ce42bfdf8fe342c3b8323f01000000917e4441c6ed98412f5d9ac10998443eebc8fd3d82ce42bfdf8fe342c3b8323f01000000,1,0,0,0,12,1
385455.nif,85,,0300000001000040400200000001fc17bf3333b3bec97668c1000000000000000000000000a5fd7442c2b8323f010000006761a7bedd7b0240ad6969c1d8e9973e0000000019d4073e6a0d5142c2b8323f01000000,1,0,0,0,28,1
388084.nif,85,,0300000001000040400200000088d7714053221f4027c208c004111040db0fc9bfdb0fc93f3decb642c3b8323f01000000b2d7714053221f40fdc108c004111040e562b8bfccb0b33f4aec8442c3b8323f01000000,1,0,0,0,15,1
406003.nif,121,,030000000100004040030000004851733fcea56240d5b0133f00000000a11a7b3f9f8762bf91adc442c2b8b23e010000004851733fcea56240d5b0133f00000000a11a7b3f89567dbfbcf44442c2b8323f0100000023a14940cea56240a8520b400998443ea11a7b3fa5ff92bf46b68a41c2b8323f01000000,1,0,0,0,15,1
381096.nif,85,,030000000100004040020000003e3df6beb30cd9bfcd3bf9c100000000000000000000000091ade742c3b8323f020000003e3df6beb30cd9bfcd3bf1c10f8de63e5ce4a8be44202b3ff813cc42c3b8323f02000000,1,0,0,0,12,1
380943.nif,85,,030000000100004040020000002db4173f4c8e633f3108c8c10000000000000000000000000000c842c3b8323f020000002db4173f4c8e633f3108c8c160b3993e00000000000000000000b342c3b8323f02000000,1,0,0,0,12,1
531917.nif,85,,0300000001000040400200000041f15b40ff95fdbf429304bfe6f1c73f0000000094bb8abf25a62b4364fffb3e0100000004ff5740679ba7bfd9ebd9bf71ff663f00000000999240bf91edfb42c2b8323f01000000,1,0,0,0,12,1
430449.nif,43,all_zero_default,00000100000000000000000000000000000000000000000000000000000000000000000000000000000000,1,0,0,0,30,1
430450.nif,43,all_zero_default,00000100000000000000000000000000000000000000000000000000000000000000000000000000000000,1,0,0,0,24,1
592121.nif,85,,030000000100004040020000002c0eb7c059174541231b1ac300000000000000006c9ddd3e33b3cc42c3b8b23e010000002c0eb7c059174541231b1ac300000000000000006c9ddd3e33b3cc42c3b8b23e01000000,1,0,1,0,70,0
591982.nif,85,,03000000010000404002000000000000007d22b740acfc26c3000000000000000000000000f8d30e42c3b8323f01000000000000007d22b740acfc26c3000000000000000000000000f8d30e42c3b8323f01000000,1,0,1,0,69,0
591994.nif,85,,03000000010000404002000000e70c104177d8443e041628c300000000507756bd27670bbfa2a591425e0ada3e01000000e70c104177d8443e041628c300000000507756bd27670bbfa2a591425e0ada3e01000000,1,0,1,0,89,0
592060.nif,85,,03000000010000404002000000709905c01d38524125a622c335fa0ebcc20ff3bc145cd73e3420af42c3b8b23e01000000709905c01d38524125a622c335fa0ebcc20ff3bc145cd73e3420af42c3b8b23e01000000,1,0,1,0,69,0
591995.nif,85,,0300000001000040400200000060ab52406b9f4440271122c30000000000000000e07152bf7ae586426c9ddd3e0100000060ab52406b9f4440271122c30000000000000000e07152bf7ae586426c9ddd3e01000000,1,0,1,0,69,0
591780.nif,85,,030000000100004040020000005fa987c189290cc1d74317c30000000025becb3dcfa276beb95cad42c3b8323f020000005fa987c189290cc1d74317c30000000025becb3dcfa276beb95cad42c3b8323f02000000,1,1,1,0,71,0
591806.nif,85,,03000000010000404002000000000000c13333d340bedf26c30000000000000000a5e96b3feeebc6416e461d3f02000000000000c13333d340bedf26c30000000000000000a5e96b3feeebc6416e461d3f02000000,1,1,1,0,70,0
592580.nif,85,,03000000010000404002000000f27b3bbe44698940cdec2ec3000000000000000000000000ee7cfe42c3b8323f01000000f27b3bbe44698940cdec2ec3000000000000000000000000ee7cfe42c3b8323f01000000,1,1,1,0,70,0
591797.nif,85,,0300000001000040400200000098dd97bf01f6fd3fc1ea2fc30000000000000000c20ff33e8371ae42c3b8323f0100000098dd97bf01f6fd3fc1ea2fc30000000000000000c20ff33e8371ae42c3b8323f01000000,1,1,1,0,69,0
592584.nif,85,,0300000001000040400200000068ae07c0af08e6bfd1e233c300000000000000000000000006010043c3b8323f0100000068ae07c0af08e6bfd1e233c300000000000000000000000006010043c3b8323f01000000,1,1,1,0,69,0
423167.nif,85,,030000000100004040020000001e541e3f865546c0ea3eb03fd6ad3fbfdb0fc9bfdb0fc9bfcb814743c2b8323f010000007e35ccc0865546c0df89ddc0c09201bfdb0fc9bf44202b3f31680b43c2b8323f02000000,1,0,0,0,17,1
511189.nif,85,,0300000001000040400200000081956940ab3e294122fd6ec1f40f1f3f00000000d8e997be918d3643c2b8323f0100000081956940ab3e294122fd6ec1f40f1f3f00000000d8e997be918d3643c2b8323f01000000,1,0,0,0,18,1
471529.nif,85,,0300000001000040400200000000000000000000009a9959c03a46713f35fa8ebd46b3c3be6666c0425a51103f0200000000000000000000009a9959c03d15e23e3451cfbd46b3c3be3333a342b987383f02000000,1,0,0,0,15,1
41722.nif,85,,03000000010000404002000000000000000000000000000000000000000000000000000000cdccdf42c3b8323f02000000000000000000000000000000813b2a3f000000008f3b953ecdccdf42c3b8323f02000000,1,0,0,1,64,1
470721.nif,85,,03000000010000404002000000000000000000000000000000000000000000000000000000cdccdf42c3b8323f02000000000000000000000000000000813b2a3f000000008f3b953ecdccdf42c3b8323f02000000,1,0,0,1,64,1
470700.nif,85,,03000000010000404002000000000000000000000000000000000000000000000000000000cdccdf42c3b8323f02000000000000000000000000000000813b2a3f000000008f3b953ecdccdf42c3b8323f02000000,1,0,0,1,65,1
41821.nif,85,,03000000010000404002000000000000000000000000000000000000000000000000000000cdccdf42c3b8323f02000000000000000000000000000000813b2a3f000000008f3b953ecdccdf42c3b8323f02000000,1,0,0,1,65,1
540071.nif,85,,0300000001000040400200000064408ebfa9888b3e33c499bfba128c3f0000000088c364bc3eb90f42c2b8323f0100000064408ebfa9888b3e33c499bfba128c3f0000000088c364bc3eb90f42c2b8323f01000000,1,0,0,0,13,1
540075.nif,85,,03000000010000404002000000452f3bc0f0166840a835d2c0f2d3463f000000000000000079492043c3b8323f01000000452f3bc0f0166840a835d2c0f2d3463f000000000000000079492043c3b8323f01000000,1,0,0,0,12,1
524484.nif,85,,030000000100004040020000002f51cd3fda1bae40c8ea04c1e5d3db3e9656e8bd35fa0ebdd763ef42c2b8323f010000002f51cd3fda1bae40c8ea04c1e5d3db3e9656e8bd35fa0ebdd763ef42c2b8323f01000000,1,0,0,0,13,1
540069.nif,85,,030000000100004040020000003e5c8abfee945e403238364082615b3f0000000000000000292b8942c2b8323f020000003e5c8abfee945e403238364082615b3f0000000000000000292b8942c2b8323f02000000,1,0,0,0,13,1
540070.nif,85,,030000000100004040020000002e1ce4bf5c727c40ab26a0c0afc3253f00000000000000003f66a942c2b8323f020000002e1ce4bf1138023e7adfcbc0afc3253f0000000000000000cf37a142c2b8323f02000000,1,0,0,0,12,1
588770.nif,121,,030000000100004040030000008a03c03ebb0fd03ecc974bc00b41843e0000000068ceecbe2fae8242c3b8323f010000008a03c03ebb0fd03ecc974bc00b41843e0000000068ceecbe2fae8242c3b8323f010000008a03c03ebb0fd03ecc974bc00b41843e0000000068ceecbe2fae8242c3b8323f01000000,1,0,0,0,19,1
588772.nif,121,,03000000010000404003000000e965c8bfb5a69240ba4959c104a3a23efb04413dbb1a513e8981f942c3b8323f01000000e965c8bfb5a69240ba4959c104a3a23efb04413dbb1a513e8981f942c3b8323f01000000e965c8bfb5a69240ba4959c104a3a23efb04413dbb1a513e8981f942c3b8323f01000000,1,0,0,0,19,1
524491.nif,85,,030000000100004040020000006c320441af78823ea33b38c0e8a24c3fa692abbc000000008eb59142c2b8323f020000006c3204419912ed3f9cf90dc0d740583fa692abbc00000000fdf68b42c2b8323f02000000,1,0,0,0,12,1
524488.nif,85,,03000000010000404002000000488a8d40e145ebbf3acc4dc0000000002cc914bf00000000d3dcb442c2b8323f01000000488a8d40e145ebbf3acc4dc0000000002cc914bf00000000d3dcb442a9ce033f01000000,1,0,0,0,12,1
380871.nif,85,,0300000001000040400200000073f40640baa02ec0747bfd3fe80f34bf00000000fb04c13e929c8342c3b8323f0100000028d58a3fae0d913fee3dcb4075d508c0000000008a6ca4be74863442c3b8323f01000000,1,0,0,0,13,1
584907.nif,85,,03000000010000404002000000cc9bf33e6746f73eea9259bf000000005ce428bfc44b4b3f1294eb41c3b8b23e01000000cc9bf33e6746f73eea9259bf000000005ce428bfc44b4b3f1294eb41c3b8b23e01000000,1,0,0,0,18,1
380866.nif,85,,03000000010000404002000000dac5743fd9b173c0ca4fcec000000000000000000000000003299e42c3b8323f010000001479b23f8b71fa3f8bfde4c025be4b3fc3b8b2bdfdad803d03299e42c3b8323f01000000,1,0,0,0,12,1
584915.nif,85,,03000000010000404002000000cc9bf33e6746f73eea9259bf000000005ce428bfc44b4b3f1294eb41c3b8b23e01000000cc9bf33e6746f73eea9259bf000000005ce428bfc44b4b3f1294eb41c3b8b23e01000000,1,0,0,0,18,1
380670.nif,85,,03000000010000404002000000dac5743fd9b173c0ca4fcec0000000000000000000000000ec6f9742c3b8323f02000000ac1ea83ebe87ab3f9e7bedc0e3ad2a3f00000000f47c063fc9769742c3b8323f02000000,1,0,0,0,13,1
586451.nif,121,,030000000100004040030000008c4d63bf6952b23fb64acdc0f9de8f3ee21a123fd48fd3bfce88af42c3b8323f010000008c4d63bf6952b23fb64acdc0f9de8f3ee21a123fd48fd3bfce88af42c3b8323f010000008c4d63bf6952b23fb64acdc0f9de8f3ee21a123fd48fd3bfce88af42c3b8323f01000000,1,0,0,0,15,1
586454.nif,121,,030000000100004040030000007dcb3c3edb4f463f8121f7c00000000000000000eac0b83f853ca942c3b8323f010000007dcb3c3edb4f463f8121f7c00000000000000000eac0b83f853ca942c3b8323f010000007dcb3c3edb4f463f8121f7c00000000000000000eac0b83f853ca942c3b8323f01000000,1,0,0,0,15,1
586455.nif,121,,03000000010000404003000000df3342be34805340736884c11136263e7cd9a0bd790ab03e3159b242c3b8323f01000000df3342be34805340736884c11136263e7cd9a0bd790ab03e3159b242c3b8323f01000000df3342be34805340736884c11136263e7cd9a0bd790ab03e3159b242c3b8323f01000000,1,0,0,0,15,1
586456.nif,121,,03000000010000404003000000d6ffedbf46ebe43f1b649dc042e4d2bd7effd13e38ab93bfca327542c3b8323f01000000d6ffedbf46ebe43f1b649dc042e4d2bd7effd13e38ab93bfca327542c3b8323f01000000d6ffedbf46ebe43f1b649dc042e4d2bd7effd13e38ab93bfca327542c3b8323f01000000,1,0,0,0,15,1
506387.nif,85,,030000000100004040020000005a84e2bdfd497cbe94f604c00000000000000000162383bf5bc2a542c2b8b23e02000000f9ba1c3ed4d763be94f604c0fcad003e00000000162383bf924bd741c2b8323f02000000,1,0,0,0,13,1
584910.nif,121,,030000000100004040030000005d8aabbfa9a44040276684c09387f7bead87cd3e44197a403e888442c3b8323f010000005d8aabbfa9a44040276684c09387f7bead87cd3e44197a403e888442c3b8323f010000005d8aabbfa9a44040276684c09387f7bead87cd3e44197a403e888442c3b8323f01000000,1,0,0,0,15,1
380702.nif,85,,0300000001000040400200000012fb083fee5f7bc08465503fa5e9ebbe000000006c9dddbd6891a242c3b8323f01000000e5b33440e882bebff8361f40c9ae70bf86aec33f463eb13f20523e42c3b8323f01000000,1,0,0,0,13,1
465920.nif,85,,030000000100004040020000008f00cebe84f020c0bf4302c10000000000000000db0fc93f6a3e9c42c3b8323f0100000067f2494072f9b73f1a69f9c0ebc87d3e0000000064828a40fca98742c3b8323f01000000,1,0,0,0,15,1
465924.nif,85,,03000000010000404002000000f90719bbe8bc8740e21ecbc060b3993e0000000000000000cfe69342c3b8323f01000000f90719bbe8bc8740e21ecbc060b3993e0000000000000000364d9842c3b8323f01000000,1,0,0,0,15,1
465925.nif,85,,03000000010000404002000000a6d5bc3f62d6c33ff4a609c160b3993e00000000000000003f356f42c3b8323f01000000f94a70be35b5c4bf78970bc127678b3d0000000039ba09c0ba5a4942c3b8323f01000000,1,0,0,0,15,1
466348.nif,85,,03000000010000404002000000132ca6bfad1604bf8a939dc0d14bb63d00000000588ae4bf81441642c3b8323f010000004d15c4bf3c17eebec9939bc08a6c243d00000000588ae4bf3f57e141c3b8323f01000000,1,0,0,0,15,1
395854.nif,85,,030000000100004040020000000d1a10400916124177fef6c2000000000000000000000000d9760744c3b8323f020000000d1a10400916124177fef6c2000000000000000000000000b2edf443c3b8323f02000000,1,0,0,0,57,1
395864.nif,85,,030000000100004040020000000d1a10400916124177fef6c2000000000000000000000000d9760744c3b8323f020000000d1a10400916124177fef6c2000000000000000000000000b2edf443c3b8323f02000000,1,0,0,0,59,1
426763.nif,43,parametric,000001000000010000803f433951beb6ba8cbedda482c10000000000000000000000004bf99d42c2b8323f,1,0,0,0,17,1
427179.nif,43,parametric,000001000000010000803fdbf9d23f3f6fa23f363b2ebf847782bf00000000f47c06405a354f42c2b8323f,1,0,0,0,16,1
427182.nif,43,parametric,000001000000010000803f833215bf008cc3bff7ac93be00000000db0fc93fdb0fc93fb38cf241c2b8323f,1,0,0,0,16,1
427183.nif,43,parametric,000001000000010000803fdb1677c0ac56723fd7c0f140cce9ac3fdd35fa3edb0fc93fc18a5f42c2b8323f,1,0,0,0,16,1
427184.nif,43,parametric,000001000000010000803f42d0a93ee1626f4008371e3ddd4b213f789583bfdb0fc93f1a805342c2b8323f,1,0,0,0,16,1
427189.nif,43,parametric,000001000000010000803f433951beb6ba8cbedda482c10000000000000000db0f493f4bf99d42c2b8323f,1,0,0,0,17,1
427190.nif,43,parametric,000001000000010000803f105a8f3e9bc9234096e773c0000000007cd920be368da73f2a692842c2b8323f,1,0,0,0,16,1
427191.nif,43,parametric,000001000000010000803fbbed8e3f96b20240dcf429c0c2b8b23eb425af3edb0f49bf76e06b42c2b8323f,1,0,0,0,16,1
525763.nif,85,,030000000100004040020000001db88441b54f984021e5e0c07d6c393fd51aa73f84fb24409a510144c3b8323f010000001db88441b54f984021e5e0c07d6c393fd51aa73f84fb24409a510144c3b8323f01000000,1,0,0,0,12,1
525749.nif,85,,030000000100004040020000009851f2c0bff1b5403e68b3c10000000089c3e43b850a1b3f50ad7b43c3b8323f010000009851f2c0bff1b5403e68b3c10000000089c3e43b850a1b3f50ad7b43c3b8323f01000000,1,0,0,0,12,1
525766.nif,85,,0300000001000040400200000051889040cde4d7bfafeb59c01d8d513f000000000000000033b3e142c3b8323f0100000051889040cde4d7bfafeb59c01d8d513f000000000000000033b3e142c3b8323f01000000,1,0,0,0,14,1
525775.nif,85,,03000000010000404002000000cab294c18dd19ac0c7ba7341bfe941bfcd0719c073240440082c5343c3b8323f01000000cab294c18dd19ac0c7ba7341bfe941bfcd0719c073240440082c5343c3b8323f01000000,1,0,0,0,12,1
525873.nif,85,,0300000001000040400200000017ab01c1a48838c05de1f4c0bf74953fcb56943e00000000eebcdb42c3b8323f0100000017ab01c1a48838c05de1f4c0bf74953fcb56943e00000000eebcdb42c3b8323f01000000,1,0,0,0,12,1
525877.nif,85,,03000000010000404002000000be41a14183c3733fc73aa7c182ce423f777717bfe5d35b3fbc146343c3b8323f01000000be41a14183c3733fc73aa7c182ce423f777717bfe5d35b3fbc146343c3b8323f01000000,1,0,0,0,12,1
592517.nif,85,,030000000100004040020000009a99a9c0666648423333d3c000000000000000000cd41c3f00000000c3b8323f010000009a99a9c0666648423333d3c000000000000000000cd41c3f00000000c3b8323f01000000,1,0,0,0,15,0
524127.nif,85,,03000000010000404002000000d89eeac000000000061257c1f40f1f3f7cd9a03e00000000ba59dc43c3b8323f01000000d89eeac000000000061257c1f40f1f3f7cd9a03e00000000ba59dc43c3b8323f01000000,1,0,0,0,12,1
524062.nif,85,,03000000010000404002000000f5f34a4076c39440840d8dc1172bc83d6c9d5dbd000000006d071e43c3b8323f01000000a7793740322089401b0d49c1172bc83d6c9d5dbd00000000020b0d43c3b8323f01000000,1,0,0,0,12,1
524134.nif,85,,0300000001000040400200000050df5c4097280e41164d83407a289c3fcd7cc53e00000000c5601543c3b8323f0100000050df5c4097280e41164d83407a289c3fcd7cc53e00000000c5601543c3b8323f01000000,1,0,0,0,12,1
525719.nif,85,,03000000010000404002000000ec86fec0f0165541014d2240d371673f475c833f80926abf5c4f3843c3b8323f01000000ec86fec0f0165541014d2240d371673f475c833f80926abf5c4f3843c3b8323f01000000,1,0,0,0,12,1
525743.nif,85,,03000000010000404002000000e6942cbf5704b440b2461bc1438d123f1505973e00000000d3ad5a43c3b8323f01000000e6942cbf5704b440b2461bc1438d123f1505973e00000000d3ad5a43c3b8323f01000000,1,0,0,0,12,1
525727.nif,85,,03000000010000404002000000c60a0fc1675515c1a27d7c3f916146bf438d92be172bc8bd37a92043c3b8323f01000000c60a0fc1675515c1a27d7c3f916146bf438d92be172bc8bd37a92043c3b8323f01000000,1,0,0,0,13,1
525723.nif,85,,03000000010000404002000000d5e738c2c8c10b418104d8c165ff7b3eebc8fd3dffd33140e3b5e4439cce183f01000000d5e738c2c8c10b418104d8c165ff7b3eebc8fd3dffd33140e3b5e4439cce183f01000000,1,0,0,0,12,1
525707.nif,85,,030000000100004040020000006b4881c0db8a3bc14f58bebfa9c752408628873f82088fc00ad74e43c3b8323f010000006b4881c0db8a3bc14f58bebfa9c752408628873f82088fc00ad74e43c3b8323f01000000,1,0,0,0,12,1
525711.nif,85,,0300000001000040400200000070082d40c2127740516b64c14e5125bfee71bd3d0176404054e34e43c3b8323f0100000070082d40c2127740516b64c14e5125bfee71bd3d0176404054e34e43c3b8323f01000000,1,0,0,0,12,1
525715.nif,85,,030000000100004040020000008143bdc0f59c94c050c212c00000000042e4523f04a3223fac1ce642c3b8323f010000008143bdc0f59c94c050c212c00000000042e4523f04a3223fac1ce642c3b8323f01000000,1,0,0,0,12,1
508968.nif,85,,030000000100004040020000008f3696bf035c883e1ee1acc0c8add43ee004eb3e47d974be23dbd842c2b8323f010000008f3696bf035c883e1ee1acc0c8add43ee004eb3e47d974be23dbd842c2b8323f01000000,1,0,0,0,12,1
508963.nif,85,,030000000100004040020000007fbce5c00edbd94002bc27c10772133f000000000000000025a6b943c2b8323f010000007fbce5c00edbd94002bc27c10772133f000000000000000025a6b943c2b8323f01000000,1,0,0,0,12,1
508973.nif,85,,0300000001000040400200000041bce840b81e5e41bda90ec1c8add43ee004eb3e47d974be6a2c9743c2b8323f0100000041bce840b81e5e41bda90ec1c8add43ee004eb3e47d974be6a2c9743c2b8323f01000000,1,0,0,0,12,1
576171.nif,85,,0300000001000040400200000036c80c404b3c8cc08340a6c100000000000000005346c73e71bdc842c3b8323f0100000036c80c404b3c8cc0e79da3c1fdad003fa09d893ef40f1fbf71bdc142c3b8323f01000000,1,0,0,0,15,1
576352.nif,85,,03000000010000404002000000309dbe3e25759cc0b30ccac10000000000000000000000007bd41843c3b8323f01000000ed9cbe3e1c7c0d404b48bbc1cf03073f0e3ac1bec17a333fa69bf942c3b8323f01000000,1,0,0,0,15,1
176573.nif,85,,03000000010000404002000000cd23b140452ac4bff35916c00a102fbb3db3bdbf3481d23f9ad90e43c3b8323f01000000cd23b140452ac4bf873426bf0a102fbb3db3bdbf4ae23a3fcd4cc442c3b8323f01000000,1,0,0,0,12,1
175059.nif,85,,03000000010000404002000000d74d713f0d545abfa321b33d00000000000000000000000069af7442c3b8323f01000000d74d713f0d545abfa321b33db5e2a5bd173c8f3f1c7b4c3fd0154b42c3b8323f01000000,1,0,0,0,12,1
174146.nif,85,,03000000010000404002000000500126c0e3c700406f9b913edb0fc93f0000000000000000c2a68e42c3b8323f01000000500126c0e3c700406f9b913ee4cb16402b20553f0cbef5bfb8805442c3b8323f01000000,1,0,0,0,16,1
174156.nif,85,,030000000100004040020000007ffbdabf62f396bdf8aa95bf0000000000000000db0fc93f66e6de41c3b8323f01000000217922bde71de33f8011ac3e6db3043f3bef30be84f4f3be0080c441c3b8323f01000000,1,0,0,0,12,1
175002.nif,85,,0300000001000040400200000087f847beb8e4a03fb29dcbbf1d8dd13f35fa0ebc0000000091fe9741c3b8323f0100000087f847beb8e4a03fb29dcbbf6a80eb3fe728ab3f586a9dbf2b98f541c3b8323f01000000,1,0,0,0,17,1
532597.nif,85,,030000000100004040020000008c11593ece192941a1e78dc1b74be03e00000000a2c33a3fee5c5943c3b8323f010000008c11593ece192941a1e78dc1b74be03e00000000a2c33a3fee5c5943c3b8323f01000000,1,0,0,0,12,1
532600.nif,85,,030000000100004040020000006e0b07c1c650aa3f52a78ac1e3adaa3e000000002a8d3c3f04f6f4430f8de63e020000006e0b07c1c650aa3f52a78ac1e3adaa3e000000002a8d3c3f04f6f4430f8de63e02000000,1,0,0,0,12,1
170721.nif,85,,03000000010000404002000000d460fec04fd815c1a36902c1dd357abf0000000000000000293c6e43c3b8323f01000000ddb51bc1bfb71c414c4fa540556c2b403718263f938e39bfbeff2643c3b8323f01000000,1,0,0,0,12,1
170725.nif,85,,0300000001000040400200000000000000000000000000000000000000000000000000000033339a42c3b8323f0100000000000000000000000000000000000000000000000b4184be66669942c3b8323f01000000,1,0,0,0,12,1
417991.nif,85,,03000000010000404002000000be3083411147e541d7d208c2438d123e438d123ee5e902bfdde4a143c2b8323f03000000be3083411147e541d7d208c2438d123e438d123ee5e902bfdde4a143c2b8323f03000000,1,0,0,0,16,1
169850.nif,85,,03000000010000404002000000e695e3bec53db5c00e6a13bf0b41843eb76107bfd9e9173f54430343c3b8323f010000002f6998bf0877023dddb5b2c0b8f49f3f65ff7bbeffd331bfe9061143c3b8323f01000000,1,0,0,0,12,1
171503.nif,85,,030000000100004040020000009432d13ed028fdbe158e203e000000000000000000000000006f8642c2b8323f020000009432d13ed028fdbe158e203e000000000000000021efda3e9a088342c2b8323f02000000,1,0,0,0,15,1
175793.nif,85,,03000000010000404002000000c5552fc0535960bf59fb173f0000000000000000db0fc9bf36edb942c2b8323f02000000c5552fc0535960bf59fb173f0772133f6b9d5d3defad95bfcf86ab42c2b8323f02000000,1,0,0,0,16,1
510849.nif,85,,03000000010000404002000000d8817dc153450142158c27c1aa619c3f869db33e000000004a1ca243c2b8323f02000000d8817dc153450142158c27c1aa619c3f869db33e000000004a1ca243c2b8323f02000000,1,0,0,0,13,1
171498.nif,85,,0300000001000040400200000063b60cbf009fa93c9e6275be0000000000000000000000005d5c5a42c3b8323f01000000d387e2bf9814bf3e03707dbbf9de8f3e9ff4c93ea13022bffbba1842c3b8323f01000000,1,0,0,0,12,1
172201.nif,85,,03000000010000404002000000f8c690be965b7a3e98a3fb3f0000000000000000db0fc93fbba73c42c3b8323f010000008b2a8d3c965b7a3eff043140fc7ffa3e5c831ebea44c4e3f220e0d42c3b8323f01000000,1,0,0,0,12,1
171193.nif,85,,0300000001000040400200000082ad26400b5df1be41b78640fda64f40f366dfbe00000000848d5042c3b8323f01000000d26f31c0e0d635c050aa3f40fda64f400efa4dbff36d10c0848d1842c3b8323f01000000,1,0,0,0,12,1
506995.nif,85,,0300000001000040400200000042ecc43f080505be22a7ffbed740583eb8f49f3e54d95fbf55b0d141c2b8323f0100000042ecc43f080505be22a7ffbed740583eb8f49f3e54d95fbf55b0d141c2b8323f01000000,1,0,0,0,13,1
327975.nif,85,,03000000010000404002000000560b1cbf3449fcbe5f0730c0000000000000000000000000cf779a41c3b8323f01000000b16a4cbfd482df3fabe7e8bf743bbf3ea6ff123f238273bf0000d841c3b8323f01000000,1,0,0,0,12,1
508978.nif,85,,0300000001000040400200000086c95fc12098f7bf19046cc1ea35653f000000000000000087763d43c2b8323f0100000086c95fc12098f7bf19046cc1ea35653f000000000000000087763d43c2b8323f01000000,1,0,0,0,12,1
508984.nif,85,,0300000001000040400200000001f68ec0f5db4141e943b3bfb0563ebf7a3061bef4f9773fc14a9e43c2b8323f0100000001f68ec0f5db4141e943b3bfb0563ebf7a3061bef4f9773fc14a9e43c2b8323f01000000,1,0,0,0,12,1
328012.nif,85,,03000000010000404002000000401325c1848d0341011512bf0000000025becb3edb0f49bfbcf42843c3b8323f01000000401325c1848d034106122241c5dee33e49ef1b3fce2585bfbcf40743c3b8323f01000000,1,0,0,0,12,1
176580.nif,85,,03000000010000404002000000bc79aabf3e3e293f676216bf0000000000000000db0fc93fa708b342c3b8323f01000000b84064c0a472473f676216bf0000000000000000f3665f3f7ecc7f42c3b8323f01000000,1,0,0,0,12,1
509047.nif,85,,03000000010000404002000000da1b7ec18fc71a41426044c1b425af3e1e206a3ec8add4be988e4843c2b8323f01000000da1b7ec18fc71a41426044c1b425af3e1e206a3ec8add4be988e4843c2b8323f01000000,1,0,0,0,13,1
509042.nif,85,,030000000100004040020000006f2fad3faab798c0bb2778c10772133f0000000000000000a67b9743c2b8323f010000006f2fad3faab798c0bb2778c10772133f0000000000000000a67b9743c2b8323f01000000,1,0,0,0,12,1
509017.nif,85,,030000000100004040020000002f86d6bf5ebacd3f3a924bbfb392963fe440433f00000000c5e08e43c2b8323f010000002f86d6bf5ebacd3f3a924bbfb392963fe440433f00000000c5e08e43c2b8323f01000000,1,0,0,0,24,1
172639.nif,85,,03000000010000404002000000faffff340000000000000000ae308d4089c3e43bdb0fc93fdbf95343c3b8323f010000009a99a9c0000000000000000001fa623e89c3e43b41dc8d3f21302043c3b8323f01000000,1,0,0,0,14,1
175658.nif,85,,03000000010000404002000000111e814054c627c0b003fcc00000000000000000db0fc93fb19fbd42c3b8323f01000000111e814054c627c0b003fcc001fae23efe2af2bece25853fb19fc142c3b8323f01000000,1,0,0,0,12,1
170151.nif,85,,03000000010000404002000000c3459e3e99c1b33c963ea4bf00000000000000005933a43f5f470542c3b8323f01000000c3459e3e99c1b33c963ea4bf34514f3e19d407bdad874d3f5f470542c3b8323f01000000,1,0,0,0,12,1
509007.nif,85,,030000000100004040020000000916b3bf17480a405cac64c0dcb8083ff140ae3e19d407bdc0acba42c2b8323f010000000916b3bf17480a405cac64c0dcb8083ff140ae3e19d407bdc0acba42c2b8323f01000000,1,0,0,0,14,1
509012.nif,85,,030000000100004040020000003a23d23eedd8c03fddce4ebf01108a3f394671be00000000aef61042c2b8323f010000003a23d23eedd8c03fddce4ebf01108a3f394671be00000000aef61042c2b8323f01000000,1,0,0,0,14,1
510631.nif,85,,03000000010000404002000000364d3a4226e465c1fb5cb0c11bfab8beb39216bf298d3c3ffc09dc43c2b8323f01000000364d3a4226e465c1fb5cb0c11bfab8beb39216bf298d3c3ffc09dc43c2b8323f01000000,1,0,0,0,12,1
510644.nif,85,,030000000100004040020000004815ad3e3d9bbd3f1e51d1be1bfab8be41dc8dbf6e469d3f60658441c2b8323f010000004815ad3e3d9bbd3f1e51d1be1bfab8be41dc8dbf6e469d3f60658441c2b8323f01000000,1,0,0,0,12,1
510653.nif,85,,0300000001000040400200000048e1c2bec520743f691da1bf438d12be733b3fbf6e469d3fa8754e42c2b8323f0100000048e1c2bec520743f691da1bf438d12be733b3fbf6e469d3fa8754e42c2b8323f01000000,1,0,0,0,12,1
172608.nif,85,,03000000010000404002000000f8e21b3ffd68d8bdd480813e000000000000000000000000f8d3f342c3b8323f010000007e747240bbb5c4be32ca433ebcb5febd64b3f13d578e17c0490ea842c3b8323f01000000,1,0,0,0,12,1
509087.nif,85,,030000000100004040020000009fc8c73f38be2e405c7713c00000000049ef1bbfe70fb43f9b263842c2b8323f010000009fc8c73f38be2e405c7713c00000000049ef1bbfe70fb43f9b263842c2b8323f01000000,1,0,0,0,13,1
418162.nif,85,,0300000001000040400200000021ead1405dd01b4140fbd4c03fbea1be30a0cabfdb0fc93fcf577743c2b8323f0200000057041740b81e484158ad8fc0e67c1bbf30a0cabfff5e0540aea73143c2b8323f02000000,1,0,0,0,15,1
509057.nif,85,,030000000100004040020000006210d6c0dd98024033e157c0afc325bfca5614bfc8a50f40c3a47c42c2b8323f010000006210d6c0dd98024033e157c0afc325bfca5614bfc8a50f40c3a47c42c2b8323f01000000,1,0,0,0,12,1
509062.nif,85,,03000000010000404002000000afebe3bf9b557ec183afa2c1a9ce033f27670bbf000000006f92f943c2b8323f01000000afebe3bf9b557ec183afa2c1a9ce033f27670bbf000000006f92f943c2b8323f01000000,1,0,0,0,12,1
509052.nif,85,,030000000100004040020000006f2fad3faab798c0bb2778c19d61313f0000000000000000a67b9743c2b8323f010000006f2fad3faab798c0bb2778c19d61313f0000000000000000a67b9743c2b8323f01000000,1,0,0,0,12,1
176587.nif,85,,030000000100004040020000007264afbcfcc59c3dcf652abe96c34fbfe28fbebfaf38d2bfad7a9341c3b8323f01000000da8fa4befcc59c3d81cceebe96c34fbfc34386bfaf38d2bf5af53641c3b8323f01000000,1,0,0,0,12,1
170714.nif,85,,0300000001000040400200000096787ec0bbd59c40d58998c10000000000000000b525af3f04762d43c3b8323f010000005e11cac02254c740d58998c1dd35fa3d66a8bb3e0998443f3108e742c3b8323f01000000,1,0,0,0,15,1
171594.nif,85,,0300000001000040400200000016f07cbc08809eba51ab3fc2000000000000000061d185bff0a7dc43c3b8323f01000000fca95741c03e1141424f34c23befb03ededeb93c61d185bf2d126243c3b8323f01000000,1,0,0,0,15,1
171647.nif,85,,03000000010000404002000000c8ce0fbf965b7a3ecafc13bf0000000000000000db0fc93f492e3142c3b8323f01000000c8ce0fbf965b7a3e08e6c8c0438d123f9756e8bd88304cbfaf945742c3b8323f01000000,1,0,0,0,12,1
171673.nif,85,,030000000100004040020000000f008034000000000f0080b400000000000000000cbef53e88f49c41c3b8323f010000000f008034000000000f0080b400000000000000000cbef53e88f49c41c3b8323f01000000,1,0,0,0,12,1
168385.nif,85,,03000000010000404002000000a7763abfa7aeec3f377104c1dd357a3e000000003820c03e04566d42c3b8323f01000000a7763abfa7aeec3fd448cfc0dd357a3e000000003820c03e3bdff941c3b8323f01000000,1,0,0,0,12,1
168533.nif,85,,0300000001000040400200000029963d40f88db4c0713d52c1c3b8b23e000000009387f73e6666fe42c3b8323f01000000137eb93ef88db4c07b14cec0c3b8b23e00000000b056be3e9a997d42c3b8323f01000000,1,0,0,0,12,1
168546.nif,85,,030000000100004040020000000da6b940e336ba3fde760ac123989a3e0000000048d9743e1993ad42c3b8323f010000000da6b940e336ba3f5587bec023989a3e00000000e77c9b3eccbf3842c3b8323f01000000,1,0,0,0,13,1
168512.nif,85,,03000000010000404002000000bf43b53f73ba48c0b8af52c100000000000000009a25d93e5c207d42c3b8323f01000000bf43b53f73ba48c0b8af52c100000000000000009a25d93ef5b95442c3b8323f01000000,1,0,0,0,12,1
168555.nif,85,,0300000001000040400200000026e46340a3e948c0348029c100000000000000009a25593f25067942c3b8323f0100000026e46340a3e948c0348029c100000000000000009a25593f46b68142c3b8323f01000000,1,0,0,0,12,1
509067.nif,85,,03000000010000404002000000ef1bcfbf2c825f40693a69c035fa0e3f733bbfbeca56143f0da0c342c2b8323f01000000ef1bcfbf2c825f40693a69c035fa0e3f733bbfbeca56143f0da0c342c2b8323f01000000,1,0,0,0,13,1
509077.nif,85,,03000000010000404002000000ab78354085080941387806c1ba1a513f0f8de6be5815383f2d72e542c2b8323f01000000ab78354085080941387806c1ba1a513f0f8de6be5815383f2d72e542c2b8323f01000000,1,0,0,0,12,1
509072.nif,85,,030000000100004040020000006aa30a3e4c341c3fc7d48dbe0bd49c3f00000000000000001ceb4141c2b8323f010000006aa30a3e4c341c3fc7d48dbe0bd49c3f00000000000000001ceb4141c2b8323f01000000,1,0,0,0,12,1
171296.nif,85,,03000000010000404002000000cf4e36bebbd32d3e42264d3fdb0fc93f000000006e461dbeb1615c42c3b8323f0100000023bd88be331ba43e96213abff73550bf9992c0bfcc74803f39f41b42c3b8323f01000000,1,0,0,0,15,1
171549.nif,85,,030000000100004040020000008ac830c0cae08d403ca5a740b76107c0dc2d3540f73550bfb2aea742c3b8323f010000008ac830c0cae08d403ca5874039ba09c0a5f01c4038ab93bf18159742c3b8323f01000000,1,0,0,0,12,1
176595.nif,85,,030000000100004040020000005c720e402864ffbe262a1e4126499f3f68ceec3fa11a7b40239bd742c3b8323f01000000c976564036c8c4bf93d2104126499f3f68ceec3fa11a7b4006218c42c3b8323f01000000,1,0,0,0,16,1
170157.nif,85,,030000000100004040020000000000000000000000000000008c92553fcfb89dbf48d9743f0000c842c3b8323f010000003f3b18bf05865c3ffc1d784010a38d3fffd3b1bfb8f41f3f25467742c3b8323f01000000,1,0,0,0,12,1
170160.nif,85,,030000000100004040020000002420703cfcef52bc79e9663f0000000000000000fc97593f649b4543c2b8323f0200000000000000f8d19fbc79e9663f000000002cb3edbe22981a40b2dd1543c2b8323f02000000,1,0,0,0,16,1
418146.nif,85,,0300000001000040400200000003cfedbff0050441abcf3cc19430373f88c3e4bac10f733db6d33443c2b8323f02000000105dd8bf6fd8c140b48ed2c09430373f88c3e4baa09d09bf54c32b43c2b8323f02000000,1,0,0,0,15,1
176583.nif,85,,0300000001000040400200000073853dc08811264061dd503fbdc3103f172b48bc1fc9a93f8d170843c3b8323f01000000c348c73e83c07ac0e97dbfc0145cd73e172b48bcc4cf6d402be7a742c3b8323f01000000,1,0,0,0,12,1
328004.nif,85,,0300000001000040400200000060c88e3fc1568440f87013c0000000008a6c24bf426fa63f5501c742c3b8323f01000000cdcc444100000000000000006e461d3f66a83bbe0772133f333327423d15623f01000000,1,0,0,0,12,1
328016.nif,85,,030000000100004040020000004c8ee33fb9aa2a40e9c881c1000000000000000000000000645b9b42c3b8323f01000000b9aa2ac03c31014159865cc1000000004da8e5bedb0fc93f74e46442c3b8323f01000000,1,0,0,0,12,1
182588.nif,85,,03000000010000404002000000cd3b2e3ffd4f1ebf91d248bf89c364bfa792abbba356533f8c4a7741c3b8323f010000007d2011bf315c39bf91d248bf89c364bfa792abbb08052cbf1372a441c3b8323f01000000,1,0,0,0,12,1
328028.nif,85,,03000000010000404002000000fca5193f7bbdbf3f166a85c1000000000000000000000000ecb12e43c3b8323f01000000e8a5663f26e436417c4474c000000000db0f493f205cc2bf0496e342c3b8323f01000000,1,0,0,0,12,1
503732.nif,85,,03000000010000404002000000000000000000000000000000000000000000000000000000cdccdf42c3b8323f02000000000000000000000000000000813b2a3f000000008f3b953ecdccdf42c3b8323f02000000,1,0,0,1,66,1
493105.nif,85,,03000000010000404002000000000000000000000000000000000000000000000000000000cdccdf42c3b8323f02000000000000000000000000000000813b2a3f000000008f3b953ecdccdf42c3b8323f02000000,1,0,0,0,14,1
380867.nif,85,,0300000001000040400200000024b417c0bde33841c66d82c1000000000000000000000000eecb8f42c3b8323f0100000024b417c0bde33841c66d82c1000000000000000000000000eecb8f42c3b8323f01000000,1,0,0,0,15,1
540068.nif,85,,03000000010000404002000000e94fd1bc8d7fd73f3e22cebf2205823f00000000000000005dedab42c3b8323f01000000e94fd1bc8d7fd73f3e22cebf2205823f00000000000000005dedab42c3b8323f01000000,1,0,0,0,13,1
381073.nif,85,,03000000010000404002000000faffff340000000054748bc1000000000000000000000000f44c8c42c3b8323f02000000faffff340000000054748bc10000000000000000000000002780a742c3b8323f02000000,1,0,0,0,31,1
509082.nif,85,,030000000100004040020000006688a941ad17edc098dd6ac125be4b3ffcad00bdc2b8b2be64fb6343c2b8323f010000006688a941ad17edc098dd6ac125be4b3ffcad00bdc2b8b2be64fb6343c2b8323f01000000,1,0,0,0,12,1
508999.nif,85,,030000000100004040020000005f98c03f8cf86840431c0bc0b0563e3f91f45e3f0436bbbf42e0e343c2b8323f010000005f98c03f8cf86840431c0bc0b0563e3f91f45e3f0436bbbf42e0e343c2b8323f01000000,1,0,0,0,12,1
509003.nif,85,,03000000010000404002000000d46105bf130fe83f6de7a73fa9ce83bf26cd414000000000e9089f42c2b8323f01000000d46105bf130fe83f6de7a73fa9ce83bf26cd414000000000e9089f42c2b8323f01000000,1,0,0,0,12,1
11708.nif,85,,03000000010000404002000000d3871c403ef9fb41a64ab8c2000000000000000000000000ee342c44c3b8323f01000000a1d669423ef9fb412d7208c300000000000000008a567dbf1d3a6b43c3b8323f01000000,1,0,1,0,128,1
136983.nif,85,,0300000001000040400200000003809dba1a5115c27faa0dc300000000000000000000000068115244c3b8323f030000007dfffc42b37b574298eeccc20000000000000000ff5e85bf6a3cb443c3b8323f03000000,1,0,1,0,113,1
317857.nif,85,,0300000001000040400200000040136fc10f97b2c041d189c25077d6bd34514f3e9756e8bd0d205042c3b8323f0100000056fd74c2cb21ffc11af8313e27678bbddb0fc93f3a46f13edd241f42c3b8323f01000000,1,0,0,0,60,1
544192.nif,85,,03000000010000404002000000fe7db5c004ff9140b02c15c100000000c2b832bf9e7f9d3ff8931243c2b8323f0300000000aebfc0111edf40b02c15c100000000c2b832bf7cd9203f27f1a142c2b8323f03000000,1,0,0,1,104,1
545718.nif,121,,03000000010000404003000000b9aac1c05a12c740a96a64c000000000bdc390bf9b3b803f5a844243c2b8323f03000000b9aac1c05a12c740a96a64c000000000bdc390bf9b3b803f5a844243c2b8323f03000000b9aac1c05a12c740a96a64c000000000bdc390bf673b543f9c447542c2b8323f03000000,1,0,0,1,64,1
32479.nif,121,,030000000100004040030000002922d33febe2f63fdba76f4034514fbd799dc8bfdb0fc93ff41d384388c3e43e020000009bc9d440f180d54016c16f3e34514fbd4302bfbf72a826bf6666b94288c3e43e020000005dfe234124b4f8401a6ec8bfe67c1bbe1698afbf64fffbbe00003442c2b8323f02000000,1,0,0,0,40,1
186069.nif,121,,03000000010000404003000000ee5ac63ff1806a3fc6a4f73edb0fc93f0000000000000000a8c6cc42c2b8323f0200000022fdf740f1806a3f03946abf220dc73f00000000ca5614c0dbf99f42c2b8323f020000005beb1841569f9bbff567a7bfe322d73f5077d63d16140dc0508d6b42c2b8323f02000000,1,0,0,0,40,1
9280.nif,121,,03000000010000404003000000323dd5bff12ea73fb51aaa3f00000000db0fc9bfdb0fc93f2b672243c2b8323f020000008e063741f9f7bac02fa3894000000000db0fc9bfba1a51bfb8fe0443c2b8323f0200000072f928c1f9f7bac09279464060b3193e63828abf6e469d3e0a9796420bd41c3f02000000,1,0,0,0,44,1
394756.nif,121,,03000000010000404003000000a549813f19c50440daab0fbfdb0fc93f0000000000000000a4f0ed42c2b8323f02000000a549813f19c50440daab0fbfdb0fc93f0000000000000000a4f0ed42c2b8323f02000000f8c23141736848c1b728c5c01849b43f84f4f3becd7cc5bf71bd8942c2b8323f02000000,1,0,0,0,42,1
537341.nif,121,,03000000010000404003000000187d4140aa60b43ffc17e0be00000000300db2bff2d3463fb81efd42c3b8323f03000000187d4140aa60b43ffc17e0be00000000300db2bff2d3463fb81efd42c3b8323f030000007ee34740bc960040a7967d408a6c24bed1d689bfa23f18400ad76d42c3b8323f03000000,1,0,0,0,45,1
537641.nif,121,,03000000010000404003000000fe9b6b3fec129d3fac73f3403befb03e9312cbbff2d3463fdf0fff42c2b8323f02000000fe9b6b3fec129d3fac73f3403befb03e9312cbbff2d3463fdf0fff42c2b8323f02000000d33c9ec1ec129d3ff5b94141c10f733eb9fce4bf9bb8713f79a99c42c2b8323f02000000,1,0,0,0,41,1
30269.nif,121,,0300000001000040400300000000000000000000000000000000000000db0fc9bfc2b8b23f0000c842c2b8323f02000000d5e78240e57e6fc01c0c79bf00000000db0fc9bfdf7152bf98dd5d42c2b8323f02000000abcf4540e57e6fc0b554b2c0f3665fbe41dc8dbfb0563ebffe431242c2b8323f02000000,1,0,0,0,38,1
490714.nif,121,,0300000001000040400300000041f13340f4f8dd3d5b99e0bf00000000db0fc9bfca5694bf1d1a9b42c2b8323f0200000041f13340f4f8dd3d5b99e0bf00000000db0fc9bfca5694bf1d1a9b42c2b8323f0200000058a845c0f4f8dd3d5b99e0bf9061463e41dc8dbfd04b363fd3cd1942c2b8323f02000000,1,0,0,0,42,1
537650.nif,121,,03000000010000404003000000a27a994091d04e405da90bbf7cd9a03d38ab93bfd2de4e3fc06c8542c3b8323f02000000a27a994091d04e405da90bbf000000009a1d94bfd2de4e3fc06c8d42c3b8323f020000009c8ad4bd91d04e40fb3aecbf25becbbd5664b3bf82ce423f19731842c3b8323f02000000,1,0,0,0,32,1
537658.nif,121,,030000000100004040030000009f1f0e40af4208405dfb563f6e461d3e3c82c9bf10a38d3fbe1fb242c3b8323f020000009f1f0e40af4208405dfb563f6e461d3e6f4ee2bf566c783ff252df42c3b8323f020000009f1f0e40af420840d6375cbf8a6c243d3c82c9bfc8b40540e3a55442c3b8323f02000000,1,0,0,0,32,1
489890.nif,121,,03000000010000404003000000b9888b40b35e8fc05019c33f7cd920be56f7cbbf065c6cbfc10af042c2b8323f02000000b9888b40b35e8fc05019c33f7cd920be56f7cbbf065c6cbfc10af042c2b8323f02000000e0109ec0b35e8fc0bed924c0ba1a51bec34bcbbfc092013f5aa48242c2b8323f02000000,1,0,0,0,31,1
50201.nif,121,,0300000001000040400300000022fd5dc138a110403f3a314000000000db0fc9bfdb0fc93fa0da3243c2b8323f0300000048bfb4c1be41f641d73432416e461d3edb0fc9bf00674a3fe3a5e742c2b8323f03000000158cbdc1be41f64170ce034166a83b3e03a3a2bf7cd9203f4a0c9742c2b8323f03000000,1,0,0,0,42,1
50230.nif,121,,030000000100004040030000002a00ffc03f529c403272d2bf00000000db0fc9bfdb0fc93f10b82c43c2b8323f0300000068b362c13f529c403272d2bf00000000db0fc9bfc71a3c3fdd840e43c2b8323f030000007fd9bd41a6b892406f8145c16b9d5dbea24e8ebfc09201bf87d6ad42c2b8323f03000000,1,0,0,0,25,1
185865.nif,121,,0300000001000040400300000007f0063fd93d0d40f1f00e3f00000000db0fc9bfdb0fc93fa4902143c2b8323f03000000ab3e584118d1523ff1f00e3f00000000db0fc9bfa2c33abf89c1ee42c2b8323f03000000ba6b25c0a69b9c3f08774fc01fc9a9be8b74e9bf77fbb9c012833b42c2b8323f03000000,1,0,0,0,59,1
424512.nif,85,,03000000010000404002000000f22498c04ddbd73f9a94464000000000db0fc9bfdb0fc93fbae96b43c2b8323f03000000f8190dc1cae085407094464000000000db0fc9bf4b154d3f87d62d43c2b8323f03000000,1,0,0,0,30,1
424791.nif,85,,03000000010000404002000000917e3740b7eeba3fb5a75c3f00000000db0fc9bfdb0fc93faa116543c2b8323f03000000f8190dc1cae085407094464000000000db0fc9bf4b154d3f87d62d43c2b8323f03000000,1,0,0,0,30,1
424793.nif,85,,0300000001000040400200000000749140c51bd93f6a4da14000000000db0fc9bfdb0fc93fc1ea6c43c2b8323f03000000f8190dc1cae085407094464000000000db0fc9bf4b154d3f87d62d43c2b8323f03000000,1,0,0,0,31,1
8781.nif,121,,03000000010000404003000000d36ad8409d9d3e40a3cc624000000000db0fc9bfdb0fc93f7fea3c43c2b8323f03000000a69b5a419d9d3e40a3cc624000000000db0fc9bf97ff27bfcba1c942c2b8323f030000000c0261419d9d3e40c24c1a411e206a3e53bbf3bf66a8bbbefca95942c2b8323f03000000,1,0,0,0,43,1
50189.nif,121,,03000000010000404003000000e388d8c0b1504f3ff8df6e4000000000db0fc9bfdb0fc93f12e32143c2b8323f03000000e10b6c41f2ef8a40f8df6e4000000000db0fc9bf5d0a5abf8b2cf242c2b8323f03000000432da5c1f2ef8a40082051c0b425afbd3ea0b5bf556cf83e7dbf7242c8ad543f03000000,1,0,0,0,37,1
394859.nif,121,,03000000010000404003000000e02d64c09869d9402bc1ee3f7c4ecd3fdb0fc93fdb0fc9bfd3cdda42c2b8323f030000007f87ec406d900bc03e3fdc3fdf71d23fdb0fc93f70e17ac0ea24b342c2b8323f03000000fca944416d900bc02ead3ec09f87e23f2eefc53f0cdc61c0a1164d42c2b8323f03000000,1,0,0,0,41,1
489914.nif,121,,03000000010000404003000000eeb102c1d47d4240b7625e41cc7400c0b74be03e1e36113f52b87843c3b8323f020000001d5a76c149a24d40be9f6e419f69f6bfa356d3bfdb0fc93fe3451f43c3b8323f0200000017d9744149a24d40f0a70d42b1e191bfa356d3bfdb0fc93fc14a3242c3b8323f02000000,1,0,1,0,57,1
540203.nif,121,,03000000010000404003000000789abc3ef969383f4eb43bc0322b9e3f8477023f19d487bedfaf1643c3b8323f02000000789abc3ef969383f4eb43bc0322b9e3f8477023f19d487bedfaf1643c3b8323f0200000051da89c1f969383f8e40c4c0ab7f0840f735503fc3b8b2be7dbf2c42c3b8323f02000000,1,0,0,0,27,1
489877.nif,121,,030000000100004040030000000a1142c03f6ea73e00c6aac0e77c1bbf00000000c09201bfc10ad242c3b8323f020000000a1142c03f6ea73e00c6aac0e77c1bbf00000000c09201bfc10ad242c3b8323f02000000ae2ac2403f6ea73e294ba4c1f1402ebf000000002a8d3cbf4ee22e42c3b8323f02000000,1,0,0,0,16,1
489976.nif,121,,0300000001000040400300000079403f4086c855bf15527ebe28faa3bf147ac3bf00000000508d0b43c2b8323f020000000cc88f404ace19bf83a23dbf28faa3bf147ac3bf0000000033d30043c2b8323f02000000276b83c04ace19bff5b98ac1a24e8ebf147ac3bf10207f3f9a196842c2b8323f02000000,1,0,0,0,44,1
493092.nif,121,,0300000001000040400300000020634c41e08405413d44ffc098ff27be27678b3db27cefbecb4124430998443f0300000005a30e40d93d7340886368c1daf1dcbffb04413f68ce6c3f374934430998443f030000000692acc1d93d73402b98f2c10cbef5befb04413fc3b8323fa2c5c6420998443f03000000,1,0,0,0,16,1
420958.nif,121,,03000000010000404003000000b1a20a406501354053b325c09430b73e29faa3bfa574bf3f37095343c3b8323f02000000c65c14c1f772ff3e1f8052c09430b73e29faa3bf13c93e3f33332143c3b8323f020000006ea33341f772ff3e6e0613c19430b73e29faa3bf3451cf3e33337341c3b8323f02000000,1,0,0,0,15,1
540176.nif,121,,030000000100004040030000008037d94175935e4104399840b8def83fa5e9eb3edd357abd0476a443c3b8323f020000005a35144275935e4104399840b8def83fa5e9eb3edd357abd6fd27543c3b8323f0200000080c8d6c175935e4104399840475c833f5077d63e60b3193e7593c241c3b8323f02000000,1,0,0,0,28,1
170580.nif,121,,030000000100004040030000008d9793c0c22f2b407f87963f5120163f00000000ee8fa93fefb84842c2b8323f02000000d388c93e4e45664029cbd03f5120163f42e4d23ef47c06bf93186042c2b8323f0200000045640c404e456640fbcb4e405120163fa4e9eb3ecfa2f6be8d97fe41c2b8323f02000000,1,0,0,0,29,1
11701.nif,121,,030000000100004040030000000000000000000000333353401d8d51bfa607d83fa8b097bf6666ac42c3b8323f0100000032e6a23fe5b320c09088bbc01e206a3fa607d83f5e95ad3f04676842c3b8323f010000008cb9d840e5b320c0a4aa9740dede39bf42e4d23f2382f33f379a0f42c3b8323f01000000,1,0,1,0,50,1
489953.nif,121,,03000000010000404003000000c768edc09d46bb40f0f9c93fcc7400c0b74be03e1e36113f85eb0443c3b8323f020000001d5a76c149a24d40be9f6e419f69f6bfa356d3bfdb0fc93fb0122c43c3b8323f02000000736879c049a24d408b6c434164820ac0a356d3bf3d15e23f8d170142c3b8323f02000000,1,0,0,0,55,1
490002.nif,121,,03000000010000404003000000c768edc09d46bb40f0f9c93fcc7400c0b74be03e1e36113f85eb0443c3b8323f020000001d5a76c149a24d40906a7cbf9f69f6bfa356d3bfdb0fc93fe3c50743c3b8323f02000000d34de6c049a24d408b6c0b41d9e917c069ecd8bfdb0fc93f5ae41942c3b8323f02000000,1,0,0,0,48,1
420943.nif,121,,0300000001000040400300000060bc04c1f8ff93b66891013fa11a7bbfdb0fc9bfdb0fc93f0a570243c3b8323f0300000060bc04c1f8ff93b6fc0083c0a11a7bbfdb0fc9bf145c573f0a570243c3b8323f030000006abc6cc1f8ff93b6d0b344c1a11a7bbfdb0fc9bf145c573fe17a8442c3b8323f03000000,1,0,0,0,16,1
420948.nif,85,,0300000001000040400200000075e583be2cf3de3e07ce9ec1db0fc9bfdb0fc93fdb0fc9bf6240aa43c2b8323f030000002aa9dfc12cf3de3e6e34edc1965d19c005c9d33f4e6f11c0c5805143c2b8323f03000000,1,0,0,0,15,1
18458.nif,121,,03000000010000404003000000348034417b88d63f936fc5c07392ff3ee9a2ccbf2c3ec13f2f3d1f43c3b8323f03000000500172402289d63f94470ec29ff4493ea8b097bfcfb89d3fc9d61943c3b8323f0300000019f388c12289d63f9feb0e425e2001c0356fbbbfcfb89d3f89c12d42c3b8323f03000000,1,0,1,0,93,1
588760.nif,85,,030000000100004040020000001e541e3f865546c0ea3eb03fd6ad3fbfdb0fc9bfdb0fc9bfcb814743c3b8323f010000007e35ccc0865546c0df89ddc0c09201bfdb0fc9bf44202b3f31680b43c3b8323f02000000,1,0,0,0,15,1
493940.nif,121,,0300000001000040400300000067f2f1404f1eb2c1e5616dc291ec99bfd5291dc047d12fc0b4c022440998c43e030000001db8a9c10bc61c42edcd36c2512016c06ca40ec03faf2bc06d67cc430998c43e0300000051ebc4c10bc61c429fab79c047c239c081b0d6bff73c01c0986e5442c3b8323f03000000,1,0,0,0,40,1
539958.nif,121,,03000000010000404003000000f91410bff6629240b8904f3fc6717c3f92f45ebf205cc23f024b5b43c3b8323f03000000f91410bff6629240b8904f3fc6717c3f92f45ebf205cc23f024b5b43c3b8323f030000000569f8c0f6629240aeb6d8c1ad874d3e73927fbf205cc23f3b5f1e42c3b8323f03000000,1,0,0,0,16,1
539998.nif,121,,030000000100004040030000000fff18411a6e9c402731744073eab7c0f6a237bf4b154d3f0c621743c3b8323f020000000fff18411a6e9c402731744073eab7c0f6a237bf4b154d3f0c621743c3b8323f02000000b797eb401a6e9c4060e5b64073eab7c09e6131bf47d1af3f98ee6d42c3b8323f02000000,1,0,0,0,16,1
493931.nif,121,,03000000010000404003000000af9485bec0cfe9406fe401c1fae6d4bf2cb3edbe7a371240465e1344c3b8b23e030000009604b6406ea3574102bc30c1150597bf674205c040bea13e8fd2f143c3b8b23e03000000d41aeb416ea357413491abc1646c63bf674205c0f3f1b2bfd7e3a842c3b8323f03000000,1,0,0,0,42,1
45566.nif,85,,03000000010000404002000000b48e9abe83b325bdc03ec6bf0000000000000000db0fc9bf00006041db0f493f030000005b60efbd9bff8fbec03ec6bf0000000000000000512096be1f857041db0fc93f03000000,1,0,0,0,28,1
45547.nif,85,,03000000010000404002000000b323fdbefb3ae03fdb152abf00000000db0fc9bfdb0fc93fe4432642c3b8323f0100000011369c3e8f8e833edb152abf00000000db0fc9bf8477023fde82d241c3b8323f01000000,1,0,0,0,18,1
591980.nif,85,,03000000010000404002000000c9939f4000000000e3368dc1954ea3bfc3b8b23ece168f406da77d42c3b8323f02000000c9939f4000000000e3368dc1954ea3bfc3b8b23ece168f406da77d42c3b8323f02000000,1,0,0,0,15,0
592751.nif,85,,03000000010000404002000000808285c00ef8b240651936c17fa891bf9161c6bf1807a3c01d188442c3b8323f03000000808285c00ef8b240651936c17fa891bf9161c6bf1807a3c01d188442c3b8323f03000000,1,0,0,0,24,0
543836.nif,85,,03000000010000404002000000faffffb4ea9520c1868d36bfe4cb964000000000000000009e6fd642c2b8323f01000000d848e2be42430f3fea9520c100000000000000005c02953f6d96a642c2b8323f01000000,1,0,0,1,43,1
546348.nif,85,,03000000010000404002000000faffffb4ea9520c1868d36bfe4cb964000000000000000009e6fd642c3b8323f01000000d848e2be42430f3fea9520c100000000000000005d02953f6d96a642c3b8323f01000000,1,0,0,1,56,1
