candidate,va,instruction,base_identity,source_operand,caller_context,write_class,classification,reason
8B_MOD10_disp32_SIB@0x004037FA,0x004037FA,"MOV ESI,[ESP+ESP*1+0x84]",ESP (boundary-verified),read,entry~0x00403760,NOT_A_WRITE,REJECTED_READ_NOT_WRITE,read/CMP form with displacement 0x84; no memory write occurs
8D_MOD10_disp32_SIB@0x00409DAE,0x00409DAE,"LEA ECX,[ESP+ESP*1+0x84]",ESP (boundary-verified),read,entry~0x00409B10,UNRESOLVED,REJECTED_WRONG_OBJECT,stack-relative slot; the factory object is heap-allocated (new 0x118 @0x0073E2CC lazy-init); a stack slot cannot be the factory's +0x84 member
8D_MOD10_disp32_SIB@0x0040B5B2,0x0040B5B2,"LEA ECX,[ESP+ESP*1+0x84]",ESP (boundary-verified),read,entry~0x0040B0B0,UNRESOLVED,REJECTED_WRONG_OBJECT,stack-relative slot; the factory object is heap-allocated (new 0x118 @0x0073E2CC lazy-init); a stack slot cannot be the factory's +0x84 member
89_MOD10_disp32_SIB@0x00417323,0x00417323,"MOV [ESP+ESP*1+0x84],EDI",ESP (boundary-verified),EDI,entry~0x004172A0,UNRESOLVED,REJECTED_WRONG_OBJECT,stack-relative slot; the factory object is heap-allocated (new 0x118 @0x0073E2CC lazy-init); a stack slot cannot be the factory's +0x84 member
89_MOD10_disp32_SIB@0x00417355,0x00417355,"MOV [ESP+ESP*1+0x84],EDI",ESP (boundary-verified),EDI,entry~0x004172A0,UNRESOLVED,REJECTED_WRONG_OBJECT,stack-relative slot; the factory object is heap-allocated (new 0x118 @0x0073E2CC lazy-init); a stack slot cannot be the factory's +0x84 member
89_MOD10_disp32_SIB@0x00417421,0x00417421,"MOV [ESP+ESP*1+0x84],EDI",ESP (boundary-verified),EDI,entry~0x004172A0,UNRESOLVED,REJECTED_WRONG_OBJECT,stack-relative slot; the factory object is heap-allocated (new 0x118 @0x0073E2CC lazy-init); a stack slot cannot be the factory's +0x84 member
89_MOD10_disp32_SIB@0x00417453,0x00417453,"MOV [ESP+ESP*1+0x84],EDI",ESP (boundary-verified),EDI,entry~0x004172A0,UNRESOLVED,REJECTED_WRONG_OBJECT,stack-relative slot; the factory object is heap-allocated (new 0x118 @0x0073E2CC lazy-init); a stack slot cannot be the factory's +0x84 member
89_MOD10_disp32_SIB@0x00417485,0x00417485,"MOV [ESP+ESP*1+0x84],EDI",ESP (boundary-verified),EDI,entry~0x004172A0,UNRESOLVED,REJECTED_WRONG_OBJECT,stack-relative slot; the factory object is heap-allocated (new 0x118 @0x0073E2CC lazy-init); a stack slot cannot be the factory's +0x84 member
C7_MOD10_SIB@0x00417551,0x00417551,"MOV [ESP+ESP*1+0x84],0x8",ESP (boundary-verified),imm32=0x8,entry~0x004172A0,UNRESOLVED,REJECTED_WRONG_OBJECT,stack-relative slot; the factory object is heap-allocated (new 0x118 @0x0073E2CC lazy-init); a stack slot cannot be the factory's +0x84 member
8B_MOD10_disp32_SIB@0x0041E44B,0x0041E44B,"MOV ECX,[ESP+ESP*1+0x84]",ESP (boundary-verified),read,unknown,NOT_A_WRITE,REJECTED_READ_NOT_WRITE,read/CMP form with displacement 0x84; no memory write occurs
8B_MOD10_disp32_SIB@0x0041EDB7,0x0041EDB7,"MOV ECX,[ESP+ESP*1+0x84]",ESP (boundary-verified),read,unknown,NOT_A_WRITE,REJECTED_READ_NOT_WRITE,read/CMP form with displacement 0x84; no memory write occurs
8B_MOD10_disp32_SIB@0x0041F24F,0x0041F24F,"MOV ECX,[ESP+ESP*1+0x84]",ESP (boundary-verified),read,unknown,NOT_A_WRITE,REJECTED_READ_NOT_WRITE,read/CMP form with displacement 0x84; no memory write occurs
8D_MOD10_disp32_SIB@0x00420168,0x00420168,"LEA ECX,[ESP+ESP*1+0x84]",ESP (boundary-verified),read,unknown,UNRESOLVED,REJECTED_WRONG_OBJECT,stack-relative slot; the factory object is heap-allocated (new 0x118 @0x0073E2CC lazy-init); a stack slot cannot be the factory's +0x84 member
8B_MOD10_disp32_SIB@0x00420E19,0x00420E19,"MOV ECX,[ESP+ESP*1+0x84]",ESP (boundary-verified),read,unknown,NOT_A_WRITE,REJECTED_READ_NOT_WRITE,read/CMP form with displacement 0x84; no memory write occurs
8B_MOD10_disp32_SIB@0x00420F92,0x00420F92,"MOV ECX,[ESP+ESP*1+0x84]",ESP (boundary-verified),read,unknown,NOT_A_WRITE,REJECTED_READ_NOT_WRITE,read/CMP form with displacement 0x84; no memory write occurs
8B_MOD10_disp32_SIB@0x004259FD,0x004259FD,"MOV ECX,[ESP+ESP*1+0x84]",ESP (boundary-verified),read,entry~0x00425890,NOT_A_WRITE,REJECTED_READ_NOT_WRITE,read/CMP form with displacement 0x84; no memory write occurs
8D_MOD10_disp32_SIB@0x0042753F,0x0042753F,"LEA ECX,[ESP+ESP*1+0x84]",ESP (boundary-verified),read,entry~0x00427370,UNRESOLVED,REJECTED_WRONG_OBJECT,stack-relative slot; the factory object is heap-allocated (new 0x118 @0x0073E2CC lazy-init); a stack slot cannot be the factory's +0x84 member
8D_MOD10_disp32_SIB@0x00427CEA,0x00427CEA,"LEA ECX,[ESP+ESP*1+0x84]",ESP (boundary-verified),read,entry~0x00427C50,UNRESOLVED,REJECTED_WRONG_OBJECT,stack-relative slot; the factory object is heap-allocated (new 0x118 @0x0073E2CC lazy-init); a stack slot cannot be the factory's +0x84 member
8D_MOD10_disp32_SIB@0x0042B0C6,0x0042B0C6,"LEA ECX,[ESP+ESP*1+0x84]",ESP (boundary-verified),read,entry~0x0042AB10,UNRESOLVED,REJECTED_WRONG_OBJECT,stack-relative slot; the factory object is heap-allocated (new 0x118 @0x0073E2CC lazy-init); a stack slot cannot be the factory's +0x84 member
8D_MOD10_disp32_SIB@0x0042B1A6,0x0042B1A6,"LEA EAX,[ESP+ESP*1+0x84]",ESP (boundary-verified),read,entry~0x0042B180,UNRESOLVED,REJECTED_WRONG_OBJECT,stack-relative slot; the factory object is heap-allocated (new 0x118 @0x0073E2CC lazy-init); a stack slot cannot be the factory's +0x84 member
8B_MOD10_disp32_SIB@0x0042B2B9,0x0042B2B9,"MOV ECX,[ESP+ESP*1+0x84]",ESP (boundary-verified),read,entry~0x0042B180,NOT_A_WRITE,REJECTED_READ_NOT_WRITE,read/CMP form with displacement 0x84; no memory write occurs
8D_MOD10_disp32_SIB@0x0042B6AA,0x0042B6AA,"LEA ECX,[ESP+ESP*1+0x84]",ESP (boundary-verified),read,entry~0x0042B500,UNRESOLVED,REJECTED_WRONG_OBJECT,stack-relative slot; the factory object is heap-allocated (new 0x118 @0x0073E2CC lazy-init); a stack slot cannot be the factory's +0x84 member
8D_MOD10_disp32_SIB@0x0042B774,0x0042B774,"LEA ECX,[ESP+ESP*1+0x84]",ESP (boundary-verified),read,entry~0x0042B500,UNRESOLVED,REJECTED_WRONG_OBJECT,stack-relative slot; the factory object is heap-allocated (new 0x118 @0x0073E2CC lazy-init); a stack slot cannot be the factory's +0x84 member
8D_MOD10_disp32_SIB@0x0042B8C2,0x0042B8C2,"LEA ECX,[ESP+ESP*1+0x84]",ESP (boundary-verified),read,entry~0x0042B7F0,UNRESOLVED,REJECTED_WRONG_OBJECT,stack-relative slot; the factory object is heap-allocated (new 0x118 @0x0073E2CC lazy-init); a stack slot cannot be the factory's +0x84 member
8D_MOD10_disp32_SIB@0x0042B9AB,0x0042B9AB,"LEA ECX,[ESP+ESP*1+0x84]",ESP (boundary-verified),read,entry~0x0042B7F0,UNRESOLVED,REJECTED_WRONG_OBJECT,stack-relative slot; the factory object is heap-allocated (new 0x118 @0x0073E2CC lazy-init); a stack slot cannot be the factory's +0x84 member
8D_MOD10_disp32_SIB@0x0042BA5E,0x0042BA5E,"LEA ECX,[ESP+ESP*1+0x84]",ESP (boundary-verified),read,entry~0x0042B7F0,UNRESOLVED,REJECTED_WRONG_OBJECT,stack-relative slot; the factory object is heap-allocated (new 0x118 @0x0073E2CC lazy-init); a stack slot cannot be the factory's +0x84 member
89_MOD10_disp32_SIB@0x0042BD04,0x0042BD04,"MOV [ESP+ESP*1+0x84],EBX",ESP (boundary-verified),EBX,entry~0x0042BCA0,UNRESOLVED,REJECTED_WRONG_OBJECT,stack-relative slot; the factory object is heap-allocated (new 0x118 @0x0073E2CC lazy-init); a stack slot cannot be the factory's +0x84 member
C6_MOD10_SIB_BYTE@0x0042BD48,0x0042BD48,"MOV BYTE [...+0x84],imm8",ESP (boundary-verified),imm8=0x02,entry~0x0042BCA0,UNRESOLVED,REJECTED_UNRELATED_OFFSET,partial-width (byte/word) store at +0x84; cannot fully assign the dword pointer member at factory+0x84 (dword member per the base ctor store @0x0070D013 and the setter store @0x0070C71E)
C6_MOD10_SIB_BYTE@0x0042BD63,0x0042BD63,"MOV BYTE [...+0x84],imm8",ESP (boundary-verified),imm8=0x01,entry~0x0042BCA0,UNRESOLVED,REJECTED_UNRELATED_OFFSET,partial-width (byte/word) store at +0x84; cannot fully assign the dword pointer member at factory+0x84 (dword member per the base ctor store @0x0070D013 and the setter store @0x0070C71E)
88_MOD10_SIB_BYTE@0x0042BD74,0x0042BD74,"MOV BYTE [...+0x84],r8",ESP (boundary-verified),byte,entry~0x0042BCA0,UNRESOLVED,REJECTED_UNRELATED_OFFSET,partial-width (byte/word) store at +0x84; cannot fully assign the dword pointer member at factory+0x84 (dword member per the base ctor store @0x0070D013 and the setter store @0x0070C71E)
C7_MOD10_SIB@0x0042BD84,0x0042BD84,"MOV [ESP+ESP*1+0x84],0xFFFFFFFF",ESP (boundary-verified),imm32=0xFFFFFFFF,entry~0x0042BCA0,UNRESOLVED,REJECTED_WRONG_OBJECT,stack-relative slot; the factory object is heap-allocated (new 0x118 @0x0073E2CC lazy-init); a stack slot cannot be the factory's +0x84 member
8B_MOD10_disp32_SIB@0x0042D1C0,0x0042D1C0,"MOV ESI,[ESP+ESP*1+0x84]",ESP (boundary-verified),read,entry~0x0042D190,NOT_A_WRITE,REJECTED_READ_NOT_WRITE,read/CMP form with displacement 0x84; no memory write occurs
8D_MOD10_disp32_SIB@0x0042E023,0x0042E023,"LEA ECX,[ESP+ESP*1+0x84]",ESP (boundary-verified),read,entry~0x0042DFB0,UNRESOLVED,REJECTED_WRONG_OBJECT,stack-relative slot; the factory object is heap-allocated (new 0x118 @0x0073E2CC lazy-init); a stack slot cannot be the factory's +0x84 member
8D_MOD10_disp32_SIB@0x0042E034,0x0042E034,"LEA ECX,[ESP+ESP*1+0x84]",ESP (boundary-verified),read,entry~0x0042DFB0,UNRESOLVED,REJECTED_WRONG_OBJECT,stack-relative slot; the factory object is heap-allocated (new 0x118 @0x0073E2CC lazy-init); a stack slot cannot be the factory's +0x84 member
8B_MOD10_disp32_SIB@0x0042F60C,0x0042F60C,"MOV EAX,[ESP+ESP*1+0x84]",ESP (boundary-verified),read,entry~0x0042F4A0,NOT_A_WRITE,REJECTED_READ_NOT_WRITE,read/CMP form with displacement 0x84; no memory write occurs
88_MOD10_SIB_BYTE@0x0042FC3C,0x0042FC3C,"MOV BYTE [...+0x84],r8",ESP (boundary-verified),byte,entry~0x0042FB60,UNRESOLVED,REJECTED_UNRELATED_OFFSET,partial-width (byte/word) store at +0x84; cannot fully assign the dword pointer member at factory+0x84 (dword member per the base ctor store @0x0070D013 and the setter store @0x0070C71E)
8D_MOD10_disp32_SIB@0x00430A6C,0x00430A6C,"LEA ECX,[ESP+ESP*1+0x84]",ESP (boundary-verified),read,entry~0x004309D0,UNRESOLVED,REJECTED_WRONG_OBJECT,stack-relative slot; the factory object is heap-allocated (new 0x118 @0x0073E2CC lazy-init); a stack slot cannot be the factory's +0x84 member
8D_MOD10_disp32_SIB@0x00430A89,0x00430A89,"LEA ECX,[ESP+ESP*1+0x84]",ESP (boundary-verified),read,entry~0x004309D0,UNRESOLVED,REJECTED_WRONG_OBJECT,stack-relative slot; the factory object is heap-allocated (new 0x118 @0x0073E2CC lazy-init); a stack slot cannot be the factory's +0x84 member
8D_MOD10_disp32_SIB@0x00430F6E,0x00430F6E,"LEA ECX,[ESP+ESP*1+0x84]",ESP (boundary-verified),read,entry~0x004309D0,UNRESOLVED,REJECTED_WRONG_OBJECT,stack-relative slot; the factory object is heap-allocated (new 0x118 @0x0073E2CC lazy-init); a stack slot cannot be the factory's +0x84 member
C7_MOD10_SIB@0x00431ECB,0x00431ECB,"MOV [ESP+ESP*1+0x84],0x1",ESP (boundary-verified),imm32=0x1,entry~0x00431E20,UNRESOLVED,REJECTED_WRONG_OBJECT,stack-relative slot; the factory object is heap-allocated (new 0x118 @0x0073E2CC lazy-init); a stack slot cannot be the factory's +0x84 member
C7_MOD10_SIB@0x00431EF9,0x00431EF9,"MOV [ESP+ESP*1+0x84],0x2",ESP (boundary-verified),imm32=0x2,entry~0x00431E20,UNRESOLVED,REJECTED_WRONG_OBJECT,stack-relative slot; the factory object is heap-allocated (new 0x118 @0x0073E2CC lazy-init); a stack slot cannot be the factory's +0x84 member
8D_MOD10_disp32_SIB@0x004351BA,0x004351BA,"LEA ECX,[ESP+ESP*1+0x84]",ESP (boundary-verified),read,entry~0x00435070,UNRESOLVED,REJECTED_WRONG_OBJECT,stack-relative slot; the factory object is heap-allocated (new 0x118 @0x0073E2CC lazy-init); a stack slot cannot be the factory's +0x84 member
8D_MOD10_disp32_SIB@0x00435206,0x00435206,"LEA EAX,[ESP+ESP*1+0x84]",ESP (boundary-verified),read,entry~0x00435070,UNRESOLVED,REJECTED_WRONG_OBJECT,stack-relative slot; the factory object is heap-allocated (new 0x118 @0x0073E2CC lazy-init); a stack slot cannot be the factory's +0x84 member
8D_MOD10_disp32_SIB@0x0043529D,0x0043529D,"LEA ECX,[ESP+ESP*1+0x84]",ESP (boundary-verified),read,entry~0x00435070,UNRESOLVED,REJECTED_WRONG_OBJECT,stack-relative slot; the factory object is heap-allocated (new 0x118 @0x0073E2CC lazy-init); a stack slot cannot be the factory's +0x84 member
8D_MOD10_disp32_SIB@0x00435A86,0x00435A86,"LEA ECX,[ESP+ESP*1+0x84]",ESP (boundary-verified),read,entry~0x00435890,UNRESOLVED,REJECTED_WRONG_OBJECT,stack-relative slot; the factory object is heap-allocated (new 0x118 @0x0073E2CC lazy-init); a stack slot cannot be the factory's +0x84 member
8D_MOD10_disp32_SIB@0x00435BB8,0x00435BB8,"LEA ECX,[ESP+ESP*1+0x84]",ESP (boundary-verified),read,entry~0x00435890,UNRESOLVED,REJECTED_WRONG_OBJECT,stack-relative slot; the factory object is heap-allocated (new 0x118 @0x0073E2CC lazy-init); a stack slot cannot be the factory's +0x84 member
C6_MOD10_SIB_BYTE@0x0043983C,0x0043983C,"MOV BYTE [...+0x84],imm8",ESP (boundary-verified),imm8=0x01,entry~0x004397C0,UNRESOLVED,REJECTED_UNRELATED_OFFSET,partial-width (byte/word) store at +0x84; cannot fully assign the dword pointer member at factory+0x84 (dword member per the base ctor store @0x0070D013 and the setter store @0x0070C71E)
88_MOD10_SIB_BYTE@0x0043984D,0x0043984D,"MOV BYTE [...+0x84],r8",ESP (boundary-verified),byte,entry~0x004397C0,UNRESOLVED,REJECTED_UNRELATED_OFFSET,partial-width (byte/word) store at +0x84; cannot fully assign the dword pointer member at factory+0x84 (dword member per the base ctor store @0x0070D013 and the setter store @0x0070C71E)
C7_MOD10_SIB@0x0043985D,0x0043985D,"MOV [ESP+ESP*1+0x84],0xFFFFFFFF",ESP (boundary-verified),imm32=0xFFFFFFFF,entry~0x004397C0,UNRESOLVED,REJECTED_WRONG_OBJECT,stack-relative slot; the factory object is heap-allocated (new 0x118 @0x0073E2CC lazy-init); a stack slot cannot be the factory's +0x84 member
8D_MOD10_disp32_SIB@0x0043A7D7,0x0043A7D7,"LEA EAX,[ESP+ESP*1+0x84]",ESP (boundary-verified),read,entry~0x0043A7B0,UNRESOLVED,REJECTED_WRONG_OBJECT,stack-relative slot; the factory object is heap-allocated (new 0x118 @0x0073E2CC lazy-init); a stack slot cannot be the factory's +0x84 member
8B_MOD10_disp32_SIB@0x0043A954,0x0043A954,"MOV ECX,[ESP+ESP*1+0x84]",ESP (boundary-verified),read,entry~0x0043A7B0,NOT_A_WRITE,REJECTED_READ_NOT_WRITE,read/CMP form with displacement 0x84; no memory write occurs
8D_MOD10_disp32_SIB@0x0043B4B7,0x0043B4B7,"LEA EAX,[ESP+ESP*1+0x84]",ESP (boundary-verified),read,entry~0x0043B490,UNRESOLVED,REJECTED_WRONG_OBJECT,stack-relative slot; the factory object is heap-allocated (new 0x118 @0x0073E2CC lazy-init); a stack slot cannot be the factory's +0x84 member
8B_MOD10_disp32_SIB@0x0043B6AC,0x0043B6AC,"MOV ECX,[ESP+ESP*1+0x84]",ESP (boundary-verified),read,entry~0x0043B490,NOT_A_WRITE,REJECTED_READ_NOT_WRITE,read/CMP form with displacement 0x84; no memory write occurs
8B_MOD10_disp32_SIB@0x0043C2A8,0x0043C2A8,"MOV EAX,[ESP+ESP*1+0x84]",ESP (boundary-verified),read,entry~0x0043C220,NOT_A_WRITE,REJECTED_READ_NOT_WRITE,read/CMP form with displacement 0x84; no memory write occurs
8B_MOD10_disp32_SIB@0x0043C7E4,0x0043C7E4,"MOV EAX,[ESP+ESP*1+0x84]",ESP (boundary-verified),read,entry~0x0043C7C0,NOT_A_WRITE,REJECTED_READ_NOT_WRITE,read/CMP form with displacement 0x84; no memory write occurs
8B_MOD10_disp32_SIB@0x0043C852,0x0043C852,"MOV EDX,[ESP+ESP*1+0x84]",ESP (boundary-verified),read,entry~0x0043C7C0,NOT_A_WRITE,REJECTED_READ_NOT_WRITE,read/CMP form with displacement 0x84; no memory write occurs
8D_MOD10_disp32_SIB@0x0043D155,0x0043D155,"LEA EDX,[ESP+ESP*1+0x84]",ESP (boundary-verified),read,entry~0x0043D050,UNRESOLVED,REJECTED_WRONG_OBJECT,stack-relative slot; the factory object is heap-allocated (new 0x118 @0x0073E2CC lazy-init); a stack slot cannot be the factory's +0x84 member
8D_MOD10_disp32_SIB@0x0043D1AA,0x0043D1AA,"LEA EDX,[ESP+ESP*1+0x84]",ESP (boundary-verified),read,entry~0x0043D050,UNRESOLVED,REJECTED_WRONG_OBJECT,stack-relative slot; the factory object is heap-allocated (new 0x118 @0x0073E2CC lazy-init); a stack slot cannot be the factory's +0x84 member
8D_MOD10_disp32_SIB@0x0043D1FF,0x0043D1FF,"LEA EDX,[ESP+ESP*1+0x84]",ESP (boundary-verified),read,entry~0x0043D050,UNRESOLVED,REJECTED_WRONG_OBJECT,stack-relative slot; the factory object is heap-allocated (new 0x118 @0x0073E2CC lazy-init); a stack slot cannot be the factory's +0x84 member
8D_MOD10_disp32_SIB@0x0043D254,0x0043D254,"LEA EDX,[ESP+ESP*1+0x84]",ESP (boundary-verified),read,entry~0x0043D050,UNRESOLVED,REJECTED_WRONG_OBJECT,stack-relative slot; the factory object is heap-allocated (new 0x118 @0x0073E2CC lazy-init); a stack slot cannot be the factory's +0x84 member
8D_MOD10_disp32_SIB@0x0043D2A9,0x0043D2A9,"LEA EDX,[ESP+ESP*1+0x84]",ESP (boundary-verified),read,entry~0x0043D050,UNRESOLVED,REJECTED_WRONG_OBJECT,stack-relative slot; the factory object is heap-allocated (new 0x118 @0x0073E2CC lazy-init); a stack slot cannot be the factory's +0x84 member
8D_MOD10_disp32_SIB@0x0043D2FE,0x0043D2FE,"LEA EDX,[ESP+ESP*1+0x84]",ESP (boundary-verified),read,entry~0x0043D050,UNRESOLVED,REJECTED_WRONG_OBJECT,stack-relative slot; the factory object is heap-allocated (new 0x118 @0x0073E2CC lazy-init); a stack slot cannot be the factory's +0x84 member
8D_MOD10_disp32_SIB@0x0043D353,0x0043D353,"LEA EDX,[ESP+ESP*1+0x84]",ESP (boundary-verified),read,entry~0x0043D050,UNRESOLVED,REJECTED_WRONG_OBJECT,stack-relative slot; the factory object is heap-allocated (new 0x118 @0x0073E2CC lazy-init); a stack slot cannot be the factory's +0x84 member
8D_MOD10_disp32_SIB@0x0043E03C,0x0043E03C,"LEA EAX,[ESP+ESP*1+0x84]",ESP (boundary-verified),read,entry~0x0043E020,UNRESOLVED,REJECTED_WRONG_OBJECT,stack-relative slot; the factory object is heap-allocated (new 0x118 @0x0073E2CC lazy-init); a stack slot cannot be the factory's +0x84 member
8D_MOD10_disp32_SIB@0x0043E0E6,0x0043E0E6,"LEA ECX,[ESP+ESP*1+0x84]",ESP (boundary-verified),read,entry~0x0043E020,UNRESOLVED,REJECTED_WRONG_OBJECT,stack-relative slot; the factory object is heap-allocated (new 0x118 @0x0073E2CC lazy-init); a stack slot cannot be the factory's +0x84 member
8B_MOD10_disp32_SIB@0x0043E153,0x0043E153,"MOV ECX,[ESP+ESP*1+0x84]",ESP (boundary-verified),read,entry~0x0043E020,NOT_A_WRITE,REJECTED_READ_NOT_WRITE,read/CMP form with displacement 0x84; no memory write occurs
8B_MOD10_disp32_SIB@0x0043EDDE,0x0043EDDE,"MOV EAX,[ESP+ESP*1+0x84]",ESP (boundary-verified),read,entry~0x0043ECB0,NOT_A_WRITE,REJECTED_READ_NOT_WRITE,read/CMP form with displacement 0x84; no memory write occurs
89_MOD10_disp32_SIB@0x00440DDD,0x00440DDD,"MOV [ESP+ESP*1+0x84],ESP",ESP (boundary-verified),ESP,entry~0x00440DA0,UNRESOLVED,REJECTED_WRONG_OBJECT,stack-relative slot; the factory object is heap-allocated (new 0x118 @0x0073E2CC lazy-init); a stack slot cannot be the factory's +0x84 member
8B_MOD10_disp32_SIB@0x004417C2,0x004417C2,"MOV EBX,[ESP+ESP*1+0x84]",ESP (boundary-verified),read,entry~0x004416C0,NOT_A_WRITE,REJECTED_READ_NOT_WRITE,read/CMP form with displacement 0x84; no memory write occurs
8D_MOD10_disp32_SIB@0x004486AA,0x004486AA,"LEA EAX,[ESP+ESP*1+0x84]",ESP (boundary-verified),read,unknown,UNRESOLVED,REJECTED_WRONG_OBJECT,stack-relative slot; the factory object is heap-allocated (new 0x118 @0x0073E2CC lazy-init); a stack slot cannot be the factory's +0x84 member
8D_MOD10_disp32_SIB@0x0044A568,0x0044A568,"LEA ECX,[ESP+ESP*1+0x84]",ESP (boundary-verified),read,unknown,UNRESOLVED,REJECTED_WRONG_OBJECT,stack-relative slot; the factory object is heap-allocated (new 0x118 @0x0073E2CC lazy-init); a stack slot cannot be the factory's +0x84 member
8B_MOD10_disp32_SIB@0x0044A644,0x0044A644,"MOV EAX,[ESP+ESP*1+0x84]",ESP (boundary-verified),read,unknown,NOT_A_WRITE,REJECTED_READ_NOT_WRITE,read/CMP form with displacement 0x84; no memory write occurs
8D_MOD10_disp32_SIB@0x0044AF37,0x0044AF37,"LEA EDX,[ESP+ESP*1+0x84]",ESP (boundary-verified),read,unknown,UNRESOLVED,REJECTED_WRONG_OBJECT,stack-relative slot; the factory object is heap-allocated (new 0x118 @0x0073E2CC lazy-init); a stack slot cannot be the factory's +0x84 member
8D_MOD10_disp32_SIB@0x0044AF51,0x0044AF51,"LEA ECX,[ESP+ESP*1+0x84]",ESP (boundary-verified),read,unknown,UNRESOLVED,REJECTED_WRONG_OBJECT,stack-relative slot; the factory object is heap-allocated (new 0x118 @0x0073E2CC lazy-init); a stack slot cannot be the factory's +0x84 member
8D_MOD10_disp32_SIB@0x0044ED7D,0x0044ED7D,"LEA ECX,[ESP+ESP*1+0x84]",ESP (boundary-verified),read,entry~0x0044EBB0,UNRESOLVED,REJECTED_WRONG_OBJECT,stack-relative slot; the factory object is heap-allocated (new 0x118 @0x0073E2CC lazy-init); a stack slot cannot be the factory's +0x84 member
8D_MOD10_disp32_SIB@0x00457EB5,0x00457EB5,"LEA ECX,[ESP+ESP*1+0x84]",ESP (boundary-verified),read,entry~0x00457E30,UNRESOLVED,REJECTED_WRONG_OBJECT,stack-relative slot; the factory object is heap-allocated (new 0x118 @0x0073E2CC lazy-init); a stack slot cannot be the factory's +0x84 member
89_MOD10_disp32@0x0045A40E,0x0045A40E,"MOV [ESI+0x84],EDX",ESI (boundary-verified),EDX,entry~0x0045A0D0,UNRESOLVED,UNRESOLVED,boundary-verified non-stack dword write to [reg+0x84]; base-register identity not resolved to any factory object within the window-level provenance bound; not established as a factory+0x84 write (no claim made)
8D_MOD10_disp32_SIB@0x0045D6C6,0x0045D6C6,"LEA ECX,[ESP+ESP*1+0x84]",ESP (boundary-verified),read,entry~0x0045D230,UNRESOLVED,REJECTED_WRONG_OBJECT,stack-relative slot; the factory object is heap-allocated (new 0x118 @0x0073E2CC lazy-init); a stack slot cannot be the factory's +0x84 member
89_MOD10_disp32_SIB@0x0045D72E,0x0045D72E,"MOV [ESP+ESP*1+0x84],EAX",ESP (boundary-verified),EAX,entry~0x0045D230,UNRESOLVED,REJECTED_WRONG_OBJECT,stack-relative slot; the factory object is heap-allocated (new 0x118 @0x0073E2CC lazy-init); a stack slot cannot be the factory's +0x84 member
8D_MOD10_disp32_SIB@0x0045DA2B,0x0045DA2B,"LEA ECX,[ESP+ESP*1+0x84]",ESP (boundary-verified),read,unknown,UNRESOLVED,REJECTED_WRONG_OBJECT,stack-relative slot; the factory object is heap-allocated (new 0x118 @0x0073E2CC lazy-init); a stack slot cannot be the factory's +0x84 member
8D_MOD10_disp32_SIB@0x0045E4D3,0x0045E4D3,"LEA ECX,[ESP+ESP*1+0x84]",ESP (boundary-verified),read,entry~0x0045E300,UNRESOLVED,REJECTED_WRONG_OBJECT,stack-relative slot; the factory object is heap-allocated (new 0x118 @0x0073E2CC lazy-init); a stack slot cannot be the factory's +0x84 member
C6_MOD10_SIB_BYTE@0x0045E60E,0x0045E60E,"MOV BYTE [...+0x84],imm8",ESP (boundary-verified),imm8=0x00,entry~0x0045E580,UNRESOLVED,REJECTED_UNRELATED_OFFSET,partial-width (byte/word) store at +0x84; cannot fully assign the dword pointer member at factory+0x84 (dword member per the base ctor store @0x0070D013 and the setter store @0x0070C71E)
C7_MOD10_SIB@0x0045E6A3,0x0045E6A3,"MOV [ESP+ESP*1+0x84],0xFFFFFFFF",ESP (boundary-verified),imm32=0xFFFFFFFF,entry~0x0045E580,UNRESOLVED,REJECTED_WRONG_OBJECT,stack-relative slot; the factory object is heap-allocated (new 0x118 @0x0073E2CC lazy-init); a stack slot cannot be the factory's +0x84 member
8D_MOD10_disp32_SIB@0x0045E97B,0x0045E97B,"LEA EAX,[ESP+ESP*1+0x84]",ESP (boundary-verified),read,entry~0x0045E960,UNRESOLVED,REJECTED_WRONG_OBJECT,stack-relative slot; the factory object is heap-allocated (new 0x118 @0x0073E2CC lazy-init); a stack slot cannot be the factory's +0x84 member
8B_MOD10_disp32_SIB@0x0045EB4E,0x0045EB4E,"MOV ECX,[ESP+ESP*1+0x84]",ESP (boundary-verified),read,entry~0x0045E960,NOT_A_WRITE,REJECTED_READ_NOT_WRITE,read/CMP form with displacement 0x84; no memory write occurs
8D_MOD10_disp32_SIB@0x0045ECE0,0x0045ECE0,"LEA EAX,[ESP+ESP*1+0x84]",ESP (boundary-verified),read,entry~0x0045EB70,UNRESOLVED,REJECTED_WRONG_OBJECT,stack-relative slot; the factory object is heap-allocated (new 0x118 @0x0073E2CC lazy-init); a stack slot cannot be the factory's +0x84 member
8D_MOD10_disp32_SIB@0x0045ED26,0x0045ED26,"LEA ECX,[ESP+ESP*1+0x84]",ESP (boundary-verified),read,entry~0x0045EB70,UNRESOLVED,REJECTED_WRONG_OBJECT,stack-relative slot; the factory object is heap-allocated (new 0x118 @0x0073E2CC lazy-init); a stack slot cannot be the factory's +0x84 member
8D_MOD10_disp32_SIB@0x0045F7F3,0x0045F7F3,"LEA EAX,[ESP+ESP*1+0x84]",ESP (boundary-verified),read,entry~0x0045F270,UNRESOLVED,REJECTED_WRONG_OBJECT,stack-relative slot; the factory object is heap-allocated (new 0x118 @0x0073E2CC lazy-init); a stack slot cannot be the factory's +0x84 member
8B_MOD10_disp32_SIB@0x00460DE3,0x00460DE3,"MOV EDX,[ESP+ESP*1+0x84]",ESP (boundary-verified),read,entry~0x00460CE0,NOT_A_WRITE,REJECTED_READ_NOT_WRITE,read/CMP form with displacement 0x84; no memory write occurs
8B_MOD10_disp32_SIB@0x00462D1A,0x00462D1A,"MOV ECX,[ESP+ESP*1+0x84]",ESP (boundary-verified),read,entry~0x00462CC0,NOT_A_WRITE,REJECTED_READ_NOT_WRITE,read/CMP form with displacement 0x84; no memory write occurs
8B_MOD10_disp32_SIB@0x00462DAA,0x00462DAA,"MOV EAX,[ESP+ESP*1+0x84]",ESP (boundary-verified),read,entry~0x00462CC0,NOT_A_WRITE,REJECTED_READ_NOT_WRITE,read/CMP form with displacement 0x84; no memory write occurs
8B_MOD10_disp32_SIB@0x00462E53,0x00462E53,"MOV ECX,[ESP+ESP*1+0x84]",ESP (boundary-verified),read,entry~0x00462CC0,NOT_A_WRITE,REJECTED_READ_NOT_WRITE,read/CMP form with displacement 0x84; no memory write occurs
8B_MOD10_disp32_SIB@0x00462EC9,0x00462EC9,"MOV ESI,[ESP+ESP*1+0x84]",ESP (boundary-verified),read,entry~0x00462CC0,NOT_A_WRITE,REJECTED_READ_NOT_WRITE,read/CMP form with displacement 0x84; no memory write occurs
8B_MOD10_disp32_SIB@0x004645F0,0x004645F0,"MOV ESI,[ESP+ESP*1+0x84]",ESP (boundary-verified),read,entry~0x00464550,NOT_A_WRITE,REJECTED_READ_NOT_WRITE,read/CMP form with displacement 0x84; no memory write occurs
C7_MOD10_SIB@0x00464BDF,0x00464BDF,"MOV [ESP+ESP*1+0x84],0x0",ESP (boundary-verified),imm32=0x0,entry~0x00464BB0,UNRESOLVED,REJECTED_WRONG_OBJECT,stack-relative slot; the factory object is heap-allocated (new 0x118 @0x0073E2CC lazy-init); a stack slot cannot be the factory's +0x84 member
C6_MOD10_SIB_BYTE@0x00464C19,0x00464C19,"MOV BYTE [...+0x84],imm8",ESP (boundary-verified),imm8=0x01,entry~0x00464BB0,UNRESOLVED,REJECTED_UNRELATED_OFFSET,partial-width (byte/word) store at +0x84; cannot fully assign the dword pointer member at factory+0x84 (dword member per the base ctor store @0x0070D013 and the setter store @0x0070C71E)
C6_MOD10_SIB_BYTE@0x00464DEB,0x00464DEB,"MOV BYTE [...+0x84],imm8",ESP (boundary-verified),imm8=0x00,entry~0x00464BB0,UNRESOLVED,REJECTED_UNRELATED_OFFSET,partial-width (byte/word) store at +0x84; cannot fully assign the dword pointer member at factory+0x84 (dword member per the base ctor store @0x0070D013 and the setter store @0x0070C71E)
C7_MOD10_SIB@0x00464DFC,0x00464DFC,"MOV [ESP+ESP*1+0x84],0xFFFFFFFF",ESP (boundary-verified),imm32=0xFFFFFFFF,entry~0x00464BB0,UNRESOLVED,REJECTED_WRONG_OBJECT,stack-relative slot; the factory object is heap-allocated (new 0x118 @0x0073E2CC lazy-init); a stack slot cannot be the factory's +0x84 member
8D_MOD10_disp32_SIB@0x00465B86,0x00465B86,"LEA EAX,[ESP+ESP*1+0x84]",ESP (boundary-verified),read,entry~0x00465B60,UNRESOLVED,REJECTED_WRONG_OBJECT,stack-relative slot; the factory object is heap-allocated (new 0x118 @0x0073E2CC lazy-init); a stack slot cannot be the factory's +0x84 member
8B_MOD10_disp32_SIB@0x00465BDF,0x00465BDF,"MOV ECX,[ESP+ESP*1+0x84]",ESP (boundary-verified),read,entry~0x00465B60,NOT_A_WRITE,REJECTED_READ_NOT_WRITE,read/CMP form with displacement 0x84; no memory write occurs
8B_MOD10_disp32_SIB@0x00466A2D,0x00466A2D,"MOV EBP,[ESP+ESP*1+0x84]",ESP (boundary-verified),read,entry~0x00466A00,NOT_A_WRITE,REJECTED_READ_NOT_WRITE,read/CMP form with displacement 0x84; no memory write occurs
8D_MOD10_disp32_SIB@0x00466A49,0x00466A49,"LEA ECX,[ESP+ESP*1+0x84]",ESP (boundary-verified),read,entry~0x00466A00,UNRESOLVED,REJECTED_WRONG_OBJECT,stack-relative slot; the factory object is heap-allocated (new 0x118 @0x0073E2CC lazy-init); a stack slot cannot be the factory's +0x84 member
8B_MOD10_disp32_SIB@0x00466AB1,0x00466AB1,"MOV ECX,[ESP+ESP*1+0x84]",ESP (boundary-verified),read,entry~0x00466A00,NOT_A_WRITE,REJECTED_READ_NOT_WRITE,read/CMP form with displacement 0x84; no memory write occurs
8D_MOD10_disp32_SIB@0x00466B6F,0x00466B6F,"LEA ECX,[ESP+ESP*1+0x84]",ESP (boundary-verified),read,entry~0x00466A00,UNRESOLVED,REJECTED_WRONG_OBJECT,stack-relative slot; the factory object is heap-allocated (new 0x118 @0x0073E2CC lazy-init); a stack slot cannot be the factory's +0x84 member
8D_MOD10_disp32_SIB@0x00466CB2,0x00466CB2,"LEA ECX,[ESP+ESP*1+0x84]",ESP (boundary-verified),read,entry~0x00466A00,UNRESOLVED,REJECTED_WRONG_OBJECT,stack-relative slot; the factory object is heap-allocated (new 0x118 @0x0073E2CC lazy-init); a stack slot cannot be the factory's +0x84 member
8B_MOD10_disp32_SIB@0x00466D04,0x00466D04,"MOV ECX,[ESP+ESP*1+0x84]",ESP (boundary-verified),read,entry~0x00466CE0,NOT_A_WRITE,REJECTED_READ_NOT_WRITE,read/CMP form with displacement 0x84; no memory write occurs
89_MOD10_disp32_SIB@0x0046734C,0x0046734C,"MOV [ESP+ESP*1+0x84],ESP",ESP (boundary-verified),ESP,entry~0x00467310,UNRESOLVED,REJECTED_WRONG_OBJECT,stack-relative slot; the factory object is heap-allocated (new 0x118 @0x0073E2CC lazy-init); a stack slot cannot be the factory's +0x84 member
89_MOD10_disp32_SIB@0x004679B2,0x004679B2,"MOV [ESP+ESP*1+0x84],ESP",ESP (boundary-verified),ESP,entry~0x00467950,UNRESOLVED,REJECTED_WRONG_OBJECT,stack-relative slot; the factory object is heap-allocated (new 0x118 @0x0073E2CC lazy-init); a stack slot cannot be the factory's +0x84 member
89_MOD10_disp32_SIB@0x00467A36,0x00467A36,"MOV [ESP+ESP*1+0x84],EBX",ESP (boundary-verified),EBX,entry~0x00467A00,UNRESOLVED,REJECTED_WRONG_OBJECT,stack-relative slot; the factory object is heap-allocated (new 0x118 @0x0073E2CC lazy-init); a stack slot cannot be the factory's +0x84 member
C6_MOD10_SIB_BYTE@0x00467ADE,0x00467ADE,"MOV BYTE [...+0x84],imm8",ESP (boundary-verified),imm8=0x02,entry~0x00467A00,UNRESOLVED,REJECTED_UNRELATED_OFFSET,partial-width (byte/word) store at +0x84; cannot fully assign the dword pointer member at factory+0x84 (dword member per the base ctor store @0x0070D013 and the setter store @0x0070C71E)
C6_MOD10_SIB_BYTE@0x00467AEF,0x00467AEF,"MOV BYTE [...+0x84],imm8",ESP (boundary-verified),imm8=0x01,entry~0x00467A00,UNRESOLVED,REJECTED_UNRELATED_OFFSET,partial-width (byte/word) store at +0x84; cannot fully assign the dword pointer member at factory+0x84 (dword member per the base ctor store @0x0070D013 and the setter store @0x0070C71E)
88_MOD10_SIB_BYTE@0x00467B00,0x00467B00,"MOV BYTE [...+0x84],r8",ESP (boundary-verified),byte,entry~0x00467A00,UNRESOLVED,REJECTED_UNRELATED_OFFSET,partial-width (byte/word) store at +0x84; cannot fully assign the dword pointer member at factory+0x84 (dword member per the base ctor store @0x0070D013 and the setter store @0x0070C71E)
C7_MOD10_SIB@0x00467B10,0x00467B10,"MOV [ESP+ESP*1+0x84],0xFFFFFFFF",ESP (boundary-verified),imm32=0xFFFFFFFF,entry~0x00467A00,UNRESOLVED,REJECTED_WRONG_OBJECT,stack-relative slot; the factory object is heap-allocated (new 0x118 @0x0073E2CC lazy-init); a stack slot cannot be the factory's +0x84 member
88_MOD10_SIB_BYTE@0x00467B53,0x00467B53,"MOV BYTE [...+0x84],r8",ESP (boundary-verified),byte,entry~0x00467A00,UNRESOLVED,REJECTED_UNRELATED_OFFSET,partial-width (byte/word) store at +0x84; cannot fully assign the dword pointer member at factory+0x84 (dword member per the base ctor store @0x0070D013 and the setter store @0x0070C71E)
88_MOD10_SIB_BYTE@0x00467B8B,0x00467B8B,"MOV BYTE [...+0x84],r8",ESP (boundary-verified),byte,entry~0x00467A00,UNRESOLVED,REJECTED_UNRELATED_OFFSET,partial-width (byte/word) store at +0x84; cannot fully assign the dword pointer member at factory+0x84 (dword member per the base ctor store @0x0070D013 and the setter store @0x0070C71E)
C7_MOD10_SIB@0x00467B9B,0x00467B9B,"MOV [ESP+ESP*1+0x84],0xFFFFFFFF",ESP (boundary-verified),imm32=0xFFFFFFFF,entry~0x00467A00,UNRESOLVED,REJECTED_WRONG_OBJECT,stack-relative slot; the factory object is heap-allocated (new 0x118 @0x0073E2CC lazy-init); a stack slot cannot be the factory's +0x84 member
C6_MOD10_SIB_BYTE@0x0046AD60,0x0046AD60,"MOV BYTE [...+0x84],imm8",ESP (boundary-verified),imm8=0x04,entry~0x0046AC40,UNRESOLVED,REJECTED_UNRELATED_OFFSET,partial-width (byte/word) store at +0x84; cannot fully assign the dword pointer member at factory+0x84 (dword member per the base ctor store @0x0070D013 and the setter store @0x0070C71E)
C6_MOD10_SIB_BYTE@0x0046AE8D,0x0046AE8D,"MOV BYTE [...+0x84],imm8",ESP (boundary-verified),imm8=0x0C,entry~0x0046AC40,UNRESOLVED,REJECTED_UNRELATED_OFFSET,partial-width (byte/word) store at +0x84; cannot fully assign the dword pointer member at factory+0x84 (dword member per the base ctor store @0x0070D013 and the setter store @0x0070C71E)
C6_MOD10_SIB_BYTE@0x0046AF47,0x0046AF47,"MOV BYTE [...+0x84],imm8",ESP (boundary-verified),imm8=0x10,entry~0x0046AC40,UNRESOLVED,REJECTED_UNRELATED_OFFSET,partial-width (byte/word) store at +0x84; cannot fully assign the dword pointer member at factory+0x84 (dword member per the base ctor store @0x0070D013 and the setter store @0x0070C71E)
C6_MOD10_SIB_BYTE@0x0046AFE1,0x0046AFE1,"MOV BYTE [...+0x84],imm8",ESP (boundary-verified),imm8=0x14,entry~0x0046AC40,UNRESOLVED,REJECTED_UNRELATED_OFFSET,partial-width (byte/word) store at +0x84; cannot fully assign the dword pointer member at factory+0x84 (dword member per the base ctor store @0x0070D013 and the setter store @0x0070C71E)
C6_MOD10_SIB_BYTE@0x0046B07B,0x0046B07B,"MOV BYTE [...+0x84],imm8",ESP (boundary-verified),imm8=0x18,entry~0x0046AC40,UNRESOLVED,REJECTED_UNRELATED_OFFSET,partial-width (byte/word) store at +0x84; cannot fully assign the dword pointer member at factory+0x84 (dword member per the base ctor store @0x0070D013 and the setter store @0x0070C71E)
C6_MOD10_SIB_BYTE@0x0046B150,0x0046B150,"MOV BYTE [...+0x84],imm8",ESP (boundary-verified),imm8=0x1C,entry~0x0046AC40,UNRESOLVED,REJECTED_UNRELATED_OFFSET,partial-width (byte/word) store at +0x84; cannot fully assign the dword pointer member at factory+0x84 (dword member per the base ctor store @0x0070D013 and the setter store @0x0070C71E)
C6_MOD10_SIB_BYTE@0x0046B27D,0x0046B27D,"MOV BYTE [...+0x84],imm8",ESP (boundary-verified),imm8=0x24,unknown,UNRESOLVED,REJECTED_UNRELATED_OFFSET,partial-width (byte/word) store at +0x84; cannot fully assign the dword pointer member at factory+0x84 (dword member per the base ctor store @0x0070D013 and the setter store @0x0070C71E)
C6_MOD10_SIB_BYTE@0x0046B33B,0x0046B33B,"MOV BYTE [...+0x84],imm8",ESP (boundary-verified),imm8=0x28,unknown,UNRESOLVED,REJECTED_UNRELATED_OFFSET,partial-width (byte/word) store at +0x84; cannot fully assign the dword pointer member at factory+0x84 (dword member per the base ctor store @0x0070D013 and the setter store @0x0070C71E)
C6_MOD10_SIB_BYTE@0x0046B3D1,0x0046B3D1,"MOV BYTE [...+0x84],imm8",ESP (boundary-verified),imm8=0x2C,unknown,UNRESOLVED,REJECTED_UNRELATED_OFFSET,partial-width (byte/word) store at +0x84; cannot fully assign the dword pointer member at factory+0x84 (dword member per the base ctor store @0x0070D013 and the setter store @0x0070C71E)
C6_MOD10_SIB_BYTE@0x0046B467,0x0046B467,"MOV BYTE [...+0x84],imm8",ESP (boundary-verified),imm8=0x30,unknown,UNRESOLVED,REJECTED_UNRELATED_OFFSET,partial-width (byte/word) store at +0x84; cannot fully assign the dword pointer member at factory+0x84 (dword member per the base ctor store @0x0070D013 and the setter store @0x0070C71E)
C6_MOD10_SIB_BYTE@0x0046B598,0x0046B598,"MOV BYTE [...+0x84],imm8",ESP (boundary-verified),imm8=0x38,unknown,UNRESOLVED,REJECTED_UNRELATED_OFFSET,partial-width (byte/word) store at +0x84; cannot fully assign the dword pointer member at factory+0x84 (dword member per the base ctor store @0x0070D013 and the setter store @0x0070C71E)
C6_MOD10_SIB_BYTE@0x0046B690,0x0046B690,"MOV BYTE [...+0x84],imm8",ESP (boundary-verified),imm8=0x58,unknown,UNRESOLVED,REJECTED_UNRELATED_OFFSET,partial-width (byte/word) store at +0x84; cannot fully assign the dword pointer member at factory+0x84 (dword member per the base ctor store @0x0070D013 and the setter store @0x0070C71E)
C6_MOD10_SIB_BYTE@0x0046B72A,0x0046B72A,"MOV BYTE [...+0x84],imm8",ESP (boundary-verified),imm8=0x5C,unknown,UNRESOLVED,REJECTED_UNRELATED_OFFSET,partial-width (byte/word) store at +0x84; cannot fully assign the dword pointer member at factory+0x84 (dword member per the base ctor store @0x0070D013 and the setter store @0x0070C71E)
C6_MOD10_SIB_BYTE@0x0046B7C4,0x0046B7C4,"MOV BYTE [...+0x84],imm8",ESP (boundary-verified),imm8=0x60,unknown,UNRESOLVED,REJECTED_UNRELATED_OFFSET,partial-width (byte/word) store at +0x84; cannot fully assign the dword pointer member at factory+0x84 (dword member per the base ctor store @0x0070D013 and the setter store @0x0070C71E)
C6_MOD10_SIB_BYTE@0x0046B8E4,0x0046B8E4,"MOV BYTE [...+0x84],imm8",ESP (boundary-verified),imm8=0x3C,unknown,UNRESOLVED,REJECTED_UNRELATED_OFFSET,partial-width (byte/word) store at +0x84; cannot fully assign the dword pointer member at factory+0x84 (dword member per the base ctor store @0x0070D013 and the setter store @0x0070C71E)
C6_MOD10_SIB_BYTE@0x0046B97A,0x0046B97A,"MOV BYTE [...+0x84],imm8",ESP (boundary-verified),imm8=0x40,unknown,UNRESOLVED,REJECTED_UNRELATED_OFFSET,partial-width (byte/word) store at +0x84; cannot fully assign the dword pointer member at factory+0x84 (dword member per the base ctor store @0x0070D013 and the setter store @0x0070C71E)
C6_MOD10_SIB_BYTE@0x0046BA10,0x0046BA10,"MOV BYTE [...+0x84],imm8",ESP (boundary-verified),imm8=0x44,unknown,UNRESOLVED,REJECTED_UNRELATED_OFFSET,partial-width (byte/word) store at +0x84; cannot fully assign the dword pointer member at factory+0x84 (dword member per the base ctor store @0x0070D013 and the setter store @0x0070C71E)
C6_MOD10_SIB_BYTE@0x0046BB39,0x0046BB39,"MOV BYTE [...+0x84],imm8",ESP (boundary-verified),imm8=0x4C,unknown,UNRESOLVED,REJECTED_UNRELATED_OFFSET,partial-width (byte/word) store at +0x84; cannot fully assign the dword pointer member at factory+0x84 (dword member per the base ctor store @0x0070D013 and the setter store @0x0070C71E)
C6_MOD10_SIB_BYTE@0x0046BBF3,0x0046BBF3,"MOV BYTE [...+0x84],imm8",ESP (boundary-verified),imm8=0x50,unknown,UNRESOLVED,REJECTED_UNRELATED_OFFSET,partial-width (byte/word) store at +0x84; cannot fully assign the dword pointer member at factory+0x84 (dword member per the base ctor store @0x0070D013 and the setter store @0x0070C71E)
C6_MOD10_SIB_BYTE@0x0046BC89,0x0046BC89,"MOV BYTE [...+0x84],imm8",ESP (boundary-verified),imm8=0x54,unknown,UNRESOLVED,REJECTED_UNRELATED_OFFSET,partial-width (byte/word) store at +0x84; cannot fully assign the dword pointer member at factory+0x84 (dword member per the base ctor store @0x0070D013 and the setter store @0x0070C71E)
C6_MOD10_SIB_BYTE@0x0046BD4A,0x0046BD4A,"MOV BYTE [...+0x84],imm8",ESP (boundary-verified),imm8=0x68,unknown,UNRESOLVED,REJECTED_UNRELATED_OFFSET,partial-width (byte/word) store at +0x84; cannot fully assign the dword pointer member at factory+0x84 (dword member per the base ctor store @0x0070D013 and the setter store @0x0070C71E)
C6_MOD10_SIB_BYTE@0x0046BDE3,0x0046BDE3,"MOV BYTE [...+0x84],imm8",ESP (boundary-verified),imm8=0x6C,unknown,UNRESOLVED,REJECTED_UNRELATED_OFFSET,partial-width (byte/word) store at +0x84; cannot fully assign the dword pointer member at factory+0x84 (dword member per the base ctor store @0x0070D013 and the setter store @0x0070C71E)
C6_MOD10_SIB_BYTE@0x0046BE7C,0x0046BE7C,"MOV BYTE [...+0x84],imm8",ESP (boundary-verified),imm8=0x70,unknown,UNRESOLVED,REJECTED_UNRELATED_OFFSET,partial-width (byte/word) store at +0x84; cannot fully assign the dword pointer member at factory+0x84 (dword member per the base ctor store @0x0070D013 and the setter store @0x0070C71E)
8D_MOD10_disp32_SIB@0x0046CD5B,0x0046CD5B,"LEA EAX,[ESP+ESP*1+0x84]",ESP (boundary-verified),read,entry~0x0046CC90,UNRESOLVED,REJECTED_WRONG_OBJECT,stack-relative slot; the factory object is heap-allocated (new 0x118 @0x0073E2CC lazy-init); a stack slot cannot be the factory's +0x84 member
8B_MOD10_disp32_SIB@0x0046CE9D,0x0046CE9D,"MOV ECX,[ESP+ESP*1+0x84]",ESP (boundary-verified),read,entry~0x0046CC90,NOT_A_WRITE,REJECTED_READ_NOT_WRITE,read/CMP form with displacement 0x84; no memory write occurs
8D_MOD10_disp32_SIB@0x0046DA11,0x0046DA11,"LEA ECX,[ESP+ESP*1+0x84]",ESP (boundary-verified),read,entry~0x0046D4A0,UNRESOLVED,REJECTED_WRONG_OBJECT,stack-relative slot; the factory object is heap-allocated (new 0x118 @0x0073E2CC lazy-init); a stack slot cannot be the factory's +0x84 member
89_MOD10_disp32_SIB@0x0046E5BE,0x0046E5BE,"MOV [ESP+ESP*1+0x84],EBX",ESP (boundary-verified),EBX,entry~0x0046E0D0,UNRESOLVED,REJECTED_WRONG_OBJECT,stack-relative slot; the factory object is heap-allocated (new 0x118 @0x0073E2CC lazy-init); a stack slot cannot be the factory's +0x84 member
8D_MOD10_disp32_SIB@0x0046E968,0x0046E968,"LEA ECX,[ESP+ESP*1+0x84]",ESP (boundary-verified),read,entry~0x0046E640,UNRESOLVED,REJECTED_WRONG_OBJECT,stack-relative slot; the factory object is heap-allocated (new 0x118 @0x0073E2CC lazy-init); a stack slot cannot be the factory's +0x84 member
8D_MOD10_disp32_SIB@0x0046E99F,0x0046E99F,"LEA ECX,[ESP+ESP*1+0x84]",ESP (boundary-verified),read,entry~0x0046E640,UNRESOLVED,REJECTED_WRONG_OBJECT,stack-relative slot; the factory object is heap-allocated (new 0x118 @0x0073E2CC lazy-init); a stack slot cannot be the factory's +0x84 member
89_MOD10_disp32_SIB@0x0046EC7B,0x0046EC7B,"MOV [ESP+ESP*1+0x84],EAX",ESP (boundary-verified),EAX,entry~0x0046EC60,UNRESOLVED,REJECTED_WRONG_OBJECT,stack-relative slot; the factory object is heap-allocated (new 0x118 @0x0073E2CC lazy-init); a stack slot cannot be the factory's +0x84 member
8B_MOD10_disp32_SIB@0x0046EEED,0x0046EEED,"MOV ECX,[ESP+ESP*1+0x84]",ESP (boundary-verified),read,entry~0x0046EC60,NOT_A_WRITE,REJECTED_READ_NOT_WRITE,read/CMP form with displacement 0x84; no memory write occurs
89_MOD10_disp32_SIB@0x00470350,0x00470350,"MOV [ESP+ESP*1+0x84],EAX",ESP (boundary-verified),EAX,entry~0x00470290,UNRESOLVED,REJECTED_WRONG_OBJECT,stack-relative slot; the factory object is heap-allocated (new 0x118 @0x0073E2CC lazy-init); a stack slot cannot be the factory's +0x84 member
89_MOD10_disp32_SIB@0x00470378,0x00470378,"MOV [ESP+ESP*1+0x84],EAX",ESP (boundary-verified),EAX,entry~0x00470290,UNRESOLVED,REJECTED_WRONG_OBJECT,stack-relative slot; the factory object is heap-allocated (new 0x118 @0x0073E2CC lazy-init); a stack slot cannot be the factory's +0x84 member
89_MOD10_disp32_SIB@0x0047039D,0x0047039D,"MOV [ESP+ESP*1+0x84],EAX",ESP (boundary-verified),EAX,entry~0x00470290,UNRESOLVED,REJECTED_WRONG_OBJECT,stack-relative slot; the factory object is heap-allocated (new 0x118 @0x0073E2CC lazy-init); a stack slot cannot be the factory's +0x84 member
8D_MOD10_disp32_SIB@0x00470765,0x00470765,"LEA ECX,[ESP+ESP*1+0x84]",ESP (boundary-verified),read,entry~0x00470290,UNRESOLVED,REJECTED_WRONG_OBJECT,stack-relative slot; the factory object is heap-allocated (new 0x118 @0x0073E2CC lazy-init); a stack slot cannot be the factory's +0x84 member
8D_MOD10_disp32_SIB@0x00470772,0x00470772,"LEA ECX,[ESP+ESP*1+0x84]",ESP (boundary-verified),read,entry~0x00470290,UNRESOLVED,REJECTED_WRONG_OBJECT,stack-relative slot; the factory object is heap-allocated (new 0x118 @0x0073E2CC lazy-init); a stack slot cannot be the factory's +0x84 member
8D_MOD10_disp32_SIB@0x004718F8,0x004718F8,"LEA ECX,[ESP+ESP*1+0x84]",ESP (boundary-verified),read,entry~0x00471790,UNRESOLVED,REJECTED_WRONG_OBJECT,stack-relative slot; the factory object is heap-allocated (new 0x118 @0x0073E2CC lazy-init); a stack slot cannot be the factory's +0x84 member
8D_MOD10_disp32_SIB@0x00472857,0x00472857,"LEA ECX,[ESP+ESP*1+0x84]",ESP (boundary-verified),read,entry~0x00472720,UNRESOLVED,REJECTED_WRONG_OBJECT,stack-relative slot; the factory object is heap-allocated (new 0x118 @0x0073E2CC lazy-init); a stack slot cannot be the factory's +0x84 member
8D_MOD10_disp32_SIB@0x004733BB,0x004733BB,"LEA ECX,[ESP+ESP*1+0x84]",ESP (boundary-verified),read,entry~0x00472F60,UNRESOLVED,REJECTED_WRONG_OBJECT,stack-relative slot; the factory object is heap-allocated (new 0x118 @0x0073E2CC lazy-init); a stack slot cannot be the factory's +0x84 member
8D_MOD10_disp32_SIB@0x004733EB,0x004733EB,"LEA ECX,[ESP+ESP*1+0x84]",ESP (boundary-verified),read,entry~0x00472F60,UNRESOLVED,REJECTED_WRONG_OBJECT,stack-relative slot; the factory object is heap-allocated (new 0x118 @0x0073E2CC lazy-init); a stack slot cannot be the factory's +0x84 member
C7_MOD10_SIB@0x0047340E,0x0047340E,"MOV [ESP+ESP*1+0x84],0xD2",ESP (boundary-verified),imm32=0xD2,entry~0x00472F60,UNRESOLVED,REJECTED_WRONG_OBJECT,stack-relative slot; the factory object is heap-allocated (new 0x118 @0x0073E2CC lazy-init); a stack slot cannot be the factory's +0x84 member
8D_MOD10_disp32_SIB@0x00473633,0x00473633,"LEA ECX,[ESP+ESP*1+0x84]",ESP (boundary-verified),read,unknown,UNRESOLVED,REJECTED_WRONG_OBJECT,stack-relative slot; the factory object is heap-allocated (new 0x118 @0x0073E2CC lazy-init); a stack slot cannot be the factory's +0x84 member
8D_MOD10_disp32_SIB@0x004738BB,0x004738BB,"LEA ECX,[ESP+ESP*1+0x84]",ESP (boundary-verified),read,entry~0x004736D0,UNRESOLVED,REJECTED_WRONG_OBJECT,stack-relative slot; the factory object is heap-allocated (new 0x118 @0x0073E2CC lazy-init); a stack slot cannot be the factory's +0x84 member
8B_MOD10_disp32_SIB@0x0047A271,0x0047A271,"MOV EDX,[ESP+ESP*1+0x84]",ESP (boundary-verified),read,entry~0x0047A220,NOT_A_WRITE,REJECTED_READ_NOT_WRITE,read/CMP form with displacement 0x84; no memory write occurs
8B_MOD10_disp32_SIB@0x0047A289,0x0047A289,"MOV EDX,[ESP+ESP*1+0x84]",ESP (boundary-verified),read,entry~0x0047A220,NOT_A_WRITE,REJECTED_READ_NOT_WRITE,read/CMP form with displacement 0x84; no memory write occurs
89_MOD10_disp32_SIB@0x0047A7DE,0x0047A7DE,"MOV [ESP+ESP*1+0x84],EDI",ESP (boundary-verified),EDI,entry~0x0047A3C0,UNRESOLVED,REJECTED_WRONG_OBJECT,stack-relative slot; the factory object is heap-allocated (new 0x118 @0x0073E2CC lazy-init); a stack slot cannot be the factory's +0x84 member
89_MOD10_disp32_SIB@0x0047A873,0x0047A873,"MOV [ESP+ESP*1+0x84],EDI",ESP (boundary-verified),EDI,entry~0x0047A3C0,UNRESOLVED,REJECTED_WRONG_OBJECT,stack-relative slot; the factory object is heap-allocated (new 0x118 @0x0073E2CC lazy-init); a stack slot cannot be the factory's +0x84 member
8D_MOD10_disp32_SIB@0x0047ABA6,0x0047ABA6,"LEA ECX,[ESP+ESP*1+0x84]",ESP (boundary-verified),read,unknown,UNRESOLVED,REJECTED_WRONG_OBJECT,stack-relative slot; the factory object is heap-allocated (new 0x118 @0x0073E2CC lazy-init); a stack slot cannot be the factory's +0x84 member
8D_MOD10_disp32_SIB@0x0047ABF6,0x0047ABF6,"LEA ECX,[ESP+ESP*1+0x84]",ESP (boundary-verified),read,unknown,UNRESOLVED,REJECTED_WRONG_OBJECT,stack-relative slot; the factory object is heap-allocated (new 0x118 @0x0073E2CC lazy-init); a stack slot cannot be the factory's +0x84 member
8B_MOD10_disp32@0x0047AD04,0x0047AD04,"MOV EDX,[ESI+0x84]",ESI (boundary-verified),read,unknown,NOT_A_WRITE,REJECTED_READ_NOT_WRITE,read/CMP form with displacement 0x84; no memory write occurs
89_MOD10_disp32_SIB@0x0047B3D9,0x0047B3D9,"MOV [ESP+ESP*1+0x84],EBP",ESP (boundary-verified),EBP,unknown,UNRESOLVED,REJECTED_WRONG_OBJECT,stack-relative slot; the factory object is heap-allocated (new 0x118 @0x0073E2CC lazy-init); a stack slot cannot be the factory's +0x84 member
8B_MOD10_disp32_SIB@0x0047D606,0x0047D606,"MOV EBX,[ESP+ESP*1+0x84]",ESP (boundary-verified),read,unknown,NOT_A_WRITE,REJECTED_READ_NOT_WRITE,read/CMP form with displacement 0x84; no memory write occurs
C7_MOD10_SIB@0x0047D85A,0x0047D85A,"MOV [ESP+ESP*1+0x84],0x5DD0",ESP (boundary-verified),imm32=0x5DD0,unknown,UNRESOLVED,REJECTED_WRONG_OBJECT,stack-relative slot; the factory object is heap-allocated (new 0x118 @0x0073E2CC lazy-init); a stack slot cannot be the factory's +0x84 member
89_MOD10_disp32_SIB@0x0047E62E,0x0047E62E,"MOV [ESP+ESP*1+0x84],EBX",ESP (boundary-verified),EBX,entry~0x0047E5B0,UNRESOLVED,REJECTED_WRONG_OBJECT,stack-relative slot; the factory object is heap-allocated (new 0x118 @0x0073E2CC lazy-init); a stack slot cannot be the factory's +0x84 member
C6_MOD10_SIB_BYTE@0x0047E664,0x0047E664,"MOV BYTE [...+0x84],imm8",ESP (boundary-verified),imm8=0x01,entry~0x0047E5B0,UNRESOLVED,REJECTED_UNRELATED_OFFSET,partial-width (byte/word) store at +0x84; cannot fully assign the dword pointer member at factory+0x84 (dword member per the base ctor store @0x0070D013 and the setter store @0x0070C71E)
88_MOD10_SIB_BYTE@0x0047E6B8,0x0047E6B8,"MOV BYTE [...+0x84],r8",ESP (boundary-verified),byte,entry~0x0047E5B0,UNRESOLVED,REJECTED_UNRELATED_OFFSET,partial-width (byte/word) store at +0x84; cannot fully assign the dword pointer member at factory+0x84 (dword member per the base ctor store @0x0070D013 and the setter store @0x0070C71E)
88_MOD10_SIB_BYTE@0x0047E721,0x0047E721,"MOV BYTE [...+0x84],r8",ESP (boundary-verified),byte,entry~0x0047E5B0,UNRESOLVED,REJECTED_UNRELATED_OFFSET,partial-width (byte/word) store at +0x84; cannot fully assign the dword pointer member at factory+0x84 (dword member per the base ctor store @0x0070D013 and the setter store @0x0070C71E)
88_MOD10_SIB_BYTE@0x0047E7E2,0x0047E7E2,"MOV BYTE [...+0x84],r8",ESP (boundary-verified),byte,entry~0x0047E5B0,UNRESOLVED,REJECTED_UNRELATED_OFFSET,partial-width (byte/word) store at +0x84; cannot fully assign the dword pointer member at factory+0x84 (dword member per the base ctor store @0x0070D013 and the setter store @0x0070C71E)
88_MOD10_SIB_BYTE@0x0047E80A,0x0047E80A,"MOV BYTE [...+0x84],r8",ESP (boundary-verified),byte,entry~0x0047E5B0,UNRESOLVED,REJECTED_UNRELATED_OFFSET,partial-width (byte/word) store at +0x84; cannot fully assign the dword pointer member at factory+0x84 (dword member per the base ctor store @0x0070D013 and the setter store @0x0070C71E)
88_MOD10_SIB_BYTE@0x0047E8E5,0x0047E8E5,"MOV BYTE [...+0x84],r8",ESP (boundary-verified),byte,entry~0x0047E5B0,UNRESOLVED,REJECTED_UNRELATED_OFFSET,partial-width (byte/word) store at +0x84; cannot fully assign the dword pointer member at factory+0x84 (dword member per the base ctor store @0x0070D013 and the setter store @0x0070C71E)
C7_MOD10_SIB@0x0047E90A,0x0047E90A,"MOV [ESP+ESP*1+0x84],0xFFFFFFFF",ESP (boundary-verified),imm32=0xFFFFFFFF,entry~0x0047E5B0,UNRESOLVED,REJECTED_WRONG_OBJECT,stack-relative slot; the factory object is heap-allocated (new 0x118 @0x0073E2CC lazy-init); a stack slot cannot be the factory's +0x84 member
8B_MOD10_disp32_SIB@0x0047ED38,0x0047ED38,"MOV EAX,[ESP+ESP*1+0x84]",ESP (boundary-verified),read,entry~0x0047E940,NOT_A_WRITE,REJECTED_READ_NOT_WRITE,read/CMP form with displacement 0x84; no memory write occurs
8D_MOD10_disp32_SIB@0x0047F2BD,0x0047F2BD,"LEA EAX,[ESP+ESP*1+0x84]",ESP (boundary-verified),read,entry~0x0047F2A0,UNRESOLVED,REJECTED_WRONG_OBJECT,stack-relative slot; the factory object is heap-allocated (new 0x118 @0x0073E2CC lazy-init); a stack slot cannot be the factory's +0x84 member
8B_MOD10_disp32_SIB@0x0047F4D7,0x0047F4D7,"MOV ECX,[ESP+ESP*1+0x84]",ESP (boundary-verified),read,entry~0x0047F2A0,NOT_A_WRITE,REJECTED_READ_NOT_WRITE,read/CMP form with displacement 0x84; no memory write occurs
8D_MOD10_disp32_SIB@0x0047FD4A,0x0047FD4A,"LEA ECX,[ESP+ESP*1+0x84]",ESP (boundary-verified),read,entry~0x0047F930,UNRESOLVED,REJECTED_WRONG_OBJECT,stack-relative slot; the factory object is heap-allocated (new 0x118 @0x0073E2CC lazy-init); a stack slot cannot be the factory's +0x84 member
8D_MOD10_disp32_SIB@0x0048075B,0x0048075B,"LEA ECX,[ESP+ESP*1+0x84]",ESP (boundary-verified),read,entry~0x00480690,UNRESOLVED,REJECTED_WRONG_OBJECT,stack-relative slot; the factory object is heap-allocated (new 0x118 @0x0073E2CC lazy-init); a stack slot cannot be the factory's +0x84 member
8B_MOD10_disp32_SIB@0x004818F2,0x004818F2,"MOV EAX,[ESP+ESP*1+0x84]",ESP (boundary-verified),read,entry~0x004818C0,NOT_A_WRITE,REJECTED_READ_NOT_WRITE,read/CMP form with displacement 0x84; no memory write occurs
8D_MOD10_disp32_SIB@0x00486091,0x00486091,"LEA ECX,[ESP+ESP*1+0x84]",ESP (boundary-verified),read,entry~0x00485EF0,UNRESOLVED,REJECTED_WRONG_OBJECT,stack-relative slot; the factory object is heap-allocated (new 0x118 @0x0073E2CC lazy-init); a stack slot cannot be the factory's +0x84 member
8D_MOD10_disp32_SIB@0x00486B21,0x00486B21,"LEA ECX,[ESP+ESP*1+0x84]",ESP (boundary-verified),read,entry~0x004869A0,UNRESOLVED,REJECTED_WRONG_OBJECT,stack-relative slot; the factory object is heap-allocated (new 0x118 @0x0073E2CC lazy-init); a stack slot cannot be the factory's +0x84 member
C6_MOD10_SIB_BYTE@0x004883B1,0x004883B1,"MOV BYTE [...+0x84],imm8",ESP (boundary-verified),imm8=0x01,entry~0x00488130,UNRESOLVED,REJECTED_UNRELATED_OFFSET,partial-width (byte/word) store at +0x84; cannot fully assign the dword pointer member at factory+0x84 (dword member per the base ctor store @0x0070D013 and the setter store @0x0070C71E)
88_MOD10_SIB_BYTE@0x004883C2,0x004883C2,"MOV BYTE [...+0x84],r8",ESP (boundary-verified),byte,entry~0x00488130,UNRESOLVED,REJECTED_UNRELATED_OFFSET,partial-width (byte/word) store at +0x84; cannot fully assign the dword pointer member at factory+0x84 (dword member per the base ctor store @0x0070D013 and the setter store @0x0070C71E)
C7_MOD10_SIB@0x004883D2,0x004883D2,"MOV [ESP+ESP*1+0x84],0xFFFFFFFF",ESP (boundary-verified),imm32=0xFFFFFFFF,entry~0x00488130,UNRESOLVED,REJECTED_WRONG_OBJECT,stack-relative slot; the factory object is heap-allocated (new 0x118 @0x0073E2CC lazy-init); a stack slot cannot be the factory's +0x84 member
8D_MOD10_disp32_SIB@0x00489A5F,0x00489A5F,"LEA ECX,[ESP+ESP*1+0x84]",ESP (boundary-verified),read,entry~0x004899C0,UNRESOLVED,REJECTED_WRONG_OBJECT,stack-relative slot; the factory object is heap-allocated (new 0x118 @0x0073E2CC lazy-init); a stack slot cannot be the factory's +0x84 member
8B_MOD10_disp32_SIB@0x0048A002,0x0048A002,"MOV EBX,[ESP+ESP*1+0x84]",ESP (boundary-verified),read,entry~0x00489FD0,NOT_A_WRITE,REJECTED_READ_NOT_WRITE,read/CMP form with displacement 0x84; no memory write occurs
C6_MOD10_SIB_BYTE@0x0048A030,0x0048A030,"MOV BYTE [...+0x84],imm8",ESP (boundary-verified),imm8=0x01,entry~0x00489FD0,UNRESOLVED,REJECTED_UNRELATED_OFFSET,partial-width (byte/word) store at +0x84; cannot fully assign the dword pointer member at factory+0x84 (dword member per the base ctor store @0x0070D013 and the setter store @0x0070C71E)
89_MOD10_disp32_SIB@0x0048AC66,0x0048AC66,"MOV [ESP+ESP*1+0x84],ESI",ESP (boundary-verified),ESI,entry~0x0048AC30,UNRESOLVED,REJECTED_WRONG_OBJECT,stack-relative slot; the factory object is heap-allocated (new 0x118 @0x0073E2CC lazy-init); a stack slot cannot be the factory's +0x84 member
C6_MOD10_SIB_BYTE@0x0048AC7B,0x0048AC7B,"MOV BYTE [...+0x84],imm8",ESP (boundary-verified),imm8=0x01,entry~0x0048AC30,UNRESOLVED,REJECTED_UNRELATED_OFFSET,partial-width (byte/word) store at +0x84; cannot fully assign the dword pointer member at factory+0x84 (dword member per the base ctor store @0x0070D013 and the setter store @0x0070C71E)
C6_MOD10_SIB_BYTE@0x0048AC8E,0x0048AC8E,"MOV BYTE [...+0x84],imm8",ESP (boundary-verified),imm8=0x00,entry~0x0048AC30,UNRESOLVED,REJECTED_UNRELATED_OFFSET,partial-width (byte/word) store at +0x84; cannot fully assign the dword pointer member at factory+0x84 (dword member per the base ctor store @0x0070D013 and the setter store @0x0070C71E)
C6_MOD10_SIB_BYTE@0x0048ACC2,0x0048ACC2,"MOV BYTE [...+0x84],imm8",ESP (boundary-verified),imm8=0x00,entry~0x0048AC30,UNRESOLVED,REJECTED_UNRELATED_OFFSET,partial-width (byte/word) store at +0x84; cannot fully assign the dword pointer member at factory+0x84 (dword member per the base ctor store @0x0070D013 and the setter store @0x0070C71E)
C6_MOD10_SIB_BYTE@0x0048AD27,0x0048AD27,"MOV BYTE [...+0x84],imm8",ESP (boundary-verified),imm8=0x00,entry~0x0048AC30,UNRESOLVED,REJECTED_UNRELATED_OFFSET,partial-width (byte/word) store at +0x84; cannot fully assign the dword pointer member at factory+0x84 (dword member per the base ctor store @0x0070D013 and the setter store @0x0070C71E)
C7_MOD10_SIB@0x0048AD4E,0x0048AD4E,"MOV [ESP+ESP*1+0x84],0xFFFFFFFF",ESP (boundary-verified),imm32=0xFFFFFFFF,entry~0x0048AC30,UNRESOLVED,REJECTED_WRONG_OBJECT,stack-relative slot; the factory object is heap-allocated (new 0x118 @0x0073E2CC lazy-init); a stack slot cannot be the factory's +0x84 member
8B_MOD10_disp32_SIB@0x0048B325,0x0048B325,"MOV ESI,[ESP+ESP*1+0x84]",ESP (boundary-verified),read,entry~0x0048B300,NOT_A_WRITE,REJECTED_READ_NOT_WRITE,read/CMP form with displacement 0x84; no memory write occurs
C7_MOD10_SIB@0x0048C746,0x0048C746,"MOV [ESP+ESP*1+0x84],0x0",ESP (boundary-verified),imm32=0x0,entry~0x0048C700,UNRESOLVED,REJECTED_WRONG_OBJECT,stack-relative slot; the factory object is heap-allocated (new 0x118 @0x0073E2CC lazy-init); a stack slot cannot be the factory's +0x84 member
89_MOD10_disp32_SIB@0x0048C779,0x0048C779,"MOV [ESP+ESP*1+0x84],EBX",ESP (boundary-verified),EBX,entry~0x0048C700,UNRESOLVED,REJECTED_WRONG_OBJECT,stack-relative slot; the factory object is heap-allocated (new 0x118 @0x0073E2CC lazy-init); a stack slot cannot be the factory's +0x84 member
89_MOD10_disp32_SIB@0x0048DE03,0x0048DE03,"MOV [ESP+ESP*1+0x84],EDX",ESP (boundary-verified),EDX,unknown,UNRESOLVED,REJECTED_WRONG_OBJECT,stack-relative slot; the factory object is heap-allocated (new 0x118 @0x0073E2CC lazy-init); a stack slot cannot be the factory's +0x84 member
8B_MOD10_disp32_SIB@0x0048DE43,0x0048DE43,"MOV EDX,[ESP+ESP*1+0x84]",ESP (boundary-verified),read,unknown,NOT_A_WRITE,REJECTED_READ_NOT_WRITE,read/CMP form with displacement 0x84; no memory write occurs
C6_MOD01_SIB_BYTE@0x00492C4D,0x00492C4D,"MOV BYTE [...+0x84],imm8",EAX (boundary-verified),imm8=0xC0,entry~0x00492B90,UNRESOLVED,REJECTED_UNRELATED_OFFSET,partial-width (byte/word) store at +0x84; cannot fully assign the dword pointer member at factory+0x84 (dword member per the base ctor store @0x0070D013 and the setter store @0x0070C71E)
8D_MOD10_disp32_SIB@0x00492FB5,0x00492FB5,"LEA EAX,[ESP+ESP*1+0x84]",ESP (boundary-verified),read,entry~0x00492EF0,UNRESOLVED,REJECTED_WRONG_OBJECT,stack-relative slot; the factory object is heap-allocated (new 0x118 @0x0073E2CC lazy-init); a stack slot cannot be the factory's +0x84 member
8D_MOD10_disp32_SIB@0x00494166,0x00494166,"LEA ECX,[ESP+ESP*1+0x84]",ESP (boundary-verified),read,entry~0x00493EE0,UNRESOLVED,REJECTED_WRONG_OBJECT,stack-relative slot; the factory object is heap-allocated (new 0x118 @0x0073E2CC lazy-init); a stack slot cannot be the factory's +0x84 member
8D_MOD10_disp32_SIB@0x004941F1,0x004941F1,"LEA ECX,[ESP+ESP*1+0x84]",ESP (boundary-verified),read,entry~0x00493EE0,UNRESOLVED,REJECTED_WRONG_OBJECT,stack-relative slot; the factory object is heap-allocated (new 0x118 @0x0073E2CC lazy-init); a stack slot cannot be the factory's +0x84 member
8D_MOD10_disp32_SIB@0x0049495F,0x0049495F,"LEA ECX,[ESP+ESP*1+0x84]",ESP (boundary-verified),read,entry~0x00494890,UNRESOLVED,REJECTED_WRONG_OBJECT,stack-relative slot; the factory object is heap-allocated (new 0x118 @0x0073E2CC lazy-init); a stack slot cannot be the factory's +0x84 member
8D_MOD10_disp32_SIB@0x004956C7,0x004956C7,"LEA ECX,[ESP+ESP*1+0x84]",ESP (boundary-verified),read,unknown,UNRESOLVED,REJECTED_WRONG_OBJECT,stack-relative slot; the factory object is heap-allocated (new 0x118 @0x0073E2CC lazy-init); a stack slot cannot be the factory's +0x84 member
8D_MOD10_disp32_SIB@0x00495731,0x00495731,"LEA EAX,[ESP+ESP*1+0x84]",ESP (boundary-verified),read,entry~0x00495700,UNRESOLVED,REJECTED_WRONG_OBJECT,stack-relative slot; the factory object is heap-allocated (new 0x118 @0x0073E2CC lazy-init); a stack slot cannot be the factory's +0x84 member
89_MOD10_disp32_SIB@0x00495C2C,0x00495C2C,"MOV [ESP+ESP*1+0x84],ESP",ESP (boundary-verified),ESP,entry~0x00495BF0,UNRESOLVED,REJECTED_WRONG_OBJECT,stack-relative slot; the factory object is heap-allocated (new 0x118 @0x0073E2CC lazy-init); a stack slot cannot be the factory's +0x84 member
8D_MOD10_disp32_SIB@0x00495EE6,0x00495EE6,"LEA ECX,[ESP+ESP*1+0x84]",ESP (boundary-verified),read,entry~0x00495EB0,UNRESOLVED,REJECTED_WRONG_OBJECT,stack-relative slot; the factory object is heap-allocated (new 0x118 @0x0073E2CC lazy-init); a stack slot cannot be the factory's +0x84 member
8B_MOD10_disp32_SIB@0x00497194,0x00497194,"MOV EDX,[ESP+ESP*1+0x84]",ESP (boundary-verified),read,entry~0x00497160,NOT_A_WRITE,REJECTED_READ_NOT_WRITE,read/CMP form with displacement 0x84; no memory write occurs
C7_MOD10_SIB@0x004971C7,0x004971C7,"MOV [ESP+ESP*1+0x84],0x1",ESP (boundary-verified),imm32=0x1,entry~0x00497160,UNRESOLVED,REJECTED_WRONG_OBJECT,stack-relative slot; the factory object is heap-allocated (new 0x118 @0x0073E2CC lazy-init); a stack slot cannot be the factory's +0x84 member
89_MOD10_disp32_SIB@0x00498ED8,0x00498ED8,"MOV [ESP+ESP*1+0x84],ESP",ESP (boundary-unverified),ESP,entry~0x00498AF0,NOT_A_WRITE,REJECTED_UNRELATED_OFFSET,raw byte-pattern occurrence not at a verified instruction start (part of another instruction's immediate/displacement); not an instruction
89_MOD10_disp32_SIB@0x00498EE9,0x00498EE9,"MOV [ESP+ESP*1+0x84],EAX",ESP (boundary-verified),EAX,entry~0x00498AF0,UNRESOLVED,REJECTED_WRONG_OBJECT,stack-relative slot; the factory object is heap-allocated (new 0x118 @0x0073E2CC lazy-init); a stack slot cannot be the factory's +0x84 member
89_MOD10_disp32_SIB@0x00499569,0x00499569,"MOV [ESP+ESP*1+0x84],ESP",ESP (boundary-verified),ESP,entry~0x00499510,UNRESOLVED,REJECTED_WRONG_OBJECT,stack-relative slot; the factory object is heap-allocated (new 0x118 @0x0073E2CC lazy-init); a stack slot cannot be the factory's +0x84 member
89_MOD10_disp32_SIB@0x00499BAA,0x00499BAA,"MOV [ESP+ESP*1+0x84],ESP",ESP (boundary-verified),ESP,entry~0x00499AE0,UNRESOLVED,REJECTED_WRONG_OBJECT,stack-relative slot; the factory object is heap-allocated (new 0x118 @0x0073E2CC lazy-init); a stack slot cannot be the factory's +0x84 member
8D_MOD10_disp32_SIB@0x00499C18,0x00499C18,"LEA ECX,[ESP+ESP*1+0x84]",ESP (boundary-verified),read,entry~0x00499AE0,UNRESOLVED,REJECTED_WRONG_OBJECT,stack-relative slot; the factory object is heap-allocated (new 0x118 @0x0073E2CC lazy-init); a stack slot cannot be the factory's +0x84 member
89_MOD10_disp32_SIB@0x0049A0E8,0x0049A0E8,"MOV [ESP+ESP*1+0x84],EDI",ESP (boundary-verified),EDI,entry~0x00499CE0,UNRESOLVED,REJECTED_WRONG_OBJECT,stack-relative slot; the factory object is heap-allocated (new 0x118 @0x0073E2CC lazy-init); a stack slot cannot be the factory's +0x84 member
8D_MOD10_disp32_SIB@0x0049A13F,0x0049A13F,"LEA ECX,[ESP+ESP*1+0x84]",ESP (boundary-verified),read,entry~0x00499CE0,UNRESOLVED,REJECTED_WRONG_OBJECT,stack-relative slot; the factory object is heap-allocated (new 0x118 @0x0073E2CC lazy-init); a stack slot cannot be the factory's +0x84 member
8B_MOD10_disp32_SIB@0x0049A19B,0x0049A19B,"MOV EAX,[ESP+ESP*1+0x84]",ESP (boundary-verified),read,entry~0x00499CE0,NOT_A_WRITE,REJECTED_READ_NOT_WRITE,read/CMP form with displacement 0x84; no memory write occurs
89_MOD10_disp32_SIB@0x0049A1C6,0x0049A1C6,"MOV [ESP+ESP*1+0x84],EDI",ESP (boundary-unverified),EDI,entry~0x00499CE0,NOT_A_WRITE,REJECTED_UNRELATED_OFFSET,raw byte-pattern occurrence not at a verified instruction start (part of another instruction's immediate/displacement); not an instruction
8D_MOD10_disp32_SIB@0x0049AF1E,0x0049AF1E,"LEA ECX,[ESP+ESP*1+0x84]",ESP (boundary-unverified),read,entry~0x0049A970,NOT_A_WRITE,REJECTED_UNRELATED_OFFSET,raw byte-pattern occurrence not at a verified instruction start (part of another instruction's immediate/displacement); not an instruction
8D_MOD10_disp32_SIB@0x0049B10C,0x0049B10C,"LEA ECX,[ESP+ESP*1+0x84]",ESP (boundary-unverified),read,unknown,NOT_A_WRITE,REJECTED_UNRELATED_OFFSET,raw byte-pattern occurrence not at a verified instruction start (part of another instruction's immediate/displacement); not an instruction
C7_MOD10_SIB@0x0049B3A5,0x0049B3A5,"MOV [ESP+ESP*1+0x84],0xEB",ESP (boundary-verified),imm32=0xEB,unknown,UNRESOLVED,REJECTED_WRONG_OBJECT,stack-relative slot; the factory object is heap-allocated (new 0x118 @0x0073E2CC lazy-init); a stack slot cannot be the factory's +0x84 member
8D_MOD10_disp32_SIB@0x0049B7E0,0x0049B7E0,"LEA ECX,[ESP+ESP*1+0x84]",ESP (boundary-unverified),read,unknown,NOT_A_WRITE,REJECTED_UNRELATED_OFFSET,raw byte-pattern occurrence not at a verified instruction start (part of another instruction's immediate/displacement); not an instruction
8D_MOD10_disp32_SIB@0x0049BAA8,0x0049BAA8,"LEA ECX,[ESP+ESP*1+0x84]",ESP (boundary-unverified),read,unknown,NOT_A_WRITE,REJECTED_UNRELATED_OFFSET,raw byte-pattern occurrence not at a verified instruction start (part of another instruction's immediate/displacement); not an instruction
C7_MOD10_SIB@0x0049BB87,0x0049BB87,"MOV [ESP+ESP*1+0x84],0xC8",ESP (boundary-verified),imm32=0xC8,unknown,UNRESOLVED,REJECTED_WRONG_OBJECT,stack-relative slot; the factory object is heap-allocated (new 0x118 @0x0073E2CC lazy-init); a stack slot cannot be the factory's +0x84 member
8D_MOD10_disp32_SIB@0x0049BD27,0x0049BD27,"LEA ECX,[ESP+ESP*1+0x84]",ESP (boundary-unverified),read,unknown,NOT_A_WRITE,REJECTED_UNRELATED_OFFSET,raw byte-pattern occurrence not at a verified instruction start (part of another instruction's immediate/displacement); not an instruction
C7_MOD10_SIB@0x0049BDD8,0x0049BDD8,"MOV [ESP+ESP*1+0x84],0xC8",ESP (boundary-verified),imm32=0xC8,unknown,UNRESOLVED,REJECTED_WRONG_OBJECT,stack-relative slot; the factory object is heap-allocated (new 0x118 @0x0073E2CC lazy-init); a stack slot cannot be the factory's +0x84 member
8B_MOD10_disp32_SIB@0x0049F5B7,0x0049F5B7,"MOV ECX,[ESP+ESP*1+0x84]",ESP (boundary-verified),read,entry~0x0049F560,NOT_A_WRITE,REJECTED_READ_NOT_WRITE,read/CMP form with displacement 0x84; no memory write occurs
8D_MOD10_disp32_SIB@0x004A06C3,0x004A06C3,"LEA EDX,[ESP+ESP*1+0x84]",ESP (boundary-verified),read,entry~0x004A05C0,UNRESOLVED,REJECTED_WRONG_OBJECT,stack-relative slot; the factory object is heap-allocated (new 0x118 @0x0073E2CC lazy-init); a stack slot cannot be the factory's +0x84 member
8D_MOD10_disp32_SIB@0x004A1761,0x004A1761,"LEA EAX,[ESP+ESP*1+0x84]",ESP (boundary-verified),read,entry~0x004A1730,UNRESOLVED,REJECTED_WRONG_OBJECT,stack-relative slot; the factory object is heap-allocated (new 0x118 @0x0073E2CC lazy-init); a stack slot cannot be the factory's +0x84 member
8D_MOD10_disp32_SIB@0x004A1831,0x004A1831,"LEA EAX,[ESP+ESP*1+0x84]",ESP (boundary-verified),read,entry~0x004A1800,UNRESOLVED,REJECTED_WRONG_OBJECT,stack-relative slot; the factory object is heap-allocated (new 0x118 @0x0073E2CC lazy-init); a stack slot cannot be the factory's +0x84 member
8D_MOD10_disp32_SIB@0x004A1F56,0x004A1F56,"LEA ECX,[ESP+ESP*1+0x84]",ESP (boundary-verified),read,entry~0x004A1F20,UNRESOLVED,REJECTED_WRONG_OBJECT,stack-relative slot; the factory object is heap-allocated (new 0x118 @0x0073E2CC lazy-init); a stack slot cannot be the factory's +0x84 member
8D_MOD10_disp32_SIB@0x004A2146,0x004A2146,"LEA ECX,[ESP+ESP*1+0x84]",ESP (boundary-verified),read,entry~0x004A2110,UNRESOLVED,REJECTED_WRONG_OBJECT,stack-relative slot; the factory object is heap-allocated (new 0x118 @0x0073E2CC lazy-init); a stack slot cannot be the factory's +0x84 member
C7_MOD10_SIB@0x004A224C,0x004A224C,"MOV [ESP+ESP*1+0x84],0x1",ESP (boundary-verified),imm32=0x1,entry~0x004A21F0,UNRESOLVED,REJECTED_WRONG_OBJECT,stack-relative slot; the factory object is heap-allocated (new 0x118 @0x0073E2CC lazy-init); a stack slot cannot be the factory's +0x84 member
8B_MOD10_disp32_SIB@0x004A340B,0x004A340B,"MOV EDX,[ESP+ESP*1+0x84]",ESP (boundary-verified),read,entry~0x004A33D0,NOT_A_WRITE,REJECTED_READ_NOT_WRITE,read/CMP form with displacement 0x84; no memory write occurs
C7_MOD10_SIB@0x004A3437,0x004A3437,"MOV [ESP+ESP*1+0x84],0x1",ESP (boundary-verified),imm32=0x1,entry~0x004A33D0,UNRESOLVED,REJECTED_WRONG_OBJECT,stack-relative slot; the factory object is heap-allocated (new 0x118 @0x0073E2CC lazy-init); a stack slot cannot be the factory's +0x84 member
8D_MOD10_disp32_SIB@0x004A4CEC,0x004A4CEC,"LEA ECX,[ESP+ESP*1+0x84]",ESP (boundary-verified),read,entry~0x004A4990,UNRESOLVED,REJECTED_WRONG_OBJECT,stack-relative slot; the factory object is heap-allocated (new 0x118 @0x0073E2CC lazy-init); a stack slot cannot be the factory's +0x84 member
89_MOD10_disp32_SIB@0x004A6A2F,0x004A6A2F,"MOV [ESP+ESP*1+0x84],EAX",ESP (boundary-verified),EAX,entry~0x004A6590,UNRESOLVED,REJECTED_WRONG_OBJECT,stack-relative slot; the factory object is heap-allocated (new 0x118 @0x0073E2CC lazy-init); a stack slot cannot be the factory's +0x84 member
89_MOD10_disp32_SIB@0x004A6C0F,0x004A6C0F,"MOV [ESP+ESP*1+0x84],EBP",ESP (boundary-verified),EBP,unknown,UNRESOLVED,REJECTED_WRONG_OBJECT,stack-relative slot; the factory object is heap-allocated (new 0x118 @0x0073E2CC lazy-init); a stack slot cannot be the factory's +0x84 member
89_MOD10_disp32_SIB@0x004A74D7,0x004A74D7,"MOV [ESP+ESP*1+0x84],EAX",ESP (boundary-verified),EAX,unknown,UNRESOLVED,REJECTED_WRONG_OBJECT,stack-relative slot; the factory object is heap-allocated (new 0x118 @0x0073E2CC lazy-init); a stack slot cannot be the factory's +0x84 member
89_MOD10_disp32_SIB@0x004A7634,0x004A7634,"MOV [ESP+ESP*1+0x84],EAX",ESP (boundary-verified),EAX,unknown,UNRESOLVED,REJECTED_WRONG_OBJECT,stack-relative slot; the factory object is heap-allocated (new 0x118 @0x0073E2CC lazy-init); a stack slot cannot be the factory's +0x84 member
89_MOD10_disp32_SIB@0x004A7841,0x004A7841,"MOV [ESP+ESP*1+0x84],EAX",ESP (boundary-verified),EAX,unknown,UNRESOLVED,REJECTED_WRONG_OBJECT,stack-relative slot; the factory object is heap-allocated (new 0x118 @0x0073E2CC lazy-init); a stack slot cannot be the factory's +0x84 member
89_MOD10_disp32_SIB@0x004A79AE,0x004A79AE,"MOV [ESP+ESP*1+0x84],EAX",ESP (boundary-verified),EAX,unknown,UNRESOLVED,REJECTED_WRONG_OBJECT,stack-relative slot; the factory object is heap-allocated (new 0x118 @0x0073E2CC lazy-init); a stack slot cannot be the factory's +0x84 member
89_MOD10_disp32_SIB@0x004A80F6,0x004A80F6,"MOV [ESP+ESP*1+0x84],EAX",ESP (boundary-verified),EAX,unknown,UNRESOLVED,REJECTED_WRONG_OBJECT,stack-relative slot; the factory object is heap-allocated (new 0x118 @0x0073E2CC lazy-init); a stack slot cannot be the factory's +0x84 member
8D_MOD10_disp32_SIB@0x004A8776,0x004A8776,"LEA ECX,[ESP+ESP*1+0x84]",ESP (boundary-verified),read,entry~0x004A84F0,UNRESOLVED,REJECTED_WRONG_OBJECT,stack-relative slot; the factory object is heap-allocated (new 0x118 @0x0073E2CC lazy-init); a stack slot cannot be the factory's +0x84 member
8D_MOD10_disp32_SIB@0x004A8797,0x004A8797,"LEA ECX,[ESP+ESP*1+0x84]",ESP (boundary-verified),read,entry~0x004A84F0,UNRESOLVED,REJECTED_WRONG_OBJECT,stack-relative slot; the factory object is heap-allocated (new 0x118 @0x0073E2CC lazy-init); a stack slot cannot be the factory's +0x84 member
8D_MOD10_disp32_SIB@0x004A87B7,0x004A87B7,"LEA ECX,[ESP+ESP*1+0x84]",ESP (boundary-verified),read,entry~0x004A84F0,UNRESOLVED,REJECTED_WRONG_OBJECT,stack-relative slot; the factory object is heap-allocated (new 0x118 @0x0073E2CC lazy-init); a stack slot cannot be the factory's +0x84 member
8D_MOD10_disp32_SIB@0x004A8982,0x004A8982,"LEA ECX,[ESP+ESP*1+0x84]",ESP (boundary-verified),read,entry~0x004A84F0,UNRESOLVED,REJECTED_WRONG_OBJECT,stack-relative slot; the factory object is heap-allocated (new 0x118 @0x0073E2CC lazy-init); a stack slot cannot be the factory's +0x84 member
8D_MOD10_disp32_SIB@0x004A8BE3,0x004A8BE3,"LEA ECX,[ESP+ESP*1+0x84]",ESP (boundary-verified),read,unknown,UNRESOLVED,REJECTED_WRONG_OBJECT,stack-relative slot; the factory object is heap-allocated (new 0x118 @0x0073E2CC lazy-init); a stack slot cannot be the factory's +0x84 member
8D_MOD10_disp32_SIB@0x004A8E5E,0x004A8E5E,"LEA ECX,[ESP+ESP*1+0x84]",ESP (boundary-verified),read,unknown,UNRESOLVED,REJECTED_WRONG_OBJECT,stack-relative slot; the factory object is heap-allocated (new 0x118 @0x0073E2CC lazy-init); a stack slot cannot be the factory's +0x84 member
8D_MOD10_disp32_SIB@0x004A8EC5,0x004A8EC5,"LEA ECX,[ESP+ESP*1+0x84]",ESP (boundary-verified),read,unknown,UNRESOLVED,REJECTED_WRONG_OBJECT,stack-relative slot; the factory object is heap-allocated (new 0x118 @0x0073E2CC lazy-init); a stack slot cannot be the factory's +0x84 member
8D_MOD10_disp32_SIB@0x004A8F20,0x004A8F20,"LEA ECX,[ESP+ESP*1+0x84]",ESP (boundary-verified),read,unknown,UNRESOLVED,REJECTED_WRONG_OBJECT,stack-relative slot; the factory object is heap-allocated (new 0x118 @0x0073E2CC lazy-init); a stack slot cannot be the factory's +0x84 member
8D_MOD10_disp32_SIB@0x004A8FDA,0x004A8FDA,"LEA ECX,[ESP+ESP*1+0x84]",ESP (boundary-verified),read,unknown,UNRESOLVED,REJECTED_WRONG_OBJECT,stack-relative slot; the factory object is heap-allocated (new 0x118 @0x0073E2CC lazy-init); a stack slot cannot be the factory's +0x84 member
89_MOD10_disp32_SIB@0x004A9022,0x004A9022,"MOV [ESP+ESP*1+0x84],EAX",ESP (boundary-verified),EAX,unknown,UNRESOLVED,REJECTED_WRONG_OBJECT,stack-relative slot; the factory object is heap-allocated (new 0x118 @0x0073E2CC lazy-init); a stack slot cannot be the factory's +0x84 member
8D_MOD10_disp32_SIB@0x004A93E4,0x004A93E4,"LEA ECX,[ESP+ESP*1+0x84]",ESP (boundary-verified),read,unknown,UNRESOLVED,REJECTED_WRONG_OBJECT,stack-relative slot; the factory object is heap-allocated (new 0x118 @0x0073E2CC lazy-init); a stack slot cannot be the factory's +0x84 member
88_MOD10_SIB_BYTE@0x004AB41F,0x004AB41F,"MOV BYTE [...+0x84],r8",ESP (boundary-verified),byte,entry~0x004AB2E0,UNRESOLVED,REJECTED_UNRELATED_OFFSET,partial-width (byte/word) store at +0x84; cannot fully assign the dword pointer member at factory+0x84 (dword member per the base ctor store @0x0070D013 and the setter store @0x0070C71E)
C7_MOD10_SIB@0x004AB433,0x004AB433,"MOV [ESP+ESP*1+0x84],0xE1",ESP (boundary-verified),imm32=0xE1,entry~0x004AB2E0,UNRESOLVED,REJECTED_WRONG_OBJECT,stack-relative slot; the factory object is heap-allocated (new 0x118 @0x0073E2CC lazy-init); a stack slot cannot be the factory's +0x84 member
89_MOD10_disp32_SIB@0x004AF43D,0x004AF43D,"MOV [ESP+ESP*1+0x84],EBX",ESP (boundary-verified),EBX,unknown,UNRESOLVED,REJECTED_WRONG_OBJECT,stack-relative slot; the factory object is heap-allocated (new 0x118 @0x0073E2CC lazy-init); a stack slot cannot be the factory's +0x84 member
C6_MOD10_SIB_BYTE@0x004B0A3A,0x004B0A3A,"MOV BYTE [...+0x84],imm8",ESP (boundary-verified),imm8=0x02,FUN_004B0980_attach_driver,UNRESOLVED,REJECTED_UNRELATED_OFFSET,partial-width (byte/word) store at +0x84; cannot fully assign the dword pointer member at factory+0x84 (dword member per the base ctor store @0x0070D013 and the setter store @0x0070C71E)
8B_MOD10_disp32_SIB@0x004B1D3E,0x004B1D3E,"MOV EAX,[ESP+ESP*1+0x84]",ESP (boundary-verified),read,entry~0x004B1B70,NOT_A_WRITE,REJECTED_READ_NOT_WRITE,read/CMP form with displacement 0x84; no memory write occurs
8D_MOD10_disp32_SIB@0x004B1EAC,0x004B1EAC,"LEA EAX,[ESP+ESP*1+0x84]",ESP (boundary-verified),read,entry~0x004B1B70,UNRESOLVED,REJECTED_WRONG_OBJECT,stack-relative slot; the factory object is heap-allocated (new 0x118 @0x0073E2CC lazy-init); a stack slot cannot be the factory's +0x84 member
C7_MOD10_SIB@0x004B455F,0x004B455F,"MOV [ESP+ESP*1+0x84],0xE1",ESP (boundary-verified),imm32=0xE1,entry~0x004B4410,UNRESOLVED,REJECTED_WRONG_OBJECT,stack-relative slot; the factory object is heap-allocated (new 0x118 @0x0073E2CC lazy-init); a stack slot cannot be the factory's +0x84 member
8D_MOD10_disp32_SIB@0x004B7169,0x004B7169,"LEA ECX,[ESP+ESP*1+0x84]",ESP (boundary-verified),read,entry~0x004B6F80,UNRESOLVED,REJECTED_WRONG_OBJECT,stack-relative slot; the factory object is heap-allocated (new 0x118 @0x0073E2CC lazy-init); a stack slot cannot be the factory's +0x84 member
88_MOD10_SIB_BYTE@0x004B7CAA,0x004B7CAA,"MOV BYTE [...+0x84],r8",ESP (boundary-verified),byte,entry~0x004B7B60,UNRESOLVED,REJECTED_UNRELATED_OFFSET,partial-width (byte/word) store at +0x84; cannot fully assign the dword pointer member at factory+0x84 (dword member per the base ctor store @0x0070D013 and the setter store @0x0070C71E)
8D_MOD10_disp32_SIB@0x004BC201,0x004BC201,"LEA EAX,[ESP+ESP*1+0x84]",ESP (boundary-verified),read,entry~0x004BC1D0,UNRESOLVED,REJECTED_WRONG_OBJECT,stack-relative slot; the factory object is heap-allocated (new 0x118 @0x0073E2CC lazy-init); a stack slot cannot be the factory's +0x84 member
8D_MOD10_disp32_SIB@0x004BD361,0x004BD361,"LEA EAX,[ESP+ESP*1+0x84]",ESP (boundary-verified),read,entry~0x004BD330,UNRESOLVED,REJECTED_WRONG_OBJECT,stack-relative slot; the factory object is heap-allocated (new 0x118 @0x0073E2CC lazy-init); a stack slot cannot be the factory's +0x84 member
88_MOD10_SIB_BYTE@0x004BED77,0x004BED77,"MOV BYTE [...+0x84],r8",ESP (boundary-verified),byte,entry~0x004BECC0,UNRESOLVED,REJECTED_UNRELATED_OFFSET,partial-width (byte/word) store at +0x84; cannot fully assign the dword pointer member at factory+0x84 (dword member per the base ctor store @0x0070D013 and the setter store @0x0070C71E)
C6_MOD10_SIB_BYTE@0x004BF026,0x004BF026,"MOV BYTE [...+0x84],imm8",ESP (boundary-verified),imm8=0x02,entry~0x004BEF90,UNRESOLVED,REJECTED_UNRELATED_OFFSET,partial-width (byte/word) store at +0x84; cannot fully assign the dword pointer member at factory+0x84 (dword member per the base ctor store @0x0070D013 and the setter store @0x0070C71E)
C6_MOD10_SIB_BYTE@0x004BF037,0x004BF037,"MOV BYTE [...+0x84],imm8",ESP (boundary-verified),imm8=0x01,entry~0x004BEF90,UNRESOLVED,REJECTED_UNRELATED_OFFSET,partial-width (byte/word) store at +0x84; cannot fully assign the dword pointer member at factory+0x84 (dword member per the base ctor store @0x0070D013 and the setter store @0x0070C71E)
C6_MOD10_SIB_BYTE@0x004BF048,0x004BF048,"MOV BYTE [...+0x84],imm8",ESP (boundary-verified),imm8=0x00,entry~0x004BEF90,UNRESOLVED,REJECTED_UNRELATED_OFFSET,partial-width (byte/word) store at +0x84; cannot fully assign the dword pointer member at factory+0x84 (dword member per the base ctor store @0x0070D013 and the setter store @0x0070C71E)
C7_MOD10_SIB@0x004BF059,0x004BF059,"MOV [ESP+ESP*1+0x84],0xFFFFFFFF",ESP (boundary-verified),imm32=0xFFFFFFFF,entry~0x004BEF90,UNRESOLVED,REJECTED_WRONG_OBJECT,stack-relative slot; the factory object is heap-allocated (new 0x118 @0x0073E2CC lazy-init); a stack slot cannot be the factory's +0x84 member
C6_MOD10_SIB_BYTE@0x004BF126,0x004BF126,"MOV BYTE [...+0x84],imm8",ESP (boundary-verified),imm8=0x02,entry~0x004BF090,UNRESOLVED,REJECTED_UNRELATED_OFFSET,partial-width (byte/word) store at +0x84; cannot fully assign the dword pointer member at factory+0x84 (dword member per the base ctor store @0x0070D013 and the setter store @0x0070C71E)
C6_MOD10_SIB_BYTE@0x004BF137,0x004BF137,"MOV BYTE [...+0x84],imm8",ESP (boundary-verified),imm8=0x01,entry~0x004BF090,UNRESOLVED,REJECTED_UNRELATED_OFFSET,partial-width (byte/word) store at +0x84; cannot fully assign the dword pointer member at factory+0x84 (dword member per the base ctor store @0x0070D013 and the setter store @0x0070C71E)
C6_MOD10_SIB_BYTE@0x004BF148,0x004BF148,"MOV BYTE [...+0x84],imm8",ESP (boundary-verified),imm8=0x00,entry~0x004BF090,UNRESOLVED,REJECTED_UNRELATED_OFFSET,partial-width (byte/word) store at +0x84; cannot fully assign the dword pointer member at factory+0x84 (dword member per the base ctor store @0x0070D013 and the setter store @0x0070C71E)
C7_MOD10_SIB@0x004BF159,0x004BF159,"MOV [ESP+ESP*1+0x84],0xFFFFFFFF",ESP (boundary-verified),imm32=0xFFFFFFFF,entry~0x004BF090,UNRESOLVED,REJECTED_WRONG_OBJECT,stack-relative slot; the factory object is heap-allocated (new 0x118 @0x0073E2CC lazy-init); a stack slot cannot be the factory's +0x84 member
C6_MOD10_SIB_BYTE@0x004BF226,0x004BF226,"MOV BYTE [...+0x84],imm8",ESP (boundary-verified),imm8=0x02,entry~0x004BF190,UNRESOLVED,REJECTED_UNRELATED_OFFSET,partial-width (byte/word) store at +0x84; cannot fully assign the dword pointer member at factory+0x84 (dword member per the base ctor store @0x0070D013 and the setter store @0x0070C71E)
C6_MOD10_SIB_BYTE@0x004BF237,0x004BF237,"MOV BYTE [...+0x84],imm8",ESP (boundary-verified),imm8=0x01,entry~0x004BF190,UNRESOLVED,REJECTED_UNRELATED_OFFSET,partial-width (byte/word) store at +0x84; cannot fully assign the dword pointer member at factory+0x84 (dword member per the base ctor store @0x0070D013 and the setter store @0x0070C71E)
C6_MOD10_SIB_BYTE@0x004BF248,0x004BF248,"MOV BYTE [...+0x84],imm8",ESP (boundary-verified),imm8=0x00,entry~0x004BF190,UNRESOLVED,REJECTED_UNRELATED_OFFSET,partial-width (byte/word) store at +0x84; cannot fully assign the dword pointer member at factory+0x84 (dword member per the base ctor store @0x0070D013 and the setter store @0x0070C71E)
C7_MOD10_SIB@0x004BF259,0x004BF259,"MOV [ESP+ESP*1+0x84],0xFFFFFFFF",ESP (boundary-verified),imm32=0xFFFFFFFF,entry~0x004BF190,UNRESOLVED,REJECTED_WRONG_OBJECT,stack-relative slot; the factory object is heap-allocated (new 0x118 @0x0073E2CC lazy-init); a stack slot cannot be the factory's +0x84 member
C6_MOD10_SIB_BYTE@0x004BF326,0x004BF326,"MOV BYTE [...+0x84],imm8",ESP (boundary-verified),imm8=0x02,entry~0x004BF290,UNRESOLVED,REJECTED_UNRELATED_OFFSET,partial-width (byte/word) store at +0x84; cannot fully assign the dword pointer member at factory+0x84 (dword member per the base ctor store @0x0070D013 and the setter store @0x0070C71E)
C6_MOD10_SIB_BYTE@0x004BF337,0x004BF337,"MOV BYTE [...+0x84],imm8",ESP (boundary-verified),imm8=0x01,entry~0x004BF290,UNRESOLVED,REJECTED_UNRELATED_OFFSET,partial-width (byte/word) store at +0x84; cannot fully assign the dword pointer member at factory+0x84 (dword member per the base ctor store @0x0070D013 and the setter store @0x0070C71E)
C6_MOD10_SIB_BYTE@0x004BF348,0x004BF348,"MOV BYTE [...+0x84],imm8",ESP (boundary-verified),imm8=0x00,entry~0x004BF290,UNRESOLVED,REJECTED_UNRELATED_OFFSET,partial-width (byte/word) store at +0x84; cannot fully assign the dword pointer member at factory+0x84 (dword member per the base ctor store @0x0070D013 and the setter store @0x0070C71E)
C7_MOD10_SIB@0x004BF359,0x004BF359,"MOV [ESP+ESP*1+0x84],0xFFFFFFFF",ESP (boundary-verified),imm32=0xFFFFFFFF,entry~0x004BF290,UNRESOLVED,REJECTED_WRONG_OBJECT,stack-relative slot; the factory object is heap-allocated (new 0x118 @0x0073E2CC lazy-init); a stack slot cannot be the factory's +0x84 member
8D_MOD10_disp32_SIB@0x004C1D51,0x004C1D51,"LEA EAX,[ESP+ESP*1+0x84]",ESP (boundary-verified),read,entry~0x004C1D20,UNRESOLVED,REJECTED_WRONG_OBJECT,stack-relative slot; the factory object is heap-allocated (new 0x118 @0x0073E2CC lazy-init); a stack slot cannot be the factory's +0x84 member
C7_MOD10_SIB@0x004C4F95,0x004C4F95,"MOV [ESP+ESP*1+0x84],0x3",ESP (boundary-verified),imm32=0x3,entry~0x004C4E80,UNRESOLVED,REJECTED_WRONG_OBJECT,stack-relative slot; the factory object is heap-allocated (new 0x118 @0x0073E2CC lazy-init); a stack slot cannot be the factory's +0x84 member
8D_MOD10_disp32_SIB@0x004C56A9,0x004C56A9,"LEA ECX,[ESP+ESP*1+0x84]",ESP (boundary-verified),read,entry~0x004C5580,UNRESOLVED,REJECTED_WRONG_OBJECT,stack-relative slot; the factory object is heap-allocated (new 0x118 @0x0073E2CC lazy-init); a stack slot cannot be the factory's +0x84 member
8D_MOD10_disp32_SIB@0x004C5A83,0x004C5A83,"LEA ECX,[ESP+ESP*1+0x84]",ESP (boundary-verified),read,entry~0x004C5580,UNRESOLVED,REJECTED_WRONG_OBJECT,stack-relative slot; the factory object is heap-allocated (new 0x118 @0x0073E2CC lazy-init); a stack slot cannot be the factory's +0x84 member
8B_MOD10_disp32_SIB@0x004C68E1,0x004C68E1,"MOV ECX,[ESP+ESP*1+0x84]",ESP (boundary-verified),read,entry~0x004C68A0,NOT_A_WRITE,REJECTED_READ_NOT_WRITE,read/CMP form with displacement 0x84; no memory write occurs
8D_MOD10_disp32_SIB@0x004C8DCD,0x004C8DCD,"LEA ECX,[ESP+ESP*1+0x84]",ESP (boundary-verified),read,entry~0x004C88D0,UNRESOLVED,REJECTED_WRONG_OBJECT,stack-relative slot; the factory object is heap-allocated (new 0x118 @0x0073E2CC lazy-init); a stack slot cannot be the factory's +0x84 member
8D_MOD10_disp32_SIB@0x004C8E44,0x004C8E44,"LEA ECX,[ESP+ESP*1+0x84]",ESP (boundary-verified),read,entry~0x004C88D0,UNRESOLVED,REJECTED_WRONG_OBJECT,stack-relative slot; the factory object is heap-allocated (new 0x118 @0x0073E2CC lazy-init); a stack slot cannot be the factory's +0x84 member
8D_MOD10_disp32_SIB@0x004C8EBB,0x004C8EBB,"LEA ECX,[ESP+ESP*1+0x84]",ESP (boundary-verified),read,entry~0x004C88D0,UNRESOLVED,REJECTED_WRONG_OBJECT,stack-relative slot; the factory object is heap-allocated (new 0x118 @0x0073E2CC lazy-init); a stack slot cannot be the factory's +0x84 member
8D_MOD10_disp32_SIB@0x004C8F32,0x004C8F32,"LEA ECX,[ESP+ESP*1+0x84]",ESP (boundary-verified),read,unknown,UNRESOLVED,REJECTED_WRONG_OBJECT,stack-relative slot; the factory object is heap-allocated (new 0x118 @0x0073E2CC lazy-init); a stack slot cannot be the factory's +0x84 member
8D_MOD10_disp32_SIB@0x004C8FA9,0x004C8FA9,"LEA ECX,[ESP+ESP*1+0x84]",ESP (boundary-verified),read,unknown,UNRESOLVED,REJECTED_WRONG_OBJECT,stack-relative slot; the factory object is heap-allocated (new 0x118 @0x0073E2CC lazy-init); a stack slot cannot be the factory's +0x84 member
89_MOD10_disp32_SIB@0x004C9012,0x004C9012,"MOV [ESP+ESP*1+0x84],EBX",ESP (boundary-verified),EBX,unknown,UNRESOLVED,REJECTED_WRONG_OBJECT,stack-relative slot; the factory object is heap-allocated (new 0x118 @0x0073E2CC lazy-init); a stack slot cannot be the factory's +0x84 member
8D_MOD10_disp32_SIB@0x004C9027,0x004C9027,"LEA ECX,[ESP+ESP*1+0x84]",ESP (boundary-verified),read,unknown,UNRESOLVED,REJECTED_WRONG_OBJECT,stack-relative slot; the factory object is heap-allocated (new 0x118 @0x0073E2CC lazy-init); a stack slot cannot be the factory's +0x84 member
8D_MOD10_disp32_SIB@0x004C9071,0x004C9071,"LEA ECX,[ESP+ESP*1+0x84]",ESP (boundary-verified),read,unknown,UNRESOLVED,REJECTED_WRONG_OBJECT,stack-relative slot; the factory object is heap-allocated (new 0x118 @0x0073E2CC lazy-init); a stack slot cannot be the factory's +0x84 member
8D_MOD10_disp32_SIB@0x004C9127,0x004C9127,"LEA ECX,[ESP+ESP*1+0x84]",ESP (boundary-verified),read,unknown,UNRESOLVED,REJECTED_WRONG_OBJECT,stack-relative slot; the factory object is heap-allocated (new 0x118 @0x0073E2CC lazy-init); a stack slot cannot be the factory's +0x84 member
8D_MOD10_disp32_SIB@0x004C920A,0x004C920A,"LEA ECX,[ESP+ESP*1+0x84]",ESP (boundary-verified),read,unknown,UNRESOLVED,REJECTED_WRONG_OBJECT,stack-relative slot; the factory object is heap-allocated (new 0x118 @0x0073E2CC lazy-init); a stack slot cannot be the factory's +0x84 member
8D_MOD10_disp32_SIB@0x004C9292,0x004C9292,"LEA EDX,[ESP+ESP*1+0x84]",ESP (boundary-verified),read,unknown,UNRESOLVED,REJECTED_WRONG_OBJECT,stack-relative slot; the factory object is heap-allocated (new 0x118 @0x0073E2CC lazy-init); a stack slot cannot be the factory's +0x84 member
8D_MOD10_disp32_SIB@0x004C934C,0x004C934C,"LEA ECX,[ESP+ESP*1+0x84]",ESP (boundary-verified),read,unknown,UNRESOLVED,REJECTED_WRONG_OBJECT,stack-relative slot; the factory object is heap-allocated (new 0x118 @0x0073E2CC lazy-init); a stack slot cannot be the factory's +0x84 member
8B_MOD10_disp32_SIB@0x004CA32C,0x004CA32C,"MOV EAX,[ESP+ESP*1+0x84]",ESP (boundary-verified),read,entry~0x004CA1F0,NOT_A_WRITE,REJECTED_READ_NOT_WRITE,read/CMP form with displacement 0x84; no memory write occurs
8B_MOD10_disp32_SIB@0x004CA336,0x004CA336,"MOV EAX,[ESP+ESP*1+0x84]",ESP (boundary-verified),read,entry~0x004CA1F0,NOT_A_WRITE,REJECTED_READ_NOT_WRITE,read/CMP form with displacement 0x84; no memory write occurs
C7_MOD10_SIB@0x004CC454,0x004CC454,"MOV [ESP+ESP*1+0x84],0x0",ESP (boundary-verified),imm32=0x0,entry~0x004CC230,UNRESOLVED,REJECTED_WRONG_OBJECT,stack-relative slot; the factory object is heap-allocated (new 0x118 @0x0073E2CC lazy-init); a stack slot cannot be the factory's +0x84 member
8D_MOD10_disp32_SIB@0x004CCBB6,0x004CCBB6,"LEA ECX,[ESP+ESP*1+0x84]",ESP (boundary-verified),read,entry~0x004CCA40,UNRESOLVED,REJECTED_WRONG_OBJECT,stack-relative slot; the factory object is heap-allocated (new 0x118 @0x0073E2CC lazy-init); a stack slot cannot be the factory's +0x84 member
8D_MOD10_disp32_SIB@0x004CCBC9,0x004CCBC9,"LEA ECX,[ESP+ESP*1+0x84]",ESP (boundary-verified),read,entry~0x004CCA40,UNRESOLVED,REJECTED_WRONG_OBJECT,stack-relative slot; the factory object is heap-allocated (new 0x118 @0x0073E2CC lazy-init); a stack slot cannot be the factory's +0x84 member
8D_MOD10_disp32_SIB@0x004CEFD0,0x004CEFD0,"LEA ECX,[ESP+ESP*1+0x84]",ESP (boundary-verified),read,unknown,UNRESOLVED,REJECTED_WRONG_OBJECT,stack-relative slot; the factory object is heap-allocated (new 0x118 @0x0073E2CC lazy-init); a stack slot cannot be the factory's +0x84 member
8D_MOD10_disp32_SIB@0x004CF501,0x004CF501,"LEA EAX,[ESP+ESP*1+0x84]",ESP (boundary-verified),read,entry~0x004CF4D0,UNRESOLVED,REJECTED_WRONG_OBJECT,stack-relative slot; the factory object is heap-allocated (new 0x118 @0x0073E2CC lazy-init); a stack slot cannot be the factory's +0x84 member
8D_MOD10_disp32_SIB@0x004CF646,0x004CF646,"LEA ECX,[ESP+ESP*1+0x84]",ESP (boundary-verified),read,entry~0x004CF610,UNRESOLVED,REJECTED_WRONG_OBJECT,stack-relative slot; the factory object is heap-allocated (new 0x118 @0x0073E2CC lazy-init); a stack slot cannot be the factory's +0x84 member
8D_MOD10_disp32_SIB@0x004D43E1,0x004D43E1,"LEA EAX,[ESP+ESP*1+0x84]",ESP (boundary-verified),read,entry~0x004D43B0,UNRESOLVED,REJECTED_WRONG_OBJECT,stack-relative slot; the factory object is heap-allocated (new 0x118 @0x0073E2CC lazy-init); a stack slot cannot be the factory's +0x84 member
8D_MOD10_disp32_SIB@0x004D4A96,0x004D4A96,"LEA ECX,[ESP+ESP*1+0x84]",ESP (boundary-verified),read,entry~0x004D4A60,UNRESOLVED,REJECTED_WRONG_OBJECT,stack-relative slot; the factory object is heap-allocated (new 0x118 @0x0073E2CC lazy-init); a stack slot cannot be the factory's +0x84 member
8D_MOD10_disp32_SIB@0x004D4E56,0x004D4E56,"LEA ECX,[ESP+ESP*1+0x84]",ESP (boundary-verified),read,entry~0x004D4E20,UNRESOLVED,REJECTED_WRONG_OBJECT,stack-relative slot; the factory object is heap-allocated (new 0x118 @0x0073E2CC lazy-init); a stack slot cannot be the factory's +0x84 member
8D_MOD10_disp32_SIB@0x004D7D16,0x004D7D16,"LEA ECX,[ESP+ESP*1+0x84]",ESP (boundary-unverified),read,unknown,NOT_A_WRITE,REJECTED_UNRELATED_OFFSET,raw byte-pattern occurrence not at a verified instruction start (part of another instruction's immediate/displacement); not an instruction
8D_MOD10_disp32_SIB@0x004D7DE9,0x004D7DE9,"LEA ECX,[ESP+ESP*1+0x84]",ESP (boundary-verified),read,unknown,UNRESOLVED,REJECTED_WRONG_OBJECT,stack-relative slot; the factory object is heap-allocated (new 0x118 @0x0073E2CC lazy-init); a stack slot cannot be the factory's +0x84 member
8B_MOD10_disp32_SIB@0x004D7E20,0x004D7E20,"MOV EAX,[ESP+ESP*1+0x84]",ESP (boundary-verified),read,unknown,NOT_A_WRITE,REJECTED_READ_NOT_WRITE,read/CMP form with displacement 0x84; no memory write occurs
8D_MOD10_disp32_SIB@0x004D7E79,0x004D7E79,"LEA ECX,[ESP+ESP*1+0x84]",ESP (boundary-verified),read,unknown,UNRESOLVED,REJECTED_WRONG_OBJECT,stack-relative slot; the factory object is heap-allocated (new 0x118 @0x0073E2CC lazy-init); a stack slot cannot be the factory's +0x84 member
8B_MOD10_disp32_SIB@0x004D7E8E,0x004D7E8E,"MOV EAX,[ESP+ESP*1+0x84]",ESP (boundary-verified),read,unknown,NOT_A_WRITE,REJECTED_READ_NOT_WRITE,read/CMP form with displacement 0x84; no memory write occurs
89_MOD10_disp32_SIB@0x004D8037,0x004D8037,"MOV [ESP+ESP*1+0x84],ESP",ESP (boundary-verified),ESP,unknown,UNRESOLVED,REJECTED_WRONG_OBJECT,stack-relative slot; the factory object is heap-allocated (new 0x118 @0x0073E2CC lazy-init); a stack slot cannot be the factory's +0x84 member
8D_MOD10_disp32_SIB@0x004D807C,0x004D807C,"LEA EDX,[ESP+ESP*1+0x84]",ESP (boundary-verified),read,unknown,UNRESOLVED,REJECTED_WRONG_OBJECT,stack-relative slot; the factory object is heap-allocated (new 0x118 @0x0073E2CC lazy-init); a stack slot cannot be the factory's +0x84 member
8B_MOD10_disp32_SIB@0x004D8095,0x004D8095,"MOV EAX,[ESP+ESP*1+0x84]",ESP (boundary-verified),read,unknown,NOT_A_WRITE,REJECTED_READ_NOT_WRITE,read/CMP form with displacement 0x84; no memory write occurs
89_MOD10_disp32_SIB@0x004D8191,0x004D8191,"MOV [ESP+ESP*1+0x84],ESP",ESP (boundary-verified),ESP,unknown,UNRESOLVED,REJECTED_WRONG_OBJECT,stack-relative slot; the factory object is heap-allocated (new 0x118 @0x0073E2CC lazy-init); a stack slot cannot be the factory's +0x84 member
8D_MOD10_disp32_SIB@0x004D81D3,0x004D81D3,"LEA EDX,[ESP+ESP*1+0x84]",ESP (boundary-verified),read,unknown,UNRESOLVED,REJECTED_WRONG_OBJECT,stack-relative slot; the factory object is heap-allocated (new 0x118 @0x0073E2CC lazy-init); a stack slot cannot be the factory's +0x84 member
8B_MOD10_disp32_SIB@0x004D81EC,0x004D81EC,"MOV EAX,[ESP+ESP*1+0x84]",ESP (boundary-verified),read,unknown,NOT_A_WRITE,REJECTED_READ_NOT_WRITE,read/CMP form with displacement 0x84; no memory write occurs
89_MOD10_disp32_SIB@0x004D82D5,0x004D82D5,"MOV [ESP+ESP*1+0x84],ESP",ESP (boundary-verified),ESP,unknown,UNRESOLVED,REJECTED_WRONG_OBJECT,stack-relative slot; the factory object is heap-allocated (new 0x118 @0x0073E2CC lazy-init); a stack slot cannot be the factory's +0x84 member
8D_MOD10_disp32_SIB@0x004D8317,0x004D8317,"LEA EAX,[ESP+ESP*1+0x84]",ESP (boundary-verified),read,unknown,UNRESOLVED,REJECTED_WRONG_OBJECT,stack-relative slot; the factory object is heap-allocated (new 0x118 @0x0073E2CC lazy-init); a stack slot cannot be the factory's +0x84 member
8B_MOD10_disp32_SIB@0x004D8330,0x004D8330,"MOV EAX,[ESP+ESP*1+0x84]",ESP (boundary-verified),read,unknown,NOT_A_WRITE,REJECTED_READ_NOT_WRITE,read/CMP form with displacement 0x84; no memory write occurs
8D_MOD10_disp32_SIB@0x004D8573,0x004D8573,"LEA ECX,[ESP+ESP*1+0x84]",ESP (boundary-verified),read,unknown,UNRESOLVED,REJECTED_WRONG_OBJECT,stack-relative slot; the factory object is heap-allocated (new 0x118 @0x0073E2CC lazy-init); a stack slot cannot be the factory's +0x84 member
8D_MOD10_disp32_SIB@0x004D85F2,0x004D85F2,"LEA EDX,[ESP+ESP*1+0x84]",ESP (boundary-verified),read,unknown,UNRESOLVED,REJECTED_WRONG_OBJECT,stack-relative slot; the factory object is heap-allocated (new 0x118 @0x0073E2CC lazy-init); a stack slot cannot be the factory's +0x84 member
8B_MOD10_disp32_SIB@0x004D860B,0x004D860B,"MOV EAX,[ESP+ESP*1+0x84]",ESP (boundary-verified),read,unknown,NOT_A_WRITE,REJECTED_READ_NOT_WRITE,read/CMP form with displacement 0x84; no memory write occurs
89_MOD10_disp32_SIB@0x004D8BF9,0x004D8BF9,"MOV [ESP+ESP*1+0x84],ESP",ESP (boundary-verified),ESP,entry~0x004D8BA0,UNRESOLVED,REJECTED_WRONG_OBJECT,stack-relative slot; the factory object is heap-allocated (new 0x118 @0x0073E2CC lazy-init); a stack slot cannot be the factory's +0x84 member
89_MOD10_disp32_SIB@0x004D8CC9,0x004D8CC9,"MOV [ESP+ESP*1+0x84],ESP",ESP (boundary-verified),ESP,entry~0x004D8C70,UNRESOLVED,REJECTED_WRONG_OBJECT,stack-relative slot; the factory object is heap-allocated (new 0x118 @0x0073E2CC lazy-init); a stack slot cannot be the factory's +0x84 member
39_MOD10_disp32_SIB@0x004D9130,0x004D9130,"CMP [ESP+ESP*1+0x84],EBX",ESP (boundary-unverified),read,entry~0x004D8E00,NOT_A_WRITE,REJECTED_READ_NOT_WRITE,read/CMP form with displacement 0x84; no memory write occurs
8D_MOD10_disp32_SIB@0x004D9F56,0x004D9F56,"LEA ECX,[ESP+ESP*1+0x84]",ESP (boundary-verified),read,entry~0x004D9E10,UNRESOLVED,REJECTED_WRONG_OBJECT,stack-relative slot; the factory object is heap-allocated (new 0x118 @0x0073E2CC lazy-init); a stack slot cannot be the factory's +0x84 member
8D_MOD10_disp32_SIB@0x004D9FA4,0x004D9FA4,"LEA EDX,[ESP+ESP*1+0x84]",ESP (boundary-unverified),read,entry~0x004D9E10,NOT_A_WRITE,REJECTED_UNRELATED_OFFSET,raw byte-pattern occurrence not at a verified instruction start (part of another instruction's immediate/displacement); not an instruction
88_MOD10_BYTE@0x004DD31A,0x004DD31A,"MOV BYTE [ESI+0x84],BL",ESI (boundary-verified),byte,entry~0x004DD250,UNRESOLVED,REJECTED_UNRELATED_OFFSET,partial-width (byte/word) store at +0x84; cannot fully assign the dword pointer member at factory+0x84 (dword member per the base ctor store @0x0070D013 and the setter store @0x0070C71E)
89_MOD10_disp32_SIB@0x004DD686,0x004DD686,"MOV [ESP+ESP*1+0x84],EAX",ESP (boundary-verified),EAX,entry~0x004DD460,UNRESOLVED,REJECTED_WRONG_OBJECT,stack-relative slot; the factory object is heap-allocated (new 0x118 @0x0073E2CC lazy-init); a stack slot cannot be the factory's +0x84 member
C7_MOD10_SIB@0x004DEB44,0x004DEB44,"MOV [ESP+ESP*1+0x84],0x5DC7",ESP (boundary-verified),imm32=0x5DC7,entry~0x004DEAF0,UNRESOLVED,REJECTED_WRONG_OBJECT,stack-relative slot; the factory object is heap-allocated (new 0x118 @0x0073E2CC lazy-init); a stack slot cannot be the factory's +0x84 member
8D_MOD10_disp32_SIB@0x004E1490,0x004E1490,"LEA ECX,[ESP+ESP*1+0x84]",ESP (boundary-verified),read,unknown,UNRESOLVED,REJECTED_WRONG_OBJECT,stack-relative slot; the factory object is heap-allocated (new 0x118 @0x0073E2CC lazy-init); a stack slot cannot be the factory's +0x84 member
8D_MOD10_disp32_SIB@0x004E1585,0x004E1585,"LEA ECX,[ESP+ESP*1+0x84]",ESP (boundary-verified),read,unknown,UNRESOLVED,REJECTED_WRONG_OBJECT,stack-relative slot; the factory object is heap-allocated (new 0x118 @0x0073E2CC lazy-init); a stack slot cannot be the factory's +0x84 member
8D_MOD10_disp32_SIB@0x004E1BDD,0x004E1BDD,"LEA ECX,[ESP+ESP*1+0x84]",ESP (boundary-verified),read,unknown,UNRESOLVED,REJECTED_WRONG_OBJECT,stack-relative slot; the factory object is heap-allocated (new 0x118 @0x0073E2CC lazy-init); a stack slot cannot be the factory's +0x84 member
C6_MOD10_BYTE@0x004E291E,0x004E291E,"MOV BYTE [ESI+0x84],imm8",ESI (boundary-verified),imm8=0x00,entry~0x004E2580,UNRESOLVED,REJECTED_UNRELATED_OFFSET,partial-width (byte/word) store at +0x84; cannot fully assign the dword pointer member at factory+0x84 (dword member per the base ctor store @0x0070D013 and the setter store @0x0070C71E)
C6_MOD10_BYTE@0x004E2952,0x004E2952,"MOV BYTE [ESI+0x84],imm8",ESI (boundary-verified),imm8=0x00,entry~0x004E2580,UNRESOLVED,REJECTED_UNRELATED_OFFSET,partial-width (byte/word) store at +0x84; cannot fully assign the dword pointer member at factory+0x84 (dword member per the base ctor store @0x0070D013 and the setter store @0x0070C71E)
C6_MOD10_BYTE@0x004E3032,0x004E3032,"MOV BYTE [ESI+0x84],imm8",ESI (boundary-verified),imm8=0x00,entry~0x004E2FF0,UNRESOLVED,REJECTED_UNRELATED_OFFSET,partial-width (byte/word) store at +0x84; cannot fully assign the dword pointer member at factory+0x84 (dword member per the base ctor store @0x0070D013 and the setter store @0x0070C71E)
8D_MOD10_disp32_SIB@0x004E337D,0x004E337D,"LEA EDX,[ESP+ESP*1+0x84]",ESP (boundary-verified),read,entry~0x004E2FF0,UNRESOLVED,REJECTED_WRONG_OBJECT,stack-relative slot; the factory object is heap-allocated (new 0x118 @0x0073E2CC lazy-init); a stack slot cannot be the factory's +0x84 member
8D_MOD10_disp32_SIB@0x004E33D4,0x004E33D4,"LEA EDX,[ESP+ESP*1+0x84]",ESP (boundary-verified),read,entry~0x004E2FF0,UNRESOLVED,REJECTED_WRONG_OBJECT,stack-relative slot; the factory object is heap-allocated (new 0x118 @0x0073E2CC lazy-init); a stack slot cannot be the factory's +0x84 member
89_MOD10_disp32_SIB@0x004E33F3,0x004E33F3,"MOV [ESP+ESP*1+0x84],ESP",ESP (boundary-verified),ESP,entry~0x004E2FF0,UNRESOLVED,REJECTED_WRONG_OBJECT,stack-relative slot; the factory object is heap-allocated (new 0x118 @0x0073E2CC lazy-init); a stack slot cannot be the factory's +0x84 member
C6_MOD10_BYTE@0x004E34DE,0x004E34DE,"MOV BYTE [ESI+0x84],imm8",ESI (boundary-verified),imm8=0x01,entry~0x004E34A0,UNRESOLVED,REJECTED_UNRELATED_OFFSET,partial-width (byte/word) store at +0x84; cannot fully assign the dword pointer member at factory+0x84 (dword member per the base ctor store @0x0070D013 and the setter store @0x0070C71E)
8D_MOD10_disp32_SIB@0x004E361F,0x004E361F,"LEA ECX,[ESP+ESP*1+0x84]",ESP (boundary-verified),read,entry~0x004E34A0,UNRESOLVED,REJECTED_WRONG_OBJECT,stack-relative slot; the factory object is heap-allocated (new 0x118 @0x0073E2CC lazy-init); a stack slot cannot be the factory's +0x84 member
8D_MOD10_disp32_SIB@0x004E365B,0x004E365B,"LEA ECX,[ESP+ESP*1+0x84]",ESP (boundary-verified),read,entry~0x004E34A0,UNRESOLVED,REJECTED_WRONG_OBJECT,stack-relative slot; the factory object is heap-allocated (new 0x118 @0x0073E2CC lazy-init); a stack slot cannot be the factory's +0x84 member
8D_MOD10_disp32_SIB@0x004E5143,0x004E5143,"LEA ECX,[ESP+ESP*1+0x84]",ESP (boundary-verified),read,entry~0x004E5060,UNRESOLVED,REJECTED_WRONG_OBJECT,stack-relative slot; the factory object is heap-allocated (new 0x118 @0x0073E2CC lazy-init); a stack slot cannot be the factory's +0x84 member
8D_MOD10_disp32_SIB@0x004E6EF1,0x004E6EF1,"LEA EAX,[ESP+ESP*1+0x84]",ESP (boundary-verified),read,entry~0x004E6EC0,UNRESOLVED,REJECTED_WRONG_OBJECT,stack-relative slot; the factory object is heap-allocated (new 0x118 @0x0073E2CC lazy-init); a stack slot cannot be the factory's +0x84 member
8D_MOD10_disp32_SIB@0x004E7426,0x004E7426,"LEA ECX,[ESP+ESP*1+0x84]",ESP (boundary-verified),read,entry~0x004E73F0,UNRESOLVED,REJECTED_WRONG_OBJECT,stack-relative slot; the factory object is heap-allocated (new 0x118 @0x0073E2CC lazy-init); a stack slot cannot be the factory's +0x84 member
8B_MOD10_disp32_SIB@0x004E7A9B,0x004E7A9B,"MOV EDX,[ESP+ESP*1+0x84]",ESP (boundary-verified),read,entry~0x004E7A60,NOT_A_WRITE,REJECTED_READ_NOT_WRITE,read/CMP form with displacement 0x84; no memory write occurs
C7_MOD10_SIB@0x004E7AC7,0x004E7AC7,"MOV [ESP+ESP*1+0x84],0x1",ESP (boundary-verified),imm32=0x1,entry~0x004E7A60,UNRESOLVED,REJECTED_WRONG_OBJECT,stack-relative slot; the factory object is heap-allocated (new 0x118 @0x0073E2CC lazy-init); a stack slot cannot be the factory's +0x84 member
8B_MOD10_disp32_SIB@0x004E80A4,0x004E80A4,"MOV EDX,[ESP+ESP*1+0x84]",ESP (boundary-verified),read,entry~0x004E8070,NOT_A_WRITE,REJECTED_READ_NOT_WRITE,read/CMP form with displacement 0x84; no memory write occurs
C7_MOD10_SIB@0x004E80D7,0x004E80D7,"MOV [ESP+ESP*1+0x84],0x1",ESP (boundary-verified),imm32=0x1,entry~0x004E8070,UNRESOLVED,REJECTED_WRONG_OBJECT,stack-relative slot; the factory object is heap-allocated (new 0x118 @0x0073E2CC lazy-init); a stack slot cannot be the factory's +0x84 member
8D_MOD10_disp32_SIB@0x004E905A,0x004E905A,"LEA ECX,[ESP+ESP*1+0x84]",ESP (boundary-verified),read,entry~0x004E8FD0,UNRESOLVED,REJECTED_WRONG_OBJECT,stack-relative slot; the factory object is heap-allocated (new 0x118 @0x0073E2CC lazy-init); a stack slot cannot be the factory's +0x84 member
8D_MOD10_disp32_SIB@0x004E9067,0x004E9067,"LEA ECX,[ESP+ESP*1+0x84]",ESP (boundary-verified),read,entry~0x004E8FD0,UNRESOLVED,REJECTED_WRONG_OBJECT,stack-relative slot; the factory object is heap-allocated (new 0x118 @0x0073E2CC lazy-init); a stack slot cannot be the factory's +0x84 member
89_MOD10_disp32_SIB@0x004EA134,0x004EA134,"MOV [ESP+ESP*1+0x84],ESP",ESP (boundary-verified),ESP,entry~0x004EA060,UNRESOLVED,REJECTED_WRONG_OBJECT,stack-relative slot; the factory object is heap-allocated (new 0x118 @0x0073E2CC lazy-init); a stack slot cannot be the factory's +0x84 member
89_MOD10_disp32_SIB@0x004EA2B7,0x004EA2B7,"MOV [ESP+ESP*1+0x84],ESP",ESP (boundary-verified),ESP,entry~0x004EA060,UNRESOLVED,REJECTED_WRONG_OBJECT,stack-relative slot; the factory object is heap-allocated (new 0x118 @0x0073E2CC lazy-init); a stack slot cannot be the factory's +0x84 member
C6_MOD10_SIB_BYTE@0x004EA325,0x004EA325,"MOV BYTE [...+0x84],imm8",ESP (boundary-verified),imm8=0x03,entry~0x004EA060,UNRESOLVED,REJECTED_UNRELATED_OFFSET,partial-width (byte/word) store at +0x84; cannot fully assign the dword pointer member at factory+0x84 (dword member per the base ctor store @0x0070D013 and the setter store @0x0070C71E)
C7_MOD10_SIB@0x004EA357,0x004EA357,"MOV [ESP+ESP*1+0x84],0xFFFFFFFF",ESP (boundary-verified),imm32=0xFFFFFFFF,entry~0x004EA060,UNRESOLVED,REJECTED_WRONG_OBJECT,stack-relative slot; the factory object is heap-allocated (new 0x118 @0x0073E2CC lazy-init); a stack slot cannot be the factory's +0x84 member
89_MOD10_disp32_SIB@0x004EB245,0x004EB245,"MOV [ESP+ESP*1+0x84],ESP",ESP (boundary-verified),ESP,unknown,UNRESOLVED,REJECTED_WRONG_OBJECT,stack-relative slot; the factory object is heap-allocated (new 0x118 @0x0073E2CC lazy-init); a stack slot cannot be the factory's +0x84 member
89_MOD10_disp32_SIB@0x004EB3CD,0x004EB3CD,"MOV [ESP+ESP*1+0x84],ESP",ESP (boundary-verified),ESP,unknown,UNRESOLVED,REJECTED_WRONG_OBJECT,stack-relative slot; the factory object is heap-allocated (new 0x118 @0x0073E2CC lazy-init); a stack slot cannot be the factory's +0x84 member
89_MOD10_disp32_SIB@0x004EB559,0x004EB559,"MOV [ESP+ESP*1+0x84],ESP",ESP (boundary-verified),ESP,unknown,UNRESOLVED,REJECTED_WRONG_OBJECT,stack-relative slot; the factory object is heap-allocated (new 0x118 @0x0073E2CC lazy-init); a stack slot cannot be the factory's +0x84 member
8D_MOD10_disp32_SIB@0x004EBEFB,0x004EBEFB,"LEA ECX,[ESP+ESP*1+0x84]",ESP (boundary-verified),read,entry~0x004EBEA0,UNRESOLVED,REJECTED_WRONG_OBJECT,stack-relative slot; the factory object is heap-allocated (new 0x118 @0x0073E2CC lazy-init); a stack slot cannot be the factory's +0x84 member
C6_MOD10_SIB_BYTE@0x004EE8A9,0x004EE8A9,"MOV BYTE [...+0x84],imm8",ESP (boundary-verified),imm8=0x04,entry~0x004EE720,UNRESOLVED,REJECTED_UNRELATED_OFFSET,partial-width (byte/word) store at +0x84; cannot fully assign the dword pointer member at factory+0x84 (dword member per the base ctor store @0x0070D013 and the setter store @0x0070C71E)
8D_MOD10_disp32_SIB@0x004EF28D,0x004EF28D,"LEA EAX,[ESP+ESP*1+0x84]",ESP (boundary-verified),read,entry~0x004EF260,UNRESOLVED,REJECTED_WRONG_OBJECT,stack-relative slot; the factory object is heap-allocated (new 0x118 @0x0073E2CC lazy-init); a stack slot cannot be the factory's +0x84 member
8B_MOD10_disp32_SIB@0x004EF4A1,0x004EF4A1,"MOV ECX,[ESP+ESP*1+0x84]",ESP (boundary-unverified),read,entry~0x004EF260,NOT_A_WRITE,REJECTED_READ_NOT_WRITE,read/CMP form with displacement 0x84; no memory write occurs
8D_MOD10_disp32_SIB@0x004EFC46,0x004EFC46,"LEA ECX,[ESP+ESP*1+0x84]",ESP (boundary-verified),read,entry~0x004EF8B0,UNRESOLVED,REJECTED_WRONG_OBJECT,stack-relative slot; the factory object is heap-allocated (new 0x118 @0x0073E2CC lazy-init); a stack slot cannot be the factory's +0x84 member
88_MOD10_SIB_BYTE@0x004F074D,0x004F074D,"MOV BYTE [...+0x84],r8",ESP (boundary-verified),byte,entry~0x004F0690,UNRESOLVED,REJECTED_UNRELATED_OFFSET,partial-width (byte/word) store at +0x84; cannot fully assign the dword pointer member at factory+0x84 (dword member per the base ctor store @0x0070D013 and the setter store @0x0070C71E)
8D_MOD10_disp32_SIB@0x004F1D27,0x004F1D27,"LEA ECX,[ESP+ESP*1+0x84]",ESP (boundary-verified),read,entry~0x004F1900,UNRESOLVED,REJECTED_WRONG_OBJECT,stack-relative slot; the factory object is heap-allocated (new 0x118 @0x0073E2CC lazy-init); a stack slot cannot be the factory's +0x84 member
8D_MOD10_disp32_SIB@0x004F1FB8,0x004F1FB8,"LEA ECX,[ESP+ESP*1+0x84]",ESP (boundary-verified),read,unknown,UNRESOLVED,REJECTED_WRONG_OBJECT,stack-relative slot; the factory object is heap-allocated (new 0x118 @0x0073E2CC lazy-init); a stack slot cannot be the factory's +0x84 member
8D_MOD10_disp32_SIB@0x004F218A,0x004F218A,"LEA ECX,[ESP+ESP*1+0x84]",ESP (boundary-verified),read,unknown,UNRESOLVED,REJECTED_WRONG_OBJECT,stack-relative slot; the factory object is heap-allocated (new 0x118 @0x0073E2CC lazy-init); a stack slot cannot be the factory's +0x84 member
C7_MOD10_SIB@0x004F49D0,0x004F49D0,"MOV [ESP+ESP*1+0x84],0x1",ESP (boundary-verified),imm32=0x1,unknown,UNRESOLVED,REJECTED_WRONG_OBJECT,stack-relative slot; the factory object is heap-allocated (new 0x118 @0x0073E2CC lazy-init); a stack slot cannot be the factory's +0x84 member
8D_MOD10_disp32_SIB@0x004F788D,0x004F788D,"LEA EAX,[ESP+ESP*1+0x84]",ESP (boundary-verified),read,entry~0x004F7870,UNRESOLVED,REJECTED_WRONG_OBJECT,stack-relative slot; the factory object is heap-allocated (new 0x118 @0x0073E2CC lazy-init); a stack slot cannot be the factory's +0x84 member
8B_MOD10_disp32_SIB@0x004F7A69,0x004F7A69,"MOV ECX,[ESP+ESP*1+0x84]",ESP (boundary-verified),read,entry~0x004F7870,NOT_A_WRITE,REJECTED_READ_NOT_WRITE,read/CMP form with displacement 0x84; no memory write occurs
89_MOD10_disp32_SIB@0x004F896B,0x004F896B,"MOV [ESP+ESP*1+0x84],EAX",ESP (boundary-verified),EAX,entry~0x004F8950,UNRESOLVED,REJECTED_WRONG_OBJECT,stack-relative slot; the factory object is heap-allocated (new 0x118 @0x0073E2CC lazy-init); a stack slot cannot be the factory's +0x84 member
8D_MOD10_disp32_SIB@0x004F8AF9,0x004F8AF9,"LEA ECX,[ESP+ESP*1+0x84]",ESP (boundary-verified),read,entry~0x004F8950,UNRESOLVED,REJECTED_WRONG_OBJECT,stack-relative slot; the factory object is heap-allocated (new 0x118 @0x0073E2CC lazy-init); a stack slot cannot be the factory's +0x84 member
8D_MOD10_disp32_SIB@0x004F8B21,0x004F8B21,"LEA EDX,[ESP+ESP*1+0x84]",ESP (boundary-verified),read,entry~0x004F8950,UNRESOLVED,REJECTED_WRONG_OBJECT,stack-relative slot; the factory object is heap-allocated (new 0x118 @0x0073E2CC lazy-init); a stack slot cannot be the factory's +0x84 member
8B_MOD10_disp32_SIB@0x004F8D5A,0x004F8D5A,"MOV ECX,[ESP+ESP*1+0x84]",ESP (boundary-verified),read,entry~0x004F8950,NOT_A_WRITE,REJECTED_READ_NOT_WRITE,read/CMP form with displacement 0x84; no memory write occurs
8D_MOD10_disp32_SIB@0x004FB3CA,0x004FB3CA,"LEA ECX,[ESP+ESP*1+0x84]",ESP (boundary-verified),read,entry~0x004FB090,UNRESOLVED,REJECTED_WRONG_OBJECT,stack-relative slot; the factory object is heap-allocated (new 0x118 @0x0073E2CC lazy-init); a stack slot cannot be the factory's +0x84 member
8D_MOD10_disp32_SIB@0x004FB78E,0x004FB78E,"LEA EDX,[ESP+ESP*1+0x84]",ESP (boundary-verified),read,entry~0x004FB6E0,UNRESOLVED,REJECTED_WRONG_OBJECT,stack-relative slot; the factory object is heap-allocated (new 0x118 @0x0073E2CC lazy-init); a stack slot cannot be the factory's +0x84 member
8D_MOD10_disp32_SIB@0x004FB8ED,0x004FB8ED,"LEA ECX,[ESP+ESP*1+0x84]",ESP (boundary-verified),read,entry~0x004FB6E0,UNRESOLVED,REJECTED_WRONG_OBJECT,stack-relative slot; the factory object is heap-allocated (new 0x118 @0x0073E2CC lazy-init); a stack slot cannot be the factory's +0x84 member
8D_MOD10_disp32_SIB@0x004FBB89,0x004FBB89,"LEA ECX,[ESP+ESP*1+0x84]",ESP (boundary-verified),read,entry~0x004FB6E0,UNRESOLVED,REJECTED_WRONG_OBJECT,stack-relative slot; the factory object is heap-allocated (new 0x118 @0x0073E2CC lazy-init); a stack slot cannot be the factory's +0x84 member
8B_MOD10_disp32_SIB@0x004FBFD9,0x004FBFD9,"MOV EBP,[ESP+ESP*1+0x84]",ESP (boundary-verified),read,entry~0x004FBFB0,NOT_A_WRITE,REJECTED_READ_NOT_WRITE,read/CMP form with displacement 0x84; no memory write occurs
89_MOD10_disp32_SIB@0x004FC01D,0x004FC01D,"MOV [ESP+ESP*1+0x84],EAX",ESP (boundary-verified),EAX,entry~0x004FBFB0,UNRESOLVED,REJECTED_WRONG_OBJECT,stack-relative slot; the factory object is heap-allocated (new 0x118 @0x0073E2CC lazy-init); a stack slot cannot be the factory's +0x84 member
8D_MOD10_disp32_SIB@0x004FC087,0x004FC087,"LEA ECX,[ESP+ESP*1+0x84]",ESP (boundary-verified),read,entry~0x004FBFB0,UNRESOLVED,REJECTED_WRONG_OBJECT,stack-relative slot; the factory object is heap-allocated (new 0x118 @0x0073E2CC lazy-init); a stack slot cannot be the factory's +0x84 member
C6_MOD10_SIB_BYTE@0x004FC6B0,0x004FC6B0,"MOV BYTE [...+0x84],imm8",ESP (boundary-verified),imm8=0x02,entry~0x004FC600,UNRESOLVED,REJECTED_UNRELATED_OFFSET,partial-width (byte/word) store at +0x84; cannot fully assign the dword pointer member at factory+0x84 (dword member per the base ctor store @0x0070D013 and the setter store @0x0070C71E)
C6_MOD10_SIB_BYTE@0x004FC702,0x004FC702,"MOV BYTE [...+0x84],imm8",ESP (boundary-verified),imm8=0x04,entry~0x004FC600,UNRESOLVED,REJECTED_UNRELATED_OFFSET,partial-width (byte/word) store at +0x84; cannot fully assign the dword pointer member at factory+0x84 (dword member per the base ctor store @0x0070D013 and the setter store @0x0070C71E)
8D_MOD10_disp32_SIB@0x004FEFA8,0x004FEFA8,"LEA EAX,[ESP+ESP*1+0x84]",ESP (boundary-verified),read,entry~0x004FED30,UNRESOLVED,REJECTED_WRONG_OBJECT,stack-relative slot; the factory object is heap-allocated (new 0x118 @0x0073E2CC lazy-init); a stack slot cannot be the factory's +0x84 member
8D_MOD10_disp32_SIB@0x004FF688,0x004FF688,"LEA ECX,[ESP+ESP*1+0x84]",ESP (boundary-verified),read,entry~0x004FF620,UNRESOLVED,REJECTED_WRONG_OBJECT,stack-relative slot; the factory object is heap-allocated (new 0x118 @0x0073E2CC lazy-init); a stack slot cannot be the factory's +0x84 member
8D_MOD10_disp32_SIB@0x00500EEA,0x00500EEA,"LEA ECX,[ESP+ESP*1+0x84]",ESP (boundary-verified),read,entry~0x00500DC0,UNRESOLVED,REJECTED_WRONG_OBJECT,stack-relative slot; the factory object is heap-allocated (new 0x118 @0x0073E2CC lazy-init); a stack slot cannot be the factory's +0x84 member
8D_MOD10_disp32_SIB@0x00501981,0x00501981,"LEA EAX,[ESP+ESP*1+0x84]",ESP (boundary-verified),read,entry~0x00501950,UNRESOLVED,REJECTED_WRONG_OBJECT,stack-relative slot; the factory object is heap-allocated (new 0x118 @0x0073E2CC lazy-init); a stack slot cannot be the factory's +0x84 member
89_MOD10_disp32_SIB@0x005045F8,0x005045F8,"MOV [ESP+ESP*1+0x84],EBX",ESP (boundary-verified),EBX,entry~0x005045A0,UNRESOLVED,REJECTED_WRONG_OBJECT,stack-relative slot; the factory object is heap-allocated (new 0x118 @0x0073E2CC lazy-init); a stack slot cannot be the factory's +0x84 member
89_MOD10_disp32_SIB@0x00504637,0x00504637,"MOV [ESP+ESP*1+0x84],EBX",ESP (boundary-verified),EBX,entry~0x005045A0,UNRESOLVED,REJECTED_WRONG_OBJECT,stack-relative slot; the factory object is heap-allocated (new 0x118 @0x0073E2CC lazy-init); a stack slot cannot be the factory's +0x84 member
C6_MOD10_SIB_BYTE@0x00504650,0x00504650,"MOV BYTE [...+0x84],imm8",ESP (boundary-verified),imm8=0x02,entry~0x005045A0,UNRESOLVED,REJECTED_UNRELATED_OFFSET,partial-width (byte/word) store at +0x84; cannot fully assign the dword pointer member at factory+0x84 (dword member per the base ctor store @0x0070D013 and the setter store @0x0070C71E)
C6_MOD10_SIB_BYTE@0x00504691,0x00504691,"MOV BYTE [...+0x84],imm8",ESP (boundary-verified),imm8=0x03,entry~0x005045A0,UNRESOLVED,REJECTED_UNRELATED_OFFSET,partial-width (byte/word) store at +0x84; cannot fully assign the dword pointer member at factory+0x84 (dword member per the base ctor store @0x0070D013 and the setter store @0x0070C71E)
8B_MOD10_disp32_SIB@0x00505E58,0x00505E58,"MOV EDX,[ESP+ESP*1+0x84]",ESP (boundary-verified),read,entry~0x00505D10,NOT_A_WRITE,REJECTED_READ_NOT_WRITE,read/CMP form with displacement 0x84; no memory write occurs
8D_MOD10_disp32_SIB@0x00506102,0x00506102,"LEA ECX,[ESP+ESP*1+0x84]",ESP (boundary-verified),read,entry~0x00506030,UNRESOLVED,REJECTED_WRONG_OBJECT,stack-relative slot; the factory object is heap-allocated (new 0x118 @0x0073E2CC lazy-init); a stack slot cannot be the factory's +0x84 member
88_MOD10_SIB_BYTE@0x00508CD5,0x00508CD5,"MOV BYTE [...+0x84],r8",ESP (boundary-verified),byte,entry~0x00508C20,UNRESOLVED,REJECTED_UNRELATED_OFFSET,partial-width (byte/word) store at +0x84; cannot fully assign the dword pointer member at factory+0x84 (dword member per the base ctor store @0x0070D013 and the setter store @0x0070C71E)
89_MOD10_disp32@0x0050907F,0x0050907F,"MOV [ECX+0x84],EDX",ECX (boundary-verified),EDX,entry~0x00509070,UNRESOLVED,UNRESOLVED,boundary-verified non-stack dword write to [reg+0x84]; base-register identity not resolved to any factory object within the window-level provenance bound; not established as a factory+0x84 write (no claim made)
8B_MOD10_disp32_SIB@0x0050BF10,0x0050BF10,"MOV EBP,[ESP+ESP*1+0x84]",ESP (boundary-verified),read,entry~0x0050BED0,NOT_A_WRITE,REJECTED_READ_NOT_WRITE,read/CMP form with displacement 0x84; no memory write occurs
8D_MOD10_disp32_SIB@0x0050C23B,0x0050C23B,"LEA ECX,[ESP+ESP*1+0x84]",ESP (boundary-verified),read,entry~0x0050C0C0,UNRESOLVED,REJECTED_WRONG_OBJECT,stack-relative slot; the factory object is heap-allocated (new 0x118 @0x0073E2CC lazy-init); a stack slot cannot be the factory's +0x84 member
8B_MOD10_disp32_SIB@0x0050D9DD,0x0050D9DD,"MOV EDX,[ESP+ESP*1+0x84]",ESP (boundary-verified),read,entry~0x0050D970,NOT_A_WRITE,REJECTED_READ_NOT_WRITE,read/CMP form with displacement 0x84; no memory write occurs
8D_MOD10_disp32_SIB@0x0050F08D,0x0050F08D,"LEA ECX,[ESP+ESP*1+0x84]",ESP (boundary-verified),read,unknown,UNRESOLVED,REJECTED_WRONG_OBJECT,stack-relative slot; the factory object is heap-allocated (new 0x118 @0x0073E2CC lazy-init); a stack slot cannot be the factory's +0x84 member
8D_MOD10_disp32_SIB@0x0050F09D,0x0050F09D,"LEA EDX,[ESP+ESP*1+0x84]",ESP (boundary-verified),read,unknown,UNRESOLVED,REJECTED_WRONG_OBJECT,stack-relative slot; the factory object is heap-allocated (new 0x118 @0x0073E2CC lazy-init); a stack slot cannot be the factory's +0x84 member
8D_MOD10_disp32_SIB@0x0050F232,0x0050F232,"LEA ECX,[ESP+ESP*1+0x84]",ESP (boundary-verified),read,unknown,UNRESOLVED,REJECTED_WRONG_OBJECT,stack-relative slot; the factory object is heap-allocated (new 0x118 @0x0073E2CC lazy-init); a stack slot cannot be the factory's +0x84 member
8D_MOD10_disp32_SIB@0x0050F5C1,0x0050F5C1,"LEA ECX,[ESP+ESP*1+0x84]",ESP (boundary-verified),read,unknown,UNRESOLVED,REJECTED_WRONG_OBJECT,stack-relative slot; the factory object is heap-allocated (new 0x118 @0x0073E2CC lazy-init); a stack slot cannot be the factory's +0x84 member
8D_MOD10_disp32_SIB@0x0050F5CD,0x0050F5CD,"LEA EDX,[ESP+ESP*1+0x84]",ESP (boundary-verified),read,unknown,UNRESOLVED,REJECTED_WRONG_OBJECT,stack-relative slot; the factory object is heap-allocated (new 0x118 @0x0073E2CC lazy-init); a stack slot cannot be the factory's +0x84 member
8D_MOD10_disp32_SIB@0x0050F7F1,0x0050F7F1,"LEA ECX,[ESP+ESP*1+0x84]",ESP (boundary-verified),read,unknown,UNRESOLVED,REJECTED_WRONG_OBJECT,stack-relative slot; the factory object is heap-allocated (new 0x118 @0x0073E2CC lazy-init); a stack slot cannot be the factory's +0x84 member
8B_MOD10_disp32_SIB@0x00510B2C,0x00510B2C,"MOV EBP,[ESP+ESP*1+0x84]",ESP (boundary-verified),read,entry~0x00510AF0,NOT_A_WRITE,REJECTED_READ_NOT_WRITE,read/CMP form with displacement 0x84; no memory write occurs
C7_MOD10_SIB@0x005136DC,0x005136DC,"MOV [ESP+ESP*1+0x84],0x21A",ESP (boundary-verified),imm32=0x21A,entry~0x005135C0,UNRESOLVED,REJECTED_WRONG_OBJECT,stack-relative slot; the factory object is heap-allocated (new 0x118 @0x0073E2CC lazy-init); a stack slot cannot be the factory's +0x84 member
8D_MOD10_disp32_SIB@0x0051400E,0x0051400E,"LEA ECX,[ESP+ESP*1+0x84]",ESP (boundary-verified),read,entry~0x00513F60,UNRESOLVED,REJECTED_WRONG_OBJECT,stack-relative slot; the factory object is heap-allocated (new 0x118 @0x0073E2CC lazy-init); a stack slot cannot be the factory's +0x84 member
8D_MOD10_disp32_SIB@0x00514024,0x00514024,"LEA ECX,[ESP+ESP*1+0x84]",ESP (boundary-verified),read,entry~0x00513F60,UNRESOLVED,REJECTED_WRONG_OBJECT,stack-relative slot; the factory object is heap-allocated (new 0x118 @0x0073E2CC lazy-init); a stack slot cannot be the factory's +0x84 member
8D_MOD10_disp32_SIB@0x0051420D,0x0051420D,"LEA ECX,[ESP+ESP*1+0x84]",ESP (boundary-verified),read,entry~0x00513F60,UNRESOLVED,REJECTED_WRONG_OBJECT,stack-relative slot; the factory object is heap-allocated (new 0x118 @0x0073E2CC lazy-init); a stack slot cannot be the factory's +0x84 member
8B_MOD10_disp32_SIB@0x005145CF,0x005145CF,"MOV EAX,[ESP+ESP*1+0x84]",ESP (boundary-verified),read,entry~0x00514550,NOT_A_WRITE,REJECTED_READ_NOT_WRITE,read/CMP form with displacement 0x84; no memory write occurs
8B_MOD10_disp32_SIB@0x00514DE2,0x00514DE2,"MOV ESI,[ESP+ESP*1+0x84]",ESP (boundary-verified),read,unknown,NOT_A_WRITE,REJECTED_READ_NOT_WRITE,read/CMP form with displacement 0x84; no memory write occurs
C7_MOD10_SIB@0x00514E55,0x00514E55,"MOV [ESP+ESP*1+0x84],0x0",ESP (boundary-verified),imm32=0x0,unknown,UNRESOLVED,REJECTED_WRONG_OBJECT,stack-relative slot; the factory object is heap-allocated (new 0x118 @0x0073E2CC lazy-init); a stack slot cannot be the factory's +0x84 member
8D_MOD10_disp32_SIB@0x005159B3,0x005159B3,"LEA EAX,[ESP+ESP*1+0x84]",ESP (boundary-verified),read,unknown,UNRESOLVED,REJECTED_WRONG_OBJECT,stack-relative slot; the factory object is heap-allocated (new 0x118 @0x0073E2CC lazy-init); a stack slot cannot be the factory's +0x84 member
89_MOD10_disp32@0x00515FD9,0x00515FD9,"MOV [ECX+0x84],EAX",ECX (boundary-verified),EAX,entry~0x00515F80,UNRESOLVED,UNRESOLVED,boundary-verified non-stack dword write to [reg+0x84]; base-register identity not resolved to any factory object within the window-level provenance bound; not established as a factory+0x84 write (no claim made)
89_MOD10_disp32_SIB@0x00516136,0x00516136,"MOV [ESP+ESP*1+0x84],EBX",ESP (boundary-verified),EBX,entry~0x005160F0,UNRESOLVED,REJECTED_WRONG_OBJECT,stack-relative slot; the factory object is heap-allocated (new 0x118 @0x0073E2CC lazy-init); a stack slot cannot be the factory's +0x84 member
C6_MOD10_SIB_BYTE@0x0051614E,0x0051614E,"MOV BYTE [...+0x84],imm8",ESP (boundary-verified),imm8=0x01,entry~0x005160F0,UNRESOLVED,REJECTED_UNRELATED_OFFSET,partial-width (byte/word) store at +0x84; cannot fully assign the dword pointer member at factory+0x84 (dword member per the base ctor store @0x0070D013 and the setter store @0x0070C71E)
C6_MOD10_SIB_BYTE@0x00516167,0x00516167,"MOV BYTE [...+0x84],imm8",ESP (boundary-verified),imm8=0x02,entry~0x005160F0,UNRESOLVED,REJECTED_UNRELATED_OFFSET,partial-width (byte/word) store at +0x84; cannot fully assign the dword pointer member at factory+0x84 (dword member per the base ctor store @0x0070D013 and the setter store @0x0070C71E)
C6_MOD10_SIB_BYTE@0x00516180,0x00516180,"MOV BYTE [...+0x84],imm8",ESP (boundary-verified),imm8=0x03,entry~0x005160F0,UNRESOLVED,REJECTED_UNRELATED_OFFSET,partial-width (byte/word) store at +0x84; cannot fully assign the dword pointer member at factory+0x84 (dword member per the base ctor store @0x0070D013 and the setter store @0x0070C71E)
C6_MOD10_SIB_BYTE@0x00516199,0x00516199,"MOV BYTE [...+0x84],imm8",ESP (boundary-verified),imm8=0x04,entry~0x005160F0,UNRESOLVED,REJECTED_UNRELATED_OFFSET,partial-width (byte/word) store at +0x84; cannot fully assign the dword pointer member at factory+0x84 (dword member per the base ctor store @0x0070D013 and the setter store @0x0070C71E)
C6_MOD10_SIB_BYTE@0x005161B2,0x005161B2,"MOV BYTE [...+0x84],imm8",ESP (boundary-verified),imm8=0x05,entry~0x005160F0,UNRESOLVED,REJECTED_UNRELATED_OFFSET,partial-width (byte/word) store at +0x84; cannot fully assign the dword pointer member at factory+0x84 (dword member per the base ctor store @0x0070D013 and the setter store @0x0070C71E)
C6_MOD10_SIB_BYTE@0x005161CB,0x005161CB,"MOV BYTE [...+0x84],imm8",ESP (boundary-verified),imm8=0x06,entry~0x005160F0,UNRESOLVED,REJECTED_UNRELATED_OFFSET,partial-width (byte/word) store at +0x84; cannot fully assign the dword pointer member at factory+0x84 (dword member per the base ctor store @0x0070D013 and the setter store @0x0070C71E)
C6_MOD10_SIB_BYTE@0x005161E4,0x005161E4,"MOV BYTE [...+0x84],imm8",ESP (boundary-verified),imm8=0x07,entry~0x005160F0,UNRESOLVED,REJECTED_UNRELATED_OFFSET,partial-width (byte/word) store at +0x84; cannot fully assign the dword pointer member at factory+0x84 (dword member per the base ctor store @0x0070D013 and the setter store @0x0070C71E)
C6_MOD10_SIB_BYTE@0x005161FD,0x005161FD,"MOV BYTE [...+0x84],imm8",ESP (boundary-verified),imm8=0x08,entry~0x005160F0,UNRESOLVED,REJECTED_UNRELATED_OFFSET,partial-width (byte/word) store at +0x84; cannot fully assign the dword pointer member at factory+0x84 (dword member per the base ctor store @0x0070D013 and the setter store @0x0070C71E)
C6_MOD10_SIB_BYTE@0x00516216,0x00516216,"MOV BYTE [...+0x84],imm8",ESP (boundary-verified),imm8=0x09,entry~0x005160F0,UNRESOLVED,REJECTED_UNRELATED_OFFSET,partial-width (byte/word) store at +0x84; cannot fully assign the dword pointer member at factory+0x84 (dword member per the base ctor store @0x0070D013 and the setter store @0x0070C71E)
C6_MOD10_SIB_BYTE@0x00516248,0x00516248,"MOV BYTE [...+0x84],imm8",ESP (boundary-verified),imm8=0x0B,entry~0x005160F0,UNRESOLVED,REJECTED_UNRELATED_OFFSET,partial-width (byte/word) store at +0x84; cannot fully assign the dword pointer member at factory+0x84 (dword member per the base ctor store @0x0070D013 and the setter store @0x0070C71E)
C6_MOD10_SIB_BYTE@0x00516261,0x00516261,"MOV BYTE [...+0x84],imm8",ESP (boundary-verified),imm8=0x0C,entry~0x005160F0,UNRESOLVED,REJECTED_UNRELATED_OFFSET,partial-width (byte/word) store at +0x84; cannot fully assign the dword pointer member at factory+0x84 (dword member per the base ctor store @0x0070D013 and the setter store @0x0070C71E)
C6_MOD10_SIB_BYTE@0x0051627A,0x0051627A,"MOV BYTE [...+0x84],imm8",ESP (boundary-verified),imm8=0x0D,entry~0x005160F0,UNRESOLVED,REJECTED_UNRELATED_OFFSET,partial-width (byte/word) store at +0x84; cannot fully assign the dword pointer member at factory+0x84 (dword member per the base ctor store @0x0070D013 and the setter store @0x0070C71E)
89_MOD10_disp32_SIB@0x0051653A,0x0051653A,"MOV [ESP+ESP*1+0x84],EBX",ESP (boundary-verified),EBX,entry~0x005160F0,UNRESOLVED,REJECTED_WRONG_OBJECT,stack-relative slot; the factory object is heap-allocated (new 0x118 @0x0073E2CC lazy-init); a stack slot cannot be the factory's +0x84 member
89_MOD10_disp32_SIB@0x0051661D,0x0051661D,"MOV [ESP+ESP*1+0x84],EBX",ESP (boundary-verified),EBX,entry~0x005160F0,UNRESOLVED,REJECTED_WRONG_OBJECT,stack-relative slot; the factory object is heap-allocated (new 0x118 @0x0073E2CC lazy-init); a stack slot cannot be the factory's +0x84 member
89_MOD10_disp32_SIB@0x005166EF,0x005166EF,"MOV [ESP+ESP*1+0x84],EBX",ESP (boundary-verified),EBX,entry~0x005160F0,UNRESOLVED,REJECTED_WRONG_OBJECT,stack-relative slot; the factory object is heap-allocated (new 0x118 @0x0073E2CC lazy-init); a stack slot cannot be the factory's +0x84 member
89_MOD10_disp32_SIB@0x005167C7,0x005167C7,"MOV [ESP+ESP*1+0x84],EBX",ESP (boundary-verified),EBX,unknown,UNRESOLVED,REJECTED_WRONG_OBJECT,stack-relative slot; the factory object is heap-allocated (new 0x118 @0x0073E2CC lazy-init); a stack slot cannot be the factory's +0x84 member
89_MOD10_disp32@0x0051862E,0x0051862E,"MOV [ESI+0x84],EAX",ESI (boundary-verified),EAX,entry~0x00518230,UNRESOLVED,UNRESOLVED,boundary-verified non-stack dword write to [reg+0x84]; base-register identity not resolved to any factory object within the window-level provenance bound; not established as a factory+0x84 write (no claim made)
8B_MOD10_disp32@0x0051866F,0x0051866F,"MOV EAX,[ESI+0x84]",ESI (boundary-verified),read,entry~0x00518230,NOT_A_WRITE,REJECTED_READ_NOT_WRITE,read/CMP form with displacement 0x84; no memory write occurs
8B_MOD10_disp32@0x0051867C,0x0051867C,"MOV ECX,[ESI+0x84]",ESI (boundary-verified),read,entry~0x00518230,NOT_A_WRITE,REJECTED_READ_NOT_WRITE,read/CMP form with displacement 0x84; no memory write occurs
8D_MOD10_disp32_SIB@0x005186EC,0x005186EC,"LEA ECX,[ESP+ESP*1+0x84]",ESP (boundary-verified),read,entry~0x00518230,UNRESOLVED,REJECTED_WRONG_OBJECT,stack-relative slot; the factory object is heap-allocated (new 0x118 @0x0073E2CC lazy-init); a stack slot cannot be the factory's +0x84 member
8B_MOD10_disp32@0x00518727,0x00518727,"MOV ECX,[ESI+0x84]",ESI (boundary-verified),read,entry~0x00518230,NOT_A_WRITE,REJECTED_READ_NOT_WRITE,read/CMP form with displacement 0x84; no memory write occurs
8D_MOD10_disp32_SIB@0x00519137,0x00519137,"LEA ECX,[ESP+ESP*1+0x84]",ESP (boundary-verified),read,unknown,UNRESOLVED,REJECTED_WRONG_OBJECT,stack-relative slot; the factory object is heap-allocated (new 0x118 @0x0073E2CC lazy-init); a stack slot cannot be the factory's +0x84 member
8D_MOD10_disp32_SIB@0x00519235,0x00519235,"LEA ECX,[ESP+ESP*1+0x84]",ESP (boundary-verified),read,unknown,UNRESOLVED,REJECTED_WRONG_OBJECT,stack-relative slot; the factory object is heap-allocated (new 0x118 @0x0073E2CC lazy-init); a stack slot cannot be the factory's +0x84 member
8D_MOD10_disp32_SIB@0x005198B3,0x005198B3,"LEA ECX,[ESP+ESP*1+0x84]",ESP (boundary-verified),read,entry~0x005194F0,UNRESOLVED,REJECTED_WRONG_OBJECT,stack-relative slot; the factory object is heap-allocated (new 0x118 @0x0073E2CC lazy-init); a stack slot cannot be the factory's +0x84 member
8D_MOD10_disp32_SIB@0x00519B27,0x00519B27,"LEA ECX,[ESP+ESP*1+0x84]",ESP (boundary-verified),read,unknown,UNRESOLVED,REJECTED_WRONG_OBJECT,stack-relative slot; the factory object is heap-allocated (new 0x118 @0x0073E2CC lazy-init); a stack slot cannot be the factory's +0x84 member
8D_MOD10_disp32_SIB@0x00519CD9,0x00519CD9,"LEA ECX,[ESP+ESP*1+0x84]",ESP (boundary-verified),read,unknown,UNRESOLVED,REJECTED_WRONG_OBJECT,stack-relative slot; the factory object is heap-allocated (new 0x118 @0x0073E2CC lazy-init); a stack slot cannot be the factory's +0x84 member
8D_MOD10_disp32_SIB@0x00519E8B,0x00519E8B,"LEA ECX,[ESP+ESP*1+0x84]",ESP (boundary-verified),read,unknown,UNRESOLVED,REJECTED_WRONG_OBJECT,stack-relative slot; the factory object is heap-allocated (new 0x118 @0x0073E2CC lazy-init); a stack slot cannot be the factory's +0x84 member
8D_MOD10_disp32_SIB@0x0051A03D,0x0051A03D,"LEA ECX,[ESP+ESP*1+0x84]",ESP (boundary-verified),read,unknown,UNRESOLVED,REJECTED_WRONG_OBJECT,stack-relative slot; the factory object is heap-allocated (new 0x118 @0x0073E2CC lazy-init); a stack slot cannot be the factory's +0x84 member
8D_MOD10_disp32_SIB@0x0051A1F7,0x0051A1F7,"LEA ECX,[ESP+ESP*1+0x84]",ESP (boundary-verified),read,unknown,UNRESOLVED,REJECTED_WRONG_OBJECT,stack-relative slot; the factory object is heap-allocated (new 0x118 @0x0073E2CC lazy-init); a stack slot cannot be the factory's +0x84 member
8D_MOD10_disp32_SIB@0x0051A2E9,0x0051A2E9,"LEA ECX,[ESP+ESP*1+0x84]",ESP (boundary-verified),read,unknown,UNRESOLVED,REJECTED_WRONG_OBJECT,stack-relative slot; the factory object is heap-allocated (new 0x118 @0x0073E2CC lazy-init); a stack slot cannot be the factory's +0x84 member
8D_MOD10_disp32_SIB@0x0051A3E3,0x0051A3E3,"LEA ECX,[ESP+ESP*1+0x84]",ESP (boundary-verified),read,unknown,UNRESOLVED,REJECTED_WRONG_OBJECT,stack-relative slot; the factory object is heap-allocated (new 0x118 @0x0073E2CC lazy-init); a stack slot cannot be the factory's +0x84 member
8D_MOD10_disp32_SIB@0x0051C113,0x0051C113,"LEA ECX,[ESP+ESP*1+0x84]",ESP (boundary-verified),read,entry~0x0051BFB0,UNRESOLVED,REJECTED_WRONG_OBJECT,stack-relative slot; the factory object is heap-allocated (new 0x118 @0x0073E2CC lazy-init); a stack slot cannot be the factory's +0x84 member
8D_MOD10_disp32_SIB@0x0051C450,0x0051C450,"LEA ECX,[ESP+ESP*1+0x84]",ESP (boundary-verified),read,entry~0x0051BFB0,UNRESOLVED,REJECTED_WRONG_OBJECT,stack-relative slot; the factory object is heap-allocated (new 0x118 @0x0073E2CC lazy-init); a stack slot cannot be the factory's +0x84 member
C6_MOD10_SIB_BYTE@0x0051C7D2,0x0051C7D2,"MOV BYTE [...+0x84],imm8",ESP (boundary-verified),imm8=0x03,entry~0x0051C6E0,UNRESOLVED,REJECTED_UNRELATED_OFFSET,partial-width (byte/word) store at +0x84; cannot fully assign the dword pointer member at factory+0x84 (dword member per the base ctor store @0x0070D013 and the setter store @0x0070C71E)
C6_MOD10_SIB_BYTE@0x0051C88F,0x0051C88F,"MOV BYTE [...+0x84],imm8",ESP (boundary-verified),imm8=0x07,entry~0x0051C6E0,UNRESOLVED,REJECTED_UNRELATED_OFFSET,partial-width (byte/word) store at +0x84; cannot fully assign the dword pointer member at factory+0x84 (dword member per the base ctor store @0x0070D013 and the setter store @0x0070C71E)
C6_MOD10_SIB_BYTE@0x0051C94C,0x0051C94C,"MOV BYTE [...+0x84],imm8",ESP (boundary-verified),imm8=0x0B,entry~0x0051C6E0,UNRESOLVED,REJECTED_UNRELATED_OFFSET,partial-width (byte/word) store at +0x84; cannot fully assign the dword pointer member at factory+0x84 (dword member per the base ctor store @0x0070D013 and the setter store @0x0070C71E)
C6_MOD10_SIB_BYTE@0x0051CA09,0x0051CA09,"MOV BYTE [...+0x84],imm8",ESP (boundary-verified),imm8=0x0F,entry~0x0051C6E0,UNRESOLVED,REJECTED_UNRELATED_OFFSET,partial-width (byte/word) store at +0x84; cannot fully assign the dword pointer member at factory+0x84 (dword member per the base ctor store @0x0070D013 and the setter store @0x0070C71E)
8D_MOD10_disp32_SIB@0x0051CE68,0x0051CE68,"LEA ECX,[ESP+ESP*1+0x84]",ESP (boundary-verified),read,entry~0x0051CC70,UNRESOLVED,REJECTED_WRONG_OBJECT,stack-relative slot; the factory object is heap-allocated (new 0x118 @0x0073E2CC lazy-init); a stack slot cannot be the factory's +0x84 member
C6_MOD10_SIB_BYTE@0x0051DA06,0x0051DA06,"MOV BYTE [...+0x84],imm8",ESP (boundary-verified),imm8=0x01,entry~0x0051D960,UNRESOLVED,REJECTED_UNRELATED_OFFSET,partial-width (byte/word) store at +0x84; cannot fully assign the dword pointer member at factory+0x84 (dword member per the base ctor store @0x0070D013 and the setter store @0x0070C71E)
C6_MOD10_SIB_BYTE@0x0051DB0A,0x0051DB0A,"MOV BYTE [...+0x84],imm8",ESP (boundary-verified),imm8=0x05,entry~0x0051D960,UNRESOLVED,REJECTED_UNRELATED_OFFSET,partial-width (byte/word) store at +0x84; cannot fully assign the dword pointer member at factory+0x84 (dword member per the base ctor store @0x0070D013 and the setter store @0x0070C71E)
8D_MOD10_disp32_SIB@0x0051FB5C,0x0051FB5C,"LEA ECX,[ESP+ESP*1+0x84]",ESP (boundary-verified),read,entry~0x0051F900,UNRESOLVED,REJECTED_WRONG_OBJECT,stack-relative slot; the factory object is heap-allocated (new 0x118 @0x0073E2CC lazy-init); a stack slot cannot be the factory's +0x84 member
8D_MOD10_disp32_SIB@0x005200DE,0x005200DE,"LEA EDX,[ESP+ESP*1+0x84]",ESP (boundary-verified),read,entry~0x0051FCF0,UNRESOLVED,REJECTED_WRONG_OBJECT,stack-relative slot; the factory object is heap-allocated (new 0x118 @0x0073E2CC lazy-init); a stack slot cannot be the factory's +0x84 member
C7_MOD10_SIB@0x005204F1,0x005204F1,"MOV [ESP+ESP*1+0x84],0x0",ESP (boundary-verified),imm32=0x0,entry~0x00520490,UNRESOLVED,REJECTED_WRONG_OBJECT,stack-relative slot; the factory object is heap-allocated (new 0x118 @0x0073E2CC lazy-init); a stack slot cannot be the factory's +0x84 member
89_MOD10_disp32_SIB@0x0052051E,0x0052051E,"MOV [ESP+ESP*1+0x84],EDI",ESP (boundary-verified),EDI,entry~0x00520490,UNRESOLVED,REJECTED_WRONG_OBJECT,stack-relative slot; the factory object is heap-allocated (new 0x118 @0x0073E2CC lazy-init); a stack slot cannot be the factory's +0x84 member
C6_MOD10_SIB_BYTE@0x005205AF,0x005205AF,"MOV BYTE [...+0x84],imm8",ESP (boundary-verified),imm8=0x03,entry~0x00520490,UNRESOLVED,REJECTED_UNRELATED_OFFSET,partial-width (byte/word) store at +0x84; cannot fully assign the dword pointer member at factory+0x84 (dword member per the base ctor store @0x0070D013 and the setter store @0x0070C71E)
89_MOD10_disp32_SIB@0x005205DC,0x005205DC,"MOV [ESP+ESP*1+0x84],EDI",ESP (boundary-verified),EDI,entry~0x00520490,UNRESOLVED,REJECTED_WRONG_OBJECT,stack-relative slot; the factory object is heap-allocated (new 0x118 @0x0073E2CC lazy-init); a stack slot cannot be the factory's +0x84 member
8D_MOD10_disp32_SIB@0x00520A91,0x00520A91,"LEA EAX,[ESP+ESP*1+0x84]",ESP (boundary-verified),read,entry~0x00520A60,UNRESOLVED,REJECTED_WRONG_OBJECT,stack-relative slot; the factory object is heap-allocated (new 0x118 @0x0073E2CC lazy-init); a stack slot cannot be the factory's +0x84 member
8D_MOD10_disp32_SIB@0x00522101,0x00522101,"LEA EAX,[ESP+ESP*1+0x84]",ESP (boundary-verified),read,entry~0x005220D0,UNRESOLVED,REJECTED_WRONG_OBJECT,stack-relative slot; the factory object is heap-allocated (new 0x118 @0x0073E2CC lazy-init); a stack slot cannot be the factory's +0x84 member
8D_MOD10_disp32_SIB@0x005221E6,0x005221E6,"LEA ECX,[ESP+ESP*1+0x84]",ESP (boundary-verified),read,entry~0x005221B0,UNRESOLVED,REJECTED_WRONG_OBJECT,stack-relative slot; the factory object is heap-allocated (new 0x118 @0x0073E2CC lazy-init); a stack slot cannot be the factory's +0x84 member
8D_MOD10_disp32_SIB@0x005222D6,0x005222D6,"LEA ECX,[ESP+ESP*1+0x84]",ESP (boundary-verified),read,entry~0x005222A0,UNRESOLVED,REJECTED_WRONG_OBJECT,stack-relative slot; the factory object is heap-allocated (new 0x118 @0x0073E2CC lazy-init); a stack slot cannot be the factory's +0x84 member
89_MOD10_disp32_SIB@0x00522BA8,0x00522BA8,"MOV [ESP+ESP*1+0x84],EBX",ESP (boundary-verified),EBX,entry~0x00522990,UNRESOLVED,REJECTED_WRONG_OBJECT,stack-relative slot; the factory object is heap-allocated (new 0x118 @0x0073E2CC lazy-init); a stack slot cannot be the factory's +0x84 member
C7_MOD10_SIB@0x00522BC0,0x00522BC0,"MOV [ESP+ESP*1+0x84],0xFFFFFFFF",ESP (boundary-verified),imm32=0xFFFFFFFF,entry~0x00522990,UNRESOLVED,REJECTED_WRONG_OBJECT,stack-relative slot; the factory object is heap-allocated (new 0x118 @0x0073E2CC lazy-init); a stack slot cannot be the factory's +0x84 member
89_MOD10_disp32_SIB@0x00522C64,0x00522C64,"MOV [ESP+ESP*1+0x84],EAX",ESP (boundary-verified),EAX,entry~0x00522990,UNRESOLVED,REJECTED_WRONG_OBJECT,stack-relative slot; the factory object is heap-allocated (new 0x118 @0x0073E2CC lazy-init); a stack slot cannot be the factory's +0x84 member
C7_MOD10_SIB@0x00522CBD,0x00522CBD,"MOV [ESP+ESP*1+0x84],0xFFFFFFFF",ESP (boundary-verified),imm32=0xFFFFFFFF,entry~0x00522990,UNRESOLVED,REJECTED_WRONG_OBJECT,stack-relative slot; the factory object is heap-allocated (new 0x118 @0x0073E2CC lazy-init); a stack slot cannot be the factory's +0x84 member
C6_MOD10_SIB_BYTE@0x00522D72,0x00522D72,"MOV BYTE [...+0x84],imm8",ESP (boundary-verified),imm8=0x02,entry~0x00522990,UNRESOLVED,REJECTED_UNRELATED_OFFSET,partial-width (byte/word) store at +0x84; cannot fully assign the dword pointer member at factory+0x84 (dword member per the base ctor store @0x0070D013 and the setter store @0x0070C71E)
C6_MOD10_SIB_BYTE@0x00522E1C,0x00522E1C,"MOV BYTE [...+0x84],imm8",ESP (boundary-verified),imm8=0x06,entry~0x00522990,UNRESOLVED,REJECTED_UNRELATED_OFFSET,partial-width (byte/word) store at +0x84; cannot fully assign the dword pointer member at factory+0x84 (dword member per the base ctor store @0x0070D013 and the setter store @0x0070C71E)
C6_MOD10_SIB_BYTE@0x00522E93,0x00522E93,"MOV BYTE [...+0x84],imm8",ESP (boundary-verified),imm8=0x05,entry~0x00522990,UNRESOLVED,REJECTED_UNRELATED_OFFSET,partial-width (byte/word) store at +0x84; cannot fully assign the dword pointer member at factory+0x84 (dword member per the base ctor store @0x0070D013 and the setter store @0x0070C71E)
C6_MOD10_SIB_BYTE@0x00522EEF,0x00522EEF,"MOV BYTE [...+0x84],imm8",ESP (boundary-verified),imm8=0x05,entry~0x00522990,UNRESOLVED,REJECTED_UNRELATED_OFFSET,partial-width (byte/word) store at +0x84; cannot fully assign the dword pointer member at factory+0x84 (dword member per the base ctor store @0x0070D013 and the setter store @0x0070C71E)
C6_MOD10_SIB_BYTE@0x00522F9B,0x00522F9B,"MOV BYTE [...+0x84],imm8",ESP (boundary-verified),imm8=0x04,unknown,UNRESOLVED,REJECTED_UNRELATED_OFFSET,partial-width (byte/word) store at +0x84; cannot fully assign the dword pointer member at factory+0x84 (dword member per the base ctor store @0x0070D013 and the setter store @0x0070C71E)
C6_MOD10_SIB_BYTE@0x00522FAE,0x00522FAE,"MOV BYTE [...+0x84],imm8",ESP (boundary-verified),imm8=0x02,unknown,UNRESOLVED,REJECTED_UNRELATED_OFFSET,partial-width (byte/word) store at +0x84; cannot fully assign the dword pointer member at factory+0x84 (dword member per the base ctor store @0x0070D013 and the setter store @0x0070C71E)
C7_MOD10_SIB@0x00522FD7,0x00522FD7,"MOV [ESP+ESP*1+0x84],0xFFFFFFFF",ESP (boundary-verified),imm32=0xFFFFFFFF,unknown,UNRESOLVED,REJECTED_WRONG_OBJECT,stack-relative slot; the factory object is heap-allocated (new 0x118 @0x0073E2CC lazy-init); a stack slot cannot be the factory's +0x84 member
89_MOD10_disp32_SIB@0x00523402,0x00523402,"MOV [ESP+ESP*1+0x84],EDX",ESP (boundary-verified),EDX,entry~0x00523000,UNRESOLVED,REJECTED_WRONG_OBJECT,stack-relative slot; the factory object is heap-allocated (new 0x118 @0x0073E2CC lazy-init); a stack slot cannot be the factory's +0x84 member
8D_MOD10_disp32_SIB@0x00523B45,0x00523B45,"LEA EDX,[ESP+ESP*1+0x84]",ESP (boundary-verified),read,entry~0x00523AE0,UNRESOLVED,REJECTED_WRONG_OBJECT,stack-relative slot; the factory object is heap-allocated (new 0x118 @0x0073E2CC lazy-init); a stack slot cannot be the factory's +0x84 member
8B_MOD10_disp32_SIB@0x00523F39,0x00523F39,"MOV EAX,[ESP+ESP*1+0x84]",ESP (boundary-verified),read,entry~0x00523F10,NOT_A_WRITE,REJECTED_READ_NOT_WRITE,read/CMP form with displacement 0x84; no memory write occurs
8D_MOD10_disp32@0x005244EB,0x005244EB,"LEA ECX,[ESI+0x84]",ESI (boundary-verified),read,entry~0x005244B0,UNRESOLVED,UNRESOLVED,"LEA reg,[reg+0x84]; no store-through-reg linked within the bounded window; wrapper-setter form not confirmed"
8D_MOD10_disp32@0x005245F0,0x005245F0,"LEA EAX,[ESI+0x84]",ESI (boundary-verified),read,entry~0x00524520,UNRESOLVED,UNRESOLVED,"LEA reg,[reg+0x84]; no store-through-reg linked within the bounded window; wrapper-setter form not confirmed"
8D_MOD10_disp32@0x00524B61,0x00524B61,"LEA ECX,[EBP+0x84]",EBP (boundary-verified),read,entry~0x005249E0,UNRESOLVED,REJECTED_WRONG_OBJECT,stack-relative slot; the factory object is heap-allocated (new 0x118 @0x0073E2CC lazy-init); a stack slot cannot be the factory's +0x84 member
8D_MOD10_disp32@0x00524B83,0x00524B83,"LEA EAX,[EBP+0x84]",EBP (boundary-verified),read,entry~0x005249E0,UNRESOLVED,REJECTED_WRONG_OBJECT,stack-relative slot; the factory object is heap-allocated (new 0x118 @0x0073E2CC lazy-init); a stack slot cannot be the factory's +0x84 member
8D_MOD10_disp32@0x00524D03,0x00524D03,"LEA ESI,[EBP+0x84]",EBP (boundary-verified),read,entry~0x005249E0,UNRESOLVED,REJECTED_WRONG_OBJECT,stack-relative slot; the factory object is heap-allocated (new 0x118 @0x0073E2CC lazy-init); a stack slot cannot be the factory's +0x84 member
8D_MOD10_disp32@0x00525682,0x00525682,"LEA ECX,[EDX+0x84]",EDX (boundary-verified),read,unknown,UNRESOLVED,UNRESOLVED,"LEA reg,[reg+0x84]; no store-through-reg linked within the bounded window; wrapper-setter form not confirmed"
8D_MOD10_disp32@0x005256A3,0x005256A3,"LEA EAX,[EDX+0x84]",EDX (boundary-verified),read,unknown,UNRESOLVED,UNRESOLVED,"LEA reg,[reg+0x84]; no store-through-reg linked within the bounded window; wrapper-setter form not confirmed"
8D_MOD10_disp32@0x0052586D,0x0052586D,"LEA EDI,[EBX+0x84]",EBX (boundary-verified),read,unknown,UNRESOLVED,UNRESOLVED,"LEA reg,[reg+0x84]; no store-through-reg linked within the bounded window; wrapper-setter form not confirmed"
8D_MOD10_disp32_SIB@0x00527CCD,0x00527CCD,"LEA ECX,[ESP+ESP*1+0x84]",ESP (boundary-verified),read,entry~0x00527C00,UNRESOLVED,REJECTED_WRONG_OBJECT,stack-relative slot; the factory object is heap-allocated (new 0x118 @0x0073E2CC lazy-init); a stack slot cannot be the factory's +0x84 member
8D_MOD10_disp32_SIB@0x00527CE1,0x00527CE1,"LEA ECX,[ESP+ESP*1+0x84]",ESP (boundary-verified),read,entry~0x00527C00,UNRESOLVED,REJECTED_WRONG_OBJECT,stack-relative slot; the factory object is heap-allocated (new 0x118 @0x0073E2CC lazy-init); a stack slot cannot be the factory's +0x84 member
8D_MOD10_disp32_SIB@0x00527E6A,0x00527E6A,"LEA ECX,[ESP+ESP*1+0x84]",ESP (boundary-verified),read,entry~0x00527C00,UNRESOLVED,REJECTED_WRONG_OBJECT,stack-relative slot; the factory object is heap-allocated (new 0x118 @0x0073E2CC lazy-init); a stack slot cannot be the factory's +0x84 member
8D_MOD10_disp32_SIB@0x0052D31B,0x0052D31B,"LEA ECX,[ESP+ESP*1+0x84]",ESP (boundary-verified),read,entry~0x0052D080,UNRESOLVED,REJECTED_WRONG_OBJECT,stack-relative slot; the factory object is heap-allocated (new 0x118 @0x0073E2CC lazy-init); a stack slot cannot be the factory's +0x84 member
8B_MOD10_disp32_SIB@0x0052D452,0x0052D452,"MOV EAX,[ESP+ESP*1+0x84]",ESP (boundary-verified),read,entry~0x0052D420,NOT_A_WRITE,REJECTED_READ_NOT_WRITE,read/CMP form with displacement 0x84; no memory write occurs
8B_MOD10_disp32_SIB@0x0052D46F,0x0052D46F,"MOV ECX,[ESP+ESP*1+0x84]",ESP (boundary-verified),read,entry~0x0052D420,NOT_A_WRITE,REJECTED_READ_NOT_WRITE,read/CMP form with displacement 0x84; no memory write occurs
8D_MOD10_disp32_SIB@0x00530C5D,0x00530C5D,"LEA ECX,[ESP+ESP*1+0x84]",ESP (boundary-verified),read,unknown,UNRESOLVED,REJECTED_WRONG_OBJECT,stack-relative slot; the factory object is heap-allocated (new 0x118 @0x0073E2CC lazy-init); a stack slot cannot be the factory's +0x84 member
8D_MOD10_disp32_SIB@0x00530D33,0x00530D33,"LEA ECX,[ESP+ESP*1+0x84]",ESP (boundary-verified),read,unknown,UNRESOLVED,REJECTED_WRONG_OBJECT,stack-relative slot; the factory object is heap-allocated (new 0x118 @0x0073E2CC lazy-init); a stack slot cannot be the factory's +0x84 member
89_MOD10_disp32@0x0053B6D8,0x0053B6D8,"MOV [ESI+0x84],EBX",ESI (boundary-verified),EBX,entry~0x0053B660,UNRESOLVED,UNRESOLVED,boundary-verified non-stack dword write to [reg+0x84]; base-register identity not resolved to any factory object within the window-level provenance bound; not established as a factory+0x84 write (no claim made)
8D_MOD10_disp32_SIB@0x0053D4D3,0x0053D4D3,"LEA EDX,[ESP+ESP*1+0x84]",ESP (boundary-verified),read,entry~0x0053D080,UNRESOLVED,REJECTED_WRONG_OBJECT,stack-relative slot; the factory object is heap-allocated (new 0x118 @0x0073E2CC lazy-init); a stack slot cannot be the factory's +0x84 member
8D_MOD10_disp32_SIB@0x0053D50D,0x0053D50D,"LEA ECX,[ESP+ESP*1+0x84]",ESP (boundary-verified),read,entry~0x0053D080,UNRESOLVED,REJECTED_WRONG_OBJECT,stack-relative slot; the factory object is heap-allocated (new 0x118 @0x0073E2CC lazy-init); a stack slot cannot be the factory's +0x84 member
8D_MOD10_disp32_SIB@0x0053D607,0x0053D607,"LEA EAX,[ESP+ESP*1+0x84]",ESP (boundary-verified),read,entry~0x0053D080,UNRESOLVED,REJECTED_WRONG_OBJECT,stack-relative slot; the factory object is heap-allocated (new 0x118 @0x0073E2CC lazy-init); a stack slot cannot be the factory's +0x84 member
8D_MOD10_disp32_SIB@0x0053D641,0x0053D641,"LEA ECX,[ESP+ESP*1+0x84]",ESP (boundary-verified),read,entry~0x0053D080,UNRESOLVED,REJECTED_WRONG_OBJECT,stack-relative slot; the factory object is heap-allocated (new 0x118 @0x0073E2CC lazy-init); a stack slot cannot be the factory's +0x84 member
8D_MOD10_disp32_SIB@0x0053D716,0x0053D716,"LEA ECX,[ESP+ESP*1+0x84]",ESP (boundary-verified),read,unknown,UNRESOLVED,REJECTED_WRONG_OBJECT,stack-relative slot; the factory object is heap-allocated (new 0x118 @0x0073E2CC lazy-init); a stack slot cannot be the factory's +0x84 member
8D_MOD10_disp32_SIB@0x0053DA94,0x0053DA94,"LEA EAX,[ESP+ESP*1+0x84]",ESP (boundary-verified),read,entry~0x0053DA10,UNRESOLVED,REJECTED_WRONG_OBJECT,stack-relative slot; the factory object is heap-allocated (new 0x118 @0x0073E2CC lazy-init); a stack slot cannot be the factory's +0x84 member
89_MOD10_disp32@0x0053E40D,0x0053E40D,"MOV [ESI+0x84],EAX",ESI (boundary-verified),EAX,unknown,UNRESOLVED,UNRESOLVED,boundary-verified non-stack dword write to [reg+0x84]; base-register identity not resolved to any factory object within the window-level provenance bound; not established as a factory+0x84 write (no claim made)
8B_MOD10_disp32@0x0053E457,0x0053E457,"MOV EAX,[ESI+0x84]",ESI (boundary-verified),read,unknown,NOT_A_WRITE,REJECTED_READ_NOT_WRITE,read/CMP form with displacement 0x84; no memory write occurs
8B_MOD10_disp32@0x0053E464,0x0053E464,"MOV ECX,[ESI+0x84]",ESI (boundary-verified),read,unknown,NOT_A_WRITE,REJECTED_READ_NOT_WRITE,read/CMP form with displacement 0x84; no memory write occurs
8D_MOD10_disp32_SIB@0x0053E7B5,0x0053E7B5,"LEA ECX,[ESP+ESP*1+0x84]",ESP (boundary-verified),read,unknown,UNRESOLVED,REJECTED_WRONG_OBJECT,stack-relative slot; the factory object is heap-allocated (new 0x118 @0x0073E2CC lazy-init); a stack slot cannot be the factory's +0x84 member
8D_MOD10_disp32_SIB@0x0053EB1D,0x0053EB1D,"LEA ECX,[ESP+ESP*1+0x84]",ESP (boundary-verified),read,unknown,UNRESOLVED,REJECTED_WRONG_OBJECT,stack-relative slot; the factory object is heap-allocated (new 0x118 @0x0073E2CC lazy-init); a stack slot cannot be the factory's +0x84 member
8D_MOD10_disp32_SIB@0x0053EC11,0x0053EC11,"LEA ECX,[ESP+ESP*1+0x84]",ESP (boundary-verified),read,unknown,UNRESOLVED,REJECTED_WRONG_OBJECT,stack-relative slot; the factory object is heap-allocated (new 0x118 @0x0073E2CC lazy-init); a stack slot cannot be the factory's +0x84 member
8D_MOD10_disp32_SIB@0x0053ED45,0x0053ED45,"LEA ECX,[ESP+ESP*1+0x84]",ESP (boundary-verified),read,unknown,UNRESOLVED,REJECTED_WRONG_OBJECT,stack-relative slot; the factory object is heap-allocated (new 0x118 @0x0073E2CC lazy-init); a stack slot cannot be the factory's +0x84 member
C6_MOD10_SIB_BYTE@0x0053FA12,0x0053FA12,"MOV BYTE [...+0x84],imm8",ESP (boundary-verified),imm8=0x04,entry~0x0053F960,UNRESOLVED,REJECTED_UNRELATED_OFFSET,partial-width (byte/word) store at +0x84; cannot fully assign the dword pointer member at factory+0x84 (dword member per the base ctor store @0x0070D013 and the setter store @0x0070C71E)
C6_MOD10_SIB_BYTE@0x0053FAC8,0x0053FAC8,"MOV BYTE [...+0x84],imm8",ESP (boundary-verified),imm8=0x09,entry~0x0053F960,UNRESOLVED,REJECTED_UNRELATED_OFFSET,partial-width (byte/word) store at +0x84; cannot fully assign the dword pointer member at factory+0x84 (dword member per the base ctor store @0x0070D013 and the setter store @0x0070C71E)
8D_MOD10_disp32_SIB@0x0053FCAB,0x0053FCAB,"LEA ECX,[ESP+ESP*1+0x84]",ESP (boundary-verified),read,entry~0x0053FB40,UNRESOLVED,REJECTED_WRONG_OBJECT,stack-relative slot; the factory object is heap-allocated (new 0x118 @0x0073E2CC lazy-init); a stack slot cannot be the factory's +0x84 member
8B_MOD10_disp32_SIB@0x0053FCC3,0x0053FCC3,"MOV ECX,[ESP+ESP*1+0x84]",ESP (boundary-verified),read,entry~0x0053FB40,NOT_A_WRITE,REJECTED_READ_NOT_WRITE,read/CMP form with displacement 0x84; no memory write occurs
C6_MOD10_SIB_BYTE@0x005409D6,0x005409D6,"MOV BYTE [...+0x84],imm8",ESP (boundary-verified),imm8=0x01,entry~0x00540840,UNRESOLVED,REJECTED_UNRELATED_OFFSET,partial-width (byte/word) store at +0x84; cannot fully assign the dword pointer member at factory+0x84 (dword member per the base ctor store @0x0070D013 and the setter store @0x0070C71E)
88_MOD10_SIB_BYTE@0x005409EF,0x005409EF,"MOV BYTE [...+0x84],r8",ESP (boundary-verified),byte,entry~0x00540840,UNRESOLVED,REJECTED_UNRELATED_OFFSET,partial-width (byte/word) store at +0x84; cannot fully assign the dword pointer member at factory+0x84 (dword member per the base ctor store @0x0070D013 and the setter store @0x0070C71E)
C6_MOD10_SIB_BYTE@0x00540A09,0x00540A09,"MOV BYTE [...+0x84],imm8",ESP (boundary-verified),imm8=0x03,entry~0x00540840,UNRESOLVED,REJECTED_UNRELATED_OFFSET,partial-width (byte/word) store at +0x84; cannot fully assign the dword pointer member at factory+0x84 (dword member per the base ctor store @0x0070D013 and the setter store @0x0070C71E)
89_MOD10_disp32_SIB@0x00540ADB,0x00540ADB,"MOV [ESP+ESP*1+0x84],EAX",ESP (boundary-verified),EAX,entry~0x00540AC0,UNRESOLVED,REJECTED_WRONG_OBJECT,stack-relative slot; the factory object is heap-allocated (new 0x118 @0x0073E2CC lazy-init); a stack slot cannot be the factory's +0x84 member
8B_MOD10_disp32@0x00540C79,0x00540C79,"MOV ECX,[ESI+0x84]",ESI (boundary-verified),read,entry~0x00540AC0,NOT_A_WRITE,REJECTED_READ_NOT_WRITE,read/CMP form with displacement 0x84; no memory write occurs
8B_MOD10_disp32_SIB@0x00540D63,0x00540D63,"MOV ECX,[ESP+ESP*1+0x84]",ESP (boundary-verified),read,entry~0x00540AC0,NOT_A_WRITE,REJECTED_READ_NOT_WRITE,read/CMP form with displacement 0x84; no memory write occurs
8D_MOD10_disp32_SIB@0x00541931,0x00541931,"LEA ECX,[ESP+ESP*1+0x84]",ESP (boundary-verified),read,entry~0x00541520,UNRESOLVED,REJECTED_WRONG_OBJECT,stack-relative slot; the factory object is heap-allocated (new 0x118 @0x0073E2CC lazy-init); a stack slot cannot be the factory's +0x84 member
8D_MOD10_disp32_SIB@0x00541AF9,0x00541AF9,"LEA ECX,[ESP+ESP*1+0x84]",ESP (boundary-verified),read,entry~0x00541520,UNRESOLVED,REJECTED_WRONG_OBJECT,stack-relative slot; the factory object is heap-allocated (new 0x118 @0x0073E2CC lazy-init); a stack slot cannot be the factory's +0x84 member
8D_MOD10_disp32_SIB@0x00541CE4,0x00541CE4,"LEA ECX,[ESP+ESP*1+0x84]",ESP (boundary-verified),read,unknown,UNRESOLVED,REJECTED_WRONG_OBJECT,stack-relative slot; the factory object is heap-allocated (new 0x118 @0x0073E2CC lazy-init); a stack slot cannot be the factory's +0x84 member
8D_MOD10_disp32_SIB@0x00541ED1,0x00541ED1,"LEA ECX,[ESP+ESP*1+0x84]",ESP (boundary-verified),read,unknown,UNRESOLVED,REJECTED_WRONG_OBJECT,stack-relative slot; the factory object is heap-allocated (new 0x118 @0x0073E2CC lazy-init); a stack slot cannot be the factory's +0x84 member
8D_MOD10_disp32_SIB@0x005421DF,0x005421DF,"LEA ECX,[ESP+ESP*1+0x84]",ESP (boundary-verified),read,unknown,UNRESOLVED,REJECTED_WRONG_OBJECT,stack-relative slot; the factory object is heap-allocated (new 0x118 @0x0073E2CC lazy-init); a stack slot cannot be the factory's +0x84 member
8D_MOD10_disp32_SIB@0x00542345,0x00542345,"LEA EDX,[ESP+ESP*1+0x84]",ESP (boundary-verified),read,unknown,UNRESOLVED,REJECTED_WRONG_OBJECT,stack-relative slot; the factory object is heap-allocated (new 0x118 @0x0073E2CC lazy-init); a stack slot cannot be the factory's +0x84 member
8D_MOD10_disp32_SIB@0x00542353,0x00542353,"LEA ECX,[ESP+ESP*1+0x84]",ESP (boundary-verified),read,unknown,UNRESOLVED,REJECTED_WRONG_OBJECT,stack-relative slot; the factory object is heap-allocated (new 0x118 @0x0073E2CC lazy-init); a stack slot cannot be the factory's +0x84 member
89_MOD10_disp32@0x0054650B,0x0054650B,"MOV [ESI+0x84],EBX",ESI (boundary-verified),EBX,entry~0x005464B0,UNRESOLVED,UNRESOLVED,boundary-verified non-stack dword write to [reg+0x84]; base-register identity not resolved to any factory object within the window-level provenance bound; not established as a factory+0x84 write (no claim made)
8D_MOD10_disp32_SIB@0x0054864D,0x0054864D,"LEA EAX,[ESP+ESP*1+0x84]",ESP (boundary-verified),read,entry~0x00548630,UNRESOLVED,REJECTED_WRONG_OBJECT,stack-relative slot; the factory object is heap-allocated (new 0x118 @0x0073E2CC lazy-init); a stack slot cannot be the factory's +0x84 member
89_MOD10_disp32@0x00548766,0x00548766,"MOV [EBP+0x84],EAX",EBP (boundary-verified),EAX,entry~0x00548630,UNRESOLVED,REJECTED_WRONG_OBJECT,stack-relative slot; the factory object is heap-allocated (new 0x118 @0x0073E2CC lazy-init); a stack slot cannot be the factory's +0x84 member
8B_MOD10_disp32@0x00548A29,0x00548A29,"MOV ECX,[EBP+0x84]",EBP (boundary-verified),read,entry~0x00548630,NOT_A_WRITE,REJECTED_READ_NOT_WRITE,read/CMP form with displacement 0x84; no memory write occurs
8B_MOD10_disp32@0x00548AB5,0x00548AB5,"MOV ECX,[EBP+0x84]",EBP (boundary-verified),read,entry~0x00548630,NOT_A_WRITE,REJECTED_READ_NOT_WRITE,read/CMP form with displacement 0x84; no memory write occurs
8B_MOD10_disp32_SIB@0x00548CCA,0x00548CCA,"MOV ECX,[ESP+ESP*1+0x84]",ESP (boundary-verified),read,unknown,NOT_A_WRITE,REJECTED_READ_NOT_WRITE,read/CMP form with displacement 0x84; no memory write occurs
8B_MOD10_disp32_SIB@0x00548D19,0x00548D19,"MOV ECX,[ESP+ESP*1+0x84]",ESP (boundary-verified),read,unknown,NOT_A_WRITE,REJECTED_READ_NOT_WRITE,read/CMP form with displacement 0x84; no memory write occurs
8D_MOD10_disp32_SIB@0x005493FB,0x005493FB,"LEA EDX,[ESP+ESP*1+0x84]",ESP (boundary-verified),read,unknown,UNRESOLVED,REJECTED_WRONG_OBJECT,stack-relative slot; the factory object is heap-allocated (new 0x118 @0x0073E2CC lazy-init); a stack slot cannot be the factory's +0x84 member
8D_MOD10_disp32_SIB@0x00549491,0x00549491,"LEA EAX,[ESP+ESP*1+0x84]",ESP (boundary-verified),read,unknown,UNRESOLVED,REJECTED_WRONG_OBJECT,stack-relative slot; the factory object is heap-allocated (new 0x118 @0x0073E2CC lazy-init); a stack slot cannot be the factory's +0x84 member
8D_MOD10_disp32_SIB@0x0054955D,0x0054955D,"LEA EAX,[ESP+ESP*1+0x84]",ESP (boundary-verified),read,unknown,UNRESOLVED,REJECTED_WRONG_OBJECT,stack-relative slot; the factory object is heap-allocated (new 0x118 @0x0073E2CC lazy-init); a stack slot cannot be the factory's +0x84 member
8D_MOD10_disp32_SIB@0x00549629,0x00549629,"LEA EAX,[ESP+ESP*1+0x84]",ESP (boundary-verified),read,unknown,UNRESOLVED,REJECTED_WRONG_OBJECT,stack-relative slot; the factory object is heap-allocated (new 0x118 @0x0073E2CC lazy-init); a stack slot cannot be the factory's +0x84 member
8D_MOD10_disp32_SIB@0x005496F5,0x005496F5,"LEA EAX,[ESP+ESP*1+0x84]",ESP (boundary-verified),read,unknown,UNRESOLVED,REJECTED_WRONG_OBJECT,stack-relative slot; the factory object is heap-allocated (new 0x118 @0x0073E2CC lazy-init); a stack slot cannot be the factory's +0x84 member
8D_MOD10_disp32_SIB@0x005497C1,0x005497C1,"LEA EAX,[ESP+ESP*1+0x84]",ESP (boundary-verified),read,unknown,UNRESOLVED,REJECTED_WRONG_OBJECT,stack-relative slot; the factory object is heap-allocated (new 0x118 @0x0073E2CC lazy-init); a stack slot cannot be the factory's +0x84 member
8D_MOD10_disp32_SIB@0x0054988D,0x0054988D,"LEA EAX,[ESP+ESP*1+0x84]",ESP (boundary-verified),read,unknown,UNRESOLVED,REJECTED_WRONG_OBJECT,stack-relative slot; the factory object is heap-allocated (new 0x118 @0x0073E2CC lazy-init); a stack slot cannot be the factory's +0x84 member
8D_MOD10_disp32_SIB@0x00549959,0x00549959,"LEA EAX,[ESP+ESP*1+0x84]",ESP (boundary-verified),read,unknown,UNRESOLVED,REJECTED_WRONG_OBJECT,stack-relative slot; the factory object is heap-allocated (new 0x118 @0x0073E2CC lazy-init); a stack slot cannot be the factory's +0x84 member
8D_MOD10_disp32_SIB@0x00549EA9,0x00549EA9,"LEA EAX,[ESP+ESP*1+0x84]",ESP (boundary-verified),read,unknown,UNRESOLVED,REJECTED_WRONG_OBJECT,stack-relative slot; the factory object is heap-allocated (new 0x118 @0x0073E2CC lazy-init); a stack slot cannot be the factory's +0x84 member
8D_MOD10_disp32_SIB@0x00549F6F,0x00549F6F,"LEA ECX,[ESP+ESP*1+0x84]",ESP (boundary-verified),read,unknown,UNRESOLVED,REJECTED_WRONG_OBJECT,stack-relative slot; the factory object is heap-allocated (new 0x118 @0x0073E2CC lazy-init); a stack slot cannot be the factory's +0x84 member
8D_MOD10_disp32_SIB@0x0054A035,0x0054A035,"LEA EDX,[ESP+ESP*1+0x84]",ESP (boundary-verified),read,unknown,UNRESOLVED,REJECTED_WRONG_OBJECT,stack-relative slot; the factory object is heap-allocated (new 0x118 @0x0073E2CC lazy-init); a stack slot cannot be the factory's +0x84 member
8D_MOD10_disp32_SIB@0x0054A0FB,0x0054A0FB,"LEA EAX,[ESP+ESP*1+0x84]",ESP (boundary-verified),read,unknown,UNRESOLVED,REJECTED_WRONG_OBJECT,stack-relative slot; the factory object is heap-allocated (new 0x118 @0x0073E2CC lazy-init); a stack slot cannot be the factory's +0x84 member
8D_MOD10_disp32_SIB@0x0054A2CD,0x0054A2CD,"LEA EAX,[ESP+ESP*1+0x84]",ESP (boundary-verified),read,entry~0x0054A2B0,UNRESOLVED,REJECTED_WRONG_OBJECT,stack-relative slot; the factory object is heap-allocated (new 0x118 @0x0073E2CC lazy-init); a stack slot cannot be the factory's +0x84 member
8B_MOD10_disp32_SIB@0x0054A9BB,0x0054A9BB,"MOV ECX,[ESP+ESP*1+0x84]",ESP (boundary-verified),read,unknown,NOT_A_WRITE,REJECTED_READ_NOT_WRITE,read/CMP form with displacement 0x84; no memory write occurs
8B_MOD10_disp32_SIB@0x0054AA0A,0x0054AA0A,"MOV ECX,[ESP+ESP*1+0x84]",ESP (boundary-verified),read,unknown,NOT_A_WRITE,REJECTED_READ_NOT_WRITE,read/CMP form with displacement 0x84; no memory write occurs
8D_MOD10_disp32_SIB@0x0054AF36,0x0054AF36,"LEA EDX,[ESP+ESP*1+0x84]",ESP (boundary-verified),read,entry~0x0054AA30,UNRESOLVED,REJECTED_WRONG_OBJECT,stack-relative slot; the factory object is heap-allocated (new 0x118 @0x0073E2CC lazy-init); a stack slot cannot be the factory's +0x84 member
8D_MOD10_disp32_SIB@0x0054AFB8,0x0054AFB8,"LEA EDX,[ESP+ESP*1+0x84]",ESP (boundary-verified),read,entry~0x0054AA30,UNRESOLVED,REJECTED_WRONG_OBJECT,stack-relative slot; the factory object is heap-allocated (new 0x118 @0x0073E2CC lazy-init); a stack slot cannot be the factory's +0x84 member
8D_MOD10_disp32_SIB@0x0054B1A4,0x0054B1A4,"LEA EDX,[ESP+ESP*1+0x84]",ESP (boundary-verified),read,unknown,UNRESOLVED,REJECTED_WRONG_OBJECT,stack-relative slot; the factory object is heap-allocated (new 0x118 @0x0073E2CC lazy-init); a stack slot cannot be the factory's +0x84 member
8D_MOD10_disp32_SIB@0x0054B2EA,0x0054B2EA,"LEA EAX,[ESP+ESP*1+0x84]",ESP (boundary-verified),read,unknown,UNRESOLVED,REJECTED_WRONG_OBJECT,stack-relative slot; the factory object is heap-allocated (new 0x118 @0x0073E2CC lazy-init); a stack slot cannot be the factory's +0x84 member
8D_MOD10_disp32_SIB@0x0054B716,0x0054B716,"LEA EDX,[ESP+ESP*1+0x84]",ESP (boundary-verified),read,unknown,UNRESOLVED,REJECTED_WRONG_OBJECT,stack-relative slot; the factory object is heap-allocated (new 0x118 @0x0073E2CC lazy-init); a stack slot cannot be the factory's +0x84 member
8D_MOD10_disp32_SIB@0x0054B8B1,0x0054B8B1,"LEA EDX,[ESP+ESP*1+0x84]",ESP (boundary-verified),read,unknown,UNRESOLVED,REJECTED_WRONG_OBJECT,stack-relative slot; the factory object is heap-allocated (new 0x118 @0x0073E2CC lazy-init); a stack slot cannot be the factory's +0x84 member
8D_MOD10_disp32_SIB@0x0054BA00,0x0054BA00,"LEA EAX,[ESP+ESP*1+0x84]",ESP (boundary-verified),read,unknown,UNRESOLVED,REJECTED_WRONG_OBJECT,stack-relative slot; the factory object is heap-allocated (new 0x118 @0x0073E2CC lazy-init); a stack slot cannot be the factory's +0x84 member
8D_MOD10_disp32_SIB@0x0054C3B9,0x0054C3B9,"LEA EAX,[ESP+ESP*1+0x84]",ESP (boundary-verified),read,entry~0x0054C080,UNRESOLVED,REJECTED_WRONG_OBJECT,stack-relative slot; the factory object is heap-allocated (new 0x118 @0x0073E2CC lazy-init); a stack slot cannot be the factory's +0x84 member
8D_MOD10_disp32_SIB@0x0054C579,0x0054C579,"LEA EDX,[ESP+ESP*1+0x84]",ESP (boundary-verified),read,entry~0x0054C080,UNRESOLVED,REJECTED_WRONG_OBJECT,stack-relative slot; the factory object is heap-allocated (new 0x118 @0x0073E2CC lazy-init); a stack slot cannot be the factory's +0x84 member
8B_MOD10_disp32@0x0054DDDA,0x0054DDDA,"MOV ECX,[ESI+0x84]",ESI (boundary-verified),read,entry~0x0054DBD0,NOT_A_WRITE,REJECTED_READ_NOT_WRITE,read/CMP form with displacement 0x84; no memory write occurs
8B_MOD10_disp32@0x0054DFCE,0x0054DFCE,"MOV ECX,[ESI+0x84]",ESI (boundary-verified),read,entry~0x0054DBD0,NOT_A_WRITE,REJECTED_READ_NOT_WRITE,read/CMP form with displacement 0x84; no memory write occurs
8B_MOD10_disp32@0x0054E0CF,0x0054E0CF,"MOV ECX,[ESI+0x84]",ESI (boundary-verified),read,entry~0x0054DBD0,NOT_A_WRITE,REJECTED_READ_NOT_WRITE,read/CMP form with displacement 0x84; no memory write occurs
C6_MOD10_SIB_BYTE@0x0054F34D,0x0054F34D,"MOV BYTE [...+0x84],imm8",ESP (boundary-verified),imm8=0x02,entry~0x0054F2C0,UNRESOLVED,REJECTED_UNRELATED_OFFSET,partial-width (byte/word) store at +0x84; cannot fully assign the dword pointer member at factory+0x84 (dword member per the base ctor store @0x0070D013 and the setter store @0x0070C71E)
C6_MOD10_SIB_BYTE@0x0054F3FC,0x0054F3FC,"MOV BYTE [...+0x84],imm8",ESP (boundary-verified),imm8=0x05,entry~0x0054F2C0,UNRESOLVED,REJECTED_UNRELATED_OFFSET,partial-width (byte/word) store at +0x84; cannot fully assign the dword pointer member at factory+0x84 (dword member per the base ctor store @0x0070D013 and the setter store @0x0070C71E)
C6_MOD10_SIB_BYTE@0x0054F4B6,0x0054F4B6,"MOV BYTE [...+0x84],imm8",ESP (boundary-verified),imm8=0x07,entry~0x0054F2C0,UNRESOLVED,REJECTED_UNRELATED_OFFSET,partial-width (byte/word) store at +0x84; cannot fully assign the dword pointer member at factory+0x84 (dword member per the base ctor store @0x0070D013 and the setter store @0x0070C71E)
C6_MOD10_SIB_BYTE@0x0054F591,0x0054F591,"MOV BYTE [...+0x84],imm8",ESP (boundary-verified),imm8=0x09,entry~0x0054F2C0,UNRESOLVED,REJECTED_UNRELATED_OFFSET,partial-width (byte/word) store at +0x84; cannot fully assign the dword pointer member at factory+0x84 (dword member per the base ctor store @0x0070D013 and the setter store @0x0070C71E)
C6_MOD10_SIB_BYTE@0x0054F621,0x0054F621,"MOV BYTE [...+0x84],imm8",ESP (boundary-verified),imm8=0x0B,entry~0x0054F2C0,UNRESOLVED,REJECTED_UNRELATED_OFFSET,partial-width (byte/word) store at +0x84; cannot fully assign the dword pointer member at factory+0x84 (dword member per the base ctor store @0x0070D013 and the setter store @0x0070C71E)
C6_MOD10_SIB_BYTE@0x0054F6A5,0x0054F6A5,"MOV BYTE [...+0x84],imm8",ESP (boundary-verified),imm8=0x0D,entry~0x0054F2C0,UNRESOLVED,REJECTED_UNRELATED_OFFSET,partial-width (byte/word) store at +0x84; cannot fully assign the dword pointer member at factory+0x84 (dword member per the base ctor store @0x0070D013 and the setter store @0x0070C71E)
8D_MOD10_disp32_SIB@0x0054FCAD,0x0054FCAD,"LEA ECX,[ESP+ESP*1+0x84]",ESP (boundary-verified),read,entry~0x0054FC20,UNRESOLVED,REJECTED_WRONG_OBJECT,stack-relative slot; the factory object is heap-allocated (new 0x118 @0x0073E2CC lazy-init); a stack slot cannot be the factory's +0x84 member
8D_MOD10_disp32_SIB@0x00551566,0x00551566,"LEA ECX,[ESP+ESP*1+0x84]",ESP (boundary-verified),read,entry~0x005512B0,UNRESOLVED,REJECTED_WRONG_OBJECT,stack-relative slot; the factory object is heap-allocated (new 0x118 @0x0073E2CC lazy-init); a stack slot cannot be the factory's +0x84 member
8D_MOD10_disp32_SIB@0x00554325,0x00554325,"LEA EDX,[ESP+ESP*1+0x84]",ESP (boundary-verified),read,entry~0x00554220,UNRESOLVED,REJECTED_WRONG_OBJECT,stack-relative slot; the factory object is heap-allocated (new 0x118 @0x0073E2CC lazy-init); a stack slot cannot be the factory's +0x84 member
8B_MOD10_disp32_SIB@0x00554FAD,0x00554FAD,"MOV EDX,[ESP+ESP*1+0x84]",ESP (boundary-verified),read,entry~0x00554BF0,NOT_A_WRITE,REJECTED_READ_NOT_WRITE,read/CMP form with displacement 0x84; no memory write occurs
89_MOD10_disp32_SIB@0x00559C3B,0x00559C3B,"MOV [ESP+ESP*1+0x84],EAX",ESP (boundary-verified),EAX,entry~0x00559C20,UNRESOLVED,REJECTED_WRONG_OBJECT,stack-relative slot; the factory object is heap-allocated (new 0x118 @0x0073E2CC lazy-init); a stack slot cannot be the factory's +0x84 member
8D_MOD10_disp32_SIB@0x00559E7C,0x00559E7C,"LEA EAX,[ESP+ESP*1+0x84]",ESP (boundary-verified),read,entry~0x00559C20,UNRESOLVED,REJECTED_WRONG_OBJECT,stack-relative slot; the factory object is heap-allocated (new 0x118 @0x0073E2CC lazy-init); a stack slot cannot be the factory's +0x84 member
8B_MOD10_disp32_SIB@0x00559F2F,0x00559F2F,"MOV ECX,[ESP+ESP*1+0x84]",ESP (boundary-verified),read,entry~0x00559C20,NOT_A_WRITE,REJECTED_READ_NOT_WRITE,read/CMP form with displacement 0x84; no memory write occurs
C7_MOD10_SIB@0x0055A696,0x0055A696,"MOV [ESP+ESP*1+0x84],0x1",ESP (boundary-verified),imm32=0x1,entry~0x0055A3B0,UNRESOLVED,REJECTED_WRONG_OBJECT,stack-relative slot; the factory object is heap-allocated (new 0x118 @0x0073E2CC lazy-init); a stack slot cannot be the factory's +0x84 member
89_MOD10_disp32_SIB@0x0055AFB7,0x0055AFB7,"MOV [ESP+ESP*1+0x84],EAX",ESP (boundary-verified),EAX,entry~0x0055AAC0,UNRESOLVED,REJECTED_WRONG_OBJECT,stack-relative slot; the factory object is heap-allocated (new 0x118 @0x0073E2CC lazy-init); a stack slot cannot be the factory's +0x84 member
8B_MOD10_disp32@0x0055B538,0x0055B538,"MOV EDX,[ESI+0x84]",ESI (boundary-verified),read,entry~0x0055B4C0,NOT_A_WRITE,REJECTED_READ_NOT_WRITE,read/CMP form with displacement 0x84; no memory write occurs
8B_MOD10_disp32@0x0055B5D7,0x0055B5D7,"MOV ECX,[ESI+0x84]",ESI (boundary-verified),read,entry~0x0055B560,NOT_A_WRITE,REJECTED_READ_NOT_WRITE,read/CMP form with displacement 0x84; no memory write occurs
8B_MOD10_disp32@0x0055B65E,0x0055B65E,"MOV ECX,[ESI+0x84]",ESI (boundary-verified),read,entry~0x0055B560,NOT_A_WRITE,REJECTED_READ_NOT_WRITE,read/CMP form with displacement 0x84; no memory write occurs
89_MOD10_disp32@0x0055BAD2,0x0055BAD2,"MOV [ESI+0x84],EBX",ESI (boundary-verified),EBX,entry~0x0055BA50,UNRESOLVED,UNRESOLVED,boundary-verified non-stack dword write to [reg+0x84]; base-register identity not resolved to any factory object within the window-level provenance bound; not established as a factory+0x84 write (no claim made)
89_MOD10_disp32@0x0055BD3A,0x0055BD3A,"MOV [EBP+0x84],EAX",EBP (boundary-verified),EAX,entry~0x0055BB80,UNRESOLVED,REJECTED_WRONG_OBJECT,stack-relative slot; the factory object is heap-allocated (new 0x118 @0x0073E2CC lazy-init); a stack slot cannot be the factory's +0x84 member
8B_MOD10_disp32@0x0055BD72,0x0055BD72,"MOV EAX,[EBP+0x84]",EBP (boundary-verified),read,entry~0x0055BB80,NOT_A_WRITE,REJECTED_READ_NOT_WRITE,read/CMP form with displacement 0x84; no memory write occurs
8B_MOD10_disp32@0x0055CB40,0x0055CB40,"MOV ECX,[ESI+0x84]",ESI (boundary-verified),read,entry~0x0055CA40,NOT_A_WRITE,REJECTED_READ_NOT_WRITE,read/CMP form with displacement 0x84; no memory write occurs
8B_MOD10_disp32@0x0055D2E2,0x0055D2E2,"MOV ECX,[ESI+0x84]",ESI (boundary-verified),read,entry~0x0055D1E0,NOT_A_WRITE,REJECTED_READ_NOT_WRITE,read/CMP form with displacement 0x84; no memory write occurs
8B_MOD10_disp32@0x0055D32E,0x0055D32E,"MOV ECX,[ESI+0x84]",ESI (boundary-verified),read,entry~0x0055D1E0,NOT_A_WRITE,REJECTED_READ_NOT_WRITE,read/CMP form with displacement 0x84; no memory write occurs
8B_MOD10_disp32@0x0055DCEE,0x0055DCEE,"MOV ECX,[ESI+0x84]",ESI (boundary-verified),read,entry~0x0055DAE0,NOT_A_WRITE,REJECTED_READ_NOT_WRITE,read/CMP form with displacement 0x84; no memory write occurs
8B_MOD10_disp32@0x0055DD3C,0x0055DD3C,"MOV ECX,[ESI+0x84]",ESI (boundary-verified),read,entry~0x0055DAE0,NOT_A_WRITE,REJECTED_READ_NOT_WRITE,read/CMP form with displacement 0x84; no memory write occurs
8D_MOD10_disp32_SIB@0x0055FBCC,0x0055FBCC,"LEA EAX,[ESP+ESP*1+0x84]",ESP (boundary-verified),read,entry~0x0055FB90,UNRESOLVED,REJECTED_WRONG_OBJECT,stack-relative slot; the factory object is heap-allocated (new 0x118 @0x0073E2CC lazy-init); a stack slot cannot be the factory's +0x84 member
8B_MOD10_disp32_SIB@0x0056029C,0x0056029C,"MOV EAX,[ESP+ESP*1+0x84]",ESP (boundary-verified),read,entry~0x00560270,NOT_A_WRITE,REJECTED_READ_NOT_WRITE,read/CMP form with displacement 0x84; no memory write occurs
8D_MOD10_disp32_SIB@0x005635F6,0x005635F6,"LEA EAX,[ESP+ESP*1+0x84]",ESP (boundary-verified),read,entry~0x005635D0,UNRESOLVED,REJECTED_WRONG_OBJECT,stack-relative slot; the factory object is heap-allocated (new 0x118 @0x0073E2CC lazy-init); a stack slot cannot be the factory's +0x84 member
8B_MOD10_disp32_SIB@0x0056367C,0x0056367C,"MOV ECX,[ESP+ESP*1+0x84]",ESP (boundary-verified),read,entry~0x005635D0,NOT_A_WRITE,REJECTED_READ_NOT_WRITE,read/CMP form with displacement 0x84; no memory write occurs
8D_MOD10_disp32_SIB@0x00563D22,0x00563D22,"LEA EAX,[ESP+ESP*1+0x84]",ESP (boundary-verified),read,entry~0x00563CD0,UNRESOLVED,REJECTED_WRONG_OBJECT,stack-relative slot; the factory object is heap-allocated (new 0x118 @0x0073E2CC lazy-init); a stack slot cannot be the factory's +0x84 member
8D_MOD10_disp32_SIB@0x00563D7F,0x00563D7F,"LEA ECX,[ESP+ESP*1+0x84]",ESP (boundary-verified),read,entry~0x00563CD0,UNRESOLVED,REJECTED_WRONG_OBJECT,stack-relative slot; the factory object is heap-allocated (new 0x118 @0x0073E2CC lazy-init); a stack slot cannot be the factory's +0x84 member
8D_MOD10_disp32_SIB@0x00563DD9,0x00563DD9,"LEA EDX,[ESP+ESP*1+0x84]",ESP (boundary-verified),read,entry~0x00563CD0,UNRESOLVED,REJECTED_WRONG_OBJECT,stack-relative slot; the factory object is heap-allocated (new 0x118 @0x0073E2CC lazy-init); a stack slot cannot be the factory's +0x84 member
8B_MOD10_disp32_SIB@0x00563E46,0x00563E46,"MOV EAX,[ESP+ESP*1+0x84]",ESP (boundary-verified),read,entry~0x00563CD0,NOT_A_WRITE,REJECTED_READ_NOT_WRITE,read/CMP form with displacement 0x84; no memory write occurs
8B_MOD10_disp32_SIB@0x00563E7B,0x00563E7B,"MOV EAX,[ESP+ESP*1+0x84]",ESP (boundary-verified),read,entry~0x00563CD0,NOT_A_WRITE,REJECTED_READ_NOT_WRITE,read/CMP form with displacement 0x84; no memory write occurs
8B_MOD10_disp32_SIB@0x00563F11,0x00563F11,"MOV EAX,[ESP+ESP*1+0x84]",ESP (boundary-verified),read,entry~0x00563CD0,NOT_A_WRITE,REJECTED_READ_NOT_WRITE,read/CMP form with displacement 0x84; no memory write occurs
8D_MOD10_disp32_SIB@0x0056499D,0x0056499D,"LEA ECX,[ESP+ESP*1+0x84]",ESP (boundary-verified),read,entry~0x005647B0,UNRESOLVED,REJECTED_WRONG_OBJECT,stack-relative slot; the factory object is heap-allocated (new 0x118 @0x0073E2CC lazy-init); a stack slot cannot be the factory's +0x84 member
8B_MOD10_disp32_SIB@0x00565B13,0x00565B13,"MOV ECX,[ESP+ESP*1+0x84]",ESP (boundary-verified),read,entry~0x00565AB0,NOT_A_WRITE,REJECTED_READ_NOT_WRITE,read/CMP form with displacement 0x84; no memory write occurs
C7_MOD10_SIB@0x00565B43,0x00565B43,"MOV [ESP+ESP*1+0x84],0x0",ESP (boundary-verified),imm32=0x0,entry~0x00565AB0,UNRESOLVED,REJECTED_WRONG_OBJECT,stack-relative slot; the factory object is heap-allocated (new 0x118 @0x0073E2CC lazy-init); a stack slot cannot be the factory's +0x84 member
8B_MOD10_disp32_SIB@0x00565B50,0x00565B50,"MOV EAX,[ESP+ESP*1+0x84]",ESP (boundary-verified),read,entry~0x00565AB0,NOT_A_WRITE,REJECTED_READ_NOT_WRITE,read/CMP form with displacement 0x84; no memory write occurs
C6_MOD10_SIB_BYTE@0x00565B61,0x00565B61,"MOV BYTE [...+0x84],imm8",ESP (boundary-verified),imm8=0x01,entry~0x00565AB0,UNRESOLVED,REJECTED_UNRELATED_OFFSET,partial-width (byte/word) store at +0x84; cannot fully assign the dword pointer member at factory+0x84 (dword member per the base ctor store @0x0070D013 and the setter store @0x0070C71E)
C6_MOD10_SIB_BYTE@0x00565B9B,0x00565B9B,"MOV BYTE [...+0x84],imm8",ESP (boundary-verified),imm8=0x05,entry~0x00565AB0,UNRESOLVED,REJECTED_UNRELATED_OFFSET,partial-width (byte/word) store at +0x84; cannot fully assign the dword pointer member at factory+0x84 (dword member per the base ctor store @0x0070D013 and the setter store @0x0070C71E)
8B_MOD10_disp32_SIB@0x00565C1A,0x00565C1A,"MOV ECX,[ESP+ESP*1+0x84]",ESP (boundary-verified),read,entry~0x00565AB0,NOT_A_WRITE,REJECTED_READ_NOT_WRITE,read/CMP form with displacement 0x84; no memory write occurs
89_MOD10_disp32_SIB@0x0056649B,0x0056649B,"MOV [ESP+ESP*1+0x84],EAX",ESP (boundary-verified),EAX,entry~0x00566480,UNRESOLVED,REJECTED_WRONG_OBJECT,stack-relative slot; the factory object is heap-allocated (new 0x118 @0x0073E2CC lazy-init); a stack slot cannot be the factory's +0x84 member
8B_MOD10_disp32_SIB@0x00566621,0x00566621,"MOV ECX,[ESP+ESP*1+0x84]",ESP (boundary-verified),read,entry~0x00566480,NOT_A_WRITE,REJECTED_READ_NOT_WRITE,read/CMP form with displacement 0x84; no memory write occurs
8D_MOD10_disp32_SIB@0x005678B1,0x005678B1,"LEA EAX,[ESP+ESP*1+0x84]",ESP (boundary-verified),read,unknown,UNRESOLVED,REJECTED_WRONG_OBJECT,stack-relative slot; the factory object is heap-allocated (new 0x118 @0x0073E2CC lazy-init); a stack slot cannot be the factory's +0x84 member
8D_MOD10_disp32_SIB@0x005678D3,0x005678D3,"LEA ECX,[ESP+ESP*1+0x84]",ESP (boundary-verified),read,unknown,UNRESOLVED,REJECTED_WRONG_OBJECT,stack-relative slot; the factory object is heap-allocated (new 0x118 @0x0073E2CC lazy-init); a stack slot cannot be the factory's +0x84 member
8D_MOD10_disp32_SIB@0x005678E2,0x005678E2,"LEA ECX,[ESP+ESP*1+0x84]",ESP (boundary-verified),read,unknown,UNRESOLVED,REJECTED_WRONG_OBJECT,stack-relative slot; the factory object is heap-allocated (new 0x118 @0x0073E2CC lazy-init); a stack slot cannot be the factory's +0x84 member
8B_MOD10_disp32_SIB@0x0056982D,0x0056982D,"MOV EDI,[ESP+ESP*1+0x84]",ESP (boundary-verified),read,entry~0x005697F0,NOT_A_WRITE,REJECTED_READ_NOT_WRITE,read/CMP form with displacement 0x84; no memory write occurs
8D_MOD10_disp32_SIB@0x005698A1,0x005698A1,"LEA ECX,[ESP+ESP*1+0x84]",ESP (boundary-verified),read,entry~0x005697F0,UNRESOLVED,REJECTED_WRONG_OBJECT,stack-relative slot; the factory object is heap-allocated (new 0x118 @0x0073E2CC lazy-init); a stack slot cannot be the factory's +0x84 member
8B_MOD10_disp32_SIB@0x00569D13,0x00569D13,"MOV EDX,[ESP+ESP*1+0x84]",ESP (boundary-verified),read,entry~0x00569BC0,NOT_A_WRITE,REJECTED_READ_NOT_WRITE,read/CMP form with displacement 0x84; no memory write occurs
8D_MOD10_disp32_SIB@0x0056A75F,0x0056A75F,"LEA EDX,[ESP+ESP*1+0x84]",ESP (boundary-verified),read,entry~0x0056A560,UNRESOLVED,REJECTED_WRONG_OBJECT,stack-relative slot; the factory object is heap-allocated (new 0x118 @0x0073E2CC lazy-init); a stack slot cannot be the factory's +0x84 member
89_MOD10_disp32_SIB@0x0056B00C,0x0056B00C,"MOV [ESP+ESP*1+0x84],EBX",ESP (boundary-verified),EBX,entry~0x0056AD60,UNRESOLVED,REJECTED_WRONG_OBJECT,stack-relative slot; the factory object is heap-allocated (new 0x118 @0x0073E2CC lazy-init); a stack slot cannot be the factory's +0x84 member
8D_MOD10_disp32_SIB@0x0056B320,0x0056B320,"LEA EDX,[ESP+ESP*1+0x84]",ESP (boundary-verified),read,entry~0x0056B1E0,UNRESOLVED,REJECTED_WRONG_OBJECT,stack-relative slot; the factory object is heap-allocated (new 0x118 @0x0073E2CC lazy-init); a stack slot cannot be the factory's +0x84 member
8D_MOD10_disp32_SIB@0x0056B366,0x0056B366,"LEA ECX,[ESP+ESP*1+0x84]",ESP (boundary-verified),read,entry~0x0056B1E0,UNRESOLVED,REJECTED_WRONG_OBJECT,stack-relative slot; the factory object is heap-allocated (new 0x118 @0x0073E2CC lazy-init); a stack slot cannot be the factory's +0x84 member
8D_MOD10_disp32_SIB@0x0056B383,0x0056B383,"LEA EDX,[ESP+ESP*1+0x84]",ESP (boundary-verified),read,entry~0x0056B1E0,UNRESOLVED,REJECTED_WRONG_OBJECT,stack-relative slot; the factory object is heap-allocated (new 0x118 @0x0073E2CC lazy-init); a stack slot cannot be the factory's +0x84 member
8D_MOD10_disp32_SIB@0x0056B3E4,0x0056B3E4,"LEA ECX,[ESP+ESP*1+0x84]",ESP (boundary-verified),read,entry~0x0056B1E0,UNRESOLVED,REJECTED_WRONG_OBJECT,stack-relative slot; the factory object is heap-allocated (new 0x118 @0x0073E2CC lazy-init); a stack slot cannot be the factory's +0x84 member
8D_MOD10_disp32_SIB@0x0056ECB4,0x0056ECB4,"LEA ECX,[ESP+ESP*1+0x84]",ESP (boundary-verified),read,entry~0x0056EC60,UNRESOLVED,REJECTED_WRONG_OBJECT,stack-relative slot; the factory object is heap-allocated (new 0x118 @0x0073E2CC lazy-init); a stack slot cannot be the factory's +0x84 member
8D_MOD10_disp32_SIB@0x0056EE5A,0x0056EE5A,"LEA ECX,[ESP+ESP*1+0x84]",ESP (boundary-verified),read,entry~0x0056EC60,UNRESOLVED,REJECTED_WRONG_OBJECT,stack-relative slot; the factory object is heap-allocated (new 0x118 @0x0073E2CC lazy-init); a stack slot cannot be the factory's +0x84 member
88_MOD10_SIB_BYTE@0x0056F159,0x0056F159,"MOV BYTE [...+0x84],r8",ESP (boundary-verified),byte,entry~0x0056F0A0,UNRESOLVED,REJECTED_UNRELATED_OFFSET,partial-width (byte/word) store at +0x84; cannot fully assign the dword pointer member at factory+0x84 (dword member per the base ctor store @0x0070D013 and the setter store @0x0070C71E)
C7_MOD10_SIB@0x0056F18A,0x0056F18A,"MOV [ESP+ESP*1+0x84],0xFFFFFFFF",ESP (boundary-verified),imm32=0xFFFFFFFF,entry~0x0056F0A0,UNRESOLVED,REJECTED_WRONG_OBJECT,stack-relative slot; the factory object is heap-allocated (new 0x118 @0x0073E2CC lazy-init); a stack slot cannot be the factory's +0x84 member
89_MOD10_disp32_SIB@0x0056F66F,0x0056F66F,"MOV [ESP+ESP*1+0x84],ESP",ESP (boundary-verified),ESP,entry~0x0056F630,UNRESOLVED,REJECTED_WRONG_OBJECT,stack-relative slot; the factory object is heap-allocated (new 0x118 @0x0073E2CC lazy-init); a stack slot cannot be the factory's +0x84 member
89_MOD10_disp32@0x00570520,0x00570520,"MOV [ESI+0x84],EBX",ESI (boundary-verified),EBX,entry~0x00570480,UNRESOLVED,UNRESOLVED,boundary-verified non-stack dword write to [reg+0x84]; base-register identity not resolved to any factory object within the window-level provenance bound; not established as a factory+0x84 write (no claim made)
C6_MOD10_SIB_BYTE@0x00570628,0x00570628,"MOV BYTE [...+0x84],imm8",ESP (boundary-verified),imm8=0x0A,entry~0x00570480,UNRESOLVED,REJECTED_UNRELATED_OFFSET,partial-width (byte/word) store at +0x84; cannot fully assign the dword pointer member at factory+0x84 (dword member per the base ctor store @0x0070D013 and the setter store @0x0070C71E)
C6_MOD10_SIB_BYTE@0x00570673,0x00570673,"MOV BYTE [...+0x84],imm8",ESP (boundary-verified),imm8=0x0A,entry~0x00570480,UNRESOLVED,REJECTED_UNRELATED_OFFSET,partial-width (byte/word) store at +0x84; cannot fully assign the dword pointer member at factory+0x84 (dword member per the base ctor store @0x0070D013 and the setter store @0x0070C71E)
C6_MOD10_SIB_BYTE@0x00570725,0x00570725,"MOV BYTE [...+0x84],imm8",ESP (boundary-verified),imm8=0x0D,entry~0x00570480,UNRESOLVED,REJECTED_UNRELATED_OFFSET,partial-width (byte/word) store at +0x84; cannot fully assign the dword pointer member at factory+0x84 (dword member per the base ctor store @0x0070D013 and the setter store @0x0070C71E)
C6_MOD10_SIB_BYTE@0x00570757,0x00570757,"MOV BYTE [...+0x84],imm8",ESP (boundary-verified),imm8=0x0A,entry~0x00570480,UNRESOLVED,REJECTED_UNRELATED_OFFSET,partial-width (byte/word) store at +0x84; cannot fully assign the dword pointer member at factory+0x84 (dword member per the base ctor store @0x0070D013 and the setter store @0x0070C71E)
C6_MOD10_SIB_BYTE@0x00570802,0x00570802,"MOV BYTE [...+0x84],imm8",ESP (boundary-verified),imm8=0x0F,entry~0x00570480,UNRESOLVED,REJECTED_UNRELATED_OFFSET,partial-width (byte/word) store at +0x84; cannot fully assign the dword pointer member at factory+0x84 (dword member per the base ctor store @0x0070D013 and the setter store @0x0070C71E)
C6_MOD10_SIB_BYTE@0x00570834,0x00570834,"MOV BYTE [...+0x84],imm8",ESP (boundary-verified),imm8=0x0A,entry~0x00570480,UNRESOLVED,REJECTED_UNRELATED_OFFSET,partial-width (byte/word) store at +0x84; cannot fully assign the dword pointer member at factory+0x84 (dword member per the base ctor store @0x0070D013 and the setter store @0x0070C71E)
C6_MOD10_SIB_BYTE@0x005708DF,0x005708DF,"MOV BYTE [...+0x84],imm8",ESP (boundary-verified),imm8=0x11,entry~0x00570480,UNRESOLVED,REJECTED_UNRELATED_OFFSET,partial-width (byte/word) store at +0x84; cannot fully assign the dword pointer member at factory+0x84 (dword member per the base ctor store @0x0070D013 and the setter store @0x0070C71E)
C6_MOD10_SIB_BYTE@0x00570911,0x00570911,"MOV BYTE [...+0x84],imm8",ESP (boundary-verified),imm8=0x0A,entry~0x00570480,UNRESOLVED,REJECTED_UNRELATED_OFFSET,partial-width (byte/word) store at +0x84; cannot fully assign the dword pointer member at factory+0x84 (dword member per the base ctor store @0x0070D013 and the setter store @0x0070C71E)
C6_MOD10_SIB_BYTE@0x005709BC,0x005709BC,"MOV BYTE [...+0x84],imm8",ESP (boundary-verified),imm8=0x13,entry~0x00570480,UNRESOLVED,REJECTED_UNRELATED_OFFSET,partial-width (byte/word) store at +0x84; cannot fully assign the dword pointer member at factory+0x84 (dword member per the base ctor store @0x0070D013 and the setter store @0x0070C71E)
C6_MOD10_SIB_BYTE@0x005709EE,0x005709EE,"MOV BYTE [...+0x84],imm8",ESP (boundary-verified),imm8=0x0A,entry~0x00570480,UNRESOLVED,REJECTED_UNRELATED_OFFSET,partial-width (byte/word) store at +0x84; cannot fully assign the dword pointer member at factory+0x84 (dword member per the base ctor store @0x0070D013 and the setter store @0x0070C71E)
C6_MOD10_SIB_BYTE@0x00570A99,0x00570A99,"MOV BYTE [...+0x84],imm8",ESP (boundary-verified),imm8=0x15,unknown,UNRESOLVED,REJECTED_UNRELATED_OFFSET,partial-width (byte/word) store at +0x84; cannot fully assign the dword pointer member at factory+0x84 (dword member per the base ctor store @0x0070D013 and the setter store @0x0070C71E)
C6_MOD10_SIB_BYTE@0x00570ACB,0x00570ACB,"MOV BYTE [...+0x84],imm8",ESP (boundary-verified),imm8=0x0A,unknown,UNRESOLVED,REJECTED_UNRELATED_OFFSET,partial-width (byte/word) store at +0x84; cannot fully assign the dword pointer member at factory+0x84 (dword member per the base ctor store @0x0070D013 and the setter store @0x0070C71E)
C6_MOD10_SIB_BYTE@0x00570B13,0x00570B13,"MOV BYTE [...+0x84],imm8",ESP (boundary-verified),imm8=0x0A,unknown,UNRESOLVED,REJECTED_UNRELATED_OFFSET,partial-width (byte/word) store at +0x84; cannot fully assign the dword pointer member at factory+0x84 (dword member per the base ctor store @0x0070D013 and the setter store @0x0070C71E)
8D_MOD10_disp32_SIB@0x005740AF,0x005740AF,"LEA ECX,[ESP+ESP*1+0x84]",ESP (boundary-verified),read,entry~0x00574010,UNRESOLVED,REJECTED_WRONG_OBJECT,stack-relative slot; the factory object is heap-allocated (new 0x118 @0x0073E2CC lazy-init); a stack slot cannot be the factory's +0x84 member
89_MOD10_disp32_SIB@0x005753A1,0x005753A1,"MOV [ESP+ESP*1+0x84],EBX",ESP (boundary-verified),EBX,unknown,UNRESOLVED,REJECTED_WRONG_OBJECT,stack-relative slot; the factory object is heap-allocated (new 0x118 @0x0073E2CC lazy-init); a stack slot cannot be the factory's +0x84 member
8D_MOD10_disp32_SIB@0x0057985D,0x0057985D,"LEA EDX,[ESP+ESP*1+0x84]",ESP (boundary-verified),read,entry~0x00579630,UNRESOLVED,REJECTED_WRONG_OBJECT,stack-relative slot; the factory object is heap-allocated (new 0x118 @0x0073E2CC lazy-init); a stack slot cannot be the factory's +0x84 member
8D_MOD10_disp32_SIB@0x0057A8B3,0x0057A8B3,"LEA EDX,[ESP+ESP*1+0x84]",ESP (boundary-verified),read,unknown,UNRESOLVED,REJECTED_WRONG_OBJECT,stack-relative slot; the factory object is heap-allocated (new 0x118 @0x0073E2CC lazy-init); a stack slot cannot be the factory's +0x84 member
8B_MOD10_disp32_SIB@0x0057AE92,0x0057AE92,"MOV ESI,[ESP+ESP*1+0x84]",ESP (boundary-verified),read,entry~0x0057AE60,NOT_A_WRITE,REJECTED_READ_NOT_WRITE,read/CMP form with displacement 0x84; no memory write occurs
8D_MOD10_disp32_SIB@0x0057CD18,0x0057CD18,"LEA ECX,[ESP+ESP*1+0x84]",ESP (boundary-verified),read,entry~0x0057CC10,UNRESOLVED,REJECTED_WRONG_OBJECT,stack-relative slot; the factory object is heap-allocated (new 0x118 @0x0073E2CC lazy-init); a stack slot cannot be the factory's +0x84 member
8D_MOD10_disp32_SIB@0x0057CD46,0x0057CD46,"LEA EAX,[ESP+ESP*1+0x84]",ESP (boundary-verified),read,entry~0x0057CC10,UNRESOLVED,REJECTED_WRONG_OBJECT,stack-relative slot; the factory object is heap-allocated (new 0x118 @0x0073E2CC lazy-init); a stack slot cannot be the factory's +0x84 member
8D_MOD10_disp32_SIB@0x0057CD70,0x0057CD70,"LEA ECX,[ESP+ESP*1+0x84]",ESP (boundary-verified),read,entry~0x0057CC10,UNRESOLVED,REJECTED_WRONG_OBJECT,stack-relative slot; the factory object is heap-allocated (new 0x118 @0x0073E2CC lazy-init); a stack slot cannot be the factory's +0x84 member
8B_MOD10_disp32_SIB@0x0057E686,0x0057E686,"MOV ESI,[ESP+ESP*1+0x84]",ESP (boundary-verified),read,entry~0x0057E640,NOT_A_WRITE,REJECTED_READ_NOT_WRITE,read/CMP form with displacement 0x84; no memory write occurs
8B_MOD10_disp32_SIB@0x0057E86D,0x0057E86D,"MOV EDI,[ESP+ESP*1+0x84]",ESP (boundary-verified),read,entry~0x0057E810,NOT_A_WRITE,REJECTED_READ_NOT_WRITE,read/CMP form with displacement 0x84; no memory write occurs
8D_MOD10_disp32_SIB@0x0057ED10,0x0057ED10,"LEA ECX,[ESP+ESP*1+0x84]",ESP (boundary-verified),read,entry~0x0057EC50,UNRESOLVED,REJECTED_WRONG_OBJECT,stack-relative slot; the factory object is heap-allocated (new 0x118 @0x0073E2CC lazy-init); a stack slot cannot be the factory's +0x84 member
89_MOD10_disp32_SIB@0x0057F4C1,0x0057F4C1,"MOV [ESP+ESP*1+0x84],EBX",ESP (boundary-verified),EBX,entry~0x0057F480,UNRESOLVED,REJECTED_WRONG_OBJECT,stack-relative slot; the factory object is heap-allocated (new 0x118 @0x0073E2CC lazy-init); a stack slot cannot be the factory's +0x84 member
8D_MOD10_disp32_SIB@0x005809CA,0x005809CA,"LEA ECX,[ESP+ESP*1+0x84]",ESP (boundary-verified),read,entry~0x00580900,UNRESOLVED,REJECTED_WRONG_OBJECT,stack-relative slot; the factory object is heap-allocated (new 0x118 @0x0073E2CC lazy-init); a stack slot cannot be the factory's +0x84 member
8D_MOD10_disp32_SIB@0x00580BE4,0x00580BE4,"LEA ECX,[ESP+ESP*1+0x84]",ESP (boundary-verified),read,entry~0x00580AB0,UNRESOLVED,REJECTED_WRONG_OBJECT,stack-relative slot; the factory object is heap-allocated (new 0x118 @0x0073E2CC lazy-init); a stack slot cannot be the factory's +0x84 member
8D_MOD10_disp32_SIB@0x00581B91,0x00581B91,"LEA EAX,[ESP+ESP*1+0x84]",ESP (boundary-verified),read,entry~0x00581B60,UNRESOLVED,REJECTED_WRONG_OBJECT,stack-relative slot; the factory object is heap-allocated (new 0x118 @0x0073E2CC lazy-init); a stack slot cannot be the factory's +0x84 member
C7_MOD10_SIB@0x0058206D,0x0058206D,"MOV [ESP+ESP*1+0x84],0xFFFFFFFF",ESP (boundary-verified),imm32=0xFFFFFFFF,entry~0x00581FD0,UNRESOLVED,REJECTED_WRONG_OBJECT,stack-relative slot; the factory object is heap-allocated (new 0x118 @0x0073E2CC lazy-init); a stack slot cannot be the factory's +0x84 member
C6_MOD10_SIB_BYTE@0x00582103,0x00582103,"MOV BYTE [...+0x84],imm8",ESP (boundary-verified),imm8=0x01,entry~0x00581FD0,UNRESOLVED,REJECTED_UNRELATED_OFFSET,partial-width (byte/word) store at +0x84; cannot fully assign the dword pointer member at factory+0x84 (dword member per the base ctor store @0x0070D013 and the setter store @0x0070C71E)
C7_MOD10_SIB@0x00582188,0x00582188,"MOV [ESP+ESP*1+0x84],0xFFFFFFFF",ESP (boundary-verified),imm32=0xFFFFFFFF,entry~0x00581FD0,UNRESOLVED,REJECTED_WRONG_OBJECT,stack-relative slot; the factory object is heap-allocated (new 0x118 @0x0073E2CC lazy-init); a stack slot cannot be the factory's +0x84 member
8D_MOD10_disp32_SIB@0x00585D5B,0x00585D5B,"LEA ECX,[ESP+ESP*1+0x84]",ESP (boundary-verified),read,entry~0x00585C70,UNRESOLVED,REJECTED_WRONG_OBJECT,stack-relative slot; the factory object is heap-allocated (new 0x118 @0x0073E2CC lazy-init); a stack slot cannot be the factory's +0x84 member
8D_MOD10_disp32_SIB@0x00585E0D,0x00585E0D,"LEA ECX,[ESP+ESP*1+0x84]",ESP (boundary-verified),read,entry~0x00585C70,UNRESOLVED,REJECTED_WRONG_OBJECT,stack-relative slot; the factory object is heap-allocated (new 0x118 @0x0073E2CC lazy-init); a stack slot cannot be the factory's +0x84 member
8D_MOD10_disp32_SIB@0x00588321,0x00588321,"LEA EAX,[ESP+ESP*1+0x84]",ESP (boundary-verified),read,entry~0x005882F0,UNRESOLVED,REJECTED_WRONG_OBJECT,stack-relative slot; the factory object is heap-allocated (new 0x118 @0x0073E2CC lazy-init); a stack slot cannot be the factory's +0x84 member
8D_MOD10_disp32_SIB@0x00588671,0x00588671,"LEA EAX,[ESP+ESP*1+0x84]",ESP (boundary-verified),read,entry~0x00588640,UNRESOLVED,REJECTED_WRONG_OBJECT,stack-relative slot; the factory object is heap-allocated (new 0x118 @0x0073E2CC lazy-init); a stack slot cannot be the factory's +0x84 member
8D_MOD10_disp32_SIB@0x00588A36,0x00588A36,"LEA ECX,[ESP+ESP*1+0x84]",ESP (boundary-verified),read,entry~0x00588A00,UNRESOLVED,REJECTED_WRONG_OBJECT,stack-relative slot; the factory object is heap-allocated (new 0x118 @0x0073E2CC lazy-init); a stack slot cannot be the factory's +0x84 member
C7_MOD10_SIB@0x0058928C,0x0058928C,"MOV [ESP+ESP*1+0x84],0x1",ESP (boundary-verified),imm32=0x1,entry~0x00589230,UNRESOLVED,REJECTED_WRONG_OBJECT,stack-relative slot; the factory object is heap-allocated (new 0x118 @0x0073E2CC lazy-init); a stack slot cannot be the factory's +0x84 member
8D_MOD10_disp32_SIB@0x005894E6,0x005894E6,"LEA ECX,[ESP+ESP*1+0x84]",ESP (boundary-verified),read,entry~0x005894B0,UNRESOLVED,REJECTED_WRONG_OBJECT,stack-relative slot; the factory object is heap-allocated (new 0x118 @0x0073E2CC lazy-init); a stack slot cannot be the factory's +0x84 member
88_MOD10_SIB_BYTE@0x0058A8A5,0x0058A8A5,"MOV BYTE [...+0x84],r8",ESP (boundary-verified),byte,entry~0x0058A590,UNRESOLVED,REJECTED_UNRELATED_OFFSET,partial-width (byte/word) store at +0x84; cannot fully assign the dword pointer member at factory+0x84 (dword member per the base ctor store @0x0070D013 and the setter store @0x0070C71E)
88_MOD10_SIB_BYTE@0x0058A910,0x0058A910,"MOV BYTE [...+0x84],r8",ESP (boundary-verified),byte,entry~0x0058A590,UNRESOLVED,REJECTED_UNRELATED_OFFSET,partial-width (byte/word) store at +0x84; cannot fully assign the dword pointer member at factory+0x84 (dword member per the base ctor store @0x0070D013 and the setter store @0x0070C71E)
88_MOD10_SIB_BYTE@0x0058A98D,0x0058A98D,"MOV BYTE [...+0x84],r8",ESP (boundary-verified),byte,entry~0x0058A590,UNRESOLVED,REJECTED_UNRELATED_OFFSET,partial-width (byte/word) store at +0x84; cannot fully assign the dword pointer member at factory+0x84 (dword member per the base ctor store @0x0070D013 and the setter store @0x0070C71E)
88_MOD10_SIB_BYTE@0x0058AA10,0x0058AA10,"MOV BYTE [...+0x84],r8",ESP (boundary-verified),byte,entry~0x0058A590,UNRESOLVED,REJECTED_UNRELATED_OFFSET,partial-width (byte/word) store at +0x84; cannot fully assign the dword pointer member at factory+0x84 (dword member per the base ctor store @0x0070D013 and the setter store @0x0070C71E)
88_MOD10_SIB_BYTE@0x0058AA3D,0x0058AA3D,"MOV BYTE [...+0x84],r8",ESP (boundary-verified),byte,entry~0x0058A590,UNRESOLVED,REJECTED_UNRELATED_OFFSET,partial-width (byte/word) store at +0x84; cannot fully assign the dword pointer member at factory+0x84 (dword member per the base ctor store @0x0070D013 and the setter store @0x0070C71E)
88_MOD10_SIB_BYTE@0x0058AA80,0x0058AA80,"MOV BYTE [...+0x84],r8",ESP (boundary-verified),byte,entry~0x0058A590,UNRESOLVED,REJECTED_UNRELATED_OFFSET,partial-width (byte/word) store at +0x84; cannot fully assign the dword pointer member at factory+0x84 (dword member per the base ctor store @0x0070D013 and the setter store @0x0070C71E)
C7_MOD10_SIB@0x0058AA90,0x0058AA90,"MOV [ESP+ESP*1+0x84],0xFFFFFFFF",ESP (boundary-verified),imm32=0xFFFFFFFF,entry~0x0058A590,UNRESOLVED,REJECTED_WRONG_OBJECT,stack-relative slot; the factory object is heap-allocated (new 0x118 @0x0073E2CC lazy-init); a stack slot cannot be the factory's +0x84 member
89_MOD10_disp32_SIB@0x0058ADB2,0x0058ADB2,"MOV [ESP+ESP*1+0x84],ESP",ESP (boundary-verified),ESP,entry~0x0058AD00,UNRESOLVED,REJECTED_WRONG_OBJECT,stack-relative slot; the factory object is heap-allocated (new 0x118 @0x0073E2CC lazy-init); a stack slot cannot be the factory's +0x84 member
89_MOD10_disp32_SIB@0x0058B0E6,0x0058B0E6,"MOV [ESP+ESP*1+0x84],ESP",ESP (boundary-verified),ESP,entry~0x0058B0B0,UNRESOLVED,REJECTED_WRONG_OBJECT,stack-relative slot; the factory object is heap-allocated (new 0x118 @0x0073E2CC lazy-init); a stack slot cannot be the factory's +0x84 member
8D_MOD10_disp32_SIB@0x0058B6B1,0x0058B6B1,"LEA ECX,[ESP+ESP*1+0x84]",ESP (boundary-verified),read,entry~0x0058B1C0,UNRESOLVED,REJECTED_WRONG_OBJECT,stack-relative slot; the factory object is heap-allocated (new 0x118 @0x0073E2CC lazy-init); a stack slot cannot be the factory's +0x84 member
8D_MOD10_disp32_SIB@0x0058B7A9,0x0058B7A9,"LEA ECX,[ESP+ESP*1+0x84]",ESP (boundary-verified),read,entry~0x0058B1C0,UNRESOLVED,REJECTED_WRONG_OBJECT,stack-relative slot; the factory object is heap-allocated (new 0x118 @0x0073E2CC lazy-init); a stack slot cannot be the factory's +0x84 member
89_MOD10_disp32_SIB@0x0058B84F,0x0058B84F,"MOV [ESP+ESP*1+0x84],ESP",ESP (boundary-verified),ESP,unknown,UNRESOLVED,REJECTED_WRONG_OBJECT,stack-relative slot; the factory object is heap-allocated (new 0x118 @0x0073E2CC lazy-init); a stack slot cannot be the factory's +0x84 member
8D_MOD10_disp32_SIB@0x0058B885,0x0058B885,"LEA ECX,[ESP+ESP*1+0x84]",ESP (boundary-unverified),read,unknown,NOT_A_WRITE,REJECTED_UNRELATED_OFFSET,raw byte-pattern occurrence not at a verified instruction start (part of another instruction's immediate/displacement); not an instruction
89_MOD10_disp32_SIB@0x0058B8AD,0x0058B8AD,"MOV [ESP+ESP*1+0x84],ESP",ESP (boundary-verified),ESP,unknown,UNRESOLVED,REJECTED_WRONG_OBJECT,stack-relative slot; the factory object is heap-allocated (new 0x118 @0x0073E2CC lazy-init); a stack slot cannot be the factory's +0x84 member
8B_MOD10_disp32_SIB@0x0058B8CA,0x0058B8CA,"MOV EAX,[ESP+ESP*1+0x84]",ESP (boundary-verified),read,unknown,NOT_A_WRITE,REJECTED_READ_NOT_WRITE,read/CMP form with displacement 0x84; no memory write occurs
8D_MOD10_disp32_SIB@0x0058C447,0x0058C447,"LEA ECX,[ESP+ESP*1+0x84]",ESP (boundary-verified),read,entry~0x0058C230,UNRESOLVED,REJECTED_WRONG_OBJECT,stack-relative slot; the factory object is heap-allocated (new 0x118 @0x0073E2CC lazy-init); a stack slot cannot be the factory's +0x84 member
8D_MOD10_disp32_SIB@0x0058C796,0x0058C796,"LEA ECX,[ESP+ESP*1+0x84]",ESP (boundary-verified),read,entry~0x0058C230,UNRESOLVED,REJECTED_WRONG_OBJECT,stack-relative slot; the factory object is heap-allocated (new 0x118 @0x0073E2CC lazy-init); a stack slot cannot be the factory's +0x84 member
89_MOD10_disp32_SIB@0x0058D2FE,0x0058D2FE,"MOV [ESP+ESP*1+0x84],ESP",ESP (boundary-verified),ESP,unknown,UNRESOLVED,REJECTED_WRONG_OBJECT,stack-relative slot; the factory object is heap-allocated (new 0x118 @0x0073E2CC lazy-init); a stack slot cannot be the factory's +0x84 member
89_MOD10_disp32_SIB@0x0058D30C,0x0058D30C,"MOV [ESP+ESP*1+0x84],EAX",ESP (boundary-verified),EAX,unknown,UNRESOLVED,REJECTED_WRONG_OBJECT,stack-relative slot; the factory object is heap-allocated (new 0x118 @0x0073E2CC lazy-init); a stack slot cannot be the factory's +0x84 member
89_MOD10_disp32_SIB@0x0058D3CE,0x0058D3CE,"MOV [ESP+ESP*1+0x84],ESP",ESP (boundary-verified),ESP,unknown,UNRESOLVED,REJECTED_WRONG_OBJECT,stack-relative slot; the factory object is heap-allocated (new 0x118 @0x0073E2CC lazy-init); a stack slot cannot be the factory's +0x84 member
8B_MOD10_disp32_SIB@0x00591338,0x00591338,"MOV EDX,[ESP+ESP*1+0x84]",ESP (boundary-verified),read,entry~0x00591300,NOT_A_WRITE,REJECTED_READ_NOT_WRITE,read/CMP form with displacement 0x84; no memory write occurs
8D_MOD10_disp32_SIB@0x00591375,0x00591375,"LEA ECX,[ESP+ESP*1+0x84]",ESP (boundary-verified),read,entry~0x00591300,UNRESOLVED,REJECTED_WRONG_OBJECT,stack-relative slot; the factory object is heap-allocated (new 0x118 @0x0073E2CC lazy-init); a stack slot cannot be the factory's +0x84 member
8B_MOD10_disp32_SIB@0x005952D5,0x005952D5,"MOV EAX,[ESP+ESP*1+0x84]",ESP (boundary-verified),read,unknown,NOT_A_WRITE,REJECTED_READ_NOT_WRITE,read/CMP form with displacement 0x84; no memory write occurs
8B_MOD10_disp32_SIB@0x00595370,0x00595370,"MOV ESI,[ESP+ESP*1+0x84]",ESP (boundary-verified),read,entry~0x00595320,NOT_A_WRITE,REJECTED_READ_NOT_WRITE,read/CMP form with displacement 0x84; no memory write occurs
C6_MOD10_SIB_BYTE@0x005953F8,0x005953F8,"MOV BYTE [...+0x84],imm8",ESP (boundary-verified),imm8=0x01,entry~0x00595320,UNRESOLVED,REJECTED_UNRELATED_OFFSET,partial-width (byte/word) store at +0x84; cannot fully assign the dword pointer member at factory+0x84 (dword member per the base ctor store @0x0070D013 and the setter store @0x0070C71E)
C6_MOD10_SIB_BYTE@0x00595556,0x00595556,"MOV BYTE [...+0x84],imm8",ESP (boundary-verified),imm8=0x02,entry~0x00595320,UNRESOLVED,REJECTED_UNRELATED_OFFSET,partial-width (byte/word) store at +0x84; cannot fully assign the dword pointer member at factory+0x84 (dword member per the base ctor store @0x0070D013 and the setter store @0x0070C71E)
8D_MOD10_disp32_SIB@0x005965E0,0x005965E0,"LEA ECX,[ESP+ESP*1+0x84]",ESP (boundary-verified),read,entry~0x00596520,UNRESOLVED,REJECTED_WRONG_OBJECT,stack-relative slot; the factory object is heap-allocated (new 0x118 @0x0073E2CC lazy-init); a stack slot cannot be the factory's +0x84 member
8D_MOD10_disp32_SIB@0x0059677D,0x0059677D,"LEA ECX,[ESP+ESP*1+0x84]",ESP (boundary-verified),read,entry~0x00596520,UNRESOLVED,REJECTED_WRONG_OBJECT,stack-relative slot; the factory object is heap-allocated (new 0x118 @0x0073E2CC lazy-init); a stack slot cannot be the factory's +0x84 member
8D_MOD10_disp32_SIB@0x00597AF1,0x00597AF1,"LEA EAX,[ESP+ESP*1+0x84]",ESP (boundary-verified),read,entry~0x00597AC0,UNRESOLVED,REJECTED_WRONG_OBJECT,stack-relative slot; the factory object is heap-allocated (new 0x118 @0x0073E2CC lazy-init); a stack slot cannot be the factory's +0x84 member
8D_MOD10_disp32_SIB@0x00598246,0x00598246,"LEA ECX,[ESP+ESP*1+0x84]",ESP (boundary-verified),read,entry~0x00598210,UNRESOLVED,REJECTED_WRONG_OBJECT,stack-relative slot; the factory object is heap-allocated (new 0x118 @0x0073E2CC lazy-init); a stack slot cannot be the factory's +0x84 member
8B_MOD10_disp32_SIB@0x00598DEC,0x00598DEC,"MOV EAX,[ESP+ESP*1+0x84]",ESP (boundary-verified),read,entry~0x00598DC0,NOT_A_WRITE,REJECTED_READ_NOT_WRITE,read/CMP form with displacement 0x84; no memory write occurs
89_MOD10_disp32_SIB@0x0059B403,0x0059B403,"MOV [ESP+ESP*1+0x84],ESP",ESP (boundary-verified),ESP,entry~0x0059B3B0,UNRESOLVED,REJECTED_WRONG_OBJECT,stack-relative slot; the factory object is heap-allocated (new 0x118 @0x0073E2CC lazy-init); a stack slot cannot be the factory's +0x84 member
89_MOD10_disp32_SIB@0x0059B5A9,0x0059B5A9,"MOV [ESP+ESP*1+0x84],ESP",ESP (boundary-verified),ESP,entry~0x0059B510,UNRESOLVED,REJECTED_WRONG_OBJECT,stack-relative slot; the factory object is heap-allocated (new 0x118 @0x0073E2CC lazy-init); a stack slot cannot be the factory's +0x84 member
8D_MOD10_disp32_SIB@0x0059B8EB,0x0059B8EB,"LEA EDX,[ESP+ESP*1+0x84]",ESP (boundary-unverified),read,entry~0x0059B6C0,NOT_A_WRITE,REJECTED_UNRELATED_OFFSET,raw byte-pattern occurrence not at a verified instruction start (part of another instruction's immediate/displacement); not an instruction
8B_MOD10_disp32_SIB@0x0059C4F3,0x0059C4F3,"MOV EDI,[ESP+ESP*1+0x84]",ESP (boundary-verified),read,entry~0x0059C480,NOT_A_WRITE,REJECTED_READ_NOT_WRITE,read/CMP form with displacement 0x84; no memory write occurs
8B_MOD10_disp32_SIB@0x0059C543,0x0059C543,"MOV ECX,[ESP+ESP*1+0x84]",ESP (boundary-verified),read,entry~0x0059C480,NOT_A_WRITE,REJECTED_READ_NOT_WRITE,read/CMP form with displacement 0x84; no memory write occurs
8D_MOD10_disp32_SIB@0x0059C58F,0x0059C58F,"LEA ECX,[ESP+ESP*1+0x84]",ESP (boundary-verified),read,entry~0x0059C480,UNRESOLVED,REJECTED_WRONG_OBJECT,stack-relative slot; the factory object is heap-allocated (new 0x118 @0x0073E2CC lazy-init); a stack slot cannot be the factory's +0x84 member
8D_MOD10_disp32_SIB@0x0059D2C1,0x0059D2C1,"LEA EAX,[ESP+ESP*1+0x84]",ESP (boundary-verified),read,entry~0x0059D290,UNRESOLVED,REJECTED_WRONG_OBJECT,stack-relative slot; the factory object is heap-allocated (new 0x118 @0x0073E2CC lazy-init); a stack slot cannot be the factory's +0x84 member
8D_MOD10_disp32_SIB@0x0059D406,0x0059D406,"LEA ECX,[ESP+ESP*1+0x84]",ESP (boundary-verified),read,entry~0x0059D3D0,UNRESOLVED,REJECTED_WRONG_OBJECT,stack-relative slot; the factory object is heap-allocated (new 0x118 @0x0073E2CC lazy-init); a stack slot cannot be the factory's +0x84 member
8D_MOD10_disp32_SIB@0x0059D985,0x0059D985,"LEA ECX,[ESP+ESP*1+0x84]",ESP (boundary-verified),read,entry~0x0059D790,UNRESOLVED,REJECTED_WRONG_OBJECT,stack-relative slot; the factory object is heap-allocated (new 0x118 @0x0073E2CC lazy-init); a stack slot cannot be the factory's +0x84 member
C7_MOD10_SIB@0x0059E16D,0x0059E16D,"MOV [ESP+ESP*1+0x84],0xFFFFFFFF",ESP (boundary-verified),imm32=0xFFFFFFFF,entry~0x0059E0D0,UNRESOLVED,REJECTED_WRONG_OBJECT,stack-relative slot; the factory object is heap-allocated (new 0x118 @0x0073E2CC lazy-init); a stack slot cannot be the factory's +0x84 member
C6_MOD10_SIB_BYTE@0x0059E203,0x0059E203,"MOV BYTE [...+0x84],imm8",ESP (boundary-verified),imm8=0x01,entry~0x0059E0D0,UNRESOLVED,REJECTED_UNRELATED_OFFSET,partial-width (byte/word) store at +0x84; cannot fully assign the dword pointer member at factory+0x84 (dword member per the base ctor store @0x0070D013 and the setter store @0x0070C71E)
C7_MOD10_SIB@0x0059E288,0x0059E288,"MOV [ESP+ESP*1+0x84],0xFFFFFFFF",ESP (boundary-verified),imm32=0xFFFFFFFF,entry~0x0059E0D0,UNRESOLVED,REJECTED_WRONG_OBJECT,stack-relative slot; the factory object is heap-allocated (new 0x118 @0x0073E2CC lazy-init); a stack slot cannot be the factory's +0x84 member
8D_MOD10_disp32_SIB@0x0059E4B5,0x0059E4B5,"LEA ECX,[ESP+ESP*1+0x84]",ESP (boundary-verified),read,entry~0x0059E3D0,UNRESOLVED,REJECTED_WRONG_OBJECT,stack-relative slot; the factory object is heap-allocated (new 0x118 @0x0073E2CC lazy-init); a stack slot cannot be the factory's +0x84 member
8D_MOD10_disp32_SIB@0x0059E4D6,0x0059E4D6,"LEA ECX,[ESP+ESP*1+0x84]",ESP (boundary-verified),read,entry~0x0059E3D0,UNRESOLVED,REJECTED_WRONG_OBJECT,stack-relative slot; the factory object is heap-allocated (new 0x118 @0x0073E2CC lazy-init); a stack slot cannot be the factory's +0x84 member
C7_MOD10_SIB@0x005A11A9,0x005A11A9,"MOV [ESP+ESP*1+0x84],0xE1",ESP (boundary-verified),imm32=0xE1,entry~0x005A1030,UNRESOLVED,REJECTED_WRONG_OBJECT,stack-relative slot; the factory object is heap-allocated (new 0x118 @0x0073E2CC lazy-init); a stack slot cannot be the factory's +0x84 member
8D_MOD10_disp32_SIB@0x005A18F1,0x005A18F1,"LEA EAX,[ESP+ESP*1+0x84]",ESP (boundary-verified),read,entry~0x005A18C0,UNRESOLVED,REJECTED_WRONG_OBJECT,stack-relative slot; the factory object is heap-allocated (new 0x118 @0x0073E2CC lazy-init); a stack slot cannot be the factory's +0x84 member
89_MOD10_disp32_SIB@0x005A332F,0x005A332F,"MOV [ESP+ESP*1+0x84],EAX",ESP (boundary-verified),EAX,unknown,UNRESOLVED,REJECTED_WRONG_OBJECT,stack-relative slot; the factory object is heap-allocated (new 0x118 @0x0073E2CC lazy-init); a stack slot cannot be the factory's +0x84 member
8B_MOD10_disp32@0x005A3920,0x005A3920,"MOV ECX,[ECX+0x84]",ECX (boundary-verified),read,entry~0x005A3920,NOT_A_WRITE,REJECTED_READ_NOT_WRITE,read/CMP form with displacement 0x84; no memory write occurs
8B_MOD10_disp32@0x005A3940,0x005A3940,"MOV ECX,[ECX+0x84]",ECX (boundary-verified),read,entry~0x005A3940,NOT_A_WRITE,REJECTED_READ_NOT_WRITE,read/CMP form with displacement 0x84; no memory write occurs
8B_MOD10_disp32@0x005A3A8F,0x005A3A8F,"MOV ECX,[ESI+0x84]",ESI (boundary-verified),read,entry~0x005A3A60,NOT_A_WRITE,REJECTED_READ_NOT_WRITE,read/CMP form with displacement 0x84; no memory write occurs
8B_MOD10_disp32@0x005A3AE1,0x005A3AE1,"MOV ECX,[ESI+0x84]",ESI (boundary-verified),read,entry~0x005A3A60,NOT_A_WRITE,REJECTED_READ_NOT_WRITE,read/CMP form with displacement 0x84; no memory write occurs
89_MOD10_disp32@0x005A3B07,0x005A3B07,"MOV [ESI+0x84],EDI",ESI (boundary-verified),EDI,entry~0x005A3A60,UNRESOLVED,UNRESOLVED,boundary-verified non-stack dword write to [reg+0x84]; base-register identity not resolved to any factory object within the window-level provenance bound; not established as a factory+0x84 write (no claim made)
8B_MOD10_disp32@0x005A3BFF,0x005A3BFF,"MOV ECX,[ESI+0x84]",ESI (boundary-verified),read,entry~0x005A3BD0,NOT_A_WRITE,REJECTED_READ_NOT_WRITE,read/CMP form with displacement 0x84; no memory write occurs
8B_MOD10_disp32@0x005A3C51,0x005A3C51,"MOV ECX,[ESI+0x84]",ESI (boundary-verified),read,entry~0x005A3BD0,NOT_A_WRITE,REJECTED_READ_NOT_WRITE,read/CMP form with displacement 0x84; no memory write occurs
89_MOD10_disp32@0x005A3C77,0x005A3C77,"MOV [ESI+0x84],EDI",ESI (boundary-verified),EDI,entry~0x005A3BD0,UNRESOLVED,UNRESOLVED,boundary-verified non-stack dword write to [reg+0x84]; base-register identity not resolved to any factory object within the window-level provenance bound; not established as a factory+0x84 write (no claim made)
89_MOD10_disp32@0x005A46AF,0x005A46AF,"MOV [ESI+0x84],EBX",ESI (boundary-verified),EBX,entry~0x005A45D0,UNRESOLVED,UNRESOLVED,boundary-verified non-stack dword write to [reg+0x84]; base-register identity not resolved to any factory object within the window-level provenance bound; not established as a factory+0x84 write (no claim made)
8D_MOD10_disp32_SIB@0x005A8BF3,0x005A8BF3,"LEA EAX,[ESP+ESP*1+0x84]",ESP (boundary-verified),read,unknown,UNRESOLVED,REJECTED_WRONG_OBJECT,stack-relative slot; the factory object is heap-allocated (new 0x118 @0x0073E2CC lazy-init); a stack slot cannot be the factory's +0x84 member
8D_MOD10_disp32_SIB@0x005AA4D3,0x005AA4D3,"LEA EAX,[ESP+ESP*1+0x84]",ESP (boundary-verified),read,unknown,UNRESOLVED,REJECTED_WRONG_OBJECT,stack-relative slot; the factory object is heap-allocated (new 0x118 @0x0073E2CC lazy-init); a stack slot cannot be the factory's +0x84 member
8D_MOD10_disp32_SIB@0x005AB6E0,0x005AB6E0,"LEA ECX,[ESP+ESP*1+0x84]",ESP (boundary-verified),read,entry~0x005AB5D0,UNRESOLVED,REJECTED_WRONG_OBJECT,stack-relative slot; the factory object is heap-allocated (new 0x118 @0x0073E2CC lazy-init); a stack slot cannot be the factory's +0x84 member
8D_MOD10_disp32_SIB@0x005ABBD1,0x005ABBD1,"LEA ECX,[ESP+ESP*1+0x84]",ESP (boundary-verified),read,unknown,UNRESOLVED,REJECTED_WRONG_OBJECT,stack-relative slot; the factory object is heap-allocated (new 0x118 @0x0073E2CC lazy-init); a stack slot cannot be the factory's +0x84 member
C7_MOD10@0x005AC440,0x005AC440,"MOV [ESI+0x84],0x1",ESI (boundary-verified),imm32=0x1,entry~0x005AC390,UNRESOLVED,UNRESOLVED,boundary-verified non-stack dword write to [reg+0x84]; base-register identity not resolved to any factory object within the window-level provenance bound; not established as a factory+0x84 write (no claim made)
8D_MOD10_disp32_SIB@0x005ACA14,0x005ACA14,"LEA ECX,[ESP+ESP*1+0x84]",ESP (boundary-verified),read,entry~0x005AC460,UNRESOLVED,REJECTED_WRONG_OBJECT,stack-relative slot; the factory object is heap-allocated (new 0x118 @0x0073E2CC lazy-init); a stack slot cannot be the factory's +0x84 member
89_MOD10_disp32_SIB@0x005ACA68,0x005ACA68,"MOV [ESP+ESP*1+0x84],ECX",ESP (boundary-verified),ECX,unknown,UNRESOLVED,REJECTED_WRONG_OBJECT,stack-relative slot; the factory object is heap-allocated (new 0x118 @0x0073E2CC lazy-init); a stack slot cannot be the factory's +0x84 member
8D_MOD10_disp32_SIB@0x005ACA8E,0x005ACA8E,"LEA ECX,[ESP+ESP*1+0x84]",ESP (boundary-verified),read,unknown,UNRESOLVED,REJECTED_WRONG_OBJECT,stack-relative slot; the factory object is heap-allocated (new 0x118 @0x0073E2CC lazy-init); a stack slot cannot be the factory's +0x84 member
89_MOD10_disp32_SIB@0x005AD3CD,0x005AD3CD,"MOV [ESP+ESP*1+0x84],EBX",ESP (boundary-verified),EBX,entry~0x005AD360,UNRESOLVED,REJECTED_WRONG_OBJECT,stack-relative slot; the factory object is heap-allocated (new 0x118 @0x0073E2CC lazy-init); a stack slot cannot be the factory's +0x84 member
89_MOD10_disp32_SIB@0x005AD9B7,0x005AD9B7,"MOV [ESP+ESP*1+0x84],ESI",ESP (boundary-verified),ESI,entry~0x005AD730,UNRESOLVED,REJECTED_WRONG_OBJECT,stack-relative slot; the factory object is heap-allocated (new 0x118 @0x0073E2CC lazy-init); a stack slot cannot be the factory's +0x84 member
8B_MOD10_disp32_SIB@0x005ADA3E,0x005ADA3E,"MOV EAX,[ESP+ESP*1+0x84]",ESP (boundary-verified),read,entry~0x005AD730,NOT_A_WRITE,REJECTED_READ_NOT_WRITE,read/CMP form with displacement 0x84; no memory write occurs
89_MOD10_disp32_SIB@0x005ADA69,0x005ADA69,"MOV [ESP+ESP*1+0x84],ESI",ESP (boundary-unverified),ESI,entry~0x005AD730,NOT_A_WRITE,REJECTED_UNRELATED_OFFSET,raw byte-pattern occurrence not at a verified instruction start (part of another instruction's immediate/displacement); not an instruction
8D_MOD10_disp32_SIB@0x005ADE71,0x005ADE71,"LEA ECX,[ESP+ESP*1+0x84]",ESP (boundary-verified),read,entry~0x005ADD10,UNRESOLVED,REJECTED_WRONG_OBJECT,stack-relative slot; the factory object is heap-allocated (new 0x118 @0x0073E2CC lazy-init); a stack slot cannot be the factory's +0x84 member
C7_MOD10_SIB@0x005B22E1,0x005B22E1,"MOV [ESP+ESP*1+0x84],0x4A7AA",ESP (boundary-verified),imm32=0x4A7AA,unknown,UNRESOLVED,REJECTED_WRONG_OBJECT,stack-relative slot; the factory object is heap-allocated (new 0x118 @0x0073E2CC lazy-init); a stack slot cannot be the factory's +0x84 member
8D_MOD10_disp32_SIB@0x005B36C5,0x005B36C5,"LEA ECX,[ESP+ESP*1+0x84]",ESP (boundary-verified),read,unknown,UNRESOLVED,REJECTED_WRONG_OBJECT,stack-relative slot; the factory object is heap-allocated (new 0x118 @0x0073E2CC lazy-init); a stack slot cannot be the factory's +0x84 member
8D_MOD10_disp32_SIB@0x005B508C,0x005B508C,"LEA EAX,[ESP+ESP*1+0x84]",ESP (boundary-verified),read,entry~0x005B5070,UNRESOLVED,REJECTED_WRONG_OBJECT,stack-relative slot; the factory object is heap-allocated (new 0x118 @0x0073E2CC lazy-init); a stack slot cannot be the factory's +0x84 member
8B_MOD10_disp32_SIB@0x005B5197,0x005B5197,"MOV ECX,[ESP+ESP*1+0x84]",ESP (boundary-verified),read,entry~0x005B5070,NOT_A_WRITE,REJECTED_READ_NOT_WRITE,read/CMP form with displacement 0x84; no memory write occurs
8D_MOD10_disp32_SIB@0x005B6B30,0x005B6B30,"LEA ECX,[ESP+ESP*1+0x84]",ESP (boundary-verified),read,entry~0x005B6890,UNRESOLVED,REJECTED_WRONG_OBJECT,stack-relative slot; the factory object is heap-allocated (new 0x118 @0x0073E2CC lazy-init); a stack slot cannot be the factory's +0x84 member
89_MOD10_disp32_SIB@0x005B6B5B,0x005B6B5B,"MOV [ESP+ESP*1+0x84],EAX",ESP (boundary-verified),EAX,entry~0x005B6890,UNRESOLVED,REJECTED_WRONG_OBJECT,stack-relative slot; the factory object is heap-allocated (new 0x118 @0x0073E2CC lazy-init); a stack slot cannot be the factory's +0x84 member
8D_MOD10_disp32_SIB@0x005B73A0,0x005B73A0,"LEA ECX,[ESP+ESP*1+0x84]",ESP (boundary-verified),read,entry~0x005B72C0,UNRESOLVED,REJECTED_WRONG_OBJECT,stack-relative slot; the factory object is heap-allocated (new 0x118 @0x0073E2CC lazy-init); a stack slot cannot be the factory's +0x84 member
89_MOD10_disp32@0x005B7627,0x005B7627,"MOV [ECX+0x84],EAX",ECX (boundary-verified),EAX,entry~0x005B75B0,UNRESOLVED,UNRESOLVED,boundary-verified non-stack dword write to [reg+0x84]; base-register identity not resolved to any factory object within the window-level provenance bound; not established as a factory+0x84 write (no claim made)
8D_MOD10_disp32_SIB@0x005BA9C5,0x005BA9C5,"LEA ECX,[ESP+ESP*1+0x84]",ESP (boundary-verified),read,entry~0x005BA570,UNRESOLVED,REJECTED_WRONG_OBJECT,stack-relative slot; the factory object is heap-allocated (new 0x118 @0x0073E2CC lazy-init); a stack slot cannot be the factory's +0x84 member
C7_MOD10_SIB@0x005BAE73,0x005BAE73,"MOV [ESP+ESP*1+0x84],0x8",ESP (boundary-verified),imm32=0x8,entry~0x005BAC90,UNRESOLVED,REJECTED_WRONG_OBJECT,stack-relative slot; the factory object is heap-allocated (new 0x118 @0x0073E2CC lazy-init); a stack slot cannot be the factory's +0x84 member
C7_MOD10_SIB@0x005BAF1A,0x005BAF1A,"MOV [ESP+ESP*1+0x84],0xC",ESP (boundary-verified),imm32=0xC,entry~0x005BAC90,UNRESOLVED,REJECTED_WRONG_OBJECT,stack-relative slot; the factory object is heap-allocated (new 0x118 @0x0073E2CC lazy-init); a stack slot cannot be the factory's +0x84 member
8B_MOD10_disp32_SIB@0x005BAFB9,0x005BAFB9,"MOV EBP,[ESP+ESP*1+0x84]",ESP (boundary-verified),read,entry~0x005BAC90,NOT_A_WRITE,REJECTED_READ_NOT_WRITE,read/CMP form with displacement 0x84; no memory write occurs
89_MOD10_disp32_SIB@0x005BB033,0x005BB033,"MOV [ESP+ESP*1+0x84],ECX",ESP (boundary-verified),ECX,entry~0x005BAC90,UNRESOLVED,REJECTED_WRONG_OBJECT,stack-relative slot; the factory object is heap-allocated (new 0x118 @0x0073E2CC lazy-init); a stack slot cannot be the factory's +0x84 member
8D_MOD10_disp32_SIB@0x005BB0C0,0x005BB0C0,"LEA ECX,[ESP+ESP*1+0x84]",ESP (boundary-verified),read,entry~0x005BAC90,UNRESOLVED,REJECTED_WRONG_OBJECT,stack-relative slot; the factory object is heap-allocated (new 0x118 @0x0073E2CC lazy-init); a stack slot cannot be the factory's +0x84 member
8D_MOD10_disp32_SIB@0x005BB122,0x005BB122,"LEA ECX,[ESP+ESP*1+0x84]",ESP (boundary-verified),read,entry~0x005BAC90,UNRESOLVED,REJECTED_WRONG_OBJECT,stack-relative slot; the factory object is heap-allocated (new 0x118 @0x0073E2CC lazy-init); a stack slot cannot be the factory's +0x84 member
8D_MOD10_disp32_SIB@0x005BCA63,0x005BCA63,"LEA ECX,[ESP+ESP*1+0x84]",ESP (boundary-verified),read,entry~0x005BC880,UNRESOLVED,REJECTED_WRONG_OBJECT,stack-relative slot; the factory object is heap-allocated (new 0x118 @0x0073E2CC lazy-init); a stack slot cannot be the factory's +0x84 member
8D_MOD10_disp32_SIB@0x005BDBB2,0x005BDBB2,"LEA ECX,[ESP+ESP*1+0x84]",ESP (boundary-verified),read,unknown,UNRESOLVED,REJECTED_WRONG_OBJECT,stack-relative slot; the factory object is heap-allocated (new 0x118 @0x0073E2CC lazy-init); a stack slot cannot be the factory's +0x84 member
89_MOD10_disp32_SIB@0x005BEE18,0x005BEE18,"MOV [ESP+ESP*1+0x84],EBX",ESP (boundary-verified),EBX,entry~0x005BEA10,UNRESOLVED,REJECTED_WRONG_OBJECT,stack-relative slot; the factory object is heap-allocated (new 0x118 @0x0073E2CC lazy-init); a stack slot cannot be the factory's +0x84 member
8D_MOD10_disp32_SIB@0x005BEE41,0x005BEE41,"LEA ECX,[ESP+ESP*1+0x84]",ESP (boundary-unverified),read,entry~0x005BEA10,NOT_A_WRITE,REJECTED_UNRELATED_OFFSET,raw byte-pattern occurrence not at a verified instruction start (part of another instruction's immediate/displacement); not an instruction
8D_MOD10_disp32_SIB@0x005BEEAB,0x005BEEAB,"LEA ECX,[ESP+ESP*1+0x84]",ESP (boundary-verified),read,entry~0x005BEA10,UNRESOLVED,REJECTED_WRONG_OBJECT,stack-relative slot; the factory object is heap-allocated (new 0x118 @0x0073E2CC lazy-init); a stack slot cannot be the factory's +0x84 member
8D_MOD10_disp32_SIB@0x005BEEDC,0x005BEEDC,"LEA ECX,[ESP+ESP*1+0x84]",ESP (boundary-verified),read,entry~0x005BEA10,UNRESOLVED,REJECTED_WRONG_OBJECT,stack-relative slot; the factory object is heap-allocated (new 0x118 @0x0073E2CC lazy-init); a stack slot cannot be the factory's +0x84 member
8D_MOD10_disp32_SIB@0x005BEF3B,0x005BEF3B,"LEA ECX,[ESP+ESP*1+0x84]",ESP (boundary-verified),read,entry~0x005BEA10,UNRESOLVED,REJECTED_WRONG_OBJECT,stack-relative slot; the factory object is heap-allocated (new 0x118 @0x0073E2CC lazy-init); a stack slot cannot be the factory's +0x84 member
8D_MOD10_disp32_SIB@0x005BEF6C,0x005BEF6C,"LEA ECX,[ESP+ESP*1+0x84]",ESP (boundary-verified),read,entry~0x005BEA10,UNRESOLVED,REJECTED_WRONG_OBJECT,stack-relative slot; the factory object is heap-allocated (new 0x118 @0x0073E2CC lazy-init); a stack slot cannot be the factory's +0x84 member
8D_MOD10_disp32_SIB@0x005BF04E,0x005BF04E,"LEA ECX,[ESP+ESP*1+0x84]",ESP (boundary-verified),read,unknown,UNRESOLVED,REJECTED_WRONG_OBJECT,stack-relative slot; the factory object is heap-allocated (new 0x118 @0x0073E2CC lazy-init); a stack slot cannot be the factory's +0x84 member
8D_MOD10_disp32_SIB@0x005BF084,0x005BF084,"LEA ECX,[ESP+ESP*1+0x84]",ESP (boundary-verified),read,unknown,UNRESOLVED,REJECTED_WRONG_OBJECT,stack-relative slot; the factory object is heap-allocated (new 0x118 @0x0073E2CC lazy-init); a stack slot cannot be the factory's +0x84 member
8B_MOD10_disp32_SIB@0x005BF12B,0x005BF12B,"MOV EAX,[ESP+ESP*1+0x84]",ESP (boundary-verified),read,unknown,NOT_A_WRITE,REJECTED_READ_NOT_WRITE,read/CMP form with displacement 0x84; no memory write occurs
8B_MOD10_disp32_SIB@0x005BF255,0x005BF255,"MOV EAX,[ESP+ESP*1+0x84]",ESP (boundary-verified),read,unknown,NOT_A_WRITE,REJECTED_READ_NOT_WRITE,read/CMP form with displacement 0x84; no memory write occurs
8D_MOD10_disp32_SIB@0x005BF7AC,0x005BF7AC,"LEA ECX,[ESP+ESP*1+0x84]",ESP (boundary-verified),read,entry~0x005BF770,UNRESOLVED,REJECTED_WRONG_OBJECT,stack-relative slot; the factory object is heap-allocated (new 0x118 @0x0073E2CC lazy-init); a stack slot cannot be the factory's +0x84 member
8D_MOD10_disp32_SIB@0x005C105C,0x005C105C,"LEA ECX,[ESP+ESP*1+0x84]",ESP (boundary-verified),read,unknown,UNRESOLVED,REJECTED_WRONG_OBJECT,stack-relative slot; the factory object is heap-allocated (new 0x118 @0x0073E2CC lazy-init); a stack slot cannot be the factory's +0x84 member
C6_MOD10_SIB_BYTE@0x005C1632,0x005C1632,"MOV BYTE [...+0x84],imm8",ESP (boundary-verified),imm8=0x01,entry~0x005C1590,UNRESOLVED,REJECTED_UNRELATED_OFFSET,partial-width (byte/word) store at +0x84; cannot fully assign the dword pointer member at factory+0x84 (dword member per the base ctor store @0x0070D013 and the setter store @0x0070C71E)
C7_MOD10_SIB@0x005C1D48,0x005C1D48,"MOV [ESP+ESP*1+0x84],0xFFFFFFFF",ESP (boundary-verified),imm32=0xFFFFFFFF,entry~0x005C18B0,UNRESOLVED,REJECTED_WRONG_OBJECT,stack-relative slot; the factory object is heap-allocated (new 0x118 @0x0073E2CC lazy-init); a stack slot cannot be the factory's +0x84 member
8D_MOD10_disp32_SIB@0x005C2527,0x005C2527,"LEA ECX,[ESP+ESP*1+0x84]",ESP (boundary-verified),read,entry~0x005C23E0,UNRESOLVED,REJECTED_WRONG_OBJECT,stack-relative slot; the factory object is heap-allocated (new 0x118 @0x0073E2CC lazy-init); a stack slot cannot be the factory's +0x84 member
8D_MOD10_disp32_SIB@0x005C2CFB,0x005C2CFB,"LEA ECX,[ESP+ESP*1+0x84]",ESP (boundary-verified),read,entry~0x005C2910,UNRESOLVED,REJECTED_WRONG_OBJECT,stack-relative slot; the factory object is heap-allocated (new 0x118 @0x0073E2CC lazy-init); a stack slot cannot be the factory's +0x84 member
89_MOD10_disp32@0x005C3E0A,0x005C3E0A,"MOV [ESI+0x84],ECX",ESI (boundary-verified),ECX,entry~0x005C3DA0,UNRESOLVED,UNRESOLVED,boundary-verified non-stack dword write to [reg+0x84]; base-register identity not resolved to any factory object within the window-level provenance bound; not established as a factory+0x84 write (no claim made)
8B_MOD10_disp32_SIB@0x005C4839,0x005C4839,"MOV EAX,[ESP+ESP*1+0x84]",ESP (boundary-verified),read,entry~0x005C4810,NOT_A_WRITE,REJECTED_READ_NOT_WRITE,read/CMP form with displacement 0x84; no memory write occurs
C6_MOD10_SIB_BYTE@0x005C48E5,0x005C48E5,"MOV BYTE [...+0x84],imm8",ESP (boundary-verified),imm8=0x03,entry~0x005C4810,UNRESOLVED,REJECTED_UNRELATED_OFFSET,partial-width (byte/word) store at +0x84; cannot fully assign the dword pointer member at factory+0x84 (dword member per the base ctor store @0x0070D013 and the setter store @0x0070C71E)
8D_MOD10_disp32_SIB@0x005C518E,0x005C518E,"LEA ECX,[ESP+ESP*1+0x84]",ESP (boundary-verified),read,entry~0x005C4FC0,UNRESOLVED,REJECTED_WRONG_OBJECT,stack-relative slot; the factory object is heap-allocated (new 0x118 @0x0073E2CC lazy-init); a stack slot cannot be the factory's +0x84 member
8D_MOD10_disp32_SIB@0x005C821B,0x005C821B,"LEA ECX,[ESP+ESP*1+0x84]",ESP (boundary-verified),read,entry~0x005C7F40,UNRESOLVED,REJECTED_WRONG_OBJECT,stack-relative slot; the factory object is heap-allocated (new 0x118 @0x0073E2CC lazy-init); a stack slot cannot be the factory's +0x84 member
8D_MOD10_disp32_SIB@0x005C92B1,0x005C92B1,"LEA ECX,[ESP+ESP*1+0x84]",ESP (boundary-verified),read,unknown,UNRESOLVED,REJECTED_WRONG_OBJECT,stack-relative slot; the factory object is heap-allocated (new 0x118 @0x0073E2CC lazy-init); a stack slot cannot be the factory's +0x84 member
8D_MOD10_disp32_SIB@0x005C93A3,0x005C93A3,"LEA ECX,[ESP+ESP*1+0x84]",ESP (boundary-verified),read,unknown,UNRESOLVED,REJECTED_WRONG_OBJECT,stack-relative slot; the factory object is heap-allocated (new 0x118 @0x0073E2CC lazy-init); a stack slot cannot be the factory's +0x84 member
8D_MOD10_disp32_SIB@0x005CACA2,0x005CACA2,"LEA ECX,[ESP+ESP*1+0x84]",ESP (boundary-verified),read,entry~0x005CAA70,UNRESOLVED,REJECTED_WRONG_OBJECT,stack-relative slot; the factory object is heap-allocated (new 0x118 @0x0073E2CC lazy-init); a stack slot cannot be the factory's +0x84 member
8D_MOD10_disp32_SIB@0x005CB586,0x005CB586,"LEA ECX,[ESP+ESP*1+0x84]",ESP (boundary-verified),read,entry~0x005CB2C0,UNRESOLVED,REJECTED_WRONG_OBJECT,stack-relative slot; the factory object is heap-allocated (new 0x118 @0x0073E2CC lazy-init); a stack slot cannot be the factory's +0x84 member
8D_MOD10_disp32_SIB@0x005CB8B3,0x005CB8B3,"LEA ECX,[ESP+ESP*1+0x84]",ESP (boundary-verified),read,entry~0x005CB2C0,UNRESOLVED,REJECTED_WRONG_OBJECT,stack-relative slot; the factory object is heap-allocated (new 0x118 @0x0073E2CC lazy-init); a stack slot cannot be the factory's +0x84 member
8D_MOD10_disp32_SIB@0x005CBA30,0x005CBA30,"LEA ECX,[ESP+ESP*1+0x84]",ESP (boundary-verified),read,unknown,UNRESOLVED,REJECTED_WRONG_OBJECT,stack-relative slot; the factory object is heap-allocated (new 0x118 @0x0073E2CC lazy-init); a stack slot cannot be the factory's +0x84 member
8D_MOD10_disp32_SIB@0x005CBB96,0x005CBB96,"LEA ECX,[ESP+ESP*1+0x84]",ESP (boundary-verified),read,unknown,UNRESOLVED,REJECTED_WRONG_OBJECT,stack-relative slot; the factory object is heap-allocated (new 0x118 @0x0073E2CC lazy-init); a stack slot cannot be the factory's +0x84 member
8D_MOD10_disp32_SIB@0x005CBD59,0x005CBD59,"LEA ECX,[ESP+ESP*1+0x84]",ESP (boundary-verified),read,unknown,UNRESOLVED,REJECTED_WRONG_OBJECT,stack-relative slot; the factory object is heap-allocated (new 0x118 @0x0073E2CC lazy-init); a stack slot cannot be the factory's +0x84 member
8B_MOD10_disp32_SIB@0x005CC0A2,0x005CC0A2,"MOV ESI,[ESP+ESP*1+0x84]",ESP (boundary-verified),read,entry~0x005CC070,NOT_A_WRITE,REJECTED_READ_NOT_WRITE,read/CMP form with displacement 0x84; no memory write occurs
C7_MOD10_SIB@0x005CC115,0x005CC115,"MOV [ESP+ESP*1+0x84],0x0",ESP (boundary-verified),imm32=0x0,entry~0x005CC070,UNRESOLVED,REJECTED_WRONG_OBJECT,stack-relative slot; the factory object is heap-allocated (new 0x118 @0x0073E2CC lazy-init); a stack slot cannot be the factory's +0x84 member
C6_MOD10_SIB_BYTE@0x005CC68C,0x005CC68C,"MOV BYTE [...+0x84],imm8",ESP (boundary-verified),imm8=0x03,entry~0x005CC570,UNRESOLVED,REJECTED_UNRELATED_OFFSET,partial-width (byte/word) store at +0x84; cannot fully assign the dword pointer member at factory+0x84 (dword member per the base ctor store @0x0070D013 and the setter store @0x0070C71E)
8D_MOD10_disp32_SIB@0x005CE0ED,0x005CE0ED,"LEA ECX,[ESP+ESP*1+0x84]",ESP (boundary-verified),read,entry~0x005CDE80,UNRESOLVED,REJECTED_WRONG_OBJECT,stack-relative slot; the factory object is heap-allocated (new 0x118 @0x0073E2CC lazy-init); a stack slot cannot be the factory's +0x84 member
8D_MOD10_disp32_SIB@0x005CE0FA,0x005CE0FA,"LEA ECX,[ESP+ESP*1+0x84]",ESP (boundary-verified),read,entry~0x005CDE80,UNRESOLVED,REJECTED_WRONG_OBJECT,stack-relative slot; the factory object is heap-allocated (new 0x118 @0x0073E2CC lazy-init); a stack slot cannot be the factory's +0x84 member
8D_MOD10_disp32_SIB@0x005CFB0B,0x005CFB0B,"LEA ECX,[ESP+ESP*1+0x84]",ESP (boundary-verified),read,entry~0x005CF900,UNRESOLVED,REJECTED_WRONG_OBJECT,stack-relative slot; the factory object is heap-allocated (new 0x118 @0x0073E2CC lazy-init); a stack slot cannot be the factory's +0x84 member
8D_MOD10_disp32_SIB@0x005D1262,0x005D1262,"LEA ECX,[ESP+ESP*1+0x84]",ESP (boundary-verified),read,unknown,UNRESOLVED,REJECTED_WRONG_OBJECT,stack-relative slot; the factory object is heap-allocated (new 0x118 @0x0073E2CC lazy-init); a stack slot cannot be the factory's +0x84 member
89_MOD10_disp32@0x005D1A42,0x005D1A42,"MOV [ESI+0x84],EAX",ESI (boundary-verified),EAX,entry~0x005D1700,UNRESOLVED,UNRESOLVED,boundary-verified non-stack dword write to [reg+0x84]; base-register identity not resolved to any factory object within the window-level provenance bound; not established as a factory+0x84 write (no claim made)
8B_MOD10_disp32@0x005D1A83,0x005D1A83,"MOV ECX,[ESI+0x84]",ESI (boundary-verified),read,entry~0x005D1700,NOT_A_WRITE,REJECTED_READ_NOT_WRITE,read/CMP form with displacement 0x84; no memory write occurs
8B_MOD10_disp32@0x005D1B29,0x005D1B29,"MOV ECX,[ESI+0x84]",ESI (boundary-verified),read,entry~0x005D1700,NOT_A_WRITE,REJECTED_READ_NOT_WRITE,read/CMP form with displacement 0x84; no memory write occurs
8B_MOD10_disp32@0x005D20AD,0x005D20AD,"MOV ECX,[ESI+0x84]",ESI (boundary-verified),read,entry~0x005D1FA0,NOT_A_WRITE,REJECTED_READ_NOT_WRITE,read/CMP form with displacement 0x84; no memory write occurs
8D_MOD10_disp32_SIB@0x005D2256,0x005D2256,"LEA EAX,[ESP+ESP*1+0x84]",ESP (boundary-verified),read,entry~0x005D1FA0,UNRESOLVED,REJECTED_WRONG_OBJECT,stack-relative slot; the factory object is heap-allocated (new 0x118 @0x0073E2CC lazy-init); a stack slot cannot be the factory's +0x84 member
8B_MOD10_disp32@0x005D229D,0x005D229D,"MOV ECX,[ESI+0x84]",ESI (boundary-verified),read,entry~0x005D1FA0,NOT_A_WRITE,REJECTED_READ_NOT_WRITE,read/CMP form with displacement 0x84; no memory write occurs
8D_MOD10_disp32_SIB@0x005D29E3,0x005D29E3,"LEA ECX,[ESP+ESP*1+0x84]",ESP (boundary-verified),read,unknown,UNRESOLVED,REJECTED_WRONG_OBJECT,stack-relative slot; the factory object is heap-allocated (new 0x118 @0x0073E2CC lazy-init); a stack slot cannot be the factory's +0x84 member
8D_MOD10_disp32_SIB@0x005D2AEF,0x005D2AEF,"LEA ECX,[ESP+ESP*1+0x84]",ESP (boundary-verified),read,unknown,UNRESOLVED,REJECTED_WRONG_OBJECT,stack-relative slot; the factory object is heap-allocated (new 0x118 @0x0073E2CC lazy-init); a stack slot cannot be the factory's +0x84 member
89_MOD10_disp32@0x005D3B71,0x005D3B71,"MOV [ESI+0x84],EDI",ESI (boundary-verified),EDI,entry~0x005D3AE0,UNRESOLVED,UNRESOLVED,boundary-verified non-stack dword write to [reg+0x84]; base-register identity not resolved to any factory object within the window-level provenance bound; not established as a factory+0x84 write (no claim made)
8D_MOD10_disp32_SIB@0x005D70FA,0x005D70FA,"LEA ECX,[ESP+ESP*1+0x84]",ESP (boundary-verified),read,entry~0x005D6FD0,UNRESOLVED,REJECTED_WRONG_OBJECT,stack-relative slot; the factory object is heap-allocated (new 0x118 @0x0073E2CC lazy-init); a stack slot cannot be the factory's +0x84 member
8D_MOD10_disp32_SIB@0x005D878D,0x005D878D,"LEA ECX,[ESP+ESP*1+0x84]",ESP (boundary-verified),read,unknown,UNRESOLVED,REJECTED_WRONG_OBJECT,stack-relative slot; the factory object is heap-allocated (new 0x118 @0x0073E2CC lazy-init); a stack slot cannot be the factory's +0x84 member
8D_MOD10_disp32_SIB@0x005DBB97,0x005DBB97,"LEA ECX,[ESP+ESP*1+0x84]",ESP (boundary-verified),read,unknown,UNRESOLVED,REJECTED_WRONG_OBJECT,stack-relative slot; the factory object is heap-allocated (new 0x118 @0x0073E2CC lazy-init); a stack slot cannot be the factory's +0x84 member
89_MOD10_disp32_SIB@0x005DD2EC,0x005DD2EC,"MOV [ESP+ESP*1+0x84],EBX",ESP (boundary-verified),EBX,entry~0x005DD090,UNRESOLVED,REJECTED_WRONG_OBJECT,stack-relative slot; the factory object is heap-allocated (new 0x118 @0x0073E2CC lazy-init); a stack slot cannot be the factory's +0x84 member
8D_MOD10_disp32_SIB@0x005DD36D,0x005DD36D,"LEA ECX,[ESP+ESP*1+0x84]",ESP (boundary-verified),read,entry~0x005DD090,UNRESOLVED,REJECTED_WRONG_OBJECT,stack-relative slot; the factory object is heap-allocated (new 0x118 @0x0073E2CC lazy-init); a stack slot cannot be the factory's +0x84 member
8D_MOD10_disp32_SIB@0x005DD3DF,0x005DD3DF,"LEA ECX,[ESP+ESP*1+0x84]",ESP (boundary-verified),read,entry~0x005DD090,UNRESOLVED,REJECTED_WRONG_OBJECT,stack-relative slot; the factory object is heap-allocated (new 0x118 @0x0073E2CC lazy-init); a stack slot cannot be the factory's +0x84 member
8D_MOD10_disp32_SIB@0x005DD8F5,0x005DD8F5,"LEA ECX,[ESP+ESP*1+0x84]",ESP (boundary-verified),read,unknown,UNRESOLVED,REJECTED_WRONG_OBJECT,stack-relative slot; the factory object is heap-allocated (new 0x118 @0x0073E2CC lazy-init); a stack slot cannot be the factory's +0x84 member
8D_MOD10_disp32_SIB@0x005DDABF,0x005DDABF,"LEA ECX,[ESP+ESP*1+0x84]",ESP (boundary-verified),read,unknown,UNRESOLVED,REJECTED_WRONG_OBJECT,stack-relative slot; the factory object is heap-allocated (new 0x118 @0x0073E2CC lazy-init); a stack slot cannot be the factory's +0x84 member
89_MOD10_disp32_SIB@0x005DDDE6,0x005DDDE6,"MOV [ESP+ESP*1+0x84],EBX",ESP (boundary-verified),EBX,unknown,UNRESOLVED,REJECTED_WRONG_OBJECT,stack-relative slot; the factory object is heap-allocated (new 0x118 @0x0073E2CC lazy-init); a stack slot cannot be the factory's +0x84 member
89_MOD10_disp32_SIB@0x005DDEE6,0x005DDEE6,"MOV [ESP+ESP*1+0x84],EBX",ESP (boundary-verified),EBX,unknown,UNRESOLVED,REJECTED_WRONG_OBJECT,stack-relative slot; the factory object is heap-allocated (new 0x118 @0x0073E2CC lazy-init); a stack slot cannot be the factory's +0x84 member
8D_MOD10_disp32_SIB@0x005E1D5E,0x005E1D5E,"LEA ECX,[ESP+ESP*1+0x84]",ESP (boundary-verified),read,unknown,UNRESOLVED,REJECTED_WRONG_OBJECT,stack-relative slot; the factory object is heap-allocated (new 0x118 @0x0073E2CC lazy-init); a stack slot cannot be the factory's +0x84 member
89_MOD10_disp32_SIB@0x005E2ACB,0x005E2ACB,"MOV [ESP+ESP*1+0x84],EAX",ESP (boundary-verified),EAX,entry~0x005E2AB0,UNRESOLVED,REJECTED_WRONG_OBJECT,stack-relative slot; the factory object is heap-allocated (new 0x118 @0x0073E2CC lazy-init); a stack slot cannot be the factory's +0x84 member
8B_MOD10_disp32_SIB@0x005E2DCC,0x005E2DCC,"MOV ECX,[ESP+ESP*1+0x84]",ESP (boundary-verified),read,entry~0x005E2AB0,NOT_A_WRITE,REJECTED_READ_NOT_WRITE,read/CMP form with displacement 0x84; no memory write occurs
8B_MOD10_disp32_SIB@0x005E2E72,0x005E2E72,"MOV ECX,[ESP+ESP*1+0x84]",ESP (boundary-verified),read,entry~0x005E2AB0,NOT_A_WRITE,REJECTED_READ_NOT_WRITE,read/CMP form with displacement 0x84; no memory write occurs
8D_MOD10_disp32_SIB@0x005E3BBB,0x005E3BBB,"LEA EAX,[ESP+ESP*1+0x84]",ESP (boundary-verified),read,entry~0x005E3690,UNRESOLVED,REJECTED_WRONG_OBJECT,stack-relative slot; the factory object is heap-allocated (new 0x118 @0x0073E2CC lazy-init); a stack slot cannot be the factory's +0x84 member
89_MOD10_disp32_SIB@0x005E502B,0x005E502B,"MOV [ESP+ESP*1+0x84],EAX",ESP (boundary-verified),EAX,entry~0x005E5010,UNRESOLVED,REJECTED_WRONG_OBJECT,stack-relative slot; the factory object is heap-allocated (new 0x118 @0x0073E2CC lazy-init); a stack slot cannot be the factory's +0x84 member
89_MOD10_disp32_SIB@0x005E508A,0x005E508A,"MOV [ESP+ESP*1+0x84],EBP",ESP (boundary-verified),EBP,entry~0x005E5010,UNRESOLVED,REJECTED_WRONG_OBJECT,stack-relative slot; the factory object is heap-allocated (new 0x118 @0x0073E2CC lazy-init); a stack slot cannot be the factory's +0x84 member
8B_MOD10_disp32_SIB@0x005E559F,0x005E559F,"MOV ECX,[ESP+ESP*1+0x84]",ESP (boundary-verified),read,entry~0x005E5010,NOT_A_WRITE,REJECTED_READ_NOT_WRITE,read/CMP form with displacement 0x84; no memory write occurs
8D_MOD10_disp32_SIB@0x005E56AE,0x005E56AE,"LEA ECX,[ESP+ESP*1+0x84]",ESP (boundary-verified),read,entry~0x005E55C0,UNRESOLVED,REJECTED_WRONG_OBJECT,stack-relative slot; the factory object is heap-allocated (new 0x118 @0x0073E2CC lazy-init); a stack slot cannot be the factory's +0x84 member
8D_MOD10_disp32_SIB@0x005E7715,0x005E7715,"LEA ECX,[ESP+ESP*1+0x84]",ESP (boundary-verified),read,unknown,UNRESOLVED,REJECTED_WRONG_OBJECT,stack-relative slot; the factory object is heap-allocated (new 0x118 @0x0073E2CC lazy-init); a stack slot cannot be the factory's +0x84 member
8B_MOD10_disp32_SIB@0x005EA40E,0x005EA40E,"MOV ECX,[ESP+ESP*1+0x84]",ESP (boundary-verified),read,unknown,NOT_A_WRITE,REJECTED_READ_NOT_WRITE,read/CMP form with displacement 0x84; no memory write occurs
8B_MOD10_disp32_SIB@0x005EA603,0x005EA603,"MOV ECX,[ESP+ESP*1+0x84]",ESP (boundary-verified),read,unknown,NOT_A_WRITE,REJECTED_READ_NOT_WRITE,read/CMP form with displacement 0x84; no memory write occurs
8B_MOD10_disp32_SIB@0x005EA6D4,0x005EA6D4,"MOV ECX,[ESP+ESP*1+0x84]",ESP (boundary-verified),read,unknown,NOT_A_WRITE,REJECTED_READ_NOT_WRITE,read/CMP form with displacement 0x84; no memory write occurs
C6_MOD10_SIB_BYTE@0x005EB611,0x005EB611,"MOV BYTE [...+0x84],imm8",ESP (boundary-verified),imm8=0x05,entry~0x005EB470,UNRESOLVED,REJECTED_UNRELATED_OFFSET,partial-width (byte/word) store at +0x84; cannot fully assign the dword pointer member at factory+0x84 (dword member per the base ctor store @0x0070D013 and the setter store @0x0070C71E)
8D_MOD10_disp32_SIB@0x005EBF46,0x005EBF46,"LEA ECX,[ESP+ESP*1+0x84]",ESP (boundary-verified),read,entry~0x005EBDC0,UNRESOLVED,REJECTED_WRONG_OBJECT,stack-relative slot; the factory object is heap-allocated (new 0x118 @0x0073E2CC lazy-init); a stack slot cannot be the factory's +0x84 member
8D_MOD10_disp32_SIB@0x005ECC35,0x005ECC35,"LEA ECX,[ESP+ESP*1+0x84]",ESP (boundary-verified),read,unknown,UNRESOLVED,REJECTED_WRONG_OBJECT,stack-relative slot; the factory object is heap-allocated (new 0x118 @0x0073E2CC lazy-init); a stack slot cannot be the factory's +0x84 member
8D_MOD10_disp32_SIB@0x005ECCA9,0x005ECCA9,"LEA ECX,[ESP+ESP*1+0x84]",ESP (boundary-verified),read,unknown,UNRESOLVED,REJECTED_WRONG_OBJECT,stack-relative slot; the factory object is heap-allocated (new 0x118 @0x0073E2CC lazy-init); a stack slot cannot be the factory's +0x84 member
88_MOD10_BYTE@0x005ED263,0x005ED263,"MOV BYTE [ESI+0x84],AL",ESI (boundary-verified),byte,entry~0x005ED200,UNRESOLVED,REJECTED_UNRELATED_OFFSET,partial-width (byte/word) store at +0x84; cannot fully assign the dword pointer member at factory+0x84 (dword member per the base ctor store @0x0070D013 and the setter store @0x0070C71E)
8D_MOD10_disp32_SIB@0x005ED7C1,0x005ED7C1,"LEA ECX,[ESP+ESP*1+0x84]",ESP (boundary-verified),read,entry~0x005ED300,UNRESOLVED,REJECTED_WRONG_OBJECT,stack-relative slot; the factory object is heap-allocated (new 0x118 @0x0073E2CC lazy-init); a stack slot cannot be the factory's +0x84 member
89_MOD10_disp32_SIB@0x005EE544,0x005EE544,"MOV [ESP+ESP*1+0x84],EBX",ESP (boundary-verified),EBX,entry~0x005EE500,UNRESOLVED,REJECTED_WRONG_OBJECT,stack-relative slot; the factory object is heap-allocated (new 0x118 @0x0073E2CC lazy-init); a stack slot cannot be the factory's +0x84 member
88_MOD10_BYTE@0x005EE66D,0x005EE66D,"MOV BYTE [ESI+0x84],BL",ESI (boundary-verified),byte,entry~0x005EE640,UNRESOLVED,REJECTED_UNRELATED_OFFSET,partial-width (byte/word) store at +0x84; cannot fully assign the dword pointer member at factory+0x84 (dword member per the base ctor store @0x0070D013 and the setter store @0x0070C71E)
8B_MOD10_disp32_SIB@0x005EEB96,0x005EEB96,"MOV EBP,[ESP+ESP*1+0x84]",ESP (boundary-verified),read,entry~0x005EE7A0,NOT_A_WRITE,REJECTED_READ_NOT_WRITE,read/CMP form with displacement 0x84; no memory write occurs
88_MOD10_BYTE@0x005EEBB8,0x005EEBB8,"MOV BYTE [ESI+0x84],BL",ESI (boundary-unverified),byte,entry~0x005EE7A0,NOT_A_WRITE,REJECTED_UNRELATED_OFFSET,raw byte-pattern occurrence not at a verified instruction start (part of another instruction's immediate/displacement); not an instruction
C6_MOD10_SIB_BYTE@0x005EEC45,0x005EEC45,"MOV BYTE [...+0x84],imm8",ESP (boundary-verified),imm8=0x02,entry~0x005EE7A0,UNRESOLVED,REJECTED_UNRELATED_OFFSET,partial-width (byte/word) store at +0x84; cannot fully assign the dword pointer member at factory+0x84 (dword member per the base ctor store @0x0070D013 and the setter store @0x0070C71E)
8D_MOD10_disp32_SIB@0x005EECC2,0x005EECC2,"LEA ECX,[ESP+ESP*1+0x84]",ESP (boundary-verified),read,entry~0x005EE7A0,UNRESOLVED,REJECTED_WRONG_OBJECT,stack-relative slot; the factory object is heap-allocated (new 0x118 @0x0073E2CC lazy-init); a stack slot cannot be the factory's +0x84 member
8D_MOD10_disp32_SIB@0x005EED28,0x005EED28,"LEA ECX,[ESP+ESP*1+0x84]",ESP (boundary-verified),read,entry~0x005EE7A0,UNRESOLVED,REJECTED_WRONG_OBJECT,stack-relative slot; the factory object is heap-allocated (new 0x118 @0x0073E2CC lazy-init); a stack slot cannot be the factory's +0x84 member
C6_MOD10_SIB_BYTE@0x005EEE6A,0x005EEE6A,"MOV BYTE [...+0x84],imm8",ESP (boundary-verified),imm8=0x01,entry~0x005EEDC0,UNRESOLVED,REJECTED_UNRELATED_OFFSET,partial-width (byte/word) store at +0x84; cannot fully assign the dword pointer member at factory+0x84 (dword member per the base ctor store @0x0070D013 and the setter store @0x0070C71E)
C6_MOD10_SIB_BYTE@0x005EEF0F,0x005EEF0F,"MOV BYTE [...+0x84],imm8",ESP (boundary-verified),imm8=0x05,entry~0x005EEDC0,UNRESOLVED,REJECTED_UNRELATED_OFFSET,partial-width (byte/word) store at +0x84; cannot fully assign the dword pointer member at factory+0x84 (dword member per the base ctor store @0x0070D013 and the setter store @0x0070C71E)
88_MOD10_BYTE@0x005EF0EE,0x005EF0EE,"MOV BYTE [ESI+0x84],BL",ESI (boundary-unverified),byte,entry~0x005EF0B0,NOT_A_WRITE,REJECTED_UNRELATED_OFFSET,raw byte-pattern occurrence not at a verified instruction start (part of another instruction's immediate/displacement); not an instruction
C6_MOD10_BYTE@0x005EF21B,0x005EF21B,"MOV BYTE [ECX+0x84],imm8",ECX (boundary-verified),imm8=0x01,entry~0x005EF210,UNRESOLVED,REJECTED_UNRELATED_OFFSET,partial-width (byte/word) store at +0x84; cannot fully assign the dword pointer member at factory+0x84 (dword member per the base ctor store @0x0070D013 and the setter store @0x0070C71E)
88_MOD10_BYTE@0x005EF28F,0x005EF28F,"MOV BYTE [ESI+0x84],BL",ESI (boundary-verified),byte,entry~0x005EF250,UNRESOLVED,REJECTED_UNRELATED_OFFSET,partial-width (byte/word) store at +0x84; cannot fully assign the dword pointer member at factory+0x84 (dword member per the base ctor store @0x0070D013 and the setter store @0x0070C71E)
8D_MOD10_disp32_SIB@0x005EF7DD,0x005EF7DD,"LEA ECX,[ESP+ESP*1+0x84]",ESP (boundary-verified),read,entry~0x005EF250,UNRESOLVED,REJECTED_WRONG_OBJECT,stack-relative slot; the factory object is heap-allocated (new 0x118 @0x0073E2CC lazy-init); a stack slot cannot be the factory's +0x84 member
8D_MOD10_disp32_SIB@0x005EF810,0x005EF810,"LEA ECX,[ESP+ESP*1+0x84]",ESP (boundary-verified),read,entry~0x005EF250,UNRESOLVED,REJECTED_WRONG_OBJECT,stack-relative slot; the factory object is heap-allocated (new 0x118 @0x0073E2CC lazy-init); a stack slot cannot be the factory's +0x84 member
8B_MOD10_disp32@0x005EFEE2,0x005EFEE2,"MOV EDX,[EAX+0x84]",EAX (boundary-verified),read,entry~0x005EFE70,NOT_A_WRITE,REJECTED_READ_NOT_WRITE,read/CMP form with displacement 0x84; no memory write occurs
8B_MOD10_disp32@0x005EFFC0,0x005EFFC0,"MOV EAX,[ECX+0x84]",ECX (boundary-verified),read,entry~0x005EFFC0,NOT_A_WRITE,REJECTED_READ_NOT_WRITE,read/CMP form with displacement 0x84; no memory write occurs
8B_MOD10_disp32@0x005F004A,0x005F004A,"MOV ECX,[ESI+0x84]",ESI (boundary-verified),read,entry~0x005F0030,NOT_A_WRITE,REJECTED_READ_NOT_WRITE,read/CMP form with displacement 0x84; no memory write occurs
8B_MOD10_disp32@0x005F008F,0x005F008F,"MOV EAX,[ESI+0x84]",ESI (boundary-verified),read,entry~0x005F0030,NOT_A_WRITE,REJECTED_READ_NOT_WRITE,read/CMP form with displacement 0x84; no memory write occurs
8B_MOD10_disp32@0x005F00BC,0x005F00BC,"MOV EDX,[ESI+0x84]",ESI (boundary-verified),read,entry~0x005F0030,NOT_A_WRITE,REJECTED_READ_NOT_WRITE,read/CMP form with displacement 0x84; no memory write occurs
89_MOD10_disp32@0x005F0999,0x005F0999,"MOV [ESI+0x84],EBX",ESI (boundary-verified),EBX,entry~0x005F0960,UNRESOLVED,UNRESOLVED,boundary-verified non-stack dword write to [reg+0x84]; base-register identity not resolved to any factory object within the window-level provenance bound; not established as a factory+0x84 write (no claim made)
8D_MOD10_disp32_SIB@0x005F0F97,0x005F0F97,"LEA ECX,[ESP+ESP*1+0x84]",ESP (boundary-verified),read,entry~0x005F0B40,UNRESOLVED,REJECTED_WRONG_OBJECT,stack-relative slot; the factory object is heap-allocated (new 0x118 @0x0073E2CC lazy-init); a stack slot cannot be the factory's +0x84 member
8D_MOD10_disp32_SIB@0x005F1145,0x005F1145,"LEA EDX,[ESP+ESP*1+0x84]",ESP (boundary-verified),read,unknown,UNRESOLVED,REJECTED_WRONG_OBJECT,stack-relative slot; the factory object is heap-allocated (new 0x118 @0x0073E2CC lazy-init); a stack slot cannot be the factory's +0x84 member
8D_MOD10_disp32_SIB@0x005F12F3,0x005F12F3,"LEA EAX,[ESP+ESP*1+0x84]",ESP (boundary-verified),read,unknown,UNRESOLVED,REJECTED_WRONG_OBJECT,stack-relative slot; the factory object is heap-allocated (new 0x118 @0x0073E2CC lazy-init); a stack slot cannot be the factory's +0x84 member
8D_MOD10_disp32_SIB@0x005F1455,0x005F1455,"LEA ECX,[ESP+ESP*1+0x84]",ESP (boundary-verified),read,unknown,UNRESOLVED,REJECTED_WRONG_OBJECT,stack-relative slot; the factory object is heap-allocated (new 0x118 @0x0073E2CC lazy-init); a stack slot cannot be the factory's +0x84 member
8D_MOD10_disp32_SIB@0x005F156E,0x005F156E,"LEA ECX,[ESP+ESP*1+0x84]",ESP (boundary-verified),read,unknown,UNRESOLVED,REJECTED_WRONG_OBJECT,stack-relative slot; the factory object is heap-allocated (new 0x118 @0x0073E2CC lazy-init); a stack slot cannot be the factory's +0x84 member
8D_MOD10_disp32_SIB@0x005F17CD,0x005F17CD,"LEA ECX,[ESP+ESP*1+0x84]",ESP (boundary-verified),read,unknown,UNRESOLVED,REJECTED_WRONG_OBJECT,stack-relative slot; the factory object is heap-allocated (new 0x118 @0x0073E2CC lazy-init); a stack slot cannot be the factory's +0x84 member
8D_MOD10_disp32_SIB@0x005F19CC,0x005F19CC,"LEA EAX,[ESP+ESP*1+0x84]",ESP (boundary-verified),read,unknown,UNRESOLVED,REJECTED_WRONG_OBJECT,stack-relative slot; the factory object is heap-allocated (new 0x118 @0x0073E2CC lazy-init); a stack slot cannot be the factory's +0x84 member
8D_MOD10_disp32_SIB@0x005F25DB,0x005F25DB,"LEA ECX,[ESP+ESP*1+0x84]",ESP (boundary-verified),read,unknown,UNRESOLVED,REJECTED_WRONG_OBJECT,stack-relative slot; the factory object is heap-allocated (new 0x118 @0x0073E2CC lazy-init); a stack slot cannot be the factory's +0x84 member
8D_MOD10_disp32_SIB@0x005F26D6,0x005F26D6,"LEA ECX,[ESP+ESP*1+0x84]",ESP (boundary-verified),read,unknown,UNRESOLVED,REJECTED_WRONG_OBJECT,stack-relative slot; the factory object is heap-allocated (new 0x118 @0x0073E2CC lazy-init); a stack slot cannot be the factory's +0x84 member
8D_MOD10_disp32_SIB@0x005F27F2,0x005F27F2,"LEA ECX,[ESP+ESP*1+0x84]",ESP (boundary-verified),read,unknown,UNRESOLVED,REJECTED_WRONG_OBJECT,stack-relative slot; the factory object is heap-allocated (new 0x118 @0x0073E2CC lazy-init); a stack slot cannot be the factory's +0x84 member
8D_MOD10_disp32_SIB@0x005F28EE,0x005F28EE,"LEA ECX,[ESP+ESP*1+0x84]",ESP (boundary-verified),read,unknown,UNRESOLVED,REJECTED_WRONG_OBJECT,stack-relative slot; the factory object is heap-allocated (new 0x118 @0x0073E2CC lazy-init); a stack slot cannot be the factory's +0x84 member
8D_MOD10_disp32_SIB@0x005F2A08,0x005F2A08,"LEA ECX,[ESP+ESP*1+0x84]",ESP (boundary-verified),read,unknown,UNRESOLVED,REJECTED_WRONG_OBJECT,stack-relative slot; the factory object is heap-allocated (new 0x118 @0x0073E2CC lazy-init); a stack slot cannot be the factory's +0x84 member
8D_MOD10_disp32_SIB@0x005F2B2B,0x005F2B2B,"LEA ECX,[ESP+ESP*1+0x84]",ESP (boundary-verified),read,unknown,UNRESOLVED,REJECTED_WRONG_OBJECT,stack-relative slot; the factory object is heap-allocated (new 0x118 @0x0073E2CC lazy-init); a stack slot cannot be the factory's +0x84 member
8D_MOD10_disp32_SIB@0x005F2C5D,0x005F2C5D,"LEA ECX,[ESP+ESP*1+0x84]",ESP (boundary-verified),read,unknown,UNRESOLVED,REJECTED_WRONG_OBJECT,stack-relative slot; the factory object is heap-allocated (new 0x118 @0x0073E2CC lazy-init); a stack slot cannot be the factory's +0x84 member
8D_MOD10_disp32_SIB@0x005F32BB,0x005F32BB,"LEA ECX,[ESP+ESP*1+0x84]",ESP (boundary-verified),read,entry~0x005F3070,UNRESOLVED,REJECTED_WRONG_OBJECT,stack-relative slot; the factory object is heap-allocated (new 0x118 @0x0073E2CC lazy-init); a stack slot cannot be the factory's +0x84 member
8B_MOD10_disp32@0x005F3370,0x005F3370,"MOV ECX,[ESI+0x84]",ESI (boundary-verified),read,entry~0x005F3070,NOT_A_WRITE,REJECTED_READ_NOT_WRITE,read/CMP form with displacement 0x84; no memory write occurs
8D_MOD10_disp32_SIB@0x005F36BD,0x005F36BD,"LEA EDX,[ESP+ESP*1+0x84]",ESP (boundary-verified),read,entry~0x005F3600,UNRESOLVED,REJECTED_WRONG_OBJECT,stack-relative slot; the factory object is heap-allocated (new 0x118 @0x0073E2CC lazy-init); a stack slot cannot be the factory's +0x84 member
8D_MOD10_disp32_SIB@0x005F36FC,0x005F36FC,"LEA ECX,[ESP+ESP*1+0x84]",ESP (boundary-verified),read,entry~0x005F3600,UNRESOLVED,REJECTED_WRONG_OBJECT,stack-relative slot; the factory object is heap-allocated (new 0x118 @0x0073E2CC lazy-init); a stack slot cannot be the factory's +0x84 member
8D_MOD10_disp32_SIB@0x005F374D,0x005F374D,"LEA ECX,[ESP+ESP*1+0x84]",ESP (boundary-verified),read,entry~0x005F3600,UNRESOLVED,REJECTED_WRONG_OBJECT,stack-relative slot; the factory object is heap-allocated (new 0x118 @0x0073E2CC lazy-init); a stack slot cannot be the factory's +0x84 member
8B_MOD10_disp32@0x005F3BA7,0x005F3BA7,"MOV EAX,[ESI+0x84]",ESI (boundary-verified),read,entry~0x005F3B40,NOT_A_WRITE,REJECTED_READ_NOT_WRITE,read/CMP form with displacement 0x84; no memory write occurs
8B_MOD10_disp32@0x005F3E04,0x005F3E04,"MOV ECX,[ESI+0x84]",ESI (boundary-verified),read,entry~0x005F3C10,NOT_A_WRITE,REJECTED_READ_NOT_WRITE,read/CMP form with displacement 0x84; no memory write occurs
8B_MOD10_disp32@0x005F3E33,0x005F3E33,"MOV EAX,[ESI+0x84]",ESI (boundary-verified),read,entry~0x005F3C10,NOT_A_WRITE,REJECTED_READ_NOT_WRITE,read/CMP form with displacement 0x84; no memory write occurs
8B_MOD10_disp32@0x005F3E7A,0x005F3E7A,"MOV ECX,[ESI+0x84]",ESI (boundary-verified),read,entry~0x005F3C10,NOT_A_WRITE,REJECTED_READ_NOT_WRITE,read/CMP form with displacement 0x84; no memory write occurs
8B_MOD10_disp32@0x005F427D,0x005F427D,"MOV EAX,[ESI+0x84]",ESI (boundary-verified),read,entry~0x005F4240,NOT_A_WRITE,REJECTED_READ_NOT_WRITE,read/CMP form with displacement 0x84; no memory write occurs
8B_MOD10_disp32@0x005F4304,0x005F4304,"MOV EDX,[ESI+0x84]",ESI (boundary-verified),read,entry~0x005F4240,NOT_A_WRITE,REJECTED_READ_NOT_WRITE,read/CMP form with displacement 0x84; no memory write occurs
8B_MOD10_disp32@0x005F50EE,0x005F50EE,"MOV EDX,[ESI+0x84]",ESI (boundary-verified),read,unknown,NOT_A_WRITE,REJECTED_READ_NOT_WRITE,read/CMP form with displacement 0x84; no memory write occurs
89_MOD10_disp32@0x005F533B,0x005F533B,"MOV [ESI+0x84],EAX",ESI (boundary-verified),EAX,unknown,UNRESOLVED,UNRESOLVED,boundary-verified non-stack dword write to [reg+0x84]; base-register identity not resolved to any factory object within the window-level provenance bound; not established as a factory+0x84 write (no claim made)
C6_MOD10_SIB_BYTE@0x005F5AF9,0x005F5AF9,"MOV BYTE [...+0x84],imm8",ESP (boundary-verified),imm8=0x03,entry~0x005F5A80,UNRESOLVED,REJECTED_UNRELATED_OFFSET,partial-width (byte/word) store at +0x84; cannot fully assign the dword pointer member at factory+0x84 (dword member per the base ctor store @0x0070D013 and the setter store @0x0070C71E)
8B_MOD10_disp32_SIB@0x005F5BCB,0x005F5BCB,"MOV ECX,[ESP+ESP*1+0x84]",ESP (boundary-verified),read,entry~0x005F5A80,NOT_A_WRITE,REJECTED_READ_NOT_WRITE,read/CMP form with displacement 0x84; no memory write occurs
C6_MOD10_SIB_BYTE@0x005F6103,0x005F6103,"MOV BYTE [...+0x84],imm8",ESP (boundary-verified),imm8=0x03,entry~0x005F6080,UNRESOLVED,REJECTED_UNRELATED_OFFSET,partial-width (byte/word) store at +0x84; cannot fully assign the dword pointer member at factory+0x84 (dword member per the base ctor store @0x0070D013 and the setter store @0x0070C71E)
C6_MOD10_SIB_BYTE@0x005F6115,0x005F6115,"MOV BYTE [...+0x84],imm8",ESP (boundary-verified),imm8=0x04,entry~0x005F6080,UNRESOLVED,REJECTED_UNRELATED_OFFSET,partial-width (byte/word) store at +0x84; cannot fully assign the dword pointer member at factory+0x84 (dword member per the base ctor store @0x0070D013 and the setter store @0x0070C71E)
C7_MOD10_SIB@0x005F61BB,0x005F61BB,"MOV [ESP+ESP*1+0x84],0xFFFFFFFF",ESP (boundary-verified),imm32=0xFFFFFFFF,entry~0x005F6080,UNRESOLVED,REJECTED_WRONG_OBJECT,stack-relative slot; the factory object is heap-allocated (new 0x118 @0x0073E2CC lazy-init); a stack slot cannot be the factory's +0x84 member
8D_MOD10_disp32_SIB@0x005F6B56,0x005F6B56,"LEA ECX,[ESP+ESP*1+0x84]",ESP (boundary-verified),read,entry~0x005F6990,UNRESOLVED,REJECTED_WRONG_OBJECT,stack-relative slot; the factory object is heap-allocated (new 0x118 @0x0073E2CC lazy-init); a stack slot cannot be the factory's +0x84 member
8D_MOD10_disp32_SIB@0x005F6C21,0x005F6C21,"LEA ECX,[ESP+ESP*1+0x84]",ESP (boundary-verified),read,entry~0x005F6990,UNRESOLVED,REJECTED_WRONG_OBJECT,stack-relative slot; the factory object is heap-allocated (new 0x118 @0x0073E2CC lazy-init); a stack slot cannot be the factory's +0x84 member
89_MOD10_disp32_SIB@0x005FD719,0x005FD719,"MOV [ESP+ESP*1+0x84],EDX",ESP (boundary-verified),EDX,entry~0x005FD650,UNRESOLVED,REJECTED_WRONG_OBJECT,stack-relative slot; the factory object is heap-allocated (new 0x118 @0x0073E2CC lazy-init); a stack slot cannot be the factory's +0x84 member
C6_MOD10_SIB_BYTE@0x005FE2E0,0x005FE2E0,"MOV BYTE [...+0x84],imm8",ESP (boundary-verified),imm8=0x00,entry~0x005FE230,UNRESOLVED,REJECTED_UNRELATED_OFFSET,partial-width (byte/word) store at +0x84; cannot fully assign the dword pointer member at factory+0x84 (dword member per the base ctor store @0x0070D013 and the setter store @0x0070C71E)
C7_MOD10_SIB@0x005FE2F1,0x005FE2F1,"MOV [ESP+ESP*1+0x84],0xFFFFFFFF",ESP (boundary-verified),imm32=0xFFFFFFFF,entry~0x005FE230,UNRESOLVED,REJECTED_WRONG_OBJECT,stack-relative slot; the factory object is heap-allocated (new 0x118 @0x0073E2CC lazy-init); a stack slot cannot be the factory's +0x84 member
C7_MOD10_SIB@0x005FE589,0x005FE589,"MOV [ESP+ESP*1+0x84],0x0",ESP (boundary-verified),imm32=0x0,entry~0x005FE530,UNRESOLVED,REJECTED_WRONG_OBJECT,stack-relative slot; the factory object is heap-allocated (new 0x118 @0x0073E2CC lazy-init); a stack slot cannot be the factory's +0x84 member
C7_MOD10_SIB@0x005FE5D2,0x005FE5D2,"MOV [ESP+ESP*1+0x84],0xFFFFFFFF",ESP (boundary-verified),imm32=0xFFFFFFFF,entry~0x005FE530,UNRESOLVED,REJECTED_WRONG_OBJECT,stack-relative slot; the factory object is heap-allocated (new 0x118 @0x0073E2CC lazy-init); a stack slot cannot be the factory's +0x84 member
C7_MOD10_SIB@0x005FE669,0x005FE669,"MOV [ESP+ESP*1+0x84],0x0",ESP (boundary-verified),imm32=0x0,entry~0x005FE610,UNRESOLVED,REJECTED_WRONG_OBJECT,stack-relative slot; the factory object is heap-allocated (new 0x118 @0x0073E2CC lazy-init); a stack slot cannot be the factory's +0x84 member
C7_MOD10_SIB@0x005FE6B2,0x005FE6B2,"MOV [ESP+ESP*1+0x84],0xFFFFFFFF",ESP (boundary-verified),imm32=0xFFFFFFFF,entry~0x005FE610,UNRESOLVED,REJECTED_WRONG_OBJECT,stack-relative slot; the factory object is heap-allocated (new 0x118 @0x0073E2CC lazy-init); a stack slot cannot be the factory's +0x84 member
8D_MOD10_disp32_SIB@0x006005E2,0x006005E2,"LEA EAX,[ESP+ESP*1+0x84]",ESP (boundary-verified),read,entry~0x00600030,UNRESOLVED,REJECTED_WRONG_OBJECT,stack-relative slot; the factory object is heap-allocated (new 0x118 @0x0073E2CC lazy-init); a stack slot cannot be the factory's +0x84 member
8D_MOD10_disp32_SIB@0x006005FB,0x006005FB,"LEA ECX,[ESP+ESP*1+0x84]",ESP (boundary-verified),read,entry~0x00600030,UNRESOLVED,REJECTED_WRONG_OBJECT,stack-relative slot; the factory object is heap-allocated (new 0x118 @0x0073E2CC lazy-init); a stack slot cannot be the factory's +0x84 member
C6_MOD10_SIB_BYTE@0x00601CDE,0x00601CDE,"MOV BYTE [...+0x84],imm8",ESP (boundary-verified),imm8=0x01,entry~0x00601C10,UNRESOLVED,REJECTED_UNRELATED_OFFSET,partial-width (byte/word) store at +0x84; cannot fully assign the dword pointer member at factory+0x84 (dword member per the base ctor store @0x0070D013 and the setter store @0x0070C71E)
C7_MOD10_SIB@0x00601D14,0x00601D14,"MOV [ESP+ESP*1+0x84],0xFFFFFFFF",ESP (boundary-verified),imm32=0xFFFFFFFF,entry~0x00601C10,UNRESOLVED,REJECTED_WRONG_OBJECT,stack-relative slot; the factory object is heap-allocated (new 0x118 @0x0073E2CC lazy-init); a stack slot cannot be the factory's +0x84 member
8B_MOD10_disp32_SIB@0x006058D0,0x006058D0,"MOV EDI,[ESP+ESP*1+0x84]",ESP (boundary-verified),read,entry~0x006058A0,NOT_A_WRITE,REJECTED_READ_NOT_WRITE,read/CMP form with displacement 0x84; no memory write occurs
C6_MOD10_SIB_BYTE@0x0060598A,0x0060598A,"MOV BYTE [...+0x84],imm8",ESP (boundary-verified),imm8=0x02,entry~0x006058A0,UNRESOLVED,REJECTED_UNRELATED_OFFSET,partial-width (byte/word) store at +0x84; cannot fully assign the dword pointer member at factory+0x84 (dword member per the base ctor store @0x0070D013 and the setter store @0x0070C71E)
8D_MOD10_disp32_SIB@0x006060C5,0x006060C5,"LEA ECX,[ESP+ESP*1+0x84]",ESP (boundary-verified),read,entry~0x00606000,UNRESOLVED,REJECTED_WRONG_OBJECT,stack-relative slot; the factory object is heap-allocated (new 0x118 @0x0073E2CC lazy-init); a stack slot cannot be the factory's +0x84 member
8D_MOD10_disp32_SIB@0x00606370,0x00606370,"LEA ECX,[ESP+ESP*1+0x84]",ESP (boundary-verified),read,entry~0x006062B0,UNRESOLVED,REJECTED_WRONG_OBJECT,stack-relative slot; the factory object is heap-allocated (new 0x118 @0x0073E2CC lazy-init); a stack slot cannot be the factory's +0x84 member
C6_MOD10_SIB_BYTE@0x00607655,0x00607655,"MOV BYTE [...+0x84],imm8",ESP (boundary-verified),imm8=0x01,entry~0x006075B0,UNRESOLVED,REJECTED_UNRELATED_OFFSET,partial-width (byte/word) store at +0x84; cannot fully assign the dword pointer member at factory+0x84 (dword member per the base ctor store @0x0070D013 and the setter store @0x0070C71E)
8D_MOD10_disp32_SIB@0x00609FB6,0x00609FB6,"LEA ECX,[ESP+ESP*1+0x84]",ESP (boundary-verified),read,entry~0x00609ED0,UNRESOLVED,REJECTED_WRONG_OBJECT,stack-relative slot; the factory object is heap-allocated (new 0x118 @0x0073E2CC lazy-init); a stack slot cannot be the factory's +0x84 member
8D_MOD10_disp32_SIB@0x0060A6E9,0x0060A6E9,"LEA ECX,[ESP+ESP*1+0x84]",ESP (boundary-verified),read,entry~0x0060A640,UNRESOLVED,REJECTED_WRONG_OBJECT,stack-relative slot; the factory object is heap-allocated (new 0x118 @0x0073E2CC lazy-init); a stack slot cannot be the factory's +0x84 member
8D_MOD10_disp32_SIB@0x0060A769,0x0060A769,"LEA ECX,[ESP+ESP*1+0x84]",ESP (boundary-verified),read,entry~0x0060A640,UNRESOLVED,REJECTED_WRONG_OBJECT,stack-relative slot; the factory object is heap-allocated (new 0x118 @0x0073E2CC lazy-init); a stack slot cannot be the factory's +0x84 member
8D_MOD10_disp32_SIB@0x0060A92C,0x0060A92C,"LEA EDX,[ESP+ESP*1+0x84]",ESP (boundary-verified),read,entry~0x0060A640,UNRESOLVED,REJECTED_WRONG_OBJECT,stack-relative slot; the factory object is heap-allocated (new 0x118 @0x0073E2CC lazy-init); a stack slot cannot be the factory's +0x84 member
89_MOD10_disp32_SIB@0x0060B717,0x0060B717,"MOV [ESP+ESP*1+0x84],EDI",ESP (boundary-verified),EDI,entry~0x0060B660,UNRESOLVED,REJECTED_WRONG_OBJECT,stack-relative slot; the factory object is heap-allocated (new 0x118 @0x0073E2CC lazy-init); a stack slot cannot be the factory's +0x84 member
8D_MOD10_disp32_SIB@0x0060B908,0x0060B908,"LEA ECX,[ESP+ESP*1+0x84]",ESP (boundary-verified),read,entry~0x0060B660,UNRESOLVED,REJECTED_WRONG_OBJECT,stack-relative slot; the factory object is heap-allocated (new 0x118 @0x0073E2CC lazy-init); a stack slot cannot be the factory's +0x84 member
8D_MOD10_disp32_SIB@0x0060BAFC,0x0060BAFC,"LEA ECX,[ESP+ESP*1+0x84]",ESP (boundary-verified),read,entry~0x0060B660,UNRESOLVED,REJECTED_WRONG_OBJECT,stack-relative slot; the factory object is heap-allocated (new 0x118 @0x0073E2CC lazy-init); a stack slot cannot be the factory's +0x84 member
8D_MOD10_disp32_SIB@0x0060BB69,0x0060BB69,"LEA ECX,[ESP+ESP*1+0x84]",ESP (boundary-verified),read,entry~0x0060B660,UNRESOLVED,REJECTED_WRONG_OBJECT,stack-relative slot; the factory object is heap-allocated (new 0x118 @0x0073E2CC lazy-init); a stack slot cannot be the factory's +0x84 member
8D_MOD10_disp32_SIB@0x0060C58F,0x0060C58F,"LEA ECX,[ESP+ESP*1+0x84]",ESP (boundary-verified),read,entry~0x0060C480,UNRESOLVED,REJECTED_WRONG_OBJECT,stack-relative slot; the factory object is heap-allocated (new 0x118 @0x0073E2CC lazy-init); a stack slot cannot be the factory's +0x84 member
8D_MOD10_disp32_SIB@0x0060C62A,0x0060C62A,"LEA ECX,[ESP+ESP*1+0x84]",ESP (boundary-verified),read,entry~0x0060C480,UNRESOLVED,REJECTED_WRONG_OBJECT,stack-relative slot; the factory object is heap-allocated (new 0x118 @0x0073E2CC lazy-init); a stack slot cannot be the factory's +0x84 member
8D_MOD10_disp32_SIB@0x0060C73A,0x0060C73A,"LEA ECX,[ESP+ESP*1+0x84]",ESP (boundary-verified),read,entry~0x0060C480,UNRESOLVED,REJECTED_WRONG_OBJECT,stack-relative slot; the factory object is heap-allocated (new 0x118 @0x0073E2CC lazy-init); a stack slot cannot be the factory's +0x84 member
8D_MOD10_disp32_SIB@0x0060CDD1,0x0060CDD1,"LEA EAX,[ESP+ESP*1+0x84]",ESP (boundary-verified),read,entry~0x0060CDA0,UNRESOLVED,REJECTED_WRONG_OBJECT,stack-relative slot; the factory object is heap-allocated (new 0x118 @0x0073E2CC lazy-init); a stack slot cannot be the factory's +0x84 member
8B_MOD10_disp32_SIB@0x0060D24C,0x0060D24C,"MOV EAX,[ESP+ESP*1+0x84]",ESP (boundary-verified),read,entry~0x0060D220,NOT_A_WRITE,REJECTED_READ_NOT_WRITE,read/CMP form with displacement 0x84; no memory write occurs
8D_MOD10_disp32_SIB@0x0060ECB0,0x0060ECB0,"LEA EAX,[ESP+ESP*1+0x84]",ESP (boundary-verified),read,entry~0x0060EBC0,UNRESOLVED,REJECTED_WRONG_OBJECT,stack-relative slot; the factory object is heap-allocated (new 0x118 @0x0073E2CC lazy-init); a stack slot cannot be the factory's +0x84 member
8D_MOD10_disp32_SIB@0x0060EE81,0x0060EE81,"LEA EAX,[ESP+ESP*1+0x84]",ESP (boundary-verified),read,entry~0x0060EBC0,UNRESOLVED,REJECTED_WRONG_OBJECT,stack-relative slot; the factory object is heap-allocated (new 0x118 @0x0073E2CC lazy-init); a stack slot cannot be the factory's +0x84 member
89_MOD10_disp32_SIB@0x0060F27B,0x0060F27B,"MOV [ESP+ESP*1+0x84],ESP",ESP (boundary-unverified),ESP,unknown,NOT_A_WRITE,REJECTED_UNRELATED_OFFSET,raw byte-pattern occurrence not at a verified instruction start (part of another instruction's immediate/displacement); not an instruction
C6_MOD10_SIB_BYTE@0x006104F4,0x006104F4,"MOV BYTE [...+0x84],imm8",ESP (boundary-verified),imm8=0x01,entry~0x00610450,UNRESOLVED,REJECTED_UNRELATED_OFFSET,partial-width (byte/word) store at +0x84; cannot fully assign the dword pointer member at factory+0x84 (dword member per the base ctor store @0x0070D013 and the setter store @0x0070C71E)
C6_MOD10_SIB_BYTE@0x00610506,0x00610506,"MOV BYTE [...+0x84],imm8",ESP (boundary-verified),imm8=0x00,entry~0x00610450,UNRESOLVED,REJECTED_UNRELATED_OFFSET,partial-width (byte/word) store at +0x84; cannot fully assign the dword pointer member at factory+0x84 (dword member per the base ctor store @0x0070D013 and the setter store @0x0070C71E)
C7_MOD10_SIB@0x00610517,0x00610517,"MOV [ESP+ESP*1+0x84],0xFFFFFFFF",ESP (boundary-verified),imm32=0xFFFFFFFF,entry~0x00610450,UNRESOLVED,REJECTED_WRONG_OBJECT,stack-relative slot; the factory object is heap-allocated (new 0x118 @0x0073E2CC lazy-init); a stack slot cannot be the factory's +0x84 member
C6_MOD10_SIB_BYTE@0x0061199C,0x0061199C,"MOV BYTE [...+0x84],imm8",ESP (boundary-verified),imm8=0x01,entry~0x00611930,UNRESOLVED,REJECTED_UNRELATED_OFFSET,partial-width (byte/word) store at +0x84; cannot fully assign the dword pointer member at factory+0x84 (dword member per the base ctor store @0x0070D013 and the setter store @0x0070C71E)
C6_MOD10_SIB_BYTE@0x006119AD,0x006119AD,"MOV BYTE [...+0x84],imm8",ESP (boundary-verified),imm8=0x02,entry~0x00611930,UNRESOLVED,REJECTED_UNRELATED_OFFSET,partial-width (byte/word) store at +0x84; cannot fully assign the dword pointer member at factory+0x84 (dword member per the base ctor store @0x0070D013 and the setter store @0x0070C71E)
8D_MOD10_disp32_SIB@0x006134F6,0x006134F6,"LEA ECX,[ESP+ESP*1+0x84]",ESP (boundary-verified),read,entry~0x00613330,UNRESOLVED,REJECTED_WRONG_OBJECT,stack-relative slot; the factory object is heap-allocated (new 0x118 @0x0073E2CC lazy-init); a stack slot cannot be the factory's +0x84 member
8D_MOD10_disp32_SIB@0x0061355C,0x0061355C,"LEA ECX,[ESP+ESP*1+0x84]",ESP (boundary-verified),read,entry~0x00613330,UNRESOLVED,REJECTED_WRONG_OBJECT,stack-relative slot; the factory object is heap-allocated (new 0x118 @0x0073E2CC lazy-init); a stack slot cannot be the factory's +0x84 member
8D_MOD10_disp32_SIB@0x006135C4,0x006135C4,"LEA ECX,[ESP+ESP*1+0x84]",ESP (boundary-verified),read,entry~0x00613330,UNRESOLVED,REJECTED_WRONG_OBJECT,stack-relative slot; the factory object is heap-allocated (new 0x118 @0x0073E2CC lazy-init); a stack slot cannot be the factory's +0x84 member
8D_MOD10_disp32_SIB@0x0061362A,0x0061362A,"LEA ECX,[ESP+ESP*1+0x84]",ESP (boundary-verified),read,entry~0x00613330,UNRESOLVED,REJECTED_WRONG_OBJECT,stack-relative slot; the factory object is heap-allocated (new 0x118 @0x0073E2CC lazy-init); a stack slot cannot be the factory's +0x84 member
8D_MOD10_disp32_SIB@0x00613699,0x00613699,"LEA ECX,[ESP+ESP*1+0x84]",ESP (boundary-verified),read,entry~0x00613330,UNRESOLVED,REJECTED_WRONG_OBJECT,stack-relative slot; the factory object is heap-allocated (new 0x118 @0x0073E2CC lazy-init); a stack slot cannot be the factory's +0x84 member
8D_MOD10_disp32_SIB@0x00613833,0x00613833,"LEA ECX,[ESP+ESP*1+0x84]",ESP (boundary-verified),read,entry~0x00613330,UNRESOLVED,REJECTED_WRONG_OBJECT,stack-relative slot; the factory object is heap-allocated (new 0x118 @0x0073E2CC lazy-init); a stack slot cannot be the factory's +0x84 member
8D_MOD10_disp32_SIB@0x006139F2,0x006139F2,"LEA ECX,[ESP+ESP*1+0x84]",ESP (boundary-verified),read,unknown,UNRESOLVED,REJECTED_WRONG_OBJECT,stack-relative slot; the factory object is heap-allocated (new 0x118 @0x0073E2CC lazy-init); a stack slot cannot be the factory's +0x84 member
8D_MOD10_disp32_SIB@0x00613BCC,0x00613BCC,"LEA ECX,[ESP+ESP*1+0x84]",ESP (boundary-verified),read,unknown,UNRESOLVED,REJECTED_WRONG_OBJECT,stack-relative slot; the factory object is heap-allocated (new 0x118 @0x0073E2CC lazy-init); a stack slot cannot be the factory's +0x84 member
8D_MOD10_disp32_SIB@0x00613C30,0x00613C30,"LEA ECX,[ESP+ESP*1+0x84]",ESP (boundary-verified),read,unknown,UNRESOLVED,REJECTED_WRONG_OBJECT,stack-relative slot; the factory object is heap-allocated (new 0x118 @0x0073E2CC lazy-init); a stack slot cannot be the factory's +0x84 member
8D_MOD10_disp32_SIB@0x00613C7B,0x00613C7B,"LEA ECX,[ESP+ESP*1+0x84]",ESP (boundary-verified),read,unknown,UNRESOLVED,REJECTED_WRONG_OBJECT,stack-relative slot; the factory object is heap-allocated (new 0x118 @0x0073E2CC lazy-init); a stack slot cannot be the factory's +0x84 member
8D_MOD10_disp32_SIB@0x00613CF0,0x00613CF0,"LEA ECX,[ESP+ESP*1+0x84]",ESP (boundary-verified),read,unknown,UNRESOLVED,REJECTED_WRONG_OBJECT,stack-relative slot; the factory object is heap-allocated (new 0x118 @0x0073E2CC lazy-init); a stack slot cannot be the factory's +0x84 member
8D_MOD10_disp32_SIB@0x00613D65,0x00613D65,"LEA ECX,[ESP+ESP*1+0x84]",ESP (boundary-verified),read,unknown,UNRESOLVED,REJECTED_WRONG_OBJECT,stack-relative slot; the factory object is heap-allocated (new 0x118 @0x0073E2CC lazy-init); a stack slot cannot be the factory's +0x84 member
8D_MOD10_disp32_SIB@0x00613DC4,0x00613DC4,"LEA ECX,[ESP+ESP*1+0x84]",ESP (boundary-verified),read,unknown,UNRESOLVED,REJECTED_WRONG_OBJECT,stack-relative slot; the factory object is heap-allocated (new 0x118 @0x0073E2CC lazy-init); a stack slot cannot be the factory's +0x84 member
8D_MOD10_disp32_SIB@0x00613E3B,0x00613E3B,"LEA ECX,[ESP+ESP*1+0x84]",ESP (boundary-verified),read,unknown,UNRESOLVED,REJECTED_WRONG_OBJECT,stack-relative slot; the factory object is heap-allocated (new 0x118 @0x0073E2CC lazy-init); a stack slot cannot be the factory's +0x84 member
8D_MOD10_disp32_SIB@0x006141D0,0x006141D0,"LEA ECX,[ESP+ESP*1+0x84]",ESP (boundary-verified),read,unknown,UNRESOLVED,REJECTED_WRONG_OBJECT,stack-relative slot; the factory object is heap-allocated (new 0x118 @0x0073E2CC lazy-init); a stack slot cannot be the factory's +0x84 member
8D_MOD10_disp32_SIB@0x00614821,0x00614821,"LEA EAX,[ESP+ESP*1+0x84]",ESP (boundary-verified),read,entry~0x006147F0,UNRESOLVED,REJECTED_WRONG_OBJECT,stack-relative slot; the factory object is heap-allocated (new 0x118 @0x0073E2CC lazy-init); a stack slot cannot be the factory's +0x84 member
89_MOD10_disp32_SIB@0x0061796E,0x0061796E,"MOV [ESP+ESP*1+0x84],EBX",ESP (boundary-verified),EBX,unknown,UNRESOLVED,REJECTED_WRONG_OBJECT,stack-relative slot; the factory object is heap-allocated (new 0x118 @0x0073E2CC lazy-init); a stack slot cannot be the factory's +0x84 member
8D_MOD10_disp32_SIB@0x00617983,0x00617983,"LEA ECX,[ESP+ESP*1+0x84]",ESP (boundary-verified),read,unknown,UNRESOLVED,REJECTED_WRONG_OBJECT,stack-relative slot; the factory object is heap-allocated (new 0x118 @0x0073E2CC lazy-init); a stack slot cannot be the factory's +0x84 member
8D_MOD10_disp32_SIB@0x006179D4,0x006179D4,"LEA ECX,[ESP+ESP*1+0x84]",ESP (boundary-verified),read,unknown,UNRESOLVED,REJECTED_WRONG_OBJECT,stack-relative slot; the factory object is heap-allocated (new 0x118 @0x0073E2CC lazy-init); a stack slot cannot be the factory's +0x84 member
C6_MOD10_SIB_BYTE@0x006185E4,0x006185E4,"MOV BYTE [...+0x84],imm8",ESP (boundary-verified),imm8=0x02,entry~0x00618570,UNRESOLVED,REJECTED_UNRELATED_OFFSET,partial-width (byte/word) store at +0x84; cannot fully assign the dword pointer member at factory+0x84 (dword member per the base ctor store @0x0070D013 and the setter store @0x0070C71E)
C7_MOD10_SIB@0x006186CC,0x006186CC,"MOV [ESP+ESP*1+0x84],0x6",ESP (boundary-verified),imm32=0x6,entry~0x00618570,UNRESOLVED,REJECTED_WRONG_OBJECT,stack-relative slot; the factory object is heap-allocated (new 0x118 @0x0073E2CC lazy-init); a stack slot cannot be the factory's +0x84 member
C7_MOD10_SIB@0x006186ED,0x006186ED,"MOV [ESP+ESP*1+0x84],0x2",ESP (boundary-verified),imm32=0x2,entry~0x00618570,UNRESOLVED,REJECTED_WRONG_OBJECT,stack-relative slot; the factory object is heap-allocated (new 0x118 @0x0073E2CC lazy-init); a stack slot cannot be the factory's +0x84 member
88_MOD10_SIB_BYTE@0x00618782,0x00618782,"MOV BYTE [...+0x84],r8",ESP (boundary-verified),byte,entry~0x00618570,UNRESOLVED,REJECTED_UNRELATED_OFFSET,partial-width (byte/word) store at +0x84; cannot fully assign the dword pointer member at factory+0x84 (dword member per the base ctor store @0x0070D013 and the setter store @0x0070C71E)
C7_MOD10_SIB@0x0061879D,0x0061879D,"MOV [ESP+ESP*1+0x84],0xFFFFFFFF",ESP (boundary-verified),imm32=0xFFFFFFFF,entry~0x00618570,UNRESOLVED,REJECTED_WRONG_OBJECT,stack-relative slot; the factory object is heap-allocated (new 0x118 @0x0073E2CC lazy-init); a stack slot cannot be the factory's +0x84 member
8B_MOD10_disp32@0x00619613,0x00619613,"MOV ECX,[ESI+0x84]",ESI (boundary-verified),read,entry~0x00619600,NOT_A_WRITE,REJECTED_READ_NOT_WRITE,read/CMP form with displacement 0x84; no memory write occurs
8B_MOD10_disp32@0x00619693,0x00619693,"MOV ECX,[ESI+0x84]",ESI (boundary-verified),read,entry~0x00619680,NOT_A_WRITE,REJECTED_READ_NOT_WRITE,read/CMP form with displacement 0x84; no memory write occurs
89_MOD10_disp32_SIB@0x00619E30,0x00619E30,"MOV [ESP+ESP*1+0x84],EAX",ESP (boundary-verified),EAX,entry~0x00619CC0,UNRESOLVED,REJECTED_WRONG_OBJECT,stack-relative slot; the factory object is heap-allocated (new 0x118 @0x0073E2CC lazy-init); a stack slot cannot be the factory's +0x84 member
89_MOD10_disp32@0x0061A219,0x0061A219,"MOV [ESI+0x84],EAX",ESI (boundary-verified),EAX,entry~0x00619CC0,UNRESOLVED,UNRESOLVED,boundary-verified non-stack dword write to [reg+0x84]; base-register identity not resolved to any factory object within the window-level provenance bound; not established as a factory+0x84 write (no claim made)
8D_MOD10_disp32_SIB@0x0061A913,0x0061A913,"LEA ECX,[ESP+ESP*1+0x84]",ESP (boundary-verified),read,entry~0x0061A8A0,UNRESOLVED,REJECTED_WRONG_OBJECT,stack-relative slot; the factory object is heap-allocated (new 0x118 @0x0073E2CC lazy-init); a stack slot cannot be the factory's +0x84 member
8B_MOD10_disp32@0x0061AC40,0x0061AC40,"MOV ECX,[EDI+0x84]",EDI (boundary-verified),read,entry~0x0061A8A0,NOT_A_WRITE,REJECTED_READ_NOT_WRITE,read/CMP form with displacement 0x84; no memory write occurs
8B_MOD10_disp32@0x0061AC4E,0x0061AC4E,"MOV ECX,[EDI+0x84]",EDI (boundary-verified),read,entry~0x0061A8A0,NOT_A_WRITE,REJECTED_READ_NOT_WRITE,read/CMP form with displacement 0x84; no memory write occurs
8B_MOD10_disp32@0x0061B165,0x0061B165,"MOV ECX,[EDI+0x84]",EDI (boundary-verified),read,entry~0x0061B0E0,NOT_A_WRITE,REJECTED_READ_NOT_WRITE,read/CMP form with displacement 0x84; no memory write occurs
8B_MOD10_disp32@0x0061B1B2,0x0061B1B2,"MOV ECX,[EDI+0x84]",EDI (boundary-verified),read,entry~0x0061B0E0,NOT_A_WRITE,REJECTED_READ_NOT_WRITE,read/CMP form with displacement 0x84; no memory write occurs
8B_MOD10_disp32@0x0061B256,0x0061B256,"MOV ECX,[ESI+0x84]",ESI (boundary-verified),read,entry~0x0061B250,NOT_A_WRITE,REJECTED_READ_NOT_WRITE,read/CMP form with displacement 0x84; no memory write occurs
8B_MOD10_disp32@0x0061B286,0x0061B286,"MOV ECX,[ESI+0x84]",ESI (boundary-verified),read,entry~0x0061B250,NOT_A_WRITE,REJECTED_READ_NOT_WRITE,read/CMP form with displacement 0x84; no memory write occurs
8B_MOD10_disp32@0x0061B2B6,0x0061B2B6,"MOV ECX,[ESI+0x84]",ESI (boundary-verified),read,entry~0x0061B250,NOT_A_WRITE,REJECTED_READ_NOT_WRITE,read/CMP form with displacement 0x84; no memory write occurs
8B_MOD10_disp32@0x0061B2E6,0x0061B2E6,"MOV ECX,[ESI+0x84]",ESI (boundary-verified),read,entry~0x0061B250,NOT_A_WRITE,REJECTED_READ_NOT_WRITE,read/CMP form with displacement 0x84; no memory write occurs
8B_MOD10_disp32@0x0061B316,0x0061B316,"MOV ECX,[ESI+0x84]",ESI (boundary-verified),read,entry~0x0061B250,NOT_A_WRITE,REJECTED_READ_NOT_WRITE,read/CMP form with displacement 0x84; no memory write occurs
8D_MOD10_disp32_SIB@0x0061B7D6,0x0061B7D6,"LEA ECX,[ESP+ESP*1+0x84]",ESP (boundary-verified),read,entry~0x0061B4F0,UNRESOLVED,REJECTED_WRONG_OBJECT,stack-relative slot; the factory object is heap-allocated (new 0x118 @0x0073E2CC lazy-init); a stack slot cannot be the factory's +0x84 member
C6_MOD10_SIB_BYTE@0x0061B8FD,0x0061B8FD,"MOV BYTE [...+0x84],imm8",ESP (boundary-verified),imm8=0x01,entry~0x0061B830,UNRESOLVED,REJECTED_UNRELATED_OFFSET,partial-width (byte/word) store at +0x84; cannot fully assign the dword pointer member at factory+0x84 (dword member per the base ctor store @0x0070D013 and the setter store @0x0070C71E)
C6_MOD10_SIB_BYTE@0x0061B90F,0x0061B90F,"MOV BYTE [...+0x84],imm8",ESP (boundary-verified),imm8=0x00,entry~0x0061B830,UNRESOLVED,REJECTED_UNRELATED_OFFSET,partial-width (byte/word) store at +0x84; cannot fully assign the dword pointer member at factory+0x84 (dword member per the base ctor store @0x0070D013 and the setter store @0x0070C71E)
88_MOD10_SIB_BYTE@0x0061B9E6,0x0061B9E6,"MOV BYTE [...+0x84],r8",ESP (boundary-verified),byte,entry~0x0061B830,UNRESOLVED,REJECTED_UNRELATED_OFFSET,partial-width (byte/word) store at +0x84; cannot fully assign the dword pointer member at factory+0x84 (dword member per the base ctor store @0x0070D013 and the setter store @0x0070C71E)
C6_MOD10_SIB_BYTE@0x0061B9F7,0x0061B9F7,"MOV BYTE [...+0x84],imm8",ESP (boundary-verified),imm8=0x05,entry~0x0061B830,UNRESOLVED,REJECTED_UNRELATED_OFFSET,partial-width (byte/word) store at +0x84; cannot fully assign the dword pointer member at factory+0x84 (dword member per the base ctor store @0x0070D013 and the setter store @0x0070C71E)
C6_MOD10_SIB_BYTE@0x0061BA08,0x0061BA08,"MOV BYTE [...+0x84],imm8",ESP (boundary-verified),imm8=0x04,entry~0x0061B830,UNRESOLVED,REJECTED_UNRELATED_OFFSET,partial-width (byte/word) store at +0x84; cannot fully assign the dword pointer member at factory+0x84 (dword member per the base ctor store @0x0070D013 and the setter store @0x0070C71E)
C6_MOD10_SIB_BYTE@0x0061BA1A,0x0061BA1A,"MOV BYTE [...+0x84],imm8",ESP (boundary-verified),imm8=0x03,entry~0x0061B830,UNRESOLVED,REJECTED_UNRELATED_OFFSET,partial-width (byte/word) store at +0x84; cannot fully assign the dword pointer member at factory+0x84 (dword member per the base ctor store @0x0070D013 and the setter store @0x0070C71E)
88_MOD10_SIB_BYTE@0x0061BAB9,0x0061BAB9,"MOV BYTE [...+0x84],r8",ESP (boundary-verified),byte,entry~0x0061B830,UNRESOLVED,REJECTED_UNRELATED_OFFSET,partial-width (byte/word) store at +0x84; cannot fully assign the dword pointer member at factory+0x84 (dword member per the base ctor store @0x0070D013 and the setter store @0x0070C71E)
C6_MOD10_SIB_BYTE@0x0061BACA,0x0061BACA,"MOV BYTE [...+0x84],imm8",ESP (boundary-verified),imm8=0x08,entry~0x0061B830,UNRESOLVED,REJECTED_UNRELATED_OFFSET,partial-width (byte/word) store at +0x84; cannot fully assign the dword pointer member at factory+0x84 (dword member per the base ctor store @0x0070D013 and the setter store @0x0070C71E)
88_MOD10_SIB_BYTE@0x0061BB69,0x0061BB69,"MOV BYTE [...+0x84],r8",ESP (boundary-verified),byte,entry~0x0061B830,UNRESOLVED,REJECTED_UNRELATED_OFFSET,partial-width (byte/word) store at +0x84; cannot fully assign the dword pointer member at factory+0x84 (dword member per the base ctor store @0x0070D013 and the setter store @0x0070C71E)
C6_MOD10_SIB_BYTE@0x0061BB76,0x0061BB76,"MOV BYTE [...+0x84],imm8",ESP (boundary-verified),imm8=0x0B,entry~0x0061B830,UNRESOLVED,REJECTED_UNRELATED_OFFSET,partial-width (byte/word) store at +0x84; cannot fully assign the dword pointer member at factory+0x84 (dword member per the base ctor store @0x0070D013 and the setter store @0x0070C71E)
C6_MOD10_SIB_BYTE@0x0061BBF7,0x0061BBF7,"MOV BYTE [...+0x84],imm8",ESP (boundary-verified),imm8=0x0F,entry~0x0061B830,UNRESOLVED,REJECTED_UNRELATED_OFFSET,partial-width (byte/word) store at +0x84; cannot fully assign the dword pointer member at factory+0x84 (dword member per the base ctor store @0x0070D013 and the setter store @0x0070C71E)
C6_MOD10_SIB_BYTE@0x0061BC09,0x0061BC09,"MOV BYTE [...+0x84],imm8",ESP (boundary-verified),imm8=0x0E,entry~0x0061B830,UNRESOLVED,REJECTED_UNRELATED_OFFSET,partial-width (byte/word) store at +0x84; cannot fully assign the dword pointer member at factory+0x84 (dword member per the base ctor store @0x0070D013 and the setter store @0x0070C71E)
C6_MOD10_SIB_BYTE@0x0061BC9E,0x0061BC9E,"MOV BYTE [...+0x84],imm8",ESP (boundary-verified),imm8=0x12,entry~0x0061B830,UNRESOLVED,REJECTED_UNRELATED_OFFSET,partial-width (byte/word) store at +0x84; cannot fully assign the dword pointer member at factory+0x84 (dword member per the base ctor store @0x0070D013 and the setter store @0x0070C71E)
C6_MOD10_SIB_BYTE@0x0061BCAC,0x0061BCAC,"MOV BYTE [...+0x84],imm8",ESP (boundary-verified),imm8=0x11,entry~0x0061B830,UNRESOLVED,REJECTED_UNRELATED_OFFSET,partial-width (byte/word) store at +0x84; cannot fully assign the dword pointer member at factory+0x84 (dword member per the base ctor store @0x0070D013 and the setter store @0x0070C71E)
C6_MOD10_BYTE@0x0061D65A,0x0061D65A,"MOV BYTE [ESI+0x84],imm8",ESI (boundary-verified),imm8=0x00,entry~0x0061D5F0,UNRESOLVED,REJECTED_UNRELATED_OFFSET,partial-width (byte/word) store at +0x84; cannot fully assign the dword pointer member at factory+0x84 (dword member per the base ctor store @0x0070D013 and the setter store @0x0070C71E)
8D_MOD10_disp32_SIB@0x0061D8F2,0x0061D8F2,"LEA ECX,[ESP+ESP*1+0x84]",ESP (boundary-verified),read,entry~0x0061D5F0,UNRESOLVED,REJECTED_WRONG_OBJECT,stack-relative slot; the factory object is heap-allocated (new 0x118 @0x0073E2CC lazy-init); a stack slot cannot be the factory's +0x84 member
8B_MOD10_disp32@0x0061DC37,0x0061DC37,"MOV ECX,[ESI+0x84]",ESI (boundary-verified),read,entry~0x0061DBF0,NOT_A_WRITE,REJECTED_READ_NOT_WRITE,read/CMP form with displacement 0x84; no memory write occurs
8B_MOD10_disp32@0x0061DCB1,0x0061DCB1,"MOV ECX,[ESI+0x84]",ESI (boundary-verified),read,entry~0x0061DC50,NOT_A_WRITE,REJECTED_READ_NOT_WRITE,read/CMP form with displacement 0x84; no memory write occurs
89_MOD10_disp32@0x0061E840,0x0061E840,"MOV [ESI+0x84],EAX",ESI (boundary-verified),EAX,entry~0x0061E460,UNRESOLVED,UNRESOLVED,boundary-verified non-stack dword write to [reg+0x84]; base-register identity not resolved to any factory object within the window-level provenance bound; not established as a factory+0x84 write (no claim made)
8B_MOD10_disp32@0x0061E8DA,0x0061E8DA,"MOV ECX,[ESI+0x84]",ESI (boundary-verified),read,entry~0x0061E460,NOT_A_WRITE,REJECTED_READ_NOT_WRITE,read/CMP form with displacement 0x84; no memory write occurs
8B_MOD10_disp32@0x0061E9A4,0x0061E9A4,"MOV ECX,[ESI+0x84]",ESI (boundary-verified),read,entry~0x0061E460,NOT_A_WRITE,REJECTED_READ_NOT_WRITE,read/CMP form with displacement 0x84; no memory write occurs
8B_MOD10_disp32@0x0061F0D4,0x0061F0D4,"MOV ECX,[ESI+0x84]",ESI (boundary-verified),read,entry~0x0061F090,NOT_A_WRITE,REJECTED_READ_NOT_WRITE,read/CMP form with displacement 0x84; no memory write occurs
8B_MOD10_disp32@0x0061F171,0x0061F171,"MOV ECX,[ESI+0x84]",ESI (boundary-verified),read,entry~0x0061F110,NOT_A_WRITE,REJECTED_READ_NOT_WRITE,read/CMP form with displacement 0x84; no memory write occurs
C6_MOD10_SIB_BYTE@0x0061F8CA,0x0061F8CA,"MOV BYTE [...+0x84],imm8",ESP (boundary-verified),imm8=0x01,entry~0x0061F860,UNRESOLVED,REJECTED_UNRELATED_OFFSET,partial-width (byte/word) store at +0x84; cannot fully assign the dword pointer member at factory+0x84 (dword member per the base ctor store @0x0070D013 and the setter store @0x0070C71E)
89_MOD10_disp32_SIB@0x0061F9C1,0x0061F9C1,"MOV [ESP+ESP*1+0x84],EDI",ESP (boundary-verified),EDI,entry~0x0061F970,UNRESOLVED,REJECTED_WRONG_OBJECT,stack-relative slot; the factory object is heap-allocated (new 0x118 @0x0073E2CC lazy-init); a stack slot cannot be the factory's +0x84 member
C6_MOD10_SIB_BYTE@0x0061F9FE,0x0061F9FE,"MOV BYTE [...+0x84],imm8",ESP (boundary-verified),imm8=0x03,entry~0x0061F970,UNRESOLVED,REJECTED_UNRELATED_OFFSET,partial-width (byte/word) store at +0x84; cannot fully assign the dword pointer member at factory+0x84 (dword member per the base ctor store @0x0070D013 and the setter store @0x0070C71E)
C6_MOD10_SIB_BYTE@0x0061FA71,0x0061FA71,"MOV BYTE [...+0x84],imm8",ESP (boundary-verified),imm8=0x05,entry~0x0061F970,UNRESOLVED,REJECTED_UNRELATED_OFFSET,partial-width (byte/word) store at +0x84; cannot fully assign the dword pointer member at factory+0x84 (dword member per the base ctor store @0x0070D013 and the setter store @0x0070C71E)
C6_MOD10_SIB_BYTE@0x0061FB45,0x0061FB45,"MOV BYTE [...+0x84],imm8",ESP (boundary-verified),imm8=0x09,entry~0x0061F970,UNRESOLVED,REJECTED_UNRELATED_OFFSET,partial-width (byte/word) store at +0x84; cannot fully assign the dword pointer member at factory+0x84 (dword member per the base ctor store @0x0070D013 and the setter store @0x0070C71E)
C6_MOD10_SIB_BYTE@0x0061FC13,0x0061FC13,"MOV BYTE [...+0x84],imm8",ESP (boundary-verified),imm8=0x0D,entry~0x0061F970,UNRESOLVED,REJECTED_UNRELATED_OFFSET,partial-width (byte/word) store at +0x84; cannot fully assign the dword pointer member at factory+0x84 (dword member per the base ctor store @0x0070D013 and the setter store @0x0070C71E)
C6_MOD10_SIB_BYTE@0x0061FCE4,0x0061FCE4,"MOV BYTE [...+0x84],imm8",ESP (boundary-verified),imm8=0x11,entry~0x0061F970,UNRESOLVED,REJECTED_UNRELATED_OFFSET,partial-width (byte/word) store at +0x84; cannot fully assign the dword pointer member at factory+0x84 (dword member per the base ctor store @0x0070D013 and the setter store @0x0070C71E)
89_MOD10_disp32@0x0061FD1C,0x0061FD1C,"MOV [ESI+0x84],EAX",ESI (boundary-verified),EAX,entry~0x0061F970,UNRESOLVED,UNRESOLVED,boundary-verified non-stack dword write to [reg+0x84]; base-register identity not resolved to any factory object within the window-level provenance bound; not established as a factory+0x84 write (no claim made)
8B_MOD10_disp32@0x0061FE06,0x0061FE06,"MOV ESI,[ESI+0x84]",ESI (boundary-verified),read,entry~0x0061F970,NOT_A_WRITE,REJECTED_READ_NOT_WRITE,read/CMP form with displacement 0x84; no memory write occurs
8D_MOD10_disp32_SIB@0x0062010D,0x0062010D,"LEA ECX,[ESP+ESP*1+0x84]",ESP (boundary-verified),read,entry~0x0061FEC0,UNRESOLVED,REJECTED_WRONG_OBJECT,stack-relative slot; the factory object is heap-allocated (new 0x118 @0x0073E2CC lazy-init); a stack slot cannot be the factory's +0x84 member
89_MOD10_disp32@0x00620368,0x00620368,"MOV [ESI+0x84],EAX",ESI (boundary-verified),EAX,entry~0x00620290,UNRESOLVED,UNRESOLVED,boundary-verified non-stack dword write to [reg+0x84]; base-register identity not resolved to any factory object within the window-level provenance bound; not established as a factory+0x84 write (no claim made)
8B_MOD10_disp32@0x0062052A,0x0062052A,"MOV ECX,[ESI+0x84]",ESI (boundary-verified),read,entry~0x006204E0,NOT_A_WRITE,REJECTED_READ_NOT_WRITE,read/CMP form with displacement 0x84; no memory write occurs
8B_MOD10_disp32@0x0062059A,0x0062059A,"MOV ECX,[ESI+0x84]",ESI (boundary-verified),read,entry~0x00620550,NOT_A_WRITE,REJECTED_READ_NOT_WRITE,read/CMP form with displacement 0x84; no memory write occurs
8B_MOD10_disp32@0x006205D8,0x006205D8,"MOV ECX,[ESI+0x84]",ESI (boundary-verified),read,entry~0x006205C0,NOT_A_WRITE,REJECTED_READ_NOT_WRITE,read/CMP form with displacement 0x84; no memory write occurs
8B_MOD10_disp32_SIB@0x00620641,0x00620641,"MOV ESI,[ESP+ESP*1+0x84]",ESP (boundary-verified),read,entry~0x00620610,NOT_A_WRITE,REJECTED_READ_NOT_WRITE,read/CMP form with displacement 0x84; no memory write occurs
8B_MOD10_disp32@0x00620B5A,0x00620B5A,"MOV ECX,[ESI+0x84]",ESI (boundary-verified),read,entry~0x00620B20,NOT_A_WRITE,REJECTED_READ_NOT_WRITE,read/CMP form with displacement 0x84; no memory write occurs
8B_MOD10_disp32@0x00620CC6,0x00620CC6,"MOV ECX,[ESI+0x84]",ESI (boundary-verified),read,entry~0x00620B20,NOT_A_WRITE,REJECTED_READ_NOT_WRITE,read/CMP form with displacement 0x84; no memory write occurs
8B_MOD10_disp32@0x00620DBC,0x00620DBC,"MOV ECX,[ESI+0x84]",ESI (boundary-verified),read,entry~0x00620B20,NOT_A_WRITE,REJECTED_READ_NOT_WRITE,read/CMP form with displacement 0x84; no memory write occurs
8D_MOD10_disp32_SIB@0x00620E63,0x00620E63,"LEA ECX,[ESP+ESP*1+0x84]",ESP (boundary-verified),read,entry~0x00620B20,UNRESOLVED,REJECTED_WRONG_OBJECT,stack-relative slot; the factory object is heap-allocated (new 0x118 @0x0073E2CC lazy-init); a stack slot cannot be the factory's +0x84 member
8B_MOD10_disp32@0x00620EAC,0x00620EAC,"MOV ECX,[ESI+0x84]",ESI (boundary-verified),read,entry~0x00620B20,NOT_A_WRITE,REJECTED_READ_NOT_WRITE,read/CMP form with displacement 0x84; no memory write occurs
C6_MOD10_SIB_BYTE@0x00620FED,0x00620FED,"MOV BYTE [...+0x84],imm8",ESP (boundary-verified),imm8=0x01,entry~0x00620B20,UNRESOLVED,REJECTED_UNRELATED_OFFSET,partial-width (byte/word) store at +0x84; cannot fully assign the dword pointer member at factory+0x84 (dword member per the base ctor store @0x0070D013 and the setter store @0x0070C71E)
C6_MOD10_SIB_BYTE@0x00620FFF,0x00620FFF,"MOV BYTE [...+0x84],imm8",ESP (boundary-verified),imm8=0x00,entry~0x00620B20,UNRESOLVED,REJECTED_UNRELATED_OFFSET,partial-width (byte/word) store at +0x84; cannot fully assign the dword pointer member at factory+0x84 (dword member per the base ctor store @0x0070D013 and the setter store @0x0070C71E)
88_MOD10_SIB_BYTE@0x006210D6,0x006210D6,"MOV BYTE [...+0x84],r8",ESP (boundary-verified),byte,entry~0x00620B20,UNRESOLVED,REJECTED_UNRELATED_OFFSET,partial-width (byte/word) store at +0x84; cannot fully assign the dword pointer member at factory+0x84 (dword member per the base ctor store @0x0070D013 and the setter store @0x0070C71E)
C6_MOD10_SIB_BYTE@0x006210E7,0x006210E7,"MOV BYTE [...+0x84],imm8",ESP (boundary-verified),imm8=0x05,entry~0x00620B20,UNRESOLVED,REJECTED_UNRELATED_OFFSET,partial-width (byte/word) store at +0x84; cannot fully assign the dword pointer member at factory+0x84 (dword member per the base ctor store @0x0070D013 and the setter store @0x0070C71E)
C6_MOD10_SIB_BYTE@0x006210F8,0x006210F8,"MOV BYTE [...+0x84],imm8",ESP (boundary-verified),imm8=0x04,entry~0x00620B20,UNRESOLVED,REJECTED_UNRELATED_OFFSET,partial-width (byte/word) store at +0x84; cannot fully assign the dword pointer member at factory+0x84 (dword member per the base ctor store @0x0070D013 and the setter store @0x0070C71E)
C6_MOD10_SIB_BYTE@0x0062110A,0x0062110A,"MOV BYTE [...+0x84],imm8",ESP (boundary-verified),imm8=0x03,entry~0x00620B20,UNRESOLVED,REJECTED_UNRELATED_OFFSET,partial-width (byte/word) store at +0x84; cannot fully assign the dword pointer member at factory+0x84 (dword member per the base ctor store @0x0070D013 and the setter store @0x0070C71E)
88_MOD10_SIB_BYTE@0x006211A9,0x006211A9,"MOV BYTE [...+0x84],r8",ESP (boundary-verified),byte,unknown,UNRESOLVED,REJECTED_UNRELATED_OFFSET,partial-width (byte/word) store at +0x84; cannot fully assign the dword pointer member at factory+0x84 (dword member per the base ctor store @0x0070D013 and the setter store @0x0070C71E)
C6_MOD10_SIB_BYTE@0x006211BA,0x006211BA,"MOV BYTE [...+0x84],imm8",ESP (boundary-verified),imm8=0x08,unknown,UNRESOLVED,REJECTED_UNRELATED_OFFSET,partial-width (byte/word) store at +0x84; cannot fully assign the dword pointer member at factory+0x84 (dword member per the base ctor store @0x0070D013 and the setter store @0x0070C71E)
88_MOD10_SIB_BYTE@0x00621259,0x00621259,"MOV BYTE [...+0x84],r8",ESP (boundary-verified),byte,unknown,UNRESOLVED,REJECTED_UNRELATED_OFFSET,partial-width (byte/word) store at +0x84; cannot fully assign the dword pointer member at factory+0x84 (dword member per the base ctor store @0x0070D013 and the setter store @0x0070C71E)
C6_MOD10_SIB_BYTE@0x00621266,0x00621266,"MOV BYTE [...+0x84],imm8",ESP (boundary-verified),imm8=0x0B,unknown,UNRESOLVED,REJECTED_UNRELATED_OFFSET,partial-width (byte/word) store at +0x84; cannot fully assign the dword pointer member at factory+0x84 (dword member per the base ctor store @0x0070D013 and the setter store @0x0070C71E)
C6_MOD10_SIB_BYTE@0x006212E7,0x006212E7,"MOV BYTE [...+0x84],imm8",ESP (boundary-verified),imm8=0x0F,unknown,UNRESOLVED,REJECTED_UNRELATED_OFFSET,partial-width (byte/word) store at +0x84; cannot fully assign the dword pointer member at factory+0x84 (dword member per the base ctor store @0x0070D013 and the setter store @0x0070C71E)
C6_MOD10_SIB_BYTE@0x006212F9,0x006212F9,"MOV BYTE [...+0x84],imm8",ESP (boundary-verified),imm8=0x0E,unknown,UNRESOLVED,REJECTED_UNRELATED_OFFSET,partial-width (byte/word) store at +0x84; cannot fully assign the dword pointer member at factory+0x84 (dword member per the base ctor store @0x0070D013 and the setter store @0x0070C71E)
C6_MOD10_SIB_BYTE@0x0062138E,0x0062138E,"MOV BYTE [...+0x84],imm8",ESP (boundary-verified),imm8=0x12,unknown,UNRESOLVED,REJECTED_UNRELATED_OFFSET,partial-width (byte/word) store at +0x84; cannot fully assign the dword pointer member at factory+0x84 (dword member per the base ctor store @0x0070D013 and the setter store @0x0070C71E)
C6_MOD10_SIB_BYTE@0x0062139C,0x0062139C,"MOV BYTE [...+0x84],imm8",ESP (boundary-verified),imm8=0x11,unknown,UNRESOLVED,REJECTED_UNRELATED_OFFSET,partial-width (byte/word) store at +0x84; cannot fully assign the dword pointer member at factory+0x84 (dword member per the base ctor store @0x0070D013 and the setter store @0x0070C71E)
8D_MOD10_disp32_SIB@0x006232FD,0x006232FD,"LEA EAX,[ESP+ESP*1+0x84]",ESP (boundary-verified),read,entry~0x006232E0,UNRESOLVED,REJECTED_WRONG_OBJECT,stack-relative slot; the factory object is heap-allocated (new 0x118 @0x0073E2CC lazy-init); a stack slot cannot be the factory's +0x84 member
8B_MOD10_disp32_SIB@0x00623467,0x00623467,"MOV ECX,[ESP+ESP*1+0x84]",ESP (boundary-verified),read,entry~0x006232E0,NOT_A_WRITE,REJECTED_READ_NOT_WRITE,read/CMP form with displacement 0x84; no memory write occurs
8B_MOD10_disp32_SIB@0x00623E03,0x00623E03,"MOV EDI,[ESP+ESP*1+0x84]",ESP (boundary-verified),read,entry~0x00623D50,NOT_A_WRITE,REJECTED_READ_NOT_WRITE,read/CMP form with displacement 0x84; no memory write occurs
8D_MOD10_disp32_SIB@0x006241F1,0x006241F1,"LEA EAX,[ESP+ESP*1+0x84]",ESP (boundary-verified),read,entry~0x006241C0,UNRESOLVED,REJECTED_WRONG_OBJECT,stack-relative slot; the factory object is heap-allocated (new 0x118 @0x0073E2CC lazy-init); a stack slot cannot be the factory's +0x84 member
8B_MOD10_disp32_SIB@0x0062442C,0x0062442C,"MOV EAX,[ESP+ESP*1+0x84]",ESP (boundary-verified),read,entry~0x00624400,NOT_A_WRITE,REJECTED_READ_NOT_WRITE,read/CMP form with displacement 0x84; no memory write occurs
89_MOD10_disp32_SIB@0x00624EA0,0x00624EA0,"MOV [ESP+ESP*1+0x84],EAX",ESP (boundary-verified),EAX,entry~0x00624B20,UNRESOLVED,REJECTED_WRONG_OBJECT,stack-relative slot; the factory object is heap-allocated (new 0x118 @0x0073E2CC lazy-init); a stack slot cannot be the factory's +0x84 member
C7_MOD10_SIB@0x0062619D,0x0062619D,"MOV [ESP+ESP*1+0x84],0xA82D30",ESP (boundary-verified),imm32=0xA82D30,entry~0x00626020,UNRESOLVED,REJECTED_WRONG_OBJECT,stack-relative slot; the factory object is heap-allocated (new 0x118 @0x0073E2CC lazy-init); a stack slot cannot be the factory's +0x84 member
C7_MOD10_SIB@0x0062627E,0x0062627E,"MOV [ESP+ESP*1+0x84],0xA82D10",ESP (boundary-verified),imm32=0xA82D10,entry~0x00626020,UNRESOLVED,REJECTED_WRONG_OBJECT,stack-relative slot; the factory object is heap-allocated (new 0x118 @0x0073E2CC lazy-init); a stack slot cannot be the factory's +0x84 member
C7_MOD10_SIB@0x006264B7,0x006264B7,"MOV [ESP+ESP*1+0x84],0xA82CB4",ESP (boundary-verified),imm32=0xA82CB4,entry~0x00626020,UNRESOLVED,REJECTED_WRONG_OBJECT,stack-relative slot; the factory object is heap-allocated (new 0x118 @0x0073E2CC lazy-init); a stack slot cannot be the factory's +0x84 member
C7_MOD10_SIB@0x00626605,0x00626605,"MOV [ESP+ESP*1+0x84],0xA82BF4",ESP (boundary-verified),imm32=0xA82BF4,entry~0x00626020,UNRESOLVED,REJECTED_WRONG_OBJECT,stack-relative slot; the factory object is heap-allocated (new 0x118 @0x0073E2CC lazy-init); a stack slot cannot be the factory's +0x84 member
C7_MOD10_SIB@0x006278F4,0x006278F4,"MOV [ESP+ESP*1+0x84],0xA82B20",ESP (boundary-verified),imm32=0xA82B20,unknown,UNRESOLVED,REJECTED_WRONG_OBJECT,stack-relative slot; the factory object is heap-allocated (new 0x118 @0x0073E2CC lazy-init); a stack slot cannot be the factory's +0x84 member
C7_MOD10_SIB@0x00627E1D,0x00627E1D,"MOV [ESP+ESP*1+0x84],0xA7D590",ESP (boundary-verified),imm32=0xA7D590,unknown,UNRESOLVED,REJECTED_WRONG_OBJECT,stack-relative slot; the factory object is heap-allocated (new 0x118 @0x0073E2CC lazy-init); a stack slot cannot be the factory's +0x84 member
C7_MOD10_SIB@0x00628387,0x00628387,"MOV [ESP+ESP*1+0x84],0xA82AB4",ESP (boundary-verified),imm32=0xA82AB4,unknown,UNRESOLVED,REJECTED_WRONG_OBJECT,stack-relative slot; the factory object is heap-allocated (new 0x118 @0x0073E2CC lazy-init); a stack slot cannot be the factory's +0x84 member
C7_MOD10_SIB@0x00628477,0x00628477,"MOV [ESP+ESP*1+0x84],0xA82A74",ESP (boundary-verified),imm32=0xA82A74,unknown,UNRESOLVED,REJECTED_WRONG_OBJECT,stack-relative slot; the factory object is heap-allocated (new 0x118 @0x0073E2CC lazy-init); a stack slot cannot be the factory's +0x84 member
8D_MOD10_disp32_SIB@0x0062B6B7,0x0062B6B7,"LEA EAX,[ESP+ESP*1+0x84]",ESP (boundary-verified),read,entry~0x0062B4A0,UNRESOLVED,REJECTED_WRONG_OBJECT,stack-relative slot; the factory object is heap-allocated (new 0x118 @0x0073E2CC lazy-init); a stack slot cannot be the factory's +0x84 member
8D_MOD10_disp32_SIB@0x0062B6D2,0x0062B6D2,"LEA ECX,[ESP+ESP*1+0x84]",ESP (boundary-verified),read,entry~0x0062B4A0,UNRESOLVED,REJECTED_WRONG_OBJECT,stack-relative slot; the factory object is heap-allocated (new 0x118 @0x0073E2CC lazy-init); a stack slot cannot be the factory's +0x84 member
89_MOD10_disp32_SIB@0x00631D8F,0x00631D8F,"MOV [ESP+ESP*1+0x84],EBX",ESP (boundary-verified),EBX,entry~0x00631CD0,UNRESOLVED,REJECTED_WRONG_OBJECT,stack-relative slot; the factory object is heap-allocated (new 0x118 @0x0073E2CC lazy-init); a stack slot cannot be the factory's +0x84 member
8D_MOD10_disp32_SIB@0x0063236B,0x0063236B,"LEA ECX,[ESP+ESP*1+0x84]",ESP (boundary-verified),read,entry~0x00632280,UNRESOLVED,REJECTED_WRONG_OBJECT,stack-relative slot; the factory object is heap-allocated (new 0x118 @0x0073E2CC lazy-init); a stack slot cannot be the factory's +0x84 member
8D_MOD10_disp32_SIB@0x0063241D,0x0063241D,"LEA ECX,[ESP+ESP*1+0x84]",ESP (boundary-verified),read,entry~0x00632280,UNRESOLVED,REJECTED_WRONG_OBJECT,stack-relative slot; the factory object is heap-allocated (new 0x118 @0x0073E2CC lazy-init); a stack slot cannot be the factory's +0x84 member
8D_MOD10_disp32_SIB@0x0063263B,0x0063263B,"LEA ECX,[ESP+ESP*1+0x84]",ESP (boundary-verified),read,entry~0x00632280,UNRESOLVED,REJECTED_WRONG_OBJECT,stack-relative slot; the factory object is heap-allocated (new 0x118 @0x0073E2CC lazy-init); a stack slot cannot be the factory's +0x84 member
8D_MOD10_disp32_SIB@0x006326ED,0x006326ED,"LEA ECX,[ESP+ESP*1+0x84]",ESP (boundary-verified),read,entry~0x00632280,UNRESOLVED,REJECTED_WRONG_OBJECT,stack-relative slot; the factory object is heap-allocated (new 0x118 @0x0073E2CC lazy-init); a stack slot cannot be the factory's +0x84 member
C6_MOD10_SIB_BYTE@0x006337EF,0x006337EF,"MOV BYTE [...+0x84],imm8",ESP (boundary-verified),imm8=0x01,entry~0x006336C0,UNRESOLVED,REJECTED_UNRELATED_OFFSET,partial-width (byte/word) store at +0x84; cannot fully assign the dword pointer member at factory+0x84 (dword member per the base ctor store @0x0070D013 and the setter store @0x0070C71E)
C6_MOD10_SIB_BYTE@0x00633E84,0x00633E84,"MOV BYTE [...+0x84],imm8",ESP (boundary-verified),imm8=0x02,entry~0x00633D90,UNRESOLVED,REJECTED_UNRELATED_OFFSET,partial-width (byte/word) store at +0x84; cannot fully assign the dword pointer member at factory+0x84 (dword member per the base ctor store @0x0070D013 and the setter store @0x0070C71E)
C7_MOD10_SIB@0x00633EAA,0x00633EAA,"MOV [ESP+ESP*1+0x84],0xFFFFFFFF",ESP (boundary-verified),imm32=0xFFFFFFFF,entry~0x00633D90,UNRESOLVED,REJECTED_WRONG_OBJECT,stack-relative slot; the factory object is heap-allocated (new 0x118 @0x0073E2CC lazy-init); a stack slot cannot be the factory's +0x84 member
8D_MOD10_disp32_SIB@0x00634F01,0x00634F01,"LEA EDX,[ESP+ESP*1+0x84]",ESP (boundary-verified),read,entry~0x00634C40,UNRESOLVED,REJECTED_WRONG_OBJECT,stack-relative slot; the factory object is heap-allocated (new 0x118 @0x0073E2CC lazy-init); a stack slot cannot be the factory's +0x84 member
8D_MOD10_disp32_SIB@0x00634F78,0x00634F78,"LEA EDX,[ESP+ESP*1+0x84]",ESP (boundary-verified),read,entry~0x00634C40,UNRESOLVED,REJECTED_WRONG_OBJECT,stack-relative slot; the factory object is heap-allocated (new 0x118 @0x0073E2CC lazy-init); a stack slot cannot be the factory's +0x84 member
89_MOD10_disp32_SIB@0x006354DA,0x006354DA,"MOV [ESP+ESP*1+0x84],EBP",ESP (boundary-verified),EBP,entry~0x006354A0,UNRESOLVED,REJECTED_WRONG_OBJECT,stack-relative slot; the factory object is heap-allocated (new 0x118 @0x0073E2CC lazy-init); a stack slot cannot be the factory's +0x84 member
C6_MOD10_SIB_BYTE@0x006354F6,0x006354F6,"MOV BYTE [...+0x84],imm8",ESP (boundary-verified),imm8=0x01,entry~0x006354A0,UNRESOLVED,REJECTED_UNRELATED_OFFSET,partial-width (byte/word) store at +0x84; cannot fully assign the dword pointer member at factory+0x84 (dword member per the base ctor store @0x0070D013 and the setter store @0x0070C71E)
C6_MOD10_SIB_BYTE@0x0063556B,0x0063556B,"MOV BYTE [...+0x84],imm8",ESP (boundary-verified),imm8=0x05,entry~0x006354A0,UNRESOLVED,REJECTED_UNRELATED_OFFSET,partial-width (byte/word) store at +0x84; cannot fully assign the dword pointer member at factory+0x84 (dword member per the base ctor store @0x0070D013 and the setter store @0x0070C71E)
88_MOD10_SIB_BYTE@0x006355A1,0x006355A1,"MOV BYTE [...+0x84],r8",ESP (boundary-verified),byte,entry~0x006354A0,UNRESOLVED,REJECTED_UNRELATED_OFFSET,partial-width (byte/word) store at +0x84; cannot fully assign the dword pointer member at factory+0x84 (dword member per the base ctor store @0x0070D013 and the setter store @0x0070C71E)
C6_MOD10_SIB_BYTE@0x006355B1,0x006355B1,"MOV BYTE [...+0x84],imm8",ESP (boundary-verified),imm8=0x01,entry~0x006354A0,UNRESOLVED,REJECTED_UNRELATED_OFFSET,partial-width (byte/word) store at +0x84; cannot fully assign the dword pointer member at factory+0x84 (dword member per the base ctor store @0x0070D013 and the setter store @0x0070C71E)
C6_MOD10_SIB_BYTE@0x0063564D,0x0063564D,"MOV BYTE [...+0x84],imm8",ESP (boundary-verified),imm8=0x09,entry~0x006354A0,UNRESOLVED,REJECTED_UNRELATED_OFFSET,partial-width (byte/word) store at +0x84; cannot fully assign the dword pointer member at factory+0x84 (dword member per the base ctor store @0x0070D013 and the setter store @0x0070C71E)
C6_MOD10_SIB_BYTE@0x00635664,0x00635664,"MOV BYTE [...+0x84],imm8",ESP (boundary-verified),imm8=0x0A,entry~0x006354A0,UNRESOLVED,REJECTED_UNRELATED_OFFSET,partial-width (byte/word) store at +0x84; cannot fully assign the dword pointer member at factory+0x84 (dword member per the base ctor store @0x0070D013 and the setter store @0x0070C71E)
C6_MOD10_SIB_BYTE@0x0063569C,0x0063569C,"MOV BYTE [...+0x84],imm8",ESP (boundary-verified),imm8=0x0B,entry~0x006354A0,UNRESOLVED,REJECTED_UNRELATED_OFFSET,partial-width (byte/word) store at +0x84; cannot fully assign the dword pointer member at factory+0x84 (dword member per the base ctor store @0x0070D013 and the setter store @0x0070C71E)
88_MOD10_SIB_BYTE@0x006356AD,0x006356AD,"MOV BYTE [...+0x84],r8",ESP (boundary-verified),byte,entry~0x006354A0,UNRESOLVED,REJECTED_UNRELATED_OFFSET,partial-width (byte/word) store at +0x84; cannot fully assign the dword pointer member at factory+0x84 (dword member per the base ctor store @0x0070D013 and the setter store @0x0070C71E)
C6_MOD10_SIB_BYTE@0x006356BE,0x006356BE,"MOV BYTE [...+0x84],imm8",ESP (boundary-verified),imm8=0x01,entry~0x006354A0,UNRESOLVED,REJECTED_UNRELATED_OFFSET,partial-width (byte/word) store at +0x84; cannot fully assign the dword pointer member at factory+0x84 (dword member per the base ctor store @0x0070D013 and the setter store @0x0070C71E)
C6_MOD10_SIB_BYTE@0x00635709,0x00635709,"MOV BYTE [...+0x84],imm8",ESP (boundary-verified),imm8=0x00,entry~0x006354A0,UNRESOLVED,REJECTED_UNRELATED_OFFSET,partial-width (byte/word) store at +0x84; cannot fully assign the dword pointer member at factory+0x84 (dword member per the base ctor store @0x0070D013 and the setter store @0x0070C71E)
C7_MOD10_SIB@0x0063571A,0x0063571A,"MOV [ESP+ESP*1+0x84],0xFFFFFFFF",ESP (boundary-verified),imm32=0xFFFFFFFF,entry~0x006354A0,UNRESOLVED,REJECTED_WRONG_OBJECT,stack-relative slot; the factory object is heap-allocated (new 0x118 @0x0073E2CC lazy-init); a stack slot cannot be the factory's +0x84 member
8D_MOD10_disp32_SIB@0x00635857,0x00635857,"LEA ECX,[ESP+ESP*1+0x84]",ESP (boundary-verified),read,entry~0x006354A0,UNRESOLVED,REJECTED_WRONG_OBJECT,stack-relative slot; the factory object is heap-allocated (new 0x118 @0x0073E2CC lazy-init); a stack slot cannot be the factory's +0x84 member
89_MOD10_disp32_SIB@0x00635E7E,0x00635E7E,"MOV [ESP+ESP*1+0x84],ESP",ESP (boundary-verified),ESP,entry~0x00635E30,UNRESOLVED,REJECTED_WRONG_OBJECT,stack-relative slot; the factory object is heap-allocated (new 0x118 @0x0073E2CC lazy-init); a stack slot cannot be the factory's +0x84 member
8B_MOD10_disp32_SIB@0x00635FB2,0x00635FB2,"MOV ECX,[ESP+ESP*1+0x84]",ESP (boundary-verified),read,entry~0x00635F80,NOT_A_WRITE,REJECTED_READ_NOT_WRITE,read/CMP form with displacement 0x84; no memory write occurs
8D_MOD10_disp32_SIB@0x0063601B,0x0063601B,"LEA EDX,[ESP+ESP*1+0x84]",ESP (boundary-verified),read,entry~0x00635F80,UNRESOLVED,REJECTED_WRONG_OBJECT,stack-relative slot; the factory object is heap-allocated (new 0x118 @0x0073E2CC lazy-init); a stack slot cannot be the factory's +0x84 member
8D_MOD10_disp32_SIB@0x00637B11,0x00637B11,"LEA EAX,[ESP+ESP*1+0x84]",ESP (boundary-verified),read,unknown,UNRESOLVED,REJECTED_WRONG_OBJECT,stack-relative slot; the factory object is heap-allocated (new 0x118 @0x0073E2CC lazy-init); a stack slot cannot be the factory's +0x84 member
8D_MOD10_disp32_SIB@0x00637BF1,0x00637BF1,"LEA EAX,[ESP+ESP*1+0x84]",ESP (boundary-verified),read,entry~0x00637BC0,UNRESOLVED,REJECTED_WRONG_OBJECT,stack-relative slot; the factory object is heap-allocated (new 0x118 @0x0073E2CC lazy-init); a stack slot cannot be the factory's +0x84 member
89_MOD10_disp32_SIB@0x00637E2E,0x00637E2E,"MOV [ESP+ESP*1+0x84],ESP",ESP (boundary-verified),ESP,entry~0x00637DE0,UNRESOLVED,REJECTED_WRONG_OBJECT,stack-relative slot; the factory object is heap-allocated (new 0x118 @0x0073E2CC lazy-init); a stack slot cannot be the factory's +0x84 member
89_MOD10_disp32_SIB@0x006385DC,0x006385DC,"MOV [ESP+ESP*1+0x84],ESP",ESP (boundary-verified),ESP,entry~0x006385A0,UNRESOLVED,REJECTED_WRONG_OBJECT,stack-relative slot; the factory object is heap-allocated (new 0x118 @0x0073E2CC lazy-init); a stack slot cannot be the factory's +0x84 member
8B_MOD10_disp32_SIB@0x006386D0,0x006386D0,"MOV ECX,[ESP+ESP*1+0x84]",ESP (boundary-verified),read,entry~0x006385A0,NOT_A_WRITE,REJECTED_READ_NOT_WRITE,read/CMP form with displacement 0x84; no memory write occurs
8D_MOD10_disp32_SIB@0x0063873E,0x0063873E,"LEA EAX,[ESP+ESP*1+0x84]",ESP (boundary-verified),read,entry~0x006385A0,UNRESOLVED,REJECTED_WRONG_OBJECT,stack-relative slot; the factory object is heap-allocated (new 0x118 @0x0073E2CC lazy-init); a stack slot cannot be the factory's +0x84 member
8D_MOD10_disp32_SIB@0x00638FB6,0x00638FB6,"LEA ECX,[ESP+ESP*1+0x84]",ESP (boundary-verified),read,entry~0x00638F80,UNRESOLVED,REJECTED_WRONG_OBJECT,stack-relative slot; the factory object is heap-allocated (new 0x118 @0x0073E2CC lazy-init); a stack slot cannot be the factory's +0x84 member
8B_MOD10_disp32_SIB@0x0063955B,0x0063955B,"MOV ESI,[ESP+ESP*1+0x84]",ESP (boundary-verified),read,entry~0x00639470,NOT_A_WRITE,REJECTED_READ_NOT_WRITE,read/CMP form with displacement 0x84; no memory write occurs
8B_MOD10_disp32_SIB@0x00639B94,0x00639B94,"MOV EDX,[ESP+ESP*1+0x84]",ESP (boundary-verified),read,entry~0x00639B60,NOT_A_WRITE,REJECTED_READ_NOT_WRITE,read/CMP form with displacement 0x84; no memory write occurs
8D_MOD10_disp32_SIB@0x00639C05,0x00639C05,"LEA ECX,[ESP+ESP*1+0x84]",ESP (boundary-verified),read,entry~0x00639B60,UNRESOLVED,REJECTED_WRONG_OBJECT,stack-relative slot; the factory object is heap-allocated (new 0x118 @0x0073E2CC lazy-init); a stack slot cannot be the factory's +0x84 member
C7_MOD10_SIB@0x0063A1FC,0x0063A1FC,"MOV [ESP+ESP*1+0x84],0x1",ESP (boundary-verified),imm32=0x1,entry~0x0063A1A0,UNRESOLVED,REJECTED_WRONG_OBJECT,stack-relative slot; the factory object is heap-allocated (new 0x118 @0x0073E2CC lazy-init); a stack slot cannot be the factory's +0x84 member
8B_MOD10_disp32_SIB@0x0063B354,0x0063B354,"MOV EDX,[ESP+ESP*1+0x84]",ESP (boundary-verified),read,entry~0x0063B210,NOT_A_WRITE,REJECTED_READ_NOT_WRITE,read/CMP form with displacement 0x84; no memory write occurs
C7_MOD10_SIB@0x0063B387,0x0063B387,"MOV [ESP+ESP*1+0x84],0x1",ESP (boundary-verified),imm32=0x1,entry~0x0063B210,UNRESOLVED,REJECTED_WRONG_OBJECT,stack-relative slot; the factory object is heap-allocated (new 0x118 @0x0073E2CC lazy-init); a stack slot cannot be the factory's +0x84 member
8B_MOD10_disp32_SIB@0x0063B63E,0x0063B63E,"MOV EDI,[ESP+ESP*1+0x84]",ESP (boundary-verified),read,entry~0x0063B570,NOT_A_WRITE,REJECTED_READ_NOT_WRITE,read/CMP form with displacement 0x84; no memory write occurs
8B_MOD10_disp32_SIB@0x0063B6EC,0x0063B6EC,"MOV EAX,[ESP+ESP*1+0x84]",ESP (boundary-verified),read,entry~0x0063B570,NOT_A_WRITE,REJECTED_READ_NOT_WRITE,read/CMP form with displacement 0x84; no memory write occurs
C7_MOD10_SIB@0x0063B90C,0x0063B90C,"MOV [ESP+ESP*1+0x84],0x1",ESP (boundary-verified),imm32=0x1,entry~0x0063B8B0,UNRESOLVED,REJECTED_WRONG_OBJECT,stack-relative slot; the factory object is heap-allocated (new 0x118 @0x0073E2CC lazy-init); a stack slot cannot be the factory's +0x84 member
8B_MOD10_disp32_SIB@0x0063BCF5,0x0063BCF5,"MOV EDX,[ESP+ESP*1+0x84]",ESP (boundary-verified),read,entry~0x0063BBF0,NOT_A_WRITE,REJECTED_READ_NOT_WRITE,read/CMP form with displacement 0x84; no memory write occurs
8D_MOD10_disp32_SIB@0x0063BEA2,0x0063BEA2,"LEA ECX,[ESP+ESP*1+0x84]",ESP (boundary-verified),read,entry~0x0063BD70,UNRESOLVED,REJECTED_WRONG_OBJECT,stack-relative slot; the factory object is heap-allocated (new 0x118 @0x0073E2CC lazy-init); a stack slot cannot be the factory's +0x84 member
C7_MOD10_SIB@0x0063BEAE,0x0063BEAE,"MOV [ESP+ESP*1+0x84],0xA82DB8",ESP (boundary-verified),imm32=0xA82DB8,entry~0x0063BD70,UNRESOLVED,REJECTED_WRONG_OBJECT,stack-relative slot; the factory object is heap-allocated (new 0x118 @0x0073E2CC lazy-init); a stack slot cannot be the factory's +0x84 member
8D_MOD10_disp32_SIB@0x0063E49A,0x0063E49A,"LEA ECX,[ESP+ESP*1+0x84]",ESP (boundary-verified),read,entry~0x0063E3A0,UNRESOLVED,REJECTED_WRONG_OBJECT,stack-relative slot; the factory object is heap-allocated (new 0x118 @0x0073E2CC lazy-init); a stack slot cannot be the factory's +0x84 member
89_MOD10_disp32_SIB@0x0063E4A6,0x0063E4A6,"MOV [ESP+ESP*1+0x84],EBP",ESP (boundary-verified),EBP,entry~0x0063E3A0,UNRESOLVED,REJECTED_WRONG_OBJECT,stack-relative slot; the factory object is heap-allocated (new 0x118 @0x0073E2CC lazy-init); a stack slot cannot be the factory's +0x84 member
89_MOD10_disp32_SIB@0x00640392,0x00640392,"MOV [ESP+ESP*1+0x84],ESP",ESP (boundary-verified),ESP,entry~0x006402E0,UNRESOLVED,REJECTED_WRONG_OBJECT,stack-relative slot; the factory object is heap-allocated (new 0x118 @0x0073E2CC lazy-init); a stack slot cannot be the factory's +0x84 member
89_MOD10_disp32_SIB@0x00640602,0x00640602,"MOV [ESP+ESP*1+0x84],ESP",ESP (boundary-verified),ESP,entry~0x00640550,UNRESOLVED,REJECTED_WRONG_OBJECT,stack-relative slot; the factory object is heap-allocated (new 0x118 @0x0073E2CC lazy-init); a stack slot cannot be the factory's +0x84 member
C7_MOD10_SIB@0x00640AF0,0x00640AF0,"MOV [ESP+ESP*1+0x84],0x0",ESP (boundary-verified),imm32=0x0,entry~0x00640AB0,UNRESOLVED,REJECTED_WRONG_OBJECT,stack-relative slot; the factory object is heap-allocated (new 0x118 @0x0073E2CC lazy-init); a stack slot cannot be the factory's +0x84 member
C7_MOD10_SIB@0x00642100,0x00642100,"MOV [ESP+ESP*1+0x84],0x0",ESP (boundary-verified),imm32=0x0,entry~0x00642030,UNRESOLVED,REJECTED_WRONG_OBJECT,stack-relative slot; the factory object is heap-allocated (new 0x118 @0x0073E2CC lazy-init); a stack slot cannot be the factory's +0x84 member
C7_MOD10_SIB@0x00642180,0x00642180,"MOV [ESP+ESP*1+0x84],0x0",ESP (boundary-verified),imm32=0x0,entry~0x00642140,UNRESOLVED,REJECTED_WRONG_OBJECT,stack-relative slot; the factory object is heap-allocated (new 0x118 @0x0073E2CC lazy-init); a stack slot cannot be the factory's +0x84 member
89_MOD10_disp32_SIB@0x00642EB9,0x00642EB9,"MOV [ESP+ESP*1+0x84],ESP",ESP (boundary-verified),ESP,entry~0x00642E60,UNRESOLVED,REJECTED_WRONG_OBJECT,stack-relative slot; the factory object is heap-allocated (new 0x118 @0x0073E2CC lazy-init); a stack slot cannot be the factory's +0x84 member
C7_MOD10_SIB@0x00642FE8,0x00642FE8,"MOV [ESP+ESP*1+0x84],0xFFFFFFFF",ESP (boundary-verified),imm32=0xFFFFFFFF,entry~0x00642F30,UNRESOLVED,REJECTED_WRONG_OBJECT,stack-relative slot; the factory object is heap-allocated (new 0x118 @0x0073E2CC lazy-init); a stack slot cannot be the factory's +0x84 member
C7_MOD10_SIB@0x006430C8,0x006430C8,"MOV [ESP+ESP*1+0x84],0xFFFFFFFF",ESP (boundary-verified),imm32=0xFFFFFFFF,entry~0x00642F30,UNRESOLVED,REJECTED_WRONG_OBJECT,stack-relative slot; the factory object is heap-allocated (new 0x118 @0x0073E2CC lazy-init); a stack slot cannot be the factory's +0x84 member
89_MOD10_disp32_SIB@0x006437F1,0x006437F1,"MOV [ESP+ESP*1+0x84],EDI",ESP (boundary-verified),EDI,entry~0x00643730,UNRESOLVED,REJECTED_WRONG_OBJECT,stack-relative slot; the factory object is heap-allocated (new 0x118 @0x0073E2CC lazy-init); a stack slot cannot be the factory's +0x84 member
8D_MOD10_disp32_SIB@0x00643906,0x00643906,"LEA ECX,[ESP+ESP*1+0x84]",ESP (boundary-verified),read,entry~0x00643850,UNRESOLVED,REJECTED_WRONG_OBJECT,stack-relative slot; the factory object is heap-allocated (new 0x118 @0x0073E2CC lazy-init); a stack slot cannot be the factory's +0x84 member
89_MOD10_disp32_SIB@0x00644406,0x00644406,"MOV [ESP+ESP*1+0x84],ESP",ESP (boundary-verified),ESP,entry~0x00644360,UNRESOLVED,REJECTED_WRONG_OBJECT,stack-relative slot; the factory object is heap-allocated (new 0x118 @0x0073E2CC lazy-init); a stack slot cannot be the factory's +0x84 member
8D_MOD10_disp32_SIB@0x00645536,0x00645536,"LEA ECX,[ESP+ESP*1+0x84]",ESP (boundary-verified),read,entry~0x006453B0,UNRESOLVED,REJECTED_WRONG_OBJECT,stack-relative slot; the factory object is heap-allocated (new 0x118 @0x0073E2CC lazy-init); a stack slot cannot be the factory's +0x84 member
8D_MOD10_disp32_SIB@0x006456CE,0x006456CE,"LEA ECX,[ESP+ESP*1+0x84]",ESP (boundary-unverified),read,entry~0x006453B0,NOT_A_WRITE,REJECTED_UNRELATED_OFFSET,raw byte-pattern occurrence not at a verified instruction start (part of another instruction's immediate/displacement); not an instruction
8D_MOD10_disp32_SIB@0x006456DB,0x006456DB,"LEA ECX,[ESP+ESP*1+0x84]",ESP (boundary-verified),read,entry~0x006453B0,UNRESOLVED,REJECTED_WRONG_OBJECT,stack-relative slot; the factory object is heap-allocated (new 0x118 @0x0073E2CC lazy-init); a stack slot cannot be the factory's +0x84 member
8D_MOD10_disp32_SIB@0x00645AAC,0x00645AAC,"LEA ECX,[ESP+ESP*1+0x84]",ESP (boundary-verified),read,unknown,UNRESOLVED,REJECTED_WRONG_OBJECT,stack-relative slot; the factory object is heap-allocated (new 0x118 @0x0073E2CC lazy-init); a stack slot cannot be the factory's +0x84 member
8D_MOD10_disp32_SIB@0x00645BFE,0x00645BFE,"LEA ECX,[ESP+ESP*1+0x84]",ESP (boundary-verified),read,unknown,UNRESOLVED,REJECTED_WRONG_OBJECT,stack-relative slot; the factory object is heap-allocated (new 0x118 @0x0073E2CC lazy-init); a stack slot cannot be the factory's +0x84 member
8B_MOD10_disp32_SIB@0x006468D6,0x006468D6,"MOV EBX,[ESP+ESP*1+0x84]",ESP (boundary-verified),read,entry~0x00646880,NOT_A_WRITE,REJECTED_READ_NOT_WRITE,read/CMP form with displacement 0x84; no memory write occurs
8D_MOD10_disp32_SIB@0x006468E1,0x006468E1,"LEA EAX,[ESP+ESP*1+0x84]",ESP (boundary-verified),read,entry~0x00646880,UNRESOLVED,REJECTED_WRONG_OBJECT,stack-relative slot; the factory object is heap-allocated (new 0x118 @0x0073E2CC lazy-init); a stack slot cannot be the factory's +0x84 member
8D_MOD10_disp32_SIB@0x006468F6,0x006468F6,"LEA ECX,[ESP+ESP*1+0x84]",ESP (boundary-verified),read,entry~0x00646880,UNRESOLVED,REJECTED_WRONG_OBJECT,stack-relative slot; the factory object is heap-allocated (new 0x118 @0x0073E2CC lazy-init); a stack slot cannot be the factory's +0x84 member
8D_MOD10_disp32_SIB@0x006469AA,0x006469AA,"LEA EDX,[ESP+ESP*1+0x84]",ESP (boundary-verified),read,entry~0x00646880,UNRESOLVED,REJECTED_WRONG_OBJECT,stack-relative slot; the factory object is heap-allocated (new 0x118 @0x0073E2CC lazy-init); a stack slot cannot be the factory's +0x84 member
8D_MOD10_disp32_SIB@0x00646D51,0x00646D51,"LEA EDX,[ESP+ESP*1+0x84]",ESP (boundary-verified),read,entry~0x00646CA0,UNRESOLVED,REJECTED_WRONG_OBJECT,stack-relative slot; the factory object is heap-allocated (new 0x118 @0x0073E2CC lazy-init); a stack slot cannot be the factory's +0x84 member
89_MOD10_disp32_SIB@0x00646E39,0x00646E39,"MOV [ESP+ESP*1+0x84],ESP",ESP (boundary-verified),ESP,entry~0x00646CA0,UNRESOLVED,REJECTED_WRONG_OBJECT,stack-relative slot; the factory object is heap-allocated (new 0x118 @0x0073E2CC lazy-init); a stack slot cannot be the factory's +0x84 member
8D_MOD10_disp32_SIB@0x00646FD5,0x00646FD5,"LEA ECX,[ESP+ESP*1+0x84]",ESP (boundary-verified),read,entry~0x00646CA0,UNRESOLVED,REJECTED_WRONG_OBJECT,stack-relative slot; the factory object is heap-allocated (new 0x118 @0x0073E2CC lazy-init); a stack slot cannot be the factory's +0x84 member
8D_MOD10_disp32_SIB@0x006472DF,0x006472DF,"LEA ECX,[ESP+ESP*1+0x84]",ESP (boundary-verified),read,entry~0x00647020,UNRESOLVED,REJECTED_WRONG_OBJECT,stack-relative slot; the factory object is heap-allocated (new 0x118 @0x0073E2CC lazy-init); a stack slot cannot be the factory's +0x84 member
8B_MOD10_disp32_SIB@0x0064740C,0x0064740C,"MOV EAX,[ESP+ESP*1+0x84]",ESP (boundary-verified),read,entry~0x00647020,NOT_A_WRITE,REJECTED_READ_NOT_WRITE,read/CMP form with displacement 0x84; no memory write occurs
89_MOD10_disp32_SIB@0x006482D5,0x006482D5,"MOV [ESP+ESP*1+0x84],ESP",ESP (boundary-verified),ESP,entry~0x00648060,UNRESOLVED,REJECTED_WRONG_OBJECT,stack-relative slot; the factory object is heap-allocated (new 0x118 @0x0073E2CC lazy-init); a stack slot cannot be the factory's +0x84 member
89_MOD10_disp32_SIB@0x0064880A,0x0064880A,"MOV [ESP+ESP*1+0x84],EAX",ESP (boundary-verified),EAX,unknown,UNRESOLVED,REJECTED_WRONG_OBJECT,stack-relative slot; the factory object is heap-allocated (new 0x118 @0x0073E2CC lazy-init); a stack slot cannot be the factory's +0x84 member
8B_MOD10_disp32_SIB@0x00648827,0x00648827,"MOV EAX,[ESP+ESP*1+0x84]",ESP (boundary-verified),read,unknown,NOT_A_WRITE,REJECTED_READ_NOT_WRITE,read/CMP form with displacement 0x84; no memory write occurs
8B_MOD10_disp32_SIB@0x00648F0C,0x00648F0C,"MOV ECX,[ESP+ESP*1+0x84]",ESP (boundary-unverified),read,unknown,NOT_A_WRITE,REJECTED_READ_NOT_WRITE,read/CMP form with displacement 0x84; no memory write occurs
89_MOD10_disp32_SIB@0x00649DC6,0x00649DC6,"MOV [ESP+ESP*1+0x84],EAX",ESP (boundary-verified),EAX,entry~0x00649D80,UNRESOLVED,REJECTED_WRONG_OBJECT,stack-relative slot; the factory object is heap-allocated (new 0x118 @0x0073E2CC lazy-init); a stack slot cannot be the factory's +0x84 member
8D_MOD10_disp32_SIB@0x0064A4E7,0x0064A4E7,"LEA EDX,[ESP+ESP*1+0x84]",ESP (boundary-verified),read,unknown,UNRESOLVED,REJECTED_WRONG_OBJECT,stack-relative slot; the factory object is heap-allocated (new 0x118 @0x0073E2CC lazy-init); a stack slot cannot be the factory's +0x84 member
8B_MOD10_disp32_SIB@0x0064A6BD,0x0064A6BD,"MOV EAX,[ESP+ESP*1+0x84]",ESP (boundary-verified),read,unknown,NOT_A_WRITE,REJECTED_READ_NOT_WRITE,read/CMP form with displacement 0x84; no memory write occurs
89_MOD10_disp32_SIB@0x0064A7AB,0x0064A7AB,"MOV [ESP+ESP*1+0x84],ESP",ESP (boundary-verified),ESP,unknown,UNRESOLVED,REJECTED_WRONG_OBJECT,stack-relative slot; the factory object is heap-allocated (new 0x118 @0x0073E2CC lazy-init); a stack slot cannot be the factory's +0x84 member
8B_MOD10_disp32_SIB@0x0064A7C8,0x0064A7C8,"MOV EAX,[ESP+ESP*1+0x84]",ESP (boundary-verified),read,unknown,NOT_A_WRITE,REJECTED_READ_NOT_WRITE,read/CMP form with displacement 0x84; no memory write occurs
89_MOD10_disp32_SIB@0x0064A89C,0x0064A89C,"MOV [ESP+ESP*1+0x84],ESP",ESP (boundary-verified),ESP,unknown,UNRESOLVED,REJECTED_WRONG_OBJECT,stack-relative slot; the factory object is heap-allocated (new 0x118 @0x0073E2CC lazy-init); a stack slot cannot be the factory's +0x84 member
89_MOD10_disp32_SIB@0x0064A97F,0x0064A97F,"MOV [ESP+ESP*1+0x84],ESP",ESP (boundary-verified),ESP,unknown,UNRESOLVED,REJECTED_WRONG_OBJECT,stack-relative slot; the factory object is heap-allocated (new 0x118 @0x0073E2CC lazy-init); a stack slot cannot be the factory's +0x84 member
8B_MOD10_disp32_SIB@0x0064AA54,0x0064AA54,"MOV EAX,[ESP+ESP*1+0x84]",ESP (boundary-verified),read,unknown,NOT_A_WRITE,REJECTED_READ_NOT_WRITE,read/CMP form with displacement 0x84; no memory write occurs
89_MOD10_disp32_SIB@0x0064AFDA,0x0064AFDA,"MOV [ESP+ESP*1+0x84],ESP",ESP (boundary-verified),ESP,entry~0x0064AEB0,UNRESOLVED,REJECTED_WRONG_OBJECT,stack-relative slot; the factory object is heap-allocated (new 0x118 @0x0073E2CC lazy-init); a stack slot cannot be the factory's +0x84 member
8D_MOD10_disp32_SIB@0x0064C216,0x0064C216,"LEA ECX,[ESP+ESP*1+0x84]",ESP (boundary-verified),read,entry~0x0064BF10,UNRESOLVED,REJECTED_WRONG_OBJECT,stack-relative slot; the factory object is heap-allocated (new 0x118 @0x0073E2CC lazy-init); a stack slot cannot be the factory's +0x84 member
C7_MOD10_SIB@0x0064CBD7,0x0064CBD7,"MOV [ESP+ESP*1+0x84],0x0",ESP (boundary-verified),imm32=0x0,entry~0x0064C890,UNRESOLVED,REJECTED_WRONG_OBJECT,stack-relative slot; the factory object is heap-allocated (new 0x118 @0x0073E2CC lazy-init); a stack slot cannot be the factory's +0x84 member
C6_MOD10_SIB_BYTE@0x0064CBEE,0x0064CBEE,"MOV BYTE [...+0x84],imm8",ESP (boundary-verified),imm8=0x01,entry~0x0064C890,UNRESOLVED,REJECTED_UNRELATED_OFFSET,partial-width (byte/word) store at +0x84; cannot fully assign the dword pointer member at factory+0x84 (dword member per the base ctor store @0x0070D013 and the setter store @0x0070C71E)
8D_MOD10_disp32_SIB@0x0064D46A,0x0064D46A,"LEA EAX,[ESP+ESP*1+0x84]",ESP (boundary-verified),read,entry~0x0064D450,UNRESOLVED,REJECTED_WRONG_OBJECT,stack-relative slot; the factory object is heap-allocated (new 0x118 @0x0073E2CC lazy-init); a stack slot cannot be the factory's +0x84 member
8B_MOD10_disp32_SIB@0x0064D56F,0x0064D56F,"MOV ECX,[ESP+ESP*1+0x84]",ESP (boundary-verified),read,entry~0x0064D450,NOT_A_WRITE,REJECTED_READ_NOT_WRITE,read/CMP form with displacement 0x84; no memory write occurs
89_MOD10_disp32_SIB@0x0064D860,0x0064D860,"MOV [ESP+ESP*1+0x84],EBX",ESP (boundary-verified),EBX,entry~0x0064D7D0,UNRESOLVED,REJECTED_WRONG_OBJECT,stack-relative slot; the factory object is heap-allocated (new 0x118 @0x0073E2CC lazy-init); a stack slot cannot be the factory's +0x84 member
C6_MOD10_SIB_BYTE@0x0064D8AC,0x0064D8AC,"MOV BYTE [...+0x84],imm8",ESP (boundary-verified),imm8=0x01,entry~0x0064D7D0,UNRESOLVED,REJECTED_UNRELATED_OFFSET,partial-width (byte/word) store at +0x84; cannot fully assign the dword pointer member at factory+0x84 (dword member per the base ctor store @0x0070D013 and the setter store @0x0070C71E)
88_MOD10_SIB_BYTE@0x0064D8BD,0x0064D8BD,"MOV BYTE [...+0x84],r8",ESP (boundary-verified),byte,entry~0x0064D7D0,UNRESOLVED,REJECTED_UNRELATED_OFFSET,partial-width (byte/word) store at +0x84; cannot fully assign the dword pointer member at factory+0x84 (dword member per the base ctor store @0x0070D013 and the setter store @0x0070C71E)
C6_MOD10_SIB_BYTE@0x0064D8FE,0x0064D8FE,"MOV BYTE [...+0x84],imm8",ESP (boundary-verified),imm8=0x03,entry~0x0064D7D0,UNRESOLVED,REJECTED_UNRELATED_OFFSET,partial-width (byte/word) store at +0x84; cannot fully assign the dword pointer member at factory+0x84 (dword member per the base ctor store @0x0070D013 and the setter store @0x0070C71E)
88_MOD10_SIB_BYTE@0x0064D90F,0x0064D90F,"MOV BYTE [...+0x84],r8",ESP (boundary-verified),byte,entry~0x0064D7D0,UNRESOLVED,REJECTED_UNRELATED_OFFSET,partial-width (byte/word) store at +0x84; cannot fully assign the dword pointer member at factory+0x84 (dword member per the base ctor store @0x0070D013 and the setter store @0x0070C71E)
C6_MOD10_SIB_BYTE@0x0064D979,0x0064D979,"MOV BYTE [...+0x84],imm8",ESP (boundary-verified),imm8=0x05,entry~0x0064D7D0,UNRESOLVED,REJECTED_UNRELATED_OFFSET,partial-width (byte/word) store at +0x84; cannot fully assign the dword pointer member at factory+0x84 (dword member per the base ctor store @0x0070D013 and the setter store @0x0070C71E)
88_MOD10_SIB_BYTE@0x0064D98A,0x0064D98A,"MOV BYTE [...+0x84],r8",ESP (boundary-verified),byte,entry~0x0064D7D0,UNRESOLVED,REJECTED_UNRELATED_OFFSET,partial-width (byte/word) store at +0x84; cannot fully assign the dword pointer member at factory+0x84 (dword member per the base ctor store @0x0070D013 and the setter store @0x0070C71E)
C6_MOD10_SIB_BYTE@0x0064D9EB,0x0064D9EB,"MOV BYTE [...+0x84],imm8",ESP (boundary-verified),imm8=0x07,entry~0x0064D7D0,UNRESOLVED,REJECTED_UNRELATED_OFFSET,partial-width (byte/word) store at +0x84; cannot fully assign the dword pointer member at factory+0x84 (dword member per the base ctor store @0x0070D013 and the setter store @0x0070C71E)
88_MOD10_SIB_BYTE@0x0064D9FC,0x0064D9FC,"MOV BYTE [...+0x84],r8",ESP (boundary-verified),byte,entry~0x0064D7D0,UNRESOLVED,REJECTED_UNRELATED_OFFSET,partial-width (byte/word) store at +0x84; cannot fully assign the dword pointer member at factory+0x84 (dword member per the base ctor store @0x0070D013 and the setter store @0x0070C71E)
C7_MOD10_SIB@0x0064DA0C,0x0064DA0C,"MOV [ESP+ESP*1+0x84],0xFFFFFFFF",ESP (boundary-verified),imm32=0xFFFFFFFF,entry~0x0064D7D0,UNRESOLVED,REJECTED_WRONG_OBJECT,stack-relative slot; the factory object is heap-allocated (new 0x118 @0x0073E2CC lazy-init); a stack slot cannot be the factory's +0x84 member
8D_MOD10_disp32_SIB@0x0064DEA1,0x0064DEA1,"LEA EAX,[ESP+ESP*1+0x84]",ESP (boundary-verified),read,entry~0x0064DE70,UNRESOLVED,REJECTED_WRONG_OBJECT,stack-relative slot; the factory object is heap-allocated (new 0x118 @0x0073E2CC lazy-init); a stack slot cannot be the factory's +0x84 member
89_MOD10_disp32_SIB@0x0064EAE2,0x0064EAE2,"MOV [ESP+ESP*1+0x84],EBP",ESP (boundary-verified),EBP,entry~0x0064EA30,UNRESOLVED,REJECTED_WRONG_OBJECT,stack-relative slot; the factory object is heap-allocated (new 0x118 @0x0073E2CC lazy-init); a stack slot cannot be the factory's +0x84 member
89_MOD10_disp32_SIB@0x0064EF88,0x0064EF88,"MOV [ESP+ESP*1+0x84],EDI",ESP (boundary-verified),EDI,entry~0x0064EA30,UNRESOLVED,REJECTED_WRONG_OBJECT,stack-relative slot; the factory object is heap-allocated (new 0x118 @0x0073E2CC lazy-init); a stack slot cannot be the factory's +0x84 member
8D_MOD10_disp32_SIB@0x006501AE,0x006501AE,"LEA EAX,[ESP+ESP*1+0x84]",ESP (boundary-verified),read,entry~0x00650150,UNRESOLVED,REJECTED_WRONG_OBJECT,stack-relative slot; the factory object is heap-allocated (new 0x118 @0x0073E2CC lazy-init); a stack slot cannot be the factory's +0x84 member
C6_MOD10_SIB_BYTE@0x00650F39,0x00650F39,"MOV BYTE [...+0x84],imm8",ESP (boundary-verified),imm8=0x01,entry~0x00650EA0,UNRESOLVED,REJECTED_UNRELATED_OFFSET,partial-width (byte/word) store at +0x84; cannot fully assign the dword pointer member at factory+0x84 (dword member per the base ctor store @0x0070D013 and the setter store @0x0070C71E)
8D_MOD10_disp32_SIB@0x00651B13,0x00651B13,"LEA EAX,[ESP+ESP*1+0x84]",ESP (boundary-verified),read,entry~0x006518E0,UNRESOLVED,REJECTED_WRONG_OBJECT,stack-relative slot; the factory object is heap-allocated (new 0x118 @0x0073E2CC lazy-init); a stack slot cannot be the factory's +0x84 member
8D_MOD10_disp32_SIB@0x00652A81,0x00652A81,"LEA EAX,[ESP+ESP*1+0x84]",ESP (boundary-verified),read,entry~0x00652A50,UNRESOLVED,REJECTED_WRONG_OBJECT,stack-relative slot; the factory object is heap-allocated (new 0x118 @0x0073E2CC lazy-init); a stack slot cannot be the factory's +0x84 member
8D_MOD10_disp32_SIB@0x00653F68,0x00653F68,"LEA ECX,[ESP+ESP*1+0x84]",ESP (boundary-verified),read,entry~0x00653E80,UNRESOLVED,REJECTED_WRONG_OBJECT,stack-relative slot; the factory object is heap-allocated (new 0x118 @0x0073E2CC lazy-init); a stack slot cannot be the factory's +0x84 member
8D_MOD10_disp32_SIB@0x00653FC3,0x00653FC3,"LEA ECX,[ESP+ESP*1+0x84]",ESP (boundary-verified),read,entry~0x00653E80,UNRESOLVED,REJECTED_WRONG_OBJECT,stack-relative slot; the factory object is heap-allocated (new 0x118 @0x0073E2CC lazy-init); a stack slot cannot be the factory's +0x84 member
8D_MOD10_disp32_SIB@0x00654177,0x00654177,"LEA ECX,[ESP+ESP*1+0x84]",ESP (boundary-verified),read,entry~0x00653E80,UNRESOLVED,REJECTED_WRONG_OBJECT,stack-relative slot; the factory object is heap-allocated (new 0x118 @0x0073E2CC lazy-init); a stack slot cannot be the factory's +0x84 member
8D_MOD10_disp32_SIB@0x006541F9,0x006541F9,"LEA ECX,[ESP+ESP*1+0x84]",ESP (boundary-verified),read,entry~0x00653E80,UNRESOLVED,REJECTED_WRONG_OBJECT,stack-relative slot; the factory object is heap-allocated (new 0x118 @0x0073E2CC lazy-init); a stack slot cannot be the factory's +0x84 member
8D_MOD10_disp32_SIB@0x00654248,0x00654248,"LEA ECX,[ESP+ESP*1+0x84]",ESP (boundary-verified),read,entry~0x00653E80,UNRESOLVED,REJECTED_WRONG_OBJECT,stack-relative slot; the factory object is heap-allocated (new 0x118 @0x0073E2CC lazy-init); a stack slot cannot be the factory's +0x84 member
8D_MOD10_disp32_SIB@0x00654467,0x00654467,"LEA ECX,[ESP+ESP*1+0x84]",ESP (boundary-verified),read,entry~0x00653E80,UNRESOLVED,REJECTED_WRONG_OBJECT,stack-relative slot; the factory object is heap-allocated (new 0x118 @0x0073E2CC lazy-init); a stack slot cannot be the factory's +0x84 member
8D_MOD10_disp32_SIB@0x00654480,0x00654480,"LEA ECX,[ESP+ESP*1+0x84]",ESP (boundary-verified),read,unknown,UNRESOLVED,REJECTED_WRONG_OBJECT,stack-relative slot; the factory object is heap-allocated (new 0x118 @0x0073E2CC lazy-init); a stack slot cannot be the factory's +0x84 member
8D_MOD10_disp32_SIB@0x006550AA,0x006550AA,"LEA ECX,[ESP+ESP*1+0x84]",ESP (boundary-unverified),read,entry~0x00654E90,NOT_A_WRITE,REJECTED_UNRELATED_OFFSET,raw byte-pattern occurrence not at a verified instruction start (part of another instruction's immediate/displacement); not an instruction
89_MOD10_disp32_SIB@0x00655683,0x00655683,"MOV [ESP+ESP*1+0x84],ESP",ESP (boundary-verified),ESP,entry~0x006552D0,UNRESOLVED,REJECTED_WRONG_OBJECT,stack-relative slot; the factory object is heap-allocated (new 0x118 @0x0073E2CC lazy-init); a stack slot cannot be the factory's +0x84 member
89_MOD10_disp32_SIB@0x00655776,0x00655776,"MOV [ESP+ESP*1+0x84],ESP",ESP (boundary-verified),ESP,entry~0x006552D0,UNRESOLVED,REJECTED_WRONG_OBJECT,stack-relative slot; the factory object is heap-allocated (new 0x118 @0x0073E2CC lazy-init); a stack slot cannot be the factory's +0x84 member
89_MOD10_disp32_SIB@0x00655DAC,0x00655DAC,"MOV [ESP+ESP*1+0x84],ESP",ESP (boundary-verified),ESP,unknown,UNRESOLVED,REJECTED_WRONG_OBJECT,stack-relative slot; the factory object is heap-allocated (new 0x118 @0x0073E2CC lazy-init); a stack slot cannot be the factory's +0x84 member
89_MOD10_disp32_SIB@0x0065625B,0x0065625B,"MOV [ESP+ESP*1+0x84],ESP",ESP (boundary-verified),ESP,unknown,UNRESOLVED,REJECTED_WRONG_OBJECT,stack-relative slot; the factory object is heap-allocated (new 0x118 @0x0073E2CC lazy-init); a stack slot cannot be the factory's +0x84 member
8D_MOD10_disp32_SIB@0x006564E2,0x006564E2,"LEA ECX,[ESP+ESP*1+0x84]",ESP (boundary-verified),read,unknown,UNRESOLVED,REJECTED_WRONG_OBJECT,stack-relative slot; the factory object is heap-allocated (new 0x118 @0x0073E2CC lazy-init); a stack slot cannot be the factory's +0x84 member
8D_MOD10_disp32_SIB@0x006566B0,0x006566B0,"LEA ECX,[ESP+ESP*1+0x84]",ESP (boundary-verified),read,unknown,UNRESOLVED,REJECTED_WRONG_OBJECT,stack-relative slot; the factory object is heap-allocated (new 0x118 @0x0073E2CC lazy-init); a stack slot cannot be the factory's +0x84 member
8D_MOD10_disp32_SIB@0x0065687E,0x0065687E,"LEA ECX,[ESP+ESP*1+0x84]",ESP (boundary-verified),read,unknown,UNRESOLVED,REJECTED_WRONG_OBJECT,stack-relative slot; the factory object is heap-allocated (new 0x118 @0x0073E2CC lazy-init); a stack slot cannot be the factory's +0x84 member
8D_MOD10_disp32_SIB@0x00656A4C,0x00656A4C,"LEA ECX,[ESP+ESP*1+0x84]",ESP (boundary-verified),read,unknown,UNRESOLVED,REJECTED_WRONG_OBJECT,stack-relative slot; the factory object is heap-allocated (new 0x118 @0x0073E2CC lazy-init); a stack slot cannot be the factory's +0x84 member
8D_MOD10_disp32_SIB@0x00656C1A,0x00656C1A,"LEA ECX,[ESP+ESP*1+0x84]",ESP (boundary-verified),read,unknown,UNRESOLVED,REJECTED_WRONG_OBJECT,stack-relative slot; the factory object is heap-allocated (new 0x118 @0x0073E2CC lazy-init); a stack slot cannot be the factory's +0x84 member
8D_MOD10_disp32_SIB@0x00656DE8,0x00656DE8,"LEA ECX,[ESP+ESP*1+0x84]",ESP (boundary-verified),read,unknown,UNRESOLVED,REJECTED_WRONG_OBJECT,stack-relative slot; the factory object is heap-allocated (new 0x118 @0x0073E2CC lazy-init); a stack slot cannot be the factory's +0x84 member
8D_MOD10_disp32_SIB@0x00656FB6,0x00656FB6,"LEA ECX,[ESP+ESP*1+0x84]",ESP (boundary-verified),read,unknown,UNRESOLVED,REJECTED_WRONG_OBJECT,stack-relative slot; the factory object is heap-allocated (new 0x118 @0x0073E2CC lazy-init); a stack slot cannot be the factory's +0x84 member
8D_MOD10_disp32_SIB@0x00657184,0x00657184,"LEA ECX,[ESP+ESP*1+0x84]",ESP (boundary-verified),read,unknown,UNRESOLVED,REJECTED_WRONG_OBJECT,stack-relative slot; the factory object is heap-allocated (new 0x118 @0x0073E2CC lazy-init); a stack slot cannot be the factory's +0x84 member
8D_MOD10_disp32_SIB@0x00657352,0x00657352,"LEA ECX,[ESP+ESP*1+0x84]",ESP (boundary-verified),read,unknown,UNRESOLVED,REJECTED_WRONG_OBJECT,stack-relative slot; the factory object is heap-allocated (new 0x118 @0x0073E2CC lazy-init); a stack slot cannot be the factory's +0x84 member
8D_MOD10_disp32_SIB@0x00657520,0x00657520,"LEA ECX,[ESP+ESP*1+0x84]",ESP (boundary-verified),read,unknown,UNRESOLVED,REJECTED_WRONG_OBJECT,stack-relative slot; the factory object is heap-allocated (new 0x118 @0x0073E2CC lazy-init); a stack slot cannot be the factory's +0x84 member
8D_MOD10_disp32_SIB@0x006576EE,0x006576EE,"LEA ECX,[ESP+ESP*1+0x84]",ESP (boundary-verified),read,unknown,UNRESOLVED,REJECTED_WRONG_OBJECT,stack-relative slot; the factory object is heap-allocated (new 0x118 @0x0073E2CC lazy-init); a stack slot cannot be the factory's +0x84 member
8D_MOD10_disp32_SIB@0x006578BC,0x006578BC,"LEA ECX,[ESP+ESP*1+0x84]",ESP (boundary-verified),read,unknown,UNRESOLVED,REJECTED_WRONG_OBJECT,stack-relative slot; the factory object is heap-allocated (new 0x118 @0x0073E2CC lazy-init); a stack slot cannot be the factory's +0x84 member
8D_MOD10_disp32_SIB@0x00657A8A,0x00657A8A,"LEA ECX,[ESP+ESP*1+0x84]",ESP (boundary-verified),read,unknown,UNRESOLVED,REJECTED_WRONG_OBJECT,stack-relative slot; the factory object is heap-allocated (new 0x118 @0x0073E2CC lazy-init); a stack slot cannot be the factory's +0x84 member
89_MOD10_disp32_SIB@0x0065922B,0x0065922B,"MOV [ESP+ESP*1+0x84],ESP",ESP (boundary-verified),ESP,unknown,UNRESOLVED,REJECTED_WRONG_OBJECT,stack-relative slot; the factory object is heap-allocated (new 0x118 @0x0073E2CC lazy-init); a stack slot cannot be the factory's +0x84 member
89_MOD10_disp32_SIB@0x00659642,0x00659642,"MOV [ESP+ESP*1+0x84],ESP",ESP (boundary-verified),ESP,unknown,UNRESOLVED,REJECTED_WRONG_OBJECT,stack-relative slot; the factory object is heap-allocated (new 0x118 @0x0073E2CC lazy-init); a stack slot cannot be the factory's +0x84 member
89_MOD10_disp32_SIB@0x0065A035,0x0065A035,"MOV [ESP+ESP*1+0x84],ESP",ESP (boundary-verified),ESP,unknown,UNRESOLVED,REJECTED_WRONG_OBJECT,stack-relative slot; the factory object is heap-allocated (new 0x118 @0x0073E2CC lazy-init); a stack slot cannot be the factory's +0x84 member
89_MOD10_disp32_SIB@0x0065A40A,0x0065A40A,"MOV [ESP+ESP*1+0x84],ESP",ESP (boundary-verified),ESP,unknown,UNRESOLVED,REJECTED_WRONG_OBJECT,stack-relative slot; the factory object is heap-allocated (new 0x118 @0x0073E2CC lazy-init); a stack slot cannot be the factory's +0x84 member
89_MOD10_disp32_SIB@0x0065A57D,0x0065A57D,"MOV [ESP+ESP*1+0x84],ESP",ESP (boundary-verified),ESP,unknown,UNRESOLVED,REJECTED_WRONG_OBJECT,stack-relative slot; the factory object is heap-allocated (new 0x118 @0x0073E2CC lazy-init); a stack slot cannot be the factory's +0x84 member
89_MOD10_disp32_SIB@0x0065A641,0x0065A641,"MOV [ESP+ESP*1+0x84],ESP",ESP (boundary-verified),ESP,unknown,UNRESOLVED,REJECTED_WRONG_OBJECT,stack-relative slot; the factory object is heap-allocated (new 0x118 @0x0073E2CC lazy-init); a stack slot cannot be the factory's +0x84 member
89_MOD10_disp32_SIB@0x0065A729,0x0065A729,"MOV [ESP+ESP*1+0x84],ESP",ESP (boundary-verified),ESP,unknown,UNRESOLVED,REJECTED_WRONG_OBJECT,stack-relative slot; the factory object is heap-allocated (new 0x118 @0x0073E2CC lazy-init); a stack slot cannot be the factory's +0x84 member
C6_MOD10_SIB_BYTE@0x0065AD48,0x0065AD48,"MOV BYTE [...+0x84],imm8",ESP (boundary-verified),imm8=0x04,entry~0x0065AB40,UNRESOLVED,REJECTED_UNRELATED_OFFSET,partial-width (byte/word) store at +0x84; cannot fully assign the dword pointer member at factory+0x84 (dword member per the base ctor store @0x0070D013 and the setter store @0x0070C71E)
8B_MOD10_disp32_SIB@0x0065AE42,0x0065AE42,"MOV EBX,[ESP+ESP*1+0x84]",ESP (boundary-verified),read,entry~0x0065AE10,NOT_A_WRITE,REJECTED_READ_NOT_WRITE,read/CMP form with displacement 0x84; no memory write occurs
8B_MOD10_disp32_SIB@0x0065BC57,0x0065BC57,"MOV EBP,[ESP+ESP*1+0x84]",ESP (boundary-verified),read,entry~0x0065BC30,NOT_A_WRITE,REJECTED_READ_NOT_WRITE,read/CMP form with displacement 0x84; no memory write occurs
8D_MOD10_disp32_SIB@0x0065C3D2,0x0065C3D2,"LEA EAX,[ESP+ESP*1+0x84]",ESP (boundary-verified),read,entry~0x0065BE20,UNRESOLVED,REJECTED_WRONG_OBJECT,stack-relative slot; the factory object is heap-allocated (new 0x118 @0x0073E2CC lazy-init); a stack slot cannot be the factory's +0x84 member
8D_MOD10_disp32_SIB@0x0065C3EB,0x0065C3EB,"LEA ECX,[ESP+ESP*1+0x84]",ESP (boundary-verified),read,entry~0x0065BE20,UNRESOLVED,REJECTED_WRONG_OBJECT,stack-relative slot; the factory object is heap-allocated (new 0x118 @0x0073E2CC lazy-init); a stack slot cannot be the factory's +0x84 member
C7_MOD10_SIB@0x0065D7AE,0x0065D7AE,"MOV [ESP+ESP*1+0x84],0x1",ESP (boundary-verified),imm32=0x1,entry~0x0065D760,UNRESOLVED,REJECTED_WRONG_OBJECT,stack-relative slot; the factory object is heap-allocated (new 0x118 @0x0073E2CC lazy-init); a stack slot cannot be the factory's +0x84 member
8D_MOD10_disp32_SIB@0x0065F231,0x0065F231,"LEA EAX,[ESP+ESP*1+0x84]",ESP (boundary-verified),read,entry~0x0065F200,UNRESOLVED,REJECTED_WRONG_OBJECT,stack-relative slot; the factory object is heap-allocated (new 0x118 @0x0073E2CC lazy-init); a stack slot cannot be the factory's +0x84 member
8D_MOD10_disp32_SIB@0x0065F311,0x0065F311,"LEA EAX,[ESP+ESP*1+0x84]",ESP (boundary-verified),read,entry~0x0065F2E0,UNRESOLVED,REJECTED_WRONG_OBJECT,stack-relative slot; the factory object is heap-allocated (new 0x118 @0x0073E2CC lazy-init); a stack slot cannot be the factory's +0x84 member
89_MOD10_disp32_SIB@0x006615B9,0x006615B9,"MOV [ESP+ESP*1+0x84],ESP",ESP (boundary-verified),ESP,entry~0x00661560,UNRESOLVED,REJECTED_WRONG_OBJECT,stack-relative slot; the factory object is heap-allocated (new 0x118 @0x0073E2CC lazy-init); a stack slot cannot be the factory's +0x84 member
8D_MOD10_disp32_SIB@0x006618D0,0x006618D0,"LEA EDX,[ESP+ESP*1+0x84]",ESP (boundary-verified),read,entry~0x006617E0,UNRESOLVED,REJECTED_WRONG_OBJECT,stack-relative slot; the factory object is heap-allocated (new 0x118 @0x0073E2CC lazy-init); a stack slot cannot be the factory's +0x84 member
89_MOD10_disp32_SIB@0x00661A0E,0x00661A0E,"MOV [ESP+ESP*1+0x84],EBP",ESP (boundary-verified),EBP,entry~0x00661970,UNRESOLVED,REJECTED_WRONG_OBJECT,stack-relative slot; the factory object is heap-allocated (new 0x118 @0x0073E2CC lazy-init); a stack slot cannot be the factory's +0x84 member
89_MOD10_disp32_SIB@0x00661A62,0x00661A62,"MOV [ESP+ESP*1+0x84],ESP",ESP (boundary-verified),ESP,entry~0x00661970,UNRESOLVED,REJECTED_WRONG_OBJECT,stack-relative slot; the factory object is heap-allocated (new 0x118 @0x0073E2CC lazy-init); a stack slot cannot be the factory's +0x84 member
8D_MOD10_disp32_SIB@0x00661AA0,0x00661AA0,"LEA ECX,[ESP+ESP*1+0x84]",ESP (boundary-unverified),read,entry~0x00661970,NOT_A_WRITE,REJECTED_UNRELATED_OFFSET,raw byte-pattern occurrence not at a verified instruction start (part of another instruction's immediate/displacement); not an instruction
8D_MOD10_disp32_SIB@0x00661F90,0x00661F90,"LEA ECX,[ESP+ESP*1+0x84]",ESP (boundary-verified),read,entry~0x00661C30,UNRESOLVED,REJECTED_WRONG_OBJECT,stack-relative slot; the factory object is heap-allocated (new 0x118 @0x0073E2CC lazy-init); a stack slot cannot be the factory's +0x84 member
8D_MOD10_disp32_SIB@0x00662020,0x00662020,"LEA EDX,[ESP+ESP*1+0x84]",ESP (boundary-verified),read,entry~0x00661C30,UNRESOLVED,REJECTED_WRONG_OBJECT,stack-relative slot; the factory object is heap-allocated (new 0x118 @0x0073E2CC lazy-init); a stack slot cannot be the factory's +0x84 member
8D_MOD10_disp32_SIB@0x0066210F,0x0066210F,"LEA ECX,[ESP+ESP*1+0x84]",ESP (boundary-verified),read,entry~0x00661C30,UNRESOLVED,REJECTED_WRONG_OBJECT,stack-relative slot; the factory object is heap-allocated (new 0x118 @0x0073E2CC lazy-init); a stack slot cannot be the factory's +0x84 member
8D_MOD10_disp32_SIB@0x006621E7,0x006621E7,"LEA ECX,[ESP+ESP*1+0x84]",ESP (boundary-verified),read,entry~0x00661C30,UNRESOLVED,REJECTED_WRONG_OBJECT,stack-relative slot; the factory object is heap-allocated (new 0x118 @0x0073E2CC lazy-init); a stack slot cannot be the factory's +0x84 member
8D_MOD10_disp32_SIB@0x006622F1,0x006622F1,"LEA ECX,[ESP+ESP*1+0x84]",ESP (boundary-verified),read,unknown,UNRESOLVED,REJECTED_WRONG_OBJECT,stack-relative slot; the factory object is heap-allocated (new 0x118 @0x0073E2CC lazy-init); a stack slot cannot be the factory's +0x84 member
8D_MOD10_disp32_SIB@0x0066460E,0x0066460E,"LEA ECX,[ESP+ESP*1+0x84]",ESP (boundary-verified),read,entry~0x00664570,UNRESOLVED,REJECTED_WRONG_OBJECT,stack-relative slot; the factory object is heap-allocated (new 0x118 @0x0073E2CC lazy-init); a stack slot cannot be the factory's +0x84 member
8D_MOD10_disp32_SIB@0x00665471,0x00665471,"LEA EAX,[ESP+ESP*1+0x84]",ESP (boundary-verified),read,entry~0x00665440,UNRESOLVED,REJECTED_WRONG_OBJECT,stack-relative slot; the factory object is heap-allocated (new 0x118 @0x0073E2CC lazy-init); a stack slot cannot be the factory's +0x84 member
C7_MOD10_SIB@0x006659BC,0x006659BC,"MOV [ESP+ESP*1+0x84],0x1",ESP (boundary-verified),imm32=0x1,entry~0x00665960,UNRESOLVED,REJECTED_WRONG_OBJECT,stack-relative slot; the factory object is heap-allocated (new 0x118 @0x0073E2CC lazy-init); a stack slot cannot be the factory's +0x84 member
88_MOD10_SIB_BYTE@0x00666535,0x00666535,"MOV BYTE [...+0x84],r8",ESP (boundary-verified),byte,entry~0x00666180,UNRESOLVED,REJECTED_UNRELATED_OFFSET,partial-width (byte/word) store at +0x84; cannot fully assign the dword pointer member at factory+0x84 (dword member per the base ctor store @0x0070D013 and the setter store @0x0070C71E)
88_MOD10_SIB_BYTE@0x006665A0,0x006665A0,"MOV BYTE [...+0x84],r8",ESP (boundary-verified),byte,entry~0x00666180,UNRESOLVED,REJECTED_UNRELATED_OFFSET,partial-width (byte/word) store at +0x84; cannot fully assign the dword pointer member at factory+0x84 (dword member per the base ctor store @0x0070D013 and the setter store @0x0070C71E)
88_MOD10_SIB_BYTE@0x00666612,0x00666612,"MOV BYTE [...+0x84],r8",ESP (boundary-verified),byte,entry~0x00666180,UNRESOLVED,REJECTED_UNRELATED_OFFSET,partial-width (byte/word) store at +0x84; cannot fully assign the dword pointer member at factory+0x84 (dword member per the base ctor store @0x0070D013 and the setter store @0x0070C71E)
88_MOD10_SIB_BYTE@0x00666695,0x00666695,"MOV BYTE [...+0x84],r8",ESP (boundary-verified),byte,entry~0x00666180,UNRESOLVED,REJECTED_UNRELATED_OFFSET,partial-width (byte/word) store at +0x84; cannot fully assign the dword pointer member at factory+0x84 (dword member per the base ctor store @0x0070D013 and the setter store @0x0070C71E)
88_MOD10_SIB_BYTE@0x006666D8,0x006666D8,"MOV BYTE [...+0x84],r8",ESP (boundary-verified),byte,entry~0x00666180,UNRESOLVED,REJECTED_UNRELATED_OFFSET,partial-width (byte/word) store at +0x84; cannot fully assign the dword pointer member at factory+0x84 (dword member per the base ctor store @0x0070D013 and the setter store @0x0070C71E)
C7_MOD10_SIB@0x006666E8,0x006666E8,"MOV [ESP+ESP*1+0x84],0xFFFFFFFF",ESP (boundary-verified),imm32=0xFFFFFFFF,entry~0x00666180,UNRESOLVED,REJECTED_WRONG_OBJECT,stack-relative slot; the factory object is heap-allocated (new 0x118 @0x0073E2CC lazy-init); a stack slot cannot be the factory's +0x84 member
8D_MOD10_disp32_SIB@0x0066697F,0x0066697F,"LEA ECX,[ESP+ESP*1+0x84]",ESP (boundary-verified),read,entry~0x00666820,UNRESOLVED,REJECTED_WRONG_OBJECT,stack-relative slot; the factory object is heap-allocated (new 0x118 @0x0073E2CC lazy-init); a stack slot cannot be the factory's +0x84 member
8D_MOD10_disp32_SIB@0x006669C7,0x006669C7,"LEA ECX,[ESP+ESP*1+0x84]",ESP (boundary-verified),read,entry~0x00666820,UNRESOLVED,REJECTED_WRONG_OBJECT,stack-relative slot; the factory object is heap-allocated (new 0x118 @0x0073E2CC lazy-init); a stack slot cannot be the factory's +0x84 member
8D_MOD10_disp32_SIB@0x00667117,0x00667117,"LEA ECX,[ESP+ESP*1+0x84]",ESP (boundary-verified),read,entry~0x00666F30,UNRESOLVED,REJECTED_WRONG_OBJECT,stack-relative slot; the factory object is heap-allocated (new 0x118 @0x0073E2CC lazy-init); a stack slot cannot be the factory's +0x84 member
8D_MOD10_disp32_SIB@0x006672DB,0x006672DB,"LEA EDX,[ESP+ESP*1+0x84]",ESP (boundary-verified),read,entry~0x00666F30,UNRESOLVED,REJECTED_WRONG_OBJECT,stack-relative slot; the factory object is heap-allocated (new 0x118 @0x0073E2CC lazy-init); a stack slot cannot be the factory's +0x84 member
8D_MOD10_disp32_SIB@0x006673BF,0x006673BF,"LEA EDX,[ESP+ESP*1+0x84]",ESP (boundary-verified),read,entry~0x00666F30,UNRESOLVED,REJECTED_WRONG_OBJECT,stack-relative slot; the factory object is heap-allocated (new 0x118 @0x0073E2CC lazy-init); a stack slot cannot be the factory's +0x84 member
8D_MOD10_disp32_SIB@0x006674B9,0x006674B9,"LEA EAX,[ESP+ESP*1+0x84]",ESP (boundary-verified),read,entry~0x00666F30,UNRESOLVED,REJECTED_WRONG_OBJECT,stack-relative slot; the factory object is heap-allocated (new 0x118 @0x0073E2CC lazy-init); a stack slot cannot be the factory's +0x84 member
89_MOD10_disp32_SIB@0x006675CA,0x006675CA,"MOV [ESP+ESP*1+0x84],ESP",ESP (boundary-verified),ESP,unknown,UNRESOLVED,REJECTED_WRONG_OBJECT,stack-relative slot; the factory object is heap-allocated (new 0x118 @0x0073E2CC lazy-init); a stack slot cannot be the factory's +0x84 member
89_MOD10_disp32_SIB@0x0066761F,0x0066761F,"MOV [ESP+ESP*1+0x84],ESP",ESP (boundary-verified),ESP,unknown,UNRESOLVED,REJECTED_WRONG_OBJECT,stack-relative slot; the factory object is heap-allocated (new 0x118 @0x0073E2CC lazy-init); a stack slot cannot be the factory's +0x84 member
8B_MOD10_disp32_SIB@0x00667645,0x00667645,"MOV EAX,[ESP+ESP*1+0x84]",ESP (boundary-verified),read,unknown,NOT_A_WRITE,REJECTED_READ_NOT_WRITE,read/CMP form with displacement 0x84; no memory write occurs
8D_MOD10_disp32_SIB@0x00667675,0x00667675,"LEA ECX,[ESP+ESP*1+0x84]",ESP (boundary-verified),read,unknown,UNRESOLVED,REJECTED_WRONG_OBJECT,stack-relative slot; the factory object is heap-allocated (new 0x118 @0x0073E2CC lazy-init); a stack slot cannot be the factory's +0x84 member
8D_MOD10_disp32_SIB@0x0066771B,0x0066771B,"LEA ECX,[ESP+ESP*1+0x84]",ESP (boundary-unverified),read,unknown,NOT_A_WRITE,REJECTED_UNRELATED_OFFSET,raw byte-pattern occurrence not at a verified instruction start (part of another instruction's immediate/displacement); not an instruction
8D_MOD10_disp32_SIB@0x006677F9,0x006677F9,"LEA ECX,[ESP+ESP*1+0x84]",ESP (boundary-verified),read,unknown,UNRESOLVED,REJECTED_WRONG_OBJECT,stack-relative slot; the factory object is heap-allocated (new 0x118 @0x0073E2CC lazy-init); a stack slot cannot be the factory's +0x84 member
89_MOD10_disp32_SIB@0x00667CF6,0x00667CF6,"MOV [ESP+ESP*1+0x84],ESP",ESP (boundary-unverified),ESP,entry~0x00667870,NOT_A_WRITE,REJECTED_UNRELATED_OFFSET,raw byte-pattern occurrence not at a verified instruction start (part of another instruction's immediate/displacement); not an instruction
8D_MOD10_disp32_SIB@0x00667D38,0x00667D38,"LEA ECX,[ESP+ESP*1+0x84]",ESP (boundary-verified),read,entry~0x00667870,UNRESOLVED,REJECTED_WRONG_OBJECT,stack-relative slot; the factory object is heap-allocated (new 0x118 @0x0073E2CC lazy-init); a stack slot cannot be the factory's +0x84 member
8B_MOD10_disp32_SIB@0x00667D54,0x00667D54,"MOV EAX,[ESP+ESP*1+0x84]",ESP (boundary-verified),read,entry~0x00667870,NOT_A_WRITE,REJECTED_READ_NOT_WRITE,read/CMP form with displacement 0x84; no memory write occurs
89_MOD10_disp32_SIB@0x00667FDD,0x00667FDD,"MOV [ESP+ESP*1+0x84],ESP",ESP (boundary-verified),ESP,unknown,UNRESOLVED,REJECTED_WRONG_OBJECT,stack-relative slot; the factory object is heap-allocated (new 0x118 @0x0073E2CC lazy-init); a stack slot cannot be the factory's +0x84 member
C7_MOD10_SIB@0x006683CC,0x006683CC,"MOV [ESP+ESP*1+0x84],0xA7A948",ESP (boundary-verified),imm32=0xA7A948,entry~0x00668170,UNRESOLVED,REJECTED_WRONG_OBJECT,stack-relative slot; the factory object is heap-allocated (new 0x118 @0x0073E2CC lazy-init); a stack slot cannot be the factory's +0x84 member
89_MOD10_disp32_SIB@0x006684A3,0x006684A3,"MOV [ESP+ESP*1+0x84],EAX",ESP (boundary-verified),EAX,entry~0x00668170,UNRESOLVED,REJECTED_WRONG_OBJECT,stack-relative slot; the factory object is heap-allocated (new 0x118 @0x0073E2CC lazy-init); a stack slot cannot be the factory's +0x84 member
89_MOD10_disp32_SIB@0x00668D81,0x00668D81,"MOV [ESP+ESP*1+0x84],EAX",ESP (boundary-verified),EAX,unknown,UNRESOLVED,REJECTED_WRONG_OBJECT,stack-relative slot; the factory object is heap-allocated (new 0x118 @0x0073E2CC lazy-init); a stack slot cannot be the factory's +0x84 member
8D_MOD10_disp32_SIB@0x0066A65D,0x0066A65D,"LEA ECX,[ESP+ESP*1+0x84]",ESP (boundary-verified),read,entry~0x0066A4D0,UNRESOLVED,REJECTED_WRONG_OBJECT,stack-relative slot; the factory object is heap-allocated (new 0x118 @0x0073E2CC lazy-init); a stack slot cannot be the factory's +0x84 member
8D_MOD10_disp32_SIB@0x0066AA6D,0x0066AA6D,"LEA ECX,[ESP+ESP*1+0x84]",ESP (boundary-verified),read,entry~0x0066A800,UNRESOLVED,REJECTED_WRONG_OBJECT,stack-relative slot; the factory object is heap-allocated (new 0x118 @0x0073E2CC lazy-init); a stack slot cannot be the factory's +0x84 member
8D_MOD10_disp32_SIB@0x0066AABA,0x0066AABA,"LEA EDX,[ESP+ESP*1+0x84]",ESP (boundary-verified),read,entry~0x0066A800,UNRESOLVED,REJECTED_WRONG_OBJECT,stack-relative slot; the factory object is heap-allocated (new 0x118 @0x0073E2CC lazy-init); a stack slot cannot be the factory's +0x84 member
8D_MOD10_disp32_SIB@0x0066AB1A,0x0066AB1A,"LEA EAX,[ESP+ESP*1+0x84]",ESP (boundary-verified),read,entry~0x0066A800,UNRESOLVED,REJECTED_WRONG_OBJECT,stack-relative slot; the factory object is heap-allocated (new 0x118 @0x0073E2CC lazy-init); a stack slot cannot be the factory's +0x84 member
8D_MOD10_disp32_SIB@0x0066B2B1,0x0066B2B1,"LEA EAX,[ESP+ESP*1+0x84]",ESP (boundary-verified),read,entry~0x0066B280,UNRESOLVED,REJECTED_WRONG_OBJECT,stack-relative slot; the factory object is heap-allocated (new 0x118 @0x0073E2CC lazy-init); a stack slot cannot be the factory's +0x84 member
8D_MOD10_disp32_SIB@0x0066B396,0x0066B396,"LEA ECX,[ESP+ESP*1+0x84]",ESP (boundary-verified),read,entry~0x0066B360,UNRESOLVED,REJECTED_WRONG_OBJECT,stack-relative slot; the factory object is heap-allocated (new 0x118 @0x0073E2CC lazy-init); a stack slot cannot be the factory's +0x84 member
C7_MOD10_SIB@0x0066BA25,0x0066BA25,"MOV [ESP+ESP*1+0x84],0xFFFFFFFF",ESP (boundary-verified),imm32=0xFFFFFFFF,entry~0x0066B850,UNRESOLVED,REJECTED_WRONG_OBJECT,stack-relative slot; the factory object is heap-allocated (new 0x118 @0x0073E2CC lazy-init); a stack slot cannot be the factory's +0x84 member
C6_MOD10_SIB_BYTE@0x0066BABB,0x0066BABB,"MOV BYTE [...+0x84],imm8",ESP (boundary-verified),imm8=0x01,entry~0x0066B850,UNRESOLVED,REJECTED_UNRELATED_OFFSET,partial-width (byte/word) store at +0x84; cannot fully assign the dword pointer member at factory+0x84 (dword member per the base ctor store @0x0070D013 and the setter store @0x0070C71E)
C7_MOD10_SIB@0x0066BB40,0x0066BB40,"MOV [ESP+ESP*1+0x84],0xFFFFFFFF",ESP (boundary-verified),imm32=0xFFFFFFFF,entry~0x0066B850,UNRESOLVED,REJECTED_WRONG_OBJECT,stack-relative slot; the factory object is heap-allocated (new 0x118 @0x0073E2CC lazy-init); a stack slot cannot be the factory's +0x84 member
8B_MOD10_disp32_SIB@0x0066CAC6,0x0066CAC6,"MOV EAX,[ESP+ESP*1+0x84]",ESP (boundary-verified),read,entry~0x0066CAC0,NOT_A_WRITE,REJECTED_READ_NOT_WRITE,read/CMP form with displacement 0x84; no memory write occurs
89_MOD01_disp8@0x00671170,0x00671170,"MOV [EBP+0x84],EAX",EBP (boundary-verified),EAX,entry~0x00670D70,UNRESOLVED,REJECTED_WRONG_OBJECT,stack-relative slot; the factory object is heap-allocated (new 0x118 @0x0073E2CC lazy-init); a stack slot cannot be the factory's +0x84 member
8D_MOD01_disp8@0x00671191,0x00671191,"LEA EDX,[EBP+0x84]",EBP (boundary-verified),read,entry~0x00670D70,UNRESOLVED,REJECTED_WRONG_OBJECT,stack-relative slot; the factory object is heap-allocated (new 0x118 @0x0073E2CC lazy-init); a stack slot cannot be the factory's +0x84 member
89_MOD10_disp32@0x0067167D,0x0067167D,"MOV [ESI+0x84],EBX",ESI (boundary-verified),EBX,entry~0x006715F0,UNRESOLVED,UNRESOLVED,boundary-verified non-stack dword write to [reg+0x84]; base-register identity not resolved to any factory object within the window-level provenance bound; not established as a factory+0x84 write (no claim made)
89_MOD10_disp32@0x00671A41,0x00671A41,"MOV [ESI+0x84],EBX",ESI (boundary-verified),EBX,entry~0x00671940,UNRESOLVED,UNRESOLVED,boundary-verified non-stack dword write to [reg+0x84]; base-register identity not resolved to any factory object within the window-level provenance bound; not established as a factory+0x84 write (no claim made)
89_MOD10_disp32_SIB@0x00671B23,0x00671B23,"MOV [ESP+ESP*1+0x84],EBX",ESP (boundary-verified),EBX,entry~0x00671940,UNRESOLVED,REJECTED_WRONG_OBJECT,stack-relative slot; the factory object is heap-allocated (new 0x118 @0x0073E2CC lazy-init); a stack slot cannot be the factory's +0x84 member
8B_MOD10_disp32_SIB@0x00675461,0x00675461,"MOV EAX,[ESP+ESP*1+0x84]",ESP (boundary-verified),read,entry~0x00675400,NOT_A_WRITE,REJECTED_READ_NOT_WRITE,read/CMP form with displacement 0x84; no memory write occurs
C6_MOD10_SIB_BYTE@0x00676070,0x00676070,"MOV BYTE [...+0x84],imm8",ESP (boundary-verified),imm8=0x03,entry~0x00675F80,UNRESOLVED,REJECTED_UNRELATED_OFFSET,partial-width (byte/word) store at +0x84; cannot fully assign the dword pointer member at factory+0x84 (dword member per the base ctor store @0x0070D013 and the setter store @0x0070C71E)
C6_MOD10_SIB_BYTE@0x0067607F,0x0067607F,"MOV BYTE [...+0x84],imm8",ESP (boundary-verified),imm8=0x02,entry~0x00675F80,UNRESOLVED,REJECTED_UNRELATED_OFFSET,partial-width (byte/word) store at +0x84; cannot fully assign the dword pointer member at factory+0x84 (dword member per the base ctor store @0x0070D013 and the setter store @0x0070C71E)
C6_MOD10_SIB_BYTE@0x006760BA,0x006760BA,"MOV BYTE [...+0x84],imm8",ESP (boundary-verified),imm8=0x01,entry~0x00675F80,UNRESOLVED,REJECTED_UNRELATED_OFFSET,partial-width (byte/word) store at +0x84; cannot fully assign the dword pointer member at factory+0x84 (dword member per the base ctor store @0x0070D013 and the setter store @0x0070C71E)
C6_MOD10_SIB_BYTE@0x006760CE,0x006760CE,"MOV BYTE [...+0x84],imm8",ESP (boundary-verified),imm8=0x00,entry~0x00675F80,UNRESOLVED,REJECTED_UNRELATED_OFFSET,partial-width (byte/word) store at +0x84; cannot fully assign the dword pointer member at factory+0x84 (dword member per the base ctor store @0x0070D013 and the setter store @0x0070C71E)
8B_MOD10_disp32_SIB@0x00676E4A,0x00676E4A,"MOV ECX,[ESP+ESP*1+0x84]",ESP (boundary-verified),read,entry~0x00676E10,NOT_A_WRITE,REJECTED_READ_NOT_WRITE,read/CMP form with displacement 0x84; no memory write occurs
8D_MOD10_disp32_SIB@0x00676F65,0x00676F65,"LEA ECX,[ESP+ESP*1+0x84]",ESP (boundary-verified),read,entry~0x00676EF0,UNRESOLVED,REJECTED_WRONG_OBJECT,stack-relative slot; the factory object is heap-allocated (new 0x118 @0x0073E2CC lazy-init); a stack slot cannot be the factory's +0x84 member
C7_MOD10_SIB@0x00677E8A,0x00677E8A,"MOV [ESP+ESP*1+0x84],0x0",ESP (boundary-verified),imm32=0x0,entry~0x00677E40,UNRESOLVED,REJECTED_WRONG_OBJECT,stack-relative slot; the factory object is heap-allocated (new 0x118 @0x0073E2CC lazy-init); a stack slot cannot be the factory's +0x84 member
C7_MOD10_SIB@0x006781EA,0x006781EA,"MOV [ESP+ESP*1+0x84],0xFFFFFFFF",ESP (boundary-verified),imm32=0xFFFFFFFF,entry~0x00678150,UNRESOLVED,REJECTED_WRONG_OBJECT,stack-relative slot; the factory object is heap-allocated (new 0x118 @0x0073E2CC lazy-init); a stack slot cannot be the factory's +0x84 member
8D_MOD10_disp32_SIB@0x0067E598,0x0067E598,"LEA ECX,[ESP+ESP*1+0x84]",ESP (boundary-verified),read,entry~0x0067E1D0,UNRESOLVED,REJECTED_WRONG_OBJECT,stack-relative slot; the factory object is heap-allocated (new 0x118 @0x0073E2CC lazy-init); a stack slot cannot be the factory's +0x84 member
8D_MOD10_disp32_SIB@0x0067ED2A,0x0067ED2A,"LEA EAX,[ESP+ESP*1+0x84]",ESP (boundary-verified),read,entry~0x0067EAE0,UNRESOLVED,REJECTED_WRONG_OBJECT,stack-relative slot; the factory object is heap-allocated (new 0x118 @0x0073E2CC lazy-init); a stack slot cannot be the factory's +0x84 member
8D_MOD10_disp32_SIB@0x0067EF01,0x0067EF01,"LEA EDX,[ESP+ESP*1+0x84]",ESP (boundary-verified),read,entry~0x0067EAE0,UNRESOLVED,REJECTED_WRONG_OBJECT,stack-relative slot; the factory object is heap-allocated (new 0x118 @0x0073E2CC lazy-init); a stack slot cannot be the factory's +0x84 member
8D_MOD10_disp32_SIB@0x0067F0D8,0x0067F0D8,"LEA ECX,[ESP+ESP*1+0x84]",ESP (boundary-verified),read,entry~0x0067EAE0,UNRESOLVED,REJECTED_WRONG_OBJECT,stack-relative slot; the factory object is heap-allocated (new 0x118 @0x0073E2CC lazy-init); a stack slot cannot be the factory's +0x84 member
8D_MOD10_disp32_SIB@0x0067F2B2,0x0067F2B2,"LEA EAX,[ESP+ESP*1+0x84]",ESP (boundary-verified),read,unknown,UNRESOLVED,REJECTED_WRONG_OBJECT,stack-relative slot; the factory object is heap-allocated (new 0x118 @0x0073E2CC lazy-init); a stack slot cannot be the factory's +0x84 member
8D_MOD10_disp32_SIB@0x0067FBB5,0x0067FBB5,"LEA ECX,[ESP+ESP*1+0x84]",ESP (boundary-verified),read,unknown,UNRESOLVED,REJECTED_WRONG_OBJECT,stack-relative slot; the factory object is heap-allocated (new 0x118 @0x0073E2CC lazy-init); a stack slot cannot be the factory's +0x84 member
8D_MOD10_disp32_SIB@0x00680958,0x00680958,"LEA ECX,[ESP+ESP*1+0x84]",ESP (boundary-verified),read,unknown,UNRESOLVED,REJECTED_WRONG_OBJECT,stack-relative slot; the factory object is heap-allocated (new 0x118 @0x0073E2CC lazy-init); a stack slot cannot be the factory's +0x84 member
8D_MOD10_disp32_SIB@0x006820E3,0x006820E3,"LEA EAX,[ESP+ESP*1+0x84]",ESP (boundary-verified),read,entry~0x00681FD0,UNRESOLVED,REJECTED_WRONG_OBJECT,stack-relative slot; the factory object is heap-allocated (new 0x118 @0x0073E2CC lazy-init); a stack slot cannot be the factory's +0x84 member
8D_MOD10_disp32_SIB@0x0068281B,0x0068281B,"LEA ECX,[ESP+ESP*1+0x84]",ESP (boundary-verified),read,unknown,UNRESOLVED,REJECTED_WRONG_OBJECT,stack-relative slot; the factory object is heap-allocated (new 0x118 @0x0073E2CC lazy-init); a stack slot cannot be the factory's +0x84 member
8D_MOD10_disp32_SIB@0x00682911,0x00682911,"LEA ECX,[ESP+ESP*1+0x84]",ESP (boundary-verified),read,unknown,UNRESOLVED,REJECTED_WRONG_OBJECT,stack-relative slot; the factory object is heap-allocated (new 0x118 @0x0073E2CC lazy-init); a stack slot cannot be the factory's +0x84 member
8D_MOD10_disp32_SIB@0x00682AAD,0x00682AAD,"LEA ECX,[ESP+ESP*1+0x84]",ESP (boundary-verified),read,unknown,UNRESOLVED,REJECTED_WRONG_OBJECT,stack-relative slot; the factory object is heap-allocated (new 0x118 @0x0073E2CC lazy-init); a stack slot cannot be the factory's +0x84 member
8B_MOD10_disp32_SIB@0x006831A2,0x006831A2,"MOV EAX,[ESP+ESP*1+0x84]",ESP (boundary-verified),read,entry~0x00683170,NOT_A_WRITE,REJECTED_READ_NOT_WRITE,read/CMP form with displacement 0x84; no memory write occurs
8D_MOD10_disp32_SIB@0x00683DB1,0x00683DB1,"LEA EAX,[ESP+ESP*1+0x84]",ESP (boundary-verified),read,entry~0x00683D80,UNRESOLVED,REJECTED_WRONG_OBJECT,stack-relative slot; the factory object is heap-allocated (new 0x118 @0x0073E2CC lazy-init); a stack slot cannot be the factory's +0x84 member
8D_MOD10_disp32_SIB@0x00683E86,0x00683E86,"LEA ECX,[ESP+ESP*1+0x84]",ESP (boundary-verified),read,entry~0x00683E50,UNRESOLVED,REJECTED_WRONG_OBJECT,stack-relative slot; the factory object is heap-allocated (new 0x118 @0x0073E2CC lazy-init); a stack slot cannot be the factory's +0x84 member
8D_MOD10_disp32_SIB@0x00684605,0x00684605,"LEA ECX,[ESP+ESP*1+0x84]",ESP (boundary-verified),read,entry~0x00684410,UNRESOLVED,REJECTED_WRONG_OBJECT,stack-relative slot; the factory object is heap-allocated (new 0x118 @0x0073E2CC lazy-init); a stack slot cannot be the factory's +0x84 member
8D_MOD10_disp32_SIB@0x006846F7,0x006846F7,"LEA ECX,[ESP+ESP*1+0x84]",ESP (boundary-verified),read,entry~0x00684410,UNRESOLVED,REJECTED_WRONG_OBJECT,stack-relative slot; the factory object is heap-allocated (new 0x118 @0x0073E2CC lazy-init); a stack slot cannot be the factory's +0x84 member
8D_MOD10_disp32_SIB@0x00684769,0x00684769,"LEA EDX,[ESP+ESP*1+0x84]",ESP (boundary-verified),read,entry~0x00684410,UNRESOLVED,REJECTED_WRONG_OBJECT,stack-relative slot; the factory object is heap-allocated (new 0x118 @0x0073E2CC lazy-init); a stack slot cannot be the factory's +0x84 member
8D_MOD10_disp32_SIB@0x006848B1,0x006848B1,"LEA EAX,[ESP+ESP*1+0x84]",ESP (boundary-verified),read,entry~0x00684410,UNRESOLVED,REJECTED_WRONG_OBJECT,stack-relative slot; the factory object is heap-allocated (new 0x118 @0x0073E2CC lazy-init); a stack slot cannot be the factory's +0x84 member
8D_MOD10_disp32_SIB@0x006849F0,0x006849F0,"LEA EAX,[ESP+ESP*1+0x84]",ESP (boundary-verified),read,entry~0x00684410,UNRESOLVED,REJECTED_WRONG_OBJECT,stack-relative slot; the factory object is heap-allocated (new 0x118 @0x0073E2CC lazy-init); a stack slot cannot be the factory's +0x84 member
8D_MOD10_disp32_SIB@0x00684B31,0x00684B31,"LEA EAX,[ESP+ESP*1+0x84]",ESP (boundary-verified),read,unknown,UNRESOLVED,REJECTED_WRONG_OBJECT,stack-relative slot; the factory object is heap-allocated (new 0x118 @0x0073E2CC lazy-init); a stack slot cannot be the factory's +0x84 member
8D_MOD10_disp32_SIB@0x00684C68,0x00684C68,"LEA ECX,[ESP+ESP*1+0x84]",ESP (boundary-verified),read,unknown,UNRESOLVED,REJECTED_WRONG_OBJECT,stack-relative slot; the factory object is heap-allocated (new 0x118 @0x0073E2CC lazy-init); a stack slot cannot be the factory's +0x84 member
8D_MOD10_disp32_SIB@0x00684E1F,0x00684E1F,"LEA ECX,[ESP+ESP*1+0x84]",ESP (boundary-verified),read,unknown,UNRESOLVED,REJECTED_WRONG_OBJECT,stack-relative slot; the factory object is heap-allocated (new 0x118 @0x0073E2CC lazy-init); a stack slot cannot be the factory's +0x84 member
8D_MOD10_disp32_SIB@0x00684E52,0x00684E52,"LEA EAX,[ESP+ESP*1+0x84]",ESP (boundary-verified),read,unknown,UNRESOLVED,REJECTED_WRONG_OBJECT,stack-relative slot; the factory object is heap-allocated (new 0x118 @0x0073E2CC lazy-init); a stack slot cannot be the factory's +0x84 member
8D_MOD10_disp32_SIB@0x00684F6A,0x00684F6A,"LEA ECX,[ESP+ESP*1+0x84]",ESP (boundary-verified),read,unknown,UNRESOLVED,REJECTED_WRONG_OBJECT,stack-relative slot; the factory object is heap-allocated (new 0x118 @0x0073E2CC lazy-init); a stack slot cannot be the factory's +0x84 member
8D_MOD10_disp32_SIB@0x00684FE9,0x00684FE9,"LEA EAX,[ESP+ESP*1+0x84]",ESP (boundary-verified),read,unknown,UNRESOLVED,REJECTED_WRONG_OBJECT,stack-relative slot; the factory object is heap-allocated (new 0x118 @0x0073E2CC lazy-init); a stack slot cannot be the factory's +0x84 member
8D_MOD10_disp32_SIB@0x0068501A,0x0068501A,"LEA ECX,[ESP+ESP*1+0x84]",ESP (boundary-verified),read,unknown,UNRESOLVED,REJECTED_WRONG_OBJECT,stack-relative slot; the factory object is heap-allocated (new 0x118 @0x0073E2CC lazy-init); a stack slot cannot be the factory's +0x84 member
8D_MOD10_disp32_SIB@0x0068504D,0x0068504D,"LEA EDX,[ESP+ESP*1+0x84]",ESP (boundary-verified),read,unknown,UNRESOLVED,REJECTED_WRONG_OBJECT,stack-relative slot; the factory object is heap-allocated (new 0x118 @0x0073E2CC lazy-init); a stack slot cannot be the factory's +0x84 member
8D_MOD10_disp32_SIB@0x0068509A,0x0068509A,"LEA ECX,[ESP+ESP*1+0x84]",ESP (boundary-verified),read,unknown,UNRESOLVED,REJECTED_WRONG_OBJECT,stack-relative slot; the factory object is heap-allocated (new 0x118 @0x0073E2CC lazy-init); a stack slot cannot be the factory's +0x84 member
8D_MOD10_disp32_SIB@0x00686231,0x00686231,"LEA EAX,[ESP+ESP*1+0x84]",ESP (boundary-verified),read,entry~0x00686200,UNRESOLVED,REJECTED_WRONG_OBJECT,stack-relative slot; the factory object is heap-allocated (new 0x118 @0x0073E2CC lazy-init); a stack slot cannot be the factory's +0x84 member
8D_MOD10_disp32_SIB@0x00686F15,0x00686F15,"LEA ECX,[ESP+ESP*1+0x84]",ESP (boundary-verified),read,entry~0x00686D70,UNRESOLVED,REJECTED_WRONG_OBJECT,stack-relative slot; the factory object is heap-allocated (new 0x118 @0x0073E2CC lazy-init); a stack slot cannot be the factory's +0x84 member
8D_MOD10_disp32_SIB@0x00687A0E,0x00687A0E,"LEA ECX,[ESP+ESP*1+0x84]",ESP (boundary-verified),read,entry~0x006877F0,UNRESOLVED,REJECTED_WRONG_OBJECT,stack-relative slot; the factory object is heap-allocated (new 0x118 @0x0073E2CC lazy-init); a stack slot cannot be the factory's +0x84 member
8D_MOD10_disp32_SIB@0x00687A37,0x00687A37,"LEA ECX,[ESP+ESP*1+0x84]",ESP (boundary-verified),read,entry~0x006877F0,UNRESOLVED,REJECTED_WRONG_OBJECT,stack-relative slot; the factory object is heap-allocated (new 0x118 @0x0073E2CC lazy-init); a stack slot cannot be the factory's +0x84 member
8D_MOD10_disp32_SIB@0x00687D11,0x00687D11,"LEA EAX,[ESP+ESP*1+0x84]",ESP (boundary-verified),read,entry~0x00687CE0,UNRESOLVED,REJECTED_WRONG_OBJECT,stack-relative slot; the factory object is heap-allocated (new 0x118 @0x0073E2CC lazy-init); a stack slot cannot be the factory's +0x84 member
8D_MOD10_disp32_SIB@0x00687DE6,0x00687DE6,"LEA ECX,[ESP+ESP*1+0x84]",ESP (boundary-verified),read,entry~0x00687DB0,UNRESOLVED,REJECTED_WRONG_OBJECT,stack-relative slot; the factory object is heap-allocated (new 0x118 @0x0073E2CC lazy-init); a stack slot cannot be the factory's +0x84 member
C7_MOD10_SIB@0x0068865D,0x0068865D,"MOV [ESP+ESP*1+0x84],0xFFFFFFFF",ESP (boundary-verified),imm32=0xFFFFFFFF,entry~0x006885C0,UNRESOLVED,REJECTED_WRONG_OBJECT,stack-relative slot; the factory object is heap-allocated (new 0x118 @0x0073E2CC lazy-init); a stack slot cannot be the factory's +0x84 member
C6_MOD10_SIB_BYTE@0x006886F3,0x006886F3,"MOV BYTE [...+0x84],imm8",ESP (boundary-verified),imm8=0x01,entry~0x006885C0,UNRESOLVED,REJECTED_UNRELATED_OFFSET,partial-width (byte/word) store at +0x84; cannot fully assign the dword pointer member at factory+0x84 (dword member per the base ctor store @0x0070D013 and the setter store @0x0070C71E)
C7_MOD10_SIB@0x00688778,0x00688778,"MOV [ESP+ESP*1+0x84],0xFFFFFFFF",ESP (boundary-verified),imm32=0xFFFFFFFF,entry~0x006885C0,UNRESOLVED,REJECTED_WRONG_OBJECT,stack-relative slot; the factory object is heap-allocated (new 0x118 @0x0073E2CC lazy-init); a stack slot cannot be the factory's +0x84 member
8D_MOD10_disp32_SIB@0x00688877,0x00688877,"LEA ECX,[ESP+ESP*1+0x84]",ESP (boundary-verified),read,entry~0x006887A0,UNRESOLVED,REJECTED_WRONG_OBJECT,stack-relative slot; the factory object is heap-allocated (new 0x118 @0x0073E2CC lazy-init); a stack slot cannot be the factory's +0x84 member
8D_MOD10_disp32_SIB@0x00688943,0x00688943,"LEA ECX,[ESP+ESP*1+0x84]",ESP (boundary-verified),read,entry~0x006887A0,UNRESOLVED,REJECTED_WRONG_OBJECT,stack-relative slot; the factory object is heap-allocated (new 0x118 @0x0073E2CC lazy-init); a stack slot cannot be the factory's +0x84 member
8D_MOD10_disp32_SIB@0x00689BF3,0x00689BF3,"LEA ECX,[ESP+ESP*1+0x84]",ESP (boundary-verified),read,entry~0x00689720,UNRESOLVED,REJECTED_WRONG_OBJECT,stack-relative slot; the factory object is heap-allocated (new 0x118 @0x0073E2CC lazy-init); a stack slot cannot be the factory's +0x84 member
8D_MOD10_disp32_SIB@0x0068A281,0x0068A281,"LEA EAX,[ESP+ESP*1+0x84]",ESP (boundary-verified),read,entry~0x0068A250,UNRESOLVED,REJECTED_WRONG_OBJECT,stack-relative slot; the factory object is heap-allocated (new 0x118 @0x0073E2CC lazy-init); a stack slot cannot be the factory's +0x84 member
C7_MOD10_SIB@0x0068A96D,0x0068A96D,"MOV [ESP+ESP*1+0x84],0xFFFFFFFF",ESP (boundary-verified),imm32=0xFFFFFFFF,entry~0x0068A8D0,UNRESOLVED,REJECTED_WRONG_OBJECT,stack-relative slot; the factory object is heap-allocated (new 0x118 @0x0073E2CC lazy-init); a stack slot cannot be the factory's +0x84 member
C6_MOD10_SIB_BYTE@0x0068AA03,0x0068AA03,"MOV BYTE [...+0x84],imm8",ESP (boundary-verified),imm8=0x01,entry~0x0068A8D0,UNRESOLVED,REJECTED_UNRELATED_OFFSET,partial-width (byte/word) store at +0x84; cannot fully assign the dword pointer member at factory+0x84 (dword member per the base ctor store @0x0070D013 and the setter store @0x0070C71E)
C7_MOD10_SIB@0x0068AA88,0x0068AA88,"MOV [ESP+ESP*1+0x84],0xFFFFFFFF",ESP (boundary-verified),imm32=0xFFFFFFFF,entry~0x0068A8D0,UNRESOLVED,REJECTED_WRONG_OBJECT,stack-relative slot; the factory object is heap-allocated (new 0x118 @0x0073E2CC lazy-init); a stack slot cannot be the factory's +0x84 member
8D_MOD10_disp32_SIB@0x0068BDD1,0x0068BDD1,"LEA EAX,[ESP+ESP*1+0x84]",ESP (boundary-verified),read,entry~0x0068BDA0,UNRESOLVED,REJECTED_WRONG_OBJECT,stack-relative slot; the factory object is heap-allocated (new 0x118 @0x0073E2CC lazy-init); a stack slot cannot be the factory's +0x84 member
8D_MOD10_disp32_SIB@0x0068C485,0x0068C485,"LEA ECX,[ESP+ESP*1+0x84]",ESP (boundary-verified),read,entry~0x0068C2E0,UNRESOLVED,REJECTED_WRONG_OBJECT,stack-relative slot; the factory object is heap-allocated (new 0x118 @0x0073E2CC lazy-init); a stack slot cannot be the factory's +0x84 member
8D_MOD10_disp32_SIB@0x0068DE63,0x0068DE63,"LEA ECX,[ESP+ESP*1+0x84]",ESP (boundary-verified),read,unknown,UNRESOLVED,REJECTED_WRONG_OBJECT,stack-relative slot; the factory object is heap-allocated (new 0x118 @0x0073E2CC lazy-init); a stack slot cannot be the factory's +0x84 member
8D_MOD10_disp32_SIB@0x0068DE76,0x0068DE76,"LEA ECX,[ESP+ESP*1+0x84]",ESP (boundary-verified),read,unknown,UNRESOLVED,REJECTED_WRONG_OBJECT,stack-relative slot; the factory object is heap-allocated (new 0x118 @0x0073E2CC lazy-init); a stack slot cannot be the factory's +0x84 member
8D_MOD10_disp32_SIB@0x0068E191,0x0068E191,"LEA EAX,[ESP+ESP*1+0x84]",ESP (boundary-verified),read,entry~0x0068E160,UNRESOLVED,REJECTED_WRONG_OBJECT,stack-relative slot; the factory object is heap-allocated (new 0x118 @0x0073E2CC lazy-init); a stack slot cannot be the factory's +0x84 member
8D_MOD10_disp32_SIB@0x006913B1,0x006913B1,"LEA EAX,[ESP+ESP*1+0x84]",ESP (boundary-verified),read,entry~0x00691380,UNRESOLVED,REJECTED_WRONG_OBJECT,stack-relative slot; the factory object is heap-allocated (new 0x118 @0x0073E2CC lazy-init); a stack slot cannot be the factory's +0x84 member
8D_MOD10_disp32_SIB@0x00694B01,0x00694B01,"LEA EAX,[ESP+ESP*1+0x84]",ESP (boundary-verified),read,entry~0x00694AD0,UNRESOLVED,REJECTED_WRONG_OBJECT,stack-relative slot; the factory object is heap-allocated (new 0x118 @0x0073E2CC lazy-init); a stack slot cannot be the factory's +0x84 member
8D_MOD10_disp32_SIB@0x00694D96,0x00694D96,"LEA ECX,[ESP+ESP*1+0x84]",ESP (boundary-verified),read,entry~0x00694D60,UNRESOLVED,REJECTED_WRONG_OBJECT,stack-relative slot; the factory object is heap-allocated (new 0x118 @0x0073E2CC lazy-init); a stack slot cannot be the factory's +0x84 member
8D_MOD10_disp32_SIB@0x00694E86,0x00694E86,"LEA ECX,[ESP+ESP*1+0x84]",ESP (boundary-verified),read,entry~0x00694E50,UNRESOLVED,REJECTED_WRONG_OBJECT,stack-relative slot; the factory object is heap-allocated (new 0x118 @0x0073E2CC lazy-init); a stack slot cannot be the factory's +0x84 member
8D_MOD10_disp32_SIB@0x0069651F,0x0069651F,"LEA ECX,[ESP+ESP*1+0x84]",ESP (boundary-verified),read,entry~0x00696420,UNRESOLVED,REJECTED_WRONG_OBJECT,stack-relative slot; the factory object is heap-allocated (new 0x118 @0x0073E2CC lazy-init); a stack slot cannot be the factory's +0x84 member
8D_MOD10_disp32_SIB@0x00696604,0x00696604,"LEA ECX,[ESP+ESP*1+0x84]",ESP (boundary-verified),read,entry~0x00696420,UNRESOLVED,REJECTED_WRONG_OBJECT,stack-relative slot; the factory object is heap-allocated (new 0x118 @0x0073E2CC lazy-init); a stack slot cannot be the factory's +0x84 member
8D_MOD10_disp32_SIB@0x006966EE,0x006966EE,"LEA ECX,[ESP+ESP*1+0x84]",ESP (boundary-verified),read,entry~0x00696420,UNRESOLVED,REJECTED_WRONG_OBJECT,stack-relative slot; the factory object is heap-allocated (new 0x118 @0x0073E2CC lazy-init); a stack slot cannot be the factory's +0x84 member
89_MOD10_disp32_SIB@0x00696C78,0x00696C78,"MOV [ESP+ESP*1+0x84],ESP",ESP (boundary-verified),ESP,entry~0x00696C00,UNRESOLVED,REJECTED_WRONG_OBJECT,stack-relative slot; the factory object is heap-allocated (new 0x118 @0x0073E2CC lazy-init); a stack slot cannot be the factory's +0x84 member
89_MOD10_disp32_SIB@0x006980DB,0x006980DB,"MOV [ESP+ESP*1+0x84],ECX",ESP (boundary-verified),ECX,unknown,UNRESOLVED,REJECTED_WRONG_OBJECT,stack-relative slot; the factory object is heap-allocated (new 0x118 @0x0073E2CC lazy-init); a stack slot cannot be the factory's +0x84 member
8B_MOD10_disp32_SIB@0x00698229,0x00698229,"MOV EDX,[ESP+ESP*1+0x84]",ESP (boundary-verified),read,unknown,NOT_A_WRITE,REJECTED_READ_NOT_WRITE,read/CMP form with displacement 0x84; no memory write occurs
8D_MOD10_disp32_SIB@0x0069901A,0x0069901A,"LEA ECX,[ESP+ESP*1+0x84]",ESP (boundary-verified),read,entry~0x00698A50,UNRESOLVED,REJECTED_WRONG_OBJECT,stack-relative slot; the factory object is heap-allocated (new 0x118 @0x0073E2CC lazy-init); a stack slot cannot be the factory's +0x84 member
8D_MOD10_disp32_SIB@0x00699D01,0x00699D01,"LEA EAX,[ESP+ESP*1+0x84]",ESP (boundary-verified),read,entry~0x00699CD0,UNRESOLVED,REJECTED_WRONG_OBJECT,stack-relative slot; the factory object is heap-allocated (new 0x118 @0x0073E2CC lazy-init); a stack slot cannot be the factory's +0x84 member
C6_MOD10_SIB_BYTE@0x006A0A6B,0x006A0A6B,"MOV BYTE [...+0x84],imm8",ESP (boundary-verified),imm8=0x02,entry~0x006A09F0,UNRESOLVED,REJECTED_UNRELATED_OFFSET,partial-width (byte/word) store at +0x84; cannot fully assign the dword pointer member at factory+0x84 (dword member per the base ctor store @0x0070D013 and the setter store @0x0070C71E)
C6_MOD10_SIB_BYTE@0x006A0AAD,0x006A0AAD,"MOV BYTE [...+0x84],imm8",ESP (boundary-verified),imm8=0x02,entry~0x006A09F0,UNRESOLVED,REJECTED_UNRELATED_OFFSET,partial-width (byte/word) store at +0x84; cannot fully assign the dword pointer member at factory+0x84 (dword member per the base ctor store @0x0070D013 and the setter store @0x0070C71E)
C7_MOD10_SIB@0x006A0AD5,0x006A0AD5,"MOV [ESP+ESP*1+0x84],0xFFFFFFFF",ESP (boundary-verified),imm32=0xFFFFFFFF,entry~0x006A09F0,UNRESOLVED,REJECTED_WRONG_OBJECT,stack-relative slot; the factory object is heap-allocated (new 0x118 @0x0073E2CC lazy-init); a stack slot cannot be the factory's +0x84 member
8D_MOD10_disp32_SIB@0x006A1121,0x006A1121,"LEA EAX,[ESP+ESP*1+0x84]",ESP (boundary-verified),read,entry~0x006A10F0,UNRESOLVED,REJECTED_WRONG_OBJECT,stack-relative slot; the factory object is heap-allocated (new 0x118 @0x0073E2CC lazy-init); a stack slot cannot be the factory's +0x84 member
C6_MOD10_SIB_BYTE@0x006A1DFC,0x006A1DFC,"MOV BYTE [...+0x84],imm8",ESP (boundary-verified),imm8=0x03,entry~0x006A1C80,UNRESOLVED,REJECTED_UNRELATED_OFFSET,partial-width (byte/word) store at +0x84; cannot fully assign the dword pointer member at factory+0x84 (dword member per the base ctor store @0x0070D013 and the setter store @0x0070C71E)
89_MOD10_disp32@0x006A24EA,0x006A24EA,"MOV [EBX+0x84],ECX",EBX (boundary-verified),ECX,entry~0x006A23A0,UNRESOLVED,UNRESOLVED,boundary-verified non-stack dword write to [reg+0x84]; base-register identity not resolved to any factory object within the window-level provenance bound; not established as a factory+0x84 write (no claim made)
8D_MOD10_disp32_SIB@0x006A79AB,0x006A79AB,"LEA ECX,[ESP+ESP*1+0x84]",ESP (boundary-verified),read,entry~0x006A7860,UNRESOLVED,REJECTED_WRONG_OBJECT,stack-relative slot; the factory object is heap-allocated (new 0x118 @0x0073E2CC lazy-init); a stack slot cannot be the factory's +0x84 member
C7_MOD10_SIB@0x006A8907,0x006A8907,"MOV [ESP+ESP*1+0x84],0x0",ESP (boundary-verified),imm32=0x0,entry~0x006A8870,UNRESOLVED,REJECTED_WRONG_OBJECT,stack-relative slot; the factory object is heap-allocated (new 0x118 @0x0073E2CC lazy-init); a stack slot cannot be the factory's +0x84 member
89_MOD10_disp32_SIB@0x006ABD63,0x006ABD63,"MOV [ESP+ESP*1+0x84],EDI",ESP (boundary-verified),EDI,entry~0x006ABB50,UNRESOLVED,REJECTED_WRONG_OBJECT,stack-relative slot; the factory object is heap-allocated (new 0x118 @0x0073E2CC lazy-init); a stack slot cannot be the factory's +0x84 member
8B_MOD10_disp32_SIB@0x006ABF20,0x006ABF20,"MOV EDX,[ESP+ESP*1+0x84]",ESP (boundary-verified),read,entry~0x006ABB50,NOT_A_WRITE,REJECTED_READ_NOT_WRITE,read/CMP form with displacement 0x84; no memory write occurs
8B_MOD10_disp32_SIB@0x006ABF57,0x006ABF57,"MOV EDI,[ESP+ESP*1+0x84]",ESP (boundary-verified),read,entry~0x006ABB50,NOT_A_WRITE,REJECTED_READ_NOT_WRITE,read/CMP form with displacement 0x84; no memory write occurs
8B_MOD10_disp32_SIB@0x006AC356,0x006AC356,"MOV EDX,[ESP+ESP*1+0x84]",ESP (boundary-verified),read,unknown,NOT_A_WRITE,REJECTED_READ_NOT_WRITE,read/CMP form with displacement 0x84; no memory write occurs
8B_MOD10_disp32_SIB@0x006AC3E2,0x006AC3E2,"MOV ECX,[ESP+ESP*1+0x84]",ESP (boundary-verified),read,unknown,NOT_A_WRITE,REJECTED_READ_NOT_WRITE,read/CMP form with displacement 0x84; no memory write occurs
89_MOD10_disp32_SIB@0x006AC78F,0x006AC78F,"MOV [ESP+ESP*1+0x84],ECX",ESP (boundary-verified),ECX,unknown,UNRESOLVED,REJECTED_WRONG_OBJECT,stack-relative slot; the factory object is heap-allocated (new 0x118 @0x0073E2CC lazy-init); a stack slot cannot be the factory's +0x84 member
8B_MOD10_disp32_SIB@0x006ACC39,0x006ACC39,"MOV EAX,[ESP+ESP*1+0x84]",ESP (boundary-verified),read,entry~0x006ACBA0,NOT_A_WRITE,REJECTED_READ_NOT_WRITE,read/CMP form with displacement 0x84; no memory write occurs
C6_MOD10_SIB_BYTE@0x006ACE95,0x006ACE95,"MOV BYTE [...+0x84],imm8",ESP (boundary-verified),imm8=0x01,entry~0x006ACCF0,UNRESOLVED,REJECTED_UNRELATED_OFFSET,partial-width (byte/word) store at +0x84; cannot fully assign the dword pointer member at factory+0x84 (dword member per the base ctor store @0x0070D013 and the setter store @0x0070C71E)
8B_MOD10_disp32_SIB@0x006B53A9,0x006B53A9,"MOV ESI,[ESP+ESP*1+0x84]",ESP (boundary-verified),read,entry~0x006B5300,NOT_A_WRITE,REJECTED_READ_NOT_WRITE,read/CMP form with displacement 0x84; no memory write occurs
8B_MOD10_disp32_SIB@0x006B6674,0x006B6674,"MOV EAX,[ESP+ESP*1+0x84]",ESP (boundary-verified),read,entry~0x006B6600,NOT_A_WRITE,REJECTED_READ_NOT_WRITE,read/CMP form with displacement 0x84; no memory write occurs
8D_MOD10_disp32_SIB@0x006B82D3,0x006B82D3,"LEA ECX,[ESP+ESP*1+0x84]",ESP (boundary-verified),read,entry~0x006B80D0,UNRESOLVED,REJECTED_WRONG_OBJECT,stack-relative slot; the factory object is heap-allocated (new 0x118 @0x0073E2CC lazy-init); a stack slot cannot be the factory's +0x84 member
8D_MOD10_disp32_SIB@0x006B8899,0x006B8899,"LEA ECX,[ESP+ESP*1+0x84]",ESP (boundary-verified),read,entry~0x006B8630,UNRESOLVED,REJECTED_WRONG_OBJECT,stack-relative slot; the factory object is heap-allocated (new 0x118 @0x0073E2CC lazy-init); a stack slot cannot be the factory's +0x84 member
8B_MOD10_disp32_SIB@0x006BB538,0x006BB538,"MOV EAX,[ESP+ESP*1+0x84]",ESP (boundary-verified),read,entry~0x006BB4B0,NOT_A_WRITE,REJECTED_READ_NOT_WRITE,read/CMP form with displacement 0x84; no memory write occurs
8B_MOD10_disp32_SIB@0x006BB9D0,0x006BB9D0,"MOV ESI,[ESP+ESP*1+0x84]",ESP (boundary-verified),read,entry~0x006BB910,NOT_A_WRITE,REJECTED_READ_NOT_WRITE,read/CMP form with displacement 0x84; no memory write occurs
C6_MOD10_SIB_BYTE@0x006BB9DB,0x006BB9DB,"MOV BYTE [...+0x84],imm8",ESP (boundary-verified),imm8=0x02,entry~0x006BB910,UNRESOLVED,REJECTED_UNRELATED_OFFSET,partial-width (byte/word) store at +0x84; cannot fully assign the dword pointer member at factory+0x84 (dword member per the base ctor store @0x0070D013 and the setter store @0x0070C71E)
89_MOD10_disp32_SIB@0x006BC880,0x006BC880,"MOV [ESP+ESP*1+0x84],EBX",ESP (boundary-verified),EBX,entry~0x006BC7C0,UNRESOLVED,REJECTED_WRONG_OBJECT,stack-relative slot; the factory object is heap-allocated (new 0x118 @0x0073E2CC lazy-init); a stack slot cannot be the factory's +0x84 member
39_MOD01_disp8_SIB@0x006BD48E,0x006BD48E,"CMP [EBX+ECX*1+0x84],ESI",EBX (boundary-verified),read,entry~0x006BD330,NOT_A_WRITE,REJECTED_READ_NOT_WRITE,read/CMP form with displacement 0x84; no memory write occurs
89_MOD10_disp32_SIB@0x006BF848,0x006BF848,"MOV [ESP+ESP*1+0x84],EBX",ESP (boundary-verified),EBX,entry~0x006BF800,UNRESOLVED,REJECTED_WRONG_OBJECT,stack-relative slot; the factory object is heap-allocated (new 0x118 @0x0073E2CC lazy-init); a stack slot cannot be the factory's +0x84 member
C6_MOD10_SIB_BYTE@0x006BF865,0x006BF865,"MOV BYTE [...+0x84],imm8",ESP (boundary-verified),imm8=0x02,entry~0x006BF800,UNRESOLVED,REJECTED_UNRELATED_OFFSET,partial-width (byte/word) store at +0x84; cannot fully assign the dword pointer member at factory+0x84 (dword member per the base ctor store @0x0070D013 and the setter store @0x0070C71E)
C6_MOD10_SIB_BYTE@0x006BF883,0x006BF883,"MOV BYTE [...+0x84],imm8",ESP (boundary-verified),imm8=0x04,entry~0x006BF800,UNRESOLVED,REJECTED_UNRELATED_OFFSET,partial-width (byte/word) store at +0x84; cannot fully assign the dword pointer member at factory+0x84 (dword member per the base ctor store @0x0070D013 and the setter store @0x0070C71E)
C7_MOD10_SIB@0x006BF916,0x006BF916,"MOV [ESP+ESP*1+0x84],0x6",ESP (boundary-verified),imm32=0x6,entry~0x006BF800,UNRESOLVED,REJECTED_WRONG_OBJECT,stack-relative slot; the factory object is heap-allocated (new 0x118 @0x0073E2CC lazy-init); a stack slot cannot be the factory's +0x84 member
C7_MOD10_SIB@0x006BFA23,0x006BFA23,"MOV [ESP+ESP*1+0x84],0x9",ESP (boundary-verified),imm32=0x9,entry~0x006BF800,UNRESOLVED,REJECTED_WRONG_OBJECT,stack-relative slot; the factory object is heap-allocated (new 0x118 @0x0073E2CC lazy-init); a stack slot cannot be the factory's +0x84 member
C6_MOD10_SIB_BYTE@0x006BFA44,0x006BFA44,"MOV BYTE [...+0x84],imm8",ESP (boundary-verified),imm8=0x0B,entry~0x006BF800,UNRESOLVED,REJECTED_UNRELATED_OFFSET,partial-width (byte/word) store at +0x84; cannot fully assign the dword pointer member at factory+0x84 (dword member per the base ctor store @0x0070D013 and the setter store @0x0070C71E)
C7_MOD10_SIB@0x006BFAB2,0x006BFAB2,"MOV [ESP+ESP*1+0x84],0xD",ESP (boundary-verified),imm32=0xD,entry~0x006BF800,UNRESOLVED,REJECTED_WRONG_OBJECT,stack-relative slot; the factory object is heap-allocated (new 0x118 @0x0073E2CC lazy-init); a stack slot cannot be the factory's +0x84 member
C6_MOD10_SIB_BYTE@0x006BFAD3,0x006BFAD3,"MOV BYTE [...+0x84],imm8",ESP (boundary-verified),imm8=0x0F,entry~0x006BF800,UNRESOLVED,REJECTED_UNRELATED_OFFSET,partial-width (byte/word) store at +0x84; cannot fully assign the dword pointer member at factory+0x84 (dword member per the base ctor store @0x0070D013 and the setter store @0x0070C71E)
C6_MOD10_SIB_BYTE@0x006BFAF1,0x006BFAF1,"MOV BYTE [...+0x84],imm8",ESP (boundary-verified),imm8=0x11,entry~0x006BF800,UNRESOLVED,REJECTED_UNRELATED_OFFSET,partial-width (byte/word) store at +0x84; cannot fully assign the dword pointer member at factory+0x84 (dword member per the base ctor store @0x0070D013 and the setter store @0x0070C71E)
C7_MOD10_SIB@0x006BFB78,0x006BFB78,"MOV [ESP+ESP*1+0x84],0x13",ESP (boundary-verified),imm32=0x13,entry~0x006BF800,UNRESOLVED,REJECTED_WRONG_OBJECT,stack-relative slot; the factory object is heap-allocated (new 0x118 @0x0073E2CC lazy-init); a stack slot cannot be the factory's +0x84 member
C6_MOD10_SIB_BYTE@0x006BFB99,0x006BFB99,"MOV BYTE [...+0x84],imm8",ESP (boundary-verified),imm8=0x15,entry~0x006BF800,UNRESOLVED,REJECTED_UNRELATED_OFFSET,partial-width (byte/word) store at +0x84; cannot fully assign the dword pointer member at factory+0x84 (dword member per the base ctor store @0x0070D013 and the setter store @0x0070C71E)
C6_MOD10_SIB_BYTE@0x006BFBB7,0x006BFBB7,"MOV BYTE [...+0x84],imm8",ESP (boundary-verified),imm8=0x17,entry~0x006BF800,UNRESOLVED,REJECTED_UNRELATED_OFFSET,partial-width (byte/word) store at +0x84; cannot fully assign the dword pointer member at factory+0x84 (dword member per the base ctor store @0x0070D013 and the setter store @0x0070C71E)
C7_MOD10_SIB@0x006BFC3E,0x006BFC3E,"MOV [ESP+ESP*1+0x84],0x19",ESP (boundary-verified),imm32=0x19,entry~0x006BF800,UNRESOLVED,REJECTED_WRONG_OBJECT,stack-relative slot; the factory object is heap-allocated (new 0x118 @0x0073E2CC lazy-init); a stack slot cannot be the factory's +0x84 member
C6_MOD10_SIB_BYTE@0x006BFC5F,0x006BFC5F,"MOV BYTE [...+0x84],imm8",ESP (boundary-verified),imm8=0x1B,entry~0x006BF800,UNRESOLVED,REJECTED_UNRELATED_OFFSET,partial-width (byte/word) store at +0x84; cannot fully assign the dword pointer member at factory+0x84 (dword member per the base ctor store @0x0070D013 and the setter store @0x0070C71E)
C7_MOD10_SIB@0x006BFCE4,0x006BFCE4,"MOV [ESP+ESP*1+0x84],0x1E",ESP (boundary-verified),imm32=0x1E,entry~0x006BF800,UNRESOLVED,REJECTED_WRONG_OBJECT,stack-relative slot; the factory object is heap-allocated (new 0x118 @0x0073E2CC lazy-init); a stack slot cannot be the factory's +0x84 member
C6_MOD10_SIB_BYTE@0x006BFD05,0x006BFD05,"MOV BYTE [...+0x84],imm8",ESP (boundary-verified),imm8=0x20,entry~0x006BF800,UNRESOLVED,REJECTED_UNRELATED_OFFSET,partial-width (byte/word) store at +0x84; cannot fully assign the dword pointer member at factory+0x84 (dword member per the base ctor store @0x0070D013 and the setter store @0x0070C71E)
89_MOD10_disp32@0x006C422F,0x006C422F,"MOV [ESI+0x84],EAX",ESI (boundary-verified),EAX,entry~0x006C4210,UNRESOLVED,UNRESOLVED,boundary-verified non-stack dword write to [reg+0x84]; base-register identity not resolved to any factory object within the window-level provenance bound; not established as a factory+0x84 write (no claim made)
8D_MOD10_disp32_SIB@0x006C4F20,0x006C4F20,"LEA EDX,[ESP+ESP*1+0x84]",ESP (boundary-verified),read,entry~0x006C4C40,UNRESOLVED,REJECTED_WRONG_OBJECT,stack-relative slot; the factory object is heap-allocated (new 0x118 @0x0073E2CC lazy-init); a stack slot cannot be the factory's +0x84 member
8B_MOD10_disp32@0x006C523A,0x006C523A,"MOV EAX,[ESI+0x84]",ESI (boundary-verified),read,entry~0x006C51F0,NOT_A_WRITE,REJECTED_READ_NOT_WRITE,read/CMP form with displacement 0x84; no memory write occurs
8B_MOD10_disp32@0x006C53EA,0x006C53EA,"MOV EAX,[ESI+0x84]",ESI (boundary-unverified),read,entry~0x006C52B0,NOT_A_WRITE,REJECTED_READ_NOT_WRITE,read/CMP form with displacement 0x84; no memory write occurs
8B_MOD10_disp32@0x006C5468,0x006C5468,"MOV EAX,[ESI+0x84]",ESI (boundary-verified),read,entry~0x006C52B0,NOT_A_WRITE,REJECTED_READ_NOT_WRITE,read/CMP form with displacement 0x84; no memory write occurs
89_MOD10_disp32_SIB@0x006C62A4,0x006C62A4,"MOV [ESP+ESP*1+0x84],EAX",ESP (boundary-verified),EAX,entry~0x006C6040,UNRESOLVED,REJECTED_WRONG_OBJECT,stack-relative slot; the factory object is heap-allocated (new 0x118 @0x0073E2CC lazy-init); a stack slot cannot be the factory's +0x84 member
8B_MOD10_disp32_SIB@0x006C9BB1,0x006C9BB1,"MOV EAX,[ESP+ESP*1+0x84]",ESP (boundary-verified),read,entry~0x006C9A60,NOT_A_WRITE,REJECTED_READ_NOT_WRITE,read/CMP form with displacement 0x84; no memory write occurs
C7_MOD10_SIB@0x006CA3B2,0x006CA3B2,"MOV [ESP+ESP*1+0x84],0x0",ESP (boundary-verified),imm32=0x0,entry~0x006CA330,UNRESOLVED,REJECTED_WRONG_OBJECT,stack-relative slot; the factory object is heap-allocated (new 0x118 @0x0073E2CC lazy-init); a stack slot cannot be the factory's +0x84 member
89_MOD10_disp32_SIB@0x006CDF67,0x006CDF67,"MOV [ESP+ESP*1+0x84],EDI",ESP (boundary-verified),EDI,entry~0x006CDD80,UNRESOLVED,REJECTED_WRONG_OBJECT,stack-relative slot; the factory object is heap-allocated (new 0x118 @0x0073E2CC lazy-init); a stack slot cannot be the factory's +0x84 member
89_MOD10_disp32_SIB@0x006CF8DE,0x006CF8DE,"MOV [ESP+ESP*1+0x84],EDI",ESP (boundary-verified),EDI,entry~0x006CF460,UNRESOLVED,REJECTED_WRONG_OBJECT,stack-relative slot; the factory object is heap-allocated (new 0x118 @0x0073E2CC lazy-init); a stack slot cannot be the factory's +0x84 member
8B_MOD10_disp32_SIB@0x006CFDCB,0x006CFDCB,"MOV EBX,[ESP+ESP*1+0x84]",ESP (boundary-verified),read,unknown,NOT_A_WRITE,REJECTED_READ_NOT_WRITE,read/CMP form with displacement 0x84; no memory write occurs
8D_MOD10_disp32_SIB@0x006D1039,0x006D1039,"LEA ECX,[ESP+ESP*1+0x84]",ESP (boundary-verified),read,entry~0x006D0ED0,UNRESOLVED,REJECTED_WRONG_OBJECT,stack-relative slot; the factory object is heap-allocated (new 0x118 @0x0073E2CC lazy-init); a stack slot cannot be the factory's +0x84 member
8D_MOD10_disp32_SIB@0x006D106C,0x006D106C,"LEA ECX,[ESP+ESP*1+0x84]",ESP (boundary-verified),read,entry~0x006D0ED0,UNRESOLVED,REJECTED_WRONG_OBJECT,stack-relative slot; the factory object is heap-allocated (new 0x118 @0x0073E2CC lazy-init); a stack slot cannot be the factory's +0x84 member
8D_MOD10_disp32_SIB@0x006D128A,0x006D128A,"LEA ECX,[ESP+ESP*1+0x84]",ESP (boundary-verified),read,entry~0x006D0ED0,UNRESOLVED,REJECTED_WRONG_OBJECT,stack-relative slot; the factory object is heap-allocated (new 0x118 @0x0073E2CC lazy-init); a stack slot cannot be the factory's +0x84 member
8D_MOD10_disp32_SIB@0x006D1310,0x006D1310,"LEA ECX,[ESP+ESP*1+0x84]",ESP (boundary-verified),read,entry~0x006D0ED0,UNRESOLVED,REJECTED_WRONG_OBJECT,stack-relative slot; the factory object is heap-allocated (new 0x118 @0x0073E2CC lazy-init); a stack slot cannot be the factory's +0x84 member
8D_MOD10_disp32_SIB@0x006D1396,0x006D1396,"LEA ECX,[ESP+ESP*1+0x84]",ESP (boundary-verified),read,entry~0x006D0ED0,UNRESOLVED,REJECTED_WRONG_OBJECT,stack-relative slot; the factory object is heap-allocated (new 0x118 @0x0073E2CC lazy-init); a stack slot cannot be the factory's +0x84 member
8D_MOD10_disp32_SIB@0x006D1413,0x006D1413,"LEA ECX,[ESP+ESP*1+0x84]",ESP (boundary-verified),read,entry~0x006D0ED0,UNRESOLVED,REJECTED_WRONG_OBJECT,stack-relative slot; the factory object is heap-allocated (new 0x118 @0x0073E2CC lazy-init); a stack slot cannot be the factory's +0x84 member
8D_MOD10_disp32_SIB@0x006D1490,0x006D1490,"LEA ECX,[ESP+ESP*1+0x84]",ESP (boundary-verified),read,entry~0x006D0ED0,UNRESOLVED,REJECTED_WRONG_OBJECT,stack-relative slot; the factory object is heap-allocated (new 0x118 @0x0073E2CC lazy-init); a stack slot cannot be the factory's +0x84 member
8D_MOD10_disp32_SIB@0x006D150D,0x006D150D,"LEA ECX,[ESP+ESP*1+0x84]",ESP (boundary-verified),read,unknown,UNRESOLVED,REJECTED_WRONG_OBJECT,stack-relative slot; the factory object is heap-allocated (new 0x118 @0x0073E2CC lazy-init); a stack slot cannot be the factory's +0x84 member
8D_MOD10_disp32_SIB@0x006D2811,0x006D2811,"LEA EAX,[ESP+ESP*1+0x84]",ESP (boundary-verified),read,entry~0x006D2790,UNRESOLVED,REJECTED_WRONG_OBJECT,stack-relative slot; the factory object is heap-allocated (new 0x118 @0x0073E2CC lazy-init); a stack slot cannot be the factory's +0x84 member
8D_MOD10_disp32_SIB@0x006D282E,0x006D282E,"LEA ECX,[ESP+ESP*1+0x84]",ESP (boundary-verified),read,entry~0x006D2790,UNRESOLVED,REJECTED_WRONG_OBJECT,stack-relative slot; the factory object is heap-allocated (new 0x118 @0x0073E2CC lazy-init); a stack slot cannot be the factory's +0x84 member
8D_MOD10_disp32_SIB@0x006D29C7,0x006D29C7,"LEA ECX,[ESP+ESP*1+0x84]",ESP (boundary-verified),read,entry~0x006D2790,UNRESOLVED,REJECTED_WRONG_OBJECT,stack-relative slot; the factory object is heap-allocated (new 0x118 @0x0073E2CC lazy-init); a stack slot cannot be the factory's +0x84 member
8D_MOD10_disp32_SIB@0x006D29E4,0x006D29E4,"LEA ECX,[ESP+ESP*1+0x84]",ESP (boundary-verified),read,entry~0x006D2790,UNRESOLVED,REJECTED_WRONG_OBJECT,stack-relative slot; the factory object is heap-allocated (new 0x118 @0x0073E2CC lazy-init); a stack slot cannot be the factory's +0x84 member
C6_MOD10_SIB_BYTE@0x006D2D5D,0x006D2D5D,"MOV BYTE [...+0x84],imm8",ESP (boundary-verified),imm8=0x01,entry~0x006D2D10,UNRESOLVED,REJECTED_UNRELATED_OFFSET,partial-width (byte/word) store at +0x84; cannot fully assign the dword pointer member at factory+0x84 (dword member per the base ctor store @0x0070D013 and the setter store @0x0070C71E)
8D_MOD10_disp32_SIB@0x006D3F6B,0x006D3F6B,"LEA ECX,[ESP+ESP*1+0x84]",ESP (boundary-verified),read,entry~0x006D3AF0,UNRESOLVED,REJECTED_WRONG_OBJECT,stack-relative slot; the factory object is heap-allocated (new 0x118 @0x0073E2CC lazy-init); a stack slot cannot be the factory's +0x84 member
8D_MOD10_disp32_SIB@0x006D40AE,0x006D40AE,"LEA ECX,[ESP+ESP*1+0x84]",ESP (boundary-verified),read,entry~0x006D3AF0,UNRESOLVED,REJECTED_WRONG_OBJECT,stack-relative slot; the factory object is heap-allocated (new 0x118 @0x0073E2CC lazy-init); a stack slot cannot be the factory's +0x84 member
89_MOD10_disp32@0x006D4F88,0x006D4F88,"MOV [EAX+0x84],ESI",EAX (boundary-verified),ESI,entry~0x006D4F30,UNRESOLVED,REJECTED_WRONG_OBJECT,large-class ctor: window shows +0x84 written from ESI where ESI was loaded with the immediate 4 (BE 04 00 00 00) and dozens of members initialized from ECX/ESI in the same ctor; a factory +0x84 is never assigned the integer 4; different object
89_MOD10_disp32@0x006D6D9B,0x006D6D9B,"MOV [ESI+0x84],EDX",ESI (boundary-verified),EDX,entry~0x006D6A90,UNRESOLVED,UNRESOLVED,boundary-verified non-stack dword write to [reg+0x84]; base-register identity not resolved to any factory object within the window-level provenance bound; not established as a factory+0x84 write (no claim made)
8B_MOD10_disp32@0x006D70A3,0x006D70A3,"MOV ECX,[ESI+0x84]",ESI (boundary-verified),read,unknown,NOT_A_WRITE,REJECTED_READ_NOT_WRITE,read/CMP form with displacement 0x84; no memory write occurs
8B_MOD10_disp32@0x006D71E7,0x006D71E7,"MOV EAX,[ESI+0x84]",ESI (boundary-verified),read,unknown,NOT_A_WRITE,REJECTED_READ_NOT_WRITE,read/CMP form with displacement 0x84; no memory write occurs
8B_MOD10_disp32@0x006D74F4,0x006D74F4,"MOV EAX,[ESI+0x84]",ESI (boundary-verified),read,unknown,NOT_A_WRITE,REJECTED_READ_NOT_WRITE,read/CMP form with displacement 0x84; no memory write occurs
8B_MOD10_disp32@0x006D75EF,0x006D75EF,"MOV EAX,[ESI+0x84]",ESI (boundary-verified),read,unknown,NOT_A_WRITE,REJECTED_READ_NOT_WRITE,read/CMP form with displacement 0x84; no memory write occurs
8B_MOD10_disp32@0x006D773D,0x006D773D,"MOV EDX,[ESI+0x84]",ESI (boundary-verified),read,unknown,NOT_A_WRITE,REJECTED_READ_NOT_WRITE,read/CMP form with displacement 0x84; no memory write occurs
8D_MOD10_disp32_SIB@0x006D7BD4,0x006D7BD4,"LEA EAX,[ESP+ESP*1+0x84]",ESP (boundary-verified),read,entry~0x006D7A90,UNRESOLVED,REJECTED_WRONG_OBJECT,stack-relative slot; the factory object is heap-allocated (new 0x118 @0x0073E2CC lazy-init); a stack slot cannot be the factory's +0x84 member
8D_MOD10_disp32_SIB@0x006D7C0C,0x006D7C0C,"LEA EAX,[ESP+ESP*1+0x84]",ESP (boundary-verified),read,entry~0x006D7A90,UNRESOLVED,REJECTED_WRONG_OBJECT,stack-relative slot; the factory object is heap-allocated (new 0x118 @0x0073E2CC lazy-init); a stack slot cannot be the factory's +0x84 member
8D_MOD10_disp32_SIB@0x006D7C55,0x006D7C55,"LEA ECX,[ESP+ESP*1+0x84]",ESP (boundary-verified),read,entry~0x006D7A90,UNRESOLVED,REJECTED_WRONG_OBJECT,stack-relative slot; the factory object is heap-allocated (new 0x118 @0x0073E2CC lazy-init); a stack slot cannot be the factory's +0x84 member
8D_MOD10_disp32_SIB@0x006D7CB7,0x006D7CB7,"LEA ECX,[ESP+ESP*1+0x84]",ESP (boundary-verified),read,entry~0x006D7A90,UNRESOLVED,REJECTED_WRONG_OBJECT,stack-relative slot; the factory object is heap-allocated (new 0x118 @0x0073E2CC lazy-init); a stack slot cannot be the factory's +0x84 member
8D_MOD10_disp32_SIB@0x006D7D8E,0x006D7D8E,"LEA EDX,[ESP+ESP*1+0x84]",ESP (boundary-verified),read,entry~0x006D7A90,UNRESOLVED,REJECTED_WRONG_OBJECT,stack-relative slot; the factory object is heap-allocated (new 0x118 @0x0073E2CC lazy-init); a stack slot cannot be the factory's +0x84 member
8D_MOD10_disp32_SIB@0x006D7DE1,0x006D7DE1,"LEA ECX,[ESP+ESP*1+0x84]",ESP (boundary-verified),read,entry~0x006D7A90,UNRESOLVED,REJECTED_WRONG_OBJECT,stack-relative slot; the factory object is heap-allocated (new 0x118 @0x0073E2CC lazy-init); a stack slot cannot be the factory's +0x84 member
8D_MOD10_disp32_SIB@0x006D7EA0,0x006D7EA0,"LEA ECX,[ESP+ESP*1+0x84]",ESP (boundary-verified),read,entry~0x006D7A90,UNRESOLVED,REJECTED_WRONG_OBJECT,stack-relative slot; the factory object is heap-allocated (new 0x118 @0x0073E2CC lazy-init); a stack slot cannot be the factory's +0x84 member
8D_MOD10_disp32_SIB@0x006D7EF6,0x006D7EF6,"LEA EAX,[ESP+ESP*1+0x84]",ESP (boundary-verified),read,entry~0x006D7A90,UNRESOLVED,REJECTED_WRONG_OBJECT,stack-relative slot; the factory object is heap-allocated (new 0x118 @0x0073E2CC lazy-init); a stack slot cannot be the factory's +0x84 member
C7_MOD10_SIB@0x006D842C,0x006D842C,"MOV [ESP+ESP*1+0x84],0x0",ESP (boundary-verified),imm32=0x0,entry~0x006D8220,UNRESOLVED,REJECTED_WRONG_OBJECT,stack-relative slot; the factory object is heap-allocated (new 0x118 @0x0073E2CC lazy-init); a stack slot cannot be the factory's +0x84 member
8B_MOD10_disp32_SIB@0x006D8444,0x006D8444,"MOV EAX,[ESP+ESP*1+0x84]",ESP (boundary-verified),read,entry~0x006D8220,NOT_A_WRITE,REJECTED_READ_NOT_WRITE,read/CMP form with displacement 0x84; no memory write occurs
C7_MOD10_SIB@0x006D84BB,0x006D84BB,"MOV [ESP+ESP*1+0x84],0x0",ESP (boundary-verified),imm32=0x0,entry~0x006D8220,UNRESOLVED,REJECTED_WRONG_OBJECT,stack-relative slot; the factory object is heap-allocated (new 0x118 @0x0073E2CC lazy-init); a stack slot cannot be the factory's +0x84 member
8B_MOD10_disp32_SIB@0x006D84C6,0x006D84C6,"MOV EAX,[ESP+ESP*1+0x84]",ESP (boundary-verified),read,entry~0x006D8220,NOT_A_WRITE,REJECTED_READ_NOT_WRITE,read/CMP form with displacement 0x84; no memory write occurs
8B_MOD10_disp32_SIB@0x006DA6E6,0x006DA6E6,"MOV ECX,[ESP+ESP*1+0x84]",ESP (boundary-verified),read,entry~0x006DA340,NOT_A_WRITE,REJECTED_READ_NOT_WRITE,read/CMP form with displacement 0x84; no memory write occurs
8B_MOD10_disp32_SIB@0x006DA863,0x006DA863,"MOV EAX,[ESP+ESP*1+0x84]",ESP (boundary-verified),read,entry~0x006DA340,NOT_A_WRITE,REJECTED_READ_NOT_WRITE,read/CMP form with displacement 0x84; no memory write occurs
8B_MOD10_disp32_SIB@0x006DA911,0x006DA911,"MOV EDX,[ESP+ESP*1+0x84]",ESP (boundary-verified),read,entry~0x006DA340,NOT_A_WRITE,REJECTED_READ_NOT_WRITE,read/CMP form with displacement 0x84; no memory write occurs
8B_MOD10_disp32_SIB@0x006DAA73,0x006DAA73,"MOV EAX,[ESP+ESP*1+0x84]",ESP (boundary-verified),read,unknown,NOT_A_WRITE,REJECTED_READ_NOT_WRITE,read/CMP form with displacement 0x84; no memory write occurs
8B_MOD10_disp32_SIB@0x006DAB5B,0x006DAB5B,"MOV EDX,[ESP+ESP*1+0x84]",ESP (boundary-verified),read,unknown,NOT_A_WRITE,REJECTED_READ_NOT_WRITE,read/CMP form with displacement 0x84; no memory write occurs
8B_MOD10_disp32_SIB@0x006DAD3B,0x006DAD3B,"MOV ECX,[ESP+ESP*1+0x84]",ESP (boundary-verified),read,unknown,NOT_A_WRITE,REJECTED_READ_NOT_WRITE,read/CMP form with displacement 0x84; no memory write occurs
8B_MOD10_disp32_SIB@0x006DAEB6,0x006DAEB6,"MOV ECX,[ESP+ESP*1+0x84]",ESP (boundary-verified),read,unknown,NOT_A_WRITE,REJECTED_READ_NOT_WRITE,read/CMP form with displacement 0x84; no memory write occurs
8B_MOD10_disp32_SIB@0x006DB016,0x006DB016,"MOV EDX,[ESP+ESP*1+0x84]",ESP (boundary-verified),read,unknown,NOT_A_WRITE,REJECTED_READ_NOT_WRITE,read/CMP form with displacement 0x84; no memory write occurs
8B_MOD10_disp32_SIB@0x006DB0B1,0x006DB0B1,"MOV EAX,[ESP+ESP*1+0x84]",ESP (boundary-verified),read,unknown,NOT_A_WRITE,REJECTED_READ_NOT_WRITE,read/CMP form with displacement 0x84; no memory write occurs
8B_MOD10_disp32_SIB@0x006DB216,0x006DB216,"MOV EAX,[ESP+ESP*1+0x84]",ESP (boundary-verified),read,unknown,NOT_A_WRITE,REJECTED_READ_NOT_WRITE,read/CMP form with displacement 0x84; no memory write occurs
8B_MOD10_disp32_SIB@0x006DB31B,0x006DB31B,"MOV ECX,[ESP+ESP*1+0x84]",ESP (boundary-verified),read,unknown,NOT_A_WRITE,REJECTED_READ_NOT_WRITE,read/CMP form with displacement 0x84; no memory write occurs
8B_MOD10_disp32_SIB@0x006DB4FB,0x006DB4FB,"MOV ECX,[ESP+ESP*1+0x84]",ESP (boundary-verified),read,unknown,NOT_A_WRITE,REJECTED_READ_NOT_WRITE,read/CMP form with displacement 0x84; no memory write occurs
8B_MOD10_disp32_SIB@0x006DB6A6,0x006DB6A6,"MOV ECX,[ESP+ESP*1+0x84]",ESP (boundary-verified),read,unknown,NOT_A_WRITE,REJECTED_READ_NOT_WRITE,read/CMP form with displacement 0x84; no memory write occurs
8B_MOD10_disp32_SIB@0x006DB813,0x006DB813,"MOV EAX,[ESP+ESP*1+0x84]",ESP (boundary-verified),read,unknown,NOT_A_WRITE,REJECTED_READ_NOT_WRITE,read/CMP form with displacement 0x84; no memory write occurs
8B_MOD10_disp32_SIB@0x006DB8C1,0x006DB8C1,"MOV EDX,[ESP+ESP*1+0x84]",ESP (boundary-verified),read,unknown,NOT_A_WRITE,REJECTED_READ_NOT_WRITE,read/CMP form with displacement 0x84; no memory write occurs
8B_MOD10_disp32_SIB@0x006DBA23,0x006DBA23,"MOV EAX,[ESP+ESP*1+0x84]",ESP (boundary-verified),read,unknown,NOT_A_WRITE,REJECTED_READ_NOT_WRITE,read/CMP form with displacement 0x84; no memory write occurs
8B_MOD10_disp32_SIB@0x006DBAD5,0x006DBAD5,"MOV EDX,[ESP+ESP*1+0x84]",ESP (boundary-verified),read,unknown,NOT_A_WRITE,REJECTED_READ_NOT_WRITE,read/CMP form with displacement 0x84; no memory write occurs
8B_MOD10_disp32_SIB@0x006DBC65,0x006DBC65,"MOV EDX,[ESP+ESP*1+0x84]",ESP (boundary-verified),read,unknown,NOT_A_WRITE,REJECTED_READ_NOT_WRITE,read/CMP form with displacement 0x84; no memory write occurs
8B_MOD10_disp32_SIB@0x006DBDC6,0x006DBDC6,"MOV EAX,[ESP+ESP*1+0x84]",ESP (boundary-verified),read,unknown,NOT_A_WRITE,REJECTED_READ_NOT_WRITE,read/CMP form with displacement 0x84; no memory write occurs
8B_MOD10_disp32_SIB@0x006DBF26,0x006DBF26,"MOV ECX,[ESP+ESP*1+0x84]",ESP (boundary-verified),read,unknown,NOT_A_WRITE,REJECTED_READ_NOT_WRITE,read/CMP form with displacement 0x84; no memory write occurs
8B_MOD10_disp32_SIB@0x006DBFC1,0x006DBFC1,"MOV EDX,[ESP+ESP*1+0x84]",ESP (boundary-verified),read,unknown,NOT_A_WRITE,REJECTED_READ_NOT_WRITE,read/CMP form with displacement 0x84; no memory write occurs
8B_MOD10_disp32_SIB@0x006DC126,0x006DC126,"MOV EDX,[ESP+ESP*1+0x84]",ESP (boundary-verified),read,unknown,NOT_A_WRITE,REJECTED_READ_NOT_WRITE,read/CMP form with displacement 0x84; no memory write occurs
8B_MOD10_disp32_SIB@0x006DC1C1,0x006DC1C1,"MOV EAX,[ESP+ESP*1+0x84]",ESP (boundary-verified),read,unknown,NOT_A_WRITE,REJECTED_READ_NOT_WRITE,read/CMP form with displacement 0x84; no memory write occurs
8B_MOD10_disp32_SIB@0x006DC301,0x006DC301,"MOV ECX,[ESP+ESP*1+0x84]",ESP (boundary-verified),read,unknown,NOT_A_WRITE,REJECTED_READ_NOT_WRITE,read/CMP form with displacement 0x84; no memory write occurs
88_MOD10_SIB_BYTE@0x006DC5B6,0x006DC5B6,"MOV BYTE [...+0x84],r8",ESP (boundary-verified),byte,unknown,UNRESOLVED,REJECTED_UNRELATED_OFFSET,partial-width (byte/word) store at +0x84; cannot fully assign the dword pointer member at factory+0x84 (dword member per the base ctor store @0x0070D013 and the setter store @0x0070C71E)
89_MOD10_disp32_SIB@0x006DC5D8,0x006DC5D8,"MOV [ESP+ESP*1+0x84],ESI",ESP (boundary-verified),ESI,unknown,UNRESOLVED,REJECTED_WRONG_OBJECT,stack-relative slot; the factory object is heap-allocated (new 0x118 @0x0073E2CC lazy-init); a stack slot cannot be the factory's +0x84 member
8B_MOD10_disp32_SIB@0x006DDDAE,0x006DDDAE,"MOV EAX,[ESP+ESP*1+0x84]",ESP (boundary-verified),read,entry~0x006DDD70,NOT_A_WRITE,REJECTED_READ_NOT_WRITE,read/CMP form with displacement 0x84; no memory write occurs
8B_MOD10_disp32_SIB@0x006DDE7A,0x006DDE7A,"MOV EAX,[ESP+ESP*1+0x84]",ESP (boundary-verified),read,entry~0x006DDE40,NOT_A_WRITE,REJECTED_READ_NOT_WRITE,read/CMP form with displacement 0x84; no memory write occurs
8B_MOD10_disp32_SIB@0x006DE01A,0x006DE01A,"MOV EAX,[ESP+ESP*1+0x84]",ESP (boundary-verified),read,entry~0x006DDFE0,NOT_A_WRITE,REJECTED_READ_NOT_WRITE,read/CMP form with displacement 0x84; no memory write occurs
8B_MOD10_disp32@0x006DF76C,0x006DF76C,"MOV ECX,[ESI+0x84]",ESI (boundary-verified),read,entry~0x006DF6F0,NOT_A_WRITE,REJECTED_READ_NOT_WRITE,read/CMP form with displacement 0x84; no memory write occurs
8D_MOD10_disp32@0x006DF774,0x006DF774,"LEA EDI,[ESI+0x84]",ESI (boundary-verified),read,entry~0x006DF6F0,UNRESOLVED,UNRESOLVED,"LEA reg,[reg+0x84]; no store-through-reg linked within the bounded window; wrapper-setter form not confirmed"
8B_MOD10_disp32@0x006E090F,0x006E090F,"MOV ECX,[ESI+0x84]",ESI (boundary-verified),read,entry~0x006E07D0,NOT_A_WRITE,REJECTED_READ_NOT_WRITE,read/CMP form with displacement 0x84; no memory write occurs
8D_MOD10_disp32_SIB@0x006E0EB8,0x006E0EB8,"LEA EAX,[ESP+ESP*1+0x84]",ESP (boundary-verified),read,entry~0x006E0DC0,UNRESOLVED,REJECTED_WRONG_OBJECT,stack-relative slot; the factory object is heap-allocated (new 0x118 @0x0073E2CC lazy-init); a stack slot cannot be the factory's +0x84 member
8B_MOD10_disp32_SIB@0x006E0FDF,0x006E0FDF,"MOV EAX,[ESP+ESP*1+0x84]",ESP (boundary-verified),read,entry~0x006E0DC0,NOT_A_WRITE,REJECTED_READ_NOT_WRITE,read/CMP form with displacement 0x84; no memory write occurs
8B_MOD10_disp32@0x006E18EE,0x006E18EE,"MOV ECX,[ESI+0x84]",ESI (boundary-verified),read,entry~0x006E1840,NOT_A_WRITE,REJECTED_READ_NOT_WRITE,read/CMP form with displacement 0x84; no memory write occurs
89_MOD10_disp32@0x006E19E5,0x006E19E5,"MOV [EAX+0x84],EDX",EAX (boundary-verified),EDX,entry~0x006E1980,UNRESOLVED,UNRESOLVED,boundary-verified non-stack dword write to [reg+0x84]; base-register identity not resolved to any factory object within the window-level provenance bound; not established as a factory+0x84 write (no claim made)
8B_MOD10_disp32_SIB@0x006E1D22,0x006E1D22,"MOV EAX,[ESP+ESP*1+0x84]",ESP (boundary-verified),read,entry~0x006E1A90,NOT_A_WRITE,REJECTED_READ_NOT_WRITE,read/CMP form with displacement 0x84; no memory write occurs
8B_MOD10_disp32_SIB@0x006E204D,0x006E204D,"MOV EAX,[ESP+ESP*1+0x84]",ESP (boundary-verified),read,entry~0x006E1A90,NOT_A_WRITE,REJECTED_READ_NOT_WRITE,read/CMP form with displacement 0x84; no memory write occurs
8B_MOD10_disp32_SIB@0x006E65E2,0x006E65E2,"MOV ESI,[ESP+ESP*1+0x84]",ESP (boundary-verified),read,entry~0x006E6480,NOT_A_WRITE,REJECTED_READ_NOT_WRITE,read/CMP form with displacement 0x84; no memory write occurs
C6_MOD10_SIB_BYTE@0x006E6BA0,0x006E6BA0,"MOV BYTE [...+0x84],imm8",ESP (boundary-verified),imm8=0x02,entry~0x006E69C0,UNRESOLVED,REJECTED_UNRELATED_OFFSET,partial-width (byte/word) store at +0x84; cannot fully assign the dword pointer member at factory+0x84 (dword member per the base ctor store @0x0070D013 and the setter store @0x0070C71E)
C6_MOD10_SIB_BYTE@0x006E6D8F,0x006E6D8F,"MOV BYTE [...+0x84],imm8",ESP (boundary-verified),imm8=0x09,entry~0x006E69C0,UNRESOLVED,REJECTED_UNRELATED_OFFSET,partial-width (byte/word) store at +0x84; cannot fully assign the dword pointer member at factory+0x84 (dword member per the base ctor store @0x0070D013 and the setter store @0x0070C71E)
C6_MOD10_SIB_BYTE@0x006E6ECD,0x006E6ECD,"MOV BYTE [...+0x84],imm8",ESP (boundary-verified),imm8=0x0B,entry~0x006E69C0,UNRESOLVED,REJECTED_UNRELATED_OFFSET,partial-width (byte/word) store at +0x84; cannot fully assign the dword pointer member at factory+0x84 (dword member per the base ctor store @0x0070D013 and the setter store @0x0070C71E)
8B_MOD10_disp32@0x006EB4B3,0x006EB4B3,"MOV EAX,[EDI+0x84]",EDI (boundary-verified),read,entry~0x006EB430,NOT_A_WRITE,REJECTED_READ_NOT_WRITE,read/CMP form with displacement 0x84; no memory write occurs
8B_MOD10_disp32@0x006EB65B,0x006EB65B,"MOV EBX,[EDI+0x84]",EDI (boundary-verified),read,entry~0x006EB650,NOT_A_WRITE,REJECTED_READ_NOT_WRITE,read/CMP form with displacement 0x84; no memory write occurs
8B_MOD10_disp32@0x006EB929,0x006EB929,"MOV EAX,[EDI+0x84]",EDI (boundary-verified),read,entry~0x006EB850,NOT_A_WRITE,REJECTED_READ_NOT_WRITE,read/CMP form with displacement 0x84; no memory write occurs
8D_MOD10_disp32_SIB@0x006F6E5E,0x006F6E5E,"LEA EAX,[ESP+ESP*1+0x84]",ESP (boundary-verified),read,entry~0x006F6B00,UNRESOLVED,REJECTED_WRONG_OBJECT,stack-relative slot; the factory object is heap-allocated (new 0x118 @0x0073E2CC lazy-init); a stack slot cannot be the factory's +0x84 member
8D_MOD10_disp32_SIB@0x006F6E7C,0x006F6E7C,"LEA EDX,[ESP+ESP*1+0x84]",ESP (boundary-verified),read,entry~0x006F6B00,UNRESOLVED,REJECTED_WRONG_OBJECT,stack-relative slot; the factory object is heap-allocated (new 0x118 @0x0073E2CC lazy-init); a stack slot cannot be the factory's +0x84 member
C6_MOD10_SIB_BYTE@0x006F7DEF,0x006F7DEF,"MOV BYTE [...+0x84],imm8",ESP (boundary-verified),imm8=0x02,entry~0x006F7C50,UNRESOLVED,REJECTED_UNRELATED_OFFSET,partial-width (byte/word) store at +0x84; cannot fully assign the dword pointer member at factory+0x84 (dword member per the base ctor store @0x0070D013 and the setter store @0x0070C71E)
C6_MOD10_SIB_BYTE@0x006F7E26,0x006F7E26,"MOV BYTE [...+0x84],imm8",ESP (boundary-verified),imm8=0x01,entry~0x006F7C50,UNRESOLVED,REJECTED_UNRELATED_OFFSET,partial-width (byte/word) store at +0x84; cannot fully assign the dword pointer member at factory+0x84 (dword member per the base ctor store @0x0070D013 and the setter store @0x0070C71E)
C6_MOD10_SIB_BYTE@0x006F7E38,0x006F7E38,"MOV BYTE [...+0x84],imm8",ESP (boundary-verified),imm8=0x00,entry~0x006F7C50,UNRESOLVED,REJECTED_UNRELATED_OFFSET,partial-width (byte/word) store at +0x84; cannot fully assign the dword pointer member at factory+0x84 (dword member per the base ctor store @0x0070D013 and the setter store @0x0070C71E)
C6_MOD10_SIB_BYTE@0x006F7EA0,0x006F7EA0,"MOV BYTE [...+0x84],imm8",ESP (boundary-verified),imm8=0x05,entry~0x006F7C50,UNRESOLVED,REJECTED_UNRELATED_OFFSET,partial-width (byte/word) store at +0x84; cannot fully assign the dword pointer member at factory+0x84 (dword member per the base ctor store @0x0070D013 and the setter store @0x0070C71E)
88_MOD10_SIB_BYTE@0x006F7ED7,0x006F7ED7,"MOV BYTE [...+0x84],r8",ESP (boundary-verified),byte,entry~0x006F7C50,UNRESOLVED,REJECTED_UNRELATED_OFFSET,partial-width (byte/word) store at +0x84; cannot fully assign the dword pointer member at factory+0x84 (dword member per the base ctor store @0x0070D013 and the setter store @0x0070C71E)
C6_MOD10_SIB_BYTE@0x006F7EE8,0x006F7EE8,"MOV BYTE [...+0x84],imm8",ESP (boundary-verified),imm8=0x03,entry~0x006F7C50,UNRESOLVED,REJECTED_UNRELATED_OFFSET,partial-width (byte/word) store at +0x84; cannot fully assign the dword pointer member at factory+0x84 (dword member per the base ctor store @0x0070D013 and the setter store @0x0070C71E)
C6_MOD10_SIB_BYTE@0x006F7F54,0x006F7F54,"MOV BYTE [...+0x84],imm8",ESP (boundary-verified),imm8=0x08,entry~0x006F7C50,UNRESOLVED,REJECTED_UNRELATED_OFFSET,partial-width (byte/word) store at +0x84; cannot fully assign the dword pointer member at factory+0x84 (dword member per the base ctor store @0x0070D013 and the setter store @0x0070C71E)
C6_MOD10_SIB_BYTE@0x006F7F8B,0x006F7F8B,"MOV BYTE [...+0x84],imm8",ESP (boundary-verified),imm8=0x07,entry~0x006F7C50,UNRESOLVED,REJECTED_UNRELATED_OFFSET,partial-width (byte/word) store at +0x84; cannot fully assign the dword pointer member at factory+0x84 (dword member per the base ctor store @0x0070D013 and the setter store @0x0070C71E)
C6_MOD10_SIB_BYTE@0x006F7F9D,0x006F7F9D,"MOV BYTE [...+0x84],imm8",ESP (boundary-verified),imm8=0x06,entry~0x006F7C50,UNRESOLVED,REJECTED_UNRELATED_OFFSET,partial-width (byte/word) store at +0x84; cannot fully assign the dword pointer member at factory+0x84 (dword member per the base ctor store @0x0070D013 and the setter store @0x0070C71E)
C6_MOD10_SIB_BYTE@0x006F8009,0x006F8009,"MOV BYTE [...+0x84],imm8",ESP (boundary-verified),imm8=0x0B,entry~0x006F7C50,UNRESOLVED,REJECTED_UNRELATED_OFFSET,partial-width (byte/word) store at +0x84; cannot fully assign the dword pointer member at factory+0x84 (dword member per the base ctor store @0x0070D013 and the setter store @0x0070C71E)
C6_MOD10_SIB_BYTE@0x006F8040,0x006F8040,"MOV BYTE [...+0x84],imm8",ESP (boundary-verified),imm8=0x0A,entry~0x006F7C50,UNRESOLVED,REJECTED_UNRELATED_OFFSET,partial-width (byte/word) store at +0x84; cannot fully assign the dword pointer member at factory+0x84 (dword member per the base ctor store @0x0070D013 and the setter store @0x0070C71E)
C6_MOD10_SIB_BYTE@0x006F8052,0x006F8052,"MOV BYTE [...+0x84],imm8",ESP (boundary-verified),imm8=0x09,entry~0x006F7C50,UNRESOLVED,REJECTED_UNRELATED_OFFSET,partial-width (byte/word) store at +0x84; cannot fully assign the dword pointer member at factory+0x84 (dword member per the base ctor store @0x0070D013 and the setter store @0x0070C71E)
C6_MOD10_SIB_BYTE@0x006F80BE,0x006F80BE,"MOV BYTE [...+0x84],imm8",ESP (boundary-verified),imm8=0x0E,entry~0x006F7C50,UNRESOLVED,REJECTED_UNRELATED_OFFSET,partial-width (byte/word) store at +0x84; cannot fully assign the dword pointer member at factory+0x84 (dword member per the base ctor store @0x0070D013 and the setter store @0x0070C71E)
C6_MOD10_SIB_BYTE@0x006F80F5,0x006F80F5,"MOV BYTE [...+0x84],imm8",ESP (boundary-verified),imm8=0x0D,entry~0x006F7C50,UNRESOLVED,REJECTED_UNRELATED_OFFSET,partial-width (byte/word) store at +0x84; cannot fully assign the dword pointer member at factory+0x84 (dword member per the base ctor store @0x0070D013 and the setter store @0x0070C71E)
C6_MOD10_SIB_BYTE@0x006F8107,0x006F8107,"MOV BYTE [...+0x84],imm8",ESP (boundary-verified),imm8=0x0C,entry~0x006F7C50,UNRESOLVED,REJECTED_UNRELATED_OFFSET,partial-width (byte/word) store at +0x84; cannot fully assign the dword pointer member at factory+0x84 (dword member per the base ctor store @0x0070D013 and the setter store @0x0070C71E)
C6_MOD10_SIB_BYTE@0x006F8173,0x006F8173,"MOV BYTE [...+0x84],imm8",ESP (boundary-verified),imm8=0x11,entry~0x006F7C50,UNRESOLVED,REJECTED_UNRELATED_OFFSET,partial-width (byte/word) store at +0x84; cannot fully assign the dword pointer member at factory+0x84 (dword member per the base ctor store @0x0070D013 and the setter store @0x0070C71E)
C6_MOD10_SIB_BYTE@0x006F81AA,0x006F81AA,"MOV BYTE [...+0x84],imm8",ESP (boundary-verified),imm8=0x10,entry~0x006F7C50,UNRESOLVED,REJECTED_UNRELATED_OFFSET,partial-width (byte/word) store at +0x84; cannot fully assign the dword pointer member at factory+0x84 (dword member per the base ctor store @0x0070D013 and the setter store @0x0070C71E)
C6_MOD10_SIB_BYTE@0x006F81BC,0x006F81BC,"MOV BYTE [...+0x84],imm8",ESP (boundary-verified),imm8=0x0F,entry~0x006F7C50,UNRESOLVED,REJECTED_UNRELATED_OFFSET,partial-width (byte/word) store at +0x84; cannot fully assign the dword pointer member at factory+0x84 (dword member per the base ctor store @0x0070D013 and the setter store @0x0070C71E)
C6_MOD10_SIB_BYTE@0x006F8228,0x006F8228,"MOV BYTE [...+0x84],imm8",ESP (boundary-verified),imm8=0x14,entry~0x006F7C50,UNRESOLVED,REJECTED_UNRELATED_OFFSET,partial-width (byte/word) store at +0x84; cannot fully assign the dword pointer member at factory+0x84 (dword member per the base ctor store @0x0070D013 and the setter store @0x0070C71E)
C6_MOD10_SIB_BYTE@0x006F825F,0x006F825F,"MOV BYTE [...+0x84],imm8",ESP (boundary-verified),imm8=0x13,unknown,UNRESOLVED,REJECTED_UNRELATED_OFFSET,partial-width (byte/word) store at +0x84; cannot fully assign the dword pointer member at factory+0x84 (dword member per the base ctor store @0x0070D013 and the setter store @0x0070C71E)
C6_MOD10_SIB_BYTE@0x006F8271,0x006F8271,"MOV BYTE [...+0x84],imm8",ESP (boundary-verified),imm8=0x12,unknown,UNRESOLVED,REJECTED_UNRELATED_OFFSET,partial-width (byte/word) store at +0x84; cannot fully assign the dword pointer member at factory+0x84 (dword member per the base ctor store @0x0070D013 and the setter store @0x0070C71E)
C6_MOD10_SIB_BYTE@0x006F82DD,0x006F82DD,"MOV BYTE [...+0x84],imm8",ESP (boundary-verified),imm8=0x17,unknown,UNRESOLVED,REJECTED_UNRELATED_OFFSET,partial-width (byte/word) store at +0x84; cannot fully assign the dword pointer member at factory+0x84 (dword member per the base ctor store @0x0070D013 and the setter store @0x0070C71E)
C6_MOD10_SIB_BYTE@0x006F8314,0x006F8314,"MOV BYTE [...+0x84],imm8",ESP (boundary-verified),imm8=0x16,unknown,UNRESOLVED,REJECTED_UNRELATED_OFFSET,partial-width (byte/word) store at +0x84; cannot fully assign the dword pointer member at factory+0x84 (dword member per the base ctor store @0x0070D013 and the setter store @0x0070C71E)
C6_MOD10_SIB_BYTE@0x006F8326,0x006F8326,"MOV BYTE [...+0x84],imm8",ESP (boundary-verified),imm8=0x15,unknown,UNRESOLVED,REJECTED_UNRELATED_OFFSET,partial-width (byte/word) store at +0x84; cannot fully assign the dword pointer member at factory+0x84 (dword member per the base ctor store @0x0070D013 and the setter store @0x0070C71E)
C6_MOD10_SIB_BYTE@0x006F8392,0x006F8392,"MOV BYTE [...+0x84],imm8",ESP (boundary-verified),imm8=0x1A,unknown,UNRESOLVED,REJECTED_UNRELATED_OFFSET,partial-width (byte/word) store at +0x84; cannot fully assign the dword pointer member at factory+0x84 (dword member per the base ctor store @0x0070D013 and the setter store @0x0070C71E)
C6_MOD10_SIB_BYTE@0x006F83C9,0x006F83C9,"MOV BYTE [...+0x84],imm8",ESP (boundary-verified),imm8=0x19,unknown,UNRESOLVED,REJECTED_UNRELATED_OFFSET,partial-width (byte/word) store at +0x84; cannot fully assign the dword pointer member at factory+0x84 (dword member per the base ctor store @0x0070D013 and the setter store @0x0070C71E)
C6_MOD10_SIB_BYTE@0x006F83DB,0x006F83DB,"MOV BYTE [...+0x84],imm8",ESP (boundary-verified),imm8=0x18,unknown,UNRESOLVED,REJECTED_UNRELATED_OFFSET,partial-width (byte/word) store at +0x84; cannot fully assign the dword pointer member at factory+0x84 (dword member per the base ctor store @0x0070D013 and the setter store @0x0070C71E)
C6_MOD10_SIB_BYTE@0x006F8447,0x006F8447,"MOV BYTE [...+0x84],imm8",ESP (boundary-verified),imm8=0x1D,unknown,UNRESOLVED,REJECTED_UNRELATED_OFFSET,partial-width (byte/word) store at +0x84; cannot fully assign the dword pointer member at factory+0x84 (dword member per the base ctor store @0x0070D013 and the setter store @0x0070C71E)
C6_MOD10_SIB_BYTE@0x006F847E,0x006F847E,"MOV BYTE [...+0x84],imm8",ESP (boundary-verified),imm8=0x1C,unknown,UNRESOLVED,REJECTED_UNRELATED_OFFSET,partial-width (byte/word) store at +0x84; cannot fully assign the dword pointer member at factory+0x84 (dword member per the base ctor store @0x0070D013 and the setter store @0x0070C71E)
C6_MOD10_SIB_BYTE@0x006F8490,0x006F8490,"MOV BYTE [...+0x84],imm8",ESP (boundary-verified),imm8=0x1B,unknown,UNRESOLVED,REJECTED_UNRELATED_OFFSET,partial-width (byte/word) store at +0x84; cannot fully assign the dword pointer member at factory+0x84 (dword member per the base ctor store @0x0070D013 and the setter store @0x0070C71E)
C6_MOD10_SIB_BYTE@0x006F84FC,0x006F84FC,"MOV BYTE [...+0x84],imm8",ESP (boundary-verified),imm8=0x20,unknown,UNRESOLVED,REJECTED_UNRELATED_OFFSET,partial-width (byte/word) store at +0x84; cannot fully assign the dword pointer member at factory+0x84 (dword member per the base ctor store @0x0070D013 and the setter store @0x0070C71E)
C6_MOD10_SIB_BYTE@0x006F8533,0x006F8533,"MOV BYTE [...+0x84],imm8",ESP (boundary-verified),imm8=0x1F,unknown,UNRESOLVED,REJECTED_UNRELATED_OFFSET,partial-width (byte/word) store at +0x84; cannot fully assign the dword pointer member at factory+0x84 (dword member per the base ctor store @0x0070D013 and the setter store @0x0070C71E)
C6_MOD10_SIB_BYTE@0x006F8545,0x006F8545,"MOV BYTE [...+0x84],imm8",ESP (boundary-verified),imm8=0x1E,unknown,UNRESOLVED,REJECTED_UNRELATED_OFFSET,partial-width (byte/word) store at +0x84; cannot fully assign the dword pointer member at factory+0x84 (dword member per the base ctor store @0x0070D013 and the setter store @0x0070C71E)
C6_MOD10_SIB_BYTE@0x006F85B5,0x006F85B5,"MOV BYTE [...+0x84],imm8",ESP (boundary-verified),imm8=0x23,unknown,UNRESOLVED,REJECTED_UNRELATED_OFFSET,partial-width (byte/word) store at +0x84; cannot fully assign the dword pointer member at factory+0x84 (dword member per the base ctor store @0x0070D013 and the setter store @0x0070C71E)
C6_MOD10_SIB_BYTE@0x006F85EC,0x006F85EC,"MOV BYTE [...+0x84],imm8",ESP (boundary-verified),imm8=0x22,unknown,UNRESOLVED,REJECTED_UNRELATED_OFFSET,partial-width (byte/word) store at +0x84; cannot fully assign the dword pointer member at factory+0x84 (dword member per the base ctor store @0x0070D013 and the setter store @0x0070C71E)
C6_MOD10_SIB_BYTE@0x006F85FE,0x006F85FE,"MOV BYTE [...+0x84],imm8",ESP (boundary-verified),imm8=0x21,unknown,UNRESOLVED,REJECTED_UNRELATED_OFFSET,partial-width (byte/word) store at +0x84; cannot fully assign the dword pointer member at factory+0x84 (dword member per the base ctor store @0x0070D013 and the setter store @0x0070C71E)
C6_MOD10_SIB_BYTE@0x006F866A,0x006F866A,"MOV BYTE [...+0x84],imm8",ESP (boundary-verified),imm8=0x26,unknown,UNRESOLVED,REJECTED_UNRELATED_OFFSET,partial-width (byte/word) store at +0x84; cannot fully assign the dword pointer member at factory+0x84 (dword member per the base ctor store @0x0070D013 and the setter store @0x0070C71E)
C6_MOD10_SIB_BYTE@0x006F86A1,0x006F86A1,"MOV BYTE [...+0x84],imm8",ESP (boundary-verified),imm8=0x25,unknown,UNRESOLVED,REJECTED_UNRELATED_OFFSET,partial-width (byte/word) store at +0x84; cannot fully assign the dword pointer member at factory+0x84 (dword member per the base ctor store @0x0070D013 and the setter store @0x0070C71E)
C6_MOD10_SIB_BYTE@0x006F86B3,0x006F86B3,"MOV BYTE [...+0x84],imm8",ESP (boundary-verified),imm8=0x24,unknown,UNRESOLVED,REJECTED_UNRELATED_OFFSET,partial-width (byte/word) store at +0x84; cannot fully assign the dword pointer member at factory+0x84 (dword member per the base ctor store @0x0070D013 and the setter store @0x0070C71E)
C7_MOD10_SIB@0x006F86C8,0x006F86C8,"MOV [ESP+ESP*1+0x84],0xFFFFFFFF",ESP (boundary-verified),imm32=0xFFFFFFFF,unknown,UNRESOLVED,REJECTED_WRONG_OBJECT,stack-relative slot; the factory object is heap-allocated (new 0x118 @0x0073E2CC lazy-init); a stack slot cannot be the factory's +0x84 member
C6_MOD10_SIB_BYTE@0x006F8738,0x006F8738,"MOV BYTE [...+0x84],imm8",ESP (boundary-verified),imm8=0x29,unknown,UNRESOLVED,REJECTED_UNRELATED_OFFSET,partial-width (byte/word) store at +0x84; cannot fully assign the dword pointer member at factory+0x84 (dword member per the base ctor store @0x0070D013 and the setter store @0x0070C71E)
C6_MOD10_SIB_BYTE@0x006F876F,0x006F876F,"MOV BYTE [...+0x84],imm8",ESP (boundary-verified),imm8=0x28,unknown,UNRESOLVED,REJECTED_UNRELATED_OFFSET,partial-width (byte/word) store at +0x84; cannot fully assign the dword pointer member at factory+0x84 (dword member per the base ctor store @0x0070D013 and the setter store @0x0070C71E)
C6_MOD10_SIB_BYTE@0x006F8781,0x006F8781,"MOV BYTE [...+0x84],imm8",ESP (boundary-verified),imm8=0x27,unknown,UNRESOLVED,REJECTED_UNRELATED_OFFSET,partial-width (byte/word) store at +0x84; cannot fully assign the dword pointer member at factory+0x84 (dword member per the base ctor store @0x0070D013 and the setter store @0x0070C71E)
8D_MOD10_disp32_SIB@0x006FA13A,0x006FA13A,"LEA EDX,[ESP+ESP*1+0x84]",ESP (boundary-verified),read,entry~0x006F9F90,UNRESOLVED,REJECTED_WRONG_OBJECT,stack-relative slot; the factory object is heap-allocated (new 0x118 @0x0073E2CC lazy-init); a stack slot cannot be the factory's +0x84 member
8D_MOD10_disp32_SIB@0x006FA1D9,0x006FA1D9,"LEA EDX,[ESP+ESP*1+0x84]",ESP (boundary-verified),read,entry~0x006F9F90,UNRESOLVED,REJECTED_WRONG_OBJECT,stack-relative slot; the factory object is heap-allocated (new 0x118 @0x0073E2CC lazy-init); a stack slot cannot be the factory's +0x84 member
8D_MOD10_disp32_SIB@0x006FA277,0x006FA277,"LEA EDX,[ESP+ESP*1+0x84]",ESP (boundary-verified),read,entry~0x006F9F90,UNRESOLVED,REJECTED_WRONG_OBJECT,stack-relative slot; the factory object is heap-allocated (new 0x118 @0x0073E2CC lazy-init); a stack slot cannot be the factory's +0x84 member
8D_MOD10_disp32_SIB@0x006FA317,0x006FA317,"LEA EDX,[ESP+ESP*1+0x84]",ESP (boundary-verified),read,entry~0x006F9F90,UNRESOLVED,REJECTED_WRONG_OBJECT,stack-relative slot; the factory object is heap-allocated (new 0x118 @0x0073E2CC lazy-init); a stack slot cannot be the factory's +0x84 member
8D_MOD10_disp32_SIB@0x0070275C,0x0070275C,"LEA ECX,[ESP+ESP*1+0x84]",ESP (boundary-verified),read,unknown,UNRESOLVED,REJECTED_WRONG_OBJECT,stack-relative slot; the factory object is heap-allocated (new 0x118 @0x0073E2CC lazy-init); a stack slot cannot be the factory's +0x84 member
8D_MOD10_disp32@0x007063ED,0x007063ED,"LEA EDI,[EBP+0x84]",EBP (boundary-verified),read,entry~0x007063D0,UNRESOLVED,REJECTED_WRONG_OBJECT,stack-relative slot; the factory object is heap-allocated (new 0x118 @0x0073E2CC lazy-init); a stack slot cannot be the factory's +0x84 member
8D_MOD10_disp32_SIB@0x00707506,0x00707506,"LEA ECX,[ESP+ESP*1+0x84]",ESP (boundary-verified),read,unknown,UNRESOLVED,REJECTED_WRONG_OBJECT,stack-relative slot; the factory object is heap-allocated (new 0x118 @0x0073E2CC lazy-init); a stack slot cannot be the factory's +0x84 member
8D_MOD10_disp32@0x00707AE0,0x00707AE0,"LEA ECX,[EDI+0x84]",EDI (boundary-verified),read,entry~0x00707960,UNRESOLVED,UNRESOLVED,"LEA reg,[reg+0x84]; no store-through-reg linked within the bounded window; wrapper-setter form not confirmed"
8D_MOD10_disp32@0x00707EC0,0x00707EC0,"LEA EAX,[ESI+0x84]",ESI (boundary-verified),read,FUN_00707E50_manager_ctor,UNRESOLVED,REJECTED_WRONG_OBJECT,"LEA+store wrapper to manager+0x84 inside FUN_00707E50 (the manager ctor; inline RB-tree init at manager+0x84); the manager class (0x100 B, singleton 0x00BA12E4) is distinct from the factory class (0x118 B, singleton 0x00BA590C)"
8B_MOD10_disp32@0x0070BFD0,0x0070BFD0,"MOV ECX,[ECX+0x84]",ECX (boundary-verified),read,FUN_0070BFD0_stream_bridge_method,NOT_A_WRITE,REJECTED_READ_NOT_WRITE,read/CMP form with displacement 0x84; no memory write occurs stream bridge method load (FUN_0070BFD0)
39_MOD10_disp32@0x0070C31C,0x0070C31C,"CMP [EDI+0x84],EBX",EDI (boundary-verified),read,entry~0x0070C2E0,NOT_A_WRITE,REJECTED_READ_NOT_WRITE,read/CMP form with displacement 0x84; no memory write occurs
8B_MOD10_disp32@0x0070C37A,0x0070C37A,"MOV ECX,[EDI+0x84]",EDI (boundary-verified),read,entry~0x0070C2E0,NOT_A_WRITE,REJECTED_READ_NOT_WRITE,read/CMP form with displacement 0x84; no memory write occurs
39_MOD10_disp32@0x0070C6BE,0x0070C6BE,"CMP [ESI+0x84],EDI",ESI (boundary-verified),read,FUN_0070C680_stream_attach_setter,NOT_A_WRITE,REJECTED_READ_NOT_WRITE,read/CMP form with displacement 0x84; no memory write occurs setter entry guard CMP (FUN_0070C680)
89_MOD10_disp32@0x0070C71E,0x0070C71E,"MOV [ESI+0x84],EAX",ESI (boundary-verified),EAX,FUN_0070C680_stream_attach_setter,NONNULL_ASSIGNMENT,CONFIRMED_FACTORY_PLUS_84_WRITE,"FUN_0070C680 stream-attach setter: MOV [ESI+0x84],EAX with ESI=this and EAX=new(0xA4)-object constructed by FUN_00972380 (CALL @0x0070C715) or 0 on allocation failure (XOR EAX,EAX @0x0070C71C); entry guard CMP [ESI+0x84],EDI @0x0070C6BE makes the store conditional on the member being NULL at entry"
89_MOD10_disp32@0x0070D013,0x0070D013,"MOV [ESI+0x84],EBX",ESI (boundary-verified),EBX,FUN_0070CF80_factory_base_ctor,INITIALIZATION_NULL,CONFIRMED_FACTORY_PLUS_84_WRITE,"FUN_0070CF80 factory base ctor: MOV [ESI+0x84],EBX with EBX=0 (XOR EBX,EBX @0x0070CFBC); executes during construction of every factory class incl. 20006 (derived ctor FUN_0073B820 CALL FUN_0070CF80 @0x0073B87D); prior-canon pin re-verified"
8B_MOD10_disp32@0x0070D1A0,0x0070D1A0,"MOV EDI,[ESI+0x84]",ESI (boundary-verified),read,entry~0x0070D170,NOT_A_WRITE,REJECTED_READ_NOT_WRITE,read/CMP form with displacement 0x84; no memory write occurs
39_MOD10_disp32@0x0070DD1A,0x0070DD1A,"CMP [ESI+0x84],EBX",ESI (boundary-verified),read,FUN_0070DCF0_consumer_record_reader,NOT_A_WRITE,REJECTED_READ_NOT_WRITE,read/CMP form with displacement 0x84; no memory write occurs consumer gate CMP (FUN_0070DCF0)
8B_MOD10_disp32@0x0070DD6A,0x0070DD6A,"MOV ECX,[ESI+0x84]",ESI (boundary-verified),read,FUN_0070DCF0_consumer_record_reader,NOT_A_WRITE,REJECTED_READ_NOT_WRITE,read/CMP form with displacement 0x84; no memory write occurs consumer stream load (FUN_0070DCF0)
8B_MOD10_disp32@0x0070DD7E,0x0070DD7E,"MOV ECX,[ESI+0x84]",ESI (boundary-verified),read,FUN_0070DCF0_consumer_record_reader,NOT_A_WRITE,REJECTED_READ_NOT_WRITE,read/CMP form with displacement 0x84; no memory write occurs consumer stream load (FUN_0070DCF0)
C6_MOD10_SIB_BYTE@0x0070E879,0x0070E879,"MOV BYTE [...+0x84],imm8",ESP (boundary-verified),imm8=0x01,entry~0x0070E810,UNRESOLVED,REJECTED_UNRELATED_OFFSET,partial-width (byte/word) store at +0x84; cannot fully assign the dword pointer member at factory+0x84 (dword member per the base ctor store @0x0070D013 and the setter store @0x0070C71E)
C6_MOD10_SIB_BYTE@0x0070EC89,0x0070EC89,"MOV BYTE [...+0x84],imm8",ESP (boundary-verified),imm8=0x01,entry~0x0070EC20,UNRESOLVED,REJECTED_UNRELATED_OFFSET,partial-width (byte/word) store at +0x84; cannot fully assign the dword pointer member at factory+0x84 (dword member per the base ctor store @0x0070D013 and the setter store @0x0070C71E)
C7_MOD10_SIB@0x0070FE92,0x0070FE92,"MOV [ESP+ESP*1+0x84],0x2",ESP (boundary-verified),imm32=0x2,entry~0x0070FE40,UNRESOLVED,REJECTED_WRONG_OBJECT,stack-relative slot; the factory object is heap-allocated (new 0x118 @0x0073E2CC lazy-init); a stack slot cannot be the factory's +0x84 member
C7_MOD10_SIB@0x007107C8,0x007107C8,"MOV [ESP+ESP*1+0x84],0x1",ESP (boundary-verified),imm32=0x1,entry~0x00710750,UNRESOLVED,REJECTED_WRONG_OBJECT,stack-relative slot; the factory object is heap-allocated (new 0x118 @0x0073E2CC lazy-init); a stack slot cannot be the factory's +0x84 member
89_MOD10_disp32_SIB@0x007107F1,0x007107F1,"MOV [ESP+ESP*1+0x84],EBX",ESP (boundary-verified),EBX,entry~0x00710750,UNRESOLVED,REJECTED_WRONG_OBJECT,stack-relative slot; the factory object is heap-allocated (new 0x118 @0x0073E2CC lazy-init); a stack slot cannot be the factory's +0x84 member
8D_MOD10_disp32_SIB@0x0071384E,0x0071384E,"LEA ECX,[ESP+ESP*1+0x84]",ESP (boundary-verified),read,unknown,UNRESOLVED,REJECTED_WRONG_OBJECT,stack-relative slot; the factory object is heap-allocated (new 0x118 @0x0073E2CC lazy-init); a stack slot cannot be the factory's +0x84 member
8D_MOD10_disp32_SIB@0x00713892,0x00713892,"LEA ECX,[ESP+ESP*1+0x84]",ESP (boundary-verified),read,unknown,UNRESOLVED,REJECTED_WRONG_OBJECT,stack-relative slot; the factory object is heap-allocated (new 0x118 @0x0073E2CC lazy-init); a stack slot cannot be the factory's +0x84 member
C7_MOD10_SIB@0x007185D7,0x007185D7,"MOV [ESP+ESP*1+0x84],0xFFFFFFFF",ESP (boundary-verified),imm32=0xFFFFFFFF,entry~0x00718550,UNRESOLVED,REJECTED_WRONG_OBJECT,stack-relative slot; the factory object is heap-allocated (new 0x118 @0x0073E2CC lazy-init); a stack slot cannot be the factory's +0x84 member
8D_MOD10_disp32_SIB@0x00718E59,0x00718E59,"LEA ECX,[ESP+ESP*1+0x84]",ESP (boundary-verified),read,entry~0x00718D80,UNRESOLVED,REJECTED_WRONG_OBJECT,stack-relative slot; the factory object is heap-allocated (new 0x118 @0x0073E2CC lazy-init); a stack slot cannot be the factory's +0x84 member
89_MOD10_disp32@0x007196AA,0x007196AA,"MOV [ESI+0x84],EAX",ESI (boundary-verified),EAX,entry~0x007195D0,UNRESOLVED,REJECTED_WRONG_OBJECT,"window shows static globals 0x00BA921C/0x00BA9220/0x00BA9224 copied into +0x84/+0x88/+0x8C of the base object; the factory ctor writes +0x84 from a zeroed register (EBX=0) and its +0x88 is a vector built by FUN_0070E2F0 - different init grammar, different object"
8D_MOD10_disp32@0x007198EE,0x007198EE,"LEA EAX,[EBX+0x84]",EBX (boundary-verified),read,entry~0x00719780,UNRESOLVED,UNRESOLVED,"LEA reg,[reg+0x84]; no store-through-reg linked within the bounded window; wrapper-setter form not confirmed"
C7_MOD10@0x0071AED4,0x0071AED4,"MOV [EDI+0x84],0xD37",EDI (boundary-verified),imm32=0xD37,entry~0x0071AD90,UNRESOLVED,UNRESOLVED,boundary-verified non-stack dword write to [reg+0x84]; base-register identity not resolved to any factory object within the window-level provenance bound; not established as a factory+0x84 write (no claim made)
8D_MOD10_disp32_SIB@0x007215AC,0x007215AC,"LEA ECX,[ESP+ESP*1+0x84]",ESP (boundary-verified),read,unknown,UNRESOLVED,REJECTED_WRONG_OBJECT,stack-relative slot; the factory object is heap-allocated (new 0x118 @0x0073E2CC lazy-init); a stack slot cannot be the factory's +0x84 member
8D_MOD10_disp32_SIB@0x00721658,0x00721658,"LEA ECX,[ESP+ESP*1+0x84]",ESP (boundary-verified),read,unknown,UNRESOLVED,REJECTED_WRONG_OBJECT,stack-relative slot; the factory object is heap-allocated (new 0x118 @0x0073E2CC lazy-init); a stack slot cannot be the factory's +0x84 member
8D_MOD10_disp32_SIB@0x00721689,0x00721689,"LEA ECX,[ESP+ESP*1+0x84]",ESP (boundary-verified),read,unknown,UNRESOLVED,REJECTED_WRONG_OBJECT,stack-relative slot; the factory object is heap-allocated (new 0x118 @0x0073E2CC lazy-init); a stack slot cannot be the factory's +0x84 member
8D_MOD10_disp32_SIB@0x007216F2,0x007216F2,"LEA ECX,[ESP+ESP*1+0x84]",ESP (boundary-verified),read,unknown,UNRESOLVED,REJECTED_WRONG_OBJECT,stack-relative slot; the factory object is heap-allocated (new 0x118 @0x0073E2CC lazy-init); a stack slot cannot be the factory's +0x84 member
C6_MOD10_SIB_BYTE@0x007245F8,0x007245F8,"MOV BYTE [...+0x84],imm8",ESP (boundary-verified),imm8=0x01,entry~0x00724570,UNRESOLVED,REJECTED_UNRELATED_OFFSET,partial-width (byte/word) store at +0x84; cannot fully assign the dword pointer member at factory+0x84 (dword member per the base ctor store @0x0070D013 and the setter store @0x0070C71E)
8D_MOD10_disp32_SIB@0x00724867,0x00724867,"LEA ECX,[ESP+ESP*1+0x84]",ESP (boundary-unverified),read,entry~0x007246B0,NOT_A_WRITE,REJECTED_UNRELATED_OFFSET,raw byte-pattern occurrence not at a verified instruction start (part of another instruction's immediate/displacement); not an instruction
8D_MOD10_disp32_SIB@0x0072FBC3,0x0072FBC3,"LEA ECX,[ESP+ESP*1+0x84]",ESP (boundary-verified),read,entry~0x0072FA30,UNRESOLVED,REJECTED_WRONG_OBJECT,stack-relative slot; the factory object is heap-allocated (new 0x118 @0x0073E2CC lazy-init); a stack slot cannot be the factory's +0x84 member
8D_MOD10_disp32_SIB@0x00732A63,0x00732A63,"LEA EDX,[ESP+ESP*1+0x84]",ESP (boundary-verified),read,entry~0x007328F0,UNRESOLVED,REJECTED_WRONG_OBJECT,stack-relative slot; the factory object is heap-allocated (new 0x118 @0x0073E2CC lazy-init); a stack slot cannot be the factory's +0x84 member
8D_MOD10_disp32_SIB@0x00732B8C,0x00732B8C,"LEA ECX,[ESP+ESP*1+0x84]",ESP (boundary-verified),read,entry~0x00732AA0,UNRESOLVED,REJECTED_WRONG_OBJECT,stack-relative slot; the factory object is heap-allocated (new 0x118 @0x0073E2CC lazy-init); a stack slot cannot be the factory's +0x84 member
8D_MOD10_disp32_SIB@0x00732C5A,0x00732C5A,"LEA EAX,[ESP+ESP*1+0x84]",ESP (boundary-verified),read,entry~0x00732AA0,UNRESOLVED,REJECTED_WRONG_OBJECT,stack-relative slot; the factory object is heap-allocated (new 0x118 @0x0073E2CC lazy-init); a stack slot cannot be the factory's +0x84 member
8D_MOD10_disp32_SIB@0x007331F2,0x007331F2,"LEA EDX,[ESP+ESP*1+0x84]",ESP (boundary-verified),read,entry~0x00733080,UNRESOLVED,REJECTED_WRONG_OBJECT,stack-relative slot; the factory object is heap-allocated (new 0x118 @0x0073E2CC lazy-init); a stack slot cannot be the factory's +0x84 member
89_MOD10_disp32_SIB@0x00738D8D,0x00738D8D,"MOV [ESP+ESP*1+0x84],EAX",ESP (boundary-verified),EAX,entry~0x00738C80,UNRESOLVED,REJECTED_WRONG_OBJECT,stack-relative slot; the factory object is heap-allocated (new 0x118 @0x0073E2CC lazy-init); a stack slot cannot be the factory's +0x84 member
8B_MOD10_disp32_SIB@0x00739455,0x00739455,"MOV ECX,[ESP+ESP*1+0x84]",ESP (boundary-verified),read,entry~0x00739230,NOT_A_WRITE,REJECTED_READ_NOT_WRITE,read/CMP form with displacement 0x84; no memory write occurs
89_MOD10_disp32_SIB@0x007394E9,0x007394E9,"MOV [ESP+ESP*1+0x84],EAX",ESP (boundary-verified),EAX,entry~0x00739480,UNRESOLVED,REJECTED_WRONG_OBJECT,stack-relative slot; the factory object is heap-allocated (new 0x118 @0x0073E2CC lazy-init); a stack slot cannot be the factory's +0x84 member
89_MOD10_disp32@0x0074955A,0x0074955A,"MOV [ESI+0x84],EBX",ESI (boundary-verified),EBX,entry~0x00749500,UNRESOLVED,REJECTED_WRONG_OBJECT,"sibling-class ctor: window shows the SAME base written at +0x7C/+0x80/+0x84 as dwords but +0x88/+0x89 as BYTES (88 9E 88 / 88 9E 89); the factory class layout has a DWORD slot-array vector at +0x88 (begin) with end at +0x8C (FUN_0070E2F0/FUN_0070C180 canon) - class-layout mismatch, different object"
89_MOD10_disp32@0x0075138F,0x0075138F,"MOV [ESI+0x84],EDI",ESI (boundary-verified),EDI,entry~0x00751330,UNRESOLVED,REJECTED_WRONG_OBJECT,"window shows LEA ECX,[ESI+0x88] + a helper CALL = a synchronization object initialized at this class's +0x88; the factory class has its slot-array vector at +0x88 (dword begin/end, FUN_0070E2F0 canon) - class-layout mismatch, different object"
8D_MOD10_disp32_SIB@0x007537BE,0x007537BE,"LEA EDX,[ESP+ESP*1+0x84]",ESP (boundary-unverified),read,entry~0x00753670,NOT_A_WRITE,REJECTED_UNRELATED_OFFSET,raw byte-pattern occurrence not at a verified instruction start (part of another instruction's immediate/displacement); not an instruction
8D_MOD10_disp32_SIB@0x00754B63,0x00754B63,"LEA EDX,[ESP+ESP*1+0x84]",ESP (boundary-verified),read,entry~0x00754B20,UNRESOLVED,REJECTED_WRONG_OBJECT,stack-relative slot; the factory object is heap-allocated (new 0x118 @0x0073E2CC lazy-init); a stack slot cannot be the factory's +0x84 member
8D_MOD10_disp32_SIB@0x00754FB3,0x00754FB3,"LEA EDX,[ESP+ESP*1+0x84]",ESP (boundary-verified),read,entry~0x00754F70,UNRESOLVED,REJECTED_WRONG_OBJECT,stack-relative slot; the factory object is heap-allocated (new 0x118 @0x0073E2CC lazy-init); a stack slot cannot be the factory's +0x84 member
8B_MOD10_disp32_SIB@0x007551C9,0x007551C9,"MOV ECX,[ESP+ESP*1+0x84]",ESP (boundary-verified),read,entry~0x00755160,NOT_A_WRITE,REJECTED_READ_NOT_WRITE,read/CMP form with displacement 0x84; no memory write occurs
89_MOD10_disp32_SIB@0x00755388,0x00755388,"MOV [ESP+ESP*1+0x84],ESP",ESP (boundary-verified),ESP,entry~0x00755340,UNRESOLVED,REJECTED_WRONG_OBJECT,stack-relative slot; the factory object is heap-allocated (new 0x118 @0x0073E2CC lazy-init); a stack slot cannot be the factory's +0x84 member
8B_MOD10_disp32_SIB@0x00757D7B,0x00757D7B,"MOV EBP,[ESP+ESP*1+0x84]",ESP (boundary-verified),read,entry~0x00757D50,NOT_A_WRITE,REJECTED_READ_NOT_WRITE,read/CMP form with displacement 0x84; no memory write occurs
89_MOD10_disp32_SIB@0x00757DEC,0x00757DEC,"MOV [ESP+ESP*1+0x84],ESI",ESP (boundary-verified),ESI,entry~0x00757D50,UNRESOLVED,REJECTED_WRONG_OBJECT,stack-relative slot; the factory object is heap-allocated (new 0x118 @0x0073E2CC lazy-init); a stack slot cannot be the factory's +0x84 member
8B_MOD10_disp32_SIB@0x00757E70,0x00757E70,"MOV EAX,[ESP+ESP*1+0x84]",ESP (boundary-verified),read,entry~0x00757D50,NOT_A_WRITE,REJECTED_READ_NOT_WRITE,read/CMP form with displacement 0x84; no memory write occurs
89_MOD10_disp32_SIB@0x00757E7E,0x00757E7E,"MOV [ESP+ESP*1+0x84],EAX",ESP (boundary-verified),EAX,entry~0x00757D50,UNRESOLVED,REJECTED_WRONG_OBJECT,stack-relative slot; the factory object is heap-allocated (new 0x118 @0x0073E2CC lazy-init); a stack slot cannot be the factory's +0x84 member
88_MOD10_SIB_BYTE@0x00757EB9,0x00757EB9,"MOV BYTE [...+0x84],r8",ESP (boundary-verified),byte,entry~0x00757D50,UNRESOLVED,REJECTED_UNRELATED_OFFSET,partial-width (byte/word) store at +0x84; cannot fully assign the dword pointer member at factory+0x84 (dword member per the base ctor store @0x0070D013 and the setter store @0x0070C71E)
8B_MOD10_disp32_SIB@0x0075F3D0,0x0075F3D0,"MOV EAX,[ESP+ESP*1+0x84]",ESP (boundary-verified),read,entry~0x0075F360,NOT_A_WRITE,REJECTED_READ_NOT_WRITE,read/CMP form with displacement 0x84; no memory write occurs
89_MOD10_disp32_SIB@0x0075F411,0x0075F411,"MOV [ESP+ESP*1+0x84],ECX",ESP (boundary-verified),ECX,entry~0x0075F360,UNRESOLVED,REJECTED_WRONG_OBJECT,stack-relative slot; the factory object is heap-allocated (new 0x118 @0x0073E2CC lazy-init); a stack slot cannot be the factory's +0x84 member
89_MOD10_disp32_SIB@0x0076A537,0x0076A537,"MOV [ESP+ESP*1+0x84],ECX",ESP (boundary-verified),ECX,entry~0x0076A500,UNRESOLVED,REJECTED_WRONG_OBJECT,stack-relative slot; the factory object is heap-allocated (new 0x118 @0x0073E2CC lazy-init); a stack slot cannot be the factory's +0x84 member
89_MOD10_disp32_SIB@0x0076A5B8,0x0076A5B8,"MOV [ESP+ESP*1+0x84],EBX",ESP (boundary-verified),EBX,entry~0x0076A500,UNRESOLVED,REJECTED_WRONG_OBJECT,stack-relative slot; the factory object is heap-allocated (new 0x118 @0x0073E2CC lazy-init); a stack slot cannot be the factory's +0x84 member
8B_MOD10_disp32_SIB@0x0076A5DC,0x0076A5DC,"MOV EDX,[ESP+ESP*1+0x84]",ESP (boundary-verified),read,entry~0x0076A500,NOT_A_WRITE,REJECTED_READ_NOT_WRITE,read/CMP form with displacement 0x84; no memory write occurs
8D_MOD10_disp32_SIB@0x0076B7A5,0x0076B7A5,"LEA EAX,[ESP+ESP*1+0x84]",ESP (boundary-verified),read,unknown,UNRESOLVED,REJECTED_WRONG_OBJECT,stack-relative slot; the factory object is heap-allocated (new 0x118 @0x0073E2CC lazy-init); a stack slot cannot be the factory's +0x84 member
8D_MOD10_disp32_SIB@0x0076B7D7,0x0076B7D7,"LEA EDX,[ESP+ESP*1+0x84]",ESP (boundary-verified),read,unknown,UNRESOLVED,REJECTED_WRONG_OBJECT,stack-relative slot; the factory object is heap-allocated (new 0x118 @0x0073E2CC lazy-init); a stack slot cannot be the factory's +0x84 member
8D_MOD10_disp32_SIB@0x0076B85B,0x0076B85B,"LEA EAX,[ESP+ESP*1+0x84]",ESP (boundary-verified),read,unknown,UNRESOLVED,REJECTED_WRONG_OBJECT,stack-relative slot; the factory object is heap-allocated (new 0x118 @0x0073E2CC lazy-init); a stack slot cannot be the factory's +0x84 member
8D_MOD10_disp32_SIB@0x0076B885,0x0076B885,"LEA EDX,[ESP+ESP*1+0x84]",ESP (boundary-verified),read,unknown,UNRESOLVED,REJECTED_WRONG_OBJECT,stack-relative slot; the factory object is heap-allocated (new 0x118 @0x0073E2CC lazy-init); a stack slot cannot be the factory's +0x84 member
8D_MOD10_disp32_SIB@0x0076B8FB,0x0076B8FB,"LEA EAX,[ESP+ESP*1+0x84]",ESP (boundary-verified),read,unknown,UNRESOLVED,REJECTED_WRONG_OBJECT,stack-relative slot; the factory object is heap-allocated (new 0x118 @0x0073E2CC lazy-init); a stack slot cannot be the factory's +0x84 member
C7_MOD10_SIB@0x0076FDD3,0x0076FDD3,"MOV [ESP+ESP*1+0x84],0x0",ESP (boundary-verified),imm32=0x0,entry~0x0076FD70,UNRESOLVED,REJECTED_WRONG_OBJECT,stack-relative slot; the factory object is heap-allocated (new 0x118 @0x0073E2CC lazy-init); a stack slot cannot be the factory's +0x84 member
C7_MOD10_SIB@0x0076FE04,0x0076FE04,"MOV [ESP+ESP*1+0x84],0x1",ESP (boundary-verified),imm32=0x1,entry~0x0076FD70,UNRESOLVED,REJECTED_WRONG_OBJECT,stack-relative slot; the factory object is heap-allocated (new 0x118 @0x0073E2CC lazy-init); a stack slot cannot be the factory's +0x84 member
C7_MOD10_SIB@0x007701B2,0x007701B2,"MOV [ESP+ESP*1+0x84],0x2",ESP (boundary-verified),imm32=0x2,entry~0x0076FD70,UNRESOLVED,REJECTED_WRONG_OBJECT,stack-relative slot; the factory object is heap-allocated (new 0x118 @0x0073E2CC lazy-init); a stack slot cannot be the factory's +0x84 member
C7_MOD10_SIB@0x007701FC,0x007701FC,"MOV [ESP+ESP*1+0x84],0x3",ESP (boundary-verified),imm32=0x3,entry~0x0076FD70,UNRESOLVED,REJECTED_WRONG_OBJECT,stack-relative slot; the factory object is heap-allocated (new 0x118 @0x0073E2CC lazy-init); a stack slot cannot be the factory's +0x84 member
C7_MOD10_SIB@0x00770235,0x00770235,"MOV [ESP+ESP*1+0x84],0x4",ESP (boundary-verified),imm32=0x4,entry~0x0076FD70,UNRESOLVED,REJECTED_WRONG_OBJECT,stack-relative slot; the factory object is heap-allocated (new 0x118 @0x0073E2CC lazy-init); a stack slot cannot be the factory's +0x84 member
C7_MOD10_SIB@0x0077026E,0x0077026E,"MOV [ESP+ESP*1+0x84],0x5",ESP (boundary-verified),imm32=0x5,entry~0x0076FD70,UNRESOLVED,REJECTED_WRONG_OBJECT,stack-relative slot; the factory object is heap-allocated (new 0x118 @0x0073E2CC lazy-init); a stack slot cannot be the factory's +0x84 member
C7_MOD10_SIB@0x00770389,0x00770389,"MOV [ESP+ESP*1+0x84],0x6",ESP (boundary-verified),imm32=0x6,unknown,UNRESOLVED,REJECTED_WRONG_OBJECT,stack-relative slot; the factory object is heap-allocated (new 0x118 @0x0073E2CC lazy-init); a stack slot cannot be the factory's +0x84 member
89_MOD10_disp32_SIB@0x007703BC,0x007703BC,"MOV [ESP+ESP*1+0x84],EBX",ESP (boundary-verified),EBX,unknown,UNRESOLVED,REJECTED_WRONG_OBJECT,stack-relative slot; the factory object is heap-allocated (new 0x118 @0x0073E2CC lazy-init); a stack slot cannot be the factory's +0x84 member
8B_MOD10_disp32_SIB@0x007707D2,0x007707D2,"MOV ECX,[ESP+ESP*1+0x84]",ESP (boundary-verified),read,entry~0x00770760,NOT_A_WRITE,REJECTED_READ_NOT_WRITE,read/CMP form with displacement 0x84; no memory write occurs
8D_MOD10_disp32_SIB@0x007789B2,0x007789B2,"LEA EAX,[ESP+ESP*1+0x84]",ESP (boundary-verified),read,entry~0x00778890,UNRESOLVED,REJECTED_WRONG_OBJECT,stack-relative slot; the factory object is heap-allocated (new 0x118 @0x0073E2CC lazy-init); a stack slot cannot be the factory's +0x84 member
89_MOD10_disp32@0x007795B4,0x007795B4,"MOV [EBP+0x84],EBX",EBP (boundary-verified),EBX,entry~0x007794E0,UNRESOLVED,REJECTED_WRONG_OBJECT,stack-relative slot; the factory object is heap-allocated (new 0x118 @0x0073E2CC lazy-init); a stack slot cannot be the factory's +0x84 member
89_MOD10_disp32@0x007797A2,0x007797A2,"MOV [EBP+0x84],EBX",EBP (boundary-verified),EBX,entry~0x007796D0,UNRESOLVED,REJECTED_WRONG_OBJECT,stack-relative slot; the factory object is heap-allocated (new 0x118 @0x0073E2CC lazy-init); a stack slot cannot be the factory's +0x84 member
8B_MOD10_disp32_SIB@0x0078444B,0x0078444B,"MOV EAX,[ESP+ESP*1+0x84]",ESP (boundary-verified),read,entry~0x007843C0,NOT_A_WRITE,REJECTED_READ_NOT_WRITE,read/CMP form with displacement 0x84; no memory write occurs
8B_MOD10_disp32_SIB@0x00785503,0x00785503,"MOV EDX,[ESP+ESP*1+0x84]",ESP (boundary-verified),read,entry~0x007852B0,NOT_A_WRITE,REJECTED_READ_NOT_WRITE,read/CMP form with displacement 0x84; no memory write occurs
89_MOD10_disp32_SIB@0x00785EE2,0x00785EE2,"MOV [ESP+ESP*1+0x84],EDI",ESP (boundary-verified),EDI,entry~0x00785E70,UNRESOLVED,REJECTED_WRONG_OBJECT,stack-relative slot; the factory object is heap-allocated (new 0x118 @0x0073E2CC lazy-init); a stack slot cannot be the factory's +0x84 member
8B_MOD10_disp32_SIB@0x0078651A,0x0078651A,"MOV EDI,[ESP+ESP*1+0x84]",ESP (boundary-verified),read,unknown,NOT_A_WRITE,REJECTED_READ_NOT_WRITE,read/CMP form with displacement 0x84; no memory write occurs
8B_MOD10_disp32_SIB@0x007872FB,0x007872FB,"MOV ECX,[ESP+ESP*1+0x84]",ESP (boundary-verified),read,entry~0x00787000,NOT_A_WRITE,REJECTED_READ_NOT_WRITE,read/CMP form with displacement 0x84; no memory write occurs
8B_MOD10_disp32_SIB@0x007906C2,0x007906C2,"MOV EBP,[ESP+ESP*1+0x84]",ESP (boundary-verified),read,entry~0x00790690,NOT_A_WRITE,REJECTED_READ_NOT_WRITE,read/CMP form with displacement 0x84; no memory write occurs
89_MOD10_disp32@0x00792E92,0x00792E92,"MOV [ESI+0x84],EAX",ESI (boundary-verified),EAX,entry~0x00792E70,UNRESOLVED,UNRESOLVED,boundary-verified non-stack dword write to [reg+0x84]; base-register identity not resolved to any factory object within the window-level provenance bound; not established as a factory+0x84 write (no claim made)
8D_MOD10_disp32@0x00792F14,0x00792F14,"LEA ESI,[EBX+0x84]",EBX (boundary-verified),read,entry~0x00792EC0,UNRESOLVED,UNRESOLVED,"LEA reg,[reg+0x84]; no store-through-reg linked within the bounded window; wrapper-setter form not confirmed"
8B_MOD10_disp32_SIB@0x00792F86,0x00792F86,"MOV EAX,[ECX+EDX*4+0x84]",ECX (boundary-verified),read,entry~0x00792F80,NOT_A_WRITE,REJECTED_READ_NOT_WRITE,read/CMP form with displacement 0x84; no memory write occurs
89_MOD10_disp32@0x007931A3,0x007931A3,"MOV [ESI+0x84],EBP",ESI (boundary-verified),EBP,entry~0x007930F0,UNRESOLVED,UNRESOLVED,boundary-verified non-stack dword write to [reg+0x84]; base-register identity not resolved to any factory object within the window-level provenance bound; not established as a factory+0x84 write (no claim made)
89_MOD10_disp32@0x007947C7,0x007947C7,"MOV [ECX+0x84],EDX",ECX (boundary-verified),EDX,entry~0x00794780,UNRESOLVED,UNRESOLVED,boundary-verified non-stack dword write to [reg+0x84]; base-register identity not resolved to any factory object within the window-level provenance bound; not established as a factory+0x84 write (no claim made)
89_MOD10_disp32@0x00794CBF,0x00794CBF,"MOV [ESI+0x84],EAX",ESI (boundary-verified),EAX,entry~0x00794C60,UNRESOLVED,UNRESOLVED,boundary-verified non-stack dword write to [reg+0x84]; base-register identity not resolved to any factory object within the window-level provenance bound; not established as a factory+0x84 write (no claim made)
89_MOD10_disp32_SIB@0x00795676,0x00795676,"MOV [ESP+ESP*1+0x84],EAX",ESP (boundary-verified),EAX,entry~0x007955E0,UNRESOLVED,REJECTED_WRONG_OBJECT,stack-relative slot; the factory object is heap-allocated (new 0x118 @0x0073E2CC lazy-init); a stack slot cannot be the factory's +0x84 member
89_MOD10_disp32_SIB@0x00795701,0x00795701,"MOV [ESP+ESP*1+0x84],EAX",ESP (boundary-verified),EAX,entry~0x007955E0,UNRESOLVED,REJECTED_WRONG_OBJECT,stack-relative slot; the factory object is heap-allocated (new 0x118 @0x0073E2CC lazy-init); a stack slot cannot be the factory's +0x84 member
8B_MOD10_disp32_SIB@0x0079627D,0x0079627D,"MOV ECX,[ESP+ESP*1+0x84]",ESP (boundary-verified),read,unknown,NOT_A_WRITE,REJECTED_READ_NOT_WRITE,read/CMP form with displacement 0x84; no memory write occurs
89_MOD10_disp32@0x0079BC04,0x0079BC04,"MOV [ESI+0x84],ECX",ESI (boundary-verified),ECX,entry~0x0079BB60,UNRESOLVED,UNRESOLVED,boundary-verified non-stack dword write to [reg+0x84]; base-register identity not resolved to any factory object within the window-level provenance bound; not established as a factory+0x84 write (no claim made)
C7_MOD10@0x0079DB16,0x0079DB16,"MOV [ESI+0x84],0xA8B208",ESI (boundary-verified),imm32=0xA8B208,entry~0x0079DAD0,UNRESOLVED,UNRESOLVED,boundary-verified non-stack dword write to [reg+0x84]; base-register identity not resolved to any factory object within the window-level provenance bound; not established as a factory+0x84 write (no claim made)
C7_MOD10@0x0079DBD9,0x0079DBD9,"MOV [ESI+0x84],0xA8B208",ESI (boundary-verified),imm32=0xA8B208,entry~0x0079DBA0,UNRESOLVED,UNRESOLVED,boundary-verified non-stack dword write to [reg+0x84]; base-register identity not resolved to any factory object within the window-level provenance bound; not established as a factory+0x84 write (no claim made)
89_MOD10_disp32_SIB@0x0079E4C6,0x0079E4C6,"MOV [ESP+ESP*1+0x84],EDX",ESP (boundary-verified),EDX,entry~0x0079E350,UNRESOLVED,REJECTED_WRONG_OBJECT,stack-relative slot; the factory object is heap-allocated (new 0x118 @0x0073E2CC lazy-init); a stack slot cannot be the factory's +0x84 member
8B_MOD10_disp32_SIB@0x0079F058,0x0079F058,"MOV EBP,[ESP+ESP*1+0x84]",ESP (boundary-verified),read,entry~0x0079EE50,NOT_A_WRITE,REJECTED_READ_NOT_WRITE,read/CMP form with displacement 0x84; no memory write occurs
89_MOD10_disp32_SIB@0x0079F1D6,0x0079F1D6,"MOV [ESP+ESP*1+0x84],EAX",ESP (boundary-verified),EAX,entry~0x0079EE50,UNRESOLVED,REJECTED_WRONG_OBJECT,stack-relative slot; the factory object is heap-allocated (new 0x118 @0x0073E2CC lazy-init); a stack slot cannot be the factory's +0x84 member
8D_MOD10_disp32_SIB@0x007A2A4B,0x007A2A4B,"LEA ECX,[ESP+ESP*1+0x84]",ESP (boundary-verified),read,entry~0x007A2890,UNRESOLVED,REJECTED_WRONG_OBJECT,stack-relative slot; the factory object is heap-allocated (new 0x118 @0x0073E2CC lazy-init); a stack slot cannot be the factory's +0x84 member
8B_MOD10_disp32@0x007A2BF5,0x007A2BF5,"MOV EAX,[ESI+0x84]",ESI (boundary-verified),read,entry~0x007A2B30,NOT_A_WRITE,REJECTED_READ_NOT_WRITE,read/CMP form with displacement 0x84; no memory write occurs
8B_MOD10_disp32@0x007A2C19,0x007A2C19,"MOV ECX,[ESI+0x84]",ESI (boundary-verified),read,entry~0x007A2B30,NOT_A_WRITE,REJECTED_READ_NOT_WRITE,read/CMP form with displacement 0x84; no memory write occurs
8B_MOD10_disp32@0x007A2C64,0x007A2C64,"MOV EAX,[ESI+0x84]",ESI (boundary-verified),read,entry~0x007A2B30,NOT_A_WRITE,REJECTED_READ_NOT_WRITE,read/CMP form with displacement 0x84; no memory write occurs
8D_MOD10_disp32_SIB@0x007A2DA7,0x007A2DA7,"LEA ECX,[ESP+ESP*1+0x84]",ESP (boundary-verified),read,entry~0x007A2B30,UNRESOLVED,REJECTED_WRONG_OBJECT,stack-relative slot; the factory object is heap-allocated (new 0x118 @0x0073E2CC lazy-init); a stack slot cannot be the factory's +0x84 member
8B_MOD10_disp32@0x007A2E07,0x007A2E07,"MOV EAX,[ECX+0x84]",ECX (boundary-verified),read,entry~0x007A2E00,NOT_A_WRITE,REJECTED_READ_NOT_WRITE,read/CMP form with displacement 0x84; no memory write occurs
89_MOD10_disp32@0x007A3A99,0x007A3A99,"MOV [EBP+0x84],EBX",EBP (boundary-verified),EBX,entry~0x007A3970,UNRESOLVED,REJECTED_WRONG_OBJECT,stack-relative slot; the factory object is heap-allocated (new 0x118 @0x0073E2CC lazy-init); a stack slot cannot be the factory's +0x84 member
8B_MOD10_disp32@0x007A3F6D,0x007A3F6D,"MOV EBX,[ESI+0x84]",ESI (boundary-verified),read,entry~0x007A3F60,NOT_A_WRITE,REJECTED_READ_NOT_WRITE,read/CMP form with displacement 0x84; no memory write occurs
8B_MOD10_disp32@0x007A40B4,0x007A40B4,"MOV EAX,[ECX+0x84]",ECX (boundary-verified),read,entry~0x007A40B0,NOT_A_WRITE,REJECTED_READ_NOT_WRITE,read/CMP form with displacement 0x84; no memory write occurs
8B_MOD10_disp32@0x007A5319,0x007A5319,"MOV ECX,[EBP+0x84]",EBP (boundary-verified),read,entry~0x007A52F0,NOT_A_WRITE,REJECTED_READ_NOT_WRITE,read/CMP form with displacement 0x84; no memory write occurs
89_MOD10_disp32@0x007A54EC,0x007A54EC,"MOV [EBP+0x84],EDI",EBP (boundary-verified),EDI,entry~0x007A52F0,UNRESOLVED,REJECTED_WRONG_OBJECT,stack-relative slot; the factory object is heap-allocated (new 0x118 @0x0073E2CC lazy-init); a stack slot cannot be the factory's +0x84 member
8B_MOD10_disp32@0x007B028E,0x007B028E,"MOV EDX,[EAX+0x84]",EAX (boundary-verified),read,entry~0x007B0270,NOT_A_WRITE,REJECTED_READ_NOT_WRITE,read/CMP form with displacement 0x84; no memory write occurs
89_MOD10_disp32@0x007B0326,0x007B0326,"MOV [EAX+0x84],ESI",EAX (boundary-verified),ESI,entry~0x007B0300,UNRESOLVED,UNRESOLVED,boundary-verified non-stack dword write to [reg+0x84]; base-register identity not resolved to any factory object within the window-level provenance bound; not established as a factory+0x84 write (no claim made)
89_MOD10_disp32@0x007B191E,0x007B191E,"MOV [EBP+0x84],EAX",EBP (boundary-verified),EAX,entry~0x007B1860,UNRESOLVED,REJECTED_WRONG_OBJECT,stack-relative slot; the factory object is heap-allocated (new 0x118 @0x0073E2CC lazy-init); a stack slot cannot be the factory's +0x84 member
8B_MOD10_disp32@0x007B4560,0x007B4560,"MOV EDX,[EAX+0x84]",EAX (boundary-verified),read,entry~0x007B4550,NOT_A_WRITE,REJECTED_READ_NOT_WRITE,read/CMP form with displacement 0x84; no memory write occurs
8B_MOD10_disp32@0x007B487F,0x007B487F,"MOV EDX,[EAX+0x84]",EAX (boundary-verified),read,entry~0x007B47D0,NOT_A_WRITE,REJECTED_READ_NOT_WRITE,read/CMP form with displacement 0x84; no memory write occurs
8B_MOD10_disp32@0x007B4986,0x007B4986,"MOV EDX,[EAX+0x84]",EAX (boundary-verified),read,entry~0x007B47D0,NOT_A_WRITE,REJECTED_READ_NOT_WRITE,read/CMP form with displacement 0x84; no memory write occurs
8B_MOD10_disp32@0x007B4A33,0x007B4A33,"MOV EDX,[EAX+0x84]",EAX (boundary-verified),read,entry~0x007B49B0,NOT_A_WRITE,REJECTED_READ_NOT_WRITE,read/CMP form with displacement 0x84; no memory write occurs
8B_MOD10_disp32@0x007B7D07,0x007B7D07,"MOV EDX,[EAX+0x84]",EAX (boundary-verified),read,entry~0x007B7C80,NOT_A_WRITE,REJECTED_READ_NOT_WRITE,read/CMP form with displacement 0x84; no memory write occurs
8B_MOD10_disp32@0x007B7E50,0x007B7E50,"MOV EDX,[EAX+0x84]",EAX (boundary-verified),read,entry~0x007B7DF0,NOT_A_WRITE,REJECTED_READ_NOT_WRITE,read/CMP form with displacement 0x84; no memory write occurs
8B_MOD10_disp32@0x007BF5AD,0x007BF5AD,"MOV EDX,[EAX+0x84]",EAX (boundary-verified),read,entry~0x007BF580,NOT_A_WRITE,REJECTED_READ_NOT_WRITE,read/CMP form with displacement 0x84; no memory write occurs
8B_MOD10_disp32@0x007BF5FC,0x007BF5FC,"MOV EAX,[EDX+0x84]",EDX (boundary-verified),read,entry~0x007BF5C0,NOT_A_WRITE,REJECTED_READ_NOT_WRITE,read/CMP form with displacement 0x84; no memory write occurs
8B_MOD10_disp32@0x007CE4FC,0x007CE4FC,"MOV EDX,[EAX+0x84]",EAX (boundary-verified),read,entry~0x007CE4D0,NOT_A_WRITE,REJECTED_READ_NOT_WRITE,read/CMP form with displacement 0x84; no memory write occurs
8B_MOD10_disp32@0x007CE531,0x007CE531,"MOV EDX,[EAX+0x84]",EAX (boundary-verified),read,entry~0x007CE510,NOT_A_WRITE,REJECTED_READ_NOT_WRITE,read/CMP form with displacement 0x84; no memory write occurs
8B_MOD10_disp32@0x007CE561,0x007CE561,"MOV EDX,[EAX+0x84]",EAX (boundary-verified),read,entry~0x007CE510,NOT_A_WRITE,REJECTED_READ_NOT_WRITE,read/CMP form with displacement 0x84; no memory write occurs
8B_MOD10_disp32_SIB@0x007CFA6A,0x007CFA6A,"MOV EAX,[ESP+ESP*1+0x84]",ESP (boundary-unverified),read,entry~0x007CFA20,NOT_A_WRITE,REJECTED_READ_NOT_WRITE,read/CMP form with displacement 0x84; no memory write occurs
89_MOD10_disp32_SIB@0x007D1FCD,0x007D1FCD,"MOV [ESP+ESP*1+0x84],EAX",ESP (boundary-verified),EAX,entry~0x007D1FC0,UNRESOLVED,REJECTED_WRONG_OBJECT,stack-relative slot; the factory object is heap-allocated (new 0x118 @0x0073E2CC lazy-init); a stack slot cannot be the factory's +0x84 member
8B_MOD10_disp32_SIB@0x007D204A,0x007D204A,"MOV ECX,[ESP+ESP*1+0x84]",ESP (boundary-verified),read,entry~0x007D1FC0,NOT_A_WRITE,REJECTED_READ_NOT_WRITE,read/CMP form with displacement 0x84; no memory write occurs
8B_MOD10_disp32_SIB@0x007D20CF,0x007D20CF,"MOV ECX,[ESP+ESP*1+0x84]",ESP (boundary-verified),read,entry~0x007D1FC0,NOT_A_WRITE,REJECTED_READ_NOT_WRITE,read/CMP form with displacement 0x84; no memory write occurs
8B_MOD10_disp32_SIB@0x007D213E,0x007D213E,"MOV ECX,[ESP+ESP*1+0x84]",ESP (boundary-verified),read,entry~0x007D1FC0,NOT_A_WRITE,REJECTED_READ_NOT_WRITE,read/CMP form with displacement 0x84; no memory write occurs
8B_MOD10_disp32_SIB@0x007D2199,0x007D2199,"MOV ECX,[ESP+ESP*1+0x84]",ESP (boundary-verified),read,entry~0x007D1FC0,NOT_A_WRITE,REJECTED_READ_NOT_WRITE,read/CMP form with displacement 0x84; no memory write occurs
8B_MOD10_disp32_SIB@0x007D21D7,0x007D21D7,"MOV ECX,[ESP+ESP*1+0x84]",ESP (boundary-verified),read,entry~0x007D1FC0,NOT_A_WRITE,REJECTED_READ_NOT_WRITE,read/CMP form with displacement 0x84; no memory write occurs
8B_MOD10_disp32_SIB@0x007D54C3,0x007D54C3,"MOV EAX,[ESP+ESP*1+0x84]",ESP (boundary-unverified),read,entry~0x007D54C0,NOT_A_WRITE,REJECTED_READ_NOT_WRITE,read/CMP form with displacement 0x84; no memory write occurs
8B_MOD10_disp32_SIB@0x007D54D4,0x007D54D4,"MOV ESI,[ESP+ESP*1+0x84]",ESP (boundary-verified),read,entry~0x007D54C0,NOT_A_WRITE,REJECTED_READ_NOT_WRITE,read/CMP form with displacement 0x84; no memory write occurs
89_MOD10_disp32@0x007D8C99,0x007D8C99,"MOV [ESI+0x84],EBX",ESI (boundary-verified),EBX,entry~0x007D8B70,UNRESOLVED,UNRESOLVED,boundary-verified non-stack dword write to [reg+0x84]; base-register identity not resolved to any factory object within the window-level provenance bound; not established as a factory+0x84 write (no claim made)
89_MOD10_disp32@0x007D8D5E,0x007D8D5E,"MOV [EDI+0x84],EBX",EDI (boundary-verified),EBX,entry~0x007D8B70,UNRESOLVED,UNRESOLVED,boundary-verified non-stack dword write to [reg+0x84]; base-register identity not resolved to any factory object within the window-level provenance bound; not established as a factory+0x84 write (no claim made)
8D_MOD10_disp32@0x007D9757,0x007D9757,"LEA EBP,[EBX+0x84]",EBX (boundary-verified),read,entry~0x007D9740,UNRESOLVED,UNRESOLVED,"LEA reg,[reg+0x84]; no store-through-reg linked within the bounded window; wrapper-setter form not confirmed"
8B_MOD10_disp32@0x007D9A79,0x007D9A79,"MOV EAX,[EDI+0x84]",EDI (boundary-unverified),read,entry~0x007D99B0,NOT_A_WRITE,REJECTED_READ_NOT_WRITE,read/CMP form with displacement 0x84; no memory write occurs
89_MOD10_disp32@0x007D9A80,0x007D9A80,"MOV [ESI+0x84],EAX",ESI (boundary-unverified),EAX,entry~0x007D99B0,NOT_A_WRITE,REJECTED_UNRELATED_OFFSET,raw byte-pattern occurrence not at a verified instruction start (part of another instruction's immediate/displacement); not an instruction
8B_MOD10_disp32@0x007D9C63,0x007D9C63,"MOV EAX,[EBP+0x84]",EBP (boundary-unverified),read,entry~0x007D9C10,NOT_A_WRITE,REJECTED_READ_NOT_WRITE,read/CMP form with displacement 0x84; no memory write occurs
89_MOD10_disp32@0x007D9C6A,0x007D9C6A,"MOV [EBX+0x84],EAX",EBX (boundary-unverified),EAX,entry~0x007D9C10,NOT_A_WRITE,REJECTED_UNRELATED_OFFSET,raw byte-pattern occurrence not at a verified instruction start (part of another instruction's immediate/displacement); not an instruction
8B_MOD10_disp32@0x007D9ED3,0x007D9ED3,"MOV EAX,[EBP+0x84]",EBP (boundary-unverified),read,entry~0x007D9E80,NOT_A_WRITE,REJECTED_READ_NOT_WRITE,read/CMP form with displacement 0x84; no memory write occurs
89_MOD10_disp32@0x007D9EDA,0x007D9EDA,"MOV [EBX+0x84],EAX",EBX (boundary-unverified),EAX,entry~0x007D9E80,NOT_A_WRITE,REJECTED_UNRELATED_OFFSET,raw byte-pattern occurrence not at a verified instruction start (part of another instruction's immediate/displacement); not an instruction
8D_MOD10_disp32@0x007D9FC7,0x007D9FC7,"LEA EBP,[ESI+0x84]",ESI (boundary-verified),read,entry~0x007D9FB0,UNRESOLVED,UNRESOLVED,"LEA reg,[reg+0x84]; no store-through-reg linked within the bounded window; wrapper-setter form not confirmed"
8B_MOD10_disp32@0x007DAA89,0x007DAA89,"MOV EAX,[EAX+0x84]",EAX (boundary-unverified),read,entry~0x007DAA30,NOT_A_WRITE,REJECTED_READ_NOT_WRITE,read/CMP form with displacement 0x84; no memory write occurs
89_MOD10_disp32_SIB@0x007EAB1F,0x007EAB1F,"MOV [ESP+ESP*1+0x84],EDX",ESP (boundary-verified),EDX,entry~0x007EA740,UNRESOLVED,REJECTED_WRONG_OBJECT,stack-relative slot; the factory object is heap-allocated (new 0x118 @0x0073E2CC lazy-init); a stack slot cannot be the factory's +0x84 member
89_MOD10_disp32_SIB@0x007F5470,0x007F5470,"MOV [ESP+ESP*1+0x84],EDX",ESP (boundary-verified),EDX,entry~0x007F5380,UNRESOLVED,REJECTED_WRONG_OBJECT,stack-relative slot; the factory object is heap-allocated (new 0x118 @0x0073E2CC lazy-init); a stack slot cannot be the factory's +0x84 member
89_MOD10_disp32_SIB@0x007F58EC,0x007F58EC,"MOV [ESP+ESP*1+0x84],EDX",ESP (boundary-verified),EDX,entry~0x007F5810,UNRESOLVED,REJECTED_WRONG_OBJECT,stack-relative slot; the factory object is heap-allocated (new 0x118 @0x0073E2CC lazy-init); a stack slot cannot be the factory's +0x84 member
89_MOD10_disp32_SIB@0x007F7658,0x007F7658,"MOV [ESP+ESP*1+0x84],ECX",ESP (boundary-verified),ECX,entry~0x007F75F0,UNRESOLVED,REJECTED_WRONG_OBJECT,stack-relative slot; the factory object is heap-allocated (new 0x118 @0x0073E2CC lazy-init); a stack slot cannot be the factory's +0x84 member
8D_MOD10_disp32_SIB@0x007F839F,0x007F839F,"LEA EAX,[ESP+ESP*1+0x84]",ESP (boundary-verified),read,unknown,UNRESOLVED,REJECTED_WRONG_OBJECT,stack-relative slot; the factory object is heap-allocated (new 0x118 @0x0073E2CC lazy-init); a stack slot cannot be the factory's +0x84 member
8D_MOD10_disp32_SIB@0x007F88A9,0x007F88A9,"LEA EAX,[ESP+ESP*1+0x84]",ESP (boundary-verified),read,unknown,UNRESOLVED,REJECTED_WRONG_OBJECT,stack-relative slot; the factory object is heap-allocated (new 0x118 @0x0073E2CC lazy-init); a stack slot cannot be the factory's +0x84 member
89_MOD10_disp32_SIB@0x007FD057,0x007FD057,"MOV [ESP+ESP*1+0x84],ECX",ESP (boundary-verified),ECX,entry~0x007FCF30,UNRESOLVED,REJECTED_WRONG_OBJECT,stack-relative slot; the factory object is heap-allocated (new 0x118 @0x0073E2CC lazy-init); a stack slot cannot be the factory's +0x84 member
89_MOD10_disp32_SIB@0x007FD8A8,0x007FD8A8,"MOV [ESP+ESP*1+0x84],ECX",ESP (boundary-verified),ECX,entry~0x007FD7E0,UNRESOLVED,REJECTED_WRONG_OBJECT,stack-relative slot; the factory object is heap-allocated (new 0x118 @0x0073E2CC lazy-init); a stack slot cannot be the factory's +0x84 member
89_MOD10_disp32_SIB@0x007FDA4F,0x007FDA4F,"MOV [ESP+ESP*1+0x84],EDX",ESP (boundary-verified),EDX,entry~0x007FD7E0,UNRESOLVED,REJECTED_WRONG_OBJECT,stack-relative slot; the factory object is heap-allocated (new 0x118 @0x0073E2CC lazy-init); a stack slot cannot be the factory's +0x84 member
8B_MOD10_disp32_SIB@0x007FE815,0x007FE815,"MOV EBX,[ESP+ESP*1+0x84]",ESP (boundary-verified),read,entry~0x007FE4B0,NOT_A_WRITE,REJECTED_READ_NOT_WRITE,read/CMP form with displacement 0x84; no memory write occurs
89_MOD10_disp32_SIB@0x007FEDE3,0x007FEDE3,"MOV [ESP+ESP*1+0x84],EAX",ESP (boundary-verified),EAX,entry~0x007FEB20,UNRESOLVED,REJECTED_WRONG_OBJECT,stack-relative slot; the factory object is heap-allocated (new 0x118 @0x0073E2CC lazy-init); a stack slot cannot be the factory's +0x84 member
89_MOD10_disp32_SIB@0x00803172,0x00803172,"MOV [ESP+ESP*1+0x84],EAX",ESP (boundary-verified),EAX,entry~0x00802F20,UNRESOLVED,REJECTED_WRONG_OBJECT,stack-relative slot; the factory object is heap-allocated (new 0x118 @0x0073E2CC lazy-init); a stack slot cannot be the factory's +0x84 member
8D_MOD10_disp32_SIB@0x008031DF,0x008031DF,"LEA EAX,[ESP+ESP*1+0x84]",ESP (boundary-verified),read,entry~0x00802F20,UNRESOLVED,REJECTED_WRONG_OBJECT,stack-relative slot; the factory object is heap-allocated (new 0x118 @0x0073E2CC lazy-init); a stack slot cannot be the factory's +0x84 member
89_MOD10_disp32@0x00807662,0x00807662,"MOV [ESI+0x84],EAX",ESI (boundary-verified),EAX,entry~0x00807620,UNRESOLVED,UNRESOLVED,boundary-verified non-stack dword write to [reg+0x84]; base-register identity not resolved to any factory object within the window-level provenance bound; not established as a factory+0x84 write (no claim made)
8B_MOD10_disp32_SIB@0x0080F4B5,0x0080F4B5,"MOV ECX,[ESP+ESP*1+0x84]",ESP (boundary-verified),read,entry~0x0080EF80,NOT_A_WRITE,REJECTED_READ_NOT_WRITE,read/CMP form with displacement 0x84; no memory write occurs
8B_MOD10_disp32_SIB@0x0080FA68,0x0080FA68,"MOV EAX,[ESP+ESP*1+0x84]",ESP (boundary-verified),read,unknown,NOT_A_WRITE,REJECTED_READ_NOT_WRITE,read/CMP form with displacement 0x84; no memory write occurs
8B_MOD10_disp32_SIB@0x0080FF93,0x0080FF93,"MOV ECX,[ESP+ESP*1+0x84]",ESP (boundary-verified),read,unknown,NOT_A_WRITE,REJECTED_READ_NOT_WRITE,read/CMP form with displacement 0x84; no memory write occurs
8B_MOD10_disp32_SIB@0x008103CB,0x008103CB,"MOV EDI,[ESP+ESP*1+0x84]",ESP (boundary-verified),read,unknown,NOT_A_WRITE,REJECTED_READ_NOT_WRITE,read/CMP form with displacement 0x84; no memory write occurs
8B_MOD10_disp32_SIB@0x0081140A,0x0081140A,"MOV EDX,[ESP+ESP*1+0x84]",ESP (boundary-verified),read,entry~0x00811220,NOT_A_WRITE,REJECTED_READ_NOT_WRITE,read/CMP form with displacement 0x84; no memory write occurs
89_MOD10_disp32_SIB@0x00811598,0x00811598,"MOV [ESP+ESP*1+0x84],EAX",ESP (boundary-verified),EAX,entry~0x00811220,UNRESOLVED,REJECTED_WRONG_OBJECT,stack-relative slot; the factory object is heap-allocated (new 0x118 @0x0073E2CC lazy-init); a stack slot cannot be the factory's +0x84 member
8B_MOD10_disp32_SIB@0x008115DE,0x008115DE,"MOV EDX,[ESP+ESP*1+0x84]",ESP (boundary-verified),read,entry~0x00811220,NOT_A_WRITE,REJECTED_READ_NOT_WRITE,read/CMP form with displacement 0x84; no memory write occurs
8B_MOD10_disp32_SIB@0x00811624,0x00811624,"MOV EDI,[ESP+ESP*1+0x84]",ESP (boundary-verified),read,entry~0x00811220,NOT_A_WRITE,REJECTED_READ_NOT_WRITE,read/CMP form with displacement 0x84; no memory write occurs
89_MOD10_disp32_SIB@0x00811656,0x00811656,"MOV [ESP+ESP*1+0x84],EAX",ESP (boundary-verified),EAX,entry~0x00811220,UNRESOLVED,REJECTED_WRONG_OBJECT,stack-relative slot; the factory object is heap-allocated (new 0x118 @0x0073E2CC lazy-init); a stack slot cannot be the factory's +0x84 member
8B_MOD10_disp32_SIB@0x0081179A,0x0081179A,"MOV EAX,[ESP+ESP*1+0x84]",ESP (boundary-verified),read,entry~0x00811220,NOT_A_WRITE,REJECTED_READ_NOT_WRITE,read/CMP form with displacement 0x84; no memory write occurs
8B_MOD10_disp32_SIB@0x00811800,0x00811800,"MOV EDX,[ESP+ESP*1+0x84]",ESP (boundary-verified),read,entry~0x00811220,NOT_A_WRITE,REJECTED_READ_NOT_WRITE,read/CMP form with displacement 0x84; no memory write occurs
8B_MOD10_disp32_SIB@0x0081187D,0x0081187D,"MOV EDI,[ESP+ESP*1+0x84]",ESP (boundary-verified),read,unknown,NOT_A_WRITE,REJECTED_READ_NOT_WRITE,read/CMP form with displacement 0x84; no memory write occurs
89_MOD10_disp32_SIB@0x00811897,0x00811897,"MOV [ESP+ESP*1+0x84],ECX",ESP (boundary-verified),ECX,unknown,UNRESOLVED,REJECTED_WRONG_OBJECT,stack-relative slot; the factory object is heap-allocated (new 0x118 @0x0073E2CC lazy-init); a stack slot cannot be the factory's +0x84 member
89_MOD10_disp32_SIB@0x00811A68,0x00811A68,"MOV [ESP+ESP*1+0x84],EAX",ESP (boundary-verified),EAX,unknown,UNRESOLVED,REJECTED_WRONG_OBJECT,stack-relative slot; the factory object is heap-allocated (new 0x118 @0x0073E2CC lazy-init); a stack slot cannot be the factory's +0x84 member
8B_MOD10_disp32_SIB@0x00811AAA,0x00811AAA,"MOV EDX,[ESP+ESP*1+0x84]",ESP (boundary-verified),read,unknown,NOT_A_WRITE,REJECTED_READ_NOT_WRITE,read/CMP form with displacement 0x84; no memory write occurs
8B_MOD10_disp32_SIB@0x00811C73,0x00811C73,"MOV ECX,[ESP+ESP*1+0x84]",ESP (boundary-verified),read,unknown,NOT_A_WRITE,REJECTED_READ_NOT_WRITE,read/CMP form with displacement 0x84; no memory write occurs
89_MOD10_disp32_SIB@0x00811D8A,0x00811D8A,"MOV [ESP+ESP*1+0x84],EDX",ESP (boundary-verified),EDX,unknown,UNRESOLVED,REJECTED_WRONG_OBJECT,stack-relative slot; the factory object is heap-allocated (new 0x118 @0x0073E2CC lazy-init); a stack slot cannot be the factory's +0x84 member
8B_MOD10_disp32_SIB@0x00811DCD,0x00811DCD,"MOV ECX,[ESP+ESP*1+0x84]",ESP (boundary-verified),read,unknown,NOT_A_WRITE,REJECTED_READ_NOT_WRITE,read/CMP form with displacement 0x84; no memory write occurs
8B_MOD10_disp32_SIB@0x00811F76,0x00811F76,"MOV EAX,[ESP+ESP*1+0x84]",ESP (boundary-verified),read,unknown,NOT_A_WRITE,REJECTED_READ_NOT_WRITE,read/CMP form with displacement 0x84; no memory write occurs
89_MOD10_disp32_SIB@0x0081212A,0x0081212A,"MOV [ESP+ESP*1+0x84],EAX",ESP (boundary-verified),EAX,unknown,UNRESOLVED,REJECTED_WRONG_OBJECT,stack-relative slot; the factory object is heap-allocated (new 0x118 @0x0073E2CC lazy-init); a stack slot cannot be the factory's +0x84 member
8B_MOD10_disp32_SIB@0x0081216D,0x0081216D,"MOV EDX,[ESP+ESP*1+0x84]",ESP (boundary-verified),read,unknown,NOT_A_WRITE,REJECTED_READ_NOT_WRITE,read/CMP form with displacement 0x84; no memory write occurs
8B_MOD10_disp32_SIB@0x008122E6,0x008122E6,"MOV ECX,[ESP+ESP*1+0x84]",ESP (boundary-verified),read,unknown,NOT_A_WRITE,REJECTED_READ_NOT_WRITE,read/CMP form with displacement 0x84; no memory write occurs
89_MOD10_disp32_SIB@0x008123B2,0x008123B2,"MOV [ESP+ESP*1+0x84],EAX",ESP (boundary-verified),EAX,unknown,UNRESOLVED,REJECTED_WRONG_OBJECT,stack-relative slot; the factory object is heap-allocated (new 0x118 @0x0073E2CC lazy-init); a stack slot cannot be the factory's +0x84 member
8B_MOD10_disp32_SIB@0x008123F4,0x008123F4,"MOV EDX,[ESP+ESP*1+0x84]",ESP (boundary-verified),read,unknown,NOT_A_WRITE,REJECTED_READ_NOT_WRITE,read/CMP form with displacement 0x84; no memory write occurs
8B_MOD10_disp32_SIB@0x00812453,0x00812453,"MOV EDI,[ESP+ESP*1+0x84]",ESP (boundary-verified),read,unknown,NOT_A_WRITE,REJECTED_READ_NOT_WRITE,read/CMP form with displacement 0x84; no memory write occurs
89_MOD10_disp32_SIB@0x00812485,0x00812485,"MOV [ESP+ESP*1+0x84],EAX",ESP (boundary-verified),EAX,unknown,UNRESOLVED,REJECTED_WRONG_OBJECT,stack-relative slot; the factory object is heap-allocated (new 0x118 @0x0073E2CC lazy-init); a stack slot cannot be the factory's +0x84 member
8B_MOD10_disp32_SIB@0x00812639,0x00812639,"MOV EDI,[ESP+ESP*1+0x84]",ESP (boundary-verified),read,unknown,NOT_A_WRITE,REJECTED_READ_NOT_WRITE,read/CMP form with displacement 0x84; no memory write occurs
89_MOD10_disp32_SIB@0x00812653,0x00812653,"MOV [ESP+ESP*1+0x84],EDX",ESP (boundary-verified),EDX,unknown,UNRESOLVED,REJECTED_WRONG_OBJECT,stack-relative slot; the factory object is heap-allocated (new 0x118 @0x0073E2CC lazy-init); a stack slot cannot be the factory's +0x84 member
89_MOD10_disp32_SIB@0x0081286B,0x0081286B,"MOV [ESP+ESP*1+0x84],EDX",ESP (boundary-verified),EDX,unknown,UNRESOLVED,REJECTED_WRONG_OBJECT,stack-relative slot; the factory object is heap-allocated (new 0x118 @0x0073E2CC lazy-init); a stack slot cannot be the factory's +0x84 member
8B_MOD10_disp32_SIB@0x008128AD,0x008128AD,"MOV ECX,[ESP+ESP*1+0x84]",ESP (boundary-verified),read,unknown,NOT_A_WRITE,REJECTED_READ_NOT_WRITE,read/CMP form with displacement 0x84; no memory write occurs
8B_MOD10_disp32_SIB@0x00812944,0x00812944,"MOV EAX,[ESP+ESP*1+0x84]",ESP (boundary-verified),read,unknown,NOT_A_WRITE,REJECTED_READ_NOT_WRITE,read/CMP form with displacement 0x84; no memory write occurs
8B_MOD10_disp32_SIB@0x00812AC0,0x00812AC0,"MOV EAX,[ESP+ESP*1+0x84]",ESP (boundary-verified),read,unknown,NOT_A_WRITE,REJECTED_READ_NOT_WRITE,read/CMP form with displacement 0x84; no memory write occurs
8B_MOD10_disp32_SIB@0x00812B57,0x00812B57,"MOV ECX,[ESP+ESP*1+0x84]",ESP (boundary-verified),read,unknown,NOT_A_WRITE,REJECTED_READ_NOT_WRITE,read/CMP form with displacement 0x84; no memory write occurs
89_MOD10_disp32_SIB@0x00812BF8,0x00812BF8,"MOV [ESP+ESP*1+0x84],EAX",ESP (boundary-verified),EAX,unknown,UNRESOLVED,REJECTED_WRONG_OBJECT,stack-relative slot; the factory object is heap-allocated (new 0x118 @0x0073E2CC lazy-init); a stack slot cannot be the factory's +0x84 member
8B_MOD10_disp32_SIB@0x00812C3A,0x00812C3A,"MOV EDX,[ESP+ESP*1+0x84]",ESP (boundary-verified),read,unknown,NOT_A_WRITE,REJECTED_READ_NOT_WRITE,read/CMP form with displacement 0x84; no memory write occurs
8B_MOD10_disp32_SIB@0x00812CEB,0x00812CEB,"MOV EDX,[ESP+ESP*1+0x84]",ESP (boundary-verified),read,unknown,NOT_A_WRITE,REJECTED_READ_NOT_WRITE,read/CMP form with displacement 0x84; no memory write occurs
8B_MOD10_disp32_SIB@0x00816178,0x00816178,"MOV EDX,[ESP+ESP*1+0x84]",ESP (boundary-verified),read,entry~0x008160D0,NOT_A_WRITE,REJECTED_READ_NOT_WRITE,read/CMP form with displacement 0x84; no memory write occurs
8B_MOD10_disp32_SIB@0x0081620F,0x0081620F,"MOV EDX,[ESP+ESP*1+0x84]",ESP (boundary-verified),read,entry~0x008160D0,NOT_A_WRITE,REJECTED_READ_NOT_WRITE,read/CMP form with displacement 0x84; no memory write occurs
8B_MOD10_disp32_SIB@0x00816298,0x00816298,"MOV EDX,[ESP+ESP*1+0x84]",ESP (boundary-verified),read,entry~0x008160D0,NOT_A_WRITE,REJECTED_READ_NOT_WRITE,read/CMP form with displacement 0x84; no memory write occurs
8B_MOD10_disp32_SIB@0x008163D1,0x008163D1,"MOV EDX,[ESP+ESP*1+0x84]",ESP (boundary-verified),read,entry~0x008160D0,NOT_A_WRITE,REJECTED_READ_NOT_WRITE,read/CMP form with displacement 0x84; no memory write occurs
8B_MOD10_disp32_SIB@0x0081648E,0x0081648E,"MOV EDX,[ESP+ESP*1+0x84]",ESP (boundary-verified),read,entry~0x008160D0,NOT_A_WRITE,REJECTED_READ_NOT_WRITE,read/CMP form with displacement 0x84; no memory write occurs
8B_MOD10_disp32_SIB@0x0081653F,0x0081653F,"MOV EDX,[ESP+ESP*1+0x84]",ESP (boundary-verified),read,entry~0x008160D0,NOT_A_WRITE,REJECTED_READ_NOT_WRITE,read/CMP form with displacement 0x84; no memory write occurs
39_MOD10_disp32@0x0081A81A,0x0081A81A,"CMP [EBX+0x84],EAX",EBX (boundary-verified),read,entry~0x0081A790,NOT_A_WRITE,REJECTED_READ_NOT_WRITE,read/CMP form with displacement 0x84; no memory write occurs
8B_MOD10_disp32@0x0081A851,0x0081A851,"MOV EBX,[EBX+0x84]",EBX (boundary-verified),read,entry~0x0081A790,NOT_A_WRITE,REJECTED_READ_NOT_WRITE,read/CMP form with displacement 0x84; no memory write occurs
39_MOD10_disp32@0x0081A92D,0x0081A92D,"CMP [EBP+0x84],EAX",EBP (boundary-verified),read,entry~0x0081A8A0,NOT_A_WRITE,REJECTED_READ_NOT_WRITE,read/CMP form with displacement 0x84; no memory write occurs
8B_MOD10_disp32@0x0081A97C,0x0081A97C,"MOV EBP,[EBP+0x84]",EBP (boundary-verified),read,entry~0x0081A8A0,NOT_A_WRITE,REJECTED_READ_NOT_WRITE,read/CMP form with displacement 0x84; no memory write occurs
89_MOD10_disp32@0x0081AA8C,0x0081AA8C,"MOV [ECX+0x84],EAX",ECX (boundary-verified),EAX,entry~0x0081AA40,UNRESOLVED,UNRESOLVED,boundary-verified non-stack dword write to [reg+0x84]; base-register identity not resolved to any factory object within the window-level provenance bound; not established as a factory+0x84 write (no claim made)
8B_MOD10_disp32@0x0081B3BB,0x0081B3BB,"MOV ECX,[ESI+0x84]",ESI (boundary-verified),read,entry~0x0081B3A0,NOT_A_WRITE,REJECTED_READ_NOT_WRITE,read/CMP form with displacement 0x84; no memory write occurs
8B_MOD10_disp32@0x0081BB94,0x0081BB94,"MOV ECX,[ESI+0x84]",ESI (boundary-verified),read,entry~0x0081BA90,NOT_A_WRITE,REJECTED_READ_NOT_WRITE,read/CMP form with displacement 0x84; no memory write occurs
8B_MOD10_disp32@0x0081BC0B,0x0081BC0B,"MOV ECX,[EDI+0x84]",EDI (boundary-verified),read,entry~0x0081BA90,NOT_A_WRITE,REJECTED_READ_NOT_WRITE,read/CMP form with displacement 0x84; no memory write occurs
8B_MOD10_disp32@0x0081BCB4,0x0081BCB4,"MOV EDX,[ESI+0x84]",ESI (boundary-verified),read,entry~0x0081BA90,NOT_A_WRITE,REJECTED_READ_NOT_WRITE,read/CMP form with displacement 0x84; no memory write occurs
8B_MOD10_disp32@0x0081BCC5,0x0081BCC5,"MOV ECX,[EDI+0x84]",EDI (boundary-verified),read,entry~0x0081BA90,NOT_A_WRITE,REJECTED_READ_NOT_WRITE,read/CMP form with displacement 0x84; no memory write occurs
8B_MOD10_disp32@0x0081BCF3,0x0081BCF3,"MOV ECX,[EDI+0x84]",EDI (boundary-verified),read,entry~0x0081BA90,NOT_A_WRITE,REJECTED_READ_NOT_WRITE,read/CMP form with displacement 0x84; no memory write occurs
8B_MOD10_disp32@0x0081BD10,0x0081BD10,"MOV EDX,[ESI+0x84]",ESI (boundary-verified),read,entry~0x0081BA90,NOT_A_WRITE,REJECTED_READ_NOT_WRITE,read/CMP form with displacement 0x84; no memory write occurs
8B_MOD10_disp32@0x0081BDB3,0x0081BDB3,"MOV ECX,[ESI+0x84]",ESI (boundary-verified),read,entry~0x0081BD40,NOT_A_WRITE,REJECTED_READ_NOT_WRITE,read/CMP form with displacement 0x84; no memory write occurs
8B_MOD10_disp32@0x0081C7A6,0x0081C7A6,"MOV EDX,[EDI+0x84]",EDI (boundary-verified),read,entry~0x0081C680,NOT_A_WRITE,REJECTED_READ_NOT_WRITE,read/CMP form with displacement 0x84; no memory write occurs
8B_MOD10_disp32@0x0081C85A,0x0081C85A,"MOV ECX,[ESI+0x84]",ESI (boundary-verified),read,entry~0x0081C680,NOT_A_WRITE,REJECTED_READ_NOT_WRITE,read/CMP form with displacement 0x84; no memory write occurs
8B_MOD10_disp32@0x0081C907,0x0081C907,"MOV ECX,[ESI+0x84]",ESI (boundary-verified),read,entry~0x0081C680,NOT_A_WRITE,REJECTED_READ_NOT_WRITE,read/CMP form with displacement 0x84; no memory write occurs
89_MOD10_disp32@0x0081CA18,0x0081CA18,"MOV [EAX+0x84],ECX",EAX (boundary-verified),ECX,entry~0x0081C680,UNRESOLVED,UNRESOLVED,boundary-verified non-stack dword write to [reg+0x84]; base-register identity not resolved to any factory object within the window-level provenance bound; not established as a factory+0x84 write (no claim made)
89_MOD10_disp32@0x0081CADD,0x0081CADD,"MOV [EAX+0x84],ECX",EAX (boundary-verified),ECX,entry~0x0081C680,UNRESOLVED,UNRESOLVED,boundary-verified non-stack dword write to [reg+0x84]; base-register identity not resolved to any factory object within the window-level provenance bound; not established as a factory+0x84 write (no claim made)
89_MOD10_disp32@0x0081CB16,0x0081CB16,"MOV [EDI+0x84],ECX",EDI (boundary-verified),ECX,entry~0x0081C680,UNRESOLVED,UNRESOLVED,boundary-verified non-stack dword write to [reg+0x84]; base-register identity not resolved to any factory object within the window-level provenance bound; not established as a factory+0x84 write (no claim made)
89_MOD10_disp32@0x0081CB66,0x0081CB66,"MOV [EDI+0x84],EAX",EDI (boundary-verified),EAX,entry~0x0081C680,UNRESOLVED,UNRESOLVED,boundary-verified non-stack dword write to [reg+0x84]; base-register identity not resolved to any factory object within the window-level provenance bound; not established as a factory+0x84 write (no claim made)
8B_MOD10_disp32_SIB@0x0081CC17,0x0081CC17,"MOV EBX,[ESP+ESP*1+0x84]",ESP (boundary-verified),read,entry~0x0081CB90,NOT_A_WRITE,REJECTED_READ_NOT_WRITE,read/CMP form with displacement 0x84; no memory write occurs
89_MOD10_disp32_SIB@0x0081E132,0x0081E132,"MOV [ESP+ESP*1+0x84],EDX",ESP (boundary-verified),EDX,unknown,UNRESOLVED,REJECTED_WRONG_OBJECT,stack-relative slot; the factory object is heap-allocated (new 0x118 @0x0073E2CC lazy-init); a stack slot cannot be the factory's +0x84 member
89_MOD10_disp32_SIB@0x0081F8F7,0x0081F8F7,"MOV [ESP+ESP*1+0x84],EAX",ESP (boundary-verified),EAX,unknown,UNRESOLVED,REJECTED_WRONG_OBJECT,stack-relative slot; the factory object is heap-allocated (new 0x118 @0x0073E2CC lazy-init); a stack slot cannot be the factory's +0x84 member
89_MOD10_disp32_SIB@0x0081F939,0x0081F939,"MOV [ESP+ESP*1+0x84],EAX",ESP (boundary-verified),EAX,unknown,UNRESOLVED,REJECTED_WRONG_OBJECT,stack-relative slot; the factory object is heap-allocated (new 0x118 @0x0073E2CC lazy-init); a stack slot cannot be the factory's +0x84 member
89_MOD10_disp32_SIB@0x0081F97F,0x0081F97F,"MOV [ESP+ESP*1+0x84],EDX",ESP (boundary-verified),EDX,unknown,UNRESOLVED,REJECTED_WRONG_OBJECT,stack-relative slot; the factory object is heap-allocated (new 0x118 @0x0073E2CC lazy-init); a stack slot cannot be the factory's +0x84 member
8D_MOD10_disp32_SIB@0x00822A1A,0x00822A1A,"LEA EDX,[ESP+ESP*1+0x84]",ESP (boundary-verified),read,entry~0x008229B0,UNRESOLVED,REJECTED_WRONG_OBJECT,stack-relative slot; the factory object is heap-allocated (new 0x118 @0x0073E2CC lazy-init); a stack slot cannot be the factory's +0x84 member
C7_MOD10_SIB@0x00823955,0x00823955,"MOV [ESP+ESP*1+0x84],0x2",ESP (boundary-verified),imm32=0x2,entry~0x00823910,UNRESOLVED,REJECTED_WRONG_OBJECT,stack-relative slot; the factory object is heap-allocated (new 0x118 @0x0073E2CC lazy-init); a stack slot cannot be the factory's +0x84 member
8B_MOD10_disp32_SIB@0x0082586C,0x0082586C,"MOV EAX,[ESP+ESP*1+0x84]",ESP (boundary-verified),read,entry~0x00825730,NOT_A_WRITE,REJECTED_READ_NOT_WRITE,read/CMP form with displacement 0x84; no memory write occurs
89_MOD10_disp32_SIB@0x00829BED,0x00829BED,"MOV [ESP+ESP*1+0x84],EAX",ESP (boundary-verified),EAX,entry~0x008297A0,UNRESOLVED,REJECTED_WRONG_OBJECT,stack-relative slot; the factory object is heap-allocated (new 0x118 @0x0073E2CC lazy-init); a stack slot cannot be the factory's +0x84 member
8D_MOD10_disp32_SIB@0x00829D20,0x00829D20,"LEA EDX,[ESP+ESP*1+0x84]",ESP (boundary-verified),read,entry~0x008297A0,UNRESOLVED,REJECTED_WRONG_OBJECT,stack-relative slot; the factory object is heap-allocated (new 0x118 @0x0073E2CC lazy-init); a stack slot cannot be the factory's +0x84 member
8B_MOD10_disp32_SIB@0x0082D417,0x0082D417,"MOV EAX,[ESP+ESP*1+0x84]",ESP (boundary-verified),read,unknown,NOT_A_WRITE,REJECTED_READ_NOT_WRITE,read/CMP form with displacement 0x84; no memory write occurs
89_MOD10_disp32@0x0082E03B,0x0082E03B,"MOV [ESI+0x84],ECX",ESI (boundary-verified),ECX,entry~0x0082DFF0,UNRESOLVED,UNRESOLVED,boundary-verified non-stack dword write to [reg+0x84]; base-register identity not resolved to any factory object within the window-level provenance bound; not established as a factory+0x84 write (no claim made)
8B_MOD10_disp32@0x00832D33,0x00832D33,"MOV ECX,[ESI+0x84]",ESI (boundary-verified),read,entry~0x008329A0,NOT_A_WRITE,REJECTED_READ_NOT_WRITE,read/CMP form with displacement 0x84; no memory write occurs
88_MOD10_SIB_BYTE@0x0083A8C7,0x0083A8C7,"MOV BYTE [...+0x84],r8",ESP (boundary-verified),byte,entry~0x0083A7D0,UNRESOLVED,REJECTED_UNRELATED_OFFSET,partial-width (byte/word) store at +0x84; cannot fully assign the dword pointer member at factory+0x84 (dword member per the base ctor store @0x0070D013 and the setter store @0x0070C71E)
C6_MOD10_SIB_BYTE@0x0083AFBA,0x0083AFBA,"MOV BYTE [...+0x84],imm8",ESP (boundary-verified),imm8=0x02,entry~0x0083AEA0,UNRESOLVED,REJECTED_UNRELATED_OFFSET,partial-width (byte/word) store at +0x84; cannot fully assign the dword pointer member at factory+0x84 (dword member per the base ctor store @0x0070D013 and the setter store @0x0070C71E)
C6_MOD10_SIB_BYTE@0x0083B01A,0x0083B01A,"MOV BYTE [...+0x84],imm8",ESP (boundary-verified),imm8=0x02,entry~0x0083AEA0,UNRESOLVED,REJECTED_UNRELATED_OFFSET,partial-width (byte/word) store at +0x84; cannot fully assign the dword pointer member at factory+0x84 (dword member per the base ctor store @0x0070D013 and the setter store @0x0070C71E)
C6_MOD10_SIB_BYTE@0x0083B076,0x0083B076,"MOV BYTE [...+0x84],imm8",ESP (boundary-verified),imm8=0x02,entry~0x0083AEA0,UNRESOLVED,REJECTED_UNRELATED_OFFSET,partial-width (byte/word) store at +0x84; cannot fully assign the dword pointer member at factory+0x84 (dword member per the base ctor store @0x0070D013 and the setter store @0x0070C71E)
C6_MOD10_SIB_BYTE@0x0083B0E7,0x0083B0E7,"MOV BYTE [...+0x84],imm8",ESP (boundary-verified),imm8=0x02,entry~0x0083AEA0,UNRESOLVED,REJECTED_UNRELATED_OFFSET,partial-width (byte/word) store at +0x84; cannot fully assign the dword pointer member at factory+0x84 (dword member per the base ctor store @0x0070D013 and the setter store @0x0070C71E)
8D_MOD10_disp32_SIB@0x0083F2D9,0x0083F2D9,"LEA ECX,[ESP+ESP*1+0x84]",ESP (boundary-verified),read,entry~0x0083F270,UNRESOLVED,REJECTED_WRONG_OBJECT,stack-relative slot; the factory object is heap-allocated (new 0x118 @0x0073E2CC lazy-init); a stack slot cannot be the factory's +0x84 member
8D_MOD10_disp32_SIB@0x00845980,0x00845980,"LEA EDX,[ESP+ESP*1+0x84]",ESP (boundary-verified),read,entry~0x00845840,UNRESOLVED,REJECTED_WRONG_OBJECT,stack-relative slot; the factory object is heap-allocated (new 0x118 @0x0073E2CC lazy-init); a stack slot cannot be the factory's +0x84 member
8B_MOD01_disp8@0x00846B94,0x00846B94,"MOV EBP,[EDX+0x84]",EDX (boundary-verified),read,entry~0x00846790,NOT_A_WRITE,REJECTED_READ_NOT_WRITE,read/CMP form with displacement 0x84; no memory write occurs
8B_MOD01_disp8@0x00846B98,0x00846B98,"MOV EBP,[EDX+0x84]",EDX (boundary-verified),read,entry~0x00846790,NOT_A_WRITE,REJECTED_READ_NOT_WRITE,read/CMP form with displacement 0x84; no memory write occurs
8B_MOD10_disp32_SIB@0x00848FC6,0x00848FC6,"MOV ECX,[ESP+ESP*1+0x84]",ESP (boundary-verified),read,entry~0x00848EA0,NOT_A_WRITE,REJECTED_READ_NOT_WRITE,read/CMP form with displacement 0x84; no memory write occurs
8B_MOD10_disp32_SIB@0x0084905A,0x0084905A,"MOV ECX,[ESP+ESP*1+0x84]",ESP (boundary-verified),read,entry~0x00848EA0,NOT_A_WRITE,REJECTED_READ_NOT_WRITE,read/CMP form with displacement 0x84; no memory write occurs
8B_MOD10_disp32_SIB@0x00849067,0x00849067,"MOV ECX,[ESP+ESP*1+0x84]",ESP (boundary-verified),read,entry~0x00848EA0,NOT_A_WRITE,REJECTED_READ_NOT_WRITE,read/CMP form with displacement 0x84; no memory write occurs
89_MOD10_disp32_SIB@0x0084E0BA,0x0084E0BA,"MOV [ESP+ESP*1+0x84],EAX",ESP (boundary-verified),EAX,entry~0x0084DDE0,UNRESOLVED,REJECTED_WRONG_OBJECT,stack-relative slot; the factory object is heap-allocated (new 0x118 @0x0073E2CC lazy-init); a stack slot cannot be the factory's +0x84 member
8B_MOD10_disp32@0x0084E0C8,0x0084E0C8,"MOV EDX,[EBP+0x84]",EBP (boundary-verified),read,entry~0x0084DDE0,NOT_A_WRITE,REJECTED_READ_NOT_WRITE,read/CMP form with displacement 0x84; no memory write occurs
8B_MOD10_disp32_SIB@0x0084F011,0x0084F011,"MOV ECX,[ESP+ESP*1+0x84]",ESP (boundary-unverified),read,entry~0x0084EFD0,NOT_A_WRITE,REJECTED_READ_NOT_WRITE,read/CMP form with displacement 0x84; no memory write occurs
8D_MOD10_disp32_SIB@0x0084F38D,0x0084F38D,"LEA EAX,[ESP+ESP*1+0x84]",ESP (boundary-verified),read,entry~0x0084F370,UNRESOLVED,REJECTED_WRONG_OBJECT,stack-relative slot; the factory object is heap-allocated (new 0x118 @0x0073E2CC lazy-init); a stack slot cannot be the factory's +0x84 member
8B_MOD10_disp32_SIB@0x0084F69F,0x0084F69F,"MOV ECX,[ESP+ESP*1+0x84]",ESP (boundary-verified),read,entry~0x0084F370,NOT_A_WRITE,REJECTED_READ_NOT_WRITE,read/CMP form with displacement 0x84; no memory write occurs
8B_MOD10_disp32_SIB@0x0085383D,0x0085383D,"MOV EDI,[ESP+ESP*1+0x84]",ESP (boundary-verified),read,entry~0x00853810,NOT_A_WRITE,REJECTED_READ_NOT_WRITE,read/CMP form with displacement 0x84; no memory write occurs
89_MOD10_disp32_SIB@0x008538FC,0x008538FC,"MOV [ESP+ESP*1+0x84],EAX",ESP (boundary-verified),EAX,entry~0x00853810,UNRESOLVED,REJECTED_WRONG_OBJECT,stack-relative slot; the factory object is heap-allocated (new 0x118 @0x0073E2CC lazy-init); a stack slot cannot be the factory's +0x84 member
8B_MOD10_disp32_SIB@0x0085544B,0x0085544B,"MOV EBP,[ESP+ESP*1+0x84]",ESP (boundary-verified),read,entry~0x008553D0,NOT_A_WRITE,REJECTED_READ_NOT_WRITE,read/CMP form with displacement 0x84; no memory write occurs
8D_MOD10_disp32_SIB@0x0085546C,0x0085546C,"LEA EDX,[ESP+ESP*1+0x84]",ESP (boundary-verified),read,entry~0x008553D0,UNRESOLVED,REJECTED_WRONG_OBJECT,stack-relative slot; the factory object is heap-allocated (new 0x118 @0x0073E2CC lazy-init); a stack slot cannot be the factory's +0x84 member
8B_MOD10_disp32_SIB@0x00855492,0x00855492,"MOV ECX,[ESP+ESP*1+0x84]",ESP (boundary-verified),read,entry~0x008553D0,NOT_A_WRITE,REJECTED_READ_NOT_WRITE,read/CMP form with displacement 0x84; no memory write occurs
8D_MOD10_disp32_SIB@0x008554A6,0x008554A6,"LEA EAX,[ESP+ESP*1+0x84]",ESP (boundary-verified),read,entry~0x008553D0,UNRESOLVED,REJECTED_WRONG_OBJECT,stack-relative slot; the factory object is heap-allocated (new 0x118 @0x0073E2CC lazy-init); a stack slot cannot be the factory's +0x84 member
8B_MOD10_disp32_SIB@0x008554C3,0x008554C3,"MOV ECX,[ESP+ESP*1+0x84]",ESP (boundary-verified),read,entry~0x008553D0,NOT_A_WRITE,REJECTED_READ_NOT_WRITE,read/CMP form with displacement 0x84; no memory write occurs
8D_MOD10_disp32_SIB@0x008554D7,0x008554D7,"LEA ECX,[ESP+ESP*1+0x84]",ESP (boundary-verified),read,entry~0x008553D0,UNRESOLVED,REJECTED_WRONG_OBJECT,stack-relative slot; the factory object is heap-allocated (new 0x118 @0x0073E2CC lazy-init); a stack slot cannot be the factory's +0x84 member
8B_MOD10_disp32_SIB@0x008554F8,0x008554F8,"MOV ECX,[ESP+ESP*1+0x84]",ESP (boundary-verified),read,entry~0x008553D0,NOT_A_WRITE,REJECTED_READ_NOT_WRITE,read/CMP form with displacement 0x84; no memory write occurs
8D_MOD10_disp32_SIB@0x00855596,0x00855596,"LEA EAX,[ESP+ESP*1+0x84]",ESP (boundary-verified),read,entry~0x008553D0,UNRESOLVED,REJECTED_WRONG_OBJECT,stack-relative slot; the factory object is heap-allocated (new 0x118 @0x0073E2CC lazy-init); a stack slot cannot be the factory's +0x84 member
8B_MOD10_disp32_SIB@0x008555B3,0x008555B3,"MOV ECX,[ESP+ESP*1+0x84]",ESP (boundary-verified),read,entry~0x008553D0,NOT_A_WRITE,REJECTED_READ_NOT_WRITE,read/CMP form with displacement 0x84; no memory write occurs
8D_MOD10_disp32_SIB@0x008555CA,0x008555CA,"LEA ECX,[ESP+ESP*1+0x84]",ESP (boundary-verified),read,entry~0x008553D0,UNRESOLVED,REJECTED_WRONG_OBJECT,stack-relative slot; the factory object is heap-allocated (new 0x118 @0x0073E2CC lazy-init); a stack slot cannot be the factory's +0x84 member
8B_MOD10_disp32_SIB@0x008555E7,0x008555E7,"MOV ECX,[ESP+ESP*1+0x84]",ESP (boundary-verified),read,entry~0x008553D0,NOT_A_WRITE,REJECTED_READ_NOT_WRITE,read/CMP form with displacement 0x84; no memory write occurs
8D_MOD10_disp32_SIB@0x008555F9,0x008555F9,"LEA EDX,[ESP+ESP*1+0x84]",ESP (boundary-verified),read,entry~0x008553D0,UNRESOLVED,REJECTED_WRONG_OBJECT,stack-relative slot; the factory object is heap-allocated (new 0x118 @0x0073E2CC lazy-init); a stack slot cannot be the factory's +0x84 member
8B_MOD10_disp32_SIB@0x00855616,0x00855616,"MOV ECX,[ESP+ESP*1+0x84]",ESP (boundary-verified),read,entry~0x008553D0,NOT_A_WRITE,REJECTED_READ_NOT_WRITE,read/CMP form with displacement 0x84; no memory write occurs
8D_MOD10_disp32_SIB@0x00855626,0x00855626,"LEA EAX,[ESP+ESP*1+0x84]",ESP (boundary-verified),read,entry~0x008553D0,UNRESOLVED,REJECTED_WRONG_OBJECT,stack-relative slot; the factory object is heap-allocated (new 0x118 @0x0073E2CC lazy-init); a stack slot cannot be the factory's +0x84 member
8B_MOD10_disp32_SIB@0x00855643,0x00855643,"MOV ECX,[ESP+ESP*1+0x84]",ESP (boundary-verified),read,entry~0x008553D0,NOT_A_WRITE,REJECTED_READ_NOT_WRITE,read/CMP form with displacement 0x84; no memory write occurs
8D_MOD10_disp32_SIB@0x00855657,0x00855657,"LEA ECX,[ESP+ESP*1+0x84]",ESP (boundary-verified),read,entry~0x008553D0,UNRESOLVED,REJECTED_WRONG_OBJECT,stack-relative slot; the factory object is heap-allocated (new 0x118 @0x0073E2CC lazy-init); a stack slot cannot be the factory's +0x84 member
8B_MOD10_disp32_SIB@0x00855674,0x00855674,"MOV ECX,[ESP+ESP*1+0x84]",ESP (boundary-verified),read,entry~0x008553D0,NOT_A_WRITE,REJECTED_READ_NOT_WRITE,read/CMP form with displacement 0x84; no memory write occurs
C6_MOD10_SIB_BYTE@0x008556FB,0x008556FB,"MOV BYTE [...+0x84],imm8",ESP (boundary-verified),imm8=0x01,entry~0x008553D0,UNRESOLVED,REJECTED_UNRELATED_OFFSET,partial-width (byte/word) store at +0x84; cannot fully assign the dword pointer member at factory+0x84 (dword member per the base ctor store @0x0070D013 and the setter store @0x0070C71E)
8D_MOD10_disp32_SIB@0x00855B21,0x00855B21,"LEA ECX,[ESP+ESP*1+0x84]",ESP (boundary-verified),read,unknown,UNRESOLVED,REJECTED_WRONG_OBJECT,stack-relative slot; the factory object is heap-allocated (new 0x118 @0x0073E2CC lazy-init); a stack slot cannot be the factory's +0x84 member
8B_MOD10_disp32_SIB@0x00855B41,0x00855B41,"MOV ECX,[ESP+ESP*1+0x84]",ESP (boundary-verified),read,unknown,NOT_A_WRITE,REJECTED_READ_NOT_WRITE,read/CMP form with displacement 0x84; no memory write occurs
8B_MOD10_disp32_SIB@0x00857481,0x00857481,"MOV EAX,[ESP+ESP*1+0x84]",ESP (boundary-verified),read,entry~0x00857370,NOT_A_WRITE,REJECTED_READ_NOT_WRITE,read/CMP form with displacement 0x84; no memory write occurs
8B_MOD10_disp32_SIB@0x00858170,0x00858170,"MOV ECX,[ESP+ESP*1+0x84]",ESP (boundary-verified),read,entry~0x00857F90,NOT_A_WRITE,REJECTED_READ_NOT_WRITE,read/CMP form with displacement 0x84; no memory write occurs
8B_MOD10_disp32_SIB@0x0085819B,0x0085819B,"MOV ECX,[ESP+ESP*1+0x84]",ESP (boundary-verified),read,entry~0x00857F90,NOT_A_WRITE,REJECTED_READ_NOT_WRITE,read/CMP form with displacement 0x84; no memory write occurs
8B_MOD10_disp32_SIB@0x008581D8,0x008581D8,"MOV ECX,[ESP+ESP*1+0x84]",ESP (boundary-verified),read,entry~0x00857F90,NOT_A_WRITE,REJECTED_READ_NOT_WRITE,read/CMP form with displacement 0x84; no memory write occurs
89_MOD10_disp32_SIB@0x008581F4,0x008581F4,"MOV [ESP+ESP*1+0x84],EDX",ESP (boundary-unverified),EDX,entry~0x00857F90,NOT_A_WRITE,REJECTED_UNRELATED_OFFSET,raw byte-pattern occurrence not at a verified instruction start (part of another instruction's immediate/displacement); not an instruction
8B_MOD10_disp32@0x008582DA,0x008582DA,"MOV EDX,[EDX+0x84]",EDX (boundary-verified),read,entry~0x00857F90,NOT_A_WRITE,REJECTED_READ_NOT_WRITE,read/CMP form with displacement 0x84; no memory write occurs
89_MOD10_disp32_SIB@0x0085869E,0x0085869E,"MOV [ESP+ESP*1+0x84],EBX",ESP (boundary-verified),EBX,entry~0x00858420,UNRESOLVED,REJECTED_WRONG_OBJECT,stack-relative slot; the factory object is heap-allocated (new 0x118 @0x0073E2CC lazy-init); a stack slot cannot be the factory's +0x84 member
8B_MOD10_disp32_SIB@0x00859575,0x00859575,"MOV ECX,[ESP+ESP*1+0x84]",ESP (boundary-verified),read,entry~0x00859440,NOT_A_WRITE,REJECTED_READ_NOT_WRITE,read/CMP form with displacement 0x84; no memory write occurs
8B_MOD10_disp32_SIB@0x0085962C,0x0085962C,"MOV EAX,[ESP+ESP*1+0x84]",ESP (boundary-verified),read,entry~0x00859440,NOT_A_WRITE,REJECTED_READ_NOT_WRITE,read/CMP form with displacement 0x84; no memory write occurs
89_MOD10_disp32_SIB@0x0085966F,0x0085966F,"MOV [ESP+ESP*1+0x84],EAX",ESP (boundary-verified),EAX,entry~0x00859440,UNRESOLVED,REJECTED_WRONG_OBJECT,stack-relative slot; the factory object is heap-allocated (new 0x118 @0x0073E2CC lazy-init); a stack slot cannot be the factory's +0x84 member
89_MOD10_disp32_SIB@0x0085972F,0x0085972F,"MOV [ESP+ESP*1+0x84],EDI",ESP (boundary-verified),EDI,entry~0x00859440,UNRESOLVED,REJECTED_WRONG_OBJECT,stack-relative slot; the factory object is heap-allocated (new 0x118 @0x0073E2CC lazy-init); a stack slot cannot be the factory's +0x84 member
8B_MOD10_disp32_SIB@0x00859811,0x00859811,"MOV ECX,[ESP+ESP*1+0x84]",ESP (boundary-verified),read,entry~0x00859440,NOT_A_WRITE,REJECTED_READ_NOT_WRITE,read/CMP form with displacement 0x84; no memory write occurs
8D_MOD10_disp32_SIB@0x0085A08F,0x0085A08F,"LEA ECX,[ESP+ESP*1+0x84]",ESP (boundary-verified),read,unknown,UNRESOLVED,REJECTED_WRONG_OBJECT,stack-relative slot; the factory object is heap-allocated (new 0x118 @0x0073E2CC lazy-init); a stack slot cannot be the factory's +0x84 member
89_MOD10_disp32_SIB@0x0085A26D,0x0085A26D,"MOV [ESP+ESP*1+0x84],EAX",ESP (boundary-verified),EAX,entry~0x0085A1B0,UNRESOLVED,REJECTED_WRONG_OBJECT,stack-relative slot; the factory object is heap-allocated (new 0x118 @0x0073E2CC lazy-init); a stack slot cannot be the factory's +0x84 member
C6_MOD10_SIB_BYTE@0x0085AB74,0x0085AB74,"MOV BYTE [...+0x84],imm8",ESP (boundary-verified),imm8=0x06,entry~0x0085A9F0,UNRESOLVED,REJECTED_UNRELATED_OFFSET,partial-width (byte/word) store at +0x84; cannot fully assign the dword pointer member at factory+0x84 (dword member per the base ctor store @0x0070D013 and the setter store @0x0070C71E)
8B_MOD10_disp32@0x0085AD12,0x0085AD12,"MOV EDX,[ECX+0x84]",ECX (boundary-unverified),read,entry~0x0085ACD0,NOT_A_WRITE,REJECTED_READ_NOT_WRITE,read/CMP form with displacement 0x84; no memory write occurs
89_MOD10_disp32@0x0085AD44,0x0085AD44,"MOV [ECX+0x84],EAX",ECX (boundary-verified),EAX,entry~0x0085AD40,UNRESOLVED,UNRESOLVED,boundary-verified non-stack dword write to [reg+0x84]; base-register identity not resolved to any factory object within the window-level provenance bound; not established as a factory+0x84 write (no claim made)
89_MOD10_disp32@0x0085B227,0x0085B227,"MOV [ESI+0x84],EBX",ESI (boundary-verified),EBX,entry~0x0085B1B0,UNRESOLVED,UNRESOLVED,boundary-verified non-stack dword write to [reg+0x84]; base-register identity not resolved to any factory object within the window-level provenance bound; not established as a factory+0x84 write (no claim made)
8B_MOD10_disp32_SIB@0x0085C243,0x0085C243,"MOV ESI,[ESP+ESP*1+0x84]",ESP (boundary-verified),read,entry~0x0085C130,NOT_A_WRITE,REJECTED_READ_NOT_WRITE,read/CMP form with displacement 0x84; no memory write occurs
8B_MOD10_disp32@0x0085CDAD,0x0085CDAD,"MOV EDX,[EDX+0x84]",EDX (boundary-verified),read,unknown,NOT_A_WRITE,REJECTED_READ_NOT_WRITE,read/CMP form with displacement 0x84; no memory write occurs
89_MOD10_disp32_SIB@0x0085EFA9,0x0085EFA9,"MOV [ESP+ESP*1+0x84],EAX",ESP (boundary-verified),EAX,entry~0x0085EE90,UNRESOLVED,REJECTED_WRONG_OBJECT,stack-relative slot; the factory object is heap-allocated (new 0x118 @0x0073E2CC lazy-init); a stack slot cannot be the factory's +0x84 member
89_MOD10_disp32_SIB@0x0085F7C1,0x0085F7C1,"MOV [ESP+ESP*1+0x84],EDX",ESP (boundary-verified),EDX,entry~0x0085F6B0,UNRESOLVED,REJECTED_WRONG_OBJECT,stack-relative slot; the factory object is heap-allocated (new 0x118 @0x0073E2CC lazy-init); a stack slot cannot be the factory's +0x84 member
89_MOD10_disp32_SIB@0x0085FCBB,0x0085FCBB,"MOV [ESP+ESP*1+0x84],ESI",ESP (boundary-verified),ESI,entry~0x0085F900,UNRESOLVED,REJECTED_WRONG_OBJECT,stack-relative slot; the factory object is heap-allocated (new 0x118 @0x0073E2CC lazy-init); a stack slot cannot be the factory's +0x84 member
8B_MOD10_disp32@0x0085FCC4,0x0085FCC4,"MOV EDX,[EDX+0x84]",EDX (boundary-verified),read,entry~0x0085F900,NOT_A_WRITE,REJECTED_READ_NOT_WRITE,read/CMP form with displacement 0x84; no memory write occurs
89_MOD10_disp32_SIB@0x008600FB,0x008600FB,"MOV [ESP+ESP*1+0x84],ESI",ESP (boundary-verified),ESI,entry~0x0085FD20,UNRESOLVED,REJECTED_WRONG_OBJECT,stack-relative slot; the factory object is heap-allocated (new 0x118 @0x0073E2CC lazy-init); a stack slot cannot be the factory's +0x84 member
8B_MOD10_disp32@0x00860104,0x00860104,"MOV EDX,[EDX+0x84]",EDX (boundary-verified),read,entry~0x0085FD20,NOT_A_WRITE,REJECTED_READ_NOT_WRITE,read/CMP form with displacement 0x84; no memory write occurs
8D_MOD10_disp32_SIB@0x00861D86,0x00861D86,"LEA EDI,[ESP+ESP*1+0x84]",ESP (boundary-verified),read,unknown,UNRESOLVED,REJECTED_WRONG_OBJECT,stack-relative slot; the factory object is heap-allocated (new 0x118 @0x0073E2CC lazy-init); a stack slot cannot be the factory's +0x84 member
8D_MOD10_disp32_SIB@0x00861FE3,0x00861FE3,"LEA EDI,[ESP+ESP*1+0x84]",ESP (boundary-verified),read,unknown,UNRESOLVED,REJECTED_WRONG_OBJECT,stack-relative slot; the factory object is heap-allocated (new 0x118 @0x0073E2CC lazy-init); a stack slot cannot be the factory's +0x84 member
88_MOD10_BYTE@0x00865BDA,0x00865BDA,"MOV BYTE [ESI+0x84],AL",ESI (boundary-verified),byte,entry~0x00865920,UNRESOLVED,REJECTED_UNRELATED_OFFSET,partial-width (byte/word) store at +0x84; cannot fully assign the dword pointer member at factory+0x84 (dword member per the base ctor store @0x0070D013 and the setter store @0x0070C71E)
8B_MOD10_disp32@0x00866624,0x00866624,"MOV EDX,[EAX+0x84]",EAX (boundary-verified),read,entry~0x008665E0,NOT_A_WRITE,REJECTED_READ_NOT_WRITE,read/CMP form with displacement 0x84; no memory write occurs
8B_MOD10_disp32@0x008666A1,0x008666A1,"MOV EDX,[EAX+0x84]",EAX (boundary-verified),read,entry~0x00866670,NOT_A_WRITE,REJECTED_READ_NOT_WRITE,read/CMP form with displacement 0x84; no memory write occurs
89_MOD10_disp32_SIB@0x00866B80,0x00866B80,"MOV [ESP+ESP*1+0x84],EBX",ESP (boundary-verified),EBX,entry~0x00866A20,UNRESOLVED,REJECTED_WRONG_OBJECT,stack-relative slot; the factory object is heap-allocated (new 0x118 @0x0073E2CC lazy-init); a stack slot cannot be the factory's +0x84 member
C7_MOD10_SIB@0x00866C52,0x00866C52,"MOV [ESP+ESP*1+0x84],0x77DB0",ESP (boundary-verified),imm32=0x77DB0,entry~0x00866A20,UNRESOLVED,REJECTED_WRONG_OBJECT,stack-relative slot; the factory object is heap-allocated (new 0x118 @0x0073E2CC lazy-init); a stack slot cannot be the factory's +0x84 member
8D_MOD10_disp32_SIB@0x00868320,0x00868320,"LEA EDX,[ESP+ESP*1+0x84]",ESP (boundary-verified),read,entry~0x008682A0,UNRESOLVED,REJECTED_WRONG_OBJECT,stack-relative slot; the factory object is heap-allocated (new 0x118 @0x0073E2CC lazy-init); a stack slot cannot be the factory's +0x84 member
8D_MOD10_disp32_SIB@0x00868363,0x00868363,"LEA EDX,[ESP+ESP*1+0x84]",ESP (boundary-verified),read,entry~0x008682A0,UNRESOLVED,REJECTED_WRONG_OBJECT,stack-relative slot; the factory object is heap-allocated (new 0x118 @0x0073E2CC lazy-init); a stack slot cannot be the factory's +0x84 member
8D_MOD10_disp32_SIB@0x00868420,0x00868420,"LEA EDX,[ESP+ESP*1+0x84]",ESP (boundary-verified),read,entry~0x008683A0,UNRESOLVED,REJECTED_WRONG_OBJECT,stack-relative slot; the factory object is heap-allocated (new 0x118 @0x0073E2CC lazy-init); a stack slot cannot be the factory's +0x84 member
8D_MOD10_disp32_SIB@0x00868463,0x00868463,"LEA EDX,[ESP+ESP*1+0x84]",ESP (boundary-verified),read,entry~0x008683A0,UNRESOLVED,REJECTED_WRONG_OBJECT,stack-relative slot; the factory object is heap-allocated (new 0x118 @0x0073E2CC lazy-init); a stack slot cannot be the factory's +0x84 member
8D_MOD10_disp32_SIB@0x00868597,0x00868597,"LEA EDX,[ESP+ESP*1+0x84]",ESP (boundary-verified),read,entry~0x00868490,UNRESOLVED,REJECTED_WRONG_OBJECT,stack-relative slot; the factory object is heap-allocated (new 0x118 @0x0073E2CC lazy-init); a stack slot cannot be the factory's +0x84 member
8D_MOD10_disp32_SIB@0x00868740,0x00868740,"LEA EDX,[ESP+ESP*1+0x84]",ESP (boundary-verified),read,entry~0x00868490,UNRESOLVED,REJECTED_WRONG_OBJECT,stack-relative slot; the factory object is heap-allocated (new 0x118 @0x0073E2CC lazy-init); a stack slot cannot be the factory's +0x84 member
8D_MOD10_disp32_SIB@0x00868783,0x00868783,"LEA EDX,[ESP+ESP*1+0x84]",ESP (boundary-verified),read,entry~0x00868490,UNRESOLVED,REJECTED_WRONG_OBJECT,stack-relative slot; the factory object is heap-allocated (new 0x118 @0x0073E2CC lazy-init); a stack slot cannot be the factory's +0x84 member
8D_MOD10_disp32_SIB@0x00869C77,0x00869C77,"LEA ECX,[ESP+ESP*1+0x84]",ESP (boundary-verified),read,entry~0x00869BB0,UNRESOLVED,REJECTED_WRONG_OBJECT,stack-relative slot; the factory object is heap-allocated (new 0x118 @0x0073E2CC lazy-init); a stack slot cannot be the factory's +0x84 member
8D_MOD10_disp32_SIB@0x00869C83,0x00869C83,"LEA ECX,[ESP+ESP*1+0x84]",ESP (boundary-verified),read,entry~0x00869BB0,UNRESOLVED,REJECTED_WRONG_OBJECT,stack-relative slot; the factory object is heap-allocated (new 0x118 @0x0073E2CC lazy-init); a stack slot cannot be the factory's +0x84 member
8D_MOD10_disp32_SIB@0x0086A0DC,0x0086A0DC,"LEA ECX,[ESP+ESP*1+0x84]",ESP (boundary-verified),read,entry~0x00869BB0,UNRESOLVED,REJECTED_WRONG_OBJECT,stack-relative slot; the factory object is heap-allocated (new 0x118 @0x0073E2CC lazy-init); a stack slot cannot be the factory's +0x84 member
8D_MOD10_disp32_SIB@0x0086B351,0x0086B351,"LEA EAX,[ESP+ESP*1+0x84]",ESP (boundary-verified),read,entry~0x0086B320,UNRESOLVED,REJECTED_WRONG_OBJECT,stack-relative slot; the factory object is heap-allocated (new 0x118 @0x0073E2CC lazy-init); a stack slot cannot be the factory's +0x84 member
8D_MOD10_disp32_SIB@0x0086BC92,0x0086BC92,"LEA ECX,[ESP+ESP*1+0x84]",ESP (boundary-verified),read,entry~0x0086BB30,UNRESOLVED,REJECTED_WRONG_OBJECT,stack-relative slot; the factory object is heap-allocated (new 0x118 @0x0073E2CC lazy-init); a stack slot cannot be the factory's +0x84 member
8D_MOD10_disp32_SIB@0x0086BD5E,0x0086BD5E,"LEA ECX,[ESP+ESP*1+0x84]",ESP (boundary-verified),read,entry~0x0086BB30,UNRESOLVED,REJECTED_WRONG_OBJECT,stack-relative slot; the factory object is heap-allocated (new 0x118 @0x0073E2CC lazy-init); a stack slot cannot be the factory's +0x84 member
89_MOD10_disp32_SIB@0x0086C5AB,0x0086C5AB,"MOV [ESP+ESP*1+0x84],EAX",ESP (boundary-verified),EAX,entry~0x0086C590,UNRESOLVED,REJECTED_WRONG_OBJECT,stack-relative slot; the factory object is heap-allocated (new 0x118 @0x0073E2CC lazy-init); a stack slot cannot be the factory's +0x84 member
8B_MOD10_disp32_SIB@0x0086C68C,0x0086C68C,"MOV ECX,[ESP+ESP*1+0x84]",ESP (boundary-verified),read,entry~0x0086C590,NOT_A_WRITE,REJECTED_READ_NOT_WRITE,read/CMP form with displacement 0x84; no memory write occurs
8D_MOD10_disp32_SIB@0x0086E361,0x0086E361,"LEA EAX,[ESP+ESP*1+0x84]",ESP (boundary-verified),read,entry~0x0086E330,UNRESOLVED,REJECTED_WRONG_OBJECT,stack-relative slot; the factory object is heap-allocated (new 0x118 @0x0073E2CC lazy-init); a stack slot cannot be the factory's +0x84 member
8D_MOD10_disp32_SIB@0x0086E436,0x0086E436,"LEA ECX,[ESP+ESP*1+0x84]",ESP (boundary-verified),read,entry~0x0086E400,UNRESOLVED,REJECTED_WRONG_OBJECT,stack-relative slot; the factory object is heap-allocated (new 0x118 @0x0073E2CC lazy-init); a stack slot cannot be the factory's +0x84 member
C7_MOD10_SIB@0x008709C4,0x008709C4,"MOV [ESP+ESP*1+0x84],0x0",ESP (boundary-verified),imm32=0x0,entry~0x00870960,UNRESOLVED,REJECTED_WRONG_OBJECT,stack-relative slot; the factory object is heap-allocated (new 0x118 @0x0073E2CC lazy-init); a stack slot cannot be the factory's +0x84 member
C6_MOD10_SIB_BYTE@0x00870A04,0x00870A04,"MOV BYTE [...+0x84],imm8",ESP (boundary-verified),imm8=0x03,entry~0x00870960,UNRESOLVED,REJECTED_UNRELATED_OFFSET,partial-width (byte/word) store at +0x84; cannot fully assign the dword pointer member at factory+0x84 (dword member per the base ctor store @0x0070D013 and the setter store @0x0070C71E)
8D_MOD10_disp32_SIB@0x00870D81,0x00870D81,"LEA EAX,[ESP+ESP*1+0x84]",ESP (boundary-verified),read,entry~0x00870D50,UNRESOLVED,REJECTED_WRONG_OBJECT,stack-relative slot; the factory object is heap-allocated (new 0x118 @0x0073E2CC lazy-init); a stack slot cannot be the factory's +0x84 member
8D_MOD10_disp32_SIB@0x00871A79,0x00871A79,"LEA ECX,[ESP+ESP*1+0x84]",ESP (boundary-verified),read,entry~0x008717D0,UNRESOLVED,REJECTED_WRONG_OBJECT,stack-relative slot; the factory object is heap-allocated (new 0x118 @0x0073E2CC lazy-init); a stack slot cannot be the factory's +0x84 member
C6_MOD10_SIB_BYTE@0x00871DE3,0x00871DE3,"MOV BYTE [...+0x84],imm8",ESP (boundary-verified),imm8=0x02,entry~0x00871D60,UNRESOLVED,REJECTED_UNRELATED_OFFSET,partial-width (byte/word) store at +0x84; cannot fully assign the dword pointer member at factory+0x84 (dword member per the base ctor store @0x0070D013 and the setter store @0x0070C71E)
C6_MOD10_SIB_BYTE@0x00871E29,0x00871E29,"MOV BYTE [...+0x84],imm8",ESP (boundary-verified),imm8=0x02,entry~0x00871D60,UNRESOLVED,REJECTED_UNRELATED_OFFSET,partial-width (byte/word) store at +0x84; cannot fully assign the dword pointer member at factory+0x84 (dword member per the base ctor store @0x0070D013 and the setter store @0x0070C71E)
C7_MOD10_SIB@0x00871E46,0x00871E46,"MOV [ESP+ESP*1+0x84],0xFFFFFFFF",ESP (boundary-verified),imm32=0xFFFFFFFF,entry~0x00871D60,UNRESOLVED,REJECTED_WRONG_OBJECT,stack-relative slot; the factory object is heap-allocated (new 0x118 @0x0073E2CC lazy-init); a stack slot cannot be the factory's +0x84 member
8D_MOD10_disp32_SIB@0x00872061,0x00872061,"LEA EAX,[ESP+ESP*1+0x84]",ESP (boundary-verified),read,entry~0x00872030,UNRESOLVED,REJECTED_WRONG_OBJECT,stack-relative slot; the factory object is heap-allocated (new 0x118 @0x0073E2CC lazy-init); a stack slot cannot be the factory's +0x84 member
C6_MOD10_SIB_BYTE@0x0087317F,0x0087317F,"MOV BYTE [...+0x84],imm8",ESP (boundary-verified),imm8=0x01,entry~0x00873130,UNRESOLVED,REJECTED_UNRELATED_OFFSET,partial-width (byte/word) store at +0x84; cannot fully assign the dword pointer member at factory+0x84 (dword member per the base ctor store @0x0070D013 and the setter store @0x0070C71E)
C6_MOD10_SIB_BYTE@0x008731CB,0x008731CB,"MOV BYTE [...+0x84],imm8",ESP (boundary-verified),imm8=0x02,entry~0x00873130,UNRESOLVED,REJECTED_UNRELATED_OFFSET,partial-width (byte/word) store at +0x84; cannot fully assign the dword pointer member at factory+0x84 (dword member per the base ctor store @0x0070D013 and the setter store @0x0070C71E)
C6_MOD10_SIB_BYTE@0x008731DD,0x008731DD,"MOV BYTE [...+0x84],imm8",ESP (boundary-verified),imm8=0x01,entry~0x00873130,UNRESOLVED,REJECTED_UNRELATED_OFFSET,partial-width (byte/word) store at +0x84; cannot fully assign the dword pointer member at factory+0x84 (dword member per the base ctor store @0x0070D013 and the setter store @0x0070C71E)
88_MOD10_SIB_BYTE@0x008731EE,0x008731EE,"MOV BYTE [...+0x84],r8",ESP (boundary-verified),byte,entry~0x00873130,UNRESOLVED,REJECTED_UNRELATED_OFFSET,partial-width (byte/word) store at +0x84; cannot fully assign the dword pointer member at factory+0x84 (dword member per the base ctor store @0x0070D013 and the setter store @0x0070C71E)
C7_MOD10_SIB@0x008731FF,0x008731FF,"MOV [ESP+ESP*1+0x84],0xFFFFFFFF",ESP (boundary-verified),imm32=0xFFFFFFFF,entry~0x00873130,UNRESOLVED,REJECTED_WRONG_OBJECT,stack-relative slot; the factory object is heap-allocated (new 0x118 @0x0073E2CC lazy-init); a stack slot cannot be the factory's +0x84 member
8D_MOD10_disp32_SIB@0x008745DE,0x008745DE,"LEA ECX,[ESP+ESP*1+0x84]",ESP (boundary-verified),read,entry~0x008745A0,UNRESOLVED,REJECTED_WRONG_OBJECT,stack-relative slot; the factory object is heap-allocated (new 0x118 @0x0073E2CC lazy-init); a stack slot cannot be the factory's +0x84 member
8D_MOD10_disp32_SIB@0x00874EEC,0x00874EEC,"LEA ECX,[ESP+ESP*1+0x84]",ESP (boundary-verified),read,entry~0x00874EC0,UNRESOLVED,REJECTED_WRONG_OBJECT,stack-relative slot; the factory object is heap-allocated (new 0x118 @0x0073E2CC lazy-init); a stack slot cannot be the factory's +0x84 member
8D_MOD10_disp32_SIB@0x00876CCE,0x00876CCE,"LEA ECX,[ESP+ESP*1+0x84]",ESP (boundary-verified),read,entry~0x00876C40,UNRESOLVED,REJECTED_WRONG_OBJECT,stack-relative slot; the factory object is heap-allocated (new 0x118 @0x0073E2CC lazy-init); a stack slot cannot be the factory's +0x84 member
8D_MOD10_disp32_SIB@0x00878A8B,0x00878A8B,"LEA ECX,[ESP+ESP*1+0x84]",ESP (boundary-verified),read,entry~0x00878780,UNRESOLVED,REJECTED_WRONG_OBJECT,stack-relative slot; the factory object is heap-allocated (new 0x118 @0x0073E2CC lazy-init); a stack slot cannot be the factory's +0x84 member
8B_MOD10_disp32_SIB@0x00879207,0x00879207,"MOV EBP,[ESP+ESP*1+0x84]",ESP (boundary-verified),read,entry~0x008791E0,NOT_A_WRITE,REJECTED_READ_NOT_WRITE,read/CMP form with displacement 0x84; no memory write occurs
8B_MOD10_disp32_SIB@0x0087A0B8,0x0087A0B8,"MOV ESI,[ESP+ESP*1+0x84]",ESP (boundary-verified),read,entry~0x0087A030,NOT_A_WRITE,REJECTED_READ_NOT_WRITE,read/CMP form with displacement 0x84; no memory write occurs
C6_MOD10_SIB_BYTE@0x0087A269,0x0087A269,"MOV BYTE [...+0x84],imm8",ESP (boundary-verified),imm8=0x05,entry~0x0087A030,UNRESOLVED,REJECTED_UNRELATED_OFFSET,partial-width (byte/word) store at +0x84; cannot fully assign the dword pointer member at factory+0x84 (dword member per the base ctor store @0x0070D013 and the setter store @0x0070C71E)
8D_MOD10_disp32_SIB@0x0087C995,0x0087C995,"LEA ECX,[ESP+ESP*1+0x84]",ESP (boundary-verified),read,entry~0x0087C950,UNRESOLVED,REJECTED_WRONG_OBJECT,stack-relative slot; the factory object is heap-allocated (new 0x118 @0x0073E2CC lazy-init); a stack slot cannot be the factory's +0x84 member
8D_MOD10_disp32_SIB@0x0087D7FA,0x0087D7FA,"LEA ECX,[ESP+ESP*1+0x84]",ESP (boundary-verified),read,entry~0x0087D6F0,UNRESOLVED,REJECTED_WRONG_OBJECT,stack-relative slot; the factory object is heap-allocated (new 0x118 @0x0073E2CC lazy-init); a stack slot cannot be the factory's +0x84 member
8D_MOD10_disp32_SIB@0x0087D851,0x0087D851,"LEA EDX,[ESP+ESP*1+0x84]",ESP (boundary-verified),read,entry~0x0087D6F0,UNRESOLVED,REJECTED_WRONG_OBJECT,stack-relative slot; the factory object is heap-allocated (new 0x118 @0x0073E2CC lazy-init); a stack slot cannot be the factory's +0x84 member
8D_MOD10_disp32_SIB@0x0087D8D3,0x0087D8D3,"LEA ECX,[ESP+ESP*1+0x84]",ESP (boundary-verified),read,entry~0x0087D6F0,UNRESOLVED,REJECTED_WRONG_OBJECT,stack-relative slot; the factory object is heap-allocated (new 0x118 @0x0073E2CC lazy-init); a stack slot cannot be the factory's +0x84 member
8D_MOD10_disp32_SIB@0x0087DF65,0x0087DF65,"LEA ECX,[ESP+ESP*1+0x84]",ESP (boundary-verified),read,entry~0x0087DEE0,UNRESOLVED,REJECTED_WRONG_OBJECT,stack-relative slot; the factory object is heap-allocated (new 0x118 @0x0073E2CC lazy-init); a stack slot cannot be the factory's +0x84 member
8D_MOD10_disp32_SIB@0x0087F1D4,0x0087F1D4,"LEA ECX,[ESP+ESP*1+0x84]",ESP (boundary-verified),read,entry~0x0087F1A0,UNRESOLVED,REJECTED_WRONG_OBJECT,stack-relative slot; the factory object is heap-allocated (new 0x118 @0x0073E2CC lazy-init); a stack slot cannot be the factory's +0x84 member
C7_MOD10_SIB@0x0087F235,0x0087F235,"MOV [ESP+ESP*1+0x84],0xA9",ESP (boundary-verified),imm32=0xA9,entry~0x0087F1A0,UNRESOLVED,REJECTED_WRONG_OBJECT,stack-relative slot; the factory object is heap-allocated (new 0x118 @0x0073E2CC lazy-init); a stack slot cannot be the factory's +0x84 member
C7_MOD10_SIB@0x0087FAE3,0x0087FAE3,"MOV [ESP+ESP*1+0x84],0x0",ESP (boundary-verified),imm32=0x0,entry~0x0087FA70,UNRESOLVED,REJECTED_WRONG_OBJECT,stack-relative slot; the factory object is heap-allocated (new 0x118 @0x0073E2CC lazy-init); a stack slot cannot be the factory's +0x84 member
8D_MOD10_disp32_SIB@0x00880281,0x00880281,"LEA EAX,[ESP+ESP*1+0x84]",ESP (boundary-verified),read,entry~0x00880250,UNRESOLVED,REJECTED_WRONG_OBJECT,stack-relative slot; the factory object is heap-allocated (new 0x118 @0x0073E2CC lazy-init); a stack slot cannot be the factory's +0x84 member
8D_MOD10_disp32_SIB@0x00880351,0x00880351,"LEA EAX,[ESP+ESP*1+0x84]",ESP (boundary-verified),read,entry~0x00880320,UNRESOLVED,REJECTED_WRONG_OBJECT,stack-relative slot; the factory object is heap-allocated (new 0x118 @0x0073E2CC lazy-init); a stack slot cannot be the factory's +0x84 member
8B_MOD10_disp32@0x0088167B,0x0088167B,"MOV ECX,[ESI+0x84]",ESI (boundary-verified),read,entry~0x00881630,NOT_A_WRITE,REJECTED_READ_NOT_WRITE,read/CMP form with displacement 0x84; no memory write occurs
89_MOD10_disp32@0x0088168D,0x0088168D,"MOV [ESI+0x84],EDI",ESI (boundary-verified),EDI,entry~0x00881630,UNRESOLVED,UNRESOLVED,boundary-verified non-stack dword write to [reg+0x84]; base-register identity not resolved to any factory object within the window-level provenance bound; not established as a factory+0x84 write (no claim made)
8B_MOD10_disp32_SIB@0x00883995,0x00883995,"MOV EAX,[ESP+ESP*1+0x84]",ESP (boundary-verified),read,entry~0x00883880,NOT_A_WRITE,REJECTED_READ_NOT_WRITE,read/CMP form with displacement 0x84; no memory write occurs
8D_MOD10_disp32_SIB@0x008839B3,0x008839B3,"LEA ECX,[ESP+ESP*1+0x84]",ESP (boundary-verified),read,entry~0x00883880,UNRESOLVED,REJECTED_WRONG_OBJECT,stack-relative slot; the factory object is heap-allocated (new 0x118 @0x0073E2CC lazy-init); a stack slot cannot be the factory's +0x84 member
8B_MOD10_disp32_SIB@0x00883B13,0x00883B13,"MOV EAX,[ESP+ESP*1+0x84]",ESP (boundary-verified),read,entry~0x00883880,NOT_A_WRITE,REJECTED_READ_NOT_WRITE,read/CMP form with displacement 0x84; no memory write occurs
8B_MOD10_disp32_SIB@0x00883B90,0x00883B90,"MOV EAX,[ESP+ESP*1+0x84]",ESP (boundary-verified),read,entry~0x00883880,NOT_A_WRITE,REJECTED_READ_NOT_WRITE,read/CMP form with displacement 0x84; no memory write occurs
89_MOD10_disp32_SIB@0x00883BBF,0x00883BBF,"MOV [ESP+ESP*1+0x84],EAX",ESP (boundary-verified),EAX,entry~0x00883880,UNRESOLVED,REJECTED_WRONG_OBJECT,stack-relative slot; the factory object is heap-allocated (new 0x118 @0x0073E2CC lazy-init); a stack slot cannot be the factory's +0x84 member
8D_MOD10_disp32_SIB@0x00883BCF,0x00883BCF,"LEA EAX,[ESP+ESP*1+0x84]",ESP (boundary-verified),read,entry~0x00883880,UNRESOLVED,REJECTED_WRONG_OBJECT,stack-relative slot; the factory object is heap-allocated (new 0x118 @0x0073E2CC lazy-init); a stack slot cannot be the factory's +0x84 member
89_MOD10_disp32_SIB@0x00883BEB,0x00883BEB,"MOV [ESP+ESP*1+0x84],EAX",ESP (boundary-unverified),EAX,entry~0x00883880,NOT_A_WRITE,REJECTED_UNRELATED_OFFSET,raw byte-pattern occurrence not at a verified instruction start (part of another instruction's immediate/displacement); not an instruction
89_MOD10_disp32_SIB@0x00883C26,0x00883C26,"MOV [ESP+ESP*1+0x84],ESI",ESP (boundary-verified),ESI,entry~0x00883880,UNRESOLVED,REJECTED_WRONG_OBJECT,stack-relative slot; the factory object is heap-allocated (new 0x118 @0x0073E2CC lazy-init); a stack slot cannot be the factory's +0x84 member
8B_MOD10_disp32_SIB@0x00883CFB,0x00883CFB,"MOV ESI,[ESP+ESP*1+0x84]",ESP (boundary-verified),read,entry~0x00883880,NOT_A_WRITE,REJECTED_READ_NOT_WRITE,read/CMP form with displacement 0x84; no memory write occurs
89_MOD10_disp32_SIB@0x00883D4B,0x00883D4B,"MOV [ESP+ESP*1+0x84],ESP",ESP (boundary-verified),ESP,entry~0x00883880,UNRESOLVED,REJECTED_WRONG_OBJECT,stack-relative slot; the factory object is heap-allocated (new 0x118 @0x0073E2CC lazy-init); a stack slot cannot be the factory's +0x84 member
89_MOD10_disp32_SIB@0x00883D76,0x00883D76,"MOV [ESP+ESP*1+0x84],ESP",ESP (boundary-verified),ESP,entry~0x00883880,UNRESOLVED,REJECTED_WRONG_OBJECT,stack-relative slot; the factory object is heap-allocated (new 0x118 @0x0073E2CC lazy-init); a stack slot cannot be the factory's +0x84 member
89_MOD10_disp32_SIB@0x00883D9B,0x00883D9B,"MOV [ESP+ESP*1+0x84],ESP",ESP (boundary-verified),ESP,entry~0x00883880,UNRESOLVED,REJECTED_WRONG_OBJECT,stack-relative slot; the factory object is heap-allocated (new 0x118 @0x0073E2CC lazy-init); a stack slot cannot be the factory's +0x84 member
89_MOD10_disp32_SIB@0x00883DB6,0x00883DB6,"MOV [ESP+ESP*1+0x84],ESP",ESP (boundary-verified),ESP,entry~0x00883880,UNRESOLVED,REJECTED_WRONG_OBJECT,stack-relative slot; the factory object is heap-allocated (new 0x118 @0x0073E2CC lazy-init); a stack slot cannot be the factory's +0x84 member
89_MOD10_disp32_SIB@0x00883DDD,0x00883DDD,"MOV [ESP+ESP*1+0x84],ESP",ESP (boundary-verified),ESP,entry~0x00883880,UNRESOLVED,REJECTED_WRONG_OBJECT,stack-relative slot; the factory object is heap-allocated (new 0x118 @0x0073E2CC lazy-init); a stack slot cannot be the factory's +0x84 member
89_MOD10_disp32_SIB@0x00883DF8,0x00883DF8,"MOV [ESP+ESP*1+0x84],ESP",ESP (boundary-verified),ESP,entry~0x00883880,UNRESOLVED,REJECTED_WRONG_OBJECT,stack-relative slot; the factory object is heap-allocated (new 0x118 @0x0073E2CC lazy-init); a stack slot cannot be the factory's +0x84 member
8D_MOD10_disp32_SIB@0x00885AA5,0x00885AA5,"LEA ECX,[ESP+ESP*1+0x84]",ESP (boundary-verified),read,unknown,UNRESOLVED,REJECTED_WRONG_OBJECT,stack-relative slot; the factory object is heap-allocated (new 0x118 @0x0073E2CC lazy-init); a stack slot cannot be the factory's +0x84 member
8D_MOD10_disp32_SIB@0x00885FC7,0x00885FC7,"LEA ECX,[ESP+ESP*1+0x84]",ESP (boundary-verified),read,entry~0x00885F70,UNRESOLVED,REJECTED_WRONG_OBJECT,stack-relative slot; the factory object is heap-allocated (new 0x118 @0x0073E2CC lazy-init); a stack slot cannot be the factory's +0x84 member
89_MOD10_disp32@0x008861AA,0x008861AA,"MOV [ESI+0x84],EAX",ESI (boundary-verified),EAX,entry~0x00885F70,UNRESOLVED,UNRESOLVED,boundary-verified non-stack dword write to [reg+0x84]; base-register identity not resolved to any factory object within the window-level provenance bound; not established as a factory+0x84 write (no claim made)
8B_MOD10_disp32@0x00886254,0x00886254,"MOV ECX,[ESI+0x84]",ESI (boundary-verified),read,entry~0x00885F70,NOT_A_WRITE,REJECTED_READ_NOT_WRITE,read/CMP form with displacement 0x84; no memory write occurs
8B_MOD10_disp32@0x00886289,0x00886289,"MOV EDX,[ESI+0x84]",ESI (boundary-verified),read,entry~0x00885F70,NOT_A_WRITE,REJECTED_READ_NOT_WRITE,read/CMP form with displacement 0x84; no memory write occurs
8B_MOD10_disp32@0x00886444,0x00886444,"MOV EAX,[ESI+0x84]",ESI (boundary-verified),read,entry~0x00885F70,NOT_A_WRITE,REJECTED_READ_NOT_WRITE,read/CMP form with displacement 0x84; no memory write occurs
8B_MOD10_disp32@0x00886485,0x00886485,"MOV EDX,[ESI+0x84]",ESI (boundary-verified),read,entry~0x00885F70,NOT_A_WRITE,REJECTED_READ_NOT_WRITE,read/CMP form with displacement 0x84; no memory write occurs
8B_MOD10_disp32@0x0088658A,0x0088658A,"MOV ECX,[ESI+0x84]",ESI (boundary-verified),read,unknown,NOT_A_WRITE,REJECTED_READ_NOT_WRITE,read/CMP form with displacement 0x84; no memory write occurs
89_MOD10_disp32@0x00888516,0x00888516,"MOV [ESI+0x84],EBX",ESI (boundary-verified),EBX,entry~0x00888460,UNRESOLVED,UNRESOLVED,boundary-verified non-stack dword write to [reg+0x84]; base-register identity not resolved to any factory object within the window-level provenance bound; not established as a factory+0x84 write (no claim made)
8D_MOD10_disp32_SIB@0x00888703,0x00888703,"LEA EAX,[ESP+ESP*1+0x84]",ESP (boundary-verified),read,entry~0x00888680,UNRESOLVED,REJECTED_WRONG_OBJECT,stack-relative slot; the factory object is heap-allocated (new 0x118 @0x0073E2CC lazy-init); a stack slot cannot be the factory's +0x84 member
8D_MOD10_disp32_SIB@0x0088AD0E,0x0088AD0E,"LEA ECX,[ESP+ESP*1+0x84]",ESP (boundary-verified),read,entry~0x0088AC90,UNRESOLVED,REJECTED_WRONG_OBJECT,stack-relative slot; the factory object is heap-allocated (new 0x118 @0x0073E2CC lazy-init); a stack slot cannot be the factory's +0x84 member
8D_MOD10_disp32_SIB@0x0088AEF8,0x0088AEF8,"LEA ECX,[ESP+ESP*1+0x84]",ESP (boundary-verified),read,entry~0x0088AC90,UNRESOLVED,REJECTED_WRONG_OBJECT,stack-relative slot; the factory object is heap-allocated (new 0x118 @0x0073E2CC lazy-init); a stack slot cannot be the factory's +0x84 member
8D_MOD10_disp32_SIB@0x0088B0F8,0x0088B0F8,"LEA ECX,[ESP+ESP*1+0x84]",ESP (boundary-verified),read,entry~0x0088AC90,UNRESOLVED,REJECTED_WRONG_OBJECT,stack-relative slot; the factory object is heap-allocated (new 0x118 @0x0073E2CC lazy-init); a stack slot cannot be the factory's +0x84 member
8D_MOD10_disp32_SIB@0x0088B193,0x0088B193,"LEA ECX,[ESP+ESP*1+0x84]",ESP (boundary-verified),read,entry~0x0088AC90,UNRESOLVED,REJECTED_WRONG_OBJECT,stack-relative slot; the factory object is heap-allocated (new 0x118 @0x0073E2CC lazy-init); a stack slot cannot be the factory's +0x84 member
8D_MOD10_disp32_SIB@0x0088B31D,0x0088B31D,"LEA ECX,[ESP+ESP*1+0x84]",ESP (boundary-verified),read,unknown,UNRESOLVED,REJECTED_WRONG_OBJECT,stack-relative slot; the factory object is heap-allocated (new 0x118 @0x0073E2CC lazy-init); a stack slot cannot be the factory's +0x84 member
8D_MOD10_disp32_SIB@0x0088B376,0x0088B376,"LEA ECX,[ESP+ESP*1+0x84]",ESP (boundary-verified),read,unknown,UNRESOLVED,REJECTED_WRONG_OBJECT,stack-relative slot; the factory object is heap-allocated (new 0x118 @0x0073E2CC lazy-init); a stack slot cannot be the factory's +0x84 member
8D_MOD10_disp32_SIB@0x0088B699,0x0088B699,"LEA ECX,[ESP+ESP*1+0x84]",ESP (boundary-verified),read,unknown,UNRESOLVED,REJECTED_WRONG_OBJECT,stack-relative slot; the factory object is heap-allocated (new 0x118 @0x0073E2CC lazy-init); a stack slot cannot be the factory's +0x84 member
8D_MOD10_disp32_SIB@0x0088B6D8,0x0088B6D8,"LEA ECX,[ESP+ESP*1+0x84]",ESP (boundary-verified),read,unknown,UNRESOLVED,REJECTED_WRONG_OBJECT,stack-relative slot; the factory object is heap-allocated (new 0x118 @0x0073E2CC lazy-init); a stack slot cannot be the factory's +0x84 member
8D_MOD10_disp32_SIB@0x0088B717,0x0088B717,"LEA ECX,[ESP+ESP*1+0x84]",ESP (boundary-verified),read,unknown,UNRESOLVED,REJECTED_WRONG_OBJECT,stack-relative slot; the factory object is heap-allocated (new 0x118 @0x0073E2CC lazy-init); a stack slot cannot be the factory's +0x84 member
8D_MOD10_disp32_SIB@0x0088BD31,0x0088BD31,"LEA EAX,[ESP+ESP*1+0x84]",ESP (boundary-verified),read,entry~0x0088BD00,UNRESOLVED,REJECTED_WRONG_OBJECT,stack-relative slot; the factory object is heap-allocated (new 0x118 @0x0073E2CC lazy-init); a stack slot cannot be the factory's +0x84 member
8D_MOD10_disp32_SIB@0x0088C6C4,0x0088C6C4,"LEA ECX,[ESP+ESP*1+0x84]",ESP (boundary-verified),read,entry~0x0088C300,UNRESOLVED,REJECTED_WRONG_OBJECT,stack-relative slot; the factory object is heap-allocated (new 0x118 @0x0073E2CC lazy-init); a stack slot cannot be the factory's +0x84 member
8D_MOD10_disp32_SIB@0x0088C6DA,0x0088C6DA,"LEA ECX,[ESP+ESP*1+0x84]",ESP (boundary-verified),read,entry~0x0088C300,UNRESOLVED,REJECTED_WRONG_OBJECT,stack-relative slot; the factory object is heap-allocated (new 0x118 @0x0073E2CC lazy-init); a stack slot cannot be the factory's +0x84 member
8D_MOD10_disp32_SIB@0x0088C795,0x0088C795,"LEA ECX,[ESP+ESP*1+0x84]",ESP (boundary-verified),read,entry~0x0088C300,UNRESOLVED,REJECTED_WRONG_OBJECT,stack-relative slot; the factory object is heap-allocated (new 0x118 @0x0073E2CC lazy-init); a stack slot cannot be the factory's +0x84 member
8D_MOD10_disp32_SIB@0x0088C7BC,0x0088C7BC,"LEA ECX,[ESP+ESP*1+0x84]",ESP (boundary-verified),read,entry~0x0088C300,UNRESOLVED,REJECTED_WRONG_OBJECT,stack-relative slot; the factory object is heap-allocated (new 0x118 @0x0073E2CC lazy-init); a stack slot cannot be the factory's +0x84 member
8D_MOD10_disp32_SIB@0x0088CD41,0x0088CD41,"LEA ECX,[ESP+ESP*1+0x84]",ESP (boundary-verified),read,unknown,UNRESOLVED,REJECTED_WRONG_OBJECT,stack-relative slot; the factory object is heap-allocated (new 0x118 @0x0073E2CC lazy-init); a stack slot cannot be the factory's +0x84 member
8D_MOD10_disp32_SIB@0x0088CDB7,0x0088CDB7,"LEA ECX,[ESP+ESP*1+0x84]",ESP (boundary-verified),read,unknown,UNRESOLVED,REJECTED_WRONG_OBJECT,stack-relative slot; the factory object is heap-allocated (new 0x118 @0x0073E2CC lazy-init); a stack slot cannot be the factory's +0x84 member
8D_MOD10_disp32_SIB@0x0088CE30,0x0088CE30,"LEA ECX,[ESP+ESP*1+0x84]",ESP (boundary-verified),read,unknown,UNRESOLVED,REJECTED_WRONG_OBJECT,stack-relative slot; the factory object is heap-allocated (new 0x118 @0x0073E2CC lazy-init); a stack slot cannot be the factory's +0x84 member
8D_MOD10_disp32_SIB@0x0088CE6A,0x0088CE6A,"LEA ECX,[ESP+ESP*1+0x84]",ESP (boundary-verified),read,unknown,UNRESOLVED,REJECTED_WRONG_OBJECT,stack-relative slot; the factory object is heap-allocated (new 0x118 @0x0073E2CC lazy-init); a stack slot cannot be the factory's +0x84 member
8D_MOD10_disp32_SIB@0x0088CE9F,0x0088CE9F,"LEA EAX,[ESP+ESP*1+0x84]",ESP (boundary-verified),read,unknown,UNRESOLVED,REJECTED_WRONG_OBJECT,stack-relative slot; the factory object is heap-allocated (new 0x118 @0x0073E2CC lazy-init); a stack slot cannot be the factory's +0x84 member
8D_MOD10_disp32_SIB@0x0088CF03,0x0088CF03,"LEA ECX,[ESP+ESP*1+0x84]",ESP (boundary-verified),read,unknown,UNRESOLVED,REJECTED_WRONG_OBJECT,stack-relative slot; the factory object is heap-allocated (new 0x118 @0x0073E2CC lazy-init); a stack slot cannot be the factory's +0x84 member
8D_MOD10_disp32_SIB@0x0088CF79,0x0088CF79,"LEA ECX,[ESP+ESP*1+0x84]",ESP (boundary-verified),read,unknown,UNRESOLVED,REJECTED_WRONG_OBJECT,stack-relative slot; the factory object is heap-allocated (new 0x118 @0x0073E2CC lazy-init); a stack slot cannot be the factory's +0x84 member
8D_MOD10_disp32_SIB@0x0088CFED,0x0088CFED,"LEA ECX,[ESP+ESP*1+0x84]",ESP (boundary-verified),read,unknown,UNRESOLVED,REJECTED_WRONG_OBJECT,stack-relative slot; the factory object is heap-allocated (new 0x118 @0x0073E2CC lazy-init); a stack slot cannot be the factory's +0x84 member
8D_MOD10_disp32_SIB@0x0088D027,0x0088D027,"LEA ECX,[ESP+ESP*1+0x84]",ESP (boundary-verified),read,unknown,UNRESOLVED,REJECTED_WRONG_OBJECT,stack-relative slot; the factory object is heap-allocated (new 0x118 @0x0073E2CC lazy-init); a stack slot cannot be the factory's +0x84 member
8D_MOD10_disp32_SIB@0x0088D05C,0x0088D05C,"LEA EAX,[ESP+ESP*1+0x84]",ESP (boundary-verified),read,unknown,UNRESOLVED,REJECTED_WRONG_OBJECT,stack-relative slot; the factory object is heap-allocated (new 0x118 @0x0073E2CC lazy-init); a stack slot cannot be the factory's +0x84 member
8D_MOD10_disp32_SIB@0x0088D0C0,0x0088D0C0,"LEA ECX,[ESP+ESP*1+0x84]",ESP (boundary-verified),read,unknown,UNRESOLVED,REJECTED_WRONG_OBJECT,stack-relative slot; the factory object is heap-allocated (new 0x118 @0x0073E2CC lazy-init); a stack slot cannot be the factory's +0x84 member
8D_MOD10_disp32_SIB@0x0088D136,0x0088D136,"LEA ECX,[ESP+ESP*1+0x84]",ESP (boundary-verified),read,unknown,UNRESOLVED,REJECTED_WRONG_OBJECT,stack-relative slot; the factory object is heap-allocated (new 0x118 @0x0073E2CC lazy-init); a stack slot cannot be the factory's +0x84 member
8D_MOD10_disp32_SIB@0x0088D1AA,0x0088D1AA,"LEA ECX,[ESP+ESP*1+0x84]",ESP (boundary-verified),read,unknown,UNRESOLVED,REJECTED_WRONG_OBJECT,stack-relative slot; the factory object is heap-allocated (new 0x118 @0x0073E2CC lazy-init); a stack slot cannot be the factory's +0x84 member
8D_MOD10_disp32_SIB@0x0088D1E4,0x0088D1E4,"LEA ECX,[ESP+ESP*1+0x84]",ESP (boundary-verified),read,unknown,UNRESOLVED,REJECTED_WRONG_OBJECT,stack-relative slot; the factory object is heap-allocated (new 0x118 @0x0073E2CC lazy-init); a stack slot cannot be the factory's +0x84 member
8D_MOD10_disp32_SIB@0x0088D219,0x0088D219,"LEA EAX,[ESP+ESP*1+0x84]",ESP (boundary-verified),read,unknown,UNRESOLVED,REJECTED_WRONG_OBJECT,stack-relative slot; the factory object is heap-allocated (new 0x118 @0x0073E2CC lazy-init); a stack slot cannot be the factory's +0x84 member
8D_MOD10_disp32_SIB@0x0088D27D,0x0088D27D,"LEA ECX,[ESP+ESP*1+0x84]",ESP (boundary-verified),read,unknown,UNRESOLVED,REJECTED_WRONG_OBJECT,stack-relative slot; the factory object is heap-allocated (new 0x118 @0x0073E2CC lazy-init); a stack slot cannot be the factory's +0x84 member
8D_MOD10_disp32_SIB@0x0088D2F3,0x0088D2F3,"LEA ECX,[ESP+ESP*1+0x84]",ESP (boundary-verified),read,unknown,UNRESOLVED,REJECTED_WRONG_OBJECT,stack-relative slot; the factory object is heap-allocated (new 0x118 @0x0073E2CC lazy-init); a stack slot cannot be the factory's +0x84 member
8D_MOD10_disp32_SIB@0x0088D367,0x0088D367,"LEA ECX,[ESP+ESP*1+0x84]",ESP (boundary-verified),read,unknown,UNRESOLVED,REJECTED_WRONG_OBJECT,stack-relative slot; the factory object is heap-allocated (new 0x118 @0x0073E2CC lazy-init); a stack slot cannot be the factory's +0x84 member
8D_MOD10_disp32_SIB@0x0088D3A1,0x0088D3A1,"LEA ECX,[ESP+ESP*1+0x84]",ESP (boundary-verified),read,unknown,UNRESOLVED,REJECTED_WRONG_OBJECT,stack-relative slot; the factory object is heap-allocated (new 0x118 @0x0073E2CC lazy-init); a stack slot cannot be the factory's +0x84 member
8D_MOD10_disp32_SIB@0x0088D3D6,0x0088D3D6,"LEA EAX,[ESP+ESP*1+0x84]",ESP (boundary-verified),read,unknown,UNRESOLVED,REJECTED_WRONG_OBJECT,stack-relative slot; the factory object is heap-allocated (new 0x118 @0x0073E2CC lazy-init); a stack slot cannot be the factory's +0x84 member
8D_MOD10_disp32_SIB@0x0088D43A,0x0088D43A,"LEA ECX,[ESP+ESP*1+0x84]",ESP (boundary-verified),read,unknown,UNRESOLVED,REJECTED_WRONG_OBJECT,stack-relative slot; the factory object is heap-allocated (new 0x118 @0x0073E2CC lazy-init); a stack slot cannot be the factory's +0x84 member
8D_MOD10_disp32_SIB@0x0088D4B0,0x0088D4B0,"LEA ECX,[ESP+ESP*1+0x84]",ESP (boundary-verified),read,unknown,UNRESOLVED,REJECTED_WRONG_OBJECT,stack-relative slot; the factory object is heap-allocated (new 0x118 @0x0073E2CC lazy-init); a stack slot cannot be the factory's +0x84 member
8D_MOD10_disp32_SIB@0x0088D524,0x0088D524,"LEA ECX,[ESP+ESP*1+0x84]",ESP (boundary-verified),read,unknown,UNRESOLVED,REJECTED_WRONG_OBJECT,stack-relative slot; the factory object is heap-allocated (new 0x118 @0x0073E2CC lazy-init); a stack slot cannot be the factory's +0x84 member
8D_MOD10_disp32_SIB@0x0088D55E,0x0088D55E,"LEA ECX,[ESP+ESP*1+0x84]",ESP (boundary-verified),read,unknown,UNRESOLVED,REJECTED_WRONG_OBJECT,stack-relative slot; the factory object is heap-allocated (new 0x118 @0x0073E2CC lazy-init); a stack slot cannot be the factory's +0x84 member
8D_MOD10_disp32_SIB@0x0088D593,0x0088D593,"LEA EAX,[ESP+ESP*1+0x84]",ESP (boundary-verified),read,unknown,UNRESOLVED,REJECTED_WRONG_OBJECT,stack-relative slot; the factory object is heap-allocated (new 0x118 @0x0073E2CC lazy-init); a stack slot cannot be the factory's +0x84 member
8D_MOD10_disp32_SIB@0x0088D99B,0x0088D99B,"LEA EAX,[ESP+ESP*1+0x84]",ESP (boundary-verified),read,unknown,UNRESOLVED,REJECTED_WRONG_OBJECT,stack-relative slot; the factory object is heap-allocated (new 0x118 @0x0073E2CC lazy-init); a stack slot cannot be the factory's +0x84 member
8D_MOD10_disp32_SIB@0x0088DAA2,0x0088DAA2,"LEA EDX,[ESP+ESP*1+0x84]",ESP (boundary-verified),read,unknown,UNRESOLVED,REJECTED_WRONG_OBJECT,stack-relative slot; the factory object is heap-allocated (new 0x118 @0x0073E2CC lazy-init); a stack slot cannot be the factory's +0x84 member
8B_MOD10_disp32_SIB@0x0088EDBE,0x0088EDBE,"MOV ECX,[ESP+ESP*1+0x84]",ESP (boundary-verified),read,unknown,NOT_A_WRITE,REJECTED_READ_NOT_WRITE,read/CMP form with displacement 0x84; no memory write occurs
8B_MOD10_disp32_SIB@0x0088EE34,0x0088EE34,"MOV EDX,[ESP+ESP*1+0x84]",ESP (boundary-verified),read,unknown,NOT_A_WRITE,REJECTED_READ_NOT_WRITE,read/CMP form with displacement 0x84; no memory write occurs
89_MOD10_disp32_SIB@0x0088EEFA,0x0088EEFA,"MOV [ESP+ESP*1+0x84],EAX",ESP (boundary-unverified),EAX,unknown,NOT_A_WRITE,REJECTED_UNRELATED_OFFSET,raw byte-pattern occurrence not at a verified instruction start (part of another instruction's immediate/displacement); not an instruction
8B_MOD10_disp32_SIB@0x00890871,0x00890871,"MOV EAX,[ESP+ESP*1+0x84]",ESP (boundary-verified),read,entry~0x00890840,NOT_A_WRITE,REJECTED_READ_NOT_WRITE,read/CMP form with displacement 0x84; no memory write occurs
C7_MOD10_SIB@0x008908E0,0x008908E0,"MOV [ESP+ESP*1+0x84],0x0",ESP (boundary-verified),imm32=0x0,entry~0x00890840,UNRESOLVED,REJECTED_WRONG_OBJECT,stack-relative slot; the factory object is heap-allocated (new 0x118 @0x0073E2CC lazy-init); a stack slot cannot be the factory's +0x84 member
C6_MOD10_SIB_BYTE@0x00890942,0x00890942,"MOV BYTE [...+0x84],imm8",ESP (boundary-verified),imm8=0x01,entry~0x00890840,UNRESOLVED,REJECTED_UNRELATED_OFFSET,partial-width (byte/word) store at +0x84; cannot fully assign the dword pointer member at factory+0x84 (dword member per the base ctor store @0x0070D013 and the setter store @0x0070C71E)
8D_MOD10_disp32_SIB@0x008914B3,0x008914B3,"LEA EDX,[ESP+ESP*1+0x84]",ESP (boundary-verified),read,entry~0x008913A0,UNRESOLVED,REJECTED_WRONG_OBJECT,stack-relative slot; the factory object is heap-allocated (new 0x118 @0x0073E2CC lazy-init); a stack slot cannot be the factory's +0x84 member
89_MOD10_disp32_SIB@0x008916BA,0x008916BA,"MOV [ESP+ESP*1+0x84],EAX",ESP (boundary-verified),EAX,entry~0x008913A0,UNRESOLVED,REJECTED_WRONG_OBJECT,stack-relative slot; the factory object is heap-allocated (new 0x118 @0x0073E2CC lazy-init); a stack slot cannot be the factory's +0x84 member
8D_MOD10_disp32_SIB@0x00891CB1,0x00891CB1,"LEA ECX,[ESP+ESP*1+0x84]",ESP (boundary-verified),read,unknown,UNRESOLVED,REJECTED_WRONG_OBJECT,stack-relative slot; the factory object is heap-allocated (new 0x118 @0x0073E2CC lazy-init); a stack slot cannot be the factory's +0x84 member
8D_MOD10_disp32_SIB@0x008920E2,0x008920E2,"LEA ECX,[ESP+ESP*1+0x84]",ESP (boundary-verified),read,unknown,UNRESOLVED,REJECTED_WRONG_OBJECT,stack-relative slot; the factory object is heap-allocated (new 0x118 @0x0073E2CC lazy-init); a stack slot cannot be the factory's +0x84 member
8B_MOD10_disp32_SIB@0x00892178,0x00892178,"MOV ESI,[ESP+ESP*1+0x84]",ESP (boundary-verified),read,unknown,NOT_A_WRITE,REJECTED_READ_NOT_WRITE,read/CMP form with displacement 0x84; no memory write occurs
89_MOD10_disp32_SIB@0x00893A46,0x00893A46,"MOV [ESP+ESP*1+0x84],ECX",ESP (boundary-verified),ECX,unknown,UNRESOLVED,REJECTED_WRONG_OBJECT,stack-relative slot; the factory object is heap-allocated (new 0x118 @0x0073E2CC lazy-init); a stack slot cannot be the factory's +0x84 member
8D_MOD10_disp32_SIB@0x00893B25,0x00893B25,"LEA EDX,[ESP+ESP*1+0x84]",ESP (boundary-verified),read,unknown,UNRESOLVED,REJECTED_WRONG_OBJECT,stack-relative slot; the factory object is heap-allocated (new 0x118 @0x0073E2CC lazy-init); a stack slot cannot be the factory's +0x84 member
8D_MOD10_disp32_SIB@0x00896F81,0x00896F81,"LEA EAX,[ESP+ESP*1+0x84]",ESP (boundary-verified),read,entry~0x00896F50,UNRESOLVED,REJECTED_WRONG_OBJECT,stack-relative slot; the factory object is heap-allocated (new 0x118 @0x0073E2CC lazy-init); a stack slot cannot be the factory's +0x84 member
8D_MOD10_disp32_SIB@0x00897051,0x00897051,"LEA EAX,[ESP+ESP*1+0x84]",ESP (boundary-verified),read,entry~0x00897020,UNRESOLVED,REJECTED_WRONG_OBJECT,stack-relative slot; the factory object is heap-allocated (new 0x118 @0x0073E2CC lazy-init); a stack slot cannot be the factory's +0x84 member
8D_MOD10_disp32_SIB@0x00897C4F,0x00897C4F,"LEA EDX,[ESP+ESP*1+0x84]",ESP (boundary-verified),read,entry~0x008978D0,UNRESOLVED,REJECTED_WRONG_OBJECT,stack-relative slot; the factory object is heap-allocated (new 0x118 @0x0073E2CC lazy-init); a stack slot cannot be the factory's +0x84 member
8D_MOD10_disp32_SIB@0x00897FC9,0x00897FC9,"LEA EAX,[ESP+ESP*1+0x84]",ESP (boundary-verified),read,unknown,UNRESOLVED,REJECTED_WRONG_OBJECT,stack-relative slot; the factory object is heap-allocated (new 0x118 @0x0073E2CC lazy-init); a stack slot cannot be the factory's +0x84 member
8D_MOD10_disp32_SIB@0x00898249,0x00898249,"LEA EDX,[ESP+ESP*1+0x84]",ESP (boundary-verified),read,unknown,UNRESOLVED,REJECTED_WRONG_OBJECT,stack-relative slot; the factory object is heap-allocated (new 0x118 @0x0073E2CC lazy-init); a stack slot cannot be the factory's +0x84 member
8D_MOD10_disp32_SIB@0x008982A4,0x008982A4,"LEA ECX,[ESP+ESP*1+0x84]",ESP (boundary-verified),read,unknown,UNRESOLVED,REJECTED_WRONG_OBJECT,stack-relative slot; the factory object is heap-allocated (new 0x118 @0x0073E2CC lazy-init); a stack slot cannot be the factory's +0x84 member
8D_MOD10_disp32_SIB@0x00898FA5,0x00898FA5,"LEA EAX,[ESP+ESP*1+0x84]",ESP (boundary-verified),read,unknown,UNRESOLVED,REJECTED_WRONG_OBJECT,stack-relative slot; the factory object is heap-allocated (new 0x118 @0x0073E2CC lazy-init); a stack slot cannot be the factory's +0x84 member
8D_MOD10_disp32_SIB@0x0089C986,0x0089C986,"LEA EDX,[ESP+ESP*1+0x84]",ESP (boundary-verified),read,entry~0x0089C730,UNRESOLVED,REJECTED_WRONG_OBJECT,stack-relative slot; the factory object is heap-allocated (new 0x118 @0x0073E2CC lazy-init); a stack slot cannot be the factory's +0x84 member
8D_MOD10_disp32_SIB@0x0089E6F1,0x0089E6F1,"LEA EAX,[ESP+ESP*1+0x84]",ESP (boundary-verified),read,entry~0x0089E6C0,UNRESOLVED,REJECTED_WRONG_OBJECT,stack-relative slot; the factory object is heap-allocated (new 0x118 @0x0073E2CC lazy-init); a stack slot cannot be the factory's +0x84 member
8D_MOD10_disp32_SIB@0x0089F8C8,0x0089F8C8,"LEA ECX,[ESP+ESP*1+0x84]",ESP (boundary-verified),read,entry~0x0089F7A0,UNRESOLVED,REJECTED_WRONG_OBJECT,stack-relative slot; the factory object is heap-allocated (new 0x118 @0x0073E2CC lazy-init); a stack slot cannot be the factory's +0x84 member
8D_MOD10_disp32_SIB@0x0089F9CA,0x0089F9CA,"LEA ECX,[ESP+ESP*1+0x84]",ESP (boundary-verified),read,entry~0x0089F7A0,UNRESOLVED,REJECTED_WRONG_OBJECT,stack-relative slot; the factory object is heap-allocated (new 0x118 @0x0073E2CC lazy-init); a stack slot cannot be the factory's +0x84 member
8D_MOD10_disp32_SIB@0x0089FAFE,0x0089FAFE,"LEA ECX,[ESP+ESP*1+0x84]",ESP (boundary-verified),read,entry~0x0089F7A0,UNRESOLVED,REJECTED_WRONG_OBJECT,stack-relative slot; the factory object is heap-allocated (new 0x118 @0x0073E2CC lazy-init); a stack slot cannot be the factory's +0x84 member
8D_MOD10_disp32_SIB@0x0089FE72,0x0089FE72,"LEA ECX,[ESP+ESP*1+0x84]",ESP (boundary-verified),read,unknown,UNRESOLVED,REJECTED_WRONG_OBJECT,stack-relative slot; the factory object is heap-allocated (new 0x118 @0x0073E2CC lazy-init); a stack slot cannot be the factory's +0x84 member
8D_MOD10_disp32_SIB@0x008A004B,0x008A004B,"LEA ECX,[ESP+ESP*1+0x84]",ESP (boundary-verified),read,unknown,UNRESOLVED,REJECTED_WRONG_OBJECT,stack-relative slot; the factory object is heap-allocated (new 0x118 @0x0073E2CC lazy-init); a stack slot cannot be the factory's +0x84 member
8D_MOD10_disp32_SIB@0x008A5CC0,0x008A5CC0,"LEA ECX,[ESP+ESP*1+0x84]",ESP (boundary-verified),read,unknown,UNRESOLVED,REJECTED_WRONG_OBJECT,stack-relative slot; the factory object is heap-allocated (new 0x118 @0x0073E2CC lazy-init); a stack slot cannot be the factory's +0x84 member
8D_MOD10_disp32_SIB@0x008A5D4C,0x008A5D4C,"LEA EAX,[ESP+ESP*1+0x84]",ESP (boundary-verified),read,unknown,UNRESOLVED,REJECTED_WRONG_OBJECT,stack-relative slot; the factory object is heap-allocated (new 0x118 @0x0073E2CC lazy-init); a stack slot cannot be the factory's +0x84 member
8D_MOD10_disp32_SIB@0x008A6126,0x008A6126,"LEA ECX,[ESP+ESP*1+0x84]",ESP (boundary-verified),read,unknown,UNRESOLVED,REJECTED_WRONG_OBJECT,stack-relative slot; the factory object is heap-allocated (new 0x118 @0x0073E2CC lazy-init); a stack slot cannot be the factory's +0x84 member
8D_MOD10_disp32_SIB@0x008A6313,0x008A6313,"LEA ECX,[ESP+ESP*1+0x84]",ESP (boundary-verified),read,unknown,UNRESOLVED,REJECTED_WRONG_OBJECT,stack-relative slot; the factory object is heap-allocated (new 0x118 @0x0073E2CC lazy-init); a stack slot cannot be the factory's +0x84 member
8D_MOD10_disp32_SIB@0x008A6B31,0x008A6B31,"LEA EAX,[ESP+ESP*1+0x84]",ESP (boundary-verified),read,entry~0x008A6B00,UNRESOLVED,REJECTED_WRONG_OBJECT,stack-relative slot; the factory object is heap-allocated (new 0x118 @0x0073E2CC lazy-init); a stack slot cannot be the factory's +0x84 member
8D_MOD10_disp32_SIB@0x008A7553,0x008A7553,"LEA EDX,[ESP+ESP*1+0x84]",ESP (boundary-verified),read,entry~0x008A7370,UNRESOLVED,REJECTED_WRONG_OBJECT,stack-relative slot; the factory object is heap-allocated (new 0x118 @0x0073E2CC lazy-init); a stack slot cannot be the factory's +0x84 member
8D_MOD10_disp32_SIB@0x008A7633,0x008A7633,"LEA EAX,[ESP+ESP*1+0x84]",ESP (boundary-verified),read,entry~0x008A7370,UNRESOLVED,REJECTED_WRONG_OBJECT,stack-relative slot; the factory object is heap-allocated (new 0x118 @0x0073E2CC lazy-init); a stack slot cannot be the factory's +0x84 member
8D_MOD10_disp32_SIB@0x008A7746,0x008A7746,"LEA ECX,[ESP+ESP*1+0x84]",ESP (boundary-verified),read,entry~0x008A7370,UNRESOLVED,REJECTED_WRONG_OBJECT,stack-relative slot; the factory object is heap-allocated (new 0x118 @0x0073E2CC lazy-init); a stack slot cannot be the factory's +0x84 member
8D_MOD10_disp32_SIB@0x008A7757,0x008A7757,"LEA ECX,[ESP+ESP*1+0x84]",ESP (boundary-verified),read,entry~0x008A7370,UNRESOLVED,REJECTED_WRONG_OBJECT,stack-relative slot; the factory object is heap-allocated (new 0x118 @0x0073E2CC lazy-init); a stack slot cannot be the factory's +0x84 member
8D_MOD10_disp32_SIB@0x008A77A8,0x008A77A8,"LEA ECX,[ESP+ESP*1+0x84]",ESP (boundary-verified),read,entry~0x008A7370,UNRESOLVED,REJECTED_WRONG_OBJECT,stack-relative slot; the factory object is heap-allocated (new 0x118 @0x0073E2CC lazy-init); a stack slot cannot be the factory's +0x84 member
89_MOD10_disp32_SIB@0x008A785A,0x008A785A,"MOV [ESP+ESP*1+0x84],EAX",ESP (boundary-verified),EAX,entry~0x008A7370,UNRESOLVED,REJECTED_WRONG_OBJECT,stack-relative slot; the factory object is heap-allocated (new 0x118 @0x0073E2CC lazy-init); a stack slot cannot be the factory's +0x84 member
8D_MOD10_disp32_SIB@0x008A7893,0x008A7893,"LEA ECX,[ESP+ESP*1+0x84]",ESP (boundary-unverified),read,entry~0x008A7370,NOT_A_WRITE,REJECTED_UNRELATED_OFFSET,raw byte-pattern occurrence not at a verified instruction start (part of another instruction's immediate/displacement); not an instruction
8D_MOD10_disp32_SIB@0x008A78A4,0x008A78A4,"LEA ECX,[ESP+ESP*1+0x84]",ESP (boundary-verified),read,entry~0x008A7370,UNRESOLVED,REJECTED_WRONG_OBJECT,stack-relative slot; the factory object is heap-allocated (new 0x118 @0x0073E2CC lazy-init); a stack slot cannot be the factory's +0x84 member
8D_MOD10_disp32_SIB@0x008A7922,0x008A7922,"LEA ECX,[ESP+ESP*1+0x84]",ESP (boundary-verified),read,entry~0x008A7370,UNRESOLVED,REJECTED_WRONG_OBJECT,stack-relative slot; the factory object is heap-allocated (new 0x118 @0x0073E2CC lazy-init); a stack slot cannot be the factory's +0x84 member
8D_MOD10_disp32_SIB@0x008A792F,0x008A792F,"LEA ECX,[ESP+ESP*1+0x84]",ESP (boundary-verified),read,entry~0x008A7370,UNRESOLVED,REJECTED_WRONG_OBJECT,stack-relative slot; the factory object is heap-allocated (new 0x118 @0x0073E2CC lazy-init); a stack slot cannot be the factory's +0x84 member
8D_MOD10_disp32_SIB@0x008A7980,0x008A7980,"LEA ECX,[ESP+ESP*1+0x84]",ESP (boundary-verified),read,unknown,UNRESOLVED,REJECTED_WRONG_OBJECT,stack-relative slot; the factory object is heap-allocated (new 0x118 @0x0073E2CC lazy-init); a stack slot cannot be the factory's +0x84 member
89_MOD10_disp32_SIB@0x008A7A32,0x008A7A32,"MOV [ESP+ESP*1+0x84],EAX",ESP (boundary-verified),EAX,unknown,UNRESOLVED,REJECTED_WRONG_OBJECT,stack-relative slot; the factory object is heap-allocated (new 0x118 @0x0073E2CC lazy-init); a stack slot cannot be the factory's +0x84 member
8D_MOD10_disp32_SIB@0x008A7A6B,0x008A7A6B,"LEA ECX,[ESP+ESP*1+0x84]",ESP (boundary-unverified),read,unknown,NOT_A_WRITE,REJECTED_UNRELATED_OFFSET,raw byte-pattern occurrence not at a verified instruction start (part of another instruction's immediate/displacement); not an instruction
8D_MOD10_disp32_SIB@0x008A7A7C,0x008A7A7C,"LEA ECX,[ESP+ESP*1+0x84]",ESP (boundary-verified),read,unknown,UNRESOLVED,REJECTED_WRONG_OBJECT,stack-relative slot; the factory object is heap-allocated (new 0x118 @0x0073E2CC lazy-init); a stack slot cannot be the factory's +0x84 member
8D_MOD10_disp32_SIB@0x008A7AFA,0x008A7AFA,"LEA ECX,[ESP+ESP*1+0x84]",ESP (boundary-verified),read,unknown,UNRESOLVED,REJECTED_WRONG_OBJECT,stack-relative slot; the factory object is heap-allocated (new 0x118 @0x0073E2CC lazy-init); a stack slot cannot be the factory's +0x84 member
8D_MOD10_disp32_SIB@0x008A7B07,0x008A7B07,"LEA ECX,[ESP+ESP*1+0x84]",ESP (boundary-verified),read,unknown,UNRESOLVED,REJECTED_WRONG_OBJECT,stack-relative slot; the factory object is heap-allocated (new 0x118 @0x0073E2CC lazy-init); a stack slot cannot be the factory's +0x84 member
8D_MOD10_disp32_SIB@0x008A7B58,0x008A7B58,"LEA ECX,[ESP+ESP*1+0x84]",ESP (boundary-verified),read,unknown,UNRESOLVED,REJECTED_WRONG_OBJECT,stack-relative slot; the factory object is heap-allocated (new 0x118 @0x0073E2CC lazy-init); a stack slot cannot be the factory's +0x84 member
89_MOD10_disp32_SIB@0x008A7C0A,0x008A7C0A,"MOV [ESP+ESP*1+0x84],EAX",ESP (boundary-verified),EAX,unknown,UNRESOLVED,REJECTED_WRONG_OBJECT,stack-relative slot; the factory object is heap-allocated (new 0x118 @0x0073E2CC lazy-init); a stack slot cannot be the factory's +0x84 member
8D_MOD10_disp32_SIB@0x008A7C43,0x008A7C43,"LEA ECX,[ESP+ESP*1+0x84]",ESP (boundary-unverified),read,unknown,NOT_A_WRITE,REJECTED_UNRELATED_OFFSET,raw byte-pattern occurrence not at a verified instruction start (part of another instruction's immediate/displacement); not an instruction
8D_MOD10_disp32_SIB@0x008A7C54,0x008A7C54,"LEA ECX,[ESP+ESP*1+0x84]",ESP (boundary-verified),read,unknown,UNRESOLVED,REJECTED_WRONG_OBJECT,stack-relative slot; the factory object is heap-allocated (new 0x118 @0x0073E2CC lazy-init); a stack slot cannot be the factory's +0x84 member
8D_MOD10_disp32_SIB@0x008A7CD2,0x008A7CD2,"LEA ECX,[ESP+ESP*1+0x84]",ESP (boundary-verified),read,unknown,UNRESOLVED,REJECTED_WRONG_OBJECT,stack-relative slot; the factory object is heap-allocated (new 0x118 @0x0073E2CC lazy-init); a stack slot cannot be the factory's +0x84 member
8D_MOD10_disp32_SIB@0x008A7CDF,0x008A7CDF,"LEA ECX,[ESP+ESP*1+0x84]",ESP (boundary-verified),read,unknown,UNRESOLVED,REJECTED_WRONG_OBJECT,stack-relative slot; the factory object is heap-allocated (new 0x118 @0x0073E2CC lazy-init); a stack slot cannot be the factory's +0x84 member
8D_MOD10_disp32_SIB@0x008A7D30,0x008A7D30,"LEA ECX,[ESP+ESP*1+0x84]",ESP (boundary-verified),read,unknown,UNRESOLVED,REJECTED_WRONG_OBJECT,stack-relative slot; the factory object is heap-allocated (new 0x118 @0x0073E2CC lazy-init); a stack slot cannot be the factory's +0x84 member
89_MOD10_disp32_SIB@0x008A7DE2,0x008A7DE2,"MOV [ESP+ESP*1+0x84],EAX",ESP (boundary-verified),EAX,unknown,UNRESOLVED,REJECTED_WRONG_OBJECT,stack-relative slot; the factory object is heap-allocated (new 0x118 @0x0073E2CC lazy-init); a stack slot cannot be the factory's +0x84 member
8D_MOD10_disp32_SIB@0x008A7E1B,0x008A7E1B,"LEA ECX,[ESP+ESP*1+0x84]",ESP (boundary-unverified),read,unknown,NOT_A_WRITE,REJECTED_UNRELATED_OFFSET,raw byte-pattern occurrence not at a verified instruction start (part of another instruction's immediate/displacement); not an instruction
8D_MOD10_disp32_SIB@0x008A7E2C,0x008A7E2C,"LEA ECX,[ESP+ESP*1+0x84]",ESP (boundary-verified),read,unknown,UNRESOLVED,REJECTED_WRONG_OBJECT,stack-relative slot; the factory object is heap-allocated (new 0x118 @0x0073E2CC lazy-init); a stack slot cannot be the factory's +0x84 member
8D_MOD10_disp32_SIB@0x008A7EAA,0x008A7EAA,"LEA ECX,[ESP+ESP*1+0x84]",ESP (boundary-verified),read,unknown,UNRESOLVED,REJECTED_WRONG_OBJECT,stack-relative slot; the factory object is heap-allocated (new 0x118 @0x0073E2CC lazy-init); a stack slot cannot be the factory's +0x84 member
8D_MOD10_disp32_SIB@0x008A7EB7,0x008A7EB7,"LEA ECX,[ESP+ESP*1+0x84]",ESP (boundary-verified),read,unknown,UNRESOLVED,REJECTED_WRONG_OBJECT,stack-relative slot; the factory object is heap-allocated (new 0x118 @0x0073E2CC lazy-init); a stack slot cannot be the factory's +0x84 member
8D_MOD10_disp32_SIB@0x008A7F08,0x008A7F08,"LEA ECX,[ESP+ESP*1+0x84]",ESP (boundary-verified),read,unknown,UNRESOLVED,REJECTED_WRONG_OBJECT,stack-relative slot; the factory object is heap-allocated (new 0x118 @0x0073E2CC lazy-init); a stack slot cannot be the factory's +0x84 member
89_MOD10_disp32_SIB@0x008A7FBA,0x008A7FBA,"MOV [ESP+ESP*1+0x84],EAX",ESP (boundary-verified),EAX,unknown,UNRESOLVED,REJECTED_WRONG_OBJECT,stack-relative slot; the factory object is heap-allocated (new 0x118 @0x0073E2CC lazy-init); a stack slot cannot be the factory's +0x84 member
8D_MOD10_disp32_SIB@0x008A7FF3,0x008A7FF3,"LEA ECX,[ESP+ESP*1+0x84]",ESP (boundary-unverified),read,unknown,NOT_A_WRITE,REJECTED_UNRELATED_OFFSET,raw byte-pattern occurrence not at a verified instruction start (part of another instruction's immediate/displacement); not an instruction
8D_MOD10_disp32_SIB@0x008A8004,0x008A8004,"LEA ECX,[ESP+ESP*1+0x84]",ESP (boundary-verified),read,unknown,UNRESOLVED,REJECTED_WRONG_OBJECT,stack-relative slot; the factory object is heap-allocated (new 0x118 @0x0073E2CC lazy-init); a stack slot cannot be the factory's +0x84 member
8D_MOD10_disp32_SIB@0x008A80B3,0x008A80B3,"LEA ECX,[ESP+ESP*1+0x84]",ESP (boundary-verified),read,unknown,UNRESOLVED,REJECTED_WRONG_OBJECT,stack-relative slot; the factory object is heap-allocated (new 0x118 @0x0073E2CC lazy-init); a stack slot cannot be the factory's +0x84 member
8D_MOD10_disp32_SIB@0x008A80C4,0x008A80C4,"LEA ECX,[ESP+ESP*1+0x84]",ESP (boundary-verified),read,unknown,UNRESOLVED,REJECTED_WRONG_OBJECT,stack-relative slot; the factory object is heap-allocated (new 0x118 @0x0073E2CC lazy-init); a stack slot cannot be the factory's +0x84 member
8D_MOD10_disp32_SIB@0x008A80E0,0x008A80E0,"LEA ECX,[ESP+ESP*1+0x84]",ESP (boundary-verified),read,unknown,UNRESOLVED,REJECTED_WRONG_OBJECT,stack-relative slot; the factory object is heap-allocated (new 0x118 @0x0073E2CC lazy-init); a stack slot cannot be the factory's +0x84 member
8D_MOD10_disp32_SIB@0x008A81A7,0x008A81A7,"LEA ECX,[ESP+ESP*1+0x84]",ESP (boundary-verified),read,unknown,UNRESOLVED,REJECTED_WRONG_OBJECT,stack-relative slot; the factory object is heap-allocated (new 0x118 @0x0073E2CC lazy-init); a stack slot cannot be the factory's +0x84 member
8D_MOD10_disp32_SIB@0x008A8225,0x008A8225,"LEA ECX,[ESP+ESP*1+0x84]",ESP (boundary-verified),read,unknown,UNRESOLVED,REJECTED_WRONG_OBJECT,stack-relative slot; the factory object is heap-allocated (new 0x118 @0x0073E2CC lazy-init); a stack slot cannot be the factory's +0x84 member
8D_MOD10_disp32_SIB@0x008A8232,0x008A8232,"LEA ECX,[ESP+ESP*1+0x84]",ESP (boundary-verified),read,unknown,UNRESOLVED,REJECTED_WRONG_OBJECT,stack-relative slot; the factory object is heap-allocated (new 0x118 @0x0073E2CC lazy-init); a stack slot cannot be the factory's +0x84 member
8D_MOD10_disp32_SIB@0x008A824E,0x008A824E,"LEA ECX,[ESP+ESP*1+0x84]",ESP (boundary-verified),read,unknown,UNRESOLVED,REJECTED_WRONG_OBJECT,stack-relative slot; the factory object is heap-allocated (new 0x118 @0x0073E2CC lazy-init); a stack slot cannot be the factory's +0x84 member
8D_MOD10_disp32_SIB@0x008A8315,0x008A8315,"LEA ECX,[ESP+ESP*1+0x84]",ESP (boundary-verified),read,unknown,UNRESOLVED,REJECTED_WRONG_OBJECT,stack-relative slot; the factory object is heap-allocated (new 0x118 @0x0073E2CC lazy-init); a stack slot cannot be the factory's +0x84 member
8D_MOD10_disp32_SIB@0x008A8501,0x008A8501,"LEA ECX,[ESP+ESP*1+0x84]",ESP (boundary-verified),read,unknown,UNRESOLVED,REJECTED_WRONG_OBJECT,stack-relative slot; the factory object is heap-allocated (new 0x118 @0x0073E2CC lazy-init); a stack slot cannot be the factory's +0x84 member
8D_MOD10_disp32_SIB@0x008A850E,0x008A850E,"LEA ECX,[ESP+ESP*1+0x84]",ESP (boundary-verified),read,unknown,UNRESOLVED,REJECTED_WRONG_OBJECT,stack-relative slot; the factory object is heap-allocated (new 0x118 @0x0073E2CC lazy-init); a stack slot cannot be the factory's +0x84 member
8D_MOD10_disp32_SIB@0x008A852A,0x008A852A,"LEA ECX,[ESP+ESP*1+0x84]",ESP (boundary-verified),read,unknown,UNRESOLVED,REJECTED_WRONG_OBJECT,stack-relative slot; the factory object is heap-allocated (new 0x118 @0x0073E2CC lazy-init); a stack slot cannot be the factory's +0x84 member
8D_MOD10_disp32_SIB@0x008A85F1,0x008A85F1,"LEA ECX,[ESP+ESP*1+0x84]",ESP (boundary-verified),read,unknown,UNRESOLVED,REJECTED_WRONG_OBJECT,stack-relative slot; the factory object is heap-allocated (new 0x118 @0x0073E2CC lazy-init); a stack slot cannot be the factory's +0x84 member
8D_MOD10_disp32_SIB@0x008A87E0,0x008A87E0,"LEA EDX,[ESP+ESP*1+0x84]",ESP (boundary-verified),read,unknown,UNRESOLVED,REJECTED_WRONG_OBJECT,stack-relative slot; the factory object is heap-allocated (new 0x118 @0x0073E2CC lazy-init); a stack slot cannot be the factory's +0x84 member
8B_MOD10_disp32_SIB@0x008A8B12,0x008A8B12,"MOV EDI,[ESP+ESP*1+0x84]",ESP (boundary-verified),read,entry~0x008A8A50,NOT_A_WRITE,REJECTED_READ_NOT_WRITE,read/CMP form with displacement 0x84; no memory write occurs
8B_MOD10_disp32_SIB@0x008A8D2A,0x008A8D2A,"MOV ECX,[ESP+ESP*1+0x84]",ESP (boundary-verified),read,entry~0x008A8C30,NOT_A_WRITE,REJECTED_READ_NOT_WRITE,read/CMP form with displacement 0x84; no memory write occurs
8D_MOD10_disp32_SIB@0x008AA683,0x008AA683,"LEA ECX,[ESP+ESP*1+0x84]",ESP (boundary-unverified),read,entry~0x008AA160,NOT_A_WRITE,REJECTED_UNRELATED_OFFSET,raw byte-pattern occurrence not at a verified instruction start (part of another instruction's immediate/displacement); not an instruction
8D_MOD10_disp32_SIB@0x008AAF45,0x008AAF45,"LEA ECX,[ESP+ESP*1+0x84]",ESP (boundary-verified),read,unknown,UNRESOLVED,REJECTED_WRONG_OBJECT,stack-relative slot; the factory object is heap-allocated (new 0x118 @0x0073E2CC lazy-init); a stack slot cannot be the factory's +0x84 member
8D_MOD10_disp32_SIB@0x008AB0C1,0x008AB0C1,"LEA EAX,[ESP+ESP*1+0x84]",ESP (boundary-verified),read,entry~0x008AB090,UNRESOLVED,REJECTED_WRONG_OBJECT,stack-relative slot; the factory object is heap-allocated (new 0x118 @0x0073E2CC lazy-init); a stack slot cannot be the factory's +0x84 member
8D_MOD10_disp32_SIB@0x008AB8AF,0x008AB8AF,"LEA ECX,[ESP+ESP*1+0x84]",ESP (boundary-verified),read,entry~0x008AB7B0,UNRESOLVED,REJECTED_WRONG_OBJECT,stack-relative slot; the factory object is heap-allocated (new 0x118 @0x0073E2CC lazy-init); a stack slot cannot be the factory's +0x84 member
8D_MOD10_disp32_SIB@0x008AB996,0x008AB996,"LEA ECX,[ESP+ESP*1+0x84]",ESP (boundary-verified),read,entry~0x008AB7B0,UNRESOLVED,REJECTED_WRONG_OBJECT,stack-relative slot; the factory object is heap-allocated (new 0x118 @0x0073E2CC lazy-init); a stack slot cannot be the factory's +0x84 member
8D_MOD10_disp32_SIB@0x008ABA80,0x008ABA80,"LEA ECX,[ESP+ESP*1+0x84]",ESP (boundary-verified),read,entry~0x008AB7B0,UNRESOLVED,REJECTED_WRONG_OBJECT,stack-relative slot; the factory object is heap-allocated (new 0x118 @0x0073E2CC lazy-init); a stack slot cannot be the factory's +0x84 member
8D_MOD10_disp32_SIB@0x008ABB60,0x008ABB60,"LEA ECX,[ESP+ESP*1+0x84]",ESP (boundary-verified),read,entry~0x008AB7B0,UNRESOLVED,REJECTED_WRONG_OBJECT,stack-relative slot; the factory object is heap-allocated (new 0x118 @0x0073E2CC lazy-init); a stack slot cannot be the factory's +0x84 member
8D_MOD10_disp32_SIB@0x008ABC3B,0x008ABC3B,"LEA ECX,[ESP+ESP*1+0x84]",ESP (boundary-verified),read,entry~0x008AB7B0,UNRESOLVED,REJECTED_WRONG_OBJECT,stack-relative slot; the factory object is heap-allocated (new 0x118 @0x0073E2CC lazy-init); a stack slot cannot be the factory's +0x84 member
8D_MOD10_disp32_SIB@0x008ACB9A,0x008ACB9A,"LEA EDX,[ESP+ESP*1+0x84]",ESP (boundary-verified),read,entry~0x008ACB30,UNRESOLVED,REJECTED_WRONG_OBJECT,stack-relative slot; the factory object is heap-allocated (new 0x118 @0x0073E2CC lazy-init); a stack slot cannot be the factory's +0x84 member
8D_MOD10_disp32_SIB@0x008AE837,0x008AE837,"LEA EAX,[ESP+ESP*1+0x84]",ESP (boundary-verified),read,entry~0x008AE600,UNRESOLVED,REJECTED_WRONG_OBJECT,stack-relative slot; the factory object is heap-allocated (new 0x118 @0x0073E2CC lazy-init); a stack slot cannot be the factory's +0x84 member
89_MOD10_disp32_SIB@0x008AEF43,0x008AEF43,"MOV [ESP+ESP*1+0x84],EAX",ESP (boundary-verified),EAX,unknown,UNRESOLVED,REJECTED_WRONG_OBJECT,stack-relative slot; the factory object is heap-allocated (new 0x118 @0x0073E2CC lazy-init); a stack slot cannot be the factory's +0x84 member
8D_MOD10_disp32_SIB@0x008AEFA1,0x008AEFA1,"LEA EAX,[ESP+ESP*1+0x84]",ESP (boundary-verified),read,unknown,UNRESOLVED,REJECTED_WRONG_OBJECT,stack-relative slot; the factory object is heap-allocated (new 0x118 @0x0073E2CC lazy-init); a stack slot cannot be the factory's +0x84 member
8D_MOD10_disp32_SIB@0x008AF072,0x008AF072,"LEA EDX,[ESP+ESP*1+0x84]",ESP (boundary-verified),read,unknown,UNRESOLVED,REJECTED_WRONG_OBJECT,stack-relative slot; the factory object is heap-allocated (new 0x118 @0x0073E2CC lazy-init); a stack slot cannot be the factory's +0x84 member
89_MOD10_disp32_SIB@0x008AF2D0,0x008AF2D0,"MOV [ESP+ESP*1+0x84],ESP",ESP (boundary-verified),ESP,unknown,UNRESOLVED,REJECTED_WRONG_OBJECT,stack-relative slot; the factory object is heap-allocated (new 0x118 @0x0073E2CC lazy-init); a stack slot cannot be the factory's +0x84 member
8B_MOD10_disp32_SIB@0x008AF5FA,0x008AF5FA,"MOV EDX,[ESP+ESP*1+0x84]",ESP (boundary-verified),read,unknown,NOT_A_WRITE,REJECTED_READ_NOT_WRITE,read/CMP form with displacement 0x84; no memory write occurs
8D_MOD10_disp32_SIB@0x008AFB77,0x008AFB77,"LEA ECX,[ESP+ESP*1+0x84]",ESP (boundary-verified),read,entry~0x008AF820,UNRESOLVED,REJECTED_WRONG_OBJECT,stack-relative slot; the factory object is heap-allocated (new 0x118 @0x0073E2CC lazy-init); a stack slot cannot be the factory's +0x84 member
C7_MOD10_SIB@0x008B0C8B,0x008B0C8B,"MOV [ESP+ESP*1+0x84],0x0",ESP (boundary-verified),imm32=0x0,entry~0x008B0C20,UNRESOLVED,REJECTED_WRONG_OBJECT,stack-relative slot; the factory object is heap-allocated (new 0x118 @0x0073E2CC lazy-init); a stack slot cannot be the factory's +0x84 member
C6_MOD10_SIB_BYTE@0x008B0CA4,0x008B0CA4,"MOV BYTE [...+0x84],imm8",ESP (boundary-verified),imm8=0x01,entry~0x008B0C20,UNRESOLVED,REJECTED_UNRELATED_OFFSET,partial-width (byte/word) store at +0x84; cannot fully assign the dword pointer member at factory+0x84 (dword member per the base ctor store @0x0070D013 and the setter store @0x0070C71E)
8D_MOD10_disp32_SIB@0x008B16F6,0x008B16F6,"LEA ECX,[ESP+ESP*1+0x84]",ESP (boundary-verified),read,entry~0x008B12D0,UNRESOLVED,REJECTED_WRONG_OBJECT,stack-relative slot; the factory object is heap-allocated (new 0x118 @0x0073E2CC lazy-init); a stack slot cannot be the factory's +0x84 member
8D_MOD10_disp32_SIB@0x008B170B,0x008B170B,"LEA ECX,[ESP+ESP*1+0x84]",ESP (boundary-verified),read,entry~0x008B12D0,UNRESOLVED,REJECTED_WRONG_OBJECT,stack-relative slot; the factory object is heap-allocated (new 0x118 @0x0073E2CC lazy-init); a stack slot cannot be the factory's +0x84 member
8D_MOD10_disp32_SIB@0x008B1890,0x008B1890,"LEA ECX,[ESP+ESP*1+0x84]",ESP (boundary-verified),read,entry~0x008B12D0,UNRESOLVED,REJECTED_WRONG_OBJECT,stack-relative slot; the factory object is heap-allocated (new 0x118 @0x0073E2CC lazy-init); a stack slot cannot be the factory's +0x84 member
8D_MOD10_disp32_SIB@0x008B18A9,0x008B18A9,"LEA ECX,[ESP+ESP*1+0x84]",ESP (boundary-verified),read,entry~0x008B12D0,UNRESOLVED,REJECTED_WRONG_OBJECT,stack-relative slot; the factory object is heap-allocated (new 0x118 @0x0073E2CC lazy-init); a stack slot cannot be the factory's +0x84 member
8D_MOD10_disp32_SIB@0x008B1D01,0x008B1D01,"LEA EAX,[ESP+ESP*1+0x84]",ESP (boundary-verified),read,entry~0x008B1CD0,UNRESOLVED,REJECTED_WRONG_OBJECT,stack-relative slot; the factory object is heap-allocated (new 0x118 @0x0073E2CC lazy-init); a stack slot cannot be the factory's +0x84 member
8D_MOD10_disp32_SIB@0x008B24EF,0x008B24EF,"LEA ECX,[ESP+ESP*1+0x84]",ESP (boundary-verified),read,entry~0x008B23F0,UNRESOLVED,REJECTED_WRONG_OBJECT,stack-relative slot; the factory object is heap-allocated (new 0x118 @0x0073E2CC lazy-init); a stack slot cannot be the factory's +0x84 member
8D_MOD10_disp32_SIB@0x008B25D4,0x008B25D4,"LEA ECX,[ESP+ESP*1+0x84]",ESP (boundary-verified),read,entry~0x008B23F0,UNRESOLVED,REJECTED_WRONG_OBJECT,stack-relative slot; the factory object is heap-allocated (new 0x118 @0x0073E2CC lazy-init); a stack slot cannot be the factory's +0x84 member
8D_MOD10_disp32_SIB@0x008B26BE,0x008B26BE,"LEA ECX,[ESP+ESP*1+0x84]",ESP (boundary-verified),read,entry~0x008B23F0,UNRESOLVED,REJECTED_WRONG_OBJECT,stack-relative slot; the factory object is heap-allocated (new 0x118 @0x0073E2CC lazy-init); a stack slot cannot be the factory's +0x84 member
8D_MOD10_disp32_SIB@0x008B279E,0x008B279E,"LEA ECX,[ESP+ESP*1+0x84]",ESP (boundary-verified),read,entry~0x008B23F0,UNRESOLVED,REJECTED_WRONG_OBJECT,stack-relative slot; the factory object is heap-allocated (new 0x118 @0x0073E2CC lazy-init); a stack slot cannot be the factory's +0x84 member
8D_MOD10_disp32_SIB@0x008B4251,0x008B4251,"LEA EAX,[ESP+ESP*1+0x84]",ESP (boundary-verified),read,entry~0x008B4220,UNRESOLVED,REJECTED_WRONG_OBJECT,stack-relative slot; the factory object is heap-allocated (new 0x118 @0x0073E2CC lazy-init); a stack slot cannot be the factory's +0x84 member
89_MOD10_disp32_SIB@0x008B4B44,0x008B4B44,"MOV [ESP+ESP*1+0x84],EAX",ESP (boundary-verified),EAX,entry~0x008B48E0,UNRESOLVED,REJECTED_WRONG_OBJECT,stack-relative slot; the factory object is heap-allocated (new 0x118 @0x0073E2CC lazy-init); a stack slot cannot be the factory's +0x84 member
8B_MOD10_disp32@0x008B5D5D,0x008B5D5D,"MOV EDX,[EAX+0x84]",EAX (boundary-verified),read,entry~0x008B5D20,NOT_A_WRITE,REJECTED_READ_NOT_WRITE,read/CMP form with displacement 0x84; no memory write occurs
8B_MOD10_disp32@0x008B5E03,0x008B5E03,"MOV EAX,[EDX+0x84]",EDX (boundary-verified),read,entry~0x008B5D20,NOT_A_WRITE,REJECTED_READ_NOT_WRITE,read/CMP form with displacement 0x84; no memory write occurs
8D_MOD10_disp32_SIB@0x008B678C,0x008B678C,"LEA ECX,[ESP+ESP*1+0x84]",ESP (boundary-verified),read,entry~0x008B6580,UNRESOLVED,REJECTED_WRONG_OBJECT,stack-relative slot; the factory object is heap-allocated (new 0x118 @0x0073E2CC lazy-init); a stack slot cannot be the factory's +0x84 member
8B_MOD10_disp32_SIB@0x008BBD0F,0x008BBD0F,"MOV ECX,[ESP+ESP*1+0x84]",ESP (boundary-verified),read,entry~0x008BBAA0,NOT_A_WRITE,REJECTED_READ_NOT_WRITE,read/CMP form with displacement 0x84; no memory write occurs
8B_MOD10_disp32_SIB@0x008BBDAD,0x008BBDAD,"MOV EDX,[ESP+ESP*1+0x84]",ESP (boundary-verified),read,entry~0x008BBAA0,NOT_A_WRITE,REJECTED_READ_NOT_WRITE,read/CMP form with displacement 0x84; no memory write occurs
89_MOD10_disp32_SIB@0x008BF74C,0x008BF74C,"MOV [ESP+ESP*1+0x84],EAX",ESP (boundary-verified),EAX,entry~0x008BF590,UNRESOLVED,REJECTED_WRONG_OBJECT,stack-relative slot; the factory object is heap-allocated (new 0x118 @0x0073E2CC lazy-init); a stack slot cannot be the factory's +0x84 member
8B_MOD10_disp32_SIB@0x008BF997,0x008BF997,"MOV ECX,[ESP+ESP*1+0x84]",ESP (boundary-unverified),read,entry~0x008BF590,NOT_A_WRITE,REJECTED_READ_NOT_WRITE,read/CMP form with displacement 0x84; no memory write occurs
8B_MOD10_disp32@0x008BFB3B,0x008BFB3B,"MOV EAX,[EDX+0x84]",EDX (boundary-verified),read,entry~0x008BFA20,NOT_A_WRITE,REJECTED_READ_NOT_WRITE,read/CMP form with displacement 0x84; no memory write occurs
8B_MOD10_disp32@0x008C43C3,0x008C43C3,"MOV EDX,[ESI+0x84]",ESI (boundary-verified),read,entry~0x008C4390,NOT_A_WRITE,REJECTED_READ_NOT_WRITE,read/CMP form with displacement 0x84; no memory write occurs
8B_MOD10_disp32@0x008C443B,0x008C443B,"MOV EAX,[ECX+0x84]",ECX (boundary-verified),read,entry~0x008C4410,NOT_A_WRITE,REJECTED_READ_NOT_WRITE,read/CMP form with displacement 0x84; no memory write occurs
8B_MOD10_disp32@0x008C44CB,0x008C44CB,"MOV EAX,[ECX+0x84]",ECX (boundary-verified),read,entry~0x008C44A0,NOT_A_WRITE,REJECTED_READ_NOT_WRITE,read/CMP form with displacement 0x84; no memory write occurs
8B_MOD10_disp32@0x008C4533,0x008C4533,"MOV ECX,[ECX+0x84]",ECX (boundary-verified),read,entry~0x008C4510,NOT_A_WRITE,REJECTED_READ_NOT_WRITE,read/CMP form with displacement 0x84; no memory write occurs
8B_MOD10_disp32@0x008C45A3,0x008C45A3,"MOV ECX,[ECX+0x84]",ECX (boundary-verified),read,entry~0x008C4580,NOT_A_WRITE,REJECTED_READ_NOT_WRITE,read/CMP form with displacement 0x84; no memory write occurs
8D_MOD10_disp32@0x008C5917,0x008C5917,"LEA ECX,[ESI+0x84]",ESI (boundary-verified),read,entry~0x008C58F0,UNRESOLVED,UNRESOLVED,"LEA reg,[reg+0x84]; no store-through-reg linked within the bounded window; wrapper-setter form not confirmed"
8D_MOD10_disp32@0x008C5A6A,0x008C5A6A,"LEA ECX,[ESI+0x84]",ESI (boundary-verified),read,entry~0x008C5A60,UNRESOLVED,UNRESOLVED,"LEA reg,[reg+0x84]; no store-through-reg linked within the bounded window; wrapper-setter form not confirmed"
8D_MOD10_disp32@0x008C60FD,0x008C60FD,"LEA EDI,[ESI+0x84]",ESI (boundary-verified),read,entry~0x008C60C0,UNRESOLVED,UNRESOLVED,"LEA reg,[reg+0x84]; no store-through-reg linked within the bounded window; wrapper-setter form not confirmed"
8D_MOD10_disp32@0x008C6611,0x008C6611,"LEA ECX,[ESI+0x84]",ESI (boundary-verified),read,entry~0x008C63A0,UNRESOLVED,UNRESOLVED,"LEA reg,[reg+0x84]; no store-through-reg linked within the bounded window; wrapper-setter form not confirmed"
8D_MOD10_disp32@0x008C6E50,0x008C6E50,"LEA ECX,[ESI+0x84]",ESI (boundary-verified),read,entry~0x008C6BD0,UNRESOLVED,UNRESOLVED,"LEA reg,[reg+0x84]; no store-through-reg linked within the bounded window; wrapper-setter form not confirmed"
8D_MOD10_disp32@0x008C7299,0x008C7299,"LEA ECX,[ESI+0x84]",ESI (boundary-verified),read,entry~0x008C7150,UNRESOLVED,UNRESOLVED,"LEA reg,[reg+0x84]; no store-through-reg linked within the bounded window; wrapper-setter form not confirmed"
8D_MOD10_disp32@0x008C73FA,0x008C73FA,"LEA ECX,[ESI+0x84]",ESI (boundary-verified),read,entry~0x008C73F0,UNRESOLVED,UNRESOLVED,"LEA reg,[reg+0x84]; no store-through-reg linked within the bounded window; wrapper-setter form not confirmed"
8B_MOD10_disp32@0x008C7708,0x008C7708,"MOV EDX,[EAX+0x84]",EAX (boundary-verified),read,entry~0x008C76E0,NOT_A_WRITE,REJECTED_READ_NOT_WRITE,read/CMP form with displacement 0x84; no memory write occurs
C6_MOD10_SIB_BYTE@0x008CB8CD,0x008CB8CD,"MOV BYTE [...+0x84],imm8",ESP (boundary-verified),imm8=0x01,entry~0x008CB7E0,UNRESOLVED,REJECTED_UNRELATED_OFFSET,partial-width (byte/word) store at +0x84; cannot fully assign the dword pointer member at factory+0x84 (dword member per the base ctor store @0x0070D013 and the setter store @0x0070C71E)
88_MOD10_SIB_BYTE@0x008CB9C5,0x008CB9C5,"MOV BYTE [...+0x84],r8",ESP (boundary-verified),byte,entry~0x008CB7E0,UNRESOLVED,REJECTED_UNRELATED_OFFSET,partial-width (byte/word) store at +0x84; cannot fully assign the dword pointer member at factory+0x84 (dword member per the base ctor store @0x0070D013 and the setter store @0x0070C71E)
C6_MOD10_SIB_BYTE@0x008CB9EA,0x008CB9EA,"MOV BYTE [...+0x84],imm8",ESP (boundary-verified),imm8=0x04,entry~0x008CB7E0,UNRESOLVED,REJECTED_UNRELATED_OFFSET,partial-width (byte/word) store at +0x84; cannot fully assign the dword pointer member at factory+0x84 (dword member per the base ctor store @0x0070D013 and the setter store @0x0070C71E)
C6_MOD10_SIB_BYTE@0x008CBADC,0x008CBADC,"MOV BYTE [...+0x84],imm8",ESP (boundary-verified),imm8=0x06,entry~0x008CB7E0,UNRESOLVED,REJECTED_UNRELATED_OFFSET,partial-width (byte/word) store at +0x84; cannot fully assign the dword pointer member at factory+0x84 (dword member per the base ctor store @0x0070D013 and the setter store @0x0070C71E)
8B_MOD10_disp32@0x008CBBC7,0x008CBBC7,"MOV ECX,[ESI+0x84]",ESI (boundary-verified),read,entry~0x008CBB60,NOT_A_WRITE,REJECTED_READ_NOT_WRITE,read/CMP form with displacement 0x84; no memory write occurs
8B_MOD10_disp32_SIB@0x008CD779,0x008CD779,"MOV EAX,[ESP+ESP*1+0x84]",ESP (boundary-verified),read,entry~0x008CD720,NOT_A_WRITE,REJECTED_READ_NOT_WRITE,read/CMP form with displacement 0x84; no memory write occurs
8B_MOD10_disp32_SIB@0x008D0848,0x008D0848,"MOV EDI,[ESP+ESP*1+0x84]",ESP (boundary-verified),read,entry~0x008D0820,NOT_A_WRITE,REJECTED_READ_NOT_WRITE,read/CMP form with displacement 0x84; no memory write occurs
8D_MOD10_disp32_SIB@0x008D0875,0x008D0875,"LEA EAX,[ESP+ESP*1+0x84]",ESP (boundary-verified),read,entry~0x008D0820,UNRESOLVED,REJECTED_WRONG_OBJECT,stack-relative slot; the factory object is heap-allocated (new 0x118 @0x0073E2CC lazy-init); a stack slot cannot be the factory's +0x84 member
C6_MOD10_SIB_BYTE@0x008D08EE,0x008D08EE,"MOV BYTE [...+0x84],imm8",ESP (boundary-verified),imm8=0x02,entry~0x008D0820,UNRESOLVED,REJECTED_UNRELATED_OFFSET,partial-width (byte/word) store at +0x84; cannot fully assign the dword pointer member at factory+0x84 (dword member per the base ctor store @0x0070D013 and the setter store @0x0070C71E)
89_MOD10_disp32_SIB@0x008DB75C,0x008DB75C,"MOV [ESP+ESP*1+0x84],ESP",ESP (boundary-verified),ESP,unknown,UNRESOLVED,REJECTED_WRONG_OBJECT,stack-relative slot; the factory object is heap-allocated (new 0x118 @0x0073E2CC lazy-init); a stack slot cannot be the factory's +0x84 member
89_MOD10_disp32_SIB@0x008DD548,0x008DD548,"MOV [ESP+ESP*1+0x84],EDX",ESP (boundary-verified),EDX,entry~0x008DCFB0,UNRESOLVED,REJECTED_WRONG_OBJECT,stack-relative slot; the factory object is heap-allocated (new 0x118 @0x0073E2CC lazy-init); a stack slot cannot be the factory's +0x84 member
89_MOD10_disp32_SIB@0x008DD882,0x008DD882,"MOV [ESP+ESP*1+0x84],EDI",ESP (boundary-verified),EDI,unknown,UNRESOLVED,REJECTED_WRONG_OBJECT,stack-relative slot; the factory object is heap-allocated (new 0x118 @0x0073E2CC lazy-init); a stack slot cannot be the factory's +0x84 member
8B_MOD10_disp32@0x008E340C,0x008E340C,"MOV ECX,[ESI+0x84]",ESI (boundary-verified),read,entry~0x008E3400,NOT_A_WRITE,REJECTED_READ_NOT_WRITE,read/CMP form with displacement 0x84; no memory write occurs
89_MOD10_disp32@0x008E3424,0x008E3424,"MOV [ESI+0x84],EDI",ESI (boundary-verified),EDI,entry~0x008E3400,UNRESOLVED,UNRESOLVED,boundary-verified non-stack dword write to [reg+0x84]; base-register identity not resolved to any factory object within the window-level provenance bound; not established as a factory+0x84 write (no claim made)
C7_MOD10@0x008E3CC1,0x008E3CC1,"MOV [ESI+0x84],0x0",ESI (boundary-verified),imm32=0x0,entry~0x008E3CB0,UNRESOLVED,UNRESOLVED,boundary-verified non-stack dword write to [reg+0x84]; base-register identity not resolved to any factory object within the window-level provenance bound; not established as a factory+0x84 write (no claim made)
89_MOD10_disp32@0x008E4C85,0x008E4C85,"MOV [ESI+0x84],EBX",ESI (boundary-verified),EBX,entry~0x008E4BE0,UNRESOLVED,UNRESOLVED,boundary-verified non-stack dword write to [reg+0x84]; base-register identity not resolved to any factory object within the window-level provenance bound; not established as a factory+0x84 write (no claim made)
8B_MOD10_disp32_SIB@0x008E8EF0,0x008E8EF0,"MOV EAX,[ESP+ESP*1+0x84]",ESP (boundary-verified),read,entry~0x008E8EC0,NOT_A_WRITE,REJECTED_READ_NOT_WRITE,read/CMP form with displacement 0x84; no memory write occurs
8B_MOD10_disp32_SIB@0x008EB5C9,0x008EB5C9,"MOV ECX,[ESP+ESP*1+0x84]",ESP (boundary-verified),read,entry~0x008EB400,NOT_A_WRITE,REJECTED_READ_NOT_WRITE,read/CMP form with displacement 0x84; no memory write occurs
8B_MOD10_disp32_SIB@0x008EB932,0x008EB932,"MOV ECX,[ESP+ESP*1+0x84]",ESP (boundary-verified),read,entry~0x008EB400,NOT_A_WRITE,REJECTED_READ_NOT_WRITE,read/CMP form with displacement 0x84; no memory write occurs
8B_MOD10_disp32_SIB@0x008EBA38,0x008EBA38,"MOV ECX,[ESP+ESP*1+0x84]",ESP (boundary-verified),read,unknown,NOT_A_WRITE,REJECTED_READ_NOT_WRITE,read/CMP form with displacement 0x84; no memory write occurs
8B_MOD10_disp32_SIB@0x008ECBD6,0x008ECBD6,"MOV ESI,[ESP+ESP*1+0x84]",ESP (boundary-verified),read,entry~0x008ECB60,NOT_A_WRITE,REJECTED_READ_NOT_WRITE,read/CMP form with displacement 0x84; no memory write occurs
8D_MOD10_disp32_SIB@0x008F4CEF,0x008F4CEF,"LEA ECX,[ESP+ESP*1+0x84]",ESP (boundary-verified),read,entry~0x008F4BC0,UNRESOLVED,REJECTED_WRONG_OBJECT,stack-relative slot; the factory object is heap-allocated (new 0x118 @0x0073E2CC lazy-init); a stack slot cannot be the factory's +0x84 member
89_MOD10_disp32_SIB@0x008F55AD,0x008F55AD,"MOV [ESP+ESP*1+0x84],EAX",ESP (boundary-verified),EAX,entry~0x008F5090,UNRESOLVED,REJECTED_WRONG_OBJECT,stack-relative slot; the factory object is heap-allocated (new 0x118 @0x0073E2CC lazy-init); a stack slot cannot be the factory's +0x84 member
8D_MOD10_disp32_SIB@0x008F55DB,0x008F55DB,"LEA ECX,[ESP+ESP*1+0x84]",ESP (boundary-verified),read,entry~0x008F5090,UNRESOLVED,REJECTED_WRONG_OBJECT,stack-relative slot; the factory object is heap-allocated (new 0x118 @0x0073E2CC lazy-init); a stack slot cannot be the factory's +0x84 member
8D_MOD10_disp32_SIB@0x008F767A,0x008F767A,"LEA ECX,[ESP+ESP*1+0x84]",ESP (boundary-verified),read,unknown,UNRESOLVED,REJECTED_WRONG_OBJECT,stack-relative slot; the factory object is heap-allocated (new 0x118 @0x0073E2CC lazy-init); a stack slot cannot be the factory's +0x84 member
8D_MOD10_disp32_SIB@0x008F774F,0x008F774F,"LEA ECX,[ESP+ESP*1+0x84]",ESP (boundary-verified),read,unknown,UNRESOLVED,REJECTED_WRONG_OBJECT,stack-relative slot; the factory object is heap-allocated (new 0x118 @0x0073E2CC lazy-init); a stack slot cannot be the factory's +0x84 member
8D_MOD10_disp32_SIB@0x008F79BE,0x008F79BE,"LEA EDX,[ESP+ESP*1+0x84]",ESP (boundary-verified),read,entry~0x008F7860,UNRESOLVED,REJECTED_WRONG_OBJECT,stack-relative slot; the factory object is heap-allocated (new 0x118 @0x0073E2CC lazy-init); a stack slot cannot be the factory's +0x84 member
8D_MOD10_disp32_SIB@0x008F7A53,0x008F7A53,"LEA EDX,[ESP+ESP*1+0x84]",ESP (boundary-verified),read,entry~0x008F7860,UNRESOLVED,REJECTED_WRONG_OBJECT,stack-relative slot; the factory object is heap-allocated (new 0x118 @0x0073E2CC lazy-init); a stack slot cannot be the factory's +0x84 member
89_MOD10_disp32_SIB@0x008F82E3,0x008F82E3,"MOV [ESP+ESP*1+0x84],ESP",ESP (boundary-verified),ESP,entry~0x008F81F0,UNRESOLVED,REJECTED_WRONG_OBJECT,stack-relative slot; the factory object is heap-allocated (new 0x118 @0x0073E2CC lazy-init); a stack slot cannot be the factory's +0x84 member
8D_MOD10_disp32_SIB@0x008FBC56,0x008FBC56,"LEA ECX,[ESP+ESP*1+0x84]",ESP (boundary-verified),read,entry~0x008FBB90,UNRESOLVED,REJECTED_WRONG_OBJECT,stack-relative slot; the factory object is heap-allocated (new 0x118 @0x0073E2CC lazy-init); a stack slot cannot be the factory's +0x84 member
C7_MOD10_SIB@0x008FBD4C,0x008FBD4C,"MOV [ESP+ESP*1+0x84],0x1",ESP (boundary-verified),imm32=0x1,entry~0x008FBB90,UNRESOLVED,REJECTED_WRONG_OBJECT,stack-relative slot; the factory object is heap-allocated (new 0x118 @0x0073E2CC lazy-init); a stack slot cannot be the factory's +0x84 member
C7_MOD10_SIB@0x008FBE3C,0x008FBE3C,"MOV [ESP+ESP*1+0x84],0x1",ESP (boundary-verified),imm32=0x1,entry~0x008FBB90,UNRESOLVED,REJECTED_WRONG_OBJECT,stack-relative slot; the factory object is heap-allocated (new 0x118 @0x0073E2CC lazy-init); a stack slot cannot be the factory's +0x84 member
C7_MOD10_SIB@0x008FC09C,0x008FC09C,"MOV [ESP+ESP*1+0x84],0x1",ESP (boundary-verified),imm32=0x1,entry~0x008FC040,UNRESOLVED,REJECTED_WRONG_OBJECT,stack-relative slot; the factory object is heap-allocated (new 0x118 @0x0073E2CC lazy-init); a stack slot cannot be the factory's +0x84 member
8D_MOD10_disp32_SIB@0x008FCAEE,0x008FCAEE,"LEA ECX,[ESP+ESP*1+0x84]",ESP (boundary-verified),read,entry~0x008FC8A0,UNRESOLVED,REJECTED_WRONG_OBJECT,stack-relative slot; the factory object is heap-allocated (new 0x118 @0x0073E2CC lazy-init); a stack slot cannot be the factory's +0x84 member
8D_MOD10_disp32_SIB@0x008FCB4C,0x008FCB4C,"LEA ECX,[ESP+ESP*1+0x84]",ESP (boundary-verified),read,entry~0x008FC8A0,UNRESOLVED,REJECTED_WRONG_OBJECT,stack-relative slot; the factory object is heap-allocated (new 0x118 @0x0073E2CC lazy-init); a stack slot cannot be the factory's +0x84 member
8D_MOD10_disp32_SIB@0x008FCBAC,0x008FCBAC,"LEA ECX,[ESP+ESP*1+0x84]",ESP (boundary-verified),read,entry~0x008FC8A0,UNRESOLVED,REJECTED_WRONG_OBJECT,stack-relative slot; the factory object is heap-allocated (new 0x118 @0x0073E2CC lazy-init); a stack slot cannot be the factory's +0x84 member
8D_MOD10_disp32_SIB@0x008FCDEF,0x008FCDEF,"LEA ECX,[ESP+ESP*1+0x84]",ESP (boundary-unverified),read,entry~0x008FC8A0,NOT_A_WRITE,REJECTED_UNRELATED_OFFSET,raw byte-pattern occurrence not at a verified instruction start (part of another instruction's immediate/displacement); not an instruction
8D_MOD10_disp32_SIB@0x008FCE51,0x008FCE51,"LEA ECX,[ESP+ESP*1+0x84]",ESP (boundary-verified),read,entry~0x008FC8A0,UNRESOLVED,REJECTED_WRONG_OBJECT,stack-relative slot; the factory object is heap-allocated (new 0x118 @0x0073E2CC lazy-init); a stack slot cannot be the factory's +0x84 member
8D_MOD10_disp32_SIB@0x008FCECD,0x008FCECD,"LEA ECX,[ESP+ESP*1+0x84]",ESP (boundary-verified),read,unknown,UNRESOLVED,REJECTED_WRONG_OBJECT,stack-relative slot; the factory object is heap-allocated (new 0x118 @0x0073E2CC lazy-init); a stack slot cannot be the factory's +0x84 member
8D_MOD10_disp32_SIB@0x008FD000,0x008FD000,"LEA ECX,[ESP+ESP*1+0x84]",ESP (boundary-unverified),read,unknown,NOT_A_WRITE,REJECTED_UNRELATED_OFFSET,raw byte-pattern occurrence not at a verified instruction start (part of another instruction's immediate/displacement); not an instruction
8D_MOD10_disp32_SIB@0x008FD09A,0x008FD09A,"LEA ECX,[ESP+ESP*1+0x84]",ESP (boundary-unverified),read,unknown,NOT_A_WRITE,REJECTED_UNRELATED_OFFSET,raw byte-pattern occurrence not at a verified instruction start (part of another instruction's immediate/displacement); not an instruction
8D_MOD10_disp32_SIB@0x008FD370,0x008FD370,"LEA ECX,[ESP+ESP*1+0x84]",ESP (boundary-verified),read,unknown,UNRESOLVED,REJECTED_WRONG_OBJECT,stack-relative slot; the factory object is heap-allocated (new 0x118 @0x0073E2CC lazy-init); a stack slot cannot be the factory's +0x84 member
8D_MOD10_disp32_SIB@0x008FD3D4,0x008FD3D4,"LEA ECX,[ESP+ESP*1+0x84]",ESP (boundary-unverified),read,unknown,NOT_A_WRITE,REJECTED_UNRELATED_OFFSET,raw byte-pattern occurrence not at a verified instruction start (part of another instruction's immediate/displacement); not an instruction
8D_MOD10_disp32_SIB@0x008FD46B,0x008FD46B,"LEA ECX,[ESP+ESP*1+0x84]",ESP (boundary-unverified),read,unknown,NOT_A_WRITE,REJECTED_UNRELATED_OFFSET,raw byte-pattern occurrence not at a verified instruction start (part of another instruction's immediate/displacement); not an instruction
8D_MOD10_disp32_SIB@0x008FD5F2,0x008FD5F2,"LEA ECX,[ESP+ESP*1+0x84]",ESP (boundary-verified),read,unknown,UNRESOLVED,REJECTED_WRONG_OBJECT,stack-relative slot; the factory object is heap-allocated (new 0x118 @0x0073E2CC lazy-init); a stack slot cannot be the factory's +0x84 member
8D_MOD10_disp32_SIB@0x008FD9ED,0x008FD9ED,"LEA EAX,[ESP+ESP*1+0x84]",ESP (boundary-verified),read,entry~0x008FD9D0,UNRESOLVED,REJECTED_WRONG_OBJECT,stack-relative slot; the factory object is heap-allocated (new 0x118 @0x0073E2CC lazy-init); a stack slot cannot be the factory's +0x84 member
8B_MOD10_disp32_SIB@0x008FDD0A,0x008FDD0A,"MOV ECX,[ESP+ESP*1+0x84]",ESP (boundary-verified),read,entry~0x008FD9D0,NOT_A_WRITE,REJECTED_READ_NOT_WRITE,read/CMP form with displacement 0x84; no memory write occurs
8D_MOD10_disp32_SIB@0x008FE8D7,0x008FE8D7,"LEA EDX,[ESP+ESP*1+0x84]",ESP (boundary-verified),read,entry~0x008FE730,UNRESOLVED,REJECTED_WRONG_OBJECT,stack-relative slot; the factory object is heap-allocated (new 0x118 @0x0073E2CC lazy-init); a stack slot cannot be the factory's +0x84 member
8D_MOD10_disp32_SIB@0x008FFF04,0x008FFF04,"LEA ECX,[ESP+ESP*1+0x84]",ESP (boundary-verified),read,entry~0x008FFD30,UNRESOLVED,REJECTED_WRONG_OBJECT,stack-relative slot; the factory object is heap-allocated (new 0x118 @0x0073E2CC lazy-init); a stack slot cannot be the factory's +0x84 member
8D_MOD10_disp32_SIB@0x008FFF17,0x008FFF17,"LEA ECX,[ESP+ESP*1+0x84]",ESP (boundary-verified),read,entry~0x008FFD30,UNRESOLVED,REJECTED_WRONG_OBJECT,stack-relative slot; the factory object is heap-allocated (new 0x118 @0x0073E2CC lazy-init); a stack slot cannot be the factory's +0x84 member
8D_MOD10_disp32_SIB@0x009005D3,0x009005D3,"LEA ECX,[ESP+ESP*1+0x84]",ESP (boundary-verified),read,entry~0x00900550,UNRESOLVED,REJECTED_WRONG_OBJECT,stack-relative slot; the factory object is heap-allocated (new 0x118 @0x0073E2CC lazy-init); a stack slot cannot be the factory's +0x84 member
8D_MOD10_disp32_SIB@0x00901C71,0x00901C71,"LEA EAX,[ESP+ESP*1+0x84]",ESP (boundary-verified),read,entry~0x00901BB0,UNRESOLVED,REJECTED_WRONG_OBJECT,stack-relative slot; the factory object is heap-allocated (new 0x118 @0x0073E2CC lazy-init); a stack slot cannot be the factory's +0x84 member
8D_MOD10_disp32_SIB@0x00903331,0x00903331,"LEA EAX,[ESP+ESP*1+0x84]",ESP (boundary-verified),read,entry~0x00903300,UNRESOLVED,REJECTED_WRONG_OBJECT,stack-relative slot; the factory object is heap-allocated (new 0x118 @0x0073E2CC lazy-init); a stack slot cannot be the factory's +0x84 member
8D_MOD10_disp32_SIB@0x0090404F,0x0090404F,"LEA ECX,[ESP+ESP*1+0x84]",ESP (boundary-verified),read,unknown,UNRESOLVED,REJECTED_WRONG_OBJECT,stack-relative slot; the factory object is heap-allocated (new 0x118 @0x0073E2CC lazy-init); a stack slot cannot be the factory's +0x84 member
C6_MOD10_SIB_BYTE@0x00905208,0x00905208,"MOV BYTE [...+0x84],imm8",ESP (boundary-verified),imm8=0x04,entry~0x009050D0,UNRESOLVED,REJECTED_UNRELATED_OFFSET,partial-width (byte/word) store at +0x84; cannot fully assign the dword pointer member at factory+0x84 (dword member per the base ctor store @0x0070D013 and the setter store @0x0070C71E)
C6_MOD10_SIB_BYTE@0x009052E6,0x009052E6,"MOV BYTE [...+0x84],imm8",ESP (boundary-verified),imm8=0x0A,entry~0x009050D0,UNRESOLVED,REJECTED_UNRELATED_OFFSET,partial-width (byte/word) store at +0x84; cannot fully assign the dword pointer member at factory+0x84 (dword member per the base ctor store @0x0070D013 and the setter store @0x0070C71E)
8B_MOD10_disp32_SIB@0x0090532F,0x0090532F,"MOV ESI,[ESP+ESP*1+0x84]",ESP (boundary-verified),read,entry~0x009050D0,NOT_A_WRITE,REJECTED_READ_NOT_WRITE,read/CMP form with displacement 0x84; no memory write occurs
C6_MOD10_SIB_BYTE@0x009053B6,0x009053B6,"MOV BYTE [...+0x84],imm8",ESP (boundary-verified),imm8=0x0C,entry~0x009050D0,UNRESOLVED,REJECTED_UNRELATED_OFFSET,partial-width (byte/word) store at +0x84; cannot fully assign the dword pointer member at factory+0x84 (dword member per the base ctor store @0x0070D013 and the setter store @0x0070C71E)
C6_MOD10_SIB_BYTE@0x009053DB,0x009053DB,"MOV BYTE [...+0x84],imm8",ESP (boundary-verified),imm8=0x0D,entry~0x009050D0,UNRESOLVED,REJECTED_UNRELATED_OFFSET,partial-width (byte/word) store at +0x84; cannot fully assign the dword pointer member at factory+0x84 (dword member per the base ctor store @0x0070D013 and the setter store @0x0070C71E)
C6_MOD10_SIB_BYTE@0x00905456,0x00905456,"MOV BYTE [...+0x84],imm8",ESP (boundary-verified),imm8=0x0F,entry~0x009050D0,UNRESOLVED,REJECTED_UNRELATED_OFFSET,partial-width (byte/word) store at +0x84; cannot fully assign the dword pointer member at factory+0x84 (dword member per the base ctor store @0x0070D013 and the setter store @0x0070C71E)
C6_MOD10_SIB_BYTE@0x009054D2,0x009054D2,"MOV BYTE [...+0x84],imm8",ESP (boundary-verified),imm8=0x11,entry~0x009050D0,UNRESOLVED,REJECTED_UNRELATED_OFFSET,partial-width (byte/word) store at +0x84; cannot fully assign the dword pointer member at factory+0x84 (dword member per the base ctor store @0x0070D013 and the setter store @0x0070C71E)
88_MOD10_SIB_BYTE@0x00905550,0x00905550,"MOV BYTE [...+0x84],r8",ESP (boundary-verified),byte,entry~0x009050D0,UNRESOLVED,REJECTED_UNRELATED_OFFSET,partial-width (byte/word) store at +0x84; cannot fully assign the dword pointer member at factory+0x84 (dword member per the base ctor store @0x0070D013 and the setter store @0x0070C71E)
8B_MOD10_disp32_SIB@0x009055BC,0x009055BC,"MOV ECX,[ESP+ESP*1+0x84]",ESP (boundary-verified),read,entry~0x009050D0,NOT_A_WRITE,REJECTED_READ_NOT_WRITE,read/CMP form with displacement 0x84; no memory write occurs
C6_MOD10_SIB_BYTE@0x009055D0,0x009055D0,"MOV BYTE [...+0x84],imm8",ESP (boundary-verified),imm8=0x15,entry~0x009050D0,UNRESOLVED,REJECTED_UNRELATED_OFFSET,partial-width (byte/word) store at +0x84; cannot fully assign the dword pointer member at factory+0x84 (dword member per the base ctor store @0x0070D013 and the setter store @0x0070C71E)
8D_MOD10_disp32_SIB@0x0090562B,0x0090562B,"LEA ECX,[ESP+ESP*1+0x84]",ESP (boundary-verified),read,entry~0x009050D0,UNRESOLVED,REJECTED_WRONG_OBJECT,stack-relative slot; the factory object is heap-allocated (new 0x118 @0x0073E2CC lazy-init); a stack slot cannot be the factory's +0x84 member
89_MOD10_disp32_SIB@0x0090C9E1,0x0090C9E1,"MOV [ESP+ESP*1+0x84],EBX",ESP (boundary-verified),EBX,unknown,UNRESOLVED,REJECTED_WRONG_OBJECT,stack-relative slot; the factory object is heap-allocated (new 0x118 @0x0073E2CC lazy-init); a stack slot cannot be the factory's +0x84 member
8B_MOD10_disp32@0x0090CF03,0x0090CF03,"MOV EAX,[ESI+0x84]",ESI (boundary-verified),read,entry~0x0090CF00,NOT_A_WRITE,REJECTED_READ_NOT_WRITE,read/CMP form with displacement 0x84; no memory write occurs
8B_MOD10_disp32@0x0090CF35,0x0090CF35,"MOV EAX,[ESI+0x84]",ESI (boundary-verified),read,entry~0x0090CF30,NOT_A_WRITE,REJECTED_READ_NOT_WRITE,read/CMP form with displacement 0x84; no memory write occurs
8B_MOD10_disp32@0x0090D27F,0x0090D27F,"MOV ECX,[ESI+0x84]",ESI (boundary-verified),read,entry~0x0090D220,NOT_A_WRITE,REJECTED_READ_NOT_WRITE,read/CMP form with displacement 0x84; no memory write occurs
8B_MOD10_disp32@0x0090D292,0x0090D292,"MOV EDX,[ESI+0x84]",ESI (boundary-verified),read,entry~0x0090D220,NOT_A_WRITE,REJECTED_READ_NOT_WRITE,read/CMP form with displacement 0x84; no memory write occurs
8B_MOD10_disp32@0x0090D2FF,0x0090D2FF,"MOV ECX,[ESI+0x84]",ESI (boundary-verified),read,entry~0x0090D220,NOT_A_WRITE,REJECTED_READ_NOT_WRITE,read/CMP form with displacement 0x84; no memory write occurs
8B_MOD10_disp32@0x0090D407,0x0090D407,"MOV EDX,[ESI+0x84]",ESI (boundary-verified),read,entry~0x0090D3B0,NOT_A_WRITE,REJECTED_READ_NOT_WRITE,read/CMP form with displacement 0x84; no memory write occurs
8B_MOD10_disp32@0x0090D442,0x0090D442,"MOV EAX,[ESI+0x84]",ESI (boundary-verified),read,entry~0x0090D3B0,NOT_A_WRITE,REJECTED_READ_NOT_WRITE,read/CMP form with displacement 0x84; no memory write occurs
89_MOD10_disp32@0x0090D629,0x0090D629,"MOV [ESI+0x84],EDI",ESI (boundary-verified),EDI,entry~0x0090D4B0,UNRESOLVED,UNRESOLVED,boundary-verified non-stack dword write to [reg+0x84]; base-register identity not resolved to any factory object within the window-level provenance bound; not established as a factory+0x84 write (no claim made)
C7_MOD10_SIB@0x0090EA14,0x0090EA14,"MOV [ESP+ESP*1+0x84],0x0",ESP (boundary-verified),imm32=0x0,entry~0x0090E9C0,UNRESOLVED,REJECTED_WRONG_OBJECT,stack-relative slot; the factory object is heap-allocated (new 0x118 @0x0073E2CC lazy-init); a stack slot cannot be the factory's +0x84 member
8B_MOD10_disp32_SIB@0x0090EA47,0x0090EA47,"MOV EAX,[ESP+ESP*1+0x84]",ESP (boundary-verified),read,entry~0x0090E9C0,NOT_A_WRITE,REJECTED_READ_NOT_WRITE,read/CMP form with displacement 0x84; no memory write occurs
C7_MOD10_SIB@0x0090EA75,0x0090EA75,"MOV [ESP+ESP*1+0x84],0x1",ESP (boundary-verified),imm32=0x1,entry~0x0090E9C0,UNRESOLVED,REJECTED_WRONG_OBJECT,stack-relative slot; the factory object is heap-allocated (new 0x118 @0x0073E2CC lazy-init); a stack slot cannot be the factory's +0x84 member
8B_MOD10_disp32_SIB@0x0090FD62,0x0090FD62,"MOV EAX,[ESP+ESP*1+0x84]",ESP (boundary-verified),read,entry~0x0090FC00,NOT_A_WRITE,REJECTED_READ_NOT_WRITE,read/CMP form with displacement 0x84; no memory write occurs
C6_MOD10_SIB_BYTE@0x00910A0C,0x00910A0C,"MOV BYTE [...+0x84],imm8",ESP (boundary-verified),imm8=0x02,entry~0x009109C0,UNRESOLVED,REJECTED_UNRELATED_OFFSET,partial-width (byte/word) store at +0x84; cannot fully assign the dword pointer member at factory+0x84 (dword member per the base ctor store @0x0070D013 and the setter store @0x0070C71E)
C7_MOD10_SIB@0x00910B41,0x00910B41,"MOV [ESP+ESP*1+0x84],0xFFFFFFFF",ESP (boundary-verified),imm32=0xFFFFFFFF,entry~0x009109C0,UNRESOLVED,REJECTED_WRONG_OBJECT,stack-relative slot; the factory object is heap-allocated (new 0x118 @0x0073E2CC lazy-init); a stack slot cannot be the factory's +0x84 member
8B_MOD10_disp32@0x00914226,0x00914226,"MOV EAX,[EAX+0x84]",EAX (boundary-verified),read,entry~0x009140D0,NOT_A_WRITE,REJECTED_READ_NOT_WRITE,read/CMP form with displacement 0x84; no memory write occurs
8B_MOD10_disp32@0x009144B4,0x009144B4,"MOV EAX,[EAX+0x84]",EAX (boundary-verified),read,entry~0x00914270,NOT_A_WRITE,REJECTED_READ_NOT_WRITE,read/CMP form with displacement 0x84; no memory write occurs
8B_MOD10_disp32@0x0091474A,0x0091474A,"MOV EAX,[EAX+0x84]",EAX (boundary-verified),read,entry~0x00914500,NOT_A_WRITE,REJECTED_READ_NOT_WRITE,read/CMP form with displacement 0x84; no memory write occurs
8D_MOD10_disp32_SIB@0x00914E71,0x00914E71,"LEA EAX,[ESP+ESP*1+0x84]",ESP (boundary-verified),read,entry~0x00914DB0,UNRESOLVED,REJECTED_WRONG_OBJECT,stack-relative slot; the factory object is heap-allocated (new 0x118 @0x0073E2CC lazy-init); a stack slot cannot be the factory's +0x84 member
8B_MOD10_disp32_SIB@0x00914F3C,0x00914F3C,"MOV EAX,[ESP+ESP*1+0x84]",ESP (boundary-verified),read,entry~0x00914DB0,NOT_A_WRITE,REJECTED_READ_NOT_WRITE,read/CMP form with displacement 0x84; no memory write occurs
C6_MOD10_SIB_BYTE@0x00915C18,0x00915C18,"MOV BYTE [...+0x84],imm8",ESP (boundary-verified),imm8=0x03,entry~0x00915BB0,UNRESOLVED,REJECTED_UNRELATED_OFFSET,partial-width (byte/word) store at +0x84; cannot fully assign the dword pointer member at factory+0x84 (dword member per the base ctor store @0x0070D013 and the setter store @0x0070C71E)
C6_MOD10_SIB_BYTE@0x00915C29,0x00915C29,"MOV BYTE [...+0x84],imm8",ESP (boundary-verified),imm8=0x04,entry~0x00915BB0,UNRESOLVED,REJECTED_UNRELATED_OFFSET,partial-width (byte/word) store at +0x84; cannot fully assign the dword pointer member at factory+0x84 (dword member per the base ctor store @0x0070D013 and the setter store @0x0070C71E)
C7_MOD10_SIB@0x00915C48,0x00915C48,"MOV [ESP+ESP*1+0x84],0xFFFFFFFF",ESP (boundary-verified),imm32=0xFFFFFFFF,entry~0x00915BB0,UNRESOLVED,REJECTED_WRONG_OBJECT,stack-relative slot; the factory object is heap-allocated (new 0x118 @0x0073E2CC lazy-init); a stack slot cannot be the factory's +0x84 member
C7_MOD10_SIB@0x00915C70,0x00915C70,"MOV [ESP+ESP*1+0x84],0xFFFFFFFF",ESP (boundary-verified),imm32=0xFFFFFFFF,entry~0x00915BB0,UNRESOLVED,REJECTED_WRONG_OBJECT,stack-relative slot; the factory object is heap-allocated (new 0x118 @0x0073E2CC lazy-init); a stack slot cannot be the factory's +0x84 member
C7_MOD10_SIB@0x00915CE7,0x00915CE7,"MOV [ESP+ESP*1+0x84],0x0",ESP (boundary-verified),imm32=0x0,entry~0x00915CB0,UNRESOLVED,REJECTED_WRONG_OBJECT,stack-relative slot; the factory object is heap-allocated (new 0x118 @0x0073E2CC lazy-init); a stack slot cannot be the factory's +0x84 member
C6_MOD10_SIB_BYTE@0x00915CFE,0x00915CFE,"MOV BYTE [...+0x84],imm8",ESP (boundary-verified),imm8=0x01,entry~0x00915CB0,UNRESOLVED,REJECTED_UNRELATED_OFFSET,partial-width (byte/word) store at +0x84; cannot fully assign the dword pointer member at factory+0x84 (dword member per the base ctor store @0x0070D013 and the setter store @0x0070C71E)
C6_MOD10_SIB_BYTE@0x00915D13,0x00915D13,"MOV BYTE [...+0x84],imm8",ESP (boundary-verified),imm8=0x02,entry~0x00915CB0,UNRESOLVED,REJECTED_UNRELATED_OFFSET,partial-width (byte/word) store at +0x84; cannot fully assign the dword pointer member at factory+0x84 (dword member per the base ctor store @0x0070D013 and the setter store @0x0070C71E)
8D_MOD10_disp32_SIB@0x00916001,0x00916001,"LEA EAX,[ESP+ESP*1+0x84]",ESP (boundary-verified),read,entry~0x00915FD0,UNRESOLVED,REJECTED_WRONG_OBJECT,stack-relative slot; the factory object is heap-allocated (new 0x118 @0x0073E2CC lazy-init); a stack slot cannot be the factory's +0x84 member
8B_MOD10_disp32_SIB@0x00918C4A,0x00918C4A,"MOV ECX,[ESP+ESP*1+0x84]",ESP (boundary-verified),read,entry~0x00918C00,NOT_A_WRITE,REJECTED_READ_NOT_WRITE,read/CMP form with displacement 0x84; no memory write occurs
8D_MOD10_disp32_SIB@0x00919CE1,0x00919CE1,"LEA ECX,[ESP+ESP*1+0x84]",ESP (boundary-verified),read,entry~0x00919990,UNRESOLVED,REJECTED_WRONG_OBJECT,stack-relative slot; the factory object is heap-allocated (new 0x118 @0x0073E2CC lazy-init); a stack slot cannot be the factory's +0x84 member
8D_MOD10_disp32_SIB@0x00924A33,0x00924A33,"LEA ECX,[ESP+ESP*1+0x84]",ESP (boundary-verified),read,entry~0x00924960,UNRESOLVED,REJECTED_WRONG_OBJECT,stack-relative slot; the factory object is heap-allocated (new 0x118 @0x0073E2CC lazy-init); a stack slot cannot be the factory's +0x84 member
8D_MOD10_disp32_SIB@0x00924C76,0x00924C76,"LEA EAX,[ESP+ESP*1+0x84]",ESP (boundary-verified),read,entry~0x00924C50,UNRESOLVED,REJECTED_WRONG_OBJECT,stack-relative slot; the factory object is heap-allocated (new 0x118 @0x0073E2CC lazy-init); a stack slot cannot be the factory's +0x84 member
8B_MOD10_disp32_SIB@0x00924E37,0x00924E37,"MOV ECX,[ESP+ESP*1+0x84]",ESP (boundary-verified),read,entry~0x00924C50,NOT_A_WRITE,REJECTED_READ_NOT_WRITE,read/CMP form with displacement 0x84; no memory write occurs
C6_MOD10_SIB_BYTE@0x00925BE8,0x00925BE8,"MOV BYTE [...+0x84],imm8",ESP (boundary-verified),imm8=0x03,entry~0x00925AF0,UNRESOLVED,REJECTED_UNRELATED_OFFSET,partial-width (byte/word) store at +0x84; cannot fully assign the dword pointer member at factory+0x84 (dword member per the base ctor store @0x0070D013 and the setter store @0x0070C71E)
C6_MOD10_SIB_BYTE@0x00925BFB,0x00925BFB,"MOV BYTE [...+0x84],imm8",ESP (boundary-verified),imm8=0x04,entry~0x00925AF0,UNRESOLVED,REJECTED_UNRELATED_OFFSET,partial-width (byte/word) store at +0x84; cannot fully assign the dword pointer member at factory+0x84 (dword member per the base ctor store @0x0070D013 and the setter store @0x0070C71E)
89_MOD10_disp32_SIB@0x009264AE,0x009264AE,"MOV [ESP+ESP*1+0x84],ESP",ESP (boundary-verified),ESP,entry~0x00926360,UNRESOLVED,REJECTED_WRONG_OBJECT,stack-relative slot; the factory object is heap-allocated (new 0x118 @0x0073E2CC lazy-init); a stack slot cannot be the factory's +0x84 member
89_MOD10_disp32_SIB@0x00926547,0x00926547,"MOV [ESP+ESP*1+0x84],ESP",ESP (boundary-verified),ESP,entry~0x00926360,UNRESOLVED,REJECTED_WRONG_OBJECT,stack-relative slot; the factory object is heap-allocated (new 0x118 @0x0073E2CC lazy-init); a stack slot cannot be the factory's +0x84 member
8D_MOD10_disp32_SIB@0x00928601,0x00928601,"LEA EAX,[ESP+ESP*1+0x84]",ESP (boundary-verified),read,entry~0x009285D0,UNRESOLVED,REJECTED_WRONG_OBJECT,stack-relative slot; the factory object is heap-allocated (new 0x118 @0x0073E2CC lazy-init); a stack slot cannot be the factory's +0x84 member
8D_MOD10_disp32_SIB@0x0092A92D,0x0092A92D,"LEA ECX,[ESP+ESP*1+0x84]",ESP (boundary-verified),read,entry~0x0092A5A0,UNRESOLVED,REJECTED_WRONG_OBJECT,stack-relative slot; the factory object is heap-allocated (new 0x118 @0x0073E2CC lazy-init); a stack slot cannot be the factory's +0x84 member
8D_MOD10_disp32_SIB@0x0092A9B9,0x0092A9B9,"LEA ECX,[ESP+ESP*1+0x84]",ESP (boundary-verified),read,entry~0x0092A5A0,UNRESOLVED,REJECTED_WRONG_OBJECT,stack-relative slot; the factory object is heap-allocated (new 0x118 @0x0073E2CC lazy-init); a stack slot cannot be the factory's +0x84 member
8D_MOD10_disp32_SIB@0x0092A9D4,0x0092A9D4,"LEA ECX,[ESP+ESP*1+0x84]",ESP (boundary-verified),read,entry~0x0092A5A0,UNRESOLVED,REJECTED_WRONG_OBJECT,stack-relative slot; the factory object is heap-allocated (new 0x118 @0x0073E2CC lazy-init); a stack slot cannot be the factory's +0x84 member
C7_MOD10_SIB@0x0092ABB1,0x0092ABB1,"MOV [ESP+ESP*1+0x84],0x12",ESP (boundary-verified),imm32=0x12,unknown,UNRESOLVED,REJECTED_WRONG_OBJECT,stack-relative slot; the factory object is heap-allocated (new 0x118 @0x0073E2CC lazy-init); a stack slot cannot be the factory's +0x84 member
8D_MOD10_disp32_SIB@0x0092ACBF,0x0092ACBF,"LEA EAX,[ESP+ESP*1+0x84]",ESP (boundary-verified),read,unknown,UNRESOLVED,REJECTED_WRONG_OBJECT,stack-relative slot; the factory object is heap-allocated (new 0x118 @0x0073E2CC lazy-init); a stack slot cannot be the factory's +0x84 member
8D_MOD10_disp32_SIB@0x0092ACDD,0x0092ACDD,"LEA ECX,[ESP+ESP*1+0x84]",ESP (boundary-verified),read,unknown,UNRESOLVED,REJECTED_WRONG_OBJECT,stack-relative slot; the factory object is heap-allocated (new 0x118 @0x0073E2CC lazy-init); a stack slot cannot be the factory's +0x84 member
8B_MOD10_disp32_SIB@0x0092C811,0x0092C811,"MOV EAX,[ESP+ESP*1+0x84]",ESP (boundary-verified),read,entry~0x0092C7C0,NOT_A_WRITE,REJECTED_READ_NOT_WRITE,read/CMP form with displacement 0x84; no memory write occurs
8D_MOD10_disp32_SIB@0x0092CC5D,0x0092CC5D,"LEA EAX,[ESP+ESP*1+0x84]",ESP (boundary-verified),read,entry~0x0092CC40,UNRESOLVED,REJECTED_WRONG_OBJECT,stack-relative slot; the factory object is heap-allocated (new 0x118 @0x0073E2CC lazy-init); a stack slot cannot be the factory's +0x84 member
8B_MOD10_disp32_SIB@0x0092D230,0x0092D230,"MOV ECX,[ESP+ESP*1+0x84]",ESP (boundary-verified),read,entry~0x0092CC40,NOT_A_WRITE,REJECTED_READ_NOT_WRITE,read/CMP form with displacement 0x84; no memory write occurs
8D_MOD10_disp32@0x00931D36,0x00931D36,"LEA ECX,[ESI+0x84]",ESI (boundary-verified),read,entry~0x00931C80,UNRESOLVED,UNRESOLVED,"LEA reg,[reg+0x84]; no store-through-reg linked within the bounded window; wrapper-setter form not confirmed"
8D_MOD10_disp32@0x0093259D,0x0093259D,"LEA ECX,[EBP+0x84]",EBP (boundary-verified),read,entry~0x009324F0,UNRESOLVED,REJECTED_WRONG_OBJECT,stack-relative slot; the factory object is heap-allocated (new 0x118 @0x0073E2CC lazy-init); a stack slot cannot be the factory's +0x84 member
8D_MOD10_disp32_SIB@0x0093AB06,0x0093AB06,"LEA ECX,[ESP+ESP*1+0x84]",ESP (boundary-verified),read,entry~0x0093A990,UNRESOLVED,REJECTED_WRONG_OBJECT,stack-relative slot; the factory object is heap-allocated (new 0x118 @0x0073E2CC lazy-init); a stack slot cannot be the factory's +0x84 member
8B_MOD10_disp32_SIB@0x0093C088,0x0093C088,"MOV EDX,[ESP+ESP*1+0x84]",ESP (boundary-verified),read,entry~0x0093BE20,NOT_A_WRITE,REJECTED_READ_NOT_WRITE,read/CMP form with displacement 0x84; no memory write occurs
89_MOD10_disp32_SIB@0x0093FCA0,0x0093FCA0,"MOV [ESP+ESP*1+0x84],ESI",ESP (boundary-verified),ESI,entry~0x0093F800,UNRESOLVED,REJECTED_WRONG_OBJECT,stack-relative slot; the factory object is heap-allocated (new 0x118 @0x0073E2CC lazy-init); a stack slot cannot be the factory's +0x84 member
89_MOD10_disp32_SIB@0x0093FFCE,0x0093FFCE,"MOV [ESP+ESP*1+0x84],ECX",ESP (boundary-verified),ECX,unknown,UNRESOLVED,REJECTED_WRONG_OBJECT,stack-relative slot; the factory object is heap-allocated (new 0x118 @0x0073E2CC lazy-init); a stack slot cannot be the factory's +0x84 member
8B_MOD10_disp32_SIB@0x009410CD,0x009410CD,"MOV EDX,[ESP+ESP*1+0x84]",ESP (boundary-verified),read,entry~0x00940DE0,NOT_A_WRITE,REJECTED_READ_NOT_WRITE,read/CMP form with displacement 0x84; no memory write occurs
8B_MOD10_disp32_SIB@0x009412D5,0x009412D5,"MOV EAX,[ESP+ESP*1+0x84]",ESP (boundary-verified),read,entry~0x00940DE0,NOT_A_WRITE,REJECTED_READ_NOT_WRITE,read/CMP form with displacement 0x84; no memory write occurs
8B_MOD10_disp32_SIB@0x00941504,0x00941504,"MOV EAX,[ESP+ESP*1+0x84]",ESP (boundary-verified),read,unknown,NOT_A_WRITE,REJECTED_READ_NOT_WRITE,read/CMP form with displacement 0x84; no memory write occurs
89_MOD10_disp32_SIB@0x0094152F,0x0094152F,"MOV [ESP+ESP*1+0x84],EDX",ESP (boundary-verified),EDX,unknown,UNRESOLVED,REJECTED_WRONG_OBJECT,stack-relative slot; the factory object is heap-allocated (new 0x118 @0x0073E2CC lazy-init); a stack slot cannot be the factory's +0x84 member
89_MOD10_disp32_SIB@0x00944CD4,0x00944CD4,"MOV [ESP+ESP*1+0x84],EAX",ESP (boundary-verified),EAX,entry~0x00944BF0,UNRESOLVED,REJECTED_WRONG_OBJECT,stack-relative slot; the factory object is heap-allocated (new 0x118 @0x0073E2CC lazy-init); a stack slot cannot be the factory's +0x84 member
89_MOD10_disp32_SIB@0x00944D40,0x00944D40,"MOV [ESP+ESP*1+0x84],EAX",ESP (boundary-verified),EAX,entry~0x00944BF0,UNRESOLVED,REJECTED_WRONG_OBJECT,stack-relative slot; the factory object is heap-allocated (new 0x118 @0x0073E2CC lazy-init); a stack slot cannot be the factory's +0x84 member
89_MOD10_disp32@0x0094560B,0x0094560B,"MOV [ESI+0x84],ECX",ESI (boundary-verified),ECX,entry~0x009455D0,UNRESOLVED,UNRESOLVED,boundary-verified non-stack dword write to [reg+0x84]; base-register identity not resolved to any factory object within the window-level provenance bound; not established as a factory+0x84 write (no claim made)
C6_MOD10_SIB_BYTE@0x0094570A,0x0094570A,"MOV BYTE [...+0x84],imm8",ESP (boundary-verified),imm8=0x00,entry~0x00945690,UNRESOLVED,REJECTED_UNRELATED_OFFSET,partial-width (byte/word) store at +0x84; cannot fully assign the dword pointer member at factory+0x84 (dword member per the base ctor store @0x0070D013 and the setter store @0x0070C71E)
C7_MOD10_SIB@0x0094571F,0x0094571F,"MOV [ESP+ESP*1+0x84],0xFFFFFFFF",ESP (boundary-verified),imm32=0xFFFFFFFF,entry~0x00945690,UNRESOLVED,REJECTED_WRONG_OBJECT,stack-relative slot; the factory object is heap-allocated (new 0x118 @0x0073E2CC lazy-init); a stack slot cannot be the factory's +0x84 member
89_MOD10_disp32@0x0094652E,0x0094652E,"MOV [ESI+0x84],ECX",ESI (boundary-verified),ECX,entry~0x00946490,UNRESOLVED,UNRESOLVED,boundary-verified non-stack dword write to [reg+0x84]; base-register identity not resolved to any factory object within the window-level provenance bound; not established as a factory+0x84 write (no claim made)
89_MOD10_disp32@0x00948736,0x00948736,"MOV [EBP+0x84],ECX",EBP (boundary-verified),ECX,entry~0x00948700,UNRESOLVED,REJECTED_WRONG_OBJECT,stack-relative slot; the factory object is heap-allocated (new 0x118 @0x0073E2CC lazy-init); a stack slot cannot be the factory's +0x84 member
8D_MOD10_disp32@0x00948792,0x00948792,"LEA EAX,[EBP+0x84]",EBP (boundary-verified),read,entry~0x00948700,UNRESOLVED,REJECTED_WRONG_OBJECT,stack-relative slot; the factory object is heap-allocated (new 0x118 @0x0073E2CC lazy-init); a stack slot cannot be the factory's +0x84 member
89_MOD10_disp32_SIB@0x0094979F,0x0094979F,"MOV [ESP+ESP*1+0x84],EBX",ESP (boundary-verified),EBX,entry~0x00949720,UNRESOLVED,REJECTED_WRONG_OBJECT,stack-relative slot; the factory object is heap-allocated (new 0x118 @0x0073E2CC lazy-init); a stack slot cannot be the factory's +0x84 member
8B_MOD10_disp32_SIB@0x009498E0,0x009498E0,"MOV EAX,[ESP+ESP*1+0x84]",ESP (boundary-unverified),read,entry~0x00949720,NOT_A_WRITE,REJECTED_READ_NOT_WRITE,read/CMP form with displacement 0x84; no memory write occurs
89_MOD10_disp32_SIB@0x009498EA,0x009498EA,"MOV [ESP+ESP*1+0x84],EAX",ESP (boundary-unverified),EAX,entry~0x00949720,NOT_A_WRITE,REJECTED_UNRELATED_OFFSET,raw byte-pattern occurrence not at a verified instruction start (part of another instruction's immediate/displacement); not an instruction
8B_MOD10_disp32_SIB@0x0094A1DD,0x0094A1DD,"MOV ESI,[ESP+ESP*1+0x84]",ESP (boundary-verified),read,unknown,NOT_A_WRITE,REJECTED_READ_NOT_WRITE,read/CMP form with displacement 0x84; no memory write occurs
89_MOD10_disp32_SIB@0x0094A399,0x0094A399,"MOV [ESP+ESP*1+0x84],EAX",ESP (boundary-verified),EAX,entry~0x0094A250,UNRESOLVED,REJECTED_WRONG_OBJECT,stack-relative slot; the factory object is heap-allocated (new 0x118 @0x0073E2CC lazy-init); a stack slot cannot be the factory's +0x84 member
8B_MOD10_disp32_SIB@0x0094A8F6,0x0094A8F6,"MOV ECX,[ESP+ESP*1+0x84]",ESP (boundary-verified),read,unknown,NOT_A_WRITE,REJECTED_READ_NOT_WRITE,read/CMP form with displacement 0x84; no memory write occurs
C6_MOD10_SIB_BYTE@0x0094B257,0x0094B257,"MOV BYTE [...+0x84],imm8",ESP (boundary-verified),imm8=0x03,entry~0x0094B1D0,UNRESOLVED,REJECTED_UNRELATED_OFFSET,partial-width (byte/word) store at +0x84; cannot fully assign the dword pointer member at factory+0x84 (dword member per the base ctor store @0x0070D013 and the setter store @0x0070C71E)
C7_MOD10_SIB@0x0094BFD5,0x0094BFD5,"MOV [ESP+ESP*1+0x84],0xFFFFFFFF",ESP (boundary-verified),imm32=0xFFFFFFFF,entry~0x0094BF40,UNRESOLVED,REJECTED_WRONG_OBJECT,stack-relative slot; the factory object is heap-allocated (new 0x118 @0x0073E2CC lazy-init); a stack slot cannot be the factory's +0x84 member
8B_MOD10_disp32_SIB@0x0094C4CC,0x0094C4CC,"MOV EAX,[ESP+ESP*1+0x84]",ESP (boundary-verified),read,entry~0x0094C3F0,NOT_A_WRITE,REJECTED_READ_NOT_WRITE,read/CMP form with displacement 0x84; no memory write occurs
8B_MOD10_disp32_SIB@0x0094C657,0x0094C657,"MOV EBP,[ESP+ESP*1+0x84]",ESP (boundary-verified),read,entry~0x0094C630,NOT_A_WRITE,REJECTED_READ_NOT_WRITE,read/CMP form with displacement 0x84; no memory write occurs
8B_MOD10_disp32_SIB@0x0094C7D4,0x0094C7D4,"MOV ECX,[ESP+ESP*1+0x84]",ESP (boundary-verified),read,entry~0x0094C750,NOT_A_WRITE,REJECTED_READ_NOT_WRITE,read/CMP form with displacement 0x84; no memory write occurs
8B_MOD10_disp32_SIB@0x0094ECB0,0x0094ECB0,"MOV ECX,[ESP+ESP*1+0x84]",ESP (boundary-verified),read,entry~0x0094EAC0,NOT_A_WRITE,REJECTED_READ_NOT_WRITE,read/CMP form with displacement 0x84; no memory write occurs
89_MOD10_disp32@0x00956B15,0x00956B15,"MOV [ESI+0x84],EDX",ESI (boundary-verified),EDX,entry~0x00956A60,UNRESOLVED,UNRESOLVED,boundary-verified non-stack dword write to [reg+0x84]; base-register identity not resolved to any factory object within the window-level provenance bound; not established as a factory+0x84 write (no claim made)
8D_MOD10_disp32_SIB@0x00957FBA,0x00957FBA,"LEA EDX,[ESP+ESP*1+0x84]",ESP (boundary-verified),read,unknown,UNRESOLVED,REJECTED_WRONG_OBJECT,stack-relative slot; the factory object is heap-allocated (new 0x118 @0x0073E2CC lazy-init); a stack slot cannot be the factory's +0x84 member
8B_MOD10_disp32_SIB@0x0095A821,0x0095A821,"MOV ECX,[ESP+ESP*1+0x84]",ESP (boundary-verified),read,entry~0x0095A430,NOT_A_WRITE,REJECTED_READ_NOT_WRITE,read/CMP form with displacement 0x84; no memory write occurs
8B_MOD10_disp32_SIB@0x0095A8A8,0x0095A8A8,"MOV EDX,[ESP+ESP*1+0x84]",ESP (boundary-verified),read,entry~0x0095A430,NOT_A_WRITE,REJECTED_READ_NOT_WRITE,read/CMP form with displacement 0x84; no memory write occurs
89_MOD10_disp32@0x00961464,0x00961464,"MOV [ESI+0x84],EDX",ESI (boundary-verified),EDX,entry~0x00961420,UNRESOLVED,UNRESOLVED,boundary-verified non-stack dword write to [reg+0x84]; base-register identity not resolved to any factory object within the window-level provenance bound; not established as a factory+0x84 write (no claim made)
89_MOD10_disp32_SIB@0x009629CD,0x009629CD,"MOV [ESP+ESP*1+0x84],EAX",ESP (boundary-verified),EAX,entry~0x009629C0,UNRESOLVED,REJECTED_WRONG_OBJECT,stack-relative slot; the factory object is heap-allocated (new 0x118 @0x0073E2CC lazy-init); a stack slot cannot be the factory's +0x84 member
8B_MOD10_disp32_SIB@0x00962A77,0x00962A77,"MOV ECX,[ESP+ESP*1+0x84]",ESP (boundary-verified),read,entry~0x009629C0,NOT_A_WRITE,REJECTED_READ_NOT_WRITE,read/CMP form with displacement 0x84; no memory write occurs
8B_MOD10_disp32_SIB@0x00962B24,0x00962B24,"MOV ECX,[ESP+ESP*1+0x84]",ESP (boundary-verified),read,entry~0x009629C0,NOT_A_WRITE,REJECTED_READ_NOT_WRITE,read/CMP form with displacement 0x84; no memory write occurs
8B_MOD10_disp32@0x009667B3,0x009667B3,"MOV EAX,[ESI+0x84]",ESI (boundary-verified),read,entry~0x00966710,NOT_A_WRITE,REJECTED_READ_NOT_WRITE,read/CMP form with displacement 0x84; no memory write occurs
8B_MOD10_disp32@0x009669A8,0x009669A8,"MOV EDX,[ESI+0x84]",ESI (boundary-verified),read,entry~0x00966710,NOT_A_WRITE,REJECTED_READ_NOT_WRITE,read/CMP form with displacement 0x84; no memory write occurs
8B_MOD10_disp32@0x009669CA,0x009669CA,"MOV EDX,[ESI+0x84]",ESI (boundary-verified),read,entry~0x00966710,NOT_A_WRITE,REJECTED_READ_NOT_WRITE,read/CMP form with displacement 0x84; no memory write occurs
8B_MOD10_disp32@0x00966A09,0x00966A09,"MOV EDX,[ESI+0x84]",ESI (boundary-verified),read,entry~0x00966710,NOT_A_WRITE,REJECTED_READ_NOT_WRITE,read/CMP form with displacement 0x84; no memory write occurs
89_MOD10_disp32@0x0096762F,0x0096762F,"MOV [ESI+0x84],EBX",ESI (boundary-verified),EBX,entry~0x00967550,UNRESOLVED,UNRESOLVED,boundary-verified non-stack dword write to [reg+0x84]; base-register identity not resolved to any factory object within the window-level provenance bound; not established as a factory+0x84 write (no claim made)
8B_MOD10_disp32@0x0096807E,0x0096807E,"MOV EAX,[EBP+0x84]",EBP (boundary-verified),read,entry~0x00967FE0,NOT_A_WRITE,REJECTED_READ_NOT_WRITE,read/CMP form with displacement 0x84; no memory write occurs
8B_MOD10_disp32@0x00968105,0x00968105,"MOV EAX,[EBP+0x84]",EBP (boundary-verified),read,entry~0x00967FE0,NOT_A_WRITE,REJECTED_READ_NOT_WRITE,read/CMP form with displacement 0x84; no memory write occurs
89_MOD10_disp32@0x00968118,0x00968118,"MOV [EBP+0x84],EBX",EBP (boundary-unverified),EBX,entry~0x00967FE0,NOT_A_WRITE,REJECTED_UNRELATED_OFFSET,raw byte-pattern occurrence not at a verified instruction start (part of another instruction's immediate/displacement); not an instruction
89_MOD10_disp32@0x0096857A,0x0096857A,"MOV [ESI+0x84],EAX",ESI (boundary-unverified),EAX,entry~0x00968330,NOT_A_WRITE,REJECTED_UNRELATED_OFFSET,raw byte-pattern occurrence not at a verified instruction start (part of another instruction's immediate/displacement); not an instruction
8D_MOD10_disp32_SIB@0x00968907,0x00968907,"LEA ECX,[ESP+ESP*1+0x84]",ESP (boundary-verified),read,entry~0x00968790,UNRESOLVED,REJECTED_WRONG_OBJECT,stack-relative slot; the factory object is heap-allocated (new 0x118 @0x0073E2CC lazy-init); a stack slot cannot be the factory's +0x84 member
8B_MOD10_disp32@0x00968AE2,0x00968AE2,"MOV EDX,[EAX+0x84]",EAX (boundary-verified),read,entry~0x00968A50,NOT_A_WRITE,REJECTED_READ_NOT_WRITE,read/CMP form with displacement 0x84; no memory write occurs
89_MOD10_disp32_SIB@0x00968B43,0x00968B43,"MOV [ESP+ESP*1+0x84],EDX",ESP (boundary-verified),EDX,entry~0x00968A50,UNRESOLVED,REJECTED_WRONG_OBJECT,stack-relative slot; the factory object is heap-allocated (new 0x118 @0x0073E2CC lazy-init); a stack slot cannot be the factory's +0x84 member
89_MOD10_disp32@0x00969A63,0x00969A63,"MOV [EAX+0x84],EDX",EAX (boundary-verified),EDX,unknown,UNRESOLVED,UNRESOLVED,boundary-verified non-stack dword write to [reg+0x84]; base-register identity not resolved to any factory object within the window-level provenance bound; not established as a factory+0x84 write (no claim made)
8B_MOD10_disp32_SIB@0x00969E82,0x00969E82,"MOV ECX,[ESP+ESP*1+0x84]",ESP (boundary-verified),read,unknown,NOT_A_WRITE,REJECTED_READ_NOT_WRITE,read/CMP form with displacement 0x84; no memory write occurs
8B_MOD10_disp32_SIB@0x00969EBB,0x00969EBB,"MOV ECX,[ESP+ESP*1+0x84]",ESP (boundary-verified),read,unknown,NOT_A_WRITE,REJECTED_READ_NOT_WRITE,read/CMP form with displacement 0x84; no memory write occurs
89_MOD10_disp32_SIB@0x0096A151,0x0096A151,"MOV [ESP+ESP*1+0x84],EAX",ESP (boundary-verified),EAX,unknown,UNRESOLVED,REJECTED_WRONG_OBJECT,stack-relative slot; the factory object is heap-allocated (new 0x118 @0x0073E2CC lazy-init); a stack slot cannot be the factory's +0x84 member
8B_MOD10_disp32_SIB@0x0096A168,0x0096A168,"MOV EAX,[ESP+ESP*1+0x84]",ESP (boundary-verified),read,unknown,NOT_A_WRITE,REJECTED_READ_NOT_WRITE,read/CMP form with displacement 0x84; no memory write occurs
8B_MOD10_disp32_SIB@0x0096A55A,0x0096A55A,"MOV ECX,[ESP+ESP*1+0x84]",ESP (boundary-verified),read,unknown,NOT_A_WRITE,REJECTED_READ_NOT_WRITE,read/CMP form with displacement 0x84; no memory write occurs
8B_MOD10_disp32_SIB@0x0096A597,0x0096A597,"MOV ECX,[ESP+ESP*1+0x84]",ESP (boundary-verified),read,unknown,NOT_A_WRITE,REJECTED_READ_NOT_WRITE,read/CMP form with displacement 0x84; no memory write occurs
8D_MOD10_disp32_SIB@0x0097B93A,0x0097B93A,"LEA ECX,[ESP+ESP*1+0x84]",ESP (boundary-verified),read,entry~0x0097B820,UNRESOLVED,REJECTED_WRONG_OBJECT,stack-relative slot; the factory object is heap-allocated (new 0x118 @0x0073E2CC lazy-init); a stack slot cannot be the factory's +0x84 member
8B_MOD10_disp32_SIB@0x0097BB5B,0x0097BB5B,"MOV EDX,[ESP+ESP*1+0x84]",ESP (boundary-verified),read,entry~0x0097B820,NOT_A_WRITE,REJECTED_READ_NOT_WRITE,read/CMP form with displacement 0x84; no memory write occurs
8B_MOD10_disp32_SIB@0x0097D40F,0x0097D40F,"MOV EBP,[ESP+ESP*1+0x84]",ESP (boundary-verified),read,entry~0x0097D100,NOT_A_WRITE,REJECTED_READ_NOT_WRITE,read/CMP form with displacement 0x84; no memory write occurs
8D_MOD10_disp32_SIB@0x0097DF18,0x0097DF18,"LEA ECX,[ESP+ESP*1+0x84]",ESP (boundary-verified),read,entry~0x0097DD80,UNRESOLVED,REJECTED_WRONG_OBJECT,stack-relative slot; the factory object is heap-allocated (new 0x118 @0x0073E2CC lazy-init); a stack slot cannot be the factory's +0x84 member
89_MOD10_disp32@0x00987365,0x00987365,"MOV [ESI+0x84],EAX",ESI (boundary-verified),EAX,entry~0x009872F0,UNRESOLVED,UNRESOLVED,boundary-verified non-stack dword write to [reg+0x84]; base-register identity not resolved to any factory object within the window-level provenance bound; not established as a factory+0x84 write (no claim made)
39_MOD10_disp32@0x0098744A,0x0098744A,"CMP [EDX+0x84],EDI",EDX (boundary-verified),read,entry~0x009873C0,NOT_A_WRITE,REJECTED_READ_NOT_WRITE,read/CMP form with displacement 0x84; no memory write occurs
39_MOD10_disp32@0x0098775D,0x0098775D,"CMP [EBP+0x84],ESI",EBP (boundary-verified),read,entry~0x00987690,NOT_A_WRITE,REJECTED_READ_NOT_WRITE,read/CMP form with displacement 0x84; no memory write occurs
8B_MOD10_disp32@0x00987813,0x00987813,"MOV EAX,[EBX+0x84]",EBX (boundary-verified),read,entry~0x009877D0,NOT_A_WRITE,REJECTED_READ_NOT_WRITE,read/CMP form with displacement 0x84; no memory write occurs
39_MOD10_disp32@0x00987947,0x00987947,"CMP [EBX+0x84],ESI",EBX (boundary-verified),read,entry~0x009877D0,NOT_A_WRITE,REJECTED_READ_NOT_WRITE,read/CMP form with displacement 0x84; no memory write occurs
8B_MOD10_disp32@0x00988050,0x00988050,"MOV EAX,[EDI+0x84]",EDI (boundary-verified),read,entry~0x00987EE0,NOT_A_WRITE,REJECTED_READ_NOT_WRITE,read/CMP form with displacement 0x84; no memory write occurs
39_MOD10_disp32@0x00988070,0x00988070,"CMP [EDI+0x84],EBX",EDI (boundary-verified),read,entry~0x00987EE0,NOT_A_WRITE,REJECTED_READ_NOT_WRITE,read/CMP form with displacement 0x84; no memory write occurs
89_MOD10_disp32@0x009884B5,0x009884B5,"MOV [ESI+0x84],EBP",ESI (boundary-verified),EBP,entry~0x009883D0,UNRESOLVED,UNRESOLVED,boundary-verified non-stack dword write to [reg+0x84]; base-register identity not resolved to any factory object within the window-level provenance bound; not established as a factory+0x84 write (no claim made)
8B_MOD10_disp32_SIB@0x009913A9,0x009913A9,"MOV EBP,[ESP+ESP*1+0x84]",ESP (boundary-verified),read,entry~0x00991380,NOT_A_WRITE,REJECTED_READ_NOT_WRITE,read/CMP form with displacement 0x84; no memory write occurs
C6_MOD10_SIB_BYTE@0x0099145C,0x0099145C,"MOV BYTE [...+0x84],imm8",ESP (boundary-verified),imm8=0x00,entry~0x00991380,UNRESOLVED,REJECTED_UNRELATED_OFFSET,partial-width (byte/word) store at +0x84; cannot fully assign the dword pointer member at factory+0x84 (dword member per the base ctor store @0x0070D013 and the setter store @0x0070C71E)
8D_MOD10_disp32_SIB@0x0099147A,0x0099147A,"LEA EDX,[ESP+ESP*1+0x84]",ESP (boundary-verified),read,entry~0x00991380,UNRESOLVED,REJECTED_WRONG_OBJECT,stack-relative slot; the factory object is heap-allocated (new 0x118 @0x0073E2CC lazy-init); a stack slot cannot be the factory's +0x84 member
C6_MOD10_SIB_BYTE@0x0099150B,0x0099150B,"MOV BYTE [...+0x84],imm8",ESP (boundary-verified),imm8=0x01,entry~0x00991380,UNRESOLVED,REJECTED_UNRELATED_OFFSET,partial-width (byte/word) store at +0x84; cannot fully assign the dword pointer member at factory+0x84 (dword member per the base ctor store @0x0070D013 and the setter store @0x0070C71E)
8D_MOD01_disp8@0x00993180,0x00993180,"LEA ECX,[EBP+0x84]",EBP (boundary-verified),read,entry~0x00993180,UNRESOLVED,REJECTED_WRONG_OBJECT,stack-relative slot; the factory object is heap-allocated (new 0x118 @0x0073E2CC lazy-init); a stack slot cannot be the factory's +0x84 member
8D_MOD01_disp8@0x00993188,0x00993188,"LEA ECX,[EBP+0x84]",EBP (boundary-verified),read,entry~0x00993180,UNRESOLVED,REJECTED_WRONG_OBJECT,stack-relative slot; the factory object is heap-allocated (new 0x118 @0x0073E2CC lazy-init); a stack slot cannot be the factory's +0x84 member
8D_MOD01_disp8@0x00995620,0x00995620,"LEA ECX,[EBP+0x84]",EBP (boundary-verified),read,entry~0x00995620,UNRESOLVED,REJECTED_WRONG_OBJECT,stack-relative slot; the factory object is heap-allocated (new 0x118 @0x0073E2CC lazy-init); a stack slot cannot be the factory's +0x84 member
8D_MOD01_disp8@0x0099564B,0x0099564B,"LEA EAX,[EDX+0x84]",EDX (boundary-verified),read,entry~0x00995620,UNRESOLVED,UNRESOLVED,"LEA reg,[reg+0x84]; no store-through-reg linked within the bounded window; wrapper-setter form not confirmed"
8D_MOD01_disp8@0x00995670,0x00995670,"LEA ECX,[EBP+0x84]",EBP (boundary-verified),read,entry~0x00995670,UNRESOLVED,REJECTED_WRONG_OBJECT,stack-relative slot; the factory object is heap-allocated (new 0x118 @0x0073E2CC lazy-init); a stack slot cannot be the factory's +0x84 member
8D_MOD01_disp8@0x0099569B,0x0099569B,"LEA EAX,[EDX+0x84]",EDX (boundary-verified),read,entry~0x00995670,UNRESOLVED,UNRESOLVED,"LEA reg,[reg+0x84]; no store-through-reg linked within the bounded window; wrapper-setter form not confirmed"
8D_MOD01_disp8@0x00996784,0x00996784,"LEA EAX,[EDX+0x84]",EDX (boundary-verified),read,entry~0x00996770,UNRESOLVED,UNRESOLVED,"LEA reg,[reg+0x84]; no store-through-reg linked within the bounded window; wrapper-setter form not confirmed"
8B_MOD01_disp8@0x0099A0FF,0x0099A0FF,"MOV ECX,[EDX+0x84]",EDX (boundary-verified),read,entry~0x0099A0B0,NOT_A_WRITE,REJECTED_READ_NOT_WRITE,read/CMP form with displacement 0x84; no memory write occurs
8D_MOD01_disp8@0x0099B656,0x0099B656,"LEA EAX,[EDX+0x84]",EDX (boundary-verified),read,entry~0x0099B630,UNRESOLVED,UNRESOLVED,"LEA reg,[reg+0x84]; no store-through-reg linked within the bounded window; wrapper-setter form not confirmed"
8B_MOD01_disp8@0x0099C447,0x0099C447,"MOV ECX,[EDX+0x84]",EDX (boundary-verified),read,entry~0x0099C430,NOT_A_WRITE,REJECTED_READ_NOT_WRITE,read/CMP form with displacement 0x84; no memory write occurs
8D_MOD01_disp8@0x0099C730,0x0099C730,"LEA ECX,[EBP+0x84]",EBP (boundary-verified),read,entry~0x0099C730,UNRESOLVED,REJECTED_WRONG_OBJECT,stack-relative slot; the factory object is heap-allocated (new 0x118 @0x0073E2CC lazy-init); a stack slot cannot be the factory's +0x84 member
8D_MOD01_disp8@0x0099D4DC,0x0099D4DC,"LEA ECX,[EBP+0x84]",EBP (boundary-verified),read,entry~0x0099D4D0,UNRESOLVED,REJECTED_WRONG_OBJECT,stack-relative slot; the factory object is heap-allocated (new 0x118 @0x0073E2CC lazy-init); a stack slot cannot be the factory's +0x84 member
8D_MOD01_disp8@0x0099EDA9,0x0099EDA9,"LEA ECX,[EBP+0x84]",EBP (boundary-verified),read,entry~0x0099EDA0,UNRESOLVED,REJECTED_WRONG_OBJECT,stack-relative slot; the factory object is heap-allocated (new 0x118 @0x0073E2CC lazy-init); a stack slot cannot be the factory's +0x84 member
8D_MOD01_disp8@0x0099FB36,0x0099FB36,"LEA EAX,[EDX+0x84]",EDX (boundary-verified),read,entry~0x0099FB10,UNRESOLVED,UNRESOLVED,"LEA reg,[reg+0x84]; no store-through-reg linked within the bounded window; wrapper-setter form not confirmed"
8D_MOD01_disp8@0x0099FECC,0x0099FECC,"LEA EAX,[EDX+0x84]",EDX (boundary-verified),read,entry~0x0099FEC0,UNRESOLVED,UNRESOLVED,"LEA reg,[reg+0x84]; no store-through-reg linked within the bounded window; wrapper-setter form not confirmed"
8D_MOD01_disp8@0x009A00C1,0x009A00C1,"LEA EAX,[EDX+0x84]",EDX (boundary-verified),read,entry~0x009A00A0,UNRESOLVED,UNRESOLVED,"LEA reg,[reg+0x84]; no store-through-reg linked within the bounded window; wrapper-setter form not confirmed"
8D_MOD01_disp8@0x009A02C0,0x009A02C0,"LEA ECX,[EBP+0x84]",EBP (boundary-verified),read,entry~0x009A02B0,UNRESOLVED,REJECTED_WRONG_OBJECT,stack-relative slot; the factory object is heap-allocated (new 0x118 @0x0073E2CC lazy-init); a stack slot cannot be the factory's +0x84 member
8B_MOD01_disp8@0x009A06B7,0x009A06B7,"MOV ECX,[EDX+0x84]",EDX (boundary-verified),read,entry~0x009A06A0,NOT_A_WRITE,REJECTED_READ_NOT_WRITE,read/CMP form with displacement 0x84; no memory write occurs
8B_MOD01_disp8@0x009A1097,0x009A1097,"MOV ECX,[EDX+0x84]",EDX (boundary-verified),read,entry~0x009A1080,NOT_A_WRITE,REJECTED_READ_NOT_WRITE,read/CMP form with displacement 0x84; no memory write occurs
8D_MOD01_disp8@0x009A1630,0x009A1630,"LEA ECX,[EBP+0x84]",EBP (boundary-verified),read,entry~0x009A1630,UNRESOLVED,REJECTED_WRONG_OBJECT,stack-relative slot; the factory object is heap-allocated (new 0x118 @0x0073E2CC lazy-init); a stack slot cannot be the factory's +0x84 member
8B_MOD01_disp8@0x009A165F,0x009A165F,"MOV ECX,[EDX+0x84]",EDX (boundary-verified),read,entry~0x009A1630,NOT_A_WRITE,REJECTED_READ_NOT_WRITE,read/CMP form with displacement 0x84; no memory write occurs
8D_MOD01_disp8@0x009A2263,0x009A2263,"LEA ECX,[EBP+0x84]",EBP (boundary-verified),read,entry~0x009A2250,UNRESOLVED,REJECTED_WRONG_OBJECT,stack-relative slot; the factory object is heap-allocated (new 0x118 @0x0073E2CC lazy-init); a stack slot cannot be the factory's +0x84 member
8B_MOD01_disp8@0x009A239D,0x009A239D,"MOV EAX,[EBP+0x84]",EBP (boundary-verified),read,entry~0x009A2360,NOT_A_WRITE,REJECTED_READ_NOT_WRITE,read/CMP form with displacement 0x84; no memory write occurs
8D_MOD01_disp8@0x009A2F60,0x009A2F60,"LEA ECX,[EBP+0x84]",EBP (boundary-verified),read,entry~0x009A2F60,UNRESOLVED,REJECTED_WRONG_OBJECT,stack-relative slot; the factory object is heap-allocated (new 0x118 @0x0073E2CC lazy-init); a stack slot cannot be the factory's +0x84 member
8B_MOD01_disp8@0x009A4517,0x009A4517,"MOV ECX,[EDX+0x84]",EDX (boundary-verified),read,entry~0x009A44E0,NOT_A_WRITE,REJECTED_READ_NOT_WRITE,read/CMP form with displacement 0x84; no memory write occurs
8D_MOD01_disp8@0x009A45AC,0x009A45AC,"LEA EAX,[EDX+0x84]",EDX (boundary-verified),read,entry~0x009A4580,UNRESOLVED,UNRESOLVED,"LEA reg,[reg+0x84]; no store-through-reg linked within the bounded window; wrapper-setter form not confirmed"
8D_MOD01_disp8@0x009A4D86,0x009A4D86,"LEA EAX,[EDX+0x84]",EDX (boundary-verified),read,entry~0x009A4D60,UNRESOLVED,UNRESOLVED,"LEA reg,[reg+0x84]; no store-through-reg linked within the bounded window; wrapper-setter form not confirmed"
8B_MOD01_disp8@0x009A5BB7,0x009A5BB7,"MOV ECX,[EDX+0x84]",EDX (boundary-verified),read,entry~0x009A5BA0,NOT_A_WRITE,REJECTED_READ_NOT_WRITE,read/CMP form with displacement 0x84; no memory write occurs
8D_MOD01_disp8@0x009A5BE3,0x009A5BE3,"LEA ECX,[EBP+0x84]",EBP (boundary-verified),read,entry~0x009A5BD0,UNRESOLVED,REJECTED_WRONG_OBJECT,stack-relative slot; the factory object is heap-allocated (new 0x118 @0x0073E2CC lazy-init); a stack slot cannot be the factory's +0x84 member
8D_MOD01_disp8@0x009A6390,0x009A6390,"LEA ECX,[EBP+0x84]",EBP (boundary-verified),read,entry~0x009A6390,UNRESOLVED,REJECTED_WRONG_OBJECT,stack-relative slot; the factory object is heap-allocated (new 0x118 @0x0073E2CC lazy-init); a stack slot cannot be the factory's +0x84 member
8B_MOD01_disp8@0x009A63B7,0x009A63B7,"MOV ECX,[EDX+0x84]",EDX (boundary-verified),read,entry~0x009A6390,NOT_A_WRITE,REJECTED_READ_NOT_WRITE,read/CMP form with displacement 0x84; no memory write occurs
8D_MOD01_disp8@0x009A6AD2,0x009A6AD2,"LEA ECX,[EBP+0x84]",EBP (boundary-verified),read,entry~0x009A6A70,UNRESOLVED,REJECTED_WRONG_OBJECT,stack-relative slot; the factory object is heap-allocated (new 0x118 @0x0073E2CC lazy-init); a stack slot cannot be the factory's +0x84 member
8D_MOD01_disp8@0x009A77FB,0x009A77FB,"LEA ECX,[EBP+0x84]",EBP (boundary-verified),read,entry~0x009A77F0,UNRESOLVED,REJECTED_WRONG_OBJECT,stack-relative slot; the factory object is heap-allocated (new 0x118 @0x0073E2CC lazy-init); a stack slot cannot be the factory's +0x84 member
8B_MOD01_disp8@0x009A8C4B,0x009A8C4B,"MOV ECX,[EBP+0x84]",EBP (boundary-verified),read,entry~0x009A8C40,NOT_A_WRITE,REJECTED_READ_NOT_WRITE,read/CMP form with displacement 0x84; no memory write occurs
8D_MOD01_disp8@0x009A93E9,0x009A93E9,"LEA ECX,[EBP+0x84]",EBP (boundary-verified),read,entry~0x009A93A0,UNRESOLVED,REJECTED_WRONG_OBJECT,stack-relative slot; the factory object is heap-allocated (new 0x118 @0x0073E2CC lazy-init); a stack slot cannot be the factory's +0x84 member
8D_MOD01_disp8@0x009A94F9,0x009A94F9,"LEA ECX,[EBP+0x84]",EBP (boundary-verified),read,entry~0x009A94D0,UNRESOLVED,REJECTED_WRONG_OBJECT,stack-relative slot; the factory object is heap-allocated (new 0x118 @0x0073E2CC lazy-init); a stack slot cannot be the factory's +0x84 member
8D_MOD01_disp8@0x009A9978,0x009A9978,"LEA ECX,[EBP+0x84]",EBP (boundary-verified),read,entry~0x009A9970,UNRESOLVED,REJECTED_WRONG_OBJECT,stack-relative slot; the factory object is heap-allocated (new 0x118 @0x0073E2CC lazy-init); a stack slot cannot be the factory's +0x84 member
8D_MOD01_disp8@0x009AB5E3,0x009AB5E3,"LEA ECX,[EBP+0x84]",EBP (boundary-verified),read,entry~0x009AB420,UNRESOLVED,REJECTED_WRONG_OBJECT,stack-relative slot; the factory object is heap-allocated (new 0x118 @0x0073E2CC lazy-init); a stack slot cannot be the factory's +0x84 member
8D_MOD01_disp8@0x009ACAD8,0x009ACAD8,"LEA ECX,[EBP+0x84]",EBP (boundary-verified),read,entry~0x009ACAD0,UNRESOLVED,REJECTED_WRONG_OBJECT,stack-relative slot; the factory object is heap-allocated (new 0x118 @0x0073E2CC lazy-init); a stack slot cannot be the factory's +0x84 member
8D_MOD01_disp8@0x009ACAF8,0x009ACAF8,"LEA ECX,[EBP+0x84]",EBP (boundary-verified),read,entry~0x009ACAD0,UNRESOLVED,REJECTED_WRONG_OBJECT,stack-relative slot; the factory object is heap-allocated (new 0x118 @0x0073E2CC lazy-init); a stack slot cannot be the factory's +0x84 member
8D_MOD01_disp8@0x009AD02B,0x009AD02B,"LEA ECX,[EBP+0x84]",EBP (boundary-verified),read,entry~0x009AD020,UNRESOLVED,REJECTED_WRONG_OBJECT,stack-relative slot; the factory object is heap-allocated (new 0x118 @0x0073E2CC lazy-init); a stack slot cannot be the factory's +0x84 member
8D_MOD01_disp8@0x009AD04A,0x009AD04A,"LEA ECX,[EBP+0x84]",EBP (boundary-verified),read,entry~0x009AD020,UNRESOLVED,REJECTED_WRONG_OBJECT,stack-relative slot; the factory object is heap-allocated (new 0x118 @0x0073E2CC lazy-init); a stack slot cannot be the factory's +0x84 member
8D_MOD01_disp8@0x009AE75D,0x009AE75D,"LEA EAX,[EDX+0x84]",EDX (boundary-verified),read,entry~0x009AE740,UNRESOLVED,UNRESOLVED,"LEA reg,[reg+0x84]; no store-through-reg linked within the bounded window; wrapper-setter form not confirmed"
8B_MOD01_disp8@0x009AEC83,0x009AEC83,"MOV ECX,[EDX+0x84]",EDX (boundary-verified),read,entry~0x009AEC60,NOT_A_WRITE,REJECTED_READ_NOT_WRITE,read/CMP form with displacement 0x84; no memory write occurs
8B_MOD01_disp8@0x009AECD3,0x009AECD3,"MOV ECX,[EDX+0x84]",EDX (boundary-verified),read,entry~0x009AECB0,NOT_A_WRITE,REJECTED_READ_NOT_WRITE,read/CMP form with displacement 0x84; no memory write occurs
8B_MOD01_disp8@0x009AED23,0x009AED23,"MOV ECX,[EDX+0x84]",EDX (boundary-verified),read,entry~0x009AED00,NOT_A_WRITE,REJECTED_READ_NOT_WRITE,read/CMP form with displacement 0x84; no memory write occurs
8B_MOD01_disp8@0x009AED73,0x009AED73,"MOV ECX,[EDX+0x84]",EDX (boundary-verified),read,entry~0x009AED50,NOT_A_WRITE,REJECTED_READ_NOT_WRITE,read/CMP form with displacement 0x84; no memory write occurs
8D_MOD01_disp8@0x009AFB8C,0x009AFB8C,"LEA EAX,[EDX+0x84]",EDX (boundary-verified),read,entry~0x009AFB60,UNRESOLVED,UNRESOLVED,"LEA reg,[reg+0x84]; no store-through-reg linked within the bounded window; wrapper-setter form not confirmed"
8D_MOD01_disp8@0x009AFF5F,0x009AFF5F,"LEA EAX,[EDX+0x84]",EDX (boundary-verified),read,entry~0x009AFF50,UNRESOLVED,UNRESOLVED,"LEA reg,[reg+0x84]; no store-through-reg linked within the bounded window; wrapper-setter form not confirmed"
8D_MOD01_disp8@0x009B0690,0x009B0690,"LEA ECX,[EBP+0x84]",EBP (boundary-verified),read,entry~0x009B0690,UNRESOLVED,REJECTED_WRONG_OBJECT,stack-relative slot; the factory object is heap-allocated (new 0x118 @0x0073E2CC lazy-init); a stack slot cannot be the factory's +0x84 member
8D_MOD01_disp8@0x009B0D23,0x009B0D23,"LEA ECX,[EBP+0x84]",EBP (boundary-verified),read,entry~0x009B0D10,UNRESOLVED,REJECTED_WRONG_OBJECT,stack-relative slot; the factory object is heap-allocated (new 0x118 @0x0073E2CC lazy-init); a stack slot cannot be the factory's +0x84 member
8D_MOD01_disp8@0x009B16FD,0x009B16FD,"LEA ECX,[EBP+0x84]",EBP (boundary-verified),read,entry~0x009B16B0,UNRESOLVED,REJECTED_WRONG_OBJECT,stack-relative slot; the factory object is heap-allocated (new 0x118 @0x0073E2CC lazy-init); a stack slot cannot be the factory's +0x84 member
8D_MOD01_disp8@0x009B3CD5,0x009B3CD5,"LEA ECX,[EBP+0x84]",EBP (boundary-verified),read,entry~0x009B3B40,UNRESOLVED,REJECTED_WRONG_OBJECT,stack-relative slot; the factory object is heap-allocated (new 0x118 @0x0073E2CC lazy-init); a stack slot cannot be the factory's +0x84 member
8D_MOD01_disp8@0x009B4DFB,0x009B4DFB,"LEA ECX,[EBP+0x84]",EBP (boundary-verified),read,entry~0x009B4DF0,UNRESOLVED,REJECTED_WRONG_OBJECT,stack-relative slot; the factory object is heap-allocated (new 0x118 @0x0073E2CC lazy-init); a stack slot cannot be the factory's +0x84 member
8D_MOD01_disp8@0x009B61C9,0x009B61C9,"LEA ECX,[EBP+0x84]",EBP (boundary-verified),read,entry~0x009B61A0,UNRESOLVED,REJECTED_WRONG_OBJECT,stack-relative slot; the factory object is heap-allocated (new 0x118 @0x0073E2CC lazy-init); a stack slot cannot be the factory's +0x84 member
8D_MOD01_disp8@0x009B6C26,0x009B6C26,"LEA ECX,[EBP+0x84]",EBP (boundary-verified),read,entry~0x009B6B10,UNRESOLVED,REJECTED_WRONG_OBJECT,stack-relative slot; the factory object is heap-allocated (new 0x118 @0x0073E2CC lazy-init); a stack slot cannot be the factory's +0x84 member
8D_MOD01_disp8@0x009B7023,0x009B7023,"LEA ECX,[EBP+0x84]",EBP (boundary-verified),read,entry~0x009B7010,UNRESOLVED,REJECTED_WRONG_OBJECT,stack-relative slot; the factory object is heap-allocated (new 0x118 @0x0073E2CC lazy-init); a stack slot cannot be the factory's +0x84 member
8D_MOD01_disp8@0x009B7313,0x009B7313,"LEA ECX,[EBP+0x84]",EBP (boundary-verified),read,entry~0x009B7300,UNRESOLVED,REJECTED_WRONG_OBJECT,stack-relative slot; the factory object is heap-allocated (new 0x118 @0x0073E2CC lazy-init); a stack slot cannot be the factory's +0x84 member
8D_MOD01_disp8@0x009B7AF0,0x009B7AF0,"LEA ECX,[EBP+0x84]",EBP (boundary-verified),read,entry~0x009B7AF0,UNRESOLVED,REJECTED_WRONG_OBJECT,stack-relative slot; the factory object is heap-allocated (new 0x118 @0x0073E2CC lazy-init); a stack slot cannot be the factory's +0x84 member
8D_MOD01_disp8@0x009B81FB,0x009B81FB,"LEA ECX,[EBP+0x84]",EBP (boundary-verified),read,entry~0x009B81F0,UNRESOLVED,REJECTED_WRONG_OBJECT,stack-relative slot; the factory object is heap-allocated (new 0x118 @0x0073E2CC lazy-init); a stack slot cannot be the factory's +0x84 member
8D_MOD01_disp8@0x009B8D53,0x009B8D53,"LEA ECX,[EBP+0x84]",EBP (boundary-verified),read,entry~0x009B8D40,UNRESOLVED,REJECTED_WRONG_OBJECT,stack-relative slot; the factory object is heap-allocated (new 0x118 @0x0073E2CC lazy-init); a stack slot cannot be the factory's +0x84 member
8D_MOD01_disp8@0x009B8E07,0x009B8E07,"LEA ECX,[EBP+0x84]",EBP (boundary-verified),read,entry~0x009B8DF0,UNRESOLVED,REJECTED_WRONG_OBJECT,stack-relative slot; the factory object is heap-allocated (new 0x118 @0x0073E2CC lazy-init); a stack slot cannot be the factory's +0x84 member
8D_MOD01_disp8@0x009B8E45,0x009B8E45,"LEA ECX,[EBP+0x84]",EBP (boundary-verified),read,entry~0x009B8DF0,UNRESOLVED,REJECTED_WRONG_OBJECT,stack-relative slot; the factory object is heap-allocated (new 0x118 @0x0073E2CC lazy-init); a stack slot cannot be the factory's +0x84 member
8D_MOD01_disp8@0x009B8F35,0x009B8F35,"LEA EAX,[EDX+0x84]",EDX (boundary-verified),read,entry~0x009B8EB0,UNRESOLVED,UNRESOLVED,"LEA reg,[reg+0x84]; no store-through-reg linked within the bounded window; wrapper-setter form not confirmed"
8D_MOD01_disp8@0x009B9B14,0x009B9B14,"LEA EAX,[EDX+0x84]",EDX (boundary-verified),read,entry~0x009B9AF0,UNRESOLVED,UNRESOLVED,"LEA reg,[reg+0x84]; no store-through-reg linked within the bounded window; wrapper-setter form not confirmed"
8D_MOD01_disp8@0x009BAADC,0x009BAADC,"LEA EAX,[EDX+0x84]",EDX (boundary-verified),read,entry~0x009BAAD0,UNRESOLVED,UNRESOLVED,"LEA reg,[reg+0x84]; no store-through-reg linked within the bounded window; wrapper-setter form not confirmed"
8B_MOD01_disp8@0x009BAB38,0x009BAB38,"MOV ECX,[EBP+0x84]",EBP (boundary-verified),read,entry~0x009BAB00,NOT_A_WRITE,REJECTED_READ_NOT_WRITE,read/CMP form with displacement 0x84; no memory write occurs
8D_MOD01_disp8@0x009BBB8B,0x009BBB8B,"LEA ECX,[EBP+0x84]",EBP (boundary-verified),read,entry~0x009BBB60,UNRESOLVED,REJECTED_WRONG_OBJECT,stack-relative slot; the factory object is heap-allocated (new 0x118 @0x0073E2CC lazy-init); a stack slot cannot be the factory's +0x84 member
8D_MOD01_disp8@0x009BBF3C,0x009BBF3C,"LEA EAX,[EDX+0x84]",EDX (boundary-verified),read,entry~0x009BBF30,UNRESOLVED,UNRESOLVED,"LEA reg,[reg+0x84]; no store-through-reg linked within the bounded window; wrapper-setter form not confirmed"
8D_MOD01_disp8@0x009BCC73,0x009BCC73,"LEA ECX,[EBP+0x84]",EBP (boundary-verified),read,entry~0x009BCC60,UNRESOLVED,REJECTED_WRONG_OBJECT,stack-relative slot; the factory object is heap-allocated (new 0x118 @0x0073E2CC lazy-init); a stack slot cannot be the factory's +0x84 member
8B_MOD01_disp8@0x009BCFB7,0x009BCFB7,"MOV EAX,[EBP+0x84]",EBP (boundary-verified),read,entry~0x009BCE80,NOT_A_WRITE,REJECTED_READ_NOT_WRITE,read/CMP form with displacement 0x84; no memory write occurs
8D_MOD01_disp8@0x009BD72F,0x009BD72F,"LEA ECX,[EBP+0x84]",EBP (boundary-verified),read,entry~0x009BD3E0,UNRESOLVED,REJECTED_WRONG_OBJECT,stack-relative slot; the factory object is heap-allocated (new 0x118 @0x0073E2CC lazy-init); a stack slot cannot be the factory's +0x84 member
8D_MOD01_disp8@0x009BD788,0x009BD788,"LEA ECX,[EBP+0x84]",EBP (boundary-verified),read,entry~0x009BD3E0,UNRESOLVED,REJECTED_WRONG_OBJECT,stack-relative slot; the factory object is heap-allocated (new 0x118 @0x0073E2CC lazy-init); a stack slot cannot be the factory's +0x84 member
8D_MOD01_disp8@0x009BD944,0x009BD944,"LEA ECX,[EBP+0x84]",EBP (boundary-verified),read,entry~0x009BD8F0,UNRESOLVED,REJECTED_WRONG_OBJECT,stack-relative slot; the factory object is heap-allocated (new 0x118 @0x0073E2CC lazy-init); a stack slot cannot be the factory's +0x84 member
8D_MOD01_disp8@0x009BD9BB,0x009BD9BB,"LEA ECX,[EBP+0x84]",EBP (boundary-verified),read,entry~0x009BD8F0,UNRESOLVED,REJECTED_WRONG_OBJECT,stack-relative slot; the factory object is heap-allocated (new 0x118 @0x0073E2CC lazy-init); a stack slot cannot be the factory's +0x84 member
8D_MOD01_disp8@0x009BDE1D,0x009BDE1D,"LEA ECX,[EBP+0x84]",EBP (boundary-verified),read,entry~0x009BDDC0,UNRESOLVED,REJECTED_WRONG_OBJECT,stack-relative slot; the factory object is heap-allocated (new 0x118 @0x0073E2CC lazy-init); a stack slot cannot be the factory's +0x84 member
8B_MOD01_disp8@0x009BE39F,0x009BE39F,"MOV ECX,[EDX+0x84]",EDX (boundary-verified),read,entry~0x009BE380,NOT_A_WRITE,REJECTED_READ_NOT_WRITE,read/CMP form with displacement 0x84; no memory write occurs
8B_MOD01_disp8@0x009BEC4A,0x009BEC4A,"MOV ECX,[EDX+0x84]",EDX (boundary-verified),read,entry~0x009BEC00,NOT_A_WRITE,REJECTED_READ_NOT_WRITE,read/CMP form with displacement 0x84; no memory write occurs
8D_MOD01_disp8@0x009C3544,0x009C3544,"LEA ECX,[EBP+0x84]",EBP (boundary-verified),read,entry~0x009C3500,UNRESOLVED,REJECTED_WRONG_OBJECT,stack-relative slot; the factory object is heap-allocated (new 0x118 @0x0073E2CC lazy-init); a stack slot cannot be the factory's +0x84 member
8D_MOD01_disp8@0x009C48E7,0x009C48E7,"LEA EAX,[EDX+0x84]",EDX (boundary-verified),read,entry~0x009C47B0,UNRESOLVED,UNRESOLVED,"LEA reg,[reg+0x84]; no store-through-reg linked within the bounded window; wrapper-setter form not confirmed"
8D_MOD01_disp8@0x009C5FBF,0x009C5FBF,"LEA EAX,[EDX+0x84]",EDX (boundary-verified),read,entry~0x009C5F90,UNRESOLVED,UNRESOLVED,"LEA reg,[reg+0x84]; no store-through-reg linked within the bounded window; wrapper-setter form not confirmed"
8D_MOD01_disp8@0x009C6A1F,0x009C6A1F,"LEA EAX,[EDX+0x84]",EDX (boundary-verified),read,entry~0x009C69B0,UNRESOLVED,UNRESOLVED,"LEA reg,[reg+0x84]; no store-through-reg linked within the bounded window; wrapper-setter form not confirmed"
8D_MOD01_disp8@0x009C6DBB,0x009C6DBB,"LEA ECX,[EBP+0x84]",EBP (boundary-verified),read,entry~0x009C6DB0,UNRESOLVED,REJECTED_WRONG_OBJECT,stack-relative slot; the factory object is heap-allocated (new 0x118 @0x0073E2CC lazy-init); a stack slot cannot be the factory's +0x84 member
8D_MOD01_disp8@0x009C6DCF,0x009C6DCF,"LEA ECX,[EBP+0x84]",EBP (boundary-verified),read,entry~0x009C6DB0,UNRESOLVED,REJECTED_WRONG_OBJECT,stack-relative slot; the factory object is heap-allocated (new 0x118 @0x0073E2CC lazy-init); a stack slot cannot be the factory's +0x84 member
8D_MOD01_disp8@0x009C6DE3,0x009C6DE3,"LEA ECX,[EBP+0x84]",EBP (boundary-verified),read,entry~0x009C6DB0,UNRESOLVED,REJECTED_WRONG_OBJECT,stack-relative slot; the factory object is heap-allocated (new 0x118 @0x0073E2CC lazy-init); a stack slot cannot be the factory's +0x84 member
8D_MOD01_disp8@0x009C6DF7,0x009C6DF7,"LEA ECX,[EBP+0x84]",EBP (boundary-verified),read,entry~0x009C6DB0,UNRESOLVED,REJECTED_WRONG_OBJECT,stack-relative slot; the factory object is heap-allocated (new 0x118 @0x0073E2CC lazy-init); a stack slot cannot be the factory's +0x84 member
8D_MOD01_disp8@0x009C6E0B,0x009C6E0B,"LEA ECX,[EBP+0x84]",EBP (boundary-verified),read,entry~0x009C6DB0,UNRESOLVED,REJECTED_WRONG_OBJECT,stack-relative slot; the factory object is heap-allocated (new 0x118 @0x0073E2CC lazy-init); a stack slot cannot be the factory's +0x84 member
8D_MOD01_disp8@0x009C803C,0x009C803C,"LEA ECX,[EBP+0x84]",EBP (boundary-verified),read,entry~0x009C7FF0,UNRESOLVED,REJECTED_WRONG_OBJECT,stack-relative slot; the factory object is heap-allocated (new 0x118 @0x0073E2CC lazy-init); a stack slot cannot be the factory's +0x84 member
8D_MOD01_disp8@0x009C8087,0x009C8087,"LEA ECX,[EBP+0x84]",EBP (boundary-verified),read,entry~0x009C7FF0,UNRESOLVED,REJECTED_WRONG_OBJECT,stack-relative slot; the factory object is heap-allocated (new 0x118 @0x0073E2CC lazy-init); a stack slot cannot be the factory's +0x84 member
8D_MOD01_disp8@0x009C8090,0x009C8090,"LEA ECX,[EBP+0x84]",EBP (boundary-verified),read,entry~0x009C7FF0,UNRESOLVED,REJECTED_WRONG_OBJECT,stack-relative slot; the factory object is heap-allocated (new 0x118 @0x0073E2CC lazy-init); a stack slot cannot be the factory's +0x84 member
8D_MOD01_disp8@0x009C8098,0x009C8098,"LEA ECX,[EBP+0x84]",EBP (boundary-verified),read,entry~0x009C7FF0,UNRESOLVED,REJECTED_WRONG_OBJECT,stack-relative slot; the factory object is heap-allocated (new 0x118 @0x0073E2CC lazy-init); a stack slot cannot be the factory's +0x84 member
8D_MOD01_disp8@0x009C80A0,0x009C80A0,"LEA ECX,[EBP+0x84]",EBP (boundary-verified),read,entry~0x009C7FF0,UNRESOLVED,REJECTED_WRONG_OBJECT,stack-relative slot; the factory object is heap-allocated (new 0x118 @0x0073E2CC lazy-init); a stack slot cannot be the factory's +0x84 member
8B_MOD01_disp8@0x009C8DF2,0x009C8DF2,"MOV EAX,[EBP+0x84]",EBP (boundary-verified),read,entry~0x009C8DD0,NOT_A_WRITE,REJECTED_READ_NOT_WRITE,read/CMP form with displacement 0x84; no memory write occurs
8D_MOD01_disp8@0x009C9B20,0x009C9B20,"LEA ECX,[EBP+0x84]",EBP (boundary-verified),read,entry~0x009C9B20,UNRESOLVED,REJECTED_WRONG_OBJECT,stack-relative slot; the factory object is heap-allocated (new 0x118 @0x0073E2CC lazy-init); a stack slot cannot be the factory's +0x84 member
8D_MOD01_disp8@0x009CA34C,0x009CA34C,"LEA EAX,[EDX+0x84]",EDX (boundary-verified),read,entry~0x009CA330,UNRESOLVED,UNRESOLVED,"LEA reg,[reg+0x84]; no store-through-reg linked within the bounded window; wrapper-setter form not confirmed"
8D_MOD01_disp8@0x009CA38C,0x009CA38C,"LEA EAX,[EDX+0x84]",EDX (boundary-verified),read,entry~0x009CA370,UNRESOLVED,UNRESOLVED,"LEA reg,[reg+0x84]; no store-through-reg linked within the bounded window; wrapper-setter form not confirmed"
8B_MOD01_disp8@0x009CAFC7,0x009CAFC7,"MOV ECX,[EDX+0x84]",EDX (boundary-verified),read,entry~0x009CAFB0,NOT_A_WRITE,REJECTED_READ_NOT_WRITE,read/CMP form with displacement 0x84; no memory write occurs
8B_MOD01_disp8@0x009CB37A,0x009CB37A,"MOV ECX,[EDX+0x84]",EDX (boundary-verified),read,entry~0x009CB280,NOT_A_WRITE,REJECTED_READ_NOT_WRITE,read/CMP form with displacement 0x84; no memory write occurs
8D_MOD01_disp8@0x009CC006,0x009CC006,"LEA ECX,[EBP+0x84]",EBP (boundary-verified),read,entry~0x009CBFA0,UNRESOLVED,REJECTED_WRONG_OBJECT,stack-relative slot; the factory object is heap-allocated (new 0x118 @0x0073E2CC lazy-init); a stack slot cannot be the factory's +0x84 member
8D_MOD01_disp8@0x009CC031,0x009CC031,"LEA ECX,[EBP+0x84]",EBP (boundary-verified),read,entry~0x009CBFA0,UNRESOLVED,REJECTED_WRONG_OBJECT,stack-relative slot; the factory object is heap-allocated (new 0x118 @0x0073E2CC lazy-init); a stack slot cannot be the factory's +0x84 member
8D_MOD01_disp8@0x009CDCAB,0x009CDCAB,"LEA ECX,[EBP+0x84]",EBP (boundary-verified),read,entry~0x009CDCA0,UNRESOLVED,REJECTED_WRONG_OBJECT,stack-relative slot; the factory object is heap-allocated (new 0x118 @0x0073E2CC lazy-init); a stack slot cannot be the factory's +0x84 member
8B_MOD01_disp8@0x009CDEAF,0x009CDEAF,"MOV ECX,[EDX+0x84]",EDX (boundary-verified),read,entry~0x009CDE90,NOT_A_WRITE,REJECTED_READ_NOT_WRITE,read/CMP form with displacement 0x84; no memory write occurs
8D_MOD01_disp8@0x009CF88B,0x009CF88B,"LEA ECX,[EBP+0x84]",EBP (boundary-verified),read,entry~0x009CF870,UNRESOLVED,REJECTED_WRONG_OBJECT,stack-relative slot; the factory object is heap-allocated (new 0x118 @0x0073E2CC lazy-init); a stack slot cannot be the factory's +0x84 member
8B_MOD01_disp8@0x009CFF3F,0x009CFF3F,"MOV ECX,[EDX+0x84]",EDX (boundary-verified),read,entry~0x009CFF00,NOT_A_WRITE,REJECTED_READ_NOT_WRITE,read/CMP form with displacement 0x84; no memory write occurs
8D_MOD01_disp8@0x009D1DAB,0x009D1DAB,"LEA ECX,[EBP+0x84]",EBP (boundary-verified),read,entry~0x009D1DA0,UNRESOLVED,REJECTED_WRONG_OBJECT,stack-relative slot; the factory object is heap-allocated (new 0x118 @0x0073E2CC lazy-init); a stack slot cannot be the factory's +0x84 member
8B_MOD01_disp8@0x009D319F,0x009D319F,"MOV ECX,[EDX+0x84]",EDX (boundary-verified),read,entry~0x009D3180,NOT_A_WRITE,REJECTED_READ_NOT_WRITE,read/CMP form with displacement 0x84; no memory write occurs
8D_MOD01_disp8@0x009D3220,0x009D3220,"LEA ECX,[EBP+0x84]",EBP (boundary-verified),read,entry~0x009D3220,UNRESOLVED,REJECTED_WRONG_OBJECT,stack-relative slot; the factory object is heap-allocated (new 0x118 @0x0073E2CC lazy-init); a stack slot cannot be the factory's +0x84 member
8D_MOD01_disp8@0x009D5014,0x009D5014,"LEA ECX,[EBP+0x84]",EBP (boundary-verified),read,entry~0x009D4FF0,UNRESOLVED,REJECTED_WRONG_OBJECT,stack-relative slot; the factory object is heap-allocated (new 0x118 @0x0073E2CC lazy-init); a stack slot cannot be the factory's +0x84 member
8D_MOD01_disp8@0x009D5284,0x009D5284,"LEA ECX,[EBP+0x84]",EBP (boundary-verified),read,entry~0x009D5260,UNRESOLVED,REJECTED_WRONG_OBJECT,stack-relative slot; the factory object is heap-allocated (new 0x118 @0x0073E2CC lazy-init); a stack slot cannot be the factory's +0x84 member
8D_MOD01_disp8@0x009D534E,0x009D534E,"LEA ECX,[EBP+0x84]",EBP (boundary-verified),read,entry~0x009D5260,UNRESOLVED,REJECTED_WRONG_OBJECT,stack-relative slot; the factory object is heap-allocated (new 0x118 @0x0073E2CC lazy-init); a stack slot cannot be the factory's +0x84 member
8D_MOD01_disp8@0x009D5356,0x009D5356,"LEA ECX,[EBP+0x84]",EBP (boundary-verified),read,entry~0x009D5260,UNRESOLVED,REJECTED_WRONG_OBJECT,stack-relative slot; the factory object is heap-allocated (new 0x118 @0x0073E2CC lazy-init); a stack slot cannot be the factory's +0x84 member
8D_MOD01_disp8@0x009D535E,0x009D535E,"LEA ECX,[EBP+0x84]",EBP (boundary-verified),read,entry~0x009D5260,UNRESOLVED,REJECTED_WRONG_OBJECT,stack-relative slot; the factory object is heap-allocated (new 0x118 @0x0073E2CC lazy-init); a stack slot cannot be the factory's +0x84 member
8B_MOD01_disp8@0x009D5442,0x009D5442,"MOV ECX,[EBP+0x84]",EBP (boundary-verified),read,entry~0x009D5410,NOT_A_WRITE,REJECTED_READ_NOT_WRITE,read/CMP form with displacement 0x84; no memory write occurs
8D_MOD01_disp8@0x009D5AB1,0x009D5AB1,"LEA ECX,[EBP+0x84]",EBP (boundary-verified),read,entry~0x009D5A90,UNRESOLVED,REJECTED_WRONG_OBJECT,stack-relative slot; the factory object is heap-allocated (new 0x118 @0x0073E2CC lazy-init); a stack slot cannot be the factory's +0x84 member
8D_MOD01_disp8@0x009D6A56,0x009D6A56,"LEA ECX,[EBP+0x84]",EBP (boundary-verified),read,entry~0x009D6A40,UNRESOLVED,REJECTED_WRONG_OBJECT,stack-relative slot; the factory object is heap-allocated (new 0x118 @0x0073E2CC lazy-init); a stack slot cannot be the factory's +0x84 member
8D_MOD01_disp8@0x009D6A74,0x009D6A74,"LEA ECX,[EBP+0x84]",EBP (boundary-verified),read,entry~0x009D6A40,UNRESOLVED,REJECTED_WRONG_OBJECT,stack-relative slot; the factory object is heap-allocated (new 0x118 @0x0073E2CC lazy-init); a stack slot cannot be the factory's +0x84 member
8D_MOD01_disp8@0x009D6ABA,0x009D6ABA,"LEA ECX,[EBP+0x84]",EBP (boundary-verified),read,entry~0x009D6A40,UNRESOLVED,REJECTED_WRONG_OBJECT,stack-relative slot; the factory object is heap-allocated (new 0x118 @0x0073E2CC lazy-init); a stack slot cannot be the factory's +0x84 member
8D_MOD01_disp8@0x009D6E90,0x009D6E90,"LEA ECX,[EBP+0x84]",EBP (boundary-verified),read,entry~0x009D6E90,UNRESOLVED,REJECTED_WRONG_OBJECT,stack-relative slot; the factory object is heap-allocated (new 0x118 @0x0073E2CC lazy-init); a stack slot cannot be the factory's +0x84 member
8D_MOD01_disp8@0x009D6FC8,0x009D6FC8,"LEA EAX,[EDX+0x84]",EDX (boundary-verified),read,entry~0x009D6ED0,UNRESOLVED,UNRESOLVED,"LEA reg,[reg+0x84]; no store-through-reg linked within the bounded window; wrapper-setter form not confirmed"
8D_MOD01_disp8@0x009D7396,0x009D7396,"LEA ECX,[EBP+0x84]",EBP (boundary-verified),read,entry~0x009D7360,UNRESOLVED,REJECTED_WRONG_OBJECT,stack-relative slot; the factory object is heap-allocated (new 0x118 @0x0073E2CC lazy-init); a stack slot cannot be the factory's +0x84 member
8D_MOD01_disp8@0x009D7408,0x009D7408,"LEA ECX,[EBP+0x84]",EBP (boundary-verified),read,entry~0x009D73F0,UNRESOLVED,REJECTED_WRONG_OBJECT,stack-relative slot; the factory object is heap-allocated (new 0x118 @0x0073E2CC lazy-init); a stack slot cannot be the factory's +0x84 member
8D_MOD01_disp8@0x009D7662,0x009D7662,"LEA ECX,[EBP+0x84]",EBP (boundary-verified),read,entry~0x009D7600,UNRESOLVED,REJECTED_WRONG_OBJECT,stack-relative slot; the factory object is heap-allocated (new 0x118 @0x0073E2CC lazy-init); a stack slot cannot be the factory's +0x84 member
8D_MOD01_disp8@0x009D7FCD,0x009D7FCD,"LEA EAX,[EDX+0x84]",EDX (boundary-verified),read,entry~0x009D7F70,UNRESOLVED,UNRESOLVED,"LEA reg,[reg+0x84]; no store-through-reg linked within the bounded window; wrapper-setter form not confirmed"
8D_MOD01_disp8@0x009D8066,0x009D8066,"LEA ECX,[EBP+0x84]",EBP (boundary-verified),read,entry~0x009D8030,UNRESOLVED,REJECTED_WRONG_OBJECT,stack-relative slot; the factory object is heap-allocated (new 0x118 @0x0073E2CC lazy-init); a stack slot cannot be the factory's +0x84 member
8D_MOD01_disp8@0x009D8146,0x009D8146,"LEA ECX,[EBP+0x84]",EBP (boundary-verified),read,entry~0x009D80C0,UNRESOLVED,REJECTED_WRONG_OBJECT,stack-relative slot; the factory object is heap-allocated (new 0x118 @0x0073E2CC lazy-init); a stack slot cannot be the factory's +0x84 member
8D_MOD01_disp8@0x009D8169,0x009D8169,"LEA ECX,[EBP+0x84]",EBP (boundary-verified),read,entry~0x009D80C0,UNRESOLVED,REJECTED_WRONG_OBJECT,stack-relative slot; the factory object is heap-allocated (new 0x118 @0x0073E2CC lazy-init); a stack slot cannot be the factory's +0x84 member
8D_MOD01_disp8@0x009D81B9,0x009D81B9,"LEA ECX,[EBP+0x84]",EBP (boundary-verified),read,entry~0x009D80C0,UNRESOLVED,REJECTED_WRONG_OBJECT,stack-relative slot; the factory object is heap-allocated (new 0x118 @0x0073E2CC lazy-init); a stack slot cannot be the factory's +0x84 member
8D_MOD01_disp8@0x009D81CF,0x009D81CF,"LEA ECX,[EBP+0x84]",EBP (boundary-verified),read,entry~0x009D80C0,UNRESOLVED,REJECTED_WRONG_OBJECT,stack-relative slot; the factory object is heap-allocated (new 0x118 @0x0073E2CC lazy-init); a stack slot cannot be the factory's +0x84 member
8D_MOD01_disp8@0x009D8231,0x009D8231,"LEA ECX,[EBP+0x84]",EBP (boundary-verified),read,entry~0x009D80C0,UNRESOLVED,REJECTED_WRONG_OBJECT,stack-relative slot; the factory object is heap-allocated (new 0x118 @0x0073E2CC lazy-init); a stack slot cannot be the factory's +0x84 member
8D_MOD01_disp8@0x009D827F,0x009D827F,"LEA ECX,[EBP+0x84]",EBP (boundary-verified),read,entry~0x009D80C0,UNRESOLVED,REJECTED_WRONG_OBJECT,stack-relative slot; the factory object is heap-allocated (new 0x118 @0x0073E2CC lazy-init); a stack slot cannot be the factory's +0x84 member
8D_MOD01_disp8@0x009D82D2,0x009D82D2,"LEA ECX,[EBP+0x84]",EBP (boundary-verified),read,entry~0x009D80C0,UNRESOLVED,REJECTED_WRONG_OBJECT,stack-relative slot; the factory object is heap-allocated (new 0x118 @0x0073E2CC lazy-init); a stack slot cannot be the factory's +0x84 member
8D_MOD01_disp8@0x009D82F1,0x009D82F1,"LEA ECX,[EBP+0x84]",EBP (boundary-verified),read,entry~0x009D80C0,UNRESOLVED,REJECTED_WRONG_OBJECT,stack-relative slot; the factory object is heap-allocated (new 0x118 @0x0073E2CC lazy-init); a stack slot cannot be the factory's +0x84 member
8B_MOD01_disp8@0x009D84AF,0x009D84AF,"MOV ECX,[EDX+0x84]",EDX (boundary-verified),read,entry~0x009D84A0,NOT_A_WRITE,REJECTED_READ_NOT_WRITE,read/CMP form with displacement 0x84; no memory write occurs
8D_MOD01_disp8@0x009D8B10,0x009D8B10,"LEA ECX,[EBP+0x84]",EBP (boundary-verified),read,entry~0x009D8AD0,UNRESOLVED,REJECTED_WRONG_OBJECT,stack-relative slot; the factory object is heap-allocated (new 0x118 @0x0073E2CC lazy-init); a stack slot cannot be the factory's +0x84 member
8D_MOD01_disp8@0x009D90D8,0x009D90D8,"LEA EAX,[EDX+0x84]",EDX (boundary-verified),read,entry~0x009D90A0,UNRESOLVED,UNRESOLVED,"LEA reg,[reg+0x84]; no store-through-reg linked within the bounded window; wrapper-setter form not confirmed"
8D_MOD01_disp8@0x009D90F0,0x009D90F0,"LEA ECX,[EBP+0x84]",EBP (boundary-verified),read,entry~0x009D90A0,UNRESOLVED,REJECTED_WRONG_OBJECT,stack-relative slot; the factory object is heap-allocated (new 0x118 @0x0073E2CC lazy-init); a stack slot cannot be the factory's +0x84 member
8D_MOD01_disp8@0x009D9170,0x009D9170,"LEA ECX,[EBP+0x84]",EBP (boundary-verified),read,entry~0x009D9170,UNRESOLVED,REJECTED_WRONG_OBJECT,stack-relative slot; the factory object is heap-allocated (new 0x118 @0x0073E2CC lazy-init); a stack slot cannot be the factory's +0x84 member
8D_MOD01_disp8@0x009D9181,0x009D9181,"LEA ECX,[EBP+0x84]",EBP (boundary-verified),read,entry~0x009D9170,UNRESOLVED,REJECTED_WRONG_OBJECT,stack-relative slot; the factory object is heap-allocated (new 0x118 @0x0073E2CC lazy-init); a stack slot cannot be the factory's +0x84 member
8D_MOD01_disp8@0x009DA228,0x009DA228,"LEA ECX,[EBP+0x84]",EBP (boundary-verified),read,entry~0x009DA1A0,UNRESOLVED,REJECTED_WRONG_OBJECT,stack-relative slot; the factory object is heap-allocated (new 0x118 @0x0073E2CC lazy-init); a stack slot cannot be the factory's +0x84 member
8D_MOD01_disp8@0x009DAB83,0x009DAB83,"LEA ECX,[EBP+0x84]",EBP (boundary-verified),read,entry~0x009DAB70,UNRESOLVED,REJECTED_WRONG_OBJECT,stack-relative slot; the factory object is heap-allocated (new 0x118 @0x0073E2CC lazy-init); a stack slot cannot be the factory's +0x84 member
8D_MOD01_disp8@0x009DABA2,0x009DABA2,"LEA ECX,[EBP+0x84]",EBP (boundary-verified),read,entry~0x009DAB70,UNRESOLVED,REJECTED_WRONG_OBJECT,stack-relative slot; the factory object is heap-allocated (new 0x118 @0x0073E2CC lazy-init); a stack slot cannot be the factory's +0x84 member
8D_MOD01_disp8@0x009DACAE,0x009DACAE,"LEA ECX,[EBP+0x84]",EBP (boundary-verified),read,entry~0x009DAC00,UNRESOLVED,REJECTED_WRONG_OBJECT,stack-relative slot; the factory object is heap-allocated (new 0x118 @0x0073E2CC lazy-init); a stack slot cannot be the factory's +0x84 member
8D_MOD01_disp8@0x009DACCA,0x009DACCA,"LEA ECX,[EBP+0x84]",EBP (boundary-verified),read,entry~0x009DAC00,UNRESOLVED,REJECTED_WRONG_OBJECT,stack-relative slot; the factory object is heap-allocated (new 0x118 @0x0073E2CC lazy-init); a stack slot cannot be the factory's +0x84 member
8D_MOD01_disp8@0x009DAD3E,0x009DAD3E,"LEA ECX,[EBP+0x84]",EBP (boundary-verified),read,entry~0x009DAC00,UNRESOLVED,REJECTED_WRONG_OBJECT,stack-relative slot; the factory object is heap-allocated (new 0x118 @0x0073E2CC lazy-init); a stack slot cannot be the factory's +0x84 member
8D_MOD01_disp8@0x009DB531,0x009DB531,"LEA ECX,[EBP+0x84]",EBP (boundary-verified),read,entry~0x009DB3C0,UNRESOLVED,REJECTED_WRONG_OBJECT,stack-relative slot; the factory object is heap-allocated (new 0x118 @0x0073E2CC lazy-init); a stack slot cannot be the factory's +0x84 member
8D_MOD01_disp8@0x009DBDA9,0x009DBDA9,"LEA ECX,[EBP+0x84]",EBP (boundary-verified),read,entry~0x009DBD90,UNRESOLVED,REJECTED_WRONG_OBJECT,stack-relative slot; the factory object is heap-allocated (new 0x118 @0x0073E2CC lazy-init); a stack slot cannot be the factory's +0x84 member
8B_MOD01_disp8@0x009DC5AF,0x009DC5AF,"MOV EAX,[EBP+0x84]",EBP (boundary-verified),read,entry~0x009DC540,NOT_A_WRITE,REJECTED_READ_NOT_WRITE,read/CMP form with displacement 0x84; no memory write occurs
8B_MOD01_disp8@0x009DC5FD,0x009DC5FD,"MOV EAX,[EBP+0x84]",EBP (boundary-verified),read,entry~0x009DC540,NOT_A_WRITE,REJECTED_READ_NOT_WRITE,read/CMP form with displacement 0x84; no memory write occurs
8D_MOD01_disp8@0x009DC608,0x009DC608,"LEA ECX,[EBP+0x84]",EBP (boundary-verified),read,entry~0x009DC540,UNRESOLVED,REJECTED_WRONG_OBJECT,stack-relative slot; the factory object is heap-allocated (new 0x118 @0x0073E2CC lazy-init); a stack slot cannot be the factory's +0x84 member
8B_MOD01_disp8@0x009DF3DF,0x009DF3DF,"MOV EAX,[EBP+0x84]",EBP (boundary-verified),read,entry~0x009DF360,NOT_A_WRITE,REJECTED_READ_NOT_WRITE,read/CMP form with displacement 0x84; no memory write occurs
8B_MOD01_disp8@0x009DF3EA,0x009DF3EA,"MOV EAX,[EBP+0x84]",EBP (boundary-verified),read,entry~0x009DF360,NOT_A_WRITE,REJECTED_READ_NOT_WRITE,read/CMP form with displacement 0x84; no memory write occurs
8B_MOD01_disp8@0x009DF3F5,0x009DF3F5,"MOV EAX,[EBP+0x84]",EBP (boundary-verified),read,entry~0x009DF360,NOT_A_WRITE,REJECTED_READ_NOT_WRITE,read/CMP form with displacement 0x84; no memory write occurs
8D_MOD01_disp8@0x009DF4A0,0x009DF4A0,"LEA ECX,[EBP+0x84]",EBP (boundary-verified),read,entry~0x009DF360,UNRESOLVED,REJECTED_WRONG_OBJECT,stack-relative slot; the factory object is heap-allocated (new 0x118 @0x0073E2CC lazy-init); a stack slot cannot be the factory's +0x84 member
8D_MOD01_disp8@0x009DFC84,0x009DFC84,"LEA ECX,[EBP+0x84]",EBP (boundary-verified),read,entry~0x009DFC50,UNRESOLVED,REJECTED_WRONG_OBJECT,stack-relative slot; the factory object is heap-allocated (new 0x118 @0x0073E2CC lazy-init); a stack slot cannot be the factory's +0x84 member
8D_MOD01_disp8@0x009DFF77,0x009DFF77,"LEA ECX,[EBP+0x84]",EBP (boundary-verified),read,entry~0x009DFF40,UNRESOLVED,REJECTED_WRONG_OBJECT,stack-relative slot; the factory object is heap-allocated (new 0x118 @0x0073E2CC lazy-init); a stack slot cannot be the factory's +0x84 member
8D_MOD01_disp8@0x009E04A4,0x009E04A4,"LEA ECX,[EBP+0x84]",EBP (boundary-verified),read,entry~0x009E0420,UNRESOLVED,REJECTED_WRONG_OBJECT,stack-relative slot; the factory object is heap-allocated (new 0x118 @0x0073E2CC lazy-init); a stack slot cannot be the factory's +0x84 member
8D_MOD01_disp8@0x009E05E0,0x009E05E0,"LEA ECX,[EBP+0x84]",EBP (boundary-verified),read,entry~0x009E05E0,UNRESOLVED,REJECTED_WRONG_OBJECT,stack-relative slot; the factory object is heap-allocated (new 0x118 @0x0073E2CC lazy-init); a stack slot cannot be the factory's +0x84 member
8D_MOD01_disp8@0x009E0634,0x009E0634,"LEA EAX,[EDX+0x84]",EDX (boundary-verified),read,entry~0x009E05E0,UNRESOLVED,UNRESOLVED,"LEA reg,[reg+0x84]; no store-through-reg linked within the bounded window; wrapper-setter form not confirmed"
8D_MOD01_disp8@0x009E09FF,0x009E09FF,"LEA EAX,[EDX+0x84]",EDX (boundary-verified),read,entry~0x009E09F0,UNRESOLVED,UNRESOLVED,"LEA reg,[reg+0x84]; no store-through-reg linked within the bounded window; wrapper-setter form not confirmed"
8B_MOD01_disp8@0x009E0AF1,0x009E0AF1,"MOV ECX,[EDX+0x84]",EDX (boundary-verified),read,entry~0x009E0AD0,NOT_A_WRITE,REJECTED_READ_NOT_WRITE,read/CMP form with displacement 0x84; no memory write occurs
8B_MOD01_disp8@0x009E18C7,0x009E18C7,"MOV ECX,[EDX+0x84]",EDX (boundary-verified),read,entry~0x009E18B0,NOT_A_WRITE,REJECTED_READ_NOT_WRITE,read/CMP form with displacement 0x84; no memory write occurs
8B_MOD01_disp8@0x009E195F,0x009E195F,"MOV ECX,[EDX+0x84]",EDX (boundary-verified),read,entry~0x009E1950,NOT_A_WRITE,REJECTED_READ_NOT_WRITE,read/CMP form with displacement 0x84; no memory write occurs
8B_MOD01_disp8@0x009E198F,0x009E198F,"MOV ECX,[EDX+0x84]",EDX (boundary-verified),read,entry~0x009E1950,NOT_A_WRITE,REJECTED_READ_NOT_WRITE,read/CMP form with displacement 0x84; no memory write occurs
8B_MOD01_disp8@0x009E21E0,0x009E21E0,"MOV ECX,[EDX+0x84]",EDX (boundary-verified),read,entry~0x009E2190,NOT_A_WRITE,REJECTED_READ_NOT_WRITE,read/CMP form with displacement 0x84; no memory write occurs
8D_MOD01_disp8@0x009E2E2F,0x009E2E2F,"LEA ECX,[EBP+0x84]",EBP (boundary-verified),read,entry~0x009E2DD0,UNRESOLVED,REJECTED_WRONG_OBJECT,stack-relative slot; the factory object is heap-allocated (new 0x118 @0x0073E2CC lazy-init); a stack slot cannot be the factory's +0x84 member
8D_MOD01_disp8@0x009E345B,0x009E345B,"LEA ECX,[EBP+0x84]",EBP (boundary-verified),read,entry~0x009E3440,UNRESOLVED,REJECTED_WRONG_OBJECT,stack-relative slot; the factory object is heap-allocated (new 0x118 @0x0073E2CC lazy-init); a stack slot cannot be the factory's +0x84 member
8D_MOD01_disp8@0x009E3849,0x009E3849,"LEA ECX,[EBP+0x84]",EBP (boundary-verified),read,entry~0x009E37F0,UNRESOLVED,REJECTED_WRONG_OBJECT,stack-relative slot; the factory object is heap-allocated (new 0x118 @0x0073E2CC lazy-init); a stack slot cannot be the factory's +0x84 member
8D_MOD01_disp8@0x009E397B,0x009E397B,"LEA ECX,[EBP+0x84]",EBP (boundary-verified),read,entry~0x009E3970,UNRESOLVED,REJECTED_WRONG_OBJECT,stack-relative slot; the factory object is heap-allocated (new 0x118 @0x0073E2CC lazy-init); a stack slot cannot be the factory's +0x84 member
8D_MOD01_disp8@0x009E3C4B,0x009E3C4B,"LEA ECX,[EBP+0x84]",EBP (boundary-verified),read,entry~0x009E3C40,UNRESOLVED,REJECTED_WRONG_OBJECT,stack-relative slot; the factory object is heap-allocated (new 0x118 @0x0073E2CC lazy-init); a stack slot cannot be the factory's +0x84 member
8D_MOD01_disp8@0x009E3DAC,0x009E3DAC,"LEA ECX,[EBP+0x84]",EBP (boundary-verified),read,entry~0x009E3D80,UNRESOLVED,REJECTED_WRONG_OBJECT,stack-relative slot; the factory object is heap-allocated (new 0x118 @0x0073E2CC lazy-init); a stack slot cannot be the factory's +0x84 member
8D_MOD01_disp8@0x009E3F55,0x009E3F55,"LEA ECX,[EBP+0x84]",EBP (boundary-verified),read,entry~0x009E3EF0,UNRESOLVED,REJECTED_WRONG_OBJECT,stack-relative slot; the factory object is heap-allocated (new 0x118 @0x0073E2CC lazy-init); a stack slot cannot be the factory's +0x84 member
8D_MOD01_disp8@0x009E4A40,0x009E4A40,"LEA ECX,[EBP+0x84]",EBP (boundary-verified),read,entry~0x009E4A30,UNRESOLVED,REJECTED_WRONG_OBJECT,stack-relative slot; the factory object is heap-allocated (new 0x118 @0x0073E2CC lazy-init); a stack slot cannot be the factory's +0x84 member
8B_MOD01_disp8@0x009E4A50,0x009E4A50,"MOV ECX,[EDX+0x84]",EDX (boundary-verified),read,entry~0x009E4A30,NOT_A_WRITE,REJECTED_READ_NOT_WRITE,read/CMP form with displacement 0x84; no memory write occurs
8D_MOD01_disp8@0x009E4AAB,0x009E4AAB,"LEA ECX,[EBP+0x84]",EBP (boundary-verified),read,entry~0x009E4AA0,UNRESOLVED,REJECTED_WRONG_OBJECT,stack-relative slot; the factory object is heap-allocated (new 0x118 @0x0073E2CC lazy-init); a stack slot cannot be the factory's +0x84 member
8D_MOD01_disp8@0x009E4ACE,0x009E4ACE,"LEA ECX,[EBP+0x84]",EBP (boundary-verified),read,entry~0x009E4AA0,UNRESOLVED,REJECTED_WRONG_OBJECT,stack-relative slot; the factory object is heap-allocated (new 0x118 @0x0073E2CC lazy-init); a stack slot cannot be the factory's +0x84 member
8D_MOD01_disp8@0x009E4AE9,0x009E4AE9,"LEA ECX,[EBP+0x84]",EBP (boundary-verified),read,entry~0x009E4AA0,UNRESOLVED,REJECTED_WRONG_OBJECT,stack-relative slot; the factory object is heap-allocated (new 0x118 @0x0073E2CC lazy-init); a stack slot cannot be the factory's +0x84 member
8D_MOD01_disp8@0x009E4AF9,0x009E4AF9,"LEA ECX,[EBP+0x84]",EBP (boundary-verified),read,entry~0x009E4AA0,UNRESOLVED,REJECTED_WRONG_OBJECT,stack-relative slot; the factory object is heap-allocated (new 0x118 @0x0073E2CC lazy-init); a stack slot cannot be the factory's +0x84 member
8D_MOD01_disp8@0x009E4B14,0x009E4B14,"LEA ECX,[EBP+0x84]",EBP (boundary-verified),read,entry~0x009E4AA0,UNRESOLVED,REJECTED_WRONG_OBJECT,stack-relative slot; the factory object is heap-allocated (new 0x118 @0x0073E2CC lazy-init); a stack slot cannot be the factory's +0x84 member
8D_MOD01_disp8@0x009E4B2F,0x009E4B2F,"LEA ECX,[EBP+0x84]",EBP (boundary-verified),read,entry~0x009E4AA0,UNRESOLVED,REJECTED_WRONG_OBJECT,stack-relative slot; the factory object is heap-allocated (new 0x118 @0x0073E2CC lazy-init); a stack slot cannot be the factory's +0x84 member
8D_MOD01_disp8@0x009E4B4A,0x009E4B4A,"LEA ECX,[EBP+0x84]",EBP (boundary-verified),read,entry~0x009E4AA0,UNRESOLVED,REJECTED_WRONG_OBJECT,stack-relative slot; the factory object is heap-allocated (new 0x118 @0x0073E2CC lazy-init); a stack slot cannot be the factory's +0x84 member
8D_MOD01_disp8@0x009E4B65,0x009E4B65,"LEA ECX,[EBP+0x84]",EBP (boundary-verified),read,entry~0x009E4AA0,UNRESOLVED,REJECTED_WRONG_OBJECT,stack-relative slot; the factory object is heap-allocated (new 0x118 @0x0073E2CC lazy-init); a stack slot cannot be the factory's +0x84 member
8D_MOD01_disp8@0x009E4B80,0x009E4B80,"LEA ECX,[EBP+0x84]",EBP (boundary-verified),read,entry~0x009E4AA0,UNRESOLVED,REJECTED_WRONG_OBJECT,stack-relative slot; the factory object is heap-allocated (new 0x118 @0x0073E2CC lazy-init); a stack slot cannot be the factory's +0x84 member
8D_MOD01_disp8@0x009E4B9B,0x009E4B9B,"LEA ECX,[EBP+0x84]",EBP (boundary-verified),read,entry~0x009E4AA0,UNRESOLVED,REJECTED_WRONG_OBJECT,stack-relative slot; the factory object is heap-allocated (new 0x118 @0x0073E2CC lazy-init); a stack slot cannot be the factory's +0x84 member
8D_MOD01_disp8@0x009E4BB6,0x009E4BB6,"LEA ECX,[EBP+0x84]",EBP (boundary-verified),read,entry~0x009E4AA0,UNRESOLVED,REJECTED_WRONG_OBJECT,stack-relative slot; the factory object is heap-allocated (new 0x118 @0x0073E2CC lazy-init); a stack slot cannot be the factory's +0x84 member
8D_MOD01_disp8@0x009E4BD1,0x009E4BD1,"LEA ECX,[EBP+0x84]",EBP (boundary-verified),read,entry~0x009E4AA0,UNRESOLVED,REJECTED_WRONG_OBJECT,stack-relative slot; the factory object is heap-allocated (new 0x118 @0x0073E2CC lazy-init); a stack slot cannot be the factory's +0x84 member
8D_MOD01_disp8@0x009E5168,0x009E5168,"LEA ECX,[EBP+0x84]",EBP (boundary-verified),read,entry~0x009E5160,UNRESOLVED,REJECTED_WRONG_OBJECT,stack-relative slot; the factory object is heap-allocated (new 0x118 @0x0073E2CC lazy-init); a stack slot cannot be the factory's +0x84 member
8D_MOD01_disp8@0x009E590B,0x009E590B,"LEA ECX,[EBP+0x84]",EBP (boundary-verified),read,entry~0x009E5900,UNRESOLVED,REJECTED_WRONG_OBJECT,stack-relative slot; the factory object is heap-allocated (new 0x118 @0x0073E2CC lazy-init); a stack slot cannot be the factory's +0x84 member
8B_MOD01_disp8@0x009E5F68,0x009E5F68,"MOV EAX,[EBP+0x84]",EBP (boundary-verified),read,entry~0x009E5F40,NOT_A_WRITE,REJECTED_READ_NOT_WRITE,read/CMP form with displacement 0x84; no memory write occurs
8B_MOD01_disp8@0x009E619A,0x009E619A,"MOV ECX,[EDX+0x84]",EDX (boundary-verified),read,entry~0x009E6130,NOT_A_WRITE,REJECTED_READ_NOT_WRITE,read/CMP form with displacement 0x84; no memory write occurs
8B_MOD01_disp8@0x009E6C6A,0x009E6C6A,"MOV ECX,[EDX+0x84]",EDX (boundary-verified),read,entry~0x009E6BB0,NOT_A_WRITE,REJECTED_READ_NOT_WRITE,read/CMP form with displacement 0x84; no memory write occurs
8B_MOD01_disp8@0x009E7CEA,0x009E7CEA,"MOV ECX,[EDX+0x84]",EDX (boundary-verified),read,entry~0x009E7B50,NOT_A_WRITE,REJECTED_READ_NOT_WRITE,read/CMP form with displacement 0x84; no memory write occurs
8B_MOD01_disp8@0x009E82C0,0x009E82C0,"MOV ECX,[EBP+0x84]",EBP (boundary-verified),read,entry~0x009E82C0,NOT_A_WRITE,REJECTED_READ_NOT_WRITE,read/CMP form with displacement 0x84; no memory write occurs
8B_MOD01_disp8@0x009EB087,0x009EB087,"MOV ECX,[EDX+0x84]",EDX (boundary-verified),read,entry~0x009EB020,NOT_A_WRITE,REJECTED_READ_NOT_WRITE,read/CMP form with displacement 0x84; no memory write occurs
8B_MOD01_disp8@0x009EB621,0x009EB621,"MOV ECX,[EDX+0x84]",EDX (boundary-verified),read,entry~0x009EB470,NOT_A_WRITE,REJECTED_READ_NOT_WRITE,read/CMP form with displacement 0x84; no memory write occurs
8D_MOD01_disp8@0x009EDA08,0x009EDA08,"LEA ECX,[EBP+0x84]",EBP (boundary-verified),read,entry~0x009EDA00,UNRESOLVED,REJECTED_WRONG_OBJECT,stack-relative slot; the factory object is heap-allocated (new 0x118 @0x0073E2CC lazy-init); a stack slot cannot be the factory's +0x84 member
8D_MOD01_disp8@0x009EDA33,0x009EDA33,"LEA EAX,[EDX+0x84]",EDX (boundary-verified),read,entry~0x009EDA00,UNRESOLVED,UNRESOLVED,"LEA reg,[reg+0x84]; no store-through-reg linked within the bounded window; wrapper-setter form not confirmed"
8D_MOD01_disp8@0x009EDA58,0x009EDA58,"LEA ECX,[EBP+0x84]",EBP (boundary-verified),read,entry~0x009EDA50,UNRESOLVED,REJECTED_WRONG_OBJECT,stack-relative slot; the factory object is heap-allocated (new 0x118 @0x0073E2CC lazy-init); a stack slot cannot be the factory's +0x84 member
8D_MOD01_disp8@0x009EDA83,0x009EDA83,"LEA EAX,[EDX+0x84]",EDX (boundary-verified),read,entry~0x009EDA50,UNRESOLVED,UNRESOLVED,"LEA reg,[reg+0x84]; no store-through-reg linked within the bounded window; wrapper-setter form not confirmed"
8B_MOD01_disp8@0x009EE99F,0x009EE99F,"MOV ECX,[EDX+0x84]",EDX (boundary-verified),read,entry~0x009EE990,NOT_A_WRITE,REJECTED_READ_NOT_WRITE,read/CMP form with displacement 0x84; no memory write occurs
8B_MOD01_disp8@0x009EE9CF,0x009EE9CF,"MOV ECX,[EDX+0x84]",EDX (boundary-verified),read,entry~0x009EE9C0,NOT_A_WRITE,REJECTED_READ_NOT_WRITE,read/CMP form with displacement 0x84; no memory write occurs
8D_MOD01_disp8@0x009EECCC,0x009EECCC,"LEA ECX,[EBP+0x84]",EBP (boundary-verified),read,entry~0x009EECA0,UNRESOLVED,REJECTED_WRONG_OBJECT,stack-relative slot; the factory object is heap-allocated (new 0x118 @0x0073E2CC lazy-init); a stack slot cannot be the factory's +0x84 member
8D_MOD01_disp8@0x009EF001,0x009EF001,"LEA ECX,[EBP+0x84]",EBP (boundary-verified),read,entry~0x009EEFE0,UNRESOLVED,REJECTED_WRONG_OBJECT,stack-relative slot; the factory object is heap-allocated (new 0x118 @0x0073E2CC lazy-init); a stack slot cannot be the factory's +0x84 member
8D_MOD01_disp8@0x009EF030,0x009EF030,"LEA ECX,[EBP+0x84]",EBP (boundary-verified),read,entry~0x009EF030,UNRESOLVED,REJECTED_WRONG_OBJECT,stack-relative slot; the factory object is heap-allocated (new 0x118 @0x0073E2CC lazy-init); a stack slot cannot be the factory's +0x84 member
8D_MOD01_disp8@0x009F021C,0x009F021C,"LEA EAX,[EDX+0x84]",EDX (boundary-verified),read,entry~0x009F0200,UNRESOLVED,UNRESOLVED,"LEA reg,[reg+0x84]; no store-through-reg linked within the bounded window; wrapper-setter form not confirmed"
8D_MOD01_disp8@0x009F03A0,0x009F03A0,"LEA ECX,[EBP+0x84]",EBP (boundary-verified),read,entry~0x009F03A0,UNRESOLVED,REJECTED_WRONG_OBJECT,stack-relative slot; the factory object is heap-allocated (new 0x118 @0x0073E2CC lazy-init); a stack slot cannot be the factory's +0x84 member
8B_MOD01_disp8@0x009F046F,0x009F046F,"MOV ECX,[EDX+0x84]",EDX (boundary-verified),read,entry~0x009F0420,NOT_A_WRITE,REJECTED_READ_NOT_WRITE,read/CMP form with displacement 0x84; no memory write occurs
8D_MOD01_disp8@0x009F08D4,0x009F08D4,"LEA ECX,[EBP+0x84]",EBP (boundary-verified),read,entry~0x009F07F0,UNRESOLVED,REJECTED_WRONG_OBJECT,stack-relative slot; the factory object is heap-allocated (new 0x118 @0x0073E2CC lazy-init); a stack slot cannot be the factory's +0x84 member
8D_MOD01_disp8@0x009F0936,0x009F0936,"LEA ECX,[EBP+0x84]",EBP (boundary-verified),read,entry~0x009F07F0,UNRESOLVED,REJECTED_WRONG_OBJECT,stack-relative slot; the factory object is heap-allocated (new 0x118 @0x0073E2CC lazy-init); a stack slot cannot be the factory's +0x84 member
8D_MOD01_disp8@0x009F0972,0x009F0972,"LEA ECX,[EBP+0x84]",EBP (boundary-verified),read,entry~0x009F07F0,UNRESOLVED,REJECTED_WRONG_OBJECT,stack-relative slot; the factory object is heap-allocated (new 0x118 @0x0073E2CC lazy-init); a stack slot cannot be the factory's +0x84 member
8D_MOD01_disp8@0x009F09A3,0x009F09A3,"LEA ECX,[EBP+0x84]",EBP (boundary-verified),read,entry~0x009F07F0,UNRESOLVED,REJECTED_WRONG_OBJECT,stack-relative slot; the factory object is heap-allocated (new 0x118 @0x0073E2CC lazy-init); a stack slot cannot be the factory's +0x84 member
8D_MOD01_disp8@0x009F09C9,0x009F09C9,"LEA ECX,[EBP+0x84]",EBP (boundary-verified),read,entry~0x009F07F0,UNRESOLVED,REJECTED_WRONG_OBJECT,stack-relative slot; the factory object is heap-allocated (new 0x118 @0x0073E2CC lazy-init); a stack slot cannot be the factory's +0x84 member
8D_MOD01_disp8@0x009F09EF,0x009F09EF,"LEA ECX,[EBP+0x84]",EBP (boundary-verified),read,entry~0x009F07F0,UNRESOLVED,REJECTED_WRONG_OBJECT,stack-relative slot; the factory object is heap-allocated (new 0x118 @0x0073E2CC lazy-init); a stack slot cannot be the factory's +0x84 member
8D_MOD01_disp8@0x009F0A15,0x009F0A15,"LEA ECX,[EBP+0x84]",EBP (boundary-verified),read,entry~0x009F07F0,UNRESOLVED,REJECTED_WRONG_OBJECT,stack-relative slot; the factory object is heap-allocated (new 0x118 @0x0073E2CC lazy-init); a stack slot cannot be the factory's +0x84 member
8D_MOD01_disp8@0x009F0A4E,0x009F0A4E,"LEA ECX,[EBP+0x84]",EBP (boundary-verified),read,entry~0x009F07F0,UNRESOLVED,REJECTED_WRONG_OBJECT,stack-relative slot; the factory object is heap-allocated (new 0x118 @0x0073E2CC lazy-init); a stack slot cannot be the factory's +0x84 member
8D_MOD01_disp8@0x009F0A69,0x009F0A69,"LEA ECX,[EBP+0x84]",EBP (boundary-verified),read,entry~0x009F07F0,UNRESOLVED,REJECTED_WRONG_OBJECT,stack-relative slot; the factory object is heap-allocated (new 0x118 @0x0073E2CC lazy-init); a stack slot cannot be the factory's +0x84 member
8D_MOD01_disp8@0x009F0A71,0x009F0A71,"LEA ECX,[EBP+0x84]",EBP (boundary-verified),read,entry~0x009F07F0,UNRESOLVED,REJECTED_WRONG_OBJECT,stack-relative slot; the factory object is heap-allocated (new 0x118 @0x0073E2CC lazy-init); a stack slot cannot be the factory's +0x84 member
8D_MOD01_disp8@0x009F0A79,0x009F0A79,"LEA ECX,[EBP+0x84]",EBP (boundary-verified),read,entry~0x009F07F0,UNRESOLVED,REJECTED_WRONG_OBJECT,stack-relative slot; the factory object is heap-allocated (new 0x118 @0x0073E2CC lazy-init); a stack slot cannot be the factory's +0x84 member
8D_MOD01_disp8@0x009F1AA9,0x009F1AA9,"LEA ECX,[EBP+0x84]",EBP (boundary-verified),read,entry~0x009F1A00,UNRESOLVED,REJECTED_WRONG_OBJECT,stack-relative slot; the factory object is heap-allocated (new 0x118 @0x0073E2CC lazy-init); a stack slot cannot be the factory's +0x84 member
8B_MOD01_disp8@0x009F4610,0x009F4610,"MOV ECX,[EBP+0x84]",EBP (boundary-verified),read,entry~0x009F4610,NOT_A_WRITE,REJECTED_READ_NOT_WRITE,read/CMP form with displacement 0x84; no memory write occurs
8B_MOD01_disp8@0x009F55F7,0x009F55F7,"MOV ECX,[EDX+0x84]",EDX (boundary-verified),read,entry~0x009F55C0,NOT_A_WRITE,REJECTED_READ_NOT_WRITE,read/CMP form with displacement 0x84; no memory write occurs
8B_MOD01_disp8@0x009F663F,0x009F663F,"MOV ECX,[EDX+0x84]",EDX (boundary-verified),read,entry~0x009F6620,NOT_A_WRITE,REJECTED_READ_NOT_WRITE,read/CMP form with displacement 0x84; no memory write occurs
8B_MOD01_disp8@0x009F7800,0x009F7800,"MOV ECX,[EBP+0x84]",EBP (boundary-verified),read,entry~0x009F7720,NOT_A_WRITE,REJECTED_READ_NOT_WRITE,read/CMP form with displacement 0x84; no memory write occurs
8B_MOD01_disp8@0x009F7814,0x009F7814,"MOV ECX,[EBP+0x84]",EBP (boundary-verified),read,entry~0x009F7720,NOT_A_WRITE,REJECTED_READ_NOT_WRITE,read/CMP form with displacement 0x84; no memory write occurs
8B_MOD01_disp8@0x009F782B,0x009F782B,"MOV ECX,[EBP+0x84]",EBP (boundary-verified),read,entry~0x009F7720,NOT_A_WRITE,REJECTED_READ_NOT_WRITE,read/CMP form with displacement 0x84; no memory write occurs
8B_MOD01_disp8@0x009F7836,0x009F7836,"MOV ECX,[EBP+0x84]",EBP (boundary-verified),read,entry~0x009F7720,NOT_A_WRITE,REJECTED_READ_NOT_WRITE,read/CMP form with displacement 0x84; no memory write occurs
8B_MOD01_disp8@0x009F7841,0x009F7841,"MOV ECX,[EBP+0x84]",EBP (boundary-verified),read,entry~0x009F7720,NOT_A_WRITE,REJECTED_READ_NOT_WRITE,read/CMP form with displacement 0x84; no memory write occurs
8B_MOD01_disp8@0x009F784C,0x009F784C,"MOV ECX,[EBP+0x84]",EBP (boundary-verified),read,entry~0x009F7720,NOT_A_WRITE,REJECTED_READ_NOT_WRITE,read/CMP form with displacement 0x84; no memory write occurs
8B_MOD01_disp8@0x009F7862,0x009F7862,"MOV ECX,[EBP+0x84]",EBP (boundary-verified),read,entry~0x009F7720,NOT_A_WRITE,REJECTED_READ_NOT_WRITE,read/CMP form with displacement 0x84; no memory write occurs
8B_MOD01_disp8@0x009F7870,0x009F7870,"MOV ECX,[EBP+0x84]",EBP (boundary-verified),read,entry~0x009F7720,NOT_A_WRITE,REJECTED_READ_NOT_WRITE,read/CMP form with displacement 0x84; no memory write occurs
8B_MOD01_disp8@0x009F86E9,0x009F86E9,"MOV ECX,[EDX+0x84]",EDX (boundary-verified),read,entry~0x009F86A0,NOT_A_WRITE,REJECTED_READ_NOT_WRITE,read/CMP form with displacement 0x84; no memory write occurs
8D_MOD01_disp8@0x009F88D8,0x009F88D8,"LEA ECX,[EBP+0x84]",EBP (boundary-verified),read,entry~0x009F88D0,UNRESOLVED,REJECTED_WRONG_OBJECT,stack-relative slot; the factory object is heap-allocated (new 0x118 @0x0073E2CC lazy-init); a stack slot cannot be the factory's +0x84 member
8B_MOD01_disp8@0x009F8C8F,0x009F8C8F,"MOV ECX,[EDX+0x84]",EDX (boundary-verified),read,entry~0x009F8C80,NOT_A_WRITE,REJECTED_READ_NOT_WRITE,read/CMP form with displacement 0x84; no memory write occurs
8D_MOD01_disp8@0x009F8DE3,0x009F8DE3,"LEA ECX,[EBP+0x84]",EBP (boundary-verified),read,entry~0x009F8DA0,UNRESOLVED,REJECTED_WRONG_OBJECT,stack-relative slot; the factory object is heap-allocated (new 0x118 @0x0073E2CC lazy-init); a stack slot cannot be the factory's +0x84 member
8D_MOD01_disp8@0x009F9A31,0x009F9A31,"LEA ECX,[EBP+0x84]",EBP (boundary-verified),read,entry~0x009F9A10,UNRESOLVED,REJECTED_WRONG_OBJECT,stack-relative slot; the factory object is heap-allocated (new 0x118 @0x0073E2CC lazy-init); a stack slot cannot be the factory's +0x84 member
8D_MOD01_disp8@0x009FA588,0x009FA588,"LEA ECX,[EBP+0x84]",EBP (boundary-verified),read,entry~0x009FA570,UNRESOLVED,REJECTED_WRONG_OBJECT,stack-relative slot; the factory object is heap-allocated (new 0x118 @0x0073E2CC lazy-init); a stack slot cannot be the factory's +0x84 member
8D_MOD01_disp8@0x009FB3FC,0x009FB3FC,"LEA EAX,[EDX+0x84]",EDX (boundary-verified),read,entry~0x009FB3E0,UNRESOLVED,UNRESOLVED,"LEA reg,[reg+0x84]; no store-through-reg linked within the bounded window; wrapper-setter form not confirmed"
8B_MOD01_disp8@0x009FBA0F,0x009FBA0F,"MOV ECX,[EDX+0x84]",EDX (boundary-verified),read,entry~0x009FB9F0,NOT_A_WRITE,REJECTED_READ_NOT_WRITE,read/CMP form with displacement 0x84; no memory write occurs
8B_MOD01_disp8@0x009FC16F,0x009FC16F,"MOV ECX,[EDX+0x84]",EDX (boundary-verified),read,entry~0x009FC150,NOT_A_WRITE,REJECTED_READ_NOT_WRITE,read/CMP form with displacement 0x84; no memory write occurs
8D_MOD01_disp8@0x009FC3C0,0x009FC3C0,"LEA ECX,[EBP+0x84]",EBP (boundary-verified),read,entry~0x009FC3C0,UNRESOLVED,REJECTED_WRONG_OBJECT,stack-relative slot; the factory object is heap-allocated (new 0x118 @0x0073E2CC lazy-init); a stack slot cannot be the factory's +0x84 member
8D_MOD01_disp8@0x009FC65C,0x009FC65C,"LEA EAX,[EDX+0x84]",EDX (boundary-verified),read,entry~0x009FC640,UNRESOLVED,UNRESOLVED,"LEA reg,[reg+0x84]; no store-through-reg linked within the bounded window; wrapper-setter form not confirmed"
8D_MOD01_disp8@0x009FCDCC,0x009FCDCC,"LEA EAX,[EDX+0x84]",EDX (boundary-verified),read,entry~0x009FCDB0,UNRESOLVED,UNRESOLVED,"LEA reg,[reg+0x84]; no store-through-reg linked within the bounded window; wrapper-setter form not confirmed"
8B_MOD01_disp8@0x00A005E0,0x00A005E0,"MOV ECX,[EBP+0x84]",EBP (boundary-verified),read,entry~0x00A005D0,NOT_A_WRITE,REJECTED_READ_NOT_WRITE,read/CMP form with displacement 0x84; no memory write occurs
8D_MOD01_disp8@0x00A005FC,0x00A005FC,"LEA EAX,[EDX+0x84]",EDX (boundary-verified),read,entry~0x00A005D0,UNRESOLVED,UNRESOLVED,"LEA reg,[reg+0x84]; no store-through-reg linked within the bounded window; wrapper-setter form not confirmed"
8D_MOD01_disp8@0x00A00630,0x00A00630,"LEA ECX,[EBP+0x84]",EBP (boundary-verified),read,entry~0x00A00620,UNRESOLVED,REJECTED_WRONG_OBJECT,stack-relative slot; the factory object is heap-allocated (new 0x118 @0x0073E2CC lazy-init); a stack slot cannot be the factory's +0x84 member
8B_MOD01_disp8@0x00A00640,0x00A00640,"MOV ECX,[EDX+0x84]",EDX (boundary-verified),read,entry~0x00A00620,NOT_A_WRITE,REJECTED_READ_NOT_WRITE,read/CMP form with displacement 0x84; no memory write occurs
8D_MOD01_disp8@0x00A02C4B,0x00A02C4B,"LEA ECX,[EBP+0x84]",EBP (boundary-verified),read,entry~0x00A02C40,UNRESOLVED,REJECTED_WRONG_OBJECT,stack-relative slot; the factory object is heap-allocated (new 0x118 @0x0073E2CC lazy-init); a stack slot cannot be the factory's +0x84 member
8D_MOD01_disp8@0x00A07E86,0x00A07E86,"LEA ECX,[EBP+0x84]",EBP (boundary-verified),read,entry~0x00A07E50,UNRESOLVED,REJECTED_WRONG_OBJECT,stack-relative slot; the factory object is heap-allocated (new 0x118 @0x0073E2CC lazy-init); a stack slot cannot be the factory's +0x84 member
8D_MOD01_disp8@0x00A09C96,0x00A09C96,"LEA EAX,[EDX+0x84]",EDX (boundary-verified),read,entry~0x00A09C80,UNRESOLVED,UNRESOLVED,"LEA reg,[reg+0x84]; no store-through-reg linked within the bounded window; wrapper-setter form not confirmed"
8B_MOD01_disp8@0x00A0A913,0x00A0A913,"MOV ECX,[EDX+0x84]",EDX (boundary-verified),read,entry~0x00A0A7A0,NOT_A_WRITE,REJECTED_READ_NOT_WRITE,read/CMP form with displacement 0x84; no memory write occurs
8D_MOD01_disp8@0x00A0CEE8,0x00A0CEE8,"LEA ECX,[EBP+0x84]",EBP (boundary-verified),read,entry~0x00A0CEB0,UNRESOLVED,REJECTED_WRONG_OBJECT,stack-relative slot; the factory object is heap-allocated (new 0x118 @0x0073E2CC lazy-init); a stack slot cannot be the factory's +0x84 member
8D_MOD01_disp8@0x00A0CF16,0x00A0CF16,"LEA ECX,[EBP+0x84]",EBP (boundary-verified),read,entry~0x00A0CEB0,UNRESOLVED,REJECTED_WRONG_OBJECT,stack-relative slot; the factory object is heap-allocated (new 0x118 @0x0073E2CC lazy-init); a stack slot cannot be the factory's +0x84 member
8D_MOD01_disp8@0x00A0CF2B,0x00A0CF2B,"LEA ECX,[EBP+0x84]",EBP (boundary-verified),read,entry~0x00A0CEB0,UNRESOLVED,REJECTED_WRONG_OBJECT,stack-relative slot; the factory object is heap-allocated (new 0x118 @0x0073E2CC lazy-init); a stack slot cannot be the factory's +0x84 member
8D_MOD01_disp8@0x00A0CF58,0x00A0CF58,"LEA ECX,[EBP+0x84]",EBP (boundary-verified),read,entry~0x00A0CEB0,UNRESOLVED,REJECTED_WRONG_OBJECT,stack-relative slot; the factory object is heap-allocated (new 0x118 @0x0073E2CC lazy-init); a stack slot cannot be the factory's +0x84 member
8D_MOD01_disp8@0x00A0CF85,0x00A0CF85,"LEA ECX,[EBP+0x84]",EBP (boundary-verified),read,entry~0x00A0CEB0,UNRESOLVED,REJECTED_WRONG_OBJECT,stack-relative slot; the factory object is heap-allocated (new 0x118 @0x0073E2CC lazy-init); a stack slot cannot be the factory's +0x84 member
8D_MOD01_disp8@0x00A0CFB2,0x00A0CFB2,"LEA ECX,[EBP+0x84]",EBP (boundary-verified),read,entry~0x00A0CEB0,UNRESOLVED,REJECTED_WRONG_OBJECT,stack-relative slot; the factory object is heap-allocated (new 0x118 @0x0073E2CC lazy-init); a stack slot cannot be the factory's +0x84 member
8D_MOD01_disp8@0x00A0CFDF,0x00A0CFDF,"LEA ECX,[EBP+0x84]",EBP (boundary-verified),read,entry~0x00A0CEB0,UNRESOLVED,REJECTED_WRONG_OBJECT,stack-relative slot; the factory object is heap-allocated (new 0x118 @0x0073E2CC lazy-init); a stack slot cannot be the factory's +0x84 member
8D_MOD01_disp8@0x00A0D00C,0x00A0D00C,"LEA ECX,[EBP+0x84]",EBP (boundary-verified),read,entry~0x00A0CEB0,UNRESOLVED,REJECTED_WRONG_OBJECT,stack-relative slot; the factory object is heap-allocated (new 0x118 @0x0073E2CC lazy-init); a stack slot cannot be the factory's +0x84 member
8D_MOD01_disp8@0x00A0D039,0x00A0D039,"LEA ECX,[EBP+0x84]",EBP (boundary-verified),read,entry~0x00A0CEB0,UNRESOLVED,REJECTED_WRONG_OBJECT,stack-relative slot; the factory object is heap-allocated (new 0x118 @0x0073E2CC lazy-init); a stack slot cannot be the factory's +0x84 member
8D_MOD01_disp8@0x00A0D066,0x00A0D066,"LEA ECX,[EBP+0x84]",EBP (boundary-verified),read,entry~0x00A0CEB0,UNRESOLVED,REJECTED_WRONG_OBJECT,stack-relative slot; the factory object is heap-allocated (new 0x118 @0x0073E2CC lazy-init); a stack slot cannot be the factory's +0x84 member
8D_MOD01_disp8@0x00A0D093,0x00A0D093,"LEA ECX,[EBP+0x84]",EBP (boundary-verified),read,entry~0x00A0CEB0,UNRESOLVED,REJECTED_WRONG_OBJECT,stack-relative slot; the factory object is heap-allocated (new 0x118 @0x0073E2CC lazy-init); a stack slot cannot be the factory's +0x84 member
8D_MOD01_disp8@0x00A0D0C0,0x00A0D0C0,"LEA ECX,[EBP+0x84]",EBP (boundary-verified),read,entry~0x00A0CEB0,UNRESOLVED,REJECTED_WRONG_OBJECT,stack-relative slot; the factory object is heap-allocated (new 0x118 @0x0073E2CC lazy-init); a stack slot cannot be the factory's +0x84 member
8D_MOD01_disp8@0x00A0D0ED,0x00A0D0ED,"LEA ECX,[EBP+0x84]",EBP (boundary-verified),read,entry~0x00A0CEB0,UNRESOLVED,REJECTED_WRONG_OBJECT,stack-relative slot; the factory object is heap-allocated (new 0x118 @0x0073E2CC lazy-init); a stack slot cannot be the factory's +0x84 member
8D_MOD01_disp8@0x00A0D11A,0x00A0D11A,"LEA ECX,[EBP+0x84]",EBP (boundary-verified),read,entry~0x00A0CEB0,UNRESOLVED,REJECTED_WRONG_OBJECT,stack-relative slot; the factory object is heap-allocated (new 0x118 @0x0073E2CC lazy-init); a stack slot cannot be the factory's +0x84 member
8D_MOD01_disp8@0x00A0D147,0x00A0D147,"LEA ECX,[EBP+0x84]",EBP (boundary-verified),read,entry~0x00A0CEB0,UNRESOLVED,REJECTED_WRONG_OBJECT,stack-relative slot; the factory object is heap-allocated (new 0x118 @0x0073E2CC lazy-init); a stack slot cannot be the factory's +0x84 member
8D_MOD01_disp8@0x00A0D174,0x00A0D174,"LEA ECX,[EBP+0x84]",EBP (boundary-verified),read,entry~0x00A0CEB0,UNRESOLVED,REJECTED_WRONG_OBJECT,stack-relative slot; the factory object is heap-allocated (new 0x118 @0x0073E2CC lazy-init); a stack slot cannot be the factory's +0x84 member
8D_MOD01_disp8@0x00A0D1A1,0x00A0D1A1,"LEA ECX,[EBP+0x84]",EBP (boundary-verified),read,entry~0x00A0CEB0,UNRESOLVED,REJECTED_WRONG_OBJECT,stack-relative slot; the factory object is heap-allocated (new 0x118 @0x0073E2CC lazy-init); a stack slot cannot be the factory's +0x84 member
8D_MOD01_disp8@0x00A0D1CE,0x00A0D1CE,"LEA ECX,[EBP+0x84]",EBP (boundary-verified),read,entry~0x00A0CEB0,UNRESOLVED,REJECTED_WRONG_OBJECT,stack-relative slot; the factory object is heap-allocated (new 0x118 @0x0073E2CC lazy-init); a stack slot cannot be the factory's +0x84 member
8D_MOD01_disp8@0x00A0D1FB,0x00A0D1FB,"LEA ECX,[EBP+0x84]",EBP (boundary-verified),read,entry~0x00A0CEB0,UNRESOLVED,REJECTED_WRONG_OBJECT,stack-relative slot; the factory object is heap-allocated (new 0x118 @0x0073E2CC lazy-init); a stack slot cannot be the factory's +0x84 member
8D_MOD01_disp8@0x00A0D228,0x00A0D228,"LEA ECX,[EBP+0x84]",EBP (boundary-verified),read,entry~0x00A0CEB0,UNRESOLVED,REJECTED_WRONG_OBJECT,stack-relative slot; the factory object is heap-allocated (new 0x118 @0x0073E2CC lazy-init); a stack slot cannot be the factory's +0x84 member
8D_MOD01_disp8@0x00A0D255,0x00A0D255,"LEA ECX,[EBP+0x84]",EBP (boundary-verified),read,entry~0x00A0CEB0,UNRESOLVED,REJECTED_WRONG_OBJECT,stack-relative slot; the factory object is heap-allocated (new 0x118 @0x0073E2CC lazy-init); a stack slot cannot be the factory's +0x84 member
8D_MOD01_disp8@0x00A0D282,0x00A0D282,"LEA ECX,[EBP+0x84]",EBP (boundary-verified),read,entry~0x00A0CEB0,UNRESOLVED,REJECTED_WRONG_OBJECT,stack-relative slot; the factory object is heap-allocated (new 0x118 @0x0073E2CC lazy-init); a stack slot cannot be the factory's +0x84 member
8D_MOD01_disp8@0x00A0D2AC,0x00A0D2AC,"LEA ECX,[EBP+0x84]",EBP (boundary-verified),read,entry~0x00A0CEB0,UNRESOLVED,REJECTED_WRONG_OBJECT,stack-relative slot; the factory object is heap-allocated (new 0x118 @0x0073E2CC lazy-init); a stack slot cannot be the factory's +0x84 member
8D_MOD01_disp8@0x00A0D2D6,0x00A0D2D6,"LEA ECX,[EBP+0x84]",EBP (boundary-verified),read,entry~0x00A0CEB0,UNRESOLVED,REJECTED_WRONG_OBJECT,stack-relative slot; the factory object is heap-allocated (new 0x118 @0x0073E2CC lazy-init); a stack slot cannot be the factory's +0x84 member
8D_MOD01_disp8@0x00A0D2FD,0x00A0D2FD,"LEA ECX,[EBP+0x84]",EBP (boundary-verified),read,entry~0x00A0CEB0,UNRESOLVED,REJECTED_WRONG_OBJECT,stack-relative slot; the factory object is heap-allocated (new 0x118 @0x0073E2CC lazy-init); a stack slot cannot be the factory's +0x84 member
8D_MOD01_disp8@0x00A0D324,0x00A0D324,"LEA ECX,[EBP+0x84]",EBP (boundary-verified),read,entry~0x00A0CEB0,UNRESOLVED,REJECTED_WRONG_OBJECT,stack-relative slot; the factory object is heap-allocated (new 0x118 @0x0073E2CC lazy-init); a stack slot cannot be the factory's +0x84 member
8D_MOD01_disp8@0x00A0D34B,0x00A0D34B,"LEA ECX,[EBP+0x84]",EBP (boundary-verified),read,entry~0x00A0CEB0,UNRESOLVED,REJECTED_WRONG_OBJECT,stack-relative slot; the factory object is heap-allocated (new 0x118 @0x0073E2CC lazy-init); a stack slot cannot be the factory's +0x84 member
8D_MOD01_disp8@0x00A0D372,0x00A0D372,"LEA ECX,[EBP+0x84]",EBP (boundary-verified),read,entry~0x00A0CEB0,UNRESOLVED,REJECTED_WRONG_OBJECT,stack-relative slot; the factory object is heap-allocated (new 0x118 @0x0073E2CC lazy-init); a stack slot cannot be the factory's +0x84 member
8D_MOD01_disp8@0x00A0D399,0x00A0D399,"LEA ECX,[EBP+0x84]",EBP (boundary-verified),read,entry~0x00A0CEB0,UNRESOLVED,REJECTED_WRONG_OBJECT,stack-relative slot; the factory object is heap-allocated (new 0x118 @0x0073E2CC lazy-init); a stack slot cannot be the factory's +0x84 member
8D_MOD01_disp8@0x00A0D3C0,0x00A0D3C0,"LEA ECX,[EBP+0x84]",EBP (boundary-verified),read,entry~0x00A0CEB0,UNRESOLVED,REJECTED_WRONG_OBJECT,stack-relative slot; the factory object is heap-allocated (new 0x118 @0x0073E2CC lazy-init); a stack slot cannot be the factory's +0x84 member
8D_MOD01_disp8@0x00A0D3E7,0x00A0D3E7,"LEA ECX,[EBP+0x84]",EBP (boundary-verified),read,entry~0x00A0CEB0,UNRESOLVED,REJECTED_WRONG_OBJECT,stack-relative slot; the factory object is heap-allocated (new 0x118 @0x0073E2CC lazy-init); a stack slot cannot be the factory's +0x84 member
8D_MOD01_disp8@0x00A0D40E,0x00A0D40E,"LEA ECX,[EBP+0x84]",EBP (boundary-verified),read,entry~0x00A0CEB0,UNRESOLVED,REJECTED_WRONG_OBJECT,stack-relative slot; the factory object is heap-allocated (new 0x118 @0x0073E2CC lazy-init); a stack slot cannot be the factory's +0x84 member
8D_MOD01_disp8@0x00A0D435,0x00A0D435,"LEA ECX,[EBP+0x84]",EBP (boundary-verified),read,entry~0x00A0CEB0,UNRESOLVED,REJECTED_WRONG_OBJECT,stack-relative slot; the factory object is heap-allocated (new 0x118 @0x0073E2CC lazy-init); a stack slot cannot be the factory's +0x84 member
8D_MOD01_disp8@0x00A0D45C,0x00A0D45C,"LEA ECX,[EBP+0x84]",EBP (boundary-verified),read,entry~0x00A0CEB0,UNRESOLVED,REJECTED_WRONG_OBJECT,stack-relative slot; the factory object is heap-allocated (new 0x118 @0x0073E2CC lazy-init); a stack slot cannot be the factory's +0x84 member
8D_MOD01_disp8@0x00A0D483,0x00A0D483,"LEA ECX,[EBP+0x84]",EBP (boundary-verified),read,entry~0x00A0CEB0,UNRESOLVED,REJECTED_WRONG_OBJECT,stack-relative slot; the factory object is heap-allocated (new 0x118 @0x0073E2CC lazy-init); a stack slot cannot be the factory's +0x84 member
8D_MOD01_disp8@0x00A0D4AA,0x00A0D4AA,"LEA ECX,[EBP+0x84]",EBP (boundary-verified),read,entry~0x00A0CEB0,UNRESOLVED,REJECTED_WRONG_OBJECT,stack-relative slot; the factory object is heap-allocated (new 0x118 @0x0073E2CC lazy-init); a stack slot cannot be the factory's +0x84 member
8D_MOD01_disp8@0x00A0D4D1,0x00A0D4D1,"LEA ECX,[EBP+0x84]",EBP (boundary-verified),read,unknown,UNRESOLVED,REJECTED_WRONG_OBJECT,stack-relative slot; the factory object is heap-allocated (new 0x118 @0x0073E2CC lazy-init); a stack slot cannot be the factory's +0x84 member
8D_MOD01_disp8@0x00A0D4F8,0x00A0D4F8,"LEA ECX,[EBP+0x84]",EBP (boundary-verified),read,unknown,UNRESOLVED,REJECTED_WRONG_OBJECT,stack-relative slot; the factory object is heap-allocated (new 0x118 @0x0073E2CC lazy-init); a stack slot cannot be the factory's +0x84 member
8D_MOD01_disp8@0x00A0D51F,0x00A0D51F,"LEA ECX,[EBP+0x84]",EBP (boundary-verified),read,unknown,UNRESOLVED,REJECTED_WRONG_OBJECT,stack-relative slot; the factory object is heap-allocated (new 0x118 @0x0073E2CC lazy-init); a stack slot cannot be the factory's +0x84 member
8D_MOD01_disp8@0x00A0D546,0x00A0D546,"LEA ECX,[EBP+0x84]",EBP (boundary-verified),read,unknown,UNRESOLVED,REJECTED_WRONG_OBJECT,stack-relative slot; the factory object is heap-allocated (new 0x118 @0x0073E2CC lazy-init); a stack slot cannot be the factory's +0x84 member
8D_MOD01_disp8@0x00A0D56D,0x00A0D56D,"LEA ECX,[EBP+0x84]",EBP (boundary-verified),read,unknown,UNRESOLVED,REJECTED_WRONG_OBJECT,stack-relative slot; the factory object is heap-allocated (new 0x118 @0x0073E2CC lazy-init); a stack slot cannot be the factory's +0x84 member
8D_MOD01_disp8@0x00A0D594,0x00A0D594,"LEA ECX,[EBP+0x84]",EBP (boundary-verified),read,unknown,UNRESOLVED,REJECTED_WRONG_OBJECT,stack-relative slot; the factory object is heap-allocated (new 0x118 @0x0073E2CC lazy-init); a stack slot cannot be the factory's +0x84 member
8D_MOD01_disp8@0x00A0D5BB,0x00A0D5BB,"LEA ECX,[EBP+0x84]",EBP (boundary-verified),read,unknown,UNRESOLVED,REJECTED_WRONG_OBJECT,stack-relative slot; the factory object is heap-allocated (new 0x118 @0x0073E2CC lazy-init); a stack slot cannot be the factory's +0x84 member
8D_MOD01_disp8@0x00A0D5E2,0x00A0D5E2,"LEA ECX,[EBP+0x84]",EBP (boundary-verified),read,unknown,UNRESOLVED,REJECTED_WRONG_OBJECT,stack-relative slot; the factory object is heap-allocated (new 0x118 @0x0073E2CC lazy-init); a stack slot cannot be the factory's +0x84 member
8D_MOD01_disp8@0x00A0D609,0x00A0D609,"LEA ECX,[EBP+0x84]",EBP (boundary-verified),read,unknown,UNRESOLVED,REJECTED_WRONG_OBJECT,stack-relative slot; the factory object is heap-allocated (new 0x118 @0x0073E2CC lazy-init); a stack slot cannot be the factory's +0x84 member
8D_MOD01_disp8@0x00A0D630,0x00A0D630,"LEA ECX,[EBP+0x84]",EBP (boundary-verified),read,unknown,UNRESOLVED,REJECTED_WRONG_OBJECT,stack-relative slot; the factory object is heap-allocated (new 0x118 @0x0073E2CC lazy-init); a stack slot cannot be the factory's +0x84 member
8D_MOD01_disp8@0x00A0D657,0x00A0D657,"LEA ECX,[EBP+0x84]",EBP (boundary-verified),read,unknown,UNRESOLVED,REJECTED_WRONG_OBJECT,stack-relative slot; the factory object is heap-allocated (new 0x118 @0x0073E2CC lazy-init); a stack slot cannot be the factory's +0x84 member
8D_MOD01_disp8@0x00A0D67E,0x00A0D67E,"LEA ECX,[EBP+0x84]",EBP (boundary-verified),read,unknown,UNRESOLVED,REJECTED_WRONG_OBJECT,stack-relative slot; the factory object is heap-allocated (new 0x118 @0x0073E2CC lazy-init); a stack slot cannot be the factory's +0x84 member
8D_MOD01_disp8@0x00A0D6A5,0x00A0D6A5,"LEA ECX,[EBP+0x84]",EBP (boundary-verified),read,unknown,UNRESOLVED,REJECTED_WRONG_OBJECT,stack-relative slot; the factory object is heap-allocated (new 0x118 @0x0073E2CC lazy-init); a stack slot cannot be the factory's +0x84 member
8D_MOD01_disp8@0x00A0D6CC,0x00A0D6CC,"LEA ECX,[EBP+0x84]",EBP (boundary-verified),read,unknown,UNRESOLVED,REJECTED_WRONG_OBJECT,stack-relative slot; the factory object is heap-allocated (new 0x118 @0x0073E2CC lazy-init); a stack slot cannot be the factory's +0x84 member
8D_MOD01_disp8@0x00A0D6F3,0x00A0D6F3,"LEA ECX,[EBP+0x84]",EBP (boundary-verified),read,unknown,UNRESOLVED,REJECTED_WRONG_OBJECT,stack-relative slot; the factory object is heap-allocated (new 0x118 @0x0073E2CC lazy-init); a stack slot cannot be the factory's +0x84 member
8D_MOD01_disp8@0x00A0D71A,0x00A0D71A,"LEA ECX,[EBP+0x84]",EBP (boundary-verified),read,unknown,UNRESOLVED,REJECTED_WRONG_OBJECT,stack-relative slot; the factory object is heap-allocated (new 0x118 @0x0073E2CC lazy-init); a stack slot cannot be the factory's +0x84 member
8D_MOD01_disp8@0x00A0D741,0x00A0D741,"LEA ECX,[EBP+0x84]",EBP (boundary-verified),read,unknown,UNRESOLVED,REJECTED_WRONG_OBJECT,stack-relative slot; the factory object is heap-allocated (new 0x118 @0x0073E2CC lazy-init); a stack slot cannot be the factory's +0x84 member
8D_MOD01_disp8@0x00A0D768,0x00A0D768,"LEA ECX,[EBP+0x84]",EBP (boundary-verified),read,unknown,UNRESOLVED,REJECTED_WRONG_OBJECT,stack-relative slot; the factory object is heap-allocated (new 0x118 @0x0073E2CC lazy-init); a stack slot cannot be the factory's +0x84 member
8D_MOD01_disp8@0x00A0D78F,0x00A0D78F,"LEA ECX,[EBP+0x84]",EBP (boundary-verified),read,unknown,UNRESOLVED,REJECTED_WRONG_OBJECT,stack-relative slot; the factory object is heap-allocated (new 0x118 @0x0073E2CC lazy-init); a stack slot cannot be the factory's +0x84 member
8D_MOD01_disp8@0x00A0D7B6,0x00A0D7B6,"LEA ECX,[EBP+0x84]",EBP (boundary-verified),read,unknown,UNRESOLVED,REJECTED_WRONG_OBJECT,stack-relative slot; the factory object is heap-allocated (new 0x118 @0x0073E2CC lazy-init); a stack slot cannot be the factory's +0x84 member
8D_MOD01_disp8@0x00A0D7DD,0x00A0D7DD,"LEA ECX,[EBP+0x84]",EBP (boundary-verified),read,unknown,UNRESOLVED,REJECTED_WRONG_OBJECT,stack-relative slot; the factory object is heap-allocated (new 0x118 @0x0073E2CC lazy-init); a stack slot cannot be the factory's +0x84 member
8D_MOD01_disp8@0x00A0D804,0x00A0D804,"LEA ECX,[EBP+0x84]",EBP (boundary-verified),read,unknown,UNRESOLVED,REJECTED_WRONG_OBJECT,stack-relative slot; the factory object is heap-allocated (new 0x118 @0x0073E2CC lazy-init); a stack slot cannot be the factory's +0x84 member
8D_MOD01_disp8@0x00A0D82B,0x00A0D82B,"LEA ECX,[EBP+0x84]",EBP (boundary-verified),read,unknown,UNRESOLVED,REJECTED_WRONG_OBJECT,stack-relative slot; the factory object is heap-allocated (new 0x118 @0x0073E2CC lazy-init); a stack slot cannot be the factory's +0x84 member
8D_MOD01_disp8@0x00A0D852,0x00A0D852,"LEA ECX,[EBP+0x84]",EBP (boundary-verified),read,unknown,UNRESOLVED,REJECTED_WRONG_OBJECT,stack-relative slot; the factory object is heap-allocated (new 0x118 @0x0073E2CC lazy-init); a stack slot cannot be the factory's +0x84 member
8D_MOD01_disp8@0x00A0D879,0x00A0D879,"LEA ECX,[EBP+0x84]",EBP (boundary-verified),read,unknown,UNRESOLVED,REJECTED_WRONG_OBJECT,stack-relative slot; the factory object is heap-allocated (new 0x118 @0x0073E2CC lazy-init); a stack slot cannot be the factory's +0x84 member
8D_MOD01_disp8@0x00A0D8A0,0x00A0D8A0,"LEA ECX,[EBP+0x84]",EBP (boundary-verified),read,unknown,UNRESOLVED,REJECTED_WRONG_OBJECT,stack-relative slot; the factory object is heap-allocated (new 0x118 @0x0073E2CC lazy-init); a stack slot cannot be the factory's +0x84 member
8D_MOD01_disp8@0x00A0D8C7,0x00A0D8C7,"LEA ECX,[EBP+0x84]",EBP (boundary-verified),read,unknown,UNRESOLVED,REJECTED_WRONG_OBJECT,stack-relative slot; the factory object is heap-allocated (new 0x118 @0x0073E2CC lazy-init); a stack slot cannot be the factory's +0x84 member
8D_MOD01_disp8@0x00A0D8EE,0x00A0D8EE,"LEA ECX,[EBP+0x84]",EBP (boundary-verified),read,unknown,UNRESOLVED,REJECTED_WRONG_OBJECT,stack-relative slot; the factory object is heap-allocated (new 0x118 @0x0073E2CC lazy-init); a stack slot cannot be the factory's +0x84 member
8D_MOD01_disp8@0x00A0D915,0x00A0D915,"LEA ECX,[EBP+0x84]",EBP (boundary-verified),read,unknown,UNRESOLVED,REJECTED_WRONG_OBJECT,stack-relative slot; the factory object is heap-allocated (new 0x118 @0x0073E2CC lazy-init); a stack slot cannot be the factory's +0x84 member
8D_MOD01_disp8@0x00A0D93C,0x00A0D93C,"LEA ECX,[EBP+0x84]",EBP (boundary-verified),read,unknown,UNRESOLVED,REJECTED_WRONG_OBJECT,stack-relative slot; the factory object is heap-allocated (new 0x118 @0x0073E2CC lazy-init); a stack slot cannot be the factory's +0x84 member
8D_MOD01_disp8@0x00A0D963,0x00A0D963,"LEA ECX,[EBP+0x84]",EBP (boundary-verified),read,unknown,UNRESOLVED,REJECTED_WRONG_OBJECT,stack-relative slot; the factory object is heap-allocated (new 0x118 @0x0073E2CC lazy-init); a stack slot cannot be the factory's +0x84 member
8D_MOD01_disp8@0x00A0D98A,0x00A0D98A,"LEA ECX,[EBP+0x84]",EBP (boundary-verified),read,unknown,UNRESOLVED,REJECTED_WRONG_OBJECT,stack-relative slot; the factory object is heap-allocated (new 0x118 @0x0073E2CC lazy-init); a stack slot cannot be the factory's +0x84 member
8D_MOD01_disp8@0x00A0D9B1,0x00A0D9B1,"LEA ECX,[EBP+0x84]",EBP (boundary-verified),read,unknown,UNRESOLVED,REJECTED_WRONG_OBJECT,stack-relative slot; the factory object is heap-allocated (new 0x118 @0x0073E2CC lazy-init); a stack slot cannot be the factory's +0x84 member
8D_MOD01_disp8@0x00A0D9D8,0x00A0D9D8,"LEA ECX,[EBP+0x84]",EBP (boundary-verified),read,unknown,UNRESOLVED,REJECTED_WRONG_OBJECT,stack-relative slot; the factory object is heap-allocated (new 0x118 @0x0073E2CC lazy-init); a stack slot cannot be the factory's +0x84 member
8D_MOD01_disp8@0x00A0D9FF,0x00A0D9FF,"LEA ECX,[EBP+0x84]",EBP (boundary-verified),read,unknown,UNRESOLVED,REJECTED_WRONG_OBJECT,stack-relative slot; the factory object is heap-allocated (new 0x118 @0x0073E2CC lazy-init); a stack slot cannot be the factory's +0x84 member
8D_MOD01_disp8@0x00A0DA26,0x00A0DA26,"LEA ECX,[EBP+0x84]",EBP (boundary-verified),read,unknown,UNRESOLVED,REJECTED_WRONG_OBJECT,stack-relative slot; the factory object is heap-allocated (new 0x118 @0x0073E2CC lazy-init); a stack slot cannot be the factory's +0x84 member
8D_MOD01_disp8@0x00A0DA4D,0x00A0DA4D,"LEA ECX,[EBP+0x84]",EBP (boundary-verified),read,unknown,UNRESOLVED,REJECTED_WRONG_OBJECT,stack-relative slot; the factory object is heap-allocated (new 0x118 @0x0073E2CC lazy-init); a stack slot cannot be the factory's +0x84 member
8D_MOD01_disp8@0x00A0DA74,0x00A0DA74,"LEA ECX,[EBP+0x84]",EBP (boundary-verified),read,unknown,UNRESOLVED,REJECTED_WRONG_OBJECT,stack-relative slot; the factory object is heap-allocated (new 0x118 @0x0073E2CC lazy-init); a stack slot cannot be the factory's +0x84 member
8D_MOD01_disp8@0x00A0DA9B,0x00A0DA9B,"LEA ECX,[EBP+0x84]",EBP (boundary-verified),read,unknown,UNRESOLVED,REJECTED_WRONG_OBJECT,stack-relative slot; the factory object is heap-allocated (new 0x118 @0x0073E2CC lazy-init); a stack slot cannot be the factory's +0x84 member
8D_MOD01_disp8@0x00A0DAC2,0x00A0DAC2,"LEA ECX,[EBP+0x84]",EBP (boundary-verified),read,unknown,UNRESOLVED,REJECTED_WRONG_OBJECT,stack-relative slot; the factory object is heap-allocated (new 0x118 @0x0073E2CC lazy-init); a stack slot cannot be the factory's +0x84 member
8B_MOD01_disp8@0x00A0E5EF,0x00A0E5EF,"MOV ECX,[EDX+0x84]",EDX (boundary-verified),read,entry~0x00A0E5E0,NOT_A_WRITE,REJECTED_READ_NOT_WRITE,read/CMP form with displacement 0x84; no memory write occurs
8D_MOD01_disp8@0x00A106A7,0x00A106A7,"LEA ECX,[EBP+0x84]",EBP (boundary-verified),read,unknown,UNRESOLVED,REJECTED_WRONG_OBJECT,stack-relative slot; the factory object is heap-allocated (new 0x118 @0x0073E2CC lazy-init); a stack slot cannot be the factory's +0x84 member
8D_MOD01_disp8@0x00A106E6,0x00A106E6,"LEA ECX,[EBP+0x84]",EBP (boundary-verified),read,unknown,UNRESOLVED,REJECTED_WRONG_OBJECT,stack-relative slot; the factory object is heap-allocated (new 0x118 @0x0073E2CC lazy-init); a stack slot cannot be the factory's +0x84 member
8B_MOD01_disp8@0x00A19074,0x00A19074,"MOV ECX,[EDX+0x84]",EDX (boundary-verified),read,entry~0x00A19020,NOT_A_WRITE,REJECTED_READ_NOT_WRITE,read/CMP form with displacement 0x84; no memory write occurs
8D_MOD01_disp8@0x00A2184F,0x00A2184F,"LEA EAX,[EDX+0x84]",EDX (boundary-verified),read,entry~0x00A21840,UNRESOLVED,UNRESOLVED,"LEA reg,[reg+0x84]; no store-through-reg linked within the bounded window; wrapper-setter form not confirmed"
8D_MOD01_disp8@0x00A282D4,0x00A282D4,"LEA EAX,[EDX+0x84]",EDX (boundary-verified),read,entry~0x00A282A0,UNRESOLVED,UNRESOLVED,"LEA reg,[reg+0x84]; no store-through-reg linked within the bounded window; wrapper-setter form not confirmed"
8D_MOD01_disp8@0x00A290D0,0x00A290D0,"LEA ECX,[EBP+0x84]",EBP (boundary-verified),read,entry~0x00A290D0,UNRESOLVED,REJECTED_WRONG_OBJECT,stack-relative slot; the factory object is heap-allocated (new 0x118 @0x0073E2CC lazy-init); a stack slot cannot be the factory's +0x84 member
8D_MOD01_disp8@0x00A29F4C,0x00A29F4C,"LEA EAX,[EDX+0x84]",EDX (boundary-verified),read,entry~0x00A29F40,UNRESOLVED,UNRESOLVED,"LEA reg,[reg+0x84]; no store-through-reg linked within the bounded window; wrapper-setter form not confirmed"
8D_MOD01_disp8@0x00A2AA9A,0x00A2AA9A,"LEA ECX,[EBP+0x84]",EBP (boundary-verified),read,entry~0x00A2AA40,UNRESOLVED,REJECTED_WRONG_OBJECT,stack-relative slot; the factory object is heap-allocated (new 0x118 @0x0073E2CC lazy-init); a stack slot cannot be the factory's +0x84 member
8D_MOD01_disp8@0x00A2ADB9,0x00A2ADB9,"LEA ECX,[EBP+0x84]",EBP (boundary-verified),read,entry~0x00A2ADA0,UNRESOLVED,REJECTED_WRONG_OBJECT,stack-relative slot; the factory object is heap-allocated (new 0x118 @0x0073E2CC lazy-init); a stack slot cannot be the factory's +0x84 member
8D_MOD01_disp8@0x00A2ADC6,0x00A2ADC6,"LEA EAX,[EDX+0x84]",EDX (boundary-verified),read,entry~0x00A2ADA0,UNRESOLVED,UNRESOLVED,"LEA reg,[reg+0x84]; no store-through-reg linked within the bounded window; wrapper-setter form not confirmed"
8D_MOD01_disp8@0x00A2AFE0,0x00A2AFE0,"LEA ECX,[EBP+0x84]",EBP (boundary-verified),read,entry~0x00A2AFD0,UNRESOLVED,REJECTED_WRONG_OBJECT,stack-relative slot; the factory object is heap-allocated (new 0x118 @0x0073E2CC lazy-init); a stack slot cannot be the factory's +0x84 member
8D_MOD01_disp8@0x00A2B087,0x00A2B087,"LEA ECX,[EBP+0x84]",EBP (boundary-verified),read,entry~0x00A2B020,UNRESOLVED,REJECTED_WRONG_OBJECT,stack-relative slot; the factory object is heap-allocated (new 0x118 @0x0073E2CC lazy-init); a stack slot cannot be the factory's +0x84 member
8D_MOD01_disp8@0x00A2C780,0x00A2C780,"LEA ECX,[EBP+0x84]",EBP (boundary-verified),read,entry~0x00A2C770,UNRESOLVED,REJECTED_WRONG_OBJECT,stack-relative slot; the factory object is heap-allocated (new 0x118 @0x0073E2CC lazy-init); a stack slot cannot be the factory's +0x84 member
8D_MOD01_disp8@0x00A2CA10,0x00A2CA10,"LEA ECX,[EBP+0x84]",EBP (boundary-verified),read,entry~0x00A2CA10,UNRESOLVED,REJECTED_WRONG_OBJECT,stack-relative slot; the factory object is heap-allocated (new 0x118 @0x0073E2CC lazy-init); a stack slot cannot be the factory's +0x84 member
8B_MOD01_disp8@0x00A2CAE0,0x00A2CAE0,"MOV ECX,[EDX+0x84]",EDX (boundary-verified),read,entry~0x00A2CAC0,NOT_A_WRITE,REJECTED_READ_NOT_WRITE,read/CMP form with displacement 0x84; no memory write occurs
8D_MOD01_disp8@0x00A2CCFC,0x00A2CCFC,"LEA ECX,[EBP+0x84]",EBP (boundary-verified),read,entry~0x00A2CCB0,UNRESOLVED,REJECTED_WRONG_OBJECT,stack-relative slot; the factory object is heap-allocated (new 0x118 @0x0073E2CC lazy-init); a stack slot cannot be the factory's +0x84 member
8B_MOD01_disp8@0x00A2CE9A,0x00A2CE9A,"MOV ECX,[EDX+0x84]",EDX (boundary-verified),read,entry~0x00A2CE70,NOT_A_WRITE,REJECTED_READ_NOT_WRITE,read/CMP form with displacement 0x84; no memory write occurs
8D_MOD01_disp8@0x00A2F951,0x00A2F951,"LEA ECX,[EBP+0x84]",EBP (boundary-verified),read,entry~0x00A2F930,UNRESOLVED,REJECTED_WRONG_OBJECT,stack-relative slot; the factory object is heap-allocated (new 0x118 @0x0073E2CC lazy-init); a stack slot cannot be the factory's +0x84 member
8D_MOD01_disp8@0x00A2FEF0,0x00A2FEF0,"LEA ECX,[EBP+0x84]",EBP (boundary-verified),read,entry~0x00A2FEF0,UNRESOLVED,REJECTED_WRONG_OBJECT,stack-relative slot; the factory object is heap-allocated (new 0x118 @0x0073E2CC lazy-init); a stack slot cannot be the factory's +0x84 member
8D_MOD01_disp8@0x00A31C8B,0x00A31C8B,"LEA ECX,[EBP+0x84]",EBP (boundary-verified),read,entry~0x00A31C80,UNRESOLVED,REJECTED_WRONG_OBJECT,stack-relative slot; the factory object is heap-allocated (new 0x118 @0x0073E2CC lazy-init); a stack slot cannot be the factory's +0x84 member
8D_MOD01_disp8@0x00A32A93,0x00A32A93,"LEA ECX,[EBP+0x84]",EBP (boundary-verified),read,entry~0x00A32A30,UNRESOLVED,REJECTED_WRONG_OBJECT,stack-relative slot; the factory object is heap-allocated (new 0x118 @0x0073E2CC lazy-init); a stack slot cannot be the factory's +0x84 member
8D_MOD01_disp8@0x00A33DA6,0x00A33DA6,"LEA ECX,[EBP+0x84]",EBP (boundary-verified),read,entry~0x00A33B30,UNRESOLVED,REJECTED_WRONG_OBJECT,stack-relative slot; the factory object is heap-allocated (new 0x118 @0x0073E2CC lazy-init); a stack slot cannot be the factory's +0x84 member
8D_MOD01_disp8@0x00A3FBA0,0x00A3FBA0,"LEA ECX,[EBP+0x84]",EBP (boundary-verified),read,entry~0x00A3FB90,UNRESOLVED,REJECTED_WRONG_OBJECT,stack-relative slot; the factory object is heap-allocated (new 0x118 @0x0073E2CC lazy-init); a stack slot cannot be the factory's +0x84 member
8D_MOD01_disp8@0x00A3FF99,0x00A3FF99,"LEA ECX,[EBP+0x84]",EBP (boundary-verified),read,entry~0x00A3FF80,UNRESOLVED,REJECTED_WRONG_OBJECT,stack-relative slot; the factory object is heap-allocated (new 0x118 @0x0073E2CC lazy-init); a stack slot cannot be the factory's +0x84 member
8D_MOD01_disp8@0x00A3FFA6,0x00A3FFA6,"LEA EAX,[EDX+0x84]",EDX (boundary-verified),read,entry~0x00A3FF80,UNRESOLVED,UNRESOLVED,"LEA reg,[reg+0x84]; no store-through-reg linked within the bounded window; wrapper-setter form not confirmed"
8D_MOD01_disp8@0x00A40284,0x00A40284,"LEA EAX,[EDX+0x84]",EDX (boundary-verified),read,entry~0x00A401D0,UNRESOLVED,UNRESOLVED,"LEA reg,[reg+0x84]; no store-through-reg linked within the bounded window; wrapper-setter form not confirmed"
8D_MOD01_disp8@0x00A40C8C,0x00A40C8C,"LEA EAX,[EDX+0x84]",EDX (boundary-verified),read,entry~0x00A40C30,UNRESOLVED,UNRESOLVED,"LEA reg,[reg+0x84]; no store-through-reg linked within the bounded window; wrapper-setter form not confirmed"
8D_MOD01_disp8@0x00A40D0C,0x00A40D0C,"LEA EAX,[EDX+0x84]",EDX (boundary-verified),read,entry~0x00A40CE0,UNRESOLVED,UNRESOLVED,"LEA reg,[reg+0x84]; no store-through-reg linked within the bounded window; wrapper-setter form not confirmed"
8D_MOD01_disp8@0x00A40F08,0x00A40F08,"LEA ECX,[EBP+0x84]",EBP (boundary-verified),read,entry~0x00A40F00,UNRESOLVED,REJECTED_WRONG_OBJECT,stack-relative slot; the factory object is heap-allocated (new 0x118 @0x0073E2CC lazy-init); a stack slot cannot be the factory's +0x84 member
8D_MOD01_disp8@0x00A4111B,0x00A4111B,"LEA ECX,[EBP+0x84]",EBP (boundary-verified),read,entry~0x00A41100,UNRESOLVED,REJECTED_WRONG_OBJECT,stack-relative slot; the factory object is heap-allocated (new 0x118 @0x0073E2CC lazy-init); a stack slot cannot be the factory's +0x84 member
8B_MOD01_disp8@0x00A42287,0x00A42287,"MOV ECX,[EDX+0x84]",EDX (boundary-verified),read,entry~0x00A42270,NOT_A_WRITE,REJECTED_READ_NOT_WRITE,read/CMP form with displacement 0x84; no memory write occurs
8B_MOD01_disp8@0x00A42C10,0x00A42C10,"MOV ECX,[EDX+0x84]",EDX (boundary-verified),read,entry~0x00A42BF0,NOT_A_WRITE,REJECTED_READ_NOT_WRITE,read/CMP form with displacement 0x84; no memory write occurs
8D_MOD01_disp8@0x00A42C50,0x00A42C50,"LEA ECX,[EBP+0x84]",EBP (boundary-verified),read,entry~0x00A42C40,UNRESOLVED,REJECTED_WRONG_OBJECT,stack-relative slot; the factory object is heap-allocated (new 0x118 @0x0073E2CC lazy-init); a stack slot cannot be the factory's +0x84 member
8D_MOD01_disp8@0x00A44D68,0x00A44D68,"LEA ECX,[EBP+0x84]",EBP (boundary-verified),read,entry~0x00A44D60,UNRESOLVED,REJECTED_WRONG_OBJECT,stack-relative slot; the factory object is heap-allocated (new 0x118 @0x0073E2CC lazy-init); a stack slot cannot be the factory's +0x84 member
8D_MOD01_disp8@0x00A44D7D,0x00A44D7D,"LEA EAX,[EDX+0x84]",EDX (boundary-verified),read,entry~0x00A44D60,UNRESOLVED,UNRESOLVED,"LEA reg,[reg+0x84]; no store-through-reg linked within the bounded window; wrapper-setter form not confirmed"
8D_MOD01_disp8@0x00A45DEC,0x00A45DEC,"LEA EAX,[EDX+0x84]",EDX (boundary-verified),read,entry~0x00A45DE0,UNRESOLVED,UNRESOLVED,"LEA reg,[reg+0x84]; no store-through-reg linked within the bounded window; wrapper-setter form not confirmed"
8B_MOD01_disp8@0x00A46300,0x00A46300,"MOV ECX,[EBP+0x84]",EBP (boundary-verified),read,entry~0x00A46300,NOT_A_WRITE,REJECTED_READ_NOT_WRITE,read/CMP form with displacement 0x84; no memory write occurs
8B_MOD01_disp8@0x00A46308,0x00A46308,"MOV ECX,[EBP+0x84]",EBP (boundary-verified),read,entry~0x00A46300,NOT_A_WRITE,REJECTED_READ_NOT_WRITE,read/CMP form with displacement 0x84; no memory write occurs
8B_MOD01_disp8@0x00A46313,0x00A46313,"MOV ECX,[EBP+0x84]",EBP (boundary-verified),read,entry~0x00A46300,NOT_A_WRITE,REJECTED_READ_NOT_WRITE,read/CMP form with displacement 0x84; no memory write occurs
8B_MOD01_disp8@0x00A4631E,0x00A4631E,"MOV ECX,[EBP+0x84]",EBP (boundary-verified),read,entry~0x00A46300,NOT_A_WRITE,REJECTED_READ_NOT_WRITE,read/CMP form with displacement 0x84; no memory write occurs
8B_MOD01_disp8@0x00A46329,0x00A46329,"MOV ECX,[EBP+0x84]",EBP (boundary-verified),read,entry~0x00A46300,NOT_A_WRITE,REJECTED_READ_NOT_WRITE,read/CMP form with displacement 0x84; no memory write occurs
8B_MOD01_disp8@0x00A46334,0x00A46334,"MOV ECX,[EBP+0x84]",EBP (boundary-verified),read,entry~0x00A46300,NOT_A_WRITE,REJECTED_READ_NOT_WRITE,read/CMP form with displacement 0x84; no memory write occurs
8B_MOD01_disp8@0x00A4633F,0x00A4633F,"MOV ECX,[EBP+0x84]",EBP (boundary-verified),read,entry~0x00A46300,NOT_A_WRITE,REJECTED_READ_NOT_WRITE,read/CMP form with displacement 0x84; no memory write occurs
8B_MOD01_disp8@0x00A4634A,0x00A4634A,"MOV ECX,[EBP+0x84]",EBP (boundary-verified),read,entry~0x00A46300,NOT_A_WRITE,REJECTED_READ_NOT_WRITE,read/CMP form with displacement 0x84; no memory write occurs
8B_MOD01_disp8@0x00A46355,0x00A46355,"MOV ECX,[EBP+0x84]",EBP (boundary-verified),read,entry~0x00A46300,NOT_A_WRITE,REJECTED_READ_NOT_WRITE,read/CMP form with displacement 0x84; no memory write occurs
8B_MOD01_disp8@0x00A46360,0x00A46360,"MOV ECX,[EBP+0x84]",EBP (boundary-verified),read,entry~0x00A46300,NOT_A_WRITE,REJECTED_READ_NOT_WRITE,read/CMP form with displacement 0x84; no memory write occurs
8B_MOD01_disp8@0x00A4636B,0x00A4636B,"MOV ECX,[EBP+0x84]",EBP (boundary-verified),read,entry~0x00A46300,NOT_A_WRITE,REJECTED_READ_NOT_WRITE,read/CMP form with displacement 0x84; no memory write occurs
8B_MOD01_disp8@0x00A46376,0x00A46376,"MOV ECX,[EBP+0x84]",EBP (boundary-verified),read,entry~0x00A46300,NOT_A_WRITE,REJECTED_READ_NOT_WRITE,read/CMP form with displacement 0x84; no memory write occurs
8B_MOD01_disp8@0x00A46384,0x00A46384,"MOV ECX,[EBP+0x84]",EBP (boundary-verified),read,entry~0x00A46300,NOT_A_WRITE,REJECTED_READ_NOT_WRITE,read/CMP form with displacement 0x84; no memory write occurs
8B_MOD01_disp8@0x00A46392,0x00A46392,"MOV ECX,[EBP+0x84]",EBP (boundary-verified),read,entry~0x00A46300,NOT_A_WRITE,REJECTED_READ_NOT_WRITE,read/CMP form with displacement 0x84; no memory write occurs
8B_MOD01_disp8@0x00A47949,0x00A47949,"MOV ECX,[EDX+0x84]",EDX (boundary-verified),read,entry~0x00A47930,NOT_A_WRITE,REJECTED_READ_NOT_WRITE,read/CMP form with displacement 0x84; no memory write occurs
8D_MOD01_disp8@0x00A4A7E6,0x00A4A7E6,"LEA EAX,[EDX+0x84]",EDX (boundary-verified),read,entry~0x00A4A7C0,UNRESOLVED,UNRESOLVED,"LEA reg,[reg+0x84]; no store-through-reg linked within the bounded window; wrapper-setter form not confirmed"
8D_MOD01_disp8@0x00A4B8DF,0x00A4B8DF,"LEA EAX,[EDX+0x84]",EDX (boundary-verified),read,entry~0x00A4B8D0,UNRESOLVED,UNRESOLVED,"LEA reg,[reg+0x84]; no store-through-reg linked within the bounded window; wrapper-setter form not confirmed"
8D_MOD10_disp32_SIB@0x00A4DE5A,0x00A4DE5A,"LEA EDX,[ESP+ESP*1+0x84]",ESP (boundary-verified),read,entry~0x00A4DD00,UNRESOLVED,REJECTED_WRONG_OBJECT,stack-relative slot; the factory object is heap-allocated (new 0x118 @0x0073E2CC lazy-init); a stack slot cannot be the factory's +0x84 member
89_MOD10_disp32_SIB@0x00A5AE26,0x00A5AE26,"MOV [ESP+ESP*1+0x84],EAX",ESP (boundary-verified),EAX,entry~0x00A5AC00,UNRESOLVED,REJECTED_WRONG_OBJECT,stack-relative slot; the factory object is heap-allocated (new 0x118 @0x0073E2CC lazy-init); a stack slot cannot be the factory's +0x84 member
89_MOD10_disp32_SIB@0x00A5E24C,0x00A5E24C,"MOV [ESP+ESP*1+0x84],EAX",ESP (boundary-verified),EAX,entry~0x00A5E130,UNRESOLVED,REJECTED_WRONG_OBJECT,stack-relative slot; the factory object is heap-allocated (new 0x118 @0x0073E2CC lazy-init); a stack slot cannot be the factory's +0x84 member
8B_MOD10_disp32_SIB@0x00A5EC48,0x00A5EC48,"MOV ECX,[ESP+ESP*1+0x84]",ESP (boundary-verified),read,unknown,NOT_A_WRITE,REJECTED_READ_NOT_WRITE,read/CMP form with displacement 0x84; no memory write occurs
89_MOD10_disp32_SIB@0x00A60C75,0x00A60C75,"MOV [ESP+ESP*1+0x84],EBX",ESP (boundary-verified),EBX,entry~0x00A60BD0,UNRESOLVED,REJECTED_WRONG_OBJECT,stack-relative slot; the factory object is heap-allocated (new 0x118 @0x0073E2CC lazy-init); a stack slot cannot be the factory's +0x84 member
C6_MOD10_SIB_BYTE@0x00A60EB7,0x00A60EB7,"MOV BYTE [...+0x84],imm8",ESP (boundary-verified),imm8=0x01,entry~0x00A60D70,UNRESOLVED,REJECTED_UNRELATED_OFFSET,partial-width (byte/word) store at +0x84; cannot fully assign the dword pointer member at factory+0x84 (dword member per the base ctor store @0x0070D013 and the setter store @0x0070C71E)
8B_MOD10_disp32_SIB@0x00A613DE,0x00A613DE,"MOV EAX,[ESP+ESP*1+0x84]",ESP (boundary-verified),read,entry~0x00A611D0,NOT_A_WRITE,REJECTED_READ_NOT_WRITE,read/CMP form with displacement 0x84; no memory write occurs
C7_MOD10_SIB@0x00A67C02,0x00A67C02,"MOV [ESP+ESP*1+0x84],0x8B9",ESP (boundary-verified),imm32=0x8B9,entry~0x00A67AB0,UNRESOLVED,REJECTED_WRONG_OBJECT,stack-relative slot; the factory object is heap-allocated (new 0x118 @0x0073E2CC lazy-init); a stack slot cannot be the factory's +0x84 member
8D_MOD10_disp32_SIB@0x00A68C3C,0x00A68C3C,"LEA ECX,[ESP+ESP*1+0x84]",ESP (boundary-verified),read,unknown,UNRESOLVED,REJECTED_WRONG_OBJECT,stack-relative slot; the factory object is heap-allocated (new 0x118 @0x0073E2CC lazy-init); a stack slot cannot be the factory's +0x84 member
8D_MOD10_disp32_SIB@0x00A71238,0x00A71238,"LEA EDX,[ESP+ESP*1+0x84]",ESP (boundary-verified),read,entry~0x00A70E70,UNRESOLVED,REJECTED_WRONG_OBJECT,stack-relative slot; the factory object is heap-allocated (new 0x118 @0x0073E2CC lazy-init); a stack slot cannot be the factory's +0x84 member
