a_value,hit,models_entry_index,models_offset,packed_size,template_ids,template_count
53,True,3519,293243888,287128,13563,1
246,True,3057,279257329,17763,1353,1
493,True,3523,294425631,194437,13552,1
511,True,3628,312889848,91204,13548,1
647,True,3050,279174040,18382,3151,1
1054,True,3634,314345336,124704,13709,1
1294,True,3040,279063120,10924,1954,1
3109,True,1659,197456117,5767,11799;11800;11802;11805;11807;11810;11811;11814;11817;11819;11820;11821;11824;11826;11828;11831;11832,17
3234,True,3052,279207040,9042,3153,1
3236,True,3051,279192422,14618,3152,1
4123,True,3053,279216082,9042,3154,1
4750,True,3054,279225124,7127,3155,1
4785,True,3058,279275092,17763,1354,1
4876,True,1465,191607471,21889,796,1
4895,True,3059,279292855,17761,1355,1
4899,True,3060,279310616,12479,1359,1
4907,True,3061,279323095,12479,1362,1
4928,True,3041,279074044,12806,1955,1
4930,True,3042,279086850,18382,1956,1
5164,True,3373,290612719,5122,2938,1
5548,True,3369,290588877,5118,2934,1
6124,True,3056,279239564,17765,904,1
6978,True,3043,279105232,14618,1968,1
7023,True,3670,315891270,4923,12000,1
7353,True,3044,279119850,9042,1969,1
7423,True,3045,279128892,9042,1970,1
7457,True,3046,279137934,5063,1971,1
7461,True,3048,279150310,10924,2994,1
7467,True,3070,279855810,195303,1782,1
8781,True,3765,322547309,47898,12343;12344;12345;12346,4
9280,True,3750,321773580,46308,12243;12244;12245;12246;12247,5
11692,True,2824,271948834,8838,2891,1
11701,True,3776,322891391,14797,11988;11989;11990;11991,4
11708,True,3539,296695999,218496,13572,1
12467,True,1678,197994254,7782,8761,1
14135,True,418,73417597,167509,2048,1
14641,True,3526,294853853,111593,13558,1
14725,True,3527,294965446,246764,13565,1
16161,True,2971,275722549,77676,829,1
16163,True,2972,275800225,81207,1349,1
16178,True,2973,275881432,40405,1350,1
16180,True,2974,275921837,40973,1352,1
16182,True,2975,275962810,26518,2518,1
16201,True,2976,275989328,26518,234,1
16231,True,2977,276015846,26521,2520,1
16233,True,2978,276042367,27465,2522,1
16263,True,3139,282357510,26518,2524,1
16265,True,2979,276069832,40402,2523,1
16273,True,3140,282384028,51864,2001,1
16315,True,3141,282435892,51007,1966,1
16317,True,3142,282486899,51009,2002,1
16343,True,3180,284041910,14808,945,1
16424,True,3182,284071530,14678,1744,1
17994,True,3637,314800284,150719,13707,1
18082,True,3195,284701877,23627,1848,1
18458,True,3782,323018332,27232,11993;11994;11995;11996,4
21835,True,3547,298560692,136106,13566,1
22975,True,3196,284725504,48374,1878,1
22979,True,3197,284773878,35582,1879,1
22996,True,2961,274997986,18854,2280,1
23096,True,3198,284809460,22830,1880,1
23098,True,3199,284832290,22920,1881,1
23113,True,3235,286795560,27140,833,1
23142,True,3181,284056718,14812,1684,1
23182,True,3237,286845651,22407,1763,1
23184,True,2988,277070852,13743,1967,1
23199,True,2989,277084595,13149,1745,1
23269,True,3525,294743984,109869,13559,1
23273,True,3565,301433565,110512,13701,1
23639,True,3049,279161234,12806,3150,1
23893,True,2990,277097744,14646,1746,1
23895,True,2991,277112390,14772,1759,1
23897,True,2992,277127162,4468,1768,1
23971,True,1893,205117102,50687,10323,1
24798,True,3524,294620068,123916,13700,1
25081,True,2994,277685722,47174,1845,1
26382,True,2995,277732896,35067,1822,1
27667,True,3260,287373707,6350,3174,1
27856,True,3286,287799240,20294,1853,1
27875,True,2996,277767963,20294,1847,1
27876,True,3287,287819534,112402,1852,1
27879,True,3288,287931936,8647,2291,1
27880,True,3289,287940583,8647,2292,1
27881,True,3290,287949230,10132,2293,1
27882,True,3291,287959362,3637,2294,1
27883,True,3292,287962999,6699,2295,1
27884,True,3304,288434476,25099,1779,1
27885,True,3305,288459575,30809,1801,1
27886,True,3306,288490384,12912,1812,1
27888,True,3308,288527269,17277,1811,1
27889,True,3320,288713359,13459,1944,1
27890,True,3321,288726818,13459,1948,1
27891,True,3322,288740277,13459,1949,1
27892,True,3323,288753736,11427,1950,1
27893,True,3324,288765163,3392,1256,1
27894,True,3325,288768555,3141,1293,1
27895,True,3326,288771696,92387,2590,1
27896,True,3330,289164581,10483,1794,1
27897,True,3331,289175064,10526,1861,1
27898,True,3332,289185590,10634,1862,1
27899,True,3333,289196224,9194,1863,1
27900,True,3334,289205418,14840,1864,1
30269,True,3754,322001901,34484,12188;12189;12190;12191;12192;12193;12194;12195;12196;12197;12198;12199;12200;12201;12202,15
30451,True,1846,203364103,6956,15094,1
30493,True,3236,286822700,22951,1762,1
30671,True,3124,281858741,9999,2952,1
30906,True,3629,312981052,119108,13708,1
30921,True,3125,281868740,9999,2951,1
31042,True,3559,300417532,127130,13564,1
31079,True,3569,301932036,90891,13568,1
31094,True,3580,303483929,79688,13704,1
31119,True,3583,304071227,132237,13702,1
31134,True,3582,303976390,94837,13703,1
31489,True,3551,299450455,143614,13557,1
31654,True,3281,287714743,15678,2906,1
31657,True,2829,271975820,4237,2901,1
32479,True,3748,321675248,49115,11882;11883;11884;11885;11886;11887,6
33213,True,3592,305197383,102885,13706,1
33251,True,461,75545482,170770,2859,1
33355,True,2970,275689230,33319,1761,1
34345,True,3257,287357257,5054,3170,1
34366,True,3258,287362311,5054,3172,1
34522,True,3259,287367365,6342,3173,1
34532,True,3261,287380057,5256,3175,1
34536,True,3262,287385313,5252,3176;3177,2
34758,True,3605,305900889,47832,13714,1
34762,True,3604,305870635,30254,13712,1
34763,True,3603,305827953,42682,13713,1
35043,True,3594,305326870,62304,13751,1
35044,True,3596,305409094,24734,13739,1
35283,True,3107,281292170,7744,3182,1
35288,True,3108,281299914,7744,3183,1
35401,True,3106,281284424,7746,3181,1
35527,True,2825,271957672,3441,2893,1
36718,True,1956,207716459,28621,1814,1
36719,True,1957,207745080,27857,1816,1
36720,True,1958,207772937,36225,1817,1
37551,True,2826,271961113,3447,2895,1
37864,True,3554,300055160,59614,13711,1
38117,True,2425,262601498,18171,1930,1
38118,True,2426,262619669,13778,1931,1
38166,True,2427,262633447,13925,1937,1
38167,True,2428,262647372,8782,718,1
38168,True,2429,262656154,8782,1940,1
38169,True,2430,262664936,8182,1943,1
38170,True,2431,262673118,10684,1951,1
38171,True,2432,262683802,10701,1952,1
38172,True,2433,262694503,10709,1953,1
38505,True,2449,263195347,16127,519,1
38506,True,2466,264041129,11108,335,1
38507,True,2467,264052237,11808,348,1
38508,True,2468,264064045,12138,522,1
38509,True,2469,264076183,12792,621,1
38510,True,2485,264507376,45882,719,1
38511,True,2486,264553258,45060,720,1
38555,True,2505,264933513,2817,2279,1
38556,True,2501,264872226,20961,1375,1
38557,True,2500,264865223,7003,1929,1
38558,True,2499,264845920,19303,1701,1
38575,True,2565,266381796,33032,1781,1
38576,True,2572,266468928,7725,1399,1
38577,True,2573,266476653,4597,1400,1
38578,True,2575,266485729,6427,1356,1
38580,True,2578,266499506,3792,404,1
38700,True,2700,268549004,16946,971,1
38701,True,2701,268565950,107318,973,1
38736,True,2703,268702173,18830,2029,1
38737,True,2704,268721003,25182,1865,1
38738,True,2705,268746185,39934,1866,1
38750,True,2862,272704675,9052,2265,1
38751,True,2863,272713727,9052,2266,1
38762,True,2924,274095210,25344,2275,1
38763,True,2925,274120554,35017,2276,1
38764,True,2927,274190588,35017,2277,1
38765,True,2935,274404287,16695,1858,1
38766,True,2936,274420982,19985,1860,1
38767,True,2937,274440967,16695,1859,1
38768,True,2957,274941922,4636,1712,1
38769,True,2926,274155571,35017,905,1
40148,True,783,116365177,89855,550,1
40151,True,1968,208391903,8130,1818,1
40324,True,170,44780393,20800,567,1
40350,True,825,120131055,145158,496,1
40611,True,1969,208400033,13459,1819,1
40613,True,1977,209001824,52867,1298,1
40614,True,1978,209054691,42659,1463,1
40615,True,1979,209097350,52855,1830,1
40616,True,1987,210197573,41603,1821,1
40617,True,1988,210239176,42715,1823,1
40618,True,1999,212066072,46134,1824,1
41076,True,1853,203653447,18082,12348,1
41090,True,1847,203371059,16428,11879;11880,2
41379,True,1855,203720864,52803,12226;12227,2
41719,True,2509,264973264,6931,15061,1
41722,True,2512,265016938,18172,8254,1
41728,True,2510,264980195,17438,15062,1
41816,True,2511,264997633,19305,12878,1
41821,True,2516,265089924,31229,8251,1
43738,True,457,74988134,125957,2858,1
43828,True,456,74640743,347391,2857,1
45052,True,2827,271964560,6383,2897,1
45080,True,2828,271970943,4877,2899,1
45233,True,3282,287730421,17711,2907,1
45244,True,3283,287748132,17711,2908,1
45255,True,3284,287765843,15678,2909,1
45312,True,3277,287673165,8307,2914,1
45326,True,3278,287681472,8989,2915,1
45338,True,3279,287690461,8953,2916,1
45350,True,3280,287699414,15329,2917,1
45388,True,2537,265620695,26007,2925,1
45547,True,3790,323369940,15090,11862,1
45561,True,3285,287781521,17719,2946,1
45566,True,3789,323361775,8165,11864,1
45570,True,331,69671561,10272,11866;12394,2
45659,True,3370,290593995,8484,2935,1
45661,True,3371,290602479,5122,2936,1
45663,True,3372,290607601,5118,2937,1
45674,True,3313,288642220,9077,2942,1
45689,True,3314,288651297,9191,2943,1
45701,True,3315,288660488,9075,2944,1
45814,True,3126,281878739,11641,2950,1
45872,True,3103,281261194,7742,2981,1
45874,True,3104,281268936,7744,2980,1
45876,True,3105,281276680,7744,2979,1
45878,True,3256,287352203,5054,2964,1
46227,True,1466,191629360,44635,2975,1
46433,True,1464,191567521,39950,2343,1
47068,True,2394,259502346,107817,2990,1
47949,True,831,121384414,15961,1299,1
48001,True,785,116490576,66355,1230,1
49463,True,454,74190438,205548,3769,1
50113,True,1889,204908522,65431,10321,1
50126,True,1896,205292240,65365,10319,1
50138,True,1890,204973953,57697,10320,1
50189,True,3766,322595207,49138,12237;12238;12239;12240;12241,5
50201,True,3759,322218143,40852,12233,1
50230,True,3760,322258995,82223,12235,1
52294,True,782,116280836,84341,3204,1
52343,True,784,116455032,35544,3205,1
52377,True,787,116624720,119023,3206,1
52422,True,794,117155337,199991,3207,1
52513,True,795,117355328,104536,3209,1
52517,True,796,117459864,12282,3210,1
52544,True,798,117500387,10096,3212,1
52552,True,790,116984300,85768,3208,1
52555,True,799,117510483,38115,3213,1
54312,True,3071,280051113,121090,1783,1
59222,True,169,44759596,20797,564,1
59275,True,797,117472146,28241,3211,1
59572,True,2045,213462406,18085,3502,1
59584,True,2046,213480491,17784,3503,1
59592,True,2047,213498275,22564,3504,1
59600,True,2048,213520839,21369,3505,1
59608,True,2049,213542208,20986,3506,1
59616,True,2050,213563194,18744,3507,1
59629,True,2052,213600716,2907,3508,1
59633,True,2053,213603623,6535,3509,1
59639,True,2054,213610158,3937,3510,1
59644,True,2055,213614095,20457,3511,1
59651,True,2056,213634552,3608,3512,1
59655,True,2057,213638160,2054,3513,1
59659,True,2058,213640214,4160,3514,1
59669,True,1865,204066731,7191,3499,1
59673,True,1866,204073922,6136,3500,1
59715,True,1864,204060526,6205,3498,1
59720,True,1867,204080058,6060,3501,1
62346,True,3264,287396407,5842,3607,1
62350,True,3265,287402249,5642,3609,1
62354,True,3266,287407891,5248,3610,1
62359,True,3267,287413139,5252,3611,1
62855,True,2474,264135463,11108,3639,1
62884,True,2475,264146571,11808,3640,1
62889,True,2476,264158379,12138,3641,1
62974,True,2477,264170517,12792,3642,1
63380,True,2463,263942353,13364,3659,1
63905,True,1671,197658098,45994,3682,1
63914,True,1670,197641431,16667,3684,1
63923,True,1669,197628916,12515,3685,1
64467,True,802,117596515,65450,3714,1
64495,True,806,117733940,14793,3718,1
64501,True,804,117671835,7384,3716,1
64512,True,805,117679219,54721,3717,1
64531,True,803,117661965,9870,3715,1
64553,True,800,117548598,6269,3713,1
64609,True,1723,199498120,25901,4483,1
64618,True,1724,199524021,22413,4484,1
64623,True,1722,199496139,1981,4482,1
64862,True,480,76421606,34319,3569,1
65665,True,166,44684952,13409,3709,1
65672,True,167,44698361,14006,3710,1
65678,True,168,44712367,47229,3711,1
68336,True,1389,186313414,102985,11977;11978,2
68840,True,463,75749849,1218,3564,1
68845,True,464,75751067,1218,3722,1
68849,True,465,75752285,1932,3723,1
72465,True,175,44884269,22040,543,1
72956,True,347,72348007,3207,3821,1
73072,True,348,72351214,3207,3823,1
73115,True,349,72354421,3207,3826,1
73117,True,350,72357628,3207,3827,1
73295,True,2051,213581938,18778,3831,1
74258,True,3009,278082746,25719,3860,1
74269,True,3010,278108465,38443,3861,1
74281,True,3011,278146908,34969,3862,1
74331,True,3343,289466346,7742,3873,1
74337,True,3344,289474088,7742,3874,1
74443,True,3345,289481830,7742,3875,1
74449,True,3346,289489572,5310,3876,1
74454,True,3347,289494882,5918,3877,1
74555,True,2785,271182192,11169,3882,1
74574,True,2786,271193361,11169,3883,1
74591,True,2787,271204530,11169,3884,1
74608,True,2788,271215699,11169,3885,1
74670,True,3157,283195787,4096,3891,1
74676,True,3158,283199883,3182,3892,1
74682,True,3159,283203065,4098,3893,1
74687,True,3160,283207163,3294,3894,1
74692,True,3161,283210457,3186,3895,1
75021,True,2802,271451017,30949,3903,1
75029,True,2804,271509021,30017,3904,1
75034,True,2803,271481966,27055,3905,1
75075,True,2741,270129286,29210,3908,1
75080,True,2743,270187706,29219,3909,1
75118,True,2745,270246144,63235,3913,1
75125,True,2746,270309379,26179,3914,1
75130,True,2747,270335558,6319,3915,1
75187,True,2538,265646702,16065,3920,1
75192,True,2539,265662767,38339,3921,1
75196,True,2540,265701106,40407,3922,1
75200,True,2541,265741513,40407,3923,1
75281,True,2748,270341877,6086,3928,1
75286,True,2749,270347963,6084,3929,1
75290,True,2750,270354047,5218,3930,1
75330,True,2839,272258207,33151,3938,1
75335,True,2841,272324509,13847,3939,1
75339,True,2842,272338356,12261,3940,1
75343,True,2843,272350617,33155,3941,1
75347,True,2844,272383772,16421,3942,1
75351,True,2845,272400193,21867,3943,1
75355,True,2846,272422060,12303,3944,1
75599,True,2450,263211474,67907,3952,1
75607,True,2451,263279381,73987,3955,1
75614,True,2452,263353368,16127,3956,1
75620,True,2453,263369495,67964,3957,1
75625,True,2454,263437459,69167,3958,1
75706,True,2455,263506626,16127,3962,1
75712,True,2456,263522753,67907,3963,1
75717,True,2457,263590660,73987,3964,1
75763,True,2460,263751757,67907,3968,1
75774,True,2461,263819664,73987,3969,1
75779,True,2462,263893651,48702,3970,1
75832,True,2464,263955717,47927,3973,1
75837,True,2465,264003644,37485,3974,1
75867,True,2470,264088975,11108,3978,1
75872,True,2471,264100083,12138,3979,1
75878,True,2472,264112221,11104,3980,1
75920,True,2487,264598318,47464,3983,1
75931,True,2488,264645782,46874,3984,1
75968,True,2498,264843665,2255,3986,1
76012,True,3022,278707266,26675,3997,1
76038,True,3023,278733941,25227,3999,1
76078,True,3024,278759168,20579,4000,1
76082,True,3025,278779747,14575,4001,1
76086,True,3026,278794322,7855,4002,1
76090,True,3027,278802177,5013,4003,1
76094,True,3028,278807190,5405,4004,1
76319,True,3013,278418410,17468,4014,1
76324,True,3014,278435878,17472,4015,1
76328,True,3015,278453350,17472,4016,1
76332,True,3016,278470822,17472,4017,1
76336,True,3017,278488294,17476,4018,1
76340,True,3018,278505770,17476,4019,1
76344,True,3019,278523246,17476,4020,1
76707,True,789,116805872,178428,4030,1
77852,True,2833,272035938,15408,4061,1
77871,True,3030,278831222,31940,4069,1
77878,True,3031,278863162,28744,4070,1
77883,True,3032,278891906,31942,4071,1
77888,True,3033,278923848,28740,4072,1
77893,True,3034,278952588,28816,4073,1
77992,True,3606,305948721,351302,13726;13768,2
78012,True,3613,307668702,124897,13727,1
78131,True,3186,284202708,34150,4082,1
78138,True,3187,284236858,34150,4083,1
78142,True,3188,284271008,34150,4084,1
78146,True,3189,284305158,27498,4085,1
78150,True,3190,284332656,16013,4086,1
78416,True,2534,265540586,9269,463,1
78430,True,2535,265549855,23527,4094,1
78444,True,2536,265573382,47313,4097,1
78464,True,2542,265781920,40407,4099,1
78478,True,2543,265822327,47031,4101,1
78491,True,2544,265869358,39303,4103,1
78505,True,2545,265908661,54633,4105,1
78519,True,2546,265963294,24931,4107,1
78533,True,2547,265988225,39338,4109,1
78547,True,2548,266027563,26223,4111,1
78561,True,2549,266053786,40405,4113,1
78575,True,2550,266094191,55864,4115,1
78592,True,2551,266150055,41561,4117,1
78606,True,2552,266191616,56077,4119,1
78620,True,2553,266247693,28923,4121,1
78634,True,2554,266276616,9554,4123,1
78648,True,2555,266286170,9554,4125,1
78662,True,2556,266295724,9554,4127,1
78676,True,2557,266305278,9496,4129,1
78691,True,2558,266314774,9556,4131,1
78705,True,2559,266324330,9558,4133,1
78719,True,2560,266333888,9558,4135,1
78742,True,2561,266343446,9554,4137,1
87972,True,2580,266509649,3600,4271,1
88642,True,2562,266353000,2909,4287,1
90637,True,2931,274246739,38783,2409,1
90648,True,2932,274285522,50645,2874,1
90657,True,2933,274336167,51505,3133,1
90666,True,2934,274387672,16615,3134,1
91771,True,3548,298696798,259343,13728,1
93916,True,3143,282537908,106263,4397,1
93921,True,3144,282644171,99417,4398,1
93925,True,3145,282743588,95259,4399,1
93929,True,3146,282838847,98135,4400,1
93981,True,3238,286868058,28727,4402,1
93997,True,3002,277948076,37654,4406,1
94018,True,3003,277985730,37674,4407,1
94022,True,3004,278023404,31808,4408,1
94606,True,2608,266609390,2738,1576,1
94609,True,2609,266612128,2738,1577,1
94619,True,2610,266614866,2738,1579,1
94639,True,2611,266617604,2738,1580,1
94675,True,2612,266620342,2738,1581,1
94678,True,2613,266623080,2738,1583,1
94682,True,2614,266625818,2738,1584,1
98237,True,2615,266628556,2736,4237,1
98240,True,2616,266631292,2736,4238,1
98243,True,2617,266634028,2736,4242,1
98246,True,2618,266636764,2736,4243,1
98249,True,2619,266639500,2736,4244,1
98252,True,2620,266642236,2736,4245,1
98255,True,2621,266644972,2736,4251,1
98659,True,2622,266647708,2736,4252,1
98662,True,2623,266650444,2736,4256,1
98665,True,2624,266653180,2736,4257,1
98669,True,2625,266655916,2736,4258,1
98672,True,2626,266658652,2736,4259,1
98675,True,2627,266661388,2736,4442,1
98678,True,2628,266664124,2736,4450,1
98681,True,2629,266666860,2736,4451,1
98684,True,2630,266669596,2736,4452,1
98688,True,2631,266672332,2736,4453,1
98691,True,2632,266675068,2736,4454,1
99063,True,1717,199398590,15783,4478,1
99070,True,1718,199414373,7375,4479,1
99077,True,1719,199421748,10313,4480,1
99082,True,1721,199490767,5372,4481,1
101358,True,2043,213245588,112233,4500,1
101374,True,2044,213357821,104585,4501,1
103241,True,2445,263106998,12138,2213,1
103247,True,2447,263148381,12138,2214,1
103278,True,2459,263735630,16127,2216,1
103296,True,2473,264123325,12138,2220,1
103328,True,2581,266513249,2804,2224,1
103341,True,2582,266516053,3600,2226,1
103357,True,2583,266519653,3598,2441,1
103370,True,2584,266523251,3377,2863,1
103383,True,2585,266526628,3598,3000,1
103396,True,2586,266530226,3596,3002,1
103409,True,2587,266533822,3598,3005,1
103422,True,2588,266537420,3596,3020,1
103435,True,2589,266541016,3602,3055,1
103698,True,2590,266544618,3598,760,1
103711,True,2591,266548216,3600,771,1
103724,True,2592,266551816,3598,777,1
103738,True,2593,266555414,3598,783,1
103751,True,2594,266559012,3598,788,1
103764,True,2595,266562610,3596,819,1
103777,True,2596,266566206,3600,831,1
103790,True,2597,266569806,3600,838,1
103803,True,2598,266573406,3596,840,1
103838,True,2599,266577002,3598,862,1
103852,True,2600,266580600,3600,865,1
103866,True,2601,266584200,3600,880,1
103879,True,2602,266587800,3602,882,1
103895,True,2603,266591402,3598,885,1
103909,True,2604,266595000,3598,887,1
103922,True,2605,266598598,3598,898,1
103936,True,2606,266602196,3600,932,1
103949,True,2607,266605796,3594,934,1
103994,True,2706,268786119,28246,979,1
104014,True,2707,268814365,47045,1020,1
104130,True,3091,281113934,15370,1191,1
104154,True,3092,281129304,15298,1199,1
104176,True,3093,281144602,15300,1231,1
104197,True,3094,281159902,15298,1332,1
104213,True,3095,281175200,15302,1437,1
104229,True,3096,281190502,15300,1532,1
105623,True,3109,281307658,7672,203,1
105641,True,3110,281315330,7742,206,1
105660,True,3111,281323072,7742,220,1
105677,True,3112,281330814,7742,246,1
105694,True,3113,281338556,7746,248,1
105710,True,3114,281346302,9266,250,1
105726,True,3176,283996692,11306,253,1
105746,True,3177,284007998,11304,257,1
105762,True,3178,284019302,11304,259,1
105778,True,3179,284030606,11304,261,1
105794,True,2815,271839761,17915,266,1
105811,True,2816,271857676,26069,268,1
105828,True,2817,271883745,26069,272,1
105844,True,2818,271909814,9755,274,1
105860,True,2819,271919569,6232,276,1
105876,True,2820,271925801,5733,278,1
105894,True,2821,271931534,5733,283,1
105911,True,2822,271937267,5733,289,1
105927,True,2823,271943000,5834,291,1
107707,True,2699,268316395,232609,420,1
107734,True,2566,266414828,4022,1038,1
107749,True,2567,266418850,3550,1040,1
108587,True,2871,272897176,27441,1058,1
108592,True,2872,272924617,27445,1059,1
108597,True,2873,272952062,27447,1060,1
108601,True,2874,272979509,9639,1061,1
108605,True,2875,272989148,9251,1062,1
108674,True,2876,272998399,9309,759,1
108804,True,3521,293846627,294143,13561,1
109106,True,1900,205497137,38969,8202,1
109125,True,2892,273268307,102738,1150,1
109147,True,3127,281890380,9999,1152,1
109163,True,3128,281900379,9997,1154,1
109179,True,3129,281910376,8069,1156,1
109240,True,3005,278055212,7435,1169,1
109386,True,2879,273034784,13541,1137;1139,2
109487,True,3006,278062647,7435,1177,1
109491,True,3007,278070082,7437,1178,1
109495,True,3008,278077519,5227,1179,1
111124,True,2958,274946558,21074,1367,1
111143,True,2959,274967632,16038,1369,1
111160,True,2960,274983670,14316,1374,1
112372,True,1714,199306720,24959,8204,1
112894,True,3138,282324191,33319,2424,1
117224,True,2878,273021247,13537,1138,1
121672,True,1945,206488091,53675,9358,1
121728,True,1944,206405749,82342,9359,1
122681,True,3707,317758579,22051,12003,1
126740,True,222,57733445,104139,4752,1
127427,True,213,56443181,265125,4755,1
127561,True,214,56708306,135144,4757,1
127603,True,215,56843450,190007,4759,1
127723,True,216,57033457,144483,4762,1
127759,True,217,57177940,156547,4764,1
127797,True,218,57334487,65280,4766,1
127856,True,219,57399767,166134,4768,1
127908,True,220,57565901,98953,4770,1
127957,True,221,57664854,68591,4772,1
128078,True,228,58881234,177657,4778,1
128145,True,230,59313222,195946,4782,1
128752,True,184,45262174,2275,4784,1
128762,True,212,56141550,301631,4753,1
128816,True,225,58045763,193125,4774,1
128849,True,226,58238888,326430,4776,1
128877,True,229,59058891,254331,4780,1
128915,True,185,45264449,3376,4786,1
128932,True,186,45267825,5017,4788,1
128949,True,187,45272842,3680,4790,1
128966,True,188,45276522,5017,4792,1
128983,True,189,45281539,7367,4794,1
129001,True,190,45288906,2527,4796,1
129020,True,191,45291433,9783,4798,1
129043,True,193,45312939,14310,4800,1
129063,True,194,45327249,22978,4802,1
129085,True,195,45350227,8997,4804,1
129104,True,196,45359224,5844,4806,1
129123,True,197,45365068,24842,4808,1
129143,True,198,45389910,13905,4810,1
129184,True,467,75770995,61774,4814,1
129210,True,468,75832769,22538,4816,1
129232,True,469,75855307,22654,4818,1
129256,True,470,75877961,34582,4820,1
129281,True,310,67323804,75993,4822,1
129311,True,311,67399797,66964,4824,1
129338,True,312,67466761,52162,4826,1
129375,True,273,61336217,47093,4829,1
129408,True,292,63498076,61934,4831,1
130077,True,3593,305300268,26602,13729,1
130198,True,2948,274749753,37311,610,1
130553,True,3119,281593616,56283,585,1
130582,True,3120,281649899,53649,587,1
130637,True,3121,281703548,51453,589,1
130659,True,3122,281755001,52823,591,1
130681,True,3123,281807824,50917,593,1
130702,True,3130,281918445,53493,595,1
130750,True,3131,281971938,54323,597,1
130801,True,3132,282026261,53571,599,1
130850,True,3133,282079832,52397,601,1
130867,True,3134,282132229,44257,603,1
131116,True,265,60324202,95784,583,1
131221,True,2949,274787064,49471,612,1
131242,True,2950,274836535,50157,614,1
131263,True,2951,274886692,16525,616,1
131380,True,275,61419418,28862,623,1
131436,True,276,61448280,58743,625,1
131463,True,203,55462330,70508,627,1
131495,True,204,55532838,58501,630,1
131525,True,205,55591339,68799,632,1
131556,True,206,55660138,60150,639,1
131586,True,207,55720288,67894,640,1
131623,True,277,61507023,126874,648,1
131653,True,278,61633897,130994,652,1
131670,True,279,61764891,39023,654,1
131688,True,280,61803914,66927,656,1
131705,True,267,60514961,94817,644,1
131729,True,268,60609778,123785,659,1
131834,True,3064,279486992,61470,661,1
131879,True,3065,279548462,61470,662,1
131895,True,3066,279609932,61468,664,1
131911,True,3067,279671400,61470,666,1
131929,True,3068,279732870,61470,674,1
131945,True,3069,279794340,61470,679,1
131960,True,3085,280856174,40929,709,1
131979,True,3086,280897103,41127,710,1
131995,True,3087,280938230,47849,725,1
132012,True,3088,280986079,34193,727,1
132148,True,286,62702610,11677,909,1
132168,True,283,62333149,59547,1080,1
132199,True,208,55788182,69003,1112,1
132228,True,209,55857185,57375,1800,1
132255,True,287,62714287,77492,2438,1
132275,True,284,62392696,140961,4835,1
132428,True,285,62533657,168953,4839,1
132518,True,298,63741309,41734,4841,1
132551,True,261,59551081,246761,4843,1
132593,True,271,60956318,198712,4845,1
132642,True,272,61155030,181187,4847,1
132683,True,274,61383310,36108,4849,1
132721,True,289,63088923,210467,618,1
132755,True,290,63299390,36722,4851,1
132780,True,1095,165030046,149048,4853,1
132870,True,472,75958757,59367,4855,1
132890,True,474,76049338,35805,4857,1
132910,True,476,76196769,111881,4859,1
132936,True,477,76308650,57304,4861,1
132995,True,478,76365954,41206,4863,1
133020,True,479,76407160,14446,4865,1
133047,True,192,45301216,11723,4867,1
133072,True,305,67104821,19869,4869,1
133101,True,306,67124690,17289,4871,1
133127,True,307,67141979,26106,4873,1
133148,True,308,67168085,28570,4875,1
133172,True,481,76455925,31323,4877,1
133221,True,262,59797842,234091,4880,1
133267,True,291,63336112,161964,4882,1
134162,True,259,59539875,5687,4912;10318,2
134204,True,260,59545562,5519,4914;4995,2
134423,True,362,72455401,9771,4924,1
135016,True,199,45403815,3840,4643,1
135094,True,354,72387833,10522,4951,1
135152,True,355,72398355,10522,4970,1
135235,True,356,72408877,10522,4966,1
135247,True,357,72419399,10522,4974,1
135250,True,358,72429921,6370,4975,1
135359,True,359,72436291,6370,4976,1
135363,True,361,72449031,6370,4978,1
135391,True,294,63612515,46383,4972,1
135520,True,360,72442661,6370,4977,1
135545,True,363,72465172,9771,4980,1
135778,True,281,61870841,457494,4983,1
136048,True,269,60733563,112030,609,1
136182,True,323,67537763,13852,11868,1
136191,True,325,67576990,15269,11870,1
136423,True,263,60031933,239174,4994,1
136983,True,3544,297831445,121721,13732,1
136991,True,372,72616462,41115,4898,1
137017,True,370,72553006,47011,4998,1
137043,True,373,72657577,48836,5003,1
137071,True,377,72737387,46998,5006,1
137178,True,378,72784385,47024,4996,1
137240,True,3529,295496056,135677,13730,1
137260,True,3538,296590187,105812,13733,1
137275,True,3703,317715055,5026,5023,1
137286,True,3696,317665555,4572,12001,1
137296,True,3718,317982496,4986,5026,1
137304,True,3578,303363001,105197,13731,1
137734,True,3532,295792196,147159,13734,1
137751,True,3542,297256763,310442,13736,1
137767,True,3530,295631733,52813,13710,1
139058,True,3536,296289717,103349,13735,1
141388,True,466,75754217,16778,5091,1
141921,True,735,111409954,182301,5114,1
141998,True,745,112688885,262732,5115,1
142101,True,756,113204697,55337,5119,1
142147,True,739,111976157,95648,5116,1
142168,True,742,112263747,142156,5118,1
142195,True,748,112970643,34958,5120,1
142219,True,751,113089744,9400,5121,1
142232,True,752,113099144,14269,5122,1
142246,True,753,113113413,56369,5123,1
142475,True,746,112951617,2308,5127,1
142480,True,747,112953925,16718,5126,1
142508,True,761,113519126,61910,5129,1
142536,True,282,62328335,4814,5131,1
142575,True,460,75416717,128765,5134,1
142839,True,297,63717539,23770,5136,1
142860,True,296,63700925,16614,5138,1
143003,True,2524,265331710,26180,5144,1
143009,True,2525,265357890,42966,5145,1
143013,True,2526,265400856,42966,5146,1
143021,True,2527,265443822,49442,5147,1
143209,True,769,114070335,84318,5151,1
143357,True,3704,317720081,4896,16089,1
143570,True,754,113169782,20979,3743,1
146483,True,3520,293531016,315611,13550,1
146511,True,3533,295939355,68591,13562,1
146562,True,3562,301055583,105681,13719,1
146571,True,452,73633572,116071,5215,1
146634,True,453,73749643,440795,5217,1
146709,True,3534,296007946,41473,13738,1
146726,True,451,73628783,4789,5220,1
146746,True,3556,300219818,30498,13737,1
146800,True,444,73620689,1212,5222,1
146813,True,419,73585106,2189,5224,1
146826,True,420,73587295,1209,5226,1
146839,True,422,73589648,1489,5228,1
146852,True,423,73591137,1769,5230,1
146865,True,424,73592906,1209,5232,1
146878,True,430,73599835,1909,5234,1
146926,True,431,73601744,1209,5237,1
146940,True,432,73602953,1209,5239,1
146953,True,441,73613842,3029,5241,1
146967,True,442,73616871,2609,5243,1
146980,True,443,73619480,1209,5245,1
147126,True,3549,298956141,333145,13749,1
147158,True,3550,299289286,161169,13567,1
147231,True,3518,293095055,148833,13741,1
147470,True,3574,302690489,76004,13554,1
147486,True,3588,304876186,182866,13570,1
147502,True,3589,305059052,57984,13571,1
147553,True,3567,301799762,24906,13569,1
147588,True,1810,202494601,15338,5266,1
148520,True,288,62791779,297144,5283,1
153742,True,3700,317698238,6501,15323,1
155495,True,1848,203387487,32407,12181;12182;12183,3
156289,True,405,73223837,28153,3747,1
156318,True,404,73216635,7202,4293,1
156333,True,403,73215000,1635,4295,1
156350,True,402,73213377,1623,4297,1
156371,True,400,73210152,1611,4299,1
156388,True,401,73211763,1614,4304,1
156478,True,399,73208541,1611,4307,1
156495,True,398,73206930,1611,4309,1
156510,True,397,73205319,1611,4316,1
156725,True,316,67522814,1299,5414,1
156754,True,315,67521515,1299,5416,1
156769,True,317,67524113,1299,5418,1
156783,True,318,67525412,1299,5420,1
156797,True,314,67520219,1296,5422,1
156811,True,313,67518923,1296,5424,1
156827,True,396,73191018,14301,5426,1
157035,True,381,72899083,89217,5434,1
157055,True,383,73113038,1604,5436,1
158743,True,2364,257904139,6955,12004,1
159489,True,3623,312057009,75556,13767,1
159853,True,3699,317694252,3986,16098,1
165196,True,3200,284855210,39412,4668,1
165263,True,3201,284894622,40294,5533,1
165280,True,3202,284934916,49414,5535,1
165296,True,3203,284984330,29271,5551,1
165314,True,3204,285013601,29271,5553,1
165330,True,3205,285042872,32071,5557,1
165347,True,3206,285074943,32071,5568,1
165381,True,3208,285136285,66168,5572,1
165398,True,3209,285202453,43297,5574,1
165414,True,3210,285245750,32307,5576,1
165431,True,3211,285278057,24045,5578,1
165452,True,3382,291101720,120681,5580,1
165468,True,3383,291222401,119841,5582,1
165485,True,3384,291342242,129847,5584,1
166377,True,3029,278812595,18627,987,1
166405,True,3047,279142997,7313,1081,1
166421,True,3055,279232251,7313,1096,1
166705,True,2893,273371045,9727,1337,1
166723,True,2894,273380772,9511,1423,1
166741,True,2895,273390283,17767,1425,1
166758,True,2896,273408050,27443,1487,1
166774,True,2897,273435493,17771,1489,1
166790,True,2898,273453264,9637,1512,1
166806,True,2899,273462901,8204,1652,1
166823,True,2900,273471105,8204,1654,1
166864,True,2901,273479309,13533,1658,1
166878,True,2902,273492842,19474,1660,1
166897,True,2903,273512316,7044,2340,1
167130,True,2905,273566652,10498,1656,1
167211,True,2904,273519360,47292,3032,1
167222,True,2906,273577150,38166,3036,1
167237,True,2907,273615316,34410,3038,1
167252,True,2908,273649726,34410,3040,1
167267,True,2909,273684136,54290,3042,1
168082,True,822,119987118,89305,4341,1
168133,True,823,120076423,30519,4412,1
168157,True,824,120106942,24113,4414,1
168181,True,161,44299840,1169,4416,1
168195,True,1777,200697524,3273,4418,1
168211,True,1782,200735869,10088,4420,1
168227,True,1789,201193755,5362,4422,1
168244,True,1735,199617348,39457,4424,1
168262,True,1767,200435721,21902,3618,1
168385,True,3474,292344444,12145,13036,1
168391,True,853,125532655,21496,4538,1
168407,True,1795,201346955,10133,4717,1
168512,True,3477,292377042,9774,13042,1
168523,True,2532,265519384,15773,4723,1
168533,True,3475,292356589,10814,13038,1
168546,True,3476,292367403,9639,13040,1
168553,True,2533,265535157,5429,4725,1
168555,True,3478,292386816,10247,13044,1
169210,True,1729,199571683,19574,5611,1
169330,True,1730,199591257,5767,5615,1
169347,True,1731,199597024,5767,5617,1
169361,True,1732,199602791,2432,5619,1
169381,True,1733,199605223,2432,5621,1
169395,True,1734,199607655,9693,5623,1
169511,True,3462,292270271,7055,13052,1
169583,True,1926,206113988,19853,13048,1
169591,True,1933,206215373,9856,13050,1
169725,True,1862,204043364,3019,13078;13079;13080;13081;13404;13405;13546,7
169730,True,1843,203202016,41687,9078,1
169847,True,2434,262705212,11727,5648,1
169850,True,3435,292099925,3744,12786,1
170151,True,3455,292230358,3158,12782,1
170157,True,3485,292427468,3602,12768,1
170160,True,3486,292431070,6015,13054,1
170580,True,3775,322866863,24528,12224,1
170623,True,3432,292061543,4923,13056,1
170714,True,3469,292323998,3626,12784,1
170717,True,3434,292092473,7452,13058,1
170721,True,3430,292056485,3255,12788,1
170725,True,3431,292059740,1803,12790,1
171193,True,3441,292136024,5145,12766,1
171296,True,3482,292415006,3033,12770,1
171498,True,3439,292126970,6188,12776,1
171503,True,3436,292103669,7085,12773,1
171549,True,3483,292418039,1779,12780,1
171594,True,3470,292327624,5769,13060,1
171647,True,3471,292333393,2869,12792,1
171671,True,3472,292336262,5979,13046,1
171673,True,3473,292342241,2203,12778,1
171899,True,3625,312266751,261078,5755,1
172201,True,3440,292133158,2866,12794,1
172445,True,1883,204582833,64605,10324,1
172562,True,458,75114091,151890,5757,1
172608,True,3461,292261175,9096,11841,1
172639,True,3452,292204636,5067,12446,1
173245,True,345,72324135,22683,5763,1
173265,True,346,72346818,1189,5765,1
173288,True,304,66833490,271331,5767,1
173464,True,455,74395986,244757,5768,1
173763,True,162,44301009,1162,5776,1
173908,True,374,72706413,16463,5781,1
173973,True,379,72831409,16451,5784,1
173978,True,371,72600017,16445,5785,1
174146,True,3423,292012693,4200,12796,1
174156,True,3424,292016893,2474,12798,1
174383,True,416,73364182,975,5795,1
174420,True,351,72360835,1195,5794,1
174636,True,1179,181419877,7467,13957;13958;13959;13960;13961;13962;13963;13964;13965;15991,10
174995,True,3426,292023255,5551,13076,1
174999,True,3427,292028806,14521,13074,1
175002,True,3425,292019367,3888,12800,1
175059,True,3422,292006496,6197,12802,1
175131,True,1924,206063737,31959,13064,1
175144,True,1935,206239971,15163,13066,1
175156,True,1929,206163820,37752,13068,1
175323,True,1928,206143528,20292,13070,1
175355,True,1643,197285786,8138,12462,1
175357,True,1644,197293924,13783,12458,1
175364,True,1645,197307707,8887,12459;12460,2
175367,True,1646,197316594,5759,12461,1
175376,True,1934,206225229,14742,13062,1
175481,True,1937,206294501,18471,13072,1
175525,True,3453,292209703,16905,13026,1
175658,True,3454,292226608,3750,12448,1
175793,True,3437,292110754,9359,13028,1
176570,True,1925,206095696,18292,13030,1
176573,True,3421,292002130,4366,11856,1
176580,True,3448,292180006,3605,12444,1
176583,True,3492,292539784,4382,12442,1
176587,True,3468,292321629,2369,11858,1
176595,True,3484,292419818,7650,12440,1
178207,True,1891,205031650,65464,8938,1
179708,True,459,75265981,150736,1633,1
179961,True,1897,205357605,54655,10329,1
180305,True,415,73361970,2212,1638,1
180321,True,414,73338260,23710,1640,1
180588,True,3584,304203464,78329,11609,1
180747,True,1190,181564303,50016,1650,1
181191,True,2913,273827978,7842,1711,1
181936,True,2914,273835820,7865,2031,1
182024,True,2915,273843685,8367,2102,1
182048,True,2916,273852052,7842,2104,1
182081,True,2917,273859894,7865,2106,1
182100,True,2918,273867759,8367,2109,1
182275,True,2435,262716939,249600,2394,1
182327,True,2753,270395462,9489,2397,1
182351,True,2754,270404951,10597,2399,1
182369,True,2755,270415548,7211,2407,1
182447,True,1936,206255134,39367,13034,1
182456,True,1927,206133841,9687,13032,1
182588,True,3495,292558386,2212,11969,1
183293,True,1868,204086118,6386,2663,1
183328,True,1869,204092504,19716,2665,1
183359,True,1870,204112220,90825,2667,1
183385,True,1872,204332780,15007,2669,1
183411,True,1873,204347787,16400,2671,1
183540,True,3385,291472089,49310,2674,1
183920,True,3386,291521399,36834,2692,1
184015,True,2756,270422759,10671,2696,1
184911,True,1045,159862358,94550,7961,1
185022,True,382,72988300,124738,3218,1
185028,True,384,73114642,1538,3219,1
185029,True,385,73116180,1535,3220,1
185030,True,386,73117715,1538,3221,1
185031,True,387,73119253,1538,3222,1
185032,True,388,73120791,1538,3223,1
185033,True,389,73122329,1538,3225,1
185034,True,390,73123867,1538,3226,1
185150,True,406,73251990,8730,3230,1
185151,True,407,73260720,8680,3232,1
185152,True,408,73269400,8645,3231,1
185223,True,409,73278045,8645,3233,1
185501,True,391,73125405,4943,3238,1
185865,True,3761,322341218,92001,12231,1
186069,True,3749,321724363,49217,11888;11889;11890;11891;11892;11893;11894,7
186156,True,2999,277887412,42596,935,1
186315,True,2884,273147544,9046,3246,1
186448,True,3368,290548446,40431,3250,1
186480,True,2885,273156590,10526,3254,1
186702,True,2887,273191131,9444,3258,1
186733,True,2886,273167116,24015,3260,1
186795,True,2123,216381735,10013,409,1
188307,True,912,137849756,39435,512,1
188324,True,2789,271226868,14870,699,1
188328,True,2790,271241738,14704,712,1
188342,True,3795,323632547,14408,713,1
188356,True,2791,271256442,7775,740,1
188620,True,910,137816924,12182,793,1
188654,True,3650,315650078,11150,836,1
188681,True,911,137829106,20650,929,1
189544,True,812,118248338,117956,1070,1
189767,True,3074,280340557,54845,1126,1
189771,True,3075,280395402,77565,1130,1
189774,True,3076,280472967,57817,1132,1
189813,True,3218,285386647,73874,1173,1
189817,True,3219,285460521,73874,1182,1
189844,True,3339,289329466,60304,1481,1
189848,True,3340,289389770,60306,1497,1
189877,True,3183,284086208,43553,1501,1
189881,True,3184,284129761,38801,1502,1
189884,True,3185,284168562,34146,1503,1
189926,True,2502,264893187,16214,1523,1
189930,True,2503,264909401,18212,1543,1
189957,True,2769,270799126,5191,1670,1
189962,True,2770,270804317,5259,1797,1
189966,True,2771,270809576,5191,1885,1
190012,True,2782,271128779,10255,1935,1
190017,True,2783,271139034,7766,1941,1
190049,True,2836,272178880,23761,2185,1
190056,True,2837,272202641,36441,2186,1
190059,True,2838,272239082,19125,2187,1
190107,True,2864,272722779,15529,2200,1
190113,True,2865,272738308,15525,2253,1
190116,True,2866,272753833,15529,2363,1
190166,True,3154,283099593,34042,2449,1
190171,True,3155,283133635,37605,2957,1
190175,True,3156,283171240,24547,3031,1
190221,True,3376,290648617,53105,3252,1
190225,True,3377,290701722,52799,3253,1
190229,True,3378,290754521,28137,3262,1
190277,True,2478,264183309,54101,3270,1
190282,True,2479,264237410,148350,3271,1
190287,True,2480,264385760,51080,3273,1
190292,True,2481,264436840,25346,3274,1
190297,True,2482,264462186,18484,3275,1
190302,True,2483,264480670,15918,3276,1
190307,True,2484,264496588,10788,3279,1
190410,True,2489,264692656,8261,3285,1
190415,True,2490,264700917,14923,3286,1
190420,True,2491,264715840,28251,3287,1
190425,True,2492,264744091,14923,3289,1
190430,True,2493,264759014,8257,3290,1
190505,True,3212,285302102,9340,3294,1
190509,True,3213,285311442,9340,3295,1
190512,True,3214,285320782,9340,3296,1
190552,True,2564,266375121,6675,3298,1
190606,True,1772,200528758,17943,3300,1
190676,True,1773,200546701,17975,3302,1
190751,True,1771,200510795,17963,3304,1
190807,True,1725,199546434,6273,3306,1
190826,True,1726,199552707,5422,3308,1
190843,True,1727,199558129,3738,3310,1
190862,True,1728,199561867,9816,3312,1
190880,True,807,117748733,150987,3314,1
191379,True,3115,281355568,9266,3321,1
191417,True,211,56121962,19588,3323,1
191438,True,870,128971609,137478,3325,1
191462,True,811,118243726,4612,3327,1
191508,True,1776,200665450,32074,3331,1
191534,True,848,124769001,30143,3333,1
191557,True,830,121368284,16130,3335,1
191623,True,832,121400375,16130,3339,1
191644,True,829,121352154,16130,3341,1
191703,True,834,121433142,16130,3351,1
191726,True,2574,266481250,4479,3357,1
191729,True,2576,266492156,3363,3358,1
191755,True,2577,266495519,3987,2179;3362,2
191758,True,2579,266503298,6351,3363,1
191990,True,533,82316730,13914,338,1
192012,True,537,82386350,13818,352,1
192068,True,534,82330644,10372,955,1
192101,True,538,82400168,10472,1245,1
192148,True,819,119158011,103397,1452,1
192235,True,820,119261408,67708,1485,1
192319,True,530,82264770,17439,1693,1
192342,True,535,82341016,17237,1707,1
192391,True,531,82282209,27567,1710,1
192553,True,1790,201199117,29396,1728,1
192596,True,536,82358253,28097,1773,1
192638,True,532,82309776,6954,2041,1
192811,True,1759,200199861,47092,2206,1
192829,True,1737,199674788,46695,2271,1
192858,True,1959,207809162,53781,2634,1
192882,True,1960,207862943,53781,2635,1
192891,True,1961,207916724,120184,2636,1
192900,True,1962,208036908,120184,2637,1
192909,True,1963,208157092,59428,2638,1
192917,True,1965,208278218,19395,2639,1
192924,True,1966,208297613,34572,2640,1
192929,True,1967,208332185,59718,2641,1
193050,True,1964,208216520,61698,2643,1
193078,True,1751,200004955,26406,2273,1
193134,True,1679,198002036,30620,2645,1
193168,True,1738,199721483,32204,2647,1
193271,True,2523,265309420,22290,2815,1
193362,True,814,118484250,12042,2988,1
193391,True,1756,200130314,47640,3007,1
193595,True,1764,200306016,49169,3052,1
194013,True,1705,199025082,2969,3366,1
194060,True,1393,186509281,1096,3368,1
194771,True,1778,200700797,8793,1519,1
194800,True,1779,200709590,8757,1559,1
194804,True,1780,200718347,8773,1788,1
194808,True,1781,200727120,8749,1790,1
194812,True,1783,200745957,32305,3136,1
194815,True,1784,200778262,32245,3317,1
194818,True,1785,200810507,32305,3318,1
194821,True,1786,200842812,32213,3370,1
197703,True,1753,200078093,25552,3383,1
197725,True,1749,199953851,25552,3385,1
198031,True,1996,211675940,138782,3391,1
198032,True,1997,211814722,125771,3392,1
198033,True,1998,211940493,125579,3393,1
202233,True,913,137889191,81117,3400,1
203280,True,1973,208592094,118967,3427,1
203289,True,1974,208711061,118968,3428,1
203317,True,1975,208830029,118972,3429,1
203329,True,1980,209150205,134337,3430,1
203341,True,1981,209284542,150149,3431,1
203351,True,1982,209434691,162815,3432,1
203361,True,1983,209597506,164358,3433,1
203563,True,2751,270359265,8722,3436,1
204828,True,3581,303563617,412773,13750,1
205540,True,3590,305117036,29879,13715,1
205566,True,3579,303468198,15731,13721,1
205644,True,3516,292943290,72214,13723,1
205671,True,3568,301824668,107368,13717,1
205704,True,3571,302071987,54045,13718,1
205724,True,3577,303290117,72884,13720,1
205850,True,3591,305146915,50468,13724,1
205879,True,3570,302022927,49060,13740,1
206197,True,1992,210413939,480911,3404,1
206203,True,1993,210894850,397355,3410,1
206208,True,1994,211292205,231045,3412,1
207817,True,1991,210402297,11642,3559,1
208052,True,1984,209761864,137347,3631,1
208061,True,1985,209899211,148913,3633,1
208070,True,1986,210048124,149449,3634,1
208226,True,3612,307558566,110136,13725,1
208351,True,3543,297567205,264240,13746,1
209436,True,736,111592255,182819,3650,1
209586,True,3012,278181877,236533,3652,1
209928,True,839,122849576,64487,3662,1
209969,True,840,122914063,64487,3664,1
210004,True,841,122978550,64487,3666,1
210182,True,3077,280530784,68266,3670,1
210203,True,3117,281508136,25938,3700,1
210232,True,3118,281534074,59542,3728,1
211481,True,3078,280599050,68268,3762,1
212124,True,303,65426047,1407443,3440,1
215028,True,176,44906309,22281,4031,1
215059,True,177,44928590,22281,4033,1
215082,True,178,44950871,22281,4035,1
216667,True,2065,213702904,198344,4042,1
216909,True,2882,273119407,11528,4040,1
217060,True,2883,273130935,16609,4044,1
217103,True,2888,273200575,10234,4046,1
217350,True,1709,199160934,29097,8758;8759,2
218524,True,821,119329116,658002,4054,1
218757,True,781,116223520,57316,4057,1
219542,True,181,45044822,7327,4151,1
219564,True,182,45052149,103688,4153,1
219589,True,183,45155837,106337,4155,1
219618,True,433,73604162,1273,4312,1
219623,True,434,73605435,1273,4325,1
219626,True,435,73606708,1273,4343,1
219629,True,436,73607981,1273,4347,1
219632,True,425,73594115,1144,4169,1
219635,True,426,73595259,1144,4260,1
219638,True,427,73596403,1144,4276,1
219641,True,428,73597547,1144,4283,1
219644,True,429,73598691,1144,4284,1
219648,True,445,73621901,1147,4349,1
219650,True,446,73623048,1147,4350,1
219655,True,421,73588504,1144,4168,1
220223,True,1972,208558791,33303,4366,1
220248,True,1970,208413492,74983,4368,1
221002,True,437,73609254,1147,4615,1
221005,True,438,73610401,1147,4616,1
221008,True,439,73611548,1147,4617,1
221015,True,440,73612695,1147,4618,1
221017,True,447,73624195,1147,4528,1
221019,True,448,73625342,1147,4537,1
221021,True,449,73626489,1147,4606,1
221023,True,450,73627636,1147,4608,1
221409,True,2938,274457662,25049,4620,1
221464,True,2939,274482711,24855,4625,1
221465,True,2940,274507566,70293,4626,1
221466,True,2941,274577859,67711,4627,1
221467,True,2942,274645570,76271,4628,1
223494,True,231,59509168,1129,4637,1
223519,True,232,59510297,1129,4644,1
223534,True,233,59511426,948,4646,1
223549,True,234,59512374,1129,4648,1
223622,True,3503,292629666,17277,4650,1
223650,True,3504,292646943,17181,4654,1
223739,True,235,59513503,948,4656,1
223754,True,236,59514451,948,4658,1
223769,True,237,59515399,1129,4660,1
223784,True,238,59516528,1129,4662,1
223799,True,239,59517657,1129,4920,1
223802,True,240,59518786,1129,4674,1
223816,True,241,59519915,1129,4893,1
223831,True,242,59521044,948,4900,1
223848,True,243,59521992,948,4902,1
223863,True,244,59522940,1129,4904,1
223876,True,245,59524069,1129,4915,1
223891,True,246,59525198,1129,4917,1
223908,True,247,59526327,1129,4919,1
224274,True,1946,206541766,175122,4927,1
224302,True,1947,206716888,189040,4928,1
224312,True,1948,206905928,172278,4929,1
224320,True,1949,207078206,202968,4930,1
224512,True,1971,208488475,70316,4933,1
227193,True,1952,207382843,83031,4939,1
227218,True,1953,207465874,83515,4941,1
227334,True,1954,207549389,84039,4944,1
227811,True,1950,207281174,52281,4947,1
227821,True,1951,207333455,49388,4949,1
229462,True,3252,287341251,2786,4957,1
229469,True,3253,287344037,2786,4958,1
229649,True,3254,287346823,2690,5010,1
229655,True,3255,287349513,2690,5011,1
229658,True,3083,280850794,2690,4965,1
229666,True,3084,280853484,2690,5009,1
238039,True,1885,204696016,86287,10326,1
238492,True,1321,185068431,3690,13851;12686,2
238500,True,1860,203946833,42756,12628,1
238529,True,1834,202772814,69488,9176,1
238570,True,1854,203671529,49335,12185;12186,2
238702,True,1322,185072121,32646,13838,1
239245,True,1323,185104767,15270,13841,1
239249,True,1324,185120037,10032,12685,1
239252,True,1328,185169902,4382,13844,1
239256,True,1332,185231439,3826,13848;12681,2
239259,True,1238,183544634,7594,13989,1
239260,True,1242,183572602,7782,13990,1
239263,True,1245,183596704,6566,13991,1
239282,True,1240,183560278,5590,13988,1
239338,True,1241,183565868,6734,14014,1
239341,True,1239,183552228,8050,14015,1
239344,True,1243,183580384,10646,14016,1
239347,True,1244,183591030,5674,14017,1
240121,True,1333,185235265,7090,12682,1
240310,True,1334,185242355,6462,13843,1
240314,True,1335,185248817,6766,13847;12684,2
240317,True,1336,185255583,21650,13850,1
240324,True,1337,185277233,16166,13839,1
240327,True,1338,185293399,3478,13846;12679,2
240332,True,1339,185296877,7058,13840,1
240338,True,1340,185303935,2999,13845;12677,2
240343,True,1341,185306934,11922,13842,1
240347,True,1342,185318856,5182,12678,1
240352,True,1343,185324038,3470,13849;12683,2
240383,True,1303,184753876,21682,12734,1
240404,True,1304,184775558,9644,12838;12746;12698,3
240411,True,1305,184785202,9826,12742;12694,2
240416,True,1306,184795028,20428,12741,1
240419,True,1307,184815456,15682,12737;12695,2
240422,True,1310,184855668,5988,12699,1
240751,True,1349,185413672,15655,13855,1
240761,True,1350,185429327,19330,13862,1
240772,True,1680,198032656,43936,5874,1
241652,True,1857,203886826,21915,11872;11873;11874,3
241657,True,1850,203435500,47865,11876;11877,2
241691,True,1351,185448657,8781,13871;13861,2
241721,True,1352,185457438,22206,13865,1
241724,True,1353,185479644,20269,13856,1
241742,True,1260,184061523,4567,13853,1
241756,True,1261,184066090,9736,13854,1
245902,True,1354,185499913,15262,13866,1
245945,True,1355,185515175,20911,13867;13857,2
245966,True,1356,185536086,9152,13868,1
245996,True,1357,185545238,13854,13869,1
246009,True,1358,185559092,10175,13858,1
246019,True,1308,184831138,22506,12743;12692,2
246023,True,1309,184853644,2024,12739;12691,2
246026,True,1318,185028834,18607,12736;12693,2
246042,True,1311,184861656,15178,12738,1
246050,True,1312,184876834,19376,12735,1
246057,True,1313,184896210,11524,12700,1
246065,True,1314,184907734,15084,12745;12690,2
246069,True,1315,184922818,19733,12836;12740,2
246081,True,1316,184942551,17708,12689,1
246084,True,1319,185047441,12607,12696,1
246089,True,1320,185060048,8383,12834;12744;12697,3
246445,True,1282,184387518,4754,12724;12706,2
246453,True,1283,184392272,15074,12722,1
246458,True,1284,184407346,11910,12721,1
246465,True,1287,184474939,7186,12731;12713,2
246468,True,1290,184529991,8330,12725;12712,2
246470,True,1844,203243703,41687,9079,1
246497,True,1291,184538321,21049,12726;12708,2
246500,True,1292,184559370,13562,12732;12709,2
246505,True,1293,184572932,6694,12730;12714,2
246508,True,1294,184579626,25034,12719,1
246519,True,1296,184611888,26500,12729;12715,2
246524,True,1297,184638388,17780,12705,1
246532,True,1298,184656168,10606,12723,1
246535,True,1299,184666774,2070,12711,1
246538,True,1301,184683082,23460,12718,1
246548,True,1300,184668844,14238,12727;12710,2
246642,True,1345,185345721,19303,13859,1
246658,True,1346,185365024,19617,13863,1
246693,True,1347,185384641,16225,13860,1
246702,True,1262,184075826,17000,13874,1
246708,True,1263,184092826,10132,13875,1
246711,True,1264,184102958,20694,13873,1
246761,True,1265,184123652,15706,13876,1
246766,True,1266,184139358,8740,13877,1
246771,True,1267,184148098,13356,13878,1
246774,True,1268,184161454,24486,13879,1
246784,True,1269,184185940,14218,13880,1
246791,True,1270,184200158,17910,13881,1
246804,True,1271,184218068,11086,13870,1
246809,True,1272,184229154,22198,13890,1
246812,True,1273,184251352,8900,13872,1
246817,True,1274,184260252,20882,13889,1
246822,True,1275,184281134,10312,13882,1
246828,True,1276,184291446,9778,13883,1
246833,True,1277,184301224,18524,13884,1
246836,True,1278,184319748,8886,13891;13937,2
246839,True,1279,184328634,8088,13885,1
246842,True,1280,184336722,39352,13886,1
246845,True,1281,184376074,11444,13892;13939,2
247785,True,1285,184419256,9464,12720,1
247788,True,1295,184604660,7228,12728;12707,2
252919,True,1851,203483365,53615,12229,1
254734,True,1235,183506579,4729,13813;13816,2
254759,True,1234,183501833,4746,13812;13815,2
255896,True,301,65215132,48606,6131,1
258090,True,1236,183511308,5365,13814;13817,2
258418,True,365,72485520,22619,6144,1
258430,True,366,72508139,1124,6145,1
259540,True,3674,315922717,5880,15321,1
260149,True,3671,315896193,4923,12005,1
260704,True,2108,215443815,5047,12006,1
261773,True,3685,316321180,3329,15322,1
262025,True,3000,277930008,10520,6168,1
262056,True,3001,277940528,7548,6169,1
265890,True,1888,204864463,44059,15439,1
266450,True,158,44292430,2392,6189,1
266861,True,159,44294822,2392,6193,1
266865,True,157,44290038,2392,6194,1
268807,True,3708,317780630,100144,12002,1
269529,True,160,44297214,2626,6202,1
269591,True,815,118496292,97463,6204,1
275363,True,270,60845593,110725,330,1
275418,True,293,63560010,52505,437,1
275544,True,295,63658898,42027,444,1
275609,True,266,60419986,94975,448,1
277328,True,471,75912543,46214,1143,1
277451,True,473,76018124,31214,1382,1
277499,True,475,76085143,111626,1386,1
277737,True,755,113190761,13936,1391,1
277804,True,737,111775074,183076,1396,1
278165,True,1720,199432061,58706,1846,1
278453,True,223,57837584,99303,2249,1
278534,True,227,58565318,315916,2360,1
279182,True,1180,181427344,10606,13967,1
279184,True,1182,181450400,12450,13969;13987,2
279191,True,1181,181437950,12450,13968;13986,2
279193,True,1183,181462850,12896,13970,1
279194,True,1185,181488630,12454,13972,1
279195,True,1184,181475746,12884,13971,1
279196,True,1186,181501084,12884,13973,1
279198,True,1187,181513968,12892,13974,1
279199,True,1188,181526860,12885,13975,1
279200,True,1189,181539745,24558,13976,1
280542,True,1750,199979403,25552,3140,1
280677,True,1256,183949995,23001,14079,1
280687,True,1257,183972996,24633,14080,1
280746,True,1755,200104762,25552,3277,1
280868,True,1754,200103645,1117,3342,1
281104,True,1739,199753687,14745,3348,1
281718,True,1758,200198295,1566,3557,1
282821,True,3116,281364834,143302,3579,1
283118,True,1763,200280536,25480,3583,1
283475,True,1892,205097114,19988,10322,1
284165,True,322,67535138,2625,3599,1
284176,True,264,60271107,53095,3597,1
284178,True,319,67526711,2809,3600,1
284205,True,320,67529520,2809,3601,1
284225,True,321,67532329,2809,3606,1
284430,True,1766,200409585,26136,3617,1
284456,True,1768,200457623,21412,3619,1
284468,True,1769,200479035,21412,3620,1
285842,True,780,116086866,136654,2440,1
285937,True,1716,199359277,39313,2918,1
286526,True,1740,199768432,25552,3739,1
287473,True,1672,197704092,16231,3767,1
288531,True,1761,200268989,10348,3795,1
289283,True,1770,200500447,10348,3798,1
291482,True,3172,283876532,19554,4199,1
291488,True,3173,283896086,19556,4200,1
291600,True,3089,281020272,46475,4262,1
291608,True,3090,281066747,47187,4263,1
291667,True,3174,283915642,40526,4266,1
291672,True,3175,283956168,40524,4267,1
291724,True,3316,288669563,12343,4319,1
291733,True,3317,288681906,12343,4320,1
291737,True,3318,288694249,12345,4321,1
291785,True,3193,284583089,59394,4328,1
291790,True,3194,284642483,59394,4329,1
292167,True,248,59527456,1129,4356,1
292169,True,249,59528585,1129,4357,1
292173,True,250,59529714,1129,4358,1
292175,True,251,59530843,1129,4359,1
292177,True,252,59531972,1129,4360,1
292179,True,253,59533101,1129,4361,1
292181,True,254,59534230,1129,4362,1
292183,True,255,59535359,1129,4363,1
292185,True,256,59536488,1129,4364,1
292187,True,257,59537617,1129,4376,1
292189,True,258,59538746,1129,4377,1
293359,True,1762,200279337,1199,4379,1
295805,True,3359,290256062,84660,4389,1
295822,True,3360,290340722,83846,4391,1
295874,True,3072,280172203,78462,4463,1
295879,True,3073,280250665,89892,4464,1
295932,True,3327,288864083,103445,4473,1
295937,True,3328,288967528,103445,4476,1
295984,True,3329,289070973,93608,4490,1
296003,True,3354,289680829,226933,4469,1
296222,True,2848,272465663,14387,4382,1
296225,True,2849,272480050,14387,4383,1
296228,True,2850,272494437,14081,4387,1
296288,True,2855,272573745,10062,4504,1
296297,True,2856,272583807,10064,4505,1
296370,True,2633,266677804,3144,4390,1
296445,True,224,57936887,108876,4508,1
296490,True,2998,277827863,59549,4511,1
296508,True,3510,292670177,22819,4512,1
296720,True,2806,271549304,8198,4514,1
296737,True,2807,271557502,6310,4516,1
296755,True,2890,273220143,24083,4518,1
296773,True,2891,273244226,24081,4520,1
297120,True,367,72509263,1829,4699,1
297139,True,2504,264927613,5900,4731,1
297170,True,392,73130348,21594,4908,1
297328,True,3351,289662472,5407,4465,1
297336,True,3352,289667879,5407,4466,1
297339,True,3353,289673286,7543,4486,1
297382,True,2800,271416715,17153,5152,1
297389,True,2801,271433868,17149,5155,1
297720,True,3081,280834970,7646,5272,1
297726,True,393,73151942,1117,5269,1
297728,True,2757,270433430,31960,5270,1
297734,True,2758,270465390,31960,5271,1
297742,True,3082,280842616,8178,5273,1
298024,True,375,72722876,13200,5322,1
298331,True,376,72736076,1311,5341,1
298441,True,2809,271574234,19948,5344,1
298595,True,3319,288706594,6765,5411,1
298599,True,3246,287114082,6763,5413,1
298603,True,2830,271980057,38471,5378,1
298607,True,3247,287120845,6753,5466,1
298611,True,3240,286946960,12834,5532,1
298618,True,3241,286959794,12834,5800,1
298631,True,3242,286972628,12834,5801,1
298653,True,395,73172293,18725,6043,1
298743,True,2793,271317317,10359,6077,1
298746,True,2794,271327676,15727,6080,1
298748,True,2795,271343403,12843,6086,1
298756,True,2831,272018528,8705,6088,1
298799,True,3243,286985462,68422,6091,1
298803,True,3244,287053884,30098,6092,1
298945,True,2810,271594182,10266,6104,1
298949,True,2805,271539038,10266,6105,1
299115,True,3245,287083982,30100,6208,1
299120,True,3148,282953832,16852,6207,1
299125,True,3147,282936982,16850,6206,1
299812,True,2742,270158496,29210,6097,1
299821,True,2744,270216925,29219,6098,1
299833,True,2840,272291358,33151,6099,1
299840,True,3035,278981404,7186,6100,1
300179,True,2796,271356246,10359,6214,1
300207,True,2832,272027233,8705,6217,1
300297,True,302,65263738,162309,6221,1
300341,True,309,67196655,127149,6220,1
301158,True,1748,199928299,25552,6231,1
302440,True,2868,272784243,7207,6241,1
302501,True,3079,280667318,83825,6270,1
302507,True,3149,282970684,39548,6258,1
302512,True,3150,283010232,29844,6259,1
302517,True,3151,283040076,19839,6260,1
302520,True,3152,283059915,19837,6261,1
302523,True,3153,283079752,19841,6262,1
302526,True,3348,289500800,53890,6263,1
302530,True,3349,289554690,53892,6264,1
302535,True,3350,289608582,53890,6265,1
302539,True,3364,290515592,7371,6266,1
302542,True,3365,290522963,7371,6267,1
302545,True,3366,290530334,9511,6268,1
302548,True,3367,290539845,8601,6269,1
302902,True,1467,191673995,65814,6273,1
303163,True,3080,280751143,83827,6257,1
303195,True,3038,279002964,30078,6277,1
303202,True,3039,279033042,30078,6278,1
303670,True,2780,271085491,23759,6281,1
303673,True,2781,271109250,19529,6282,1
305165,True,2851,272508518,17101,6289,1
305169,True,2852,272525619,13465,6290,1
305172,True,2853,272539084,13465,6291,1
305212,True,3362,290468890,23351,6294,1
305216,True,3363,290492241,23351,6295,1
305517,True,3097,281205802,15130,6302,1
305524,True,3098,281220932,10888,6303,1
305528,True,3099,281231820,15130,6304,1
305531,True,3100,281246950,5336,6305,1
305534,True,3101,281252286,5336,6306,1
305539,True,3102,281257622,3572,6307,1
305850,True,1468,191739809,16651,6312,1
305851,True,1470,191773111,16651,6313,1
305858,True,1469,191756460,16651,6311,1
305923,True,1741,199793984,14950,6321,1
305924,True,1742,199808934,13875,6322,1
305925,True,1743,199822809,16286,6323,1
305926,True,1744,199839095,11196,6324,1
305927,True,1745,199850291,25552,6325,1
305928,True,1746,199875843,26228,6326,1
305929,True,1747,199902071,26228,6327,1
306151,True,2436,262966539,15361,6337,1
306156,True,2437,262981900,15361,6338,1
306161,True,2438,262997261,15361,6339,1
306166,True,2439,263012622,15361,6340,1
306171,True,2440,263027983,15361,6341,1
306176,True,2441,263043344,15361,6342,1
306181,True,2442,263058705,15361,6343,1
306186,True,2443,263074066,17571,6344,1
306191,True,2444,263091637,15361,6345,1
307063,True,3342,289458211,8135,6353,1
307068,True,3302,288381942,26267,6350,1
307073,True,3341,289450076,8135,6352,1
307079,True,3303,288408209,26267,6351,1
307336,True,3268,287418391,15246,6357,1
307341,True,3270,287448883,15382,6359,1
307343,True,3269,287433637,15246,6358,1
307918,True,697,108384951,178138,6375,1
308045,True,698,108563089,342500,6376,1
308114,True,699,108905589,109553,6377,1
308141,True,700,109015142,159254,6378,1
308166,True,701,109174396,175963,6379,1
308221,True,714,110145650,119890,6380,1
308241,True,715,110265540,22253,6381,1
308254,True,693,107525225,310094,6382,1
308491,True,716,110287793,99300,6384,1
308534,True,703,109388536,16027,6386,1
308576,True,692,107420312,104913,6388,1
308602,True,696,107969207,415744,6390,1
308642,True,704,109404563,24822,6392,1
308667,True,705,109429385,51170,6394,1
308855,True,706,109480555,20669,6397,1
308858,True,707,109501224,28414,6399,1
308999,True,708,109529638,4113,6401,1
309048,True,709,109533751,49599,6403,1
309069,True,694,107835319,12395,6405,1
309094,True,695,107847714,121493,6407,1
309210,True,717,110387093,57072,6411,1
309259,True,369,72532047,20959,6414,1
309284,True,368,72511092,20955,6409,1
310565,True,718,110444165,29472,6420,1
310580,True,720,110502817,30240,6422,1
310601,True,719,110473637,29180,6421,1
311193,True,1674,197770854,74626,6427,1
311218,True,1676,197855280,7977,6429,1
311240,True,1675,197845480,9800,6431,1
317828,True,1833,202728818,43996,12670,1
317857,True,3745,321397158,23883,9084;12804,2
318839,True,1884,204647438,48578,10325,1
320006,True,1895,205249313,42927,10328,1
320318,True,201,55437375,13301,1401,1
320714,True,1752,200031361,46732,1410,1
320786,True,757,113260034,55337,1421,1
321381,True,2066,213901248,194566,1458,1
321603,True,202,55450676,11654,1472,1
322423,True,410,73286690,23650,1722,1
322431,True,411,73310340,2135,1723,1
322435,True,352,72362030,23662,1668,1
322443,True,353,72385692,2141,1681,1
322520,True,364,72474943,10577,1726,1
322612,True,165,44400836,284116,1731,1
323435,True,1757,200177954,20341,1795,1
327975,True,3444,292156336,9296,12453,1
327980,True,2395,259610163,22440,11652;11653;11654;11897;11898;11899;11900;11901;11902;11903;11904;11905;11906;11907;11908;11909;11910;11911;11912;11913;11914;11915;11916;11917;11918;11919;11920;11921;11922;11923;11924;11925;11926;11927;11928;11931;11932;11933;11934;11935;11936;11937;11938;11939;14522;12452,46
328004,True,3493,292544166,5400,12456,1
328012,True,3447,292175538,4468,12454,1
328016,True,3494,292549566,8820,12455,1
328028,True,3496,292560598,8542,11967,1
328852,True,3630,313100160,47879,13705,1
329635,True,1799,202051271,25865,11839;11848;11849;11850;11851;11852;11853;11854;11942;11943;11944;11945;11946;11947;11948;11949;11950;11951;11952;11953;11954;11955;11956;11957;11958;11959;11960;16218;16219;16220;16221;16222;16223;16224;16400;16401;16402;16403,38
330550,True,1894,205167789,81524,10327,1
332924,True,901,136327351,352950,2301,1
333065,True,900,136047608,279743,2303,1
333113,True,902,136680301,165537,2305,1
333158,True,903,136845838,79056,2327,1
333195,True,904,136924894,102674,2329,1
333229,True,905,137027568,165459,2333,1
333308,True,906,137193027,252727,2336,1
333342,True,689,106203327,797186,2338,1
333375,True,908,137654202,66737,2344,1
333408,True,598,89631985,254803,2786,1
333465,True,2393,259311695,190651,2796,1
333494,True,710,109583350,163463,2798,1
333523,True,711,109746813,36431,2800,1
333827,True,712,109783244,123982,3159,1
333977,True,690,107000513,348858,3191,1
334011,True,691,107349371,70941,3763,1
334026,True,702,109350359,38177,3765,1
334343,True,412,73312475,23650,3766,1
334344,True,413,73336125,2135,3770,1
334354,True,907,137445754,208448,3778,1
334662,True,3636,314558886,241398,13556,1
335388,True,1775,200590104,75346,3855,1
335472,True,300,63822833,1392299,3852,1
336527,True,2568,266422400,4020,3866,1
336745,True,851,125461593,30125,15438,1
336824,True,1856,203773667,113159,9221,1
337380,True,1791,201228513,23902,5200,1
337383,True,1792,201252415,18180,5342,1
337386,True,1793,201270595,9154,5345,1
337425,True,380,72847860,51223,5442,1
337813,True,1794,201279749,67206,5897,1
339273,True,772,114246861,392659,6408,1
339919,True,852,125491718,40937,6437,1
340540,True,1700,198926585,57553,6441,1
343727,True,1955,207633428,83031,6451,1
344806,True,2797,271366605,10359,6455,1
344825,True,3374,290617841,13939,6459,1
344829,True,3375,290631780,16837,6460,1
344832,True,2889,273210809,9334,6461,1
344876,True,3216,285344431,15413,6466,1
344878,True,3217,285359844,26803,6467,1
344887,True,3215,285330122,14309,6465,1
344920,True,3036,278988590,7186,6469,1
344976,True,740,112071805,95971,6480,1
344999,True,210,55914560,207402,6485,1
345044,True,743,112405903,141483,6481,1
345068,True,770,114154653,42009,6484,1
345073,True,749,113005601,41368,6482,1
345092,True,768,114049828,20507,6483,1
345217,True,833,121416505,16637,6478,1
345583,True,813,118366294,117956,6486,1
346215,True,3230,286611899,36617,6496,1
346233,True,3231,286648516,46755,6497,1
346236,True,3232,286695271,46755,6498,1
346239,True,3233,286742026,46755,6499,1
346242,True,3234,286788781,6779,6500,1
346639,True,46,14135401,144005,6504,1
346764,True,1989,210281891,60203,3414,1
346783,True,1990,210342094,60203,6507,1
346962,True,3572,302126032,103974,13744,1
347129,True,859,126681737,281607,6568,1
347163,True,854,125554151,340160,6566,1
347193,True,855,125894311,495917,6571,1
347238,True,857,126453836,208277,6567,1
347265,True,860,126963344,177848,6569,1
347288,True,861,127141192,580161,6570,1
347317,True,863,127738834,509081,6573,1
347342,True,869,128656277,315332,6572,1
347386,True,808,117899720,302309,6517,1
347486,True,871,129109087,134289,6529,1
347707,True,810,118217071,26655,6520,1
347854,True,744,112547386,141499,6533,1
347878,True,741,112167776,95971,6532,1
347897,True,786,116556931,67789,6530,1
347937,True,788,116743743,62129,6531,1
347968,True,771,114196662,50199,6536,1
348185,True,3355,289907762,86633,6541,1
348243,True,3356,289994395,86633,6542,1
348249,True,3357,290081028,87517,6543,1
348253,True,3358,290168545,87517,6544,1
348610,True,171,44801193,20769,6559,1
348632,True,172,44821962,20769,6560,1
348647,True,173,44842731,20769,6561,1
348652,True,174,44863500,20769,6563,1
349582,True,856,126390228,63608,6581,1
349584,True,858,126662113,19624,6580,1
349589,True,864,128247915,197986,6577,1
349669,True,778,115056483,763689,6584,1
349686,True,779,115820172,266694,6585,1
349935,True,3037,278995776,7188,6586,1
349957,True,3020,278540722,83308,6589,1
349977,True,3021,278624030,83236,6590,1
350249,True,899,135998715,48893,6592,1
350319,True,909,137720939,95985,7962,1
351034,True,862,127721353,17481,6579,1
352832,True,3517,293015504,79551,13742,1
353140,True,3557,300250316,91589,13743,1
353231,True,865,128445901,70540,6605,1
353260,True,866,128516441,35472,6606,1
353281,True,867,128551913,38004,6607,1
353306,True,868,128589917,66360,6608,1
353595,True,36,10112163,1931943,6612,1
353832,True,32,9879307,58214,6620,1
353833,True,33,9937521,58214,6619,1
353834,True,34,9995735,58214,6618,1
353835,True,35,10053949,58214,6617,1
353844,True,37,12044106,80595,6622,1
354198,True,1774,200564676,25428,6624,1
354235,True,1760,200246953,22036,6626,1
354419,True,1787,200875025,240138,6628,1
355260,True,600,89902585,27752,6646,1
355272,True,599,89886788,15797,6647,1
355273,True,601,89930337,149790,6648,1
355274,True,602,90080127,141718,6649,1
355275,True,608,90466279,72396,6650,1
355276,True,609,90538675,12338,6651,1
355277,True,610,90551013,76123,6652,1
355278,True,611,90627136,64096,6653,1
355279,True,612,90691232,12404,6654,1
355481,True,613,90703636,16054,6706,1
355482,True,615,90753633,48093,6707,1
355483,True,616,90801726,2075,6708,1
355484,True,617,90803801,2075,6709,1
355485,True,620,90825474,30007,6715,1
355486,True,621,90855481,22800,6710,1
355487,True,622,90878281,11876,6711,1
355488,True,623,90890157,10546,6712,1
355489,True,624,90900703,10422,6713,1
355490,True,626,90929265,356009,6714,1
355491,True,628,91481539,130601,6689,1
355492,True,630,92031476,407413,6690,1
355493,True,631,92438889,110996,6691,1
355494,True,632,92549885,95738,6692,1
355495,True,633,92645623,129905,6693,1
355496,True,634,92775528,194015,6694,1
355497,True,635,92969543,10209,6695,1
355498,True,636,92979752,196455,6696,1
355499,True,637,93176207,60393,6697,1
355500,True,638,93236600,121272,6698,1
355501,True,639,93357872,10150,6699,1
355502,True,640,93368022,25591,6700,1
355503,True,641,93393613,386276,6701,1
355504,True,642,93779889,178328,6702,1
355505,True,643,93958217,136314,6703,1
355506,True,644,94094531,74912,6704,1
355507,True,645,94169443,216573,6705,1
355508,True,646,94386016,46609,6716,1
355509,True,648,94479234,17027,6717,1
355510,True,649,94496261,19327,6718,1
355511,True,650,94515588,19327,6719,1
355512,True,651,94534915,19327,6720,1
355513,True,652,94554242,17027,6721,1
355514,True,653,94571269,24443,6722,1
356326,True,654,94595712,30074,6744,1
356327,True,655,94625786,184617,6739,1
356328,True,658,94875587,29995,6740,1
356330,True,660,94935953,61760,6742,1
356331,True,661,94997713,41603,6743,1
356332,True,662,95039316,20128,6745,1
356333,True,663,95059444,5226,6746,1
356334,True,664,95064670,4242,6747,1
356335,True,665,95068912,5226,6748,1
356336,True,666,95074138,4242,6749,1
356337,True,667,95078380,5226,6750,1
356338,True,668,95083606,6662,6752,1
356339,True,669,95090268,3610,6751,1
356340,True,670,95093878,6662,6753,1
356341,True,671,95100540,2682,6754,1
356384,True,659,94905582,30371,6741,1
356828,True,1117,168483065,370331,5460,1
358253,True,324,67551615,25375,12249;12396,2
360268,True,625,90911125,18140,2084,1
360290,True,1099,165276951,119506,3653,1
360748,True,2984,276855274,59553,6764,1
360756,True,2985,276914827,59551,6763,1
362453,True,3191,284348669,117210,221,1
362458,True,3192,284465879,117210,225,1
377176,True,1861,203989589,53775,12251,1
377928,True,1385,186051956,86618,14507,1
380670,True,2681,267690082,3855,12806,1
380699,True,2677,267619154,8492,13852,1
380702,True,2688,267822578,3855,12808,1
380866,True,2679,267664623,3894,13993,1
380867,True,3501,292611881,11578,13994,1
380869,True,2076,214870731,2730,13996,1
380871,True,2676,267615356,3798,13997,1
380943,True,2103,215361013,4322,14018,1
381073,True,3512,292910026,10137,13992,1
381081,True,2674,267608422,3762,13995,1
381093,True,2098,215251952,4532,14019,1
381096,True,2099,215256484,6098,14020,1
381102,True,2077,214873461,2730,14022,1
381331,True,2016,212604374,4568,14021,1
381343,True,1642,197247057,38729,14023,1
382748,True,1005,150521229,91813,6913,1
382773,True,1006,150613042,65995,6899,1
382855,True,1007,150679037,171531,6900,1
382871,True,1008,150850568,236909,6901,1
382888,True,1009,151087477,242325,6902,1
382907,True,1010,151329802,146970,6903,1
382925,True,1011,151476772,384436,6904,1
382946,True,1012,151861208,2273525,6905,1
383675,True,1029,157522765,1994441,6907,1
383962,True,1013,154134733,469778,6906,1
384415,True,997,147591110,21405,6910,1
384738,True,1002,148580894,479267,6912,1
384829,True,1887,204818064,46399,10337,1
385021,True,589,88657023,139727,6923,1
385072,True,590,88796750,29483,6925,1
385089,True,595,89067850,16914,6926,1
385142,True,1606,195973439,88927,6934,1
385354,True,594,89004526,63324,6924,1
385455,True,2094,215192292,13213,12810,1
385456,True,2095,215205505,10279,12812,1
385788,True,591,88826233,123377,6948,1
385806,True,568,86314021,148698,6949,1
386355,True,1667,197571531,11623,12255,1
386359,True,1662,197508325,27058,12257,1
386590,True,593,89000446,4080,6980,1
386629,True,567,86309921,4100,6982,1
386667,True,1663,197535383,5258,13818,1
386948,True,1140,173966003,262424,6997,1
386949,True,1136,172650485,1040914,6998,1
386950,True,528,82252865,6025,7000,1
386951,True,529,82258890,5880,6999,1
386952,True,1138,173930637,23629,7002,1
386953,True,1139,173954266,11737,7001,1
387337,True,2018,212619613,11615,13998,1
387348,True,1661,197505635,2690,13999,1
387660,True,1607,196062366,32494,7005,1
387767,True,1608,196094860,48077,7008,1
387790,True,1609,196142937,101500,7009,1
387957,True,2087,215100818,8152,12826,1
387961,True,2088,215108970,21135,12816,1
387967,True,2089,215130105,11162,12818,1
387971,True,2090,215141267,11304,12814,1
387977,True,2091,215152571,9128,12820,1
387982,True,2092,215161699,5268,12822,1
387987,True,2093,215166967,25325,12824,1
388084,True,2096,215215784,9287,12253,1
388348,True,1111,167509971,431282,7034,1
388423,True,1106,166878179,183155,7036,1
388440,True,1107,167061334,73775,7037,1
388457,True,1108,167135109,94525,7038,1
388476,True,1109,167229634,206652,7039,1
388960,True,1003,149060161,402021,7049,1
389512,True,1110,167436286,73685,7046,1
389550,True,1112,167941253,240020,7048,1
389626,True,569,86462719,4684,7052,1
389632,True,570,86467403,5373,7053,1
389951,True,1105,166556114,322065,7035,1
390029,True,1118,168853396,292084,7059,1
390036,True,1119,169145480,27115,7060,1
390091,True,3666,315824026,12133,15123,1
390096,True,2378,258240380,66394,14908,1
390097,True,2379,258306774,13063,14909,1
390098,True,2386,258378973,7399,14894,1
390099,True,2387,258386372,6925,14895,1
390397,True,1004,149462182,1059047,7711,1
390774,True,2388,258393297,6965,14896,1
390809,True,3667,315836159,20994,14910,1
390832,True,3668,315857153,9966,14893,1
390856,True,3669,315867119,24151,14912,1
393941,True,1664,197540641,10974,12481;12482;12483;12484;12485;12551;12581;12582;12583;12584;12585;12586;12587;12588;12604;12606;12607;12608;12609;12610;12611;12612;12613;12614;12615;12674;12622;12623;12624;12625;12626;14528;14529;14530;14531;14532;14533;14534;14535;14536;14537;14538,42
394570,True,2383,258346607,12085,14900,1
394580,True,2376,258140537,38286,11999,1
394601,True,2384,258358692,11765,14901,1
394604,True,2377,258178823,61557,14915,1
394756,True,3751,321819888,59406,12267;12268;12269;12270,4
394859,True,3767,322644345,58648,12272,1
395240,True,1610,196244437,22202,7110,1
395264,True,1611,196266639,27305,7111,1
395288,True,1612,196293944,30735,7112,1
395345,True,1160,180981866,10955,10335,1
395351,True,1162,180999216,18389,7115,1
395391,True,1613,196324679,30318,7217,1
395447,True,541,83961163,452656,7166,1
395493,True,548,84731232,68727,7162,1
395523,True,549,84799959,30409,7163,1
395532,True,1104,166257222,298892,7164,1
395542,True,550,84830368,98268,7165,1
395635,True,542,84413819,15322,7170,1
395640,True,543,84429141,139963,7171,1
395651,True,544,84569104,62742,7172,1
395700,True,1416,188393833,29434,13083,1
395706,True,1417,188423267,57814,13085,1
395707,True,1418,188481081,18403,13087,1
395790,True,1412,188103586,41045,13089,1
395794,True,1413,188144631,73670,13091,1
395798,True,1414,188218301,92397,13093,1
395854,True,2966,275057612,142977,10998,1
395864,True,2967,275200589,143267,10997;13095,2
395900,True,1568,194725617,6509,14420;14421;14422;14425;14426;14427;16134,7
395926,True,1569,194732126,5437,14419;14423;14424;14428;14429;16133,6
396274,True,545,84631846,25202,7205,1
396282,True,546,84657048,45788,7206,1
396349,True,1473,191800327,10328,12263,1
396484,True,540,83951239,9924,7210,1
396551,True,2023,212666560,18959,12830,1
396552,True,1369,185729330,21278,12828,1
396574,True,1366,185692371,9285,12832,1
396756,True,547,84702836,28396,7232,1
397004,True,1881,204488043,63262,13097,1
397022,True,1886,204782303,35761,13099,1
397118,True,1135,172627801,22684,7240,1
397180,True,527,82235801,17064,7242,1
397348,True,2521,265232889,38264,7245,1
397354,True,2522,265271153,38267,7246,1
397629,True,1474,191810655,10396,12265,1
397710,True,551,84928636,38640,7259,1
397723,True,552,84967276,111212,7260,1
398007,True,553,85078488,19283,7262,1
398183,True,2081,214897819,83598,13101,1
400215,True,998,147612515,126787,7284,1
400526,True,3563,301161264,91508,13745,1
400576,True,3553,299947097,108063,13747,1
400679,True,3561,300894394,161189,13748,1
401177,True,816,118593755,97463,7308,1
401198,True,817,118691218,329994,7309,1
401230,True,818,119021212,136799,7310,1
401523,True,846,124605197,33582,7314,1
401550,True,847,124638779,130222,7315,1
401573,True,845,124519805,85392,7316,1
405302,True,758,113315371,93078,7320,1
405327,True,759,113408449,60787,7321,1
405365,True,760,113469236,49890,7322,1
406003,True,2097,215225071,26881,12276,1
406052,True,1614,196354997,39376,7298,1
406062,True,1615,196394373,79055,7299,1
406143,True,2067,214095814,104899,15430,1
406551,True,1373,185781504,16031,12840,1
406562,True,1367,185701656,14849,12842,1
406564,True,1377,185876111,8375,12844,1
406567,True,1368,185716505,12825,12846,1
406601,True,1376,185868735,7376,12848,1
406603,True,1375,185862784,5951,12850,1
406606,True,1365,185661755,30616,12852,1
406608,True,1374,185797535,65249,12854,1
406635,True,1344,185327508,18213,12856,1
406686,True,1815,202563505,15676,12278,1
406916,True,1504,192576322,32162,13117,1
406925,True,1505,192608484,12301,13119,1
406938,True,1514,192781249,22142,13123,1
406947,True,1513,192763666,17583,13121,1
406955,True,1517,192844719,16266,13153,1
406964,True,1516,192816338,28381,13151,1
406982,True,1938,206312972,7528,13105,1
406991,True,1939,206320500,7918,13107,1
406999,True,1940,206328418,24874,13109,1
407006,True,1941,206353292,22219,13111,1
407009,True,1942,206375511,17708,13113,1
407012,True,1943,206393219,12530,13115,1
407048,True,2068,214200713,83029,15429,1
407140,True,2060,213650481,17664,7416,1
407144,True,2061,213668145,17992,7418,1
407152,True,2062,213686137,10247,15433,1
407153,True,2064,213699820,3084,15432,1
407156,True,1415,188310698,83135,13103,1
407173,True,1431,189767245,58832,11606,1
407178,True,1432,189826077,59428,11607,1
407416,True,462,75716252,33597,7424,1
408309,True,2063,213696384,3436,15431,1
410614,True,3683,316307021,10652,16082,1
410620,True,3732,320932396,12234,16083,1
410621,True,3723,320845583,15370,16087,1
410628,True,3659,315698300,7785,16081,1
411153,True,2381,258328004,7262,14898,1
411165,True,2382,258335266,11341,14899,1
411170,True,3675,315928597,16330,14919,1
411277,True,2375,258133275,7262,14903,1
411280,True,3660,315706085,11263,14905,1
411802,True,773,114639520,184060,7477,1
411889,True,774,114823580,21997,7478,1
411907,True,775,114845577,158655,7479,1
412169,True,776,115004232,25294,7481,1
412190,True,777,115029526,26957,7482,1
413099,True,1589,195318152,13324,7487,1
413700,True,2069,214283742,85970,15428,1
416402,True,3558,300341905,75627,13716,1
416992,True,3595,305389174,19920,13752,1
417135,True,3627,312790255,99593,13753,1
417259,True,3560,300544662,349732,13754,1
417846,True,2709,268908187,23516,13125,1
417862,True,2712,268994578,34318,13127,1
417881,True,3487,292437085,27117,13129,1
417906,True,2710,268931703,19408,13131,1
417924,True,2713,269028896,42442,13133,1
417946,True,2711,268951111,43467,13137,1
417962,True,3420,291955133,46997,13135,1
417991,True,3433,292066466,26007,13139,1
418028,True,3491,292509604,30180,14878;13141,2
418118,True,3488,292464202,17300,13143,1
418146,True,3489,292481502,17187,13145,1
418162,True,3464,292282888,3693,13147,1
418210,True,791,117070068,45010,7565,1
418230,True,792,117115078,19454,7566,1
418245,True,793,117134532,20805,7567,1
419152,True,1508,192651362,6478,13155,1
419159,True,2125,216396552,15253,13157,1
419166,True,2126,216411805,13255,13159,1
419170,True,2127,216425060,13310,13161,1
419178,True,1509,192657840,11478,13163,1
419362,True,762,113581036,44779,7608,1
419383,True,763,113625815,46979,7605,1
419395,True,764,113672794,166498,7606,1
419428,True,738,111958150,18007,7607,1
419478,True,766,113842114,2782,7611,1
419481,True,765,113839292,2822,7612,1
419625,True,2366,257924286,25513,14207;14208;14210;14214;14220,5
419647,True,2367,257949799,25587,14209;14211;14213;14216;14221;14238,6
419655,True,2368,257975386,25765,14212;14215;14217;14218;14219,5
419709,True,1506,192620785,17228,13165,1
419714,True,1507,192638013,13349,13167,1
419719,True,1515,192803391,12947,13169,1
420943,True,3780,322990312,9206,12280,1
420958,True,3773,322807781,12747,12282;12284,2
421368,True,3585,304281793,205985,13756,1
422052,True,1166,181053106,13183,14036;14037,2
422438,True,992,143680484,1149029,7713,1
422499,True,1001,148427908,152986,7714,1
422544,True,994,145789155,1422654,7716,1
422659,True,995,147211809,134363,7717,1
422678,True,996,147346172,244938,7718,1
422705,True,993,144829513,959642,7712,1
422764,True,1000,147916548,511360,7715,1
422794,True,999,147739302,177246,7719,1
422804,True,3796,323646955,169607,7720,1
422935,True,1134,172615187,12614,8677,1
423020,True,1028,156640195,882570,7734,1
423167,True,2373,258103657,13671,12283,1
423278,True,1137,173691399,239238,7741,1
424270,True,3788,323271877,89898,12354,1
424276,True,1103,166228428,28794,7745,1
424512,True,3762,322433219,37457,12428,1
424644,True,3528,295212210,283846,13757,1
424791,True,3763,322470676,36704,12429,1
424793,True,3764,322507380,39929,12430,1
424943,True,2396,259632603,185272,7758,1
424963,True,2397,259817875,157108,7761,1
424972,True,2412,261053638,128477,7763,1
424982,True,2413,261182115,125561,7765,1
424994,True,2417,261836312,165552,7770,1
424999,True,2418,262001864,165550,7771,1
425004,True,2398,259974983,57372,7772,1
425009,True,2399,260032355,57368,7773,1
425035,True,2400,260089723,31633,7778,1
425040,True,2401,260121356,36027,7779,1
425045,True,2402,260157383,100544,7780,1
425050,True,2403,260257927,102738,7781,1
425119,True,990,143624044,27147,7783,1
425677,True,3725,320869588,15150,16088,1
425830,True,991,143651191,29293,7808,1
425980,True,1018,154612655,2036,7816,1
425983,True,1017,154610619,2036,7798,1
425986,True,1019,154614691,2036,7817,1
425989,True,1020,154616727,2036,7818,1
425999,True,1021,154618763,2036,7823,1
426002,True,1022,154620799,2036,7824,1
426005,True,1023,154622835,2036,7825,1
426008,True,1024,154624871,2036,7826,1
426098,True,1015,154606547,2036,7832,1
426102,True,1014,154604511,2036,7831,1
426105,True,1016,154608583,2036,7833,1
426763,True,3388,291644402,10351,12858,1
427165,True,3442,292141169,11654,12860,1
427179,True,3389,291654753,12879,12862,1
427182,True,3390,291667632,2642,12864,1
427183,True,3391,291670274,3706,12866,1
427184,True,3392,291673980,3438,12868,1
427188,True,3393,291677418,15961,12870,1
427189,True,3394,291693379,15666,12872,1
427190,True,3395,291709045,6534,12874,1
427191,True,3396,291715579,10706,12876,1
427625,True,3728,320913430,15150,16086,1
427810,True,3541,297093622,163141,13758,1
427839,True,3546,298145586,415106,13759,1
428005,True,3531,295684546,107650,13760,1
428573,True,3690,316503534,12678,16084,1
430324,True,2369,258001151,25795,14229;14231;14241,3
430325,True,2370,258026946,25513,14235;14239,2
430326,True,2371,258052459,25685,14223;14225;14226;14228;14230;14232;14233;14234;14236;14237,10
430327,True,2372,258078144,25513,14222;14224;14227;14240,4
436223,True,3249,287134238,71279,7923,1
436228,True,3271,287464265,69253,7924,1
436236,True,3135,282176486,73799,7925,1
436293,True,3248,287127598,6640,7927,1
436300,True,3250,287205517,83903,7929,1
436345,True,2569,266426420,11120,8070,1
436351,True,3272,287533518,26741,7933,1
437491,True,3136,282250285,41535,8076,1
437506,True,3500,292606507,5374,8065,1
437693,True,2733,269680205,50160,8074,1
437696,True,2734,269730365,45493,8075,1
437699,True,3239,286896785,50175,8078,1
447381,True,2518,265185495,14081,8084,1
447385,True,2519,265199576,14081,8072,1
456799,True,1620,196582092,167803,7947,1
456835,True,2737,269816578,138102,9625,1
457476,True,3639,315140950,36138,8066,1
457479,True,3640,315177088,9201,8067,1
457485,True,3641,315186289,2547,8069,1
457501,True,3644,315354810,123593,9478,1
457504,True,3645,315478403,93765,9479,1
457507,True,3646,315572168,54937,9480,1
457510,True,3642,315188836,101617,9482,1
457513,True,3643,315290453,64357,9483,1
457523,True,2494,264767271,12301,8663,1
457532,True,2495,264779572,26611,8664,1
457579,True,3251,287289420,51831,8079,1
457582,True,2570,266437540,23844,8071,1
457595,True,3273,287560259,48108,8081,1
457610,True,2997,277788257,39606,8085,1
457641,True,2520,265213657,19232,8073,1
457652,True,2517,265121153,64342,8068,1
457699,True,2414,261307676,142644,8080,1
457706,True,2416,261701432,134880,8670,1
457709,True,2415,261450320,251112,8669,1
457715,True,2404,260360665,52994,8673,1
457730,True,2405,260413659,186428,8674,1
457739,True,2406,260600087,127368,7989,1
457743,True,2407,260727455,40500,7990,1
457749,True,2408,260767955,186041,7991,1
457755,True,2411,261037165,16473,7998,1
457758,True,3062,279335574,70523,7996,1
457760,True,2410,261020692,16473,7997,1
457793,True,2987,277047172,23680,8116,1
457796,True,2986,276974378,72794,8115,1
457799,True,3274,287608367,34150,8082,1
457812,True,3275,287642517,12318,8083,1
457826,True,3137,282291820,32371,8077,1
458344,True,3276,287654835,18330,8086,1
458840,True,3361,290424568,44322,8668,1
459889,True,3555,300114774,105044,13755,1
460047,True,3609,306738500,253811,13762,1
460048,True,3610,306992311,290139,13761,1
460204,True,3662,315730871,28834,16085,1
460312,True,1660,197461884,43751,12774;13573;13574;13575;13576;13577;13578;13579;13580;13581;13582;13583;13584;13585;13586;13587;13588;13589;13590;13591;13592;13593;13594;13595;13596;13597;13598;13599;13600;13601;13602;13603;13604;13605;13606;13607;13608;13609;13610;13611;13612;13613;13614;13615;13616;13617;13618;13619;13620;13621;13622;13623;13624;13625;13626;13627;13628;13629;13630;13631;13632;13633;13634;13635;13636;13637;13638;13639;13640;13641;13642;13643;13644;13645;13646;13647;13648;13649;13650;13651;13652;13653;13654;13655;13656;13657;13658;13659;13660;13661;13662;13663;13664;13665;13666;13667;13668;13669;13670;13671;13672;13673;13674;13675;13676;13677;13678;13679;13680;13681;13682;13683;13684;13685;13686;13687;13688;13689;13690;13691;13692;13693;13694;13695;13696;13697;13698;13699;15324;15994;15995;15996;15997;15998,134
460591,True,1590,195331476,40174,13171,1
460629,True,1591,195371650,14608,13173,1
460638,True,1592,195386258,30738,13175,1
460647,True,1593,195416996,53417,13177,1
460873,True,1594,195470413,37700,13179,1
460877,True,1595,195508113,18836,13181,1
460897,True,1460,191536236,22283,13193,1
461019,True,1555,194340019,45897,13183,1
461020,True,1556,194385916,43274,13185,1
461138,True,1596,195526949,13734,13187,1
461251,True,1541,194069944,10908,13189,1
461283,True,1542,194080852,7925,13191,1
461622,True,3490,292498689,10915,14879;13149,2
462104,True,129,37420682,1875492,8118,1
463161,True,1392,186442893,66388,15643,1
464192,True,3622,311754580,302429,13763,1
465395,True,3608,306539972,198528,13764,1
469156,True,3607,306300023,239949,13765,1
469318,True,1715,199331679,27598,13506,1
469322,True,1701,198984138,16826,13476,1
469325,True,1697,198896603,13154,13478,1
469329,True,1698,198909757,8394,13480,1
469333,True,1699,198918151,8434,13482,1
469337,True,1713,199257510,49210,13508,1
469343,True,1694,198869929,4193,13486,1
469348,True,1695,198874122,5347,13488,1
469351,True,1696,198879469,17134,13490,1
469354,True,1693,198862587,7342,13484,1
469357,True,1711,199223278,10185,13504,1
469360,True,1712,199233463,24047,13502,1
469363,True,1706,199028051,15930,13498,1
469367,True,1707,199043981,23962,13500,1
469372,True,1702,199000964,8130,13492,1
469411,True,1600,195659477,51735,13203,1
469424,True,1601,195711212,56353,13201,1
469431,True,1598,195591976,32895,13199,1
469438,True,1599,195624871,34606,13197,1
469444,True,1597,195540683,51293,13195,1
469511,True,1429,189643904,61501,13205,1
469516,True,1425,189421953,32524,11860,1
469575,True,2019,212631228,13698,8206,1
469595,True,1575,194906591,8897,13227,1
469613,True,1574,194896006,10585,13225,1
469623,True,1576,194915488,4684,13229,1
469629,True,1577,194920172,13229,13219,1
469633,True,1578,194933401,11537,13221,1
469637,True,1579,194944938,11043,13223,1
469644,True,1562,194568338,53700,13213,1
469664,True,1563,194622038,34206,13215,1
469705,True,1564,194656244,9171,13217,1
469728,True,1557,194429190,11462,13207,1
469745,True,1558,194440652,31136,13209,1
469798,True,1559,194471788,11446,13211,1
470068,True,596,89084764,70272,6952,1
470082,True,592,88949610,50836,6953,1
470632,True,2042,213211441,34147,13237,1
470635,True,2074,214808420,30264,13239,1
470637,True,2075,214838684,32047,13241,1
470700,True,2515,265065831,24093,8258,1
470708,True,2514,265055831,10000,15063,1
470721,True,2513,265035110,20721,8256,1
470789,True,890,135205088,84244,8261,1
470836,True,891,135289332,73094,8265,1
470844,True,892,135362426,92271,8266,1
470851,True,893,135454697,173202,8267,1
471361,True,894,135627899,58972,8271,1
471371,True,895,135686871,130257,8272,1
471381,True,896,135817128,61025,8273,1
471529,True,2508,264966096,7168,12880,1
471532,True,1249,183620709,3180,14000,1
471602,True,130,39296174,663918,8280,1
471628,True,897,135878153,40072,8278,1
471632,True,898,135918225,80490,8279,1
471672,True,887,135041688,72740,8282,1
471694,True,888,135114428,65529,8284,1
471866,True,889,135179957,25131,8286,1
471896,True,1175,181232361,25729,13243,1
471897,True,1176,181258090,27902,13245,1
471898,True,1177,181285992,73508,13247,1
471919,True,1830,202688803,12051,13231,1
471920,True,1831,202700854,12065,13233,1
471921,True,1832,202712919,15899,13235,1
472235,True,3632,314242483,80236,13766,1
472484,True,3624,312132565,134186,13560,1
472836,True,1258,183997629,40510,12358,1
472845,True,1254,183923797,13099,12356,1
472870,True,1458,191449983,41589,13249,1
472913,True,3691,316516212,1034788,11998,1
472950,True,1255,183936896,13099,12360,1
472992,True,2390,258421679,18113,14918,1
473022,True,2389,258400262,21417,14917,1
473292,True,2121,215820777,550968,8351,1
474333,True,3307,288503296,23973,1813,1
475017,True,1411,188052562,51024,11539,1
475022,True,3063,279406097,80895,8424,1
475029,True,1689,198751271,12752,8420,1
475035,True,1692,198849258,13329,8418,1
475041,True,727,110752667,82608,8414,1
475059,True,728,110835275,281539,8415,1
485084,True,1901,205536106,29550,8426,1
486775,True,2113,215680060,5490,14920,1
488511,True,2116,215757531,12310,14921,1
488514,True,2112,215624050,56010,14922,1
488525,True,571,86472776,467299,8461,1
488540,True,573,86947647,28021,8462,1
488560,True,587,88511453,72232,8463,1
488570,True,588,88583685,73338,8464,1
488579,True,572,86940075,7572,8465,1
488615,True,880,134135191,54496,8479,1
488627,True,881,134189687,125874,8480,1
488660,True,731,111159530,118663,8488,1
488661,True,882,134315561,22452,8481,1
488704,True,884,134367228,147270,8483,1
488727,True,885,134514498,15084,8484,1
488759,True,732,111278193,16503,8489,1
488765,True,733,111294696,33024,8490,1
488791,True,1687,198695403,17621,8492,1
488806,True,734,111327720,82234,8494,1
488943,True,1030,159517206,83377,8496,1
488951,True,1144,176187217,159305,8500,1
488971,True,1145,176346522,35289,8501,1
488978,True,1146,176381811,10392,8502,1
488986,True,1142,176140052,12208,8497,1
489031,True,1141,174228427,1911625,8499,1
489159,True,656,94810403,8215,8507,1
489164,True,657,94818618,56969,8508,1
489236,True,883,134338013,29215,8482,1
489328,True,574,86975668,11880,8509,1
489643,True,1075,162778411,110666,8553;9985,2
489646,True,1084,163788790,37418,8544,1
489648,True,1083,163418713,370077,8547,1
489649,True,1079,163199969,105325,8551;9989,2
489650,True,1078,163099818,100151,8550;9988,2
489651,True,1080,163305294,64421,8549,1
489652,True,1077,162999667,100151,8548;9987,2
489709,True,1082,163384808,33905,8555,1
489792,True,1085,163826208,37418,8561,1
489799,True,1076,162889077,110590,8552;9986,2
489859,True,1122,169246558,216707,8573,1
489861,True,1123,169463265,2754141,8574,1
489863,True,1032,159616162,49800,8576,1
489865,True,1129,172430818,111799,8577,1
489867,True,1130,172542617,12082,8578,1
489868,True,1124,172217406,36824,8579,1
489871,True,1126,172255141,43822,8580,1
489873,True,1121,169200248,46310,8575,1
489877,True,3770,322749858,10382,12362,1
489890,True,3758,322181834,36309,12364,1
489914,True,3768,322702993,17960,12703,1
489953,True,3777,322906188,21745,12368,1
489976,True,3771,322760240,33840,12366,1
490002,True,3778,322927933,22030,12370,1
490472,True,1087,163926468,8364,8596,1
490489,True,1036,159748621,13703,8598,1
490577,True,1086,163863626,62842,8601,1
490686,True,1690,198764023,76066,13251,1
490714,True,3755,322036385,49081,12374,1
490865,True,1074,162192391,586020,8608,1
490886,True,1131,172554699,7614,8611,1
490889,True,1132,172562313,21263,8612,1
490900,True,1031,159600583,15579,8615,1
490901,True,1133,172583576,31611,8616,1
490918,True,1427,189532933,77613,13253,1
490920,True,1428,189610546,33358,13255,1
490976,True,1430,189705405,61840,13257,1
491002,True,986,141890633,61399,8629,1
491029,True,2071,214373734,411357,8602,1
491092,True,1917,205896103,19776,13259,1
491098,True,1916,205872773,23330,13261,1
491106,True,1918,205915879,28590,13263,1
491113,True,1919,205944469,18506,13265,1
491120,True,1920,205962975,33710,13267,1
491253,True,987,141952032,4374,8644,1
491606,True,1033,159665962,15470,8647,1
491614,True,1037,159762324,23107,8650,1
491623,True,1038,159785431,6758,8651,1
491636,True,1039,159792189,11179,8652,1
491641,True,1040,159803368,8887,8653,1
491654,True,1035,159706201,42420,8659,1
491655,True,1034,159681432,24769,8658,1
491962,True,1041,159812255,23747,8665,1
491968,True,1042,159836002,8419,8666,1
491974,True,1043,159844421,11179,8667,1
491994,True,1044,159855600,6758,8671,1
492015,True,1073,162176808,15583,8675,1
492784,True,2079,214881727,12230,14001,1
492792,True,576,87002676,401471,8726,1
492793,True,582,87841538,458052,8735,1
492870,True,581,87755392,86146,8731,1
492890,True,577,87404147,115487,8727,1
492914,True,578,87519634,53354,8728,1
492935,True,579,87572988,122871,8729,1
492966,True,597,89155036,476949,8723,1
492969,True,583,88299590,81138,8732,1
492988,True,584,88380728,77585,8733,1
493003,True,730,111141166,18364,8724,1
493004,True,585,88458313,45572,8734,1
493024,True,729,111116814,24352,8725,1
493088,True,2078,214876191,5536,14024,1
493092,True,3772,322794080,13701,12372,1
493105,True,3499,292598015,8492,14002,1
493124,True,1510,192669318,65310,13269,1
493131,True,1511,192734628,14501,13271,1
493137,True,1512,192749129,14537,13273,1
493293,True,1703,199009094,6210,13494,1
493298,True,1704,199015304,9778,13496,1
493318,True,1408,187908935,50805,13275,1
493327,True,1409,187959740,50881,13276,1
493328,True,1410,188010621,41941,13277,1
493387,True,1877,204418579,23858,13279,1
493456,True,1878,204442437,15078,13281,1
493462,True,1879,204457515,11818,13283,1
493469,True,2073,214787993,20427,13289,1
493474,True,1875,204373633,27389,13285,1
493477,True,1876,204401022,17557,13287,1
493502,True,575,86987548,15128,8787,1
493523,True,1880,204469333,18710,13291,1
493552,True,580,87695859,59533,8730,1
493591,True,1348,185400866,12806,12882,1
493619,True,1570,194737563,5437,14430;14431;16132,3
493664,True,1802,202181386,72729,13293,1
493676,True,1803,202254115,26237,13295,1
493680,True,1804,202280352,48823,13297,1
493684,True,1805,202329175,18287,13299,1
493688,True,1806,202347462,26135,13301,1
493692,True,1807,202373597,13967,13303,1
493696,True,1808,202387564,28799,13305,1
493785,True,586,88503885,7568,8833,1
493861,True,1796,201357088,260959,8843,1
493886,True,1797,201618047,56657,8844,1
493906,True,1798,201674704,376567,8845,1
493931,True,3787,323174203,97674,12376,1
493940,True,3784,323058911,62582,12378,1
493957,True,1688,198713024,38247,13394;13395;13396,3
494222,True,1391,186436497,6396,13307;13308;13309;13310;13311;13312;13313;13314;13315;13316;13317;13318;13319;13320;13321;13322;13323;13324;13325;13326;13327;13328;13329;13330;13331;13332;13333;13334;13335;13336;13337;13338;13339;13340;13341;13342;13343;13344;13345;13346;13347;13348;13349;13350;13351;13352;13353;13354;13355;13356;13357;13358;13359;13360;13361;13362;13363;13364;13365;13366;13367;13368;13369;13370;13371;13372;13373;13374;13375;13376;13377;13378;13379;13380;13381;13382;13383;13384;13385;13386;13387;13388;13389;13390;13391;13392;16397,87
494425,True,3677,315962442,17309,12007,1
496018,True,1089,163990168,184238,8939,1
496060,True,1090,164174406,14510,8928,1
496070,True,1091,164188916,188968,8929,1
496194,True,675,98011830,517243,8956,1
496210,True,680,103115195,1512981,8958,1
496215,True,686,105725798,159957,8961,1
496216,True,687,105885755,155213,8962,1
496217,True,685,105576181,149617,8960,1
496223,True,674,96966106,1045724,8955,1
496226,True,683,105452473,115285,8963,1
496228,True,676,98529073,741037,8952,1
496337,True,673,96129245,836861,8953,1
496471,True,677,99270110,306338,8954,1
496633,True,679,101046525,2068670,8976,1
496729,True,688,106040968,162359,8979,1
496735,True,681,104628176,368465,8981,1
496799,True,672,95103222,1026023,8985,1
497131,True,1673,197720323,50531,12380,1
497458,True,1859,203924111,22722,12382,1
497459,True,1842,203156352,45664,12386,1
497460,True,1837,202934977,66748,12384,1
497610,True,483,76497721,342723,11515,1
497703,True,682,104996641,455832,9007,1
498768,True,678,99576448,1470077,9020,1
498879,True,2084,215070176,8498,14518;15633,2
498885,True,2086,215088654,12164,13945,1
498890,True,2085,215078674,9980,13944,1
498895,True,2022,212660718,5842,13940,1
498900,True,2020,212644926,8224,13942,1
498904,True,2083,215058847,11329,12884,1
498935,True,2021,212653150,7568,14517,1
498940,True,1471,191789762,3812,13941,1
498943,True,1472,191793574,6753,14519,1
498955,True,1838,203001725,3795,13943,1
499033,True,1841,203063935,92417,13402,1
499034,True,1237,183516673,27961,13400,1
499035,True,1852,203536980,116467,13398,1
499518,True,1871,204203045,129735,9063,1
500070,True,3537,296393066,197121,13770,1
500119,True,1839,203005520,32903,12673,1
500459,True,3620,310641807,472822,13769,1
500634,True,3575,302766493,328542,13771,1
500690,True,1047,160235549,1158349,9130,1
500714,True,1816,202579181,8110,12894,1
500717,True,1829,202670770,18033,12916,1
500718,True,1828,202666457,4313,12918,1
500719,True,1827,202659624,6833,12914,1
500720,True,1826,202655242,4382,12912,1
500721,True,1825,202644302,10940,12910,1
500722,True,1824,202640514,3788,12908,1
500723,True,1823,202634430,6084,12906,1
500724,True,1822,202630219,4211,12896,1
500725,True,1821,202625170,5049,12904,1
500726,True,1820,202617277,7893,12902,1
500727,True,1819,202604396,12881,12900,1
500728,True,1818,202591506,12890,12898,1
500785,True,1433,189885505,21798,13407,1
500807,True,1434,189907303,14124,13409,1
500815,True,1435,189921427,23266,13411,1
500836,True,1398,187766645,10339,13419,1
500845,True,1399,187776984,17855,13420,1
500846,True,1400,187794839,19287,13421,1
500847,True,1401,187814126,18081,13422,1
500848,True,1402,187832207,20983,13423,1
500857,True,1403,187853190,7677,13413,1
500858,True,1404,187860867,11033,13414,1
500859,True,1405,187871900,11033,13415,1
500860,True,1406,187882933,11033,13416,1
500861,True,1407,187893966,14969,13417,1
500900,True,1050,161413535,141612,9131,1
500913,True,1390,186416399,20098,12886;12887;12888;12889;12890,5
500939,True,1813,202534871,22527,13425,1
500945,True,1814,202557398,6107,13427,1
500950,True,1475,191821051,80994,13429,1
501038,True,1817,202587291,4215,12892,1
501084,True,1523,193017524,4456,12920;12921;12922;12923,4
501087,True,1522,193013068,4456,12930;12931;12932;12933,4
501089,True,1521,193008612,4456,12925;12926;12927;12928,4
501464,True,1048,161393898,11148,9172,1
501469,True,1049,161405046,8489,9173,1
501485,True,1835,202842302,69488,9177,1
501502,True,684,105567758,8423,9179,1
501549,True,3797,323816562,361457,13772,1
501634,True,3540,296914495,179127,13773,1
502841,True,605,90261887,138573,9202,1
502864,True,606,90400460,17460,9203,1
502876,True,603,90221845,27669,9204,1
502947,True,618,90805876,9799,9205,1
503065,True,614,90719690,33943,9209,1
503088,True,604,90249514,12373,9213,1
503103,True,607,90417920,48359,9214,1
503185,True,1387,186239732,18417,14510,1
503197,True,1388,186258149,55265,14511,1
503302,True,619,90815675,9799,9220,1
503437,True,1476,191902045,21783,14438,1
503440,True,1477,191923828,29883,14439,1
503443,True,1478,191953711,29165,14440,1
503446,True,1479,191982876,13915,14444,1
503461,True,1480,191996791,40989,14432,1
503465,True,1481,192037780,33353,14433,1
503469,True,1482,192071133,19927,14434,1
503473,True,1491,192241336,39383,14445,1
503474,True,1492,192280719,38045,14446,1
503475,True,1493,192318764,35135,14447,1
503476,True,1494,192353899,32754,14448,1
503501,True,1495,192386653,19477,14449,1
503502,True,1496,192406130,11147,14450,1
503503,True,1497,192417277,17249,14451,1
503514,True,1498,192434526,23315,14435,1
503515,True,1499,192457841,27029,14436,1
503516,True,1500,192484870,32305,14437,1
503526,True,1501,192517175,15917,14441,1
503527,True,1502,192533092,15917,14442,1
503528,True,1503,192549009,27313,14443,1
503684,True,2059,213644374,6107,9296,1
503732,True,3498,292572965,25050,8857,1
503770,True,874,129830744,65737,9339,1
503798,True,876,130576117,870623,9338,1
503916,True,875,129896481,679636,9340,1
504184,True,872,129243376,549104,9345,1
504216,True,873,129792480,38264,10651;9347,2
504231,True,1394,186510377,163362,9349,1
504246,True,1395,186673739,261487,9351,1
504277,True,1526,193059940,126508,9352,1
504298,True,1396,186935226,376006,9356,1
504299,True,1397,187311232,455413,9357,1
504327,True,886,134529582,512106,9363,1
504401,True,1800,202077136,91598,15009,1
504453,True,539,82410640,1540599,9368,1
504489,True,1230,182204582,236795,9372,1
504496,True,1231,182441377,535951,9373,1
504503,True,1232,182977328,518059,9374,1
504561,True,1681,198076592,84826,9383,1
504569,True,1682,198161418,182513,9384,1
504578,True,1683,198343931,64906,9385,1
504595,True,1684,198408837,50240,9386,1
504600,True,1685,198459077,81961,9387,1
504605,True,1686,198541038,154365,9388,1
504623,True,1621,196749895,6976,13431;13432;13433;13434,4
504660,True,1863,204046383,14143,12388;12716,2
504678,True,1691,198840089,9169,13438,1
504729,True,1736,199656805,17983,9409,1
504802,True,1618,196568601,1412,9413,1
504827,True,1622,196756871,17424,13436,1
504897,True,1147,176392203,384459,9419,1
504936,True,12,3959554,624132,9434,1
505007,True,4,2379035,370897,9436,1
505031,True,5,2749932,331256,9437,1
505055,True,9,3255353,45615,9443,1
505058,True,10,3300968,289895,9442,1
505062,True,13,4583686,1236,9439,1
505066,True,20,4592752,188708,9441,1
505072,True,19,4591047,1705,9440,1
505074,True,11,3590863,368691,9435,1
505209,True,8,3215587,39766,9446,1
505225,True,6,3081188,133189,9447,1
505358,True,954,141639915,22224,9453,1
505368,True,1143,176152260,34957,9455,1
505536,True,2738,269954680,133759,9465,1
505591,True,22,4971325,1297588,9473,1
505751,True,23,6268913,143089,9475,1
505775,True,0,0,306034,9506,1
505813,True,1,306034,2043493,9507,1
505844,True,30,9047153,795658,9485,1
505853,True,2778,270948033,68729,9487,1
505879,True,2752,270367987,27475,9489,1
505928,True,2870,272847922,49254,9491,1
505935,True,2767,270718904,40111,9493,1
505939,True,2766,270691859,27045,9495,1
505943,True,2814,271684410,155351,9497,1
505947,True,329,68087238,498698,9499,1
506231,True,2792,271264217,53100,9503,1
506236,True,330,68585936,1085625,9505,1
506363,True,1246,183603270,5823,14025,1
506367,True,1247,183609093,6089,14026,1
506376,True,1248,183615182,5527,14027,1
506379,True,1641,197242727,4330,14003,1
506384,True,2675,267612184,3172,14004,1
506387,True,2686,267780195,5311,14005,1
506408,True,2419,262167414,103602,9515,1
506411,True,2420,262271016,65428,9516,1
506431,True,2919,273876126,26078,9521,1
506455,True,1765,200355185,54400,9529,1
506474,True,2920,273902204,34506,9531,1
506480,True,2921,273936710,29594,9533,1
506485,True,2922,273966304,54664,9535,1
506490,True,2923,274020968,74242,9537,1
506967,True,2779,271016762,68729,9539,1
506979,True,1552,194273740,18221,13440,1
506984,True,1527,193186448,26767,13446,1
506995,True,3443,292152823,3513,13442,1
507011,True,970,141718280,1676,9549,1
507014,True,971,141719956,1676,9548,1
507028,True,1553,194291961,17052,13444,1
507032,True,24,6412002,1369164,9553,1
507067,True,28,8795542,124767,9555,1
507084,True,25,7781166,528322,9557,1
507119,True,27,8663420,132122,9560,1
507124,True,26,8309488,353932,9561,1
507141,True,1386,186138574,101158,14516,1
507163,True,326,67592259,68531,9567,1
507194,True,2731,269625287,40900,9569,1
507199,True,2732,269666187,14018,9572,1
507202,True,1081,163369715,15093,9574,1
507222,True,31,9842811,36496,9575,1
507238,True,2760,270525373,24772,9578,1
507264,True,2847,272434363,31300,9580,1
507292,True,2857,272593871,26292,9583,1
507296,True,2858,272620163,25116,9585,1
507299,True,29,8920309,126844,9587,1
507310,True,3293,287969698,76702,9589,1
507313,True,3294,288046400,81224,9590,1
507319,True,3295,288127624,25019,9592,1
507323,True,3296,288152643,28426,9593,1
507329,True,327,67660790,322078,9597,1
507897,True,328,67982868,104370,9599,1
508326,True,45,13957742,177659,9601,1
508493,True,989,142198229,1425815,9605,1
508586,True,988,141956406,241823,9606,1
508623,True,14,4584922,1225,9613,1
508626,True,15,4586147,1225,9614,1
508629,True,16,4587372,1225,9615,1
508632,True,17,4588597,1225,9616,1
508635,True,18,4589822,1225,9617,1
508654,True,21,4781460,189865,9618,1
508684,True,2768,270759015,40111,9624,1
508854,True,2,2349527,24352,9627,1
508947,True,3,2373879,5156,9631,1
508963,True,3416,291892778,10216,12935,1
508968,True,3415,291888012,4766,12937,1
508973,True,3417,291902994,6055,12939,1
508978,True,3445,292165632,3723,12941,1
508984,True,3446,292169355,6183,12943,1
508999,True,3514,292924638,8320,12945,1
509003,True,3515,292932958,10332,12947,1
509007,True,3456,292233516,5507,12949,1
509012,True,3457,292239023,3111,12951,1
509017,True,3451,292193228,11408,12953,1
509042,True,3450,292187596,5632,12955,1
509047,True,3449,292183611,3985,12957,1
509052,True,3467,292315997,5632,12959,1
509057,True,3465,292286581,16967,12961,1
509062,True,3466,292303548,12449,12963,1
509067,True,3479,292397063,5303,12965,1
509072,True,3481,292408153,6853,12967,1
509077,True,3480,292402366,5787,12969,1
509082,True,3513,292920163,4475,12971,1
509087,True,3463,292277326,5562,12973,1
509096,True,1647,197322353,9975,12471;12476,2
509100,True,1648,197332328,4671,12467;12470;12475,3
509103,True,1649,197336999,5759,12463;12472;12477,3
509106,True,1650,197342758,7799,12464;12474,2
509109,True,1651,197350557,5623,12469;12473,2
509112,True,1652,197356180,6167,12466,1
509115,True,1653,197362347,9975,12465,1
509128,True,1654,197372322,9975,12468,1
509252,True,2784,271146800,35392,9683,1
509299,True,2869,272791450,56472,9685,1
509346,True,2861,272668761,35914,9687,1
509815,True,879,131458720,2676471,9689,1
509994,True,2759,270497350,28023,9691,1
510337,True,1096,165179094,34984,9695,1
510346,True,1097,165214078,52756,9696,1
510356,True,154,44266688,8883,9699,1
510365,True,155,44275571,11066,9700,1
510375,True,153,44256187,10501,9702,1
510426,True,1098,165266834,10117,9708,1
510491,True,1849,203419894,15606,12390,1
510497,True,2702,268673268,28905,9715,1
510503,True,1858,203908741,15370,12392,1
510631,True,3458,292242134,5593,12975,1
510636,True,1125,172254230,911,9721,1
510638,True,1127,172298963,653,9722,1
510644,True,3459,292247727,4956,12977,1
510653,True,3460,292252683,8492,12979,1
510661,True,7,3214377,1210,9728,1
510849,True,3438,292120113,6857,13448,1
510994,True,1120,169172595,27653,9732,1
511003,True,1443,190034945,12553,13450,1
511066,True,1441,190011753,10297,13452,1
511073,True,1439,189992183,10749,13454,1
511084,True,1440,190002932,8821,13456,1
511090,True,1442,190022050,12895,13458,1
511113,True,1456,191254692,9591,11538,1
511229,True,1451,191185552,7125,13460,1
511284,True,1452,191192677,4993,13462,1
511357,True,877,131446740,9575,9764,1
511364,True,878,131456315,2405,9765,1
511516,True,2000,212112206,60758,9768,1
511527,True,1463,191563423,4098,13464,1
511575,True,41,12175396,190739,9779,1
511767,True,42,12366135,533222,9780,1
511945,True,43,12899357,384639,9781,1
512126,True,44,13283996,673746,9782,1
512403,True,40,12150641,24755,9783,1
512460,True,39,12144514,6127,9786,1
512582,True,2001,212172964,24661,9789;13946,2
512610,True,1128,172299616,131202,9791,1
512681,True,2002,212197625,65213,9793,1
512745,True,100,31378291,1206484,9814,1
512749,True,106,33334941,79822,9809,1
512753,True,107,33414763,98436,9810,1
512757,True,108,33513199,109008,9811,1
512762,True,105,33215307,119634,9807,1
512768,True,104,33124763,90544,9805,1
512772,True,110,33922236,529775,9808,1
512777,True,109,33622207,300029,9806,1
512781,True,101,32584775,371637,9812,1
512785,True,102,32956412,18665,9813,1
512829,True,103,32975077,149686,9804,1
512833,True,74,26581972,93479,9826,1
512848,True,82,26952182,418977,9828,1
512852,True,84,27384220,90194,9836,1
512856,True,87,28845009,305934,9837,1
512860,True,88,29150943,222027,9838,1
512863,True,90,29605255,22887,9839,1
512871,True,92,29642078,167609,9841,1
512875,True,93,29809687,160062,9843,1
512879,True,94,29969749,223545,9845,1
512883,True,95,30193294,307335,9847,1
512887,True,89,29372970,232285,9850,1
513823,True,85,27474414,90192,9881,1
513835,True,91,29628142,13936,9882,1
513967,True,2004,212264469,28238,9884,1
513981,True,1882,204551305,31528,9886,1
513998,True,86,27564606,1280403,9888,1
514296,True,2003,212262838,1631,9891,1
514326,True,112,34468947,1275833,9893,1
514454,True,2943,274721841,6277,9903,1
514460,True,2944,274728118,6283,9904,1
514464,True,2945,274734401,4538,9906,1
514468,True,2946,274738939,6276,9908,1
514624,True,1906,205687166,62842,9918,1
514678,True,2947,274745215,4538,9924,1
514692,True,2507,264951213,14883,9937,1
514695,True,2506,264936330,14883,9925,1
514705,True,2423,262451076,32498,9928,1
514759,True,2528,265493264,6530,9933,1
514771,True,3220,285534395,80585,10049,1
514791,True,3387,291558233,86169,9936,1
514804,True,2642,266753672,19216,9916,1
514849,True,2834,272051346,45827,9942,1
514854,True,2835,272097173,81707,9943,1
515192,True,3721,318060824,5260,9977,1
515234,True,180,45023556,21266,6535,1
515286,True,96,30500629,72994,9976,1
515301,True,97,30573623,5395,9964;9965;9966;9968;9969;9970;9971;9972;9973;9974,10
516104,True,1215,182087639,5274,14321,1
516108,True,1216,182092913,6831,14322,1
516112,True,1217,182099744,6417,14323,1
516113,True,1218,182106161,6331,14324,1
516114,True,1219,182112492,10075,14325,1
516154,True,1220,182122567,2635,14326;14327;14328;14329;14330,5
516162,True,1221,182125202,5179,14331;14332;14333;14334;14335,5
516169,True,1222,182130381,5179,14336;14337;14338;14339,4
516175,True,1223,182135560,5499,14340;14341;14342;14343;14344;14345,6
516183,True,1224,182141059,7211,14346;14347;14348,3
516188,True,1225,182148270,7347,14349;14350,2
516525,True,1208,182051186,2635,14351;14352;14353;14354;14355;14356,6
516528,True,1209,182053821,5627,14357;14358;14359;14360;14361;14362;14363,7
516529,True,1210,182059448,5691,14364;14365;14366;14367;14368;14369;14370;14371;14372,9
516530,True,1211,182065139,7211,14373;14374;14375,3
516537,True,1212,182072350,2635,14376;14377;14378;14379,4
516538,True,1213,182074985,5307,14380;14381;14382,3
516539,True,1214,182080292,7347,14383;14384;14385,3
516607,True,1152,177037643,516969,9995,1
516608,True,1153,177554612,270979,9996,1
516609,True,1154,177825591,1738878,9997,1
516623,True,83,27371159,13061,10070,1
516721,True,1202,182006616,2635,14386;14387;14388,3
516728,True,1203,182009251,7571,14389;14390;14391,3
516733,True,1204,182016822,7707,14392;14393,2
516737,True,1205,182024529,7775,14394;14395;14396;14397;14398,5
516744,True,1206,182032304,10583,14399;14400,2
516749,True,1207,182042887,8299,14401,1
517025,True,1195,181796956,34899,10016;10018;10019;10020;10021;10032,6
517100,True,113,35744780,301439,10023,1
517137,True,76,26677226,163112,10027,1
517152,True,77,26840338,7692,10029,1
517159,True,114,36046219,314080,10037,1
517207,True,122,36624090,350045,10035,1
517249,True,123,36974135,67379,10036,1
517322,True,80,26912800,19641,10330;10043,2
517332,True,81,26932441,19741,10331;10044,2
517384,True,1196,181831855,36083,13468,1
517747,True,1197,181867938,20201,13470,1
517751,True,1198,181888139,21650,14452,1
517769,True,1192,181731699,21482,10056,1
517965,True,1092,164377884,69816,10062,1
517988,True,2005,212292707,16555,10057,1
518014,True,1193,181753181,21482,10064,1
518122,True,1228,182192540,6025,10076,1
518127,True,1227,182190681,1859,10075,1
518152,True,1229,182198565,6017,10074,1
518352,True,1200,181940256,30715,13474,1
518514,True,1199,181909789,30467,13472,1
518811,True,1201,181970971,35645,13466,1
518858,True,126,37254167,11808,9949,1
518866,True,127,37265975,138481,9950,1
518870,True,128,37404456,16226,9951,1
519123,True,111,34452011,16936,10107,1
519308,True,98,30579018,258804,9861,1
519316,True,99,30837822,540469,9862,1
519341,True,2424,262483574,117924,9914,1
519378,True,1226,182155617,35064,10113,1
519441,True,2101,215307916,36784,10115,1
519569,True,38,12124701,19813,10128,1
519989,True,124,37041514,175902,10294,1
520144,True,125,37217416,36751,10295,1
523227,True,2881,273065591,53816,10152,1
523240,True,2735,269775858,29588,10159,1
523270,True,3298,288246777,65708,10161,1
523274,True,3297,288181069,65708,10163,1
523279,True,2798,271376964,25952,10165,1
523288,True,2634,266680948,6530,10167,1
523308,True,956,141666119,3330,10174,1
523316,True,1169,181077578,740,10155,1
523337,True,1170,181078318,740,10156,1
523338,True,1171,181079058,740,10157,1
523341,True,2859,272645279,15938,10182,1
523345,True,3299,288312485,23471,10184,1
523348,True,3300,288335956,22849,10185,1
523354,True,2799,271402916,13799,10188,1
523365,True,2739,270088439,9311,10196,1
523405,True,2808,271563812,10422,10198,1
523431,True,2660,267412891,90514,10292,1
523555,True,2730,269594015,31272,10210,1
523564,True,2860,272661217,7544,10212,1
523568,True,2736,269805446,11132,10214,1
523596,True,2729,269584979,9036,10216,1
523601,True,2727,269549990,27877,10218,1
523630,True,2740,270097750,31536,10220,1
523640,True,2728,269577867,7112,10222,1
523646,True,2880,273048325,17266,10224,1
523651,True,1113,168181273,83848,10228,1
523664,True,2082,214981417,77430,13510,1
523669,True,1159,180977408,4458,13512,1
523679,True,1114,168265121,42080,10640,1
523684,True,1115,168307201,40506,10641,1
523689,True,1116,168347707,135358,10642,1
523887,True,2854,272552549,21196,10247,1
523892,True,1094,164565817,464229,10250,1
524008,True,1093,164447700,118117,10252,1
524016,True,3576,303095035,195082,13774,1
524062,True,3406,291831592,6774,12981,1
524068,True,3564,301252772,180793,13775,1
524104,True,3573,302230006,460483,13777,1
524127,True,3405,291823908,7684,12983,1
524134,True,3407,291838366,8124,12985,1
524158,True,1359,185569267,8700,12990,1
524160,True,1364,185624593,37162,12989,1
524162,True,1361,185589199,10388,12991,1
524164,True,1360,185577967,11232,12992,1
524166,True,1363,185606731,17862,12988,1
524354,True,1655,197382297,6675,11808;11812;11813;11816;11829;11833;11834;11835;11836;13921;16127;16206;16207,13
524417,True,3535,296049419,240298,13778,1
524432,True,2635,266687478,12260,10282,1
524439,True,2867,272769362,14881,10284,1
524442,True,3301,288358805,23137,10287,1
524484,True,2667,267533211,3667,14008,1
524488,True,2673,267602231,6191,14006,1
524491,True,2672,267585246,16985,14007,1
524502,True,1636,197188396,13925,14029,1
524510,True,1639,197223603,12691,14028,1
524517,True,1638,197214236,9367,14030,1
524523,True,2929,274234929,6372,10289,1
524527,True,2928,274225605,9324,10291,1
524725,True,344,72319551,4584,10298,1
524750,True,78,26848030,29578,10300,1
524770,True,79,26877608,35192,10302,1
524790,True,1362,185599587,7144,12987,1
524799,True,2530,265506324,6530,10305,1
524934,True,3566,301544077,255685,13722;13779,2
524987,True,2105,215374074,58736,10311,1
525621,True,2962,275016840,9435,10363,1
525624,True,2963,275026275,12563,10364,1
525626,True,2964,275038838,8551,10365,1
525628,True,2965,275047389,10223,10366,1
525630,True,2761,270550145,33929,10343,1
525633,True,2762,270584074,33929,10344,1
525636,True,2763,270618003,18052,10348,1
525639,True,2764,270636055,27902,10349,1
525642,True,2765,270663957,27902,10350,1
525649,True,2772,270814767,23256,10373,1
525652,True,2773,270838023,24256,10374,1
525654,True,2774,270862279,24256,10375,1
525656,True,2775,270886535,24258,10376,1
525658,True,2776,270910793,24256,10377,1
525660,True,2777,270935049,12984,10378,1
525662,True,2636,266699738,6528,10355,1
525665,True,2637,266706266,6528,10356,1
525668,True,2638,266712794,12260,10357,1
525671,True,2639,266725054,6530,10358,1
525707,True,3412,291873221,4443,12994,1
525711,True,3413,291877664,4952,12996,1
525715,True,3414,291882616,5396,12998,1
525719,True,3408,291846490,4844,13000,1
525723,True,3411,291863160,10061,13006,1
525727,True,3410,291859098,4062,13004,1
525743,True,3409,291851334,7764,13002,1
525749,True,3398,291732340,11059,13008,1
525753,True,1573,194837905,58101,14453,1
525763,True,3397,291726285,6055,13010,1
525766,True,3399,291743399,11881,13012,1
525775,True,3400,291755280,7875,13016,1
525873,True,3401,291763155,3020,13014,1
525877,True,3402,291766175,7107,13018,1
525914,True,2640,266731584,9828,10432,1
525918,True,2643,266772888,30128,10434,1
525922,True,2644,266803016,19766,10436,1
525926,True,2645,266822782,55127,10438,1
525930,True,2646,266877909,49667,10440,1
525934,True,2647,266927576,42330,10442,1
525938,True,2648,266969906,25716,10444,1
525942,True,2649,266995622,8220,10446,1
525946,True,2650,267003842,15052,10448,1
525950,True,2719,269264733,20316,10450,1
525954,True,2720,269285049,11096,10452,1
525958,True,2721,269296145,21897,10454,1
525961,True,2722,269318042,20602,10456,1
525964,True,2723,269338644,33266,10458,1
525968,True,2724,269371910,26434,10460,1
525982,True,2725,269398344,75823,10462,1
525990,True,2726,269474167,75823,10464,1
526103,True,3379,290782658,142400,10473,1
526104,True,3335,289220258,21557,10475,1
526105,True,3336,289241815,26949,10476,1
526106,True,3337,289268764,44233,10477,1
526107,True,3338,289312997,16469,10478,1
526108,True,3380,290925058,158678,10474,1
526109,True,3381,291083736,17984,10472,1
526135,True,488,76976447,1018499,10480,1
526176,True,3617,308942102,561879,13782,1
526208,True,1174,181116744,115617,10313,1
526276,True,1173,181080538,36206,10336,1
526552,True,2952,274903217,7741,10491,1
526555,True,2953,274910958,7741,10492,1
526557,True,2954,274918699,7741,10493,1
526559,True,2955,274926440,7741,10494,1
526561,True,2956,274934181,7741,10495,1
526568,True,2571,266461384,7544,10497,1
526578,True,2448,263160519,34828,10499,1
526608,True,2714,269071338,55591,10506,1
526620,True,2715,269126929,61863,10507,1
526624,True,2716,269188792,43178,10508,1
526627,True,2717,269231970,16682,10509,1
526630,True,2718,269248652,16081,10510,1
526644,True,340,71930668,269605,10512,1
526689,True,2641,266741412,12260,10514,1
526698,True,982,141875201,2759,10516;16189,2
526703,True,983,141877960,2759,10518,1
526709,True,958,141672662,3213,10520,1
526718,True,957,141669449,3213,10519,1
526726,True,959,141675875,3213,10521,1
526731,True,960,141679088,3213,10522,1
526742,True,953,141636828,3087,10523,1
526764,True,1544,194095684,22689,13528,1
526790,True,1545,194118373,8340,13526,1
526809,True,1546,194126713,23437,13524,1
526863,True,1547,194150150,17115,13532,1
526885,True,966,141703583,2759,10532,1
526926,True,1602,195767565,34626,13518,1
526932,True,1524,193021980,11091,13520,1
526939,True,1525,193033071,26869,13522,1
526946,True,1519,192886899,115244,14457,1
526954,True,985,141884935,5698,10539,1
526959,True,117,36550999,12884,10549,1
526963,True,118,36563883,19772,10550,1
526967,True,119,36583655,19772,10551,1
526971,True,120,36603427,10326,10552,1
526975,True,121,36613753,10337,10553,1
527001,True,1149,176796562,144446,10557,1
527058,True,1150,176941008,84094,10559,1
527087,True,1151,177025102,12541,10561,1
527569,True,115,36360299,76070,10591,1
527865,True,116,36436369,114630,10598,1
527964,True,1549,194175025,29979,14454,1
527971,True,1550,194205004,29079,14455,1
527978,True,1551,194234083,39657,14456,1
527984,True,1536,193843120,45200,14459,1
527996,True,1537,193888320,28472,14461,1
528004,True,1538,193916792,55344,14460,1
528015,True,1539,193972136,67364,14462,1
528035,True,1572,194772208,65697,14458,1
528043,True,1436,189944693,8817,13514,1
528046,True,1437,189953510,9191,13516,1
528053,True,1543,194088777,6907,13530,1
528310,True,341,72200273,116164,10613,1
528341,True,485,76840981,37442,10615,1
528358,True,486,76878423,48517,10617,1
528447,True,487,76926940,49507,10623,1
528457,True,962,141686517,4890,10626,1
528466,True,976,141790225,14046,10628,1
528481,True,2708,268861410,46777,10630,1
528888,True,1148,176776662,19900,10645,1
529695,True,1914,205814498,35103,13894,1
529721,True,1921,205996685,29532,13899,1
529989,True,556,85176637,84439,10710,1
530007,True,557,85261076,70752,10711,1
530022,True,558,85331828,98693,10712,1
530034,True,559,85430521,47250,10713,1
530047,True,560,85477771,58202,10714,1
530064,True,561,85535973,54825,10715,1
530079,True,562,85590798,78081,10716,1
530093,True,563,85668879,131209,10717,1
530109,True,564,85800088,157115,10718,1
530514,True,565,85957203,323605,10707,1
530571,True,1580,194955981,44286,14463,1
530576,True,1581,195000267,34310,14464,1
530581,True,1582,195034577,42894,13534,1
530601,True,1583,195077471,26634,14465,1
530650,True,1584,195104105,46912,14466,1
530883,True,3616,308777518,164584,13783,1
530919,True,3615,308600855,176663,13784,1
531031,True,2017,212608942,10671,13905,1
531038,True,1915,205849601,23172,13906,1
531244,True,555,85140861,35776,10709,1
531895,True,1483,192091060,14584,14038;14046;14054;14062;14070;14467;14468;14469;14470;14471,10
531897,True,1484,192105644,15452,14039;14047;14055;14063;14071;14472;14473;14474;14475;14476,10
531899,True,1485,192121096,15452,14040;14048;14056;14064;14072;14477;14478;14479;14480;14481,10
531901,True,1486,192136548,25308,14041;14049;14057;14065;14073;14482;14483;14484;14485;14486,10
531903,True,1487,192161856,25308,14042;14050;14058;14066;14074;14487;14488;14489;14490;14491,10
531905,True,1488,192187164,25308,14043;14051;14059;14067;14075;14492;14493;14494;14495;14496,10
531907,True,1489,192212472,14432,14044;14052;14060;14068;14076;14497;14498;14499;14500;14501,10
531909,True,1490,192226904,14432,14045;14053;14061;14069;14077;14502;14503;14504;14505;14506,10
531914,True,1932,206210408,4965,13888;13936,2
531917,True,2104,215365335,8739,13864,1
531921,True,1931,206205452,4956,13887,1
531924,True,1930,206201572,3880,13893;13938,2
531928,True,1922,206026217,19157,13903,1
531932,True,1923,206045374,18363,13904,1
531935,True,1907,205750008,4971,13897,1
531938,True,1908,205754979,6725,13902,1
531939,True,1909,205761704,7244,13898,1
531940,True,1910,205768948,6555,13901,1
531941,True,1911,205775503,9180,13900,1
531942,True,1912,205784683,8975,13896,1
531943,True,1913,205793658,20840,13895,1
532322,True,566,86280808,29113,10832,1
532597,True,3428,292043327,8039,13020,1
532600,True,3429,292051366,5119,13022,1
532690,True,554,85097771,43090,10704,1
533021,True,484,76840444,537,10851,1
533370,True,342,72316437,1882,10855,1
533407,True,343,72318319,1232,10858,1
534092,True,2006,212309262,39643,10875,1
534376,True,1252,183856089,44308,10878;13536,2
534390,True,1251,183795363,60726,10999;10880;13538,3
535218,True,943,141168898,107900,10913,1
535226,True,942,140981356,187542,10914,1
535232,True,930,140870446,86805,10915,1
535238,True,929,140666599,203847,10916,1
535244,True,928,140598517,68082,10917,1
535256,True,921,138565045,120497,10919,1
535262,True,922,138685542,130630,10920,1
535268,True,919,138236159,183948,10921,1
535274,True,920,138420107,144938,10922,1
535280,True,917,138108767,97798,10923,1
535286,True,914,137970308,62955,10924,1
535292,True,915,138033263,62963,10925,1
535301,True,944,141276798,136864,10912,1
535451,True,945,141413662,176811,10911,1
535460,True,923,138816172,1048602,10918,1
535779,True,3545,297953166,192420,13785,1
535818,True,3611,307282450,276116,13786,1
535855,True,925,139926629,545,10938,1
535857,True,926,139927174,541,10939,1
535859,True,924,139864774,61855,10940,1
536062,True,1250,183623889,171474,12398,1
536080,True,2007,212348905,39653,10996,1
536178,True,3522,294140770,284861,13787,1
536214,True,916,138096226,12541,10951,1
536323,True,918,138206565,29594,10955,1
536525,True,1172,181079798,740,10965,1
536667,True,2008,212388558,12392,13950,1
536676,True,2009,212400950,33593,13949,1
536685,True,2010,212434543,32929,13947,1
536694,True,2011,212467472,37378,13948,1
536701,True,2012,212504850,37378,13951,1
536708,True,2013,212542228,37378,13952,1
536747,True,931,140957251,2388,10985,1
536750,True,932,140959639,2016,10986,1
536752,True,933,140961655,2388,10987,1
536754,True,934,140964043,2016,10988,1
536756,True,935,140966059,2388,10989,1
536758,True,936,140968447,2016,10990,1
536760,True,937,140970463,2388,10991,1
536762,True,940,140977324,2016,10993,1
536764,True,939,140975308,2016,10994,1
536766,True,941,140979340,2016,10995,1
536768,True,938,140972851,2457,10992,1
536823,True,927,139927715,670802,10910,1
537341,True,3752,321879294,52718,12400;12401;12402;12403;12404,5
537641,True,3753,321932012,69889,12425;12426,2
537650,True,3756,322085466,48794,12406;12407,2
537658,True,3757,322134260,47574,12409;12410,2
538114,True,1286,184428720,46219,13907,1
538121,True,1288,184482125,29439,13908,1
538124,True,1289,184511564,18427,13909,1
538126,True,1302,184706542,47334,13910,1
538133,True,1317,184960259,68575,13911,1
538151,True,1325,185130069,8623,13912,1
538156,True,1326,185138692,10611,13913,1
538160,True,1327,185149303,20599,13914,1
538164,True,1329,185174284,20275,13915,1
538167,True,1330,185194559,14880,13916,1
538169,True,1331,185209439,22000,13917,1
539958,True,3785,323121493,28843,12414,1
539998,True,3786,323150336,23867,12412,1
540068,True,3502,292623459,6207,14012;13927,2
540069,True,2668,267536878,11591,14010;13928,2
540070,True,2669,267548469,7199,14009;13929,2
540071,True,2665,267517707,7389,13930,1
540075,True,2666,267525096,8115,14011;13926,2
540098,True,1637,197202321,11915,14033;13931,2
540099,True,1634,197168512,11907,14034;13932,2
540100,True,1640,197236294,6433,14032;13933,2
540101,True,1633,197160685,7827,14031;13934,2
540102,True,1635,197180419,7977,13935,1
540176,True,3774,322820528,46335,12416;16191;16192;16193;16194,5
540203,True,3769,322720953,28905,12418;16195;16196;16197;16198,5
540284,True,3162,283213643,106496,11071,1
540304,True,3163,283320139,14766,11073,1
540320,True,507,78942425,141424,11105,1
540336,True,508,79083849,161885,11106,1
540348,True,509,79245734,146440,11107,1
540359,True,510,79392174,70574,11108,1
540369,True,511,79462748,118709,11109,1
540380,True,512,79581457,129924,11110,1
540390,True,513,79711381,110361,11111,1
540401,True,514,79821742,95411,11112,1
540413,True,515,79917153,87878,11113,1
540423,True,516,80005031,139391,11114,1
540443,True,491,78034691,173940,11115,1
540454,True,492,78208631,74048,11116,1
540462,True,493,78282679,125114,11117,1
540470,True,494,78407793,16291,11118,1
540477,True,495,78424084,18259,11119,1
540484,True,496,78442343,15083,11120,1
540491,True,497,78457426,11919,11121,1
540498,True,3164,283334905,53637,11097,1
540499,True,498,78469345,16335,11122,1
540511,True,499,78485680,17516,11123,1
540517,True,500,78503196,22254,11124,1
540527,True,501,78525450,5509,11125,1
540533,True,502,78530959,16040,11126,1
540540,True,522,81492494,393139,11127,1
540542,True,521,81381851,110643,11128,1
540553,True,525,82181294,9004,11129,1
540655,True,517,80144422,108267,11134,1
540667,True,518,80252689,64532,11135,1
540680,True,3166,283470760,68704,11137,1
540687,True,519,80317221,205984,11139,1
540760,True,504,78560102,61682,11143,1
540768,True,503,78546999,13103,11142,1
540780,True,489,77994946,25227,11146,1
540787,True,490,78020173,14518,11147,1
540794,True,505,78621784,160921,11151,1
540806,True,526,82190298,45503,11153,1
540828,True,523,81885633,278515,11155,1
541076,True,524,82164148,17146,11156,1
541087,True,506,78782705,159720,11159,1
541107,True,520,80523205,858646,11160,1
541361,True,1062,161904390,29680,11176,1
541365,True,1063,161934070,36897,11177,1
541367,True,1065,161992112,19863,11179,1
541369,True,1064,161970967,21145,11178,1
541379,True,1070,162119093,37005,11181,1
541386,True,1068,162081103,20145,11183,1
541516,True,1046,159956908,278641,11185,1
541738,True,1052,161610455,4870,11196,1
541742,True,1054,161673392,51632,11194,1
541748,True,1055,161725024,64592,11195,1
541756,True,1071,162156098,14832,11197,1
541760,True,1072,162170930,5878,11200,1
541763,True,1051,161555147,55308,11206,1
541772,True,1053,161615325,58067,11201,1
541789,True,1069,162101248,17845,11199,1
541995,True,1066,162011975,35242,11211,1
542003,True,1067,162047217,33886,11212,1
542007,True,1058,161832975,56033,11210,1
542072,True,2693,267848401,184809,11203,1
542207,True,842,123043037,1143196,11215,1
542345,True,843,124186233,96451,11217,1
542414,True,836,121629873,413688,11229,1
542418,True,837,122043561,301254,11230,1
542466,True,838,122344815,504761,11231,1
542514,True,3169,283626044,81314,11225,1
542520,True,835,121449272,180601,11228,1
542960,True,3170,283707358,37066,11233,1
543039,True,1056,161789616,27198,11240,1
543048,True,1057,161816814,16161,11239,1
543053,True,1059,161889008,4014,11241,1
543056,True,1060,161893022,4720,11242,1
543059,True,1061,161897742,6648,11243,1
543078,True,827,120554733,647728,11286,1
543494,True,1677,197863257,130997,12420,1
543836,True,3793,323470392,54743,11299,1
544192,True,3746,321421041,111830,12011,1
544432,True,2563,266355909,19212,11271,1
544486,True,2694,268033210,48769,11276,1
544488,True,2695,268081979,37300,11277,1
544494,True,2696,268119279,50180,11278,1
544506,True,2446,263119136,29245,11280,1
544512,True,2458,263664647,70983,11281,1
544570,True,1656,197388972,43747,11804;11818;11822;11825;11827,5
544571,True,1657,197432719,11827,11803;11809;11815;11823;11830,5
544572,True,1658,197444546,11571,11801;11806,2
544706,True,3618,309503981,517721,13789,1
544708,True,3619,310021702,620105,13788,1
545002,True,974,141773006,13003,11294,1
545292,True,3736,321027603,23051,15124,1
545295,True,3735,321003274,24329,15125,1
545478,True,2697,268169459,70979,11308,1
545483,True,2698,268240438,75957,11309,1
545493,True,2651,267018894,72099,11316,1
545496,True,2652,267090993,72103,11317,1
545498,True,2653,267163096,72103,11318,1
545500,True,2654,267235199,41541,11319,1
545502,True,2655,267276740,24453,11320,1
545504,True,2656,267301193,15579,11321,1
545518,True,2658,267333029,19343,11325,1
545521,True,2659,267352372,60519,11324,1
545527,True,3221,285614980,123486,11327,1
545532,True,3222,285738466,76737,11329,1
545536,True,3223,285815203,76737,11331,1
545540,True,3224,285891940,37133,11333,1
545543,True,3225,285929073,47239,11335,1
545549,True,3226,285976312,18523,11336,1
545551,True,3227,285994835,18523,11337,1
545559,True,2657,267316772,16257,11341,1
545570,True,3228,286013358,463381,11343,1
545589,True,3229,286476739,135160,11345,1
545598,True,3511,292692996,217030,11353,1
545614,True,156,44286637,3401,11356,1
545620,True,3638,314951003,189947,13790,1
545665,True,2980,276110234,265326,11360,1
545674,True,2981,276375560,191614,11362,1
545679,True,2983,276663662,191612,11366,1
545682,True,2982,276567174,96488,11365,1
545688,True,3586,304487778,265838,13791,1
545691,True,3587,304753616,122570,13792,1
545718,True,3747,321532871,142377,12009,1
545932,True,3167,283539464,54274,11381,1
545937,True,3168,283593738,32306,11382,1
545944,True,3165,283388542,82218,11380,1
545964,True,2421,262336444,40444,11384,1
545976,True,2811,271604448,26654,11387,1
545980,True,2812,271631102,26654,11388,1
545990,True,2813,271657756,26654,11391,1
546010,True,2968,275343856,226478,11395,1
546022,True,1708,199067943,92991,8203,1
546024,True,2969,275570334,118896,11397,1
546142,True,2014,212579606,12384,13953,1
546149,True,2015,212591990,12384,13954,1
546348,True,3794,323525135,107412,11431,1
546439,True,1836,202911790,23187,13024,1
546483,True,2333,253273441,137665,11496;11497,2
546547,True,2422,262376888,74188,11433,1
546556,True,826,120276213,278520,11435,1
546566,True,828,121202461,149693,11437,1
546608,True,3631,313148039,1094444,13793,1
546718,True,2344,255256792,166164,11498;11563;11583;12066;12067;12068;12069;12070;12071;12072;12073;12074;12075;12076;15231;15232;15233;15234;15235;15236;15237;15238;15239;15240;15241;15242;15243;15244;15278;15279;15280;15281;15282;15283;15284;15285;15286;15287;15288;15289;15290;15291;15292;15293;15294;15295;15296;15297;15298;15299;15300;15301;15302;15303;15304;16236,56
546732,True,967,141706342,3742,11441,1
546738,True,952,141632848,3980,11442,1
546744,True,955,141662139,3980,11452,1
546747,True,968,141710084,3980,11453,1
546750,True,964,141695623,3980,11454,1
546753,True,965,141699603,3980,11455,1
546764,True,946,141590473,3266,11461,1
546769,True,947,141593739,3266,11462,1
546774,True,948,141597005,3266,11463,1
546779,True,949,141600271,3266,11464,1
546785,True,950,141603537,3266,11465,1
546798,True,984,141880719,4216,11474,1
546806,True,969,141714064,4216,11444,1
546812,True,961,141682301,4216,11471,1
546818,True,975,141786009,4216,11472,1
546824,True,963,141691407,4216,11473,1
546875,True,724,110615318,117903,11475,1
546898,True,725,110733221,18909,11477,1
546909,True,979,141832643,14186,11480,1
546916,True,977,141804271,14186,11487,1
546920,True,978,141818457,14186,11488,1
546924,True,981,141861015,14186,11485,1
546928,True,980,141846829,14186,11486,1
547010,True,1668,197583154,45762,13540;13542;13544,3
547148,True,2993,277131630,554092,11493,1
547226,True,726,110752130,537,11501,1
547278,True,951,141606803,26045,11506,1
547288,True,723,110580427,34891,11509,1
547293,True,722,110544056,36371,11510,1
547305,True,721,110533057,10999,11512,1
547537,True,2349,255793731,87176,11519,1
548295,True,2233,235394382,88718,11543,1
548296,True,2218,232892886,733491,11542;11600;11601;11602;11656;11657;12095;12096;12097;12098;12099;12100;12101;12102;12103;12104;13955;14959;15144;15145;15146;15147;15148;15149;15150;15151;15152;15153;15154;15155;15156;15157;15158;15159;15160;15161;15163;15164;15165;15166;15167;15168;15169;15170;15171;15172;15173;15174;15175;15176;16141;16142;11553;11614;11615;11616;11617;11618;16100;16101;16102;16103;16108;16109;16110;16111;16112;16113;11630;11647;11680;11681;11682;11683;11684;11685;11686;11687;11645;11649;11699;11700;11701;11702;11703;11704;11705;11706;11635;11640;11730;11731;11732;11733;11734;11735;11736;11737;15417;15418;15419;15420;15421;15797,104
548808,True,2336,253498914,744536,11513;11599;11603;11604;11655;12105;12106;12107;12108;14960;15215;15216;15217;15218;15219;15220;15221;15222;15223;15224;15225;15226;15227;11524;11525;11526;11550;11551;11552;16104;16105;16106;16107;16115;16116;16117;16118;16119;16120;11629;11648;11689;11691;11692;11693;11694;11695;11696;11697;11646;11650;11721;11722;11723;11724;11725;11726;11727;11728;11636;11639;11740;11741;11742;11743;11744;11745;11746;11747;15422;15423;15424;15425;15426;14512;15795,76
548977,True,2214,232503662,113787,11558;11559,2
549031,True,2226,234618247,162726,11560;11562;12077;12078;12079;12080;12081;12082;12083;12084;12085;12086;12087;12088;15127;15128;15129;15130;15131;15132;15133;15134;15135;15136;15137;15138;15139;15140;15250;15251;15252;15253;15254;15255;15256;15257;15258;15259;15260;15261;15262;15263;15264;15265;15266;15267;15268;15269;15270;15271;15272;15273;15274;15275;15276;15305;16237,57
549100,True,49,15930067,609022,11574,1
549102,True,50,16539089,460008,11575,1
549108,True,51,16999097,365316,11576,1
549112,True,52,17364413,1219651,11577,1
549114,True,53,18584064,86293,11578,1
549118,True,54,18670357,100360,11579,1
549120,True,48,15136301,793766,11580,1
549164,True,2244,236896412,113823,11589;12127;12128;12129;12130;12131;12132;12133;12134;12135;12136;12137;12138;12140;14640;14641;14642;14643;14644;14645;14646;14647;14648;14649;14651;14655;14656;14657;14658;14659;14660;14661;14662;14663;14664;14665;14666;14670;14671;14675;14676;14677;14678;14679;14681;14685;14686;14687;14688;14689;14690;14691;14692;14693;14694;14695;15641;16415,58
549229,True,2351,255919968,117175,11590;12113;12114;12115;12116;12117;12118;12119;12120;12121;12122;12123;12124;12126;14585;14586;14587;14588;14589;14590;14591;14592;14593;14594;14595;14596;14597;14598;14599;14600;14601;14602;14603;14604;14605;14606;14607;14608;14609;14615;14616;14617;14618;14619;14620;14621;14622;14623;14624;14625;14626;14627;14628;14634;14635;14636;14638;15640;16414,59
549571,True,2320,252240375,28019,11622,1
549576,True,2200,231350451,28049,11623,1
550044,True,2317,252154685,40870,11627;16333,2
550049,True,2197,231264522,40971,11628,1
551508,True,1811,202509939,9202,11769,1
551512,True,1812,202519141,15730,11770,1
551551,True,2212,231944972,249750,11776;11777;11778;12034;12037;12039;12041;12048;12049;12050;12051;12052;12053;12059;12060;12061;12062;12063;12065;16413,20
551564,True,2331,252741941,254418,11773;11774;11775;11941;12036;12038;12040;12042;12043;12044;12045;12046;12047;12054;12055;12056;12057;12058;12064;16412,20
551661,True,2255,238657784,731823,11847;11963;12089;12090;12091;12092;12093;12094;15326;15327;15328;15329;15330;15331;15332;15333;15334;15335;15336;15337;15338;15339;15354;15371;15372;15373;15374;15375;15376,29
552261,True,2163,227128387,38907,11658,1
552522,True,2350,255880907,39061,11973;11979;11981,3
552527,True,2238,235833136,38551,11974;11980;11982,3
552586,True,2198,231305493,20106,11985,1
552587,True,2318,252195555,19998,11986,1
552677,True,2199,231325599,24852,12020,1
552678,True,2201,231378500,34136,12021,1
552679,True,2202,231412636,31652,12022,1
552681,True,2203,231444288,20190,12023;16130,2
552682,True,2319,252215553,24822,12024,1
552683,True,2322,252302422,31622,12026,1
552684,True,2321,252268394,34028,12025,1
552685,True,2323,252334044,20082,12027;16131,2
552782,True,2215,232617449,37471,12033;12165;12166,3
552783,True,2334,253411106,37579,12032;12167;12168,3
554074,True,55,18770717,294561,12152,1
554075,True,56,19065278,464691,12153,1
554076,True,57,19529969,1765934,12154,1
554106,True,58,21295903,173018,12155,1
554110,True,60,22004365,455533,12157,1
554178,True,59,21468921,535444,12156,1
554881,True,2346,255604482,43613,12680;12687;12701;14940;14941;14942;14943;14944,8
554896,True,2228,234978197,43935,12638;12671;12675;14945;14946;14947;14948;14949,8
559052,True,2277,247270508,121764,13980,1
559053,True,2153,225124891,123388,13979,1
559321,True,2240,235995251,55301,13982,1
559452,True,2256,239389607,756261,13984;14555;14556;14557;14558;14559;14560;14561;14562;14563;14564;14565;14566;15308;15316;15317;15318;15319;15320,19
560104,True,2241,236050552,110298,14084,1
560105,True,2242,236160850,164659,14085,1
560318,True,2345,255422956,181526,14513;14514,2
563309,True,2227,234780973,197224,14524;14525,2
564294,True,2352,256037143,146077,14540;14541;14545,3
564315,True,2245,237010235,149153,14543;14544;14546,3
564344,True,2161,227010356,89117,14550;14551,2
564345,True,2282,247978735,89015,14549;14552,2
564427,True,2257,240145868,818384,14554;14567,2
565152,True,62,22951973,393240,15000,1
565155,True,63,23345213,863616,15001,1
565158,True,64,24208829,199340,15003,1
565161,True,65,24408169,240717,15002,1
565167,True,67,24784874,185925,15005,1
565189,True,66,24648886,135988,15004,1
565311,True,2232,235252685,141697,14583;14584;14923,3
565556,True,2154,225248279,177454,14613;14614;16238,3
565687,True,61,22459898,492075,14999,1
565690,True,2213,232194722,308940,14633;14637;14650,3
565691,True,2347,255648095,64801,14632,1
565819,True,2332,252996359,277082,14652;14653;14654,3
566105,True,2230,235111155,64755,14668,1
566115,True,2353,256183220,123083,14672;14673;14674,3
566232,True,2246,237159388,127193,14680;14682;14683,3
566323,True,2354,256306303,177145,14697;14698,2
566356,True,2355,256483448,158221,14700;14701;14924,3
566380,True,2348,255712896,80835,14703;16233,2
566482,True,2150,224092619,161254,14705,1
566498,True,2151,224253873,358878,14707;14708;14709;14777;14778;14779;14780;14781;14782;14783;14784;14785;14786,13
566586,True,2275,246519098,371328,14712;14713;14714;14765;14767;14768;14769;14770;14771;14772;14773;14774;14775,13
566623,True,2231,235175910,76775,14716;16235,2
566633,True,2248,237501798,222687,14718;14725;14883;14884;14885;14886;14887,7
566670,True,2247,237286581,215217,14721;14722,2
566701,True,2276,246890426,380082,14724,1
566758,True,2357,256901169,210319,14727;14728;14888;14889;14890;14891;14892,7
566785,True,2358,257111488,224041,14730;14731;14907;14911;14913;14914;14916,7
566906,True,2249,237724485,225043,14763;14764;14882;14897;14902;14904;14906,7
567157,True,2234,235483100,87965,14804;14805;14822;15398;15399;15400;15401;15402;15403;15404;15405;15406;15407;15408,14
567178,True,2235,235571065,61556,14808,1
567250,True,2206,231608355,84944,14925,1
567279,True,2258,240964252,1076618,14819;14957;14958,3
567391,True,2271,245927187,90768,14848;14849;14850;14854;14862;14864;14866;14867;14868;14869;14871,11
567400,True,2149,224002119,90500,14851;14852;14853;14855;14856;14857;14858;14859;14860;14861;14872;14873,12
568024,True,2325,252406958,84836,14927,1
568102,True,2359,257335529,278070,14929,1
568182,True,2261,243975727,806858,14931;14961;14962,3
568240,True,2360,257613599,89119,14933,1
568317,True,2250,237949528,278622,14938,1
568349,True,2251,238228150,91923,14939,1
568561,True,2259,242040870,970026,14956,1
569005,True,2229,235022132,89023,14964;14965;14966;14967;14968;14969;14970;14971;14972;14973;14974;14975,12
569070,True,2356,256641669,259500,14977;15437,2
569102,True,2269,245538391,186816,14979;14980;14981,3
572221,True,2147,223610873,191844,14983;14984;14985,3
573792,True,2164,227167294,69431,11660,1
573804,True,2260,243010896,964831,14988;14989;14990;14991;14992;14993;14994;14995;14996;14997;14998;16409,12
574348,True,2338,254846558,245524,15008;15416,2
574452,True,2146,222719143,891730,15011;15095;15096,3
574558,True,2137,217189218,69379,15024,1
574579,True,2253,238432541,71227,15025,1
574608,True,2145,221767698,951445,15027;15082;15083;15084;15085;15086;15087;15088;15089;15090;15091;16408,12
574649,True,2270,245725207,201980,15029;15030;15031;16240,4
574703,True,2141,218208914,749921,15033;15070;15071;15072;15073;15074;15075;15076;15077;15078;15079;15080;15310;15311;15312;15313;15314;15315,18
574751,True,2148,223802717,199402,15035;15036;15037;16239,4
574785,True,2340,255124400,25774,15039,1
574799,True,2222,234485167,25882,15041,1
574817,True,2341,255150174,42594,15068;15069,2
574828,True,2223,234511049,42958,15066;15067,2
574845,True,2140,217478861,730053,15049;15053;15054;15055;15056;15057;15058;15059;15355;15356;15357;15358;15359;15360;15361;15362;15363;15364;15365;15366;15367;15368;15377;15384;15385;15386;15387;15388;15389,29
574862,True,2342,255192768,24430,15050,1
574894,True,2224,234554007,24538,15052,1
575080,True,2225,234578545,39702,15046,1
575085,True,2343,255217198,39594,15043,1
575658,True,2339,255092082,32318,15098,1
575671,True,2221,234452741,32426,15100,1
575776,True,2144,220824068,943630,15103,1
576008,True,2272,246017955,84874,15120;15121;15122,3
576171,True,3418,291909049,34452,13795;13796;13797;13798;13799;13800;13801;13802;13803;13804;13805;13806;13807;13808;13809;13810;13811;15872;15873;15874;15875;15876;15877;15878;15879;16135,26
576352,True,3419,291943501,11632,12748;12749;12750;12751;12752;12753;12754;12755;12756;12757;12758;12759;12760;12761;12762;12763;12764,17
576789,True,68,24970799,573063,15209,1
576791,True,69,25543862,36709,15210,1
576795,True,70,25580571,837242,15211,1
576799,True,71,26417813,48653,15212,1
576803,True,72,26466466,80128,15213,1
576807,True,73,26546594,35378,15214,1
576976,True,2143,219771667,1052401,15230;15245;15246,3
577197,True,2220,234220386,232355,15248;15277,2
577901,True,2284,248094578,73905,11659,1
578441,True,2165,227236725,100361,11662,1
579284,True,2283,248067750,26828,11523;11675;15619,3
579289,True,2162,227099473,28914,11554;11674,2
579739,True,2142,218958835,812832,15391;15392,2
579810,True,2166,227337086,150200,11664,1
579821,True,2167,227487286,93682,11666,1
579840,True,2168,227580968,101382,11668,1
579853,True,2169,227682350,58622,11670,1
579866,True,2285,248168483,71034,11661,1
580079,True,2286,248239517,44674,11663,1
580098,True,2288,248330513,50362,11667,1
580110,True,2170,227740972,138396,11672,1
580140,True,2287,248284191,46322,11665,1
580185,True,2289,248380875,31182,11669,1
580207,True,2290,248412057,68759,11671,1
580224,True,2291,248480816,51854,11673,1
581204,True,2039,213062525,80766,15436,1
581205,True,2024,212685519,16658,15458,1
581212,True,2025,212702177,30244,15459,1
581216,True,2026,212732421,30770,15460,1
581220,True,2027,212763191,22540,15461,1
581224,True,2028,212785731,30566,15462,1
581228,True,2029,212816297,16666,15463,1
581232,True,2030,212832963,22622,15464,1
581236,True,2031,212855585,31246,15465,1
581240,True,2032,212886831,22956,15466,1
581244,True,2033,212909787,30676,15467,1
581248,True,2034,212940463,30440,15468,1
581252,True,2035,212970903,22814,15469,1
581256,True,2036,212993717,23046,15470,1
581260,True,2037,213016763,22858,15471,1
581264,True,2038,213039621,22904,15472,1
581409,True,1801,202168734,12652,15143,1
581495,True,75,26675451,1775,15478,1
581572,True,2315,252050385,46542,15481,1
581630,True,1178,181359500,60377,15483,1
581676,True,2316,252096927,57758,15485,1
581688,True,2195,231159886,46650,15488,1
581691,True,2196,231206536,57986,15489,1
581707,True,1616,196473428,54206,15491,1
581772,True,1617,196527634,40967,15495,1
581963,True,2172,228000935,131763,15582,1
581970,True,2174,228247333,128543,15584,1
581977,True,2175,228375876,165936,15585,1
581984,True,2176,228541812,71125,15586,1
581991,True,2177,228612937,121607,15587,1
582045,True,2171,227879368,121567,15581,1
582064,True,2173,228132698,114635,15583,1
582101,True,2178,228734544,132063,15588,1
582114,True,2181,229136843,152851,15591,1
582127,True,2182,229289694,68272,15592,1
582144,True,2183,229357966,99773,15593,1
582198,True,2184,229457739,45910,15594,1
582210,True,2186,229590233,82764,15596,1
582223,True,2187,229672997,159580,15597,1
582235,True,2188,229832577,121548,15598,1
582247,True,2292,248532670,160786,15601,1
582252,True,2293,248693456,200346,15602,1
582262,True,2294,248893802,199086,15603,1
582268,True,2295,249092888,180482,15604,1
582275,True,2296,249273370,69314,15605,1
582286,True,2297,249342684,74170,15606,1
582293,True,2298,249416854,192762,15607,1
582299,True,2299,249609616,80146,15608,1
582307,True,2300,249689762,159310,15609,1
582314,True,2301,249849072,269008,15610,1
582323,True,2302,250118080,47190,15611,1
582330,True,2303,250165270,131959,15612,1
582335,True,2189,229954125,158129,15599,1
582354,True,2190,230112254,154845,15600,1
582368,True,2179,228866607,90754,15589,1
582381,True,2180,228957361,179482,15590,1
582424,True,2304,250297229,31526,15613,1
582435,True,2305,250328755,59000,15614,1
582436,True,2306,250387755,256140,15615,1
582443,True,2307,250643895,265160,15616,1
582448,True,2308,250909055,116712,15617,1
582549,True,2185,229503649,86584,15595,1
582576,True,2309,251025767,160638,15618,1
582705,True,1623,196774295,41656,15646,1
582722,True,2310,251186405,90518,15620,1
582791,True,2070,214369712,4022,15659,1
582796,True,1459,191491572,44664,15658,1
582812,True,482,76487248,10473,15662,1
583242,True,1627,196920727,67954,15623;15635;15636;15637;15941;15987;15988;15989;15999;16000;16001;16002;16003;16004;16005;16006;16007;16008;16009;16010;16011;16012;16044;16045;16046;16047,26
583243,True,1629,197017085,44374,15630;16050;16051;16052;16053,5
583244,True,1625,196836181,43394,15625;16013;16014;16015;16016;16017;16018;16040;16041;16042;16043,11
583245,True,1631,197100505,51464,15624;15631;15819;16022;16037;16038;16039,7
583246,True,1630,197061459,39046,15719,1
583247,True,1624,196815951,20230,15626;15629;15990;16023;16024;16025;16026;16027;16028;16032;16035;16036;16049,13
583399,True,1632,197151969,8716,15671;15672;15673;15674;15675;15676;15677;15678;15679;15680;15681;15682;15683;15684;15685;15686;15687;15688;15689;15690;15691;15692;15693;15694;15695;15696;15697;15698;15699;15700;15701;15703;15704;15705;15706;15707;15708;15709;15710;15711;15712;15713;15714;15715;15737;15738;15739;15740;15742;15744;15745;15746;15747;15748;15749;15750;15751;15752;15753;15755;15756;15757;15758;15759;15760;15761;15762;15763;15764;15765;15766;15767;15768;15769;15770;15771;15772;15773;15774;15776;15777;15778;15779;15780;15781;15782;15783;15784;15785;15786;15787;15788;15789;15790;15791;15792;15793;15794;15945;15946;15947;15948;15949;15950;15951;15952;15953;15954;15955;15956;15957;15958;15959;15960;15961;15962;15963;15964;15965;15966;15967;15968;15969;15970;15971;15972;15973;15974;15975;15976;15977;15978;15979;15980;15981;15982;15992;15993,138
583426,True,1628,196988681,28404,15627;15632;15818;16019;16020;16021;16048;16054;16055;16056;16057;16058;16059,13
583427,True,1626,196879575,41152,15628;15735;16029;16030;16031,5
583872,True,334,69778627,785897,15808,1
584046,True,335,70564524,1084501,15809,1
584123,True,333,69707578,71049,15810,1
584141,True,338,71785027,89939,15811,1
584177,True,339,71874966,55702,15812,1
584212,True,336,71649025,54795,15813,1
584237,True,337,71703820,81207,15814,1
584333,True,332,69681833,25745,15815,1
584595,True,134,40858981,23145,15854,1
584602,True,1845,203285390,78713,14935;15927,2
584607,True,135,40882126,954898,15855,1
584668,True,136,41837024,127580,15856,1
584676,True,137,41964604,118221,15857,1
584689,True,138,42082825,109066,15858,1
584692,True,139,42191891,35648,15859,1
584695,True,140,42227539,543085,15860,1
584696,True,141,42770624,401552,15861,1
584697,True,142,43172176,192847,15862,1
584698,True,143,43365023,193476,15863,1
584699,True,144,43558499,138777,15864,1
584700,True,145,43697276,86990,15865,1
584701,True,146,43784266,54460,15866,1
584702,True,147,43838726,100785,15867,1
584703,True,148,43939511,109922,15868,1
584704,True,149,44049433,111260,15869,1
584705,True,150,44160693,39187,15870,1
584706,True,151,44199880,38933,15871,1
584707,True,133,40339123,519858,15853,1
584708,True,2100,215262582,45334,15847,1
584739,True,2204,231464478,52940,15850,1
584744,True,2324,252354126,52832,15851,1
584907,True,2678,267627646,36977,15884;15920;15921;15922,4
584910,True,2687,267785506,37072,15883;15886;15887;15888;15889;15890,6
584915,True,2680,267668517,21565,15885;15928;15929;15930;15931,5
585001,True,1899,205433985,63152,15823;15896;15897;15898;15899;15900;15901;15902;15903;15904;15905;15906;15907;15908;15909;15910;15911;15912;15913;15914;15915;15916;15917;15918;15919,25
585050,True,1253,183900397,23400,15895,1
585284,True,1840,203038423,25512,15925;15926,2
586184,True,2335,253448685,50229,15936;16076,2
586272,True,2216,232654920,50657,15940;16075,2
586451,True,2682,267693937,37064,12632;12633;12637;12639;12645;12646;12647;12653;12658;12666;12667;12668;16128,13
586454,True,2683,267731001,13724,12635;12654;12660;12661;12662;12665;16204;16205,8
586455,True,2684,267744725,21818,12664,1
586456,True,2685,267766543,13652,12630;12631;12634;12636;12640;12641;12642;12643;12644;12648;12649;12650;12651;12652;12655;12656;12657;12659;12663;13925,20
587246,True,152,44238813,17374,16034,1
588466,True,2040,213143291,39217,14508,1
588469,True,2041,213182508,28933,14509,1
588768,True,2236,235632621,88279,16122;16123,2
588770,True,2670,267555668,7121,16125,1
588772,True,2671,267562789,22457,16126,1
591011,True,2239,235871687,123564,16143;16144,2
591087,True,2155,225425733,179735,16145,1
591117,True,1100,165396457,552549,16146,1
591118,True,1101,165949006,192252,16147,1
591122,True,1102,166141258,87170,16148,1
591136,True,973,141747295,25711,16149,1
591142,True,972,141721632,25663,16150,1
591148,True,1520,193002143,6469,16152;16153;16154;16155,4
591167,True,2237,235720900,112236,16165,1
591182,True,179,44973152,50404,6534,1
591185,True,47,14279406,856895,16190,1
591247,True,1370,185750608,16444,16199,1
591248,True,1371,185767052,8364,16200,1
591249,True,1372,185775416,6088,16201,1
591258,True,3552,299594069,353028,13776,1
591286,True,1619,196570013,12079,16203,1
591379,True,1259,184038139,23384,16226,1
591382,True,3712,317894490,30842,6164,1
591386,True,131,39960092,376049,16228,1
591432,True,132,40336141,2982,16229,1
591614,True,1604,195817016,123509,16268,1
591631,True,1528,193213215,123902,16248,1
591636,True,1158,180331580,645828,16404,1
591650,True,1155,179564469,231467,16405,1
591652,True,1156,179795936,420832,16406,1
591655,True,1157,180216768,114812,16407,1
591660,True,1529,193337117,249106,16251,1
591666,True,1603,195802191,14825,16267,1
591668,True,1605,195940525,32914,16269,1
591669,True,1530,193586223,60734,16250,1
591670,True,1531,193646957,44050,16260,1
591673,True,1532,193691007,45682,16245,1
591674,True,1533,193736689,28262,16246,1
591675,True,1534,193764951,29678,16247,1
591676,True,1424,189267547,154406,16255,1
591683,True,2102,215344700,16313,16253,1
591689,True,1535,193794629,48491,16257,1
591690,True,1809,202416363,78238,16259,1
591766,True,2337,254243450,603108,16303,1
591774,True,2219,233626377,594009,16313,1
591775,True,2279,247429741,99494,16297,1
591778,True,2281,247809175,169560,16299,1
591779,True,2280,247529235,279940,16298,1
591780,True,2159,226026318,446053,16302,1
591781,True,2158,225743301,283017,16301,1
591782,True,2157,225643650,99651,16300,1
591783,True,2327,252553209,33705,16291,1
591797,True,2326,252491794,61415,16290,1
591806,True,2209,231788947,19523,16296,1
591807,True,2208,231755058,33889,16295,1
591808,True,2207,231693299,61759,16294,1
591812,True,2262,244782585,180181,16314,1
591813,True,2263,244962766,40189,16315,1
591816,True,2264,245002955,214407,16316,1
591819,True,2265,245217362,34019,16317,1
591820,True,2266,245251381,102375,16318,1
591840,True,2191,230267099,216755,16324,1
591842,True,2328,252586914,18733,16292,1
591847,True,2194,231003346,156540,16325,1
591969,True,2278,247392272,37469,16375,1
591971,True,2156,225605468,38182,16374,1
591974,True,2273,246102829,194952,16307,1
591977,True,2217,232705577,187309,16306,1
591980,True,3791,323385030,31356,16280,1
591982,True,2131,216639860,65286,16284,1
591983,True,2136,217127008,62210,16282,1
591984,True,2129,216503692,85382,16283,1
591985,True,2132,216705146,62102,16285,1
591986,True,2133,216767248,85274,16286,1
591990,True,2128,216438370,65322,16281,1
591994,True,2134,216852522,223808,16289,1
591995,True,2138,217258597,60642,16288,1
591999,True,3614,307793599,807256,16304,1
592031,True,3621,311114629,639951,16308,1
592046,True,1422,188825642,305679,16310,1
592060,True,2135,217076330,50678,16312,1
592121,True,2130,216589074,50786,16311,1
592124,True,2193,230786228,217118,16326,1
592127,True,2311,251276923,112909,16319,1
592128,True,2313,251647070,208357,16323,1
592129,True,2312,251389832,257238,16322,1
592130,True,1420,188532934,152028,16330,1
592141,True,1419,188499484,33450,16329,1
592152,True,1421,188684962,140680,16332,1
592157,True,1426,189454477,78456,16328,1
592162,True,2252,238320073,112468,16369,1
592165,True,2361,257702718,111086,16368,1
592169,True,2267,245353756,24659,16320,1
592186,True,2268,245378415,159976,16321,1
592274,True,2243,236325509,570903,16334,1
592305,True,3404,291787250,36658,16336,1
592314,True,1455,191230678,24014,16340,1
592317,True,1449,190601182,44302,16361,1
592320,True,1448,190474268,126914,16367,1
592328,True,1518,192860985,25914,16338,1
592329,True,1571,194743000,29208,16351,1
592332,True,1540,194039500,30444,16352,1
592335,True,1554,194309013,31006,16354,1
592338,True,1560,194483234,45870,16342,1
592341,True,1561,194529104,39234,16343,1
592344,True,1565,194665415,11746,16344,1
592347,True,1566,194677161,18936,16345,1
592350,True,1567,194696097,29520,16346,1
592353,True,1585,195151017,81436,16339,1
592356,True,1586,195232453,40073,16355,1
592359,True,1587,195272526,34700,16347,1
592362,True,1588,195307226,10926,16348,1
592365,True,1438,189962701,29482,16357,1
592368,True,1444,190047498,52549,16349,1
592373,True,1445,190100047,123999,16359,1
592378,True,1450,190645484,540068,16362,1
592381,True,1453,191197670,16588,16364,1
592384,True,1454,191214258,16420,16365,1
592517,True,3403,291773282,13968,16373,1
592560,True,1446,190224046,125111,16370,1
592561,True,1447,190349157,125111,16371,1
592565,True,2254,238503768,154016,16376,1
592572,True,2139,217319239,159622,16377,1
592577,True,2210,231808470,25109,16378,1
592580,True,2211,231833579,111393,16379,1
592583,True,2329,252605647,25005,16380,1
592584,True,2330,252630652,111289,16381,1
592602,True,2080,214893957,3862,16399,1
592605,True,2274,246297781,221317,16382,1
592615,True,1383,186010950,27402,16388,1
592618,True,1382,185967178,43772,16385,1
592621,True,1381,185922306,44872,16386,1
592626,True,1380,185912348,9958,16396,1
592628,True,1384,186038352,13604,16389,1
592708,True,1378,185884486,17904,16387;16392;16393;16394;16395,5
592715,True,2314,251855427,194958,16410,1
592719,True,2192,230483854,302374,16411,1
592751,True,3792,323416386,54006,16416,1
592853,True,1379,185902390,9958,16384,1
