entry_index,name,packed_size,offset
0,505775.nif,306034,0
1,505813.nif,2043493,306034
2,508854.nif,24352,2349527
3,508947.nif,5156,2373879
4,505007.nif,370897,2379035
5,505031.nif,331256,2749932
6,505225.nif,133189,3081188
7,510661.nif,1210,3214377
8,505209.nif,39766,3215587
9,505055.nif,45615,3255353
10,505058.nif,289895,3300968
11,505074.nif,368691,3590863
12,504936.nif,624132,3959554
13,505062.nif,1236,4583686
14,508623.nif,1225,4584922
15,508626.nif,1225,4586147
16,508629.nif,1225,4587372
17,508632.nif,1225,4588597
18,508635.nif,1225,4589822
19,505072.nif,1705,4591047
20,505066.nif,188708,4592752
21,508654.nif,189865,4781460
22,505591.nif,1297588,4971325
23,505751.nif,143089,6268913
24,507032.nif,1369164,6412002
25,507084.nif,528322,7781166
26,507124.nif,353932,8309488
27,507119.nif,132122,8663420
28,507067.nif,124767,8795542
29,507299.nif,126844,8920309
30,505844.nif,795658,9047153
31,507222.nif,36496,9842811
32,353832.nif,58214,9879307
33,353833.nif,58214,9937521
34,353834.nif,58214,9995735
35,353835.nif,58214,10053949
36,353595.nif,1931943,10112163
37,353844.nif,80595,12044106
38,519569.nif,19813,12124701
39,512460.nif,6127,12144514
40,512403.nif,24755,12150641
41,511575.nif,190739,12175396
42,511767.nif,533222,12366135
43,511945.nif,384639,12899357
44,512126.nif,673746,13283996
45,508326.nif,177659,13957742
46,346639.nif,144005,14135401
47,591185.nif,856895,14279406
48,549120.nif,793766,15136301
49,549100.nif,609022,15930067
50,549102.nif,460008,16539089
51,549108.nif,365316,16999097
52,549112.nif,1219651,17364413
53,549114.nif,86293,18584064
54,549118.nif,100360,18670357
55,554074.nif,294561,18770717
56,554075.nif,464691,19065278
57,554076.nif,1765934,19529969
58,554106.nif,173018,21295903
59,554178.nif,535444,21468921
60,554110.nif,455533,22004365
61,565687.nif,492075,22459898
62,565152.nif,393240,22951973
63,565155.nif,863616,23345213
64,565158.nif,199340,24208829
65,565161.nif,240717,24408169
66,565189.nif,135988,24648886
67,565167.nif,185925,24784874
68,576789.nif,573063,24970799
69,576791.nif,36709,25543862
70,576795.nif,837242,25580571
71,576799.nif,48653,26417813
72,576803.nif,80128,26466466
73,576807.nif,35378,26546594
74,512833.nif,93479,26581972
75,581495.nif,1775,26675451
76,517137.nif,163112,26677226
77,517152.nif,7692,26840338
78,524750.nif,29578,26848030
79,524770.nif,35192,26877608
80,517322.nif,19641,26912800
81,517332.nif,19741,26932441
82,512848.nif,418977,26952182
83,516623.nif,13061,27371159
84,512852.nif,90194,27384220
85,513823.nif,90192,27474414
86,513998.nif,1280403,27564606
87,512856.nif,305934,28845009
88,512860.nif,222027,29150943
89,512887.nif,232285,29372970
90,512863.nif,22887,29605255
91,513835.nif,13936,29628142
92,512871.nif,167609,29642078
93,512875.nif,160062,29809687
94,512879.nif,223545,29969749
95,512883.nif,307335,30193294
96,515286.nif,72994,30500629
97,515301.nif,5395,30573623
98,519308.nif,258804,30579018
99,519316.nif,540469,30837822
100,512745.nif,1206484,31378291
101,512781.nif,371637,32584775
102,512785.nif,18665,32956412
103,512829.nif,149686,32975077
104,512768.nif,90544,33124763
105,512762.nif,119634,33215307
106,512749.nif,79822,33334941
107,512753.nif,98436,33414763
108,512757.nif,109008,33513199
109,512777.nif,300029,33622207
110,512772.nif,529775,33922236
111,519123.nif,16936,34452011
112,514326.nif,1275833,34468947
113,517100.nif,301439,35744780
114,517159.nif,314080,36046219
115,527569.nif,76070,36360299
116,527865.nif,114630,36436369
117,526959.nif,12884,36550999
118,526963.nif,19772,36563883
119,526967.nif,19772,36583655
120,526971.nif,10326,36603427
121,526975.nif,10337,36613753
122,517207.nif,350045,36624090
123,517249.nif,67379,36974135
124,519989.nif,175902,37041514
125,520144.nif,36751,37217416
126,518858.nif,11808,37254167
127,518866.nif,138481,37265975
128,518870.nif,16226,37404456
129,462104.nif,1875492,37420682
130,471602.nif,663918,39296174
131,591386.nif,376049,39960092
132,591432.nif,2982,40336141
133,584707.nif,519858,40339123
134,584595.nif,23145,40858981
135,584607.nif,954898,40882126
136,584668.nif,127580,41837024
137,584676.nif,118221,41964604
138,584689.nif,109066,42082825
139,584692.nif,35648,42191891
140,584695.nif,543085,42227539
141,584696.nif,401552,42770624
142,584697.nif,192847,43172176
143,584698.nif,193476,43365023
144,584699.nif,138777,43558499
145,584700.nif,86990,43697276
146,584701.nif,54460,43784266
147,584702.nif,100785,43838726
148,584703.nif,109922,43939511
149,584704.nif,111260,44049433
150,584705.nif,39187,44160693
151,584706.nif,38933,44199880
152,587246.nif,17374,44238813
153,510375.nif,10501,44256187
154,510356.nif,8883,44266688
155,510365.nif,11066,44275571
156,545614.nif,3401,44286637
157,266865.nif,2392,44290038
158,266450.nif,2392,44292430
159,266861.nif,2392,44294822
160,269529.nif,2626,44297214
161,168181.nif,1169,44299840
162,173763.nif,1162,44301009
163,330780.nif,52845,44302171
164,425538.nif,45820,44355016
165,322612.nif,284116,44400836
166,65665.nif,13409,44684952
167,65672.nif,14006,44698361
168,65678.nif,47229,44712367
169,59222.nif,20797,44759596
170,40324.nif,20800,44780393
171,348610.nif,20769,44801193
172,348632.nif,20769,44821962
173,348647.nif,20769,44842731
174,348652.nif,20769,44863500
175,72465.nif,22040,44884269
176,215028.nif,22281,44906309
177,215059.nif,22281,44928590
178,215082.nif,22281,44950871
179,591182.nif,50404,44973152
180,515234.nif,21266,45023556
181,219542.nif,7327,45044822
182,219564.nif,103688,45052149
183,219589.nif,106337,45155837
184,128752.nif,2275,45262174
185,128915.nif,3376,45264449
186,128932.nif,5017,45267825
187,128949.nif,3680,45272842
188,128966.nif,5017,45276522
189,128983.nif,7367,45281539
190,129001.nif,2527,45288906
191,129020.nif,9783,45291433
192,133047.nif,11723,45301216
193,129043.nif,14310,45312939
194,129063.nif,22978,45327249
195,129085.nif,8997,45350227
196,129104.nif,5844,45359224
197,129123.nif,24842,45365068
198,129143.nif,13905,45389910
199,135016.nif,3840,45403815
200,225492.nif,10029720,45407655
201,320318.nif,13301,55437375
202,321603.nif,11654,55450676
203,131463.nif,70508,55462330
204,131495.nif,58501,55532838
205,131525.nif,68799,55591339
206,131556.nif,60150,55660138
207,131586.nif,67894,55720288
208,132199.nif,69003,55788182
209,132228.nif,57375,55857185
210,344999.nif,207402,55914560
211,191417.nif,19588,56121962
212,128762.nif,301631,56141550
213,127427.nif,265125,56443181
214,127561.nif,135144,56708306
215,127603.nif,190007,56843450
216,127723.nif,144483,57033457
217,127759.nif,156547,57177940
218,127797.nif,65280,57334487
219,127856.nif,166134,57399767
220,127908.nif,98953,57565901
221,127957.nif,68591,57664854
222,126740.nif,104139,57733445
223,278453.nif,99303,57837584
224,296445.nif,108876,57936887
225,128816.nif,193125,58045763
226,128849.nif,326430,58238888
227,278534.nif,315916,58565318
228,128078.nif,177657,58881234
229,128877.nif,254331,59058891
230,128145.nif,195946,59313222
231,223494.nif,1129,59509168
232,223519.nif,1129,59510297
233,223534.nif,948,59511426
234,223549.nif,1129,59512374
235,223739.nif,948,59513503
236,223754.nif,948,59514451
237,223769.nif,1129,59515399
238,223784.nif,1129,59516528
239,223799.nif,1129,59517657
240,223802.nif,1129,59518786
241,223816.nif,1129,59519915
242,223831.nif,948,59521044
243,223848.nif,948,59521992
244,223863.nif,1129,59522940
245,223876.nif,1129,59524069
246,223891.nif,1129,59525198
247,223908.nif,1129,59526327
248,292167.nif,1129,59527456
249,292169.nif,1129,59528585
250,292173.nif,1129,59529714
251,292175.nif,1129,59530843
252,292177.nif,1129,59531972
253,292179.nif,1129,59533101
254,292181.nif,1129,59534230
255,292183.nif,1129,59535359
256,292185.nif,1129,59536488
257,292187.nif,1129,59537617
258,292189.nif,1129,59538746
259,134162.nif,5687,59539875
260,134204.nif,5519,59545562
261,132551.nif,246761,59551081
262,133221.nif,234091,59797842
263,136423.nif,239174,60031933
264,284176.nif,53095,60271107
265,131116.nif,95784,60324202
266,275609.nif,94975,60419986
267,131705.nif,94817,60514961
268,131729.nif,123785,60609778
269,136048.nif,112030,60733563
270,275363.nif,110725,60845593
271,132593.nif,198712,60956318
272,132642.nif,181187,61155030
273,129375.nif,47093,61336217
274,132683.nif,36108,61383310
275,131380.nif,28862,61419418
276,131436.nif,58743,61448280
277,131623.nif,126874,61507023
278,131653.nif,130994,61633897
279,131670.nif,39023,61764891
280,131688.nif,66927,61803914
281,135778.nif,457494,61870841
282,142536.nif,4814,62328335
283,132168.nif,59547,62333149
284,132275.nif,140961,62392696
285,132428.nif,168953,62533657
286,132148.nif,11677,62702610
287,132255.nif,77492,62714287
288,148520.nif,297144,62791779
289,132721.nif,210467,63088923
290,132755.nif,36722,63299390
291,133267.nif,161964,63336112
292,129408.nif,61934,63498076
293,275418.nif,52505,63560010
294,135391.nif,46383,63612515
295,275544.nif,42027,63658898
296,142860.nif,16614,63700925
297,142839.nif,23770,63717539
298,132518.nif,41734,63741309
299,308902.nif,39790,63783043
300,335472.nif,1392299,63822833
301,255896.nif,48606,65215132
302,300297.nif,162309,65263738
303,212124.nif,1407443,65426047
304,173288.nif,271331,66833490
305,133072.nif,19869,67104821
306,133101.nif,17289,67124690
307,133127.nif,26106,67141979
308,133148.nif,28570,67168085
309,300341.nif,127149,67196655
310,129281.nif,75993,67323804
311,129311.nif,66964,67399797
312,129338.nif,52162,67466761
313,156811.nif,1296,67518923
314,156797.nif,1296,67520219
315,156754.nif,1299,67521515
316,156725.nif,1299,67522814
317,156769.nif,1299,67524113
318,156783.nif,1299,67525412
319,284178.nif,2809,67526711
320,284205.nif,2809,67529520
321,284225.nif,2809,67532329
322,284165.nif,2625,67535138
323,136182.nif,13852,67537763
324,358253.nif,25375,67551615
325,136191.nif,15269,67576990
326,507163.nif,68531,67592259
327,507329.nif,322078,67660790
328,507897.nif,104370,67982868
329,505947.nif,498698,68087238
330,506236.nif,1085625,68585936
331,45570.nif,10272,69671561
332,584333.nif,25745,69681833
333,584123.nif,71049,69707578
334,583872.nif,785897,69778627
335,584046.nif,1084501,70564524
336,584212.nif,54795,71649025
337,584237.nif,81207,71703820
338,584141.nif,89939,71785027
339,584177.nif,55702,71874966
340,526644.nif,269605,71930668
341,528310.nif,116164,72200273
342,533370.nif,1882,72316437
343,533407.nif,1232,72318319
344,524725.nif,4584,72319551
345,173245.nif,22683,72324135
346,173265.nif,1189,72346818
347,72956.nif,3207,72348007
348,73072.nif,3207,72351214
349,73115.nif,3207,72354421
350,73117.nif,3207,72357628
351,174420.nif,1195,72360835
352,322435.nif,23662,72362030
353,322443.nif,2141,72385692
354,135094.nif,10522,72387833
355,135152.nif,10522,72398355
356,135235.nif,10522,72408877
357,135247.nif,10522,72419399
358,135250.nif,6370,72429921
359,135359.nif,6370,72436291
360,135520.nif,6370,72442661
361,135363.nif,6370,72449031
362,134423.nif,9771,72455401
363,135545.nif,9771,72465172
364,322520.nif,10577,72474943
365,258418.nif,22619,72485520
366,258430.nif,1124,72508139
367,297120.nif,1829,72509263
368,309284.nif,20955,72511092
369,309259.nif,20959,72532047
370,137017.nif,47011,72553006
371,173978.nif,16445,72600017
372,136991.nif,41115,72616462
373,137043.nif,48836,72657577
374,173908.nif,16463,72706413
375,298024.nif,13200,72722876
376,298331.nif,1311,72736076
377,137071.nif,46998,72737387
378,137178.nif,47024,72784385
379,173973.nif,16451,72831409
380,337425.nif,51223,72847860
381,157035.nif,89217,72899083
382,185022.nif,124738,72988300
383,157055.nif,1604,73113038
384,185028.nif,1538,73114642
385,185029.nif,1535,73116180
386,185030.nif,1538,73117715
387,185031.nif,1538,73119253
388,185032.nif,1538,73120791
389,185033.nif,1538,73122329
390,185034.nif,1538,73123867
391,185501.nif,4943,73125405
392,297170.nif,21594,73130348
393,297726.nif,1117,73151942
394,185254.nif,19234,73153059
395,298653.nif,18725,73172293
396,156827.nif,14301,73191018
397,156510.nif,1611,73205319
398,156495.nif,1611,73206930
399,156478.nif,1611,73208541
400,156371.nif,1611,73210152
401,156388.nif,1614,73211763
402,156350.nif,1623,73213377
403,156333.nif,1635,73215000
404,156318.nif,7202,73216635
405,156289.nif,28153,73223837
406,185150.nif,8730,73251990
407,185151.nif,8680,73260720
408,185152.nif,8645,73269400
409,185223.nif,8645,73278045
410,322423.nif,23650,73286690
411,322431.nif,2135,73310340
412,334343.nif,23650,73312475
413,334344.nif,2135,73336125
414,180321.nif,23710,73338260
415,180305.nif,2212,73361970
416,174383.nif,975,73364182
417,47161.nif,52440,73365157
418,14135.nif,167509,73417597
419,146813.nif,2189,73585106
420,146826.nif,1209,73587295
421,219655.nif,1144,73588504
422,146839.nif,1489,73589648
423,146852.nif,1769,73591137
424,146865.nif,1209,73592906
425,219632.nif,1144,73594115
426,219635.nif,1144,73595259
427,219638.nif,1144,73596403
428,219641.nif,1144,73597547
429,219644.nif,1144,73598691
430,146878.nif,1909,73599835
431,146926.nif,1209,73601744
432,146940.nif,1209,73602953
433,219618.nif,1273,73604162
434,219623.nif,1273,73605435
435,219626.nif,1273,73606708
436,219629.nif,1273,73607981
437,221002.nif,1147,73609254
438,221005.nif,1147,73610401
439,221008.nif,1147,73611548
440,221015.nif,1147,73612695
441,146953.nif,3029,73613842
442,146967.nif,2609,73616871
443,146980.nif,1209,73619480
444,146800.nif,1212,73620689
445,219648.nif,1147,73621901
446,219650.nif,1147,73623048
447,221017.nif,1147,73624195
448,221019.nif,1147,73625342
449,221021.nif,1147,73626489
450,221023.nif,1147,73627636
451,146726.nif,4789,73628783
452,146571.nif,116071,73633572
453,146634.nif,440795,73749643
454,49463.nif,205548,74190438
455,173464.nif,244757,74395986
456,43828.nif,347391,74640743
457,43738.nif,125957,74988134
458,172562.nif,151890,75114091
459,179708.nif,150736,75265981
460,142575.nif,128765,75416717
461,33251.nif,170770,75545482
462,407416.nif,33597,75716252
463,68840.nif,1218,75749849
464,68845.nif,1218,75751067
465,68849.nif,1932,75752285
466,141388.nif,16778,75754217
467,129184.nif,61774,75770995
468,129210.nif,22538,75832769
469,129232.nif,22654,75855307
470,129256.nif,34582,75877961
471,277328.nif,46214,75912543
472,132870.nif,59367,75958757
473,277451.nif,31214,76018124
474,132890.nif,35805,76049338
475,277499.nif,111626,76085143
476,132910.nif,111881,76196769
477,132936.nif,57304,76308650
478,132995.nif,41206,76365954
479,133020.nif,14446,76407160
480,64862.nif,34319,76421606
481,133172.nif,31323,76455925
482,582812.nif,10473,76487248
483,497610.nif,342723,76497721
484,533021.nif,537,76840444
485,528341.nif,37442,76840981
486,528358.nif,48517,76878423
487,528447.nif,49507,76926940
488,526135.nif,1018499,76976447
489,540780.nif,25227,77994946
490,540787.nif,14518,78020173
491,540443.nif,173940,78034691
492,540454.nif,74048,78208631
493,540462.nif,125114,78282679
494,540470.nif,16291,78407793
495,540477.nif,18259,78424084
496,540484.nif,15083,78442343
497,540491.nif,11919,78457426
498,540499.nif,16335,78469345
499,540511.nif,17516,78485680
500,540517.nif,22254,78503196
501,540527.nif,5509,78525450
502,540533.nif,16040,78530959
503,540768.nif,13103,78546999
504,540760.nif,61682,78560102
505,540794.nif,160921,78621784
506,541087.nif,159720,78782705
507,540320.nif,141424,78942425
508,540336.nif,161885,79083849
509,540348.nif,146440,79245734
510,540359.nif,70574,79392174
511,540369.nif,118709,79462748
512,540380.nif,129924,79581457
513,540390.nif,110361,79711381
514,540401.nif,95411,79821742
515,540413.nif,87878,79917153
516,540423.nif,139391,80005031
517,540655.nif,108267,80144422
518,540667.nif,64532,80252689
519,540687.nif,205984,80317221
520,541107.nif,858646,80523205
521,540542.nif,110643,81381851
522,540540.nif,393139,81492494
523,540828.nif,278515,81885633
524,541076.nif,17146,82164148
525,540553.nif,9004,82181294
526,540806.nif,45503,82190298
527,397180.nif,17064,82235801
528,386950.nif,6025,82252865
529,386951.nif,5880,82258890
530,192319.nif,17439,82264770
531,192391.nif,27567,82282209
532,192638.nif,6954,82309776
533,191990.nif,13914,82316730
534,192068.nif,10372,82330644
535,192342.nif,17237,82341016
536,192596.nif,28097,82358253
537,192012.nif,13818,82386350
538,192101.nif,10472,82400168
539,504453.nif,1540599,82410640
540,396484.nif,9924,83951239
541,395447.nif,452656,83961163
542,395635.nif,15322,84413819
543,395640.nif,139963,84429141
544,395651.nif,62742,84569104
545,396274.nif,25202,84631846
546,396282.nif,45788,84657048
547,396756.nif,28396,84702836
548,395493.nif,68727,84731232
549,395523.nif,30409,84799959
550,395542.nif,98268,84830368
551,397710.nif,38640,84928636
552,397723.nif,111212,84967276
553,398007.nif,19283,85078488
554,532690.nif,43090,85097771
555,531244.nif,35776,85140861
556,529989.nif,84439,85176637
557,530007.nif,70752,85261076
558,530022.nif,98693,85331828
559,530034.nif,47250,85430521
560,530047.nif,58202,85477771
561,530064.nif,54825,85535973
562,530079.nif,78081,85590798
563,530093.nif,131209,85668879
564,530109.nif,157115,85800088
565,530514.nif,323605,85957203
566,532322.nif,29113,86280808
567,386629.nif,4100,86309921
568,385806.nif,148698,86314021
569,389626.nif,4684,86462719
570,389632.nif,5373,86467403
571,488525.nif,467299,86472776
572,488579.nif,7572,86940075
573,488540.nif,28021,86947647
574,489328.nif,11880,86975668
575,493502.nif,15128,86987548
576,492792.nif,401471,87002676
577,492890.nif,115487,87404147
578,492914.nif,53354,87519634
579,492935.nif,122871,87572988
580,493552.nif,59533,87695859
581,492870.nif,86146,87755392
582,492793.nif,458052,87841538
583,492969.nif,81138,88299590
584,492988.nif,77585,88380728
585,493004.nif,45572,88458313
586,493785.nif,7568,88503885
587,488560.nif,72232,88511453
588,488570.nif,73338,88583685
589,385021.nif,139727,88657023
590,385072.nif,29483,88796750
591,385788.nif,123377,88826233
592,470082.nif,50836,88949610
593,386590.nif,4080,89000446
594,385354.nif,63324,89004526
595,385089.nif,16914,89067850
596,470068.nif,70272,89084764
597,492966.nif,476949,89155036
598,333408.nif,254803,89631985
599,355272.nif,15797,89886788
600,355260.nif,27752,89902585
601,355273.nif,149790,89930337
602,355274.nif,141718,90080127
603,502876.nif,27669,90221845
604,503088.nif,12373,90249514
605,502841.nif,138573,90261887
606,502864.nif,17460,90400460
607,503103.nif,48359,90417920
608,355275.nif,72396,90466279
609,355276.nif,12338,90538675
610,355277.nif,76123,90551013
611,355278.nif,64096,90627136
612,355279.nif,12404,90691232
613,355481.nif,16054,90703636
614,503065.nif,33943,90719690
615,355482.nif,48093,90753633
616,355483.nif,2075,90801726
617,355484.nif,2075,90803801
618,502947.nif,9799,90805876
619,503302.nif,9799,90815675
620,355485.nif,30007,90825474
621,355486.nif,22800,90855481
622,355487.nif,11876,90878281
623,355488.nif,10546,90890157
624,355489.nif,10422,90900703
625,360268.nif,18140,90911125
626,355490.nif,356009,90929265
627,588746.nif,196265,91285274
628,355491.nif,130601,91481539
629,588749.nif,419336,91612140
630,355492.nif,407413,92031476
631,355493.nif,110996,92438889
632,355494.nif,95738,92549885
633,355495.nif,129905,92645623
634,355496.nif,194015,92775528
635,355497.nif,10209,92969543
636,355498.nif,196455,92979752
637,355499.nif,60393,93176207
638,355500.nif,121272,93236600
639,355501.nif,10150,93357872
640,355502.nif,25591,93368022
641,355503.nif,386276,93393613
642,355504.nif,178328,93779889
643,355505.nif,136314,93958217
644,355506.nif,74912,94094531
645,355507.nif,216573,94169443
646,355508.nif,46609,94386016
647,360332.nif,46609,94432625
648,355509.nif,17027,94479234
649,355510.nif,19327,94496261
650,355511.nif,19327,94515588
651,355512.nif,19327,94534915
652,355513.nif,17027,94554242
653,355514.nif,24443,94571269
654,356326.nif,30074,94595712
655,356327.nif,184617,94625786
656,489159.nif,8215,94810403
657,489164.nif,56969,94818618
658,356328.nif,29995,94875587
659,356384.nif,30371,94905582
660,356330.nif,61760,94935953
661,356331.nif,41603,94997713
662,356332.nif,20128,95039316
663,356333.nif,5226,95059444
664,356334.nif,4242,95064670
665,356335.nif,5226,95068912
666,356336.nif,4242,95074138
667,356337.nif,5226,95078380
668,356338.nif,6662,95083606
669,356339.nif,3610,95090268
670,356340.nif,6662,95093878
671,356341.nif,2682,95100540
672,496799.nif,1026023,95103222
673,496337.nif,836861,96129245
674,496223.nif,1045724,96966106
675,496194.nif,517243,98011830
676,496228.nif,741037,98529073
677,496471.nif,306338,99270110
678,498768.nif,1470077,99576448
679,496633.nif,2068670,101046525
680,496210.nif,1512981,103115195
681,496735.nif,368465,104628176
682,497703.nif,455832,104996641
683,496226.nif,115285,105452473
684,501502.nif,8423,105567758
685,496217.nif,149617,105576181
686,496215.nif,159957,105725798
687,496216.nif,155213,105885755
688,496729.nif,162359,106040968
689,333342.nif,797186,106203327
690,333977.nif,348858,107000513
691,334011.nif,70941,107349371
692,308576.nif,104913,107420312
693,308254.nif,310094,107525225
694,309069.nif,12395,107835319
695,309094.nif,121493,107847714
696,308602.nif,415744,107969207
697,307918.nif,178138,108384951
698,308045.nif,342500,108563089
699,308114.nif,109553,108905589
700,308141.nif,159254,109015142
701,308166.nif,175963,109174396
702,334026.nif,38177,109350359
703,308534.nif,16027,109388536
704,308642.nif,24822,109404563
705,308667.nif,51170,109429385
706,308855.nif,20669,109480555
707,308858.nif,28414,109501224
708,308999.nif,4113,109529638
709,309048.nif,49599,109533751
710,333494.nif,163463,109583350
711,333523.nif,36431,109746813
712,333827.nif,123982,109783244
713,334038.nif,238424,109907226
714,308221.nif,119890,110145650
715,308241.nif,22253,110265540
716,308491.nif,99300,110287793
717,309210.nif,57072,110387093
718,310565.nif,29472,110444165
719,310601.nif,29180,110473637
720,310580.nif,30240,110502817
721,547305.nif,10999,110533057
722,547293.nif,36371,110544056
723,547288.nif,34891,110580427
724,546875.nif,117903,110615318
725,546898.nif,18909,110733221
726,547226.nif,537,110752130
727,475041.nif,82608,110752667
728,475059.nif,281539,110835275
729,493024.nif,24352,111116814
730,493003.nif,18364,111141166
731,488660.nif,118663,111159530
732,488759.nif,16503,111278193
733,488765.nif,33024,111294696
734,488806.nif,82234,111327720
735,141921.nif,182301,111409954
736,209436.nif,182819,111592255
737,277804.nif,183076,111775074
738,419428.nif,18007,111958150
739,142147.nif,95648,111976157
740,344976.nif,95971,112071805
741,347878.nif,95971,112167776
742,142168.nif,142156,112263747
743,345044.nif,141483,112405903
744,347854.nif,141499,112547386
745,141998.nif,262732,112688885
746,142475.nif,2308,112951617
747,142480.nif,16718,112953925
748,142195.nif,34958,112970643
749,345073.nif,41368,113005601
750,347983.nif,42775,113046969
751,142219.nif,9400,113089744
752,142232.nif,14269,113099144
753,142246.nif,56369,113113413
754,143570.nif,20979,113169782
755,277737.nif,13936,113190761
756,142101.nif,55337,113204697
757,320786.nif,55337,113260034
758,405302.nif,93078,113315371
759,405327.nif,60787,113408449
760,405365.nif,49890,113469236
761,142508.nif,61910,113519126
762,419362.nif,44779,113581036
763,419383.nif,46979,113625815
764,419395.nif,166498,113672794
765,419481.nif,2822,113839292
766,419478.nif,2782,113842114
767,588752.nif,204932,113844896
768,345092.nif,20507,114049828
769,143209.nif,84318,114070335
770,345068.nif,42009,114154653
771,347968.nif,50199,114196662
772,339273.nif,392659,114246861
773,411802.nif,184060,114639520
774,411889.nif,21997,114823580
775,411907.nif,158655,114845577
776,412169.nif,25294,115004232
777,412190.nif,26957,115029526
778,349669.nif,763689,115056483
779,349686.nif,266694,115820172
780,285842.nif,136654,116086866
781,218757.nif,57316,116223520
782,52294.nif,84341,116280836
783,40148.nif,89855,116365177
784,52343.nif,35544,116455032
785,48001.nif,66355,116490576
786,347897.nif,67789,116556931
787,52377.nif,119023,116624720
788,347937.nif,62129,116743743
789,76707.nif,178428,116805872
790,52552.nif,85768,116984300
791,418210.nif,45010,117070068
792,418230.nif,19454,117115078
793,418245.nif,20805,117134532
794,52422.nif,199991,117155337
795,52513.nif,104536,117355328
796,52517.nif,12282,117459864
797,59275.nif,28241,117472146
798,52544.nif,10096,117500387
799,52555.nif,38115,117510483
800,64553.nif,6269,117548598
801,591565.nif,41648,117554867
802,64467.nif,65450,117596515
803,64531.nif,9870,117661965
804,64501.nif,7384,117671835
805,64512.nif,54721,117679219
806,64495.nif,14793,117733940
807,190880.nif,150987,117748733
808,347386.nif,302309,117899720
809,191487.nif,15042,118202029
810,347707.nif,26655,118217071
811,191462.nif,4612,118243726
812,189544.nif,117956,118248338
813,345583.nif,117956,118366294
814,193362.nif,12042,118484250
815,269591.nif,97463,118496292
816,401177.nif,97463,118593755
817,401198.nif,329994,118691218
818,401230.nif,136799,119021212
819,192148.nif,103397,119158011
820,192235.nif,67708,119261408
821,218524.nif,658002,119329116
822,168082.nif,89305,119987118
823,168133.nif,30519,120076423
824,168157.nif,24113,120106942
825,40350.nif,145158,120131055
826,546556.nif,278520,120276213
827,543078.nif,647728,120554733
828,546566.nif,149693,121202461
829,191644.nif,16130,121352154
830,191557.nif,16130,121368284
831,47949.nif,15961,121384414
832,191623.nif,16130,121400375
833,345217.nif,16637,121416505
834,191703.nif,16130,121433142
835,542520.nif,180601,121449272
836,542414.nif,413688,121629873
837,542418.nif,301254,122043561
838,542466.nif,504761,122344815
839,209928.nif,64487,122849576
840,209969.nif,64487,122914063
841,210004.nif,64487,122978550
842,542207.nif,1143196,123043037
843,542345.nif,96451,124186233
844,591377.nif,237121,124282684
845,401573.nif,85392,124519805
846,401523.nif,33582,124605197
847,401550.nif,130222,124638779
848,191534.nif,30143,124769001
849,336702.nif,292118,124799144
850,354708.nif,370331,125091262
851,336745.nif,30125,125461593
852,339919.nif,40937,125491718
853,168391.nif,21496,125532655
854,347163.nif,340160,125554151
855,347193.nif,495917,125894311
856,349582.nif,63608,126390228
857,347238.nif,208277,126453836
858,349584.nif,19624,126662113
859,347129.nif,281607,126681737
860,347265.nif,177848,126963344
861,347288.nif,580161,127141192
862,351034.nif,17481,127721353
863,347317.nif,509081,127738834
864,349589.nif,197986,128247915
865,353231.nif,70540,128445901
866,353260.nif,35472,128516441
867,353281.nif,38004,128551913
868,353306.nif,66360,128589917
869,347342.nif,315332,128656277
870,191438.nif,137478,128971609
871,347486.nif,134289,129109087
872,504184.nif,549104,129243376
873,504216.nif,38264,129792480
874,503770.nif,65737,129830744
875,503916.nif,679636,129896481
876,503798.nif,870623,130576117
877,511357.nif,9575,131446740
878,511364.nif,2405,131456315
879,509815.nif,2676471,131458720
880,488615.nif,54496,134135191
881,488627.nif,125874,134189687
882,488661.nif,22452,134315561
883,489236.nif,29215,134338013
884,488704.nif,147270,134367228
885,488727.nif,15084,134514498
886,504327.nif,512106,134529582
887,471672.nif,72740,135041688
888,471694.nif,65529,135114428
889,471866.nif,25131,135179957
890,470789.nif,84244,135205088
891,470836.nif,73094,135289332
892,470844.nif,92271,135362426
893,470851.nif,173202,135454697
894,471361.nif,58972,135627899
895,471371.nif,130257,135686871
896,471381.nif,61025,135817128
897,471628.nif,40072,135878153
898,471632.nif,80490,135918225
899,350249.nif,48893,135998715
900,333065.nif,279743,136047608
901,332924.nif,352950,136327351
902,333113.nif,165537,136680301
903,333158.nif,79056,136845838
904,333195.nif,102674,136924894
905,333229.nif,165459,137027568
906,333308.nif,252727,137193027
907,334354.nif,208448,137445754
908,333375.nif,66737,137654202
909,350319.nif,95985,137720939
910,188620.nif,12182,137816924
911,188681.nif,20650,137829106
912,188307.nif,39435,137849756
913,202233.nif,81117,137889191
914,535286.nif,62955,137970308
915,535292.nif,62963,138033263
916,536214.nif,12541,138096226
917,535280.nif,97798,138108767
918,536323.nif,29594,138206565
919,535268.nif,183948,138236159
920,535274.nif,144938,138420107
921,535256.nif,120497,138565045
922,535262.nif,130630,138685542
923,535460.nif,1048602,138816172
924,535859.nif,61855,139864774
925,535855.nif,545,139926629
926,535857.nif,541,139927174
927,536823.nif,670802,139927715
928,535244.nif,68082,140598517
929,535238.nif,203847,140666599
930,535232.nif,86805,140870446
931,536747.nif,2388,140957251
932,536750.nif,2016,140959639
933,536752.nif,2388,140961655
934,536754.nif,2016,140964043
935,536756.nif,2388,140966059
936,536758.nif,2016,140968447
937,536760.nif,2388,140970463
938,536768.nif,2457,140972851
939,536764.nif,2016,140975308
940,536762.nif,2016,140977324
941,536766.nif,2016,140979340
942,535226.nif,187542,140981356
943,535218.nif,107900,141168898
944,535301.nif,136864,141276798
945,535451.nif,176811,141413662
946,546764.nif,3266,141590473
947,546769.nif,3266,141593739
948,546774.nif,3266,141597005
949,546779.nif,3266,141600271
950,546785.nif,3266,141603537
951,547278.nif,26045,141606803
952,546738.nif,3980,141632848
953,526742.nif,3087,141636828
954,505358.nif,22224,141639915
955,546744.nif,3980,141662139
956,523308.nif,3330,141666119
957,526718.nif,3213,141669449
958,526709.nif,3213,141672662
959,526726.nif,3213,141675875
960,526731.nif,3213,141679088
961,546812.nif,4216,141682301
962,528457.nif,4890,141686517
963,546824.nif,4216,141691407
964,546750.nif,3980,141695623
965,546753.nif,3980,141699603
966,526885.nif,2759,141703583
967,546732.nif,3742,141706342
968,546747.nif,3980,141710084
969,546806.nif,4216,141714064
970,507011.nif,1676,141718280
971,507014.nif,1676,141719956
972,591142.nif,25663,141721632
973,591136.nif,25711,141747295
974,545002.nif,13003,141773006
975,546818.nif,4216,141786009
976,528466.nif,14046,141790225
977,546916.nif,14186,141804271
978,546920.nif,14186,141818457
979,546909.nif,14186,141832643
980,546928.nif,14186,141846829
981,546924.nif,14186,141861015
982,526698.nif,2759,141875201
983,526703.nif,2759,141877960
984,546798.nif,4216,141880719
985,526954.nif,5698,141884935
986,491002.nif,61399,141890633
987,491253.nif,4374,141952032
988,508586.nif,241823,141956406
989,508493.nif,1425815,142198229
990,425119.nif,27147,143624044
991,425830.nif,29293,143651191
992,422438.nif,1149029,143680484
993,422705.nif,959642,144829513
994,422544.nif,1422654,145789155
995,422659.nif,134363,147211809
996,422678.nif,244938,147346172
997,384415.nif,21405,147591110
998,400215.nif,126787,147612515
999,422794.nif,177246,147739302
1000,422764.nif,511360,147916548
1001,422499.nif,152986,148427908
1002,384738.nif,479267,148580894
1003,388960.nif,402021,149060161
1004,390397.nif,1059047,149462182
1005,382748.nif,91813,150521229
1006,382773.nif,65995,150613042
1007,382855.nif,171531,150679037
1008,382871.nif,236909,150850568
1009,382888.nif,242325,151087477
1010,382907.nif,146970,151329802
1011,382925.nif,384436,151476772
1012,382946.nif,2273525,151861208
1013,383962.nif,469778,154134733
1014,426102.nif,2036,154604511
1015,426098.nif,2036,154606547
1016,426105.nif,2036,154608583
1017,425983.nif,2036,154610619
1018,425980.nif,2036,154612655
1019,425986.nif,2036,154614691
1020,425989.nif,2036,154616727
1021,425999.nif,2036,154618763
1022,426002.nif,2036,154620799
1023,426005.nif,2036,154622835
1024,426008.nif,2036,154624871
1025,395049.nif,705312,154626907
1026,430823.nif,695043,155332219
1027,430505.nif,612933,156027262
1028,423020.nif,882570,156640195
1029,383675.nif,1994441,157522765
1030,488943.nif,83377,159517206
1031,490900.nif,15579,159600583
1032,489863.nif,49800,159616162
1033,491606.nif,15470,159665962
1034,491655.nif,24769,159681432
1035,491654.nif,42420,159706201
1036,490489.nif,13703,159748621
1037,491614.nif,23107,159762324
1038,491623.nif,6758,159785431
1039,491636.nif,11179,159792189
1040,491641.nif,8887,159803368
1041,491962.nif,23747,159812255
1042,491968.nif,8419,159836002
1043,491974.nif,11179,159844421
1044,491994.nif,6758,159855600
1045,184911.nif,94550,159862358
1046,541516.nif,278641,159956908
1047,500690.nif,1158349,160235549
1048,501464.nif,11148,161393898
1049,501469.nif,8489,161405046
1050,500900.nif,141612,161413535
1051,541763.nif,55308,161555147
1052,541738.nif,4870,161610455
1053,541772.nif,58067,161615325
1054,541742.nif,51632,161673392
1055,541748.nif,64592,161725024
1056,543039.nif,27198,161789616
1057,543048.nif,16161,161816814
1058,542007.nif,56033,161832975
1059,543053.nif,4014,161889008
1060,543056.nif,4720,161893022
1061,543059.nif,6648,161897742
1062,541361.nif,29680,161904390
1063,541365.nif,36897,161934070
1064,541369.nif,21145,161970967
1065,541367.nif,19863,161992112
1066,541995.nif,35242,162011975
1067,542003.nif,33886,162047217
1068,541386.nif,20145,162081103
1069,541789.nif,17845,162101248
1070,541379.nif,37005,162119093
1071,541756.nif,14832,162156098
1072,541760.nif,5878,162170930
1073,492015.nif,15583,162176808
1074,490865.nif,586020,162192391
1075,489643.nif,110666,162778411
1076,489799.nif,110590,162889077
1077,489652.nif,100151,162999667
1078,489650.nif,100151,163099818
1079,489649.nif,105325,163199969
1080,489651.nif,64421,163305294
1081,507202.nif,15093,163369715
1082,489709.nif,33905,163384808
1083,489648.nif,370077,163418713
1084,489646.nif,37418,163788790
1085,489792.nif,37418,163826208
1086,490577.nif,62842,163863626
1087,490472.nif,8364,163926468
1088,490390.nif,55336,163934832
1089,496018.nif,184238,163990168
1090,496060.nif,14510,164174406
1091,496070.nif,188968,164188916
1092,517965.nif,69816,164377884
1093,524008.nif,118117,164447700
1094,523892.nif,464229,164565817
1095,132780.nif,149048,165030046
1096,510337.nif,34984,165179094
1097,510346.nif,52756,165214078
1098,510426.nif,10117,165266834
1099,360290.nif,119506,165276951
1100,591117.nif,552549,165396457
1101,591118.nif,192252,165949006
1102,591122.nif,87170,166141258
1103,424276.nif,28794,166228428
1104,395532.nif,298892,166257222
1105,389951.nif,322065,166556114
1106,388423.nif,183155,166878179
1107,388440.nif,73775,167061334
1108,388457.nif,94525,167135109
1109,388476.nif,206652,167229634
1110,389512.nif,73685,167436286
1111,388348.nif,431282,167509971
1112,389550.nif,240020,167941253
1113,523651.nif,83848,168181273
1114,523679.nif,42080,168265121
1115,523684.nif,40506,168307201
1116,523689.nif,135358,168347707
1117,356828.nif,370331,168483065
1118,390029.nif,292084,168853396
1119,390036.nif,27115,169145480
1120,510994.nif,27653,169172595
1121,489873.nif,46310,169200248
1122,489859.nif,216707,169246558
1123,489861.nif,2754141,169463265
1124,489868.nif,36824,172217406
1125,510636.nif,911,172254230
1126,489871.nif,43822,172255141
1127,510638.nif,653,172298963
1128,512610.nif,131202,172299616
1129,489865.nif,111799,172430818
1130,489867.nif,12082,172542617
1131,490886.nif,7614,172554699
1132,490889.nif,21263,172562313
1133,490901.nif,31611,172583576
1134,422935.nif,12614,172615187
1135,397118.nif,22684,172627801
1136,386949.nif,1040914,172650485
1137,423278.nif,239238,173691399
1138,386952.nif,23629,173930637
1139,386953.nif,11737,173954266
1140,386948.nif,262424,173966003
1141,489031.nif,1911625,174228427
1142,488986.nif,12208,176140052
1143,505368.nif,34957,176152260
1144,488951.nif,159305,176187217
1145,488971.nif,35289,176346522
1146,488978.nif,10392,176381811
1147,504897.nif,384459,176392203
1148,528888.nif,19900,176776662
1149,527001.nif,144446,176796562
1150,527058.nif,84094,176941008
1151,527087.nif,12541,177025102
1152,516607.nif,516969,177037643
1153,516608.nif,270979,177554612
1154,516609.nif,1738878,177825591
1155,591650.nif,231467,179564469
1156,591652.nif,420832,179795936
1157,591655.nif,114812,180216768
1158,591636.nif,645828,180331580
1159,523669.nif,4458,180977408
1160,395345.nif,10955,180981866
1161,386860.nif,6395,180992821
1162,395351.nif,18389,180999216
1163,406251.nif,14551,181017605
1164,537425.nif,9541,181032156
1165,537419.nif,11409,181041697
1166,422052.nif,13183,181053106
1167,6119.nif,3219,181066289
1168,6140.nif,8070,181069508
1169,523316.nif,740,181077578
1170,523337.nif,740,181078318
1171,523338.nif,740,181079058
1172,536525.nif,740,181079798
1173,526276.nif,36206,181080538
1174,526208.nif,115617,181116744
1175,471896.nif,25729,181232361
1176,471897.nif,27902,181258090
1177,471898.nif,73508,181285992
1178,581630.nif,60377,181359500
1179,174636.nif,7467,181419877
1180,279182.nif,10606,181427344
1181,279191.nif,12450,181437950
1182,279184.nif,12450,181450400
1183,279193.nif,12896,181462850
1184,279195.nif,12884,181475746
1185,279194.nif,12454,181488630
1186,279196.nif,12884,181501084
1187,279198.nif,12892,181513968
1188,279199.nif,12885,181526860
1189,279200.nif,24558,181539745
1190,180747.nif,50016,181564303
1191,525003.nif,117380,181614319
1192,517769.nif,21482,181731699
1193,518014.nif,21482,181753181
1194,519236.nif,22293,181774663
1195,517025.nif,34899,181796956
1196,517384.nif,36083,181831855
1197,517747.nif,20201,181867938
1198,517751.nif,21650,181888139
1199,518514.nif,30467,181909789
1200,518352.nif,30715,181940256
1201,518811.nif,35645,181970971
1202,516721.nif,2635,182006616
1203,516728.nif,7571,182009251
1204,516733.nif,7707,182016822
1205,516737.nif,7775,182024529
1206,516744.nif,10583,182032304
1207,516749.nif,8299,182042887
1208,516525.nif,2635,182051186
1209,516528.nif,5627,182053821
1210,516529.nif,5691,182059448
1211,516530.nif,7211,182065139
1212,516537.nif,2635,182072350
1213,516538.nif,5307,182074985
1214,516539.nif,7347,182080292
1215,516104.nif,5274,182087639
1216,516108.nif,6831,182092913
1217,516112.nif,6417,182099744
1218,516113.nif,6331,182106161
1219,516114.nif,10075,182112492
1220,516154.nif,2635,182122567
1221,516162.nif,5179,182125202
1222,516169.nif,5179,182130381
1223,516175.nif,5499,182135560
1224,516183.nif,7211,182141059
1225,516188.nif,7347,182148270
1226,519378.nif,35064,182155617
1227,518127.nif,1859,182190681
1228,518122.nif,6025,182192540
1229,518152.nif,6017,182198565
1230,504489.nif,236795,182204582
1231,504496.nif,535951,182441377
1232,504503.nif,518059,182977328
1233,4440.nif,6446,183495387
1234,254759.nif,4746,183501833
1235,254734.nif,4729,183506579
1236,258090.nif,5365,183511308
1237,499034.nif,27961,183516673
1238,239259.nif,7594,183544634
1239,239341.nif,8050,183552228
1240,239282.nif,5590,183560278
1241,239338.nif,6734,183565868
1242,239260.nif,7782,183572602
1243,239344.nif,10646,183580384
1244,239347.nif,5674,183591030
1245,239263.nif,6566,183596704
1246,506363.nif,5823,183603270
1247,506367.nif,6089,183609093
1248,506376.nif,5527,183615182
1249,471532.nif,3180,183620709
1250,536062.nif,171474,183623889
1251,534390.nif,60726,183795363
1252,534376.nif,44308,183856089
1253,585050.nif,23400,183900397
1254,472845.nif,13099,183923797
1255,472950.nif,13099,183936896
1256,280677.nif,23001,183949995
1257,280687.nif,24633,183972996
1258,472836.nif,40510,183997629
1259,591379.nif,23384,184038139
1260,241742.nif,4567,184061523
1261,241756.nif,9736,184066090
1262,246702.nif,17000,184075826
1263,246708.nif,10132,184092826
1264,246711.nif,20694,184102958
1265,246761.nif,15706,184123652
1266,246766.nif,8740,184139358
1267,246771.nif,13356,184148098
1268,246774.nif,24486,184161454
1269,246784.nif,14218,184185940
1270,246791.nif,17910,184200158
1271,246804.nif,11086,184218068
1272,246809.nif,22198,184229154
1273,246812.nif,8900,184251352
1274,246817.nif,20882,184260252
1275,246822.nif,10312,184281134
1276,246828.nif,9778,184291446
1277,246833.nif,18524,184301224
1278,246836.nif,8886,184319748
1279,246839.nif,8088,184328634
1280,246842.nif,39352,184336722
1281,246845.nif,11444,184376074
1282,246445.nif,4754,184387518
1283,246453.nif,15074,184392272
1284,246458.nif,11910,184407346
1285,247785.nif,9464,184419256
1286,538114.nif,46219,184428720
1287,246465.nif,7186,184474939
1288,538121.nif,29439,184482125
1289,538124.nif,18427,184511564
1290,246468.nif,8330,184529991
1291,246497.nif,21049,184538321
1292,246500.nif,13562,184559370
1293,246505.nif,6694,184572932
1294,246508.nif,25034,184579626
1295,247788.nif,7228,184604660
1296,246519.nif,26500,184611888
1297,246524.nif,17780,184638388
1298,246532.nif,10606,184656168
1299,246535.nif,2070,184666774
1300,246548.nif,14238,184668844
1301,246538.nif,23460,184683082
1302,538126.nif,47334,184706542
1303,240383.nif,21682,184753876
1304,240404.nif,9644,184775558
1305,240411.nif,9826,184785202
1306,240416.nif,20428,184795028
1307,240419.nif,15682,184815456
1308,246019.nif,22506,184831138
1309,246023.nif,2024,184853644
1310,240422.nif,5988,184855668
1311,246042.nif,15178,184861656
1312,246050.nif,19376,184876834
1313,246057.nif,11524,184896210
1314,246065.nif,15084,184907734
1315,246069.nif,19733,184922818
1316,246081.nif,17708,184942551
1317,538133.nif,68575,184960259
1318,246026.nif,18607,185028834
1319,246084.nif,12607,185047441
1320,246089.nif,8383,185060048
1321,238492.nif,3690,185068431
1322,238702.nif,32646,185072121
1323,239245.nif,15270,185104767
1324,239249.nif,10032,185120037
1325,538151.nif,8623,185130069
1326,538156.nif,10611,185138692
1327,538160.nif,20599,185149303
1328,239252.nif,4382,185169902
1329,538164.nif,20275,185174284
1330,538167.nif,14880,185194559
1331,538169.nif,22000,185209439
1332,239256.nif,3826,185231439
1333,240121.nif,7090,185235265
1334,240310.nif,6462,185242355
1335,240314.nif,6766,185248817
1336,240317.nif,21650,185255583
1337,240324.nif,16166,185277233
1338,240327.nif,3478,185293399
1339,240332.nif,7058,185296877
1340,240338.nif,2999,185303935
1341,240343.nif,11922,185306934
1342,240347.nif,5182,185318856
1343,240352.nif,3470,185324038
1344,406635.nif,18213,185327508
1345,246642.nif,19303,185345721
1346,246658.nif,19617,185365024
1347,246693.nif,16225,185384641
1348,493591.nif,12806,185400866
1349,240751.nif,15655,185413672
1350,240761.nif,19330,185429327
1351,241691.nif,8781,185448657
1352,241721.nif,22206,185457438
1353,241724.nif,20269,185479644
1354,245902.nif,15262,185499913
1355,245945.nif,20911,185515175
1356,245966.nif,9152,185536086
1357,245996.nif,13854,185545238
1358,246009.nif,10175,185559092
1359,524158.nif,8700,185569267
1360,524164.nif,11232,185577967
1361,524162.nif,10388,185589199
1362,524790.nif,7144,185599587
1363,524166.nif,17862,185606731
1364,524160.nif,37162,185624593
1365,406606.nif,30616,185661755
1366,396574.nif,9285,185692371
1367,406562.nif,14849,185701656
1368,406567.nif,12825,185716505
1369,396552.nif,21278,185729330
1370,591247.nif,16444,185750608
1371,591248.nif,8364,185767052
1372,591249.nif,6088,185775416
1373,406551.nif,16031,185781504
1374,406608.nif,65249,185797535
1375,406603.nif,5951,185862784
1376,406601.nif,7376,185868735
1377,406564.nif,8375,185876111
1378,592708.nif,17904,185884486
1379,592853.nif,9958,185902390
1380,592626.nif,9958,185912348
1381,592621.nif,44872,185922306
1382,592618.nif,43772,185967178
1383,592615.nif,27402,186010950
1384,592628.nif,13604,186038352
1385,377928.nif,86618,186051956
1386,507141.nif,101158,186138574
1387,503185.nif,18417,186239732
1388,503197.nif,55265,186258149
1389,68336.nif,102985,186313414
1390,500913.nif,20098,186416399
1391,494222.nif,6396,186436497
1392,463161.nif,66388,186442893
1393,194060.nif,1096,186509281
1394,504231.nif,163362,186510377
1395,504246.nif,261487,186673739
1396,504298.nif,376006,186935226
1397,504299.nif,455413,187311232
1398,500836.nif,10339,187766645
1399,500845.nif,17855,187776984
1400,500846.nif,19287,187794839
1401,500847.nif,18081,187814126
1402,500848.nif,20983,187832207
1403,500857.nif,7677,187853190
1404,500858.nif,11033,187860867
1405,500859.nif,11033,187871900
1406,500860.nif,11033,187882933
1407,500861.nif,14969,187893966
1408,493318.nif,50805,187908935
1409,493327.nif,50881,187959740
1410,493328.nif,41941,188010621
1411,475017.nif,51024,188052562
1412,395790.nif,41045,188103586
1413,395794.nif,73670,188144631
1414,395798.nif,92397,188218301
1415,407156.nif,83135,188310698
1416,395700.nif,29434,188393833
1417,395706.nif,57814,188423267
1418,395707.nif,18403,188481081
1419,592141.nif,33450,188499484
1420,592130.nif,152028,188532934
1421,592152.nif,140680,188684962
1422,592046.nif,305679,188825642
1423,592146.nif,136226,189131321
1424,591676.nif,154406,189267547
1425,469516.nif,32524,189421953
1426,592157.nif,78456,189454477
1427,490918.nif,77613,189532933
1428,490920.nif,33358,189610546
1429,469511.nif,61501,189643904
1430,490976.nif,61840,189705405
1431,407173.nif,58832,189767245
1432,407178.nif,59428,189826077
1433,500785.nif,21798,189885505
1434,500807.nif,14124,189907303
1435,500815.nif,23266,189921427
1436,528043.nif,8817,189944693
1437,528046.nif,9191,189953510
1438,592365.nif,29482,189962701
1439,511073.nif,10749,189992183
1440,511084.nif,8821,190002932
1441,511066.nif,10297,190011753
1442,511090.nif,12895,190022050
1443,511003.nif,12553,190034945
1444,592368.nif,52549,190047498
1445,592373.nif,123999,190100047
1446,592560.nif,125111,190224046
1447,592561.nif,125111,190349157
1448,592320.nif,126914,190474268
1449,592317.nif,44302,190601182
1450,592378.nif,540068,190645484
1451,511229.nif,7125,191185552
1452,511284.nif,4993,191192677
1453,592381.nif,16588,191197670
1454,592384.nif,16420,191214258
1455,592314.nif,24014,191230678
1456,511113.nif,9591,191254692
1457,592136.nif,185700,191264283
1458,472870.nif,41589,191449983
1459,582796.nif,44664,191491572
1460,460897.nif,22283,191536236
1461,70909.nif,2352,191558519
1462,71116.nif,2552,191560871
1463,511527.nif,4098,191563423
1464,46433.nif,39950,191567521
1465,4876.nif,21889,191607471
1466,46227.nif,44635,191629360
1467,302902.nif,65814,191673995
1468,305850.nif,16651,191739809
1469,305858.nif,16651,191756460
1470,305851.nif,16651,191773111
1471,498940.nif,3812,191789762
1472,498943.nif,6753,191793574
1473,396349.nif,10328,191800327
1474,397629.nif,10396,191810655
1475,500950.nif,80994,191821051
1476,503437.nif,21783,191902045
1477,503440.nif,29883,191923828
1478,503443.nif,29165,191953711
1479,503446.nif,13915,191982876
1480,503461.nif,40989,191996791
1481,503465.nif,33353,192037780
1482,503469.nif,19927,192071133
1483,531895.nif,14584,192091060
1484,531897.nif,15452,192105644
1485,531899.nif,15452,192121096
1486,531901.nif,25308,192136548
1487,531903.nif,25308,192161856
1488,531905.nif,25308,192187164
1489,531907.nif,14432,192212472
1490,531909.nif,14432,192226904
1491,503473.nif,39383,192241336
1492,503474.nif,38045,192280719
1493,503475.nif,35135,192318764
1494,503476.nif,32754,192353899
1495,503501.nif,19477,192386653
1496,503502.nif,11147,192406130
1497,503503.nif,17249,192417277
1498,503514.nif,23315,192434526
1499,503515.nif,27029,192457841
1500,503516.nif,32305,192484870
1501,503526.nif,15917,192517175
1502,503527.nif,15917,192533092
1503,503528.nif,27313,192549009
1504,406916.nif,32162,192576322
1505,406925.nif,12301,192608484
1506,419709.nif,17228,192620785
1507,419714.nif,13349,192638013
1508,419152.nif,6478,192651362
1509,419178.nif,11478,192657840
1510,493124.nif,65310,192669318
1511,493131.nif,14501,192734628
1512,493137.nif,14537,192749129
1513,406947.nif,17583,192763666
1514,406938.nif,22142,192781249
1515,419719.nif,12947,192803391
1516,406964.nif,28381,192816338
1517,406955.nif,16266,192844719
1518,592328.nif,25914,192860985
1519,526946.nif,115244,192886899
1520,591148.nif,6469,193002143
1521,501089.nif,4456,193008612
1522,501087.nif,4456,193013068
1523,501084.nif,4456,193017524
1524,526932.nif,11091,193021980
1525,526939.nif,26869,193033071
1526,504277.nif,126508,193059940
1527,506984.nif,26767,193186448
1528,591631.nif,123902,193213215
1529,591660.nif,249106,193337117
1530,591669.nif,60734,193586223
1531,591670.nif,44050,193646957
1532,591673.nif,45682,193691007
1533,591674.nif,28262,193736689
1534,591675.nif,29678,193764951
1535,591689.nif,48491,193794629
1536,527984.nif,45200,193843120
1537,527996.nif,28472,193888320
1538,528004.nif,55344,193916792
1539,528015.nif,67364,193972136
1540,592332.nif,30444,194039500
1541,461251.nif,10908,194069944
1542,461283.nif,7925,194080852
1543,528053.nif,6907,194088777
1544,526764.nif,22689,194095684
1545,526790.nif,8340,194118373
1546,526809.nif,23437,194126713
1547,526863.nif,17115,194150150
1548,592461.nif,7760,194167265
1549,527964.nif,29979,194175025
1550,527971.nif,29079,194205004
1551,527978.nif,39657,194234083
1552,506979.nif,18221,194273740
1553,507028.nif,17052,194291961
1554,592335.nif,31006,194309013
1555,461019.nif,45897,194340019
1556,461020.nif,43274,194385916
1557,469728.nif,11462,194429190
1558,469745.nif,31136,194440652
1559,469798.nif,11446,194471788
1560,592338.nif,45870,194483234
1561,592341.nif,39234,194529104
1562,469644.nif,53700,194568338
1563,469664.nif,34206,194622038
1564,469705.nif,9171,194656244
1565,592344.nif,11746,194665415
1566,592347.nif,18936,194677161
1567,592350.nif,29520,194696097
1568,395900.nif,6509,194725617
1569,395926.nif,5437,194732126
1570,493619.nif,5437,194737563
1571,592329.nif,29208,194743000
1572,528035.nif,65697,194772208
1573,525753.nif,58101,194837905
1574,469613.nif,10585,194896006
1575,469595.nif,8897,194906591
1576,469623.nif,4684,194915488
1577,469629.nif,13229,194920172
1578,469633.nif,11537,194933401
1579,469637.nif,11043,194944938
1580,530571.nif,44286,194955981
1581,530576.nif,34310,195000267
1582,530581.nif,42894,195034577
1583,530601.nif,26634,195077471
1584,530650.nif,46912,195104105
1585,592353.nif,81436,195151017
1586,592356.nif,40073,195232453
1587,592359.nif,34700,195272526
1588,592362.nif,10926,195307226
1589,413099.nif,13324,195318152
1590,460591.nif,40174,195331476
1591,460629.nif,14608,195371650
1592,460638.nif,30738,195386258
1593,460647.nif,53417,195416996
1594,460873.nif,37700,195470413
1595,460877.nif,18836,195508113
1596,461138.nif,13734,195526949
1597,469444.nif,51293,195540683
1598,469431.nif,32895,195591976
1599,469438.nif,34606,195624871
1600,469411.nif,51735,195659477
1601,469424.nif,56353,195711212
1602,526926.nif,34626,195767565
1603,591666.nif,14825,195802191
1604,591614.nif,123509,195817016
1605,591668.nif,32914,195940525
1606,385142.nif,88927,195973439
1607,387660.nif,32494,196062366
1608,387767.nif,48077,196094860
1609,387790.nif,101500,196142937
1610,395240.nif,22202,196244437
1611,395264.nif,27305,196266639
1612,395288.nif,30735,196293944
1613,395391.nif,30318,196324679
1614,406052.nif,39376,196354997
1615,406062.nif,79055,196394373
1616,581707.nif,54206,196473428
1617,581772.nif,40967,196527634
1618,504802.nif,1412,196568601
1619,591286.nif,12079,196570013
1620,456799.nif,167803,196582092
1621,504623.nif,6976,196749895
1622,504827.nif,17424,196756871
1623,582705.nif,41656,196774295
1624,583247.nif,20230,196815951
1625,583244.nif,43394,196836181
1626,583427.nif,41152,196879575
1627,583242.nif,67954,196920727
1628,583426.nif,28404,196988681
1629,583243.nif,44374,197017085
1630,583246.nif,39046,197061459
1631,583245.nif,51464,197100505
1632,583399.nif,8716,197151969
1633,540101.nif,7827,197160685
1634,540099.nif,11907,197168512
1635,540102.nif,7977,197180419
1636,524502.nif,13925,197188396
1637,540098.nif,11915,197202321
1638,524517.nif,9367,197214236
1639,524510.nif,12691,197223603
1640,540100.nif,6433,197236294
1641,506379.nif,4330,197242727
1642,381343.nif,38729,197247057
1643,175355.nif,8138,197285786
1644,175357.nif,13783,197293924
1645,175364.nif,8887,197307707
1646,175367.nif,5759,197316594
1647,509096.nif,9975,197322353
1648,509100.nif,4671,197332328
1649,509103.nif,5759,197336999
1650,509106.nif,7799,197342758
1651,509109.nif,5623,197350557
1652,509112.nif,6167,197356180
1653,509115.nif,9975,197362347
1654,509128.nif,9975,197372322
1655,524354.nif,6675,197382297
1656,544570.nif,43747,197388972
1657,544571.nif,11827,197432719
1658,544572.nif,11571,197444546
1659,3109.nif,5767,197456117
1660,460312.nif,43751,197461884
1661,387348.nif,2690,197505635
1662,386359.nif,27058,197508325
1663,386667.nif,5258,197535383
1664,393941.nif,10974,197540641
1665,386441.nif,9958,197551615
1666,386443.nif,9958,197561573
1667,386355.nif,11623,197571531
1668,547010.nif,45762,197583154
1669,63923.nif,12515,197628916
1670,63914.nif,16667,197641431
1671,63905.nif,45994,197658098
1672,287473.nif,16231,197704092
1673,497131.nif,50531,197720323
1674,311193.nif,74626,197770854
1675,311240.nif,9800,197845480
1676,311218.nif,7977,197855280
1677,543494.nif,130997,197863257
1678,12467.nif,7782,197994254
1679,193134.nif,30620,198002036
1680,240772.nif,43936,198032656
1681,504561.nif,84826,198076592
1682,504569.nif,182513,198161418
1683,504578.nif,64906,198343931
1684,504595.nif,50240,198408837
1685,504600.nif,81961,198459077
1686,504605.nif,154365,198541038
1687,488791.nif,17621,198695403
1688,493957.nif,38247,198713024
1689,475029.nif,12752,198751271
1690,490686.nif,76066,198764023
1691,504678.nif,9169,198840089
1692,475035.nif,13329,198849258
1693,469354.nif,7342,198862587
1694,469343.nif,4193,198869929
1695,469348.nif,5347,198874122
1696,469351.nif,17134,198879469
1697,469325.nif,13154,198896603
1698,469329.nif,8394,198909757
1699,469333.nif,8434,198918151
1700,340540.nif,57553,198926585
1701,469322.nif,16826,198984138
1702,469372.nif,8130,199000964
1703,493293.nif,6210,199009094
1704,493298.nif,9778,199015304
1705,194013.nif,2969,199025082
1706,469363.nif,15930,199028051
1707,469367.nif,23962,199043981
1708,546022.nif,92991,199067943
1709,217350.nif,29097,199160934
1710,217362.nif,33247,199190031
1711,469357.nif,10185,199223278
1712,469360.nif,24047,199233463
1713,469337.nif,49210,199257510
1714,112372.nif,24959,199306720
1715,469318.nif,27598,199331679
1716,285937.nif,39313,199359277
1717,99063.nif,15783,199398590
1718,99070.nif,7375,199414373
1719,99077.nif,10313,199421748
1720,278165.nif,58706,199432061
1721,99082.nif,5372,199490767
1722,64623.nif,1981,199496139
1723,64609.nif,25901,199498120
1724,64618.nif,22413,199524021
1725,190807.nif,6273,199546434
1726,190826.nif,5422,199552707
1727,190843.nif,3738,199558129
1728,190862.nif,9816,199561867
1729,169210.nif,19574,199571683
1730,169330.nif,5767,199591257
1731,169347.nif,5767,199597024
1732,169361.nif,2432,199602791
1733,169381.nif,2432,199605223
1734,169395.nif,9693,199607655
1735,168244.nif,39457,199617348
1736,504729.nif,17983,199656805
1737,192829.nif,46695,199674788
1738,193168.nif,32204,199721483
1739,281104.nif,14745,199753687
1740,286526.nif,25552,199768432
1741,305923.nif,14950,199793984
1742,305924.nif,13875,199808934
1743,305925.nif,16286,199822809
1744,305926.nif,11196,199839095
1745,305927.nif,25552,199850291
1746,305928.nif,26228,199875843
1747,305929.nif,26228,199902071
1748,301158.nif,25552,199928299
1749,197725.nif,25552,199953851
1750,280542.nif,25552,199979403
1751,193078.nif,26406,200004955
1752,320714.nif,46732,200031361
1753,197703.nif,25552,200078093
1754,280868.nif,1117,200103645
1755,280746.nif,25552,200104762
1756,193391.nif,47640,200130314
1757,323435.nif,20341,200177954
1758,281718.nif,1566,200198295
1759,192811.nif,47092,200199861
1760,354235.nif,22036,200246953
1761,288531.nif,10348,200268989
1762,293359.nif,1199,200279337
1763,283118.nif,25480,200280536
1764,193595.nif,49169,200306016
1765,506455.nif,54400,200355185
1766,284430.nif,26136,200409585
1767,168262.nif,21902,200435721
1768,284456.nif,21412,200457623
1769,284468.nif,21412,200479035
1770,289283.nif,10348,200500447
1771,190751.nif,17963,200510795
1772,190606.nif,17943,200528758
1773,190676.nif,17975,200546701
1774,354198.nif,25428,200564676
1775,335388.nif,75346,200590104
1776,191508.nif,32074,200665450
1777,168195.nif,3273,200697524
1778,194771.nif,8793,200700797
1779,194800.nif,8757,200709590
1780,194804.nif,8773,200718347
1781,194808.nif,8749,200727120
1782,168211.nif,10088,200735869
1783,194812.nif,32305,200745957
1784,194815.nif,32245,200778262
1785,194818.nif,32305,200810507
1786,194821.nif,32213,200842812
1787,354419.nif,240138,200875025
1788,543845.nif,78592,201115163
1789,168227.nif,5362,201193755
1790,192553.nif,29396,201199117
1791,337380.nif,23902,201228513
1792,337383.nif,18180,201252415
1793,337386.nif,9154,201270595
1794,337813.nif,67206,201279749
1795,168407.nif,10133,201346955
1796,493861.nif,260959,201357088
1797,493886.nif,56657,201618047
1798,493906.nif,376567,201674704
1799,329635.nif,25865,202051271
1800,504401.nif,91598,202077136
1801,581409.nif,12652,202168734
1802,493664.nif,72729,202181386
1803,493676.nif,26237,202254115
1804,493680.nif,48823,202280352
1805,493684.nif,18287,202329175
1806,493688.nif,26135,202347462
1807,493692.nif,13967,202373597
1808,493696.nif,28799,202387564
1809,591690.nif,78238,202416363
1810,147588.nif,15338,202494601
1811,551508.nif,9202,202509939
1812,551512.nif,15730,202519141
1813,500939.nif,22527,202534871
1814,500945.nif,6107,202557398
1815,406686.nif,15676,202563505
1816,500714.nif,8110,202579181
1817,501038.nif,4215,202587291
1818,500728.nif,12890,202591506
1819,500727.nif,12881,202604396
1820,500726.nif,7893,202617277
1821,500725.nif,5049,202625170
1822,500724.nif,4211,202630219
1823,500723.nif,6084,202634430
1824,500722.nif,3788,202640514
1825,500721.nif,10940,202644302
1826,500720.nif,4382,202655242
1827,500719.nif,6833,202659624
1828,500718.nif,4313,202666457
1829,500717.nif,18033,202670770
1830,471919.nif,12051,202688803
1831,471920.nif,12065,202700854
1832,471921.nif,15899,202712919
1833,317828.nif,43996,202728818
1834,238529.nif,69488,202772814
1835,501485.nif,69488,202842302
1836,546439.nif,23187,202911790
1837,497460.nif,66748,202934977
1838,498955.nif,3795,203001725
1839,500119.nif,32903,203005520
1840,585284.nif,25512,203038423
1841,499033.nif,92417,203063935
1842,497459.nif,45664,203156352
1843,169730.nif,41687,203202016
1844,246470.nif,41687,203243703
1845,584602.nif,78713,203285390
1846,30451.nif,6956,203364103
1847,41090.nif,16428,203371059
1848,155495.nif,32407,203387487
1849,510491.nif,15606,203419894
1850,241657.nif,47865,203435500
1851,252919.nif,53615,203483365
1852,499035.nif,116467,203536980
1853,41076.nif,18082,203653447
1854,238570.nif,49335,203671529
1855,41379.nif,52803,203720864
1856,336824.nif,113159,203773667
1857,241652.nif,21915,203886826
1858,510503.nif,15370,203908741
1859,497458.nif,22722,203924111
1860,238500.nif,42756,203946833
1861,377176.nif,53775,203989589
1862,169725.nif,3019,204043364
1863,504660.nif,14143,204046383
1864,59715.nif,6205,204060526
1865,59669.nif,7191,204066731
1866,59673.nif,6136,204073922
1867,59720.nif,6060,204080058
1868,183293.nif,6386,204086118
1869,183328.nif,19716,204092504
1870,183359.nif,90825,204112220
1871,499518.nif,129735,204203045
1872,183385.nif,15007,204332780
1873,183411.nif,16400,204347787
1874,503675.nif,9446,204364187
1875,493474.nif,27389,204373633
1876,493477.nif,17557,204401022
1877,493387.nif,23858,204418579
1878,493456.nif,15078,204442437
1879,493462.nif,11818,204457515
1880,493523.nif,18710,204469333
1881,397004.nif,63262,204488043
1882,513981.nif,31528,204551305
1883,172445.nif,64605,204582833
1884,318839.nif,48578,204647438
1885,238039.nif,86287,204696016
1886,397022.nif,35761,204782303
1887,384829.nif,46399,204818064
1888,265890.nif,44059,204864463
1889,50113.nif,65431,204908522
1890,50138.nif,57697,204973953
1891,178207.nif,65464,205031650
1892,283475.nif,19988,205097114
1893,23971.nif,50687,205117102
1894,330550.nif,81524,205167789
1895,320006.nif,42927,205249313
1896,50126.nif,65365,205292240
1897,179961.nif,54655,205357605
1898,459186.nif,21725,205412260
1899,585001.nif,63152,205433985
1900,109106.nif,38969,205497137
1901,485084.nif,29550,205536106
1902,41284.nif,21141,205565656
1903,28939.nif,31248,205586797
1904,34752.nif,32508,205618045
1905,132061.nif,36613,205650553
1906,514624.nif,62842,205687166
1907,531935.nif,4971,205750008
1908,531938.nif,6725,205754979
1909,531939.nif,7244,205761704
1910,531940.nif,6555,205768948
1911,531941.nif,9180,205775503
1912,531942.nif,8975,205784683
1913,531943.nif,20840,205793658
1914,529695.nif,35103,205814498
1915,531038.nif,23172,205849601
1916,491098.nif,23330,205872773
1917,491092.nif,19776,205896103
1918,491106.nif,28590,205915879
1919,491113.nif,18506,205944469
1920,491120.nif,33710,205962975
1921,529721.nif,29532,205996685
1922,531928.nif,19157,206026217
1923,531932.nif,18363,206045374
1924,175131.nif,31959,206063737
1925,176570.nif,18292,206095696
1926,169583.nif,19853,206113988
1927,182456.nif,9687,206133841
1928,175323.nif,20292,206143528
1929,175156.nif,37752,206163820
1930,531924.nif,3880,206201572
1931,531921.nif,4956,206205452
1932,531914.nif,4965,206210408
1933,169591.nif,9856,206215373
1934,175376.nif,14742,206225229
1935,175144.nif,15163,206239971
1936,182447.nif,39367,206255134
1937,175481.nif,18471,206294501
1938,406982.nif,7528,206312972
1939,406991.nif,7918,206320500
1940,406999.nif,24874,206328418
1941,407006.nif,22219,206353292
1942,407009.nif,17708,206375511
1943,407012.nif,12530,206393219
1944,121728.nif,82342,206405749
1945,121672.nif,53675,206488091
1946,224274.nif,175122,206541766
1947,224302.nif,189040,206716888
1948,224312.nif,172278,206905928
1949,224320.nif,202968,207078206
1950,227811.nif,52281,207281174
1951,227821.nif,49388,207333455
1952,227193.nif,83031,207382843
1953,227218.nif,83515,207465874
1954,227334.nif,84039,207549389
1955,343727.nif,83031,207633428
1956,36718.nif,28621,207716459
1957,36719.nif,27857,207745080
1958,36720.nif,36225,207772937
1959,192858.nif,53781,207809162
1960,192882.nif,53781,207862943
1961,192891.nif,120184,207916724
1962,192900.nif,120184,208036908
1963,192909.nif,59428,208157092
1964,193050.nif,61698,208216520
1965,192917.nif,19395,208278218
1966,192924.nif,34572,208297613
1967,192929.nif,59718,208332185
1968,40151.nif,8130,208391903
1969,40611.nif,13459,208400033
1970,220248.nif,74983,208413492
1971,224512.nif,70316,208488475
1972,220223.nif,33303,208558791
1973,203280.nif,118967,208592094
1974,203289.nif,118968,208711061
1975,203317.nif,118972,208830029
1976,40612.nif,52823,208949001
1977,40613.nif,52867,209001824
1978,40614.nif,42659,209054691
1979,40615.nif,52855,209097350
1980,203329.nif,134337,209150205
1981,203341.nif,150149,209284542
1982,203351.nif,162815,209434691
1983,203361.nif,164358,209597506
1984,208052.nif,137347,209761864
1985,208061.nif,148913,209899211
1986,208070.nif,149449,210048124
1987,40616.nif,41603,210197573
1988,40617.nif,42715,210239176
1989,346764.nif,60203,210281891
1990,346783.nif,60203,210342094
1991,207817.nif,11642,210402297
1992,206197.nif,480911,210413939
1993,206203.nif,397355,210894850
1994,206208.nif,231045,211292205
1995,198119.nif,152690,211523250
1996,198031.nif,138782,211675940
1997,198032.nif,125771,211814722
1998,198033.nif,125579,211940493
1999,40618.nif,46134,212066072
2000,511516.nif,60758,212112206
2001,512582.nif,24661,212172964
2002,512681.nif,65213,212197625
2003,514296.nif,1631,212262838
2004,513967.nif,28238,212264469
2005,517988.nif,16555,212292707
2006,534092.nif,39643,212309262
2007,536080.nif,39653,212348905
2008,536667.nif,12392,212388558
2009,536676.nif,33593,212400950
2010,536685.nif,32929,212434543
2011,536694.nif,37378,212467472
2012,536701.nif,37378,212504850
2013,536708.nif,37378,212542228
2014,546142.nif,12384,212579606
2015,546149.nif,12384,212591990
2016,381331.nif,4568,212604374
2017,531031.nif,10671,212608942
2018,387337.nif,11615,212619613
2019,469575.nif,13698,212631228
2020,498900.nif,8224,212644926
2021,498935.nif,7568,212653150
2022,498895.nif,5842,212660718
2023,396551.nif,18959,212666560
2024,581205.nif,16658,212685519
2025,581212.nif,30244,212702177
2026,581216.nif,30770,212732421
2027,581220.nif,22540,212763191
2028,581224.nif,30566,212785731
2029,581228.nif,16666,212816297
2030,581232.nif,22622,212832963
2031,581236.nif,31246,212855585
2032,581240.nif,22956,212886831
2033,581244.nif,30676,212909787
2034,581248.nif,30440,212940463
2035,581252.nif,22814,212970903
2036,581256.nif,23046,212993717
2037,581260.nif,22858,213016763
2038,581264.nif,22904,213039621
2039,581204.nif,80766,213062525
2040,588466.nif,39217,213143291
2041,588469.nif,28933,213182508
2042,470632.nif,34147,213211441
2043,101358.nif,112233,213245588
2044,101374.nif,104585,213357821
2045,59572.nif,18085,213462406
2046,59584.nif,17784,213480491
2047,59592.nif,22564,213498275
2048,59600.nif,21369,213520839
2049,59608.nif,20986,213542208
2050,59616.nif,18744,213563194
2051,73295.nif,18778,213581938
2052,59629.nif,2907,213600716
2053,59633.nif,6535,213603623
2054,59639.nif,3937,213610158
2055,59644.nif,20457,213614095
2056,59651.nif,3608,213634552
2057,59655.nif,2054,213638160
2058,59659.nif,4160,213640214
2059,503684.nif,6107,213644374
2060,407140.nif,17664,213650481
2061,407144.nif,17992,213668145
2062,407152.nif,10247,213686137
2063,408309.nif,3436,213696384
2064,407153.nif,3084,213699820
2065,216667.nif,198344,213702904
2066,321381.nif,194566,213901248
2067,406143.nif,104899,214095814
2068,407048.nif,83029,214200713
2069,413700.nif,85970,214283742
2070,582791.nif,4022,214369712
2071,491029.nif,411357,214373734
2072,285728.nif,2902,214785091
2073,493469.nif,20427,214787993
2074,470635.nif,30264,214808420
2075,470637.nif,32047,214838684
2076,380869.nif,2730,214870731
2077,381102.nif,2730,214873461
2078,493088.nif,5536,214876191
2079,492784.nif,12230,214881727
2080,592602.nif,3862,214893957
2081,398183.nif,83598,214897819
2082,523664.nif,77430,214981417
2083,498904.nif,11329,215058847
2084,498879.nif,8498,215070176
2085,498890.nif,9980,215078674
2086,498885.nif,12164,215088654
2087,387957.nif,8152,215100818
2088,387961.nif,21135,215108970
2089,387967.nif,11162,215130105
2090,387971.nif,11304,215141267
2091,387977.nif,9128,215152571
2092,387982.nif,5268,215161699
2093,387987.nif,25325,215166967
2094,385455.nif,13213,215192292
2095,385456.nif,10279,215205505
2096,388084.nif,9287,215215784
2097,406003.nif,26881,215225071
2098,381093.nif,4532,215251952
2099,381096.nif,6098,215256484
2100,584708.nif,45334,215262582
2101,519441.nif,36784,215307916
2102,591683.nif,16313,215344700
2103,380943.nif,4322,215361013
2104,531917.nif,8739,215365335
2105,524987.nif,58736,215374074
2106,430449.nif,5985,215432810
2107,430450.nif,5020,215438795
2108,260704.nif,5047,215443815
2109,425863.nif,7244,215448862
2110,418307.nif,161120,215456106
2111,157094.nif,6824,215617226
2112,488514.nif,56010,215624050
2113,486775.nif,5490,215680060
2114,486735.nif,17376,215685550
2115,486741.nif,54605,215702926
2116,488511.nif,12310,215757531
2117,473267.nif,16310,215769841
2118,473478.nif,10938,215786151
2119,473750.nif,10928,215797089
2120,473350.nif,12760,215808017
2121,473292.nif,550968,215820777
2122,314633.nif,9990,216371745
2123,186795.nif,10013,216381735
2124,153712.nif,4804,216391748
2125,419159.nif,15253,216396552
2126,419166.nif,13255,216411805
2127,419170.nif,13310,216425060
2128,591990.nif,65322,216438370
2129,591984.nif,85382,216503692
2130,592121.nif,50786,216589074
2131,591982.nif,65286,216639860
2132,591985.nif,62102,216705146
2133,591986.nif,85274,216767248
2134,591994.nif,223808,216852522
2135,592060.nif,50678,217076330
2136,591983.nif,62210,217127008
2137,574558.nif,69379,217189218
2138,591995.nif,60642,217258597
2139,592572.nif,159622,217319239
2140,574845.nif,730053,217478861
2141,574703.nif,749921,218208914
2142,579739.nif,812832,218958835
2143,576976.nif,1052401,219771667
2144,575776.nif,943630,220824068
2145,574608.nif,951445,221767698
2146,574452.nif,891730,222719143
2147,572221.nif,191844,223610873
2148,574751.nif,199402,223802717
2149,567400.nif,90500,224002119
2150,566482.nif,161254,224092619
2151,566498.nif,358878,224253873
2152,566576.nif,512140,224612751
2153,559053.nif,123388,225124891
2154,565556.nif,177454,225248279
2155,591087.nif,179735,225425733
2156,591971.nif,38182,225605468
2157,591782.nif,99651,225643650
2158,591781.nif,283017,225743301
2159,591780.nif,446053,226026318
2160,592460.nif,537985,226472371
2161,564344.nif,89117,227010356
2162,579289.nif,28914,227099473
2163,552261.nif,38907,227128387
2164,573792.nif,69431,227167294
2165,578441.nif,100361,227236725
2166,579810.nif,150200,227337086
2167,579821.nif,93682,227487286
2168,579840.nif,101382,227580968
2169,579853.nif,58622,227682350
2170,580110.nif,138396,227740972
2171,582045.nif,121567,227879368
2172,581963.nif,131763,228000935
2173,582064.nif,114635,228132698
2174,581970.nif,128543,228247333
2175,581977.nif,165936,228375876
2176,581984.nif,71125,228541812
2177,581991.nif,121607,228612937
2178,582101.nif,132063,228734544
2179,582368.nif,90754,228866607
2180,582381.nif,179482,228957361
2181,582114.nif,152851,229136843
2182,582127.nif,68272,229289694
2183,582144.nif,99773,229357966
2184,582198.nif,45910,229457739
2185,582549.nif,86584,229503649
2186,582210.nif,82764,229590233
2187,582223.nif,159580,229672997
2188,582235.nif,121548,229832577
2189,582335.nif,158129,229954125
2190,582354.nif,154845,230112254
2191,591840.nif,216755,230267099
2192,592719.nif,302374,230483854
2193,592124.nif,217118,230786228
2194,591847.nif,156540,231003346
2195,581688.nif,46650,231159886
2196,581691.nif,57986,231206536
2197,550049.nif,40971,231264522
2198,552586.nif,20106,231305493
2199,552677.nif,24852,231325599
2200,549576.nif,28049,231350451
2201,552678.nif,34136,231378500
2202,552679.nif,31652,231412636
2203,552681.nif,20190,231444288
2204,584739.nif,52940,231464478
2205,591267.nif,90937,231517418
2206,567250.nif,84944,231608355
2207,591808.nif,61759,231693299
2208,591807.nif,33889,231755058
2209,591806.nif,19523,231788947
2210,592577.nif,25109,231808470
2211,592580.nif,111393,231833579
2212,551551.nif,249750,231944972
2213,565690.nif,308940,232194722
2214,548977.nif,113787,232503662
2215,552782.nif,37471,232617449
2216,586272.nif,50657,232654920
2217,591977.nif,187309,232705577
2218,548296.nif,733491,232892886
2219,591774.nif,594009,233626377
2220,577197.nif,232355,234220386
2221,575671.nif,32426,234452741
2222,574799.nif,25882,234485167
2223,574828.nif,42958,234511049
2224,574894.nif,24538,234554007
2225,575080.nif,39702,234578545
2226,549031.nif,162726,234618247
2227,563309.nif,197224,234780973
2228,554896.nif,43935,234978197
2229,569005.nif,89023,235022132
2230,566105.nif,64755,235111155
2231,566623.nif,76775,235175910
2232,565311.nif,141697,235252685
2233,548295.nif,88718,235394382
2234,567157.nif,87965,235483100
2235,567178.nif,61556,235571065
2236,588768.nif,88279,235632621
2237,591167.nif,112236,235720900
2238,552527.nif,38551,235833136
2239,591011.nif,123564,235871687
2240,559321.nif,55301,235995251
2241,560104.nif,110298,236050552
2242,560105.nif,164659,236160850
2243,592274.nif,570903,236325509
2244,549164.nif,113823,236896412
2245,564315.nif,149153,237010235
2246,566232.nif,127193,237159388
2247,566670.nif,215217,237286581
2248,566633.nif,222687,237501798
2249,566906.nif,225043,237724485
2250,568317.nif,278622,237949528
2251,568349.nif,91923,238228150
2252,592162.nif,112468,238320073
2253,574579.nif,71227,238432541
2254,592565.nif,154016,238503768
2255,551661.nif,731823,238657784
2256,559452.nif,756261,239389607
2257,564427.nif,818384,240145868
2258,567279.nif,1076618,240964252
2259,568561.nif,970026,242040870
2260,573804.nif,964831,243010896
2261,568182.nif,806858,243975727
2262,591812.nif,180181,244782585
2263,591813.nif,40189,244962766
2264,591816.nif,214407,245002955
2265,591819.nif,34019,245217362
2266,591820.nif,102375,245251381
2267,592169.nif,24659,245353756
2268,592186.nif,159976,245378415
2269,569102.nif,186816,245538391
2270,574649.nif,201980,245725207
2271,567391.nif,90768,245927187
2272,576008.nif,84874,246017955
2273,591974.nif,194952,246102829
2274,592605.nif,221317,246297781
2275,566586.nif,371328,246519098
2276,566701.nif,380082,246890426
2277,559052.nif,121764,247270508
2278,591969.nif,37469,247392272
2279,591775.nif,99494,247429741
2280,591779.nif,279940,247529235
2281,591778.nif,169560,247809175
2282,564345.nif,89015,247978735
2283,579284.nif,26828,248067750
2284,577901.nif,73905,248094578
2285,579866.nif,71034,248168483
2286,580079.nif,44674,248239517
2287,580140.nif,46322,248284191
2288,580098.nif,50362,248330513
2289,580185.nif,31182,248380875
2290,580207.nif,68759,248412057
2291,580224.nif,51854,248480816
2292,582247.nif,160786,248532670
2293,582252.nif,200346,248693456
2294,582262.nif,199086,248893802
2295,582268.nif,180482,249092888
2296,582275.nif,69314,249273370
2297,582286.nif,74170,249342684
2298,582293.nif,192762,249416854
2299,582299.nif,80146,249609616
2300,582307.nif,159310,249689762
2301,582314.nif,269008,249849072
2302,582323.nif,47190,250118080
2303,582330.nif,131959,250165270
2304,582424.nif,31526,250297229
2305,582435.nif,59000,250328755
2306,582436.nif,256140,250387755
2307,582443.nif,265160,250643895
2308,582448.nif,116712,250909055
2309,582576.nif,160638,251025767
2310,582722.nif,90518,251186405
2311,592127.nif,112909,251276923
2312,592129.nif,257238,251389832
2313,592128.nif,208357,251647070
2314,592715.nif,194958,251855427
2315,581572.nif,46542,252050385
2316,581676.nif,57758,252096927
2317,550044.nif,40870,252154685
2318,552587.nif,19998,252195555
2319,552682.nif,24822,252215553
2320,549571.nif,28019,252240375
2321,552684.nif,34028,252268394
2322,552683.nif,31622,252302422
2323,552685.nif,20082,252334044
2324,584744.nif,52832,252354126
2325,568024.nif,84836,252406958
2326,591797.nif,61415,252491794
2327,591783.nif,33705,252553209
2328,591842.nif,18733,252586914
2329,592583.nif,25005,252605647
2330,592584.nif,111289,252630652
2331,551564.nif,254418,252741941
2332,565819.nif,277082,252996359
2333,546483.nif,137665,253273441
2334,552783.nif,37579,253411106
2335,586184.nif,50229,253448685
2336,548808.nif,744536,253498914
2337,591766.nif,603108,254243450
2338,574348.nif,245524,254846558
2339,575658.nif,32318,255092082
2340,574785.nif,25774,255124400
2341,574817.nif,42594,255150174
2342,574862.nif,24430,255192768
2343,575085.nif,39594,255217198
2344,546718.nif,166164,255256792
2345,560318.nif,181526,255422956
2346,554881.nif,43613,255604482
2347,565691.nif,64801,255648095
2348,566380.nif,80835,255712896
2349,547537.nif,87176,255793731
2350,552522.nif,39061,255880907
2351,549229.nif,117175,255919968
2352,564294.nif,146077,256037143
2353,566115.nif,123083,256183220
2354,566323.nif,177145,256306303
2355,566356.nif,158221,256483448
2356,569070.nif,259500,256641669
2357,566758.nif,210319,256901169
2358,566785.nif,224041,257111488
2359,568102.nif,278070,257335529
2360,568240.nif,89119,257613599
2361,592165.nif,111086,257702718
2362,469067.nif,70317,257813804
2363,469966.nif,20018,257884121
2364,158743.nif,6955,257904139
2365,15807.nif,13192,257911094
2366,419625.nif,25513,257924286
2367,419647.nif,25587,257949799
2368,419655.nif,25765,257975386
2369,430324.nif,25795,258001151
2370,430325.nif,25513,258026946
2371,430326.nif,25685,258052459
2372,430327.nif,25513,258078144
2373,423167.nif,13671,258103657
2374,389863.nif,15947,258117328
2375,411277.nif,7262,258133275
2376,394580.nif,38286,258140537
2377,394604.nif,61557,258178823
2378,390096.nif,66394,258240380
2379,390097.nif,13063,258306774
2380,390095.nif,8167,258319837
2381,411153.nif,7262,258328004
2382,411165.nif,11341,258335266
2383,394570.nif,12085,258346607
2384,394601.nif,11765,258358692
2385,390100.nif,8516,258370457
2386,390098.nif,7399,258378973
2387,390099.nif,6925,258386372
2388,390774.nif,6965,258393297
2389,473022.nif,21417,258400262
2390,472992.nif,18113,258421679
2391,473081.nif,436708,258439792
2392,473123.nif,435195,258876500
2393,333465.nif,190651,259311695
2394,47068.nif,107817,259502346
2395,327980.nif,22440,259610163
2396,424943.nif,185272,259632603
2397,424963.nif,157108,259817875
2398,425004.nif,57372,259974983
2399,425009.nif,57368,260032355
2400,425035.nif,31633,260089723
2401,425040.nif,36027,260121356
2402,425045.nif,100544,260157383
2403,425050.nif,102738,260257927
2404,457715.nif,52994,260360665
2405,457730.nif,186428,260413659
2406,457739.nif,127368,260600087
2407,457743.nif,40500,260727455
2408,457749.nif,186041,260767955
2409,457711.nif,66696,260953996
2410,457760.nif,16473,261020692
2411,457755.nif,16473,261037165
2412,424972.nif,128477,261053638
2413,424982.nif,125561,261182115
2414,457699.nif,142644,261307676
2415,457709.nif,251112,261450320
2416,457706.nif,134880,261701432
2417,424994.nif,165552,261836312
2418,424999.nif,165550,262001864
2419,506408.nif,103602,262167414
2420,506411.nif,65428,262271016
2421,545964.nif,40444,262336444
2422,546547.nif,74188,262376888
2423,514705.nif,32498,262451076
2424,519341.nif,117924,262483574
2425,38117.nif,18171,262601498
2426,38118.nif,13778,262619669
2427,38166.nif,13925,262633447
2428,38167.nif,8782,262647372
2429,38168.nif,8782,262656154
2430,38169.nif,8182,262664936
2431,38170.nif,10684,262673118
2432,38171.nif,10701,262683802
2433,38172.nif,10709,262694503
2434,169847.nif,11727,262705212
2435,182275.nif,249600,262716939
2436,306151.nif,15361,262966539
2437,306156.nif,15361,262981900
2438,306161.nif,15361,262997261
2439,306166.nif,15361,263012622
2440,306171.nif,15361,263027983
2441,306176.nif,15361,263043344
2442,306181.nif,15361,263058705
2443,306186.nif,17571,263074066
2444,306191.nif,15361,263091637
2445,103241.nif,12138,263106998
2446,544506.nif,29245,263119136
2447,103247.nif,12138,263148381
2448,526578.nif,34828,263160519
2449,38505.nif,16127,263195347
2450,75599.nif,67907,263211474
2451,75607.nif,73987,263279381
2452,75614.nif,16127,263353368
2453,75620.nif,67964,263369495
2454,75625.nif,69167,263437459
2455,75706.nif,16127,263506626
2456,75712.nif,67907,263522753
2457,75717.nif,73987,263590660
2458,544512.nif,70983,263664647
2459,103278.nif,16127,263735630
2460,75763.nif,67907,263751757
2461,75774.nif,73987,263819664
2462,75779.nif,48702,263893651
2463,63380.nif,13364,263942353
2464,75832.nif,47927,263955717
2465,75837.nif,37485,264003644
2466,38506.nif,11108,264041129
2467,38507.nif,11808,264052237
2468,38508.nif,12138,264064045
2469,38509.nif,12792,264076183
2470,75867.nif,11108,264088975
2471,75872.nif,12138,264100083
2472,75878.nif,11104,264112221
2473,103296.nif,12138,264123325
2474,62855.nif,11108,264135463
2475,62884.nif,11808,264146571
2476,62889.nif,12138,264158379
2477,62974.nif,12792,264170517
2478,190277.nif,54101,264183309
2479,190282.nif,148350,264237410
2480,190287.nif,51080,264385760
2481,190292.nif,25346,264436840
2482,190297.nif,18484,264462186
2483,190302.nif,15918,264480670
2484,190307.nif,10788,264496588
2485,38510.nif,45882,264507376
2486,38511.nif,45060,264553258
2487,75920.nif,47464,264598318
2488,75931.nif,46874,264645782
2489,190410.nif,8261,264692656
2490,190415.nif,14923,264700917
2491,190420.nif,28251,264715840
2492,190425.nif,14923,264744091
2493,190430.nif,8257,264759014
2494,457523.nif,12301,264767271
2495,457532.nif,26611,264779572
2496,520192.nif,19453,264806183
2497,511189.nif,18029,264825636
2498,75968.nif,2255,264843665
2499,38558.nif,19303,264845920
2500,38557.nif,7003,264865223
2501,38556.nif,20961,264872226
2502,189926.nif,16214,264893187
2503,189930.nif,18212,264909401
2504,297139.nif,5900,264927613
2505,38555.nif,2817,264933513
2506,514695.nif,14883,264936330
2507,514692.nif,14883,264951213
2508,471529.nif,7168,264966096
2509,41719.nif,6931,264973264
2510,41728.nif,17438,264980195
2511,41816.nif,19305,264997633
2512,41722.nif,18172,265016938
2513,470721.nif,20721,265035110
2514,470708.nif,10000,265055831
2515,470700.nif,24093,265065831
2516,41821.nif,31229,265089924
2517,457652.nif,64342,265121153
2518,447381.nif,14081,265185495
2519,447385.nif,14081,265199576
2520,457641.nif,19232,265213657
2521,397348.nif,38264,265232889
2522,397354.nif,38267,265271153
2523,193271.nif,22290,265309420
2524,143003.nif,26180,265331710
2525,143009.nif,42966,265357890
2526,143013.nif,42966,265400856
2527,143021.nif,49442,265443822
2528,514759.nif,6530,265493264
2529,523293.nif,6530,265499794
2530,524799.nif,6530,265506324
2531,520188.nif,6530,265512854
2532,168523.nif,15773,265519384
2533,168553.nif,5429,265535157
2534,78416.nif,9269,265540586
2535,78430.nif,23527,265549855
2536,78444.nif,47313,265573382
2537,45388.nif,26007,265620695
2538,75187.nif,16065,265646702
2539,75192.nif,38339,265662767
2540,75196.nif,40407,265701106
2541,75200.nif,40407,265741513
2542,78464.nif,40407,265781920
2543,78478.nif,47031,265822327
2544,78491.nif,39303,265869358
2545,78505.nif,54633,265908661
2546,78519.nif,24931,265963294
2547,78533.nif,39338,265988225
2548,78547.nif,26223,266027563
2549,78561.nif,40405,266053786
2550,78575.nif,55864,266094191
2551,78592.nif,41561,266150055
2552,78606.nif,56077,266191616
2553,78620.nif,28923,266247693
2554,78634.nif,9554,266276616
2555,78648.nif,9554,266286170
2556,78662.nif,9554,266295724
2557,78676.nif,9496,266305278
2558,78691.nif,9556,266314774
2559,78705.nif,9558,266324330
2560,78719.nif,9558,266333888
2561,78742.nif,9554,266343446
2562,88642.nif,2909,266353000
2563,544432.nif,19212,266355909
2564,190552.nif,6675,266375121
2565,38575.nif,33032,266381796
2566,107734.nif,4022,266414828
2567,107749.nif,3550,266418850
2568,336527.nif,4020,266422400
2569,436345.nif,11120,266426420
2570,457582.nif,23844,266437540
2571,526568.nif,7544,266461384
2572,38576.nif,7725,266468928
2573,38577.nif,4597,266476653
2574,191726.nif,4479,266481250
2575,38578.nif,6427,266485729
2576,191729.nif,3363,266492156
2577,191755.nif,3987,266495519
2578,38580.nif,3792,266499506
2579,191758.nif,6351,266503298
2580,87972.nif,3600,266509649
2581,103328.nif,2804,266513249
2582,103341.nif,3600,266516053
2583,103357.nif,3598,266519653
2584,103370.nif,3377,266523251
2585,103383.nif,3598,266526628
2586,103396.nif,3596,266530226
2587,103409.nif,3598,266533822
2588,103422.nif,3596,266537420
2589,103435.nif,3602,266541016
2590,103698.nif,3598,266544618
2591,103711.nif,3600,266548216
2592,103724.nif,3598,266551816
2593,103738.nif,3598,266555414
2594,103751.nif,3598,266559012
2595,103764.nif,3596,266562610
2596,103777.nif,3600,266566206
2597,103790.nif,3600,266569806
2598,103803.nif,3596,266573406
2599,103838.nif,3598,266577002
2600,103852.nif,3600,266580600
2601,103866.nif,3600,266584200
2602,103879.nif,3602,266587800
2603,103895.nif,3598,266591402
2604,103909.nif,3598,266595000
2605,103922.nif,3598,266598598
2606,103936.nif,3600,266602196
2607,103949.nif,3594,266605796
2608,94606.nif,2738,266609390
2609,94609.nif,2738,266612128
2610,94619.nif,2738,266614866
2611,94639.nif,2738,266617604
2612,94675.nif,2738,266620342
2613,94678.nif,2738,266623080
2614,94682.nif,2738,266625818
2615,98237.nif,2736,266628556
2616,98240.nif,2736,266631292
2617,98243.nif,2736,266634028
2618,98246.nif,2736,266636764
2619,98249.nif,2736,266639500
2620,98252.nif,2736,266642236
2621,98255.nif,2736,266644972
2622,98659.nif,2736,266647708
2623,98662.nif,2736,266650444
2624,98665.nif,2736,266653180
2625,98669.nif,2736,266655916
2626,98672.nif,2736,266658652
2627,98675.nif,2736,266661388
2628,98678.nif,2736,266664124
2629,98681.nif,2736,266666860
2630,98684.nif,2736,266669596
2631,98688.nif,2736,266672332
2632,98691.nif,2736,266675068
2633,296370.nif,3144,266677804
2634,523288.nif,6530,266680948
2635,524432.nif,12260,266687478
2636,525662.nif,6528,266699738
2637,525665.nif,6528,266706266
2638,525668.nif,12260,266712794
2639,525671.nif,6530,266725054
2640,525914.nif,9828,266731584
2641,526689.nif,12260,266741412
2642,514804.nif,19216,266753672
2643,525918.nif,30128,266772888
2644,525922.nif,19766,266803016
2645,525926.nif,55127,266822782
2646,525930.nif,49667,266877909
2647,525934.nif,42330,266927576
2648,525938.nif,25716,266969906
2649,525942.nif,8220,266995622
2650,525946.nif,15052,267003842
2651,545493.nif,72099,267018894
2652,545496.nif,72103,267090993
2653,545498.nif,72103,267163096
2654,545500.nif,41541,267235199
2655,545502.nif,24453,267276740
2656,545504.nif,15579,267301193
2657,545559.nif,16257,267316772
2658,545518.nif,19343,267333029
2659,545521.nif,60519,267352372
2660,523431.nif,90514,267412891
2661,214322.nif,4027,267503405
2662,225093.nif,3753,267507432
2663,112340.nif,2098,267511185
2664,397398.nif,4424,267513283
2665,540071.nif,7389,267517707
2666,540075.nif,8115,267525096
2667,524484.nif,3667,267533211
2668,540069.nif,11591,267536878
2669,540070.nif,7199,267548469
2670,588770.nif,7121,267555668
2671,588772.nif,22457,267562789
2672,524491.nif,16985,267585246
2673,524488.nif,6191,267602231
2674,381081.nif,3762,267608422
2675,506384.nif,3172,267612184
2676,380871.nif,3798,267615356
2677,380699.nif,8492,267619154
2678,584907.nif,36977,267627646
2679,380866.nif,3894,267664623
2680,584915.nif,21565,267668517
2681,380670.nif,3855,267690082
2682,586451.nif,37064,267693937
2683,586454.nif,13724,267731001
2684,586455.nif,21818,267744725
2685,586456.nif,13652,267766543
2686,506387.nif,5311,267780195
2687,584910.nif,37072,267785506
2688,380702.nif,3855,267822578
2689,465920.nif,5492,267826433
2690,465924.nif,5492,267831925
2691,465925.nif,5492,267837417
2692,466348.nif,5492,267842909
2693,542072.nif,184809,267848401
2694,544486.nif,48769,268033210
2695,544488.nif,37300,268081979
2696,544494.nif,50180,268119279
2697,545478.nif,70979,268169459
2698,545483.nif,75957,268240438
2699,107707.nif,232609,268316395
2700,38700.nif,16946,268549004
2701,38701.nif,107318,268565950
2702,510497.nif,28905,268673268
2703,38736.nif,18830,268702173
2704,38737.nif,25182,268721003
2705,38738.nif,39934,268746185
2706,103994.nif,28246,268786119
2707,104014.nif,47045,268814365
2708,528481.nif,46777,268861410
2709,417846.nif,23516,268908187
2710,417906.nif,19408,268931703
2711,417946.nif,43467,268951111
2712,417862.nif,34318,268994578
2713,417924.nif,42442,269028896
2714,526608.nif,55591,269071338
2715,526620.nif,61863,269126929
2716,526624.nif,43178,269188792
2717,526627.nif,16682,269231970
2718,526630.nif,16081,269248652
2719,525950.nif,20316,269264733
2720,525954.nif,11096,269285049
2721,525958.nif,21897,269296145
2722,525961.nif,20602,269318042
2723,525964.nif,33266,269338644
2724,525968.nif,26434,269371910
2725,525982.nif,75823,269398344
2726,525990.nif,75823,269474167
2727,523601.nif,27877,269549990
2728,523640.nif,7112,269577867
2729,523596.nif,9036,269584979
2730,523555.nif,31272,269594015
2731,507194.nif,40900,269625287
2732,507199.nif,14018,269666187
2733,437693.nif,50160,269680205
2734,437696.nif,45493,269730365
2735,523240.nif,29588,269775858
2736,523568.nif,11132,269805446
2737,456835.nif,138102,269816578
2738,505536.nif,133759,269954680
2739,523365.nif,9311,270088439
2740,523630.nif,31536,270097750
2741,75075.nif,29210,270129286
2742,299812.nif,29210,270158496
2743,75080.nif,29219,270187706
2744,299821.nif,29219,270216925
2745,75118.nif,63235,270246144
2746,75125.nif,26179,270309379
2747,75130.nif,6319,270335558
2748,75281.nif,6086,270341877
2749,75286.nif,6084,270347963
2750,75290.nif,5218,270354047
2751,203563.nif,8722,270359265
2752,505879.nif,27475,270367987
2753,182327.nif,9489,270395462
2754,182351.nif,10597,270404951
2755,182369.nif,7211,270415548
2756,184015.nif,10671,270422759
2757,297728.nif,31960,270433430
2758,297734.nif,31960,270465390
2759,509994.nif,28023,270497350
2760,507238.nif,24772,270525373
2761,525630.nif,33929,270550145
2762,525633.nif,33929,270584074
2763,525636.nif,18052,270618003
2764,525639.nif,27902,270636055
2765,525642.nif,27902,270663957
2766,505939.nif,27045,270691859
2767,505935.nif,40111,270718904
2768,508684.nif,40111,270759015
2769,189957.nif,5191,270799126
2770,189962.nif,5259,270804317
2771,189966.nif,5191,270809576
2772,525649.nif,23256,270814767
2773,525652.nif,24256,270838023
2774,525654.nif,24256,270862279
2775,525656.nif,24258,270886535
2776,525658.nif,24256,270910793
2777,525660.nif,12984,270935049
2778,505853.nif,68729,270948033
2779,506967.nif,68729,271016762
2780,303670.nif,23759,271085491
2781,303673.nif,19529,271109250
2782,190012.nif,10255,271128779
2783,190017.nif,7766,271139034
2784,509252.nif,35392,271146800
2785,74555.nif,11169,271182192
2786,74574.nif,11169,271193361
2787,74591.nif,11169,271204530
2788,74608.nif,11169,271215699
2789,188324.nif,14870,271226868
2790,188328.nif,14704,271241738
2791,188356.nif,7775,271256442
2792,506231.nif,53100,271264217
2793,298743.nif,10359,271317317
2794,298746.nif,15727,271327676
2795,298748.nif,12843,271343403
2796,300179.nif,10359,271356246
2797,344806.nif,10359,271366605
2798,523279.nif,25952,271376964
2799,523354.nif,13799,271402916
2800,297382.nif,17153,271416715
2801,297389.nif,17149,271433868
2802,75021.nif,30949,271451017
2803,75034.nif,27055,271481966
2804,75029.nif,30017,271509021
2805,298949.nif,10266,271539038
2806,296720.nif,8198,271549304
2807,296737.nif,6310,271557502
2808,523405.nif,10422,271563812
2809,298441.nif,19948,271574234
2810,298945.nif,10266,271594182
2811,545976.nif,26654,271604448
2812,545980.nif,26654,271631102
2813,545990.nif,26654,271657756
2814,505943.nif,155351,271684410
2815,105794.nif,17915,271839761
2816,105811.nif,26069,271857676
2817,105828.nif,26069,271883745
2818,105844.nif,9755,271909814
2819,105860.nif,6232,271919569
2820,105876.nif,5733,271925801
2821,105894.nif,5733,271931534
2822,105911.nif,5733,271937267
2823,105927.nif,5834,271943000
2824,11692.nif,8838,271948834
2825,35527.nif,3441,271957672
2826,37551.nif,3447,271961113
2827,45052.nif,6383,271964560
2828,45080.nif,4877,271970943
2829,31657.nif,4237,271975820
2830,298603.nif,38471,271980057
2831,298756.nif,8705,272018528
2832,300207.nif,8705,272027233
2833,77852.nif,15408,272035938
2834,514849.nif,45827,272051346
2835,514854.nif,81707,272097173
2836,190049.nif,23761,272178880
2837,190056.nif,36441,272202641
2838,190059.nif,19125,272239082
2839,75330.nif,33151,272258207
2840,299833.nif,33151,272291358
2841,75335.nif,13847,272324509
2842,75339.nif,12261,272338356
2843,75343.nif,33155,272350617
2844,75347.nif,16421,272383772
2845,75351.nif,21867,272400193
2846,75355.nif,12303,272422060
2847,507264.nif,31300,272434363
2848,296222.nif,14387,272465663
2849,296225.nif,14387,272480050
2850,296228.nif,14081,272494437
2851,305165.nif,17101,272508518
2852,305169.nif,13465,272525619
2853,305172.nif,13465,272539084
2854,523887.nif,21196,272552549
2855,296288.nif,10062,272573745
2856,296297.nif,10064,272583807
2857,507292.nif,26292,272593871
2858,507296.nif,25116,272620163
2859,523341.nif,15938,272645279
2860,523564.nif,7544,272661217
2861,509346.nif,35914,272668761
2862,38750.nif,9052,272704675
2863,38751.nif,9052,272713727
2864,190107.nif,15529,272722779
2865,190113.nif,15525,272738308
2866,190116.nif,15529,272753833
2867,524439.nif,14881,272769362
2868,302440.nif,7207,272784243
2869,509299.nif,56472,272791450
2870,505928.nif,49254,272847922
2871,108587.nif,27441,272897176
2872,108592.nif,27445,272924617
2873,108597.nif,27447,272952062
2874,108601.nif,9639,272979509
2875,108605.nif,9251,272989148
2876,108674.nif,9309,272998399
2877,109378.nif,13539,273007708
2878,117224.nif,13537,273021247
2879,109386.nif,13541,273034784
2880,523646.nif,17266,273048325
2881,523227.nif,53816,273065591
2882,216909.nif,11528,273119407
2883,217060.nif,16609,273130935
2884,186315.nif,9046,273147544
2885,186480.nif,10526,273156590
2886,186733.nif,24015,273167116
2887,186702.nif,9444,273191131
2888,217103.nif,10234,273200575
2889,344832.nif,9334,273210809
2890,296755.nif,24083,273220143
2891,296773.nif,24081,273244226
2892,109125.nif,102738,273268307
2893,166705.nif,9727,273371045
2894,166723.nif,9511,273380772
2895,166741.nif,17767,273390283
2896,166758.nif,27443,273408050
2897,166774.nif,17771,273435493
2898,166790.nif,9637,273453264
2899,166806.nif,8204,273462901
2900,166823.nif,8204,273471105
2901,166864.nif,13533,273479309
2902,166878.nif,19474,273492842
2903,166897.nif,7044,273512316
2904,167211.nif,47292,273519360
2905,167130.nif,10498,273566652
2906,167222.nif,38166,273577150
2907,167237.nif,34410,273615316
2908,167252.nif,34410,273649726
2909,167267.nif,54290,273684136
2910,356768.nif,12570,273738426
2911,429203.nif,38491,273750996
2912,508912.nif,38491,273789487
2913,181191.nif,7842,273827978
2914,181936.nif,7865,273835820
2915,182024.nif,8367,273843685
2916,182048.nif,7842,273852052
2917,182081.nif,7865,273859894
2918,182100.nif,8367,273867759
2919,506431.nif,26078,273876126
2920,506474.nif,34506,273902204
2921,506480.nif,29594,273936710
2922,506485.nif,54664,273966304
2923,506490.nif,74242,274020968
2924,38762.nif,25344,274095210
2925,38763.nif,35017,274120554
2926,38769.nif,35017,274155571
2927,38764.nif,35017,274190588
2928,524527.nif,9324,274225605
2929,524523.nif,6372,274234929
2930,267116.nif,5438,274241301
2931,90637.nif,38783,274246739
2932,90648.nif,50645,274285522
2933,90657.nif,51505,274336167
2934,90666.nif,16615,274387672
2935,38765.nif,16695,274404287
2936,38766.nif,19985,274420982
2937,38767.nif,16695,274440967
2938,221409.nif,25049,274457662
2939,221464.nif,24855,274482711
2940,221465.nif,70293,274507566
2941,221466.nif,67711,274577859
2942,221467.nif,76271,274645570
2943,514454.nif,6277,274721841
2944,514460.nif,6283,274728118
2945,514464.nif,4538,274734401
2946,514468.nif,6276,274738939
2947,514678.nif,4538,274745215
2948,130198.nif,37311,274749753
2949,131221.nif,49471,274787064
2950,131242.nif,50157,274836535
2951,131263.nif,16525,274886692
2952,526552.nif,7741,274903217
2953,526555.nif,7741,274910958
2954,526557.nif,7741,274918699
2955,526559.nif,7741,274926440
2956,526561.nif,7741,274934181
2957,38768.nif,4636,274941922
2958,111124.nif,21074,274946558
2959,111143.nif,16038,274967632
2960,111160.nif,14316,274983670
2961,22996.nif,18854,274997986
2962,525621.nif,9435,275016840
2963,525624.nif,12563,275026275
2964,525626.nif,8551,275038838
2965,525628.nif,10223,275047389
2966,395854.nif,142977,275057612
2967,395864.nif,143267,275200589
2968,546010.nif,226478,275343856
2969,546024.nif,118896,275570334
2970,33355.nif,33319,275689230
2971,16161.nif,77676,275722549
2972,16163.nif,81207,275800225
2973,16178.nif,40405,275881432
2974,16180.nif,40973,275921837
2975,16182.nif,26518,275962810
2976,16201.nif,26518,275989328
2977,16231.nif,26521,276015846
2978,16233.nif,27465,276042367
2979,16265.nif,40402,276069832
2980,545665.nif,265326,276110234
2981,545674.nif,191614,276375560
2982,545682.nif,96488,276567174
2983,545679.nif,191612,276663662
2984,360748.nif,59553,276855274
2985,360756.nif,59551,276914827
2986,457796.nif,72794,276974378
2987,457793.nif,23680,277047172
2988,23184.nif,13743,277070852
2989,23199.nif,13149,277084595
2990,23893.nif,14646,277097744
2991,23895.nif,14772,277112390
2992,23897.nif,4468,277127162
2993,547148.nif,554092,277131630
2994,25081.nif,47174,277685722
2995,26382.nif,35067,277732896
2996,27875.nif,20294,277767963
2997,457610.nif,39606,277788257
2998,296490.nif,59549,277827863
2999,186156.nif,42596,277887412
3000,262025.nif,10520,277930008
3001,262056.nif,7548,277940528
3002,93997.nif,37654,277948076
3003,94018.nif,37674,277985730
3004,94022.nif,31808,278023404
3005,109240.nif,7435,278055212
3006,109487.nif,7435,278062647
3007,109491.nif,7437,278070082
3008,109495.nif,5227,278077519
3009,74258.nif,25719,278082746
3010,74269.nif,38443,278108465
3011,74281.nif,34969,278146908
3012,209586.nif,236533,278181877
3013,76319.nif,17468,278418410
3014,76324.nif,17472,278435878
3015,76328.nif,17472,278453350
3016,76332.nif,17472,278470822
3017,76336.nif,17476,278488294
3018,76340.nif,17476,278505770
3019,76344.nif,17476,278523246
3020,349957.nif,83308,278540722
3021,349977.nif,83236,278624030
3022,76012.nif,26675,278707266
3023,76038.nif,25227,278733941
3024,76078.nif,20579,278759168
3025,76082.nif,14575,278779747
3026,76086.nif,7855,278794322
3027,76090.nif,5013,278802177
3028,76094.nif,5405,278807190
3029,166377.nif,18627,278812595
3030,77871.nif,31940,278831222
3031,77878.nif,28744,278863162
3032,77883.nif,31942,278891906
3033,77888.nif,28740,278923848
3034,77893.nif,28816,278952588
3035,299840.nif,7186,278981404
3036,344920.nif,7186,278988590
3037,349935.nif,7188,278995776
3038,303195.nif,30078,279002964
3039,303202.nif,30078,279033042
3040,1294.nif,10924,279063120
3041,4928.nif,12806,279074044
3042,4930.nif,18382,279086850
3043,6978.nif,14618,279105232
3044,7353.nif,9042,279119850
3045,7423.nif,9042,279128892
3046,7457.nif,5063,279137934
3047,166405.nif,7313,279142997
3048,7461.nif,10924,279150310
3049,23639.nif,12806,279161234
3050,647.nif,18382,279174040
3051,3236.nif,14618,279192422
3052,3234.nif,9042,279207040
3053,4123.nif,9042,279216082
3054,4750.nif,7127,279225124
3055,166421.nif,7313,279232251
3056,6124.nif,17765,279239564
3057,246.nif,17763,279257329
3058,4785.nif,17763,279275092
3059,4895.nif,17761,279292855
3060,4899.nif,12479,279310616
3061,4907.nif,12479,279323095
3062,457758.nif,70523,279335574
3063,475022.nif,80895,279406097
3064,131834.nif,61470,279486992
3065,131879.nif,61470,279548462
3066,131895.nif,61468,279609932
3067,131911.nif,61470,279671400
3068,131929.nif,61470,279732870
3069,131945.nif,61470,279794340
3070,7467.nif,195303,279855810
3071,54312.nif,121090,280051113
3072,295874.nif,78462,280172203
3073,295879.nif,89892,280250665
3074,189767.nif,54845,280340557
3075,189771.nif,77565,280395402
3076,189774.nif,57817,280472967
3077,210182.nif,68266,280530784
3078,211481.nif,68268,280599050
3079,302501.nif,83825,280667318
3080,303163.nif,83827,280751143
3081,297720.nif,7646,280834970
3082,297742.nif,8178,280842616
3083,229658.nif,2690,280850794
3084,229666.nif,2690,280853484
3085,131960.nif,40929,280856174
3086,131979.nif,41127,280897103
3087,131995.nif,47849,280938230
3088,132012.nif,34193,280986079
3089,291600.nif,46475,281020272
3090,291608.nif,47187,281066747
3091,104130.nif,15370,281113934
3092,104154.nif,15298,281129304
3093,104176.nif,15300,281144602
3094,104197.nif,15298,281159902
3095,104213.nif,15302,281175200
3096,104229.nif,15300,281190502
3097,305517.nif,15130,281205802
3098,305524.nif,10888,281220932
3099,305528.nif,15130,281231820
3100,305531.nif,5336,281246950
3101,305534.nif,5336,281252286
3102,305539.nif,3572,281257622
3103,45872.nif,7742,281261194
3104,45874.nif,7744,281268936
3105,45876.nif,7744,281276680
3106,35401.nif,7746,281284424
3107,35283.nif,7744,281292170
3108,35288.nif,7744,281299914
3109,105623.nif,7672,281307658
3110,105641.nif,7742,281315330
3111,105660.nif,7742,281323072
3112,105677.nif,7742,281330814
3113,105694.nif,7746,281338556
3114,105710.nif,9266,281346302
3115,191379.nif,9266,281355568
3116,282821.nif,143302,281364834
3117,210203.nif,25938,281508136
3118,210232.nif,59542,281534074
3119,130553.nif,56283,281593616
3120,130582.nif,53649,281649899
3121,130637.nif,51453,281703548
3122,130659.nif,52823,281755001
3123,130681.nif,50917,281807824
3124,30671.nif,9999,281858741
3125,30921.nif,9999,281868740
3126,45814.nif,11641,281878739
3127,109147.nif,9999,281890380
3128,109163.nif,9997,281900379
3129,109179.nif,8069,281910376
3130,130702.nif,53493,281918445
3131,130750.nif,54323,281971938
3132,130801.nif,53571,282026261
3133,130850.nif,52397,282079832
3134,130867.nif,44257,282132229
3135,436236.nif,73799,282176486
3136,437491.nif,41535,282250285
3137,457826.nif,32371,282291820
3138,112894.nif,33319,282324191
3139,16263.nif,26518,282357510
3140,16273.nif,51864,282384028
3141,16315.nif,51007,282435892
3142,16317.nif,51009,282486899
3143,93916.nif,106263,282537908
3144,93921.nif,99417,282644171
3145,93925.nif,95259,282743588
3146,93929.nif,98135,282838847
3147,299125.nif,16850,282936982
3148,299120.nif,16852,282953832
3149,302507.nif,39548,282970684
3150,302512.nif,29844,283010232
3151,302517.nif,19839,283040076
3152,302520.nif,19837,283059915
3153,302523.nif,19841,283079752
3154,190166.nif,34042,283099593
3155,190171.nif,37605,283133635
3156,190175.nif,24547,283171240
3157,74670.nif,4096,283195787
3158,74676.nif,3182,283199883
3159,74682.nif,4098,283203065
3160,74687.nif,3294,283207163
3161,74692.nif,3186,283210457
3162,540284.nif,106496,283213643
3163,540304.nif,14766,283320139
3164,540498.nif,53637,283334905
3165,545944.nif,82218,283388542
3166,540680.nif,68704,283470760
3167,545932.nif,54274,283539464
3168,545937.nif,32306,283593738
3169,542514.nif,81314,283626044
3170,542960.nif,37066,283707358
3171,543487.nif,132108,283744424
3172,291482.nif,19554,283876532
3173,291488.nif,19556,283896086
3174,291667.nif,40526,283915642
3175,291672.nif,40524,283956168
3176,105726.nif,11306,283996692
3177,105746.nif,11304,284007998
3178,105762.nif,11304,284019302
3179,105778.nif,11304,284030606
3180,16343.nif,14808,284041910
3181,23142.nif,14812,284056718
3182,16424.nif,14678,284071530
3183,189877.nif,43553,284086208
3184,189881.nif,38801,284129761
3185,189884.nif,34146,284168562
3186,78131.nif,34150,284202708
3187,78138.nif,34150,284236858
3188,78142.nif,34150,284271008
3189,78146.nif,27498,284305158
3190,78150.nif,16013,284332656
3191,362453.nif,117210,284348669
3192,362458.nif,117210,284465879
3193,291785.nif,59394,284583089
3194,291790.nif,59394,284642483
3195,18082.nif,23627,284701877
3196,22975.nif,48374,284725504
3197,22979.nif,35582,284773878
3198,23096.nif,22830,284809460
3199,23098.nif,22920,284832290
3200,165196.nif,39412,284855210
3201,165263.nif,40294,284894622
3202,165280.nif,49414,284934916
3203,165296.nif,29271,284984330
3204,165314.nif,29271,285013601
3205,165330.nif,32071,285042872
3206,165347.nif,32071,285074943
3207,165363.nif,29271,285107014
3208,165381.nif,66168,285136285
3209,165398.nif,43297,285202453
3210,165414.nif,32307,285245750
3211,165431.nif,24045,285278057
3212,190505.nif,9340,285302102
3213,190509.nif,9340,285311442
3214,190512.nif,9340,285320782
3215,344887.nif,14309,285330122
3216,344876.nif,15413,285344431
3217,344878.nif,26803,285359844
3218,189813.nif,73874,285386647
3219,189817.nif,73874,285460521
3220,514771.nif,80585,285534395
3221,545527.nif,123486,285614980
3222,545532.nif,76737,285738466
3223,545536.nif,76737,285815203
3224,545540.nif,37133,285891940
3225,545543.nif,47239,285929073
3226,545549.nif,18523,285976312
3227,545551.nif,18523,285994835
3228,545570.nif,463381,286013358
3229,545589.nif,135160,286476739
3230,346215.nif,36617,286611899
3231,346233.nif,46755,286648516
3232,346236.nif,46755,286695271
3233,346239.nif,46755,286742026
3234,346242.nif,6779,286788781
3235,23113.nif,27140,286795560
3236,30493.nif,22951,286822700
3237,23182.nif,22407,286845651
3238,93981.nif,28727,286868058
3239,437699.nif,50175,286896785
3240,298611.nif,12834,286946960
3241,298618.nif,12834,286959794
3242,298631.nif,12834,286972628
3243,298799.nif,68422,286985462
3244,298803.nif,30098,287053884
3245,299115.nif,30100,287083982
3246,298599.nif,6763,287114082
3247,298607.nif,6753,287120845
3248,436293.nif,6640,287127598
3249,436223.nif,71279,287134238
3250,436300.nif,83903,287205517
3251,457579.nif,51831,287289420
3252,229462.nif,2786,287341251
3253,229469.nif,2786,287344037
3254,229649.nif,2690,287346823
3255,229655.nif,2690,287349513
3256,45878.nif,5054,287352203
3257,34345.nif,5054,287357257
3258,34366.nif,5054,287362311
3259,34522.nif,6342,287367365
3260,27667.nif,6350,287373707
3261,34532.nif,5256,287380057
3262,34536.nif,5252,287385313
3263,34542.nif,5842,287390565
3264,62346.nif,5842,287396407
3265,62350.nif,5642,287402249
3266,62354.nif,5248,287407891
3267,62359.nif,5252,287413139
3268,307336.nif,15246,287418391
3269,307343.nif,15246,287433637
3270,307341.nif,15382,287448883
3271,436228.nif,69253,287464265
3272,436351.nif,26741,287533518
3273,457595.nif,48108,287560259
3274,457799.nif,34150,287608367
3275,457812.nif,12318,287642517
3276,458344.nif,18330,287654835
3277,45312.nif,8307,287673165
3278,45326.nif,8989,287681472
3279,45338.nif,8953,287690461
3280,45350.nif,15329,287699414
3281,31654.nif,15678,287714743
3282,45233.nif,17711,287730421
3283,45244.nif,17711,287748132
3284,45255.nif,15678,287765843
3285,45561.nif,17719,287781521
3286,27856.nif,20294,287799240
3287,27876.nif,112402,287819534
3288,27879.nif,8647,287931936
3289,27880.nif,8647,287940583
3290,27881.nif,10132,287949230
3291,27882.nif,3637,287959362
3292,27883.nif,6699,287962999
3293,507310.nif,76702,287969698
3294,507313.nif,81224,288046400
3295,507319.nif,25019,288127624
3296,507323.nif,28426,288152643
3297,523274.nif,65708,288181069
3298,523270.nif,65708,288246777
3299,523345.nif,23471,288312485
3300,523348.nif,22849,288335956
3301,524442.nif,23137,288358805
3302,307068.nif,26267,288381942
3303,307079.nif,26267,288408209
3304,27884.nif,25099,288434476
3305,27885.nif,30809,288459575
3306,27886.nif,12912,288490384
3307,474333.nif,23973,288503296
3308,27888.nif,17277,288527269
3309,523418.nif,35369,288544546
3310,523427.nif,39057,288579915
3311,523360.nif,11372,288618972
3312,523382.nif,11876,288630344
3313,45674.nif,9077,288642220
3314,45689.nif,9191,288651297
3315,45701.nif,9075,288660488
3316,291724.nif,12343,288669563
3317,291733.nif,12343,288681906
3318,291737.nif,12345,288694249
3319,298595.nif,6765,288706594
3320,27889.nif,13459,288713359
3321,27890.nif,13459,288726818
3322,27891.nif,13459,288740277
3323,27892.nif,11427,288753736
3324,27893.nif,3392,288765163
3325,27894.nif,3141,288768555
3326,27895.nif,92387,288771696
3327,295932.nif,103445,288864083
3328,295937.nif,103445,288967528
3329,295984.nif,93608,289070973
3330,27896.nif,10483,289164581
3331,27897.nif,10526,289175064
3332,27898.nif,10634,289185590
3333,27899.nif,9194,289196224
3334,27900.nif,14840,289205418
3335,526104.nif,21557,289220258
3336,526105.nif,26949,289241815
3337,526106.nif,44233,289268764
3338,526107.nif,16469,289312997
3339,189844.nif,60304,289329466
3340,189848.nif,60306,289389770
3341,307073.nif,8135,289450076
3342,307063.nif,8135,289458211
3343,74331.nif,7742,289466346
3344,74337.nif,7742,289474088
3345,74443.nif,7742,289481830
3346,74449.nif,5310,289489572
3347,74454.nif,5918,289494882
3348,302526.nif,53890,289500800
3349,302530.nif,53892,289554690
3350,302535.nif,53890,289608582
3351,297328.nif,5407,289662472
3352,297336.nif,5407,289667879
3353,297339.nif,7543,289673286
3354,296003.nif,226933,289680829
3355,348185.nif,86633,289907762
3356,348243.nif,86633,289994395
3357,348249.nif,87517,290081028
3358,348253.nif,87517,290168545
3359,295805.nif,84660,290256062
3360,295822.nif,83846,290340722
3361,458840.nif,44322,290424568
3362,305212.nif,23351,290468890
3363,305216.nif,23351,290492241
3364,302539.nif,7371,290515592
3365,302542.nif,7371,290522963
3366,302545.nif,9511,290530334
3367,302548.nif,8601,290539845
3368,186448.nif,40431,290548446
3369,5548.nif,5118,290588877
3370,45659.nif,8484,290593995
3371,45661.nif,5122,290602479
3372,45663.nif,5118,290607601
3373,5164.nif,5122,290612719
3374,344825.nif,13939,290617841
3375,344829.nif,16837,290631780
3376,190221.nif,53105,290648617
3377,190225.nif,52799,290701722
3378,190229.nif,28137,290754521
3379,526103.nif,142400,290782658
3380,526108.nif,158678,290925058
3381,526109.nif,17984,291083736
3382,165452.nif,120681,291101720
3383,165468.nif,119841,291222401
3384,165485.nif,129847,291342242
3385,183540.nif,49310,291472089
3386,183920.nif,36834,291521399
3387,514791.nif,86169,291558233
3388,426763.nif,10351,291644402
3389,427179.nif,12879,291654753
3390,427182.nif,2642,291667632
3391,427183.nif,3706,291670274
3392,427184.nif,3438,291673980
3393,427188.nif,15961,291677418
3394,427189.nif,15666,291693379
3395,427190.nif,6534,291709045
3396,427191.nif,10706,291715579
3397,525763.nif,6055,291726285
3398,525749.nif,11059,291732340
3399,525766.nif,11881,291743399
3400,525775.nif,7875,291755280
3401,525873.nif,3020,291763155
3402,525877.nif,7107,291766175
3403,592517.nif,13968,291773282
3404,592305.nif,36658,291787250
3405,524127.nif,7684,291823908
3406,524062.nif,6774,291831592
3407,524134.nif,8124,291838366
3408,525719.nif,4844,291846490
3409,525743.nif,7764,291851334
3410,525727.nif,4062,291859098
3411,525723.nif,10061,291863160
3412,525707.nif,4443,291873221
3413,525711.nif,4952,291877664
3414,525715.nif,5396,291882616
3415,508968.nif,4766,291888012
3416,508963.nif,10216,291892778
3417,508973.nif,6055,291902994
3418,576171.nif,34452,291909049
3419,576352.nif,11632,291943501
3420,417962.nif,46997,291955133
3421,176573.nif,4366,292002130
3422,175059.nif,6197,292006496
3423,174146.nif,4200,292012693
3424,174156.nif,2474,292016893
3425,175002.nif,3888,292019367
3426,174995.nif,5551,292023255
3427,174999.nif,14521,292028806
3428,532597.nif,8039,292043327
3429,532600.nif,5119,292051366
3430,170721.nif,3255,292056485
3431,170725.nif,1803,292059740
3432,170623.nif,4923,292061543
3433,417991.nif,26007,292066466
3434,170717.nif,7452,292092473
3435,169850.nif,3744,292099925
3436,171503.nif,7085,292103669
3437,175793.nif,9359,292110754
3438,510849.nif,6857,292120113
3439,171498.nif,6188,292126970
3440,172201.nif,2866,292133158
3441,171193.nif,5145,292136024
3442,427165.nif,11654,292141169
3443,506995.nif,3513,292152823
3444,327975.nif,9296,292156336
3445,508978.nif,3723,292165632
3446,508984.nif,6183,292169355
3447,328012.nif,4468,292175538
3448,176580.nif,3605,292180006
3449,509047.nif,3985,292183611
3450,509042.nif,5632,292187596
3451,509017.nif,11408,292193228
3452,172639.nif,5067,292204636
3453,175525.nif,16905,292209703
3454,175658.nif,3750,292226608
3455,170151.nif,3158,292230358
3456,509007.nif,5507,292233516
3457,509012.nif,3111,292239023
3458,510631.nif,5593,292242134
3459,510644.nif,4956,292247727
3460,510653.nif,8492,292252683
3461,172608.nif,9096,292261175
3462,169511.nif,7055,292270271
3463,509087.nif,5562,292277326
3464,418162.nif,3693,292282888
3465,509057.nif,16967,292286581
3466,509062.nif,12449,292303548
3467,509052.nif,5632,292315997
3468,176587.nif,2369,292321629
3469,170714.nif,3626,292323998
3470,171594.nif,5769,292327624
3471,171647.nif,2869,292333393
3472,171671.nif,5979,292336262
3473,171673.nif,2203,292342241
3474,168385.nif,12145,292344444
3475,168533.nif,10814,292356589
3476,168546.nif,9639,292367403
3477,168512.nif,9774,292377042
3478,168555.nif,10247,292386816
3479,509067.nif,5303,292397063
3480,509077.nif,5787,292402366
3481,509072.nif,6853,292408153
3482,171296.nif,3033,292415006
3483,171549.nif,1779,292418039
3484,176595.nif,7650,292419818
3485,170157.nif,3602,292427468
3486,170160.nif,6015,292431070
3487,417881.nif,27117,292437085
3488,418118.nif,17300,292464202
3489,418146.nif,17187,292481502
3490,461622.nif,10915,292498689
3491,418028.nif,30180,292509604
3492,176583.nif,4382,292539784
3493,328004.nif,5400,292544166
3494,328016.nif,8820,292549566
3495,182588.nif,2212,292558386
3496,328028.nif,8542,292560598
3497,462103.nif,3825,292569140
3498,503732.nif,25050,292572965
3499,493105.nif,8492,292598015
3500,437506.nif,5374,292606507
3501,380867.nif,11578,292611881
3502,540068.nif,6207,292623459
3503,223622.nif,17277,292629666
3504,223650.nif,17181,292646943
3505,107991.nif,1213,292664124
3506,107995.nif,1213,292665337
3507,108320.nif,1213,292666550
3508,108324.nif,1213,292667763
3509,146464.nif,1201,292668976
3510,296508.nif,22819,292670177
3511,545598.nif,217030,292692996
3512,381073.nif,10137,292910026
3513,509082.nif,4475,292920163
3514,508999.nif,8320,292924638
3515,509003.nif,10332,292932958
3516,205644.nif,72214,292943290
3517,352832.nif,79551,293015504
3518,147231.nif,148833,293095055
3519,53.nif,287128,293243888
3520,146483.nif,315611,293531016
3521,108804.nif,294143,293846627
3522,536178.nif,284861,294140770
3523,493.nif,194437,294425631
3524,24798.nif,123916,294620068
3525,23269.nif,109869,294743984
3526,14641.nif,111593,294853853
3527,14725.nif,246764,294965446
3528,424644.nif,283846,295212210
3529,137240.nif,135677,295496056
3530,137767.nif,52813,295631733
3531,428005.nif,107650,295684546
3532,137734.nif,147159,295792196
3533,146511.nif,68591,295939355
3534,146709.nif,41473,296007946
3535,524417.nif,240298,296049419
3536,139058.nif,103349,296289717
3537,500070.nif,197121,296393066
3538,137260.nif,105812,296590187
3539,11708.nif,218496,296695999
3540,501634.nif,179127,296914495
3541,427810.nif,163141,297093622
3542,137751.nif,310442,297256763
3543,208351.nif,264240,297567205
3544,136983.nif,121721,297831445
3545,535779.nif,192420,297953166
3546,427839.nif,415106,298145586
3547,21835.nif,136106,298560692
3548,91771.nif,259343,298696798
3549,147126.nif,333145,298956141
3550,147158.nif,161169,299289286
3551,31489.nif,143614,299450455
3552,591258.nif,353028,299594069
3553,400576.nif,108063,299947097
3554,37864.nif,59614,300055160
3555,459889.nif,105044,300114774
3556,146746.nif,30498,300219818
3557,353140.nif,91589,300250316
3558,416402.nif,75627,300341905
3559,31042.nif,127130,300417532
3560,417259.nif,349732,300544662
3561,400679.nif,161189,300894394
3562,146562.nif,105681,301055583
3563,400526.nif,91508,301161264
3564,524068.nif,180793,301252772
3565,23273.nif,110512,301433565
3566,524934.nif,255685,301544077
3567,147553.nif,24906,301799762
3568,205671.nif,107368,301824668
3569,31079.nif,90891,301932036
3570,205879.nif,49060,302022927
3571,205704.nif,54045,302071987
3572,346962.nif,103974,302126032
3573,524104.nif,460483,302230006
3574,147470.nif,76004,302690489
3575,500634.nif,328542,302766493
3576,524016.nif,195082,303095035
3577,205724.nif,72884,303290117
3578,137304.nif,105197,303363001
3579,205566.nif,15731,303468198
3580,31094.nif,79688,303483929
3581,204828.nif,412773,303563617
3582,31134.nif,94837,303976390
3583,31119.nif,132237,304071227
3584,180588.nif,78329,304203464
3585,421368.nif,205985,304281793
3586,545688.nif,265838,304487778
3587,545691.nif,122570,304753616
3588,147486.nif,182866,304876186
3589,147502.nif,57984,305059052
3590,205540.nif,29879,305117036
3591,205850.nif,50468,305146915
3592,33213.nif,102885,305197383
3593,130077.nif,26602,305300268
3594,35043.nif,62304,305326870
3595,416992.nif,19920,305389174
3596,35044.nif,24734,305409094
3597,35653.nif,32265,305433828
3598,35671.nif,13697,305466093
3599,416973.nif,18929,305479790
3600,462291.nif,104753,305498719
3601,462301.nif,142325,305603472
3602,462288.nif,82156,305745797
3603,34763.nif,42682,305827953
3604,34762.nif,30254,305870635
3605,34758.nif,47832,305900889
3606,77992.nif,351302,305948721
3607,469156.nif,239949,306300023
3608,465395.nif,198528,306539972
3609,460047.nif,253811,306738500
3610,460048.nif,290139,306992311
3611,535818.nif,276116,307282450
3612,208226.nif,110136,307558566
3613,78012.nif,124897,307668702
3614,591999.nif,807256,307793599
3615,530919.nif,176663,308600855
3616,530883.nif,164584,308777518
3617,526176.nif,561879,308942102
3618,544706.nif,517721,309503981
3619,544708.nif,620105,310021702
3620,500459.nif,472822,310641807
3621,592031.nif,639951,311114629
3622,464192.nif,302429,311754580
3623,159489.nif,75556,312057009
3624,472484.nif,134186,312132565
3625,171899.nif,261078,312266751
3626,319855.nif,262426,312527829
3627,417135.nif,99593,312790255
3628,511.nif,91204,312889848
3629,30906.nif,119108,312981052
3630,328852.nif,47879,313100160
3631,546608.nif,1094444,313148039
3632,472235.nif,80236,314242483
3633,73469.nif,22617,314322719
3634,1054.nif,124704,314345336
3635,28281.nif,88846,314470040
3636,334662.nif,241398,314558886
3637,17994.nif,150719,314800284
3638,545620.nif,189947,314951003
3639,457476.nif,36138,315140950
3640,457479.nif,9201,315177088
3641,457485.nif,2547,315186289
3642,457510.nif,101617,315188836
3643,457513.nif,64357,315290453
3644,457501.nif,123593,315354810
3645,457504.nif,93765,315478403
3646,457507.nif,54937,315572168
3647,239820.nif,9928,315627105
3648,239287.nif,9928,315637033
3649,313211.nif,3117,315646961
3650,188654.nif,11150,315650078
3651,432073.nif,3344,315661228
3652,473970.nif,2918,315664572
3653,532222.nif,2098,315667490
3654,183563.nif,2225,315669588
3655,159672.nif,3811,315671813
3656,436582.nif,4713,315675624
3657,413932.nif,3778,315680337
3658,504382.nif,14185,315684115
3659,410628.nif,7785,315698300
3660,411280.nif,11263,315706085
3661,396717.nif,13523,315717348
3662,460204.nif,28834,315730871
3663,165938.nif,6545,315759705
3664,536060.nif,19318,315766250
3665,389238.nif,38458,315785568
3666,390091.nif,12133,315824026
3667,390809.nif,20994,315836159
3668,390832.nif,9966,315857153
3669,390856.nif,24151,315867119
3670,7023.nif,4923,315891270
3671,260149.nif,4923,315896193
3672,462387.nif,12968,315901116
3673,124965.nif,8633,315914084
3674,259540.nif,5880,315922717
3675,411170.nif,16330,315928597
3676,113767.nif,17515,315944927
3677,494425.nif,17309,315962442
3678,497535.nif,30336,315979751
3679,462361.nif,12984,316010087
3680,588763.nif,101123,316023071
3681,588766.nif,101095,316124194
3682,588767.nif,81732,316225289
3683,410614.nif,10652,316307021
3684,260035.nif,3507,316317673
3685,261773.nif,3329,316321180
3686,523747.nif,11274,316324509
3687,396714.nif,42937,316335783
3688,397634.nif,43286,316378720
3689,588758.nif,81528,316422006
3690,428573.nif,12678,316503534
3691,472913.nif,1034788,316516212
3692,545339.nif,6571,317551000
3693,294619.nif,89905,317557571
3694,285751.nif,12571,317647476
3695,114830.nif,5508,317660047
3696,137286.nif,4572,317665555
3697,489447.nif,16714,317670127
3698,124985.nif,7411,317686841
3699,159853.nif,3986,317694252
3700,153742.nif,6501,317698238
3701,122679.nif,5652,317704739
3702,122680.nif,4664,317710391
3703,137275.nif,5026,317715055
3704,143357.nif,4896,317720081
3705,248920.nif,17978,317724977
3706,288100.nif,15624,317742955
3707,122681.nif,22051,317758579
3708,268807.nif,100144,317780630
3709,137243.nif,4572,317880774
3710,137252.nif,4572,317885346
3711,137408.nif,4572,317889918
3712,591382.nif,30842,317894490
3713,159534.nif,11393,317925332
3714,143428.nif,19674,317936725
3715,160263.nif,5028,317956399
3716,270767.nif,15587,317961427
3717,126126.nif,5482,317977014
3718,137296.nif,4986,317982496
3719,269216.nif,36671,317987482
3720,271660.nif,36671,318024153
3721,515192.nif,5260,318060824
3722,501730.nif,2779499,318066084
3723,410621.nif,15370,320845583
3724,412725.nif,8635,320860953
3725,425677.nif,15150,320869588
3726,425577.nif,14350,320884738
3727,425372.nif,14342,320899088
3728,427625.nif,15150,320913430
3729,183726.nif,1272,320928580
3730,183730.nif,1272,320929852
3731,183734.nif,1272,320931124
3732,410620.nif,12234,320932396
3733,545266.nif,29322,320944630
3734,546120.nif,29322,320973952
3735,545295.nif,24329,321003274
3736,545292.nif,23051,321027603
3737,536114.nif,26105,321050654
3738,64246.nif,8441,321076759
3739,64591.nif,6085,321085200
3740,425247.nif,104420,321091285
3741,425261.nif,104392,321195705
3742,425271.nif,84620,321300097
3743,12788.nif,4597,321384717
3744,473533.nif,7844,321389314
3745,317857.nif,23883,321397158
3746,544192.nif,111830,321421041
3747,545718.nif,142377,321532871
3748,32479.nif,49115,321675248
3749,186069.nif,49217,321724363
3750,9280.nif,46308,321773580
3751,394756.nif,59406,321819888
3752,537341.nif,52718,321879294
3753,537641.nif,69889,321932012
3754,30269.nif,34484,322001901
3755,490714.nif,49081,322036385
3756,537650.nif,48794,322085466
3757,537658.nif,47574,322134260
3758,489890.nif,36309,322181834
3759,50201.nif,40852,322218143
3760,50230.nif,82223,322258995
3761,185865.nif,92001,322341218
3762,424512.nif,37457,322433219
3763,424791.nif,36704,322470676
3764,424793.nif,39929,322507380
3765,8781.nif,47898,322547309
3766,50189.nif,49138,322595207
3767,394859.nif,58648,322644345
3768,489914.nif,17960,322702993
3769,540203.nif,28905,322720953
3770,489877.nif,10382,322749858
3771,489976.nif,33840,322760240
3772,493092.nif,13701,322794080
3773,420958.nif,12747,322807781
3774,540176.nif,46335,322820528
3775,170580.nif,24528,322866863
3776,11701.nif,14797,322891391
3777,489953.nif,21745,322906188
3778,490002.nif,22030,322927933
3779,15936.nif,40349,322949963
3780,420943.nif,9206,322990312
3781,420948.nif,18814,322999518
3782,18458.nif,27232,323018332
3783,588760.nif,13347,323045564
3784,493940.nif,62582,323058911
3785,539958.nif,28843,323121493
3786,539998.nif,23867,323150336
3787,493931.nif,97674,323174203
3788,424270.nif,89898,323271877
3789,45566.nif,8165,323361775
3790,45547.nif,15090,323369940
3791,591980.nif,31356,323385030
3792,592751.nif,54006,323416386
3793,543836.nif,54743,323470392
3794,546348.nif,107412,323525135
3795,188342.nif,14408,323632547
3796,422804.nif,169607,323646955
3797,501549.nif,361457,323816562
3798,360275.nif,4365,324178019
3799,360305.nif,25666,324182384
3800,467836.nif,25462,324208050
3801,548212.nif,22024,324233512
3802,490181.nif,15746,324255536
3803,490182.nif,14128,324271282
3804,418350.nif,10946,324285410
3805,417528.nif,16426,324296356
3806,418566.nif,14946,324312782
3807,418567.nif,15346,324327728
3808,417500.nif,23786,324343074
3809,418351.nif,16106,324366860
3810,418339.nif,11390,324382966
3811,418340.nif,15746,324394356
3812,418338.nif,13686,324410102
3813,418341.nif,12990,324423788
3814,418335.nif,24606,324436778
3815,418337.nif,10946,324461384
3816,418333.nif,27666,324472330
3817,418334.nif,42906,324499996
3818,418336.nif,20466,324542902
3819,418198.nif,10946,324563368
3820,418347.nif,10946,324574314
3821,418181.nif,11936,324585260
3822,418180.nif,12896,324597196
3823,418346.nif,12546,324610092
3824,418349.nif,10946,324622638
3825,418179.nif,13546,324633584
3826,418178.nif,10946,324647130
3827,418348.nif,14146,324658076
3828,418343.nif,10946,324672222
3829,418344.nif,18746,324683168
3830,418565.nif,15346,324701914
3831,494030.nif,34946,324717260
3832,418342.nif,17066,324752206
3833,418345.nif,14146,324769272
3834,420205.nif,19146,324783418
3835,420206.nif,16066,324802564
3836,418285.nif,19166,324818630
3837,420210.nif,14626,324837796
3838,490179.nif,15746,324852422
3839,490180.nif,14128,324868168
3840,418952.nif,10946,324882296
3841,417529.nif,16426,324893242
3842,417502.nif,19266,324909668
3843,418951.nif,16106,324928934
3844,418960.nif,10946,324945040
3845,418961.nif,14106,324955986
3846,418959.nif,13686,324970092
3847,418962.nif,12546,324983778
3848,418969.nif,24606,324996324
3849,418971.nif,10946,325020930
3850,418968.nif,27666,325031876
3851,418967.nif,42906,325059542
3852,418970.nif,20466,325102448
3853,418197.nif,10946,325122914
3854,418955.nif,10946,325133860
3855,418187.nif,11946,325144806
3856,418188.nif,12906,325156752
3857,418954.nif,12546,325169658
3858,418958.nif,10946,325182204
3859,418189.nif,13643,325193150
3860,418190.nif,11043,325206793
3861,418957.nif,14146,325217836
3862,418964.nif,10946,325231982
3863,418965.nif,18746,325242928
3864,494031.nif,34946,325261674
3865,418963.nif,17066,325296620
3866,418966.nif,14146,325313686
3867,420207.nif,19146,325327832
3868,420209.nif,16246,325346978
3869,418290.nif,19146,325363224
3870,420208.nif,14626,325382370
3871,282072.nif,105018,325396996
3872,282073.nif,87630,325502014
3873,528993.nif,10946,325589644
3874,462325.nif,56165,325600590
3875,406133.nif,152513,325656755
3876,388279.nif,177033,325809268
3877,12213.nif,35642,325986301
3878,44627.nif,11557,326021943
3879,12348.nif,14856,326033500
3880,34724.nif,14501,326048356
3881,155.nif,43898,326062857
3882,44628.nif,11589,326106755
3883,486508.nif,16772,326118344
3884,13426.nif,23638,326135116
3885,486510.nif,23802,326158754
3886,486509.nif,19117,326182556
3887,13114.nif,15415,326201673
3888,494678.nif,11043,326217088
3889,494679.nif,15474,326228131
3890,486507.nif,16732,326243605
3891,354985.nif,10946,326260337
3892,354986.nif,10946,326271283
3893,354987.nif,10946,326282229
3894,354988.nif,10946,326293175
3895,354989.nif,10946,326304121
3896,463178.nif,26337,326315067
3897,463179.nif,21802,326341404
3898,206188.nif,50638,326363206
3899,202507.nif,42794,326413844
3900,36279.nif,720,326456638
3901,206190.nif,116582,326457358
3902,208047.nif,104690,326573940
3903,206191.nif,76834,326678630
3904,208661.nif,90398,326755464
3905,206192.nif,73391,326845862
3906,206193.nif,80946,326919253
3907,493470.nif,85002,327000199
3908,38770.nif,88194,327085201
3909,208665.nif,56006,327173395
3910,207731.nif,126522,327229401
3911,202501.nif,52474,327355923
3912,206259.nif,69294,327408397
3913,207732.nif,81963,327477691
3914,46109.nif,720,327559654
3915,206260.nif,135398,327560374
3916,206261.nif,78406,327695772
3917,207730.nif,122066,327774178
3918,155494.nif,860,327896244
3919,504864.nif,79893,327897104
3920,11675.nif,60641,327976997
3921,13520.nif,35038,328037638
3922,49645.nif,24825,328072676
3923,13980.nif,19460,328097501
3924,47500.nif,25333,328116961
3925,14196.nif,36363,328142294
3926,354983.nif,44805,328178657
3927,493186.nif,57212,328223462
3928,15749.nif,24348,328280674
3929,354978.nif,60354,328305022
3930,354979.nif,35398,328365376
3931,354980.nif,52586,328400774
3932,354981.nif,42538,328453360
3933,354982.nif,37530,328495898
3934,170769.nif,25114,328533428
3935,170771.nif,24782,328558542
3936,354984.nif,25218,328583324
3937,170768.nif,30222,328608542
3938,206262.nif,69098,328638764
3939,208048.nif,83282,328707862
3940,207222.nif,94298,328791144
3941,208593.nif,34186,328885442
3942,208594.nif,42138,328919628
3943,24965.nif,48854,328961766
3944,14742.nif,53054,329010620
3945,208425.nif,143334,329063674
3946,208426.nif,74450,329207008
3947,208596.nif,51174,329281458
3948,36278.nif,112538,329332632
3949,202575.nif,67974,329445170
3950,14784.nif,80690,329513144
3951,325012.nif,38686,329593834
3952,208597.nif,167963,329632520
3953,208595.nif,130850,329800483
3954,208600.nif,130850,329931333
3955,202529.nif,81550,330062183
3956,208746.nif,49670,330143733
3957,206264.nif,50702,330193403
3958,14221.nif,65042,330244105
3959,206288.nif,71574,330309147
3960,206291.nif,181574,330380721
3961,208747.nif,103570,330562295
3962,206292.nif,196142,330665865
3963,15522.nif,720,330862007
3964,208749.nif,57310,330862727
3965,206294.nif,34358,330920037
3966,206293.nif,131691,330954395
3967,208750.nif,72814,331086086
3968,208751.nif,147006,331158900
3969,206295.nif,83842,331305906
3970,208848.nif,69090,331389748
3971,5575.nif,66177,331458838
3972,208849.nif,58186,331525015
3973,208850.nif,167946,331583201
3974,208860.nif,107862,331751147
3975,202503.nif,107718,331859009
3976,208752.nif,44875,331966727
3977,202504.nif,87082,332011602
3978,14785.nif,72877,332098684
3979,43765.nif,31157,332171561
3980,250674.nif,22505,332202718
3981,43767.nif,22822,332225223
3982,65083.nif,21315,332248045
3983,489255.nif,24584,332269360
3984,486731.nif,167273,332293944
3985,489253.nif,40777,332461217
3986,489254.nif,32441,332501994
3987,386921.nif,101701,332534435
3988,386922.nif,213629,332636136
3989,411065.nif,6211,332849765
3990,411064.nif,33645,332855976
3991,411063.nif,52069,332889621
3992,396323.nif,26765,332941690
3993,396325.nif,105481,332968455
3994,394516.nif,33485,333073936
3995,394515.nif,24649,333107421
3996,394514.nif,24761,333132070
3997,14787.nif,70097,333156831
3998,14786.nif,20773,333226928
3999,14985.nif,66745,333247701
4000,103004.nif,25657,333314446
4001,299337.nif,32637,333340103
4002,299338.nif,45777,333372740
4003,299339.nif,27257,333418517
4004,386923.nif,43001,333445774
4005,387584.nif,29717,333488775
4006,386924.nif,78373,333518492
4007,386925.nif,27209,333596865
4008,387585.nif,40041,333624074
4009,386926.nif,53865,333664115
4010,399409.nif,15046,333717980
4011,411061.nif,101501,333733026
4012,411060.nif,45613,333834527
4013,411059.nif,140453,333880140
4014,411062.nif,81073,334020593
4015,15500.nif,28596,334101666
4016,485782.nif,19736,334130262
4017,399404.nif,22686,334149998
4018,399618.nif,24070,334172684
4019,462319.nif,112186,334196754
4020,15502.nif,22970,334308940
4021,15504.nif,21166,334331910
4022,159790.nif,96478,334353076
4023,472981.nif,62273,334449554
4024,472980.nif,140453,334511827
4025,473470.nif,111305,334652280
4026,473469.nif,55877,334763585
4027,473983.nif,53629,334819462
4028,15526.nif,35537,334873091
4029,15527.nif,41678,334908628
4030,485785.nif,26558,334950306
4031,207298.nif,34626,334976864
4032,207306.nif,19826,335011490
4033,494979.nif,284907,335031316
4034,208447.nif,33695,335316223
4035,15501.nif,40813,335349918
4036,494996.nif,63595,335390731
4037,319969.nif,50530,335454326
4038,591394.nif,92890,335504856
4039,591171.nif,59995,335597746
4040,494998.nif,79399,335657741
4041,591170.nif,24011,335737140
4042,207299.nif,15877,335761151
4043,494983.nif,86094,335777028
4044,207300.nif,35090,335863122
4045,591393.nif,31226,335898212
4046,494981.nif,34870,335929438
4047,207301.nif,44478,335964308
4048,494991.nif,266159,336008786
4049,494984.nif,303639,336274945
4050,252687.nif,10946,336578584
4051,268206.nif,10946,336589530
4052,581467.nif,15488,336600476
4053,581470.nif,23713,336615964
4054,202506.nif,263898,336639677
4055,290125.nif,110802,336903575
4056,290061.nif,120022,337014377
4057,290062.nif,101123,337134399
4058,290345.nif,40346,337235522
4059,291834.nif,65566,337275868
4060,290079.nif,74326,337341434
4061,290081.nif,26526,337415760
4062,15021.nif,20794,337442286
4063,528994.nif,11051,337463080
4064,462356.nif,48547,337474131
4065,462359.nif,97704,337522678
4066,406132.nif,149327,337620382
4067,388287.nif,177031,337769709
4068,504865.nif,79845,337946740
4069,36277.nif,9322,338026585
4070,15529.nif,60762,338035907
4071,16015.nif,31156,338096669
4072,16016.nif,40717,338127825
4073,49647.nif,24914,338168542
4074,16249.nif,17973,338193456
4075,49294.nif,24366,338211429
4076,16250.nif,37760,338235795
4077,354972.nif,44757,338273555
4078,493187.nif,57052,338318312
4079,15744.nif,24348,338375364
4080,354966.nif,62155,338399712
4081,354967.nif,35379,338461867
4082,354968.nif,52659,338497246
4083,354969.nif,43487,338549905
4084,354970.nif,37779,338593392
4085,170772.nif,25255,338631171
4086,170773.nif,24887,338656426
4087,354971.nif,25307,338681313
4088,170776.nif,30402,338706620
4089,15534.nif,34931,338737022
4090,13692.nif,17005,338771953
4091,15552.nif,18120,338788958
4092,21573.nif,29446,338807078
4093,15528.nif,44003,338836524
4094,44604.nif,14863,338880527
4095,486512.nif,16732,338895390
4096,16014.nif,15494,338912122
4097,486514.nif,23943,338927616
4098,486513.nif,19117,338951559
4099,16012.nif,22407,338970676
4100,494682.nif,18755,338993083
4101,494683.nif,19795,339011838
4102,486511.nif,16732,339031633
4103,354973.nif,11051,339048365
4104,354974.nif,11051,339059416
4105,354975.nif,11051,339070467
4106,354976.nif,11051,339081518
4107,354977.nif,11051,339092569
4108,22863.nif,136694,339103620
4109,205776.nif,50318,339240314
4110,29268.nif,51875,339290632
4111,36276.nif,720,339342507
4112,205778.nif,114225,339343227
4113,205780.nif,76923,339457452
4114,208659.nif,90426,339534375
4115,205782.nif,73167,339624801
4116,205783.nif,81039,339697968
4117,493478.nif,91008,339779007
4118,39276.nif,88187,339870015
4119,208666.nif,56095,339958202
4120,207722.nif,133870,340014297
4121,202497.nif,52659,340148167
4122,205787.nif,69475,340200826
4123,207717.nif,81963,340270301
4124,46108.nif,720,340352264
4125,205789.nif,135503,340352984
4126,205791.nif,77487,340488487
4127,207727.nif,121942,340565974
4128,155496.nif,720,340687916
4129,205793.nif,68627,340688636
4130,208049.nif,87579,340757263
4131,207223.nif,94266,340844842
4132,208603.nif,34887,340939108
4133,208604.nif,42243,340973995
4134,208432.nif,49727,341016238
4135,16252.nif,53191,341065965
4136,208430.nif,142435,341119156
4137,208431.nif,62259,341261591
4138,208602.nif,51174,341323850
4139,202572.nif,112459,341375024
4140,202573.nif,67967,341487483
4141,16253.nif,80707,341555450
4142,325013.nif,38759,341636157
4143,208598.nif,167963,341674916
4144,202499.nif,81699,341842879
4145,205777.nif,50807,341924578
4146,16251.nif,62167,341975385
4147,205779.nif,70451,342037552
4148,205781.nif,181574,342108003
4149,208758.nif,104475,342289577
4150,205775.nif,194627,342394052
4151,35100.nif,58663,342588679
4152,205785.nif,131543,342647342
4153,205786.nif,73507,342778885
4154,208760.nif,73507,342852392
4155,208761.nif,146903,342925899
4156,205792.nif,65151,343072802
4157,208851.nif,69227,343137953
4158,208852.nif,58186,343207180
4159,208853.nif,168131,343265366
4160,202500.nif,107767,343433497
4161,208762.nif,57107,343541264
4162,202495.nif,87203,343598371
4163,16254.nif,77941,343685574
4164,250874.nif,31125,343763515
4165,250893.nif,21778,343794640
4166,43785.nif,22891,343816418
4167,65084.nif,21251,343839309
4168,387583.nif,50239,343860560
4169,387589.nif,50239,343910799
4170,411067.nif,41523,343961038
4171,411066.nif,33643,344002561
4172,411068.nif,52179,344036204
4173,394810.nif,26905,344088383
4174,394811.nif,106067,344115288
4175,394519.nif,33483,344221355
4176,394517.nif,24663,344254838
4177,16474.nif,20773,344279501
4178,16645.nif,66745,344300274
4179,103005.nif,25657,344367019
4180,299341.nif,32637,344392676
4181,299342.nif,45777,344425313
4182,299343.nif,27257,344471090
4183,386938.nif,43031,344498347
4184,387590.nif,29731,344541378
4185,386942.nif,78363,344571109
4186,386946.nif,27207,344649472
4187,386947.nif,51451,344676679
4188,399410.nif,16346,344728130
4189,411069.nif,100799,344744476
4190,411070.nif,48795,344845275
4191,411071.nif,78475,344894070
4192,411073.nif,80831,344972545
4193,18110.nif,29107,345053376
4194,485783.nif,20443,345082483
4195,399402.nif,22582,345102926
4196,399621.nif,15962,345125508
4197,18136.nif,22253,345141470
4198,18223.nif,22061,345163723
4199,159791.nif,96127,345185784
4200,472984.nif,62273,345281911
4201,18545.nif,29487,345344184
4202,19385.nif,41646,345373671
4203,485784.nif,27631,345415317
4204,207302.nif,28854,345442948
4205,205788.nif,35330,345471802
4206,494999.nif,327727,345507132
4207,208448.nif,55579,345834859
4208,18111.nif,24466,345890438
4209,495000.nif,63595,345914904
4210,319960.nif,51039,345978499
4211,591395.nif,92635,346029538
4212,591173.nif,59439,346122173
4213,495005.nif,79459,346181612
4214,591400.nif,20279,346261071
4215,207303.nif,187155,346281350
4216,495004.nif,80091,346468505
4217,207304.nif,22896,346548596
4218,591172.nif,41455,346571492
4219,495003.nif,36573,346612947
4220,207305.nif,29791,346649520
4221,495002.nif,258179,346679311
4222,495006.nif,303315,346937490
4223,252688.nif,11051,347240805
4224,268207.nif,11051,347251856
4225,467831.nif,25462,347262907
4226,467835.nif,25462,347288369
4227,15694.nif,120945,347313831
4228,15660.nif,32013,347434776
4229,432259.nif,34981,347466789
4230,15659.nif,12085,347501770
4231,15695.nif,12837,347513855
4232,14791.nif,58901,347526692
4233,536181.nif,57340,347585593
4234,536182.nif,52877,347642933
4235,536193.nif,55013,347695810
4236,536183.nif,73021,347750823
4237,536184.nif,56573,347823844
4238,536185.nif,32269,347880417
4239,536186.nif,88689,347912686
4240,536187.nif,111049,348001375
4241,536188.nif,42777,348112424
4242,536189.nif,75053,348155201
4243,536191.nif,79565,348230254
4244,137759.nif,55400,348309819
4245,137756.nif,44629,348365219
4246,137757.nif,36781,348409848
4247,137758.nif,30638,348446629
4248,137761.nif,42717,348477267
4249,137760.nif,19246,348519984
4250,137762.nif,50397,348539230
4251,137763.nif,9145,348589627
4252,137764.nif,32926,348598772
4253,427811.nif,36958,348631698
4254,427812.nif,42426,348668656
4255,427813.nif,59336,348711082
4256,427814.nif,53254,348770418
4257,427815.nif,24474,348823672
4258,427816.nif,24474,348848146
4259,427818.nif,67600,348872620
4260,427817.nif,23954,348940220
4261,427820.nif,57674,348964174
4262,427821.nif,11650,349021848
4263,427822.nif,36202,349033498
4264,180612.nif,31383,349069700
4265,180614.nif,39047,349101083
4266,180613.nif,27611,349140130
4267,180615.nif,22583,349167741
4268,180616.nif,45363,349190324
4269,180617.nif,42487,349235687
4270,180618.nif,21435,349278174
4271,180605.nif,30815,349299609
4272,180622.nif,12079,349330424
4273,180619.nif,34535,349342503
4274,352911.nif,24662,349377038
4275,352914.nif,35494,349401700
4276,352855.nif,14346,349437194
4277,352909.nif,12542,349451540
4278,352912.nif,36004,349464082
4279,352913.nif,36004,349500086
4280,352917.nif,7586,349536090
4281,352910.nif,15470,349543676
4282,466901.nif,38353,349559146
4283,147457.nif,29995,349597499
4284,304484.nif,26603,349627494
4285,147458.nif,69396,349654097
4286,147460.nif,58145,349723493
4287,304488.nif,39221,349781638
4288,147466.nif,35933,349820859
4289,147459.nif,27655,349856792
4290,147467.nif,14395,349884447
4291,14792.nif,79626,349898842
4292,432264.nif,45245,349978468
4293,320971.nif,69457,350023713
4294,14789.nif,77545,350093170
4295,432266.nif,105685,350170715
4296,432262.nif,30642,350276400
4297,208353.nif,77289,350307042
4298,208357.nif,56377,350384331
4299,208358.nif,51837,350440708
4300,208359.nif,21209,350492545
4301,208361.nif,33201,350513754
4302,208360.nif,10801,350546955
4303,208362.nif,34325,350557756
4304,208352.nif,30604,350592081
4305,208365.nif,42994,350622685
4306,208356.nif,55260,350665679
4307,208354.nif,29898,350720939
4308,208355.nif,31774,350750837
4309,146487.nif,43926,350782611
4310,320975.nif,71565,350826537
4311,146488.nif,33022,350898102
4312,146490.nif,37176,350931124
4313,146491.nif,26152,350968300
4314,146493.nif,26916,350994452
4315,146494.nif,29940,351021368
4316,146495.nif,69604,351051308
4317,146496.nif,49036,351120912
4318,146497.nif,21334,351169948
4319,146498.nif,44900,351191282
4320,146499.nif,10044,351236182
4321,146500.nif,30268,351246226
4322,108814.nif,10016,351276494
4323,108815.nif,9216,351286510
4324,320985.nif,13019,351295726
4325,108816.nif,12695,351308745
4326,108817.nif,7596,351321440
4327,108818.nif,8092,351329036
4328,108819.nif,9440,351337128
4329,108820.nif,9536,351346568
4330,108821.nif,7918,351356104
4331,109017.nif,9940,351364022
4332,108812.nif,6168,351373962
4333,108822.nif,9489,351380130
4334,108823.nif,9540,351389619
4335,320988.nif,82113,351399159
4336,193.nif,53556,351481272
4337,601.nif,33184,351534828
4338,5084.nif,75205,351568012
4339,23606.nif,8148,351643217
4340,536190.nif,15109,351651365
4341,188.nif,32300,351666474
4342,189.nif,47952,351698774
4343,192.nif,46958,351746726
4344,450.nif,70104,351793684
4345,705.nif,23700,351863788
4346,5085.nif,9538,351887488
4347,38404.nif,27732,351897026
4348,77.nif,48296,351924758
4349,11658.nif,47220,351973054
4350,320993.nif,62284,352020274
4351,11659.nif,25772,352082558
4352,11660.nif,31460,352108330
4353,11661.nif,40368,352139790
4354,11662.nif,28048,352180158
4355,14731.nif,22687,352208206
4356,20954.nif,22552,352230893
4357,23382.nif,7976,352253445
4358,38432.nif,46240,352261421
4359,24806.nif,49309,352307661
4360,30987.nif,49238,352356970
4361,320994.nif,67189,352406208
4362,23531.nif,36534,352473397
4363,30965.nif,29277,352509931
4364,23530.nif,42798,352539208
4365,23529.nif,27510,352582006
4366,22365.nif,22617,352609516
4367,23533.nif,23917,352632133
4368,24807.nif,7738,352656050
4369,30991.nif,38154,352663788
4370,31023.nif,39983,352701942
4371,320995.nif,48356,352741925
4372,31026.nif,28539,352790281
4373,31022.nif,39699,352818820
4374,31029.nif,23335,352858519
4375,31024.nif,20932,352881854
4376,14643.nif,53407,352902786
4377,31025.nif,7167,352956193
4378,14642.nif,43752,352963360
4379,461703.nif,84354,353007112
4380,21120.nif,23246,353091466
4381,321004.nif,72094,353114712
4382,3221.nif,61009,353186806
4383,15647.nif,61945,353247815
4384,20961.nif,26025,353309760
4385,14218.nif,62581,353335785
4386,14774.nif,22350,353398366
4387,14673.nif,49054,353420716
4388,26223.nif,8513,353469770
4389,15008.nif,36957,353478283
4390,14979.nif,45854,353515240
4391,424645.nif,38414,353561094
4392,424646.nif,37334,353599508
4393,424734.nif,78182,353636842
4394,424647.nif,69762,353715024
4395,424648.nif,76182,353784786
4396,424649.nif,36198,353860968
4397,424650.nif,36538,353897166
4398,424652.nif,89310,353933704
4399,424653.nif,42342,354023014
4400,424651.nif,31718,354065356
4401,424654.nif,69236,354097074
4402,424655.nif,13206,354166310
4403,424656.nif,50638,354179516
4404,137217.nif,32836,354230154
4405,137221.nif,44432,354262990
4406,321025.nif,75245,354307422
4407,137224.nif,42157,354382667
4408,137225.nif,95422,354424824
4409,137223.nif,29972,354520246
4410,137230.nif,30756,354550218
4411,137228.nif,117084,354580974
4412,138564.nif,97498,354698058
4413,137231.nif,24250,354795556
4414,137233.nif,103452,354819806
4415,137234.nif,11832,354923258
4416,137236.nif,40088,354935090
4417,137770.nif,6152,354975178
4418,137772.nif,5804,354981330
4419,137771.nif,6100,354987134
4420,137774.nif,6228,354993234
4421,137773.nif,6808,354999462
4422,137775.nif,5761,355006270
4423,137777.nif,5816,355012031
4424,137778.nif,6381,355017847
4425,137779.nif,7840,355024228
4426,296712.nif,6653,355032068
4427,393068.nif,5921,355038721
4428,428012.nif,14612,355044642
4429,428033.nif,12976,355059254
4430,428014.nif,14288,355072230
4431,428015.nif,12884,355086518
4432,428016.nif,13710,355099402
4433,428017.nif,13218,355113112
4434,428018.nif,14734,355126330
4435,428028.nif,14254,355141064
4436,428011.nif,12648,355155318
4437,428020.nif,15522,355167966
4438,428021.nif,14222,355183488
4439,137737.nif,29957,355197710
4440,137738.nif,23193,355227667
4441,137739.nif,38065,355250860
4442,137740.nif,25553,355288925
4443,137741.nif,22401,355314478
4444,137742.nif,45293,355336879
4445,137743.nif,47817,355382172
4446,137744.nif,26737,355429989
4447,137745.nif,23615,355456726
4448,137746.nif,32989,355480341
4449,137747.nif,8801,355513330
4450,137748.nif,30079,355522131
4451,146537.nif,4251,355552210
4452,146516.nif,3692,355556461
4453,146538.nif,4632,355560153
4454,146539.nif,4746,355564785
4455,146540.nif,4346,355569531
4456,146541.nif,2616,355573877
4457,146542.nif,3687,355576493
4458,146543.nif,5984,355580180
4459,506501.nif,10828,355586164
4460,146710.nif,5374,355596992
4461,146711.nif,4622,355602366
4462,146713.nif,4582,355606988
4463,146714.nif,7034,355611570
4464,146740.nif,6450,355618604
4465,146741.nif,4276,355625054
4466,146742.nif,2348,355629330
4467,524473.nif,46444,355631678
4468,524447.nif,61726,355678122
4469,524471.nif,93908,355739848
4470,524472.nif,43080,355833756
4471,524467.nif,86370,355876836
4472,524468.nif,76614,355963206
4473,524820.nif,50014,356039820
4474,524422.nif,60212,356089834
4475,524823.nif,19134,356150046
4476,524470.nif,91294,356169180
4477,179027.nif,31572,356260474
4478,180438.nif,36064,356292046
4479,143800.nif,36462,356328110
4480,139233.nif,17089,356364572
4481,139234.nif,56261,356381661
4482,139235.nif,52365,356437922
4483,180439.nif,17448,356490287
4484,139236.nif,51285,356507735
4485,180437.nif,9336,356559020
4486,179028.nif,29204,356568356
4487,500081.nif,38479,356597560
4488,500078.nif,57642,356636039
4489,500084.nif,32695,356693681
4490,500085.nif,23939,356726376
4491,500082.nif,68573,356750315
4492,500077.nif,56953,356818888
4493,500080.nif,19874,356875841
4494,500076.nif,23313,356895715
4495,500079.nif,8399,356919028
4496,500083.nif,27140,356927427
4497,500075.nif,39043,356954567
4498,137263.nif,55778,356993610
4499,137265.nif,42078,357049388
4500,137266.nif,57910,357091466
4501,137267.nif,56902,357149376
4502,137268.nif,40918,357206278
4503,137271.nif,42570,357247196
4504,137273.nif,81604,357289766
4505,137274.nif,95546,357371370
4506,137272.nif,30484,357466916
4507,137277.nif,107718,357497400
4508,137278.nif,12759,357605118
4509,137284.nif,63290,357617877
4510,504858.nif,53307,357681167
4511,11709.nif,39692,357734474
4512,503209.nif,51240,357774166
4513,5148.nif,40092,357825406
4514,109787.nif,27019,357865498
4515,503210.nif,77492,357892517
4516,503353.nif,23271,357970009
4517,36649.nif,31948,357993280
4518,11710.nif,15548,358025228
4519,503711.nif,56556,358040776
4520,11711.nif,40432,358097332
4521,31033.nif,29384,358137764
4522,504144.nif,49200,358167148
4523,503221.nif,40516,358216348
4524,31032.nif,19072,358256864
4525,503211.nif,19808,358275936
4526,503212.nif,29028,358295744
4527,503227.nif,29028,358324772
4528,503233.nif,29028,358353800
4529,503239.nif,29028,358382828
4530,11712.nif,26243,358411856
4531,23260.nif,8488,358438099
4532,109788.nif,8583,358446587
4533,503219.nif,87000,358455170
4534,11713.nif,30752,358542170
4535,501637.nif,28703,358572922
4536,501638.nif,28559,358601625
4537,501645.nif,42587,358630184
4538,501639.nif,56307,358672771
4539,501644.nif,63963,358729078
4540,501640.nif,18411,358793041
4541,501641.nif,18791,358811452
4542,501646.nif,56511,358830243
4543,501647.nif,51759,358886754
4544,501642.nif,18215,358938513
4545,501648.nif,40139,358956728
4546,501649.nif,5731,358996867
4547,501643.nif,34511,359002598
4548,427819.nif,75545,359037109
4549,504857.nif,75736,359112654
4550,137039.nif,49266,359188390
4551,503223.nif,74372,359237656
4552,137051.nif,46523,359312028
4553,503224.nif,74786,359358551
4554,137079.nif,32452,359433337
4555,137067.nif,27259,359465789
4556,137070.nif,33389,359493048
4557,503710.nif,73598,359526437
4558,137065.nif,93724,359600035
4559,137066.nif,55644,359693759
4560,504145.nif,99997,359749403
4561,503226.nif,74809,359849400
4562,137081.nif,22234,359924209
4563,503225.nif,26894,359946443
4564,137082.nif,38157,359973337
4565,137086.nif,7707,360011494
4566,503258.nif,105295,360019201
4567,137098.nif,32349,360124496
4568,535782.nif,43578,360156845
4569,535783.nif,64428,360200423
4570,535784.nif,58640,360264851
4571,535794.nif,83224,360323491
4572,535785.nif,30428,360406715
4573,535786.nif,31612,360437143
4574,535787.nif,91840,360468755
4575,535788.nif,55048,360560595
4576,535789.nif,92522,360615643
4577,535792.nif,32870,360708165
4578,535790.nif,70964,360741035
4579,535793.nif,11658,360811999
4580,535791.nif,59530,360823657
4581,427785.nif,39885,360883187
4582,427786.nif,41753,360923072
4583,427844.nif,59679,360964825
4584,427787.nif,41665,361024504
4585,427788.nif,59775,361066169
4586,427789.nif,25357,361125944
4587,427790.nif,26487,361151301
4588,427792.nif,90761,361177788
4589,427793.nif,64059,361268549
4590,427791.nif,26465,361332608
4591,427794.nif,59319,361359073
4592,427795.nif,13729,361418392
4593,427796.nif,81133,361432121
4594,21873.nif,46420,361513254
4595,31034.nif,23400,361559674
4596,21874.nif,25880,361583074
4597,31035.nif,40068,361608954
4598,21877.nif,19852,361649022
4599,31036.nif,24940,361668874
4600,21876.nif,40903,361693814
4601,31037.nif,20368,361734717
4602,21875.nif,23768,361755085
4603,31038.nif,30184,361778853
4604,31039.nif,7411,361809037
4605,13978.nif,7504,361816448
4606,21848.nif,24832,361823952
4607,461859.nif,38106,361848784
4608,461860.nif,38778,361886890
4609,147138.nif,49523,361925668
4610,418758.nif,45815,361975191
4611,147139.nif,50891,362021006
4612,147141.nif,24203,362071897
4613,147142.nif,25687,362096100
4614,147143.nif,64471,362121787
4615,147145.nif,23683,362186258
4616,147154.nif,53163,362209941
4617,147155.nif,12271,362263104
4618,147156.nif,56143,362275375
4619,147161.nif,34237,362331518
4620,147162.nif,66381,362365755
4621,147163.nif,34745,362432136
4622,147164.nif,36677,362466881
4623,147165.nif,44337,362503558
4624,301510.nif,20227,362547895
4625,147166.nif,40141,362568122
4626,147212.nif,15341,362608263
4627,147213.nif,61703,362623604
4628,31223.nif,58653,362685307
4629,31222.nif,53101,362743960
4630,31229.nif,77605,362797061
4631,31221.nif,52001,362874666
4632,31219.nif,20527,362926667
4633,31224.nif,50571,362947194
4634,23569.nif,9385,362997765
4635,31218.nif,49883,363007150
4636,524177.nif,64950,363057033
4637,524178.nif,81928,363121983
4638,524179.nif,71390,363203911
4639,524180.nif,26924,363275301
4640,524182.nif,74322,363302225
4641,524183.nif,104102,363376547
4642,524187.nif,35604,363480649
4643,524184.nif,67928,363516253
4644,524185.nif,14022,363584181
4645,524186.nif,43984,363598203
4646,400581.nif,26701,363642187
4647,400586.nif,29429,363668888
4648,400588.nif,77532,363698317
4649,400587.nif,55359,363775849
4650,465794.nif,71156,363831208
4651,400591.nif,28137,363902364
4652,400592.nif,28430,363930501
4653,400589.nif,40125,363958931
4654,400590.nif,45425,363999056
4655,400593.nif,17657,364044481
4656,400594.nif,31408,364062138
4657,400595.nif,9737,364093546
4658,400596.nif,42688,364103283
4659,37874.nif,30248,364145971
4660,37879.nif,28696,364176219
4661,37880.nif,25888,364204915
4662,37881.nif,33032,364230803
4663,37882.nif,40888,364263835
4664,37883.nif,60392,364304723
4665,37884.nif,20532,364365115
4666,109790.nif,17403,364385647
4667,37885.nif,21688,364403050
4668,37886.nif,8948,364424738
4669,37887.nif,29004,364433686
4670,417226.nif,6073,364462690
4671,417227.nif,7005,364468763
4672,418599.nif,5993,364475768
4673,417230.nif,6337,364481761
4674,417229.nif,6129,364488098
4675,417237.nif,5685,364494227
4676,417238.nif,8541,364499912
4677,417228.nif,5337,364508453
4678,417240.nif,7187,364513790
4679,427619.nif,9636,364520977
4680,146749.nif,5968,364530613
4681,146750.nif,5216,364536581
4682,146751.nif,4506,364541797
4683,146752.nif,6057,364546303
4684,204964.nif,6086,364552360
4685,146753.nif,4132,364558446
4686,146754.nif,5345,364562578
4687,146756.nif,6086,364567923
4688,501571.nif,44213,364574009
4689,501572.nif,49705,364618222
4690,501826.nif,101953,364667927
4691,501573.nif,61529,364769880
4692,501576.nif,67425,364831409
4693,501574.nif,33633,364898834
4694,501575.nif,34042,364932467
4695,501577.nif,55033,364966509
4696,501578.nif,45197,365021542
4697,501579.nif,29506,365066739
4698,501581.nif,43522,365096245
4699,501582.nif,16135,365139767
4700,501580.nif,48926,365155902
4701,353148.nif,38423,365204828
4702,353149.nif,35839,365243251
4703,353150.nif,88575,365279090
4704,353151.nif,37081,365367665
4705,353152.nif,33303,365404746
4706,353153.nif,23155,365438049
4707,353154.nif,40775,365461204
4708,353155.nif,41575,365501979
4709,353156.nif,23871,365543554
4710,353157.nif,27839,365567425
4711,353158.nif,12311,365595264
4712,353159.nif,26079,365607575
4713,205694.nif,26354,365633654
4714,205695.nif,35006,365660008
4715,425454.nif,30758,365695014
4716,205698.nif,23121,365725772
4717,425453.nif,23101,365748893
4718,205696.nif,30305,365771994
4719,205701.nif,71207,365802299
4720,205699.nif,29037,365873506
4721,205700.nif,8578,365902543
4722,205702.nif,18346,365911121
4723,524938.nif,34791,365929467
4724,524944.nif,29963,365964258
4725,524945.nif,106889,365994221
4726,524943.nif,71815,366101110
4727,524947.nif,35203,366172925
4728,524941.nif,92984,366208128
4729,524942.nif,34935,366301112
4730,524940.nif,58179,366336047
4731,524937.nif,60035,366394226
4732,524946.nif,11586,366454261
4733,298838.nif,27529,366465847
4734,26355.nif,44196,366493376
4735,26273.nif,38296,366537572
4736,21680.nif,26299,366575868
4737,21684.nif,27728,366602167
4738,748.nif,27323,366629895
4739,22354.nif,17907,366657218
4740,298834.nif,9000,366675125
4741,417260.nif,45653,366684125
4742,417287.nif,60993,366729778
4743,417264.nif,42693,366790771
4744,417261.nif,63957,366833464
4745,417262.nif,90265,366897421
4746,417263.nif,31541,366987686
4747,417288.nif,45225,367019227
4748,417265.nif,58337,367064452
4749,417266.nif,46777,367122789
4750,417272.nif,31813,367169566
4751,417267.nif,42693,367201379
4752,417268.nif,9969,367244072
4753,417269.nif,61297,367254041
4754,400680.nif,25100,367315338
4755,400693.nif,25088,367340438
4756,400681.nif,21712,367365526
4757,400684.nif,24200,367387238
4758,400682.nif,13208,367411438
4759,400683.nif,13100,367424646
4760,400685.nif,51036,367437746
4761,400686.nif,42904,367488782
4762,400687.nif,10924,367531686
4763,400689.nif,36256,367542610
4764,400688.nif,4932,367578866
4765,400690.nif,16968,367583798
4766,146565.nif,23478,367600766
4767,147219.nif,17386,367624244
4768,147220.nif,17698,367641630
4769,147221.nif,18734,367659328
4770,147222.nif,12270,367678062
4771,147223.nif,15446,367690332
4772,147224.nif,15086,367705778
4773,470020.nif,13865,367720864
4774,147226.nif,14036,367734729
4775,470308.nif,19221,367748765
4776,393077.nif,11119,367767986
4777,400946.nif,14447,367779105
4778,416434.nif,12085,367793552
4779,416431.nif,11631,367805637
4780,416436.nif,12541,367817268
4781,416432.nif,12613,367829809
4782,416433.nif,12897,367842422
4783,416435.nif,13055,367855319
4784,545805.nif,41618,367868374
4785,545788.nif,51602,367909992
4786,545784.nif,54906,367961594
4787,545787.nif,85774,368016500
4788,545780.nif,106870,368102274
4789,545781.nif,80806,368209144
4790,545779.nif,40518,368289950
4791,545785.nif,70130,368330468
4792,545786.nif,9502,368400598
4793,545778.nif,42086,368410100
4794,524071.nif,18018,368452186
4795,524072.nif,19202,368470204
4796,524075.nif,42230,368489406
4797,524076.nif,39730,368531636
4798,524073.nif,13866,368571366
4799,524074.nif,13858,368585232
4800,524077.nif,46538,368599090
4801,524078.nif,29670,368645628
4802,524079.nif,20182,368675298
4803,524080.nif,31966,368695480
4804,524082.nif,5330,368727446
4805,524083.nif,18206,368732776
4806,23278.nif,66100,368750982
4807,31054.nif,53276,368817082
4808,321027.nif,86408,368870358
4809,23275.nif,63235,368956766
4810,23381.nif,26756,369020001
4811,23277.nif,29640,369046757
4812,23274.nif,44412,369076397
4813,31056.nif,9579,369120809
4814,34034.nif,45176,369130388
4815,23276.nif,47747,369175564
4816,418832.nif,36206,369223311
4817,181611.nif,48766,369259517
4818,181616.nif,31620,369308283
4819,181617.nif,31940,369339903
4820,181612.nif,48024,369371843
4821,181613.nif,51380,369419867
4822,181614.nif,76916,369471247
4823,181615.nif,113420,369548163
4824,418833.nif,23598,369661583
4825,181618.nif,50126,369685181
4826,181619.nif,8326,369735307
4827,181621.nif,89946,369743633
4828,181620.nif,65646,369833579
4829,147557.nif,5946,369899225
4830,147558.nif,4838,369905171
4831,147559.nif,4350,369910009
4832,147560.nif,5638,369914359
4833,147561.nif,5014,369919997
4834,147562.nif,4858,369925011
4835,147569.nif,3850,369929869
4836,147572.nif,4107,369933719
4837,147568.nif,5066,369937826
4838,147573.nif,5771,369942892
4839,205672.nif,26395,369948663
4840,321026.nif,53531,369975058
4841,205673.nif,19279,370028589
4842,205682.nif,28983,370047868
4843,205676.nif,16149,370076851
4844,205675.nif,17343,370093000
4845,205674.nif,40043,370110343
4846,205677.nif,38009,370150386
4847,205678.nif,12743,370188395
4848,205680.nif,25069,370201138
4849,205681.nif,7425,370226207
4850,205679.nif,15843,370233632
4851,31083.nif,37863,370249475
4852,4916.nif,23695,370287338
4853,18440.nif,24048,370311033
4854,31084.nif,14972,370335081
4855,18436.nif,21820,370350053
4856,31085.nif,26608,370371873
4857,31087.nif,67456,370398481
4858,31086.nif,22543,370465937
4859,31091.nif,65599,370488480
4860,18441.nif,7184,370554079
4861,31089.nif,25990,370561263
4862,205645.nif,11857,370587253
4863,205648.nif,10140,370599110
4864,524058.nif,12245,370609250
4865,205646.nif,7292,370621495
4866,205653.nif,6176,370628787
4867,205664.nif,4012,370634963
4868,205665.nif,4405,370638975
4869,524059.nif,10077,370643380
4870,205705.nif,24903,370653457
4871,205708.nif,31307,370678360
4872,205713.nif,30367,370709667
4873,205716.nif,20667,370740034
4874,205717.nif,16027,370760701
4875,205714.nif,44247,370776728
4876,205715.nif,44799,370820975
4877,205722.nif,58119,370865774
4878,205721.nif,18459,370923893
4879,205718.nif,25819,370942352
4880,205719.nif,9307,370968171
4881,205720.nif,31471,370977478
4882,346968.nif,31123,371008949
4883,346978.nif,31131,371040072
4884,346977.nif,37783,371071203
4885,346976.nif,53803,371108986
4886,346979.nif,22879,371162789
4887,346981.nif,36460,371185668
4888,346980.nif,45428,371222128
4889,346983.nif,19392,371267556
4890,346984.nif,26308,371286948
4891,346985.nif,8584,371313256
4892,346982.nif,23104,371321840
4893,524107.nif,57790,371344944
4894,524108.nif,57545,371402734
4895,524109.nif,76738,371460279
4896,524110.nif,86592,371537017
4897,524111.nif,31073,371623609
4898,524112.nif,33324,371654682
4899,524113.nif,94312,371688006
4900,524114.nif,95292,371782318
4901,524120.nif,140840,371877610
4902,524117.nif,39008,372018450
4903,524813.nif,57860,372057458
4904,524814.nif,12070,372115318
4905,524919.nif,67276,372127388
4906,147473.nif,6944,372194664
4907,147474.nif,8367,372201608
4908,147475.nif,7783,372209975
4909,147476.nif,6559,372217758
4910,147477.nif,6559,372224317
4911,147478.nif,6744,372230876
4912,147479.nif,6238,372237620
4913,147480.nif,5930,372243858
4914,147481.nif,6867,372249788
4915,147482.nif,6292,372256655
4916,147483.nif,7553,372262947
4917,500641.nif,29946,372270500
4918,500642.nif,27558,372300446
4919,500643.nif,44030,372328004
4920,500646.nif,45978,372372034
4921,500644.nif,16634,372418012
4922,500645.nif,21322,372434646
4923,500637.nif,56426,372455968
4924,500638.nif,65522,372512394
4925,500639.nif,22894,372577916
4926,500636.nif,28890,372600810
4927,500647.nif,8818,372629700
4928,500640.nif,36126,372638518
4929,524023.nif,71446,372674644
4930,524024.nif,77254,372746090
4931,524026.nif,57922,372823344
4932,524025.nif,55854,372881266
4933,524028.nif,27042,372937120
4934,524029.nif,27290,372964162
4935,524027.nif,104394,372991452
4936,524030.nif,145258,373095846
4937,524031.nif,80106,373241104
4938,524032.nif,30614,373321210
4939,524033.nif,44806,373351824
4940,524034.nif,13014,373396630
4941,524035.nif,44554,373409644
4942,205725.nif,24863,373454198
4943,205736.nif,25255,373479061
4944,205726.nif,50382,373504316
4945,205727.nif,79790,373554698
4946,205728.nif,24442,373634488
4947,205729.nif,25082,373658930
4948,205730.nif,36814,373684012
4949,205731.nif,46474,373720826
4950,205737.nif,58942,373767300
4951,205735.nif,16510,373826242
4952,205732.nif,32534,373842752
4953,205733.nif,9962,373875286
4954,205734.nif,28850,373885248
4955,137307.nif,37782,373914098
4956,137308.nif,44193,373951880
4957,137309.nif,93576,373996073
4958,137310.nif,32110,374089649
4959,137311.nif,71924,374121759
4960,137312.nif,61780,374193683
4961,137313.nif,20232,374255463
4962,137314.nif,44825,374275695
4963,137315.nif,11057,374320520
4964,137316.nif,38942,374331577
4965,427767.nif,2646,374370519
4966,205571.nif,4726,374373165
4967,205572.nif,3062,374377891
4968,205573.nif,3438,374380953
4969,205567.nif,3330,374384391
4970,205577.nif,2488,374387721
4971,205574.nif,3452,374390209
4972,205575.nif,2380,374393661
4973,205576.nif,3360,374396041
4974,31097.nif,10547,374399401
4975,31098.nif,9651,374409948
4976,31112.nif,13469,374419599
4977,31113.nif,8864,374433068
4978,31114.nif,9299,374441932
4979,31115.nif,8741,374451231
4980,31116.nif,6123,374459972
4981,31117.nif,6872,374466095
4982,204830.nif,75388,374472967
4983,502545.nif,76096,374548355
4984,204835.nif,89412,374624451
4985,204831.nif,73756,374713863
4986,204832.nif,82888,374787619
4987,204833.nif,36924,374870507
4988,204836.nif,78636,374907431
4989,204837.nif,87488,374986067
4990,414011.nif,24948,375073555
4991,204840.nif,76716,375098503
4992,204841.nif,11770,375175219
4993,204842.nif,40268,375186989
4994,503229.nif,87712,375227257
4995,504856.nif,85892,375314969
4996,31123.nif,53441,375400861
4997,31124.nif,68734,375454302
4998,503230.nif,68828,375523036
4999,6022.nif,48802,375591864
5000,31125.nif,36514,375640666
5001,31126.nif,32471,375677180
5002,503712.nif,89764,375709651
5003,503231.nif,45478,375799415
5004,31127.nif,47691,375844893
5005,504146.nif,63505,375892584
5006,503232.nif,77008,375956089
5007,31129.nif,27740,376033097
5008,31130.nif,35252,376060837
5009,31131.nif,12832,376096089
5010,503234.nif,80868,376108921
5011,31132.nif,52221,376189789
5012,504855.nif,60997,376242010
5013,31137.nif,33492,376303007
5014,503235.nif,56809,376336499
5015,31138.nif,43192,376393308
5016,503236.nif,72693,376436500
5017,31139.nif,30764,376509193
5018,14561.nif,15472,376539957
5019,503713.nif,49035,376555429
5020,503237.nif,35921,376604464
5021,31140.nif,48919,376640385
5022,504147.nif,51781,376689304
5023,503238.nif,47523,376741085
5024,31141.nif,22967,376788608
5025,31142.nif,27336,376811575
5026,31143.nif,10673,376838911
5027,503240.nif,108637,376849584
5028,31144.nif,44124,376958221
5029,205880.nif,50400,377002345
5030,205894.nif,45864,377052745
5031,205881.nif,72972,377098609
5032,205919.nif,55470,377171581
5033,205885.nif,29450,377227051
5034,205883.nif,66938,377256501
5035,205884.nif,72998,377323439
5036,205882.nif,27330,377396437
5037,205886.nif,48986,377423767
5038,205888.nif,14266,377472753
5039,205889.nif,42378,377487019
5040,421369.nif,31721,377529397
5041,421370.nif,58897,377561118
5042,421371.nif,45599,377620015
5043,421372.nif,43997,377665614
5044,421373.nif,31201,377709611
5045,421374.nif,33053,377740812
5046,421376.nif,66340,377773865
5047,421377.nif,62240,377840205
5048,421375.nif,21013,377902445
5049,421378.nif,74937,377923458
5050,421379.nif,12321,377998395
5051,421380.nif,34661,378010716
5052,545806.nif,41378,378045377
5053,545782.nif,26070,378086755
5054,545783.nif,26418,378112825
5055,545752.nif,31782,378139243
5056,545751.nif,58394,378171025
5057,545747.nif,33950,378229419
5058,545717.nif,25090,378263369
5059,545750.nif,25650,378288459
5060,545748.nif,124478,378314109
5061,545749.nif,102446,378438587
5062,545754.nif,48386,378541033
5063,545713.nif,16446,378589419
5064,545755.nif,8638,378605865
5065,545714.nif,39682,378614503
5066,147492.nif,6234,378654185
5067,147499.nif,2484,378660419
5068,147500.nif,4266,378662903
5069,147493.nif,5200,378667169
5070,147494.nif,4400,378672369
5071,147495.nif,4842,378676769
5072,147496.nif,2902,378681611
5073,147497.nif,3227,378684513
5074,147498.nif,21646,378687740
5075,147504.nif,5099,378709386
5076,147508.nif,5611,378714485
5077,147511.nif,4516,378720096
5078,147512.nif,3995,378724612
5079,147513.nif,3771,378728607
5080,147514.nif,4827,378732378
5081,147515.nif,3731,378737205
5082,147516.nif,3043,378740936
5083,147517.nif,3935,378743979
5084,147518.nif,4292,378747914
5085,205541.nif,13088,378752206
5086,205542.nif,13328,378765294
5087,205549.nif,23836,378778622
5088,205545.nif,10712,378802458
5089,205546.nif,11362,378813170
5090,205547.nif,12914,378824532
5091,205548.nif,16110,378837446
5092,205550.nif,13838,378853556
5093,205551.nif,13914,378867394
5094,205552.nif,4470,378881308
5095,205553.nif,8914,378885778
5096,205851.nif,5527,378894692
5097,205860.nif,4567,378900219
5098,205861.nif,4527,378904786
5099,205862.nif,5199,378909313
5100,205854.nif,5389,378914512
5101,205876.nif,4027,378919901
5102,205877.nif,3674,378923928
5103,205871.nif,4787,378927602
5104,393088.nif,5596,378932389
5105,33176.nif,36393,378937985
5106,33181.nif,42037,378974378
5107,33178.nif,35799,379016415
5108,33180.nif,17674,379052214
5109,33177.nif,31445,379069888
5110,138941.nif,45640,379101333
5111,33183.nif,32972,379146973
5112,36713.nif,31455,379179945
5113,33179.nif,29886,379211400
5114,33184.nif,12192,379241286
5115,33174.nif,54508,379253478
5116,545628.nif,32485,379307986
5117,545627.nif,38137,379340471
5118,545647.nif,21977,379378608
5119,545625.nif,48069,379400585
5120,545624.nif,30507,379448654
5121,545626.nif,34427,379479161
5122,545629.nif,29277,379513588
5123,545630.nif,34427,379542865
5124,545631.nif,11651,379577292
5125,130084.nif,6456,379588943
5126,130091.nif,6745,379595399
5127,130089.nif,5095,379602144
5128,130143.nif,7257,379607239
5129,130152.nif,4313,379614496
5130,130155.nif,4212,379618809
5131,130156.nif,7001,379623021
5132,472775.nif,5224,379630022
5133,416993.nif,4676,379635246
5134,416994.nif,5056,379639922
5135,416995.nif,5112,379644978
5136,416996.nif,4862,379650090
5137,416997.nif,4966,379654952
5138,416998.nif,4436,379659918
5139,416999.nif,5020,379664354
5140,417000.nif,5664,379669374
5141,35641.nif,9411,379675038
5142,35642.nif,8599,379684449
5143,35643.nif,8166,379693048
5144,35644.nif,8666,379701214
5145,35645.nif,6984,379709880
5146,35646.nif,8335,379716864
5147,35647.nif,7563,379725199
5148,35060.nif,3948,379732762
5149,35072.nif,3304,379736710
5150,35073.nif,3300,379740014
5151,35648.nif,3252,379743314
5152,35649.nif,3232,379746566
5153,35650.nif,2968,379749798
5154,35651.nif,3428,379752766
5155,35652.nif,3332,379756194
5156,35656.nif,9650,379759526
5157,35657.nif,9506,379769176
5158,35658.nif,8250,379778682
5159,35659.nif,8314,379786932
5160,35660.nif,8186,379795246
5161,35661.nif,8138,379803432
5162,35662.nif,9087,379811570
5163,35663.nif,10395,379820657
5164,470030.nif,4632,379831052
5165,35675.nif,3321,379835684
5166,35676.nif,6861,379839005
5167,35735.nif,4615,379845866
5168,35747.nif,3757,379850481
5169,35784.nif,6861,379854238
5170,35785.nif,3773,379861099
5171,35786.nif,4140,379864872
5172,35792.nif,4440,379869012
5173,416974.nif,3509,379873452
5174,416975.nif,3397,379876961
5175,416976.nif,3461,379880358
5176,416977.nif,3429,379883819
5177,416978.nif,3541,379887248
5178,416979.nif,3141,379890789
5179,416980.nif,3161,379893930
5180,416981.nif,3237,379897091
5181,417012.nif,3429,379900328
5182,462654.nif,287424,379903757
5183,462565.nif,211845,380191181
5184,462653.nif,226609,380403026
5185,462670.nif,286603,380629635
5186,462671.nif,210585,380916238
5187,462672.nif,218069,381126823
5188,462658.nif,164176,381344892
5189,462656.nif,154706,381509068
5190,462657.nif,160498,381663774
5191,34779.nif,7916,381824272
5192,34774.nif,4296,381832188
5193,306111.nif,8900,381836484
5194,34777.nif,7416,381845384
5195,34780.nif,7568,381852800
5196,34785.nif,5472,381860368
5197,34786.nif,4104,381865840
5198,34787.nif,7154,381869944
5199,34776.nif,4891,381877098
5200,34788.nif,3019,381881989
5201,306079.nif,4707,381885008
5202,35013.nif,4763,381889715
5203,35014.nif,3151,381894478
5204,35015.nif,3191,381897629
5205,35028.nif,2923,381900820
5206,34764.nif,8583,381903743
5207,34765.nif,3863,381912326
5208,306112.nif,6215,381916189
5209,34766.nif,5571,381922404
5210,34767.nif,7075,381927975
5211,34768.nif,7475,381935050
5212,34775.nif,3527,381942525
5213,78038.nif,42502,381946052
5214,78039.nif,33314,381988554
5215,78040.nif,43766,382021868
5216,78044.nif,38254,382065634
5217,78045.nif,40586,382103888
5218,78047.nif,97062,382144474
5219,78048.nif,21490,382241536
5220,78049.nif,21306,382263026
5221,78052.nif,45318,382284332
5222,78053.nif,52010,382329650
5223,78056.nif,24954,382381660
5224,78058.nif,54686,382406614
5225,78060.nif,8198,382461300
5226,78061.nif,8198,382469498
5227,78063.nif,32398,382477696
5228,469159.nif,31490,382510094
5229,469160.nif,30328,382541584
5230,469161.nif,55466,382571912
5231,469162.nif,35548,382627378
5232,469165.nif,21936,382662926
5233,469166.nif,25508,382684862
5234,469167.nif,95282,382710370
5235,469168.nif,99678,382805652
5236,469169.nif,24048,382905330
5237,469163.nif,38340,382929378
5238,469164.nif,13454,382967718
5239,469170.nif,32460,382981172
5240,465398.nif,25849,383013632
5241,465399.nif,26083,383039481
5242,465400.nif,43506,383065564
5243,465401.nif,53419,383109070
5244,465404.nif,28761,383162489
5245,465405.nif,29013,383191250
5246,465406.nif,89955,383220263
5247,465407.nif,50519,383310218
5248,465408.nif,22185,383360737
5249,465402.nif,54545,383382922
5250,465403.nif,13603,383437467
5251,465409.nif,45737,383451070
5252,460083.nif,39117,383496807
5253,460084.nif,45657,383535924
5254,460085.nif,53269,383581581
5255,460086.nif,54725,383634850
5256,460089.nif,25429,383689575
5257,460090.nif,26701,383715004
5258,460091.nif,75585,383741705
5259,460092.nif,82933,383817290
5260,460093.nif,24235,383900223
5261,460087.nif,75449,383924458
5262,460088.nif,15613,383999907
5263,460094.nif,46819,384015520
5264,460071.nif,40932,384062339
5265,460072.nif,38444,384103271
5266,460074.nif,38994,384141715
5267,460073.nif,188972,384180709
5268,460079.nif,24700,384369681
5269,460082.nif,25558,384394381
5270,460080.nif,63316,384419939
5271,460081.nif,56276,384483255
5272,460076.nif,33784,384539531
5273,460077.nif,31698,384573315
5274,460078.nif,14892,384605013
5275,460075.nif,40361,384619905
5276,535821.nif,37611,384660266
5277,535822.nif,40347,384697877
5278,535832.nif,23279,384738224
5279,535824.nif,35239,384761503
5280,535825.nif,89759,384796742
5281,535826.nif,19303,384886501
5282,535833.nif,17895,384905804
5283,535828.nif,38415,384923699
5284,535827.nif,47599,384962114
5285,535829.nif,24051,385009713
5286,535834.nif,21047,385033764
5287,535830.nif,8583,385054811
5288,535831.nif,34959,385063394
5289,78041.nif,26591,385098353
5290,78042.nif,22815,385124944
5291,78043.nif,37147,385147759
5292,78046.nif,25475,385184906
5293,78050.nif,19287,385210381
5294,78051.nif,17511,385229668
5295,78054.nif,18399,385247179
5296,78055.nif,22247,385265578
5297,78057.nif,19827,385287825
5298,78059.nif,20983,385307652
5299,78062.nif,8591,385328635
5300,78064.nif,24779,385337226
5301,91773.nif,33867,385362005
5302,92842.nif,28943,385395872
5303,92843.nif,44275,385424815
5304,91779.nif,32375,385469090
5305,585350.nif,88963,385501465
5306,92838.nif,23887,385590428
5307,92839.nif,22355,385614315
5308,91787.nif,25919,385636670
5309,92841.nif,27091,385662589
5310,91791.nif,24271,385689680
5311,91793.nif,25415,385713951
5312,91795.nif,9195,385739366
5313,91798.nif,29347,385748561
5314,78065.nif,35698,385777908
5315,78066.nif,33542,385813606
5316,78067.nif,50612,385847148
5317,78068.nif,33478,385897760
5318,78069.nif,24226,385931238
5319,78070.nif,26490,385955464
5320,78071.nif,54866,385981954
5321,78072.nif,60726,386036820
5322,78073.nif,26118,386097546
5323,78074.nif,32610,386123664
5324,92831.nif,13472,386156274
5325,78075.nif,34734,386169746
5326,78076.nif,29133,386204480
5327,78077.nif,24083,386233613
5328,92864.nif,44590,386257696
5329,78078.nif,30457,386302286
5330,78079.nif,20645,386332743
5331,78080.nif,20317,386353388
5332,78081.nif,39373,386373705
5333,78082.nif,47381,386413078
5334,78083.nif,20353,386460459
5335,78084.nif,29061,386480812
5336,92865.nif,10131,386509873
5337,78085.nif,32049,386520004
5338,592009.nif,27117,386552053
5339,592016.nif,30009,386579170
5340,592004.nif,44361,386609179
5341,592010.nif,121661,386653540
5342,592015.nif,52033,386775201
5343,592005.nif,19145,386827234
5344,592008.nif,23437,386846379
5345,592006.nif,98537,386869816
5346,592007.nif,33521,386968353
5347,592012.nif,23841,387001874
5348,592014.nif,30309,387025715
5349,592011.nif,6601,387056024
5350,592013.nif,31705,387062625
5351,530921.nif,35923,387094330
5352,530922.nif,48407,387130253
5353,530930.nif,56787,387178660
5354,530928.nif,32387,387235447
5355,530923.nif,27667,387267834
5356,530924.nif,27739,387295501
5357,530925.nif,89259,387323240
5358,530926.nif,79771,387412499
5359,530927.nif,39943,387492270
5360,530929.nif,29075,387532213
5361,530931.nif,12163,387561288
5362,530932.nif,44955,387573451
5363,530887.nif,47344,387618406
5364,530888.nif,31872,387665750
5365,530896.nif,111708,387697622
5366,530895.nif,68576,387809330
5367,530889.nif,28628,387877906
5368,530890.nif,27888,387906534
5369,530893.nif,83568,387934422
5370,530894.nif,89788,388017990
5371,530891.nif,43448,388107778
5372,530886.nif,68468,388151226
5373,530897.nif,12108,388219694
5374,530892.nif,47192,388231802
5375,526265.nif,37087,388278994
5376,544634.nif,37087,388316081
5377,544652.nif,37087,388353168
5378,526266.nif,37783,388390255
5379,544635.nif,37783,388428038
5380,544653.nif,37783,388465821
5381,526267.nif,46231,388503604
5382,544636.nif,46231,388549835
5383,544654.nif,46231,388596066
5384,544655.nif,57306,388642297
5385,526274.nif,38391,388699603
5386,544637.nif,38391,388737994
5387,526268.nif,44927,388776385
5388,544638.nif,44927,388821312
5389,544656.nif,44927,388866239
5390,526263.nif,42167,388911166
5391,544639.nif,42167,388953333
5392,544657.nif,42167,388995500
5393,526270.nif,37719,389037667
5394,544640.nif,37719,389075386
5395,544658.nif,37719,389113105
5396,526271.nif,28749,389150824
5397,544641.nif,28749,389179573
5398,544659.nif,28749,389208322
5399,526273.nif,92446,389237071
5400,544643.nif,92446,389329517
5401,544661.nif,92446,389421963
5402,544588.nif,72394,389514409
5403,544644.nif,72394,389586803
5404,544662.nif,72394,389659197
5405,526272.nif,107647,389731591
5406,544642.nif,107647,389839238
5407,544660.nif,107647,389946885
5408,526262.nif,39891,390054532
5409,544645.nif,39891,390094423
5410,544663.nif,39891,390134314
5411,526264.nif,49955,390174205
5412,544646.nif,49955,390224160
5413,544664.nif,49955,390274115
5414,526269.nif,21367,390324070
5415,544647.nif,21367,390345437
5416,544665.nif,21367,390366804
5417,526261.nif,46811,390388171
5418,544648.nif,46811,390434982
5419,544666.nif,46811,390481793
5420,500448.nif,53019,390528604
5421,500460.nif,53471,390581623
5422,500457.nif,72893,390635094
5423,500461.nif,42655,390707987
5424,500463.nif,33495,390750642
5425,500464.nif,79819,390784137
5426,500467.nif,51235,390863956
5427,500454.nif,22179,390915191
5428,500452.nif,35589,390937370
5429,500458.nif,13523,390972959
5430,500462.nif,41683,390986482
5431,592036.nif,45947,391028165
5432,592035.nif,93967,391074112
5433,592255.nif,52411,391168079
5434,592042.nif,29249,391220490
5435,592040.nif,25765,391249739
5436,592039.nif,41435,391275504
5437,592038.nif,27583,391316939
5438,592037.nif,39459,391344522
5439,592034.nif,20451,391383981
5440,592254.nif,31579,391404432
5441,592045.nif,8323,391436011
5442,592041.nif,30995,391444334
5443,464246.nif,29350,391475329
5444,464247.nif,29350,391504679
5445,464248.nif,30986,391534029
5446,464253.nif,34158,391565015
5447,464254.nif,18850,391599173
5448,464255.nif,18810,391618023
5449,464256.nif,96422,391636833
5450,464257.nif,96422,391733255
5451,464258.nif,19594,391829677
5452,464251.nif,7734,391849271
5453,464250.nif,8146,391857005
5454,464252.nif,29802,391865151
5455,472497.nif,3624,391894953
5456,472498.nif,3176,391898577
5457,472504.nif,3880,391901753
5458,472509.nif,3788,391905633
5459,472499.nif,3698,391909421
5460,472505.nif,2522,391913119
5461,472506.nif,2972,391915641
5462,472507.nif,3370,391918613
5463,472508.nif,3266,391921983
5464,472502.nif,2650,391925249
5465,472503.nif,3328,391927899
5466,472500.nif,3698,391931227
5467,472501.nif,2750,391934925
5468,472510.nif,2728,391937675
5469,417141.nif,16336,391940403
5470,417134.nif,19376,391956739
5471,417138.nif,19933,391976115
5472,34244.nif,10174,391996048
5473,34245.nif,17626,392006222
5474,34246.nif,16914,392023848
5475,34247.nif,26518,392040762
5476,34248.nif,12054,392067280
5477,34249.nif,11238,392079334
5478,34250.nif,12994,392090572
5479,34251.nif,4762,392103566
5480,34252.nif,3414,392108328
5481,34253.nif,3414,392111742
5482,34254.nif,9346,392115156
5483,35439.nif,18266,392124502
5484,29223.nif,13502,392142768
5485,35437.nif,14478,392156270
5486,35438.nif,15942,392170748
5487,47662.nif,17186,392186690
5488,35664.nif,29318,392203876
5489,417142.nif,31250,392233194
5490,32163.nif,43177,392264444
5491,417136.nif,21266,392307621
5492,34221.nif,23778,392328887
5493,417137.nif,19198,392352665
5494,417140.nif,20986,392371863
5495,27189.nif,24613,392392849
5496,417133.nif,54463,392417462
5497,417149.nif,57207,392471925
5498,295502.nif,15113,392529132
5499,417158.nif,19543,392544245
5500,19716.nif,35398,392563788
5501,417131.nif,50323,392599186
5502,35665.nif,6702,392649509
5503,417143.nif,6936,392656211
5504,35322.nif,19585,392663147
5505,328870.nif,3609,392682732
5506,328869.nif,2321,392686341
5507,328871.nif,1803,392688662
5508,546613.nif,51708,392690465
5509,546614.nif,55956,392742173
5510,546617.nif,121156,392798129
5511,546618.nif,74332,392919285
5512,546615.nif,37524,392993617
5513,546616.nif,36044,393031141
5514,546623.nif,151092,393067185
5515,546624.nif,158564,393218277
5516,546622.nif,36245,393376841
5517,546620.nif,157076,393413086
5518,546619.nif,11124,393570162
5519,546621.nif,78413,393581286
5520,472334.nif,7542,393659699
5521,472331.nif,7378,393667241
5522,472332.nif,6638,393674619
5523,472329.nif,6726,393681257
5524,472330.nif,6918,393687983
5525,472325.nif,5984,393694901
5526,472326.nif,6326,393700885
5527,472328.nif,12500,393707211
5528,472324.nif,5728,393719711
5529,472333.nif,5618,393725439
5530,472327.nif,6780,393731057
5531,472375.nif,2914,393737837
5532,472376.nif,2658,393740751
5533,472377.nif,2414,393743409
5534,472378.nif,2526,393745823
5535,472383.nif,2778,393748349
5536,472380.nif,1468,393751127
5537,472379.nif,2362,393752595
5538,472381.nif,2522,393754957
5539,472382.nif,2654,393757479
5540,472384.nif,1428,393760133
5541,472385.nif,1672,393761561
5542,34384.nif,32039,393763233
5543,2401.nif,32023,393795272
5544,34393.nif,23097,393827295
5545,34397.nif,24141,393850392
5546,17068.nif,22941,393874533
5547,17069.nif,24057,393897474
5548,17070.nif,32559,393921531
5549,35148.nif,33997,393954090
5550,35151.nif,26177,393988087
5551,35192.nif,26433,394014264
5552,35443.nif,28349,394040697
5553,35501.nif,41945,394069046
5554,17071.nif,39205,394110991
5555,2225.nif,23700,394150196
5556,6603.nif,11145,394173896
5557,35535.nif,31357,394185041
5558,27954.nif,4902,394216398
5559,19179.nif,5770,394221300
5560,27586.nif,5350,394227070
5561,211.nif,4638,394232420
5562,212.nif,4600,394237058
5563,247.nif,4936,394241658
5564,24869.nif,4242,394246594
5565,24870.nif,4842,394250836
5566,27553.nif,5626,394255678
5567,28285.nif,5174,394261304
5568,27956.nif,3060,394266478
5569,28405.nif,3510,394269538
5570,34726.nif,3886,394273048
5571,334336.nif,40301,394276934
5572,334402.nif,37225,394317235
5573,334403.nif,67521,394354460
5574,334405.nif,45297,394421981
5575,334407.nif,42559,394467278
5576,334408.nif,34793,394509837
5577,334409.nif,43791,394544630
5578,334412.nif,81989,394588421
5579,334415.nif,63157,394670410
5580,334416.nif,68529,394733567
5581,334417.nif,36309,394802096
5582,334420.nif,60785,394838405
5583,334421.nif,12101,394899190
5584,336225.nif,53213,394911291
5585,22170.nif,26806,394964504
5586,22988.nif,25435,394991310
5587,23225.nif,35739,395016745
5588,23263.nif,17487,395052484
5589,23588.nif,22923,395069971
5590,23892.nif,43881,395092894
5591,24419.nif,51006,395136775
5592,24844.nif,21283,395187781
5593,24931.nif,18591,395209064
5594,26141.nif,7101,395227655
5595,16175.nif,27971,395234756
