CAND_ID,KIND,RECV_LOAD_VA,SLOT_LOAD_VA,CALL_VA,RECEIVER_REG,RECEIVER_VERDICT,RECEIVER_EVIDENCE,CLASSIFICATION
0,TWO_STEP,0x00402600,0x00402602,0x00402605,ecx,UNPROVEN,,INSUFFICIENT_PROOF
1,TWO_STEP,0x004056E3,0x004056E5,0x004056EE,esi,UNPROVEN,,INSUFFICIENT_PROOF
2,TWO_STEP,0x00406255,0x00406257,0x0040625E,edi,UNPROVEN,,INSUFFICIENT_PROOF
3,TWO_STEP,0x00406BC8,0x00406BCA,0x00406BDC,ecx,UNPROVEN,,INSUFFICIENT_PROOF
4,TWO_STEP,0x00407515,0x00407517,0x0040751C,esi,UNPROVEN,,INSUFFICIENT_PROOF
5,TWO_STEP,0x00407BAD,0x00407BAF,0x00407BB4,esi,UNPROVEN,,INSUFFICIENT_PROOF
6,TWO_STEP,0x00413656,0x00413658,0x0041365D,esi,UNPROVEN,,INSUFFICIENT_PROOF
7,TWO_STEP,0x00416368,0x0041636A,0x0041636F,esi,UNPROVEN,,INSUFFICIENT_PROOF
8,TWO_STEP,0x00417182,0x00417184,0x00417189,esi,UNPROVEN,,INSUFFICIENT_PROOF
9,TWO_STEP,0x0041A3DB,0x0041A3DD,0x0041A3E2,esi,UNPROVEN,,INSUFFICIENT_PROOF
10,TWO_STEP,0x0041A59F,0x0041A5A1,0x0041A5A6,esi,UNPROVEN,,INSUFFICIENT_PROOF
11,TWO_STEP,0x0041A87E,0x0041A880,0x0041A885,esi,UNPROVEN,,INSUFFICIENT_PROOF
12,TWO_STEP,0x0041AAF9,0x0041AAFB,0x0041AB00,esi,UNPROVEN,,INSUFFICIENT_PROOF
13,TWO_STEP,0x0041AF35,0x0041AF37,0x0041AF3C,esi,UNPROVEN,,INSUFFICIENT_PROOF
14,TWO_STEP,0x0042225C,0x0042225E,0x00422263,edi,UNPROVEN,,INSUFFICIENT_PROOF
15,TWO_STEP,0x00422293,0x00422296,0x0042229B,ebp,UNPROVEN,,INSUFFICIENT_PROOF
16,TWO_STEP,0x004222EC,0x004222EE,0x004222F3,edi,UNPROVEN,,INSUFFICIENT_PROOF
17,TWO_STEP,0x00422329,0x0042232B,0x00422330,edi,UNPROVEN,,INSUFFICIENT_PROOF
18,TWO_STEP,0x00422366,0x00422368,0x0042236D,edi,UNPROVEN,,INSUFFICIENT_PROOF
19,TWO_STEP,0x004223D0,0x004223D2,0x004223D7,edi,UNPROVEN,,INSUFFICIENT_PROOF
20,TWO_STEP,0x00422429,0x0042242B,0x00422430,esi,UNPROVEN,,INSUFFICIENT_PROOF
21,TWO_STEP,0x00422466,0x00422468,0x0042246D,esi,UNPROVEN,,INSUFFICIENT_PROOF
22,TWO_STEP,0x004224A3,0x004224A5,0x004224AA,esi,UNPROVEN,,INSUFFICIENT_PROOF
23,TWO_STEP,0x004224E0,0x004224E2,0x004224E7,esi,UNPROVEN,,INSUFFICIENT_PROOF
24,TWO_STEP,0x0042251D,0x0042251F,0x00422524,esi,UNPROVEN,,INSUFFICIENT_PROOF
25,TWO_STEP,0x0042255A,0x0042255C,0x00422561,esi,UNPROVEN,,INSUFFICIENT_PROOF
26,TWO_STEP,0x00422597,0x00422599,0x0042259E,esi,UNPROVEN,,INSUFFICIENT_PROOF
27,TWO_STEP,0x004225D4,0x004225D6,0x004225DB,esi,UNPROVEN,,INSUFFICIENT_PROOF
28,TWO_STEP,0x00422611,0x00422613,0x00422618,esi,UNPROVEN,,INSUFFICIENT_PROOF
29,TWO_STEP,0x0042264E,0x00422650,0x00422655,esi,UNPROVEN,,INSUFFICIENT_PROOF
30,TWO_STEP,0x0042268B,0x0042268D,0x00422692,esi,UNPROVEN,,INSUFFICIENT_PROOF
31,TWO_STEP,0x004226C5,0x004226C7,0x004226CC,esi,UNPROVEN,,INSUFFICIENT_PROOF
32,TWO_STEP,0x00422702,0x00422704,0x00422709,esi,UNPROVEN,,INSUFFICIENT_PROOF
33,TWO_STEP,0x0042273F,0x00422741,0x00422746,esi,UNPROVEN,,INSUFFICIENT_PROOF
34,TWO_STEP,0x0042277C,0x0042277E,0x00422783,esi,UNPROVEN,,INSUFFICIENT_PROOF
35,TWO_STEP,0x004227B9,0x004227BB,0x004227C0,esi,UNPROVEN,,INSUFFICIENT_PROOF
36,TWO_STEP,0x004227F6,0x004227F8,0x004227FD,esi,UNPROVEN,,INSUFFICIENT_PROOF
37,TWO_STEP,0x00422833,0x00422835,0x0042283A,esi,UNPROVEN,,INSUFFICIENT_PROOF
38,TWO_STEP,0x00422870,0x00422872,0x00422877,esi,UNPROVEN,,INSUFFICIENT_PROOF
39,TWO_STEP,0x004228AD,0x004228AF,0x004228B4,esi,UNPROVEN,,INSUFFICIENT_PROOF
40,TWO_STEP,0x004228EA,0x004228EC,0x004228F1,esi,UNPROVEN,,INSUFFICIENT_PROOF
41,TWO_STEP,0x00422927,0x00422929,0x0042292E,esi,UNPROVEN,,INSUFFICIENT_PROOF
42,TWO_STEP,0x00422964,0x00422966,0x0042296B,esi,UNPROVEN,,INSUFFICIENT_PROOF
43,TWO_STEP,0x0042299E,0x004229A0,0x004229A5,esi,UNPROVEN,,INSUFFICIENT_PROOF
44,TWO_STEP,0x004229DB,0x004229DD,0x004229E2,esi,UNPROVEN,,INSUFFICIENT_PROOF
45,TWO_STEP,0x00422A18,0x00422A1A,0x00422A1F,esi,UNPROVEN,,INSUFFICIENT_PROOF
46,TWO_STEP,0x00422A6A,0x00422A6C,0x00422A71,esi,UNPROVEN,,INSUFFICIENT_PROOF
47,TWO_STEP,0x00422AA4,0x00422AA6,0x00422AAB,esi,UNPROVEN,,INSUFFICIENT_PROOF
48,TWO_STEP,0x00422AE1,0x00422AE3,0x00422AE8,esi,UNPROVEN,,INSUFFICIENT_PROOF
49,TWO_STEP,0x00422B1E,0x00422B20,0x00422B25,esi,UNPROVEN,,INSUFFICIENT_PROOF
50,TWO_STEP,0x00422B5B,0x00422B5D,0x00422B62,esi,UNPROVEN,,INSUFFICIENT_PROOF
51,TWO_STEP,0x00422B98,0x00422B9A,0x00422B9F,esi,UNPROVEN,,INSUFFICIENT_PROOF
52,TWO_STEP,0x00422BD5,0x00422BD7,0x00422BDC,esi,UNPROVEN,,INSUFFICIENT_PROOF
53,TWO_STEP,0x00422C12,0x00422C14,0x00422C19,esi,UNPROVEN,,INSUFFICIENT_PROOF
54,TWO_STEP,0x00422C4F,0x00422C51,0x00422C56,esi,UNPROVEN,,INSUFFICIENT_PROOF
55,TWO_STEP,0x00422C8C,0x00422C8E,0x00422C93,esi,UNPROVEN,,INSUFFICIENT_PROOF
56,TWO_STEP,0x00422CC9,0x00422CCB,0x00422CD0,esi,UNPROVEN,,INSUFFICIENT_PROOF
57,TWO_STEP,0x00422D06,0x00422D08,0x00422D0D,esi,UNPROVEN,,INSUFFICIENT_PROOF
58,TWO_STEP,0x00422D43,0x00422D45,0x00422D4A,esi,UNPROVEN,,INSUFFICIENT_PROOF
59,TWO_STEP,0x00422D80,0x00422D82,0x00422D87,esi,UNPROVEN,,INSUFFICIENT_PROOF
60,TWO_STEP,0x00422DBD,0x00422DBF,0x00422DC4,esi,UNPROVEN,,INSUFFICIENT_PROOF
61,TWO_STEP,0x00422DFA,0x00422DFC,0x00422E01,esi,UNPROVEN,,INSUFFICIENT_PROOF
62,TWO_STEP,0x00422E37,0x00422E39,0x00422E3E,esi,UNPROVEN,,INSUFFICIENT_PROOF
63,TWO_STEP,0x00422E74,0x00422E76,0x00422E7B,esi,UNPROVEN,,INSUFFICIENT_PROOF
64,TWO_STEP,0x00422EB1,0x00422EB3,0x00422EB8,esi,UNPROVEN,,INSUFFICIENT_PROOF
65,TWO_STEP,0x00422EEE,0x00422EF0,0x00422EF5,esi,UNPROVEN,,INSUFFICIENT_PROOF
66,TWO_STEP,0x00422F2B,0x00422F2D,0x00422F32,esi,UNPROVEN,,INSUFFICIENT_PROOF
67,TWO_STEP,0x00422F68,0x00422F6A,0x00422F6F,esi,UNPROVEN,,INSUFFICIENT_PROOF
68,TWO_STEP,0x00422FA5,0x00422FA7,0x00422FAC,esi,UNPROVEN,,INSUFFICIENT_PROOF
69,TWO_STEP,0x00422FE2,0x00422FE4,0x00422FE9,esi,UNPROVEN,,INSUFFICIENT_PROOF
70,TWO_STEP,0x0042306B,0x0042306D,0x00423072,esi,UNPROVEN,,INSUFFICIENT_PROOF
71,TWO_STEP,0x004230A8,0x004230AA,0x004230AF,esi,UNPROVEN,,INSUFFICIENT_PROOF
72,TWO_STEP,0x004230E5,0x004230E7,0x004230EC,esi,UNPROVEN,,INSUFFICIENT_PROOF
73,TWO_STEP,0x00423122,0x00423124,0x00423129,esi,UNPROVEN,,INSUFFICIENT_PROOF
74,TWO_STEP,0x0042315F,0x00423161,0x00423166,esi,UNPROVEN,,INSUFFICIENT_PROOF
75,TWO_STEP,0x0042319C,0x0042319E,0x004231A3,esi,UNPROVEN,,INSUFFICIENT_PROOF
76,TWO_STEP,0x0043A6D8,0x0043A6DA,0x0043A6DD,ecx,UNPROVEN,,INSUFFICIENT_PROOF
77,TWO_STEP,0x0043DEE0,0x0043DEE2,0x0043DEE7,edi,UNPROVEN,,INSUFFICIENT_PROOF
78,TWO_STEP,0x0043DF69,0x0043DF6B,0x0043DF70,edi,UNPROVEN,,INSUFFICIENT_PROOF
79,TWO_STEP,0x0043EE3F,0x0043EE41,0x0043EE44,ecx,UNPROVEN,,INSUFFICIENT_PROOF
80,TWO_STEP,0x004426A2,0x004426A6,0x004426A9,eax,UNPROVEN,,INSUFFICIENT_PROOF
81,TWO_STEP,0x004524E3,0x004524E5,0x004524E8,ecx,UNPROVEN,,INSUFFICIENT_PROOF
82,TWO_STEP,0x00453D78,0x00453D7A,0x00453D7F,esi,UNPROVEN,,INSUFFICIENT_PROOF
83,TWO_STEP,0x00458729,0x0045872B,0x0045872E,ecx,UNPROVEN,,INSUFFICIENT_PROOF
84,TWO_STEP,0x00458B74,0x00458B78,0x00458B7B,eax,UNPROVEN,,INSUFFICIENT_PROOF
85,TWO_STEP,0x00465D9D,0x00465D9F,0x00465DA4,esi,UNPROVEN,,INSUFFICIENT_PROOF
86,TWO_STEP,0x0046648D,0x0046648F,0x00466494,esi,UNPROVEN,,INSUFFICIENT_PROOF
87,TWO_STEP,0x0047648B,0x0047648D,0x00476490,ecx,UNPROVEN,,INSUFFICIENT_PROOF
88,TWO_STEP,0x004782E3,0x004782E5,0x004782E8,ecx,UNPROVEN,,INSUFFICIENT_PROOF
89,TWO_STEP,0x00478333,0x00478335,0x00478338,ecx,UNPROVEN,,INSUFFICIENT_PROOF
90,TWO_STEP,0x00478363,0x00478365,0x00478368,ecx,UNPROVEN,,INSUFFICIENT_PROOF
91,TWO_STEP,0x004783A3,0x004783A5,0x004783A8,ecx,UNPROVEN,,INSUFFICIENT_PROOF
92,TWO_STEP,0x0047D745,0x0047D74B,0x0047D752,ecx,UNPROVEN,,INSUFFICIENT_PROOF
93,TWO_STEP,0x0047D790,0x0047D792,0x0047D799,ecx,UNPROVEN,,INSUFFICIENT_PROOF
94,TWO_STEP,0x0047E7FB,0x0047E7FF,0x0047E802,eax,UNPROVEN,,INSUFFICIENT_PROOF
95,TWO_STEP,0x00485A42,0x00485A44,0x00485A47,ecx,UNPROVEN,,INSUFFICIENT_PROOF
96,TWO_STEP,0x004ADB16,0x004ADB18,0x004ADB21,ecx,UNPROVEN,,INSUFFICIENT_PROOF
97,TWO_STEP,0x004ADB26,0x004ADB28,0x004ADB2C,ecx,UNPROVEN,,INSUFFICIENT_PROOF
98,TWO_STEP,0x004ADB31,0x004ADB33,0x004ADB37,ecx,UNPROVEN,,INSUFFICIENT_PROOF
99,TWO_STEP,0x004ADB3C,0x004ADB3E,0x004ADB42,ecx,UNPROVEN,,INSUFFICIENT_PROOF
100,TWO_STEP,0x004ADB47,0x004ADB49,0x004ADB4D,ecx,UNPROVEN,,INSUFFICIENT_PROOF
101,TWO_STEP,0x004ADB52,0x004ADB54,0x004ADB58,ecx,UNPROVEN,,INSUFFICIENT_PROOF
102,TWO_STEP,0x004ADECC,0x004ADECE,0x004ADED2,ecx,UNPROVEN,,INSUFFICIENT_PROOF
103,TWO_STEP,0x004ADED7,0x004ADED9,0x004ADEDD,ecx,UNPROVEN,,INSUFFICIENT_PROOF
104,TWO_STEP,0x004ADEE2,0x004ADEE4,0x004ADEE8,ecx,UNPROVEN,,INSUFFICIENT_PROOF
105,TWO_STEP,0x004ADEED,0x004ADEEF,0x004ADEF3,ecx,UNPROVEN,,INSUFFICIENT_PROOF
106,TWO_STEP,0x004ADEF8,0x004ADEFA,0x004ADEFE,ecx,UNPROVEN,,INSUFFICIENT_PROOF
107,TWO_STEP,0x004ADF03,0x004ADF05,0x004ADF09,ecx,UNPROVEN,,INSUFFICIENT_PROOF
108,TWO_STEP,0x004C6600,0x004C6602,0x004C6607,edi,UNPROVEN,,INSUFFICIENT_PROOF
109,TWO_STEP,0x004C6689,0x004C668B,0x004C6690,edi,UNPROVEN,,INSUFFICIENT_PROOF
110,TWO_STEP,0x0050931B,0x0050931D,0x00509320,ecx,UNPROVEN,this-entry,INSUFFICIENT_PROOF
111,TWO_STEP,0x00509D36,0x00509D38,0x00509D3B,ecx,UNPROVEN,,INSUFFICIENT_PROOF
112,TWO_STEP,0x00509D84,0x00509D86,0x00509D89,ecx,UNPROVEN,,INSUFFICIENT_PROOF
113,TWO_STEP,0x0050FE8F,0x0050FE91,0x0050FE94,ecx,UNPROVEN,,INSUFFICIENT_PROOF
114,TWO_STEP,0x00510819,0x0051081B,0x0051081E,ecx,UNPROVEN,,INSUFFICIENT_PROOF
115,TWO_STEP,0x0051093E,0x00510940,0x00510943,ecx,UNPROVEN,,INSUFFICIENT_PROOF
116,TWO_STEP,0x0051102C,0x0051102E,0x00511031,ecx,UNPROVEN,,INSUFFICIENT_PROOF
117,TWO_STEP,0x00523869,0x0052386B,0x00523870,esi,UNPROVEN,,INSUFFICIENT_PROOF
118,TWO_STEP,0x00523929,0x0052392B,0x00523930,esi,UNPROVEN,,INSUFFICIENT_PROOF
119,TWO_STEP,0x005239B9,0x005239BB,0x005239C0,esi,UNPROVEN,,INSUFFICIENT_PROOF
120,TWO_STEP,0x00523A79,0x00523A7B,0x00523A80,esi,UNPROVEN,,INSUFFICIENT_PROOF
121,TWO_STEP,0x0053C492,0x0053C496,0x0053C49B,esi,UNPROVEN,callee->UNKNOWN,INSUFFICIENT_PROOF
122,TWO_STEP,0x00540928,0x0054092C,0x0054092F,eax,UNPROVEN,callee->UNKNOWN,INSUFFICIENT_PROOF
123,TWO_STEP,0x0054533A,0x0054533E,0x00545341,eax,UNPROVEN,callee->UNKNOWN,INSUFFICIENT_PROOF
124,TWO_STEP,0x005713F1,0x005713F7,0x005713FB,ecx,UNPROVEN,,INSUFFICIENT_PROOF
125,TWO_STEP,0x00572D11,0x00572D13,0x00572D18,edi,UNPROVEN,,INSUFFICIENT_PROOF
126,TWO_STEP,0x00573429,0x0057342B,0x0057343D,ecx,UNPROVEN,,INSUFFICIENT_PROOF
127,TWO_STEP,0x00573507,0x00573509,0x0057350E,esi,UNPROVEN,,INSUFFICIENT_PROOF
128,TWO_STEP,0x0057386A,0x0057386D,0x00573872,ebp,UNPROVEN,,INSUFFICIENT_PROOF
129,TWO_STEP,0x005739A1,0x005739A3,0x005739A8,esi,UNPROVEN,,INSUFFICIENT_PROOF
130,TWO_STEP,0x00575BD1,0x00575BD3,0x00575BD8,edi,UNPROVEN,,INSUFFICIENT_PROOF
131,TWO_STEP,0x005777B1,0x005777B3,0x005777B8,esi,UNPROVEN,,INSUFFICIENT_PROOF
132,TWO_STEP,0x0057A22B,0x0057A22D,0x0057A23F,ecx,UNPROVEN,,INSUFFICIENT_PROOF
133,TWO_STEP,0x0057A549,0x0057A54B,0x0057A550,esi,UNPROVEN,,INSUFFICIENT_PROOF
134,TWO_STEP,0x0057A55B,0x0057A55D,0x0057A560,ecx,UNPROVEN,,INSUFFICIENT_PROOF
135,TWO_STEP,0x005859AC,0x005859AE,0x005859B1,ecx,UNPROVEN,,INSUFFICIENT_PROOF
136,TWO_STEP,0x0058BE85,0x0058BE87,0x0058BE8A,ecx,UNPROVEN,,INSUFFICIENT_PROOF
137,TWO_STEP,0x0058C083,0x0058C085,0x0058C088,ecx,UNPROVEN,,INSUFFICIENT_PROOF
138,TWO_STEP,0x0058C1E8,0x0058C1EA,0x0058C1ED,ecx,UNPROVEN,,INSUFFICIENT_PROOF
139,TWO_STEP,0x00597948,0x0059794C,0x0059794F,eax,UNPROVEN,callee->UNKNOWN,INSUFFICIENT_PROOF
140,TWO_STEP,0x0059FDC2,0x0059FDC4,0x0059FDC7,ecx,UNPROVEN,,INSUFFICIENT_PROOF
141,TWO_STEP,0x0059FF29,0x0059FF2B,0x0059FF30,esi,UNPROVEN,,INSUFFICIENT_PROOF
142,TWO_STEP,0x005A0631,0x005A0633,0x005A0638,esi,UNPROVEN,,INSUFFICIENT_PROOF
143,TWO_STEP,0x005A3B78,0x005A3B7A,0x005A3B7D,ecx,UNPROVEN,,INSUFFICIENT_PROOF
144,TWO_STEP,0x005A3BA5,0x005A3BA7,0x005A3BAA,ecx,UNPROVEN,,INSUFFICIENT_PROOF
145,TWO_STEP,0x005A3CE8,0x005A3CEA,0x005A3CED,ecx,UNPROVEN,,INSUFFICIENT_PROOF
146,TWO_STEP,0x005A3D15,0x005A3D17,0x005A3D1A,ecx,UNPROVEN,,INSUFFICIENT_PROOF
147,TWO_STEP,0x005A400E,0x005A4010,0x005A4013,ecx,UNPROVEN,,INSUFFICIENT_PROOF
148,TWO_STEP,0x005A409E,0x005A40A0,0x005A40A3,ecx,UNPROVEN,,INSUFFICIENT_PROOF
149,TWO_STEP,0x005A412E,0x005A4130,0x005A4133,ecx,UNPROVEN,,INSUFFICIENT_PROOF
150,TWO_STEP,0x005A420E,0x005A4210,0x005A4215,esi,UNPROVEN,,INSUFFICIENT_PROOF
151,TWO_STEP,0x005A42EE,0x005A42F0,0x005A42F5,esi,UNPROVEN,,INSUFFICIENT_PROOF
152,TWO_STEP,0x005A4361,0x005A4363,0x005A4368,esi,UNPROVEN,,INSUFFICIENT_PROOF
153,TWO_STEP,0x005B029A,0x005B029C,0x005B02A1,esi,UNPROVEN,,INSUFFICIENT_PROOF
154,TWO_STEP,0x005B02D2,0x005B02D4,0x005B02D9,ebx,UNPROVEN,,INSUFFICIENT_PROOF
155,TWO_STEP,0x005B03BA,0x005B03BC,0x005B03C1,esi,UNPROVEN,,INSUFFICIENT_PROOF
156,TWO_STEP,0x005B03F2,0x005B03F4,0x005B03F9,ebx,UNPROVEN,,INSUFFICIENT_PROOF
157,TWO_STEP,0x005B0503,0x005B0505,0x005B050A,esi,UNPROVEN,,INSUFFICIENT_PROOF
158,TWO_STEP,0x005B06A8,0x005B06AA,0x005B06AF,esi,UNPROVEN,,INSUFFICIENT_PROOF
159,TWO_STEP,0x005B06FA,0x005B06FC,0x005B0703,esi,UNPROVEN,this-entry,INSUFFICIENT_PROOF
160,TWO_STEP,0x005B0760,0x005B0762,0x005B0767,esi,UNPROVEN,,INSUFFICIENT_PROOF
161,TWO_STEP,0x005B1098,0x005B109A,0x005B109F,esi,UNPROVEN,,INSUFFICIENT_PROOF
162,TWO_STEP,0x005B3DFD,0x005B3DFF,0x005B3E04,esi,UNPROVEN,,INSUFFICIENT_PROOF
163,TWO_STEP,0x005B3F0E,0x005B3F11,0x005B3F16,ebp,UNPROVEN,,INSUFFICIENT_PROOF
164,TWO_STEP,0x005B3F5A,0x005B3F5C,0x005B3F61,esi,UNPROVEN,,INSUFFICIENT_PROOF
165,TWO_STEP,0x005B3F90,0x005B3F92,0x005B3F97,edi,UNPROVEN,,INSUFFICIENT_PROOF
166,TWO_STEP,0x005B44FB,0x005B44FD,0x005B4502,esi,UNPROVEN,,INSUFFICIENT_PROOF
167,TWO_STEP,0x005B453B,0x005B453D,0x005B4542,esi,UNPROVEN,,INSUFFICIENT_PROOF
168,TWO_STEP,0x005B47D4,0x005B47D6,0x005B47DC,eax,UNPROVEN,,INSUFFICIENT_PROOF
169,TWO_STEP,0x005B502D,0x005B502F,0x005B5034,esi,UNPROVEN,,INSUFFICIENT_PROOF
170,TWO_STEP,0x005B517A,0x005B517C,0x005B5181,esi,UNPROVEN,,INSUFFICIENT_PROOF
171,TWO_STEP,0x005EF668,0x005EF66C,0x005EF66F,eax,UNPROVEN,callee->UNKNOWN,INSUFFICIENT_PROOF
172,TWO_STEP,0x0064FFDC,0x0064FFDE,0x0064FFE1,ecx,UNPROVEN,,INSUFFICIENT_PROOF
173,TWO_STEP,0x00655107,0x00655109,0x0065510C,ecx,UNPROVEN,,INSUFFICIENT_PROOF
174,TWO_STEP,0x0065AD72,0x0065AD76,0x0065AD79,eax,UNPROVEN,,INSUFFICIENT_PROOF
175,TWO_STEP,0x0065E72B,0x0065E72D,0x0065E732,esi,UNPROVEN,,INSUFFICIENT_PROOF
176,TWO_STEP,0x0066391C,0x0066391E,0x00663921,ecx,UNPROVEN,,INSUFFICIENT_PROOF
177,TWO_STEP,0x00666ABB,0x00666ABD,0x00666AC0,ecx,UNPROVEN,,INSUFFICIENT_PROOF
178,TWO_STEP,0x00668086,0x00668088,0x0066808B,ecx,UNPROVEN,,INSUFFICIENT_PROOF
179,TWO_STEP,0x0066852F,0x00668531,0x00668534,ecx,UNPROVEN,,INSUFFICIENT_PROOF
180,TWO_STEP,0x0066D911,0x0066D913,0x0066D918,esi,UNPROVEN,,INSUFFICIENT_PROOF
181,TWO_STEP,0x0066DD08,0x0066DD0A,0x0066DD0F,esi,UNPROVEN,,INSUFFICIENT_PROOF
182,TWO_STEP,0x0066DE12,0x0066DE14,0x0066DE19,esi,UNPROVEN,,INSUFFICIENT_PROOF
183,TWO_STEP,0x0066F27F,0x0066F281,0x0066F286,edi,UNPROVEN,,INSUFFICIENT_PROOF
184,TWO_STEP,0x0066FCF9,0x0066FCFB,0x0066FD00,esi,UNPROVEN,,INSUFFICIENT_PROOF
185,TWO_STEP,0x0066FD91,0x0066FD93,0x0066FD98,esi,UNPROVEN,,INSUFFICIENT_PROOF
186,TWO_STEP,0x0067031C,0x0067031E,0x00670321,ecx,UNPROVEN,,INSUFFICIENT_PROOF
187,TWO_STEP,0x0067067B,0x0067067D,0x00670680,ecx,UNPROVEN,,INSUFFICIENT_PROOF
188,TWO_STEP,0x0067069A,0x0067069C,0x0067069F,ecx,UNPROVEN,,INSUFFICIENT_PROOF
189,TWO_STEP,0x00670951,0x00670953,0x00670958,esi,UNPROVEN,,INSUFFICIENT_PROOF
190,TWO_STEP,0x00671858,0x0067185A,0x0067185D,ecx,UNPROVEN,,INSUFFICIENT_PROOF
191,TWO_STEP,0x00671F37,0x00671F39,0x00671F3E,esi,UNPROVEN,,INSUFFICIENT_PROOF
192,TWO_STEP,0x00672133,0x00672135,0x0067213A,edi,UNPROVEN,,INSUFFICIENT_PROOF
193,TWO_STEP,0x00672166,0x00672168,0x0067216D,esi,UNPROVEN,,INSUFFICIENT_PROOF
194,TWO_STEP,0x00672A19,0x00672A1B,0x00672A20,esi,UNPROVEN,,INSUFFICIENT_PROOF
195,TWO_STEP,0x00672D83,0x00672D85,0x00672D8A,edi,UNPROVEN,,INSUFFICIENT_PROOF
196,TWO_STEP,0x00672DB9,0x00672DBB,0x00672DC0,esi,UNPROVEN,,INSUFFICIENT_PROOF
197,TWO_STEP,0x0067306C,0x0067306E,0x00673071,ecx,UNPROVEN,,INSUFFICIENT_PROOF
198,TWO_STEP,0x00673177,0x00673179,0x0067317E,esi,UNPROVEN,,INSUFFICIENT_PROOF
199,TWO_STEP,0x00673411,0x00673413,0x00673418,esi,UNPROVEN,,INSUFFICIENT_PROOF
200,TWO_STEP,0x00673537,0x00673539,0x0067353E,esi,UNPROVEN,,INSUFFICIENT_PROOF
201,TWO_STEP,0x00673653,0x00673655,0x0067365A,edi,UNPROVEN,,INSUFFICIENT_PROOF
202,TWO_STEP,0x00673686,0x00673688,0x0067368D,esi,UNPROVEN,,INSUFFICIENT_PROOF
203,TWO_STEP,0x00673873,0x00673875,0x0067387A,edi,UNPROVEN,,INSUFFICIENT_PROOF
204,TWO_STEP,0x006738A9,0x006738AB,0x006738B0,esi,UNPROVEN,,INSUFFICIENT_PROOF
205,TWO_STEP,0x006739B7,0x006739B9,0x006739BE,esi,UNPROVEN,,INSUFFICIENT_PROOF
206,TWO_STEP,0x00673C8C,0x00673C8E,0x00673C91,ecx,UNPROVEN,,INSUFFICIENT_PROOF
207,TWO_STEP,0x006748C7,0x006748C9,0x006748CE,esi,UNPROVEN,,INSUFFICIENT_PROOF
208,TWO_STEP,0x00674977,0x00674979,0x0067497E,esi,UNPROVEN,,INSUFFICIENT_PROOF
209,TWO_STEP,0x00674A08,0x00674A0A,0x00674A0F,esi,UNPROVEN,,INSUFFICIENT_PROOF
210,TWO_STEP,0x00674B4A,0x00674B4D,0x00674B52,ebp,UNPROVEN,,INSUFFICIENT_PROOF
211,TWO_STEP,0x00674B7E,0x00674B80,0x00674B85,esi,UNPROVEN,,INSUFFICIENT_PROOF
212,TWO_STEP,0x00674C2B,0x00674C2D,0x00674C32,esi,UNPROVEN,,INSUFFICIENT_PROOF
213,TWO_STEP,0x00674CF1,0x00674CF3,0x00674CF8,esi,UNPROVEN,,INSUFFICIENT_PROOF
214,TWO_STEP,0x00674DE5,0x00674DE7,0x00674DEC,esi,UNPROVEN,,INSUFFICIENT_PROOF
215,TWO_STEP,0x00675310,0x00675312,0x00675317,esi,UNPROVEN,,INSUFFICIENT_PROOF
216,TWO_STEP,0x006753CC,0x006753CE,0x006753D3,esi,UNPROVEN,,INSUFFICIENT_PROOF
217,TWO_STEP,0x006754CB,0x006754CD,0x006754D2,esi,UNPROVEN,,INSUFFICIENT_PROOF
218,TWO_STEP,0x00675B0F,0x00675B11,0x00675B16,esi,UNPROVEN,,INSUFFICIENT_PROOF
219,TWO_STEP,0x00675E04,0x00675E07,0x00675E0C,ebp,UNPROVEN,,INSUFFICIENT_PROOF
220,TWO_STEP,0x00675E38,0x00675E3A,0x00675E3F,esi,UNPROVEN,,INSUFFICIENT_PROOF
221,TWO_STEP,0x00675F4E,0x00675F50,0x00675F55,esi,UNPROVEN,,INSUFFICIENT_PROOF
222,TWO_STEP,0x006760AA,0x006760AC,0x006760B1,esi,UNPROVEN,,INSUFFICIENT_PROOF
223,TWO_STEP,0x00676196,0x00676198,0x0067619D,esi,UNPROVEN,,INSUFFICIENT_PROOF
224,TWO_STEP,0x006767FC,0x006767FE,0x00676803,esi,UNPROVEN,,INSUFFICIENT_PROOF
225,TWO_STEP,0x00676CB9,0x00676CBB,0x00676CC0,esi,UNPROVEN,,INSUFFICIENT_PROOF
226,TWO_STEP,0x00676DAD,0x00676DB0,0x00676DB5,ebp,UNPROVEN,,INSUFFICIENT_PROOF
227,TWO_STEP,0x00676DE1,0x00676DE3,0x00676DE8,edi,UNPROVEN,,INSUFFICIENT_PROOF
228,TWO_STEP,0x006772FB,0x006772FD,0x00677302,edi,UNPROVEN,,INSUFFICIENT_PROOF
229,TWO_STEP,0x00677331,0x00677333,0x00677338,esi,UNPROVEN,,INSUFFICIENT_PROOF
230,TWO_STEP,0x006777AB,0x006777AD,0x006777B0,ecx,UNPROVEN,,INSUFFICIENT_PROOF
231,TWO_STEP,0x006778C2,0x006778C4,0x006778C9,esi,UNPROVEN,,INSUFFICIENT_PROOF
232,TWO_STEP,0x00677C11,0x00677C13,0x00677C18,esi,UNPROVEN,,INSUFFICIENT_PROOF
233,TWO_STEP,0x0067887B,0x0067887D,0x00678882,edi,UNPROVEN,,INSUFFICIENT_PROOF
234,TWO_STEP,0x006788B1,0x006788B3,0x006788B8,esi,UNPROVEN,,INSUFFICIENT_PROOF
235,TWO_STEP,0x00678A54,0x00678A56,0x00678A5B,esi,UNPROVEN,,INSUFFICIENT_PROOF
236,TWO_STEP,0x00678B44,0x00678B46,0x00678B4B,esi,UNPROVEN,,INSUFFICIENT_PROOF
237,TWO_STEP,0x00679DF9,0x00679DFB,0x00679E00,esi,UNPROVEN,,INSUFFICIENT_PROOF
238,TWO_STEP,0x0067A40D,0x0067A40F,0x0067A412,ecx,UNPROVEN,,INSUFFICIENT_PROOF
239,TWO_STEP,0x0067A731,0x0067A733,0x0067A738,esi,UNPROVEN,,INSUFFICIENT_PROOF
240,TWO_STEP,0x0067AA4E,0x0067AA50,0x0067AA55,esi,UNPROVEN,,INSUFFICIENT_PROOF
241,TWO_STEP,0x0067AAB5,0x0067AAB7,0x0067AABC,esi,UNPROVEN,,INSUFFICIENT_PROOF
242,TWO_STEP,0x0067ACFA,0x0067ACFC,0x0067AD01,esi,UNPROVEN,,INSUFFICIENT_PROOF
243,TWO_STEP,0x0067B2AD,0x0067B2AF,0x0067B2B4,esi,UNPROVEN,,INSUFFICIENT_PROOF
244,TWO_STEP,0x0067DB77,0x0067DB79,0x0067DB87,esi,UNPROVEN,this-entry,INSUFFICIENT_PROOF
245,TWO_STEP,0x0069924C,0x0069924E,0x00699251,ecx,UNPROVEN,,INSUFFICIENT_PROOF
246,TWO_STEP,0x006A0946,0x006A094A,0x006A094D,eax,UNPROVEN,,INSUFFICIENT_PROOF
247,TWO_STEP,0x006A0D7A,0x006A0D7C,0x006A0D7F,ecx,UNPROVEN,,INSUFFICIENT_PROOF
248,TWO_STEP,0x006A1E24,0x006A1E28,0x006A1E2B,eax,UNPROVEN,,INSUFFICIENT_PROOF
249,TWO_STEP,0x006A2617,0x006A2619,0x006A261E,esi,UNPROVEN,,INSUFFICIENT_PROOF
250,TWO_STEP,0x006A2CE3,0x006A2CE5,0x006A2CEA,edi,UNPROVEN,,INSUFFICIENT_PROOF
251,TWO_STEP,0x006A2D16,0x006A2D18,0x006A2D1D,esi,UNPROVEN,,INSUFFICIENT_PROOF
252,TWO_STEP,0x006A2F03,0x006A2F05,0x006A2F0A,edi,UNPROVEN,,INSUFFICIENT_PROOF
253,TWO_STEP,0x006A2F39,0x006A2F3B,0x006A2F40,esi,UNPROVEN,,INSUFFICIENT_PROOF
254,TWO_STEP,0x006A3425,0x006A3427,0x006A342C,esi,UNPROVEN,,INSUFFICIENT_PROOF
255,TWO_STEP,0x006A345F,0x006A3461,0x006A3466,esi,UNPROVEN,,INSUFFICIENT_PROOF
256,TWO_STEP,0x006A35F4,0x006A35F6,0x006A35FB,ebx,UNPROVEN,,INSUFFICIENT_PROOF
257,TWO_STEP,0x006A7D2C,0x006A7D2E,0x006A7D33,esi,UNPROVEN,,INSUFFICIENT_PROOF
258,TWO_STEP,0x006A7D64,0x006A7D66,0x006A7D6B,esi,UNPROVEN,,INSUFFICIENT_PROOF
259,TWO_STEP,0x006A97AE,0x006A97B0,0x006A97B3,ecx,UNPROVEN,,INSUFFICIENT_PROOF
260,TWO_STEP,0x006A97D8,0x006A97DA,0x006A97DD,ecx,UNPROVEN,,INSUFFICIENT_PROOF
261,TWO_STEP,0x006A982A,0x006A982C,0x006A9831,edi,UNPROVEN,,INSUFFICIENT_PROOF
262,TWO_STEP,0x006A984E,0x006A9850,0x006A9853,ecx,UNPROVEN,,INSUFFICIENT_PROOF
263,TWO_STEP,0x006A9870,0x006A9872,0x006A9875,ecx,UNPROVEN,,INSUFFICIENT_PROOF
264,TWO_STEP,0x006A9889,0x006A988B,0x006A988E,ecx,UNPROVEN,,INSUFFICIENT_PROOF
265,TWO_STEP,0x006A9F33,0x006A9F35,0x006A9F3A,esi,UNPROVEN,,INSUFFICIENT_PROOF
266,TWO_STEP,0x006A9F4E,0x006A9F50,0x006A9F55,esi,UNPROVEN,,INSUFFICIENT_PROOF
267,TWO_STEP,0x006A9F8A,0x006A9F8C,0x006A9F91,esi,UNPROVEN,,INSUFFICIENT_PROOF
268,TWO_STEP,0x006A9FAF,0x006A9FB1,0x006A9FB6,esi,UNPROVEN,,INSUFFICIENT_PROOF
269,TWO_STEP,0x006AA138,0x006AA140,0x006AA145,esi,UNPROVEN,,INSUFFICIENT_PROOF
270,TWO_STEP,0x006AA1A8,0x006AA1AA,0x006AA1AF,esi,UNPROVEN,,INSUFFICIENT_PROOF
271,TWO_STEP,0x006AA530,0x006AA532,0x006AA537,edi,UNPROVEN,,INSUFFICIENT_PROOF
272,TWO_STEP,0x006AA5B9,0x006AA5BB,0x006AA5C0,edi,UNPROVEN,,INSUFFICIENT_PROOF
273,TWO_STEP,0x006AA720,0x006AA722,0x006AA727,edi,UNPROVEN,,INSUFFICIENT_PROOF
274,TWO_STEP,0x006AA7A9,0x006AA7AB,0x006AA7B0,edi,UNPROVEN,,INSUFFICIENT_PROOF
275,TWO_STEP,0x006AABE4,0x006AABE6,0x006AABEB,edi,UNPROVEN,,INSUFFICIENT_PROOF
276,TWO_STEP,0x006AABFF,0x006AAC01,0x006AAC06,edi,UNPROVEN,,INSUFFICIENT_PROOF
277,TWO_STEP,0x006AAEC1,0x006AAEC3,0x006AAEC8,esi,UNPROVEN,,INSUFFICIENT_PROOF
278,TWO_STEP,0x006AAEF8,0x006AAEFA,0x006AAEFF,esi,UNPROVEN,,INSUFFICIENT_PROOF
279,TWO_STEP,0x006B07A6,0x006B07A9,0x006B07B7,ebp,UNPROVEN,,INSUFFICIENT_PROOF
280,TWO_STEP,0x006B07D2,0x006B07D5,0x006B07DA,ebp,UNPROVEN,,INSUFFICIENT_PROOF
281,TWO_STEP,0x006B07F6,0x006B07F8,0x006B07FD,esi,UNPROVEN,,INSUFFICIENT_PROOF
282,TWO_STEP,0x006B1D87,0x006B1D89,0x006B1D8E,ebx,UNPROVEN,,INSUFFICIENT_PROOF
283,TWO_STEP,0x006B1DA2,0x006B1DA4,0x006B1DA9,ebx,UNPROVEN,,INSUFFICIENT_PROOF
284,TWO_STEP,0x006B24C9,0x006B24CB,0x006B24CE,ecx,UNPROVEN,,INSUFFICIENT_PROOF
285,TWO_STEP,0x006B2591,0x006B2593,0x006B2596,ecx,UNPROVEN,,INSUFFICIENT_PROOF
286,TWO_STEP,0x006B2972,0x006B2974,0x006B2979,esi,UNPROVEN,,INSUFFICIENT_PROOF
287,TWO_STEP,0x006BBB60,0x006BBB62,0x006BBB67,edi,UNPROVEN,,INSUFFICIENT_PROOF
288,TWO_STEP,0x006BBBE9,0x006BBBEB,0x006BBBF0,edi,UNPROVEN,,INSUFFICIENT_PROOF
289,TWO_STEP,0x006BBD40,0x006BBD42,0x006BBD47,edi,UNPROVEN,,INSUFFICIENT_PROOF
290,TWO_STEP,0x006BBDC9,0x006BBDCB,0x006BBDD0,edi,UNPROVEN,,INSUFFICIENT_PROOF
291,TWO_STEP,0x006C17EB,0x006C17ED,0x006C17F2,edi,UNPROVEN,,INSUFFICIENT_PROOF
292,TWO_STEP,0x006C34A0,0x006C34A2,0x006C34A7,edi,UNPROVEN,,INSUFFICIENT_PROOF
293,TWO_STEP,0x006C3529,0x006C352B,0x006C3530,edi,UNPROVEN,,INSUFFICIENT_PROOF
294,TWO_STEP,0x006C704E,0x006C7050,0x006C7055,esi,UNPROVEN,this-entry,INSUFFICIENT_PROOF
295,TWO_STEP,0x006C862E,0x006C8630,0x006C8638,ecx,UNPROVEN,,INSUFFICIENT_PROOF
296,TWO_STEP,0x006CA464,0x006CA466,0x006CA46B,ebx,UNPROVEN,,INSUFFICIENT_PROOF
297,TWO_STEP,0x006CD6CB,0x006CD6CD,0x006CD6D2,esi,UNPROVEN,,INSUFFICIENT_PROOF
298,TWO_STEP,0x006CF9E1,0x006CF9E3,0x006CF9E8,esi,UNPROVEN,,INSUFFICIENT_PROOF
299,TWO_STEP,0x006CFA5F,0x006CFA61,0x006CFA66,esi,UNPROVEN,,INSUFFICIENT_PROOF
300,TWO_STEP,0x006D036D,0x006D036F,0x006D037A,esi,UNPROVEN,,INSUFFICIENT_PROOF
301,TWO_STEP,0x006D1093,0x006D1095,0x006D1098,ecx,UNPROVEN,,INSUFFICIENT_PROOF
302,TWO_STEP,0x006D267C,0x006D267E,0x006D2683,esi,UNPROVEN,,INSUFFICIENT_PROOF
303,TWO_STEP,0x006D2EF2,0x006D2EF4,0x006D2EF9,esi,UNPROVEN,,INSUFFICIENT_PROOF
304,TWO_STEP,0x006D2F0E,0x006D2F10,0x006D2F15,esi,UNPROVEN,,INSUFFICIENT_PROOF
305,TWO_STEP,0x006D30A0,0x006D30A6,0x006D30B4,esi,UNPROVEN,,INSUFFICIENT_PROOF
306,TWO_STEP,0x006D3120,0x006D3126,0x006D3134,esi,UNPROVEN,,INSUFFICIENT_PROOF
307,TWO_STEP,0x006D3201,0x006D3204,0x006D320D,edi,UNPROVEN,,INSUFFICIENT_PROOF
308,TWO_STEP,0x006D81AC,0x006D81AE,0x006D81B3,esi,UNPROVEN,,INSUFFICIENT_PROOF
309,TWO_STEP,0x006DF253,0x006DF255,0x006DF25A,esi,UNPROVEN,,INSUFFICIENT_PROOF
310,TWO_STEP,0x006DF80A,0x006DF80C,0x006DF811,edi,UNPROVEN,,INSUFFICIENT_PROOF
311,TWO_STEP,0x006DF825,0x006DF827,0x006DF82C,edi,UNPROVEN,,INSUFFICIENT_PROOF
312,TWO_STEP,0x006E4AB4,0x006E4AB7,0x006E4ABA,eax,UNPROVEN,,INSUFFICIENT_PROOF
313,TWO_STEP,0x006E4AC4,0x006E4AC6,0x006E4ACA,eax,UNPROVEN,,INSUFFICIENT_PROOF
314,TWO_STEP,0x006E79F3,0x006E79F5,0x006E79FA,edi,UNPROVEN,,INSUFFICIENT_PROOF
315,TWO_STEP,0x006E9518,0x006E951A,0x006E952B,ecx,UNPROVEN,,INSUFFICIENT_PROOF
316,TWO_STEP,0x006E9533,0x006E9535,0x006E953B,ecx,UNPROVEN,,INSUFFICIENT_PROOF
317,TWO_STEP,0x006E9543,0x006E9545,0x006E954E,ecx,UNPROVEN,,INSUFFICIENT_PROOF
318,TWO_STEP,0x006E9556,0x006E9558,0x006E9561,ecx,UNPROVEN,,INSUFFICIENT_PROOF
319,TWO_STEP,0x006E9569,0x006E956B,0x006E9574,ecx,UNPROVEN,,INSUFFICIENT_PROOF
320,TWO_STEP,0x006E95E6,0x006E95E8,0x006E95F4,ecx,UNPROVEN,,INSUFFICIENT_PROOF
321,TWO_STEP,0x006E95FC,0x006E95FE,0x006E9607,ecx,UNPROVEN,,INSUFFICIENT_PROOF
322,TWO_STEP,0x006E960F,0x006E9611,0x006E9617,ecx,UNPROVEN,,INSUFFICIENT_PROOF
323,TWO_STEP,0x006E961F,0x006E9621,0x006E962A,ecx,UNPROVEN,,INSUFFICIENT_PROOF
324,TWO_STEP,0x006E9632,0x006E9634,0x006E963D,ecx,UNPROVEN,,INSUFFICIENT_PROOF
325,TWO_STEP,0x006E9645,0x006E9647,0x006E9650,ecx,UNPROVEN,,INSUFFICIENT_PROOF
326,TWO_STEP,0x006E96BC,0x006E96BE,0x006E96CA,ecx,UNPROVEN,,INSUFFICIENT_PROOF
327,TWO_STEP,0x006E96D2,0x006E96D4,0x006E96DD,ecx,UNPROVEN,,INSUFFICIENT_PROOF
328,TWO_STEP,0x006E96E5,0x006E96E7,0x006E96ED,ecx,UNPROVEN,,INSUFFICIENT_PROOF
329,TWO_STEP,0x006E96F5,0x006E96F7,0x006E9700,ecx,UNPROVEN,,INSUFFICIENT_PROOF
330,TWO_STEP,0x006E9708,0x006E970A,0x006E9713,ecx,UNPROVEN,,INSUFFICIENT_PROOF
331,TWO_STEP,0x006E971B,0x006E971D,0x006E9726,ecx,UNPROVEN,,INSUFFICIENT_PROOF
332,TWO_STEP,0x006E972E,0x006E9730,0x006E9739,ecx,UNPROVEN,,INSUFFICIENT_PROOF
333,TWO_STEP,0x006E9774,0x006E9776,0x006E977E,ecx,UNPROVEN,,INSUFFICIENT_PROOF
334,TWO_STEP,0x006E9786,0x006E9788,0x006E9791,ecx,UNPROVEN,,INSUFFICIENT_PROOF
335,TWO_STEP,0x006E9799,0x006E979B,0x006E97A5,ecx,UNPROVEN,,INSUFFICIENT_PROOF
336,TWO_STEP,0x006E97EA,0x006E97EC,0x006E97F6,ecx,UNPROVEN,,INSUFFICIENT_PROOF
337,TWO_STEP,0x006E97FE,0x006E9800,0x006E9809,ecx,UNPROVEN,,INSUFFICIENT_PROOF
338,TWO_STEP,0x006E9811,0x006E9813,0x006E981C,ecx,UNPROVEN,,INSUFFICIENT_PROOF
339,TWO_STEP,0x006E9824,0x006E9826,0x006E982F,ecx,UNPROVEN,,INSUFFICIENT_PROOF
340,TWO_STEP,0x006E9837,0x006E9839,0x006E9842,ecx,UNPROVEN,,INSUFFICIENT_PROOF
341,TWO_STEP,0x006E9A96,0x006E9A98,0x006E9A9D,esi,UNPROVEN,,INSUFFICIENT_PROOF
342,TWO_STEP,0x006E9C6D,0x006E9C6F,0x006E9C74,edi,UNPROVEN,,INSUFFICIENT_PROOF
343,TWO_STEP,0x006EA1AB,0x006EA1AD,0x006EA1B2,ebx,UNPROVEN,,INSUFFICIENT_PROOF
344,TWO_STEP,0x006EA430,0x006EA432,0x006EA437,edi,UNPROVEN,,INSUFFICIENT_PROOF
345,TWO_STEP,0x006EA4B9,0x006EA4BB,0x006EA4C0,edi,UNPROVEN,,INSUFFICIENT_PROOF
346,TWO_STEP,0x006EB04F,0x006EB051,0x006EB056,esi,UNPROVEN,,INSUFFICIENT_PROOF
347,TWO_STEP,0x006EB440,0x006EB445,0x006EB449,ecx,UNPROVEN,,INSUFFICIENT_PROOF
348,TWO_STEP,0x006EB5A2,0x006EB5A4,0x006EB5A7,ecx,UNPROVEN,,INSUFFICIENT_PROOF
349,TWO_STEP,0x006EB862,0x006EB867,0x006EB86B,ecx,UNPROVEN,,INSUFFICIENT_PROOF
350,TWO_STEP,0x006EBA20,0x006EBA22,0x006EBA25,ecx,UNPROVEN,,INSUFFICIENT_PROOF
351,TWO_STEP,0x006EC306,0x006EC308,0x006EC30C,eax,UNPROVEN,,INSUFFICIENT_PROOF
352,TWO_STEP,0x006EE9C0,0x006EE9C2,0x006EE9CB,ecx,UNPROVEN,,INSUFFICIENT_PROOF
353,TWO_STEP,0x006EE9E6,0x006EE9E8,0x006EE9F2,ecx,UNPROVEN,,INSUFFICIENT_PROOF
354,TWO_STEP,0x006EEA47,0x006EEA49,0x006EEA53,ecx,UNPROVEN,,INSUFFICIENT_PROOF
355,TWO_STEP,0x006EEA5B,0x006EEA5D,0x006EEA67,ecx,UNPROVEN,,INSUFFICIENT_PROOF
356,TWO_STEP,0x006EEA7B,0x006EEA7D,0x006EEA87,ecx,UNPROVEN,,INSUFFICIENT_PROOF
357,TWO_STEP,0x006EEA8F,0x006EEA91,0x006EEA9B,ecx,UNPROVEN,,INSUFFICIENT_PROOF
358,TWO_STEP,0x006EEAA9,0x006EEAAB,0x006EEAB5,ecx,UNPROVEN,,INSUFFICIENT_PROOF
359,TWO_STEP,0x006EF00A,0x006EF010,0x006EF016,ecx,UNPROVEN,,INSUFFICIENT_PROOF
360,TWO_STEP,0x006EF15E,0x006EF160,0x006EF16B,ecx,UNPROVEN,,INSUFFICIENT_PROOF
361,TWO_STEP,0x006EF188,0x006EF18A,0x006EF194,ecx,UNPROVEN,,INSUFFICIENT_PROOF
362,TWO_STEP,0x006F0DA0,0x006F0DA2,0x006F0DAB,ecx,UNPROVEN,,INSUFFICIENT_PROOF
363,TWO_STEP,0x006F0DB3,0x006F0DB5,0x006F0DBF,ecx,UNPROVEN,,INSUFFICIENT_PROOF
364,TWO_STEP,0x006F0DFE,0x006F0E00,0x006F0E08,ecx,UNPROVEN,,INSUFFICIENT_PROOF
365,TWO_STEP,0x006F0E10,0x006F0E12,0x006F0E1C,ecx,UNPROVEN,,INSUFFICIENT_PROOF
366,TWO_STEP,0x006F0E24,0x006F0E26,0x006F0E30,ecx,UNPROVEN,,INSUFFICIENT_PROOF
367,TWO_STEP,0x006F0E5E,0x006F0E60,0x006F0E68,ecx,UNPROVEN,this-entry,INSUFFICIENT_PROOF
368,TWO_STEP,0x006F0ED8,0x006F0EDA,0x006F0EE7,ecx,UNPROVEN,,INSUFFICIENT_PROOF
369,TWO_STEP,0x006F0FF1,0x006F0FF3,0x006F0FFC,ecx,UNPROVEN,,INSUFFICIENT_PROOF
370,TWO_STEP,0x006F100A,0x006F100C,0x006F1015,ecx,UNPROVEN,,INSUFFICIENT_PROOF
371,TWO_STEP,0x006F1031,0x006F1033,0x006F103D,ecx,UNPROVEN,,INSUFFICIENT_PROOF
372,TWO_STEP,0x006F1057,0x006F1059,0x006F1063,ecx,UNPROVEN,,INSUFFICIENT_PROOF
373,TWO_STEP,0x006F11F7,0x006F11F9,0x006F1204,ecx,UNPROVEN,,INSUFFICIENT_PROOF
374,TWO_STEP,0x006F120F,0x006F1211,0x006F121A,ecx,UNPROVEN,,INSUFFICIENT_PROOF
375,TWO_STEP,0x006F1225,0x006F1227,0x006F1230,ecx,UNPROVEN,,INSUFFICIENT_PROOF
376,TWO_STEP,0x006F123B,0x006F123D,0x006F1246,ecx,UNPROVEN,,INSUFFICIENT_PROOF
377,TWO_STEP,0x006F1251,0x006F1253,0x006F125C,ecx,UNPROVEN,,INSUFFICIENT_PROOF
378,TWO_STEP,0x006F1267,0x006F1269,0x006F1272,ecx,UNPROVEN,,INSUFFICIENT_PROOF
379,TWO_STEP,0x006F127D,0x006F127F,0x006F1288,ecx,UNPROVEN,,INSUFFICIENT_PROOF
380,TWO_STEP,0x006F1293,0x006F1295,0x006F129E,ecx,UNPROVEN,,INSUFFICIENT_PROOF
381,TWO_STEP,0x006F12AF,0x006F12B1,0x006F12BC,edi,UNPROVEN,,INSUFFICIENT_PROOF
382,TWO_STEP,0x006F25EC,0x006F25EE,0x006F25FA,ecx,UNPROVEN,,INSUFFICIENT_PROOF
383,TWO_STEP,0x006F2602,0x006F2604,0x006F260D,ecx,UNPROVEN,,INSUFFICIENT_PROOF
384,TWO_STEP,0x006F2615,0x006F2617,0x006F2620,ecx,UNPROVEN,,INSUFFICIENT_PROOF
385,TWO_STEP,0x006F2628,0x006F262A,0x006F2633,ecx,UNPROVEN,,INSUFFICIENT_PROOF
386,TWO_STEP,0x006F263B,0x006F263D,0x006F2646,ecx,UNPROVEN,,INSUFFICIENT_PROOF
387,TWO_STEP,0x006F264E,0x006F2650,0x006F2659,ecx,UNPROVEN,,INSUFFICIENT_PROOF
388,TWO_STEP,0x006F2661,0x006F2663,0x006F266C,ecx,UNPROVEN,,INSUFFICIENT_PROOF
389,TWO_STEP,0x006F2674,0x006F2676,0x006F267F,ecx,UNPROVEN,,INSUFFICIENT_PROOF
390,TWO_STEP,0x006F2687,0x006F2689,0x006F2692,ecx,UNPROVEN,,INSUFFICIENT_PROOF
391,TWO_STEP,0x006F269A,0x006F26A2,0x006F26A6,ecx,UNPROVEN,,INSUFFICIENT_PROOF
392,TWO_STEP,0x006F26AE,0x006F26B0,0x006F26BA,ecx,UNPROVEN,,INSUFFICIENT_PROOF
393,TWO_STEP,0x006F26C2,0x006F26C4,0x006F26CE,ecx,UNPROVEN,,INSUFFICIENT_PROOF
394,TWO_STEP,0x006F26D6,0x006F26D8,0x006F26E2,ecx,UNPROVEN,,INSUFFICIENT_PROOF
395,TWO_STEP,0x006F26EA,0x006F26EC,0x006F26F5,ecx,UNPROVEN,,INSUFFICIENT_PROOF
396,TWO_STEP,0x006F26FD,0x006F26FF,0x006F2708,ecx,UNPROVEN,,INSUFFICIENT_PROOF
397,TWO_STEP,0x006F2710,0x006F2712,0x006F271C,ecx,UNPROVEN,,INSUFFICIENT_PROOF
398,TWO_STEP,0x006F335A,0x006F335C,0x006F3361,esi,UNPROVEN,,INSUFFICIENT_PROOF
399,TWO_STEP,0x006F374B,0x006F374D,0x006F3750,ecx,UNPROVEN,,INSUFFICIENT_PROOF
400,TWO_STEP,0x006F39B6,0x006F39B8,0x006F39BD,esi,UNPROVEN,,INSUFFICIENT_PROOF
401,TWO_STEP,0x006FAD52,0x006FAD54,0x006FAD59,edi,UNPROVEN,,INSUFFICIENT_PROOF
402,TWO_STEP,0x006FAD70,0x006FAD72,0x006FAD77,edi,UNPROVEN,,INSUFFICIENT_PROOF
403,TWO_STEP,0x006FADBE,0x006FADC0,0x006FADC5,edi,UNPROVEN,,INSUFFICIENT_PROOF
404,TWO_STEP,0x006FADE9,0x006FADEB,0x006FADF0,edi,UNPROVEN,,INSUFFICIENT_PROOF
405,TWO_STEP,0x006FAE8B,0x006FAE8D,0x006FAE92,edi,UNPROVEN,,INSUFFICIENT_PROOF
406,TWO_STEP,0x006FAEA8,0x006FAEAA,0x006FAEAF,edi,UNPROVEN,,INSUFFICIENT_PROOF
407,TWO_STEP,0x006FAEFB,0x006FAEFD,0x006FAF02,edi,UNPROVEN,,INSUFFICIENT_PROOF
408,TWO_STEP,0x006FAF21,0x006FAF23,0x006FAF28,edi,UNPROVEN,,INSUFFICIENT_PROOF
409,TWO_STEP,0x006FB2DF,0x006FB2E1,0x006FB2E6,ebx,UNPROVEN,,INSUFFICIENT_PROOF
410,TWO_STEP,0x006FB317,0x006FB319,0x006FB31C,ecx,UNPROVEN,,INSUFFICIENT_PROOF
411,TWO_STEP,0x006FC521,0x006FC523,0x006FC52C,edi,UNPROVEN,,INSUFFICIENT_PROOF
412,TWO_STEP,0x006FC540,0x006FC542,0x006FC547,edi,UNPROVEN,,INSUFFICIENT_PROOF
413,TWO_STEP,0x006FCA8A,0x006FCA8C,0x006FCA95,esi,UNPROVEN,,INSUFFICIENT_PROOF
414,TWO_STEP,0x006FCAAE,0x006FCAB0,0x006FCAB5,esi,UNPROVEN,,INSUFFICIENT_PROOF
415,TWO_STEP,0x006FCCA4,0x006FCCA6,0x006FCCAB,esi,UNPROVEN,,INSUFFICIENT_PROOF
416,TWO_STEP,0x006FCDAB,0x006FCDAE,0x006FCDB3,ebp,UNPROVEN,,INSUFFICIENT_PROOF
417,TWO_STEP,0x006FCDCE,0x006FCDD1,0x006FCDD6,ebp,UNPROVEN,,INSUFFICIENT_PROOF
418,TWO_STEP,0x006FCE0B,0x006FCE0E,0x006FCE13,ebp,UNPROVEN,,INSUFFICIENT_PROOF
419,TWO_STEP,0x006FCE96,0x006FCE99,0x006FCE9E,ebp,UNPROVEN,,INSUFFICIENT_PROOF
420,TWO_STEP,0x006FCEE1,0x006FCEE4,0x006FCEE9,ebp,UNPROVEN,,INSUFFICIENT_PROOF
421,TWO_STEP,0x006FD6B0,0x006FD6B6,0x006FD6C4,esi,UNPROVEN,,INSUFFICIENT_PROOF
422,TWO_STEP,0x006FD730,0x006FD736,0x006FD744,esi,UNPROVEN,,INSUFFICIENT_PROOF
423,TWO_STEP,0x006FDBA1,0x006FDBA4,0x006FDBAD,edi,UNPROVEN,,INSUFFICIENT_PROOF
424,TWO_STEP,0x006FE2D6,0x006FE2D8,0x006FE2DD,edi,UNPROVEN,,INSUFFICIENT_PROOF
425,TWO_STEP,0x006FE2F5,0x006FE2F7,0x006FE2FC,edi,UNPROVEN,,INSUFFICIENT_PROOF
426,TWO_STEP,0x006FE314,0x006FE316,0x006FE31B,edi,UNPROVEN,,INSUFFICIENT_PROOF
427,TWO_STEP,0x006FE333,0x006FE335,0x006FE33A,edi,UNPROVEN,,INSUFFICIENT_PROOF
428,TWO_STEP,0x006FE352,0x006FE354,0x006FE359,edi,UNPROVEN,,INSUFFICIENT_PROOF
429,TWO_STEP,0x006FE557,0x006FE559,0x006FE55E,edi,UNPROVEN,,INSUFFICIENT_PROOF
430,TWO_STEP,0x006FE572,0x006FE574,0x006FE579,edi,UNPROVEN,,INSUFFICIENT_PROOF
431,TWO_STEP,0x006FE58E,0x006FE590,0x006FE595,edi,UNPROVEN,,INSUFFICIENT_PROOF
432,TWO_STEP,0x006FEEE9,0x006FEEEB,0x006FEEF0,esi,UNPROVEN,,INSUFFICIENT_PROOF
433,TWO_STEP,0x006FEF73,0x006FEF75,0x006FEF78,ecx,UNPROVEN,,INSUFFICIENT_PROOF
434,TWO_STEP,0x006FF0F3,0x006FF0F5,0x006FF0FC,esi,UNPROVEN,this-entry,INSUFFICIENT_PROOF
435,TWO_STEP,0x006FF18A,0x006FF194,0x006FF197,eax,UNPROVEN,,INSUFFICIENT_PROOF
436,TWO_STEP,0x007267D2,0x007267D5,0x007267DC,ebp,UNPROVEN,,INSUFFICIENT_PROOF
437,TWO_STEP,0x00766E9A,0x00766E9C,0x00766EA0,eax,UNPROVEN,,INSUFFICIENT_PROOF
438,TWO_STEP,0x00766ED0,0x00766ED2,0x00766ED6,eax,UNPROVEN,,INSUFFICIENT_PROOF
439,TWO_STEP,0x00768B26,0x00768B28,0x00768B2C,eax,UNPROVEN,,INSUFFICIENT_PROOF
440,TWO_STEP,0x00768B66,0x00768B68,0x00768B6C,eax,UNPROVEN,,INSUFFICIENT_PROOF
441,TWO_STEP,0x00769236,0x00769238,0x00769244,esi,UNPROVEN,,INSUFFICIENT_PROOF
442,TWO_STEP,0x0076951D,0x0076951F,0x00769524,esi,UNPROVEN,,INSUFFICIENT_PROOF
443,TWO_STEP,0x00769A39,0x00769A3B,0x00769A3F,eax,UNPROVEN,,INSUFFICIENT_PROOF
444,TWO_STEP,0x0076B8B2,0x0076B8B4,0x0076B8B7,ecx,UNPROVEN,,INSUFFICIENT_PROOF
445,TWO_STEP,0x0076BF3C,0x0076BF3E,0x0076BF41,ecx,UNPROVEN,,INSUFFICIENT_PROOF
446,TWO_STEP,0x0076C22D,0x0076C22F,0x0076C232,ecx,UNPROVEN,,INSUFFICIENT_PROOF
447,TWO_STEP,0x0076C6CF,0x0076C6D1,0x0076C6D4,ecx,UNPROVEN,,INSUFFICIENT_PROOF
448,TWO_STEP,0x0076C9A9,0x0076C9AB,0x0076C9AE,ecx,UNPROVEN,,INSUFFICIENT_PROOF
449,TWO_STEP,0x0076CAAC,0x0076CAAE,0x0076CAB3,esi,UNPROVEN,,INSUFFICIENT_PROOF
450,TWO_STEP,0x0076CED1,0x0076CED6,0x0076CEE7,esi,UNPROVEN,,INSUFFICIENT_PROOF
451,TWO_STEP,0x0076E626,0x0076E62B,0x0076E631,esi,UNPROVEN,this-entry,INSUFFICIENT_PROOF
452,TWO_STEP,0x0076E63E,0x0076E640,0x0076E650,esi,UNPROVEN,,INSUFFICIENT_PROOF
453,TWO_STEP,0x0076E67B,0x0076E680,0x0076E686,esi,UNPROVEN,,INSUFFICIENT_PROOF
454,TWO_STEP,0x0076E693,0x0076E695,0x0076E6A5,esi,UNPROVEN,,INSUFFICIENT_PROOF
455,TWO_STEP,0x0076E6C6,0x0076E6CC,0x0076E6D1,esi,UNPROVEN,,INSUFFICIENT_PROOF
456,TWO_STEP,0x0076EA7A,0x0076EA82,0x0076EA86,ecx,UNPROVEN,,INSUFFICIENT_PROOF
457,TWO_STEP,0x0076EA8E,0x0076EA96,0x0076EA9A,ecx,UNPROVEN,,INSUFFICIENT_PROOF
458,TWO_STEP,0x0076EAFD,0x0076EAFF,0x0076EB03,eax,UNPROVEN,,INSUFFICIENT_PROOF
459,TWO_STEP,0x0076EB90,0x0076EB98,0x0076EB9D,edi,UNPROVEN,,INSUFFICIENT_PROOF
460,TWO_STEP,0x0076F163,0x0076F165,0x0076F16A,edi,UNPROVEN,,INSUFFICIENT_PROOF
461,TWO_STEP,0x00771454,0x00771456,0x0077145C,esi,UNPROVEN,,INSUFFICIENT_PROOF
462,TWO_STEP,0x00772CCA,0x00772CCC,0x00772CD0,eax,UNPROVEN,,INSUFFICIENT_PROOF
463,TWO_STEP,0x0077469C,0x0077469E,0x007746A2,eax,UNPROVEN,,INSUFFICIENT_PROOF
464,TWO_STEP,0x00774ACA,0x00774ACC,0x00774AD1,esi,UNPROVEN,,INSUFFICIENT_PROOF
465,TWO_STEP,0x00775464,0x00775466,0x00775470,ecx,UNPROVEN,,INSUFFICIENT_PROOF
466,TWO_STEP,0x00776064,0x00776066,0x0077606F,ecx,UNPROVEN,,INSUFFICIENT_PROOF
467,TWO_STEP,0x0077770A,0x00777711,0x00777714,eax,UNPROVEN,,INSUFFICIENT_PROOF
468,TWO_STEP,0x007778C6,0x007778C8,0x007778CD,esi,UNPROVEN,this-entry,INSUFFICIENT_PROOF
469,TWO_STEP,0x00777A5D,0x00777A5F,0x00777A69,ecx,UNPROVEN,,INSUFFICIENT_PROOF
470,TWO_STEP,0x00777DAE,0x00777DB0,0x00777DB6,ecx,UNPROVEN,,INSUFFICIENT_PROOF
471,TWO_STEP,0x0077832C,0x0077832E,0x00778333,ebx,UNPROVEN,,INSUFFICIENT_PROOF
472,TWO_STEP,0x007783E0,0x007783E3,0x007783E8,ebp,UNPROVEN,,INSUFFICIENT_PROOF
473,TWO_STEP,0x0077851E,0x00778520,0x00778525,edi,UNPROVEN,,INSUFFICIENT_PROOF
474,TWO_STEP,0x00779B3B,0x00779B3D,0x00779B44,edi,UNPROVEN,,INSUFFICIENT_PROOF
475,TWO_STEP,0x00779ECF,0x00779ED1,0x00779ED6,esi,UNPROVEN,,INSUFFICIENT_PROOF
476,TWO_STEP,0x00779EDA,0x00779EDC,0x00779EE1,edi,UNPROVEN,,INSUFFICIENT_PROOF
477,TWO_STEP,0x0077A083,0x0077A085,0x0077A08A,edi,UNPROVEN,,INSUFFICIENT_PROOF
478,TWO_STEP,0x0077A87C,0x0077A87E,0x0077A888,ecx,UNPROVEN,,INSUFFICIENT_PROOF
479,TWO_STEP,0x0077C1A3,0x0077C1A5,0x0077C1AC,esi,UNPROVEN,,INSUFFICIENT_PROOF
480,TWO_STEP,0x0077CB94,0x0077CB96,0x0077CBA0,ecx,UNPROVEN,,INSUFFICIENT_PROOF
481,TWO_STEP,0x0077E217,0x0077E219,0x0077E21C,ecx,UNPROVEN,,INSUFFICIENT_PROOF
482,TWO_STEP,0x0077E504,0x0077E506,0x0077E50F,ecx,UNPROVEN,,INSUFFICIENT_PROOF
483,TWO_STEP,0x0077E517,0x0077E519,0x0077E522,ecx,UNPROVEN,,INSUFFICIENT_PROOF
484,TWO_STEP,0x0077E52A,0x0077E52C,0x0077E535,ecx,UNPROVEN,,INSUFFICIENT_PROOF
485,TWO_STEP,0x0077F845,0x0077F847,0x0077F84B,eax,UNPROVEN,,INSUFFICIENT_PROOF
486,TWO_STEP,0x0077FA5F,0x0077FA62,0x0077FA65,eax,UNPROVEN,,INSUFFICIENT_PROOF
487,TWO_STEP,0x0077FAD1,0x0077FAD4,0x0077FAD7,eax,UNPROVEN,,INSUFFICIENT_PROOF
488,TWO_STEP,0x0077FE7E,0x0077FE80,0x0077FE84,ecx,UNPROVEN,,INSUFFICIENT_PROOF
489,TWO_STEP,0x00780D74,0x00780D76,0x00780D7F,ecx,UNPROVEN,,INSUFFICIENT_PROOF
490,TWO_STEP,0x00780D87,0x00780D89,0x00780D92,ecx,UNPROVEN,,INSUFFICIENT_PROOF
491,TWO_STEP,0x00780D9A,0x00780D9C,0x00780DA6,ecx,UNPROVEN,,INSUFFICIENT_PROOF
492,TWO_STEP,0x00780DBE,0x00780DC0,0x00780DC9,ecx,UNPROVEN,,INSUFFICIENT_PROOF
493,TWO_STEP,0x00780DD1,0x00780DD3,0x00780DDC,ecx,UNPROVEN,,INSUFFICIENT_PROOF
494,TWO_STEP,0x007817C4,0x007817C6,0x007817CF,ecx,UNPROVEN,,INSUFFICIENT_PROOF
495,TWO_STEP,0x007817D7,0x007817D9,0x007817E3,ecx,UNPROVEN,,INSUFFICIENT_PROOF
496,TWO_STEP,0x00782384,0x00782386,0x0078238F,ecx,UNPROVEN,,INSUFFICIENT_PROOF
497,TWO_STEP,0x007826C4,0x007826C6,0x007826CF,ecx,UNPROVEN,,INSUFFICIENT_PROOF
498,TWO_STEP,0x007826D7,0x007826D9,0x007826E2,ecx,UNPROVEN,,INSUFFICIENT_PROOF
499,TWO_STEP,0x007826EA,0x007826EC,0x007826F5,ecx,UNPROVEN,,INSUFFICIENT_PROOF
500,TWO_STEP,0x00782BC7,0x00782BC9,0x00782BCC,ecx,UNPROVEN,,INSUFFICIENT_PROOF
501,TWO_STEP,0x007841F4,0x007841F6,0x007841FF,ecx,UNPROVEN,,INSUFFICIENT_PROOF
502,TWO_STEP,0x00784824,0x00784826,0x0078482F,ecx,UNPROVEN,,INSUFFICIENT_PROOF
503,TWO_STEP,0x00784837,0x00784839,0x00784842,ecx,UNPROVEN,,INSUFFICIENT_PROOF
504,TWO_STEP,0x0078484A,0x0078484C,0x00784855,ecx,UNPROVEN,,INSUFFICIENT_PROOF
505,TWO_STEP,0x007850A4,0x007850A6,0x007850B0,ecx,UNPROVEN,,INSUFFICIENT_PROOF
506,TWO_STEP,0x00785904,0x00785906,0x0078590F,ecx,UNPROVEN,,INSUFFICIENT_PROOF
507,TWO_STEP,0x00785917,0x00785919,0x00785922,ecx,UNPROVEN,,INSUFFICIENT_PROOF
508,TWO_STEP,0x0078592A,0x0078592C,0x00785936,ecx,UNPROVEN,,INSUFFICIENT_PROOF
509,TWO_STEP,0x00785945,0x00785947,0x00785951,ecx,UNPROVEN,,INSUFFICIENT_PROOF
510,TWO_STEP,0x00786684,0x00786686,0x0078668F,ecx,UNPROVEN,,INSUFFICIENT_PROOF
511,TWO_STEP,0x00786697,0x00786699,0x007866A2,ecx,UNPROVEN,,INSUFFICIENT_PROOF
512,TWO_STEP,0x007866AA,0x007866AC,0x007866B5,ecx,UNPROVEN,,INSUFFICIENT_PROOF
513,TWO_STEP,0x007866BD,0x007866BF,0x007866C8,ecx,UNPROVEN,,INSUFFICIENT_PROOF
514,TWO_STEP,0x007866D0,0x007866D2,0x007866DB,ecx,UNPROVEN,,INSUFFICIENT_PROOF
515,TWO_STEP,0x007866E3,0x007866E5,0x007866EE,ecx,UNPROVEN,,INSUFFICIENT_PROOF
516,TWO_STEP,0x007866F6,0x007866F8,0x00786701,ecx,UNPROVEN,,INSUFFICIENT_PROOF
517,TWO_STEP,0x00786709,0x0078670B,0x00786714,ecx,UNPROVEN,,INSUFFICIENT_PROOF
518,TWO_STEP,0x00786C94,0x00786C96,0x00786C9F,ecx,UNPROVEN,,INSUFFICIENT_PROOF
519,TWO_STEP,0x00786CA7,0x00786CA9,0x00786CB2,ecx,UNPROVEN,,INSUFFICIENT_PROOF
520,TWO_STEP,0x00786CBA,0x00786CBC,0x00786CC5,ecx,UNPROVEN,,INSUFFICIENT_PROOF
521,TWO_STEP,0x00786CCD,0x00786CCF,0x00786CD8,ecx,UNPROVEN,,INSUFFICIENT_PROOF
522,TWO_STEP,0x00787544,0x00787546,0x0078754F,ecx,UNPROVEN,,INSUFFICIENT_PROOF
523,TWO_STEP,0x00787557,0x00787559,0x00787562,ecx,UNPROVEN,,INSUFFICIENT_PROOF
524,TWO_STEP,0x0078756A,0x0078756C,0x00787575,ecx,UNPROVEN,,INSUFFICIENT_PROOF
525,TWO_STEP,0x0078757D,0x0078757F,0x00787588,ecx,UNPROVEN,,INSUFFICIENT_PROOF
526,TWO_STEP,0x00787590,0x00787592,0x0078759B,ecx,UNPROVEN,,INSUFFICIENT_PROOF
527,TWO_STEP,0x007875A3,0x007875A5,0x007875AE,ecx,UNPROVEN,,INSUFFICIENT_PROOF
528,TWO_STEP,0x007875BF,0x007875C1,0x007875CA,ecx,UNPROVEN,,INSUFFICIENT_PROOF
529,TWO_STEP,0x007875D2,0x007875D4,0x007875DD,ecx,UNPROVEN,,INSUFFICIENT_PROOF
530,TWO_STEP,0x007875E5,0x007875E7,0x007875F0,ecx,UNPROVEN,,INSUFFICIENT_PROOF
531,TWO_STEP,0x00787A3B,0x00787A3E,0x00787A43,ebp,UNPROVEN,,INSUFFICIENT_PROOF
532,TWO_STEP,0x00787BF9,0x00787BFB,0x00787C02,edi,UNPROVEN,,INSUFFICIENT_PROOF
533,TWO_STEP,0x00788E84,0x00788E86,0x00788E8F,ecx,UNPROVEN,,INSUFFICIENT_PROOF
534,TWO_STEP,0x00789234,0x00789236,0x00789240,ecx,UNPROVEN,,INSUFFICIENT_PROOF
535,TWO_STEP,0x00789C04,0x00789C06,0x00789C0F,ecx,UNPROVEN,,INSUFFICIENT_PROOF
536,TWO_STEP,0x0078A97B,0x0078A97D,0x0078A986,ecx,UNPROVEN,,INSUFFICIENT_PROOF
537,TWO_STEP,0x0078A98E,0x0078A990,0x0078A999,ecx,UNPROVEN,,INSUFFICIENT_PROOF
538,TWO_STEP,0x0078B55A,0x0078B55C,0x0078B560,eax,UNPROVEN,,INSUFFICIENT_PROOF
539,TWO_STEP,0x0078B590,0x0078B592,0x0078B596,eax,UNPROVEN,,INSUFFICIENT_PROOF
540,TWO_STEP,0x0078CA1D,0x0078CA1F,0x0078CA23,eax,UNPROVEN,,INSUFFICIENT_PROOF
541,TWO_STEP,0x0078CAB0,0x0078CAB2,0x0078CAB9,eax,UNPROVEN,,INSUFFICIENT_PROOF
542,TWO_STEP,0x0078CAE3,0x0078CAE5,0x0078CAEC,esi,UNPROVEN,,INSUFFICIENT_PROOF
543,TWO_STEP,0x0078CB81,0x0078CB83,0x0078CB88,esi,UNPROVEN,,INSUFFICIENT_PROOF
544,TWO_STEP,0x0078E387,0x0078E38E,0x0078E393,esi,UNPROVEN,,INSUFFICIENT_PROOF
545,TWO_STEP,0x0078EF70,0x0078EF72,0x0078EF76,eax,UNPROVEN,,INSUFFICIENT_PROOF
546,TWO_STEP,0x0078EF86,0x0078EF88,0x0078EF8C,eax,UNPROVEN,,INSUFFICIENT_PROOF
547,TWO_STEP,0x0078EFCA,0x0078EFCC,0x0078EFD0,eax,UNPROVEN,,INSUFFICIENT_PROOF
548,TWO_STEP,0x0078EFE0,0x0078EFE2,0x0078EFE6,eax,UNPROVEN,,INSUFFICIENT_PROOF
549,TWO_STEP,0x0078F020,0x0078F022,0x0078F026,eax,UNPROVEN,,INSUFFICIENT_PROOF
550,TWO_STEP,0x0078F036,0x0078F038,0x0078F03C,eax,UNPROVEN,,INSUFFICIENT_PROOF
551,TWO_STEP,0x0078F09C,0x0078F09E,0x0078F0A2,eax,UNPROVEN,,INSUFFICIENT_PROOF
552,TWO_STEP,0x0078F0AE,0x0078F0B0,0x0078F0B4,eax,UNPROVEN,,INSUFFICIENT_PROOF
553,TWO_STEP,0x0078F0CE,0x0078F0D0,0x0078F0D4,eax,UNPROVEN,,INSUFFICIENT_PROOF
554,TWO_STEP,0x0078F0E0,0x0078F0E2,0x0078F0E6,eax,UNPROVEN,,INSUFFICIENT_PROOF
555,TWO_STEP,0x0078F40D,0x0078F40F,0x0078F413,eax,UNPROVEN,,INSUFFICIENT_PROOF
556,TWO_STEP,0x0078F41F,0x0078F421,0x0078F425,eax,UNPROVEN,,INSUFFICIENT_PROOF
557,TWO_STEP,0x0078F431,0x0078F433,0x0078F437,eax,UNPROVEN,,INSUFFICIENT_PROOF
558,TWO_STEP,0x0078F443,0x0078F445,0x0078F449,eax,UNPROVEN,,INSUFFICIENT_PROOF
559,TWO_STEP,0x0078F5EC,0x0078F5EE,0x0078F5F2,eax,UNPROVEN,,INSUFFICIENT_PROOF
560,TWO_STEP,0x0078F60C,0x0078F60E,0x0078F612,eax,UNPROVEN,,INSUFFICIENT_PROOF
561,TWO_STEP,0x0078F61E,0x0078F620,0x0078F624,eax,UNPROVEN,,INSUFFICIENT_PROOF
562,TWO_STEP,0x0078F69C,0x0078F69E,0x0078F6A2,eax,UNPROVEN,,INSUFFICIENT_PROOF
563,TWO_STEP,0x0078F6DF,0x0078F6E1,0x0078F6E5,eax,UNPROVEN,,INSUFFICIENT_PROOF
564,TWO_STEP,0x0078F79D,0x0078F79F,0x0078F7A3,eax,UNPROVEN,,INSUFFICIENT_PROOF
565,TWO_STEP,0x0078F7AF,0x0078F7B1,0x0078F7B5,eax,UNPROVEN,,INSUFFICIENT_PROOF
566,TWO_STEP,0x0078F7C1,0x0078F7C3,0x0078F7C7,eax,UNPROVEN,,INSUFFICIENT_PROOF
567,TWO_STEP,0x0078F841,0x0078F843,0x0078F847,eax,UNPROVEN,,INSUFFICIENT_PROOF
568,TWO_STEP,0x0078F9C4,0x0078F9C6,0x0078F9CA,eax,UNPROVEN,,INSUFFICIENT_PROOF
569,TWO_STEP,0x0078FB99,0x0078FB9B,0x0078FB9F,esi,UNPROVEN,,INSUFFICIENT_PROOF
570,TWO_STEP,0x0078FC50,0x0078FC52,0x0078FC56,esi,UNPROVEN,,INSUFFICIENT_PROOF
571,TWO_STEP,0x0078FD37,0x0078FD39,0x0078FD3D,edi,UNPROVEN,,INSUFFICIENT_PROOF
572,TWO_STEP,0x0078FE97,0x0078FE99,0x0078FE9D,esi,UNPROVEN,,INSUFFICIENT_PROOF
573,TWO_STEP,0x0078FEEB,0x0078FEED,0x0078FEF1,edi,UNPROVEN,,INSUFFICIENT_PROOF
574,TWO_STEP,0x0078FF86,0x0078FF88,0x0078FF8C,eax,UNPROVEN,,INSUFFICIENT_PROOF
575,TWO_STEP,0x0078FFCB,0x0078FFCD,0x0078FFD1,eax,UNPROVEN,,INSUFFICIENT_PROOF
576,TWO_STEP,0x0078FFE1,0x0078FFE3,0x0078FFE7,eax,UNPROVEN,,INSUFFICIENT_PROOF
577,TWO_STEP,0x007901CF,0x007901D2,0x007901D5,eax,UNPROVEN,,INSUFFICIENT_PROOF
578,TWO_STEP,0x00790255,0x00790257,0x0079025B,eax,UNPROVEN,,INSUFFICIENT_PROOF
579,TWO_STEP,0x00790264,0x00790266,0x0079026A,eax,UNPROVEN,,INSUFFICIENT_PROOF
580,TWO_STEP,0x00790273,0x00790275,0x00790279,eax,UNPROVEN,,INSUFFICIENT_PROOF
581,TWO_STEP,0x007904CD,0x007904CF,0x007904D3,eax,UNPROVEN,,INSUFFICIENT_PROOF
582,TWO_STEP,0x0079056B,0x00790571,0x00790574,eax,UNPROVEN,,INSUFFICIENT_PROOF
583,TWO_STEP,0x0079059A,0x0079059C,0x007905A3,edi,UNPROVEN,,INSUFFICIENT_PROOF
584,TWO_STEP,0x00790D9D,0x00790D9F,0x00790DA3,eax,UNPROVEN,,INSUFFICIENT_PROOF
585,TWO_STEP,0x00790E82,0x00790E84,0x00790E8B,eax,UNPROVEN,,INSUFFICIENT_PROOF
586,TWO_STEP,0x007911A9,0x007911AE,0x007911B2,ecx,UNPROVEN,,INSUFFICIENT_PROOF
587,TWO_STEP,0x007913F9,0x007913FB,0x007913FE,ecx,UNPROVEN,,INSUFFICIENT_PROOF
588,TWO_STEP,0x007916B9,0x007916BB,0x007916BF,eax,UNPROVEN,,INSUFFICIENT_PROOF
589,TWO_STEP,0x007916EF,0x007916F1,0x007916F5,eax,UNPROVEN,,INSUFFICIENT_PROOF
590,TWO_STEP,0x00791752,0x00791754,0x00791758,eax,UNPROVEN,,INSUFFICIENT_PROOF
591,TWO_STEP,0x00791B44,0x00791B4A,0x00791B4F,esi,UNPROVEN,,INSUFFICIENT_PROOF
592,TWO_STEP,0x00791E49,0x00791E4B,0x00791E51,esi,UNPROVEN,,INSUFFICIENT_PROOF
593,TWO_STEP,0x00791E62,0x00791E64,0x00791E68,eax,UNPROVEN,,INSUFFICIENT_PROOF
594,TWO_STEP,0x00791F07,0x00791F0D,0x00791F12,esi,UNPROVEN,,INSUFFICIENT_PROOF
595,TWO_STEP,0x00792513,0x0079251C,0x0079251F,ecx,UNPROVEN,,INSUFFICIENT_PROOF
596,TWO_STEP,0x00792707,0x00792709,0x0079270D,eax,UNPROVEN,,INSUFFICIENT_PROOF
597,TWO_STEP,0x00792ABD,0x00792ABF,0x00792AC3,eax,UNPROVEN,,INSUFFICIENT_PROOF
598,TWO_STEP,0x00792DEC,0x00792DEE,0x00792DF2,eax,UNPROVEN,,INSUFFICIENT_PROOF
599,TWO_STEP,0x00792F02,0x00792F04,0x00792F08,eax,UNPROVEN,,INSUFFICIENT_PROOF
600,TWO_STEP,0x007932C1,0x007932C3,0x007932CF,eax,UNPROVEN,,INSUFFICIENT_PROOF
601,TWO_STEP,0x00793E17,0x00793E19,0x00793E22,ecx,UNPROVEN,,INSUFFICIENT_PROOF
602,TWO_STEP,0x00797541,0x00797543,0x0079754A,esi,UNPROVEN,this-entry,INSUFFICIENT_PROOF
603,TWO_STEP,0x00797584,0x00797586,0x0079758D,esi,UNPROVEN,,INSUFFICIENT_PROOF
604,TWO_STEP,0x007979FD,0x007979FF,0x00797A03,eax,UNPROVEN,,INSUFFICIENT_PROOF
605,TWO_STEP,0x00797C49,0x00797C4B,0x00797C4F,eax,UNPROVEN,,INSUFFICIENT_PROOF
606,TWO_STEP,0x00797E08,0x00797E0A,0x00797E0E,eax,UNPROVEN,,INSUFFICIENT_PROOF
607,TWO_STEP,0x00797E6C,0x00797E6E,0x00797E72,eax,UNPROVEN,,INSUFFICIENT_PROOF
608,TWO_STEP,0x00797EDE,0x00797EE0,0x00797EE4,eax,UNPROVEN,,INSUFFICIENT_PROOF
609,TWO_STEP,0x007990DD,0x007990DF,0x007990E3,eax,UNPROVEN,,INSUFFICIENT_PROOF
610,TWO_STEP,0x007996F4,0x007996F6,0x007996FE,eax,UNPROVEN,,INSUFFICIENT_PROOF
611,TWO_STEP,0x00799953,0x00799955,0x0079995C,esi,UNPROVEN,this-entry,INSUFFICIENT_PROOF
612,TWO_STEP,0x0079A07A,0x0079A07C,0x0079A083,esi,UNPROVEN,this-entry,INSUFFICIENT_PROOF
613,TWO_STEP,0x0079A173,0x0079A175,0x0079A17C,edi,UNPROVEN,,INSUFFICIENT_PROOF
614,TWO_STEP,0x0079BCEF,0x0079BCF1,0x0079BCF5,eax,UNPROVEN,,INSUFFICIENT_PROOF
615,TWO_STEP,0x0079C26B,0x0079C26D,0x0079C270,ecx,UNPROVEN,,INSUFFICIENT_PROOF
616,TWO_STEP,0x0079CA94,0x0079CA96,0x0079CA9F,ecx,UNPROVEN,,INSUFFICIENT_PROOF
617,TWO_STEP,0x0079CAA7,0x0079CAA9,0x0079CAB2,ecx,UNPROVEN,,INSUFFICIENT_PROOF
618,TWO_STEP,0x0079D1D1,0x0079D1D4,0x0079D1D9,ebp,UNPROVEN,,INSUFFICIENT_PROOF
619,TWO_STEP,0x0079DDC5,0x0079DDC8,0x0079DDCD,ebp,UNPROVEN,,INSUFFICIENT_PROOF
620,TWO_STEP,0x0079DDE1,0x0079DDE4,0x0079DDE9,ebp,UNPROVEN,,INSUFFICIENT_PROOF
621,TWO_STEP,0x0079E1BF,0x0079E1C1,0x0079E1C6,edi,UNPROVEN,,INSUFFICIENT_PROOF
622,TWO_STEP,0x0079E35F,0x0079E361,0x0079E366,ebx,UNPROVEN,,INSUFFICIENT_PROOF
623,TWO_STEP,0x0079E77E,0x0079E780,0x0079E783,ecx,UNPROVEN,,INSUFFICIENT_PROOF
624,TWO_STEP,0x0079EBEB,0x0079EBED,0x0079EBF7,ecx,UNPROVEN,,INSUFFICIENT_PROOF
625,TWO_STEP,0x0079EC09,0x0079EC0B,0x0079EC15,ecx,UNPROVEN,,INSUFFICIENT_PROOF
626,TWO_STEP,0x0079EE63,0x0079EE65,0x0079EE6A,esi,UNPROVEN,,INSUFFICIENT_PROOF
627,TWO_STEP,0x0079EE7E,0x0079EE80,0x0079EE85,esi,UNPROVEN,,INSUFFICIENT_PROOF
628,TWO_STEP,0x0079FD40,0x0079FD42,0x0079FD45,ecx,UNPROVEN,,INSUFFICIENT_PROOF
629,TWO_STEP,0x0079FF10,0x0079FF12,0x0079FF15,ecx,UNPROVEN,,INSUFFICIENT_PROOF
630,TWO_STEP,0x007A0A79,0x007A0A7B,0x007A0A85,ecx,UNPROVEN,,INSUFFICIENT_PROOF
631,TWO_STEP,0x007A0A94,0x007A0A96,0x007A0AA0,ecx,UNPROVEN,,INSUFFICIENT_PROOF
632,TWO_STEP,0x007A0ADD,0x007A0ADF,0x007A0AE9,ecx,UNPROVEN,,INSUFFICIENT_PROOF
633,TWO_STEP,0x007A0FC4,0x007A0FC6,0x007A0FCF,ecx,UNPROVEN,,INSUFFICIENT_PROOF
634,TWO_STEP,0x007A0FD7,0x007A0FD9,0x007A0FE2,ecx,UNPROVEN,,INSUFFICIENT_PROOF
635,TWO_STEP,0x007A19B1,0x007A19B3,0x007A19B8,esi,UNPROVEN,,INSUFFICIENT_PROOF
636,TWO_STEP,0x007A19CE,0x007A19D0,0x007A19D5,esi,UNPROVEN,,INSUFFICIENT_PROOF
637,TWO_STEP,0x007A20BF,0x007A20C1,0x007A20CB,ecx,UNPROVEN,,INSUFFICIENT_PROOF
638,TWO_STEP,0x007A20E6,0x007A20E8,0x007A20EE,ecx,UNPROVEN,,INSUFFICIENT_PROOF
639,TWO_STEP,0x007A20FB,0x007A20FD,0x007A2107,ecx,UNPROVEN,,INSUFFICIENT_PROOF
640,TWO_STEP,0x007A28C3,0x007A28C5,0x007A28CA,esi,UNPROVEN,,INSUFFICIENT_PROOF
641,TWO_STEP,0x007A3C65,0x007A3C6C,0x007A3C71,edi,UNPROVEN,,INSUFFICIENT_PROOF
642,TWO_STEP,0x007A4547,0x007A4549,0x007A4552,ecx,UNPROVEN,,INSUFFICIENT_PROOF
643,TWO_STEP,0x007A4561,0x007A4563,0x007A456D,ecx,UNPROVEN,,INSUFFICIENT_PROOF
644,TWO_STEP,0x007A4879,0x007A487B,0x007A4880,esi,UNPROVEN,,INSUFFICIENT_PROOF
645,TWO_STEP,0x007A48AA,0x007A48AC,0x007A48B1,edi,UNPROVEN,,INSUFFICIENT_PROOF
646,TWO_STEP,0x007A4A36,0x007A4A38,0x007A4A3D,esi,UNPROVEN,,INSUFFICIENT_PROOF
647,TWO_STEP,0x007A5B47,0x007A5B49,0x007A5B53,ecx,UNPROVEN,,INSUFFICIENT_PROOF
648,TWO_STEP,0x007A5B62,0x007A5B64,0x007A5B6E,ecx,UNPROVEN,,INSUFFICIENT_PROOF
649,TWO_STEP,0x007A5BAB,0x007A5BAD,0x007A5BB7,ecx,UNPROVEN,,INSUFFICIENT_PROOF
650,TWO_STEP,0x007A5BC6,0x007A5BC8,0x007A5BD2,ecx,UNPROVEN,,INSUFFICIENT_PROOF
651,TWO_STEP,0x007A5C0F,0x007A5C11,0x007A5C1B,ecx,UNPROVEN,,INSUFFICIENT_PROOF
652,TWO_STEP,0x007A5C2A,0x007A5C2C,0x007A5C36,ecx,UNPROVEN,,INSUFFICIENT_PROOF
653,TWO_STEP,0x007A605A,0x007A605C,0x007A6060,eax,UNPROVEN,,INSUFFICIENT_PROOF
654,TWO_STEP,0x007A647F,0x007A6481,0x007A648A,ecx,UNPROVEN,,INSUFFICIENT_PROOF
655,TWO_STEP,0x007A6499,0x007A649B,0x007A64A5,ecx,UNPROVEN,,INSUFFICIENT_PROOF
656,TWO_STEP,0x007A6ACE,0x007A6AD0,0x007A6AD6,ecx,UNPROVEN,,INSUFFICIENT_PROOF
657,TWO_STEP,0x007A6ADE,0x007A6AE0,0x007A6AEA,ecx,UNPROVEN,,INSUFFICIENT_PROOF
658,TWO_STEP,0x007A6C6B,0x007A6C6D,0x007A6C76,ecx,UNPROVEN,,INSUFFICIENT_PROOF
659,TWO_STEP,0x007A6C7E,0x007A6C80,0x007A6C89,ecx,UNPROVEN,,INSUFFICIENT_PROOF
660,TWO_STEP,0x007A6C91,0x007A6C93,0x007A6C9D,ecx,UNPROVEN,,INSUFFICIENT_PROOF
661,TWO_STEP,0x007A6CB2,0x007A6CB4,0x007A6CBB,ecx,UNPROVEN,,INSUFFICIENT_PROOF
662,TWO_STEP,0x007A7245,0x007A7247,0x007A7250,ecx,UNPROVEN,,INSUFFICIENT_PROOF
663,TWO_STEP,0x007A7258,0x007A725A,0x007A7264,ecx,UNPROVEN,,INSUFFICIENT_PROOF
664,TWO_STEP,0x007A7279,0x007A727B,0x007A7283,ecx,UNPROVEN,,INSUFFICIENT_PROOF
665,TWO_STEP,0x007A7F9A,0x007A7F9C,0x007A7FA0,eax,UNPROVEN,,INSUFFICIENT_PROOF
666,TWO_STEP,0x007A7FDA,0x007A7FDC,0x007A7FE0,eax,UNPROVEN,,INSUFFICIENT_PROOF
667,TWO_STEP,0x007A8751,0x007A8753,0x007A8756,ecx,UNPROVEN,,INSUFFICIENT_PROOF
668,TWO_STEP,0x007A8781,0x007A8783,0x007A8786,ecx,UNPROVEN,,INSUFFICIENT_PROOF
669,TWO_STEP,0x007A8ACA,0x007A8ACC,0x007A8AD0,eax,UNPROVEN,,INSUFFICIENT_PROOF
670,TWO_STEP,0x007A8AEF,0x007A8AF2,0x007A8AF5,eax,UNPROVEN,,INSUFFICIENT_PROOF
671,TWO_STEP,0x007A8D80,0x007A8D82,0x007A8D86,eax,UNPROVEN,,INSUFFICIENT_PROOF
672,TWO_STEP,0x007A8E81,0x007A8E83,0x007A8E87,eax,UNPROVEN,,INSUFFICIENT_PROOF
673,TWO_STEP,0x007A8EFD,0x007A8F00,0x007A8F03,eax,UNPROVEN,,INSUFFICIENT_PROOF
674,TWO_STEP,0x007A9488,0x007A948A,0x007A948E,eax,UNPROVEN,,INSUFFICIENT_PROOF
675,TWO_STEP,0x007A9B10,0x007A9B12,0x007A9B17,ebx,UNPROVEN,,INSUFFICIENT_PROOF
676,TWO_STEP,0x007A9C71,0x007A9C73,0x007A9C77,eax,UNPROVEN,,INSUFFICIENT_PROOF
677,TWO_STEP,0x007A9F7A,0x007A9F7C,0x007A9F80,eax,UNPROVEN,,INSUFFICIENT_PROOF
678,TWO_STEP,0x007AA043,0x007AA045,0x007AA049,eax,UNPROVEN,,INSUFFICIENT_PROOF
679,TWO_STEP,0x007AA054,0x007AA056,0x007AA05A,eax,UNPROVEN,,INSUFFICIENT_PROOF
680,TWO_STEP,0x007AA106,0x007AA109,0x007AA10C,eax,UNPROVEN,,INSUFFICIENT_PROOF
681,TWO_STEP,0x007AA117,0x007AA119,0x007AA11D,eax,UNPROVEN,,INSUFFICIENT_PROOF
682,TWO_STEP,0x007AA1E0,0x007AA1E2,0x007AA1E7,esi,UNPROVEN,,INSUFFICIENT_PROOF
683,TWO_STEP,0x007AA725,0x007AA727,0x007AA72B,eax,UNPROVEN,,INSUFFICIENT_PROOF
684,TWO_STEP,0x007AA735,0x007AA737,0x007AA73B,eax,UNPROVEN,,INSUFFICIENT_PROOF
685,TWO_STEP,0x007AA7F9,0x007AA7FC,0x007AA7FF,eax,UNPROVEN,,INSUFFICIENT_PROOF
686,TWO_STEP,0x007AA809,0x007AA80B,0x007AA80F,eax,UNPROVEN,,INSUFFICIENT_PROOF
687,TWO_STEP,0x007AAB3F,0x007AAB41,0x007AAB45,eax,UNPROVEN,,INSUFFICIENT_PROOF
688,TWO_STEP,0x007AAB68,0x007AAB6B,0x007AAB6E,eax,UNPROVEN,,INSUFFICIENT_PROOF
689,TWO_STEP,0x007AB8F0,0x007AB8F2,0x007AB8F6,eax,UNPROVEN,,INSUFFICIENT_PROOF
690,TWO_STEP,0x007ACA94,0x007ACA96,0x007ACA9A,eax,UNPROVEN,,INSUFFICIENT_PROOF
691,TWO_STEP,0x007ACAC1,0x007ACAC3,0x007ACAC7,eax,UNPROVEN,,INSUFFICIENT_PROOF
692,TWO_STEP,0x007ACB00,0x007ACB02,0x007ACB09,eax,UNPROVEN,,INSUFFICIENT_PROOF
693,TWO_STEP,0x007ACB13,0x007ACB15,0x007ACB19,eax,UNPROVEN,,INSUFFICIENT_PROOF
694,TWO_STEP,0x007ACC14,0x007ACC16,0x007ACC1A,eax,UNPROVEN,,INSUFFICIENT_PROOF
695,TWO_STEP,0x007ACC40,0x007ACC42,0x007ACC46,eax,UNPROVEN,,INSUFFICIENT_PROOF
696,TWO_STEP,0x007ACC85,0x007ACC87,0x007ACC8E,eax,UNPROVEN,,INSUFFICIENT_PROOF
697,TWO_STEP,0x007ACC98,0x007ACC9A,0x007ACC9E,eax,UNPROVEN,,INSUFFICIENT_PROOF
698,TWO_STEP,0x007ACFD3,0x007ACFD5,0x007ACFD9,eax,UNPROVEN,,INSUFFICIENT_PROOF
699,TWO_STEP,0x007AD103,0x007AD105,0x007AD109,eax,UNPROVEN,,INSUFFICIENT_PROOF
700,TWO_STEP,0x007AD328,0x007AD32A,0x007AD32E,eax,UNPROVEN,,INSUFFICIENT_PROOF
701,TWO_STEP,0x007AD356,0x007AD358,0x007AD35C,eax,UNPROVEN,,INSUFFICIENT_PROOF
702,TWO_STEP,0x007AD395,0x007AD397,0x007AD39E,eax,UNPROVEN,,INSUFFICIENT_PROOF
703,TWO_STEP,0x007AD3A8,0x007AD3AA,0x007AD3AE,eax,UNPROVEN,,INSUFFICIENT_PROOF
704,TWO_STEP,0x007AD4B3,0x007AD4B5,0x007AD4B9,eax,UNPROVEN,,INSUFFICIENT_PROOF
705,TWO_STEP,0x007AD4E0,0x007AD4E2,0x007AD4E6,eax,UNPROVEN,,INSUFFICIENT_PROOF
706,TWO_STEP,0x007AD525,0x007AD527,0x007AD52E,eax,UNPROVEN,,INSUFFICIENT_PROOF
707,TWO_STEP,0x007AD538,0x007AD53A,0x007AD53E,eax,UNPROVEN,,INSUFFICIENT_PROOF
708,TWO_STEP,0x007ADCC8,0x007ADCCA,0x007ADCCE,eax,UNPROVEN,,INSUFFICIENT_PROOF
709,TWO_STEP,0x007AF31A,0x007AF31C,0x007AF320,eax,UNPROVEN,,INSUFFICIENT_PROOF
710,TWO_STEP,0x007AF3F0,0x007AF3F7,0x007AF3FC,edi,UNPROVEN,,INSUFFICIENT_PROOF
711,TWO_STEP,0x007AF78D,0x007AF78F,0x007AF798,ecx,UNPROVEN,,INSUFFICIENT_PROOF
712,TWO_STEP,0x007AF7A0,0x007AF7A2,0x007AF7AB,ecx,UNPROVEN,,INSUFFICIENT_PROOF
713,TWO_STEP,0x007AF7B3,0x007AF7B5,0x007AF7BE,ecx,UNPROVEN,,INSUFFICIENT_PROOF
714,TWO_STEP,0x007AF7C6,0x007AF7C8,0x007AF7D1,ecx,UNPROVEN,,INSUFFICIENT_PROOF
715,TWO_STEP,0x007AF7D9,0x007AF7DB,0x007AF7E4,ecx,UNPROVEN,,INSUFFICIENT_PROOF
716,TWO_STEP,0x007B057A,0x007B057C,0x007B0583,esi,UNPROVEN,this-entry,INSUFFICIENT_PROOF
717,TWO_STEP,0x007B1314,0x007B1316,0x007B1326,ecx,UNPROVEN,,INSUFFICIENT_PROOF
718,TWO_STEP,0x007B133F,0x007B1341,0x007B134B,ecx,UNPROVEN,,INSUFFICIENT_PROOF
719,TWO_STEP,0x007B1379,0x007B137B,0x007B1385,ecx,UNPROVEN,,INSUFFICIENT_PROOF
720,TWO_STEP,0x007B1413,0x007B1415,0x007B141F,ecx,UNPROVEN,,INSUFFICIENT_PROOF
721,TWO_STEP,0x007B1456,0x007B1458,0x007B1462,ecx,UNPROVEN,,INSUFFICIENT_PROOF
722,TWO_STEP,0x007B156B,0x007B156D,0x007B1577,ecx,UNPROVEN,,INSUFFICIENT_PROOF
723,TWO_STEP,0x007B15A5,0x007B15A7,0x007B15B1,ecx,UNPROVEN,,INSUFFICIENT_PROOF
724,TWO_STEP,0x007B1CFD,0x007B1D00,0x007B1D03,ecx,UNPROVEN,,INSUFFICIENT_PROOF
725,TWO_STEP,0x007B1D70,0x007B1D72,0x007B1D76,eax,UNPROVEN,,INSUFFICIENT_PROOF
726,TWO_STEP,0x007B1DA5,0x007B1DA7,0x007B1DAB,eax,UNPROVEN,,INSUFFICIENT_PROOF
727,TWO_STEP,0x007B1E89,0x007B1E8B,0x007B1E8F,eax,UNPROVEN,,INSUFFICIENT_PROOF
728,TWO_STEP,0x007B1EBF,0x007B1EC1,0x007B1EC5,eax,UNPROVEN,,INSUFFICIENT_PROOF
729,TWO_STEP,0x007B1FC0,0x007B1FC2,0x007B1FC6,eax,UNPROVEN,,INSUFFICIENT_PROOF
730,TWO_STEP,0x007B25B2,0x007B25B4,0x007B25B8,eax,UNPROVEN,,INSUFFICIENT_PROOF
731,TWO_STEP,0x007B25FA,0x007B25FC,0x007B2600,eax,UNPROVEN,,INSUFFICIENT_PROOF
732,TWO_STEP,0x007B2862,0x007B2864,0x007B2868,eax,UNPROVEN,,INSUFFICIENT_PROOF
733,TWO_STEP,0x007B28AA,0x007B28AC,0x007B28B0,eax,UNPROVEN,,INSUFFICIENT_PROOF
734,TWO_STEP,0x007B2CE6,0x007B2CE8,0x007B2CF2,ecx,UNPROVEN,,INSUFFICIENT_PROOF
735,TWO_STEP,0x007B3075,0x007B3077,0x007B3081,ecx,UNPROVEN,,INSUFFICIENT_PROOF
736,TWO_STEP,0x007B3090,0x007B3092,0x007B309D,ecx,UNPROVEN,,INSUFFICIENT_PROOF
737,TWO_STEP,0x007B4056,0x007B4058,0x007B4062,ecx,UNPROVEN,,INSUFFICIENT_PROOF
738,TWO_STEP,0x007B43E8,0x007B43EA,0x007B43F8,ecx,UNPROVEN,,INSUFFICIENT_PROOF
739,TWO_STEP,0x007B536D,0x007B536F,0x007B5375,esi,UNPROVEN,,INSUFFICIENT_PROOF
740,TWO_STEP,0x007B6170,0x007B6178,0x007B617D,edi,UNPROVEN,,INSUFFICIENT_PROOF
741,TWO_STEP,0x007B6670,0x007B6672,0x007B6677,edi,UNPROVEN,,INSUFFICIENT_PROOF
742,TWO_STEP,0x007B66F9,0x007B66FB,0x007B6700,edi,UNPROVEN,,INSUFFICIENT_PROOF
743,TWO_STEP,0x007B6B42,0x007B6B45,0x007B6B4B,ebp,UNPROVEN,,INSUFFICIENT_PROOF
744,TWO_STEP,0x007B7070,0x007B7072,0x007B7077,esi,UNPROVEN,,INSUFFICIENT_PROOF
745,TWO_STEP,0x007B722A,0x007B722C,0x007B722F,ecx,UNPROVEN,,INSUFFICIENT_PROOF
746,TWO_STEP,0x007B75D1,0x007B75D3,0x007B75D7,ecx,UNPROVEN,this-entry,INSUFFICIENT_PROOF
747,TWO_STEP,0x007B75DB,0x007B75DD,0x007B75E2,esi,UNPROVEN,,INSUFFICIENT_PROOF
748,TWO_STEP,0x007B77D7,0x007B77D9,0x007B77E3,ecx,UNPROVEN,,INSUFFICIENT_PROOF
749,TWO_STEP,0x007B7B6A,0x007B7B6C,0x007B7B76,ecx,UNPROVEN,,INSUFFICIENT_PROOF
750,TWO_STEP,0x007B8F2D,0x007B8F2F,0x007B8F39,ecx,UNPROVEN,,INSUFFICIENT_PROOF
751,TWO_STEP,0x007B8F48,0x007B8F4A,0x007B8F54,ecx,UNPROVEN,,INSUFFICIENT_PROOF
752,TWO_STEP,0x007B8FAC,0x007B8FAE,0x007B8FB8,ecx,UNPROVEN,,INSUFFICIENT_PROOF
753,TWO_STEP,0x007B8FC5,0x007B8FC7,0x007B8FD1,ecx,UNPROVEN,this-entry,INSUFFICIENT_PROOF
754,TWO_STEP,0x007B9170,0x007B9172,0x007B917C,ecx,UNPROVEN,,INSUFFICIENT_PROOF
755,TWO_STEP,0x007B91DC,0x007B91DE,0x007B91E8,ecx,UNPROVEN,,INSUFFICIENT_PROOF
756,TWO_STEP,0x007B9371,0x007B9373,0x007B9379,ebx,UNPROVEN,,INSUFFICIENT_PROOF
757,TWO_STEP,0x007B93DD,0x007B93DF,0x007B93E5,ebx,UNPROVEN,,INSUFFICIENT_PROOF
758,TWO_STEP,0x007B9565,0x007B9567,0x007B9571,ecx,UNPROVEN,,INSUFFICIENT_PROOF
759,TWO_STEP,0x007B9580,0x007B9582,0x007B958C,ecx,UNPROVEN,,INSUFFICIENT_PROOF
760,TWO_STEP,0x007B959B,0x007B959D,0x007B95A6,ecx,UNPROVEN,,INSUFFICIENT_PROOF
761,TWO_STEP,0x007B95AE,0x007B95B0,0x007B95B9,ecx,UNPROVEN,,INSUFFICIENT_PROOF
762,TWO_STEP,0x007B95C1,0x007B95C3,0x007B95CC,ecx,UNPROVEN,,INSUFFICIENT_PROOF
763,TWO_STEP,0x007B95DD,0x007B95DF,0x007B95E9,ecx,UNPROVEN,,INSUFFICIENT_PROOF
764,TWO_STEP,0x007B9601,0x007B9603,0x007B960D,ecx,UNPROVEN,,INSUFFICIENT_PROOF
765,TWO_STEP,0x007B9714,0x007B9716,0x007B971F,ecx,UNPROVEN,,INSUFFICIENT_PROOF
766,TWO_STEP,0x007B9727,0x007B9729,0x007B9732,ecx,UNPROVEN,,INSUFFICIENT_PROOF
767,TWO_STEP,0x007B973A,0x007B973C,0x007B9745,ecx,UNPROVEN,,INSUFFICIENT_PROOF
768,TWO_STEP,0x007B974D,0x007B974F,0x007B9758,ecx,UNPROVEN,,INSUFFICIENT_PROOF
769,TWO_STEP,0x007B9760,0x007B9762,0x007B976B,ecx,UNPROVEN,,INSUFFICIENT_PROOF
770,TWO_STEP,0x007B9773,0x007B9775,0x007B977E,ecx,UNPROVEN,,INSUFFICIENT_PROOF
771,TWO_STEP,0x007B9834,0x007B9836,0x007B983F,ecx,UNPROVEN,,INSUFFICIENT_PROOF
772,TWO_STEP,0x007BA9DE,0x007BA9E0,0x007BA9E9,ecx,UNPROVEN,,INSUFFICIENT_PROOF
773,TWO_STEP,0x007BA9FA,0x007BA9FC,0x007BAA06,ecx,UNPROVEN,,INSUFFICIENT_PROOF
774,TWO_STEP,0x007BDDE8,0x007BDDEA,0x007BDDF6,ecx,UNPROVEN,,INSUFFICIENT_PROOF
775,TWO_STEP,0x007BDDFE,0x007BDE00,0x007BDE0C,ecx,UNPROVEN,,INSUFFICIENT_PROOF
776,TWO_STEP,0x007BDE14,0x007BDE16,0x007BDE22,ecx,UNPROVEN,,INSUFFICIENT_PROOF
777,TWO_STEP,0x007BDE2A,0x007BDE2C,0x007BDE38,ecx,UNPROVEN,,INSUFFICIENT_PROOF
778,TWO_STEP,0x007BDE40,0x007BDE42,0x007BDE4E,ecx,UNPROVEN,,INSUFFICIENT_PROOF
779,TWO_STEP,0x007BDE56,0x007BDE58,0x007BDE64,ecx,UNPROVEN,,INSUFFICIENT_PROOF
780,TWO_STEP,0x007BDE6C,0x007BDE6E,0x007BDE7A,ecx,UNPROVEN,,INSUFFICIENT_PROOF
781,TWO_STEP,0x007BDE94,0x007BDE96,0x007BDEA0,ecx,UNPROVEN,,INSUFFICIENT_PROOF
782,TWO_STEP,0x007BDEB6,0x007BDEB8,0x007BDEC4,ecx,UNPROVEN,,INSUFFICIENT_PROOF
783,TWO_STEP,0x007BDECC,0x007BDECE,0x007BDEDA,ecx,UNPROVEN,,INSUFFICIENT_PROOF
784,TWO_STEP,0x007BDEE2,0x007BDEE4,0x007BDEF0,ecx,UNPROVEN,,INSUFFICIENT_PROOF
785,TWO_STEP,0x007BDEF8,0x007BDEFA,0x007BDF06,ecx,UNPROVEN,,INSUFFICIENT_PROOF
786,TWO_STEP,0x007BDF0E,0x007BDF10,0x007BDF1C,ecx,UNPROVEN,,INSUFFICIENT_PROOF
787,TWO_STEP,0x007BECB7,0x007BECB9,0x007BECC2,ecx,UNPROVEN,,INSUFFICIENT_PROOF
788,TWO_STEP,0x007BED17,0x007BED1B,0x007BED24,ecx,UNPROVEN,,INSUFFICIENT_PROOF
789,TWO_STEP,0x007BED94,0x007BED98,0x007BEDA1,ecx,UNPROVEN,,INSUFFICIENT_PROOF
790,TWO_STEP,0x007BF0AA,0x007BF0AC,0x007BF0B1,edi,UNPROVEN,,INSUFFICIENT_PROOF
791,TWO_STEP,0x007BFD9C,0x007BFD9E,0x007BFDA7,ecx,UNPROVEN,,INSUFFICIENT_PROOF
792,TWO_STEP,0x007BFE29,0x007BFE2B,0x007BFE34,ecx,UNPROVEN,,INSUFFICIENT_PROOF
793,TWO_STEP,0x007BFE9A,0x007BFE9C,0x007BFEA6,ecx,UNPROVEN,,INSUFFICIENT_PROOF
794,TWO_STEP,0x007BFEB4,0x007BFEB6,0x007BFEC0,ecx,UNPROVEN,this-entry,INSUFFICIENT_PROOF
795,TWO_STEP,0x007C142D,0x007C142F,0x007C1436,esi,UNPROVEN,,INSUFFICIENT_PROOF
796,TWO_STEP,0x007C171D,0x007C171F,0x007C1728,ecx,UNPROVEN,,INSUFFICIENT_PROOF
797,TWO_STEP,0x007C1730,0x007C1732,0x007C173C,ecx,UNPROVEN,,INSUFFICIENT_PROOF
798,TWO_STEP,0x007C20D0,0x007C20D2,0x007C20DC,ecx,UNPROVEN,,INSUFFICIENT_PROOF
799,TWO_STEP,0x007C20F6,0x007C20F8,0x007C20FE,ecx,UNPROVEN,,INSUFFICIENT_PROOF
800,TWO_STEP,0x007C210E,0x007C2110,0x007C2119,ecx,UNPROVEN,,INSUFFICIENT_PROOF
801,TWO_STEP,0x007C2121,0x007C2123,0x007C212C,ecx,UNPROVEN,,INSUFFICIENT_PROOF
802,TWO_STEP,0x007C2134,0x007C2136,0x007C213F,ecx,UNPROVEN,,INSUFFICIENT_PROOF
803,TWO_STEP,0x007C2151,0x007C2153,0x007C215F,esi,UNPROVEN,,INSUFFICIENT_PROOF
804,TWO_STEP,0x007C29BD,0x007C29BF,0x007C29CB,ecx,UNPROVEN,,INSUFFICIENT_PROOF
805,TWO_STEP,0x007C2A17,0x007C2A19,0x007C2A23,ecx,UNPROVEN,,INSUFFICIENT_PROOF
806,TWO_STEP,0x007C2A94,0x007C2A97,0x007C2AA1,ebp,UNPROVEN,,INSUFFICIENT_PROOF
807,TWO_STEP,0x007C2B07,0x007C2B0A,0x007C2B14,ebp,UNPROVEN,,INSUFFICIENT_PROOF
808,TWO_STEP,0x007C2B33,0x007C2B36,0x007C2B40,ebp,UNPROVEN,,INSUFFICIENT_PROOF
809,TWO_STEP,0x007C2BA2,0x007C2BA4,0x007C2BAE,ecx,UNPROVEN,,INSUFFICIENT_PROOF
810,TWO_STEP,0x007C2BBD,0x007C2BBF,0x007C2BC9,ecx,UNPROVEN,,INSUFFICIENT_PROOF
811,TWO_STEP,0x007C2BD8,0x007C2BDA,0x007C2BE4,ecx,UNPROVEN,,INSUFFICIENT_PROOF
812,TWO_STEP,0x007C2C1E,0x007C2C20,0x007C2C2A,ecx,UNPROVEN,,INSUFFICIENT_PROOF
813,TWO_STEP,0x007C363F,0x007C3641,0x007C364A,ecx,UNPROVEN,,INSUFFICIENT_PROOF
814,TWO_STEP,0x007C3652,0x007C3654,0x007C365D,ecx,UNPROVEN,,INSUFFICIENT_PROOF
815,TWO_STEP,0x007C366B,0x007C366D,0x007C3677,ecx,UNPROVEN,,INSUFFICIENT_PROOF
816,TWO_STEP,0x007C367F,0x007C3681,0x007C368E,ecx,UNPROVEN,,INSUFFICIENT_PROOF
817,TWO_STEP,0x007C3696,0x007C3698,0x007C36A2,ecx,UNPROVEN,,INSUFFICIENT_PROOF
818,TWO_STEP,0x007C36B3,0x007C36B5,0x007C36BF,ecx,UNPROVEN,,INSUFFICIENT_PROOF
819,TWO_STEP,0x007C3723,0x007C3725,0x007C3730,ecx,UNPROVEN,,INSUFFICIENT_PROOF
820,TWO_STEP,0x007C50EB,0x007C50ED,0x007C50F3,ecx,UNPROVEN,,INSUFFICIENT_PROOF
821,TWO_STEP,0x007C55BE,0x007C55C0,0x007C55C6,ecx,UNPROVEN,,INSUFFICIENT_PROOF
822,TWO_STEP,0x007C55CE,0x007C55D0,0x007C55D9,ecx,UNPROVEN,,INSUFFICIENT_PROOF
823,TWO_STEP,0x007C55E1,0x007C55E3,0x007C55EC,ecx,UNPROVEN,,INSUFFICIENT_PROOF
824,TWO_STEP,0x007C5D74,0x007C5D76,0x007C5D82,ecx,UNPROVEN,,INSUFFICIENT_PROOF
825,TWO_STEP,0x007C5D8A,0x007C5D8C,0x007C5D98,ecx,UNPROVEN,,INSUFFICIENT_PROOF
826,TWO_STEP,0x007C5FE4,0x007C5FE6,0x007C5FEF,ecx,UNPROVEN,,INSUFFICIENT_PROOF
827,TWO_STEP,0x007C76C1,0x007C76C3,0x007C76CC,ecx,UNPROVEN,,INSUFFICIENT_PROOF
828,TWO_STEP,0x007C7AEE,0x007C7AF0,0x007C7AF9,ecx,UNPROVEN,,INSUFFICIENT_PROOF
829,TWO_STEP,0x007C7B01,0x007C7B03,0x007C7B0D,ecx,UNPROVEN,,INSUFFICIENT_PROOF
830,TWO_STEP,0x007C7B1C,0x007C7B1E,0x007C7B28,ecx,UNPROVEN,,INSUFFICIENT_PROOF
831,TWO_STEP,0x007C7FAD,0x007C7FAF,0x007C7FB5,esi,UNPROVEN,,INSUFFICIENT_PROOF
832,TWO_STEP,0x007C7FF9,0x007C7FFB,0x007C8001,esi,UNPROVEN,,INSUFFICIENT_PROOF
833,TWO_STEP,0x007C82BB,0x007C82BD,0x007C82C8,ecx,UNPROVEN,,INSUFFICIENT_PROOF
834,TWO_STEP,0x007C82D8,0x007C82DA,0x007C82E4,ecx,UNPROVEN,,INSUFFICIENT_PROOF
835,TWO_STEP,0x007C8B49,0x007C8B4B,0x007C8B55,ecx,UNPROVEN,,INSUFFICIENT_PROOF
836,TWO_STEP,0x007C8B6A,0x007C8B6C,0x007C8B71,edi,UNPROVEN,,INSUFFICIENT_PROOF
837,TWO_STEP,0x007C8B93,0x007C8B95,0x007C8BA3,ecx,UNPROVEN,,INSUFFICIENT_PROOF
838,TWO_STEP,0x007C95C4,0x007C95C6,0x007C95D2,ecx,UNPROVEN,,INSUFFICIENT_PROOF
839,TWO_STEP,0x007C95DA,0x007C95DC,0x007C95E8,ecx,UNPROVEN,,INSUFFICIENT_PROOF
840,TWO_STEP,0x007C95F0,0x007C95F2,0x007C95FE,ecx,UNPROVEN,,INSUFFICIENT_PROOF
841,TWO_STEP,0x007CA0CD,0x007CA0CF,0x007CA0D9,ecx,UNPROVEN,,INSUFFICIENT_PROOF
842,TWO_STEP,0x007CA0EB,0x007CA0ED,0x007CA0F7,ecx,UNPROVEN,,INSUFFICIENT_PROOF
843,TWO_STEP,0x007CA109,0x007CA10B,0x007CA115,ecx,UNPROVEN,,INSUFFICIENT_PROOF
844,TWO_STEP,0x007CA127,0x007CA129,0x007CA133,ecx,UNPROVEN,,INSUFFICIENT_PROOF
845,TWO_STEP,0x007CA14C,0x007CA14E,0x007CA158,ecx,UNPROVEN,,INSUFFICIENT_PROOF
846,TWO_STEP,0x007CA17A,0x007CA17C,0x007CA188,ecx,UNPROVEN,,INSUFFICIENT_PROOF
847,TWO_STEP,0x007CA190,0x007CA192,0x007CA19E,ecx,UNPROVEN,,INSUFFICIENT_PROOF
848,TWO_STEP,0x007CA1AF,0x007CA1B1,0x007CA1BB,ecx,UNPROVEN,,INSUFFICIENT_PROOF
849,TWO_STEP,0x007CA7E4,0x007CA7E6,0x007CA7F2,ecx,UNPROVEN,,INSUFFICIENT_PROOF
850,TWO_STEP,0x007CB1A3,0x007CB1A5,0x007CB1AC,esi,UNPROVEN,this-entry,INSUFFICIENT_PROOF
851,TWO_STEP,0x007CB7D6,0x007CB7D8,0x007CB7DF,edi,UNPROVEN,,INSUFFICIENT_PROOF
852,TWO_STEP,0x007CBE13,0x007CBE15,0x007CBE1E,ecx,UNPROVEN,,INSUFFICIENT_PROOF
853,TWO_STEP,0x007CBE26,0x007CBE2E,0x007CBE31,ecx,UNPROVEN,,INSUFFICIENT_PROOF
854,TWO_STEP,0x007CBE39,0x007CBE3B,0x007CBE44,ecx,UNPROVEN,,INSUFFICIENT_PROOF
855,TWO_STEP,0x007CBE4C,0x007CBE54,0x007CBE57,ecx,UNPROVEN,,INSUFFICIENT_PROOF
856,TWO_STEP,0x007CBE5F,0x007CBE67,0x007CBE6A,ecx,UNPROVEN,,INSUFFICIENT_PROOF
857,TWO_STEP,0x007CBE93,0x007CBE9C,0x007CBE9F,ecx,UNPROVEN,,INSUFFICIENT_PROOF
858,TWO_STEP,0x007CBEB4,0x007CBEB6,0x007CBEC0,ecx,UNPROVEN,,INSUFFICIENT_PROOF
859,TWO_STEP,0x007CBEEE,0x007CBEF7,0x007CBEFA,ecx,UNPROVEN,,INSUFFICIENT_PROOF
860,TWO_STEP,0x007CBF19,0x007CBF1B,0x007CBF25,ecx,UNPROVEN,,INSUFFICIENT_PROOF
861,TWO_STEP,0x007CBF4F,0x007CBF5D,0x007CBF60,ecx,UNPROVEN,,INSUFFICIENT_PROOF
862,TWO_STEP,0x007CBFAB,0x007CBFB4,0x007CBFB7,ecx,UNPROVEN,,INSUFFICIENT_PROOF
863,TWO_STEP,0x007CBFEA,0x007CBFEC,0x007CBFF6,ecx,UNPROVEN,,INSUFFICIENT_PROOF
864,TWO_STEP,0x007CC020,0x007CC02B,0x007CC02E,ecx,UNPROVEN,,INSUFFICIENT_PROOF
865,TWO_STEP,0x007CC036,0x007CC038,0x007CC042,ecx,UNPROVEN,,INSUFFICIENT_PROOF
866,TWO_STEP,0x007CC05E,0x007CC065,0x007CC068,ecx,UNPROVEN,,INSUFFICIENT_PROOF
867,TWO_STEP,0x007CC587,0x007CC589,0x007CC592,ecx,UNPROVEN,,INSUFFICIENT_PROOF
868,TWO_STEP,0x007CD626,0x007CD628,0x007CD631,ecx,UNPROVEN,,INSUFFICIENT_PROOF
869,TWO_STEP,0x007CD672,0x007CD674,0x007CD67E,ecx,UNPROVEN,,INSUFFICIENT_PROOF
870,TWO_STEP,0x007CD6BE,0x007CD6C0,0x007CD6C9,ecx,UNPROVEN,,INSUFFICIENT_PROOF
871,TWO_STEP,0x007CD709,0x007CD70E,0x007CD714,ecx,UNPROVEN,,INSUFFICIENT_PROOF
872,TWO_STEP,0x007CD71C,0x007CD71E,0x007CD727,ecx,UNPROVEN,,INSUFFICIENT_PROOF
873,TWO_STEP,0x007CD769,0x007CD76B,0x007CD777,esi,UNPROVEN,,INSUFFICIENT_PROOF
874,TWO_STEP,0x007CE2B9,0x007CE2BB,0x007CE2C4,ecx,UNPROVEN,,INSUFFICIENT_PROOF
875,TWO_STEP,0x007CF008,0x007CF00A,0x007CF016,ecx,UNPROVEN,,INSUFFICIENT_PROOF
876,TWO_STEP,0x007CF5D7,0x007CF5DA,0x007CF5E6,ebp,UNPROVEN,,INSUFFICIENT_PROOF
877,TWO_STEP,0x007CF624,0x007CF627,0x007CF633,ebp,UNPROVEN,,INSUFFICIENT_PROOF
878,TWO_STEP,0x007CF63C,0x007CF63F,0x007CF64B,ebp,UNPROVEN,,INSUFFICIENT_PROOF
879,TWO_STEP,0x007CF65D,0x007CF666,0x007CF66B,ebp,UNPROVEN,,INSUFFICIENT_PROOF
880,TWO_STEP,0x007CF66D,0x007CF676,0x007CF67B,ebp,UNPROVEN,,INSUFFICIENT_PROOF
881,TWO_STEP,0x007CF67D,0x007CF680,0x007CF68C,ebp,UNPROVEN,,INSUFFICIENT_PROOF
882,TWO_STEP,0x007CF68E,0x007CF691,0x007CF69D,ebp,UNPROVEN,,INSUFFICIENT_PROOF
883,TWO_STEP,0x007CF6B4,0x007CF6B7,0x007CF6C3,ebp,UNPROVEN,,INSUFFICIENT_PROOF
884,TWO_STEP,0x007CF6D8,0x007CF6DB,0x007CF6E7,ebp,UNPROVEN,,INSUFFICIENT_PROOF
885,TWO_STEP,0x007CF6E9,0x007CF6EC,0x007CF6F8,ebp,UNPROVEN,,INSUFFICIENT_PROOF
886,TWO_STEP,0x007CF6FA,0x007CF6FD,0x007CF709,ebp,UNPROVEN,,INSUFFICIENT_PROOF
887,TWO_STEP,0x007CF78C,0x007CF78F,0x007CF79B,ebp,UNPROVEN,,INSUFFICIENT_PROOF
888,TWO_STEP,0x007CF79D,0x007CF7A0,0x007CF7AC,ebp,UNPROVEN,,INSUFFICIENT_PROOF
889,TWO_STEP,0x007CF7AE,0x007CF7B1,0x007CF7BD,ebp,UNPROVEN,,INSUFFICIENT_PROOF
890,TWO_STEP,0x007CF7BF,0x007CF7C2,0x007CF7CE,ebp,UNPROVEN,,INSUFFICIENT_PROOF
891,TWO_STEP,0x007CF7D0,0x007CF7D3,0x007CF7DF,ebp,UNPROVEN,,INSUFFICIENT_PROOF
892,TWO_STEP,0x007CF868,0x007CF86B,0x007CF877,ebp,UNPROVEN,,INSUFFICIENT_PROOF
893,TWO_STEP,0x007CF8A0,0x007CF8A3,0x007CF8AF,ebp,UNPROVEN,,INSUFFICIENT_PROOF
894,TWO_STEP,0x007CF974,0x007CF998,0x007CF99D,ecx,UNPROVEN,,INSUFFICIENT_PROOF
895,TWO_STEP,0x007CFA27,0x007CFA49,0x007CFA4E,ecx,UNPROVEN,,INSUFFICIENT_PROOF
896,TWO_STEP,0x007CFF4F,0x007CFF51,0x007CFF5A,ecx,UNPROVEN,,INSUFFICIENT_PROOF
897,TWO_STEP,0x007D08FD,0x007D08FF,0x007D0906,esi,UNPROVEN,this-entry,INSUFFICIENT_PROOF
898,TWO_STEP,0x007D10C3,0x007D10C5,0x007D10CC,esi,UNPROVEN,,INSUFFICIENT_PROOF
899,TWO_STEP,0x007D12BA,0x007D12CA,0x007D12D0,esi,UNPROVEN,,INSUFFICIENT_PROOF
900,TWO_STEP,0x007D135D,0x007D135F,0x007D1364,esi,UNPROVEN,,INSUFFICIENT_PROOF
901,TWO_STEP,0x007D1E6A,0x007D1E6C,0x007D1E76,ecx,UNPROVEN,,INSUFFICIENT_PROOF
902,TWO_STEP,0x007D1ECE,0x007D1ED0,0x007D1EDA,ecx,UNPROVEN,,INSUFFICIENT_PROOF
903,TWO_STEP,0x007D1F29,0x007D1F2B,0x007D1F35,ecx,UNPROVEN,,INSUFFICIENT_PROOF
904,TWO_STEP,0x007D2065,0x007D2067,0x007D2071,ecx,UNPROVEN,,INSUFFICIENT_PROOF
905,TWO_STEP,0x007D2161,0x007D2163,0x007D216C,ecx,UNPROVEN,,INSUFFICIENT_PROOF
906,TWO_STEP,0x007D225F,0x007D2261,0x007D226B,ecx,UNPROVEN,,INSUFFICIENT_PROOF
907,TWO_STEP,0x007D228D,0x007D228F,0x007D2299,ecx,UNPROVEN,,INSUFFICIENT_PROOF
908,TWO_STEP,0x007D233E,0x007D2340,0x007D234A,ecx,UNPROVEN,,INSUFFICIENT_PROOF
909,TWO_STEP,0x007D2396,0x007D2398,0x007D23A2,ecx,UNPROVEN,,INSUFFICIENT_PROOF
910,TWO_STEP,0x007D26CA,0x007D26CC,0x007D26D6,ecx,UNPROVEN,,INSUFFICIENT_PROOF
911,TWO_STEP,0x007D26FA,0x007D2701,0x007D2704,ecx,UNPROVEN,,INSUFFICIENT_PROOF
912,TWO_STEP,0x007D2B13,0x007D2B15,0x007D2B1F,ecx,UNPROVEN,,INSUFFICIENT_PROOF
913,TWO_STEP,0x007D2B56,0x007D2B58,0x007D2B62,ecx,UNPROVEN,,INSUFFICIENT_PROOF
914,TWO_STEP,0x007D2B6E,0x007D2B70,0x007D2B79,ecx,UNPROVEN,,INSUFFICIENT_PROOF
915,TWO_STEP,0x007D2BD6,0x007D2BD8,0x007D2BE2,ecx,UNPROVEN,,INSUFFICIENT_PROOF
916,TWO_STEP,0x007D2CF3,0x007D2CF5,0x007D2CFF,ecx,UNPROVEN,,INSUFFICIENT_PROOF
917,TWO_STEP,0x007D2D0B,0x007D2D0D,0x007D2D16,ecx,UNPROVEN,,INSUFFICIENT_PROOF
918,TWO_STEP,0x007D314A,0x007D314C,0x007D3153,esi,UNPROVEN,this-entry,INSUFFICIENT_PROOF
919,TWO_STEP,0x007D32E9,0x007D32EB,0x007D32F0,esi,UNPROVEN,,INSUFFICIENT_PROOF
920,TWO_STEP,0x007D37F9,0x007D37FB,0x007D37FE,ecx,UNPROVEN,,INSUFFICIENT_PROOF
921,TWO_STEP,0x007D397C,0x007D397E,0x007D3981,ecx,UNPROVEN,,INSUFFICIENT_PROOF
922,TWO_STEP,0x007D758D,0x007D758F,0x007D7596,edi,UNPROVEN,,INSUFFICIENT_PROOF
923,TWO_STEP,0x007D8864,0x007D886A,0x007D886F,esi,UNPROVEN,,INSUFFICIENT_PROOF
924,TWO_STEP,0x007D9F0F,0x007D9F11,0x007D9F1B,ecx,UNPROVEN,,INSUFFICIENT_PROOF
925,TWO_STEP,0x007D9F37,0x007D9F39,0x007D9F43,ecx,UNPROVEN,,INSUFFICIENT_PROOF
926,TWO_STEP,0x007D9F89,0x007D9F8B,0x007D9F91,ecx,UNPROVEN,,INSUFFICIENT_PROOF
927,TWO_STEP,0x007D9FBF,0x007D9FC1,0x007D9FCE,ecx,UNPROVEN,,INSUFFICIENT_PROOF
928,TWO_STEP,0x007D9FE9,0x007D9FEB,0x007D9FF5,ecx,UNPROVEN,,INSUFFICIENT_PROOF
929,TWO_STEP,0x007DA03B,0x007DA03D,0x007DA043,ecx,UNPROVEN,,INSUFFICIENT_PROOF
930,TWO_STEP,0x007DB4D6,0x007DB4D8,0x007DB4E2,ecx,UNPROVEN,,INSUFFICIENT_PROOF
931,TWO_STEP,0x007DB54E,0x007DB550,0x007DB55A,ecx,UNPROVEN,,INSUFFICIENT_PROOF
932,TWO_STEP,0x007DB5F9,0x007DB5FB,0x007DB605,ecx,UNPROVEN,,INSUFFICIENT_PROOF
933,TWO_STEP,0x007DBB94,0x007DBB96,0x007DBB9F,ecx,UNPROVEN,,INSUFFICIENT_PROOF
934,TWO_STEP,0x007DBBA7,0x007DBBA9,0x007DBBB3,ecx,UNPROVEN,,INSUFFICIENT_PROOF
935,TWO_STEP,0x007DBBC2,0x007DBBC4,0x007DBBCD,ecx,UNPROVEN,,INSUFFICIENT_PROOF
936,TWO_STEP,0x007DBBD5,0x007DBBD7,0x007DBBE0,ecx,UNPROVEN,,INSUFFICIENT_PROOF
937,TWO_STEP,0x007DBBE8,0x007DBBEA,0x007DBBF4,ecx,UNPROVEN,,INSUFFICIENT_PROOF
938,TWO_STEP,0x007DBC03,0x007DBC05,0x007DBC0F,ecx,UNPROVEN,,INSUFFICIENT_PROOF
939,TWO_STEP,0x007DBC1E,0x007DBC20,0x007DBC2A,ecx,UNPROVEN,,INSUFFICIENT_PROOF
940,TWO_STEP,0x007DBC39,0x007DBC3B,0x007DBC45,ecx,UNPROVEN,,INSUFFICIENT_PROOF
941,TWO_STEP,0x007DC30F,0x007DC311,0x007DC31A,ecx,UNPROVEN,,INSUFFICIENT_PROOF
942,TWO_STEP,0x007DC322,0x007DC324,0x007DC32D,ecx,UNPROVEN,,INSUFFICIENT_PROOF
943,TWO_STEP,0x007DCCBE,0x007DCCC0,0x007DCCC6,ecx,UNPROVEN,,INSUFFICIENT_PROOF
944,TWO_STEP,0x007DCCCE,0x007DCCD0,0x007DCCD9,ecx,UNPROVEN,,INSUFFICIENT_PROOF
945,TWO_STEP,0x007DCCE1,0x007DCCE3,0x007DCCEC,ecx,UNPROVEN,,INSUFFICIENT_PROOF
946,TWO_STEP,0x007DCCF4,0x007DCCF6,0x007DCCFF,ecx,UNPROVEN,,INSUFFICIENT_PROOF
947,TWO_STEP,0x007DD5D9,0x007DD5DB,0x007DD5E4,ecx,UNPROVEN,,INSUFFICIENT_PROOF
948,TWO_STEP,0x007DD5FA,0x007DD5FC,0x007DD606,ecx,UNPROVEN,,INSUFFICIENT_PROOF
949,TWO_STEP,0x007DD636,0x007DD63F,0x007DD642,ecx,UNPROVEN,,INSUFFICIENT_PROOF
950,TWO_STEP,0x007DD64A,0x007DD64C,0x007DD655,ecx,UNPROVEN,,INSUFFICIENT_PROOF
951,TWO_STEP,0x007DD700,0x007DD702,0x007DD70E,ecx,UNPROVEN,,INSUFFICIENT_PROOF
952,TWO_STEP,0x007DD7C4,0x007DD7C6,0x007DD7CD,ecx,UNPROVEN,,INSUFFICIENT_PROOF
953,TWO_STEP,0x007DDDD8,0x007DDDDA,0x007DDDE3,ecx,UNPROVEN,,INSUFFICIENT_PROOF
954,TWO_STEP,0x007DDDEB,0x007DDDED,0x007DDDF6,ecx,UNPROVEN,,INSUFFICIENT_PROOF
955,TWO_STEP,0x007DF059,0x007DF05B,0x007DF064,ecx,UNPROVEN,,INSUFFICIENT_PROOF
956,TWO_STEP,0x007DF076,0x007DF078,0x007DF081,ecx,UNPROVEN,,INSUFFICIENT_PROOF
957,TWO_STEP,0x007DF089,0x007DF08B,0x007DF094,ecx,UNPROVEN,,INSUFFICIENT_PROOF
958,TWO_STEP,0x007DF0A4,0x007DF0A8,0x007DF0B1,ecx,UNPROVEN,,INSUFFICIENT_PROOF
959,TWO_STEP,0x007DF120,0x007DF12B,0x007DF12E,ecx,UNPROVEN,,INSUFFICIENT_PROOF
960,TWO_STEP,0x007DF144,0x007DF146,0x007DF14F,ecx,UNPROVEN,,INSUFFICIENT_PROOF
961,TWO_STEP,0x007DF169,0x007DF16D,0x007DF176,ecx,UNPROVEN,,INSUFFICIENT_PROOF
962,TWO_STEP,0x007DF1D9,0x007DF1E5,0x007DF1E8,ecx,UNPROVEN,,INSUFFICIENT_PROOF
963,TWO_STEP,0x007DF200,0x007DF204,0x007DF20D,ecx,UNPROVEN,,INSUFFICIENT_PROOF
964,TWO_STEP,0x007DF2A7,0x007DF2A9,0x007DF2B4,ecx,UNPROVEN,,INSUFFICIENT_PROOF
965,TWO_STEP,0x007DF2C6,0x007DF2C8,0x007DF2D2,ecx,UNPROVEN,,INSUFFICIENT_PROOF
966,TWO_STEP,0x007DF2F2,0x007DF2F4,0x007DF2FD,ecx,UNPROVEN,,INSUFFICIENT_PROOF
967,TWO_STEP,0x007DF30E,0x007DF310,0x007DF319,ecx,UNPROVEN,,INSUFFICIENT_PROOF
968,TWO_STEP,0x007DF36C,0x007DF36E,0x007DF37D,ecx,UNPROVEN,,INSUFFICIENT_PROOF
969,TWO_STEP,0x007DF38E,0x007DF390,0x007DF39B,edi,UNPROVEN,,INSUFFICIENT_PROOF
970,TWO_STEP,0x007E0B9D,0x007E0B9F,0x007E0BA8,ecx,UNPROVEN,,INSUFFICIENT_PROOF
971,TWO_STEP,0x007E11F3,0x007E11F5,0x007E11FF,ecx,UNPROVEN,,INSUFFICIENT_PROOF
972,TWO_STEP,0x007E1278,0x007E127A,0x007E1286,ecx,UNPROVEN,,INSUFFICIENT_PROOF
973,TWO_STEP,0x007E12AE,0x007E12B0,0x007E12B9,ecx,UNPROVEN,,INSUFFICIENT_PROOF
974,TWO_STEP,0x007E12C4,0x007E12C8,0x007E12D1,ecx,UNPROVEN,,INSUFFICIENT_PROOF
975,TWO_STEP,0x007E131C,0x007E1324,0x007E1327,ecx,UNPROVEN,,INSUFFICIENT_PROOF
976,TWO_STEP,0x007E1362,0x007E1364,0x007E136D,ecx,UNPROVEN,,INSUFFICIENT_PROOF
977,TWO_STEP,0x007E137B,0x007E137D,0x007E1387,ecx,UNPROVEN,this-entry,INSUFFICIENT_PROOF
978,TWO_STEP,0x007E1437,0x007E1439,0x007E1443,ecx,UNPROVEN,,INSUFFICIENT_PROOF
979,TWO_STEP,0x007E2075,0x007E2077,0x007E2080,ecx,UNPROVEN,,INSUFFICIENT_PROOF
980,TWO_STEP,0x007E20D2,0x007E20D4,0x007E20DE,ecx,UNPROVEN,,INSUFFICIENT_PROOF
981,TWO_STEP,0x007E20EF,0x007E20F1,0x007E20FB,ecx,UNPROVEN,,INSUFFICIENT_PROOF
982,TWO_STEP,0x007E2155,0x007E2157,0x007E2162,ecx,UNPROVEN,,INSUFFICIENT_PROOF
983,TWO_STEP,0x007E2D99,0x007E2D9B,0x007E2DA5,esi,UNPROVEN,,INSUFFICIENT_PROOF
984,TWO_STEP,0x007E3FF8,0x007E3FFA,0x007E3FFF,edi,UNPROVEN,callee->UNKNOWN,INSUFFICIENT_PROOF
985,TWO_STEP,0x007E4046,0x007E4048,0x007E404D,edi,UNPROVEN,,INSUFFICIENT_PROOF
986,TWO_STEP,0x007E4233,0x007E4236,0x007E423E,ebp,UNPROVEN,,INSUFFICIENT_PROOF
987,TWO_STEP,0x007E4240,0x007E4242,0x007E424B,ebx,UNPROVEN,,INSUFFICIENT_PROOF
988,TWO_STEP,0x007E439C,0x007E439E,0x007E43A7,ecx,UNPROVEN,,INSUFFICIENT_PROOF
989,TWO_STEP,0x007E43AF,0x007E43B1,0x007E43BA,ecx,UNPROVEN,,INSUFFICIENT_PROOF
990,TWO_STEP,0x007E43C2,0x007E43C4,0x007E43CD,ecx,UNPROVEN,,INSUFFICIENT_PROOF
991,TWO_STEP,0x007E43D5,0x007E43D7,0x007E43E0,ecx,UNPROVEN,,INSUFFICIENT_PROOF
992,TWO_STEP,0x007E43E8,0x007E43EA,0x007E43F3,ecx,UNPROVEN,,INSUFFICIENT_PROOF
993,TWO_STEP,0x007E440C,0x007E440E,0x007E4418,ecx,UNPROVEN,,INSUFFICIENT_PROOF
994,TWO_STEP,0x007E6486,0x007E6488,0x007E6492,ecx,UNPROVEN,,INSUFFICIENT_PROOF
995,TWO_STEP,0x007E6558,0x007E655B,0x007E6565,ebp,UNPROVEN,,INSUFFICIENT_PROOF
996,TWO_STEP,0x007E6583,0x007E6586,0x007E6590,ebp,UNPROVEN,,INSUFFICIENT_PROOF
997,TWO_STEP,0x007E65F0,0x007E65F2,0x007E65FC,ecx,UNPROVEN,,INSUFFICIENT_PROOF
998,TWO_STEP,0x007E660B,0x007E660D,0x007E6617,ecx,UNPROVEN,,INSUFFICIENT_PROOF
999,TWO_STEP,0x007E6626,0x007E6628,0x007E6632,ecx,UNPROVEN,,INSUFFICIENT_PROOF
1000,TWO_STEP,0x007E6648,0x007E664A,0x007E6654,ecx,UNPROVEN,,INSUFFICIENT_PROOF
1001,TWO_STEP,0x007E6B7B,0x007E6B7D,0x007E6B87,ecx,UNPROVEN,,INSUFFICIENT_PROOF
1002,TWO_STEP,0x007E6BC5,0x007E6BC7,0x007E6BD1,esi,UNPROVEN,,INSUFFICIENT_PROOF
1003,TWO_STEP,0x007E6BEB,0x007E6BED,0x007E6BF7,esi,UNPROVEN,,INSUFFICIENT_PROOF
1004,TWO_STEP,0x007E6C1C,0x007E6C1E,0x007E6C28,ecx,UNPROVEN,,INSUFFICIENT_PROOF
1005,TWO_STEP,0x007E7785,0x007E7787,0x007E7790,ecx,UNPROVEN,,INSUFFICIENT_PROOF
1006,TWO_STEP,0x007E77B9,0x007E77C4,0x007E77C7,ecx,UNPROVEN,,INSUFFICIENT_PROOF
1007,TWO_STEP,0x007E8D2C,0x007E8D2E,0x007E8D38,ecx,UNPROVEN,,INSUFFICIENT_PROOF
1008,TWO_STEP,0x007E8D48,0x007E8D4A,0x007E8D54,ecx,UNPROVEN,,INSUFFICIENT_PROOF
1009,TWO_STEP,0x007E965E,0x007E9660,0x007E9666,ecx,UNPROVEN,,INSUFFICIENT_PROOF
1010,TWO_STEP,0x007E966E,0x007E9670,0x007E9679,ecx,UNPROVEN,,INSUFFICIENT_PROOF
1011,TWO_STEP,0x007E9C07,0x007E9C09,0x007E9C13,ecx,UNPROVEN,,INSUFFICIENT_PROOF
1012,TWO_STEP,0x007E9C4F,0x007E9C51,0x007E9C54,ecx,UNPROVEN,,INSUFFICIENT_PROOF
1013,TWO_STEP,0x007E9C5C,0x007E9C5E,0x007E9C68,ecx,UNPROVEN,,INSUFFICIENT_PROOF
1014,TWO_STEP,0x007E9C70,0x007E9C72,0x007E9C7C,ecx,UNPROVEN,,INSUFFICIENT_PROOF
1015,TWO_STEP,0x007E9C84,0x007E9C86,0x007E9C90,ecx,UNPROVEN,,INSUFFICIENT_PROOF
1016,TWO_STEP,0x007E9C98,0x007E9C9A,0x007E9CA4,ecx,UNPROVEN,,INSUFFICIENT_PROOF
1017,TWO_STEP,0x007E9CAC,0x007E9CAE,0x007E9CB8,ecx,UNPROVEN,,INSUFFICIENT_PROOF
1018,TWO_STEP,0x007EA36C,0x007EA36E,0x007EA373,edi,UNPROVEN,,INSUFFICIENT_PROOF
1019,TWO_STEP,0x007EA3DF,0x007EA3E1,0x007EA3E6,edi,UNPROVEN,,INSUFFICIENT_PROOF
1020,TWO_STEP,0x007EA4C2,0x007EA4C4,0x007EA4C9,edi,UNPROVEN,,INSUFFICIENT_PROOF
1021,TWO_STEP,0x007EA515,0x007EA517,0x007EA51C,edi,UNPROVEN,,INSUFFICIENT_PROOF
1022,TWO_STEP,0x007EA5D4,0x007EA5D6,0x007EA5DB,edi,UNPROVEN,,INSUFFICIENT_PROOF
1023,TWO_STEP,0x007EA674,0x007EA676,0x007EA67B,edi,UNPROVEN,,INSUFFICIENT_PROOF
1024,TWO_STEP,0x007EB24C,0x007EB24E,0x007EB253,esi,UNPROVEN,,INSUFFICIENT_PROOF
1025,TWO_STEP,0x007EB3B7,0x007EB3B9,0x007EB3BE,edi,UNPROVEN,,INSUFFICIENT_PROOF
1026,TWO_STEP,0x007EBD65,0x007EBD67,0x007EBD71,ecx,UNPROVEN,,INSUFFICIENT_PROOF
1027,TWO_STEP,0x007EBD86,0x007EBD88,0x007EBD90,ecx,UNPROVEN,,INSUFFICIENT_PROOF
1028,TWO_STEP,0x007EBDD0,0x007EBDD2,0x007EBDDE,ecx,UNPROVEN,,INSUFFICIENT_PROOF
1029,TWO_STEP,0x007EC235,0x007EC237,0x007EC23A,ecx,UNPROVEN,,INSUFFICIENT_PROOF
1030,TWO_STEP,0x007EC26B,0x007EC26D,0x007EC270,ecx,UNPROVEN,,INSUFFICIENT_PROOF
1031,TWO_STEP,0x007EC52F,0x007EC531,0x007EC534,ecx,UNPROVEN,,INSUFFICIENT_PROOF
1032,TWO_STEP,0x007EC859,0x007EC85C,0x007EC861,ebp,UNPROVEN,,INSUFFICIENT_PROOF
1033,TWO_STEP,0x007EC8D0,0x007EC8D3,0x007EC8D8,ebp,UNPROVEN,,INSUFFICIENT_PROOF
1034,TWO_STEP,0x007EC9C4,0x007EC9C6,0x007EC9CB,edi,UNPROVEN,,INSUFFICIENT_PROOF
1035,TWO_STEP,0x007EC9E3,0x007EC9E5,0x007EC9EA,edi,UNPROVEN,,INSUFFICIENT_PROOF
1036,TWO_STEP,0x007ED5CF,0x007ED5D1,0x007ED5D4,ecx,UNPROVEN,,INSUFFICIENT_PROOF
1037,TWO_STEP,0x007EE005,0x007EE007,0x007EE010,ecx,UNPROVEN,,INSUFFICIENT_PROOF
1038,TWO_STEP,0x007EE029,0x007EE030,0x007EE033,ecx,UNPROVEN,,INSUFFICIENT_PROOF
1039,TWO_STEP,0x007EE71B,0x007EE71D,0x007EE722,edi,UNPROVEN,,INSUFFICIENT_PROOF
1040,TWO_STEP,0x007EE7A3,0x007EE7A9,0x007EE7AF,ecx,UNPROVEN,this-entry,INSUFFICIENT_PROOF
1041,TWO_STEP,0x007EEC24,0x007EEC26,0x007EEC30,ecx,UNPROVEN,,INSUFFICIENT_PROOF
1042,TWO_STEP,0x007EFE2A,0x007EFE2C,0x007EFE3D,ebx,UNPROVEN,,INSUFFICIENT_PROOF
1043,TWO_STEP,0x007EFE60,0x007EFE62,0x007EFE6C,ebx,UNPROVEN,,INSUFFICIENT_PROOF
1044,TWO_STEP,0x007EFEC2,0x007EFECB,0x007EFED2,ebx,UNPROVEN,,INSUFFICIENT_PROOF
1045,TWO_STEP,0x007EFF9E,0x007EFFA0,0x007EFFA5,ecx,UNPROVEN,,INSUFFICIENT_PROOF
1046,TWO_STEP,0x007EFFE5,0x007EFFE7,0x007EFFEE,ecx,UNPROVEN,,INSUFFICIENT_PROOF
1047,TWO_STEP,0x007F0051,0x007F0053,0x007F005B,ecx,UNPROVEN,,INSUFFICIENT_PROOF
1048,TWO_STEP,0x007F00AD,0x007F00AF,0x007F00B8,ecx,UNPROVEN,,INSUFFICIENT_PROOF
1049,TWO_STEP,0x007F0161,0x007F0163,0x007F016E,esi,UNPROVEN,,INSUFFICIENT_PROOF
1050,TWO_STEP,0x007F0170,0x007F0172,0x007F017D,esi,UNPROVEN,,INSUFFICIENT_PROOF
1051,TWO_STEP,0x007F017F,0x007F0181,0x007F018C,esi,UNPROVEN,,INSUFFICIENT_PROOF
1052,TWO_STEP,0x007F018E,0x007F0190,0x007F019B,esi,UNPROVEN,,INSUFFICIENT_PROOF
1053,TWO_STEP,0x007F019D,0x007F01A5,0x007F01AA,esi,UNPROVEN,,INSUFFICIENT_PROOF
1054,TWO_STEP,0x007F01AC,0x007F01B4,0x007F01B9,esi,UNPROVEN,,INSUFFICIENT_PROOF
1055,TWO_STEP,0x007F01BB,0x007F01BD,0x007F01C8,esi,UNPROVEN,,INSUFFICIENT_PROOF
1056,TWO_STEP,0x007F01CA,0x007F01CC,0x007F01D7,esi,UNPROVEN,,INSUFFICIENT_PROOF
1057,TWO_STEP,0x007F01D9,0x007F01E5,0x007F01EA,esi,UNPROVEN,,INSUFFICIENT_PROOF
1058,TWO_STEP,0x007F01EC,0x007F01F8,0x007F01FD,esi,UNPROVEN,,INSUFFICIENT_PROOF
1059,TWO_STEP,0x007F01FF,0x007F0207,0x007F020C,esi,UNPROVEN,,INSUFFICIENT_PROOF
1060,TWO_STEP,0x007F020E,0x007F0216,0x007F021B,esi,UNPROVEN,,INSUFFICIENT_PROOF
1061,TWO_STEP,0x007F0718,0x007F071A,0x007F0722,ecx,UNPROVEN,,INSUFFICIENT_PROOF
1062,TWO_STEP,0x007F09E7,0x007F09E9,0x007F09F7,esi,UNPROVEN,,INSUFFICIENT_PROOF
1063,TWO_STEP,0x007F0A53,0x007F0A55,0x007F0A60,esi,UNPROVEN,,INSUFFICIENT_PROOF
1064,TWO_STEP,0x007F0A6A,0x007F0A6C,0x007F0A78,esi,UNPROVEN,,INSUFFICIENT_PROOF
1065,TWO_STEP,0x007F0A7A,0x007F0A7C,0x007F0A88,esi,UNPROVEN,,INSUFFICIENT_PROOF
1066,TWO_STEP,0x007F0AA2,0x007F0AA4,0x007F0AB0,esi,UNPROVEN,,INSUFFICIENT_PROOF
1067,TWO_STEP,0x007F0ACA,0x007F0ACC,0x007F0AD8,esi,UNPROVEN,,INSUFFICIENT_PROOF
1068,TWO_STEP,0x007F0AF2,0x007F0AF4,0x007F0B00,esi,UNPROVEN,,INSUFFICIENT_PROOF
1069,TWO_STEP,0x007F0B02,0x007F0B04,0x007F0B10,esi,UNPROVEN,,INSUFFICIENT_PROOF
1070,TWO_STEP,0x007F0B24,0x007F0B2D,0x007F0B32,esi,UNPROVEN,,INSUFFICIENT_PROOF
1071,TWO_STEP,0x007F0DD3,0x007F0DD6,0x007F0DE2,ebp,UNPROVEN,,INSUFFICIENT_PROOF
1072,TWO_STEP,0x007F0E20,0x007F0E23,0x007F0E2F,ebp,UNPROVEN,,INSUFFICIENT_PROOF
1073,TWO_STEP,0x007F0E8C,0x007F0E8F,0x007F0E96,ebp,UNPROVEN,,INSUFFICIENT_PROOF
1074,TWO_STEP,0x007F1269,0x007F126B,0x007F1279,esi,UNPROVEN,,INSUFFICIENT_PROOF
1075,TWO_STEP,0x007F12B0,0x007F12B2,0x007F12BE,esi,UNPROVEN,,INSUFFICIENT_PROOF
1076,TWO_STEP,0x007F12C0,0x007F12C2,0x007F12CE,esi,UNPROVEN,,INSUFFICIENT_PROOF
1077,TWO_STEP,0x007F12D0,0x007F12D2,0x007F12DE,esi,UNPROVEN,,INSUFFICIENT_PROOF
1078,TWO_STEP,0x007F12E0,0x007F12E2,0x007F12ED,esi,UNPROVEN,,INSUFFICIENT_PROOF
1079,TWO_STEP,0x007F12EF,0x007F12F1,0x007F12FD,esi,UNPROVEN,,INSUFFICIENT_PROOF
1080,TWO_STEP,0x007F12FF,0x007F1301,0x007F130D,esi,UNPROVEN,,INSUFFICIENT_PROOF
1081,TWO_STEP,0x007F130F,0x007F1311,0x007F131D,esi,UNPROVEN,,INSUFFICIENT_PROOF
1082,TWO_STEP,0x007F131F,0x007F1321,0x007F132D,esi,UNPROVEN,,INSUFFICIENT_PROOF
1083,TWO_STEP,0x007F132F,0x007F1331,0x007F133C,esi,UNPROVEN,,INSUFFICIENT_PROOF
1084,TWO_STEP,0x007F133E,0x007F1340,0x007F134C,esi,UNPROVEN,,INSUFFICIENT_PROOF
1085,TWO_STEP,0x007F134E,0x007F1350,0x007F135C,esi,UNPROVEN,,INSUFFICIENT_PROOF
1086,TWO_STEP,0x007F135E,0x007F1366,0x007F136C,esi,UNPROVEN,,INSUFFICIENT_PROOF
1087,TWO_STEP,0x007F136E,0x007F1370,0x007F137C,esi,UNPROVEN,,INSUFFICIENT_PROOF
1088,TWO_STEP,0x007F137E,0x007F1386,0x007F138B,esi,UNPROVEN,,INSUFFICIENT_PROOF
1089,TWO_STEP,0x007F138D,0x007F138F,0x007F139B,esi,UNPROVEN,,INSUFFICIENT_PROOF
1090,TWO_STEP,0x007F1805,0x007F1807,0x007F180E,edi,UNPROVEN,,INSUFFICIENT_PROOF
1091,TWO_STEP,0x007F1936,0x007F1938,0x007F193F,edi,UNPROVEN,,INSUFFICIENT_PROOF
1092,TWO_STEP,0x007F1945,0x007F1947,0x007F1952,edi,UNPROVEN,,INSUFFICIENT_PROOF
1093,TWO_STEP,0x007F1973,0x007F1975,0x007F197C,edi,UNPROVEN,,INSUFFICIENT_PROOF
1094,TWO_STEP,0x007F19C3,0x007F19C5,0x007F19CC,edi,UNPROVEN,,INSUFFICIENT_PROOF
1095,TWO_STEP,0x007F19D2,0x007F19D4,0x007F19DF,edi,UNPROVEN,,INSUFFICIENT_PROOF
1096,TWO_STEP,0x007F1D3B,0x007F1D3D,0x007F1D47,ecx,UNPROVEN,,INSUFFICIENT_PROOF
1097,TWO_STEP,0x007F3E8A,0x007F3E8C,0x007F3E91,ecx,UNPROVEN,,INSUFFICIENT_PROOF
1098,TWO_STEP,0x007F45B6,0x007F45B8,0x007F45C2,ecx,UNPROVEN,,INSUFFICIENT_PROOF
1099,TWO_STEP,0x007F5E56,0x007F5E58,0x007F5E61,ecx,UNPROVEN,,INSUFFICIENT_PROOF
1100,TWO_STEP,0x007F5E69,0x007F5E6B,0x007F5E74,ecx,UNPROVEN,,INSUFFICIENT_PROOF
1101,TWO_STEP,0x00803FDC,0x00803FDE,0x00803FE8,ecx,UNPROVEN,,INSUFFICIENT_PROOF
1102,TWO_STEP,0x00803FF0,0x00803FF2,0x00803FFC,ecx,UNPROVEN,,INSUFFICIENT_PROOF
1103,TWO_STEP,0x00804004,0x00804006,0x00804010,ecx,UNPROVEN,,INSUFFICIENT_PROOF
1104,TWO_STEP,0x008042AA,0x008042AC,0x008042B1,ecx,UNPROVEN,,INSUFFICIENT_PROOF
1105,TWO_STEP,0x008042BA,0x008042BC,0x008042C1,ecx,UNPROVEN,,INSUFFICIENT_PROOF
1106,TWO_STEP,0x008045E2,0x008045E4,0x008045E9,ecx,UNPROVEN,,INSUFFICIENT_PROOF
1107,TWO_STEP,0x008045F2,0x008045F4,0x008045F9,ecx,UNPROVEN,,INSUFFICIENT_PROOF
1108,TWO_STEP,0x008047BB,0x008047BD,0x008047C2,edi,UNPROVEN,,INSUFFICIENT_PROOF
1109,TWO_STEP,0x0080484B,0x0080484D,0x00804852,esi,UNPROVEN,,INSUFFICIENT_PROOF
1110,TWO_STEP,0x008048D6,0x008048D8,0x008048DD,esi,UNPROVEN,,INSUFFICIENT_PROOF
1111,TWO_STEP,0x00804949,0x0080494B,0x00804950,esi,UNPROVEN,,INSUFFICIENT_PROOF
1112,TWO_STEP,0x00804A14,0x00804A16,0x00804A19,ecx,UNPROVEN,,INSUFFICIENT_PROOF
1113,TWO_STEP,0x00804A39,0x00804A3B,0x00804A3E,ecx,UNPROVEN,,INSUFFICIENT_PROOF
1114,TWO_STEP,0x00804CF0,0x00804CF2,0x00804CFA,ecx,UNPROVEN,,INSUFFICIENT_PROOF
1115,TWO_STEP,0x00804D09,0x00804D0B,0x00804D15,ecx,UNPROVEN,,INSUFFICIENT_PROOF
1116,TWO_STEP,0x00804D20,0x00804D22,0x00804D2A,ecx,UNPROVEN,this-entry,INSUFFICIENT_PROOF
1117,TWO_STEP,0x00804D39,0x00804D3B,0x00804D45,ecx,UNPROVEN,,INSUFFICIENT_PROOF
1118,TWO_STEP,0x00805144,0x00805146,0x0080514F,ecx,UNPROVEN,,INSUFFICIENT_PROOF
1119,TWO_STEP,0x008052B0,0x008052C3,0x008052D0,esi,UNPROVEN,this-entry,INSUFFICIENT_PROOF
1120,TWO_STEP,0x008054DD,0x008054E9,0x008054EC,esi,UNPROVEN,this-entry,INSUFFICIENT_PROOF
1121,TWO_STEP,0x00805FB7,0x00805FB9,0x00805FC2,ecx,UNPROVEN,,INSUFFICIENT_PROOF
1122,TWO_STEP,0x00805FCA,0x00805FCC,0x00805FD5,ecx,UNPROVEN,,INSUFFICIENT_PROOF
1123,TWO_STEP,0x0080636F,0x00806371,0x00806375,ecx,UNPROVEN,,INSUFFICIENT_PROOF
1124,TWO_STEP,0x00806965,0x00806967,0x00806973,edi,UNPROVEN,,INSUFFICIENT_PROOF
1125,TWO_STEP,0x008069A8,0x008069AA,0x008069B1,edi,UNPROVEN,,INSUFFICIENT_PROOF
1126,TWO_STEP,0x008069D4,0x008069DA,0x008069E0,ecx,UNPROVEN,,INSUFFICIENT_PROOF
1127,TWO_STEP,0x00806CF5,0x00806CFC,0x00806CFF,ecx,UNPROVEN,,INSUFFICIENT_PROOF
1128,TWO_STEP,0x00807E7A,0x00807E7C,0x00807E86,ecx,UNPROVEN,,INSUFFICIENT_PROOF
1129,TWO_STEP,0x00807EA3,0x00807EA5,0x00807EAF,ecx,UNPROVEN,,INSUFFICIENT_PROOF
1130,TWO_STEP,0x00807EC0,0x00807EC2,0x00807ECB,ecx,UNPROVEN,,INSUFFICIENT_PROOF
1131,TWO_STEP,0x00807EDC,0x00807EDE,0x00807EE8,ecx,UNPROVEN,,INSUFFICIENT_PROOF
1132,TWO_STEP,0x00807F20,0x00807F29,0x00807F2C,ecx,UNPROVEN,,INSUFFICIENT_PROOF
1133,TWO_STEP,0x00807F3C,0x00807F3E,0x00807F48,ecx,UNPROVEN,,INSUFFICIENT_PROOF
1134,TWO_STEP,0x00807F7D,0x00807F7F,0x00807F89,ecx,UNPROVEN,,INSUFFICIENT_PROOF
1135,TWO_STEP,0x00807FDF,0x00807FF7,0x00807FFA,ecx,UNPROVEN,,INSUFFICIENT_PROOF
1136,TWO_STEP,0x00808004,0x00808006,0x00808010,ecx,UNPROVEN,,INSUFFICIENT_PROOF
1137,TWO_STEP,0x00808068,0x0080806A,0x0080807E,ecx,UNPROVEN,,INSUFFICIENT_PROOF
1138,TWO_STEP,0x00808088,0x0080808A,0x00808094,ecx,UNPROVEN,,INSUFFICIENT_PROOF
1139,TWO_STEP,0x008080CD,0x008080CF,0x008080DB,ecx,UNPROVEN,,INSUFFICIENT_PROOF
1140,TWO_STEP,0x0080841C,0x0080841E,0x00808427,ecx,UNPROVEN,,INSUFFICIENT_PROOF
1141,TWO_STEP,0x0080842F,0x00808431,0x0080843A,ecx,UNPROVEN,,INSUFFICIENT_PROOF
1142,TWO_STEP,0x00808442,0x00808444,0x0080844D,ecx,UNPROVEN,,INSUFFICIENT_PROOF
1143,TWO_STEP,0x00808455,0x00808457,0x00808460,ecx,UNPROVEN,,INSUFFICIENT_PROOF
1144,TWO_STEP,0x00808774,0x00808776,0x0080877F,ecx,UNPROVEN,,INSUFFICIENT_PROOF
1145,TWO_STEP,0x00808787,0x00808789,0x00808792,ecx,UNPROVEN,,INSUFFICIENT_PROOF
1146,TWO_STEP,0x00808C66,0x00808C68,0x00808C71,ecx,UNPROVEN,,INSUFFICIENT_PROOF
1147,TWO_STEP,0x00808CC0,0x00808CC3,0x00808CCE,ebp,UNPROVEN,,INSUFFICIENT_PROOF
1148,TWO_STEP,0x008098D0,0x008098D2,0x008098DE,ecx,UNPROVEN,,INSUFFICIENT_PROOF
1149,TWO_STEP,0x008098E6,0x008098E8,0x008098F4,ecx,UNPROVEN,,INSUFFICIENT_PROOF
1150,TWO_STEP,0x00809D96,0x00809D98,0x00809DA1,ecx,UNPROVEN,,INSUFFICIENT_PROOF
1151,TWO_STEP,0x0080A484,0x0080A486,0x0080A490,ecx,UNPROVEN,,INSUFFICIENT_PROOF
1152,TWO_STEP,0x0080AB77,0x0080AB79,0x0080AB83,ecx,UNPROVEN,,INSUFFICIENT_PROOF
1153,TWO_STEP,0x0080ABA9,0x0080ABAB,0x0080ABB4,ecx,UNPROVEN,,INSUFFICIENT_PROOF
1154,TWO_STEP,0x0080B50E,0x0080B510,0x0080B51A,ecx,UNPROVEN,,INSUFFICIENT_PROOF
1155,TWO_STEP,0x0080B53C,0x0080B53E,0x0080B546,ecx,UNPROVEN,,INSUFFICIENT_PROOF
1156,TWO_STEP,0x0080B551,0x0080B553,0x0080B55D,ecx,UNPROVEN,,INSUFFICIENT_PROOF
1157,TWO_STEP,0x0080C30D,0x0080C30F,0x0080C313,ecx,UNPROVEN,,INSUFFICIENT_PROOF
1158,TWO_STEP,0x0080C317,0x0080C319,0x0080C31E,esi,UNPROVEN,,INSUFFICIENT_PROOF
1159,TWO_STEP,0x0080C576,0x0080C578,0x0080C582,ecx,UNPROVEN,,INSUFFICIENT_PROOF
1160,TWO_STEP,0x0080C5A6,0x0080C5A8,0x0080C5B2,ecx,UNPROVEN,,INSUFFICIENT_PROOF
1161,TWO_STEP,0x0080C5BA,0x0080C5BC,0x0080C5C6,ecx,UNPROVEN,,INSUFFICIENT_PROOF
1162,TWO_STEP,0x0080CC64,0x0080CC66,0x0080CC6F,ecx,UNPROVEN,,INSUFFICIENT_PROOF
1163,TWO_STEP,0x0080DC94,0x0080DC96,0x0080DCA0,ecx,UNPROVEN,,INSUFFICIENT_PROOF
1164,TWO_STEP,0x0080EECE,0x0080EED0,0x0080EED9,ecx,UNPROVEN,,INSUFFICIENT_PROOF
1165,TWO_STEP,0x008179BB,0x008179D5,0x008179D9,eax,UNPROVEN,,INSUFFICIENT_PROOF
1166,TWO_STEP,0x00817CD4,0x00817CD6,0x00817CDC,edi,UNPROVEN,,INSUFFICIENT_PROOF
1167,TWO_STEP,0x00817EC4,0x00817EC6,0x00817ECC,esi,UNPROVEN,,INSUFFICIENT_PROOF
1168,TWO_STEP,0x0081BB86,0x0081BB9C,0x0081BBA2,edi,UNPROVEN,,INSUFFICIENT_PROOF
1169,TWO_STEP,0x00822499,0x0082249B,0x008224A0,esi,UNPROVEN,,INSUFFICIENT_PROOF
1170,TWO_STEP,0x008224D2,0x008224D4,0x008224D9,esi,UNPROVEN,,INSUFFICIENT_PROOF
1171,TWO_STEP,0x008225ED,0x008225EF,0x008225F4,esi,UNPROVEN,,INSUFFICIENT_PROOF
1172,TWO_STEP,0x00822623,0x00822625,0x0082262A,edi,UNPROVEN,,INSUFFICIENT_PROOF
1173,TWO_STEP,0x00822866,0x00822868,0x0082286D,edi,UNPROVEN,,INSUFFICIENT_PROOF
1174,TWO_STEP,0x008228BC,0x008228BE,0x008228C3,edi,UNPROVEN,,INSUFFICIENT_PROOF
1175,TWO_STEP,0x00822E86,0x00822E89,0x00822E8C,ecx,UNPROVEN,,INSUFFICIENT_PROOF
1176,TWO_STEP,0x00822ECC,0x00822ECE,0x00822ED3,esi,UNPROVEN,,INSUFFICIENT_PROOF
1177,TWO_STEP,0x00822F2C,0x00822F2E,0x00822F33,esi,UNPROVEN,,INSUFFICIENT_PROOF
1178,TWO_STEP,0x00823015,0x00823017,0x00823025,ebx,UNPROVEN,,INSUFFICIENT_PROOF
1179,TWO_STEP,0x008230FF,0x00823101,0x00823106,edi,UNPROVEN,,INSUFFICIENT_PROOF
1180,TWO_STEP,0x00823786,0x00823788,0x0082378D,esi,UNPROVEN,,INSUFFICIENT_PROOF
1181,TWO_STEP,0x00823CA7,0x00823CA9,0x00823CAC,ecx,UNPROVEN,,INSUFFICIENT_PROOF
1182,TWO_STEP,0x00823DA2,0x00823DA4,0x00823DAD,ecx,UNPROVEN,this-entry,INSUFFICIENT_PROOF
1183,TWO_STEP,0x00823DD1,0x00823DD3,0x00823DD6,ecx,UNPROVEN,,INSUFFICIENT_PROOF
1184,TWO_STEP,0x00823E2A,0x00823E2C,0x00823E2F,ecx,UNPROVEN,,INSUFFICIENT_PROOF
1185,TWO_STEP,0x008244C6,0x008244C9,0x008244CE,ebp,UNPROVEN,,INSUFFICIENT_PROOF
1186,TWO_STEP,0x008244FD,0x008244FF,0x00824504,ebx,UNPROVEN,,INSUFFICIENT_PROOF
1187,TWO_STEP,0x00824690,0x00824692,0x00824697,ebx,UNPROVEN,,INSUFFICIENT_PROOF
1188,TWO_STEP,0x008246C4,0x008246C7,0x008246CC,ebp,UNPROVEN,,INSUFFICIENT_PROOF
1189,TWO_STEP,0x008246FF,0x00824701,0x00824706,edi,UNPROVEN,,INSUFFICIENT_PROOF
1190,TWO_STEP,0x00824ED1,0x00824ED3,0x00824ED8,esi,UNPROVEN,,INSUFFICIENT_PROOF
1191,TWO_STEP,0x008250F7,0x008250F9,0x008250FE,esi,UNPROVEN,,INSUFFICIENT_PROOF
1192,TWO_STEP,0x0082512D,0x0082512F,0x00825134,ebx,UNPROVEN,,INSUFFICIENT_PROOF
1193,TWO_STEP,0x00825166,0x00825168,0x0082516D,edi,UNPROVEN,,INSUFFICIENT_PROOF
1194,TWO_STEP,0x0082532E,0x00825330,0x00825339,ecx,UNPROVEN,this-entry,INSUFFICIENT_PROOF
1195,TWO_STEP,0x008253E4,0x008253E6,0x008253E9,ecx,UNPROVEN,,INSUFFICIENT_PROOF
1196,TWO_STEP,0x008254BF,0x008254C1,0x008254C4,ecx,UNPROVEN,,INSUFFICIENT_PROOF
1197,TWO_STEP,0x0082BA93,0x0082BA95,0x0082BA9A,edi,UNPROVEN,,INSUFFICIENT_PROOF
1198,TWO_STEP,0x0082BABC,0x0082BABE,0x0082BAC3,edi,UNPROVEN,,INSUFFICIENT_PROOF
1199,TWO_STEP,0x0082E5F5,0x0082E5F7,0x0082E5FA,ecx,UNPROVEN,,INSUFFICIENT_PROOF
1200,TWO_STEP,0x0082E62B,0x0082E62D,0x0082E630,ecx,UNPROVEN,,INSUFFICIENT_PROOF
1201,TWO_STEP,0x0082EC59,0x0082EC5B,0x0082EC61,esi,UNPROVEN,,INSUFFICIENT_PROOF
1202,TWO_STEP,0x0082ECA5,0x0082ECA7,0x0082ECAC,esi,UNPROVEN,,INSUFFICIENT_PROOF
1203,TWO_STEP,0x0082ECD5,0x0082ECD7,0x0082ECDD,edi,UNPROVEN,,INSUFFICIENT_PROOF
1204,TWO_STEP,0x0082F182,0x0082F184,0x0082F189,ebx,UNPROVEN,,INSUFFICIENT_PROOF
1205,TWO_STEP,0x0082F1BF,0x0082F1C1,0x0082F1C8,ecx,UNPROVEN,,INSUFFICIENT_PROOF
1206,TWO_STEP,0x0082F1CA,0x0082F1CE,0x0082F1D3,esi,UNPROVEN,,INSUFFICIENT_PROOF
1207,TWO_STEP,0x0082F65E,0x0082F660,0x0082F663,ecx,UNPROVEN,,INSUFFICIENT_PROOF
1208,TWO_STEP,0x0082F66B,0x0082F66D,0x0082F672,esi,UNPROVEN,,INSUFFICIENT_PROOF
1209,TWO_STEP,0x0082F68F,0x0082F691,0x0082F694,ecx,UNPROVEN,this-entry,INSUFFICIENT_PROOF
1210,TWO_STEP,0x0082F69A,0x0082F69E,0x0082F6A3,esi,UNPROVEN,,INSUFFICIENT_PROOF
1211,TWO_STEP,0x008322D0,0x008322D2,0x008322DF,ecx,UNPROVEN,,INSUFFICIENT_PROOF
1212,TWO_STEP,0x0083B560,0x0083B562,0x0083B568,esi,UNPROVEN,,INSUFFICIENT_PROOF
1213,TWO_STEP,0x0083BA8C,0x0083BA8E,0x0083BA94,esi,UNPROVEN,,INSUFFICIENT_PROOF
1214,TWO_STEP,0x0083BAEB,0x0083BAED,0x0083BAF3,esi,UNPROVEN,,INSUFFICIENT_PROOF
1215,TWO_STEP,0x0083BB69,0x0083BB6B,0x0083BB70,edi,UNPROVEN,,INSUFFICIENT_PROOF
1216,TWO_STEP,0x0083CDC9,0x0083CDCF,0x0083CDDE,esi,PROVEN_OTHER:OTHER:.?AVMaPanelText@@,callee->OTHER:.?AVMaPanelText@@;this-entry,REJECTED_TARGET_NOT_FAMILY
1217,TWO_STEP,0x0083CEEB,0x0083CEED,0x0083CEF4,esi,PROVEN_OTHER:OTHER:.?AVMaPanelLine@@,callee->OTHER:.?AVMaPanelLine@@;this-entry,REJECTED_TARGET_NOT_FAMILY
1218,TWO_STEP,0x0083CFA4,0x0083CFAA,0x0083CFB9,esi,PROVEN_OTHER:OTHER:.?AVMaPanelRect@@,callee->OTHER:.?AVMaPanelRect@@;this-entry,REJECTED_TARGET_NOT_FAMILY
1219,TWO_STEP,0x0083D088,0x0083D08A,0x0083D099,esi,PROVEN_OTHER:OTHER:.?AVMaPanelMap@@,callee->OTHER:.?AVMaPanelMap@@;this-entry,REJECTED_TARGET_NOT_FAMILY
1220,TWO_STEP,0x0083D1B3,0x0083D1B5,0x0083D1C6,esi,UNPROVEN,,INSUFFICIENT_PROOF
1221,TWO_STEP,0x0083D2EA,0x0083D2F0,0x0083D2F7,esi,UNPROVEN,,INSUFFICIENT_PROOF
1222,TWO_STEP,0x0083DD00,0x0083DD02,0x0083DD08,esi,UNPROVEN,,INSUFFICIENT_PROOF
1223,TWO_STEP,0x0084C413,0x0084C415,0x0084C418,ecx,UNPROVEN,,INSUFFICIENT_PROOF
1224,TWO_STEP,0x0084EF05,0x0084EF07,0x0084EF0F,ecx,UNPROVEN,,INSUFFICIENT_PROOF
1225,TWO_STEP,0x00852E7B,0x00852E7D,0x00852E80,ecx,UNPROVEN,,INSUFFICIENT_PROOF
1226,TWO_STEP,0x00854B2D,0x00854B2F,0x00854B38,ecx,UNPROVEN,,INSUFFICIENT_PROOF
1227,TWO_STEP,0x00855B34,0x00855B36,0x00855B3F,ecx,UNPROVEN,,INSUFFICIENT_PROOF
1228,TWO_STEP,0x00855E47,0x00855E49,0x00855E50,esi,UNPROVEN,,INSUFFICIENT_PROOF
1229,TWO_STEP,0x0085C395,0x0085C397,0x0085C39B,ecx,UNPROVEN,,INSUFFICIENT_PROOF
1230,TWO_STEP,0x0085C9D6,0x0085C9D8,0x0085C9DB,ecx,UNPROVEN,,INSUFFICIENT_PROOF
1231,TWO_STEP,0x0085D510,0x0085D512,0x0085D517,ebx,UNPROVEN,,INSUFFICIENT_PROOF
1232,TWO_STEP,0x00862BE5,0x00862BEA,0x00862BF6,ebx,UNPROVEN,,INSUFFICIENT_PROOF
1233,TWO_STEP,0x00862E9E,0x00862EA3,0x00862EB5,ebx,UNPROVEN,,INSUFFICIENT_PROOF
1234,TWO_STEP,0x00863189,0x0086318B,0x00863194,ebx,UNPROVEN,,INSUFFICIENT_PROOF
1235,TWO_STEP,0x00865444,0x00865446,0x0086544A,eax,UNPROVEN,,INSUFFICIENT_PROOF
1236,TWO_STEP,0x00865B27,0x00865B29,0x00865B30,ecx,UNPROVEN,,INSUFFICIENT_PROOF
1237,TWO_STEP,0x00865E47,0x00865E49,0x00865E4E,ecx,UNPROVEN,,INSUFFICIENT_PROOF
1238,TWO_STEP,0x00867AB0,0x00867AB2,0x00867AB7,edi,UNPROVEN,,INSUFFICIENT_PROOF
1239,TWO_STEP,0x00867B69,0x00867B6B,0x00867B70,esi,UNPROVEN,,INSUFFICIENT_PROOF
1240,TWO_STEP,0x00868052,0x00868054,0x00868066,ecx,UNPROVEN,,INSUFFICIENT_PROOF
1241,TWO_STEP,0x00868143,0x00868145,0x0086814A,edi,UNPROVEN,,INSUFFICIENT_PROOF
1242,TWO_STEP,0x0086823F,0x00868241,0x00868244,ecx,UNPROVEN,,INSUFFICIENT_PROOF
1243,TWO_STEP,0x00868846,0x00868848,0x0086884D,esi,UNPROVEN,,INSUFFICIENT_PROOF
1244,TWO_STEP,0x008688F0,0x008688F2,0x008688F7,esi,UNPROVEN,,INSUFFICIENT_PROOF
1245,TWO_STEP,0x0086899B,0x0086899D,0x008689A2,esi,UNPROVEN,,INSUFFICIENT_PROOF
1246,TWO_STEP,0x00868A9F,0x00868AA1,0x00868AA6,esi,UNPROVEN,,INSUFFICIENT_PROOF
1247,TWO_STEP,0x008877A6,0x008877A8,0x008877AC,ecx,UNPROVEN,,INSUFFICIENT_PROOF
1248,TWO_STEP,0x0088DF6D,0x0088DF6F,0x0088DF72,ecx,UNPROVEN,,INSUFFICIENT_PROOF
1249,TWO_STEP,0x00890979,0x0089097B,0x0089097F,ecx,UNPROVEN,,INSUFFICIENT_PROOF
1250,TWO_STEP,0x008BA20C,0x008BA20E,0x008BA213,esi,UNPROVEN,,INSUFFICIENT_PROOF
1251,TWO_STEP,0x008BAA09,0x008BAA0B,0x008BAA0E,ecx,UNPROVEN,,INSUFFICIENT_PROOF
1252,TWO_STEP,0x008BAC99,0x008BAC9B,0x008BAC9E,ecx,UNPROVEN,this-entry,INSUFFICIENT_PROOF
1253,TWO_STEP,0x008BAFF1,0x008BAFF3,0x008BAFF6,ecx,UNPROVEN,,INSUFFICIENT_PROOF
1254,TWO_STEP,0x008BBFC8,0x008BBFCA,0x008BBFCF,esi,UNPROVEN,,INSUFFICIENT_PROOF
1255,TWO_STEP,0x008BC81B,0x008BC81D,0x008BC821,eax,UNPROVEN,,INSUFFICIENT_PROOF
1256,TWO_STEP,0x008BCB01,0x008BCB03,0x008BCB07,eax,UNPROVEN,,INSUFFICIENT_PROOF
1257,TWO_STEP,0x008BCBCB,0x008BCBCD,0x008BCBD1,eax,UNPROVEN,,INSUFFICIENT_PROOF
1258,TWO_STEP,0x008BCDAC,0x008BCDAE,0x008BCDB2,eax,UNPROVEN,,INSUFFICIENT_PROOF
1259,TWO_STEP,0x008BD2A0,0x008BD2A2,0x008BD2A6,eax,UNPROVEN,,INSUFFICIENT_PROOF
1260,TWO_STEP,0x008BD493,0x008BD495,0x008BD498,esi,UNPROVEN,this-entry,INSUFFICIENT_PROOF
1261,TWO_STEP,0x008BD942,0x008BD944,0x008BD948,eax,UNPROVEN,,INSUFFICIENT_PROOF
1262,TWO_STEP,0x008BDA2E,0x008BDA30,0x008BDA34,eax,UNPROVEN,,INSUFFICIENT_PROOF
1263,TWO_STEP,0x008BDBC9,0x008BDBCB,0x008BDBCF,eax,UNPROVEN,,INSUFFICIENT_PROOF
1264,TWO_STEP,0x008BDBDB,0x008BDBDD,0x008BDBE1,eax,UNPROVEN,,INSUFFICIENT_PROOF
1265,TWO_STEP,0x008BDBED,0x008BDBEF,0x008BDBF3,eax,UNPROVEN,,INSUFFICIENT_PROOF
1266,TWO_STEP,0x008BDD02,0x008BDD04,0x008BDD09,esi,UNPROVEN,,INSUFFICIENT_PROOF
1267,TWO_STEP,0x008BDF22,0x008BDF24,0x008BDF28,eax,UNPROVEN,,INSUFFICIENT_PROOF
1268,TWO_STEP,0x008BE213,0x008BE215,0x008BE218,esi,UNPROVEN,this-entry,INSUFFICIENT_PROOF
1269,TWO_STEP,0x008BE58E,0x008BE590,0x008BE594,ecx,UNPROVEN,,INSUFFICIENT_PROOF
1270,TWO_STEP,0x008BEDF3,0x008BEDF5,0x008BEDF8,esi,UNPROVEN,this-entry,INSUFFICIENT_PROOF
1271,TWO_STEP,0x008BF7DF,0x008BF7E2,0x008BF7E5,eax,UNPROVEN,,INSUFFICIENT_PROOF
1272,TWO_STEP,0x008BF85F,0x008BF862,0x008BF865,eax,UNPROVEN,,INSUFFICIENT_PROOF
1273,TWO_STEP,0x008BF92B,0x008BF92D,0x008BF931,eax,UNPROVEN,,INSUFFICIENT_PROOF
1274,TWO_STEP,0x008BF95B,0x008BF95E,0x008BF961,eax,UNPROVEN,,INSUFFICIENT_PROOF
1275,TWO_STEP,0x008C19C0,0x008C19C2,0x008C19C6,eax,UNPROVEN,,INSUFFICIENT_PROOF
1276,TWO_STEP,0x008C19E3,0x008C19E5,0x008C19E9,eax,UNPROVEN,,INSUFFICIENT_PROOF
1277,TWO_STEP,0x008C1A07,0x008C1A09,0x008C1A0D,eax,UNPROVEN,,INSUFFICIENT_PROOF
1278,TWO_STEP,0x008C1A19,0x008C1A1B,0x008C1A1F,eax,UNPROVEN,,INSUFFICIENT_PROOF
1279,TWO_STEP,0x008C1A2B,0x008C1A2D,0x008C1A31,eax,UNPROVEN,,INSUFFICIENT_PROOF
1280,TWO_STEP,0x008C51E9,0x008C51EB,0x008C51EF,eax,UNPROVEN,,INSUFFICIENT_PROOF
1281,TWO_STEP,0x008C5744,0x008C5746,0x008C574A,eax,UNPROVEN,,INSUFFICIENT_PROOF
1282,TWO_STEP,0x008C574C,0x008C574E,0x008C5754,ebx,UNPROVEN,,INSUFFICIENT_PROOF
1283,TWO_STEP,0x008C57A5,0x008C57A7,0x008C57AB,eax,UNPROVEN,,INSUFFICIENT_PROOF
1284,TWO_STEP,0x008C5B2B,0x008C5B2D,0x008C5B30,ecx,UNPROVEN,,INSUFFICIENT_PROOF
1285,TWO_STEP,0x008C6586,0x008C6588,0x008C658B,ecx,UNPROVEN,,INSUFFICIENT_PROOF
1286,TWO_STEP,0x008C65EB,0x008C65ED,0x008C65F0,ecx,UNPROVEN,,INSUFFICIENT_PROOF
1287,TWO_STEP,0x008C664A,0x008C664D,0x008C6650,eax,UNPROVEN,,INSUFFICIENT_PROOF
1288,TWO_STEP,0x008C6A5A,0x008C6A5C,0x008C6A68,esi,UNPROVEN,,INSUFFICIENT_PROOF
1289,TWO_STEP,0x008C6CC3,0x008C6CC5,0x008C6CC8,ecx,UNPROVEN,,INSUFFICIENT_PROOF
1290,TWO_STEP,0x008C6E86,0x008C6E88,0x008C6E8B,ecx,UNPROVEN,,INSUFFICIENT_PROOF
1291,TWO_STEP,0x008C7F3A,0x008C7F3C,0x008C7F40,eax,UNPROVEN,,INSUFFICIENT_PROOF
1292,TWO_STEP,0x008C8584,0x008C8586,0x008C858A,eax,UNPROVEN,,INSUFFICIENT_PROOF
1293,TWO_STEP,0x008C85CF,0x008C85D1,0x008C85D5,eax,UNPROVEN,,INSUFFICIENT_PROOF
1294,TWO_STEP,0x008C8736,0x008C8738,0x008C873C,eax,UNPROVEN,,INSUFFICIENT_PROOF
1295,TWO_STEP,0x008C879F,0x008C87A1,0x008C87A5,eax,UNPROVEN,,INSUFFICIENT_PROOF
1296,TWO_STEP,0x008C8BE6,0x008C8BE8,0x008C8BF1,esi,UNPROVEN,,INSUFFICIENT_PROOF
1297,TWO_STEP,0x008C91A4,0x008C91A6,0x008C91AA,eax,UNPROVEN,,INSUFFICIENT_PROOF
1298,TWO_STEP,0x008C91CB,0x008C91CD,0x008C91D1,eax,UNPROVEN,,INSUFFICIENT_PROOF
1299,TWO_STEP,0x008C97C0,0x008C97C2,0x008C97C6,eax,UNPROVEN,,INSUFFICIENT_PROOF
1300,TWO_STEP,0x008C997E,0x008C9980,0x008C9985,esi,UNPROVEN,this-entry,INSUFFICIENT_PROOF
1301,TWO_STEP,0x008C9C7E,0x008C9C80,0x008C9C84,eax,UNPROVEN,,INSUFFICIENT_PROOF
1302,TWO_STEP,0x008CA382,0x008CA384,0x008CA388,eax,UNPROVEN,,INSUFFICIENT_PROOF
1303,TWO_STEP,0x008CEC74,0x008CEC76,0x008CEC7A,eax,UNPROVEN,,INSUFFICIENT_PROOF
1304,TWO_STEP,0x008CF5E1,0x008CF5E3,0x008CF5E7,eax,UNPROVEN,,INSUFFICIENT_PROOF
1305,TWO_STEP,0x008D716D,0x008D716F,0x008D7173,ecx,UNPROVEN,this-entry,INSUFFICIENT_PROOF
1306,TWO_STEP,0x008D8912,0x008D8916,0x008D8919,ecx,UNPROVEN,,INSUFFICIENT_PROOF
1307,TWO_STEP,0x008E3EBC,0x008E3EBE,0x008E3EC3,esi,UNPROVEN,,INSUFFICIENT_PROOF
1308,TWO_STEP,0x008E3EE5,0x008E3EE7,0x008E3EEC,esi,UNPROVEN,,INSUFFICIENT_PROOF
1309,TWO_STEP,0x008E3EFB,0x008E3EFD,0x008E3F02,esi,UNPROVEN,,INSUFFICIENT_PROOF
1310,TWO_STEP,0x008E44A2,0x008E44A4,0x008E44AD,edi,UNPROVEN,,INSUFFICIENT_PROOF
1311,TWO_STEP,0x008E5615,0x008E5617,0x008E5626,edi,UNPROVEN,,INSUFFICIENT_PROOF
1312,TWO_STEP,0x008E5637,0x008E5639,0x008E5648,ebx,UNPROVEN,,INSUFFICIENT_PROOF
1313,TWO_STEP,0x008E56CC,0x008E56CE,0x008E56D3,edi,UNPROVEN,,INSUFFICIENT_PROOF
1314,TWO_STEP,0x008E56EF,0x008E56F1,0x008E56F6,ebx,UNPROVEN,,INSUFFICIENT_PROOF
1315,TWO_STEP,0x008E5704,0x008E571E,0x008E5722,ecx,UNPROVEN,,INSUFFICIENT_PROOF
1316,TWO_STEP,0x008E5730,0x008E574A,0x008E574E,ecx,UNPROVEN,,INSUFFICIENT_PROOF
1317,TWO_STEP,0x008ED981,0x008ED983,0x008ED988,esi,UNPROVEN,,INSUFFICIENT_PROOF
1318,TWO_STEP,0x008EDA77,0x008EDA79,0x008EDA7E,esi,UNPROVEN,,INSUFFICIENT_PROOF
1319,TWO_STEP,0x008EDBAB,0x008EDBAD,0x008EDBB2,esi,UNPROVEN,,INSUFFICIENT_PROOF
1320,TWO_STEP,0x008EE230,0x008EE233,0x008EE238,ebp,UNPROVEN,,INSUFFICIENT_PROOF
1321,TWO_STEP,0x008EE44F,0x008EE452,0x008EE457,ebp,UNPROVEN,,INSUFFICIENT_PROOF
1322,TWO_STEP,0x008EE483,0x008EE485,0x008EE48A,esi,UNPROVEN,,INSUFFICIENT_PROOF
1323,TWO_STEP,0x008EF2DB,0x008EF2DD,0x008EF2E2,edi,UNPROVEN,,INSUFFICIENT_PROOF
1324,TWO_STEP,0x008EF311,0x008EF313,0x008EF318,esi,UNPROVEN,,INSUFFICIENT_PROOF
1325,TWO_STEP,0x008F0BA6,0x008F0BAA,0x008F0BAD,eax,UNPROVEN,callee->UNKNOWN,INSUFFICIENT_PROOF
1326,TWO_STEP,0x008F0BE1,0x008F0BE5,0x008F0BE8,eax,UNPROVEN,callee->UNKNOWN,INSUFFICIENT_PROOF
1327,TWO_STEP,0x0091F1ED,0x0091F1F1,0x0091F1F4,ecx,UNPROVEN,,INSUFFICIENT_PROOF
1328,TWO_STEP,0x0091F311,0x0091F317,0x0091F31A,ecx,UNPROVEN,,INSUFFICIENT_PROOF
1329,TWO_STEP,0x0091F9C3,0x0091F9C7,0x0091F9CA,ecx,UNPROVEN,,INSUFFICIENT_PROOF
1330,TWO_STEP,0x00932074,0x00932076,0x0093207B,esi,UNPROVEN,,INSUFFICIENT_PROOF
1331,TWO_STEP,0x0093208F,0x00932091,0x00932096,esi,UNPROVEN,,INSUFFICIENT_PROOF
1332,TWO_STEP,0x00932234,0x00932236,0x0093223B,esi,UNPROVEN,,INSUFFICIENT_PROOF
1333,TWO_STEP,0x0093224F,0x00932251,0x00932256,esi,UNPROVEN,,INSUFFICIENT_PROOF
1334,TWO_STEP,0x0093BFED,0x0093BFEF,0x0093BFF4,ebx,UNPROVEN,,INSUFFICIENT_PROOF
1335,TWO_STEP,0x009421B9,0x009421BC,0x009421C1,ebp,UNPROVEN,,INSUFFICIENT_PROOF
1336,TWO_STEP,0x009427C9,0x009427CB,0x009427D0,edi,UNPROVEN,,INSUFFICIENT_PROOF
1337,TWO_STEP,0x00942B68,0x00942B6A,0x00942B6F,ecx,UNPROVEN,,INSUFFICIENT_PROOF
1338,TWO_STEP,0x00942C91,0x00942C93,0x00942C98,ecx,UNPROVEN,,INSUFFICIENT_PROOF
1339,TWO_STEP,0x00943566,0x00943568,0x00943571,edi,UNPROVEN,,INSUFFICIENT_PROOF
1340,TWO_STEP,0x0094B45B,0x0094B45D,0x0094B462,esi,UNPROVEN,,INSUFFICIENT_PROOF
1341,TWO_STEP,0x0094B476,0x0094B478,0x0094B47D,esi,UNPROVEN,,INSUFFICIENT_PROOF
1342,TWO_STEP,0x0094D810,0x0094D812,0x0094D817,esi,UNPROVEN,,INSUFFICIENT_PROOF
1343,TWO_STEP,0x009552E0,0x009552E2,0x009552E5,ecx,UNPROVEN,,INSUFFICIENT_PROOF
1344,TWO_STEP,0x00955346,0x00955348,0x0095534B,ecx,UNPROVEN,,INSUFFICIENT_PROOF
1345,TWO_STEP,0x00955542,0x00955544,0x00955549,ebx,UNPROVEN,,INSUFFICIENT_PROOF
1346,TWO_STEP,0x00955881,0x00955883,0x00955886,ecx,UNPROVEN,,INSUFFICIENT_PROOF
1347,TWO_STEP,0x0095597F,0x00955981,0x00955986,esi,UNPROVEN,,INSUFFICIENT_PROOF
1348,TWO_STEP,0x00955A07,0x00955A09,0x00955A0E,esi,UNPROVEN,,INSUFFICIENT_PROOF
1349,TWO_STEP,0x0095630F,0x00956313,0x00956318,ecx,UNPROVEN,,INSUFFICIENT_PROOF
1350,TWO_STEP,0x00956BF9,0x00956BFB,0x00956BFE,ecx,UNPROVEN,,INSUFFICIENT_PROOF
1351,TWO_STEP,0x0095874C,0x00958752,0x0095875A,esi,MIXED:OTHER:.?AVArkVegetationObservable@@,callee->UNKNOWN;callee->OTHER:.?AVArkVegetationObservable@@;this-entry,REJECTED_TARGET_NOT_FAMILY
1352,TWO_STEP,0x009588B5,0x009588B7,0x009588C0,ecx,UNPROVEN,,INSUFFICIENT_PROOF
1353,TWO_STEP,0x0095AD2D,0x0095AD2F,0x0095AD32,ecx,UNPROVEN,,INSUFFICIENT_PROOF
1354,TWO_STEP,0x0095AD8D,0x0095AD8F,0x0095AD92,ecx,UNPROVEN,,INSUFFICIENT_PROOF
1355,TWO_STEP,0x0097AFFF,0x0097B001,0x0097B00A,ecx,UNPROVEN,,INSUFFICIENT_PROOF
1356,TWO_STEP,0x0097B012,0x0097B014,0x0097B01A,ecx,UNPROVEN,,INSUFFICIENT_PROOF
1357,TWO_STEP,0x0097DB05,0x0097DB07,0x0097DB10,ecx,UNPROVEN,,INSUFFICIENT_PROOF
1358,TWO_STEP,0x0097DB18,0x0097DB1A,0x0097DB20,ecx,UNPROVEN,,INSUFFICIENT_PROOF
1359,TWO_STEP,0x0097DB28,0x0097DB2A,0x0097DB33,ecx,UNPROVEN,,INSUFFICIENT_PROOF
1360,TWO_STEP,0x0097E3E5,0x0097E3E7,0x0097E3F0,ecx,UNPROVEN,,INSUFFICIENT_PROOF
1361,TWO_STEP,0x0097E3F8,0x0097E3FA,0x0097E400,ecx,UNPROVEN,,INSUFFICIENT_PROOF
1362,TWO_STEP,0x0097E408,0x0097E40A,0x0097E413,ecx,UNPROVEN,,INSUFFICIENT_PROOF
1363,TWO_STEP,0x0097EB55,0x0097EB57,0x0097EB60,ecx,UNPROVEN,,INSUFFICIENT_PROOF
1364,TWO_STEP,0x0097EB68,0x0097EB6A,0x0097EB70,ecx,UNPROVEN,,INSUFFICIENT_PROOF
1365,TWO_STEP,0x0097EB78,0x0097EB7A,0x0097EB83,ecx,UNPROVEN,,INSUFFICIENT_PROOF
1366,TWO_STEP,0x0097FC45,0x0097FC47,0x0097FC51,ecx,UNPROVEN,,INSUFFICIENT_PROOF
1367,TWO_STEP,0x0097FC66,0x0097FC68,0x0097FC6F,ecx,UNPROVEN,,INSUFFICIENT_PROOF
1368,TWO_STEP,0x0097FC77,0x0097FC79,0x0097FC83,ecx,UNPROVEN,,INSUFFICIENT_PROOF
1369,TWO_STEP,0x00980BF4,0x00980BF6,0x00980BFF,ecx,UNPROVEN,,INSUFFICIENT_PROOF
1370,TWO_STEP,0x00981E47,0x00981E49,0x00981E53,ecx,UNPROVEN,,INSUFFICIENT_PROOF
1371,TWO_STEP,0x00981E62,0x00981E64,0x00981E6E,ecx,UNPROVEN,,INSUFFICIENT_PROOF
1372,TWO_STEP,0x00981EAB,0x00981EAD,0x00981EB7,ecx,UNPROVEN,,INSUFFICIENT_PROOF
1373,TWO_STEP,0x00981EC6,0x00981EC8,0x00981ED2,ecx,UNPROVEN,,INSUFFICIENT_PROOF
1374,TWO_STEP,0x00981F0F,0x00981F11,0x00981F1B,ecx,UNPROVEN,,INSUFFICIENT_PROOF
1375,TWO_STEP,0x00981F2A,0x00981F2C,0x00981F36,ecx,UNPROVEN,,INSUFFICIENT_PROOF
1376,TWO_STEP,0x00981F73,0x00981F75,0x00981F7F,ecx,UNPROVEN,,INSUFFICIENT_PROOF
1377,TWO_STEP,0x00981F8E,0x00981F90,0x00981F9A,ecx,UNPROVEN,,INSUFFICIENT_PROOF
1378,TWO_STEP,0x00982834,0x00982836,0x0098283F,ecx,UNPROVEN,,INSUFFICIENT_PROOF
1379,TWO_STEP,0x00982E95,0x00982E97,0x00982EA1,ecx,UNPROVEN,,INSUFFICIENT_PROOF
1380,TWO_STEP,0x00982EB0,0x00982EB2,0x00982EBD,ecx,UNPROVEN,,INSUFFICIENT_PROOF
1381,TWO_STEP,0x00983FCE,0x00983FD0,0x00983FD9,ecx,UNPROVEN,,INSUFFICIENT_PROOF
1382,TWO_STEP,0x00983FE1,0x00983FE3,0x00983FED,ecx,UNPROVEN,,INSUFFICIENT_PROOF
1383,TWO_STEP,0x00983FFC,0x00983FFE,0x00984007,ecx,UNPROVEN,,INSUFFICIENT_PROOF
1384,TWO_STEP,0x0098400F,0x00984011,0x0098401A,ecx,UNPROVEN,,INSUFFICIENT_PROOF
1385,TWO_STEP,0x00984022,0x00984024,0x0098402D,ecx,UNPROVEN,,INSUFFICIENT_PROOF
1386,TWO_STEP,0x00984627,0x00984629,0x0098462C,ecx,UNPROVEN,,INSUFFICIENT_PROOF
1387,TWO_STEP,0x00985479,0x0098547B,0x00985484,ecx,UNPROVEN,,INSUFFICIENT_PROOF
1388,TWO_STEP,0x0098548C,0x00985494,0x00985497,ecx,UNPROVEN,,INSUFFICIENT_PROOF
1389,TWO_STEP,0x0098549F,0x009854A1,0x009854AB,ecx,UNPROVEN,,INSUFFICIENT_PROOF
1390,TWO_STEP,0x00985536,0x00985538,0x00985542,ecx,UNPROVEN,,INSUFFICIENT_PROOF
1391,TWO_STEP,0x0098554A,0x0098554C,0x00985556,ecx,UNPROVEN,,INSUFFICIENT_PROOF
1392,TWO_STEP,0x009858F7,0x009858F9,0x009858FC,ecx,UNPROVEN,,INSUFFICIENT_PROOF
1393,TWO_STEP,0x00985EDF,0x00985EE1,0x00985EEA,ecx,UNPROVEN,,INSUFFICIENT_PROOF
1394,TWO_STEP,0x009861E7,0x009861E9,0x009861EC,ecx,UNPROVEN,,INSUFFICIENT_PROOF
1395,TWO_STEP,0x009868AE,0x009868B0,0x009868B9,ecx,UNPROVEN,,INSUFFICIENT_PROOF
1396,TWO_STEP,0x009869A7,0x009869A9,0x009869AC,ecx,UNPROVEN,,INSUFFICIENT_PROOF
1397,TWO_STEP,0x00986A2C,0x00986A2E,0x00986A33,esi,UNPROVEN,,INSUFFICIENT_PROOF
1398,TWO_STEP,0x00987115,0x00987117,0x00987121,ecx,UNPROVEN,,INSUFFICIENT_PROOF
1399,TWO_STEP,0x00987130,0x00987132,0x0098713D,ecx,UNPROVEN,,INSUFFICIENT_PROOF
1400,TWO_STEP,0x00987397,0x00987399,0x0098739C,ecx,UNPROVEN,,INSUFFICIENT_PROOF
1401,TWO_STEP,0x00987AEA,0x00987AEC,0x00987AF3,esi,UNPROVEN,,INSUFFICIENT_PROOF
1402,TWO_STEP,0x00987D03,0x00987D05,0x00987D0C,esi,UNPROVEN,,INSUFFICIENT_PROOF
1403,TWO_STEP,0x00987E2B,0x00987E2D,0x00987E34,esi,UNPROVEN,,INSUFFICIENT_PROOF
1404,TWO_STEP,0x009880DD,0x009880DF,0x009880E8,ecx,UNPROVEN,,INSUFFICIENT_PROOF
1405,TWO_STEP,0x009880F0,0x009880F2,0x009880FB,ecx,UNPROVEN,,INSUFFICIENT_PROOF
1406,TWO_STEP,0x00988109,0x0098810B,0x00988115,ecx,UNPROVEN,,INSUFFICIENT_PROOF
1407,TWO_STEP,0x009881A6,0x009881A8,0x009881B2,ecx,UNPROVEN,,INSUFFICIENT_PROOF
1408,TWO_STEP,0x0098821A,0x0098821C,0x00988226,ecx,UNPROVEN,,INSUFFICIENT_PROOF
1409,TWO_STEP,0x009882C5,0x009882C7,0x009882D1,ecx,UNPROVEN,,INSUFFICIENT_PROOF
1410,TWO_STEP,0x00988359,0x0098835B,0x00988365,ecx,UNPROVEN,,INSUFFICIENT_PROOF
1411,TWO_STEP,0x00988BAA,0x00988BAC,0x00988BAF,ecx,UNPROVEN,,INSUFFICIENT_PROOF
1412,TWO_STEP,0x00989794,0x00989796,0x0098979F,ecx,UNPROVEN,,INSUFFICIENT_PROOF
1413,TWO_STEP,0x009897B7,0x009897B9,0x009897C3,ecx,UNPROVEN,,INSUFFICIENT_PROOF
1414,TWO_STEP,0x0098997B,0x0098997D,0x00989982,esi,UNPROVEN,,INSUFFICIENT_PROOF
1415,TWO_STEP,0x0098AD93,0x0098AD95,0x0098AD98,ecx,UNPROVEN,,INSUFFICIENT_PROOF
1416,TWO_STEP,0x0098B9E2,0x0098B9EC,0x0098B9EF,eax,UNPROVEN,callee->UNKNOWN,INSUFFICIENT_PROOF
1417,TWO_STEP,0x0098C2B3,0x0098C2B5,0x0098C2B9,ecx,UNPROVEN,,INSUFFICIENT_PROOF
1418,TWO_STEP,0x0098C2F4,0x0098C2F6,0x0098C2FA,ecx,UNPROVEN,,INSUFFICIENT_PROOF
1419,TWO_STEP,0x0098D03C,0x0098D03E,0x0098D051,esi,UNPROVEN,,INSUFFICIENT_PROOF
1420,TWO_STEP,0x0098D0B6,0x0098D0B8,0x0098D0C7,esi,UNPROVEN,,INSUFFICIENT_PROOF
1421,TWO_STEP,0x0098D0C9,0x0098D0D1,0x0098D0E2,esi,UNPROVEN,,INSUFFICIENT_PROOF
1422,TWO_STEP,0x0098D0F3,0x0098D0F5,0x0098D106,esi,UNPROVEN,,INSUFFICIENT_PROOF
1423,TWO_STEP,0x0098D10E,0x0098D110,0x0098D121,esi,UNPROVEN,,INSUFFICIENT_PROOF
1424,TWO_STEP,0x0098D132,0x0098D134,0x0098D145,esi,UNPROVEN,,INSUFFICIENT_PROOF
1425,TWO_STEP,0x0098D14D,0x0098D14F,0x0098D15E,esi,UNPROVEN,,INSUFFICIENT_PROOF
1426,TWO_STEP,0x0098D16F,0x0098D171,0x0098D180,esi,UNPROVEN,,INSUFFICIENT_PROOF
1427,TWO_STEP,0x0098D186,0x0098D18E,0x0098D19D,esi,UNPROVEN,,INSUFFICIENT_PROOF
1428,TWO_STEP,0x0098D1AC,0x0098D1B4,0x0098D1C3,esi,UNPROVEN,,INSUFFICIENT_PROOF
1429,TWO_STEP,0x0098D246,0x0098D248,0x0098D257,esi,UNPROVEN,,INSUFFICIENT_PROOF
1430,TWO_STEP,0x0098D259,0x0098D261,0x0098D272,esi,UNPROVEN,,INSUFFICIENT_PROOF
1431,TWO_STEP,0x0098D283,0x0098D285,0x0098D296,esi,UNPROVEN,,INSUFFICIENT_PROOF
1432,TWO_STEP,0x0098D29E,0x0098D2A0,0x0098D2B1,esi,UNPROVEN,,INSUFFICIENT_PROOF
1433,TWO_STEP,0x0098D2C2,0x0098D2C4,0x0098D2D5,esi,UNPROVEN,,INSUFFICIENT_PROOF
1434,TWO_STEP,0x0098D2DD,0x0098D2DF,0x0098D2EE,esi,UNPROVEN,,INSUFFICIENT_PROOF
1435,TWO_STEP,0x0098D2FF,0x0098D301,0x0098D310,esi,UNPROVEN,,INSUFFICIENT_PROOF
1436,TWO_STEP,0x0098D316,0x0098D31E,0x0098D32D,esi,UNPROVEN,,INSUFFICIENT_PROOF
1437,TWO_STEP,0x0098D33C,0x0098D344,0x0098D353,esi,UNPROVEN,,INSUFFICIENT_PROOF
