writer_va,function_va,instruction,source_register_value,receiver_provenance,classification
0x004014A4,0x004013E0,"mov dword ptr [esp + 0x30], edi",edi,stack slot (esp+0x30),REJECTED_ALIAS
0x0040170E,0x004016B0,"mov byte ptr [esp + 0x30], 3",3,stack slot (esp+0x30),REJECTED_ALIAS
0x0040179E,0x00401740,"mov byte ptr [esp + 0x30], 3",3,stack slot (esp+0x30),REJECTED_ALIAS
0x0040183E,0x004017E0,"mov byte ptr [esp + 0x30], 3",3,stack slot (esp+0x30),REJECTED_ALIAS
0x00401EA6,0x00401E70,"mov dword ptr [esp + 0x30], eax",eax,stack slot (esp+0x30),REJECTED_ALIAS
0x00401ED2,0x00401E70,"mov dword ptr [esp + 0x30], 1",1,stack slot (esp+0x30),REJECTED_ALIAS
0x00402025,0x00401FD0,"mov dword ptr [esp + 0x30], 1",1,stack slot (esp+0x30),REJECTED_ALIAS
0x00402F0D,0x00402E90,"mov dword ptr [esi + 0x30], ebx",ebx,"other-class this (vtable 0x00A7973C, .?AVArkReleaseClientApplication@@)",REJECTED_ALIAS
0x00403032,0x00403020,"mov dword ptr [esp + 0x30], ecx",ecx,stack slot (esp+0x30),REJECTED_ALIAS
0x00403041,0x00403020,"mov dword ptr [esp + 0x30], ebx",ebx,stack slot (esp+0x30),REJECTED_ALIAS
0x00403955,0x00403920,"mov dword ptr [esp + 0x30], 0",0,stack slot (esp+0x30),REJECTED_ALIAS
0x00403966,0x00403920,"mov byte ptr [esp + 0x30], 1",1,stack slot (esp+0x30),REJECTED_ALIAS
0x00403A3B,0x004039B0,"mov dword ptr [esp + 0x30], 0",0,stack slot (esp+0x30),REJECTED_ALIAS
0x00404A0D,0x004049B0,"mov byte ptr [esp + 0x30], 2",2,stack slot (esp+0x30),REJECTED_ALIAS
0x00404D0A,0x00404CC0,"mov dword ptr [esp + 0x30], ebx",ebx,stack slot (esp+0x30),REJECTED_ALIAS
0x00405026,0x00404E50,"mov dword ptr [ebx + 0x30], eax",eax,unknown,POSSIBLE_ALIAS
0x0040525B,0x00405150,"mov dword ptr [edx + 0x30], ebx",ebx,static data address,REJECTED_ALIAS
0x00405B45,0x00405B00,"mov dword ptr [esp + 0x30], 1",1,stack slot (esp+0x30),REJECTED_ALIAS
0x004064BA,0x00406450,"mov byte ptr [esp + 0x30], 3",3,stack slot (esp+0x30),REJECTED_ALIAS
0x004069A3,0x00406940,"mov byte ptr [esp + 0x30], 1",1,stack slot (esp+0x30),REJECTED_ALIAS
0x00408C46,0x00408C10,"mov dword ptr [esp + 0x30], eax",eax,stack slot (esp+0x30),REJECTED_ALIAS
0x00408C72,0x00408C10,"mov dword ptr [esp + 0x30], 1",1,stack slot (esp+0x30),REJECTED_ALIAS
0x00408F1D,0x00408EE0,"mov dword ptr [esp + 0x30], 0",0,stack slot (esp+0x30),REJECTED_ALIAS
0x00409112,0x00409080,"mov dword ptr [esi + 0x30], 0x400",0x400,unknown,POSSIBLE_ALIAS
0x00409AD4,0x00409AA0,"mov dword ptr [esp + 0x30], 0",0,stack slot (esp+0x30),REJECTED_ALIAS
0x0040A25A,0x0040A1E0,"mov dword ptr [esp + 0x30], 0",0,stack slot (esp+0x30),REJECTED_ALIAS
0x0040A35C,0x0040A310,"mov dword ptr [esp + 0x30], esi",esi,stack slot (esp+0x30),REJECTED_ALIAS
0x0040A394,0x0040A310,"mov dword ptr [esp + 0x30], esi",esi,stack slot (esp+0x30),REJECTED_ALIAS
0x0040A4D7,0x0040A410,"mov dword ptr [esp + 0x30], eax",eax,stack slot (esp+0x30),REJECTED_ALIAS
0x0040ACBC,0x0040AC80,"mov dword ptr [esp + 0x30], 0",0,stack slot (esp+0x30),REJECTED_ALIAS
0x0040CDC0,0x0040CD40,"mov dword ptr [esp + 0x30], 0",0,stack slot (esp+0x30),REJECTED_ALIAS
0x0040EDA4,0x0040ED70,"mov dword ptr [esp + 0x30], 1",1,stack slot (esp+0x30),REJECTED_ALIAS
0x0040EEB2,0x0040ED70,"mov dword ptr [esp + 0x30], eax",eax,stack slot (esp+0x30),REJECTED_ALIAS
0x0040EF04,0x0040ED70,"mov dword ptr [esp + 0x30], ebx",ebx,stack slot (esp+0x30),REJECTED_ALIAS
0x0040EF13,0x0040ED70,"mov dword ptr [esp + 0x30], eax",eax,stack slot (esp+0x30),REJECTED_ALIAS
0x0040EF36,0x0040ED70,"mov dword ptr [esp + 0x30], eax",eax,stack slot (esp+0x30),REJECTED_ALIAS
0x0040F9E6,0x0040F970,"mov byte ptr [esp + 0x30], 1",1,stack slot (esp+0x30),REJECTED_ALIAS
0x0041011B,0x004100D0,"mov dword ptr [esp + 0x30], esi",esi,stack slot (esp+0x30),REJECTED_ALIAS
0x004101FB,0x004101B0,"mov dword ptr [esp + 0x30], esi",esi,stack slot (esp+0x30),REJECTED_ALIAS
0x00410644,0x004105C0,"mov dword ptr [esp + 0x30], 0xa79d80",0xa79d80,stack slot (esp+0x30),REJECTED_ALIAS
0x00411ECC,0x00411E80,"mov dword ptr [esp + 0x30], ebx",ebx,stack slot (esp+0x30),REJECTED_ALIAS
0x0041316E,0x00412F10,"mov dword ptr [esp + 0x30], ecx",ecx,stack slot (esp+0x30),REJECTED_ALIAS
0x0041324A,0x00412F10,"mov dword ptr [esp + 0x30], ecx",ecx,stack slot (esp+0x30),REJECTED_ALIAS
0x0041326C,0x00412F10,"mov dword ptr [esp + 0x30], esi",esi,stack slot (esp+0x30),REJECTED_ALIAS
0x004168E3,0x004163E0,"mov dword ptr [esp + 0x30], eax",eax,stack slot (esp+0x30),REJECTED_ALIAS
0x00416CCB,0x00416C40,"mov dword ptr [esp + 0x30], 0",0,stack slot (esp+0x30),REJECTED_ALIAS
0x004170D2,0x00417030,"mov dword ptr [esp + 0x30], esi",esi,stack slot (esp+0x30),REJECTED_ALIAS
0x004177CB,0x004172A0,"mov dword ptr [esp + 0x30], ecx",ecx,stack slot (esp+0x30),REJECTED_ALIAS
0x004179D0,0x00417880,"mov dword ptr [esp + 0x30], esi",esi,stack slot (esp+0x30),REJECTED_ALIAS
0x0041950D,0x00419390,"mov byte ptr [esp + 0x30], al",al,stack slot (esp+0x30),REJECTED_ALIAS
0x0041983C,0x00419760,"mov byte ptr [esp + 0x30], 0x18",0x18,stack slot (esp+0x30),REJECTED_ALIAS
0x0041A7EE,0x0041A780,"mov dword ptr [esp + 0x30], edx",edx,stack slot (esp+0x30),REJECTED_ALIAS
0x0041AA6E,0x0041AA00,"mov dword ptr [esp + 0x30], edx",edx,stack slot (esp+0x30),REJECTED_ALIAS
0x0041B211,0x0041B0D0,"mov dword ptr [esp + 0x30], edi",edi,stack slot (esp+0x30),REJECTED_ALIAS
0x0041B908,0x0041B8D0,"mov dword ptr [ecx + 0x30], eax",eax,unknown,POSSIBLE_ALIAS
0x0041D2D0,0x0041D260,"mov dword ptr [esp + 0x30], esp",esp,stack slot (esp+0x30),REJECTED_ALIAS
0x0041D4F0,0x0041D440,"mov dword ptr [esp + 0x30], eax",eax,stack slot (esp+0x30),REJECTED_ALIAS
0x00420494,0x0041FDD0,"mov dword ptr [esp + 0x30], esp",esp,stack slot (esp+0x30),REJECTED_ALIAS
0x004204BC,0x0041FDD0,"mov dword ptr [esp + 0x30], esp",esp,stack slot (esp+0x30),REJECTED_ALIAS
0x0042056B,0x0041FDD0,"mov dword ptr [esp + 0x30], esp",esp,stack slot (esp+0x30),REJECTED_ALIAS
0x00420593,0x0041FDD0,"mov dword ptr [esp + 0x30], esp",esp,stack slot (esp+0x30),REJECTED_ALIAS
0x00420648,0x0041FDD0,"mov dword ptr [esp + 0x30], esp",esp,stack slot (esp+0x30),REJECTED_ALIAS
0x00420670,0x0041FDD0,"mov dword ptr [esp + 0x30], esp",esp,stack slot (esp+0x30),REJECTED_ALIAS
0x00420725,0x0041FDD0,"mov dword ptr [esp + 0x30], esp",esp,stack slot (esp+0x30),REJECTED_ALIAS
0x0042074D,0x0041FDD0,"mov dword ptr [esp + 0x30], esp",esp,stack slot (esp+0x30),REJECTED_ALIAS
0x00420802,0x0041FDD0,"mov dword ptr [esp + 0x30], esp",esp,stack slot (esp+0x30),REJECTED_ALIAS
0x0042082A,0x0041FDD0,"mov dword ptr [esp + 0x30], esp",esp,stack slot (esp+0x30),REJECTED_ALIAS
0x004208DF,0x0041FDD0,"mov dword ptr [esp + 0x30], esp",esp,stack slot (esp+0x30),REJECTED_ALIAS
0x00420907,0x0041FDD0,"mov dword ptr [esp + 0x30], esp",esp,stack slot (esp+0x30),REJECTED_ALIAS
0x004209BC,0x0041FDD0,"mov dword ptr [esp + 0x30], esp",esp,stack slot (esp+0x30),REJECTED_ALIAS
0x004209E4,0x0041FDD0,"mov dword ptr [esp + 0x30], esp",esp,stack slot (esp+0x30),REJECTED_ALIAS
0x00420A99,0x0041FDD0,"mov dword ptr [esp + 0x30], esp",esp,stack slot (esp+0x30),REJECTED_ALIAS
0x00420AC1,0x0041FDD0,"mov dword ptr [esp + 0x30], esp",esp,stack slot (esp+0x30),REJECTED_ALIAS
0x00420B7F,0x0041FDD0,"mov dword ptr [esp + 0x30], esp",esp,stack slot (esp+0x30),REJECTED_ALIAS
0x00420BA7,0x0041FDD0,"mov dword ptr [esp + 0x30], esp",esp,stack slot (esp+0x30),REJECTED_ALIAS
0x00420C5F,0x0041FDD0,"mov dword ptr [esp + 0x30], esp",esp,stack slot (esp+0x30),REJECTED_ALIAS
0x00420C87,0x0041FDD0,"mov dword ptr [esp + 0x30], esp",esp,stack slot (esp+0x30),REJECTED_ALIAS
0x00420D3F,0x0041FDD0,"mov dword ptr [esp + 0x30], esp",esp,stack slot (esp+0x30),REJECTED_ALIAS
0x00420D6D,0x0041FDD0,"mov dword ptr [esp + 0x30], esp",esp,stack slot (esp+0x30),REJECTED_ALIAS
0x00420E22,0x0041FDD0,"mov dword ptr [esp + 0x30], esp",esp,stack slot (esp+0x30),REJECTED_ALIAS
0x00420EAD,0x0041FDD0,"mov dword ptr [esp + 0x30], esp",esp,stack slot (esp+0x30),REJECTED_ALIAS
0x00420F3E,0x0041FDD0,"mov dword ptr [esp + 0x30], esp",esp,stack slot (esp+0x30),REJECTED_ALIAS
0x0042100E,0x0041FDD0,"mov dword ptr [esp + 0x30], esp",esp,stack slot (esp+0x30),REJECTED_ALIAS
0x004210BA,0x0041FDD0,"mov dword ptr [esp + 0x30], esp",esp,stack slot (esp+0x30),REJECTED_ALIAS
0x004213F9,0x0041FDD0,"mov dword ptr [esp + 0x30], esp",esp,stack slot (esp+0x30),REJECTED_ALIAS
0x004214A5,0x0041FDD0,"mov dword ptr [esp + 0x30], esp",esp,stack slot (esp+0x30),REJECTED_ALIAS
0x00421747,0x0041FDD0,"mov dword ptr [esp + 0x30], esp",esp,stack slot (esp+0x30),REJECTED_ALIAS
0x00421D71,0x00421A30,"mov dword ptr [esp + 0x30], esp",esp,stack slot (esp+0x30),REJECTED_ALIAS
0x00421D99,0x00421A30,"mov dword ptr [esp + 0x30], esp",esp,stack slot (esp+0x30),REJECTED_ALIAS
0x00423760,0x00423720,"mov dword ptr [esp + 0x30], 0",0,stack slot (esp+0x30),REJECTED_ALIAS
0x0042417C,0x00424120,"mov byte ptr [esp + 0x30], 0",0,stack slot (esp+0x30),REJECTED_ALIAS
0x00425ACC,0x00425A50,"mov dword ptr [esp + 0x30], 0xffffffff",0xffffffff,stack slot (esp+0x30),REJECTED_ALIAS
0x00425D16,0x00425CE0,"mov dword ptr [esp + 0x30], esp",esp,stack slot (esp+0x30),REJECTED_ALIAS
0x0042797C,0x00427920,"mov dword ptr [esp + 0x30], ecx",ecx,stack slot (esp+0x30),REJECTED_ALIAS
0x00427BA0,0x00427B40,"mov dword ptr [esp + 0x30], 0xffffffff",0xffffffff,stack slot (esp+0x30),REJECTED_ALIAS
0x0042B620,0x0042B5A0,"mov dword ptr [esp + 0x30], ebx",ebx,stack slot (esp+0x30),REJECTED_ALIAS
0x0042CE2A,0x0042CDE0,"mov dword ptr [esp + 0x30], 1",1,stack slot (esp+0x30),REJECTED_ALIAS
0x0042D09A,0x0042D020,"mov dword ptr [esp + 0x30], 0",0,stack slot (esp+0x30),REJECTED_ALIAS
0x0042D157,0x0042D0F0,"mov byte ptr [esp + 0x30], 0",0,stack slot (esp+0x30),REJECTED_ALIAS
0x0042D165,0x0042D0F0,"mov dword ptr [esp + 0x30], 0xffffffff",0xffffffff,stack slot (esp+0x30),REJECTED_ALIAS
0x0042E3CD,0x0042E2F0,"mov dword ptr [esp + 0x30], eax",eax,stack slot (esp+0x30),REJECTED_ALIAS
0x0042E42E,0x0042E2F0,"mov dword ptr [esp + 0x30], ebp",ebp,stack slot (esp+0x30),REJECTED_ALIAS
0x0042F12C,0x0042F090,"mov byte ptr [esp + 0x30], bl",bl,stack slot (esp+0x30),REJECTED_ALIAS
0x0042F17A,0x0042F090,"mov dword ptr [esp + 0x30], 0xffffffff",0xffffffff,stack slot (esp+0x30),REJECTED_ALIAS
0x0042F27C,0x0042F1C0,"mov dword ptr [esp + 0x30], edx",edx,stack slot (esp+0x30),REJECTED_ALIAS
0x0042F523,0x0042F4A0,"mov dword ptr [esp + 0x30], ecx",ecx,stack slot (esp+0x30),REJECTED_ALIAS
0x0042F5BB,0x0042F4A0,"mov dword ptr [esp + 0x30], ecx",ecx,stack slot (esp+0x30),REJECTED_ALIAS
0x0042F958,0x0042F900,"mov dword ptr [esp + 0x30], 0",0,stack slot (esp+0x30),REJECTED_ALIAS
0x0042FCE2,0x0042FB60,"mov dword ptr [esp + 0x30], edi",edi,stack slot (esp+0x30),REJECTED_ALIAS
0x0042FE37,0x0042FB60,"mov dword ptr [esp + 0x30], edi",edi,stack slot (esp+0x30),REJECTED_ALIAS
0x0042FEF5,0x0042FB60,"mov dword ptr [esp + 0x30], edi",edi,stack slot (esp+0x30),REJECTED_ALIAS
0x00430667,0x00430600,"mov dword ptr [esp + 0x30], ecx",ecx,stack slot (esp+0x30),REJECTED_ALIAS
0x00430877,0x00430700,"mov dword ptr [esp + 0x30], esi",esi,stack slot (esp+0x30),REJECTED_ALIAS
0x0043087D,0x00430700,"mov dword ptr [esp + 0x30], ebx",ebx,stack slot (esp+0x30),REJECTED_ALIAS
0x0043090C,0x00430700,"mov dword ptr [esp + 0x30], esi",esi,stack slot (esp+0x30),REJECTED_ALIAS
0x00430912,0x00430700,"mov dword ptr [esp + 0x30], ebx",ebx,stack slot (esp+0x30),REJECTED_ALIAS
0x00430BBF,0x004309D0,"mov dword ptr [esp + 0x30], eax",eax,stack slot (esp+0x30),REJECTED_ALIAS
0x00430C53,0x004309D0,"mov dword ptr [esp + 0x30], eax",eax,stack slot (esp+0x30),REJECTED_ALIAS
0x00430CEC,0x004309D0,"mov dword ptr [esp + 0x30], eax",eax,stack slot (esp+0x30),REJECTED_ALIAS
0x00430D7C,0x004309D0,"mov dword ptr [esp + 0x30], eax",eax,stack slot (esp+0x30),REJECTED_ALIAS
0x00430E0C,0x004309D0,"mov dword ptr [esp + 0x30], eax",eax,stack slot (esp+0x30),REJECTED_ALIAS
0x00431670,0x004315F0,"mov dword ptr [esp + 0x30], 0xffffffff",0xffffffff,stack slot (esp+0x30),REJECTED_ALIAS
0x004329BA,0x00432950,"mov byte ptr [esp + 0x30], 0",0,stack slot (esp+0x30),REJECTED_ALIAS
0x004329C8,0x00432950,"mov dword ptr [esp + 0x30], 0xffffffff",0xffffffff,stack slot (esp+0x30),REJECTED_ALIAS
0x00432AC1,0x004329F0,"mov byte ptr [esp + 0x30], 0",0,stack slot (esp+0x30),REJECTED_ALIAS
0x00432ACF,0x004329F0,"mov dword ptr [esp + 0x30], 0xffffffff",0xffffffff,stack slot (esp+0x30),REJECTED_ALIAS
0x00433932,0x004338A0,"mov dword ptr [esp + 0x30], 0xffffffff",0xffffffff,stack slot (esp+0x30),REJECTED_ALIAS
0x00433E13,0x00433D80,"mov dword ptr [esp + 0x30], 0",0,stack slot (esp+0x30),REJECTED_ALIAS
0x00434D37,0x00434B20,"mov dword ptr [esp + 0x30], ebx",ebx,stack slot (esp+0x30),REJECTED_ALIAS
0x00434D79,0x00434B20,"mov dword ptr [esp + 0x30], ebx",ebx,stack slot (esp+0x30),REJECTED_ALIAS
0x0043525A,0x00435070,"mov dword ptr [esp + 0x30], esi",esi,stack slot (esp+0x30),REJECTED_ALIAS
0x004355A5,0x00435560,"mov dword ptr [esp + 0x30], ebx",ebx,stack slot (esp+0x30),REJECTED_ALIAS
0x004355C7,0x00435560,"mov dword ptr [esp + 0x30], esp",esp,stack slot (esp+0x30),REJECTED_ALIAS
0x00435A73,0x004358F0,"mov dword ptr [esp + 0x30], ecx",ecx,stack slot (esp+0x30),REJECTED_ALIAS
0x00435BAD,0x004358F0,"mov dword ptr [esp + 0x30], edx",edx,stack slot (esp+0x30),REJECTED_ALIAS
0x00436925,0x00435CA0,"mov dword ptr [esp + 0x30], esp",esp,stack slot (esp+0x30),REJECTED_ALIAS
0x00436953,0x00435CA0,"mov dword ptr [esp + 0x30], esp",esp,stack slot (esp+0x30),REJECTED_ALIAS
0x00436979,0x00435CA0,"mov dword ptr [esp + 0x30], esp",esp,stack slot (esp+0x30),REJECTED_ALIAS
0x0043699F,0x00435CA0,"mov dword ptr [esp + 0x30], esp",esp,stack slot (esp+0x30),REJECTED_ALIAS
0x004369C3,0x00435CA0,"mov dword ptr [esp + 0x30], esp",esp,stack slot (esp+0x30),REJECTED_ALIAS
0x004369EB,0x00435CA0,"mov dword ptr [esp + 0x30], esp",esp,stack slot (esp+0x30),REJECTED_ALIAS
0x00436A11,0x00435CA0,"mov dword ptr [esp + 0x30], esp",esp,stack slot (esp+0x30),REJECTED_ALIAS
0x00436A37,0x00435CA0,"mov dword ptr [esp + 0x30], esp",esp,stack slot (esp+0x30),REJECTED_ALIAS
0x00436A5D,0x00435CA0,"mov dword ptr [esp + 0x30], esp",esp,stack slot (esp+0x30),REJECTED_ALIAS
0x00436A83,0x00435CA0,"mov dword ptr [esp + 0x30], esp",esp,stack slot (esp+0x30),REJECTED_ALIAS
0x00436AA9,0x00435CA0,"mov dword ptr [esp + 0x30], esp",esp,stack slot (esp+0x30),REJECTED_ALIAS
0x00436ACF,0x00435CA0,"mov dword ptr [esp + 0x30], esp",esp,stack slot (esp+0x30),REJECTED_ALIAS
0x00436AF5,0x00435CA0,"mov dword ptr [esp + 0x30], esp",esp,stack slot (esp+0x30),REJECTED_ALIAS
0x00436B1B,0x00435CA0,"mov dword ptr [esp + 0x30], esp",esp,stack slot (esp+0x30),REJECTED_ALIAS
0x00436B41,0x00435CA0,"mov dword ptr [esp + 0x30], esp",esp,stack slot (esp+0x30),REJECTED_ALIAS
0x00436B67,0x00435CA0,"mov dword ptr [esp + 0x30], esp",esp,stack slot (esp+0x30),REJECTED_ALIAS
0x00436B8D,0x00435CA0,"mov dword ptr [esp + 0x30], esp",esp,stack slot (esp+0x30),REJECTED_ALIAS
0x00436BB3,0x00435CA0,"mov dword ptr [esp + 0x30], esp",esp,stack slot (esp+0x30),REJECTED_ALIAS
0x00436BD9,0x00435CA0,"mov dword ptr [esp + 0x30], esp",esp,stack slot (esp+0x30),REJECTED_ALIAS
0x00436BF6,0x00435CA0,"mov dword ptr [esp + 0x30], esp",esp,stack slot (esp+0x30),REJECTED_ALIAS
0x00436C25,0x00435CA0,"mov dword ptr [esp + 0x30], esp",esp,stack slot (esp+0x30),REJECTED_ALIAS
0x00436C48,0x00435CA0,"mov dword ptr [esp + 0x30], esp",esp,stack slot (esp+0x30),REJECTED_ALIAS
0x00436C6E,0x00435CA0,"mov dword ptr [esp + 0x30], esp",esp,stack slot (esp+0x30),REJECTED_ALIAS
0x00436C94,0x00435CA0,"mov dword ptr [esp + 0x30], esp",esp,stack slot (esp+0x30),REJECTED_ALIAS
0x00436CBA,0x00435CA0,"mov dword ptr [esp + 0x30], esp",esp,stack slot (esp+0x30),REJECTED_ALIAS
0x00436CE0,0x00435CA0,"mov dword ptr [esp + 0x30], esp",esp,stack slot (esp+0x30),REJECTED_ALIAS
0x00436D06,0x00435CA0,"mov dword ptr [esp + 0x30], esp",esp,stack slot (esp+0x30),REJECTED_ALIAS
0x00436D2C,0x00435CA0,"mov dword ptr [esp + 0x30], esp",esp,stack slot (esp+0x30),REJECTED_ALIAS
0x00436D52,0x00435CA0,"mov dword ptr [esp + 0x30], esp",esp,stack slot (esp+0x30),REJECTED_ALIAS
0x00436D78,0x00435CA0,"mov dword ptr [esp + 0x30], esp",esp,stack slot (esp+0x30),REJECTED_ALIAS
0x00436D9E,0x00435CA0,"mov dword ptr [esp + 0x30], esp",esp,stack slot (esp+0x30),REJECTED_ALIAS
0x00436DC4,0x00435CA0,"mov dword ptr [esp + 0x30], esp",esp,stack slot (esp+0x30),REJECTED_ALIAS
0x00436DEA,0x00435CA0,"mov dword ptr [esp + 0x30], esp",esp,stack slot (esp+0x30),REJECTED_ALIAS
0x00436E10,0x00435CA0,"mov dword ptr [esp + 0x30], esp",esp,stack slot (esp+0x30),REJECTED_ALIAS
0x00436E36,0x00435CA0,"mov dword ptr [esp + 0x30], esp",esp,stack slot (esp+0x30),REJECTED_ALIAS
0x00436E5C,0x00435CA0,"mov dword ptr [esp + 0x30], esp",esp,stack slot (esp+0x30),REJECTED_ALIAS
0x00436E82,0x00435CA0,"mov dword ptr [esp + 0x30], esp",esp,stack slot (esp+0x30),REJECTED_ALIAS
0x00436EA8,0x00435CA0,"mov dword ptr [esp + 0x30], esp",esp,stack slot (esp+0x30),REJECTED_ALIAS
0x00436ECE,0x00435CA0,"mov dword ptr [esp + 0x30], esp",esp,stack slot (esp+0x30),REJECTED_ALIAS
0x00436EF4,0x00435CA0,"mov dword ptr [esp + 0x30], esp",esp,stack slot (esp+0x30),REJECTED_ALIAS
0x00436F1A,0x00435CA0,"mov dword ptr [esp + 0x30], esp",esp,stack slot (esp+0x30),REJECTED_ALIAS
0x00436F37,0x00435CA0,"mov dword ptr [esp + 0x30], esp",esp,stack slot (esp+0x30),REJECTED_ALIAS
0x00436F66,0x00435CA0,"mov dword ptr [esp + 0x30], esp",esp,stack slot (esp+0x30),REJECTED_ALIAS
0x00436F8C,0x00435CA0,"mov dword ptr [esp + 0x30], esp",esp,stack slot (esp+0x30),REJECTED_ALIAS
0x00436FB2,0x00435CA0,"mov dword ptr [esp + 0x30], esp",esp,stack slot (esp+0x30),REJECTED_ALIAS
0x00437AF0,0x00437AF0,"mov dword ptr [esp + 0x30], esp",esp,stack slot (esp+0x30),REJECTED_ALIAS
0x00439131,0x004390E0,"mov dword ptr [esp + 0x30], 0",0,stack slot (esp+0x30),REJECTED_ALIAS
0x00439BE2,0x00439AC0,"mov dword ptr [esp + 0x30], 1",1,stack slot (esp+0x30),REJECTED_ALIAS
0x00439EC0,0x00439E60,"mov dword ptr [esp + 0x30], 0xffffffff",0xffffffff,stack slot (esp+0x30),REJECTED_ALIAS
0x0043A461,0x0043A3E0,"mov dword ptr [esp + 0x30], 0xffffffff",0xffffffff,stack slot (esp+0x30),REJECTED_ALIAS
0x0043D101,0x0043D050,"mov byte ptr [esp + 0x30], 0",0,stack slot (esp+0x30),REJECTED_ALIAS
0x0043D640,0x0043D600,"mov dword ptr [esp + 0x30], esp",esp,stack slot (esp+0x30),REJECTED_ALIAS
0x0043D770,0x0043D730,"mov dword ptr [esp + 0x30], esp",esp,stack slot (esp+0x30),REJECTED_ALIAS
0x0043E571,0x0043E520,"mov dword ptr [esp + 0x30], 0xffffffff",0xffffffff,stack slot (esp+0x30),REJECTED_ALIAS
0x0043E829,0x0043E7E0,"mov dword ptr [esp + 0x30], ebx",ebx,stack slot (esp+0x30),REJECTED_ALIAS
0x0043EAB9,0x0043EA80,"mov dword ptr [eax + 0x30], edx",edx,unknown,POSSIBLE_ALIAS
0x0043F5FA,0x0043F4B0,"mov byte ptr [esp + 0x30], 1",1,stack slot (esp+0x30),REJECTED_ALIAS
0x0043F8C6,0x0043F4B0,"mov dword ptr [esp + 0x30], eax",eax,stack slot (esp+0x30),REJECTED_ALIAS
0x0043FDC0,0x0043F4B0,"mov dword ptr [esp + 0x30], ebx",ebx,stack slot (esp+0x30),REJECTED_ALIAS
0x004406FE,0x0043F4B0,"mov dword ptr [esp + 0x30], edi",edi,stack slot (esp+0x30),REJECTED_ALIAS
0x00440816,0x0043F4B0,"mov dword ptr [esp + 0x30], eax",eax,stack slot (esp+0x30),REJECTED_ALIAS
0x00440994,0x0043F4B0,"mov dword ptr [esp + 0x30], ebx",ebx,stack slot (esp+0x30),REJECTED_ALIAS
0x0044216E,0x00442110,"mov dword ptr [esi + 0x30], 0x14",0x14,unknown,POSSIBLE_ALIAS
0x004421F9,0x00442190,"mov dword ptr [esp + 0x30], ecx",ecx,stack slot (esp+0x30),REJECTED_ALIAS
0x00442564,0x00442500,"mov dword ptr [esp + 0x30], ebx",ebx,stack slot (esp+0x30),REJECTED_ALIAS
0x004429FC,0x00442730,"mov dword ptr [edi + 0x30], eax",eax,unknown,POSSIBLE_ALIAS
0x004436BD,0x00443670,"mov dword ptr [esp + 0x30], 0",0,stack slot (esp+0x30),REJECTED_ALIAS
0x00443B39,0x00443AF0,"mov dword ptr [esp + 0x30], ebx",ebx,stack slot (esp+0x30),REJECTED_ALIAS
0x00443DB1,0x00443CA0,"mov dword ptr [esp + 0x30], 0x37",0x37,stack slot (esp+0x30),REJECTED_ALIAS
0x00444CCA,0x00444C70,"mov dword ptr [eax + 0x30], edx",edx,"other-class this (vtable 0x00A7AFC8, .?AVSoundScapeElementInit@@)",REJECTED_ALIAS
0x00445D1B,0x00445C90,"mov dword ptr [esp + 0x30], 0",0,stack slot (esp+0x30),REJECTED_ALIAS
0x004467CA,0x00446750,"mov dword ptr [esp + 0x30], 0",0,stack slot (esp+0x30),REJECTED_ALIAS
0x00446A9A,0x00446A50,"mov dword ptr [esi + 0x30], edi",edi,unknown,POSSIBLE_ALIAS
0x0044756E,0x004474C0,"mov dword ptr [esi + 0x30], eax",eax,unknown,POSSIBLE_ALIAS
0x00447585,0x004474C0,"mov dword ptr [esi + 0x30], ebx",ebx,unknown,POSSIBLE_ALIAS
0x00447681,0x00447630,"mov dword ptr [esp + 0x30], ebx",ebx,stack slot (esp+0x30),REJECTED_ALIAS
0x004477E2,0x00447630,"mov dword ptr [esp + 0x30], ecx",ecx,stack slot (esp+0x30),REJECTED_ALIAS
0x004492BC,0x00447630,"mov dword ptr [esp + 0x30], eax",eax,stack slot (esp+0x30),REJECTED_ALIAS
0x004495D8,0x00447630,"mov dword ptr [esp + 0x30], eax",eax,stack slot (esp+0x30),REJECTED_ALIAS
0x00449820,0x00447630,"mov dword ptr [esp + 0x30], eax",eax,stack slot (esp+0x30),REJECTED_ALIAS
0x00449BB2,0x00447630,"mov dword ptr [esp + 0x30], eax",eax,stack slot (esp+0x30),REJECTED_ALIAS
0x00449E52,0x00447630,"mov dword ptr [esp + 0x30], eax",eax,stack slot (esp+0x30),REJECTED_ALIAS
0x0044A1DC,0x00447630,"mov dword ptr [esp + 0x30], esi",esi,stack slot (esp+0x30),REJECTED_ALIAS
0x0044A297,0x00447630,"mov dword ptr [esp + 0x30], eax",eax,stack slot (esp+0x30),REJECTED_ALIAS
0x0044ABCB,0x00447630,"mov dword ptr [esp + 0x30], eax",eax,stack slot (esp+0x30),REJECTED_ALIAS
0x0044AFB3,0x00447630,"mov dword ptr [esp + 0x30], eax",eax,stack slot (esp+0x30),REJECTED_ALIAS
0x0044B8C1,UNATTRIBUTED,"mov dword ptr [esp + 0x30], eax",eax,stack slot (esp+0x30),REJECTED_ALIAS
0x0044B940,UNATTRIBUTED,"mov dword ptr [esp + 0x30], eax",eax,stack slot (esp+0x30),REJECTED_ALIAS
0x0044B98D,UNATTRIBUTED,"mov byte ptr [esp + 0x30], bl",bl,stack slot (esp+0x30),REJECTED_ALIAS
0x0044B9C8,UNATTRIBUTED,"mov dword ptr [esp + 0x30], eax",eax,stack slot (esp+0x30),REJECTED_ALIAS
0x0044BA41,UNATTRIBUTED,"mov dword ptr [esp + 0x30], eax",eax,stack slot (esp+0x30),REJECTED_ALIAS
0x0044BAC5,UNATTRIBUTED,"mov dword ptr [esp + 0x30], eax",eax,stack slot (esp+0x30),REJECTED_ALIAS
0x0044BBAB,UNATTRIBUTED,"mov dword ptr [esp + 0x30], esi",esi,stack slot (esp+0x30),REJECTED_ALIAS
0x0044BBE2,UNATTRIBUTED,"mov dword ptr [esp + 0x30], edi",edi,stack slot (esp+0x30),REJECTED_ALIAS
0x0044BD41,UNATTRIBUTED,"mov dword ptr [esp + 0x30], eax",eax,stack slot (esp+0x30),REJECTED_ALIAS
0x0044BD82,UNATTRIBUTED,"mov dword ptr [esp + 0x30], eax",eax,stack slot (esp+0x30),REJECTED_ALIAS
0x0044BDEB,UNATTRIBUTED,"mov dword ptr [esp + 0x30], eax",eax,stack slot (esp+0x30),REJECTED_ALIAS
0x0044BE93,UNATTRIBUTED,"mov dword ptr [esp + 0x30], eax",eax,stack slot (esp+0x30),REJECTED_ALIAS
0x0044BF04,UNATTRIBUTED,"mov dword ptr [esp + 0x30], eax",eax,stack slot (esp+0x30),REJECTED_ALIAS
0x0044BFB4,UNATTRIBUTED,"mov dword ptr [esp + 0x30], eax",eax,stack slot (esp+0x30),REJECTED_ALIAS
0x0044D337,0x0044D1B0,"mov dword ptr [esp + 0x30], 0",0,stack slot (esp+0x30),REJECTED_ALIAS
0x0044D5F0,0x0044D590,"mov dword ptr [esi + 0x30], edx",edx,container+0x30 (container this),REJECTED_ALIAS
0x0044D631,0x0044D590,"mov byte ptr [esp + 0x30], 0",0,stack slot (esp+0x30),REJECTED_ALIAS
0x0044D683,0x0044D590,"mov byte ptr [esp + 0x30], bl",bl,stack slot (esp+0x30),REJECTED_ALIAS
0x0044D6D4,0x0044D590,"mov byte ptr [esp + 0x30], bl",bl,stack slot (esp+0x30),REJECTED_ALIAS
0x0044D6E2,0x0044D590,"mov dword ptr [esp + 0x30], 0xffffffff",0xffffffff,stack slot (esp+0x30),REJECTED_ALIAS
0x0044E690,0x0044E610,"mov dword ptr [esp + 0x30], 0",0,stack slot (esp+0x30),REJECTED_ALIAS
0x0044EB62,0x0044EAF0,"mov dword ptr [esp + 0x30], 1",1,stack slot (esp+0x30),REJECTED_ALIAS
0x0044ED12,0x0044EBB0,"mov dword ptr [esp + 0x30], ebx",ebx,stack slot (esp+0x30),REJECTED_ALIAS
0x0044F0D6,0x0044F090,"mov dword ptr [esp + 0x30], 1",1,stack slot (esp+0x30),REJECTED_ALIAS
0x0044FAA3,0x0044F900,"mov byte ptr [esp + 0x30], dl",dl,stack slot (esp+0x30),REJECTED_ALIAS
0x0044FD01,0x0044F900,"mov dword ptr [esp + 0x30], ecx",ecx,stack slot (esp+0x30),REJECTED_ALIAS
0x004505DF,0x004504F0,"mov dword ptr [esp + 0x30], ebx",ebx,stack slot (esp+0x30),REJECTED_ALIAS
0x0045075A,0x00450680,"mov dword ptr [esp + 0x30], eax",eax,stack slot (esp+0x30),REJECTED_ALIAS
0x0045076A,0x00450680,"mov dword ptr [esp + 0x30], eax",eax,stack slot (esp+0x30),REJECTED_ALIAS
0x0045083B,0x00450680,"mov dword ptr [esp + 0x30], eax",eax,stack slot (esp+0x30),REJECTED_ALIAS
0x004508F6,0x00450680,"mov dword ptr [esp + 0x30], eax",eax,stack slot (esp+0x30),REJECTED_ALIAS
0x00450977,0x00450680,"mov dword ptr [esp + 0x30], eax",eax,stack slot (esp+0x30),REJECTED_ALIAS
0x004509FA,0x00450680,"mov dword ptr [esp + 0x30], eax",eax,stack slot (esp+0x30),REJECTED_ALIAS
0x00450AB9,0x00450680,"mov dword ptr [esp + 0x30], eax",eax,stack slot (esp+0x30),REJECTED_ALIAS
0x00450B78,0x00450680,"mov dword ptr [esp + 0x30], eax",eax,stack slot (esp+0x30),REJECTED_ALIAS
0x00451A7D,0x00450680,"mov dword ptr [esp + 0x30], 4",4,stack slot (esp+0x30),REJECTED_ALIAS
0x00451E24,0x00451BD0,"mov dword ptr [esp + 0x30], edi",edi,stack slot (esp+0x30),REJECTED_ALIAS
0x0045244F,0x00452400,"mov dword ptr [eax + 0x30], ecx",ecx,unknown,POSSIBLE_ALIAS
0x004529C2,0x00452970,"mov dword ptr [eax + 0x30], ecx",ecx,unknown,POSSIBLE_ALIAS
0x00452E30,0x00452DF0,"mov dword ptr [esp + 0x30], esi",esi,stack slot (esp+0x30),REJECTED_ALIAS
0x00452E41,0x00452DF0,"mov dword ptr [esp + 0x30], 0xffffffff",0xffffffff,stack slot (esp+0x30),REJECTED_ALIAS
0x00452E80,0x00452DF0,"mov dword ptr [esp + 0x30], 0xffffffff",0xffffffff,stack slot (esp+0x30),REJECTED_ALIAS
0x00453866,0x00453800,"mov dword ptr [esp + 0x30], 0xffffffff",0xffffffff,stack slot (esp+0x30),REJECTED_ALIAS
0x00453906,0x004538A0,"mov dword ptr [esp + 0x30], 0xffffffff",0xffffffff,stack slot (esp+0x30),REJECTED_ALIAS
0x004539A6,0x00453940,"mov dword ptr [esp + 0x30], 0xffffffff",0xffffffff,stack slot (esp+0x30),REJECTED_ALIAS
0x00453B17,0x00453AA0,"mov dword ptr [esi + 0x30], eax",eax,unknown,POSSIBLE_ALIAS
0x00453DF1,0x00453DA0,"mov dword ptr [esi + 0x30], eax",eax,unknown,POSSIBLE_ALIAS
0x00453F4E,0x00453ED0,"mov dword ptr [esi + 0x30], edx",edx,unknown,POSSIBLE_ALIAS
0x00455588,0x00455540,"mov byte ptr [esi + 0x30], dl",dl,unknown,POSSIBLE_ALIAS
0x0045582A,0x00455780,"mov dword ptr [esp + 0x30], edx",edx,stack slot (esp+0x30),REJECTED_ALIAS
0x00455D3B,0x00455C20,"mov dword ptr [esp + 0x30], ecx",ecx,stack slot (esp+0x30),REJECTED_ALIAS
0x00455E50,0x00455D90,"mov dword ptr [esp + 0x30], eax",eax,stack slot (esp+0x30),REJECTED_ALIAS
0x00456ED6,0x00456E50,"mov dword ptr [esp + 0x30], edx",edx,stack slot (esp+0x30),REJECTED_ALIAS
0x004579B4,0x00457930,"mov dword ptr [esp + 0x30], eax",eax,stack slot (esp+0x30),REJECTED_ALIAS
0x00458384,0x00458350,"mov dword ptr [esp + 0x30], ebx",ebx,stack slot (esp+0x30),REJECTED_ALIAS
0x004583C7,0x00458350,"mov dword ptr [esp + 0x30], edx",edx,stack slot (esp+0x30),REJECTED_ALIAS
0x00458549,0x00458350,"mov dword ptr [esp + 0x30], 0",0,stack slot (esp+0x30),REJECTED_ALIAS
0x00458A3B,0x004588C0,"mov dword ptr [esp + 0x30], eax",eax,stack slot (esp+0x30),REJECTED_ALIAS
0x00458A53,0x004588C0,"mov dword ptr [esp + 0x30], ecx",ecx,stack slot (esp+0x30),REJECTED_ALIAS
0x0045AD84,0x0045AC90,"mov dword ptr [esp + 0x30], edx",edx,stack slot (esp+0x30),REJECTED_ALIAS
0x0045AF0A,0x0045AE30,"mov dword ptr [esp + 0x30], ebx",ebx,stack slot (esp+0x30),REJECTED_ALIAS
0x0045B09A,0x0045AE30,"mov dword ptr [esp + 0x30], edx",edx,stack slot (esp+0x30),REJECTED_ALIAS
0x0045BD24,0x0045BBE0,"mov dword ptr [esp + 0x30], 0xffffffff",0xffffffff,stack slot (esp+0x30),REJECTED_ALIAS
0x0045BD84,0x0045BBE0,"mov dword ptr [esp + 0x30], ecx",ecx,stack slot (esp+0x30),REJECTED_ALIAS
0x0045CE4D,0x0045CC40,"mov dword ptr [esp + 0x30], ecx",ecx,stack slot (esp+0x30),REJECTED_ALIAS
0x0045D2E2,0x0045D230,"mov dword ptr [esp + 0x30], edi",edi,stack slot (esp+0x30),REJECTED_ALIAS
0x0045D345,0x0045D230,"mov dword ptr [esp + 0x30], ecx",ecx,stack slot (esp+0x30),REJECTED_ALIAS
0x0045D514,0x0045D230,"mov dword ptr [esp + 0x30], ecx",ecx,stack slot (esp+0x30),REJECTED_ALIAS
0x0045DD9D,0x0045DD20,"mov dword ptr [esp + 0x30], ebx",ebx,stack slot (esp+0x30),REJECTED_ALIAS
0x0045E049,0x0045E000,"mov dword ptr [esp + 0x30], ebx",ebx,stack slot (esp+0x30),REJECTED_ALIAS
0x0045EC9F,0x0045EC70,"mov dword ptr [esp + 0x30], ebp",ebp,stack slot (esp+0x30),REJECTED_ALIAS
0x0045F2F5,0x0045F270,"mov dword ptr [esp + 0x30], ecx",ecx,stack slot (esp+0x30),REJECTED_ALIAS
0x004606AC,0x00460670,"mov dword ptr [esp + 0x30], 0",0,stack slot (esp+0x30),REJECTED_ALIAS
0x004606D0,0x00460670,"mov byte ptr [esp + 0x30], 1",1,stack slot (esp+0x30),REJECTED_ALIAS
0x00460740,0x00460670,"mov byte ptr [esp + 0x30], 0",0,stack slot (esp+0x30),REJECTED_ALIAS
0x0046074E,0x00460670,"mov dword ptr [esp + 0x30], 0xffffffff",0xffffffff,stack slot (esp+0x30),REJECTED_ALIAS
0x00460775,0x00460670,"mov dword ptr [esp + 0x30], 0xffffffff",0xffffffff,stack slot (esp+0x30),REJECTED_ALIAS
0x0046097C,0x00460900,"mov dword ptr [esp + 0x30], ebx",ebx,stack slot (esp+0x30),REJECTED_ALIAS
0x00460E8E,0x00460E40,"mov dword ptr [esp + 0x30], ecx",ecx,stack slot (esp+0x30),REJECTED_ALIAS
0x00461180,0x004610F0,"mov dword ptr [esp + 0x30], edx",edx,stack slot (esp+0x30),REJECTED_ALIAS
0x00462FA7,0x00462F50,"mov byte ptr [esp + 0x30], 1",1,stack slot (esp+0x30),REJECTED_ALIAS
0x004630DB,0x00462F50,"mov dword ptr [esp + 0x30], ecx",ecx,stack slot (esp+0x30),REJECTED_ALIAS
0x00463277,0x00462F50,"mov byte ptr [esp + 0x30], 0",0,stack slot (esp+0x30),REJECTED_ALIAS
0x00464507,0x004644C0,"mov dword ptr [esp + 0x30], 1",1,stack slot (esp+0x30),REJECTED_ALIAS
0x00464750,0x004646F0,"mov dword ptr [esi + 0x30], 1",1,unknown,POSSIBLE_ALIAS
0x004650C2,0x00464E30,"mov dword ptr [esp + 0x30], 0",0,stack slot (esp+0x30),REJECTED_ALIAS
0x004650E4,0x00464E30,"mov byte ptr [esp + 0x30], 1",1,stack slot (esp+0x30),REJECTED_ALIAS
0x0046521D,0x00464E30,"mov byte ptr [esp + 0x30], 0",0,stack slot (esp+0x30),REJECTED_ALIAS
0x0046522B,0x00464E30,"mov dword ptr [esp + 0x30], 0xffffffff",0xffffffff,stack slot (esp+0x30),REJECTED_ALIAS
0x004654A4,0x00465430,"mov dword ptr [esp + 0x30], 0",0,stack slot (esp+0x30),REJECTED_ALIAS
0x00466DA3,0x00466CE0,"mov dword ptr [esp + 0x30], ecx",ecx,stack slot (esp+0x30),REJECTED_ALIAS
0x0046746C,0x004673E0,"mov dword ptr [esp + 0x30], eax",eax,stack slot (esp+0x30),REJECTED_ALIAS
0x00467EBC,0x00467E60,"mov dword ptr [esp + 0x30], 0xffffffff",0xffffffff,stack slot (esp+0x30),REJECTED_ALIAS
0x004689A8,0x00468910,"mov dword ptr [esp + 0x30], edx",edx,stack slot (esp+0x30),REJECTED_ALIAS
0x004689FF,0x004689B0,"mov dword ptr [esp + 0x30], edx",edx,stack slot (esp+0x30),REJECTED_ALIAS
0x00468A6E,0x004689B0,"mov dword ptr [esp + 0x30], edx",edx,stack slot (esp+0x30),REJECTED_ALIAS
0x0046A6C6,0x0046A630,"mov dword ptr [esi + 0x30], 0xa",0xa,unknown,POSSIBLE_ALIAS
0x0046A881,0x0046A830,"mov byte ptr [esp + 0x30], cl",cl,stack slot (esp+0x30),REJECTED_ALIAS
0x0046CD28,0x0046CC90,"mov dword ptr [esi + 0x30], edx",edx,unknown,POSSIBLE_ALIAS
0x0046D011,0x0046CF40,"mov dword ptr [esp + 0x30], 1",1,stack slot (esp+0x30),REJECTED_ALIAS
0x0046DE86,0x0046DE40,"mov dword ptr [esp + 0x30], ebx",ebx,stack slot (esp+0x30),REJECTED_ALIAS
0x0046ECB6,0x0046EC60,"mov dword ptr [esp + 0x30], ebx",ebx,stack slot (esp+0x30),REJECTED_ALIAS
0x0046F4D2,0x0046F460,"mov dword ptr [edi + 0x30], eax",eax,unknown,POSSIBLE_ALIAS
0x004709D2,0x00470940,"mov dword ptr [esp + 0x30], 0xffffffff",0xffffffff,stack slot (esp+0x30),REJECTED_ALIAS
0x00470DAA,0x00470D30,"mov dword ptr [esp + 0x30], 0",0,stack slot (esp+0x30),REJECTED_ALIAS
0x00471387,0x00471330,"mov dword ptr [esp + 0x30], ebx",ebx,stack slot (esp+0x30),REJECTED_ALIAS
0x00471411,0x00471330,"mov dword ptr [esp + 0x30], ebx",ebx,stack slot (esp+0x30),REJECTED_ALIAS
0x00471498,0x00471330,"mov dword ptr [esp + 0x30], ebx",ebx,stack slot (esp+0x30),REJECTED_ALIAS
0x0047156A,0x00471330,"mov dword ptr [esp + 0x30], ebx",ebx,stack slot (esp+0x30),REJECTED_ALIAS
0x004727F7,0x00472720,"mov dword ptr [esp + 0x30], ebp",ebp,stack slot (esp+0x30),REJECTED_ALIAS
0x00473907,0x004736D0,"mov dword ptr [esp + 0x30], ecx",ecx,stack slot (esp+0x30),REJECTED_ALIAS
0x004742AE,0x00474260,"mov dword ptr [esi + 0x30], ecx",ecx,unknown,POSSIBLE_ALIAS
0x004757A1,0x00475750,"mov dword ptr [esp + 0x30], 0",0,stack slot (esp+0x30),REJECTED_ALIAS
0x004767B3,0x00476720,"mov dword ptr [esp + 0x30], 0x5dd0",0x5dd0,stack slot (esp+0x30),REJECTED_ALIAS
0x0047734C,0x004772D0,"mov dword ptr [esp + 0x30], 0",0,stack slot (esp+0x30),REJECTED_ALIAS
0x00477FA2,0x00477F10,"mov dword ptr [esp + 0x30], 0xffffffff",0xffffffff,stack slot (esp+0x30),REJECTED_ALIAS
0x004790D2,0x00479040,"mov dword ptr [esp + 0x30], 0xffffffff",0xffffffff,stack slot (esp+0x30),REJECTED_ALIAS
0x004793E2,0x004793B0,"mov dword ptr [esp + 0x30], 0",0,stack slot (esp+0x30),REJECTED_ALIAS
0x004798EC,0x00479810,"mov dword ptr [esp + 0x30], ecx",ecx,stack slot (esp+0x30),REJECTED_ALIAS
0x00479CF6,0x00479C70,"mov dword ptr [esp + 0x30], edx",edx,stack slot (esp+0x30),REJECTED_ALIAS
0x0047A32E,0x0047A220,"mov dword ptr [esp + 0x30], eax",eax,stack slot (esp+0x30),REJECTED_ALIAS
0x0047A6E5,0x0047A3C0,"mov dword ptr [esp + 0x30], eax",eax,stack slot (esp+0x30),REJECTED_ALIAS
0x0047B3E0,0x0047AC90,"mov dword ptr [esp + 0x30], ebp",ebp,stack slot (esp+0x30),REJECTED_ALIAS
0x0047CB8C,0x0047CA90,"mov dword ptr [esp + 0x30], edx",edx,stack slot (esp+0x30),REJECTED_ALIAS
0x0047CEF0,0x0047CCF0,"mov dword ptr [esp + 0x30], ecx",ecx,stack slot (esp+0x30),REJECTED_ALIAS
0x0047D831,0x0047CCF0,"mov dword ptr [esp + 0x30], eax",eax,stack slot (esp+0x30),REJECTED_ALIAS
0x0047EE44,0x0047EE20,"mov dword ptr [esp + 0x30], ebp",ebp,stack slot (esp+0x30),REJECTED_ALIAS
0x0047F0E4,0x0047EE20,"mov dword ptr [esp + 0x30], eax",eax,stack slot (esp+0x30),REJECTED_ALIAS
0x00481BD0,0x00481A80,"mov dword ptr [esp + 0x30], eax",eax,stack slot (esp+0x30),REJECTED_ALIAS
0x004828A7,0x004827B0,"mov dword ptr [esp + 0x30], esi",esi,stack slot (esp+0x30),REJECTED_ALIAS
0x00483FE3,0x00483F00,"mov dword ptr [esp + 0x30], ebx",ebx,stack slot (esp+0x30),REJECTED_ALIAS
0x00484AB9,0x004849D0,"mov dword ptr [esp + 0x30], 0",0,stack slot (esp+0x30),REJECTED_ALIAS
0x00484C7E,0x00484C20,"mov byte ptr [esp + 0x30], dl",dl,stack slot (esp+0x30),REJECTED_ALIAS
0x0048601B,0x00485EF0,"mov dword ptr [esp + 0x30], ebp",ebp,stack slot (esp+0x30),REJECTED_ALIAS
0x00486D06,0x00486CA0,"mov dword ptr [esp + 0x30], 0",0,stack slot (esp+0x30),REJECTED_ALIAS
0x00487AE5,0x00487A90,"mov dword ptr [esp + 0x30], edi",edi,stack slot (esp+0x30),REJECTED_ALIAS
0x00487ED2,0x00487E70,"mov dword ptr [esp + 0x30], edi",edi,stack slot (esp+0x30),REJECTED_ALIAS
0x00489E8D,0x00489D20,"mov dword ptr [esp + 0x30], 0xffffffff",0xffffffff,stack slot (esp+0x30),REJECTED_ALIAS
0x0048BE76,0x0048BE10,"mov byte ptr [esp + 0x30], bl",bl,stack slot (esp+0x30),REJECTED_ALIAS
0x0048BEC8,0x0048BE10,"mov byte ptr [esp + 0x30], bl",bl,stack slot (esp+0x30),REJECTED_ALIAS
0x0048BF1A,0x0048BE10,"mov byte ptr [esp + 0x30], bl",bl,stack slot (esp+0x30),REJECTED_ALIAS
0x0048CCF7,0x0048CCE0,"mov dword ptr [esp + 0x30], eax",eax,stack slot (esp+0x30),REJECTED_ALIAS
0x0048CEB8,0x0048CE80,"mov dword ptr [esi + 0x30], eax",eax,unknown,POSSIBLE_ALIAS
0x0048E1DD,0x0048E170,"mov dword ptr [esi + 0x30], eax",eax,"other-class this (vtable 0x00A7BA0C, .?AVWorldSubsystem@@)",REJECTED_ALIAS
0x0048E5BB,0x0048E4F0,"mov dword ptr [esi + 0x30], eax",eax,unknown,POSSIBLE_ALIAS
0x0048F1C5,0x0048EFD0,"mov dword ptr [esp + 0x30], eax",eax,stack slot (esp+0x30),REJECTED_ALIAS
0x0048FB06,0x0048F930,"mov byte ptr [esp + 0x30], 1",1,stack slot (esp+0x30),REJECTED_ALIAS
0x0048FB18,0x0048F930,"mov byte ptr [esp + 0x30], 0",0,stack slot (esp+0x30),REJECTED_ALIAS
0x0048FC73,0x0048F930,"mov dword ptr [esp + 0x30], 0xffffffff",0xffffffff,stack slot (esp+0x30),REJECTED_ALIAS
0x0048FFD4,0x0048FE60,"mov dword ptr [esp + 0x30], 0xffffffff",0xffffffff,stack slot (esp+0x30),REJECTED_ALIAS
0x00490144,0x00490010,"mov dword ptr [esp + 0x30], edi",edi,stack slot (esp+0x30),REJECTED_ALIAS
0x0049340F,0x00493270,"mov dword ptr [esp + 0x30], edx",edx,stack slot (esp+0x30),REJECTED_ALIAS
0x00494675,0x00494500,"mov dword ptr [esp + 0x30], edx",edx,stack slot (esp+0x30),REJECTED_ALIAS
0x00494D99,0x00494D60,"mov dword ptr [esp + 0x30], 1",1,stack slot (esp+0x30),REJECTED_ALIAS
0x0049503E,0x00494FD0,"mov dword ptr [edi + 0x30], edx",edx,unknown,POSSIBLE_ALIAS
0x004953F4,0x00495070,"mov dword ptr [esp + 0x30], ecx",ecx,stack slot (esp+0x30),REJECTED_ALIAS
0x00495E63,0x00495DB0,"mov dword ptr [esi + 0x30], edx",edx,unknown,POSSIBLE_ALIAS
0x00495FEE,0x00495FA0,"mov dword ptr [esi + 0x30], edx",edx,"other-class this (vtable 0x00A7A948, .?AVComponent@ArkUI@@)",REJECTED_ALIAS
0x004961EC,0x00496190,"mov dword ptr [esi + 0x30], edx",edx,unknown,POSSIBLE_ALIAS
0x00496ECD,0x00496E90,"mov dword ptr [esp + 0x30], ebx",ebx,stack slot (esp+0x30),REJECTED_ALIAS
0x00497135,0x004970E0,"mov dword ptr [esi + 0x30], edx",edx,unknown,POSSIBLE_ALIAS
0x00497226,0x00497160,"mov dword ptr [esi + 0x30], eax",eax,unknown,POSSIBLE_ALIAS
0x004975A5,0x00497560,"mov dword ptr [esp + 0x30], ebx",ebx,stack slot (esp+0x30),REJECTED_ALIAS
0x004975FC,0x00497560,"mov dword ptr [esi + 0x30], ecx",ecx,stack,REJECTED_ALIAS
0x0049760D,0x00497560,"mov dword ptr [esp + 0x30], 0xffffffff",0xffffffff,stack slot (esp+0x30),REJECTED_ALIAS
0x004976AC,0x00497650,"mov dword ptr [esi + 0x30], edx",edx,unknown,POSSIBLE_ALIAS
0x00497B55,0x00497AE0,"mov dword ptr [esi + 0x30], edx",edx,stack,REJECTED_ALIAS
0x00498242,0x004981E0,"mov dword ptr [esi + 0x30], edx",edx,stack,REJECTED_ALIAS
0x004994D2,0x00499470,"mov dword ptr [esi + 0x30], edx",edx,stack,REJECTED_ALIAS
0x004996FC,0x004996A0,"mov dword ptr [esi + 0x30], edx",edx,stack,REJECTED_ALIAS
0x004998AC,0x00499810,"mov dword ptr [esi + 0x30], ecx",ecx,stack,REJECTED_ALIAS
0x0049A6E1,0x0049A2B0,"mov dword ptr [esp + 0x30], ebx",ebx,stack slot (esp+0x30),REJECTED_ALIAS
0x0049B23F,0x0049A970,"mov dword ptr [esp + 0x30], eax",eax,stack slot (esp+0x30),REJECTED_ALIAS
0x0049C9F4,0x0049C8D0,"mov dword ptr [esp + 0x30], eax",eax,stack slot (esp+0x30),REJECTED_ALIAS
0x0049CA44,0x0049C8D0,"mov dword ptr [esp + 0x30], eax",eax,stack slot (esp+0x30),REJECTED_ALIAS
0x0049F209,0x0049F1A0,"mov dword ptr [esp + 0x30], esi",esi,stack slot (esp+0x30),REJECTED_ALIAS
0x0049F240,0x0049F1A0,"mov dword ptr [esp + 0x30], esi",esi,stack slot (esp+0x30),REJECTED_ALIAS
0x004A0619,0x004A05C0,"mov dword ptr [esp + 0x30], esi",esi,stack slot (esp+0x30),REJECTED_ALIAS
0x004A0F6E,0x004A0F00,"mov byte ptr [edi + 0x30], dl",dl,unknown,POSSIBLE_ALIAS
0x004A1DF3,0x004A1D40,"mov dword ptr [esi + 0x30], edx",edx,unknown,POSSIBLE_ALIAS
0x004A1EE3,0x004A1E30,"mov byte ptr [esi + 0x30], dl",dl,unknown,POSSIBLE_ALIAS
0x004A20C3,0x004A2000,"mov byte ptr [esi + 0x30], al",al,unknown,POSSIBLE_ALIAS
0x004A22AB,0x004A21F0,"mov byte ptr [esi + 0x30], al",al,unknown,POSSIBLE_ALIAS
0x004A245C,0x004A2400,"mov dword ptr [esi + 0x30], edx",edx,unknown,POSSIBLE_ALIAS
0x004A24DC,0x004A2480,"mov byte ptr [esi + 0x30], dl",dl,unknown,POSSIBLE_ALIAS
0x004A25CC,0x004A2570,"mov byte ptr [esi + 0x30], dl",dl,unknown,POSSIBLE_ALIAS
0x004A26BC,0x004A2660,"mov byte ptr [esi + 0x30], dl",dl,unknown,POSSIBLE_ALIAS
0x004A279E,0x004A26E0,"mov dword ptr [esi + 0x30], edx",edx,unknown,POSSIBLE_ALIAS
0x004A29CC,0x004A2970,"mov dword ptr [esi + 0x30], edx",edx,unknown,POSSIBLE_ALIAS
0x004A2BCA,0x004A2B00,"mov dword ptr [esp + 0x30], eax",eax,stack slot (esp+0x30),REJECTED_ALIAS
0x004A2E09,0x004A2B00,"sub dword ptr [esp + 0x30], 0x22",0x22,stack slot (esp+0x30),REJECTED_ALIAS
0x004A33A4,0x004A3350,"mov dword ptr [esi + 0x30], edx",edx,unknown,POSSIBLE_ALIAS
0x004A3496,0x004A33D0,"mov dword ptr [esi + 0x30], eax",eax,unknown,POSSIBLE_ALIAS
0x004A370C,0x004A3670,"mov dword ptr [esi + 0x30], ecx",ecx,stack,REJECTED_ALIAS
0x004A379C,0x004A3740,"mov dword ptr [esi + 0x30], edx",edx,unknown,POSSIBLE_ALIAS
0x004A39D3,0x004A3960,"mov dword ptr [esi + 0x30], edx",edx,stack,REJECTED_ALIAS
0x004A44D2,0x004A4470,"mov dword ptr [esi + 0x30], edx",edx,stack,REJECTED_ALIAS
0x004A4572,0x004A4510,"mov byte ptr [esi + 0x30], dl",dl,stack,REJECTED_ALIAS
0x004A4612,0x004A45B0,"mov byte ptr [esi + 0x30], dl",dl,stack,REJECTED_ALIAS
0x004A4740,0x004A46E0,"mov byte ptr [esi + 0x30], dl",dl,stack,REJECTED_ALIAS
0x004A4872,0x004A4810,"mov byte ptr [esi + 0x30], dl",dl,stack,REJECTED_ALIAS
0x004A5611,0x004A51F0,"mov dword ptr [esp + 0x30], esi",esi,stack slot (esp+0x30),REJECTED_ALIAS
0x004A5678,0x004A51F0,"mov dword ptr [esp + 0x30], 3",3,stack slot (esp+0x30),REJECTED_ALIAS
0x004A6362,0x004A6300,"mov dword ptr [esi + 0x30], edx",edx,stack,REJECTED_ALIAS
0x004A748B,0x004A6F10,"mov dword ptr [esp + 0x30], ebx",ebx,stack slot (esp+0x30),REJECTED_ALIAS
0x004A75E7,0x004A6F10,"mov dword ptr [esp + 0x30], ebx",ebx,stack slot (esp+0x30),REJECTED_ALIAS
0x004A7961,0x004A6F10,"mov dword ptr [esp + 0x30], ebx",ebx,stack slot (esp+0x30),REJECTED_ALIAS
0x004A7BEF,0x004A6F10,"mov dword ptr [esp + 0x30], ebx",ebx,stack slot (esp+0x30),REJECTED_ALIAS
0x004A7C4B,0x004A6F10,"mov dword ptr [esp + 0x30], ebx",ebx,stack slot (esp+0x30),REJECTED_ALIAS
0x004A82D2,0x004A8270,"mov dword ptr [esi + 0x30], edx",edx,stack,REJECTED_ALIAS
0x004A836C,0x004A8310,"mov dword ptr [esi + 0x30], edx",edx,stack,REJECTED_ALIAS
0x004A847B,0x004A83E0,"mov dword ptr [esi + 0x30], ecx",ecx,stack,REJECTED_ALIAS
0x004A8D6A,0x004A8740,"mov dword ptr [esp + 0x30], eax",eax,stack slot (esp+0x30),REJECTED_ALIAS
0x004AB0D8,0x004AB0C0,"mov dword ptr [esp + 0x30], eax",eax,stack slot (esp+0x30),REJECTED_ALIAS
0x004AB397,0x004AB2E0,"mov byte ptr [esp + 0x30], bl",bl,stack slot (esp+0x30),REJECTED_ALIAS
0x004AB99D,0x004AB6F0,"mov dword ptr [esp + 0x30], ecx",ecx,stack slot (esp+0x30),REJECTED_ALIAS
0x004ABA32,0x004AB6F0,"mov dword ptr [esp + 0x30], edx",edx,stack slot (esp+0x30),REJECTED_ALIAS
0x004AC353,0x004AC300,"mov dword ptr [esp + 0x30], 0",0,stack slot (esp+0x30),REJECTED_ALIAS
0x004AD3D3,0x004AD3A0,"mov dword ptr [esp + 0x30], 0",0,stack slot (esp+0x30),REJECTED_ALIAS
0x004AE825,0x004AE750,"mov dword ptr [esp + 0x30], 0",0,stack slot (esp+0x30),REJECTED_ALIAS
0x004AEFAD,0x004AEC80,"mov dword ptr [esp + 0x30], ebx",ebx,stack slot (esp+0x30),REJECTED_ALIAS
0x004B051E,0x004B03B0,"mov byte ptr [esp + 0x30], 0",0,stack slot (esp+0x30),REJECTED_ALIAS
0x004B054C,0x004B03B0,"mov byte ptr [esp + 0x30], 0",0,stack slot (esp+0x30),REJECTED_ALIAS
0x004B057A,0x004B03B0,"mov byte ptr [esp + 0x30], 0",0,stack slot (esp+0x30),REJECTED_ALIAS
0x004B05A8,0x004B03B0,"mov byte ptr [esp + 0x30], 0",0,stack slot (esp+0x30),REJECTED_ALIAS
0x004B05D6,0x004B03B0,"mov byte ptr [esp + 0x30], 0",0,stack slot (esp+0x30),REJECTED_ALIAS
0x004B0604,0x004B03B0,"mov byte ptr [esp + 0x30], 0",0,stack slot (esp+0x30),REJECTED_ALIAS
0x004B063C,0x004B03B0,"mov byte ptr [esp + 0x30], 0",0,stack slot (esp+0x30),REJECTED_ALIAS
0x004B0641,0x004B03B0,"mov dword ptr [esi + 0x30], eax",eax,unknown,POSSIBLE_ALIAS
0x004B0A0E,0x004B0980,"mov dword ptr [esp + 0x30], 0x80",0x80,stack slot (esp+0x30),REJECTED_ALIAS
0x004B174D,0x004B1670,"mov dword ptr [esp + 0x30], ebp",ebp,stack slot (esp+0x30),REJECTED_ALIAS
0x004B1BF4,0x004B1B70,"mov dword ptr [esp + 0x30], 0xffffffff",0xffffffff,stack slot (esp+0x30),REJECTED_ALIAS
0x004B1E40,0x004B1C70,"mov dword ptr [esp + 0x30], edi",edi,stack slot (esp+0x30),REJECTED_ALIAS
0x004B2B6A,0x004B2B30,"mov dword ptr [ecx + 0x30], edx",edx,unknown,POSSIBLE_ALIAS
0x004B2C34,0x004B2BE0,"mov dword ptr [esp + 0x30], 0",0,stack slot (esp+0x30),REJECTED_ALIAS
0x004B2C75,0x004B2BE0,"mov byte ptr [esp + 0x30], 0",0,stack slot (esp+0x30),REJECTED_ALIAS
0x004B2C98,0x004B2BE0,"mov dword ptr [esp + 0x30], 0xffffffff",0xffffffff,stack slot (esp+0x30),REJECTED_ALIAS
0x004B334E,0x004B31E0,"mov dword ptr [esi + 0x30], ecx",ecx,unknown,POSSIBLE_ALIAS
0x004B3B10,0x004B3A00,"mov dword ptr [esp + 0x30], eax",eax,stack slot (esp+0x30),REJECTED_ALIAS
0x004B3DC9,0x004B3D70,"mov dword ptr [eax + 0x30], ecx",ecx,unknown,POSSIBLE_ALIAS
0x004B3E2B,0x004B3DD0,"mov dword ptr [eax + 0x30], ecx",ecx,unknown,POSSIBLE_ALIAS
0x004B3E86,0x004B3E30,"mov dword ptr [eax + 0x30], edx",edx,unknown,POSSIBLE_ALIAS
0x004B3EE9,0x004B3EA0,"mov dword ptr [eax + 0x30], edx",edx,unknown,POSSIBLE_ALIAS
0x004B414A,0x004B4010,"mov dword ptr [esp + 0x30], eax",eax,stack slot (esp+0x30),REJECTED_ALIAS
0x004B4160,0x004B4010,"mov dword ptr [esp + 0x30], ecx",ecx,stack slot (esp+0x30),REJECTED_ALIAS
0x004B42FB,0x004B4170,"mov dword ptr [esp + 0x30], edx",edx,stack slot (esp+0x30),REJECTED_ALIAS
0x004B4389,0x004B4170,"mov dword ptr [esp + 0x30], eax",eax,stack slot (esp+0x30),REJECTED_ALIAS
0x004B44D9,0x004B4410,"mov byte ptr [esp + 0x30], bl",bl,stack slot (esp+0x30),REJECTED_ALIAS
0x004B4699,0x004B4610,"mov dword ptr [eax + 0x30], edx",edx,stack,REJECTED_ALIAS
0x004B4727,0x004B46C0,"mov dword ptr [esp + 0x30], edi",edi,stack slot (esp+0x30),REJECTED_ALIAS
0x004B4B33,0x004B4AB0,"mov byte ptr [esp + 0x30], 1",1,stack slot (esp+0x30),REJECTED_ALIAS
0x004B5750,0x004B56D0,"mov dword ptr [esp + 0x30], eax",eax,stack slot (esp+0x30),REJECTED_ALIAS
0x004B5842,0x004B57E0,"mov dword ptr [esp + 0x30], 0xffffffff",0xffffffff,stack slot (esp+0x30),REJECTED_ALIAS
0x004B5A7A,0x004B5A00,"mov dword ptr [eax + 0x30], ecx",ecx,stack,REJECTED_ALIAS
0x004B5BAC,0x004B5B40,"mov dword ptr [eax + 0x30], edx",edx,stack,REJECTED_ALIAS
0x004B5CBD,0x004B5BD0,"mov dword ptr [esp + 0x30], eax",eax,stack slot (esp+0x30),REJECTED_ALIAS
0x004B5F10,0x004B5DE0,"mov dword ptr [esp + 0x30], 0xa7c244",0xa7c244,stack slot (esp+0x30),REJECTED_ALIAS
0x004B5F1A,0x004B5DE0,"mov dword ptr [esp + 0x30], ebx",ebx,stack slot (esp+0x30),REJECTED_ALIAS
0x004B5F47,0x004B5DE0,"mov dword ptr [esp + 0x30], ecx",ecx,stack slot (esp+0x30),REJECTED_ALIAS
0x004B6025,0x004B5DE0,"mov dword ptr [esp + 0x30], ebx",ebx,stack slot (esp+0x30),REJECTED_ALIAS
0x004B64F0,0x004B6470,"mov dword ptr [esp + 0x30], eax",eax,stack slot (esp+0x30),REJECTED_ALIAS
0x004B6DB4,0x004B6CF0,"mov dword ptr [esp + 0x30], 0xffffffff",0xffffffff,stack slot (esp+0x30),REJECTED_ALIAS
0x004B8036,0x004B7FD0,"mov dword ptr [esp + 0x30], 0xffffffff",0xffffffff,stack slot (esp+0x30),REJECTED_ALIAS
0x004B8145,0x004B8070,"mov byte ptr [esp + 0x30], 3",3,stack slot (esp+0x30),REJECTED_ALIAS
0x004B8ACA,0x004B8A90,"mov dword ptr [esp + 0x30], 0",0,stack slot (esp+0x30),REJECTED_ALIAS
0x004B9666,0x004B95C0,"mov byte ptr [esp + 0x30], 0",0,stack slot (esp+0x30),REJECTED_ALIAS
0x004BA4D0,0x004BA450,"mov dword ptr [esp + 0x30], 0",0,stack slot (esp+0x30),REJECTED_ALIAS
0x004BA876,0x004BA7F0,"mov dword ptr [esp + 0x30], 0",0,stack slot (esp+0x30),REJECTED_ALIAS
0x004BAA86,0x004BAA60,"mov byte ptr [esi + 0x30], dl",dl,unknown,POSSIBLE_ALIAS
0x004BBFEF,0x004BBF90,"mov dword ptr [esp + 0x30], ebx",ebx,stack slot (esp+0x30),REJECTED_ALIAS
0x004BD056,0x004BCFF0,"mov dword ptr [esp + 0x30], 0xffffffff",0xffffffff,stack slot (esp+0x30),REJECTED_ALIAS
0x004BE3A0,0x004BE320,"mov dword ptr [esp + 0x30], ecx",ecx,stack slot (esp+0x30),REJECTED_ALIAS
0x004BE3A7,0x004BE320,"mov dword ptr [esp + 0x30], eax",eax,stack slot (esp+0x30),REJECTED_ALIAS
0x004BEB62,0x004BEB10,"mov dword ptr [esp + 0x30], edi",edi,stack slot (esp+0x30),REJECTED_ALIAS
0x004C0522,0x004C0450,"mov dword ptr [esp + 0x30], edx",edx,stack slot (esp+0x30),REJECTED_ALIAS
0x004C0988,0x004C0680,"mov dword ptr [esp + 0x30], eax",eax,stack slot (esp+0x30),REJECTED_ALIAS
0x004C13C6,0x004C1360,"mov dword ptr [esp + 0x30], 0xffffffff",0xffffffff,stack slot (esp+0x30),REJECTED_ALIAS
0x004C1EA3,0x004C1DF0,"mov byte ptr [esi + 0x30], dl",dl,unknown,POSSIBLE_ALIAS
0x004C1FAC,0x004C1F50,"mov byte ptr [esi + 0x30], dl",dl,unknown,POSSIBLE_ALIAS
0x004C23A2,0x004C2340,"mov byte ptr [esi + 0x30], dl",dl,stack,REJECTED_ALIAS
0x004C28D3,0x004C26A0,"mov dword ptr [esp + 0x30], ecx",ecx,stack slot (esp+0x30),REJECTED_ALIAS
0x004C2BD8,0x004C2B20,"mov dword ptr [esp + 0x30], eax",eax,stack slot (esp+0x30),REJECTED_ALIAS
0x004C2DB2,0x004C2B20,"mov dword ptr [esp + 0x30], ebp",ebp,stack slot (esp+0x30),REJECTED_ALIAS
0x004C2FDF,0x004C2B20,"mov dword ptr [esp + 0x30], edi",edi,stack slot (esp+0x30),REJECTED_ALIAS
0x004C314E,0x004C3020,"mov dword ptr [esp + 0x30], edi",edi,stack slot (esp+0x30),REJECTED_ALIAS
0x004C3E5B,0x004C3E20,"mov dword ptr [esp + 0x30], ebp",ebp,stack slot (esp+0x30),REJECTED_ALIAS
0x004C4737,0x004C46C0,"mov dword ptr [esp + 0x30], eax",eax,stack slot (esp+0x30),REJECTED_ALIAS
0x004C4A74,0x004C4A10,"mov dword ptr [esp + 0x30], esi",esi,stack slot (esp+0x30),REJECTED_ALIAS
0x004C530C,0x004C52C0,"mov dword ptr [esp + 0x30], 0",0,stack slot (esp+0x30),REJECTED_ALIAS
0x004C540C,0x004C52C0,"mov byte ptr [esp + 0x30], 1",1,stack slot (esp+0x30),REJECTED_ALIAS
0x004C5446,0x004C52C0,"mov byte ptr [esp + 0x30], 0",0,stack slot (esp+0x30),REJECTED_ALIAS
0x004C5454,0x004C52C0,"mov dword ptr [esp + 0x30], 0xffffffff",0xffffffff,stack slot (esp+0x30),REJECTED_ALIAS
0x004C6523,0x004C6490,"mov dword ptr [esp + 0x30], 0",0,stack slot (esp+0x30),REJECTED_ALIAS
0x004C690D,0x004C68A0,"mov dword ptr [esp + 0x30], esp",esp,stack slot (esp+0x30),REJECTED_ALIAS
0x004C7AF8,0x004C77E0,"mov dword ptr [esp + 0x30], ebx",ebx,stack slot (esp+0x30),REJECTED_ALIAS
0x004C82E3,0x004C81E0,"mov byte ptr [esp + 0x30], 2",2,stack slot (esp+0x30),REJECTED_ALIAS
0x004C8331,0x004C81E0,"mov byte ptr [esp + 0x30], 3",3,stack slot (esp+0x30),REJECTED_ALIAS
0x004C89B0,0x004C8970,"mov dword ptr [esp + 0x30], eax",eax,stack slot (esp+0x30),REJECTED_ALIAS
0x004C89E7,0x004C8970,"mov byte ptr [esp + 0x30], 0",0,stack slot (esp+0x30),REJECTED_ALIAS
0x004C8A09,0x004C8970,"mov dword ptr [esp + 0x30], 2",2,stack slot (esp+0x30),REJECTED_ALIAS
0x004C8A36,0x004C8970,"mov byte ptr [esp + 0x30], 0",0,stack slot (esp+0x30),REJECTED_ALIAS
0x004C8AA3,0x004C8970,"mov byte ptr [esp + 0x30], 0",0,stack slot (esp+0x30),REJECTED_ALIAS
0x004C9F68,0x004C9F00,"mov byte ptr [esp + 0x30], al",al,stack slot (esp+0x30),REJECTED_ALIAS
0x004CA7F3,0x004CA780,"mov dword ptr [esi + 0x30], edx",edx,unknown,POSSIBLE_ALIAS
0x004CB1CA,0x004CB1B0,"mov dword ptr [esp + 0x30], edi",edi,stack slot (esp+0x30),REJECTED_ALIAS
0x004CB476,0x004CB290,"mov dword ptr [esp + 0x30], esp",esp,stack slot (esp+0x30),REJECTED_ALIAS
0x004CB536,0x004CB290,"mov dword ptr [esp + 0x30], esp",esp,stack slot (esp+0x30),REJECTED_ALIAS
0x004CB826,0x004CB730,"mov dword ptr [esp + 0x30], eax",eax,stack slot (esp+0x30),REJECTED_ALIAS
0x004CB85F,0x004CB730,"mov dword ptr [esp + 0x30], eax",eax,stack slot (esp+0x30),REJECTED_ALIAS
0x004CC2E6,0x004CC230,"mov dword ptr [esp + 0x30], edx",edx,stack slot (esp+0x30),REJECTED_ALIAS
0x004CC4BF,0x004CC230,"mov dword ptr [esp + 0x30], eax",eax,stack slot (esp+0x30),REJECTED_ALIAS
0x004CD584,0x004CD470,"mov dword ptr [esp + 0x30], ebp",ebp,stack slot (esp+0x30),REJECTED_ALIAS
0x004CD5AB,0x004CD470,"mov dword ptr [esp + 0x30], eax",eax,stack slot (esp+0x30),REJECTED_ALIAS
0x004CE00A,0x004CDF90,"mov dword ptr [esp + 0x30], 0",0,stack slot (esp+0x30),REJECTED_ALIAS
0x004CE67C,0x004CE5B0,"mov dword ptr [esp + 0x30], ebx",ebx,stack slot (esp+0x30),REJECTED_ALIAS
0x004CE8CC,0x004CE7A0,"mov dword ptr [esp + 0x30], ebp",ebp,stack slot (esp+0x30),REJECTED_ALIAS
0x004CF135,0x004CF0F0,"mov dword ptr [esp + 0x30], ebx",ebx,stack slot (esp+0x30),REJECTED_ALIAS
0x004D264A,0x004D25C0,"mov dword ptr [esp + 0x30], 0xa7ca20",0xa7ca20,stack slot (esp+0x30),REJECTED_ALIAS
0x004D295B,0x004D28B0,"mov dword ptr [esp + 0x30], esi",esi,stack slot (esp+0x30),REJECTED_ALIAS
0x004D2A09,0x004D28B0,"mov dword ptr [esp + 0x30], esi",esi,stack slot (esp+0x30),REJECTED_ALIAS
0x004D3059,0x004D3010,"mov dword ptr [esp + 0x30], ebx",ebx,stack slot (esp+0x30),REJECTED_ALIAS
0x004D316C,0x004D3120,"mov dword ptr [esp + 0x30], ebx",ebx,stack slot (esp+0x30),REJECTED_ALIAS
0x004D37EC,0x004D36C0,"mov dword ptr [esp + 0x30], edx",edx,stack slot (esp+0x30),REJECTED_ALIAS
0x004D3EDE,0x004D3E70,"mov dword ptr [edi + 0x30], edx",edx,unknown,POSSIBLE_ALIAS
0x004D3F7E,0x004D3F10,"mov byte ptr [edi + 0x30], dl",dl,unknown,POSSIBLE_ALIAS
0x004D4703,0x004D4650,"mov byte ptr [esi + 0x30], dl",dl,unknown,POSSIBLE_ALIAS
0x004D485C,0x004D4800,"mov byte ptr [esi + 0x30], dl",dl,unknown,POSSIBLE_ALIAS
0x004D5076,0x004D4FB0,"mov dword ptr [esi + 0x30], eax",eax,unknown,POSSIBLE_ALIAS
0x004D532D,0x004D52F0,"mov dword ptr [esp + 0x30], ebx",ebx,stack slot (esp+0x30),REJECTED_ALIAS
0x004D545C,0x004D5400,"mov dword ptr [esi + 0x30], edx",edx,unknown,POSSIBLE_ALIAS
0x004D56A9,0x004D55D0,"mov dword ptr [esi + 0x30], edx",edx,unknown,POSSIBLE_ALIAS
0x004D593C,0x004D58E0,"mov dword ptr [esi + 0x30], edx",edx,unknown,POSSIBLE_ALIAS
0x004D6561,0x004D6470,"mov dword ptr [esp + 0x30], ebx",ebx,stack slot (esp+0x30),REJECTED_ALIAS
0x004D68BA,0x004D67F0,"mov dword ptr [esp + 0x30], ebx",ebx,stack slot (esp+0x30),REJECTED_ALIAS
0x004D6A02,0x004D69A0,"mov byte ptr [esi + 0x30], dl",dl,stack,REJECTED_ALIAS
0x004D7190,0x004D7130,"mov dword ptr [esi + 0x30], edx",edx,stack,REJECTED_ALIAS
0x004D7360,0x004D7300,"mov dword ptr [esi + 0x30], edx",edx,stack,REJECTED_ALIAS
0x004D7734,0x004D7530,"mov dword ptr [esp + 0x30], eax",eax,stack slot (esp+0x30),REJECTED_ALIAS
0x004D781D,0x004D7530,"mov dword ptr [esp + 0x30], ebx",ebx,stack slot (esp+0x30),REJECTED_ALIAS
0x004D7FE5,0x004D7530,"mov dword ptr [esp + 0x30], esi",esi,stack slot (esp+0x30),REJECTED_ALIAS
0x004D8140,0x004D7530,"mov dword ptr [esp + 0x30], esi",esi,stack slot (esp+0x30),REJECTED_ALIAS
0x004D8283,0x004D7530,"mov dword ptr [esp + 0x30], esi",esi,stack slot (esp+0x30),REJECTED_ALIAS
0x004D8AB1,0x004D87D0,"mov dword ptr [esi + 0x30], eax",eax,stack,REJECTED_ALIAS
0x004D8DA1,0x004D8D40,"mov dword ptr [esp + 0x30], 0xffffffff",0xffffffff,stack slot (esp+0x30),REJECTED_ALIAS
0x004D8FAD,0x004D8E00,"mov dword ptr [esp + 0x30], eax",eax,stack slot (esp+0x30),REJECTED_ALIAS
0x004D8FBF,0x004D8E00,"mov dword ptr [esp + 0x30], eax",eax,stack slot (esp+0x30),REJECTED_ALIAS
0x004D91E1,0x004D8E00,"mov dword ptr [esp + 0x30], ecx",ecx,stack slot (esp+0x30),REJECTED_ALIAS
0x004D93E5,0x004D9330,"mov dword ptr [esp + 0x30], edi",edi,stack slot (esp+0x30),REJECTED_ALIAS
0x004D978A,0x004D9530,"mov dword ptr [esp + 0x30], edx",edx,stack slot (esp+0x30),REJECTED_ALIAS
0x004D9ACC,0x004D9880,"mov dword ptr [esp + 0x30], edi",edi,stack slot (esp+0x30),REJECTED_ALIAS
0x004DB4DB,0x004DB4A0,"mov dword ptr [esp + 0x30], 0",0,stack slot (esp+0x30),REJECTED_ALIAS
0x004DB4F0,0x004DB4A0,"mov dword ptr [esp + 0x30], 0xffffffff",0xffffffff,stack slot (esp+0x30),REJECTED_ALIAS
0x004DB527,0x004DB4A0,"mov byte ptr [esp + 0x30], 1",1,stack slot (esp+0x30),REJECTED_ALIAS
0x004DB5A4,0x004DB4A0,"mov dword ptr [esp + 0x30], 0xffffffff",0xffffffff,stack slot (esp+0x30),REJECTED_ALIAS
0x004DC920,0x004DC850,"mov dword ptr [esp + 0x30], edx",edx,stack slot (esp+0x30),REJECTED_ALIAS
0x004DC9EA,0x004DC9B0,"mov dword ptr [esp + 0x30], eax",eax,stack slot (esp+0x30),REJECTED_ALIAS
0x004DD2BE,0x004DD250,"mov dword ptr [esi + 0x30], ebx",ebx,"other-class this (vtable 0x00A7CBF4, .?AVArkMapUI@@)",REJECTED_ALIAS
0x004DD41E,0x004DD3F0,"add dword ptr [esi + 0x30], -4",-4,unknown,POSSIBLE_ALIAS
0x004DD503,0x004DD460,"mov dword ptr [esp + 0x30], eax",eax,stack slot (esp+0x30),REJECTED_ALIAS
0x004DD91A,0x004DD8A0,"mov dword ptr [esp + 0x30], 0",0,stack slot (esp+0x30),REJECTED_ALIAS
0x004DDAE9,0x004DDA30,"mov dword ptr [esp + 0x30], 0x5dc7",0x5dc7,stack slot (esp+0x30),REJECTED_ALIAS
0x004DEBC0,0x004DEAF0,"mov dword ptr [esp + 0x30], ecx",ecx,stack slot (esp+0x30),REJECTED_ALIAS
0x004DEBC9,0x004DEAF0,"mov dword ptr [esp + 0x30], eax",eax,stack slot (esp+0x30),REJECTED_ALIAS
0x004DF0FB,0x004DF070,"mov dword ptr [esp + 0x30], edx",edx,stack slot (esp+0x30),REJECTED_ALIAS
0x004DF411,0x004DF3D0,"mov dword ptr [esp + 0x30], eax",eax,stack slot (esp+0x30),REJECTED_ALIAS
0x004DF41D,0x004DF3D0,"mov dword ptr [esp + 0x30], eax",eax,stack slot (esp+0x30),REJECTED_ALIAS
0x004E1F40,0x004E1EE0,"mov dword ptr [esp + 0x30], eax",eax,stack slot (esp+0x30),REJECTED_ALIAS
0x004E2C1D,0x004E2BE0,"mov dword ptr [esp + 0x30], eax",eax,stack slot (esp+0x30),REJECTED_ALIAS
0x004E2C9E,0x004E2BE0,"mov dword ptr [esp + 0x30], edx",edx,stack slot (esp+0x30),REJECTED_ALIAS
0x004E3369,0x004E2FF0,"mov dword ptr [esp + 0x30], ebp",ebp,stack slot (esp+0x30),REJECTED_ALIAS
0x004E33C2,0x004E2FF0,"mov dword ptr [esp + 0x30], eax",eax,stack slot (esp+0x30),REJECTED_ALIAS
0x004E4AF6,0x004E4A40,"mov dword ptr [esp + 0x30], ebx",ebx,stack slot (esp+0x30),REJECTED_ALIAS
0x004E4BE5,0x004E4A40,"mov dword ptr [esp + 0x30], eax",eax,stack slot (esp+0x30),REJECTED_ALIAS
0x004E5D01,0x004E5C90,"mov dword ptr [edi + 0x30], edx",edx,unknown,POSSIBLE_ALIAS
0x004E5EF8,0x004E5E70,"mov dword ptr [esp + 0x30], edi",edi,stack slot (esp+0x30),REJECTED_ALIAS
0x004E6080,0x004E5E70,"mov dword ptr [esp + 0x30], edi",edi,stack slot (esp+0x30),REJECTED_ALIAS
0x004E69D7,0x004E68A0,"mov dword ptr [esp + 0x30], ecx",ecx,stack slot (esp+0x30),REJECTED_ALIAS
0x004E69E8,0x004E68A0,"mov dword ptr [esp + 0x30], eax",eax,stack slot (esp+0x30),REJECTED_ALIAS
0x004E759F,0x004E74E0,"mov dword ptr [esi + 0x30], eax",eax,unknown,POSSIBLE_ALIAS
0x004E76A3,0x004E75F0,"mov dword ptr [esi + 0x30], edx",edx,unknown,POSSIBLE_ALIAS
0x004E77BC,0x004E7760,"mov dword ptr [esi + 0x30], edx",edx,unknown,POSSIBLE_ALIAS
0x004E783C,0x004E77E0,"mov dword ptr [esi + 0x30], edx",edx,unknown,POSSIBLE_ALIAS
0x004E791E,0x004E7860,"mov dword ptr [esi + 0x30], edx",edx,unknown,POSSIBLE_ALIAS
0x004E7B26,0x004E7A60,"mov dword ptr [esi + 0x30], eax",eax,unknown,POSSIBLE_ALIAS
0x004E7C7C,0x004E7C20,"mov dword ptr [esi + 0x30], edx",edx,unknown,POSSIBLE_ALIAS
0x004E7D6C,0x004E7D10,"mov dword ptr [esi + 0x30], edx",edx,unknown,POSSIBLE_ALIAS
0x004E7FC5,0x004E7F70,"mov dword ptr [esi + 0x30], edx",edx,unknown,POSSIBLE_ALIAS
0x004E8045,0x004E7FF0,"mov dword ptr [esi + 0x30], edx",edx,unknown,POSSIBLE_ALIAS
0x004E8136,0x004E8070,"mov dword ptr [esi + 0x30], eax",eax,unknown,POSSIBLE_ALIAS
0x004E8547,0x004E84D0,"mov dword ptr [esi + 0x30], ecx",ecx,stack,REJECTED_ALIAS
0x004E85BC,0x004E8560,"mov dword ptr [esi + 0x30], edx",edx,unknown,POSSIBLE_ALIAS
0x004E863C,0x004E85E0,"mov dword ptr [esi + 0x30], edx",edx,unknown,POSSIBLE_ALIAS
0x004E87B5,0x004E8740,"mov dword ptr [esi + 0x30], edx",edx,stack,REJECTED_ALIAS
0x004E88B5,0x004E8840,"mov dword ptr [esi + 0x30], edx",edx,stack,REJECTED_ALIAS
0x004E94A0,0x004E9440,"mov dword ptr [esi + 0x30], edx",edx,stack,REJECTED_ALIAS
0x004E9552,0x004E94F0,"mov dword ptr [esi + 0x30], edx",edx,stack,REJECTED_ALIAS
0x004E9882,0x004E9820,"mov dword ptr [esi + 0x30], edx",edx,stack,REJECTED_ALIAS
0x004E99B2,0x004E9950,"mov dword ptr [esi + 0x30], edx",edx,stack,REJECTED_ALIAS
0x004E9BB2,0x004E9BA0,"mov dword ptr [esi + 0x30], edx",edx,unknown,POSSIBLE_ALIAS
0x004E9C52,0x004E9BF0,"mov dword ptr [esi + 0x30], edx",edx,stack,REJECTED_ALIAS
0x004E9CEC,0x004E9C90,"mov dword ptr [esi + 0x30], edx",edx,stack,REJECTED_ALIAS
0x004E9DBC,0x004E9D60,"mov dword ptr [esi + 0x30], edx",edx,stack,REJECTED_ALIAS
0x004E9E98,0x004E9E30,"mov dword ptr [edi + 0x30], ecx",ecx,stack,REJECTED_ALIAS
0x004E9F8C,0x004E9EF0,"mov dword ptr [esi + 0x30], ecx",ecx,stack,REJECTED_ALIAS
0x004EC364,0x004EC2E0,"mov byte ptr [esp + 0x30], 0",0,stack slot (esp+0x30),REJECTED_ALIAS
0x004EC406,0x004EC3D0,"mov dword ptr [esi + 0x30], edi",edi,unknown,POSSIBLE_ALIAS
0x004ED1D2,0x004ED1A0,"mov dword ptr [esp + 0x30], eax",eax,stack slot (esp+0x30),REJECTED_ALIAS
0x004EDAB4,0x004EDA60,"mov dword ptr [esi + 0x30], ebx",ebx,"other-class this (vtable 0x00A7CE5C, .?AVArkConstructUI@@)",REJECTED_ALIAS
0x004EE205,0x004EDE80,"mov dword ptr [esi + 0x30], eax",eax,unknown,POSSIBLE_ALIAS
0x004EE4A7,0x004EDE80,"mov dword ptr [esp + 0x30], ebx",ebx,stack slot (esp+0x30),REJECTED_ALIAS
0x004EE568,0x004EDE80,"mov dword ptr [esp + 0x30], ebx",ebx,stack slot (esp+0x30),REJECTED_ALIAS
0x004EEE08,0x004EEDD0,"mov dword ptr [esp + 0x30], eax",eax,stack slot (esp+0x30),REJECTED_ALIAS
0x004EEF5C,0x004EEF10,"mov dword ptr [esp + 0x30], ebx",ebx,stack slot (esp+0x30),REJECTED_ALIAS
0x004EF2A2,0x004EF270,"mov dword ptr [esp + 0x30], esi",esi,stack slot (esp+0x30),REJECTED_ALIAS
0x004F008D,0x004EFCF0,"mov dword ptr [esp + 0x30], eax",eax,stack slot (esp+0x30),REJECTED_ALIAS
0x004F02B7,0x004EFCF0,"mov dword ptr [esp + 0x30], eax",eax,stack slot (esp+0x30),REJECTED_ALIAS
0x004F06BC,0x004F0690,"mov dword ptr [esp + 0x30], edi",edi,stack slot (esp+0x30),REJECTED_ALIAS
0x004F0EF2,0x004F0E90,"mov dword ptr [esp + 0x30], 0xffffffff",0xffffffff,stack slot (esp+0x30),REJECTED_ALIAS
0x004F0FF2,0x004F0F90,"mov dword ptr [esp + 0x30], 0xffffffff",0xffffffff,stack slot (esp+0x30),REJECTED_ALIAS
0x004F1356,0x004F1030,"and dword ptr [esp + 0x30], 0xfffffffd",0xfffffffd,stack slot (esp+0x30),REJECTED_ALIAS
0x004F1A59,0x004F1900,"mov dword ptr [esp + 0x30], ecx",ecx,stack slot (esp+0x30),REJECTED_ALIAS
0x004F1A71,0x004F1900,"mov dword ptr [esp + 0x30], eax",eax,stack slot (esp+0x30),REJECTED_ALIAS
0x004F1A8F,0x004F1900,"mov dword ptr [esp + 0x30], ecx",ecx,stack slot (esp+0x30),REJECTED_ALIAS
0x004F27D9,0x004F2630,"mov dword ptr [esp + 0x30], ebx",ebx,stack slot (esp+0x30),REJECTED_ALIAS
0x004F291B,0x004F2890,"mov dword ptr [esp + 0x30], esp",esp,stack slot (esp+0x30),REJECTED_ALIAS
0x004F2BE4,0x004F2B80,"mov dword ptr [esp + 0x30], 4",4,stack slot (esp+0x30),REJECTED_ALIAS
0x004F3229,0x004F31D0,"mov dword ptr [esi + 0x30], ebx",ebx,"other-class this (vtable 0x00A7CF1C, .?AVArkRefineUI@@)",REJECTED_ALIAS
0x004F41F0,0x004F41A0,"mov dword ptr [esp + 0x30], 0",0,stack slot (esp+0x30),REJECTED_ALIAS
0x004F42B0,0x004F4260,"mov dword ptr [esp + 0x30], 0",0,stack slot (esp+0x30),REJECTED_ALIAS
0x004F4932,0x004F4910,"mov dword ptr [esi + 0x30], eax",eax,unknown,POSSIBLE_ALIAS
0x004F4AE0,0x004F4910,"mov dword ptr [esp + 0x30], 0x4f3da0",0x4f3da0,stack slot (esp+0x30),REJECTED_ALIAS
0x004F5140,0x004F50F0,"mov dword ptr [esp + 0x30], 0",0,stack slot (esp+0x30),REJECTED_ALIAS
0x004F51D0,0x004F50F0,"mov dword ptr [esp + 0x30], 0xffffffff",0xffffffff,stack slot (esp+0x30),REJECTED_ALIAS
0x004F6F8C,0x004F6F00,"mov dword ptr [esp + 0x30], 0xffffffff",0xffffffff,stack slot (esp+0x30),REJECTED_ALIAS
0x004F8AA6,0x004F8950,"mov dword ptr [esp + 0x30], ebp",ebp,stack slot (esp+0x30),REJECTED_ALIAS
0x004F8EB6,0x004F8E10,"mov byte ptr [esp + 0x30], 1",1,stack slot (esp+0x30),REJECTED_ALIAS
0x004F8EDB,0x004F8E10,"mov byte ptr [esp + 0x30], 0",0,stack slot (esp+0x30),REJECTED_ALIAS
0x004F965E,0x004F9600,"mov dword ptr [esp + 0x30], eax",eax,stack slot (esp+0x30),REJECTED_ALIAS
0x004F9673,0x004F9600,"mov dword ptr [esp + 0x30], edx",edx,stack slot (esp+0x30),REJECTED_ALIAS
0x004F972C,0x004F96D0,"mov dword ptr [esp + 0x30], eax",eax,stack slot (esp+0x30),REJECTED_ALIAS
0x004F97CC,0x004F9790,"mov dword ptr [esp + 0x30], 0",0,stack slot (esp+0x30),REJECTED_ALIAS
0x004F98F0,0x004F9880,"mov dword ptr [esp + 0x30], 0xffffffff",0xffffffff,stack slot (esp+0x30),REJECTED_ALIAS
0x004F9A90,0x004F9A20,"mov dword ptr [esp + 0x30], 0xffffffff",0xffffffff,stack slot (esp+0x30),REJECTED_ALIAS
0x004F9C30,0x004F9BC0,"mov dword ptr [esp + 0x30], 0xffffffff",0xffffffff,stack slot (esp+0x30),REJECTED_ALIAS
0x004F9CD2,0x004F9C70,"mov dword ptr [esp + 0x30], 0xffffffff",0xffffffff,stack slot (esp+0x30),REJECTED_ALIAS
0x004FA0B0,0x004FA040,"mov dword ptr [esp + 0x30], 0xffffffff",0xffffffff,stack slot (esp+0x30),REJECTED_ALIAS
0x004FA160,0x004FA0F0,"mov dword ptr [esp + 0x30], 0xffffffff",0xffffffff,stack slot (esp+0x30),REJECTED_ALIAS
0x004FA82B,0x004FA770,"mov dword ptr [esp + 0x30], ebp",ebp,stack slot (esp+0x30),REJECTED_ALIAS
0x004FB194,0x004FB090,"mov dword ptr [esp + 0x30], ebx",ebx,stack slot (esp+0x30),REJECTED_ALIAS
0x004FB5C4,0x004FB450,"mov dword ptr [esp + 0x30], ecx",ecx,stack slot (esp+0x30),REJECTED_ALIAS
0x004FB619,0x004FB450,"mov dword ptr [esp + 0x30], ebx",ebx,stack slot (esp+0x30),REJECTED_ALIAS
0x004FB89A,0x004FB6E0,"mov dword ptr [esp + 0x30], esi",esi,stack slot (esp+0x30),REJECTED_ALIAS
0x004FBE28,0x004FBDF0,"mov dword ptr [esp + 0x30], eax",eax,stack slot (esp+0x30),REJECTED_ALIAS
0x004FC5EB,0x004FC5C0,"mov dword ptr [eax + 0x30], ecx",ecx,unknown,POSSIBLE_ALIAS
0x004FC6D8,0x004FC600,"mov dword ptr [esp + 0x30], eax",eax,stack slot (esp+0x30),REJECTED_ALIAS
0x004FC77D,0x004FC600,"mov dword ptr [esp + 0x30], eax",eax,stack slot (esp+0x30),REJECTED_ALIAS
0x004FD3A6,0x004FD340,"mov dword ptr [esp + 0x30], 0xffffffff",0xffffffff,stack slot (esp+0x30),REJECTED_ALIAS
0x004FD446,0x004FD3E0,"mov dword ptr [esp + 0x30], 0xffffffff",0xffffffff,stack slot (esp+0x30),REJECTED_ALIAS
0x004FEE21,0x004FED50,"mov dword ptr [esi + 0x30], ebx",ebx,unknown,POSSIBLE_ALIAS
0x004FF07B,0x004FEE40,"mov dword ptr [esp + 0x30], edi",edi,stack slot (esp+0x30),REJECTED_ALIAS
0x004FF2B4,0x004FF1F0,"mov dword ptr [esi + 0x30], ebx",ebx,unknown,POSSIBLE_ALIAS
0x004FF49B,0x004FF430,"mov dword ptr [esp + 0x30], ebp",ebp,stack slot (esp+0x30),REJECTED_ALIAS
0x004FFD9E,0x004FFC90,"mov dword ptr [esp + 0x30], 0xcf",0xcf,stack slot (esp+0x30),REJECTED_ALIAS
0x00500260,0x005001F0,"mov dword ptr [esp + 0x30], 0xffffffff",0xffffffff,stack slot (esp+0x30),REJECTED_ALIAS
0x00500310,0x005002A0,"mov dword ptr [esp + 0x30], 0xffffffff",0xffffffff,stack slot (esp+0x30),REJECTED_ALIAS
0x005004BA,0x00500410,"mov dword ptr [esp + 0x30], ecx",ecx,stack slot (esp+0x30),REJECTED_ALIAS
0x005004C9,0x00500410,"mov dword ptr [esp + 0x30], ebx",ebx,stack slot (esp+0x30),REJECTED_ALIAS
0x005005B0,0x00500540,"mov dword ptr [esp + 0x30], ebp",ebp,stack slot (esp+0x30),REJECTED_ALIAS
0x00500B7B,0x00500AF0,"mov dword ptr [esp + 0x30], ebx",ebx,stack slot (esp+0x30),REJECTED_ALIAS
0x00500F8A,0x00500E30,"mov dword ptr [esp + 0x30], 2",2,stack slot (esp+0x30),REJECTED_ALIAS
0x00501875,0x00501800,"mov dword ptr [edi + 0x30], eax",eax,unknown,POSSIBLE_ALIAS
0x00501FAC,0x00501F50,"mov dword ptr [esi + 0x30], edx",edx,unknown,POSSIBLE_ALIAS
0x005020A7,0x00501FE0,"mov dword ptr [esi + 0x30], ecx",ecx,unknown,POSSIBLE_ALIAS
0x00502204,0x00502190,"mov dword ptr [esi + 0x30], eax",eax,stack,REJECTED_ALIAS
0x0050227C,0x00502220,"mov dword ptr [esi + 0x30], edx",edx,unknown,POSSIBLE_ALIAS
0x005022FC,0x005022A0,"mov dword ptr [esi + 0x30], edx",edx,unknown,POSSIBLE_ALIAS
0x00502402,0x00502330,"mov dword ptr [esi + 0x30], ecx",ecx,unknown,POSSIBLE_ALIAS
0x0050262D,0x005025F0,"mov dword ptr [esp + 0x30], ebx",ebx,stack slot (esp+0x30),REJECTED_ALIAS
0x005026B6,0x005025F0,"mov dword ptr [esi + 0x30], ecx",ecx,stack,REJECTED_ALIAS
0x0050276C,0x00502710,"mov dword ptr [esi + 0x30], edx",edx,unknown,POSSIBLE_ALIAS
0x00502800,0x00502790,"mov dword ptr [esi + 0x30], edx",edx,stack,REJECTED_ALIAS
0x005029D0,0x00502960,"mov dword ptr [esi + 0x30], edx",edx,stack,REJECTED_ALIAS
0x005036B0,0x00503650,"mov dword ptr [esi + 0x30], edx",edx,stack,REJECTED_ALIAS
0x00503808,0x005037B0,"mov dword ptr [esi + 0x30], edx",edx,stack,REJECTED_ALIAS
0x005038E0,0x00503880,"mov dword ptr [esi + 0x30], edx",edx,stack,REJECTED_ALIAS
0x005039AC,0x00503930,"mov dword ptr [edi + 0x30], edx",edx,stack,REJECTED_ALIAS
0x00503A68,0x00503A10,"mov dword ptr [esi + 0x30], edx",edx,stack,REJECTED_ALIAS
0x00503B41,0x00503AE0,"mov dword ptr [esp + 0x30], 0xffffffff",0xffffffff,stack slot (esp+0x30),REJECTED_ALIAS
0x00503BEC,0x00503B70,"mov dword ptr [edi + 0x30], edx",edx,stack,REJECTED_ALIAS
0x00503CB4,0x00503C50,"mov dword ptr [esp + 0x30], eax",eax,stack slot (esp+0x30),REJECTED_ALIAS
0x005040C3,0x00503F40,"mov dword ptr [esp + 0x30], eax",eax,stack slot (esp+0x30),REJECTED_ALIAS
0x00504253,0x005041C0,"mov dword ptr [esp + 0x30], esi",esi,stack slot (esp+0x30),REJECTED_ALIAS
0x00504292,0x005041C0,"mov dword ptr [esp + 0x30], esi",esi,stack slot (esp+0x30),REJECTED_ALIAS
0x00504426,0x005041C0,"mov dword ptr [esp + 0x30], esi",esi,stack slot (esp+0x30),REJECTED_ALIAS
0x0050503B,0x00504FD0,"mov byte ptr [esp + 0x30], bl",bl,stack slot (esp+0x30),REJECTED_ALIAS
0x00505122,0x00504FD0,"mov dword ptr [esp + 0x30], eax",eax,stack slot (esp+0x30),REJECTED_ALIAS
0x0050529A,0x00505210,"mov dword ptr [esp + 0x30], ebp",ebp,stack slot (esp+0x30),REJECTED_ALIAS
0x005052F2,0x00505210,"mov dword ptr [esp + 0x30], ecx",ecx,stack slot (esp+0x30),REJECTED_ALIAS
0x00505415,0x005053C0,"mov dword ptr [esp + 0x30], esi",esi,stack slot (esp+0x30),REJECTED_ALIAS
0x0050544D,0x005053C0,"mov dword ptr [esp + 0x30], edx",edx,stack slot (esp+0x30),REJECTED_ALIAS
0x005055EA,0x005055A0,"mov dword ptr [esp + 0x30], 0x80",0x80,stack slot (esp+0x30),REJECTED_ALIAS
0x00505DB6,0x00505D10,"mov dword ptr [esp + 0x30], ecx",ecx,stack slot (esp+0x30),REJECTED_ALIAS
0x00505F30,0x00505EB0,"mov dword ptr [esp + 0x30], eax",eax,stack slot (esp+0x30),REJECTED_ALIAS
0x005060D5,0x00506030,"mov dword ptr [esp + 0x30], edx",edx,stack slot (esp+0x30),REJECTED_ALIAS
0x005070E2,0x005070B0,"mov dword ptr [esp + 0x30], 0",0,stack slot (esp+0x30),REJECTED_ALIAS
0x005072CA,0x00507260,"mov dword ptr [esp + 0x30], esp",esp,stack slot (esp+0x30),REJECTED_ALIAS
0x005077AB,0x00507720,"mov dword ptr [esp + 0x30], 0",0,stack slot (esp+0x30),REJECTED_ALIAS
0x005084A0,0x00508420,"mov dword ptr [esp + 0x30], eax",eax,stack slot (esp+0x30),REJECTED_ALIAS
0x00508754,0x00508730,"mov dword ptr [esp + 0x30], eax",eax,stack slot (esp+0x30),REJECTED_ALIAS
0x00508A16,0x005089B0,"mov dword ptr [esp + 0x30], ecx",ecx,stack slot (esp+0x30),REJECTED_ALIAS
0x00508A43,0x005089B0,"mov dword ptr [esp + 0x30], edi",edi,stack slot (esp+0x30),REJECTED_ALIAS
0x00508AF4,0x00508A90,"mov dword ptr [esp + 0x30], ecx",ecx,stack slot (esp+0x30),REJECTED_ALIAS
0x00508B21,0x00508A90,"mov dword ptr [esp + 0x30], edi",edi,stack slot (esp+0x30),REJECTED_ALIAS
0x00508D70,0x00508D60,"mov dword ptr [esp + 0x30], eax",eax,stack slot (esp+0x30),REJECTED_ALIAS
0x00508E65,0x00508E00,"mov dword ptr [esp + 0x30], 0xffffffff",0xffffffff,stack slot (esp+0x30),REJECTED_ALIAS
0x00508EDE,0x00508EA0,"mov dword ptr [esp + 0x30], esp",esp,stack slot (esp+0x30),REJECTED_ALIAS
0x005093C3,0x00509330,"mov dword ptr [ebp + 0x30], eax",eax,"SF-this (register ebp, 0x00509357 mov ebp,ecx; 0x00509366 mov [ebp],0xa7d458)",PROVEN_SF30_WRITER
0x0050A2D1,0x0050A240,"mov dword ptr [esi + 0x30], ebx",ebx,"SF-this (register esi, 0x0050A263 mov esi,ecx; 0x0050A269 mov [esi],0xa7d458)",PROVEN_SF30_WRITER
0x0050B1FB,0x0050B1D0,"mov dword ptr [esp + 0x30], 0",0,stack slot (esp+0x30),REJECTED_ALIAS
0x0050B247,0x0050B1D0,"mov byte ptr [esp + 0x30], 1",1,stack slot (esp+0x30),REJECTED_ALIAS
0x0050B296,0x0050B1D0,"mov byte ptr [esp + 0x30], 0",0,stack slot (esp+0x30),REJECTED_ALIAS
0x0050B2B0,0x0050B1D0,"mov dword ptr [esp + 0x30], 0xffffffff",0xffffffff,stack slot (esp+0x30),REJECTED_ALIAS
0x0050B2D9,0x0050B1D0,"mov dword ptr [esp + 0x30], 0xffffffff",0xffffffff,stack slot (esp+0x30),REJECTED_ALIAS
0x0050B3C3,0x0050B370,"mov dword ptr [esp + 0x30], 0xffffffff",0xffffffff,stack slot (esp+0x30),REJECTED_ALIAS
0x0050B40B,0x0050B370,"mov dword ptr [esp + 0x30], 0xffffffff",0xffffffff,stack slot (esp+0x30),REJECTED_ALIAS
0x0050B4D3,0x0050B480,"mov dword ptr [esp + 0x30], 0xffffffff",0xffffffff,stack slot (esp+0x30),REJECTED_ALIAS
0x0050B51B,0x0050B480,"mov dword ptr [esp + 0x30], 0xffffffff",0xffffffff,stack slot (esp+0x30),REJECTED_ALIAS
0x0050B9DC,0x0050B960,"mov dword ptr [esp + 0x30], 0",0,stack slot (esp+0x30),REJECTED_ALIAS
0x0050BAA4,0x0050BA30,"mov byte ptr [esp + 0x30], bl",bl,stack slot (esp+0x30),REJECTED_ALIAS
0x0050BAB8,0x0050BA30,"mov dword ptr [esp + 0x30], 0xffffffff",0xffffffff,stack slot (esp+0x30),REJECTED_ALIAS
0x0050CEE4,0x0050CD10,"mov dword ptr [esp + 0x30], edx",edx,stack slot (esp+0x30),REJECTED_ALIAS
0x0050D0D5,0x0050CD10,"mov dword ptr [esp + 0x30], ecx",ecx,stack slot (esp+0x30),REJECTED_ALIAS
0x0050D0E1,0x0050CD10,"mov dword ptr [esp + 0x30], eax",eax,stack slot (esp+0x30),REJECTED_ALIAS
0x0050D118,0x0050CD10,"mov dword ptr [esp + 0x30], edx",edx,stack slot (esp+0x30),REJECTED_ALIAS
0x0050D14D,0x0050CD10,"mov dword ptr [esp + 0x30], edx",edx,stack slot (esp+0x30),REJECTED_ALIAS
0x0050D17C,0x0050CD10,"mov dword ptr [esp + 0x30], edx",edx,stack slot (esp+0x30),REJECTED_ALIAS
0x0050D4CD,0x0050D480,"mov dword ptr [esp + 0x30], edi",edi,stack slot (esp+0x30),REJECTED_ALIAS
0x0050D9B3,0x0050D970,"mov dword ptr [esp + 0x30], esp",esp,stack slot (esp+0x30),REJECTED_ALIAS
0x0050DB10,0x0050DAD0,"mov dword ptr [esp + 0x30], esp",esp,stack slot (esp+0x30),REJECTED_ALIAS
0x0050E143,0x0050E0C0,"mov dword ptr [esp + 0x30], eax",eax,stack slot (esp+0x30),REJECTED_ALIAS
0x0050E380,0x0050E310,"mov dword ptr [esp + 0x30], 0xffffffff",0xffffffff,stack slot (esp+0x30),REJECTED_ALIAS
0x0050E3F2,0x0050E3C0,"mov dword ptr [esp + 0x30], 0",0,stack slot (esp+0x30),REJECTED_ALIAS
0x005101DA,0x00510130,"mov dword ptr [esp + 0x30], eax",eax,stack slot (esp+0x30),REJECTED_ALIAS
0x0051075C,0x005106A0,"mov byte ptr [esp + 0x30], cl",cl,stack slot (esp+0x30),REJECTED_ALIAS
0x00510BAA,0x00510AF0,"mov dword ptr [esp + 0x30], esi",esi,stack slot (esp+0x30),REJECTED_ALIAS
0x00513649,0x005135C0,"mov dword ptr [esp + 0x30], 0xb8",0xb8,stack slot (esp+0x30),REJECTED_ALIAS
0x005140C2,0x00513F60,"mov dword ptr [esp + 0x30], 0xa7d7cc",0xa7d7cc,stack slot (esp+0x30),REJECTED_ALIAS
0x005146F7,0x005146B0,"mov dword ptr [esp + 0x30], eax",eax,stack slot (esp+0x30),REJECTED_ALIAS
0x00515561,0x00514EF0,"mov dword ptr [esp + 0x30], edx",edx,stack slot (esp+0x30),REJECTED_ALIAS
0x00515AF8,0x005158C0,"mov dword ptr [esp + 0x30], ebx",ebx,stack slot (esp+0x30),REJECTED_ALIAS
0x00515F97,0x00515F80,"mov dword ptr [ecx + 0x30], eax",eax,unknown,POSSIBLE_ALIAS
0x00519690,0x005194F0,"mov dword ptr [esp + 0x30], edx",edx,stack slot (esp+0x30),REJECTED_ALIAS
0x0051A8F3,0x0051A510,"mov dword ptr [esi + 0x30], eax",eax,unknown,POSSIBLE_ALIAS
0x0051BE86,0x0051BB60,"mov dword ptr [esp + 0x30], ebx",ebx,stack slot (esp+0x30),REJECTED_ALIAS
0x0051C28A,0x0051BFB0,"mov dword ptr [esp + 0x30], eax",eax,stack slot (esp+0x30),REJECTED_ALIAS
0x0051C5D4,0x0051BFB0,"mov dword ptr [esp + 0x30], eax",eax,stack slot (esp+0x30),REJECTED_ALIAS
0x0051C9F6,0x0051C6E0,"mov dword ptr [esp + 0x30], esi",esi,stack slot (esp+0x30),REJECTED_ALIAS
0x0051E1D8,0x0051E1C0,"mov dword ptr [esp + 0x30], eax",eax,stack slot (esp+0x30),REJECTED_ALIAS
0x0051F5EE,0x0051F340,"mov dword ptr [esp + 0x30], ebx",ebx,stack slot (esp+0x30),REJECTED_ALIAS
0x0051F78C,0x0051F750,"mov dword ptr [esp + 0x30], ecx",ecx,stack slot (esp+0x30),REJECTED_ALIAS
0x0051F8C2,0x0051F860,"mov dword ptr [esp + 0x30], 0xffffffff",0xffffffff,stack slot (esp+0x30),REJECTED_ALIAS
0x0051FC6B,0x0051F900,"mov dword ptr [esp + 0x30], ebx",ebx,stack slot (esp+0x30),REJECTED_ALIAS
0x005200CD,0x0051FDC0,"mov dword ptr [esp + 0x30], ebx",ebx,stack slot (esp+0x30),REJECTED_ALIAS
0x005233D3,0x00523000,"mov dword ptr [esp + 0x30], eax",eax,stack slot (esp+0x30),REJECTED_ALIAS
0x0052517E,0x00524F50,"mov dword ptr [esp + 0x30], ebp",ebp,stack slot (esp+0x30),REJECTED_ALIAS
0x005251EA,0x00524F50,"mov dword ptr [esp + 0x30], 0xffffffff",0xffffffff,stack slot (esp+0x30),REJECTED_ALIAS
0x005254C3,0x00525480,"mov dword ptr [esp + 0x30], eax",eax,stack slot (esp+0x30),REJECTED_ALIAS
0x0052AC27,0x0052ABD0,"mov dword ptr [esp + 0x30], 0",0,stack slot (esp+0x30),REJECTED_ALIAS
0x0052AC3B,0x0052ABD0,"mov byte ptr [esp + 0x30], 1",1,stack slot (esp+0x30),REJECTED_ALIAS
0x0052AC6E,0x0052ABD0,"mov dword ptr [esp + 0x30], 0xffffffff",0xffffffff,stack slot (esp+0x30),REJECTED_ALIAS
0x0052AD14,0x0052ACC0,"mov dword ptr [esp + 0x30], 0",0,stack slot (esp+0x30),REJECTED_ALIAS
0x0052AD28,0x0052ACC0,"mov byte ptr [esp + 0x30], 1",1,stack slot (esp+0x30),REJECTED_ALIAS
0x0052AD5B,0x0052ACC0,"mov dword ptr [esp + 0x30], 0xffffffff",0xffffffff,stack slot (esp+0x30),REJECTED_ALIAS
0x0052AE10,0x0052ADB0,"mov dword ptr [esp + 0x30], 0",0,stack slot (esp+0x30),REJECTED_ALIAS
0x0052AE24,0x0052ADB0,"mov byte ptr [esp + 0x30], 1",1,stack slot (esp+0x30),REJECTED_ALIAS
0x0052AE57,0x0052ADB0,"mov dword ptr [esp + 0x30], 0xffffffff",0xffffffff,stack slot (esp+0x30),REJECTED_ALIAS
0x0052B227,0x0052B1E0,"mov dword ptr [esp + 0x30], eax",eax,stack slot (esp+0x30),REJECTED_ALIAS
0x0052CCCC,0x0052CC60,"mov dword ptr [esp + 0x30], 0",0,stack slot (esp+0x30),REJECTED_ALIAS
0x0052D2F8,0x0052D080,"mov dword ptr [esp + 0x30], ebx",ebx,stack slot (esp+0x30),REJECTED_ALIAS
0x0052D50C,0x0052D420,"mov dword ptr [esp + 0x30], esi",esi,stack slot (esp+0x30),REJECTED_ALIAS
0x0052EDF1,0x0052ECD0,"mov dword ptr [esp + 0x30], eax",eax,stack slot (esp+0x30),REJECTED_ALIAS
0x0052F87A,0x0052ECD0,"mov dword ptr [esp + 0x30], eax",eax,stack slot (esp+0x30),REJECTED_ALIAS
0x0052F8BB,0x0052ECD0,"mov dword ptr [esp + 0x30], eax",eax,stack slot (esp+0x30),REJECTED_ALIAS
0x0052F8FC,0x0052ECD0,"mov dword ptr [esp + 0x30], eax",eax,stack slot (esp+0x30),REJECTED_ALIAS
0x005391EB,0x00539160,"mov dword ptr [esp + 0x30], 0",0,stack slot (esp+0x30),REJECTED_ALIAS
0x00539BA0,0x00539BA0,"mov dword ptr [esp + 0x30], 8",8,stack slot (esp+0x30),REJECTED_ALIAS
0x0053AD8C,0x0053ACE0,"mov dword ptr [esp + 0x30], esp",esp,stack slot (esp+0x30),REJECTED_ALIAS
0x0053AE57,0x0053ADC0,"mov dword ptr [esp + 0x30], eax",eax,stack slot (esp+0x30),REJECTED_ALIAS
0x0053B6AE,0x0053B660,"mov dword ptr [esi + 0x30], ebx",ebx,unknown,POSSIBLE_ALIAS
0x0053BD40,0x0053BAF0,"mov dword ptr [esi + 0x30], eax",eax,unknown,POSSIBLE_ALIAS
0x0053C4F6,0x0053C3C0,"mov dword ptr [esp + 0x30], 0xffffffff",0xffffffff,stack slot (esp+0x30),REJECTED_ALIAS
0x0053E6D9,0x0053DA10,"mov dword ptr [esp + 0x30], edi",edi,stack slot (esp+0x30),REJECTED_ALIAS
0x0053E866,0x0053DA10,"mov dword ptr [esp + 0x30], edi",edi,stack slot (esp+0x30),REJECTED_ALIAS
0x0053E8EB,0x0053DA10,"mov dword ptr [esp + 0x30], edi",edi,stack slot (esp+0x30),REJECTED_ALIAS
0x0053E970,0x0053DA10,"mov dword ptr [esp + 0x30], edi",edi,stack slot (esp+0x30),REJECTED_ALIAS
0x0053F218,0x0053F1B0,"mov dword ptr [esp + 0x30], ebx",ebx,stack slot (esp+0x30),REJECTED_ALIAS
0x0053F263,0x0053F1B0,"mov dword ptr [esp + 0x30], ebx",ebx,stack slot (esp+0x30),REJECTED_ALIAS
0x00540181,0x005400B0,"mov dword ptr [esp + 0x30], ebp",ebp,stack slot (esp+0x30),REJECTED_ALIAS
0x005418A8,0x00541520,"mov dword ptr [esp + 0x30], edi",edi,stack slot (esp+0x30),REJECTED_ALIAS
0x00541A90,0x00541520,"mov dword ptr [esp + 0x30], edi",edi,stack slot (esp+0x30),REJECTED_ALIAS
0x00541C7B,0x00541520,"mov dword ptr [esp + 0x30], edi",edi,stack slot (esp+0x30),REJECTED_ALIAS
0x00541E68,0x00541520,"mov dword ptr [esp + 0x30], edi",edi,stack slot (esp+0x30),REJECTED_ALIAS
0x0054217D,0x00541520,"mov dword ptr [esp + 0x30], edi",edi,stack slot (esp+0x30),REJECTED_ALIAS
0x005422BD,0x00541520,"mov dword ptr [esp + 0x30], edi",edi,stack slot (esp+0x30),REJECTED_ALIAS
0x00543089,0x00543010,"mov dword ptr [esi + 0x30], ebx",ebx,unknown,POSSIBLE_ALIAS
0x0054340F,0x005432A0,"mov dword ptr [esp + 0x30], edi",edi,stack slot (esp+0x30),REJECTED_ALIAS
0x005443CF,0x005443B0,"mov dword ptr [esi + 0x30], ecx",ecx,unknown,POSSIBLE_ALIAS
0x00544ABB,0x00544A70,"mov dword ptr [esi + 0x30], ecx",ecx,unknown,POSSIBLE_ALIAS
0x00544E42,0x00544DF0,"mov dword ptr [esi + 0x30], eax",eax,unknown,POSSIBLE_ALIAS
0x005464C9,0x005464B0,"mov dword ptr [esi + 0x30], ebx",ebx,unknown,POSSIBLE_ALIAS
0x00546CD2,0x00546C40,"mov dword ptr [esp + 0x30], 0xffffffff",0xffffffff,stack slot (esp+0x30),REJECTED_ALIAS
0x00546DE0,0x00546D60,"mov dword ptr [esp + 0x30], 0",0,stack slot (esp+0x30),REJECTED_ALIAS
0x00547C89,0x00547750,"mov dword ptr [esi + 0x30], eax",eax,unknown,POSSIBLE_ALIAS
0x005486E6,0x00548630,"mov dword ptr [esp + 0x30], eax",eax,stack slot (esp+0x30),REJECTED_ALIAS
0x0054885D,0x00548630,"mov dword ptr [esp + 0x30], ecx",ecx,stack slot (esp+0x30),REJECTED_ALIAS
0x005493B4,0x00548D30,"mov dword ptr [esp + 0x30], ebx",ebx,stack slot (esp+0x30),REJECTED_ALIAS
0x005494B6,0x00548D30,"mov dword ptr [esp + 0x30], ebx",ebx,stack slot (esp+0x30),REJECTED_ALIAS
0x00549582,0x00548D30,"mov dword ptr [esp + 0x30], ebx",ebx,stack slot (esp+0x30),REJECTED_ALIAS
0x0054964E,0x00548D30,"mov dword ptr [esp + 0x30], ebx",ebx,stack slot (esp+0x30),REJECTED_ALIAS
0x0054971A,0x00548D30,"mov dword ptr [esp + 0x30], ebx",ebx,stack slot (esp+0x30),REJECTED_ALIAS
0x005497E6,0x00548D30,"mov dword ptr [esp + 0x30], ebx",ebx,stack slot (esp+0x30),REJECTED_ALIAS
0x005498B2,0x00548D30,"mov dword ptr [esp + 0x30], ebx",ebx,stack slot (esp+0x30),REJECTED_ALIAS
0x0054997E,0x00549920,"mov dword ptr [esp + 0x30], ebx",ebx,stack slot (esp+0x30),REJECTED_ALIAS
0x00549ECC,0x00549920,"mov dword ptr [esp + 0x30], ebx",ebx,stack slot (esp+0x30),REJECTED_ALIAS
0x00549F92,0x00549920,"mov dword ptr [esp + 0x30], ebx",ebx,stack slot (esp+0x30),REJECTED_ALIAS
0x0054A058,0x00549920,"mov dword ptr [esp + 0x30], ebx",ebx,stack slot (esp+0x30),REJECTED_ALIAS
0x0054A11E,0x00549920,"mov dword ptr [esp + 0x30], ebx",ebx,stack slot (esp+0x30),REJECTED_ALIAS
0x0054A435,0x0054A2B0,"mov dword ptr [esp + 0x30], ecx",ecx,stack slot (esp+0x30),REJECTED_ALIAS
0x0054AEF4,0x0054AA30,"mov dword ptr [esp + 0x30], edx",edx,stack slot (esp+0x30),REJECTED_ALIAS
0x0054B215,0x0054B200,"mov dword ptr [esp + 0x30], ebx",ebx,stack slot (esp+0x30),REJECTED_ALIAS
0x0054B35B,0x0054B200,"mov dword ptr [esp + 0x30], ebx",ebx,stack slot (esp+0x30),REJECTED_ALIAS
0x0054B459,0x0054B370,"mov dword ptr [esp + 0x30], ebx",ebx,stack slot (esp+0x30),REJECTED_ALIAS
0x0054B50D,0x0054B370,"mov dword ptr [esp + 0x30], ebx",ebx,stack slot (esp+0x30),REJECTED_ALIAS
0x0054B63B,0x0054B370,"mov dword ptr [esp + 0x30], ebx",ebx,stack slot (esp+0x30),REJECTED_ALIAS
0x0054B7D6,0x0054B370,"mov dword ptr [esp + 0x30], ebx",ebx,stack slot (esp+0x30),REJECTED_ALIAS
0x0054B925,0x0054B370,"mov dword ptr [esp + 0x30], ebx",ebx,stack slot (esp+0x30),REJECTED_ALIAS
0x0054BE50,0x0054B370,"mov dword ptr [esp + 0x30], ebx",ebx,stack slot (esp+0x30),REJECTED_ALIAS
0x0054BEEE,0x0054B370,"mov dword ptr [esp + 0x30], ebx",ebx,stack slot (esp+0x30),REJECTED_ALIAS
0x0054C6C1,0x0054C080,"mov dword ptr [esp + 0x30], eax",eax,stack slot (esp+0x30),REJECTED_ALIAS
0x0054D0F2,0x0054C080,"mov dword ptr [esp + 0x30], ebp",ebp,stack slot (esp+0x30),REJECTED_ALIAS
0x0054D644,0x0054D600,"mov dword ptr [esp + 0x30], ebx",ebx,stack slot (esp+0x30),REJECTED_ALIAS
0x0054D718,0x0054D600,"mov dword ptr [esp + 0x30], ebx",ebx,stack slot (esp+0x30),REJECTED_ALIAS
0x0054D7BD,0x0054D600,"mov dword ptr [esp + 0x30], ebx",ebx,stack slot (esp+0x30),REJECTED_ALIAS
0x0054D862,0x0054D600,"mov dword ptr [esp + 0x30], ebx",ebx,stack slot (esp+0x30),REJECTED_ALIAS
0x0054D907,0x0054D600,"mov dword ptr [esp + 0x30], ebx",ebx,stack slot (esp+0x30),REJECTED_ALIAS
0x0054DB6D,0x0054DAE0,"mov dword ptr [esp + 0x30], 1",1,stack slot (esp+0x30),REJECTED_ALIAS
0x0054E322,0x0054E2B0,"mov dword ptr [esp + 0x30], 1",1,stack slot (esp+0x30),REJECTED_ALIAS
0x0054EEC6,0x0054EE50,"mov dword ptr [esi + 0x30], eax",eax,unknown,POSSIBLE_ALIAS
0x0054EF9C,0x0054EF60,"mov dword ptr [esp + 0x30], ebx",ebx,stack slot (esp+0x30),REJECTED_ALIAS
0x0054EFBB,0x0054EF60,"mov dword ptr [esp + 0x30], 1",1,stack slot (esp+0x30),REJECTED_ALIAS
0x00551231,0x005511E0,"mov dword ptr [esi + 0x30], eax",eax,unknown,POSSIBLE_ALIAS
0x0055162E,0x005512B0,"mov dword ptr [esp + 0x30], edi",edi,stack slot (esp+0x30),REJECTED_ALIAS
0x00551C09,0x00551B20,"mov dword ptr [esp + 0x30], ebx",ebx,stack slot (esp+0x30),REJECTED_ALIAS
0x00551CBB,0x00551B20,"mov dword ptr [esp + 0x30], eax",eax,stack slot (esp+0x30),REJECTED_ALIAS
0x00551CD5,0x00551B20,"mov byte ptr [esp + 0x30], bl",bl,stack slot (esp+0x30),REJECTED_ALIAS
0x00552352,0x005522F0,"mov dword ptr [ebp + 0x30], ecx",ecx,unknown (ebp repurposed),POSSIBLE_ALIAS
0x00552BFA,0x00552B90,"mov dword ptr [ebp + 0x30], ecx",ecx,unknown (ebp repurposed),POSSIBLE_ALIAS
0x005546D1,0x00554220,"mov dword ptr [esp + 0x30], ebx",ebx,stack slot (esp+0x30),REJECTED_ALIAS
0x00554D17,0x00554BF0,"mov dword ptr [esp + 0x30], edi",edi,stack slot (esp+0x30),REJECTED_ALIAS
0x00554DFC,0x00554BF0,"mov dword ptr [esp + 0x30], eax",eax,stack slot (esp+0x30),REJECTED_ALIAS
0x00555D56,0x005559C0,"mov dword ptr [esp + 0x30], ebp",ebp,stack slot (esp+0x30),REJECTED_ALIAS
0x005561AF,0x005559C0,"mov dword ptr [esp + 0x30], ebp",ebp,stack slot (esp+0x30),REJECTED_ALIAS
0x00559E9D,0x00559C20,"mov dword ptr [esp + 0x30], ebx",ebx,stack slot (esp+0x30),REJECTED_ALIAS
0x0055A577,0x0055A3B0,"mov dword ptr [esp + 0x30], ebx",ebx,stack slot (esp+0x30),REJECTED_ALIAS
0x0055A9B6,0x0055A3B0,"mov dword ptr [esp + 0x30], ebx",ebx,stack slot (esp+0x30),REJECTED_ALIAS
0x0055C3FB,0x0055C270,"mov byte ptr [esp + 0x30], 1",1,stack slot (esp+0x30),REJECTED_ALIAS
0x0055C415,0x0055C270,"mov byte ptr [esp + 0x30], 3",3,stack slot (esp+0x30),REJECTED_ALIAS
0x0055C432,0x0055C270,"mov byte ptr [esp + 0x30], 4",4,stack slot (esp+0x30),REJECTED_ALIAS
0x0055C450,0x0055C270,"mov byte ptr [esp + 0x30], bl",bl,stack slot (esp+0x30),REJECTED_ALIAS
0x0055C4A1,0x0055C270,"mov byte ptr [esp + 0x30], bl",bl,stack slot (esp+0x30),REJECTED_ALIAS
0x0055C4BE,0x0055C270,"mov byte ptr [esp + 0x30], 3",3,stack slot (esp+0x30),REJECTED_ALIAS
0x0055C4DA,0x0055C270,"mov byte ptr [esp + 0x30], 0",0,stack slot (esp+0x30),REJECTED_ALIAS
0x0055CB6E,0x0055CA40,"mov dword ptr [esp + 0x30], ecx",ecx,stack slot (esp+0x30),REJECTED_ALIAS
0x0055E836,0x0055E7D0,"mov dword ptr [esp + 0x30], 0xffffffff",0xffffffff,stack slot (esp+0x30),REJECTED_ALIAS
0x0055FB07,0x0055FA50,"mov dword ptr [esp + 0x30], eax",eax,stack slot (esp+0x30),REJECTED_ALIAS
0x0056175A,0x005616B0,"mov byte ptr [esp + 0x30], 0",0,stack slot (esp+0x30),REJECTED_ALIAS
0x00561769,0x005616B0,"mov dword ptr [esp + 0x30], 0xffffffff",0xffffffff,stack slot (esp+0x30),REJECTED_ALIAS
0x0056184F,0x005617E0,"mov byte ptr [esp + 0x30], 0",0,stack slot (esp+0x30),REJECTED_ALIAS
0x0056185E,0x005617E0,"mov dword ptr [esp + 0x30], 0xffffffff",0xffffffff,stack slot (esp+0x30),REJECTED_ALIAS
0x005618B0,0x005617E0,"mov byte ptr [esp + 0x30], 2",2,stack slot (esp+0x30),REJECTED_ALIAS
0x005618BF,0x005617E0,"mov dword ptr [esp + 0x30], 0xffffffff",0xffffffff,stack slot (esp+0x30),REJECTED_ALIAS
0x00561911,0x005617E0,"mov byte ptr [esp + 0x30], 4",4,stack slot (esp+0x30),REJECTED_ALIAS
0x0056196B,0x00561940,"mov dword ptr [esp + 0x30], 0",0,stack slot (esp+0x30),REJECTED_ALIAS
0x005619CD,0x00561940,"mov byte ptr [esp + 0x30], 1",1,stack slot (esp+0x30),REJECTED_ALIAS
0x005619E6,0x00561940,"mov dword ptr [esp + 0x30], 0xffffffff",0xffffffff,stack slot (esp+0x30),REJECTED_ALIAS
0x00561E3A,0x00561E00,"mov dword ptr [esp + 0x30], 0",0,stack slot (esp+0x30),REJECTED_ALIAS
0x00561E59,0x00561E00,"mov byte ptr [esp + 0x30], 2",2,stack slot (esp+0x30),REJECTED_ALIAS
0x00561E76,0x00561E00,"mov byte ptr [esp + 0x30], 3",3,stack slot (esp+0x30),REJECTED_ALIAS
0x00561E92,0x00561E00,"mov byte ptr [esp + 0x30], 5",5,stack slot (esp+0x30),REJECTED_ALIAS
0x00561EB1,0x00561E00,"mov byte ptr [esp + 0x30], 6",6,stack slot (esp+0x30),REJECTED_ALIAS
0x00561EE7,0x00561E00,"mov byte ptr [esp + 0x30], 5",5,stack slot (esp+0x30),REJECTED_ALIAS
0x00561F12,0x00561E00,"mov byte ptr [esp + 0x30], 7",7,stack slot (esp+0x30),REJECTED_ALIAS
0x00561F48,0x00561E00,"mov byte ptr [esp + 0x30], 5",5,stack slot (esp+0x30),REJECTED_ALIAS
0x00561F63,0x00561E00,"mov byte ptr [esp + 0x30], 2",2,stack slot (esp+0x30),REJECTED_ALIAS
0x00561F7A,0x00561E00,"mov dword ptr [esp + 0x30], esi",esi,stack slot (esp+0x30),REJECTED_ALIAS
0x005631D2,0x00563120,"mov dword ptr [esp + 0x30], eax",eax,stack slot (esp+0x30),REJECTED_ALIAS
0x005631EA,0x00563120,"mov dword ptr [esp + 0x30], edx",edx,stack slot (esp+0x30),REJECTED_ALIAS
0x005634F0,0x00563460,"mov dword ptr [esp + 0x30], 0",0,stack slot (esp+0x30),REJECTED_ALIAS
0x0056380D,0x00563740,"mov dword ptr [esp + 0x30], 2",2,stack slot (esp+0x30),REJECTED_ALIAS
0x00563880,0x00563740,"mov dword ptr [esp + 0x30], 2",2,stack slot (esp+0x30),REJECTED_ALIAS
0x005638CD,0x00563740,"mov dword ptr [esp + 0x30], 3",3,stack slot (esp+0x30),REJECTED_ALIAS
0x00563DF2,0x00563CD0,"mov dword ptr [esp + 0x30], ebx",ebx,stack slot (esp+0x30),REJECTED_ALIAS
0x00564063,0x00564000,"mov dword ptr [esi + 0x30], 7",7,"other-class this (vtable 0x00A7F964, .?AVArkStatusBarUI@@)",REJECTED_ALIAS
0x00564B46,0x005647B0,"mov dword ptr [esp + 0x30], ebp",ebp,stack slot (esp+0x30),REJECTED_ALIAS
0x00565555,0x00565520,"add dword ptr [esi + 0x30], -8",-8,unknown,POSSIBLE_ALIAS
0x00565625,0x00565590,"or dword ptr [esi + 0x30], 8",8,unknown,POSSIBLE_ALIAS
0x00565776,0x00565740,"mov dword ptr [esi + 0x30], eax",eax,unknown,POSSIBLE_ALIAS
0x00566E5D,0x00566E10,"mov dword ptr [esp + 0x30], 0",0,stack slot (esp+0x30),REJECTED_ALIAS
0x00566FFC,0x00566F80,"mov dword ptr [esp + 0x30], 0",0,stack slot (esp+0x30),REJECTED_ALIAS
0x00567234,0x00567170,"mov dword ptr [esp + 0x30], edi",edi,stack slot (esp+0x30),REJECTED_ALIAS
0x00567A44,0x00567760,"mov dword ptr [esp + 0x30], ebx",ebx,stack slot (esp+0x30),REJECTED_ALIAS
0x0056864B,0x005685C0,"mov dword ptr [esp + 0x30], esi",esi,stack slot (esp+0x30),REJECTED_ALIAS
0x005686B1,0x005685C0,"mov dword ptr [esp + 0x30], esi",esi,stack slot (esp+0x30),REJECTED_ALIAS
0x00569CC7,0x00569BC0,"mov dword ptr [esp + 0x30], edx",edx,stack slot (esp+0x30),REJECTED_ALIAS
0x0056A7E2,0x0056A560,"mov dword ptr [esp + 0x30], eax",eax,stack slot (esp+0x30),REJECTED_ALIAS
0x0056A7F7,0x0056A560,"mov dword ptr [esp + 0x30], edx",edx,stack slot (esp+0x30),REJECTED_ALIAS
0x0056AC51,0x0056A9F0,"mov dword ptr [esp + 0x30], 3",3,stack slot (esp+0x30),REJECTED_ALIAS
0x0056AE53,0x0056AD60,"mov dword ptr [esp + 0x30], eax",eax,stack slot (esp+0x30),REJECTED_ALIAS
0x0056AFC4,0x0056AD60,"mov dword ptr [esp + 0x30], ecx",ecx,stack slot (esp+0x30),REJECTED_ALIAS
0x0056AFDB,0x0056AD60,"mov dword ptr [esp + 0x30], eax",eax,stack slot (esp+0x30),REJECTED_ALIAS
0x0056B660,0x0056B5E0,"mov dword ptr [esp + 0x30], 0xffffffff",0xffffffff,stack slot (esp+0x30),REJECTED_ALIAS
0x0056B6E4,0x0056B6A0,"mov dword ptr [esp + 0x30], 0",0,stack slot (esp+0x30),REJECTED_ALIAS
0x0056B784,0x0056B740,"mov dword ptr [esp + 0x30], 0",0,stack slot (esp+0x30),REJECTED_ALIAS
0x0056B974,0x0056B930,"mov dword ptr [esp + 0x30], 0",0,stack slot (esp+0x30),REJECTED_ALIAS
0x0056BAE4,0x0056BAA0,"mov dword ptr [esp + 0x30], 0",0,stack slot (esp+0x30),REJECTED_ALIAS
0x0056C100,0x0056C080,"mov dword ptr [esp + 0x30], 0",0,stack slot (esp+0x30),REJECTED_ALIAS
0x0056C82D,0x0056C7A0,"mov dword ptr [esp + 0x30], 0",0,stack slot (esp+0x30),REJECTED_ALIAS
0x0056C948,0x0056C930,"mov dword ptr [esp + 0x30], eax",eax,stack slot (esp+0x30),REJECTED_ALIAS
0x0056CADB,0x0056C930,"mov dword ptr [esp + 0x30], 0",0,stack slot (esp+0x30),REJECTED_ALIAS
0x0056CB0E,0x0056C930,"mov dword ptr [esp + 0x30], 0xffffffff",0xffffffff,stack slot (esp+0x30),REJECTED_ALIAS
0x0056E610,0x0056E590,"mov dword ptr [esp + 0x30], 0",0,stack slot (esp+0x30),REJECTED_ALIAS
0x0056E6C0,0x0056E640,"mov dword ptr [esp + 0x30], 0",0,stack slot (esp+0x30),REJECTED_ALIAS
0x0056E770,0x0056E6F0,"mov dword ptr [esp + 0x30], 0",0,stack slot (esp+0x30),REJECTED_ALIAS
0x0056E9FD,0x0056E970,"mov dword ptr [esp + 0x30], 0",0,stack slot (esp+0x30),REJECTED_ALIAS
0x0056EB31,0x0056EA60,"mov dword ptr [esp + 0x30], eax",eax,stack slot (esp+0x30),REJECTED_ALIAS
0x0056EB47,0x0056EA60,"mov dword ptr [esp + 0x30], ebx",ebx,stack slot (esp+0x30),REJECTED_ALIAS
0x0056EB93,0x0056EA60,"mov dword ptr [esp + 0x30], ebx",ebx,stack slot (esp+0x30),REJECTED_ALIAS
0x0056EFE7,0x0056EF60,"mov byte ptr [esp + 0x30], dl",dl,stack slot (esp+0x30),REJECTED_ALIAS
0x0056FAA7,0x0056FA10,"mov dword ptr [esp + 0x30], 0",0,stack slot (esp+0x30),REJECTED_ALIAS
0x0056FAD0,0x0056FA10,"mov dword ptr [esp + 0x30], 0xffffffff",0xffffffff,stack slot (esp+0x30),REJECTED_ALIAS
0x0056FBB9,0x0056FB10,"mov dword ptr [esp + 0x30], 0",0,stack slot (esp+0x30),REJECTED_ALIAS
0x0056FBE2,0x0056FB10,"mov dword ptr [esp + 0x30], 0xffffffff",0xffffffff,stack slot (esp+0x30),REJECTED_ALIAS
0x0056FC7B,0x0056FC20,"mov dword ptr [esi + 0x30], ebx",ebx,unknown,POSSIBLE_ALIAS
0x00571A04,0x005712E0,"mov dword ptr [esp + 0x30], ebx",ebx,stack slot (esp+0x30),REJECTED_ALIAS
0x00571CB9,0x00571C50,"mov byte ptr [esp + 0x30], 3",3,stack slot (esp+0x30),REJECTED_ALIAS
0x00571CC8,0x00571C50,"mov byte ptr [esp + 0x30], 4",4,stack slot (esp+0x30),REJECTED_ALIAS
0x00571DBC,0x00571D70,"mov byte ptr [esi + 0x30], cl",cl,unknown,POSSIBLE_ALIAS
0x00573FEB,0x00573F60,"mov dword ptr [esp + 0x30], 0xffffffff",0xffffffff,stack slot (esp+0x30),REJECTED_ALIAS
0x00574D06,0x00574C10,"mov byte ptr [esp + 0x30], al",al,stack slot (esp+0x30),REJECTED_ALIAS
0x00574D9B,0x00574C10,"mov byte ptr [esp + 0x30], al",al,stack slot (esp+0x30),REJECTED_ALIAS
0x00574E2D,0x00574C10,"mov byte ptr [esp + 0x30], al",al,stack slot (esp+0x30),REJECTED_ALIAS
0x005754C9,0x00575460,"mov byte ptr [esp + 0x30], 3",3,stack slot (esp+0x30),REJECTED_ALIAS
0x00577BA8,0x00577B60,"mov dword ptr [esp + 0x30], ecx",ecx,stack slot (esp+0x30),REJECTED_ALIAS
0x005785A2,0x00578510,"mov dword ptr [esp + 0x30], 0xffffffff",0xffffffff,stack slot (esp+0x30),REJECTED_ALIAS
0x0057876A,0x005786E0,"mov dword ptr [esp + 0x30], 0",0,stack slot (esp+0x30),REJECTED_ALIAS
0x0057895E,0x005788C0,"mov dword ptr [esp + 0x30], esi",esi,stack slot (esp+0x30),REJECTED_ALIAS
0x00578A03,0x005788C0,"mov dword ptr [esp + 0x30], edi",edi,stack slot (esp+0x30),REJECTED_ALIAS
0x00578B5E,0x00578AC0,"mov dword ptr [esp + 0x30], esi",esi,stack slot (esp+0x30),REJECTED_ALIAS
0x00578C03,0x00578AC0,"mov dword ptr [esp + 0x30], edi",edi,stack slot (esp+0x30),REJECTED_ALIAS
0x00578D5E,0x00578CC0,"mov dword ptr [esp + 0x30], esi",esi,stack slot (esp+0x30),REJECTED_ALIAS
0x00578DEA,0x00578CC0,"mov dword ptr [esp + 0x30], edi",edi,stack slot (esp+0x30),REJECTED_ALIAS
0x00578F1E,0x00578E80,"mov dword ptr [esp + 0x30], esi",esi,stack slot (esp+0x30),REJECTED_ALIAS
0x00578FAA,0x00578E80,"mov dword ptr [esp + 0x30], edi",edi,stack slot (esp+0x30),REJECTED_ALIAS
0x005793D7,0x00579240,"mov dword ptr [esp + 0x30], 0xffffffff",0xffffffff,stack slot (esp+0x30),REJECTED_ALIAS
0x00579468,0x00579420,"mov dword ptr [esp + 0x30], ebx",ebx,stack slot (esp+0x30),REJECTED_ALIAS
0x00579787,0x00579630,"mov dword ptr [esp + 0x30], edi",edi,stack slot (esp+0x30),REJECTED_ALIAS
0x00579894,0x00579630,"mov byte ptr [esp + 0x30], 0",0,stack slot (esp+0x30),REJECTED_ALIAS
0x00579A00,0x00579630,"mov dword ptr [esp + 0x30], esi",esi,stack slot (esp+0x30),REJECTED_ALIAS
0x0057D136,0x0057D0D0,"mov dword ptr [esp + 0x30], esi",esi,stack slot (esp+0x30),REJECTED_ALIAS
0x0057D990,0x0057D910,"mov dword ptr [esp + 0x30], eax",eax,stack slot (esp+0x30),REJECTED_ALIAS
0x0057DA90,0x0057DA20,"mov dword ptr [esp + 0x30], 0xffffffff",0xffffffff,stack slot (esp+0x30),REJECTED_ALIAS
0x0057DB32,0x0057DAD0,"mov dword ptr [esp + 0x30], 0xffffffff",0xffffffff,stack slot (esp+0x30),REJECTED_ALIAS
0x0057DDB2,0x0057DD50,"mov dword ptr [esp + 0x30], 0xffffffff",0xffffffff,stack slot (esp+0x30),REJECTED_ALIAS
0x0057DE60,0x0057DDF0,"mov dword ptr [esp + 0x30], 0xffffffff",0xffffffff,stack slot (esp+0x30),REJECTED_ALIAS
0x0057E3A6,0x0057E370,"mov dword ptr [esp + 0x30], eax",eax,stack slot (esp+0x30),REJECTED_ALIAS
0x0057E4BC,0x0057E480,"mov dword ptr [esp + 0x30], ecx",ecx,stack slot (esp+0x30),REJECTED_ALIAS
0x0057E5C0,0x0057E560,"mov dword ptr [esp + 0x30], edx",edx,stack slot (esp+0x30),REJECTED_ALIAS
0x0057E5E1,0x0057E560,"mov dword ptr [esp + 0x30], edi",edi,stack slot (esp+0x30),REJECTED_ALIAS
0x0057E7BC,0x0057E740,"mov dword ptr [esp + 0x30], edi",edi,stack slot (esp+0x30),REJECTED_ALIAS
0x0057F4E9,0x0057F480,"mov dword ptr [esp + 0x30], edx",edx,stack slot (esp+0x30),REJECTED_ALIAS
0x0057F866,0x0057F820,"mov dword ptr [esp + 0x30], 0x396",0x396,stack slot (esp+0x30),REJECTED_ALIAS
0x0057FC27,0x0057FB60,"mov dword ptr [esp + 0x30], edx",edx,stack slot (esp+0x30),REJECTED_ALIAS
0x0057FC55,0x0057FB60,"mov dword ptr [esp + 0x30], edx",edx,stack slot (esp+0x30),REJECTED_ALIAS
0x0057FC75,0x0057FB60,"mov dword ptr [esp + 0x30], ebx",ebx,stack slot (esp+0x30),REJECTED_ALIAS
0x005812FC,0x00581260,"mov dword ptr [esp + 0x30], ebx",ebx,stack slot (esp+0x30),REJECTED_ALIAS
0x00583162,0x00583100,"mov dword ptr [esp + 0x30], 0xffffffff",0xffffffff,stack slot (esp+0x30),REJECTED_ALIAS
0x00584596,0x00584530,"mov dword ptr [esp + 0x30], 0xffffffff",0xffffffff,stack slot (esp+0x30),REJECTED_ALIAS
0x00585398,0x00585330,"mov dword ptr [esp + 0x30], esi",esi,stack slot (esp+0x30),REJECTED_ALIAS
0x005853F2,0x00585330,"mov dword ptr [esp + 0x30], esi",esi,stack slot (esp+0x30),REJECTED_ALIAS
0x0058733E,0x005872D0,"mov byte ptr [edi + 0x30], dl",dl,unknown,POSSIBLE_ALIAS
0x005877E0,0x00587640,"mov dword ptr [esp + 0x30], ecx",ecx,stack slot (esp+0x30),REJECTED_ALIAS
0x0058857D,0x005884D0,"mov dword ptr [esi + 0x30], edx",edx,unknown,POSSIBLE_ALIAS
0x0058861C,0x005885C0,"mov dword ptr [esi + 0x30], edx",edx,unknown,POSSIBLE_ALIAS
0x005887C3,0x00588710,"mov byte ptr [esi + 0x30], dl",dl,unknown,POSSIBLE_ALIAS
0x005888B3,0x00588800,"mov dword ptr [esi + 0x30], edx",edx,unknown,POSSIBLE_ALIAS
0x005889B3,0x005888F0,"mov dword ptr [esi + 0x30], eax",eax,unknown,POSSIBLE_ALIAS
0x00588FBC,0x00588F60,"mov byte ptr [esi + 0x30], dl",dl,unknown,POSSIBLE_ALIAS
0x0058903C,0x00588FE0,"mov dword ptr [esi + 0x30], edx",edx,unknown,POSSIBLE_ALIAS
0x005890BC,0x00589060,"mov dword ptr [esi + 0x30], edx",edx,unknown,POSSIBLE_ALIAS
0x005892EB,0x00589230,"mov byte ptr [esi + 0x30], al",al,unknown,POSSIBLE_ALIAS
0x005895EC,0x00589590,"mov byte ptr [esi + 0x30], dl",dl,unknown,POSSIBLE_ALIAS
0x0058A552,0x0058A4F0,"mov dword ptr [esi + 0x30], edx",edx,stack,REJECTED_ALIAS
0x0058ACC2,0x0058AC60,"mov byte ptr [esi + 0x30], dl",dl,stack,REJECTED_ALIAS
0x0058AFD2,0x0058AF70,"mov dword ptr [esi + 0x30], edx",edx,stack,REJECTED_ALIAS
0x0058B070,0x0058B010,"mov dword ptr [esi + 0x30], edx",edx,stack,REJECTED_ALIAS
0x0058BF32,0x0058BED0,"mov byte ptr [esi + 0x30], dl",dl,stack,REJECTED_ALIAS
0x0058D850,0x0058D800,"mov dword ptr [esp + 0x30], 0",0,stack slot (esp+0x30),REJECTED_ALIAS
0x0058D892,0x0058D800,"mov dword ptr [esp + 0x30], 0xffffffff",0xffffffff,stack slot (esp+0x30),REJECTED_ALIAS
0x0058D8ED,0x0058D800,"mov dword ptr [esp + 0x30], 1",1,stack slot (esp+0x30),REJECTED_ALIAS
0x0058D907,0x0058D800,"mov dword ptr [esp + 0x30], 0xffffffff",0xffffffff,stack slot (esp+0x30),REJECTED_ALIAS
0x0058DB9A,0x0058DB50,"mov dword ptr [esp + 0x30], eax",eax,stack slot (esp+0x30),REJECTED_ALIAS
0x0058DF95,0x0058DB50,"mov dword ptr [esp + 0x30], ecx",ecx,stack slot (esp+0x30),REJECTED_ALIAS
0x0058EBBF,0x0058EB10,"mov dword ptr [esp + 0x30], edi",edi,stack slot (esp+0x30),REJECTED_ALIAS
0x005904AF,0x00590420,"mov dword ptr [esp + 0x30], esi",esi,stack slot (esp+0x30),REJECTED_ALIAS
0x00590A00,0x00590940,"mov dword ptr [esp + 0x30], eax",eax,stack slot (esp+0x30),REJECTED_ALIAS
0x00590CF0,0x00590C70,"mov dword ptr [esp + 0x30], eax",eax,stack slot (esp+0x30),REJECTED_ALIAS
0x00591525,0x005914C0,"mov dword ptr [esp + 0x30], eax",eax,stack slot (esp+0x30),REJECTED_ALIAS
0x005918CE,0x00591860,"mov dword ptr [esp + 0x30], ecx",ecx,stack slot (esp+0x30),REJECTED_ALIAS
0x00593754,0x005931C0,"mov dword ptr [esp + 0x30], eax",eax,stack slot (esp+0x30),REJECTED_ALIAS
0x0059397C,0x00593930,"mov dword ptr [esp + 0x30], ebx",ebx,stack slot (esp+0x30),REJECTED_ALIAS
0x00595CD2,0x00595CA0,"mov dword ptr [esp + 0x30], 0xa80704",0xa80704,stack slot (esp+0x30),REJECTED_ALIAS
0x00595D76,0x00595CA0,"mov dword ptr [esp + 0x30], 0xa80704",0xa80704,stack slot (esp+0x30),REJECTED_ALIAS
0x005961E5,0x00596160,"mov dword ptr [esp + 0x30], ebp",ebp,stack slot (esp+0x30),REJECTED_ALIAS
0x0059646C,0x005963F0,"mov dword ptr [esp + 0x30], 0",0,stack slot (esp+0x30),REJECTED_ALIAS
0x00596C84,0x00596C10,"mov dword ptr [esp + 0x30], ebx",ebx,stack slot (esp+0x30),REJECTED_ALIAS
0x00597449,0x00597410,"mov dword ptr [esp + 0x30], 1",1,stack slot (esp+0x30),REJECTED_ALIAS
0x00597768,0x005976C0,"mov dword ptr [esp + 0x30], ebp",ebp,stack slot (esp+0x30),REJECTED_ALIAS
0x005983B3,0x00598300,"mov dword ptr [esi + 0x30], edx",edx,unknown,POSSIBLE_ALIAS
0x005984B3,0x00598400,"mov byte ptr [esi + 0x30], dl",dl,unknown,POSSIBLE_ALIAS
0x005985CC,0x00598570,"mov dword ptr [esi + 0x30], edx",edx,unknown,POSSIBLE_ALIAS
0x0059864C,0x005985F0,"mov byte ptr [esi + 0x30], dl",dl,unknown,POSSIBLE_ALIAS
0x00599A12,0x005999B0,"mov dword ptr [esi + 0x30], edx",edx,stack,REJECTED_ALIAS
0x00599AB2,0x00599A50,"mov byte ptr [esi + 0x30], dl",dl,stack,REJECTED_ALIAS
0x0059B798,0x0059B6C0,"mov dword ptr [esp + 0x30], ebx",ebx,stack slot (esp+0x30),REJECTED_ALIAS
0x0059CF8F,0x0059CDA0,"mov dword ptr [esp + 0x30], ebx",ebx,stack slot (esp+0x30),REJECTED_ALIAS
0x0059EE52,0x0059EE20,"mov dword ptr [esp + 0x30], 0",0,stack slot (esp+0x30),REJECTED_ALIAS
0x0059F90A,0x0059F8A0,"mov dword ptr [esp + 0x30], 0xffffffff",0xffffffff,stack slot (esp+0x30),REJECTED_ALIAS
0x0059FFAD,0x0059FF50,"mov byte ptr [esp + 0x30], bl",bl,stack slot (esp+0x30),REJECTED_ALIAS
0x005A1120,0x005A1030,"mov byte ptr [esp + 0x30], bl",bl,stack slot (esp+0x30),REJECTED_ALIAS
0x005A1A53,0x005A19A0,"mov byte ptr [esi + 0x30], dl",dl,unknown,POSSIBLE_ALIAS
0x005A1B6C,0x005A1B10,"mov byte ptr [esi + 0x30], dl",dl,unknown,POSSIBLE_ALIAS
0x005A21E2,0x005A2180,"mov byte ptr [esi + 0x30], dl",dl,stack,REJECTED_ALIAS
0x005A41C7,0x005A4150,"mov dword ptr [esp + 0x30], 2",2,stack slot (esp+0x30),REJECTED_ALIAS
0x005A42A7,0x005A4230,"mov dword ptr [esp + 0x30], 2",2,stack slot (esp+0x30),REJECTED_ALIAS
0x005A4567,0x005A4510,"mov dword ptr [esp + 0x30], eax",eax,stack slot (esp+0x30),REJECTED_ALIAS
0x005A4590,0x005A4510,"mov dword ptr [esp + 0x30], 0xffffffff",0xffffffff,stack slot (esp+0x30),REJECTED_ALIAS
0x005A4763,0x005A46D0,"mov dword ptr [esp + 0x30], 0",0,stack slot (esp+0x30),REJECTED_ALIAS
0x005A5510,0x005A5490,"mov dword ptr [esp + 0x30], 0",0,stack slot (esp+0x30),REJECTED_ALIAS
0x005A55C0,0x005A5540,"mov dword ptr [esp + 0x30], 0",0,stack slot (esp+0x30),REJECTED_ALIAS
0x005A61F2,0x005A6180,"mov dword ptr [esp + 0x30], 0",0,stack slot (esp+0x30),REJECTED_ALIAS
0x005A7DBB,0x005A7D30,"mov dword ptr [esp + 0x30], 0",0,stack slot (esp+0x30),REJECTED_ALIAS
0x005A9FF8,0x005A9CE0,"mov dword ptr [esp + 0x30], eax",eax,stack slot (esp+0x30),REJECTED_ALIAS
0x005AA79F,0x005AA5C0,"mov dword ptr [esp + 0x30], edi",edi,stack slot (esp+0x30),REJECTED_ALIAS
0x005AA919,0x005AA5C0,"mov dword ptr [esp + 0x30], 6",6,stack slot (esp+0x30),REJECTED_ALIAS
0x005AAF24,0x005AAEE0,"mov dword ptr [esp + 0x30], edx",edx,stack slot (esp+0x30),REJECTED_ALIAS
0x005AAF9A,0x005AAEE0,"mov dword ptr [esp + 0x30], eax",eax,stack slot (esp+0x30),REJECTED_ALIAS
0x005AB188,0x005AB120,"mov dword ptr [esp + 0x30], ebx",ebx,stack slot (esp+0x30),REJECTED_ALIAS
0x005AB96A,0x005AB5D0,"mov dword ptr [esp + 0x30], ebx",ebx,stack slot (esp+0x30),REJECTED_ALIAS
0x005ABCCD,0x005ABC60,"mov dword ptr [esp + 0x30], ebx",ebx,stack slot (esp+0x30),REJECTED_ALIAS
0x005AD8C5,0x005AD730,"mov dword ptr [esp + 0x30], eax",eax,stack slot (esp+0x30),REJECTED_ALIAS
0x005AE19D,0x005ADD10,"mov dword ptr [esp + 0x30], ecx",ecx,stack slot (esp+0x30),REJECTED_ALIAS
0x005AE6B8,0x005AE4D0,"mov dword ptr [esp + 0x30], esi",esi,stack slot (esp+0x30),REJECTED_ALIAS
0x005AE6BE,0x005AE4D0,"mov dword ptr [esp + 0x30], ebx",ebx,stack slot (esp+0x30),REJECTED_ALIAS
0x005B09D0,0x005B0950,"mov dword ptr [esp + 0x30], 0",0,stack slot (esp+0x30),REJECTED_ALIAS
0x005B0B5E,0x005B0B30,"mov dword ptr [esp + 0x30], 0",0,stack slot (esp+0x30),REJECTED_ALIAS
0x005B0B96,0x005B0B30,"mov byte ptr [esp + 0x30], 4",4,stack slot (esp+0x30),REJECTED_ALIAS
0x005B1B5C,0x005B1B10,"mov dword ptr [esp + 0x30], ebx",ebx,stack slot (esp+0x30),REJECTED_ALIAS
0x005B1D20,0x005B1C90,"mov dword ptr [esp + 0x30], 0xb1",0xb1,stack slot (esp+0x30),REJECTED_ALIAS
0x005B43E2,0x005B42E0,"mov dword ptr [esp + 0x30], 0",0,stack slot (esp+0x30),REJECTED_ALIAS
0x005B440C,0x005B42E0,"mov dword ptr [esp + 0x30], 0xa80c48",0xa80c48,stack slot (esp+0x30),REJECTED_ALIAS
0x005B4416,0x005B42E0,"mov dword ptr [esp + 0x30], 0",0,stack slot (esp+0x30),REJECTED_ALIAS
0x005B523A,0x005B51C0,"mov dword ptr [esp + 0x30], 0xffffffff",0xffffffff,stack slot (esp+0x30),REJECTED_ALIAS
0x005B52FA,0x005B5280,"mov dword ptr [esp + 0x30], 0xffffffff",0xffffffff,stack slot (esp+0x30),REJECTED_ALIAS
0x005B5590,0x005B5510,"mov dword ptr [esp + 0x30], 0",0,stack slot (esp+0x30),REJECTED_ALIAS
0x005B5640,0x005B55C0,"mov dword ptr [esp + 0x30], 0",0,stack slot (esp+0x30),REJECTED_ALIAS
0x005B5F0A,0x005B5E20,"mov dword ptr [esp + 0x30], edx",edx,stack slot (esp+0x30),REJECTED_ALIAS
0x005B75D9,0x005B75B0,"mov dword ptr [ecx + 0x30], eax",eax,unknown,POSSIBLE_ALIAS
0x005B8486,0x005B8460,"mov dword ptr [esp + 0x30], esp",esp,stack slot (esp+0x30),REJECTED_ALIAS
0x005B8847,0x005B8780,"mov dword ptr [esp + 0x30], esp",esp,stack slot (esp+0x30),REJECTED_ALIAS
0x005B8C22,0x005B8B90,"mov dword ptr [esp + 0x30], esp",esp,stack slot (esp+0x30),REJECTED_ALIAS
0x005B8EA6,0x005B8E80,"mov dword ptr [esp + 0x30], esp",esp,stack slot (esp+0x30),REJECTED_ALIAS
0x005B9863,0x005B97E0,"mov dword ptr [esp + 0x30], ebx",ebx,stack slot (esp+0x30),REJECTED_ALIAS
0x005B99B9,0x005B97E0,"mov dword ptr [esp + 0x30], ebx",ebx,stack slot (esp+0x30),REJECTED_ALIAS
0x005B9BAB,0x005B9B10,"mov dword ptr [esp + 0x30], ebx",ebx,stack slot (esp+0x30),REJECTED_ALIAS
0x005B9C83,0x005B9B10,"mov dword ptr [esp + 0x30], ebx",ebx,stack slot (esp+0x30),REJECTED_ALIAS
0x005BAD08,0x005BAC90,"mov dword ptr [esp + 0x30], ebx",ebx,stack slot (esp+0x30),REJECTED_ALIAS
0x005BADC3,0x005BAC90,"mov dword ptr [esp + 0x30], ebx",ebx,stack slot (esp+0x30),REJECTED_ALIAS
0x005BB401,0x005BB380,"mov dword ptr [esp + 0x30], 0xffffffff",0xffffffff,stack slot (esp+0x30),REJECTED_ALIAS
0x005BB4C1,0x005BB440,"mov dword ptr [esp + 0x30], 0xffffffff",0xffffffff,stack slot (esp+0x30),REJECTED_ALIAS
0x005BB581,0x005BB500,"mov dword ptr [esp + 0x30], 0xffffffff",0xffffffff,stack slot (esp+0x30),REJECTED_ALIAS
0x005BCBAA,0x005BC880,"mov dword ptr [esp + 0x30], ebx",ebx,stack slot (esp+0x30),REJECTED_ALIAS
0x005BCDD8,0x005BC880,"mov dword ptr [esi + 0x30], eax",eax,unknown,POSSIBLE_ALIAS
0x005BE352,0x005BE2F0,"mov dword ptr [esp + 0x30], 0xffffffff",0xffffffff,stack slot (esp+0x30),REJECTED_ALIAS
0x005BE3F2,0x005BE390,"mov dword ptr [esp + 0x30], 0xffffffff",0xffffffff,stack slot (esp+0x30),REJECTED_ALIAS
0x005BE68B,0x005BE620,"mov byte ptr [esp + 0x30], 0",0,stack slot (esp+0x30),REJECTED_ALIAS
0x005BE6E1,0x005BE620,"mov byte ptr [esp + 0x30], 2",2,stack slot (esp+0x30),REJECTED_ALIAS
0x005BE9A2,0x005BE940,"mov dword ptr [esp + 0x30], 0xffffffff",0xffffffff,stack slot (esp+0x30),REJECTED_ALIAS
0x005BFE01,0x005BFD80,"mov dword ptr [esp + 0x30], 0xffffffff",0xffffffff,stack slot (esp+0x30),REJECTED_ALIAS
0x005C00B3,0x005BFEC0,"mov dword ptr [esi + 0x30], eax",eax,unknown,POSSIBLE_ALIAS
0x005C08A2,0x005C0700,"mov dword ptr [esp + 0x30], edx",edx,stack slot (esp+0x30),REJECTED_ALIAS
0x005C0FDA,0x005C0700,"mov dword ptr [esp + 0x30], ebx",ebx,stack slot (esp+0x30),REJECTED_ALIAS
0x005C1473,0x005C1430,"mov dword ptr [esp + 0x30], 0",0,stack slot (esp+0x30),REJECTED_ALIAS
0x005C14C5,0x005C1430,"mov dword ptr [esp + 0x30], 0xffffffff",0xffffffff,stack slot (esp+0x30),REJECTED_ALIAS
0x005C1782,0x005C1720,"mov byte ptr [esi + 0x30], bl",bl,unknown,POSSIBLE_ALIAS
0x005C1FC9,0x005C1F00,"mov dword ptr [esi + 0x30], ebx",ebx,"other-class this (vtable 0x00A80FE4, .?AVArkMiningSurveyUI@@)",REJECTED_ALIAS
0x005C2D88,0x005C2C50,"mov dword ptr [esp + 0x30], edi",edi,stack slot (esp+0x30),REJECTED_ALIAS
0x005C2DDE,0x005C2C50,"mov dword ptr [esp + 0x30], edi",edi,stack slot (esp+0x30),REJECTED_ALIAS
0x005C2E30,0x005C2C50,"mov dword ptr [esp + 0x30], edi",edi,stack slot (esp+0x30),REJECTED_ALIAS
0x005C34BD,0x005C2C50,"mov dword ptr [esi + 0x30], eax",eax,unknown,POSSIBLE_ALIAS
0x005C38FD,0x005C35D0,"mov dword ptr [esp + 0x30], eax",eax,stack slot (esp+0x30),REJECTED_ALIAS
0x005C3D58,0x005C3D10,"mov dword ptr [esi + 0x30], edx",edx,unknown,POSSIBLE_ALIAS
0x005C3EF0,0x005C3E50,"mov dword ptr [esp + 0x30], ecx",ecx,stack slot (esp+0x30),REJECTED_ALIAS
0x005C3FC0,0x005C3E50,"mov dword ptr [esp + 0x30], ecx",ecx,stack slot (esp+0x30),REJECTED_ALIAS
0x005C4090,0x005C3E50,"mov dword ptr [esp + 0x30], ecx",ecx,stack slot (esp+0x30),REJECTED_ALIAS
0x005C415B,0x005C40F0,"mov dword ptr [esp + 0x30], ecx",ecx,stack slot (esp+0x30),REJECTED_ALIAS
0x005C4228,0x005C41C0,"mov dword ptr [esp + 0x30], ecx",ecx,stack slot (esp+0x30),REJECTED_ALIAS
0x005C42F2,0x005C41C0,"mov dword ptr [esp + 0x30], ecx",ecx,stack slot (esp+0x30),REJECTED_ALIAS
0x005C43BF,0x005C4380,"mov dword ptr [esp + 0x30], ecx",ecx,stack slot (esp+0x30),REJECTED_ALIAS
0x005C448F,0x005C4380,"mov dword ptr [esp + 0x30], ecx",ecx,stack slot (esp+0x30),REJECTED_ALIAS
0x005C455C,0x005C4380,"mov dword ptr [esp + 0x30], ecx",ecx,stack slot (esp+0x30),REJECTED_ALIAS
0x005C462F,0x005C4380,"mov dword ptr [esp + 0x30], ecx",ecx,stack slot (esp+0x30),REJECTED_ALIAS
0x005C4785,0x005C4760,"mov dword ptr [esi + 0x30], eax",eax,"other-class this (vtable 0x00A8109C, .?AVArkLootUI@@)",REJECTED_ALIAS
0x005C4C51,0x005C4C20,"mov dword ptr [esp + 0x30], esi",esi,stack slot (esp+0x30),REJECTED_ALIAS
0x005C4EF2,0x005C4E80,"mov dword ptr [esp + 0x30], ecx",ecx,stack slot (esp+0x30),REJECTED_ALIAS
0x005C5119,0x005C4FC0,"mov dword ptr [esp + 0x30], eax",eax,stack slot (esp+0x30),REJECTED_ALIAS
0x005C5212,0x005C4FC0,"mov dword ptr [esp + 0x30], ebx",ebx,stack slot (esp+0x30),REJECTED_ALIAS
0x005C5A8D,0x005C5A70,"mov dword ptr [esi + 0x30], 0",0,unknown,POSSIBLE_ALIAS
0x005C5F80,0x005C5F00,"mov dword ptr [esi + 0x30], ebx",ebx,"other-class this (vtable 0x00A8116C, .?AVArkGameOptionsUI@@)",REJECTED_ALIAS
0x005C6921,0x005C6870,"mov dword ptr [esp + 0x30], edi",edi,stack slot (esp+0x30),REJECTED_ALIAS
0x005C6942,0x005C6870,"mov dword ptr [esp + 0x30], 0x14",0x14,stack slot (esp+0x30),REJECTED_ALIAS
0x005C708C,0x005C7040,"mov dword ptr [esp + 0x30], ebx",ebx,stack slot (esp+0x30),REJECTED_ALIAS
0x005C74CF,0x005C7380,"mov dword ptr [esi + 0x30], eax",eax,unknown,POSSIBLE_ALIAS
0x005C7837,0x005C7810,"mov dword ptr [esi + 0x30], ecx",ecx,"other-class this (vtable 0x00A81214, .?AVArkCreateTeamUI@@)",REJECTED_ALIAS
0x005C798D,0x005C7880,"mov dword ptr [esp + 0x30], ebx",ebx,stack slot (esp+0x30),REJECTED_ALIAS
0x005C7EF3,0x005C7EB0,"mov dword ptr [esp + 0x30], 0",0,stack slot (esp+0x30),REJECTED_ALIAS
0x005C824E,0x005C7F40,"mov dword ptr [esp + 0x30], 6",6,stack slot (esp+0x30),REJECTED_ALIAS
0x005C8272,0x005C7F40,"mov dword ptr [esp + 0x30], 7",7,stack slot (esp+0x30),REJECTED_ALIAS
0x005C8296,0x005C7F40,"mov dword ptr [esp + 0x30], 4",4,stack slot (esp+0x30),REJECTED_ALIAS
0x005C82BA,0x005C7F40,"mov dword ptr [esp + 0x30], 2",2,stack slot (esp+0x30),REJECTED_ALIAS
0x005C82DE,0x005C7F40,"mov dword ptr [esp + 0x30], 3",3,stack slot (esp+0x30),REJECTED_ALIAS
0x005C8302,0x005C7F40,"mov dword ptr [esp + 0x30], 5",5,stack slot (esp+0x30),REJECTED_ALIAS
0x005C8326,0x005C7F40,"mov dword ptr [esp + 0x30], 1",1,stack slot (esp+0x30),REJECTED_ALIAS
0x005C8B76,0x005C7F40,"mov dword ptr [esp + 0x30], ebx",ebx,stack slot (esp+0x30),REJECTED_ALIAS
0x005C8D3E,0x005C7F40,"mov dword ptr [esp + 0x30], ebx",ebx,stack slot (esp+0x30),REJECTED_ALIAS
0x005C8EE9,0x005C7F40,"mov dword ptr [esp + 0x30], ebx",ebx,stack slot (esp+0x30),REJECTED_ALIAS
0x005C8FF9,0x005C7F40,"mov dword ptr [esp + 0x30], ebx",ebx,stack slot (esp+0x30),REJECTED_ALIAS
0x005C90DD,0x005C7F40,"mov dword ptr [esp + 0x30], ebx",ebx,stack slot (esp+0x30),REJECTED_ALIAS
0x005C950C,0x005C94F0,"mov dword ptr [esi + 0x30], eax",eax,"other-class this (vtable 0x00A812AC, .?AVArkHallOfFameUI@@)",REJECTED_ALIAS
0x005C9B9E,0x005C9650,"mov dword ptr [esi + 0x30], eax",eax,unknown,POSSIBLE_ALIAS
0x005CA44B,0x005CA410,"mov dword ptr [esp + 0x30], 0",0,stack slot (esp+0x30),REJECTED_ALIAS
0x005CA460,0x005CA410,"mov dword ptr [esp + 0x30], 0xffffffff",0xffffffff,stack slot (esp+0x30),REJECTED_ALIAS
0x005CA497,0x005CA410,"mov byte ptr [esp + 0x30], 1",1,stack slot (esp+0x30),REJECTED_ALIAS
0x005CA511,0x005CA410,"mov dword ptr [esp + 0x30], 0xffffffff",0xffffffff,stack slot (esp+0x30),REJECTED_ALIAS
0x005CAC28,0x005CAA70,"mov dword ptr [esp + 0x30], ebx",ebx,stack slot (esp+0x30),REJECTED_ALIAS
0x005CC25C,0x005CC220,"mov dword ptr [esp + 0x30], ecx",ecx,stack slot (esp+0x30),REJECTED_ALIAS
0x005CC351,0x005CC2D0,"mov dword ptr [esp + 0x30], 0xffffffff",0xffffffff,stack slot (esp+0x30),REJECTED_ALIAS
0x005CC649,0x005CC570,"mov dword ptr [esp + 0x30], ebx",ebx,stack slot (esp+0x30),REJECTED_ALIAS
0x005CDEAD,0x005CDE80,"mov dword ptr [esp + 0x30], ecx",ecx,stack slot (esp+0x30),REJECTED_ALIAS
0x005CE72F,0x005CE700,"mov dword ptr [esp + 0x30], edi",edi,stack slot (esp+0x30),REJECTED_ALIAS
0x005CF9D6,0x005CF950,"mov dword ptr [esp + 0x30], edi",edi,stack slot (esp+0x30),REJECTED_ALIAS
0x005CFFB4,0x005CFF70,"mov dword ptr [esp + 0x30], edi",edi,stack slot (esp+0x30),REJECTED_ALIAS
0x005D0734,0x005CFF70,"mov dword ptr [esp + 0x30], edi",edi,stack slot (esp+0x30),REJECTED_ALIAS
0x005D1870,0x005D1700,"mov dword ptr [esp + 0x30], ebp",ebp,stack slot (esp+0x30),REJECTED_ALIAS
0x005D1E06,0x005D1700,"mov dword ptr [esp + 0x30], eax",eax,stack slot (esp+0x30),REJECTED_ALIAS
0x005D20E2,0x005D1FA0,"mov dword ptr [esp + 0x30], 0x78",0x78,stack slot (esp+0x30),REJECTED_ALIAS
0x005D2988,0x005D23C0,"mov dword ptr [esp + 0x30], 1",1,stack slot (esp+0x30),REJECTED_ALIAS
0x005D3B32,0x005D3AE0,"mov dword ptr [esi + 0x30], edi",edi,"other-class this (vtable 0x00A8136C, .?AVArkManageHabitatsUI@@)",REJECTED_ALIAS
0x005D46B8,0x005D4440,"mov dword ptr [esp + 0x30], eax",eax,stack slot (esp+0x30),REJECTED_ALIAS
0x005D4AF4,0x005D4A70,"mov byte ptr [esp + 0x30], 0",0,stack slot (esp+0x30),REJECTED_ALIAS
0x005D4B03,0x005D4A70,"mov dword ptr [esp + 0x30], 0xffffffff",0xffffffff,stack slot (esp+0x30),REJECTED_ALIAS
0x005D4C9B,0x005D4C60,"mov dword ptr [esp + 0x30], 0",0,stack slot (esp+0x30),REJECTED_ALIAS
0x005D4CB0,0x005D4C60,"mov dword ptr [esp + 0x30], 0xffffffff",0xffffffff,stack slot (esp+0x30),REJECTED_ALIAS
0x005D4CE7,0x005D4C60,"mov byte ptr [esp + 0x30], 1",1,stack slot (esp+0x30),REJECTED_ALIAS
0x005D4D64,0x005D4C60,"mov dword ptr [esp + 0x30], 0xffffffff",0xffffffff,stack slot (esp+0x30),REJECTED_ALIAS
0x005D649E,0x005D6400,"mov dword ptr [esp + 0x30], eax",eax,stack slot (esp+0x30),REJECTED_ALIAS
0x005D64AB,0x005D6400,"mov dword ptr [esp + 0x30], 0x5dc4",0x5dc4,stack slot (esp+0x30),REJECTED_ALIAS
0x005D66FF,0x005D6400,"mov dword ptr [esp + 0x30], ebx",ebx,stack slot (esp+0x30),REJECTED_ALIAS
0x005D6817,0x005D6400,"mov dword ptr [esp + 0x30], 3",3,stack slot (esp+0x30),REJECTED_ALIAS
0x005D6DF9,0x005D6BF0,"mov dword ptr [esp + 0x30], eax",eax,stack slot (esp+0x30),REJECTED_ALIAS
0x005D7B9A,0x005D7B30,"mov dword ptr [esi + 0x30], eax",eax,"other-class this (vtable 0x00A81544, .?AVArkLocationListUI@@)",REJECTED_ALIAS
0x005D8000,0x005D7DE0,"mov dword ptr [esp + 0x30], edi",edi,stack slot (esp+0x30),REJECTED_ALIAS
0x005D81E8,0x005D7DE0,"mov dword ptr [esp + 0x30], edi",edi,stack slot (esp+0x30),REJECTED_ALIAS
0x005D83CE,0x005D7DE0,"mov dword ptr [esp + 0x30], edi",edi,stack slot (esp+0x30),REJECTED_ALIAS
0x005D85A3,0x005D7DE0,"mov dword ptr [esi + 0x30], eax",eax,unknown,POSSIBLE_ALIAS
0x005D85B4,0x005D7DE0,"mov dword ptr [esp + 0x30], edi",edi,stack slot (esp+0x30),REJECTED_ALIAS
0x005D87A8,0x005D7DE0,"mov dword ptr [esp + 0x30], edi",edi,stack slot (esp+0x30),REJECTED_ALIAS
0x005D88E0,0x005D88B0,"mov dword ptr [esp + 0x30], esi",esi,stack slot (esp+0x30),REJECTED_ALIAS
0x005D8929,0x005D88B0,"mov dword ptr [esp + 0x30], eax",eax,stack slot (esp+0x30),REJECTED_ALIAS
0x005DAADF,0x005DAA80,"mov dword ptr [esi + 0x30], ecx",ecx,unknown,POSSIBLE_ALIAS
0x005DADAA,0x005DAD70,"mov dword ptr [esi + 0x30], ecx",ecx,unknown,POSSIBLE_ALIAS
0x005DB4EA,0x005DB390,"mov dword ptr [esp + 0x30], ebx",ebx,stack slot (esp+0x30),REJECTED_ALIAS
0x005DB745,0x005DB390,"mov dword ptr [esp + 0x30], 0x1d",0x1d,stack slot (esp+0x30),REJECTED_ALIAS
0x005DB910,0x005DB390,"mov dword ptr [esp + 0x30], ebx",ebx,stack slot (esp+0x30),REJECTED_ALIAS
0x005DBA79,0x005DB390,"mov dword ptr [esp + 0x30], ebx",ebx,stack slot (esp+0x30),REJECTED_ALIAS
0x005DE34C,0x005DE310,"mov dword ptr [esi + 0x30], edi",edi,unknown,POSSIBLE_ALIAS
0x005DE3D9,0x005DE310,"mov dword ptr [esi + 0x30], edi",edi,unknown,POSSIBLE_ALIAS
0x005DF528,0x005DF0D0,"mov dword ptr [esp + 0x30], edi",edi,stack slot (esp+0x30),REJECTED_ALIAS
0x005DF5E9,0x005DF0D0,"mov dword ptr [esp + 0x30], edi",edi,stack slot (esp+0x30),REJECTED_ALIAS
0x005DF6C0,0x005DF0D0,"mov dword ptr [esp + 0x30], edi",edi,stack slot (esp+0x30),REJECTED_ALIAS
0x005DF7FC,0x005DF0D0,"mov dword ptr [esp + 0x30], eax",eax,stack slot (esp+0x30),REJECTED_ALIAS
0x005DF81F,0x005DF0D0,"mov dword ptr [esp + 0x30], eax",eax,stack slot (esp+0x30),REJECTED_ALIAS
0x005DF91C,0x005DF0D0,"mov dword ptr [esp + 0x30], ebx",ebx,stack slot (esp+0x30),REJECTED_ALIAS
0x005DFA31,0x005DF0D0,"mov dword ptr [esp + 0x30], edi",edi,stack slot (esp+0x30),REJECTED_ALIAS
0x005DFC2D,0x005DF0D0,"mov dword ptr [esp + 0x30], edi",edi,stack slot (esp+0x30),REJECTED_ALIAS
0x005DFD28,0x005DF0D0,"mov dword ptr [esp + 0x30], edi",edi,stack slot (esp+0x30),REJECTED_ALIAS
0x005DFE08,0x005DF0D0,"mov dword ptr [esp + 0x30], edi",edi,stack slot (esp+0x30),REJECTED_ALIAS
0x005DFEFA,0x005DF0D0,"mov dword ptr [esp + 0x30], edi",edi,stack slot (esp+0x30),REJECTED_ALIAS
0x005E0001,0x005DF0D0,"mov dword ptr [esp + 0x30], edi",edi,stack slot (esp+0x30),REJECTED_ALIAS
0x005E00FF,0x005DF0D0,"mov dword ptr [esp + 0x30], edi",edi,stack slot (esp+0x30),REJECTED_ALIAS
0x005E0501,0x005E0470,"mov dword ptr [esp + 0x30], ebp",ebp,stack slot (esp+0x30),REJECTED_ALIAS
0x005E06B3,0x005E0520,"mov dword ptr [esp + 0x30], edi",edi,stack slot (esp+0x30),REJECTED_ALIAS
0x005E08BB,0x005E0520,"mov dword ptr [edi + 0x30], ecx",ecx,unknown,POSSIBLE_ALIAS
0x005E0B9C,0x005E0A30,"mov dword ptr [esp + 0x30], ebx",ebx,stack slot (esp+0x30),REJECTED_ALIAS
0x005E135C,0x005E1300,"mov dword ptr [esp + 0x30], ebp",ebp,stack slot (esp+0x30),REJECTED_ALIAS
0x005E2DC9,0x005E2AB0,"mov dword ptr [esi + 0x30], eax",eax,unknown,POSSIBLE_ALIAS
0x005E3221,0x005E30E0,"mov dword ptr [esp + 0x30], edi",edi,stack slot (esp+0x30),REJECTED_ALIAS
0x005E438B,0x005E4300,"mov dword ptr [esp + 0x30], ebx",ebx,stack slot (esp+0x30),REJECTED_ALIAS
0x005E57A8,0x005E55C0,"mov dword ptr [esp + 0x30], ebx",ebx,stack slot (esp+0x30),REJECTED_ALIAS
0x005E5817,0x005E55C0,"mov dword ptr [esp + 0x30], ebx",ebx,stack slot (esp+0x30),REJECTED_ALIAS
0x005E58D0,0x005E55C0,"mov dword ptr [esp + 0x30], ebx",ebx,stack slot (esp+0x30),REJECTED_ALIAS
0x005E59B1,0x005E55C0,"mov dword ptr [esp + 0x30], ebx",ebx,stack slot (esp+0x30),REJECTED_ALIAS
0x005E5A84,0x005E55C0,"mov dword ptr [esp + 0x30], ebx",ebx,stack slot (esp+0x30),REJECTED_ALIAS
0x005E5B54,0x005E55C0,"mov dword ptr [esp + 0x30], ebx",ebx,stack slot (esp+0x30),REJECTED_ALIAS
0x005E5C24,0x005E55C0,"mov dword ptr [esp + 0x30], ebx",ebx,stack slot (esp+0x30),REJECTED_ALIAS
0x005E5CF4,0x005E55C0,"mov dword ptr [esp + 0x30], ebx",ebx,stack slot (esp+0x30),REJECTED_ALIAS
0x005E5DDA,0x005E55C0,"mov dword ptr [esp + 0x30], ebx",ebx,stack slot (esp+0x30),REJECTED_ALIAS
0x005E5EBD,0x005E55C0,"mov dword ptr [esp + 0x30], ebx",ebx,stack slot (esp+0x30),REJECTED_ALIAS
0x005E5FA0,0x005E55C0,"mov dword ptr [esp + 0x30], ebx",ebx,stack slot (esp+0x30),REJECTED_ALIAS
0x005E6083,0x005E55C0,"mov dword ptr [esp + 0x30], ebx",ebx,stack slot (esp+0x30),REJECTED_ALIAS
0x005E6166,0x005E55C0,"mov dword ptr [esp + 0x30], ebx",ebx,stack slot (esp+0x30),REJECTED_ALIAS
0x005E625D,0x005E55C0,"mov dword ptr [esp + 0x30], ebx",ebx,stack slot (esp+0x30),REJECTED_ALIAS
0x005E6367,0x005E55C0,"mov dword ptr [esp + 0x30], ebx",ebx,stack slot (esp+0x30),REJECTED_ALIAS
0x005E6444,0x005E55C0,"mov dword ptr [esp + 0x30], ebx",ebx,stack slot (esp+0x30),REJECTED_ALIAS
0x005E650C,0x005E55C0,"mov dword ptr [esp + 0x30], ebx",ebx,stack slot (esp+0x30),REJECTED_ALIAS
0x005E65FE,0x005E55C0,"mov dword ptr [esp + 0x30], ebx",ebx,stack slot (esp+0x30),REJECTED_ALIAS
0x005E66C6,0x005E55C0,"mov dword ptr [esp + 0x30], ebx",ebx,stack slot (esp+0x30),REJECTED_ALIAS
0x005E67AC,0x005E55C0,"mov dword ptr [esp + 0x30], ebx",ebx,stack slot (esp+0x30),REJECTED_ALIAS
0x005E68A0,0x005E55C0,"mov dword ptr [esp + 0x30], ebx",ebx,stack slot (esp+0x30),REJECTED_ALIAS
0x005E6968,0x005E55C0,"mov dword ptr [esp + 0x30], ebx",ebx,stack slot (esp+0x30),REJECTED_ALIAS
0x005E6BD3,0x005E55C0,"mov dword ptr [esp + 0x30], ebx",ebx,stack slot (esp+0x30),REJECTED_ALIAS
0x005E6C94,0x005E55C0,"mov dword ptr [esp + 0x30], ebx",ebx,stack slot (esp+0x30),REJECTED_ALIAS
0x005E6D6E,0x005E55C0,"mov dword ptr [esp + 0x30], ebx",ebx,stack slot (esp+0x30),REJECTED_ALIAS
0x005E6E57,0x005E55C0,"mov dword ptr [esp + 0x30], ebx",ebx,stack slot (esp+0x30),REJECTED_ALIAS
0x005E6F3F,0x005E55C0,"mov dword ptr [esp + 0x30], ebx",ebx,stack slot (esp+0x30),REJECTED_ALIAS
0x005E7026,0x005E6FC0,"mov dword ptr [esp + 0x30], ebx",ebx,stack slot (esp+0x30),REJECTED_ALIAS
0x005E713E,0x005E6FC0,"mov dword ptr [esp + 0x30], ebx",ebx,stack slot (esp+0x30),REJECTED_ALIAS
0x005E72F7,0x005E6FC0,"mov dword ptr [esp + 0x30], ebx",ebx,stack slot (esp+0x30),REJECTED_ALIAS
0x005E74C6,0x005E6FC0,"mov dword ptr [esp + 0x30], ebx",ebx,stack slot (esp+0x30),REJECTED_ALIAS
0x005E94E6,0x005E9420,"mov dword ptr [esp + 0x30], ebx",ebx,stack slot (esp+0x30),REJECTED_ALIAS
0x005E9DBB,0x005E9420,"mov dword ptr [esp + 0x30], ebp",ebp,stack slot (esp+0x30),REJECTED_ALIAS
0x005E9FE3,0x005E9420,"mov dword ptr [esp + 0x30], ebp",ebp,stack slot (esp+0x30),REJECTED_ALIAS
0x005EAC50,0x005EABF0,"mov dword ptr [esp + 0x30], 1",1,stack slot (esp+0x30),REJECTED_ALIAS
0x005EAE0E,0x005EABF0,"mov dword ptr [edi + 0x30], eax",eax,unknown,POSSIBLE_ALIAS
0x005EAEF0,0x005EABF0,"mov dword ptr [edi + 0x30], eax",eax,unknown,POSSIBLE_ALIAS
0x005EB020,0x005EABF0,"mov dword ptr [edi + 0x30], eax",eax,unknown,POSSIBLE_ALIAS
0x005EB819,0x005EB7A0,"mov dword ptr [esp + 0x30], 4",4,stack slot (esp+0x30),REJECTED_ALIAS
0x005EC0E9,0x005EBDC0,"mov dword ptr [esp + 0x30], esp",esp,stack slot (esp+0x30),REJECTED_ALIAS
0x005EC17D,0x005EBDC0,"mov dword ptr [esp + 0x30], esp",esp,stack slot (esp+0x30),REJECTED_ALIAS
0x005ED24B,0x005ED200,"mov dword ptr [esi + 0x30], eax",eax,unknown,POSSIBLE_ALIAS
0x005EE476,0x005EE1E0,"mov dword ptr [esp + 0x30], ebx",ebx,stack slot (esp+0x30),REJECTED_ALIAS
0x005EE927,0x005EE860,"mov dword ptr [esi + 0x30], eax",eax,unknown,POSSIBLE_ALIAS
0x005EF910,0x005EF860,"mov dword ptr [esp + 0x30], 0xffffffff",0xffffffff,stack slot (esp+0x30),REJECTED_ALIAS
0x005EFBA5,0x005EFA60,"mov dword ptr [esp + 0x30], 0",0,stack slot (esp+0x30),REJECTED_ALIAS
0x005EFFEF,0x005EFFD0,"mov dword ptr [esi + 0x30], eax",eax,unknown,POSSIBLE_ALIAS
0x005F0778,0x005F0760,"mov dword ptr [esp + 0x30], eax",eax,stack slot (esp+0x30),REJECTED_ALIAS
0x005F0A40,0x005F0960,"mov dword ptr [esi + 0x30], ebx",ebx,"other-class this (vtable 0x00A81C64, .?AVArkPropertyBoardUI@@)",REJECTED_ALIAS
0x005F155A,0x005F12D0,"mov dword ptr [esi + 0x30], eax",eax,unknown,POSSIBLE_ALIAS
0x005F585C,0x005F5820,"mov dword ptr [eax + 0x30], ecx",ecx,unknown,POSSIBLE_ALIAS
0x005F7473,0x005F7400,"mov dword ptr [eax + 0x30], ecx",ecx,unknown,POSSIBLE_ALIAS
0x005F7641,0x005F7550,"mov dword ptr [esi + 0x30], edi",edi,unknown,POSSIBLE_ALIAS
0x005F78FA,0x005F7720,"mov dword ptr [esi + 0x30], eax",eax,unknown,POSSIBLE_ALIAS
0x005FBD63,0x005FBCD0,"mov dword ptr [esp + 0x30], 0",0,stack slot (esp+0x30),REJECTED_ALIAS
0x005FCCAB,0x005FCC20,"mov dword ptr [esp + 0x30], 0",0,stack slot (esp+0x30),REJECTED_ALIAS
0x005FCD6A,0x005FCCE0,"mov dword ptr [esp + 0x30], 0",0,stack slot (esp+0x30),REJECTED_ALIAS
0x005FE1DD,0x005FE180,"mov dword ptr [esp + 0x30], eax",eax,stack slot (esp+0x30),REJECTED_ALIAS
0x005FE9A7,0x005FE910,"mov dword ptr [esp + 0x30], esi",esi,stack slot (esp+0x30),REJECTED_ALIAS
0x005FE9FB,0x005FE910,"mov dword ptr [esp + 0x30], esi",esi,stack slot (esp+0x30),REJECTED_ALIAS
0x005FEA4B,0x005FE910,"mov dword ptr [esp + 0x30], esi",esi,stack slot (esp+0x30),REJECTED_ALIAS
0x005FEA9B,0x005FE910,"mov dword ptr [esp + 0x30], esi",esi,stack slot (esp+0x30),REJECTED_ALIAS
0x005FEAEB,0x005FE910,"mov dword ptr [esp + 0x30], esi",esi,stack slot (esp+0x30),REJECTED_ALIAS
0x005FEB3F,0x005FE910,"mov dword ptr [esp + 0x30], esi",esi,stack slot (esp+0x30),REJECTED_ALIAS
0x005FEB8F,0x005FE910,"mov dword ptr [esp + 0x30], esi",esi,stack slot (esp+0x30),REJECTED_ALIAS
0x005FEBE3,0x005FE910,"mov dword ptr [esp + 0x30], esi",esi,stack slot (esp+0x30),REJECTED_ALIAS
0x005FEC34,0x005FE910,"mov dword ptr [esp + 0x30], 0x243",0x243,stack slot (esp+0x30),REJECTED_ALIAS
0x005FEC87,0x005FE910,"mov dword ptr [esp + 0x30], esi",esi,stack slot (esp+0x30),REJECTED_ALIAS
0x005FECDF,0x005FE910,"mov dword ptr [esp + 0x30], esi",esi,stack slot (esp+0x30),REJECTED_ALIAS
0x005FED33,0x005FE910,"mov dword ptr [esp + 0x30], 0x265",0x265,stack slot (esp+0x30),REJECTED_ALIAS
0x005FED7F,0x005FE910,"mov dword ptr [esp + 0x30], 0x266",0x266,stack slot (esp+0x30),REJECTED_ALIAS
0x005FEE23,0x005FE910,"mov dword ptr [esp + 0x30], esi",esi,stack slot (esp+0x30),REJECTED_ALIAS
0x005FEE7B,0x005FE910,"mov dword ptr [esp + 0x30], 0x1cc",0x1cc,stack slot (esp+0x30),REJECTED_ALIAS
0x005FEED3,0x005FEE80,"mov dword ptr [esp + 0x30], esi",esi,stack slot (esp+0x30),REJECTED_ALIAS
0x005FEF27,0x005FEE80,"mov dword ptr [esp + 0x30], esi",esi,stack slot (esp+0x30),REJECTED_ALIAS
0x005FEF77,0x005FEE80,"mov dword ptr [esp + 0x30], 0x1e8",0x1e8,stack slot (esp+0x30),REJECTED_ALIAS
0x005FEFCF,0x005FEE80,"mov dword ptr [esp + 0x30], esi",esi,stack slot (esp+0x30),REJECTED_ALIAS
0x005FF023,0x005FEE80,"mov dword ptr [esp + 0x30], esi",esi,stack slot (esp+0x30),REJECTED_ALIAS
0x005FF077,0x005FEE80,"mov dword ptr [esp + 0x30], esi",esi,stack slot (esp+0x30),REJECTED_ALIAS
0x00601EE2,0x00601E80,"mov dword ptr [esp + 0x30], 0xffffffff",0xffffffff,stack slot (esp+0x30),REJECTED_ALIAS
0x00601F82,0x00601F20,"mov dword ptr [esp + 0x30], 0xffffffff",0xffffffff,stack slot (esp+0x30),REJECTED_ALIAS
0x00602022,0x00601FC0,"mov dword ptr [esp + 0x30], 0xffffffff",0xffffffff,stack slot (esp+0x30),REJECTED_ALIAS
0x006020C2,0x00602060,"mov dword ptr [esp + 0x30], 0xffffffff",0xffffffff,stack slot (esp+0x30),REJECTED_ALIAS
0x00602162,0x00602100,"mov dword ptr [esp + 0x30], 0xffffffff",0xffffffff,stack slot (esp+0x30),REJECTED_ALIAS
0x00602202,0x006021A0,"mov dword ptr [esp + 0x30], 0xffffffff",0xffffffff,stack slot (esp+0x30),REJECTED_ALIAS
0x006022A2,0x00602240,"mov dword ptr [esp + 0x30], 0xffffffff",0xffffffff,stack slot (esp+0x30),REJECTED_ALIAS
0x00602342,0x006022E0,"mov dword ptr [esp + 0x30], 0xffffffff",0xffffffff,stack slot (esp+0x30),REJECTED_ALIAS
0x006023E2,0x00602380,"mov dword ptr [esp + 0x30], 0xffffffff",0xffffffff,stack slot (esp+0x30),REJECTED_ALIAS
0x00602482,0x00602420,"mov dword ptr [esp + 0x30], 0xffffffff",0xffffffff,stack slot (esp+0x30),REJECTED_ALIAS
0x00602C0D,0x00602A70,"mov dword ptr [esp + 0x30], esi",esi,stack slot (esp+0x30),REJECTED_ALIAS
0x00602C46,0x00602A70,"mov dword ptr [esp + 0x30], 0",0,stack slot (esp+0x30),REJECTED_ALIAS
0x00602C87,0x00602A70,"mov dword ptr [esp + 0x30], 0",0,stack slot (esp+0x30),REJECTED_ALIAS
0x00602CD2,0x00602A70,"mov dword ptr [esp + 0x30], esi",esi,stack slot (esp+0x30),REJECTED_ALIAS
0x00602D52,0x00602A70,"mov dword ptr [esp + 0x30], esi",esi,stack slot (esp+0x30),REJECTED_ALIAS
0x00602FD3,0x00602F60,"mov dword ptr [esp + 0x30], 0xffffffff",0xffffffff,stack slot (esp+0x30),REJECTED_ALIAS
0x00603827,0x00603790,"mov dword ptr [esp + 0x30], ecx",ecx,stack slot (esp+0x30),REJECTED_ALIAS
0x0060423C,0x006041F0,"mov dword ptr [esp + 0x30], eax",eax,stack slot (esp+0x30),REJECTED_ALIAS
0x00604283,0x006041F0,"mov dword ptr [esp + 0x30], 0xffffffff",0xffffffff,stack slot (esp+0x30),REJECTED_ALIAS
0x0060469C,0x00604650,"mov dword ptr [esp + 0x30], eax",eax,stack slot (esp+0x30),REJECTED_ALIAS
0x006046E3,0x00604650,"mov dword ptr [esp + 0x30], 0xffffffff",0xffffffff,stack slot (esp+0x30),REJECTED_ALIAS
0x00604912,0x006048B0,"mov dword ptr [esp + 0x30], 0xffffffff",0xffffffff,stack slot (esp+0x30),REJECTED_ALIAS
0x00604CB2,0x00604C50,"mov dword ptr [esp + 0x30], 0xffffffff",0xffffffff,stack slot (esp+0x30),REJECTED_ALIAS
0x00604D52,0x00604CF0,"mov dword ptr [esp + 0x30], 0xffffffff",0xffffffff,stack slot (esp+0x30),REJECTED_ALIAS
0x00604DF2,0x00604D90,"mov dword ptr [esp + 0x30], 0xffffffff",0xffffffff,stack slot (esp+0x30),REJECTED_ALIAS
0x00604E92,0x00604E30,"mov dword ptr [esp + 0x30], 0xffffffff",0xffffffff,stack slot (esp+0x30),REJECTED_ALIAS
0x00604F32,0x00604ED0,"mov dword ptr [esp + 0x30], 0xffffffff",0xffffffff,stack slot (esp+0x30),REJECTED_ALIAS
0x00604FD2,0x00604F70,"mov dword ptr [esp + 0x30], 0xffffffff",0xffffffff,stack slot (esp+0x30),REJECTED_ALIAS
0x00605072,0x00605010,"mov dword ptr [esp + 0x30], 0xffffffff",0xffffffff,stack slot (esp+0x30),REJECTED_ALIAS
0x006054E2,0x00605480,"mov dword ptr [esp + 0x30], 0xffffffff",0xffffffff,stack slot (esp+0x30),REJECTED_ALIAS
0x00605807,0x006057A0,"mov dword ptr [esp + 0x30], 0xffffffff",0xffffffff,stack slot (esp+0x30),REJECTED_ALIAS
0x0060631E,0x006062B0,"mov dword ptr [esp + 0x30], edi",edi,stack slot (esp+0x30),REJECTED_ALIAS
0x006071ED,0x006071A0,"mov dword ptr [esp + 0x30], eax",eax,stack slot (esp+0x30),REJECTED_ALIAS
0x00607404,0x006071A0,"mov dword ptr [ebp + 0x30], edx",edx,unknown (ebp repurposed),POSSIBLE_ALIAS
0x00607712,0x006076A0,"mov dword ptr [esp + 0x30], eax",eax,stack slot (esp+0x30),REJECTED_ALIAS
0x00608308,0x006082B0,"mov dword ptr [esp + 0x30], 0",0,stack slot (esp+0x30),REJECTED_ALIAS
0x0060845F,0x00608390,"mov dword ptr [esp + 0x30], ebx",ebx,stack slot (esp+0x30),REJECTED_ALIAS
0x006088B8,0x00608800,"mov byte ptr [esp + 0x30], 1",1,stack slot (esp+0x30),REJECTED_ALIAS
0x006088ED,0x00608800,"mov dword ptr [esp + 0x30], 0xffffffff",0xffffffff,stack slot (esp+0x30),REJECTED_ALIAS
0x0060A3A4,0x0060A330,"mov dword ptr [esp + 0x30], 0",0,stack slot (esp+0x30),REJECTED_ALIAS
0x0060A448,0x0060A3F0,"mov dword ptr [esp + 0x30], ebx",ebx,stack slot (esp+0x30),REJECTED_ALIAS
0x0060B695,0x0060B660,"mov dword ptr [esp + 0x30], edi",edi,stack slot (esp+0x30),REJECTED_ALIAS
0x0060C377,0x0060C2C0,"mov dword ptr [esp + 0x30], ebx",ebx,stack slot (esp+0x30),REJECTED_ALIAS
0x0060C402,0x0060C2C0,"mov dword ptr [esp + 0x30], eax",eax,stack slot (esp+0x30),REJECTED_ALIAS
0x0060C682,0x0060C480,"mov dword ptr [esp + 0x30], ebx",ebx,stack slot (esp+0x30),REJECTED_ALIAS
0x0060CF23,0x0060CE70,"mov dword ptr [esi + 0x30], edx",edx,unknown,POSSIBLE_ALIAS
0x0060D02C,0x0060CFD0,"mov dword ptr [esi + 0x30], edx",edx,unknown,POSSIBLE_ALIAS
0x0060D103,0x0060D050,"mov dword ptr [esi + 0x30], edx",edx,unknown,POSSIBLE_ALIAS
0x0060D44C,0x0060D3F0,"mov dword ptr [esi + 0x30], edx",edx,unknown,POSSIBLE_ALIAS
0x0060D65D,0x0060D5C0,"mov dword ptr [esp + 0x30], edi",edi,stack slot (esp+0x30),REJECTED_ALIAS
0x0060E6A2,0x0060E640,"mov dword ptr [esi + 0x30], edx",edx,stack,REJECTED_ALIAS
0x0060F3E2,0x0060F380,"mov dword ptr [esi + 0x30], edx",edx,stack,REJECTED_ALIAS
0x0060F482,0x0060F420,"mov dword ptr [esi + 0x30], edx",edx,stack,REJECTED_ALIAS
0x0061230C,0x006122C0,"mov dword ptr [esp + 0x30], ebx",ebx,stack slot (esp+0x30),REJECTED_ALIAS
0x006133B2,0x00613330,"mov dword ptr [esp + 0x30], eax",eax,stack slot (esp+0x30),REJECTED_ALIAS
0x00613772,0x00613330,"mov dword ptr [esp + 0x30], esp",esp,stack slot (esp+0x30),REJECTED_ALIAS
0x00613931,0x00613890,"mov dword ptr [esp + 0x30], esp",esp,stack slot (esp+0x30),REJECTED_ALIAS
0x00613AF0,0x00613890,"mov dword ptr [esp + 0x30], esp",esp,stack slot (esp+0x30),REJECTED_ALIAS
0x00614080,0x00613890,"mov dword ptr [esp + 0x30], 0xc43",0xc43,stack slot (esp+0x30),REJECTED_ALIAS
0x0061423A,0x00614170,"mov dword ptr [esp + 0x30], ecx",ecx,stack slot (esp+0x30),REJECTED_ALIAS
0x00614973,0x006148C0,"mov dword ptr [esi + 0x30], edx",edx,unknown,POSSIBLE_ALIAS
0x00614A7C,0x00614A20,"mov dword ptr [esi + 0x30], edx",edx,unknown,POSSIBLE_ALIAS
0x00614B53,0x00614AA0,"mov dword ptr [esi + 0x30], edx",edx,unknown,POSSIBLE_ALIAS
0x00614BEC,0x00614B90,"mov dword ptr [esi + 0x30], edx",edx,unknown,POSSIBLE_ALIAS
0x006150B2,0x00615050,"mov dword ptr [esi + 0x30], edx",edx,stack,REJECTED_ALIAS
0x00615812,0x006157B0,"mov dword ptr [esi + 0x30], edx",edx,stack,REJECTED_ALIAS
0x006158B2,0x00615850,"mov dword ptr [esi + 0x30], edx",edx,stack,REJECTED_ALIAS
0x006164CA,0x00616440,"mov byte ptr [esp + 0x30], 0",0,stack slot (esp+0x30),REJECTED_ALIAS
0x00616FA4,0x00616F20,"mov byte ptr [esp + 0x30], 0",0,stack slot (esp+0x30),REJECTED_ALIAS
0x00617404,0x00617190,"mov dword ptr [esp + 0x30], ebx",ebx,stack slot (esp+0x30),REJECTED_ALIAS
0x0061865F,0x00618570,"mov dword ptr [esp + 0x30], ebx",ebx,stack slot (esp+0x30),REJECTED_ALIAS
0x00619034,0x00619000,"mov dword ptr [esi + 0x30], ecx",ecx,unknown,POSSIBLE_ALIAS
0x00619748,0x00619700,"mov dword ptr [esp + 0x30], 0",0,stack slot (esp+0x30),REJECTED_ALIAS
0x0061995B,0x006198E0,"mov byte ptr [esp + 0x30], 0",0,stack slot (esp+0x30),REJECTED_ALIAS
0x006199BE,0x006198E0,"mov byte ptr [esp + 0x30], 2",2,stack slot (esp+0x30),REJECTED_ALIAS
0x00619EAC,0x00619CC0,"mov dword ptr [esp + 0x30], ebx",ebx,stack slot (esp+0x30),REJECTED_ALIAS
0x0061C35B,0x0061C2E0,"mov byte ptr [esp + 0x30], 0",0,stack slot (esp+0x30),REJECTED_ALIAS
0x0061C3BE,0x0061C2E0,"mov byte ptr [esp + 0x30], 2",2,stack slot (esp+0x30),REJECTED_ALIAS
0x0061C579,0x0061C540,"mov dword ptr [esp + 0x30], edi",edi,stack slot (esp+0x30),REJECTED_ALIAS
0x0061CFDA,0x0061CD00,"mov dword ptr [esp + 0x30], ebx",ebx,stack slot (esp+0x30),REJECTED_ALIAS
0x0061D099,0x0061D060,"mov dword ptr [esp + 0x30], edi",edi,stack slot (esp+0x30),REJECTED_ALIAS
0x0061DA95,0x0061DA50,"mov dword ptr [esp + 0x30], 0",0,stack slot (esp+0x30),REJECTED_ALIAS
0x0061DD4B,0x0061DCD0,"mov byte ptr [esp + 0x30], 0",0,stack slot (esp+0x30),REJECTED_ALIAS
0x0061DDAE,0x0061DCD0,"mov byte ptr [esp + 0x30], 2",2,stack slot (esp+0x30),REJECTED_ALIAS
0x0061DE5B,0x0061DDE0,"mov byte ptr [esp + 0x30], 0",0,stack slot (esp+0x30),REJECTED_ALIAS
0x0061DEBE,0x0061DDE0,"mov byte ptr [esp + 0x30], 2",2,stack slot (esp+0x30),REJECTED_ALIAS
0x0061E8AC,0x0061E460,"mov dword ptr [esp + 0x30], eax",eax,stack slot (esp+0x30),REJECTED_ALIAS
0x0061E976,0x0061E460,"mov dword ptr [esp + 0x30], eax",eax,stack slot (esp+0x30),REJECTED_ALIAS
0x0061EF25,0x0061EEE0,"mov dword ptr [esp + 0x30], 0",0,stack slot (esp+0x30),REJECTED_ALIAS
0x0061F22B,0x0061F1B0,"mov byte ptr [esp + 0x30], 0",0,stack slot (esp+0x30),REJECTED_ALIAS
0x0061F28E,0x0061F1B0,"mov byte ptr [esp + 0x30], 2",2,stack slot (esp+0x30),REJECTED_ALIAS
0x0061F33B,0x0061F2C0,"mov byte ptr [esp + 0x30], 0",0,stack slot (esp+0x30),REJECTED_ALIAS
0x0061F39E,0x0061F2C0,"mov byte ptr [esp + 0x30], 2",2,stack slot (esp+0x30),REJECTED_ALIAS
0x0062030B,0x00620290,"mov byte ptr [esp + 0x30], 0",0,stack slot (esp+0x30),REJECTED_ALIAS
0x0062036E,0x00620290,"mov byte ptr [esp + 0x30], 2",2,stack slot (esp+0x30),REJECTED_ALIAS
0x0062041B,0x006203A0,"mov byte ptr [esp + 0x30], 0",0,stack slot (esp+0x30),REJECTED_ALIAS
0x0062047E,0x006203A0,"mov byte ptr [esp + 0x30], 2",2,stack slot (esp+0x30),REJECTED_ALIAS
0x006207C2,0x00620780,"mov dword ptr [esp + 0x30], edi",edi,stack slot (esp+0x30),REJECTED_ALIAS
0x006215FE,0x00621500,"mov dword ptr [esp + 0x30], ebp",ebp,stack slot (esp+0x30),REJECTED_ALIAS
0x0062193F,0x00621900,"mov dword ptr [esp + 0x30], 0",0,stack slot (esp+0x30),REJECTED_ALIAS
0x00622286,0x00622150,"mov dword ptr [esp + 0x30], eax",eax,stack slot (esp+0x30),REJECTED_ALIAS
0x00622610,0x006225D0,"mov dword ptr [esp + 0x30], 0",0,stack slot (esp+0x30),REJECTED_ALIAS
0x00622BBA,0x00622920,"mov dword ptr [esp + 0x30], ebx",ebx,stack slot (esp+0x30),REJECTED_ALIAS
0x00623AC2,0x006237B0,"mov dword ptr [esp + 0x30], eax",eax,stack slot (esp+0x30),REJECTED_ALIAS
0x00625749,0x00625700,"mov dword ptr [esp + 0x30], ebx",ebx,stack slot (esp+0x30),REJECTED_ALIAS
0x00625849,0x00625800,"mov dword ptr [esp + 0x30], ebx",ebx,stack slot (esp+0x30),REJECTED_ALIAS
0x00625949,0x00625900,"mov dword ptr [esp + 0x30], ebx",ebx,stack slot (esp+0x30),REJECTED_ALIAS
0x00625A49,0x00625A00,"mov dword ptr [esp + 0x30], ebx",ebx,stack slot (esp+0x30),REJECTED_ALIAS
0x00625B49,0x00625B00,"mov dword ptr [esp + 0x30], ebx",ebx,stack slot (esp+0x30),REJECTED_ALIAS
0x00625C49,0x00625C00,"mov dword ptr [esp + 0x30], ebx",ebx,stack slot (esp+0x30),REJECTED_ALIAS
0x00625D49,0x00625D00,"mov dword ptr [esp + 0x30], ebx",ebx,stack slot (esp+0x30),REJECTED_ALIAS
0x00625E49,0x00625E00,"mov dword ptr [esp + 0x30], ebx",ebx,stack slot (esp+0x30),REJECTED_ALIAS
0x00625F49,0x00625F00,"mov dword ptr [esp + 0x30], ebx",ebx,stack slot (esp+0x30),REJECTED_ALIAS
0x0062F822,0x0062F780,"mov dword ptr [esi + 0x30], edx",edx,unknown,POSSIBLE_ALIAS
0x0062FA62,0x0062F9C0,"mov dword ptr [esi + 0x30], edx",edx,unknown,POSSIBLE_ALIAS
0x00632FAC,0x00632F60,"mov dword ptr [esp + 0x30], ebx",ebx,stack slot (esp+0x30),REJECTED_ALIAS
0x006332EC,0x006332A0,"mov dword ptr [esp + 0x30], ebx",ebx,stack slot (esp+0x30),REJECTED_ALIAS
0x00633932,0x006336C0,"mov dword ptr [esp + 0x30], eax",eax,stack slot (esp+0x30),REJECTED_ALIAS
0x00634984,0x00634910,"mov dword ptr [esi + 0x30], ecx",ecx,unknown,POSSIBLE_ALIAS
0x0063551A,0x006354A0,"mov dword ptr [esp + 0x30], ebp",ebp,stack slot (esp+0x30),REJECTED_ALIAS
0x006363A2,0x00636330,"mov dword ptr [esi + 0x30], edx",edx,unknown,POSSIBLE_ALIAS
0x00636511,0x00636490,"mov dword ptr [esi + 0x30], edx",edx,unknown,POSSIBLE_ALIAS
0x00636760,0x006366E0,"mov dword ptr [esi + 0x30], edx",edx,unknown,POSSIBLE_ALIAS
0x00636898,0x006367E0,"mov dword ptr [esp + 0x30], ebx",ebx,stack slot (esp+0x30),REJECTED_ALIAS
0x00636924,0x006367E0,"mov dword ptr [esp + 0x30], edi",edi,stack slot (esp+0x30),REJECTED_ALIAS
0x00636A68,0x006369B0,"mov dword ptr [esp + 0x30], ebx",ebx,stack slot (esp+0x30),REJECTED_ALIAS
0x00636AF4,0x006369B0,"mov dword ptr [esp + 0x30], edi",edi,stack slot (esp+0x30),REJECTED_ALIAS
0x00636C77,0x00636BC0,"mov dword ptr [esp + 0x30], eax",eax,stack slot (esp+0x30),REJECTED_ALIAS
0x0063704F,0x00636FC0,"mov dword ptr [esp + 0x30], ebx",ebx,stack slot (esp+0x30),REJECTED_ALIAS
0x00637089,0x00636FC0,"mov dword ptr [esp + 0x30], edx",edx,stack slot (esp+0x30),REJECTED_ALIAS
0x006370C8,0x00636FC0,"mov byte ptr [esp + 0x30], bl",bl,stack slot (esp+0x30),REJECTED_ALIAS
0x0063717B,0x00636FC0,"mov byte ptr [esp + 0x30], bl",bl,stack slot (esp+0x30),REJECTED_ALIAS
0x00637268,0x00636FC0,"mov dword ptr [esp + 0x30], edi",edi,stack slot (esp+0x30),REJECTED_ALIAS
0x006373BD,0x00636FC0,"mov dword ptr [esp + 0x30], 0x6e",0x6e,stack slot (esp+0x30),REJECTED_ALIAS
0x006375B1,0x00637480,"mov dword ptr [esp + 0x30], ebp",ebp,stack slot (esp+0x30),REJECTED_ALIAS
0x006383D7,0x00638360,"mov byte ptr [edi + 0x30], cl",cl,unknown,POSSIBLE_ALIAS
0x0063862B,0x006385A0,"mov dword ptr [esi + 0x30], eax",eax,unknown,POSSIBLE_ALIAS
0x0063886D,0x006387C0,"mov dword ptr [esi + 0x30], edx",edx,unknown,POSSIBLE_ALIAS
0x0063895D,0x006388B0,"mov dword ptr [esi + 0x30], edx",edx,unknown,POSSIBLE_ALIAS
0x00638ADC,0x00638A80,"mov dword ptr [esi + 0x30], edx",edx,unknown,POSSIBLE_ALIAS
0x00638B5C,0x00638B00,"mov dword ptr [esi + 0x30], edx",edx,unknown,POSSIBLE_ALIAS
0x00638E48,0x00638E00,"mov dword ptr [esi + 0x30], ecx",ecx,"other-class this (vtable 0x00A7A948, .?AVComponent@ArkUI@@)",REJECTED_ALIAS
0x00638F33,0x00638E80,"mov byte ptr [esi + 0x30], dl",dl,unknown,POSSIBLE_ALIAS
0x00639123,0x00639070,"mov dword ptr [esi + 0x30], edx",edx,unknown,POSSIBLE_ALIAS
0x00639223,0x00639170,"mov dword ptr [esi + 0x30], edx",edx,unknown,POSSIBLE_ALIAS
0x00639423,0x00639370,"mov dword ptr [esi + 0x30], edx",edx,unknown,POSSIBLE_ALIAS
0x00639DAC,0x00639D50,"mov byte ptr [esi + 0x30], dl",dl,unknown,POSSIBLE_ALIAS
0x00639E9C,0x00639E40,"mov dword ptr [esi + 0x30], edx",edx,unknown,POSSIBLE_ALIAS
0x00639F1C,0x00639EC0,"mov dword ptr [esi + 0x30], edx",edx,unknown,POSSIBLE_ALIAS
0x00639FFC,0x00639FA0,"mov dword ptr [esi + 0x30], edx",edx,unknown,POSSIBLE_ALIAS
0x0063A25B,0x0063A1A0,"mov byte ptr [esi + 0x30], al",al,unknown,POSSIBLE_ALIAS
0x0063A36E,0x0063A2B0,"mov dword ptr [esi + 0x30], edx",edx,unknown,POSSIBLE_ALIAS
0x0063A55C,0x0063A500,"mov byte ptr [esi + 0x30], dl",dl,unknown,POSSIBLE_ALIAS
0x0063A6BC,0x0063A660,"mov dword ptr [esi + 0x30], edx",edx,unknown,POSSIBLE_ALIAS
0x0063AAA5,0x0063AA50,"mov byte ptr [esi + 0x30], dl",dl,unknown,POSSIBLE_ALIAS
0x0063AB25,0x0063AAD0,"mov dword ptr [esi + 0x30], edx",edx,unknown,POSSIBLE_ALIAS
0x0063ABAC,0x0063AB50,"mov dword ptr [esi + 0x30], edx",edx,unknown,POSSIBLE_ALIAS
0x0063ACA5,0x0063AC50,"mov dword ptr [esi + 0x30], edx",edx,unknown,POSSIBLE_ALIAS
0x0063B2D4,0x0063B210,"mov byte ptr [esi + 0x30], cl",cl,unknown,POSSIBLE_ALIAS
0x0063B3E6,0x0063B320,"mov dword ptr [esi + 0x30], eax",eax,unknown,POSSIBLE_ALIAS
0x0063B513,0x0063B440,"mov dword ptr [esi + 0x30], eax",eax,unknown,POSSIBLE_ALIAS
0x0063B96B,0x0063B8B0,"mov dword ptr [esi + 0x30], eax",eax,unknown,POSSIBLE_ALIAS
0x0063CD95,0x0063CD50,"mov dword ptr [esp + 0x30], ebx",ebx,stack slot (esp+0x30),REJECTED_ALIAS
0x0063CDEC,0x0063CD50,"mov byte ptr [esi + 0x30], cl",cl,stack,REJECTED_ALIAS
0x0063CDFD,0x0063CD50,"mov dword ptr [esp + 0x30], 0xffffffff",0xffffffff,stack slot (esp+0x30),REJECTED_ALIAS
0x0063CF34,0x0063CEC0,"mov dword ptr [esi + 0x30], eax",eax,stack,REJECTED_ALIAS
0x0063D02D,0x0063CFF0,"mov dword ptr [esp + 0x30], ebx",ebx,stack slot (esp+0x30),REJECTED_ALIAS
0x0063D44C,0x0063D3F0,"mov byte ptr [esi + 0x30], dl",dl,unknown,POSSIBLE_ALIAS
0x0063D4CC,0x0063D470,"mov dword ptr [esi + 0x30], edx",edx,unknown,POSSIBLE_ALIAS
0x0063D54C,0x0063D4F0,"mov dword ptr [esi + 0x30], edx",edx,unknown,POSSIBLE_ALIAS
0x0063D62C,0x0063D5D0,"mov dword ptr [esi + 0x30], edx",edx,unknown,POSSIBLE_ALIAS
0x0063DF35,0x0063DEC0,"mov byte ptr [esi + 0x30], dl",dl,stack,REJECTED_ALIAS
0x0063E035,0x0063DFC0,"mov dword ptr [esi + 0x30], edx",edx,stack,REJECTED_ALIAS
0x0063E130,0x0063E0C0,"mov dword ptr [esi + 0x30], edx",edx,stack,REJECTED_ALIAS
0x0063E315,0x0063E2A0,"mov dword ptr [esi + 0x30], edx",edx,stack,REJECTED_ALIAS
0x0063FAB2,0x0063FA50,"mov dword ptr [esi + 0x30], edx",edx,stack,REJECTED_ALIAS
0x0063FB52,0x0063FAF0,"mov dword ptr [esi + 0x30], edx",edx,stack,REJECTED_ALIAS
0x006408B2,0x00640850,"mov dword ptr [esi + 0x30], edx",edx,stack,REJECTED_ALIAS
0x00640952,0x006408F0,"mov dword ptr [esi + 0x30], edx",edx,stack,REJECTED_ALIAS
0x00640A72,0x00640A10,"mov dword ptr [esi + 0x30], edx",edx,stack,REJECTED_ALIAS
0x00640B92,0x00640B30,"mov byte ptr [esi + 0x30], dl",dl,stack,REJECTED_ALIAS
0x00640FDB,0x00640F40,"mov dword ptr [esi + 0x30], ecx",ecx,stack,REJECTED_ALIAS
0x006410AB,0x00641010,"mov dword ptr [esi + 0x30], ecx",ecx,stack,REJECTED_ALIAS
0x00641152,0x006410F0,"mov byte ptr [esi + 0x30], dl",dl,stack,REJECTED_ALIAS
0x006411C8,0x00641190,"mov byte ptr [esi + 0x30], dl",dl,stack,REJECTED_ALIAS
0x00641362,0x00641300,"mov dword ptr [esi + 0x30], edx",edx,stack,REJECTED_ALIAS
0x00641909,0x00641840,"mov dword ptr [esp + 0x30], 0xa82db8",0xa82db8,stack slot (esp+0x30),REJECTED_ALIAS
0x00641E12,0x00641DB0,"mov byte ptr [esi + 0x30], dl",dl,stack,REJECTED_ALIAS
0x00641F32,0x00641ED0,"mov dword ptr [esi + 0x30], edx",edx,stack,REJECTED_ALIAS
0x0064235C,0x00642300,"mov byte ptr [esi + 0x30], dl",dl,stack,REJECTED_ALIAS
0x006424DC,0x00642480,"mov dword ptr [esi + 0x30], edx",edx,stack,REJECTED_ALIAS
0x00642B6A,0x00642B10,"mov byte ptr [edi + 0x30], cl",cl,stack,REJECTED_ALIAS
0x00642D2C,0x00642C90,"mov dword ptr [esi + 0x30], ecx",ecx,stack,REJECTED_ALIAS
0x00643202,0x006431A0,"mov dword ptr [esi + 0x30], edx",edx,stack,REJECTED_ALIAS
0x006432A0,0x00643240,"mov dword ptr [esi + 0x30], edx",edx,stack,REJECTED_ALIAS
0x0064341C,0x006433C0,"mov dword ptr [esi + 0x30], edx",edx,stack,REJECTED_ALIAS
0x006434E8,0x00643490,"mov dword ptr [esi + 0x30], edx",edx,stack,REJECTED_ALIAS
0x006443BF,0x00644360,"mov dword ptr [esp + 0x30], esp",esp,stack slot (esp+0x30),REJECTED_ALIAS
0x0064472C,0x00644690,"mov dword ptr [esi + 0x30], ecx",ecx,stack,REJECTED_ALIAS
0x006447FC,0x00644780,"mov dword ptr [edi + 0x30], edx",edx,stack,REJECTED_ALIAS
0x00644BDB,0x00644960,"mov byte ptr [esp + 0x30], bl",bl,stack slot (esp+0x30),REJECTED_ALIAS
0x00644E15,0x00644D60,"mov dword ptr [esp + 0x30], ebx",ebx,stack slot (esp+0x30),REJECTED_ALIAS
0x006471B5,0x00647020,"mov dword ptr [esp + 0x30], esi",esi,stack slot (esp+0x30),REJECTED_ALIAS
0x006481FC,0x00648060,"mov dword ptr [esp + 0x30], ebx",ebx,stack slot (esp+0x30),REJECTED_ALIAS
0x0064873A,0x00648060,"mov dword ptr [esp + 0x30], ebx",ebx,stack slot (esp+0x30),REJECTED_ALIAS
0x00648C74,0x00648060,"mov dword ptr [esp + 0x30], ebx",ebx,stack slot (esp+0x30),REJECTED_ALIAS
0x00648E3D,0x00648060,"mov dword ptr [esp + 0x30], ebx",ebx,stack slot (esp+0x30),REJECTED_ALIAS
0x00649549,0x00648060,"mov dword ptr [esp + 0x30], ebx",ebx,stack slot (esp+0x30),REJECTED_ALIAS
0x006497CA,0x00648060,"mov dword ptr [esp + 0x30], ebx",ebx,stack slot (esp+0x30),REJECTED_ALIAS
0x00649FB2,0x00649D80,"mov dword ptr [esp + 0x30], esi",esi,stack slot (esp+0x30),REJECTED_ALIAS
0x0064A6F0,0x00649D80,"mov dword ptr [esp + 0x30], edx",edx,stack slot (esp+0x30),REJECTED_ALIAS
0x0064A74A,0x00649D80,"mov dword ptr [esp + 0x30], eax",eax,stack slot (esp+0x30),REJECTED_ALIAS
0x0064B862,0x0064B780,"mov dword ptr [esp + 0x30], ebx",ebx,stack slot (esp+0x30),REJECTED_ALIAS
0x0064FEB2,0x0064FE90,"mov dword ptr [esi + 0x30], ecx",ecx,unknown,POSSIBLE_ALIAS
0x006516B4,0x00651650,"mov dword ptr [esp + 0x30], eax",eax,stack slot (esp+0x30),REJECTED_ALIAS
0x006516C1,0x00651650,"mov dword ptr [esp + 0x30], 0x4e32",0x4e32,stack slot (esp+0x30),REJECTED_ALIAS
0x00651979,0x006518E0,"mov dword ptr [esp + 0x30], ebp",ebp,stack slot (esp+0x30),REJECTED_ALIAS
0x00652411,0x006523A0,"mov dword ptr [edi + 0x30], edx",edx,unknown,POSSIBLE_ALIAS
0x006528DE,0x00652870,"mov byte ptr [edi + 0x30], dl",dl,unknown,POSSIBLE_ALIAS
0x00652BD3,0x00652B20,"mov dword ptr [esi + 0x30], edx",edx,unknown,POSSIBLE_ALIAS
0x00652C6C,0x00652C10,"mov dword ptr [esi + 0x30], edx",edx,unknown,POSSIBLE_ALIAS
0x00652D5C,0x00652D00,"mov dword ptr [esi + 0x30], edx",edx,unknown,POSSIBLE_ALIAS
0x00652E43,0x00652D80,"mov dword ptr [esi + 0x30], eax",eax,unknown,POSSIBLE_ALIAS
0x00652F4F,0x00652E90,"mov dword ptr [esi + 0x30], eax",eax,unknown,POSSIBLE_ALIAS
0x0065305C,0x00653000,"mov dword ptr [esi + 0x30], edx",edx,unknown,POSSIBLE_ALIAS
0x006538E2,0x00653880,"mov dword ptr [esi + 0x30], edx",edx,stack,REJECTED_ALIAS
0x00653A4E,0x006539C0,"mov dword ptr [esp + 0x30], 0xa7b320",0xa7b320,stack slot (esp+0x30),REJECTED_ALIAS
0x00653ABC,0x006539C0,"mov dword ptr [esp + 0x30], 0xa7b320",0xa7b320,stack slot (esp+0x30),REJECTED_ALIAS
0x00654360,0x00653E80,"mov dword ptr [esp + 0x30], ebx",ebx,stack slot (esp+0x30),REJECTED_ALIAS
0x00654773,0x00654710,"mov dword ptr [esp + 0x30], eax",eax,stack slot (esp+0x30),REJECTED_ALIAS
0x00654780,0x00654710,"mov dword ptr [esp + 0x30], 0x4e32",0x4e32,stack slot (esp+0x30),REJECTED_ALIAS
0x00654E50,0x00654DF0,"mov dword ptr [esi + 0x30], edx",edx,stack,REJECTED_ALIAS
0x0065523B,0x00654E90,"mov dword ptr [esp + 0x30], ebx",ebx,stack slot (esp+0x30),REJECTED_ALIAS
0x006554EC,0x006552D0,"mov dword ptr [esp + 0x30], edx",edx,stack slot (esp+0x30),REJECTED_ALIAS
0x00655B39,0x006552D0,"mov dword ptr [esp + 0x30], ecx",ecx,stack slot (esp+0x30),REJECTED_ALIAS
0x00655B48,0x006552D0,"mov dword ptr [esp + 0x30], ebx",ebx,stack slot (esp+0x30),REJECTED_ALIAS
0x00655FBB,0x006552D0,"mov dword ptr [esp + 0x30], ecx",ecx,stack slot (esp+0x30),REJECTED_ALIAS
0x00655FCA,0x006552D0,"mov dword ptr [esp + 0x30], ebx",ebx,stack slot (esp+0x30),REJECTED_ALIAS
0x00656402,0x006552D0,"mov dword ptr [esp + 0x30], ebp",ebp,stack slot (esp+0x30),REJECTED_ALIAS
0x006564E9,0x006552D0,"mov dword ptr [esp + 0x30], ebp",ebp,stack slot (esp+0x30),REJECTED_ALIAS
0x006565D0,0x006552D0,"mov dword ptr [esp + 0x30], ebp",ebp,stack slot (esp+0x30),REJECTED_ALIAS
0x006566B7,0x006552D0,"mov dword ptr [esp + 0x30], ebp",ebp,stack slot (esp+0x30),REJECTED_ALIAS
0x0065679E,0x006552D0,"mov dword ptr [esp + 0x30], ebp",ebp,stack slot (esp+0x30),REJECTED_ALIAS
0x00656885,0x006552D0,"mov dword ptr [esp + 0x30], ebp",ebp,stack slot (esp+0x30),REJECTED_ALIAS
0x0065696C,0x006552D0,"mov dword ptr [esp + 0x30], ebp",ebp,stack slot (esp+0x30),REJECTED_ALIAS
0x00656A53,0x006552D0,"mov dword ptr [esp + 0x30], ebp",ebp,stack slot (esp+0x30),REJECTED_ALIAS
0x00656B3A,0x006552D0,"mov dword ptr [esp + 0x30], ebp",ebp,stack slot (esp+0x30),REJECTED_ALIAS
0x00656C21,0x006552D0,"mov dword ptr [esp + 0x30], ebp",ebp,stack slot (esp+0x30),REJECTED_ALIAS
0x00656D08,0x006552D0,"mov dword ptr [esp + 0x30], ebp",ebp,stack slot (esp+0x30),REJECTED_ALIAS
0x00656DEF,0x006552D0,"mov dword ptr [esp + 0x30], ebp",ebp,stack slot (esp+0x30),REJECTED_ALIAS
0x00656ED6,0x006552D0,"mov dword ptr [esp + 0x30], ebp",ebp,stack slot (esp+0x30),REJECTED_ALIAS
0x00656FBD,0x006552D0,"mov dword ptr [esp + 0x30], ebp",ebp,stack slot (esp+0x30),REJECTED_ALIAS
0x006570A4,0x006552D0,"mov dword ptr [esp + 0x30], ebp",ebp,stack slot (esp+0x30),REJECTED_ALIAS
0x0065718B,0x006552D0,"mov dword ptr [esp + 0x30], ebp",ebp,stack slot (esp+0x30),REJECTED_ALIAS
0x00657272,0x006552D0,"mov dword ptr [esp + 0x30], ebp",ebp,stack slot (esp+0x30),REJECTED_ALIAS
0x00657359,0x006552D0,"mov dword ptr [esp + 0x30], ebp",ebp,stack slot (esp+0x30),REJECTED_ALIAS
0x00657440,0x006552D0,"mov dword ptr [esp + 0x30], ebp",ebp,stack slot (esp+0x30),REJECTED_ALIAS
0x00657527,0x006552D0,"mov dword ptr [esp + 0x30], ebp",ebp,stack slot (esp+0x30),REJECTED_ALIAS
0x0065760E,0x006552D0,"mov dword ptr [esp + 0x30], ebp",ebp,stack slot (esp+0x30),REJECTED_ALIAS
0x006576F5,0x006552D0,"mov dword ptr [esp + 0x30], ebp",ebp,stack slot (esp+0x30),REJECTED_ALIAS
0x006577DC,0x006552D0,"mov dword ptr [esp + 0x30], ebp",ebp,stack slot (esp+0x30),REJECTED_ALIAS
0x006578C3,0x006552D0,"mov dword ptr [esp + 0x30], ebp",ebp,stack slot (esp+0x30),REJECTED_ALIAS
0x006579AA,0x006552D0,"mov dword ptr [esp + 0x30], ebp",ebp,stack slot (esp+0x30),REJECTED_ALIAS
0x00657A91,0x006552D0,"mov dword ptr [esp + 0x30], ebp",ebp,stack slot (esp+0x30),REJECTED_ALIAS
0x00658F53,0x00658E00,"mov dword ptr [esp + 0x30], ebx",ebx,stack slot (esp+0x30),REJECTED_ALIAS
0x00659314,0x00658E00,"mov dword ptr [esp + 0x30], ecx",ecx,stack slot (esp+0x30),REJECTED_ALIAS
0x00659323,0x00658E00,"mov dword ptr [esp + 0x30], ebx",ebx,stack slot (esp+0x30),REJECTED_ALIAS
0x00659738,0x00658E00,"mov dword ptr [esp + 0x30], ecx",ecx,stack slot (esp+0x30),REJECTED_ALIAS
0x00659747,0x00658E00,"mov dword ptr [esp + 0x30], ebx",ebx,stack slot (esp+0x30),REJECTED_ALIAS
0x00659A61,0x00658E00,"mov dword ptr [esp + 0x30], ebx",ebx,stack slot (esp+0x30),REJECTED_ALIAS
0x00659D49,0x00658E00,"mov dword ptr [esp + 0x30], ecx",ecx,stack slot (esp+0x30),REJECTED_ALIAS
0x00659D58,0x00658E00,"mov dword ptr [esp + 0x30], ebx",ebx,stack slot (esp+0x30),REJECTED_ALIAS
0x0065A12B,0x00658E00,"mov dword ptr [esp + 0x30], ecx",ecx,stack slot (esp+0x30),REJECTED_ALIAS
0x0065A13A,0x00658E00,"mov dword ptr [esp + 0x30], ebx",ebx,stack slot (esp+0x30),REJECTED_ALIAS
0x0065D403,0x0065D3C0,"mov dword ptr [esp + 0x30], esp",esp,stack slot (esp+0x30),REJECTED_ALIAS
0x0065F11E,0x0065F0B0,"mov dword ptr [edi + 0x30], edx",edx,unknown,POSSIBLE_ALIAS
0x0065F1C6,0x0065F150,"mov dword ptr [edi + 0x30], eax",eax,unknown,POSSIBLE_ALIAS
0x0065F893,0x0065F7E0,"mov byte ptr [esi + 0x30], dl",dl,unknown,POSSIBLE_ALIAS
0x0065F9EC,0x0065F990,"mov byte ptr [esi + 0x30], dl",dl,unknown,POSSIBLE_ALIAS
0x0065FBF6,0x0065FB30,"mov dword ptr [esi + 0x30], eax",eax,unknown,POSSIBLE_ALIAS
0x0065FE4C,0x0065FDF0,"mov dword ptr [esi + 0x30], edx",edx,unknown,POSSIBLE_ALIAS
0x0066024C,0x006601F0,"mov dword ptr [esi + 0x30], edx",edx,unknown,POSSIBLE_ALIAS
0x00660359,0x00660280,"mov dword ptr [esi + 0x30], ecx",ecx,unknown,POSSIBLE_ALIAS
0x0066067F,0x00660610,"mov dword ptr [esi + 0x30], ecx",ecx,stack,REJECTED_ALIAS
0x006606FC,0x006606A0,"mov dword ptr [esi + 0x30], edx",edx,unknown,POSSIBLE_ALIAS
0x00660970,0x00660900,"mov dword ptr [esi + 0x30], edx",edx,stack,REJECTED_ALIAS
0x00660F02,0x00660EA0,"mov byte ptr [esi + 0x30], dl",dl,stack,REJECTED_ALIAS
0x006611B0,0x00661150,"mov dword ptr [esi + 0x30], edx",edx,stack,REJECTED_ALIAS
0x00661510,0x006614B0,"mov dword ptr [esi + 0x30], edx",edx,stack,REJECTED_ALIAS
0x00661688,0x00661630,"mov dword ptr [esi + 0x30], edx",edx,stack,REJECTED_ALIAS
0x0066177C,0x00661700,"mov dword ptr [edi + 0x30], edx",edx,stack,REJECTED_ALIAS
0x006627FB,0x006627B0,"mov dword ptr [esi + 0x30], ecx",ecx,unknown,POSSIBLE_ALIAS
0x00662ADB,0x00662A40,"mov byte ptr [esp + 0x30], bl",bl,stack slot (esp+0x30),REJECTED_ALIAS
0x00662CA9,0x00662C60,"mov dword ptr [edi + 0x30], ecx",ecx,unknown,POSSIBLE_ALIAS
0x006635B2,0x00663520,"mov dword ptr [esp + 0x30], 0xffffffff",0xffffffff,stack slot (esp+0x30),REJECTED_ALIAS
0x00664D4E,0x00664CE0,"mov byte ptr [edi + 0x30], dl",dl,unknown,POSSIBLE_ALIAS
0x006655C3,0x00665510,"mov dword ptr [esi + 0x30], edx",edx,unknown,POSSIBLE_ALIAS
0x006656C3,0x00665600,"mov dword ptr [esi + 0x30], eax",eax,unknown,POSSIBLE_ALIAS
0x006658BC,0x00665860,"mov dword ptr [esi + 0x30], edx",edx,unknown,POSSIBLE_ALIAS
0x0066593C,0x006658E0,"mov dword ptr [esi + 0x30], edx",edx,unknown,POSSIBLE_ALIAS
0x00665A1B,0x00665960,"mov byte ptr [esi + 0x30], al",al,unknown,POSSIBLE_ALIAS
0x00665C7C,0x00665C20,"mov byte ptr [esi + 0x30], dl",dl,unknown,POSSIBLE_ALIAS
0x00666C12,0x00666BB0,"mov dword ptr [esi + 0x30], edx",edx,stack,REJECTED_ALIAS
0x00666CB0,0x00666C50,"mov dword ptr [esi + 0x30], edx",edx,stack,REJECTED_ALIAS
0x00668132,0x006680D0,"mov byte ptr [esi + 0x30], dl",dl,stack,REJECTED_ALIAS
0x0066926E,0x00669200,"mov byte ptr [esi + 0x30], 1",1,unknown,POSSIBLE_ALIAS
0x00669404,0x006693A0,"mov byte ptr [esi + 0x30], al",al,unknown,POSSIBLE_ALIAS
0x00669D86,0x00669D20,"mov dword ptr [esp + 0x30], 0xffffffff",0xffffffff,stack slot (esp+0x30),REJECTED_ALIAS
0x00669E26,0x00669DC0,"mov dword ptr [esp + 0x30], 0xffffffff",0xffffffff,stack slot (esp+0x30),REJECTED_ALIAS
0x0066AF0C,0x0066ADB0,"mov dword ptr [esp + 0x30], ebx",ebx,stack slot (esp+0x30),REJECTED_ALIAS
0x0066C182,0x0066C120,"mov byte ptr [esp + 0x30], 3",3,stack slot (esp+0x30),REJECTED_ALIAS
0x0066CBFB,0x0066CBB0,"mov dword ptr [esp + 0x30], 0",0,stack slot (esp+0x30),REJECTED_ALIAS
0x0066CC3D,0x0066CBB0,"mov byte ptr [esp + 0x30], 3",3,stack slot (esp+0x30),REJECTED_ALIAS
0x0066CCBB,0x0066CC70,"mov dword ptr [esp + 0x30], 0",0,stack slot (esp+0x30),REJECTED_ALIAS
0x0066CCFD,0x0066CC70,"mov byte ptr [esp + 0x30], 3",3,stack slot (esp+0x30),REJECTED_ALIAS
0x0066DE62,0x0066DE30,"mov dword ptr [esp + 0x30], 0",0,stack slot (esp+0x30),REJECTED_ALIAS
0x0066E1CD,0x0066E100,"mov dword ptr [esp + 0x30], 0xffffffff",0xffffffff,stack slot (esp+0x30),REJECTED_ALIAS
0x0066FE0D,0x0066FDB0,"mov byte ptr [esp + 0x30], bl",bl,stack slot (esp+0x30),REJECTED_ALIAS
0x00670750,0x00670710,"mov dword ptr [esp + 0x30], esp",esp,stack slot (esp+0x30),REJECTED_ALIAS
0x00670CC5,0x00670A70,"mov dword ptr [esp + 0x30], ebp",ebp,stack slot (esp+0x30),REJECTED_ALIAS
0x00672A9D,0x00672A40,"mov byte ptr [esp + 0x30], bl",bl,stack slot (esp+0x30),REJECTED_ALIAS
0x00674BE2,0x00674BA0,"mov dword ptr [esp + 0x30], esp",esp,stack slot (esp+0x30),REJECTED_ALIAS
0x0067703D,0x00676FE0,"mov byte ptr [esp + 0x30], bl",bl,stack slot (esp+0x30),REJECTED_ALIAS
0x00677931,0x006778E0,"mov dword ptr [esp + 0x30], 0",0,stack slot (esp+0x30),REJECTED_ALIAS
0x0067794A,0x006778E0,"mov dword ptr [esp + 0x30], 0xffffffff",0xffffffff,stack slot (esp+0x30),REJECTED_ALIAS
0x00679E7D,0x00679E20,"mov byte ptr [esp + 0x30], bl",bl,stack slot (esp+0x30),REJECTED_ALIAS
0x0067A4E2,0x0067A480,"mov dword ptr [esp + 0x30], 0xffffffff",0xffffffff,stack slot (esp+0x30),REJECTED_ALIAS
0x0067AE40,0x0067ADC0,"mov dword ptr [esp + 0x30], 0",0,stack slot (esp+0x30),REJECTED_ALIAS
0x0067B482,0x0067B400,"mov dword ptr [esp + 0x30], ecx",ecx,stack slot (esp+0x30),REJECTED_ALIAS
0x0067DD90,0x0067DD30,"mov dword ptr [esp + 0x30], ecx",ecx,stack slot (esp+0x30),REJECTED_ALIAS
0x0067E239,0x0067E1D0,"mov dword ptr [esp + 0x30], ecx",ecx,stack slot (esp+0x30),REJECTED_ALIAS
0x0067EAB3,0x0067EA20,"mov dword ptr [esp + 0x30], 0",0,stack slot (esp+0x30),REJECTED_ALIAS
0x0067EB94,0x0067EAE0,"mov dword ptr [esp + 0x30], ecx",ecx,stack slot (esp+0x30),REJECTED_ALIAS
0x0067EBBD,0x0067EAE0,"mov dword ptr [esp + 0x30], eax",eax,stack slot (esp+0x30),REJECTED_ALIAS
0x00680331,0x006802D0,"mov dword ptr [esp + 0x30], 0",0,stack slot (esp+0x30),REJECTED_ALIAS
0x00680443,0x006802D0,"mov dword ptr [esp + 0x30], ebx",ebx,stack slot (esp+0x30),REJECTED_ALIAS
0x00680509,0x006802D0,"mov dword ptr [esp + 0x30], ebx",ebx,stack slot (esp+0x30),REJECTED_ALIAS
0x006807A8,0x006806E0,"mov dword ptr [esp + 0x30], ebx",ebx,stack slot (esp+0x30),REJECTED_ALIAS
0x0068085D,0x006806E0,"mov dword ptr [esp + 0x30], ebx",ebx,stack slot (esp+0x30),REJECTED_ALIAS
0x0068096A,0x00680910,"mov dword ptr [esp + 0x30], 3",3,stack slot (esp+0x30),REJECTED_ALIAS
0x00680A9D,0x00680910,"mov dword ptr [esp + 0x30], 0xc",0xc,stack slot (esp+0x30),REJECTED_ALIAS
0x00680BBD,0x00680910,"mov dword ptr [esp + 0x30], 0x30",0x30,stack slot (esp+0x30),REJECTED_ALIAS
0x0068190D,0x006817D0,"mov dword ptr [esp + 0x30], edi",edi,stack slot (esp+0x30),REJECTED_ALIAS
0x006819B2,0x006817D0,"mov dword ptr [esp + 0x30], eax",eax,stack slot (esp+0x30),REJECTED_ALIAS
0x006819FE,0x006817D0,"mov dword ptr [esp + 0x30], edi",edi,stack slot (esp+0x30),REJECTED_ALIAS
0x00681A3E,0x006817D0,"mov dword ptr [esp + 0x30], eax",eax,stack slot (esp+0x30),REJECTED_ALIAS
0x00681A44,0x006817D0,"mov dword ptr [esp + 0x30], 0",0,stack slot (esp+0x30),REJECTED_ALIAS
0x00682A36,0x006829E0,"mov dword ptr [esp + 0x30], ebp",ebp,stack slot (esp+0x30),REJECTED_ALIAS
0x0068331B,0x00683170,"mov dword ptr [esp + 0x30], eax",eax,stack slot (esp+0x30),REJECTED_ALIAS
0x0068552A,0x00685120,"mov dword ptr [esp + 0x30], ebp",ebp,stack slot (esp+0x30),REJECTED_ALIAS
0x00686BBA,0x00686B00,"mov dword ptr [esp + 0x30], esi",esi,stack slot (esp+0x30),REJECTED_ALIAS
0x0068843F,0x00688370,"mov dword ptr [esp + 0x30], edx",edx,stack slot (esp+0x30),REJECTED_ALIAS
0x006894F6,0x00689490,"mov dword ptr [esp + 0x30], 0xffffffff",0xffffffff,stack slot (esp+0x30),REJECTED_ALIAS
0x00689EB0,0x00689C80,"mov dword ptr [esp + 0x30], ecx",ecx,stack slot (esp+0x30),REJECTED_ALIAS
0x0068A453,0x0068A3A0,"mov dword ptr [esi + 0x30], edx",edx,unknown,POSSIBLE_ALIAS
0x0068A4FC,0x0068A4A0,"mov dword ptr [esi + 0x30], edx",edx,unknown,POSSIBLE_ALIAS
0x0068AB12,0x0068AAB0,"mov dword ptr [esi + 0x30], edx",edx,stack,REJECTED_ALIAS
0x0068B729,0x0068B6A0,"mov dword ptr [esp + 0x30], ebx",ebx,stack slot (esp+0x30),REJECTED_ALIAS
0x0068BAD6,0x0068B810,"mov dword ptr [esp + 0x30], ebp",ebp,stack slot (esp+0x30),REJECTED_ALIAS
0x0068D1B6,0x0068D150,"mov dword ptr [esp + 0x30], 0xffffffff",0xffffffff,stack slot (esp+0x30),REJECTED_ALIAS
0x0068E2E3,0x0068E230,"mov dword ptr [esi + 0x30], edx",edx,unknown,POSSIBLE_ALIAS
0x0068E3EC,0x0068E390,"mov dword ptr [esi + 0x30], edx",edx,unknown,POSSIBLE_ALIAS
0x0068E7E2,0x0068E780,"mov dword ptr [esi + 0x30], edx",edx,stack,REJECTED_ALIAS
0x0068FD3A,0x0068FCD0,"mov dword ptr [esp + 0x30], ebx",ebx,stack slot (esp+0x30),REJECTED_ALIAS
0x0068FE63,0x0068FCD0,"mov dword ptr [esp + 0x30], ebx",ebx,stack slot (esp+0x30),REJECTED_ALIAS
0x0068FECA,0x0068FCD0,"mov dword ptr [esp + 0x30], ebx",ebx,stack slot (esp+0x30),REJECTED_ALIAS
0x0068FF8E,0x0068FCD0,"mov dword ptr [esp + 0x30], ebx",ebx,stack slot (esp+0x30),REJECTED_ALIAS
0x00691242,0x006911E0,"mov dword ptr [esp + 0x30], 0xffffffff",0xffffffff,stack slot (esp+0x30),REJECTED_ALIAS
0x006912E2,0x00691280,"mov dword ptr [esp + 0x30], 0xffffffff",0xffffffff,stack slot (esp+0x30),REJECTED_ALIAS
0x00693581,0x00693530,"mov dword ptr [esi + 0x30], 0",0,unknown,POSSIBLE_ALIAS
0x00693B56,0x00693AF0,"mov dword ptr [esp + 0x30], 0xffffffff",0xffffffff,stack slot (esp+0x30),REJECTED_ALIAS
0x00693FBA,0x00693F70,"mov dword ptr [esp + 0x30], 0",0,stack slot (esp+0x30),REJECTED_ALIAS
0x00694FF3,0x00694F40,"mov byte ptr [esi + 0x30], dl",dl,unknown,POSSIBLE_ALIAS
0x0069522C,0x006951D0,"mov byte ptr [esi + 0x30], dl",dl,unknown,POSSIBLE_ALIAS
0x006963C2,0x00696360,"mov byte ptr [esi + 0x30], dl",dl,stack,REJECTED_ALIAS
0x00697A61,0x00697430,"mov dword ptr [esp + 0x30], 0x24",0x24,stack slot (esp+0x30),REJECTED_ALIAS
0x00698D01,0x00698A50,"mov dword ptr [esi + 0x30], eax",eax,unknown,POSSIBLE_ALIAS
0x00699638,0x006995D0,"mov dword ptr [esp + 0x30], esi",esi,stack slot (esp+0x30),REJECTED_ALIAS
0x00699692,0x006995D0,"mov dword ptr [esp + 0x30], esi",esi,stack slot (esp+0x30),REJECTED_ALIAS
0x00699A33,0x006999C0,"mov byte ptr [esp + 0x30], 0",0,stack slot (esp+0x30),REJECTED_ALIAS
0x00699A42,0x006999C0,"mov dword ptr [esp + 0x30], 0xffffffff",0xffffffff,stack slot (esp+0x30),REJECTED_ALIAS
0x0069B5C1,0x0069B440,"mov dword ptr [esp + 0x30], ebx",ebx,stack slot (esp+0x30),REJECTED_ALIAS
0x0069C3F1,0x0069B9A0,"mov dword ptr [esp + 0x30], ebx",ebx,stack slot (esp+0x30),REJECTED_ALIAS
0x0069C482,0x0069B9A0,"mov dword ptr [esp + 0x30], ebx",ebx,stack slot (esp+0x30),REJECTED_ALIAS
0x0069C510,0x0069B9A0,"mov dword ptr [esp + 0x30], ebx",ebx,stack slot (esp+0x30),REJECTED_ALIAS
0x0069C5E9,0x0069B9A0,"mov dword ptr [esp + 0x30], ebx",ebx,stack slot (esp+0x30),REJECTED_ALIAS
0x0069C674,0x0069B9A0,"mov dword ptr [esp + 0x30], ebx",ebx,stack slot (esp+0x30),REJECTED_ALIAS
0x0069C705,0x0069B9A0,"mov dword ptr [esp + 0x30], ebx",ebx,stack slot (esp+0x30),REJECTED_ALIAS
0x0069C7E5,0x0069B9A0,"mov dword ptr [esp + 0x30], ebx",ebx,stack slot (esp+0x30),REJECTED_ALIAS
0x0069C88D,0x0069B9A0,"mov dword ptr [esp + 0x30], 0x7d2c7",0x7d2c7,stack slot (esp+0x30),REJECTED_ALIAS
0x0069C957,0x0069B9A0,"mov dword ptr [esp + 0x30], 0x7d2c8",0x7d2c8,stack slot (esp+0x30),REJECTED_ALIAS
0x0069CA21,0x0069B9A0,"mov dword ptr [esp + 0x30], 0x7d2c9",0x7d2c9,stack slot (esp+0x30),REJECTED_ALIAS
0x0069CAEB,0x0069B9A0,"mov dword ptr [esp + 0x30], 0x7d2ca",0x7d2ca,stack slot (esp+0x30),REJECTED_ALIAS
0x0069CBB5,0x0069B9A0,"mov dword ptr [esp + 0x30], 0x7d2cb",0x7d2cb,stack slot (esp+0x30),REJECTED_ALIAS
0x0069CC7F,0x0069B9A0,"mov dword ptr [esp + 0x30], 0x7d2cc",0x7d2cc,stack slot (esp+0x30),REJECTED_ALIAS
0x0069CD49,0x0069B9A0,"mov dword ptr [esp + 0x30], 0x7d2cd",0x7d2cd,stack slot (esp+0x30),REJECTED_ALIAS
0x0069CE13,0x0069B9A0,"mov dword ptr [esp + 0x30], 0x7d2ce",0x7d2ce,stack slot (esp+0x30),REJECTED_ALIAS
0x0069CEDD,0x0069B9A0,"mov dword ptr [esp + 0x30], 0x7d2cf",0x7d2cf,stack slot (esp+0x30),REJECTED_ALIAS
0x0069CFA7,0x0069B9A0,"mov dword ptr [esp + 0x30], 0x7d2d0",0x7d2d0,stack slot (esp+0x30),REJECTED_ALIAS
0x0069D071,0x0069B9A0,"mov dword ptr [esp + 0x30], 0x7d2d1",0x7d2d1,stack slot (esp+0x30),REJECTED_ALIAS
0x0069D13B,0x0069B9A0,"mov dword ptr [esp + 0x30], 0x7d2d2",0x7d2d2,stack slot (esp+0x30),REJECTED_ALIAS
0x0069D205,0x0069B9A0,"mov dword ptr [esp + 0x30], 0x7d2d3",0x7d2d3,stack slot (esp+0x30),REJECTED_ALIAS
0x0069D2CF,0x0069B9A0,"mov dword ptr [esp + 0x30], 0x7d2d4",0x7d2d4,stack slot (esp+0x30),REJECTED_ALIAS
0x0069D399,0x0069B9A0,"mov dword ptr [esp + 0x30], 0x7d2d5",0x7d2d5,stack slot (esp+0x30),REJECTED_ALIAS
0x0069D463,0x0069B9A0,"mov dword ptr [esp + 0x30], 0x7d2d6",0x7d2d6,stack slot (esp+0x30),REJECTED_ALIAS
0x0069D52D,0x0069B9A0,"mov dword ptr [esp + 0x30], 0x7d2d7",0x7d2d7,stack slot (esp+0x30),REJECTED_ALIAS
0x0069D5F7,0x0069B9A0,"mov dword ptr [esp + 0x30], 0x7d2d8",0x7d2d8,stack slot (esp+0x30),REJECTED_ALIAS
0x0069D6C1,0x0069B9A0,"mov dword ptr [esp + 0x30], 0x7d2d9",0x7d2d9,stack slot (esp+0x30),REJECTED_ALIAS
0x0069D78B,0x0069B9A0,"mov dword ptr [esp + 0x30], 0x7d2da",0x7d2da,stack slot (esp+0x30),REJECTED_ALIAS
0x0069D855,0x0069B9A0,"mov dword ptr [esp + 0x30], 0x80c37",0x80c37,stack slot (esp+0x30),REJECTED_ALIAS
0x0069D91F,0x0069B9A0,"mov dword ptr [esp + 0x30], 0x80c38",0x80c38,stack slot (esp+0x30),REJECTED_ALIAS
0x0069D9E9,0x0069B9A0,"mov dword ptr [esp + 0x30], 0x80c39",0x80c39,stack slot (esp+0x30),REJECTED_ALIAS
0x0069DAB3,0x0069B9A0,"mov dword ptr [esp + 0x30], 0x80c3a",0x80c3a,stack slot (esp+0x30),REJECTED_ALIAS
0x0069DB7D,0x0069B9A0,"mov dword ptr [esp + 0x30], 0x80c3b",0x80c3b,stack slot (esp+0x30),REJECTED_ALIAS
0x0069DC47,0x0069B9A0,"mov dword ptr [esp + 0x30], 0x80c3c",0x80c3c,stack slot (esp+0x30),REJECTED_ALIAS
0x0069DD11,0x0069B9A0,"mov dword ptr [esp + 0x30], 0x80c3d",0x80c3d,stack slot (esp+0x30),REJECTED_ALIAS
0x0069DDDB,0x0069B9A0,"mov dword ptr [esp + 0x30], 0x80c3e",0x80c3e,stack slot (esp+0x30),REJECTED_ALIAS
0x0069DEA5,0x0069B9A0,"mov dword ptr [esp + 0x30], 0x80c3f",0x80c3f,stack slot (esp+0x30),REJECTED_ALIAS
0x0069DF6F,0x0069B9A0,"mov dword ptr [esp + 0x30], 0x80c40",0x80c40,stack slot (esp+0x30),REJECTED_ALIAS
0x0069E039,0x0069B9A0,"mov dword ptr [esp + 0x30], 0x80c41",0x80c41,stack slot (esp+0x30),REJECTED_ALIAS
0x0069E103,0x0069B9A0,"mov dword ptr [esp + 0x30], 0x80c42",0x80c42,stack slot (esp+0x30),REJECTED_ALIAS
0x0069E1CD,0x0069B9A0,"mov dword ptr [esp + 0x30], 0x80c43",0x80c43,stack slot (esp+0x30),REJECTED_ALIAS
0x0069E297,0x0069B9A0,"mov dword ptr [esp + 0x30], 0x80c44",0x80c44,stack slot (esp+0x30),REJECTED_ALIAS
0x0069E361,0x0069B9A0,"mov dword ptr [esp + 0x30], 0x80c45",0x80c45,stack slot (esp+0x30),REJECTED_ALIAS
0x0069E42B,0x0069B9A0,"mov dword ptr [esp + 0x30], 0x80c46",0x80c46,stack slot (esp+0x30),REJECTED_ALIAS
0x0069E4F5,0x0069B9A0,"mov dword ptr [esp + 0x30], 0x80c47",0x80c47,stack slot (esp+0x30),REJECTED_ALIAS
0x0069E5BF,0x0069B9A0,"mov dword ptr [esp + 0x30], 0x80c48",0x80c48,stack slot (esp+0x30),REJECTED_ALIAS
0x0069E689,0x0069B9A0,"mov dword ptr [esp + 0x30], 0x80c49",0x80c49,stack slot (esp+0x30),REJECTED_ALIAS
0x0069E753,0x0069B9A0,"mov dword ptr [esp + 0x30], 0x80c4a",0x80c4a,stack slot (esp+0x30),REJECTED_ALIAS
0x0069E81D,0x0069B9A0,"mov dword ptr [esp + 0x30], 0x80c4b",0x80c4b,stack slot (esp+0x30),REJECTED_ALIAS
0x0069E8E7,0x0069B9A0,"mov dword ptr [esp + 0x30], 0x83126",0x83126,stack slot (esp+0x30),REJECTED_ALIAS
0x0069E9B1,0x0069B9A0,"mov dword ptr [esp + 0x30], 0x83127",0x83127,stack slot (esp+0x30),REJECTED_ALIAS
0x0069EA7B,0x0069B9A0,"mov dword ptr [esp + 0x30], 0x83128",0x83128,stack slot (esp+0x30),REJECTED_ALIAS
0x0069EB46,0x0069B9A0,"mov dword ptr [esp + 0x30], 0x83129",0x83129,stack slot (esp+0x30),REJECTED_ALIAS
0x0069EC12,0x0069B9A0,"mov dword ptr [esp + 0x30], 0x8312a",0x8312a,stack slot (esp+0x30),REJECTED_ALIAS
0x0069ECDE,0x0069B9A0,"mov dword ptr [esp + 0x30], 0x8345f",0x8345f,stack slot (esp+0x30),REJECTED_ALIAS
0x0069EDAA,0x0069B9A0,"mov dword ptr [esp + 0x30], 0x83460",0x83460,stack slot (esp+0x30),REJECTED_ALIAS
0x0069EE76,0x0069B9A0,"mov dword ptr [esp + 0x30], 0x83461",0x83461,stack slot (esp+0x30),REJECTED_ALIAS
0x0069EF42,0x0069B9A0,"mov dword ptr [esp + 0x30], 0x83462",0x83462,stack slot (esp+0x30),REJECTED_ALIAS
0x0069F00E,0x0069B9A0,"mov dword ptr [esp + 0x30], 0x83463",0x83463,stack slot (esp+0x30),REJECTED_ALIAS
0x0069F0DA,0x0069B9A0,"mov dword ptr [esp + 0x30], 0x83464",0x83464,stack slot (esp+0x30),REJECTED_ALIAS
0x006A1508,0x006A14D0,"mov dword ptr [esp + 0x30], esi",esi,stack slot (esp+0x30),REJECTED_ALIAS
0x006A2123,0x006A2060,"mov dword ptr [eax + 0x30], ecx",ecx,stack object,REJECTED_ALIAS
0x006A22B6,0x006A21F0,"mov dword ptr [eax + 0x30], ecx",ecx,stack object,REJECTED_ALIAS
0x006A2892,0x006A2830,"mov dword ptr [esi + 0x30], ecx",ecx,unknown,POSSIBLE_ALIAS
0x006A3C7D,0x006A3C30,"mov dword ptr [esi + 0x30], ebx",ebx,"other-class this (vtable 0x00A8502C, .?AVArkBinkMediaPlayer@@)",REJECTED_ALIAS
0x006A3CA4,0x006A3C30,"or dword ptr [esi + 0x30], 0x70200000",0x70200000,"other-class this (vtable 0x00A8502C, .?AVArkBinkMediaPlayer@@)",REJECTED_ALIAS
0x006A3D5B,0x006A3CF0,"or dword ptr [esi + 0x30], 0xa",0xa,unknown,POSSIBLE_ALIAS
0x006A489F,0x006A4770,"mov dword ptr [esp + 0x30], 0xffffffff",0xffffffff,stack slot (esp+0x30),REJECTED_ALIAS
0x006A7B37,0x006A7B10,"mov dword ptr [edi + 0x30], esi",esi,unknown,POSSIBLE_ALIAS
0x006A7FA8,0x006A7EA0,"mov dword ptr [esp + 0x30], edx",edx,stack slot (esp+0x30),REJECTED_ALIAS
0x006A8442,0x006A8320,"mov dword ptr [esp + 0x30], ecx",ecx,stack slot (esp+0x30),REJECTED_ALIAS
0x006A8F49,0x006A8F00,"mov dword ptr [esi + 0x30], ebx",ebx,unknown,POSSIBLE_ALIAS
0x006A90D4,0x006A9060,"mov dword ptr [esp + 0x30], 0",0,stack slot (esp+0x30),REJECTED_ALIAS
0x006A95A3,0x006A9540,"mov dword ptr [esi + 0x30], ebx",ebx,unknown,POSSIBLE_ALIAS
0x006A9E20,0x006A9DE0,"mov dword ptr [esp + 0x30], ebx",ebx,stack slot (esp+0x30),REJECTED_ALIAS
0x006AAB2E,0x006AAAD0,"mov dword ptr [esp + 0x30], edi",edi,stack slot (esp+0x30),REJECTED_ALIAS
0x006AAB6F,0x006AAAD0,"mov dword ptr [esp + 0x30], eax",eax,stack slot (esp+0x30),REJECTED_ALIAS
0x006AACB1,0x006AAAD0,"mov dword ptr [esp + 0x30], ecx",ecx,stack slot (esp+0x30),REJECTED_ALIAS
0x006AAFBE,0x006AAE00,"mov dword ptr [esp + 0x30], ecx",ecx,stack slot (esp+0x30),REJECTED_ALIAS
0x006ABCC6,0x006ABB50,"mov dword ptr [esp + 0x30], esp",esp,stack slot (esp+0x30),REJECTED_ALIAS
0x006ABEA6,0x006ABB50,"mov dword ptr [esp + 0x30], 1",1,stack slot (esp+0x30),REJECTED_ALIAS
0x006ABEE2,0x006ABB50,"mov dword ptr [esp + 0x30], eax",eax,stack slot (esp+0x30),REJECTED_ALIAS
0x006AC16A,0x006ABB50,"mov dword ptr [esp + 0x30], ecx",ecx,stack slot (esp+0x30),REJECTED_ALIAS
0x006AC541,0x006ABB50,"mov dword ptr [esp + 0x30], edx",edx,stack slot (esp+0x30),REJECTED_ALIAS
0x006AC62D,0x006ABB50,"mov dword ptr [esp + 0x30], eax",eax,stack slot (esp+0x30),REJECTED_ALIAS
0x006AD06B,0x006ACFF0,"mov dword ptr [esp + 0x30], 0xffffffff",0xffffffff,stack slot (esp+0x30),REJECTED_ALIAS
0x006AD137,0x006AD100,"mov dword ptr [esp + 0x30], 0",0,stack slot (esp+0x30),REJECTED_ALIAS
0x006ADC98,0x006ADC80,"mov dword ptr [esp + 0x30], eax",eax,stack slot (esp+0x30),REJECTED_ALIAS
0x006AEA22,0x006AE990,"mov dword ptr [esp + 0x30], 0xffffffff",0xffffffff,stack slot (esp+0x30),REJECTED_ALIAS
0x006AEF70,0x006AEF20,"mov dword ptr [esp + 0x30], ebp",ebp,stack slot (esp+0x30),REJECTED_ALIAS
0x006AFD8C,0x006AFD40,"mov dword ptr [esp + 0x30], ebx",ebx,stack slot (esp+0x30),REJECTED_ALIAS
0x006B1547,0x006B1460,"mov dword ptr [esp + 0x30], edx",edx,stack slot (esp+0x30),REJECTED_ALIAS
0x006B195E,0x006B18C0,"mov dword ptr [esp + 0x30], 0",0,stack slot (esp+0x30),REJECTED_ALIAS
0x006B1CCE,0x006B1C80,"mov dword ptr [esp + 0x30], ebp",ebp,stack slot (esp+0x30),REJECTED_ALIAS
0x006B21AC,0x006B2150,"mov byte ptr [esp + 0x30], 1",1,stack slot (esp+0x30),REJECTED_ALIAS
0x006B226C,0x006B2210,"mov byte ptr [esp + 0x30], 1",1,stack slot (esp+0x30),REJECTED_ALIAS
0x006B25D6,0x006B2460,"mov dword ptr [esp + 0x30], 1",1,stack slot (esp+0x30),REJECTED_ALIAS
0x006B3982,0x006B3950,"mov dword ptr [esp + 0x30], 0",0,stack slot (esp+0x30),REJECTED_ALIAS
0x006B3A6B,0x006B3A10,"mov byte ptr [esp + 0x30], 1",1,stack slot (esp+0x30),REJECTED_ALIAS
0x006B3B26,0x006B3AC0,"mov dword ptr [esp + 0x30], 0xffffffff",0xffffffff,stack slot (esp+0x30),REJECTED_ALIAS
0x006B3BC6,0x006B3B60,"mov dword ptr [esp + 0x30], 0xffffffff",0xffffffff,stack slot (esp+0x30),REJECTED_ALIAS
0x006B3C47,0x006B3C00,"mov dword ptr [esp + 0x30], esp",esp,stack slot (esp+0x30),REJECTED_ALIAS
0x006B3E0B,0x006B3DB0,"mov byte ptr [esp + 0x30], 1",1,stack slot (esp+0x30),REJECTED_ALIAS
0x006B3F70,0x006B3F40,"mov dword ptr [esp + 0x30], eax",eax,stack slot (esp+0x30),REJECTED_ALIAS
0x006B4F5A,0x006B4EE0,"mov byte ptr [esp + 0x30], 1",1,stack slot (esp+0x30),REJECTED_ALIAS
0x006B5ADD,0x006B5A50,"mov dword ptr [eax + 0x30], edx",edx,stack,REJECTED_ALIAS
0x006B6336,0x006B62A0,"mov dword ptr [eax + 0x30], ecx",ecx,stack,REJECTED_ALIAS
0x006B6585,0x006B64D0,"mov dword ptr [eax + 0x30], ecx",ecx,stack,REJECTED_ALIAS
0x006B71E5,0x006B70F0,"mov dword ptr [eax + 0x30], edx",edx,stack,REJECTED_ALIAS
0x006B7397,0x006B7310,"mov dword ptr [esp + 0x30], 0xffffffff",0xffffffff,stack slot (esp+0x30),REJECTED_ALIAS
0x006B7AB7,0x006B79C0,"mov dword ptr [esp + 0x30], 0xffffffff",0xffffffff,stack slot (esp+0x30),REJECTED_ALIAS
0x006B7D47,0x006B7AF0,"mov dword ptr [esp + 0x30], ebp",ebp,stack slot (esp+0x30),REJECTED_ALIAS
0x006B854A,0x006B8450,"mov dword ptr [ecx + 0x30], edx",edx,stack,REJECTED_ALIAS
0x006B86EB,0x006B8680,"mov dword ptr [esp + 0x30], edi",edi,stack slot (esp+0x30),REJECTED_ALIAS
0x006B8754,0x006B8680,"mov dword ptr [esp + 0x30], edi",edi,stack slot (esp+0x30),REJECTED_ALIAS
0x006BA37E,0x006BA270,"mov dword ptr [esp + 0x30], 1",1,stack slot (esp+0x30),REJECTED_ALIAS
0x006BAB8A,0x006BAA20,"mov dword ptr [esp + 0x30], eax",eax,stack slot (esp+0x30),REJECTED_ALIAS
0x006BAED6,0x006BAE70,"mov dword ptr [esp + 0x30], 0xffffffff",0xffffffff,stack slot (esp+0x30),REJECTED_ALIAS
0x006BAF76,0x006BAF10,"mov dword ptr [esp + 0x30], 0xffffffff",0xffffffff,stack slot (esp+0x30),REJECTED_ALIAS
0x006BAFE0,0x006BAFD0,"mov dword ptr [esi + 0x30], eax",eax,"other-class this (vtable 0x00A854E4, .?AVNiStencilProperty@@)",REJECTED_ALIAS
0x006BB184,0x006BB140,"mov dword ptr [esp + 0x30], 1",1,stack slot (esp+0x30),REJECTED_ALIAS
0x006BBA72,0x006BBA30,"mov dword ptr [esp + 0x30], 0",0,stack slot (esp+0x30),REJECTED_ALIAS
0x006BC488,0x006BC350,"mov dword ptr [esp + 0x30], ebx",ebx,stack slot (esp+0x30),REJECTED_ALIAS
0x006BC942,0x006BC8E0,"mov dword ptr [esp + 0x30], eax",eax,stack slot (esp+0x30),REJECTED_ALIAS
0x006BCC48,0x006BC8E0,"mov dword ptr [esp + 0x30], ecx",ecx,stack slot (esp+0x30),REJECTED_ALIAS
0x006BF3FC,0x006BF2E0,"mov dword ptr [esp + 0x30], esi",esi,stack slot (esp+0x30),REJECTED_ALIAS
0x006BF649,0x006BF600,"mov dword ptr [esp + 0x30], ebx",ebx,stack slot (esp+0x30),REJECTED_ALIAS
0x006BF749,0x006BF700,"mov dword ptr [esp + 0x30], ebx",ebx,stack slot (esp+0x30),REJECTED_ALIAS
0x006C095C,0x006C0910,"mov dword ptr [esp + 0x30], ebx",ebx,stack slot (esp+0x30),REJECTED_ALIAS
0x006C1AC5,0x006C1A90,"mov dword ptr [esp + 0x30], eax",eax,stack slot (esp+0x30),REJECTED_ALIAS
0x006C1AE6,0x006C1A90,"mov dword ptr [esp + 0x30], ebx",ebx,stack slot (esp+0x30),REJECTED_ALIAS
0x006C2B0B,0x006C2AB0,"mov byte ptr [esp + 0x30], 1",1,stack slot (esp+0x30),REJECTED_ALIAS
0x006C2DCA,0x006C2D40,"mov dword ptr [esp + 0x30], 0",0,stack slot (esp+0x30),REJECTED_ALIAS
0x006C38E3,0x006C3870,"mov dword ptr [esp + 0x30], ecx",ecx,stack slot (esp+0x30),REJECTED_ALIAS
0x006C3ADB,0x006C3A50,"mov dword ptr [esp + 0x30], 0xffffffff",0xffffffff,stack slot (esp+0x30),REJECTED_ALIAS
0x006C3C7C,0x006C3C20,"mov dword ptr [esp + 0x30], 0xffffffff",0xffffffff,stack slot (esp+0x30),REJECTED_ALIAS
0x006C3D0C,0x006C3CB0,"mov dword ptr [esp + 0x30], 0xffffffff",0xffffffff,stack slot (esp+0x30),REJECTED_ALIAS
0x006C4C9A,0x006C4C40,"mov dword ptr [esi + 0x30], edx",edx,unknown,POSSIBLE_ALIAS
0x006C4E32,0x006C4C40,"mov dword ptr [esi + 0x30], edx",edx,unknown,POSSIBLE_ALIAS
0x006C4FD6,0x006C4F70,"mov dword ptr [esp + 0x30], 0xffffffff",0xffffffff,stack slot (esp+0x30),REJECTED_ALIAS
0x006C5076,0x006C5010,"mov dword ptr [esp + 0x30], 0xffffffff",0xffffffff,stack slot (esp+0x30),REJECTED_ALIAS
0x006C51AF,0x006C5150,"mov dword ptr [esi + 0x30], ecx",ecx,unknown,POSSIBLE_ALIAS
0x006C61AD,0x006C6040,"mov dword ptr [esp + 0x30], ebx",ebx,stack slot (esp+0x30),REJECTED_ALIAS
0x006C63B5,0x006C6040,"mov dword ptr [esp + 0x30], ebx",ebx,stack slot (esp+0x30),REJECTED_ALIAS
0x006C646C,0x006C6420,"mov byte ptr [esi + 0x30], cl",cl,unknown,POSSIBLE_ALIAS
0x006C65C0,0x006C65A0,"mov byte ptr [esi + 0x30], cl",cl,unknown,POSSIBLE_ALIAS
0x006C6A72,0x006C6A40,"mov dword ptr [esp + 0x30], 0",0,stack slot (esp+0x30),REJECTED_ALIAS
0x006C71E2,0x006C71B0,"mov dword ptr [esp + 0x30], 0",0,stack slot (esp+0x30),REJECTED_ALIAS
0x006C7296,0x006C7230,"mov dword ptr [esp + 0x30], 0xffffffff",0xffffffff,stack slot (esp+0x30),REJECTED_ALIAS
0x006C7317,0x006C72D0,"mov dword ptr [esp + 0x30], esp",esp,stack slot (esp+0x30),REJECTED_ALIAS
0x006C8687,0x006C85D0,"mov byte ptr [esp + 0x30], bl",bl,stack slot (esp+0x30),REJECTED_ALIAS
0x006C885D,0x006C8830,"mov dword ptr [esp + 0x30], ecx",ecx,stack slot (esp+0x30),REJECTED_ALIAS
0x006C8CCC,0x006C8CB0,"mov dword ptr [esp + 0x30], esi",esi,stack slot (esp+0x30),REJECTED_ALIAS
0x006C94EE,0x006C9490,"mov byte ptr [esi + 0x30], dl",dl,unknown,POSSIBLE_ALIAS
0x006C9B99,0x006C9A60,"mov dword ptr [edi + 0x30], eax",eax,unknown,POSSIBLE_ALIAS
0x006C9C65,0x006C9A60,"mov word ptr [esi + 0x30], dx",dx,unknown,POSSIBLE_ALIAS
0x006CA8A2,0x006CA870,"mov dword ptr [esp + 0x30], 0",0,stack slot (esp+0x30),REJECTED_ALIAS
0x006CA9EF,0x006CA980,"mov dword ptr [esp + 0x30], eax",eax,stack slot (esp+0x30),REJECTED_ALIAS
0x006CAAA1,0x006CA980,"mov dword ptr [esp + 0x30], esi",esi,stack slot (esp+0x30),REJECTED_ALIAS
0x006CAACF,0x006CA980,"mov dword ptr [esp + 0x30], esi",esi,stack slot (esp+0x30),REJECTED_ALIAS
0x006CAC67,0x006CAC20,"mov dword ptr [esp + 0x30], esp",esp,stack slot (esp+0x30),REJECTED_ALIAS
0x006CBF9C,0x006CBF50,"mov dword ptr [esp + 0x30], ebx",ebx,stack slot (esp+0x30),REJECTED_ALIAS
0x006CDD37,0x006CDCF0,"mov dword ptr [esp + 0x30], eax",eax,stack slot (esp+0x30),REJECTED_ALIAS
0x006CDE15,0x006CDE10,"mov dword ptr [esp + 0x30], ecx",ecx,stack slot (esp+0x30),REJECTED_ALIAS
0x006CDE99,0x006CDE10,"mov dword ptr [esp + 0x30], ecx",ecx,stack slot (esp+0x30),REJECTED_ALIAS
0x006CE07E,0x006CDE10,"mov dword ptr [esp + 0x30], ecx",ecx,stack slot (esp+0x30),REJECTED_ALIAS
0x006CE22B,0x006CDE10,"mov dword ptr [esp + 0x30], edi",edi,stack slot (esp+0x30),REJECTED_ALIAS
0x006CE271,0x006CDE10,"mov dword ptr [esp + 0x30], edi",edi,stack slot (esp+0x30),REJECTED_ALIAS
0x006CE48B,0x006CE430,"mov byte ptr [esp + 0x30], dl",dl,stack slot (esp+0x30),REJECTED_ALIAS
0x006CF6C2,0x006CF5D0,"mov dword ptr [esp + 0x30], edi",edi,stack slot (esp+0x30),REJECTED_ALIAS
0x006CF824,0x006CF5D0,"mov dword ptr [eax + 0x30], edx",edx,unknown,POSSIBLE_ALIAS
0x006CFE74,0x006CF5D0,"mov dword ptr [esp + 0x30], ebp",ebp,stack slot (esp+0x30),REJECTED_ALIAS
0x006D0F22,0x006D0ED0,"mov dword ptr [esp + 0x30], ecx",ecx,stack slot (esp+0x30),REJECTED_ALIAS
0x006D28F2,0x006D2790,"mov dword ptr [esp + 0x30], eax",eax,stack slot (esp+0x30),REJECTED_ALIAS
0x006D3444,0x006D33F0,"mov dword ptr [esp + 0x30], eax",eax,stack slot (esp+0x30),REJECTED_ALIAS
0x006D3B60,0x006D3AF0,"mov dword ptr [esp + 0x30], edi",edi,stack slot (esp+0x30),REJECTED_ALIAS
0x006D4F5F,0x006D4F50,"mov dword ptr [eax + 0x30], ecx",ecx,unknown,POSSIBLE_ALIAS
0x006D5E87,0x006D5E60,"mov dword ptr [esp + 0x30], ecx",ecx,stack slot (esp+0x30),REJECTED_ALIAS
0x006D64C8,0x006D5FC0,"mov dword ptr [esp + 0x30], eax",eax,stack slot (esp+0x30),REJECTED_ALIAS
0x006D6637,0x006D64E0,"sub dword ptr [esp + 0x30], 1",1,stack slot (esp+0x30),REJECTED_ALIAS
0x006D6BAC,0x006D6A90,"mov dword ptr [esi + 0x30], eax",eax,unknown,POSSIBLE_ALIAS
0x006D7AD5,0x006D7A90,"mov dword ptr [esp + 0x30], ecx",ecx,stack slot (esp+0x30),REJECTED_ALIAS
0x006D8D32,0x006D8C30,"mov dword ptr [esp + 0x30], esi",esi,stack slot (esp+0x30),REJECTED_ALIAS
0x006DDCB3,0x006DDC30,"mov dword ptr [esp + 0x30], eax",eax,stack slot (esp+0x30),REJECTED_ALIAS
0x006DDCE1,0x006DDC30,"mov dword ptr [esp + 0x30], esi",esi,stack slot (esp+0x30),REJECTED_ALIAS
0x006DE8F2,0x006DE8A0,"mov dword ptr [eax + 0x30], edx",edx,unknown,POSSIBLE_ALIAS
0x006DF982,0x006DF970,"mov dword ptr [esp + 0x30], ecx",ecx,stack slot (esp+0x30),REJECTED_ALIAS
0x006DF9C9,0x006DF970,"mov dword ptr [esp + 0x30], ecx",ecx,stack slot (esp+0x30),REJECTED_ALIAS
0x006DFE5F,0x006DFB10,"mov dword ptr [esp + 0x30], ecx",ecx,stack slot (esp+0x30),REJECTED_ALIAS
0x006E02DF,0x006E0230,"mov dword ptr [esp + 0x30], esi",esi,stack slot (esp+0x30),REJECTED_ALIAS
0x006E087A,0x006E07D0,"mov byte ptr [esp + 0x30], 1",1,stack slot (esp+0x30),REJECTED_ALIAS
0x006E08A5,0x006E07D0,"mov byte ptr [esp + 0x30], 0",0,stack slot (esp+0x30),REJECTED_ALIAS
0x006E08C6,0x006E07D0,"mov dword ptr [esp + 0x30], eax",eax,stack slot (esp+0x30),REJECTED_ALIAS
0x006E0942,0x006E07D0,"mov byte ptr [esp + 0x30], 3",3,stack slot (esp+0x30),REJECTED_ALIAS
0x006E096D,0x006E07D0,"mov byte ptr [esp + 0x30], bl",bl,stack slot (esp+0x30),REJECTED_ALIAS
0x006E098D,0x006E07D0,"mov dword ptr [esp + 0x30], eax",eax,stack slot (esp+0x30),REJECTED_ALIAS
0x006E0A66,0x006E0A00,"mov dword ptr [esp + 0x30], 0xffffffff",0xffffffff,stack slot (esp+0x30),REJECTED_ALIAS
0x006E0CFB,0x006E0CA0,"mov dword ptr [esi + 0x30], 0",0,unknown,POSSIBLE_ALIAS
0x006E1101,0x006E0F40,"mov dword ptr [esp + 0x30], ecx",ecx,stack slot (esp+0x30),REJECTED_ALIAS
0x006E19AF,0x006E1980,"mov dword ptr [eax + 0x30], edx",edx,unknown,POSSIBLE_ALIAS
0x006E1A57,0x006E1A50,"mov dword ptr [esi + 0x30], eax",eax,unknown,POSSIBLE_ALIAS
0x006E22FA,0x006E21F0,"mov dword ptr [esp + 0x30], esi",esi,stack slot (esp+0x30),REJECTED_ALIAS
0x006E2473,0x006E23B0,"mov dword ptr [esp + 0x30], edx",edx,stack slot (esp+0x30),REJECTED_ALIAS
0x006E2B34,0x006E29A0,"mov dword ptr [esp + 0x30], edi",edi,stack slot (esp+0x30),REJECTED_ALIAS
0x006E2BD1,0x006E2BB0,"mov dword ptr [esp + 0x30], eax",eax,stack slot (esp+0x30),REJECTED_ALIAS
0x006E3270,0x006E3220,"mov dword ptr [esi + 0x30], eax",eax,"other-class this (vtable 0x00A85CF4, .?AV?$ArkShaderParameter@VMaVector@@@@)",REJECTED_ALIAS
0x006E357C,0x006E3530,"mov dword ptr [esi + 0x30], ecx",ecx,"other-class this (vtable 0x00A85D1C, .?AV?$ArkShaderParameter@UD3DXVECTOR4@@@@)",REJECTED_ALIAS
0x006E42A4,0x006E4260,"mov dword ptr [eax + 0x30], ecx",ecx,unknown,POSSIBLE_ALIAS
0x006E4404,0x006E43C0,"mov dword ptr [eax + 0x30], edx",edx,unknown,POSSIBLE_ALIAS
0x006E48A4,0x006E4850,"mov byte ptr [esp + 0x30], 1",1,stack slot (esp+0x30),REJECTED_ALIAS
0x006E49B5,0x006E4910,"mov dword ptr [esp + 0x30], edi",edi,stack slot (esp+0x30),REJECTED_ALIAS
0x006E49EE,0x006E4910,"mov byte ptr [esp + 0x30], bl",bl,stack slot (esp+0x30),REJECTED_ALIAS
0x006E4A39,0x006E4910,"mov byte ptr [esp + 0x30], bl",bl,stack slot (esp+0x30),REJECTED_ALIAS
0x006E4AF2,0x006E4910,"mov byte ptr [esp + 0x30], bl",bl,stack slot (esp+0x30),REJECTED_ALIAS
0x006E4CDC,0x006E4C60,"mov dword ptr [esp + 0x30], 0xffffffff",0xffffffff,stack slot (esp+0x30),REJECTED_ALIAS
0x006E511E,0x006E5030,"mov dword ptr [esp + 0x30], 0",0,stack slot (esp+0x30),REJECTED_ALIAS
0x006E51DB,0x006E5190,"mov dword ptr [esp + 0x30], edi",edi,stack slot (esp+0x30),REJECTED_ALIAS
0x006E6410,0x006E63C0,"mov dword ptr [esp + 0x30], 0",0,stack slot (esp+0x30),REJECTED_ALIAS
0x006E6446,0x006E63C0,"mov dword ptr [esp + 0x30], 0xffffffff",0xffffffff,stack slot (esp+0x30),REJECTED_ALIAS
0x006E6FE9,0x006E6FC0,"mov dword ptr [eax + 0x30], ecx",ecx,unknown,POSSIBLE_ALIAS
0x006E703E,0x006E7010,"mov dword ptr [eax + 0x30], esi",esi,unknown,POSSIBLE_ALIAS
0x006E832C,0x006E82F0,"mov dword ptr [esp + 0x30], ebp",ebp,stack slot (esp+0x30),REJECTED_ALIAS
0x006E89AB,0x006E8930,"mov byte ptr [esp + 0x30], bl",bl,stack slot (esp+0x30),REJECTED_ALIAS
0x006E89FC,0x006E8930,"mov byte ptr [esp + 0x30], 2",2,stack slot (esp+0x30),REJECTED_ALIAS
0x006E9B82,0x006E9B50,"mov dword ptr [esp + 0x30], 0",0,stack slot (esp+0x30),REJECTED_ALIAS
0x006E9D1D,0x006E9BE0,"mov dword ptr [esi + 0x30], edx",edx,unknown,POSSIBLE_ALIAS
0x006E9F7A,0x006E9EF0,"mov dword ptr [esi + 0x30], edx",edx,unknown,POSSIBLE_ALIAS
0x006EC72D,0x006EC6A0,"mov dword ptr [esp + 0x30], 0",0,stack slot (esp+0x30),REJECTED_ALIAS
0x006ED68F,0x006ED620,"mov dword ptr [esp + 0x30], esp",esp,stack slot (esp+0x30),REJECTED_ALIAS
0x006EE9DA,0x006EE950,"mov byte ptr [esp + 0x30], bl",bl,stack slot (esp+0x30),REJECTED_ALIAS
0x006EF641,0x006EF4F0,"mov dword ptr [esp + 0x30], ebx",ebx,stack slot (esp+0x30),REJECTED_ALIAS
0x006F0740,0x006F06C0,"mov dword ptr [esp + 0x30], 0",0,stack slot (esp+0x30),REJECTED_ALIAS
0x006F0BE7,0x006F0B90,"mov byte ptr [esp + 0x30], 1",1,stack slot (esp+0x30),REJECTED_ALIAS
0x006F15FF,0x006F15A0,"mov dword ptr [esp + 0x30], edx",edx,stack slot (esp+0x30),REJECTED_ALIAS
0x006F18B1,0x006F1860,"mov dword ptr [esi + 0x30], ecx",ecx,unknown,POSSIBLE_ALIAS
0x006F2168,0x006F2110,"mov dword ptr [esp + 0x30], 0",0,stack slot (esp+0x30),REJECTED_ALIAS
0x006F22E9,0x006F2280,"mov dword ptr [edi + 0x30], ecx",ecx,unknown,POSSIBLE_ALIAS
0x006F2903,0x006F28D0,"mov dword ptr [esi + 0x30], eax",eax,"other-class this (vtable 0x00A85CF4, .?AV?$ArkShaderParameter@VMaVector@@@@)",REJECTED_ALIAS
0x006F2CF0,0x006F2C70,"mov dword ptr [esp + 0x30], 0",0,stack slot (esp+0x30),REJECTED_ALIAS
0x006F5240,0x006F51C0,"mov dword ptr [esp + 0x30], 0",0,stack slot (esp+0x30),REJECTED_ALIAS
0x006F5CEB,0x006F5C60,"mov dword ptr [esp + 0x30], 0",0,stack slot (esp+0x30),REJECTED_ALIAS
0x006F66D0,0x006F6650,"mov dword ptr [esp + 0x30], 0",0,stack slot (esp+0x30),REJECTED_ALIAS
0x006FA904,0x006FA8D0,"mov dword ptr [esp + 0x30], 0",0,stack slot (esp+0x30),REJECTED_ALIAS
0x006FA93D,0x006FA8D0,"mov byte ptr [esp + 0x30], 1",1,stack slot (esp+0x30),REJECTED_ALIAS
0x006FBDFE,0x006FBDB0,"mov dword ptr [ebx + 0x30], eax",eax,"other-class this (vtable 0x00A865F4, .?AVArkAnimationRotation@@)",REJECTED_ALIAS
0x006FBE3D,0x006FBDB0,"mov dword ptr [ebx + 0x30], ecx",ecx,"other-class this (vtable 0x00A865F4, .?AVArkAnimationRotation@@)",REJECTED_ALIAS
0x006FBE5D,0x006FBDB0,"mov dword ptr [ebx + 0x30], edx",edx,"other-class this (vtable 0x00A865F4, .?AVArkAnimationRotation@@)",REJECTED_ALIAS
0x006FBFE6,0x006FBF90,"mov dword ptr [esi + 0x30], ecx",ecx,"other-class this (vtable 0x00A86608, .?AVArkAnimationIntensity@@)",REJECTED_ALIAS
0x006FBFF7,0x006FBF90,"mov dword ptr [esi + 0x30], ecx",ecx,"other-class this (vtable 0x00A86608, .?AVArkAnimationIntensity@@)",REJECTED_ALIAS
0x006FC008,0x006FBF90,"mov dword ptr [esi + 0x30], ecx",ecx,"other-class this (vtable 0x00A86608, .?AVArkAnimationIntensity@@)",REJECTED_ALIAS
0x006FC019,0x006FBF90,"mov dword ptr [esi + 0x30], ecx",ecx,"other-class this (vtable 0x00A86608, .?AVArkAnimationIntensity@@)",REJECTED_ALIAS
0x006FC1A5,0x006FC040,"mov dword ptr [eax + 0x30], edi",edi,unknown,POSSIBLE_ALIAS
0x006FC375,0x006FC200,"mov dword ptr [edx + 0x30], ebx",ebx,unknown,POSSIBLE_ALIAS
0x006FCFCC,0x006FCEF0,"mov dword ptr [ebx + 0x30], eax",eax,unknown,POSSIBLE_ALIAS
0x006FDDB8,0x006FDD90,"mov byte ptr [ecx + 0x30], dl",dl,unknown,POSSIBLE_ALIAS
0x006FDEE4,0x006FDE90,"mov dword ptr [esp + 0x30], eax",eax,stack slot (esp+0x30),REJECTED_ALIAS
0x006FE1E6,0x006FE190,"mov dword ptr [esi + 0x30], ebx",ebx,unknown,POSSIBLE_ALIAS
0x00703F85,0x00703F10,"mov dword ptr [esp + 0x30], 0",0,stack slot (esp+0x30),REJECTED_ALIAS
0x00704660,0x00704550,"mov dword ptr [esp + 0x30], 0xffffffff",0xffffffff,stack slot (esp+0x30),REJECTED_ALIAS
0x0070480A,0x00704760,"mov dword ptr [esp + 0x30], eax",eax,stack slot (esp+0x30),REJECTED_ALIAS
0x00704DB6,0x00704D50,"mov dword ptr [esp + 0x30], 0xffffffff",0xffffffff,stack slot (esp+0x30),REJECTED_ALIAS
0x00705750,0x007056D0,"mov dword ptr [esp + 0x30], 0",0,stack slot (esp+0x30),REJECTED_ALIAS
0x00705EC3,0x00705E70,"mov dword ptr [esp + 0x30], ebp",ebp,stack slot (esp+0x30),REJECTED_ALIAS
0x007062C1,0x00706290,"mov dword ptr [esp + 0x30], ebx",ebx,stack slot (esp+0x30),REJECTED_ALIAS
0x00706D4B,0x00706AC0,"mov dword ptr [esp + 0x30], ebx",ebx,stack slot (esp+0x30),REJECTED_ALIAS
0x00706FD3,0x00706AC0,"mov dword ptr [esp + 0x30], ebx",ebx,stack slot (esp+0x30),REJECTED_ALIAS
0x0070730C,0x00707070,"mov dword ptr [esp + 0x30], eax",eax,stack slot (esp+0x30),REJECTED_ALIAS
0x0070782C,0x007077C0,"mov dword ptr [esp + 0x30], ebx",ebx,stack slot (esp+0x30),REJECTED_ALIAS
0x00707B87,0x00707960,"mov dword ptr [esp + 0x30], ebx",ebx,stack slot (esp+0x30),REJECTED_ALIAS
0x00708025,0x00707FB0,"mov dword ptr [esp + 0x30], edi",edi,stack slot (esp+0x30),REJECTED_ALIAS
0x0070822F,0x00708130,"mov dword ptr [esp + 0x30], ebx",ebx,stack slot (esp+0x30),REJECTED_ALIAS
0x00708A5B,0x00708830,"mov dword ptr [esp + 0x30], ebx",ebx,stack slot (esp+0x30),REJECTED_ALIAS
0x00709143,0x007090E0,"mov dword ptr [esp + 0x30], ecx",ecx,stack slot (esp+0x30),REJECTED_ALIAS
0x00709669,0x00709610,"mov dword ptr [esp + 0x30], 0x8b1",0x8b1,stack slot (esp+0x30),REJECTED_ALIAS
0x00709712,0x00709610,"mov dword ptr [esp + 0x30], 0x8b2",0x8b2,stack slot (esp+0x30),REJECTED_ALIAS
0x007097BB,0x00709610,"mov dword ptr [esp + 0x30], 0x8b3",0x8b3,stack slot (esp+0x30),REJECTED_ALIAS
0x0070985D,0x00709610,"mov dword ptr [esp + 0x30], 0x8b4",0x8b4,stack slot (esp+0x30),REJECTED_ALIAS
0x00709903,0x00709610,"mov dword ptr [esp + 0x30], 0x8b5",0x8b5,stack slot (esp+0x30),REJECTED_ALIAS
0x007099AD,0x00709610,"mov dword ptr [esp + 0x30], 0xfb6",0xfb6,stack slot (esp+0x30),REJECTED_ALIAS
0x00709A2A,0x00709610,"mov dword ptr [esp + 0x30], 0xfb7",0xfb7,stack slot (esp+0x30),REJECTED_ALIAS
0x00709B01,0x00709610,"mov dword ptr [esp + 0x30], 0xfb8",0xfb8,stack slot (esp+0x30),REJECTED_ALIAS
0x00709B8A,0x00709610,"mov dword ptr [esp + 0x30], 0xfb9",0xfb9,stack slot (esp+0x30),REJECTED_ALIAS
0x00709C55,0x00709610,"mov dword ptr [esp + 0x30], 0xfba",0xfba,stack slot (esp+0x30),REJECTED_ALIAS
0x00709CE8,0x00709610,"mov dword ptr [esp + 0x30], 0xfbb",0xfbb,stack slot (esp+0x30),REJECTED_ALIAS
0x00709DA9,0x00709610,"mov dword ptr [esp + 0x30], 0x8b6",0x8b6,stack slot (esp+0x30),REJECTED_ALIAS
0x00709E44,0x00709610,"mov dword ptr [esp + 0x30], 0x8b7",0x8b7,stack slot (esp+0x30),REJECTED_ALIAS
0x00709EFD,0x00709610,"mov dword ptr [esp + 0x30], 0x8b8",0x8b8,stack slot (esp+0x30),REJECTED_ALIAS
0x00709FA7,0x00709610,"mov dword ptr [esp + 0x30], 0x8b9",0x8b9,stack slot (esp+0x30),REJECTED_ALIAS
0x0070A04D,0x00709610,"mov dword ptr [esp + 0x30], 0x8ba",0x8ba,stack slot (esp+0x30),REJECTED_ALIAS
0x0070A0F7,0x00709610,"mov dword ptr [esp + 0x30], 0x8bb",0x8bb,stack slot (esp+0x30),REJECTED_ALIAS
0x0070A19D,0x00709610,"mov dword ptr [esp + 0x30], 0x8bc",0x8bc,stack slot (esp+0x30),REJECTED_ALIAS
0x0070A247,0x00709610,"mov dword ptr [esp + 0x30], 0x8bd",0x8bd,stack slot (esp+0x30),REJECTED_ALIAS
0x0070A2FD,0x00709610,"mov dword ptr [esp + 0x30], 0x8be",0x8be,stack slot (esp+0x30),REJECTED_ALIAS
0x0070A3AA,0x00709610,"mov dword ptr [esp + 0x30], 0x8bf",0x8bf,stack slot (esp+0x30),REJECTED_ALIAS
0x0070A45C,0x00709610,"mov dword ptr [esp + 0x30], 0xfdd",0xfdd,stack slot (esp+0x30),REJECTED_ALIAS
0x0070A513,0x00709610,"mov dword ptr [esp + 0x30], 0x8c9",0x8c9,stack slot (esp+0x30),REJECTED_ALIAS
0x0070A596,0x00709610,"mov dword ptr [esp + 0x30], 0x8c0",0x8c0,stack slot (esp+0x30),REJECTED_ALIAS
0x0070A670,0x00709610,"mov dword ptr [esp + 0x30], 0x8c1",0x8c1,stack slot (esp+0x30),REJECTED_ALIAS
0x0070A6FD,0x00709610,"mov dword ptr [esp + 0x30], 0x8c3",0x8c3,stack slot (esp+0x30),REJECTED_ALIAS
0x0070A7D4,0x00709610,"mov dword ptr [esp + 0x30], 0x8c4",0x8c4,stack slot (esp+0x30),REJECTED_ALIAS
0x0070A86F,0x00709610,"mov dword ptr [esp + 0x30], 0x8c5",0x8c5,stack slot (esp+0x30),REJECTED_ALIAS
0x0070A938,0x00709610,"mov dword ptr [esp + 0x30], 0x8c6",0x8c6,stack slot (esp+0x30),REJECTED_ALIAS
0x0070A9DB,0x00709610,"mov dword ptr [esp + 0x30], 0x8c7",0x8c7,stack slot (esp+0x30),REJECTED_ALIAS
0x0070AA9D,0x00709610,"mov dword ptr [esp + 0x30], 0x8c8",0x8c8,stack slot (esp+0x30),REJECTED_ALIAS
0x0070AB47,0x00709610,"mov dword ptr [esp + 0x30], 0x8c2",0x8c2,stack slot (esp+0x30),REJECTED_ALIAS
0x0070BE6D,0x0070BDE0,"mov dword ptr [esp + 0x30], ecx",ecx,stack slot (esp+0x30),REJECTED_ALIAS
0x0070C396,0x0070C2F0,"mov dword ptr [esp + 0x30], 0xffffffff",0xffffffff,stack slot (esp+0x30),REJECTED_ALIAS
0x0070DA5A,0x0070D990,"mov dword ptr [ebx + 0x30], 0x1f00",0x1f00,unknown,POSSIBLE_ALIAS
0x0070F495,0x0070F460,"mov dword ptr [esp + 0x30], 0",0,stack slot (esp+0x30),REJECTED_ALIAS
0x0070F669,0x0070F630,"mov dword ptr [esp + 0x30], 0",0,stack slot (esp+0x30),REJECTED_ALIAS
0x0070F7B7,0x0070F6C0,"mov dword ptr [esp + 0x30], 0xffffffff",0xffffffff,stack slot (esp+0x30),REJECTED_ALIAS
0x00713B63,0x00713AF0,"mov dword ptr [esp + 0x30], 0",0,stack slot (esp+0x30),REJECTED_ALIAS
0x00717DFC,0x00717D70,"mov dword ptr [esp + 0x30], 0",0,stack slot (esp+0x30),REJECTED_ALIAS
0x00717E91,0x00717E30,"mov dword ptr [esi + 0x30], ecx",ecx,unknown,POSSIBLE_ALIAS
0x0071811E,0x007180E0,"mov dword ptr [esi + 0x30], edx",edx,unknown,POSSIBLE_ALIAS
0x007181B9,0x00718160,"mov dword ptr [edi + 0x30], ecx",ecx,unknown,POSSIBLE_ALIAS
0x007182D2,0x00718280,"mov dword ptr [edi + 0x30], ecx",ecx,unknown,POSSIBLE_ALIAS
0x0071A4FC,0x0071A4D0,"mov dword ptr [esp + 0x30], 0xffffffff",0xffffffff,stack slot (esp+0x30),REJECTED_ALIAS
0x0071ACF9,0x0071AC10,"mov dword ptr [esp + 0x30], edx",edx,stack slot (esp+0x30),REJECTED_ALIAS
0x0071AE6C,0x0071AD90,"mov dword ptr [edi + 0x30], 6",6,unknown,POSSIBLE_ALIAS
0x00726A4B,0x00726900,"or dword ptr [ebp + 0x30], edx",edx,unknown (ebp repurposed),POSSIBLE_ALIAS
0x00726A50,0x00726900,"or dword ptr [ebp + 0x30], eax",eax,unknown (ebp repurposed),POSSIBLE_ALIAS
0x00726EC6,0x00726E70,"mov dword ptr [esi + 0x30], edi",edi,"other-class this (vtable 0x00A86B48, .?AVArkObject@@)",REJECTED_ALIAS
0x00728634,0x00728600,"mov dword ptr [esp + 0x30], ebx",ebx,stack slot (esp+0x30),REJECTED_ALIAS
0x007286FD,0x00728600,"mov dword ptr [esp + 0x30], eax",eax,stack slot (esp+0x30),REJECTED_ALIAS
0x0072A54F,0x0072A4C0,"mov dword ptr [esp + 0x30], 0xffffffff",0xffffffff,stack slot (esp+0x30),REJECTED_ALIAS
0x0072E8FC,0x0072E7A0,"mov dword ptr [esp + 0x30], eax",eax,stack slot (esp+0x30),REJECTED_ALIAS
0x0072E9B7,0x0072E970,"mov dword ptr [esp + 0x30], ecx",ecx,stack slot (esp+0x30),REJECTED_ALIAS
0x0072EACB,0x0072EA50,"mov dword ptr [esp + 0x30], edx",edx,stack slot (esp+0x30),REJECTED_ALIAS
0x0072FB38,0x0072FA30,"mov dword ptr [esp + 0x30], edi",edi,stack slot (esp+0x30),REJECTED_ALIAS
0x0072FF12,0x0072FEE0,"mov dword ptr [esp + 0x30], 0",0,stack slot (esp+0x30),REJECTED_ALIAS
0x0072FFA7,0x0072FF60,"mov dword ptr [esp + 0x30], esp",esp,stack slot (esp+0x30),REJECTED_ALIAS
0x007321C0,0x00732140,"mov dword ptr [esp + 0x30], 0",0,stack slot (esp+0x30),REJECTED_ALIAS
0x00733313,0x007332C0,"mov dword ptr [eax + 0x30], edx",edx,unknown,POSSIBLE_ALIAS
0x00733387,0x00733350,"mov dword ptr [esi + 0x30], ecx",ecx,unknown,POSSIBLE_ALIAS
0x00733504,0x00733490,"mov dword ptr [esp + 0x30], ebx",ebx,stack slot (esp+0x30),REJECTED_ALIAS
0x00733535,0x00733490,"mov dword ptr [esp + 0x30], 0xffffffff",0xffffffff,stack slot (esp+0x30),REJECTED_ALIAS
0x00735555,0x007354F0,"mov dword ptr [esi + 0x30], ebx",ebx,unknown,POSSIBLE_ALIAS
0x00735FF2,0x00735F60,"mov dword ptr [esi + 0x30], 0x10",0x10,unknown,POSSIBLE_ALIAS
0x00736F5F,0x00736B90,"mov dword ptr [ebp + 0x30], eax",eax,unknown (ebp repurposed),POSSIBLE_ALIAS
0x00736F69,0x00736B90,"mov dword ptr [ebp + 0x30], 0",0,unknown (ebp repurposed),POSSIBLE_ALIAS
0x00738B0C,0x00738AC0,"mov dword ptr [esp + 0x30], ebx",ebx,stack slot (esp+0x30),REJECTED_ALIAS
0x00738CF6,0x00738C80,"mov dword ptr [esp + 0x30], eax",eax,stack slot (esp+0x30),REJECTED_ALIAS
0x00739294,0x00739230,"mov dword ptr [esp + 0x30], eax",eax,stack slot (esp+0x30),REJECTED_ALIAS
0x00739522,0x00739480,"mov dword ptr [esp + 0x30], eax",eax,stack slot (esp+0x30),REJECTED_ALIAS
0x00739979,0x00739910,"mov dword ptr [esp + 0x30], eax",eax,stack slot (esp+0x30),REJECTED_ALIAS
0x00739BD6,0x00739B10,"mov byte ptr [esp + 0x30], 3",3,stack slot (esp+0x30),REJECTED_ALIAS
0x00739CE6,0x00739C80,"mov byte ptr [esp + 0x30], 3",3,stack slot (esp+0x30),REJECTED_ALIAS
0x00739DF6,0x00739D90,"mov byte ptr [esp + 0x30], 3",3,stack slot (esp+0x30),REJECTED_ALIAS
0x00739F06,0x00739EA0,"mov byte ptr [esp + 0x30], 3",3,stack slot (esp+0x30),REJECTED_ALIAS
0x0073A016,0x00739FB0,"mov byte ptr [esp + 0x30], 3",3,stack slot (esp+0x30),REJECTED_ALIAS
0x0073A126,0x0073A0C0,"mov byte ptr [esp + 0x30], 3",3,stack slot (esp+0x30),REJECTED_ALIAS
0x0073A236,0x0073A1D0,"mov byte ptr [esp + 0x30], 3",3,stack slot (esp+0x30),REJECTED_ALIAS
0x0073A346,0x0073A2E0,"mov byte ptr [esp + 0x30], 3",3,stack slot (esp+0x30),REJECTED_ALIAS
0x0073A456,0x0073A3F0,"mov byte ptr [esp + 0x30], 3",3,stack slot (esp+0x30),REJECTED_ALIAS
0x0073A566,0x0073A500,"mov byte ptr [esp + 0x30], 3",3,stack slot (esp+0x30),REJECTED_ALIAS
0x0073A676,0x0073A610,"mov byte ptr [esp + 0x30], 3",3,stack slot (esp+0x30),REJECTED_ALIAS
0x0073A786,0x0073A720,"mov byte ptr [esp + 0x30], 3",3,stack slot (esp+0x30),REJECTED_ALIAS
0x0073A896,0x0073A830,"mov byte ptr [esp + 0x30], 3",3,stack slot (esp+0x30),REJECTED_ALIAS
0x0073A9A6,0x0073A940,"mov byte ptr [esp + 0x30], 3",3,stack slot (esp+0x30),REJECTED_ALIAS
0x0073AAB6,0x0073AA50,"mov byte ptr [esp + 0x30], 3",3,stack slot (esp+0x30),REJECTED_ALIAS
0x0073ABC6,0x0073AB60,"mov byte ptr [esp + 0x30], 3",3,stack slot (esp+0x30),REJECTED_ALIAS
0x0073ACD6,0x0073AC70,"mov byte ptr [esp + 0x30], 3",3,stack slot (esp+0x30),REJECTED_ALIAS
0x0073ADE6,0x0073AD80,"mov byte ptr [esp + 0x30], 3",3,stack slot (esp+0x30),REJECTED_ALIAS
0x0073AEF6,0x0073AE90,"mov byte ptr [esp + 0x30], 3",3,stack slot (esp+0x30),REJECTED_ALIAS
0x0073B006,0x0073AFA0,"mov byte ptr [esp + 0x30], 3",3,stack slot (esp+0x30),REJECTED_ALIAS
0x0073B116,0x0073B0B0,"mov byte ptr [esp + 0x30], 3",3,stack slot (esp+0x30),REJECTED_ALIAS
0x0073B226,0x0073B1C0,"mov byte ptr [esp + 0x30], 3",3,stack slot (esp+0x30),REJECTED_ALIAS
0x0073B336,0x0073B2D0,"mov byte ptr [esp + 0x30], 3",3,stack slot (esp+0x30),REJECTED_ALIAS
0x0073B446,0x0073B3E0,"mov byte ptr [esp + 0x30], 3",3,stack slot (esp+0x30),REJECTED_ALIAS
0x0073B556,0x0073B4F0,"mov byte ptr [esp + 0x30], 3",3,stack slot (esp+0x30),REJECTED_ALIAS
0x0073B666,0x0073B600,"mov byte ptr [esp + 0x30], 3",3,stack slot (esp+0x30),REJECTED_ALIAS
0x0073B776,0x0073B710,"mov byte ptr [esp + 0x30], 3",3,stack slot (esp+0x30),REJECTED_ALIAS
0x0073B886,0x0073B820,"mov byte ptr [esp + 0x30], 3",3,stack slot (esp+0x30),REJECTED_ALIAS
0x0073B996,0x0073B930,"mov byte ptr [esp + 0x30], 3",3,stack slot (esp+0x30),REJECTED_ALIAS
0x0073BAA6,0x0073BA40,"mov byte ptr [esp + 0x30], 3",3,stack slot (esp+0x30),REJECTED_ALIAS
0x0073BBB6,0x0073BB50,"mov byte ptr [esp + 0x30], 3",3,stack slot (esp+0x30),REJECTED_ALIAS
0x0073BCC6,0x0073BC60,"mov byte ptr [esp + 0x30], 3",3,stack slot (esp+0x30),REJECTED_ALIAS
0x0073BDD6,0x0073BD70,"mov byte ptr [esp + 0x30], 3",3,stack slot (esp+0x30),REJECTED_ALIAS
0x0073BEE6,0x0073BE80,"mov byte ptr [esp + 0x30], 3",3,stack slot (esp+0x30),REJECTED_ALIAS
0x0073BFF6,0x0073BF90,"mov byte ptr [esp + 0x30], 3",3,stack slot (esp+0x30),REJECTED_ALIAS
0x0073C106,0x0073C0A0,"mov byte ptr [esp + 0x30], 3",3,stack slot (esp+0x30),REJECTED_ALIAS
0x00740E4D,0x00740D70,"mov dword ptr [esp + 0x30], 0xffffffff",0xffffffff,stack slot (esp+0x30),REJECTED_ALIAS
0x00741221,0x007411D0,"mov dword ptr [esp + 0x30], 0",0,stack slot (esp+0x30),REJECTED_ALIAS
0x00741783,0x007416F0,"mov dword ptr [esp + 0x30], 0xffffffff",0xffffffff,stack slot (esp+0x30),REJECTED_ALIAS
0x00741CBA,0x00741C30,"mov dword ptr [esp + 0x30], 0",0,stack slot (esp+0x30),REJECTED_ALIAS
0x007470BB,0x00747030,"mov dword ptr [esp + 0x30], 0",0,stack slot (esp+0x30),REJECTED_ALIAS
0x00747F74,0x00747EA0,"mov dword ptr [esp + 0x30], 1",1,stack slot (esp+0x30),REJECTED_ALIAS
0x007480D3,0x00747FE0,"mov word ptr [esp + 0x30], ax",ax,stack slot (esp+0x30),REJECTED_ALIAS
0x007480E0,0x00747FE0,"mov dword ptr [esp + 0x30], eax",eax,stack slot (esp+0x30),REJECTED_ALIAS
0x00748328,0x00748310,"mov dword ptr [esp + 0x30], eax",eax,stack slot (esp+0x30),REJECTED_ALIAS
0x00748AA5,0x00748A10,"mov dword ptr [esp + 0x30], edi",edi,stack slot (esp+0x30),REJECTED_ALIAS
0x0074B999,0x0074B860,"mov dword ptr [esp + 0x30], ebp",ebp,stack slot (esp+0x30),REJECTED_ALIAS
0x0074C66D,0x0074C640,"mov dword ptr [esi + 0x30], edi",edi,unknown,POSSIBLE_ALIAS
0x0074C881,0x0074C750,"mov dword ptr [edi + 0x30], eax",eax,unknown,POSSIBLE_ALIAS
0x0074C88B,0x0074C750,"mov dword ptr [edi + 0x30], ebx",ebx,unknown,POSSIBLE_ALIAS
0x0074CEF5,0x0074CEA0,"mov dword ptr [esi + 0x30], edi",edi,unknown,POSSIBLE_ALIAS
0x0074D2D2,0x0074D210,"mov dword ptr [edi + 0x30], eax",eax,unknown,POSSIBLE_ALIAS
0x0074D2DC,0x0074D210,"mov dword ptr [edi + 0x30], ebx",ebx,unknown,POSSIBLE_ALIAS
0x0074D43E,0x0074D210,"mov dword ptr [esp + 0x30], 0xffffffff",0xffffffff,stack slot (esp+0x30),REJECTED_ALIAS
0x0074D73D,0x0074D6F0,"mov dword ptr [esp + 0x30], ebx",ebx,stack slot (esp+0x30),REJECTED_ALIAS
0x0074DC76,0x0074DC00,"mov dword ptr [esp + 0x30], ebx",ebx,stack slot (esp+0x30),REJECTED_ALIAS
0x0074DDCB,0x0074DC00,"mov dword ptr [esp + 0x30], eax",eax,stack slot (esp+0x30),REJECTED_ALIAS
0x0074F842,0x0074F7A0,"mov dword ptr [esp + 0x30], 0",0,stack slot (esp+0x30),REJECTED_ALIAS
0x0074F89E,0x0074F7A0,"mov dword ptr [esp + 0x30], 0xffffffff",0xffffffff,stack slot (esp+0x30),REJECTED_ALIAS
0x0075018E,0x00750160,"mov dword ptr [esp + 0x30], ebx",ebx,stack slot (esp+0x30),REJECTED_ALIAS
0x00750200,0x00750160,"mov dword ptr [esp + 0x30], esi",esi,stack slot (esp+0x30),REJECTED_ALIAS
0x00750B00,0x00750AA0,"mov dword ptr [esp + 0x30], ebp",ebp,stack slot (esp+0x30),REJECTED_ALIAS
0x00751D34,0x00751CF0,"mov dword ptr [esp + 0x30], eax",eax,stack slot (esp+0x30),REJECTED_ALIAS
0x00751E54,0x00751E10,"mov dword ptr [esp + 0x30], eax",eax,stack slot (esp+0x30),REJECTED_ALIAS
0x00751F62,0x00751F30,"mov dword ptr [esp + 0x30], eax",eax,stack slot (esp+0x30),REJECTED_ALIAS
0x007520B9,0x00752090,"mov dword ptr [esp + 0x30], ecx",ecx,stack slot (esp+0x30),REJECTED_ALIAS
0x00753BD7,0x00753BA0,"mov dword ptr [esp + 0x30], 0",0,stack slot (esp+0x30),REJECTED_ALIAS
0x00755AA2,0x00755A30,"mov dword ptr [esp + 0x30], 0xffffffff",0xffffffff,stack slot (esp+0x30),REJECTED_ALIAS
0x007560DF,0x00756090,"mov dword ptr [eax + 0x30], edx",edx,unknown,POSSIBLE_ALIAS
0x007565F0,0x00756510,"mov dword ptr [esp + 0x30], edx",edx,stack slot (esp+0x30),REJECTED_ALIAS
0x00756822,0x007567E0,"mov dword ptr [esp + 0x30], eax",eax,stack slot (esp+0x30),REJECTED_ALIAS
0x00756CD3,0x00756C60,"mov dword ptr [esp + 0x30], edx",edx,stack slot (esp+0x30),REJECTED_ALIAS
0x007570AA,0x00756EA0,"mov dword ptr [esp + 0x30], edx",edx,stack slot (esp+0x30),REJECTED_ALIAS
0x00757324,0x00756EA0,"mov dword ptr [esp + 0x30], edx",edx,stack slot (esp+0x30),REJECTED_ALIAS
0x007575F0,0x00757390,"mov dword ptr [eax + 0x30], ecx",ecx,unknown,POSSIBLE_ALIAS
0x00757C5F,0x00757C20,"mov byte ptr [esp + 0x30], 0",0,stack slot (esp+0x30),REJECTED_ALIAS
0x00757C9E,0x00757C20,"mov byte ptr [esp + 0x30], 1",1,stack slot (esp+0x30),REJECTED_ALIAS
0x007583C5,0x00758330,"mov dword ptr [esp + 0x30], 0",0,stack slot (esp+0x30),REJECTED_ALIAS
0x00758788,0x00758730,"mov dword ptr [esp + 0x30], 0",0,stack slot (esp+0x30),REJECTED_ALIAS
0x007588A8,0x007587F0,"mov byte ptr [esp + 0x30], 1",1,stack slot (esp+0x30),REJECTED_ALIAS
0x007588DB,0x007587F0,"mov dword ptr [esp + 0x30], 0xffffffff",0xffffffff,stack slot (esp+0x30),REJECTED_ALIAS
0x007595A6,0x00759520,"mov dword ptr [esp + 0x30], esp",esp,stack slot (esp+0x30),REJECTED_ALIAS
0x00765052,0x00765000,"mov byte ptr [esp + 0x30], 2",2,stack slot (esp+0x30),REJECTED_ALIAS
0x00765082,0x00765000,"mov dword ptr [esp + 0x30], 0xffffffff",0xffffffff,stack slot (esp+0x30),REJECTED_ALIAS
0x007663A0,0x00766320,"mov dword ptr [esp + 0x30], 0",0,stack slot (esp+0x30),REJECTED_ALIAS
0x00766911,0x007668A0,"mov dword ptr [esp + 0x30], esi",esi,stack slot (esp+0x30),REJECTED_ALIAS
0x0076695D,0x007668A0,"mov dword ptr [esp + 0x30], esi",esi,stack slot (esp+0x30),REJECTED_ALIAS
0x00766AEB,0x00766A00,"mov dword ptr [esp + 0x30], ebx",ebx,stack slot (esp+0x30),REJECTED_ALIAS
0x00766DA0,0x00766D20,"mov dword ptr [esp + 0x30], 0",0,stack slot (esp+0x30),REJECTED_ALIAS
0x007684ED,0x00768430,"mov dword ptr [esp + 0x30], ebp",ebp,stack slot (esp+0x30),REJECTED_ALIAS
0x0076989C,0x007695A0,"mov dword ptr [edi + 0x30], eax",eax,unknown,POSSIBLE_ALIAS
0x00769B68,0x00769AE0,"mov dword ptr [esp + 0x30], eax",eax,stack slot (esp+0x30),REJECTED_ALIAS
0x0076AA28,0x0076A580,"mov dword ptr [esp + 0x30], eax",eax,stack slot (esp+0x30),REJECTED_ALIAS
0x0076B9FD,0x0076B930,"mov dword ptr [esp + 0x30], eax",eax,stack slot (esp+0x30),REJECTED_ALIAS
0x0076CE7F,0x0076CE50,"mov byte ptr [esp + 0x30], al",al,stack slot (esp+0x30),REJECTED_ALIAS
0x0076D1B0,0x0076D170,"mov dword ptr [esp + 0x30], eax",eax,stack slot (esp+0x30),REJECTED_ALIAS
0x0076DBBF,0x0076DB30,"mov dword ptr [esp + 0x30], 0xffffffff",0xffffffff,stack slot (esp+0x30),REJECTED_ALIAS
0x0076DC29,0x0076DB30,"mov dword ptr [esp + 0x30], 0xffffffff",0xffffffff,stack slot (esp+0x30),REJECTED_ALIAS
0x0076DC9F,0x0076DB30,"mov dword ptr [esp + 0x30], 0xffffffff",0xffffffff,stack slot (esp+0x30),REJECTED_ALIAS
0x0076DD15,0x0076DB30,"mov dword ptr [esp + 0x30], 0xffffffff",0xffffffff,stack slot (esp+0x30),REJECTED_ALIAS
0x0076DD8E,0x0076DB30,"mov dword ptr [esp + 0x30], 0xffffffff",0xffffffff,stack slot (esp+0x30),REJECTED_ALIAS
0x0076DDFF,0x0076DB30,"mov dword ptr [esp + 0x30], 0xffffffff",0xffffffff,stack slot (esp+0x30),REJECTED_ALIAS
0x0076DE69,0x0076DB30,"mov dword ptr [esp + 0x30], 0xffffffff",0xffffffff,stack slot (esp+0x30),REJECTED_ALIAS
0x0076DED3,0x0076DB30,"mov dword ptr [esp + 0x30], 0xffffffff",0xffffffff,stack slot (esp+0x30),REJECTED_ALIAS
0x0076DF45,0x0076DB30,"mov dword ptr [esp + 0x30], 0xffffffff",0xffffffff,stack slot (esp+0x30),REJECTED_ALIAS
0x0076DFB6,0x0076DB30,"mov dword ptr [esp + 0x30], 0xffffffff",0xffffffff,stack slot (esp+0x30),REJECTED_ALIAS
0x0076E02A,0x0076DB30,"mov dword ptr [esp + 0x30], 0xffffffff",0xffffffff,stack slot (esp+0x30),REJECTED_ALIAS
0x0076E09F,0x0076DB30,"mov dword ptr [esp + 0x30], 0xffffffff",0xffffffff,stack slot (esp+0x30),REJECTED_ALIAS
0x0076F47C,0x0076F360,"mov dword ptr [esp + 0x30], edx",edx,stack slot (esp+0x30),REJECTED_ALIAS
0x0076FBAE,0x0076FB00,"mov byte ptr [esp + 0x30], 2",2,stack slot (esp+0x30),REJECTED_ALIAS
0x0077116E,0x00770CE0,"mov dword ptr [esp + 0x30], eax",eax,stack slot (esp+0x30),REJECTED_ALIAS
0x007711A5,0x00770CE0,"mov dword ptr [esp + 0x30], eax",eax,stack slot (esp+0x30),REJECTED_ALIAS
0x007711D4,0x00770CE0,"mov dword ptr [esp + 0x30], eax",eax,stack slot (esp+0x30),REJECTED_ALIAS
0x00771202,0x00770CE0,"mov dword ptr [esp + 0x30], eax",eax,stack slot (esp+0x30),REJECTED_ALIAS
0x00772416,0x007723D0,"mov dword ptr [esi + 0x30], eax",eax,"other-class this (vtable 0x00A8823C, .?AVNiD3DShader@@)",REJECTED_ALIAS
0x00772627,0x00772600,"mov dword ptr [eax + 0x30], ecx",ecx,unknown,POSSIBLE_ALIAS
0x00772691,0x00772630,"mov dword ptr [edi + 0x30], eax",eax,unknown,POSSIBLE_ALIAS
0x00773C41,0x00773C30,"mov dword ptr [ebx + 0x30], ecx",ecx,unknown,POSSIBLE_ALIAS
0x00773DB1,0x00773C30,"mov dword ptr [ebx + 0x30], ecx",ecx,unknown,POSSIBLE_ALIAS
0x00774B86,0x00774B50,"mov dword ptr [esi + 0x30], ecx",ecx,unknown,POSSIBLE_ALIAS
0x00774BCB,0x00774B50,"mov dword ptr [esi + 0x30], edx",edx,unknown,POSSIBLE_ALIAS
0x00775C26,0x00775C00,"mov dword ptr [esp + 0x30], 0",0,stack slot (esp+0x30),REJECTED_ALIAS
0x00776786,0x00776760,"mov dword ptr [esp + 0x30], 0",0,stack slot (esp+0x30),REJECTED_ALIAS
0x00776D76,0x00776D50,"mov dword ptr [esp + 0x30], 0",0,stack slot (esp+0x30),REJECTED_ALIAS
0x0077737E,0x00777350,"mov dword ptr [esi + 0x30], eax",eax,unknown,POSSIBLE_ALIAS
0x007774DF,0x007773B0,"mov dword ptr [esi + 0x30], eax",eax,unknown,POSSIBLE_ALIAS
0x007774FA,0x007773B0,"mov dword ptr [esi + 0x30], ecx",ecx,unknown,POSSIBLE_ALIAS
0x00779553,0x007794E0,"mov dword ptr [ebp + 0x30], ebx",ebx,unknown (ebp repurposed),POSSIBLE_ALIAS
0x00779741,0x007796D0,"mov dword ptr [ebp + 0x30], ebx",ebx,unknown (ebp repurposed),POSSIBLE_ALIAS
0x0077B79E,0x0077B670,"mov dword ptr [esp + 0x30], ecx",ecx,stack slot (esp+0x30),REJECTED_ALIAS
0x0077B809,0x0077B670,"mov dword ptr [esp + 0x30], ecx",ecx,stack slot (esp+0x30),REJECTED_ALIAS
0x0077BA17,0x0077B9D0,"mov byte ptr [esi + 0x30], bl",bl,"other-class this (vtable 0x00A88A3C, .?AVNiKeyframeController@@)",REJECTED_ALIAS
0x0077C5B4,0x0077C560,"mov dword ptr [esp + 0x30], esi",esi,stack slot (esp+0x30),REJECTED_ALIAS
0x0077D4D6,0x0077D450,"mov dword ptr [esp + 0x30], 0",0,stack slot (esp+0x30),REJECTED_ALIAS
0x0077E958,0x0077E920,"mov dword ptr [esp + 0x30], eax",eax,stack slot (esp+0x30),REJECTED_ALIAS
0x0077F293,0x0077F250,"mov dword ptr [esp + 0x30], edx",edx,stack slot (esp+0x30),REJECTED_ALIAS
0x0077F401,0x0077F250,"mov dword ptr [esp + 0x30], eax",eax,stack slot (esp+0x30),REJECTED_ALIAS
0x0077FBF0,0x0077FB50,"mov byte ptr [esp + 0x30], 1",1,stack slot (esp+0x30),REJECTED_ALIAS
0x0077FF41,0x0077FF00,"mov dword ptr [esp + 0x30], eax",eax,stack slot (esp+0x30),REJECTED_ALIAS
0x0078067A,0x007804E0,"mov dword ptr [esp + 0x30], ebp",ebp,stack slot (esp+0x30),REJECTED_ALIAS
0x0078077B,0x007804E0,"mov dword ptr [esp + 0x30], edx",edx,stack slot (esp+0x30),REJECTED_ALIAS
0x00781396,0x00781350,"mov byte ptr [esi + 0x30], 0",0,"other-class this (vtable 0x00A88DE4, .?AVNiPSysRotationModifier@@)",REJECTED_ALIAS
0x0078160A,0x00781590,"mov byte ptr [esi + 0x30], 0",0,unknown,POSSIBLE_ALIAS
0x00781648,0x00781590,"mov byte ptr [esi + 0x30], dl",dl,null base,REJECTED_ALIAS
0x007816F7,0x00781680,"mov byte ptr [esi + 0x30], 0",0,unknown,POSSIBLE_ALIAS
0x00781802,0x007817B0,"mov byte ptr [esi + 0x30], 0",0,unknown,POSSIBLE_ALIAS
0x007833DC,0x00783390,"mov dword ptr [esp + 0x30], ebp",ebp,stack slot (esp+0x30),REJECTED_ALIAS
0x007834EF,0x00783390,"mov dword ptr [esp + 0x30], eax",eax,stack slot (esp+0x30),REJECTED_ALIAS
0x00783589,0x00783580,"mov dword ptr [esp + 0x30], esi",esi,stack slot (esp+0x30),REJECTED_ALIAS
0x0078407A,0x00783F70,"mov dword ptr [esp + 0x30], ecx",ecx,stack slot (esp+0x30),REJECTED_ALIAS
0x00784ECE,0x00784DA0,"mov dword ptr [esp + 0x30], eax",eax,stack slot (esp+0x30),REJECTED_ALIAS
0x007871D1,0x00787000,"mov dword ptr [esp + 0x30], eax",eax,stack slot (esp+0x30),REJECTED_ALIAS
0x007887F7,0x007887A0,"mov dword ptr [esp + 0x30], ebp",ebp,stack slot (esp+0x30),REJECTED_ALIAS
0x0078885B,0x007887A0,"mov dword ptr [esp + 0x30], ebp",ebp,stack slot (esp+0x30),REJECTED_ALIAS
0x007889A4,0x00788960,"mov dword ptr [esi + 0x30], 1",1,"other-class this (vtable 0x00A8969C, .?AVNiPSysMeshUpdateModifier@@)",REJECTED_ALIAS
0x007894B6,0x007894A0,"mov dword ptr [esi + 0x30], eax",eax,unknown,POSSIBLE_ALIAS
0x0078999E,0x00789960,"mov dword ptr [ebx + 0x30], edx",edx,unknown,POSSIBLE_ALIAS
0x007899A8,0x00789960,"mov dword ptr [ebx + 0x30], eax",eax,unknown,POSSIBLE_ALIAS
0x007899F2,0x007899C0,"mov dword ptr [ebx + 0x30], eax",eax,"other-class this (vtable 0x00A897B4, .?AVNiPSysSphericalCollider@@)",REJECTED_ALIAS
0x0078A06A,0x00789EB0,"mov dword ptr [esp + 0x30], ecx",ecx,stack slot (esp+0x30),REJECTED_ALIAS
0x0078A6D5,0x0078A660,"mov dword ptr [ebx + 0x30], eax",eax,"other-class this (vtable 0x00A89814, .?AVNiPSysPlanarCollider@@)",REJECTED_ALIAS
0x0078FB12,0x0078FA60,"mov dword ptr [esp + 0x30], esi",esi,stack slot (esp+0x30),REJECTED_ALIAS
0x0078FC92,0x0078FC50,"mov dword ptr [esp + 0x30], edi",edi,stack slot (esp+0x30),REJECTED_ALIAS
0x0078FE6E,0x0078FD60,"add dword ptr [esp + 0x30], ebx",ebx,stack slot (esp+0x30),REJECTED_ALIAS
0x007903A0,0x00790300,"mov byte ptr [esp + 0x30], 1",1,stack slot (esp+0x30),REJECTED_ALIAS
0x00791A64,0x00791A00,"mov dword ptr [esi + 0x30], ebx",ebx,unknown,POSSIBLE_ALIAS
0x00791B72,0x00791B20,"mov dword ptr [edi + 0x30], ebp",ebp,unknown,POSSIBLE_ALIAS
0x00792057,0x00791EB0,"mov dword ptr [esp + 0x30], ebx",ebx,stack slot (esp+0x30),REJECTED_ALIAS
0x00792402,0x00792290,"mov dword ptr [esi + 0x30], edi",edi,unknown,POSSIBLE_ALIAS
0x00799043,0x00798FD0,"mov dword ptr [esi + 0x30], 0",0,unknown,POSSIBLE_ALIAS
0x00799148,0x007990C0,"mov dword ptr [esi + 0x30], edi",edi,unknown,POSSIBLE_ALIAS
0x0079917F,0x007990C0,"mov dword ptr [esi + 0x30], eax",eax,unknown,POSSIBLE_ALIAS
0x0079AA74,0x0079AA40,"mov dword ptr [esp + 0x30], 1",1,stack slot (esp+0x30),REJECTED_ALIAS
0x0079AB4D,0x0079AA40,"mov byte ptr [esp + 0x30], 0",0,stack slot (esp+0x30),REJECTED_ALIAS
0x0079AB59,0x0079AA40,"mov dword ptr [esp + 0x30], 0xffffffff",0xffffffff,stack slot (esp+0x30),REJECTED_ALIAS
0x0079AC5F,0x0079AC00,"mov dword ptr [esi + 0x30], ebx",ebx,"other-class this (vtable 0x00A8ABBC, .?AVNiD3DShaderFactory@@)",REJECTED_ALIAS
0x0079B278,0x0079B120,"mov dword ptr [esp + 0x30], edi",edi,stack slot (esp+0x30),REJECTED_ALIAS
0x0079BBC8,0x0079BB60,"mov dword ptr [esi + 0x30], eax",eax,"other-class this (vtable 0x00A85144, .?AVNiRefObject@@)",REJECTED_ALIAS
0x0079DF50,0x0079DDF0,"mov dword ptr [esp + 0x30], ecx",ecx,stack slot (esp+0x30),REJECTED_ALIAS
0x0079E208,0x0079E1B0,"mov dword ptr [esp + 0x30], eax",eax,stack slot (esp+0x30),REJECTED_ALIAS
0x0079E2A7,0x0079E1B0,"mov dword ptr [esp + 0x30], eax",eax,stack slot (esp+0x30),REJECTED_ALIAS
0x0079EF67,0x0079EF50,"mov dword ptr [esp + 0x30], edx",edx,stack slot (esp+0x30),REJECTED_ALIAS
0x007A1CEF,0x007A1CE0,"mov dword ptr [eax + 0x30], edx",edx,unknown,POSSIBLE_ALIAS
0x007A20D1,0x007A20B0,"mov dword ptr [esi + 0x30], ecx",ecx,unknown,POSSIBLE_ALIAS
0x007A2BB1,0x007A2B30,"mov dword ptr [esp + 0x30], ecx",ecx,stack slot (esp+0x30),REJECTED_ALIAS
0x007A3634,0x007A35E0,"mov dword ptr [esp + 0x30], esi",esi,stack slot (esp+0x30),REJECTED_ALIAS
0x007A3CAF,0x007A3B40,"mov dword ptr [esi + 0x30], 0xa8b908",0xa8b908,"other-class this (vtable 0x00A8B930, .?AVNiSequence@@)",REJECTED_ALIAS
0x007A3FCD,0x007A3F60,"mov dword ptr [esp + 0x30], edx",edx,stack slot (esp+0x30),REJECTED_ALIAS
0x007A41A5,0x007A4100,"mov dword ptr [eax + 0x30], edx",edx,unknown,POSSIBLE_ALIAS
0x007A4286,0x007A4220,"mov dword ptr [eax + 0x30], edx",edx,unknown,POSSIBLE_ALIAS
0x007A47AF,0x007A4720,"mov dword ptr [esp + 0x30], eax",eax,stack slot (esp+0x30),REJECTED_ALIAS
0x007A47C7,0x007A4720,"mov dword ptr [esp + 0x30], eax",eax,stack slot (esp+0x30),REJECTED_ALIAS
0x007A47CD,0x007A4720,"mov dword ptr [esp + 0x30], ebx",ebx,stack slot (esp+0x30),REJECTED_ALIAS
0x007A4CAB,0x007A4B60,"mov dword ptr [eax + 0x30], edx",edx,unknown,POSSIBLE_ALIAS
0x007A4D07,0x007A4B60,"mov dword ptr [eax + 0x30], edx",edx,unknown,POSSIBLE_ALIAS
0x007A4E14,0x007A4B60,"mov dword ptr [eax + 0x30], edx",edx,unknown,POSSIBLE_ALIAS
0x007A4E4F,0x007A4B60,"mov dword ptr [eax + 0x30], edx",edx,unknown,POSSIBLE_ALIAS
0x007A4EFC,0x007A4B60,"mov dword ptr [eax + 0x30], edx",edx,unknown,POSSIBLE_ALIAS
0x007A4FD6,0x007A4B60,"mov dword ptr [eax + 0x30], edx",edx,unknown,POSSIBLE_ALIAS
0x007A5389,0x007A52F0,"mov dword ptr [esp + 0x30], edx",edx,stack slot (esp+0x30),REJECTED_ALIAS
0x007A8FF8,0x007A8FA0,"mov dword ptr [eax + 0x30], esi",esi,unknown,POSSIBLE_ALIAS
0x007A91F7,0x007A91D0,"mov dword ptr [eax + 0x30], 4",4,unknown,POSSIBLE_ALIAS
0x007A9281,0x007A9240,"mov dword ptr [eax + 0x30], 4",4,unknown,POSSIBLE_ALIAS
0x007A929C,0x007A9240,"mov dword ptr [eax + 0x30], 6",6,null base,REJECTED_ALIAS
0x007A9313,0x007A92D0,"mov dword ptr [eax + 0x30], ecx",ecx,unknown,POSSIBLE_ALIAS
0x007A9326,0x007A92D0,"mov dword ptr [eax + 0x30], ecx",ecx,null base,REJECTED_ALIAS
0x007A93AE,0x007A93A0,"mov dword ptr [eax + 0x30], 1",1,unknown,POSSIBLE_ALIAS
0x007A9914,0x007A98D0,"mov dword ptr [eax + 0x30], ecx",ecx,unknown,POSSIBLE_ALIAS
0x007A9927,0x007A98D0,"mov dword ptr [eax + 0x30], ecx",ecx,null base,REJECTED_ALIAS
0x007A9AE3,0x007A9AA0,"mov dword ptr [eax + 0x30], ecx",ecx,null base,REJECTED_ALIAS
0x007A9B40,0x007A9AA0,"mov dword ptr [edi + 0x30], 5",5,null base,REJECTED_ALIAS
0x007A9B62,0x007A9AA0,"mov dword ptr [edi + 0x30], 4",4,null base,REJECTED_ALIAS
0x007A9D31,0x007A9CF0,"mov dword ptr [eax + 0x30], 4",4,unknown,POSSIBLE_ALIAS
0x007A9D4C,0x007A9CF0,"mov dword ptr [eax + 0x30], 6",6,null base,REJECTED_ALIAS
0x007A9E24,0x007A9DE0,"mov dword ptr [eax + 0x30], ecx",ecx,unknown,POSSIBLE_ALIAS
0x007A9E37,0x007A9DE0,"mov dword ptr [eax + 0x30], ecx",ecx,null base,REJECTED_ALIAS
0x007AA1B3,0x007AA160,"mov dword ptr [eax + 0x30], ecx",ecx,null base,REJECTED_ALIAS
0x007AA210,0x007AA160,"mov dword ptr [edi + 0x30], 5",5,null base,REJECTED_ALIAS
0x007AA232,0x007AA160,"mov dword ptr [edi + 0x30], 4",4,null base,REJECTED_ALIAS
0x007AA360,0x007AA2C0,"mov dword ptr [esp + 0x30], edi",edi,stack slot (esp+0x30),REJECTED_ALIAS
0x007AA88C,0x007AA680,"mov dword ptr [esi + 0x30], 0xa8c138",0xa8c138,unknown,POSSIBLE_ALIAS
0x007AA9EC,0x007AA960,"mov dword ptr [esi + 0x30], 0xa8c138",0xa8c138,unknown,POSSIBLE_ALIAS
0x007AB6F4,0x007AB560,"mov dword ptr [esi + 0x30], eax",eax,"other-class this (vtable 0x00A85144, .?AVNiRefObject@@)",REJECTED_ALIAS
0x007ABEC7,0x007ABC30,"mov dword ptr [esi + 0x30], eax",eax,"other-class this (vtable 0x00A8C2DC, .?AVNiDX9ShaderConstantManager@@)",REJECTED_ALIAS
0x007AC38D,0x007AC350,"mov dword ptr [esp + 0x30], ebx",ebx,stack slot (esp+0x30),REJECTED_ALIAS
0x007AC3AF,0x007AC350,"mov dword ptr [esi + 0x30], ebx",ebx,unknown,POSSIBLE_ALIAS
0x007AC3B8,0x007AC350,"mov dword ptr [esp + 0x30], 0xffffffff",0xffffffff,stack slot (esp+0x30),REJECTED_ALIAS
0x007AC3F2,0x007AC350,"mov dword ptr [esp + 0x30], ebx",ebx,stack slot (esp+0x30),REJECTED_ALIAS
0x007AC50D,0x007AC4D0,"mov dword ptr [esp + 0x30], ebx",ebx,stack slot (esp+0x30),REJECTED_ALIAS
0x007AC52F,0x007AC4D0,"mov dword ptr [esi + 0x30], ebx",ebx,unknown,POSSIBLE_ALIAS
0x007AC538,0x007AC4D0,"mov dword ptr [esp + 0x30], 0xffffffff",0xffffffff,stack slot (esp+0x30),REJECTED_ALIAS
0x007AC56F,0x007AC4D0,"mov dword ptr [esp + 0x30], ebx",ebx,stack slot (esp+0x30),REJECTED_ALIAS
0x007AC69D,0x007AC660,"mov dword ptr [esp + 0x30], ebx",ebx,stack slot (esp+0x30),REJECTED_ALIAS
0x007AC6BF,0x007AC660,"mov dword ptr [esp + 0x30], 0xffffffff",0xffffffff,stack slot (esp+0x30),REJECTED_ALIAS
0x007AC6F1,0x007AC660,"mov dword ptr [esp + 0x30], ebx",ebx,stack slot (esp+0x30),REJECTED_ALIAS
0x007AC7DD,0x007AC7A0,"mov dword ptr [esp + 0x30], ebp",ebp,stack slot (esp+0x30),REJECTED_ALIAS
0x007AC7FF,0x007AC7A0,"mov dword ptr [esp + 0x30], 0xffffffff",0xffffffff,stack slot (esp+0x30),REJECTED_ALIAS
0x007AC82E,0x007AC7A0,"mov dword ptr [esp + 0x30], ebp",ebp,stack slot (esp+0x30),REJECTED_ALIAS
0x007AD10D,0x007AD0F0,"mov dword ptr [edi + 0x30], esi",esi,unknown,POSSIBLE_ALIAS
0x007AD5B9,0x007AD560,"mov dword ptr [esi + 0x30], ebx",ebx,unknown,POSSIBLE_ALIAS
0x007AD77A,0x007AD720,"mov dword ptr [esi + 0x30], ebp",ebp,unknown,POSSIBLE_ALIAS
0x007AD94F,0x007AD8F0,"mov dword ptr [esi + 0x30], ebx",ebx,unknown,POSSIBLE_ALIAS
0x007ADADF,0x007ADA80,"mov dword ptr [esi + 0x30], ebx",ebx,unknown,POSSIBLE_ALIAS
0x007B04C5,0x007B0470,"mov dword ptr [eax + 0x30], 0xa8c940",0xa8c940,"other-class this (vtable 0x00A8C940, .?AV?$NiTArray@I@@)",REJECTED_ALIAS
0x007B0C27,0x007B0B70,"mov dword ptr [esp + 0x30], esp",esp,stack slot (esp+0x30),REJECTED_ALIAS
0x007B1586,0x007B12D0,"mov dword ptr [esp + 0x30], ebx",ebx,stack slot (esp+0x30),REJECTED_ALIAS
0x007B16B6,0x007B1620,"mov dword ptr [esp + 0x30], 0xffffffff",0xffffffff,stack slot (esp+0x30),REJECTED_ALIAS
0x007B17A2,0x007B1620,"mov dword ptr [esi + 0x30], 0xa8c940",0xa8c940,unknown,POSSIBLE_ALIAS
0x007B286A,0x007B2810,"mov dword ptr [esi + 0x30], 0",0,"other-class this (vtable 0x00A8C59C, .?AVNiD3DHLSLPixelShader@@)",REJECTED_ALIAS
0x007B28B2,0x007B28A0,"mov dword ptr [esi + 0x30], 0",0,unknown,POSSIBLE_ALIAS
0x007B37A4,0x007B3770,"mov dword ptr [esp + 0x30], ecx",ecx,stack slot (esp+0x30),REJECTED_ALIAS
0x007B4856,0x007B47D0,"mov dword ptr [esi + 0x30], ecx",ecx,unknown,POSSIBLE_ALIAS
0x007B4959,0x007B48F0,"mov dword ptr [edi + 0x30], ecx",ecx,unknown,POSSIBLE_ALIAS
0x007B4AFF,0x007B4AB0,"mov dword ptr [esi + 0x30], ecx",ecx,unknown,POSSIBLE_ALIAS
0x007B56E4,0x007B5690,"mov dword ptr [esp + 0x30], esi",esi,stack slot (esp+0x30),REJECTED_ALIAS
0x007B5B4D,0x007B5B00,"mov dword ptr [esp + 0x30], esi",esi,stack slot (esp+0x30),REJECTED_ALIAS
0x007B5BEE,0x007B5B00,"mov dword ptr [esp + 0x30], edi",edi,stack slot (esp+0x30),REJECTED_ALIAS
0x007BA2A0,0x007B9B50,"mov dword ptr [esp + 0x30], edx",edx,stack slot (esp+0x30),REJECTED_ALIAS
0x007BAA86,0x007BAA60,"mov dword ptr [esp + 0x30], eax",eax,stack slot (esp+0x30),REJECTED_ALIAS
0x007BAAAB,0x007BAA60,"mov byte ptr [esp + 0x30], al",al,stack slot (esp+0x30),REJECTED_ALIAS
0x007BAAC7,0x007BAA60,"mov dword ptr [esp + 0x30], eax",eax,stack slot (esp+0x30),REJECTED_ALIAS
0x007BAAEF,0x007BAA60,"mov byte ptr [esp + 0x30], cl",cl,stack slot (esp+0x30),REJECTED_ALIAS
0x007BAB0B,0x007BAA60,"mov dword ptr [esp + 0x30], eax",eax,stack slot (esp+0x30),REJECTED_ALIAS
0x007BAB86,0x007BAA60,"mov dword ptr [esp + 0x30], eax",eax,stack slot (esp+0x30),REJECTED_ALIAS
0x007BD3FB,0x007BD2B0,"mov dword ptr [esi + 0x30], edx",edx,"other-class this (vtable 0x00A8D39C, .?AVNiCamera@@)",REJECTED_ALIAS
0x007BFF3F,0x007BFD80,"mov dword ptr [esp + 0x30], eax",eax,stack slot (esp+0x30),REJECTED_ALIAS
0x007C037E,0x007C02D0,"mov dword ptr [esi + 0x30], edx",edx,"other-class this (vtable 0x00A8D534, .?AVNiAVObject@@)",REJECTED_ALIAS
0x007C1885,0x007C1800,"mov dword ptr [esi + 0x30], ebx",ebx,unknown,POSSIBLE_ALIAS
0x007C227D,0x007C2230,"mov dword ptr [esi + 0x30], eax",eax,unknown,POSSIBLE_ALIAS
0x007C2282,0x007C2230,"mov dword ptr [esi + 0x30], 0",0,unknown,POSSIBLE_ALIAS
0x007C2335,0x007C22D0,"mov dword ptr [eax + 0x30], ecx",ecx,unknown,POSSIBLE_ALIAS
0x007C2E6C,0x007C2E10,"mov dword ptr [esi + 0x30], eax",eax,"other-class this (vtable 0x00A8D97C, .?AVNiPixelData@@)",REJECTED_ALIAS
0x007C2F35,0x007C2EA0,"mov dword ptr [ebp + 0x30], eax",eax,unknown (ebp repurposed),POSSIBLE_ALIAS
0x007C2FA3,0x007C2EA0,"mov dword ptr [ebp + 0x30], esi",esi,unknown (ebp repurposed),POSSIBLE_ALIAS
0x007C3125,0x007C3090,"mov dword ptr [ebp + 0x30], edx",edx,unknown (ebp repurposed),POSSIBLE_ALIAS
0x007C336A,0x007C3320,"mov dword ptr [esi + 0x30], 0",0,"other-class this (vtable 0x00A8D97C, .?AVNiPixelData@@)",REJECTED_ALIAS
0x007C3461,0x007C3430,"mov dword ptr [edi + 0x30], esi",esi,unknown,POSSIBLE_ALIAS
0x007C481A,0x007C47F0,"mov dword ptr [esp + 0x30], eax",eax,stack slot (esp+0x30),REJECTED_ALIAS
0x007C4C77,0x007C47F0,"mov dword ptr [esp + 0x30], eax",eax,stack slot (esp+0x30),REJECTED_ALIAS
0x007CBCBD,0x007CBB50,"mov dword ptr [esp + 0x30], edi",edi,stack slot (esp+0x30),REJECTED_ALIAS
0x007CC2AA,0x007CC250,"mov dword ptr [esp + 0x30], ebp",ebp,stack slot (esp+0x30),REJECTED_ALIAS
0x007CC2DB,0x007CC250,"mov dword ptr [esp + 0x30], 0xffffffff",0xffffffff,stack slot (esp+0x30),REJECTED_ALIAS
0x007CD09B,0x007CD070,"mov dword ptr [esp + 0x30], eax",eax,stack slot (esp+0x30),REJECTED_ALIAS
0x007CE841,0x007CE700,"mov dword ptr [esp + 0x30], ecx",ecx,stack slot (esp+0x30),REJECTED_ALIAS
0x007CEBB4,0x007CE700,"mov dword ptr [esp + 0x30], ecx",ecx,stack slot (esp+0x30),REJECTED_ALIAS
0x007CEE3E,0x007CEDB0,"mov dword ptr [esi + 0x30], edx",edx,unknown,POSSIBLE_ALIAS
0x007CFB42,0x007CFA20,"mov dword ptr [esp + 0x30], edi",edi,stack slot (esp+0x30),REJECTED_ALIAS
0x007CFCC3,0x007CFC10,"sub dword ptr [esp + 0x30], 1",1,stack slot (esp+0x30),REJECTED_ALIAS
0x007CFCF1,0x007CFC10,"mov dword ptr [esp + 0x30], ebp",ebp,stack slot (esp+0x30),REJECTED_ALIAS
0x007CFE93,0x007CFC10,"sub dword ptr [esp + 0x30], 1",1,stack slot (esp+0x30),REJECTED_ALIAS
0x007D03A0,0x007D0330,"mov dword ptr [esp + 0x30], ebx",ebx,stack slot (esp+0x30),REJECTED_ALIAS
0x007D0A62,0x007D0A40,"mov dword ptr [edi + 0x30], esi",esi,unknown,POSSIBLE_ALIAS
0x007D0EA6,0x007D0E60,"mov dword ptr [esp + 0x30], 0",0,stack slot (esp+0x30),REJECTED_ALIAS
0x007D0FFC,0x007D0FC0,"mov dword ptr [esp + 0x30], 0",0,stack slot (esp+0x30),REJECTED_ALIAS
0x007D22C5,0x007D2230,"mov dword ptr [esp + 0x30], 0",0,stack slot (esp+0x30),REJECTED_ALIAS
0x007D2B8B,0x007D2AD0,"mov byte ptr [esp + eax + 0x30], 0",0,stack slot (esp+0x30),REJECTED_ALIAS
0x007D37D4,0x007D3760,"mov byte ptr [esp + 0x30], 0",0,stack slot (esp+0x30),REJECTED_ALIAS
0x007D44CA,0x007D4450,"mov dword ptr [esp + 0x30], ebp",ebp,stack slot (esp+0x30),REJECTED_ALIAS
0x007D5132,0x007D4E50,"mov dword ptr [esp + 0x30], ebx",ebx,stack slot (esp+0x30),REJECTED_ALIAS
0x007D51B8,0x007D4E50,"mov dword ptr [esp + 0x30], ebx",ebx,stack slot (esp+0x30),REJECTED_ALIAS
0x007D5582,0x007D54C0,"mov dword ptr [esp + 0x30], ecx",ecx,stack slot (esp+0x30),REJECTED_ALIAS
0x007D57BE,0x007D5740,"mov dword ptr [esp + 0x30], ecx",ecx,stack slot (esp+0x30),REJECTED_ALIAS
0x007D5A9F,0x007D5A10,"mov dword ptr [esp + 0x30], esi",esi,stack slot (esp+0x30),REJECTED_ALIAS
0x007D5E6F,0x007D5DE0,"mov dword ptr [esp + 0x30], ecx",ecx,stack slot (esp+0x30),REJECTED_ALIAS
0x007D604B,0x007D6000,"mov dword ptr [esp + 0x30], ecx",ecx,stack slot (esp+0x30),REJECTED_ALIAS
0x007D6399,0x007D6340,"mov dword ptr [esp + 0x30], ecx",ecx,stack slot (esp+0x30),REJECTED_ALIAS
0x007D77A0,0x007D75E0,"mov dword ptr [esp + 0x30], ecx",ecx,stack slot (esp+0x30),REJECTED_ALIAS
0x007D8680,0x007D8510,"mov dword ptr [esp + 0x30], edx",edx,stack slot (esp+0x30),REJECTED_ALIAS
0x007D8C4B,0x007D8B70,"mov dword ptr [esi + 0x30], 0x7f4a20",0x7f4a20,unknown,POSSIBLE_ALIAS
0x007D8D0E,0x007D8B70,"mov dword ptr [edi + 0x30], 0x7f4ea0",0x7f4ea0,unknown,POSSIBLE_ALIAS
0x007D99F7,0x007D99B0,"mov dword ptr [esi + 0x30], eax",eax,unknown,POSSIBLE_ALIAS
0x007D9AE6,0x007D9A90,"mov word ptr [ebx + 0x30], ax",ax,unknown,POSSIBLE_ALIAS
0x007D9E06,0x007D9DB0,"mov word ptr [ebx + 0x30], ax",ax,unknown,POSSIBLE_ALIAS
0x007DB67E,0x007DB620,"mov dword ptr [esi + 0x30], ebx",ebx,unknown,POSSIBLE_ALIAS
0x007DBA11,0x007DB910,"mov dword ptr [esi + 0x30], ebx",ebx,unknown,POSSIBLE_ALIAS
0x007DBA55,0x007DB910,"mov dword ptr [esi + 0x30], edx",edx,null base,REJECTED_ALIAS
0x007DBAEE,0x007DBA90,"mov dword ptr [esi + 0x30], ebx",ebx,unknown,POSSIBLE_ALIAS
0x007DBBFA,0x007DBB80,"mov dword ptr [esi + 0x30], eax",eax,unknown,POSSIBLE_ALIAS
0x007DD6A3,0x007DD620,"mov byte ptr [esp + 0x30], 1",1,stack slot (esp+0x30),REJECTED_ALIAS
0x007DDAF8,0x007DDAD0,"mov dword ptr [edi + 0x30], ecx",ecx,unknown,POSSIBLE_ALIAS
0x007DE58A,0x007DE520,"xor word ptr [esi + 0x30], ax",ax,unknown,POSSIBLE_ALIAS
0x007DE61F,0x007DE520,"xor word ptr [esi + 0x30], ax",ax,unknown,POSSIBLE_ALIAS
0x007DE8EB,0x007DE890,"mov word ptr [esi + 0x30], bx",bx,"other-class this (vtable 0x00A8F2EC, .?AVNiGeometryData@@)",REJECTED_ALIAS
0x007DE921,0x007DE890,"mov word ptr [esi + 0x30], cx",cx,"other-class this (vtable 0x00A8F2EC, .?AVNiGeometryData@@)",REJECTED_ALIAS
0x007DE9C0,0x007DE9A0,"mov word ptr [esi + 0x30], ax",ax,"other-class this (vtable 0x00A8F2EC, .?AVNiGeometryData@@)",REJECTED_ALIAS
0x007DEC55,0x007DEB30,"mov word ptr [esi + 0x30], dx",dx,unknown,POSSIBLE_ALIAS
0x007DF2DF,0x007DF260,"xor word ptr [esi + 0x30], ax",ax,unknown,POSSIBLE_ALIAS
0x007DFF20,0x007DFEB0,"mov dword ptr [edx + 0x30], 0",0,unknown,POSSIBLE_ALIAS
0x007E0011,0x007DFF90,"mov dword ptr [esp + 0x30], ebx",ebx,stack slot (esp+0x30),REJECTED_ALIAS
0x007E0205,0x007E01D0,"mov dword ptr [esi + 0x30], edi",edi,"other-class this (vtable 0x00A8F3D4, .?AVArkNiRenderedTextureCache@@)",REJECTED_ALIAS
0x007E02F2,0x007E0290,"sub dword ptr [esi + 0x30], eax",eax,unknown,POSSIBLE_ALIAS
0x007E031A,0x007E0290,"add dword ptr [esi + 0x30], eax",eax,unknown,POSSIBLE_ALIAS
0x007E06F0,0x007E0630,"sub dword ptr [esi + 0x30], eax",eax,unknown,POSSIBLE_ALIAS
0x007E26E3,0x007E2530,"mov dword ptr [esi + 0x30], edi",edi,unknown,POSSIBLE_ALIAS
0x007E3EE4,0x007E3E40,"mov byte ptr [esi + 0x30], 1",1,"other-class this (vtable 0x00A8F87C, .?AVNiTimeController@@)",REJECTED_ALIAS
0x007E6134,0x007E6090,"mov byte ptr [esp + 0x30], 0",0,stack slot (esp+0x30),REJECTED_ALIAS
0x007EA7C3,0x007EA740,"mov dword ptr [ebp + 0x30], eax",eax,unknown (ebp repurposed),POSSIBLE_ALIAS
0x007EA936,0x007EA740,"mov byte ptr [esp + 0x30], al",al,stack slot (esp+0x30),REJECTED_ALIAS
0x007EAF27,0x007EAC00,"mov dword ptr [esi + 0x30], eax",eax,unknown,POSSIBLE_ALIAS
0x007EB1B3,0x007EAC00,"mov dword ptr [ebp + 0x30], esi",esi,caller stack (inherited ebp),REJECTED_ALIAS
0x007EB38D,0x007EB320,"mov dword ptr [esp + 0x30], eax",eax,stack slot (esp+0x30),REJECTED_ALIAS
0x007EB391,0x007EB320,"mov dword ptr [ebp + 0x30], eax",eax,unknown (ebp repurposed),POSSIBLE_ALIAS
0x007EC32A,0x007EC220,"mov dword ptr [esp + 0x30], edx",edx,stack slot (esp+0x30),REJECTED_ALIAS
0x007EC372,0x007EC220,"mov dword ptr [eax + 0x30], edx",edx,unknown,POSSIBLE_ALIAS
0x007EC423,0x007EC220,"mov dword ptr [eax + 0x30], ecx",ecx,unknown,POSSIBLE_ALIAS
0x007EC6B1,0x007EC650,"mov dword ptr [esp + 0x30], eax",eax,stack slot (esp+0x30),REJECTED_ALIAS
0x007EC6F0,0x007EC650,"mov dword ptr [esp + 0x30], ebx",ebx,stack slot (esp+0x30),REJECTED_ALIAS
0x007EC805,0x007EC650,"mov dword ptr [edi + 0x30], eax",eax,unknown,POSSIBLE_ALIAS
0x007ECA68,0x007EC650,"mov dword ptr [esp + 0x30], eax",eax,stack slot (esp+0x30),REJECTED_ALIAS
0x007ECAB0,0x007EC650,"mov dword ptr [esp + 0x30], eax",eax,stack slot (esp+0x30),REJECTED_ALIAS
0x007ECE1D,0x007EC650,"mov dword ptr [eax + 0x30], ecx",ecx,unknown,POSSIBLE_ALIAS
0x007ECE99,0x007EC650,"mov dword ptr [eax + 0x30], ecx",ecx,unknown,POSSIBLE_ALIAS
0x007ED007,0x007ECFB0,"mov dword ptr [esi + 0x30], ebx",ebx,"other-class this (vtable 0x00A901E8, .?AVNiDPVSCommander@@)",REJECTED_ALIAS
0x007EF6D4,0x007EF690,"mov dword ptr [esp + 0x30], edi",edi,stack slot (esp+0x30),REJECTED_ALIAS
0x007EFD86,0x007EFCF0,"mov word ptr [ebp + 0x30], bx",bx,unknown (ebp repurposed),POSSIBLE_ALIAS
0x007F04EE,0x007F0470,"mov dword ptr [esp + 0x30], eax",eax,stack slot (esp+0x30),REJECTED_ALIAS
0x007F0EDB,0x007F0C00,"mov dword ptr [esp + 0x30], edx",edx,stack slot (esp+0x30),REJECTED_ALIAS
0x007F0FD1,0x007F0F80,"mov dword ptr [esp + 0x30], ebp",ebp,stack slot (esp+0x30),REJECTED_ALIAS
0x007F1057,0x007F0F80,"mov dword ptr [esp + 0x30], ebp",ebp,stack slot (esp+0x30),REJECTED_ALIAS
0x007F10CA,0x007F0F80,"mov dword ptr [esp + 0x30], ebp",ebp,stack slot (esp+0x30),REJECTED_ALIAS
0x007F11F2,0x007F11C0,"mov dword ptr [ebp + 0x30], ebx",ebx,unknown (ebp repurposed),POSSIBLE_ALIAS
0x007F1580,0x007F14F0,"mov dword ptr [esp + 0x30], ebx",ebx,stack slot (esp+0x30),REJECTED_ALIAS
0x007F1712,0x007F14F0,"mov dword ptr [ebx + 0x30], esi",esi,unknown,POSSIBLE_ALIAS
0x007F17AE,0x007F14F0,"mov dword ptr [esp + 0x30], eax",eax,stack slot (esp+0x30),REJECTED_ALIAS
0x007F4802,0x007F4750,"mov dword ptr [ecx + 0x30], eax",eax,unknown,POSSIBLE_ALIAS
0x007F4C28,0x007F4B60,"mov dword ptr [esp + 0x30], ecx",ecx,stack slot (esp+0x30),REJECTED_ALIAS
0x007F4D3A,0x007F4CC0,"mov dword ptr [esp + 0x30], edx",edx,stack slot (esp+0x30),REJECTED_ALIAS
0x007F83D1,0x007F7EB0,"mov dword ptr [esp + 0x30], edx",edx,stack slot (esp+0x30),REJECTED_ALIAS
0x007F858D,0x007F7EB0,"mov dword ptr [esp + 0x30], edx",edx,stack slot (esp+0x30),REJECTED_ALIAS
0x007F88DB,0x007F8700,"mov dword ptr [esp + 0x30], edx",edx,stack slot (esp+0x30),REJECTED_ALIAS
0x007FB86E,0x007FB310,"mov dword ptr [esp + 0x30], ecx",ecx,stack slot (esp+0x30),REJECTED_ALIAS
0x007FB8BA,0x007FB310,"mov dword ptr [esp + 0x30], edx",edx,stack slot (esp+0x30),REJECTED_ALIAS
0x007FB8F3,0x007FB310,"mov dword ptr [esp + 0x30], edi",edi,stack slot (esp+0x30),REJECTED_ALIAS
0x007FBA4F,0x007FB310,"mov dword ptr [esp + 0x30], eax",eax,stack slot (esp+0x30),REJECTED_ALIAS
0x007FBAA1,0x007FB310,"mov dword ptr [esp + 0x30], edi",edi,stack slot (esp+0x30),REJECTED_ALIAS
0x007FBC74,0x007FB310,"mov dword ptr [esp + 0x30], edx",edx,stack slot (esp+0x30),REJECTED_ALIAS
0x007FBCC6,0x007FB310,"mov dword ptr [esp + 0x30], edi",edi,stack slot (esp+0x30),REJECTED_ALIAS
0x007FBED2,0x007FB310,"mov dword ptr [esp + 0x30], eax",eax,stack slot (esp+0x30),REJECTED_ALIAS
0x007FBF24,0x007FB310,"mov dword ptr [esp + 0x30], edi",edi,stack slot (esp+0x30),REJECTED_ALIAS
0x007FC079,0x007FB310,"mov dword ptr [esp + 0x30], edx",edx,stack slot (esp+0x30),REJECTED_ALIAS
0x007FC0A1,0x007FB310,"mov dword ptr [esp + 0x30], edi",edi,stack slot (esp+0x30),REJECTED_ALIAS
0x007FC29F,0x007FB310,"mov dword ptr [esp + 0x30], eax",eax,stack slot (esp+0x30),REJECTED_ALIAS
0x007FC2C7,0x007FB310,"mov dword ptr [esp + 0x30], edi",edi,stack slot (esp+0x30),REJECTED_ALIAS
0x007FC587,0x007FB310,"mov dword ptr [esp + 0x30], ecx",ecx,stack slot (esp+0x30),REJECTED_ALIAS
0x007FC5C0,0x007FB310,"mov dword ptr [esp + 0x30], edi",edi,stack slot (esp+0x30),REJECTED_ALIAS
0x007FC713,0x007FB310,"mov dword ptr [esp + 0x30], eax",eax,stack slot (esp+0x30),REJECTED_ALIAS
0x007FC762,0x007FB310,"mov dword ptr [esp + 0x30], edi",edi,stack slot (esp+0x30),REJECTED_ALIAS
0x007FC942,0x007FB310,"mov dword ptr [esp + 0x30], edx",edx,stack slot (esp+0x30),REJECTED_ALIAS
0x007FC991,0x007FB310,"mov dword ptr [esp + 0x30], edi",edi,stack slot (esp+0x30),REJECTED_ALIAS
0x007FCC32,0x007FB310,"mov dword ptr [esp + 0x30], eax",eax,stack slot (esp+0x30),REJECTED_ALIAS
0x007FCC84,0x007FB310,"mov dword ptr [esp + 0x30], edi",edi,stack slot (esp+0x30),REJECTED_ALIAS
0x007FCF0E,0x007FCEA0,"mov dword ptr [eax + 0x30], ecx",ecx,"other-class this (vtable 0x00A90430, .?AVNiBoxBV@@)",REJECTED_ALIAS
0x007FD167,0x007FCF50,"mov dword ptr [esp + 0x30], eax",eax,stack slot (esp+0x30),REJECTED_ALIAS
0x008038B8,0x00803880,"mov dword ptr [esp + 0x30], ecx",ecx,stack slot (esp+0x30),REJECTED_ALIAS
0x008041D4,0x00804180,"mov dword ptr [esi + 0x30], eax",eax,"other-class this (vtable 0x00A904DC, .?AVNiCollisionData@@)",REJECTED_ALIAS
0x0080426F,0x00804220,"mov dword ptr [esi + 0x30], ebx",ebx,"other-class this (vtable 0x00A904DC, .?AVNiCollisionData@@)",REJECTED_ALIAS
0x008042C9,0x008042A0,"mov dword ptr [esi + 0x30], ecx",ecx,unknown,POSSIBLE_ALIAS
0x00804A8C,0x00804A20,"mov dword ptr [esp + 0x30], 0",0,stack slot (esp+0x30),REJECTED_ALIAS
0x00804B94,0x00804A20,"mov dword ptr [esp + 0x30], 1",1,stack slot (esp+0x30),REJECTED_ALIAS
0x00804D54,0x00804CD0,"mov dword ptr [esi + 0x30], eax",eax,unknown,POSSIBLE_ALIAS
0x00805CEB,0x00805C70,"mov dword ptr [esi + 0x30], edx",edx,unknown,POSSIBLE_ALIAS
0x00805D26,0x00805C70,"mov dword ptr [esi + 0x30], edx",edx,null base,REJECTED_ALIAS
0x00805DB8,0x00805D40,"mov dword ptr [esi + 0x30], edx",edx,unknown,POSSIBLE_ALIAS
0x00805EC8,0x00805E50,"mov dword ptr [esi + 0x30], edx",edx,unknown,POSSIBLE_ALIAS
0x0080780A,0x00807740,"mov dword ptr [esp + 0x30], ecx",ecx,stack slot (esp+0x30),REJECTED_ALIAS
0x00807FB0,0x00807E30,"mov dword ptr [esp + 0x30], ebp",ebp,stack slot (esp+0x30),REJECTED_ALIAS
0x00807FF2,0x00807E30,"mov dword ptr [esp + 0x30], edx",edx,stack slot (esp+0x30),REJECTED_ALIAS
0x0080803B,0x00807E30,"mov dword ptr [esp + 0x30], edi",edi,stack slot (esp+0x30),REJECTED_ALIAS
0x0080807A,0x00807E30,"mov dword ptr [esp + 0x30], edi",edi,stack slot (esp+0x30),REJECTED_ALIAS
0x00808524,0x008084D0,"mov dword ptr [esp + 0x30], eax",eax,stack slot (esp+0x30),REJECTED_ALIAS
0x0080926E,0x008091D0,"mov dword ptr [esi + 0x30], edx",edx,unknown,POSSIBLE_ALIAS
0x00809333,0x008092A0,"mov dword ptr [esi + 0x30], ecx",ecx,unknown,POSSIBLE_ALIAS
0x008093FF,0x00809360,"mov dword ptr [esi + 0x30], ecx",ecx,unknown,POSSIBLE_ALIAS
0x008095B5,0x00809580,"mov dword ptr [esi + 0x30], edx",edx,unknown,POSSIBLE_ALIAS
0x0080A6FF,0x0080A6B0,"mov dword ptr [esi + 0x30], eax",eax,"other-class this (vtable 0x00A90DBC, .?AVNiScreenLODData@@)",REJECTED_ALIAS
0x0080A73D,0x0080A720,"mov dword ptr [esi + 0x30], edi",edi,unknown,POSSIBLE_ALIAS
0x0080A791,0x0080A720,"mov dword ptr [esi + 0x30], ebx",ebx,unknown,POSSIBLE_ALIAS
0x0080FA3B,0x0080F1C0,"mov dword ptr [esp + 0x30], ecx",ecx,stack slot (esp+0x30),REJECTED_ALIAS
0x0080FD6E,0x0080FA80,"mov dword ptr [esp + 0x30], edx",edx,stack slot (esp+0x30),REJECTED_ALIAS
0x0080FE39,0x0080FA80,"mov dword ptr [esp + 0x30], edx",edx,stack slot (esp+0x30),REJECTED_ALIAS
0x0080FF0D,0x0080FA80,"mov dword ptr [esp + 0x30], edx",edx,stack slot (esp+0x30),REJECTED_ALIAS
0x0080FF6E,0x0080FA80,"mov dword ptr [esp + 0x30], edx",edx,stack slot (esp+0x30),REJECTED_ALIAS
0x00810123,0x0080FA80,"mov dword ptr [esp + 0x30], edx",edx,stack slot (esp+0x30),REJECTED_ALIAS
0x00810214,0x0080FA80,"mov dword ptr [esp + 0x30], edx",edx,stack slot (esp+0x30),REJECTED_ALIAS
0x00812FC7,0x00812ED0,"mov dword ptr [esp + 0x30], ecx",ecx,stack slot (esp+0x30),REJECTED_ALIAS
0x0081308A,0x00812ED0,"mov dword ptr [esp + 0x30], ecx",ecx,stack slot (esp+0x30),REJECTED_ALIAS
0x008131A4,0x00812ED0,"mov dword ptr [esp + 0x30], ecx",ecx,stack slot (esp+0x30),REJECTED_ALIAS
0x0081324D,0x00812ED0,"mov dword ptr [esp + 0x30], ecx",ecx,stack slot (esp+0x30),REJECTED_ALIAS
0x00813763,0x00813700,"mov dword ptr [esp + 0x30], ecx",ecx,stack slot (esp+0x30),REJECTED_ALIAS
0x0081382E,0x008137D0,"mov dword ptr [esp + 0x30], edx",edx,stack slot (esp+0x30),REJECTED_ALIAS
0x008138B0,0x008137D0,"mov dword ptr [esp + 0x30], eax",eax,stack slot (esp+0x30),REJECTED_ALIAS
0x008139A3,0x00813940,"mov dword ptr [esp + 0x30], ecx",ecx,stack slot (esp+0x30),REJECTED_ALIAS
0x00813A6E,0x00813A10,"mov dword ptr [esp + 0x30], edx",edx,stack slot (esp+0x30),REJECTED_ALIAS
0x00813B1F,0x00813A10,"mov dword ptr [esp + 0x30], eax",eax,stack slot (esp+0x30),REJECTED_ALIAS
0x00813BFA,0x00813BA0,"mov dword ptr [esp + 0x30], edx",edx,stack slot (esp+0x30),REJECTED_ALIAS
0x00813CAF,0x00813BA0,"mov dword ptr [esp + 0x30], eax",eax,stack slot (esp+0x30),REJECTED_ALIAS
0x00813D30,0x00813BA0,"mov dword ptr [esp + 0x30], ecx",ecx,stack slot (esp+0x30),REJECTED_ALIAS
0x00813E0E,0x00813DB0,"mov dword ptr [esp + 0x30], edx",edx,stack slot (esp+0x30),REJECTED_ALIAS
0x00813EBF,0x00813DB0,"mov dword ptr [esp + 0x30], eax",eax,stack slot (esp+0x30),REJECTED_ALIAS
0x00813F9A,0x00813F40,"mov dword ptr [esp + 0x30], edx",edx,stack slot (esp+0x30),REJECTED_ALIAS
0x0081404F,0x00813F40,"mov dword ptr [esp + 0x30], eax",eax,stack slot (esp+0x30),REJECTED_ALIAS
0x008140F8,0x00813F40,"mov dword ptr [esp + 0x30], ecx",ecx,stack slot (esp+0x30),REJECTED_ALIAS
0x008141CE,0x00814170,"mov dword ptr [esp + 0x30], edx",edx,stack slot (esp+0x30),REJECTED_ALIAS
0x00814250,0x00814170,"mov dword ptr [esp + 0x30], eax",eax,stack slot (esp+0x30),REJECTED_ALIAS
0x00814343,0x008142E0,"mov dword ptr [esp + 0x30], ecx",ecx,stack slot (esp+0x30),REJECTED_ALIAS
0x0081440E,0x008143B0,"mov dword ptr [esp + 0x30], edx",edx,stack slot (esp+0x30),REJECTED_ALIAS
0x008144BF,0x008143B0,"mov dword ptr [esp + 0x30], eax",eax,stack slot (esp+0x30),REJECTED_ALIAS
0x0081456A,0x00814540,"mov dword ptr [esp + 0x30], eax",eax,stack slot (esp+0x30),REJECTED_ALIAS
0x0081462E,0x00814540,"mov dword ptr [esp + 0x30], eax",eax,stack slot (esp+0x30),REJECTED_ALIAS
0x008146AF,0x00814540,"mov dword ptr [esp + 0x30], ecx",ecx,stack slot (esp+0x30),REJECTED_ALIAS
0x00814761,0x00814730,"mov dword ptr [esp + 0x30], eax",eax,stack slot (esp+0x30),REJECTED_ALIAS
0x0081481E,0x00814730,"mov dword ptr [esp + 0x30], eax",eax,stack slot (esp+0x30),REJECTED_ALIAS
0x008148CA,0x008148A0,"mov dword ptr [esp + 0x30], eax",eax,stack slot (esp+0x30),REJECTED_ALIAS
0x0081498E,0x008148A0,"mov dword ptr [esp + 0x30], eax",eax,stack slot (esp+0x30),REJECTED_ALIAS
0x00814A37,0x008148A0,"mov dword ptr [esp + 0x30], ecx",ecx,stack slot (esp+0x30),REJECTED_ALIAS
0x00814AF4,0x00814AB0,"mov dword ptr [esp + 0x30], edx",edx,stack slot (esp+0x30),REJECTED_ALIAS
0x00814B84,0x00814AB0,"mov dword ptr [esp + 0x30], eax",eax,stack slot (esp+0x30),REJECTED_ALIAS
0x00814C57,0x00814C00,"mov dword ptr [esp + 0x30], eax",eax,stack slot (esp+0x30),REJECTED_ALIAS
0x00814CE1,0x00814CB0,"mov dword ptr [esp + 0x30], eax",eax,stack slot (esp+0x30),REJECTED_ALIAS
0x00814D9E,0x00814CB0,"mov dword ptr [esp + 0x30], eax",eax,stack slot (esp+0x30),REJECTED_ALIAS
0x00814E64,0x00814E20,"mov dword ptr [esp + 0x30], edx",edx,stack slot (esp+0x30),REJECTED_ALIAS
0x00814EF8,0x00814E20,"mov dword ptr [esp + 0x30], eax",eax,stack slot (esp+0x30),REJECTED_ALIAS
0x00814F80,0x00814E20,"mov dword ptr [esp + 0x30], ecx",ecx,stack slot (esp+0x30),REJECTED_ALIAS
0x00815034,0x00814FF0,"mov dword ptr [esp + 0x30], edx",edx,stack slot (esp+0x30),REJECTED_ALIAS
0x008150C4,0x00814FF0,"mov dword ptr [esp + 0x30], eax",eax,stack slot (esp+0x30),REJECTED_ALIAS
0x0081516A,0x00815140,"mov dword ptr [esp + 0x30], eax",eax,stack slot (esp+0x30),REJECTED_ALIAS
0x00815206,0x00815140,"mov dword ptr [esp + 0x30], eax",eax,stack slot (esp+0x30),REJECTED_ALIAS
0x008152B6,0x00815140,"mov dword ptr [esp + 0x30], ecx",ecx,stack slot (esp+0x30),REJECTED_ALIAS
0x00815374,0x00815330,"mov dword ptr [esp + 0x30], edx",edx,stack slot (esp+0x30),REJECTED_ALIAS
0x00815404,0x00815330,"mov dword ptr [esp + 0x30], eax",eax,stack slot (esp+0x30),REJECTED_ALIAS
0x008154D7,0x00815480,"mov dword ptr [esp + 0x30], eax",eax,stack slot (esp+0x30),REJECTED_ALIAS
0x00815561,0x00815530,"mov dword ptr [esp + 0x30], eax",eax,stack slot (esp+0x30),REJECTED_ALIAS
0x0081561E,0x00815530,"mov dword ptr [esp + 0x30], eax",eax,stack slot (esp+0x30),REJECTED_ALIAS
0x008156FA,0x008156A0,"mov dword ptr [esp + 0x30], edx",edx,stack slot (esp+0x30),REJECTED_ALIAS
0x00815787,0x008156A0,"mov dword ptr [esp + 0x30], eax",eax,stack slot (esp+0x30),REJECTED_ALIAS
0x0081580F,0x008156A0,"mov dword ptr [esp + 0x30], ecx",ecx,stack slot (esp+0x30),REJECTED_ALIAS
0x008158EE,0x00815890,"mov dword ptr [esp + 0x30], edx",edx,stack slot (esp+0x30),REJECTED_ALIAS
0x00815970,0x00815890,"mov dword ptr [esp + 0x30], eax",eax,stack slot (esp+0x30),REJECTED_ALIAS
0x00815A5A,0x00815A00,"mov dword ptr [esp + 0x30], edx",edx,stack slot (esp+0x30),REJECTED_ALIAS
0x00815AE7,0x00815A00,"mov dword ptr [esp + 0x30], eax",eax,stack slot (esp+0x30),REJECTED_ALIAS
0x00815B97,0x00815A00,"mov dword ptr [esp + 0x30], ecx",ecx,stack slot (esp+0x30),REJECTED_ALIAS
0x00815F56,0x00815F50,"mov dword ptr [esp + 0x30], eax",eax,stack slot (esp+0x30),REJECTED_ALIAS
0x00816077,0x00816020,"mov dword ptr [esp + 0x30], eax",eax,stack slot (esp+0x30),REJECTED_ALIAS
0x00817C6B,0x00817C50,"mov dword ptr [esi + 0x30], eax",eax,unknown,POSSIBLE_ALIAS
0x00817C76,0x00817C50,"mov dword ptr [esi + 0x30], eax",eax,unknown,POSSIBLE_ALIAS
0x00817CA8,0x00817C50,"mov dword ptr [esi + 0x30], eax",eax,unknown,POSSIBLE_ALIAS
0x008190D3,0x00818F40,"mov dword ptr [esp + 0x30], ecx",ecx,stack slot (esp+0x30),REJECTED_ALIAS
0x0081915E,0x00818F40,"mov dword ptr [esp + 0x30], ecx",ecx,stack slot (esp+0x30),REJECTED_ALIAS
0x0081930C,0x00818F40,"mov dword ptr [esp + 0x30], ecx",ecx,stack slot (esp+0x30),REJECTED_ALIAS
0x0081B366,0x0081B2C0,"mov dword ptr [esi + 0x30], ecx",ecx,unknown,POSSIBLE_ALIAS
0x0081B375,0x0081B2C0,"mov dword ptr [ebx + 0x30], esi",esi,unknown,POSSIBLE_ALIAS
0x0081BB60,0x0081BA90,"mov dword ptr [esp + 0x30], eax",eax,stack slot (esp+0x30),REJECTED_ALIAS
0x0081C47F,0x0081C370,"mov dword ptr [esi + 0x30], ecx",ecx,unknown,POSSIBLE_ALIAS
0x00821696,0x00821640,"mov dword ptr [esp + 0x30], 1",1,stack slot (esp+0x30),REJECTED_ALIAS
0x0082201D,0x00821FB0,"mov dword ptr [esp + 0x30], ebx",ebx,stack slot (esp+0x30),REJECTED_ALIAS
0x00822FEA,0x00822FB0,"mov dword ptr [esp + 0x30], esi",esi,stack slot (esp+0x30),REJECTED_ALIAS
0x008236FA,0x008236A0,"mov dword ptr [esi + 0x30], ebx",ebx,unknown,POSSIBLE_ALIAS
0x008238DC,0x00823860,"mov dword ptr [esp + 0x30], 0",0,stack slot (esp+0x30),REJECTED_ALIAS
0x00823CC4,0x00823C10,"mov dword ptr [esp + 0x30], ebx",ebx,stack slot (esp+0x30),REJECTED_ALIAS
0x00824486,0x008243C0,"mov byte ptr [esp + 0x30], 1",1,stack slot (esp+0x30),REJECTED_ALIAS
0x00824495,0x008243C0,"mov byte ptr [esp + 0x30], 0",0,stack slot (esp+0x30),REJECTED_ALIAS
0x008244D2,0x008243C0,"mov dword ptr [esp + 0x30], 0xffffffff",0xffffffff,stack slot (esp+0x30),REJECTED_ALIAS
0x008245E4,0x00824520,"mov byte ptr [esp + 0x30], 2",2,stack slot (esp+0x30),REJECTED_ALIAS
0x00824651,0x00824520,"mov byte ptr [esp + 0x30], 2",2,stack slot (esp+0x30),REJECTED_ALIAS
0x00824660,0x00824520,"mov byte ptr [esp + 0x30], 1",1,stack slot (esp+0x30),REJECTED_ALIAS
0x0082469B,0x00824520,"mov byte ptr [esp + 0x30], 0",0,stack slot (esp+0x30),REJECTED_ALIAS
0x008246D4,0x00824520,"mov dword ptr [esp + 0x30], 0xffffffff",0xffffffff,stack slot (esp+0x30),REJECTED_ALIAS
0x0082506A,0x00824F10,"mov dword ptr [esp + 0x30], edx",edx,stack slot (esp+0x30),REJECTED_ALIAS
0x00825212,0x008251A0,"mov dword ptr [esp + 0x30], ebx",ebx,stack slot (esp+0x30),REJECTED_ALIAS
0x008264D3,0x00826480,"mov dword ptr [esp + 0x30], esi",esi,stack slot (esp+0x30),REJECTED_ALIAS
0x008265FC,0x00826590,"mov dword ptr [esi + 0x30], ebx",ebx,"other-class this (vtable 0x00A91650, .?AVArkResourceDataStoreFile@@)",REJECTED_ALIAS
0x00827339,0x008272B0,"mov dword ptr [edi + 0x30], ebx",ebx,"other-class this (vtable 0x00A9170C, .?AVArkResourceItemStoreFixedCount@@)",REJECTED_ALIAS
0x008276A4,0x00827630,"mov dword ptr [esi + 0x30], ebx",ebx,"other-class this (vtable 0x00A9170C, .?AVArkResourceItemStoreFixedCount@@)",REJECTED_ALIAS
0x0082770D,0x00827630,"mov dword ptr [esi + 0x30], eax",eax,"other-class this (vtable 0x00A9170C, .?AVArkResourceItemStoreFixedCount@@)",REJECTED_ALIAS
0x008278CA,0x00827850,"mov dword ptr [esp + 0x30], edx",edx,stack slot (esp+0x30),REJECTED_ALIAS
0x00827E65,0x00827D90,"mov dword ptr [esp + 0x30], 0",0,stack slot (esp+0x30),REJECTED_ALIAS
0x00827F4F,0x00827EC0,"mov dword ptr [esp + 0x30], esp",esp,stack slot (esp+0x30),REJECTED_ALIAS
0x008289C1,0x00828920,"mov dword ptr [esp + 0x30], 0xffffffff",0xffffffff,stack slot (esp+0x30),REJECTED_ALIAS
0x00828A00,0x00828920,"mov dword ptr [esp + 0x30], 0xffffffff",0xffffffff,stack slot (esp+0x30),REJECTED_ALIAS
0x00828EA0,0x00828E50,"mov byte ptr [esp + 0x30], 1",1,stack slot (esp+0x30),REJECTED_ALIAS
0x008294CB,0x00829460,"mov dword ptr [esp + 0x30], 0",0,stack slot (esp+0x30),REJECTED_ALIAS
0x008299C7,0x008297A0,"mov byte ptr [esp + 0x30], 0x4d",0x4d,stack slot (esp+0x30),REJECTED_ALIAS
0x00829B30,0x00829A30,"mov byte ptr [esp + 0x30], 0x64",0x64,stack slot (esp+0x30),REJECTED_ALIAS
0x00829BC3,0x00829A30,"mov byte ptr [esp + 0x30], 0x66",0x66,stack slot (esp+0x30),REJECTED_ALIAS
0x00829C65,0x00829A30,"mov word ptr [esp + 0x30], si",si,stack slot (esp+0x30),REJECTED_ALIAS
0x0082A33B,0x0082A2D0,"mov dword ptr [esp + 0x30], edi",edi,stack slot (esp+0x30),REJECTED_ALIAS
0x0082C1E2,0x0082BE30,"mov dword ptr [esp + 0x30], esi",esi,stack slot (esp+0x30),REJECTED_ALIAS
0x0082C4CD,0x0082BE30,"mov dword ptr [esp + 0x30], eax",eax,stack slot (esp+0x30),REJECTED_ALIAS
0x0082C94D,0x0082C7F0,"mov dword ptr [esi + 0x30], eax",eax,unknown,POSSIBLE_ALIAS
0x0082CC41,0x0082CB60,"mov dword ptr [esi + 0x30], edx",edx,unknown,POSSIBLE_ALIAS
0x0082CDF6,0x0082CDC0,"mov dword ptr [esp + 0x30], edi",edi,stack slot (esp+0x30),REJECTED_ALIAS
0x0082DB61,0x0082DAC0,"mov word ptr [ebp + 0x30], cx",cx,caller stack (inherited ebp),REJECTED_ALIAS
0x0082E23C,0x0082E210,"mov dword ptr [esi + 0x30], 0",0,"other-class this (vtable 0x00A918B0, .?AVArkNiMemoryFile@@)",REJECTED_ALIAS
0x0082E2A0,0x0082E290,"mov dword ptr [ecx + 0x30], eax",eax,unknown,POSSIBLE_ALIAS
0x0082E2B2,0x0082E290,"add dword ptr [ecx + 0x30], edx",edx,unknown,POSSIBLE_ALIAS
0x0082E2C7,0x0082E290,"mov dword ptr [ecx + 0x30], eax",eax,unknown,POSSIBLE_ALIAS
0x0082E36F,0x0082E330,"add dword ptr [esi + 0x30], ebx",ebx,unknown,POSSIBLE_ALIAS
0x0082E3A5,0x0082E330,"mov dword ptr [esi + 0x30], eax",eax,unknown,POSSIBLE_ALIAS
0x0082EA4B,0x0082E9B0,"mov dword ptr [esp + 0x30], eax",eax,stack slot (esp+0x30),REJECTED_ALIAS
0x0082F730,0x0082F710,"mov dword ptr [esi + 0x30], eax",eax,"other-class this (vtable 0x00A91A10, .?AVArkPropertyFinder@@)",REJECTED_ALIAS
0x0082FE75,0x0082FE10,"mov dword ptr [esp + 0x30], eax",eax,stack slot (esp+0x30),REJECTED_ALIAS
0x008304A4,0x008301F0,"mov dword ptr [esi + 0x30], eax",eax,unknown,POSSIBLE_ALIAS
0x00831990,0x00831910,"mov dword ptr [esp + 0x30], 0",0,stack slot (esp+0x30),REJECTED_ALIAS
0x00831A40,0x008319C0,"mov dword ptr [esp + 0x30], 0",0,stack slot (esp+0x30),REJECTED_ALIAS
0x00831E60,0x00831DE0,"mov dword ptr [esp + 0x30], 0",0,stack slot (esp+0x30),REJECTED_ALIAS
0x00832064,0x00832000,"mov dword ptr [esp + 0x30], ebp",ebp,stack slot (esp+0x30),REJECTED_ALIAS
0x008321D4,0x00832190,"mov dword ptr [esp + 0x30], ebx",ebx,stack slot (esp+0x30),REJECTED_ALIAS
0x008323ED,0x008323B0,"mov dword ptr [esp + 0x30], ebx",ebx,stack slot (esp+0x30),REJECTED_ALIAS
0x0083250F,0x00832450,"mov dword ptr [esp + 0x30], 0xffffffff",0xffffffff,stack slot (esp+0x30),REJECTED_ALIAS
0x00832799,0x00832680,"mov dword ptr [esi + 0x30], ebx",ebx,unknown,POSSIBLE_ALIAS
0x008329D3,0x008329A0,"mov dword ptr [esp + 0x30], 0xc",0xc,stack slot (esp+0x30),REJECTED_ALIAS
0x00832BE9,0x008329A0,"mov byte ptr [esp + 0x30], 0xb",0xb,stack slot (esp+0x30),REJECTED_ALIAS
0x00832C44,0x008329A0,"mov byte ptr [esp + 0x30], 0xa",0xa,stack slot (esp+0x30),REJECTED_ALIAS
0x00832C55,0x008329A0,"mov byte ptr [esp + 0x30], 9",9,stack slot (esp+0x30),REJECTED_ALIAS
0x00832C65,0x008329A0,"mov byte ptr [esp + 0x30], 8",8,stack slot (esp+0x30),REJECTED_ALIAS
0x00832C75,0x008329A0,"mov byte ptr [esp + 0x30], 7",7,stack slot (esp+0x30),REJECTED_ALIAS
0x00832C85,0x008329A0,"mov byte ptr [esp + 0x30], 6",6,stack slot (esp+0x30),REJECTED_ALIAS
0x00832C95,0x008329A0,"mov byte ptr [esp + 0x30], 5",5,stack slot (esp+0x30),REJECTED_ALIAS
0x00832CAC,0x008329A0,"mov byte ptr [esp + 0x30], 4",4,stack slot (esp+0x30),REJECTED_ALIAS
0x00832CFB,0x008329A0,"mov byte ptr [esp + 0x30], 3",3,stack slot (esp+0x30),REJECTED_ALIAS
0x00832D4E,0x008329A0,"mov byte ptr [esp + 0x30], 2",2,stack slot (esp+0x30),REJECTED_ALIAS
0x00832D9D,0x008329A0,"mov byte ptr [esp + 0x30], 1",1,stack slot (esp+0x30),REJECTED_ALIAS
0x00832DB0,0x008329A0,"mov byte ptr [esp + 0x30], 0",0,stack slot (esp+0x30),REJECTED_ALIAS
0x00832DC3,0x008329A0,"mov dword ptr [esp + 0x30], 0xffffffff",0xffffffff,stack slot (esp+0x30),REJECTED_ALIAS
0x00833B62,0x00833AF0,"mov dword ptr [esp + 0x30], eax",eax,stack slot (esp+0x30),REJECTED_ALIAS
0x00833C9A,0x00833AF0,"mov dword ptr [esp + 0x30], eax",eax,stack slot (esp+0x30),REJECTED_ALIAS
0x008340BF,0x00834010,"mov dword ptr [esi + 0x30], ebx",ebx,"other-class this (vtable 0x00A91A4C, .?AVArkCommunicator@@)",REJECTED_ALIAS
0x0083415D,0x00834010,"mov byte ptr [esp + 0x30], bl",bl,stack slot (esp+0x30),REJECTED_ALIAS
0x00834E80,0x00834DC0,"mov dword ptr [esp + 0x30], 0xffffffff",0xffffffff,stack slot (esp+0x30),REJECTED_ALIAS
0x00834FDB,0x00834F30,"mov dword ptr [esp + 0x30], edx",edx,stack slot (esp+0x30),REJECTED_ALIAS
0x00835572,0x00835500,"mov dword ptr [esp + 0x30], ecx",ecx,stack slot (esp+0x30),REJECTED_ALIAS
0x008355CA,0x00835500,"mov dword ptr [esp + 0x30], eax",eax,stack slot (esp+0x30),REJECTED_ALIAS
0x00835793,0x00835700,"mov dword ptr [esi + 0x30], edi",edi,"other-class this (vtable 0x00A91A6C, .?AVArkPacketDecoder@@)",REJECTED_ALIAS
0x008358BF,0x00835700,"mov dword ptr [esi + 0x30], eax",eax,"other-class this (vtable 0x00A91A6C, .?AVArkPacketDecoder@@)",REJECTED_ALIAS
0x008361A5,0x00836160,"mov dword ptr [esp + 0x30], 0",0,stack slot (esp+0x30),REJECTED_ALIAS
0x008361FC,0x00836160,"mov dword ptr [esp + 0x30], 0xffffffff",0xffffffff,stack slot (esp+0x30),REJECTED_ALIAS
0x00837A70,0x008379F0,"mov dword ptr [esp + 0x30], 0",0,stack slot (esp+0x30),REJECTED_ALIAS
0x00837B20,0x00837AA0,"mov dword ptr [esp + 0x30], 0",0,stack slot (esp+0x30),REJECTED_ALIAS
0x00837BD0,0x00837B50,"mov dword ptr [esp + 0x30], 0",0,stack slot (esp+0x30),REJECTED_ALIAS
0x00839CBA,0x00839B80,"mov dword ptr [esp + 0x30], ebp",ebp,stack slot (esp+0x30),REJECTED_ALIAS
0x0083A702,0x0083A6C0,"mov dword ptr [esp + 0x30], eax",eax,stack slot (esp+0x30),REJECTED_ALIAS
0x0083ADD8,0x0083ADD0,"mov dword ptr [ecx + 0x30], eax",eax,unknown,POSSIBLE_ALIAS
0x0083B82C,0x0083B7F0,"mov dword ptr [esi + 0x30], ebx",ebx,unknown,POSSIBLE_ALIAS
0x0083B976,0x0083B920,"mov dword ptr [esi + 0x30], ebx",ebx,unknown,POSSIBLE_ALIAS
0x0083BDC6,0x0083BD60,"mov dword ptr [esp + 0x30], eax",eax,stack slot (esp+0x30),REJECTED_ALIAS
0x0083BEAB,0x0083BD60,"mov dword ptr [esp + 0x30], edx",edx,stack slot (esp+0x30),REJECTED_ALIAS
0x0083D117,0x0083D0D0,"mov dword ptr [esp + 0x30], 0",0,stack slot (esp+0x30),REJECTED_ALIAS
0x0083DC1C,0x0083DB80,"mov dword ptr [esp + 0x30], eax",eax,stack slot (esp+0x30),REJECTED_ALIAS
0x0083DC62,0x0083DB80,"mov dword ptr [esp + 0x30], eax",eax,stack slot (esp+0x30),REJECTED_ALIAS
0x0083DC82,0x0083DB80,"mov dword ptr [esp + 0x30], eax",eax,stack slot (esp+0x30),REJECTED_ALIAS
0x0083DCA2,0x0083DB80,"mov dword ptr [esp + 0x30], eax",eax,stack slot (esp+0x30),REJECTED_ALIAS
0x0083DDEC,0x0083DD80,"mov dword ptr [esi + 0x30], ebx",ebx,unknown,POSSIBLE_ALIAS
0x0083DFF3,0x0083DEE0,"mov dword ptr [esp + 0x30], esp",esp,stack slot (esp+0x30),REJECTED_ALIAS
0x0083EFFF,0x0083ED50,"mov dword ptr [esp + 0x30], eax",eax,stack slot (esp+0x30),REJECTED_ALIAS
0x0083FD01,0x0083FC60,"mov byte ptr [esp + 0x30], 1",1,stack slot (esp+0x30),REJECTED_ALIAS
0x0084036C,0x008402F0,"mov dword ptr [esp + 0x30], edx",edx,stack slot (esp+0x30),REJECTED_ALIAS
0x0084055F,0x008404B0,"mov dword ptr [esp + 0x30], ecx",ecx,stack slot (esp+0x30),REJECTED_ALIAS
0x008421B5,0x008420E0,"mov dword ptr [esp + 0x30], 0xffffffff",0xffffffff,stack slot (esp+0x30),REJECTED_ALIAS
0x00842241,0x008421E0,"mov dword ptr [esp + 0x30], edx",edx,stack slot (esp+0x30),REJECTED_ALIAS
0x00842AE4,0x00842A50,"mov dword ptr [esp + 0x30], esi",esi,stack slot (esp+0x30),REJECTED_ALIAS
0x00842E2B,0x00842D40,"mov dword ptr [esp + 0x30], esi",esi,stack slot (esp+0x30),REJECTED_ALIAS
0x00842ED0,0x00842E60,"mov dword ptr [esp + 0x30], 1",1,stack slot (esp+0x30),REJECTED_ALIAS
0x00842EFD,0x00842E60,"mov dword ptr [esp + 0x30], 2",2,stack slot (esp+0x30),REJECTED_ALIAS
0x00842F2A,0x00842E60,"mov dword ptr [esp + 0x30], 3",3,stack slot (esp+0x30),REJECTED_ALIAS
0x00842F57,0x00842E60,"mov dword ptr [esp + 0x30], 4",4,stack slot (esp+0x30),REJECTED_ALIAS
0x00842F84,0x00842E60,"mov dword ptr [esp + 0x30], 5",5,stack slot (esp+0x30),REJECTED_ALIAS
0x00842FB1,0x00842E60,"mov dword ptr [esp + 0x30], 6",6,stack slot (esp+0x30),REJECTED_ALIAS
0x00842FDE,0x00842E60,"mov dword ptr [esp + 0x30], 7",7,stack slot (esp+0x30),REJECTED_ALIAS
0x0084300B,0x00842E60,"mov dword ptr [esp + 0x30], 8",8,stack slot (esp+0x30),REJECTED_ALIAS
0x00843038,0x00842E60,"mov dword ptr [esp + 0x30], 9",9,stack slot (esp+0x30),REJECTED_ALIAS
0x00843065,0x00842E60,"mov dword ptr [esp + 0x30], 0xa",0xa,stack slot (esp+0x30),REJECTED_ALIAS
0x00843092,0x00842E60,"mov dword ptr [esp + 0x30], 0xb",0xb,stack slot (esp+0x30),REJECTED_ALIAS
0x008430BF,0x00842E60,"mov dword ptr [esp + 0x30], 0xc",0xc,stack slot (esp+0x30),REJECTED_ALIAS
0x008430EC,0x00842E60,"mov dword ptr [esp + 0x30], 0xd",0xd,stack slot (esp+0x30),REJECTED_ALIAS
0x00843119,0x00842E60,"mov dword ptr [esp + 0x30], 0xe",0xe,stack slot (esp+0x30),REJECTED_ALIAS
0x00843146,0x00842E60,"mov dword ptr [esp + 0x30], 0xf",0xf,stack slot (esp+0x30),REJECTED_ALIAS
0x00843173,0x00842E60,"mov dword ptr [esp + 0x30], 0x10",0x10,stack slot (esp+0x30),REJECTED_ALIAS
0x008431A0,0x00842E60,"mov dword ptr [esp + 0x30], 0x11",0x11,stack slot (esp+0x30),REJECTED_ALIAS
0x008431CA,0x00842E60,"mov dword ptr [esp + 0x30], 0x12",0x12,stack slot (esp+0x30),REJECTED_ALIAS
0x008431F4,0x00842E60,"mov dword ptr [esp + 0x30], 0x13",0x13,stack slot (esp+0x30),REJECTED_ALIAS
0x008436C9,0x00843660,"mov byte ptr [esp + 0x30], 1",1,stack slot (esp+0x30),REJECTED_ALIAS
0x00843738,0x00843660,"mov byte ptr [esp + 0x30], 0",0,stack slot (esp+0x30),REJECTED_ALIAS
0x00843746,0x00843660,"mov dword ptr [esp + 0x30], 0xffffffff",0xffffffff,stack slot (esp+0x30),REJECTED_ALIAS
0x00843B6A,UNATTRIBUTED,"mov dword ptr [esp + 0x30], 0x4e27",0x4e27,stack slot (esp+0x30),REJECTED_ALIAS
0x00844B76,0x00844B10,"mov dword ptr [esp + 0x30], 0xffffffff",0xffffffff,stack slot (esp+0x30),REJECTED_ALIAS
0x00844C16,0x00844BB0,"mov dword ptr [esp + 0x30], 0xffffffff",0xffffffff,stack slot (esp+0x30),REJECTED_ALIAS
0x0084503F,0x00844FF0,"mov dword ptr [esp + 0x30], ebx",ebx,stack slot (esp+0x30),REJECTED_ALIAS
0x00845061,0x00844FF0,"mov dword ptr [esp + 0x30], 0",0,stack slot (esp+0x30),REJECTED_ALIAS
0x0084552C,0x008454E0,"mov dword ptr [esp + 0x30], ebx",ebx,stack slot (esp+0x30),REJECTED_ALIAS
0x008455DF,0x00845590,"mov dword ptr [esp + 0x30], 0",0,stack slot (esp+0x30),REJECTED_ALIAS
0x008458AD,0x00845840,"mov dword ptr [esp + 0x30], ebx",ebx,stack slot (esp+0x30),REJECTED_ALIAS
0x00847823,0x008477E0,"mov dword ptr [esp + 0x30], eax",eax,stack slot (esp+0x30),REJECTED_ALIAS
0x00848A0C,0x008487A0,"mov dword ptr [esp + 0x30], 0",0,stack slot (esp+0x30),REJECTED_ALIAS
0x00848FB4,0x00848EA0,"mov dword ptr [esp + 0x30], edx",edx,stack slot (esp+0x30),REJECTED_ALIAS
0x008494A8,0x00849450,"mov dword ptr [esp + 0x30], 0",0,stack slot (esp+0x30),REJECTED_ALIAS
0x0084950A,0x00849450,"mov dword ptr [esp + 0x30], 0xffffffff",0xffffffff,stack slot (esp+0x30),REJECTED_ALIAS
0x00849525,0x00849450,"mov dword ptr [esp + 0x30], 0xffffffff",0xffffffff,stack slot (esp+0x30),REJECTED_ALIAS
0x0084AAB7,0x0084AA10,"mov dword ptr [esp + 0x30], eax",eax,stack slot (esp+0x30),REJECTED_ALIAS
0x0084AACD,0x0084AA10,"mov dword ptr [esp + 0x30], eax",eax,stack slot (esp+0x30),REJECTED_ALIAS
0x0084AF10,0x0084AB40,"mov dword ptr [esp + 0x30], edx",edx,stack slot (esp+0x30),REJECTED_ALIAS
0x0084AFF8,0x0084AB40,"mov dword ptr [esp + 0x30], edx",edx,stack slot (esp+0x30),REJECTED_ALIAS
0x0084B0E4,0x0084AB40,"mov dword ptr [esp + 0x30], edx",edx,stack slot (esp+0x30),REJECTED_ALIAS
0x0084C141,0x0084C0F0,"mov dword ptr [ecx + 0x30], edx",edx,unknown,POSSIBLE_ALIAS
0x0084C32B,0x0084C2C0,"mov dword ptr [esp + 0x30], eax",eax,stack slot (esp+0x30),REJECTED_ALIAS
0x0084C8B0,0x0084C830,"mov dword ptr [esp + 0x30], 0",0,stack slot (esp+0x30),REJECTED_ALIAS
0x0084D2EB,0x0084D2A0,"mov dword ptr [esi + 0x30], ecx",ecx,unknown,POSSIBLE_ALIAS
0x0084D6CE,0x0084D650,"mov dword ptr [esp + 0x30], ebx",ebx,stack slot (esp+0x30),REJECTED_ALIAS
0x0084D725,0x0084D650,"mov dword ptr [esp + 0x30], ebx",ebx,stack slot (esp+0x30),REJECTED_ALIAS
0x0084D9F7,0x0084D890,"mov dword ptr [esi + 0x30], eax",eax,unknown,POSSIBLE_ALIAS
0x0084E1BE,0x0084DDE0,"mov dword ptr [esp + 0x30], eax",eax,stack slot (esp+0x30),REJECTED_ALIAS
0x0084E422,0x0084E3A0,"mov dword ptr [esp + 0x30], eax",eax,stack slot (esp+0x30),REJECTED_ALIAS
0x0084E434,0x0084E3A0,"mov dword ptr [esp + 0x30], ebx",ebx,stack slot (esp+0x30),REJECTED_ALIAS
0x0084F474,0x0084F370,"mov dword ptr [esp + 0x30], ecx",ecx,stack slot (esp+0x30),REJECTED_ALIAS
0x0084F709,0x0084F6C0,"mov dword ptr [esp + 0x30], edi",edi,stack slot (esp+0x30),REJECTED_ALIAS
0x0084FE79,0x0084FE50,"mov dword ptr [eax + 0x30], ecx",ecx,unknown,POSSIBLE_ALIAS
0x0085007D,0x00850040,"mov dword ptr [esp + 0x30], ecx",ecx,stack slot (esp+0x30),REJECTED_ALIAS
0x0085058B,0x00850520,"mov dword ptr [esi + 0x30], 3",3,unknown,POSSIBLE_ALIAS
0x008505AA,0x00850520,"mov dword ptr [esi + 0x30], 2",2,unknown,POSSIBLE_ALIAS
0x00850FEA,0x00850F60,"mov dword ptr [esp + 0x30], 0",0,stack slot (esp+0x30),REJECTED_ALIAS
0x00851120,0x008510A0,"mov dword ptr [esp + 0x30], 0",0,stack slot (esp+0x30),REJECTED_ALIAS
0x00851976,0x00851930,"mov dword ptr [esp + 0x30], ebp",ebp,stack slot (esp+0x30),REJECTED_ALIAS
0x00851BC7,0x00851A60,"mov dword ptr [esi + 0x30], eax",eax,unknown,POSSIBLE_ALIAS
0x00851F1A,0x00851E80,"mov dword ptr [esp + 0x30], edi",edi,stack slot (esp+0x30),REJECTED_ALIAS
0x008532E2,0x008532A0,"mov dword ptr [esp + 0x30], eax",eax,stack slot (esp+0x30),REJECTED_ALIAS
0x00854C80,0x00854C00,"mov dword ptr [esp + 0x30], 0",0,stack slot (esp+0x30),REJECTED_ALIAS
0x008553F7,0x008553D0,"mov dword ptr [esp + 0x30], ecx",ecx,stack slot (esp+0x30),REJECTED_ALIAS
0x008575A2,0x00857510,"mov dword ptr [esp + 0x30], ecx",ecx,stack slot (esp+0x30),REJECTED_ALIAS
0x0085844D,0x00858420,"mov dword ptr [esp + 0x30], ecx",ecx,stack slot (esp+0x30),REJECTED_ALIAS
0x00859A23,0x008599A0,"mov dword ptr [esp + 0x30], 0x4e2e",0x4e2e,stack slot (esp+0x30),REJECTED_ALIAS
0x0085A157,0x0085A110,"mov dword ptr [esp + 0x30], 0",0,stack slot (esp+0x30),REJECTED_ALIAS
0x0085A69B,0x0085A610,"mov dword ptr [esp + 0x30], 0",0,stack slot (esp+0x30),REJECTED_ALIAS
0x0085BE79,0x0085BD80,"mov dword ptr [edi + 0x30], edx",edx,unknown,POSSIBLE_ALIAS
0x0085C5C3,0x0085C3B0,"mov dword ptr [ebx + 0x30], ecx",ecx,unknown,POSSIBLE_ALIAS
0x0085C5FA,0x0085C3B0,"mov dword ptr [ebx + 0x30], 0",0,unknown,POSSIBLE_ALIAS
0x0085CDA7,0x0085C3B0,"mov dword ptr [esp + 0x30], eax",eax,stack slot (esp+0x30),REJECTED_ALIAS
0x0085E53D,0x0085E3C0,"mov dword ptr [esp + 0x30], ecx",ecx,stack slot (esp+0x30),REJECTED_ALIAS
0x0085F828,0x0085F6B0,"mov dword ptr [esp + 0x30], ecx",ecx,stack slot (esp+0x30),REJECTED_ALIAS
0x0086061E,0x00860160,"mov dword ptr [ebx + 0x30], eax",eax,unknown,POSSIBLE_ALIAS
0x00860F18,0x00860EE0,"mov dword ptr [eax + 0x30], ecx",ecx,"other-class this (vtable 0x00A91F78, .?AVArkCharacterControllable@@)",REJECTED_ALIAS
0x00861108,0x00861030,"mov dword ptr [ebp + 0x30], ecx",ecx,unknown (ebp repurposed),POSSIBLE_ALIAS
0x00861297,0x00861270,"add dword ptr [ecx + 0x30], edx",edx,unknown,POSSIBLE_ALIAS
0x00862457,0x00862430,"mov byte ptr [eax + 0x30], 0",0,unknown,POSSIBLE_ALIAS
0x008624AD,0x00862460,"mov byte ptr [ecx + 0x30], al",al,unknown,POSSIBLE_ALIAS
0x008625D7,0x008624C0,"mov byte ptr [esi + 0x30], bl",bl,unknown,POSSIBLE_ALIAS
0x008625FD,0x008625E0,"mov byte ptr [esi + 0x30], bl",bl,unknown,POSSIBLE_ALIAS
0x0086266E,0x00862610,"mov dword ptr [esi + 0x30], edx",edx,unknown,POSSIBLE_ALIAS
0x00862925,0x00862870,"mov dword ptr [esi + 0x30], ecx",ecx,unknown,POSSIBLE_ALIAS
0x00863A91,0x00863A50,"mov dword ptr [esi + 0x30], ecx",ecx,unknown,POSSIBLE_ALIAS
0x00863E78,0x00863DC0,"mov dword ptr [esp + 0x30], ebx",ebx,stack slot (esp+0x30),REJECTED_ALIAS
0x0086587E,0x00865820,"mov dword ptr [esi + 0x30], ebx",ebx,"other-class this (vtable 0x00A922BC, .?AVArkDX8InputHandler@@)",REJECTED_ALIAS
0x0086623C,0x00866200,"mov dword ptr [esi + 0x30], ecx",ecx,unknown,POSSIBLE_ALIAS
0x00866895,0x00866800,"mov dword ptr [esp + 0x30], eax",eax,stack slot (esp+0x30),REJECTED_ALIAS
0x0086689D,0x00866800,"mov dword ptr [esp + 0x30], edx",edx,stack slot (esp+0x30),REJECTED_ALIAS
0x00866939,0x008668D0,"mov dword ptr [esp + 0x30], edx",edx,stack slot (esp+0x30),REJECTED_ALIAS
0x00867C06,0x00867BA0,"mov dword ptr [esp + 0x30], 0xffffffff",0xffffffff,stack slot (esp+0x30),REJECTED_ALIAS
0x00867FB4,0x00867F50,"mov byte ptr [esp + 0x30], 3",3,stack slot (esp+0x30),REJECTED_ALIAS
0x00869AF0,0x008699F0,"mov dword ptr [esp + 0x30], esi",esi,stack slot (esp+0x30),REJECTED_ALIAS
0x0086A4EB,0x0086A3D0,"mov dword ptr [esp + 0x30], 0xffffffff",0xffffffff,stack slot (esp+0x30),REJECTED_ALIAS
0x0086A526,0x0086A510,"mov dword ptr [esi + 0x30], 0x15",0x15,unknown,POSSIBLE_ALIAS
0x0086A561,0x0086A550,"mov dword ptr [esi + 0x30], eax",eax,unknown,POSSIBLE_ALIAS
0x0086A614,0x0086A5B0,"mov byte ptr [esp + 0x30], 0",0,stack slot (esp+0x30),REJECTED_ALIAS
0x0086A623,0x0086A5B0,"mov dword ptr [esp + 0x30], 0xffffffff",0xffffffff,stack slot (esp+0x30),REJECTED_ALIAS
0x0086A7EC,0x0086A780,"mov byte ptr [esp + 0x30], 5",5,stack slot (esp+0x30),REJECTED_ALIAS
0x0086A816,0x0086A780,"mov byte ptr [esp + 0x30], 5",5,stack slot (esp+0x30),REJECTED_ALIAS
0x0086B524,0x0086B470,"mov dword ptr [esp + 0x30], edx",edx,stack slot (esp+0x30),REJECTED_ALIAS
0x0086B62B,0x0086B470,"mov dword ptr [esp + 0x30], eax",eax,stack slot (esp+0x30),REJECTED_ALIAS
0x0086B878,0x0086B470,"mov dword ptr [esp + 0x30], eax",eax,stack slot (esp+0x30),REJECTED_ALIAS
0x0086D0E6,0x0086D080,"mov dword ptr [esp + 0x30], 0xffffffff",0xffffffff,stack slot (esp+0x30),REJECTED_ALIAS
0x0086D592,0x0086D570,"mov dword ptr [esp + 0x30], 0xffffffff",0xffffffff,stack slot (esp+0x30),REJECTED_ALIAS
0x0086E07E,0x0086E010,"mov dword ptr [edi + 0x30], edx",edx,unknown,POSSIBLE_ALIAS
0x0086E11E,0x0086E0B0,"mov dword ptr [edi + 0x30], edx",edx,unknown,POSSIBLE_ALIAS
0x0086E7CE,0x0086E710,"mov dword ptr [esi + 0x30], edx",edx,unknown,POSSIBLE_ALIAS
0x0086E9AC,0x0086E950,"mov dword ptr [esi + 0x30], edx",edx,unknown,POSSIBLE_ALIAS
0x0086EBD9,0x0086EAF0,"mov dword ptr [esi + 0x30], eax",eax,unknown,POSSIBLE_ALIAS
0x0086ED14,0x0086EC30,"mov dword ptr [esi + 0x30], edx",edx,unknown,POSSIBLE_ALIAS
0x0086EE4C,0x0086EDF0,"mov dword ptr [esi + 0x30], edx",edx,unknown,POSSIBLE_ALIAS
0x0086EECC,0x0086EE70,"mov dword ptr [esi + 0x30], edx",edx,unknown,POSSIBLE_ALIAS
0x0086F4C2,0x0086F460,"mov dword ptr [esi + 0x30], edx",edx,stack,REJECTED_ALIAS
0x0086F8A0,0x0086F840,"mov dword ptr [esi + 0x30], edx",edx,stack,REJECTED_ALIAS
0x0086F950,0x0086F8F0,"mov dword ptr [esi + 0x30], edx",edx,stack,REJECTED_ALIAS
0x0086FBA6,0x0086FB70,"mov dword ptr [esi + 0x30], edx",edx,stack,REJECTED_ALIAS
0x00873463,0x008733A0,"add dword ptr [esp + 0x30], ecx",ecx,stack slot (esp+0x30),REJECTED_ALIAS
0x008738B3,0x008733A0,"mov dword ptr [esp + 0x30], 0",0,stack slot (esp+0x30),REJECTED_ALIAS
0x00873EC7,0x00873E60,"mov dword ptr [esp + 0x30], 0x46",0x46,stack slot (esp+0x30),REJECTED_ALIAS
0x00874915,0x00874770,"mov dword ptr [esp + 0x30], ebx",ebx,stack slot (esp+0x30),REJECTED_ALIAS
0x00874A30,0x00874770,"mov dword ptr [esp + 0x30], ebx",ebx,stack slot (esp+0x30),REJECTED_ALIAS
0x00876286,0x00876220,"mov dword ptr [esp + 0x30], 0",0,stack slot (esp+0x30),REJECTED_ALIAS
0x00876386,0x00876320,"mov dword ptr [esp + 0x30], 0xffffffff",0xffffffff,stack slot (esp+0x30),REJECTED_ALIAS
0x00876426,0x008763C0,"mov dword ptr [esp + 0x30], 0xffffffff",0xffffffff,stack slot (esp+0x30),REJECTED_ALIAS
0x008764C6,0x00876460,"mov dword ptr [esp + 0x30], 0xffffffff",0xffffffff,stack slot (esp+0x30),REJECTED_ALIAS
0x00876566,0x00876500,"mov dword ptr [esp + 0x30], 0xffffffff",0xffffffff,stack slot (esp+0x30),REJECTED_ALIAS
0x0087687D,0x00876810,"mov dword ptr [esp + 0x30], 0",0,stack slot (esp+0x30),REJECTED_ALIAS
0x0087689A,0x00876810,"mov dword ptr [esp + 0x30], 0xffffffff",0xffffffff,stack slot (esp+0x30),REJECTED_ALIAS
0x0087695C,0x008768D0,"mov dword ptr [esp + 0x30], 0xffffffff",0xffffffff,stack slot (esp+0x30),REJECTED_ALIAS
0x00876A1C,0x00876990,"mov dword ptr [esp + 0x30], 0xffffffff",0xffffffff,stack slot (esp+0x30),REJECTED_ALIAS
0x00876ADC,0x00876A50,"mov dword ptr [esp + 0x30], 0xffffffff",0xffffffff,stack slot (esp+0x30),REJECTED_ALIAS
0x00877894,0x00877820,"mov byte ptr [esp + 0x30], 1",1,stack slot (esp+0x30),REJECTED_ALIAS
0x008779F9,0x008779C0,"mov dword ptr [esp + 0x30], ebx",ebx,stack slot (esp+0x30),REJECTED_ALIAS
0x00877AC9,0x008779C0,"mov byte ptr [esp + 0x30], bl",bl,stack slot (esp+0x30),REJECTED_ALIAS
0x00877B24,0x008779C0,"mov byte ptr [esp + 0x30], bl",bl,stack slot (esp+0x30),REJECTED_ALIAS
0x00877B77,0x008779C0,"mov byte ptr [esp + 0x30], 3",3,stack slot (esp+0x30),REJECTED_ALIAS
0x00877B9C,0x008779C0,"mov byte ptr [esp + 0x30], bl",bl,stack slot (esp+0x30),REJECTED_ALIAS
0x00877BEF,0x008779C0,"mov byte ptr [esp + 0x30], bl",bl,stack slot (esp+0x30),REJECTED_ALIAS
0x00877C9E,0x008779C0,"mov byte ptr [esp + 0x30], bl",bl,stack slot (esp+0x30),REJECTED_ALIAS
0x00879DC5,0x00879D70,"mov dword ptr [esp + 0x30], ebx",ebx,stack slot (esp+0x30),REJECTED_ALIAS
0x0087A2B7,0x0087A030,"mov byte ptr [esp + 0x30], 1",1,stack slot (esp+0x30),REJECTED_ALIAS
0x0087A304,0x0087A030,"mov byte ptr [esp + 0x30], 0",0,stack slot (esp+0x30),REJECTED_ALIAS
0x0087A34F,0x0087A030,"mov dword ptr [esp + 0x30], 0",0,stack slot (esp+0x30),REJECTED_ALIAS
0x0087BB62,0x0087BB30,"mov dword ptr [esp + 0x30], esp",esp,stack slot (esp+0x30),REJECTED_ALIAS
0x0087C0EC,0x0087BCC0,"mov dword ptr [esp + 0x30], eax",eax,stack slot (esp+0x30),REJECTED_ALIAS
0x0087E407,0x0087DEE0,"mov dword ptr [esp + 0x30], ebp",ebp,stack slot (esp+0x30),REJECTED_ALIAS
0x0087E539,0x0087DEE0,"mov dword ptr [esp + 0x30], ebp",ebp,stack slot (esp+0x30),REJECTED_ALIAS
0x0087F8C3,0x0087F860,"mov dword ptr [esp + 0x30], eax",eax,stack slot (esp+0x30),REJECTED_ALIAS
0x0087FEE6,0x0087FE80,"mov dword ptr [esp + 0x30], 0xffffffff",0xffffffff,stack slot (esp+0x30),REJECTED_ALIAS
0x00881063,0x00880990,"mov dword ptr [esp + 0x30], ecx",ecx,stack slot (esp+0x30),REJECTED_ALIAS
0x008811C4,0x008811C0,"mov dword ptr [ecx + 0x30], eax",eax,unknown,POSSIBLE_ALIAS
0x008814B2,0x00881450,"mov dword ptr [esi + 0x30], ecx",ecx,unknown,POSSIBLE_ALIAS
0x0088154A,0x00881510,"mov dword ptr [esi + 0x30], ecx",ecx,unknown,POSSIBLE_ALIAS
0x008816DD,0x008816A0,"mov dword ptr [esp + 0x30], ecx",ecx,stack slot (esp+0x30),REJECTED_ALIAS
0x00882231,0x00882160,"mov dword ptr [esp + 0x30], ebx",ebx,stack slot (esp+0x30),REJECTED_ALIAS
0x0088245B,0x00882380,"mov dword ptr [esp + 0x30], ebx",ebx,stack slot (esp+0x30),REJECTED_ALIAS
0x008837A6,0x00883740,"mov dword ptr [esp + 0x30], 0xffffffff",0xffffffff,stack slot (esp+0x30),REJECTED_ALIAS
0x00883846,0x008837E0,"mov dword ptr [esp + 0x30], 0xffffffff",0xffffffff,stack slot (esp+0x30),REJECTED_ALIAS
0x008839C1,0x00883880,"mov dword ptr [esp + 0x30], edx",edx,stack slot (esp+0x30),REJECTED_ALIAS
0x00883AB0,0x00883880,"mov dword ptr [esp + 0x30], eax",eax,stack slot (esp+0x30),REJECTED_ALIAS
0x00885505,0x00885280,"mov dword ptr [esp + 0x30], edi",edi,stack slot (esp+0x30),REJECTED_ALIAS
0x00885591,0x00885280,"mov dword ptr [esp + 0x30], edi",edi,stack slot (esp+0x30),REJECTED_ALIAS
0x008855F7,0x00885280,"mov dword ptr [esp + 0x30], ebp",ebp,stack slot (esp+0x30),REJECTED_ALIAS
0x00885A6A,0x00885280,"mov dword ptr [esp + 0x30], eax",eax,stack slot (esp+0x30),REJECTED_ALIAS
0x00885F3C,0x00885EB0,"mov dword ptr [esp + 0x30], 0",0,stack slot (esp+0x30),REJECTED_ALIAS
0x008863E9,0x00885F70,"mov dword ptr [esp + 0x30], edi",edi,stack slot (esp+0x30),REJECTED_ALIAS
0x008884DA,0x00888460,"mov dword ptr [esi + 0x30], ebx",ebx,"other-class this (vtable 0x00A92CE4, .?AVArkIconBookUI@@)",REJECTED_ALIAS
0x00888778,0x00888760,"mov dword ptr [esp + 0x30], eax",eax,stack slot (esp+0x30),REJECTED_ALIAS
0x008888A8,0x00888850,"mov dword ptr [esp + 0x30], ebp",ebp,stack slot (esp+0x30),REJECTED_ALIAS
0x0088A5B7,0x0088A410,"mov dword ptr [esp + 0x30], ebx",ebx,stack slot (esp+0x30),REJECTED_ALIAS
0x0088B2B4,0x0088AC90,"mov dword ptr [esp + 0x30], ecx",ecx,stack slot (esp+0x30),REJECTED_ALIAS
0x0088DB48,0x0088D690,"mov dword ptr [esp + 0x30], eax",eax,stack slot (esp+0x30),REJECTED_ALIAS
0x0088DCE4,0x0088DC90,"mov dword ptr [esi + 0x30], eax",eax,unknown,POSSIBLE_ALIAS
0x0088E01A,0x0088DF90,"mov byte ptr [esp + 0x30], 0",0,stack slot (esp+0x30),REJECTED_ALIAS
0x00890465,0x00890090,"mov dword ptr [esp + 0x30], 0x30",0x30,stack slot (esp+0x30),REJECTED_ALIAS
0x00890510,0x00890090,"add dword ptr [esp + 0x30], 0xf",0xf,stack slot (esp+0x30),REJECTED_ALIAS
0x00890A0D,0x008909C0,"mov dword ptr [esi + 0x30], edi",edi,"other-class this (vtable 0x00A92E4C, .?AVArkGenericSelectUI@@)",REJECTED_ALIAS
0x00891165,0x00891140,"mov byte ptr [esi + 0x30], al",al,"other-class this (vtable 0x00A92EEC, .?AVArkMessageBoxUI@@)",REJECTED_ALIAS
0x0089248C,0x00892260,"mov byte ptr [ebp + 0x30], 1",1,unknown (ebp repurposed),POSSIBLE_ALIAS
0x00892740,0x00892700,"mov dword ptr [esp + 0x30], 0",0,stack slot (esp+0x30),REJECTED_ALIAS
0x0089330E,0x00893230,"mov dword ptr [esi + 0x30], ebx",ebx,"other-class this (vtable 0x00A7AA24, .?AVArkUIListenerInterface@@)",REJECTED_ALIAS
0x00893927,0x00893350,"mov dword ptr [esp + 0x30], ebp",ebp,stack slot (esp+0x30),REJECTED_ALIAS
0x00893C29,0x00893BD0,"mov dword ptr [esi + 0x30], ebx",ebx,"other-class this (vtable 0x00A92FAC, .?AVArkGenericWindow@@)",REJECTED_ALIAS
0x008953C7,0x00895100,"mov dword ptr [esi + 0x30], 0x1a",0x1a,unknown,POSSIBLE_ALIAS
0x0089547C,0x00895410,"mov dword ptr [esi + 0x30], 0x18",0x18,unknown,POSSIBLE_ALIAS
0x00895BAE,0x00895BA0,"mov dword ptr [esp + 0x30], eax",eax,stack slot (esp+0x30),REJECTED_ALIAS
0x00895CD3,0x00895BA0,"mov dword ptr [esp + 0x30], edx",edx,stack slot (esp+0x30),REJECTED_ALIAS
0x00896262,0x00896200,"mov dword ptr [esp + 0x30], eax",eax,stack slot (esp+0x30),REJECTED_ALIAS
0x00896679,0x00896660,"mov dword ptr [esp + 0x30], esp",esp,stack slot (esp+0x30),REJECTED_ALIAS
0x00896976,0x00896910,"mov dword ptr [esp + 0x30], 0xffffffff",0xffffffff,stack slot (esp+0x30),REJECTED_ALIAS
0x008980BD,0x00897DE0,"mov dword ptr [esp + 0x30], edi",edi,stack slot (esp+0x30),REJECTED_ALIAS
0x0089816C,0x00897DE0,"mov dword ptr [esp + 0x30], edi",edi,stack slot (esp+0x30),REJECTED_ALIAS
0x0089821C,0x00898180,"mov dword ptr [esp + 0x30], edi",edi,stack slot (esp+0x30),REJECTED_ALIAS
0x008993E7,0x00899360,"mov byte ptr [esp + 0x30], 0",0,stack slot (esp+0x30),REJECTED_ALIAS
0x00899720,0x008996E0,"mov dword ptr [esi + 0x30], ecx",ecx,unknown,POSSIBLE_ALIAS
0x0089A3E7,0x00899FB0,"sub dword ptr [esp + 0x30], eax",eax,stack slot (esp+0x30),REJECTED_ALIAS
0x0089A764,0x0089A710,"mov byte ptr [esp + 0x30], 5",5,stack slot (esp+0x30),REJECTED_ALIAS
0x0089BA89,0x0089B8E0,"mov dword ptr [esp + 0x30], ebx",ebx,stack slot (esp+0x30),REJECTED_ALIAS
0x0089BC3B,0x0089BBB0,"mov dword ptr [esp + 0x30], 0",0,stack slot (esp+0x30),REJECTED_ALIAS
0x0089BCFE,0x0089BC70,"mov dword ptr [esi + 0x30], ebx",ebx,unknown,POSSIBLE_ALIAS
0x0089BD8E,0x0089BD40,"mov dword ptr [esi + 0x30], 0xffffffff",0xffffffff,"other-class this (vtable 0x00A932F4, .?AVArkGenericMenuWindowUI@@)",REJECTED_ALIAS
0x0089C00A,0x0089BFD0,"mov dword ptr [esi + 0x30], edx",edx,unknown,POSSIBLE_ALIAS
0x0089C390,0x0089C350,"mov dword ptr [esp + 0x30], esp",esp,stack slot (esp+0x30),REJECTED_ALIAS
0x0089CEDB,0x0089C880,"mov dword ptr [esp + 0x30], eax",eax,stack slot (esp+0x30),REJECTED_ALIAS
0x0089D746,0x0089D6E0,"mov dword ptr [esp + 0x30], 0xffffffff",0xffffffff,stack slot (esp+0x30),REJECTED_ALIAS
0x0089E0DC,0x0089E090,"mov dword ptr [esp + 0x30], ebx",ebx,stack slot (esp+0x30),REJECTED_ALIAS
0x0089E8B3,0x0089E800,"mov dword ptr [esi + 0x30], edx",edx,unknown,POSSIBLE_ALIAS
0x0089E94C,0x0089E8F0,"mov dword ptr [esi + 0x30], edx",edx,unknown,POSSIBLE_ALIAS
0x0089F5AE,0x0089F380,"mov dword ptr [esp + 0x30], eax",eax,stack slot (esp+0x30),REJECTED_ALIAS
0x0089F762,0x0089F700,"mov dword ptr [esi + 0x30], edx",edx,stack,REJECTED_ALIAS
0x008A322C,0x008A31E0,"mov dword ptr [esp + 0x30], ebx",ebx,stack slot (esp+0x30),REJECTED_ALIAS
0x008A46D2,0x008A3F70,"mov dword ptr [esp + 0x30], eax",eax,stack slot (esp+0x30),REJECTED_ALIAS
0x008A4874,0x008A3F70,"mov dword ptr [esp + 0x30], 0",0,stack slot (esp+0x30),REJECTED_ALIAS
0x008A4E85,0x008A3F70,"mov dword ptr [esp + 0x30], eax",eax,stack slot (esp+0x30),REJECTED_ALIAS
0x008A50E6,0x008A3F70,"mov dword ptr [esp + 0x30], edi",edi,stack slot (esp+0x30),REJECTED_ALIAS
0x008A52F7,0x008A3F70,"mov dword ptr [esp + 0x30], eax",eax,stack slot (esp+0x30),REJECTED_ALIAS
0x008A55DB,0x008A3F70,"mov dword ptr [esp + 0x30], eax",eax,stack slot (esp+0x30),REJECTED_ALIAS
0x008A55EB,0x008A3F70,"mov dword ptr [esp + 0x30], edi",edi,stack slot (esp+0x30),REJECTED_ALIAS
0x008A5AA9,0x008A3F70,"mov dword ptr [esp + 0x30], eax",eax,stack slot (esp+0x30),REJECTED_ALIAS
0x008A5AB9,0x008A3F70,"mov dword ptr [esp + 0x30], edi",edi,stack slot (esp+0x30),REJECTED_ALIAS
0x008A6C83,0x008A6BD0,"mov dword ptr [esi + 0x30], edx",edx,unknown,POSSIBLE_ALIAS
0x008A6D8C,0x008A6D30,"mov dword ptr [esi + 0x30], edx",edx,unknown,POSSIBLE_ALIAS
0x008A72A2,0x008A7240,"mov dword ptr [esi + 0x30], edx",edx,stack,REJECTED_ALIAS
0x008A73E8,0x008A7370,"mov dword ptr [esp + 0x30], eax",eax,stack slot (esp+0x30),REJECTED_ALIAS
0x008A79E2,0x008A7370,"mov dword ptr [esp + 0x30], ebx",ebx,stack slot (esp+0x30),REJECTED_ALIAS
0x008A7BBA,0x008A7370,"mov dword ptr [esp + 0x30], ebx",ebx,stack slot (esp+0x30),REJECTED_ALIAS
0x008A7D92,0x008A7370,"mov dword ptr [esp + 0x30], ebx",ebx,stack slot (esp+0x30),REJECTED_ALIAS
0x008A7F6A,0x008A7370,"mov dword ptr [esp + 0x30], ebx",ebx,stack slot (esp+0x30),REJECTED_ALIAS
0x008A8118,0x008A7370,"mov dword ptr [esp + 0x30], ebx",ebx,stack slot (esp+0x30),REJECTED_ALIAS
0x008A8286,0x008A7370,"mov dword ptr [esp + 0x30], ebx",ebx,stack slot (esp+0x30),REJECTED_ALIAS
0x008A83F4,0x008A7370,"mov dword ptr [esp + 0x30], ebx",ebx,stack slot (esp+0x30),REJECTED_ALIAS
0x008A8562,0x008A7370,"mov dword ptr [esp + 0x30], ebx",ebx,stack slot (esp+0x30),REJECTED_ALIAS
0x008A86D0,0x008A7370,"mov dword ptr [esp + 0x30], ebx",ebx,stack slot (esp+0x30),REJECTED_ALIAS
0x008A9626,0x008A95C0,"mov dword ptr [esp + 0x30], 0xffffffff",0xffffffff,stack slot (esp+0x30),REJECTED_ALIAS
0x008A96C6,0x008A9660,"mov dword ptr [esp + 0x30], 0xffffffff",0xffffffff,stack slot (esp+0x30),REJECTED_ALIAS
0x008AA1E9,0x008AA160,"mov dword ptr [esp + 0x30], ebx",ebx,stack slot (esp+0x30),REJECTED_ALIAS
0x008AB293,0x008AB1E0,"mov byte ptr [esi + 0x30], dl",dl,unknown,POSSIBLE_ALIAS
0x008AB33C,0x008AB2E0,"mov byte ptr [esi + 0x30], dl",dl,unknown,POSSIBLE_ALIAS
0x008AB772,0x008AB710,"mov byte ptr [esi + 0x30], dl",dl,stack,REJECTED_ALIAS
0x008AC262,0x008AC230,"mov dword ptr [esp + 0x30], 0",0,stack slot (esp+0x30),REJECTED_ALIAS
0x008AC392,0x008AC360,"mov dword ptr [esp + 0x30], 0",0,stack slot (esp+0x30),REJECTED_ALIAS
0x008AC8AC,0x008AC840,"mov dword ptr [esp + 0x30], esp",esp,stack slot (esp+0x30),REJECTED_ALIAS
0x008ACAAC,0x008ACA40,"mov dword ptr [esp + 0x30], esp",esp,stack slot (esp+0x30),REJECTED_ALIAS
0x008ACFF3,0x008ACFB0,"mov dword ptr [esp + 0x30], esp",esp,stack slot (esp+0x30),REJECTED_ALIAS
0x008AD130,0x008AD0F0,"mov dword ptr [esp + 0x30], esp",esp,stack slot (esp+0x30),REJECTED_ALIAS
0x008AE710,0x008AE600,"mov dword ptr [esp + 0x30], ebx",ebx,stack slot (esp+0x30),REJECTED_ALIAS
0x008AEDF4,0x008AE600,"mov dword ptr [esp + 0x30], ebp",ebp,stack slot (esp+0x30),REJECTED_ALIAS
0x008AEE8B,0x008AEE30,"mov dword ptr [esp + 0x30], ebp",ebp,stack slot (esp+0x30),REJECTED_ALIAS
0x008B0041,0x008AFAB0,"mov dword ptr [esp + 0x30], esp",esp,stack slot (esp+0x30),REJECTED_ALIAS
0x008B0FB6,0x008B0F50,"mov dword ptr [esp + 0x30], 0xffffffff",0xffffffff,stack slot (esp+0x30),REJECTED_ALIAS
0x008B198D,0x008B12D0,"mov dword ptr [esp + 0x30], edi",edi,stack slot (esp+0x30),REJECTED_ALIAS
0x008B1ED3,0x008B1E20,"mov byte ptr [esi + 0x30], dl",dl,unknown,POSSIBLE_ALIAS
0x008B1F7C,0x008B1F20,"mov byte ptr [esi + 0x30], dl",dl,unknown,POSSIBLE_ALIAS
0x008B23B2,0x008B2350,"mov byte ptr [esi + 0x30], dl",dl,stack,REJECTED_ALIAS
0x008B31E6,0x008B3180,"mov dword ptr [esp + 0x30], 0xffffffff",0xffffffff,stack slot (esp+0x30),REJECTED_ALIAS
0x008B341B,0x008B33D0,"mov dword ptr [esp + 0x30], eax",eax,stack slot (esp+0x30),REJECTED_ALIAS
0x008B4413,0x008B4360,"mov byte ptr [esi + 0x30], dl",dl,unknown,POSSIBLE_ALIAS
0x008B44AC,0x008B4450,"mov byte ptr [esi + 0x30], dl",dl,unknown,POSSIBLE_ALIAS
0x008B48A2,0x008B4840,"mov byte ptr [esi + 0x30], dl",dl,stack,REJECTED_ALIAS
0x008B4A82,0x008B48E0,"mov dword ptr [esp + 0x30], eax",eax,stack slot (esp+0x30),REJECTED_ALIAS
0x008B52A0,0x008B5220,"mov dword ptr [esp + 0x30], edi",edi,stack slot (esp+0x30),REJECTED_ALIAS
0x008B52F5,0x008B5220,"mov dword ptr [esp + 0x30], eax",eax,stack slot (esp+0x30),REJECTED_ALIAS
0x008B547A,0x008B5390,"mov dword ptr [esp + 0x30], edx",edx,stack slot (esp+0x30),REJECTED_ALIAS
0x008B7450,0x008B73D0,"mov dword ptr [esp + 0x30], 0",0,stack slot (esp+0x30),REJECTED_ALIAS
0x008B77C1,0x008B7770,"mov dword ptr [esp + 0x30], 0xffffffff",0xffffffff,stack slot (esp+0x30),REJECTED_ALIAS
0x008B83D0,0x008B8350,"mov dword ptr [esp + 0x30], 0",0,stack slot (esp+0x30),REJECTED_ALIAS
0x008B91AD,0x008B9140,"mov dword ptr [esp + 0x30], eax",eax,stack slot (esp+0x30),REJECTED_ALIAS
0x008B91B9,0x008B9140,"mov dword ptr [esp + 0x30], ecx",ecx,stack slot (esp+0x30),REJECTED_ALIAS
0x008B9384,0x008B9330,"mov dword ptr [esp + 0x30], eax",eax,stack slot (esp+0x30),REJECTED_ALIAS
0x008B9995,0x008B9910,"mov dword ptr [eax + 0x30], edx",edx,"other-class this (vtable 0x00A7B078, .?AVSoundScapeSpotInit@@)",REJECTED_ALIAS
0x008B9B7E,0x008B9AD0,"mov byte ptr [esi + 0x30], al",al,"other-class this (vtable 0x00A940E8, .?AVSound3DInit@@)",REJECTED_ALIAS
0x008B9C90,0x008B9C30,"mov byte ptr [esi + 0x30], al",al,"other-class this (vtable 0x00A940F0, .?AVSound2DInit@@)",REJECTED_ALIAS
0x008B9D80,0x008B9D20,"mov byte ptr [esi + 0x30], al",al,"other-class this (vtable 0x00A940F8, .?AVSoundAreaInit@@)",REJECTED_ALIAS
0x008BB912,0x008BB8B0,"mov dword ptr [esi + 0x30], ebx",ebx,unknown,POSSIBLE_ALIAS
0x008BB931,0x008BB8B0,"mov dword ptr [esi + 0x30], ebx",ebx,unknown,POSSIBLE_ALIAS
0x008BBCA2,0x008BBAA0,"mov dword ptr [esi + 0x30], ebx",ebx,stack object,REJECTED_ALIAS
0x008BC586,0x008BC560,"mov dword ptr [esi + 0x30], ebx",ebx,unknown,POSSIBLE_ALIAS
0x008BC5F6,0x008BC5D0,"mov dword ptr [esi + 0x30], eax",eax,unknown,POSSIBLE_ALIAS
0x008BC625,0x008BC5D0,"mov dword ptr [esi + 0x30], 0",0,unknown,POSSIBLE_ALIAS
0x008BCA83,0x008BCA10,"mov dword ptr [esp + 0x30], ebx",ebx,stack slot (esp+0x30),REJECTED_ALIAS
0x008BCD95,0x008BCD00,"mov dword ptr [esi + 0x30], ebx",ebx,unknown,POSSIBLE_ALIAS
0x008BDF56,0x008BDEE0,"mov dword ptr [esi + 0x30], 0xa942e4",0xa942e4,"other-class this (vtable 0x00A94334, .?AVArkWMALoader@Audio@@)",REJECTED_ALIAS
0x008BE133,0x008BE120,"mov dword ptr [esi + 0x30], 0xa942e4",0xa942e4,"other-class this (vtable 0x00A94334, .?AVArkWMALoader@Audio@@)",REJECTED_ALIAS
0x008BE4E6,0x008BE4A0,"mov dword ptr [esp + 0x30], esp",esp,stack slot (esp+0x30),REJECTED_ALIAS
0x008BE51D,0x008BE4A0,"mov dword ptr [edi + 0x30], eax",eax,unknown,POSSIBLE_ALIAS
0x008BE589,0x008BE4A0,"mov dword ptr [edi + 0x30], ebx",ebx,unknown,POSSIBLE_ALIAS
0x008BE5F6,0x008BE5E0,"mov dword ptr [eax + 0x30], ecx",ecx,"other-class this (vtable 0x00A94374, .?AVArkWaveLoader@Audio@@)",REJECTED_ALIAS
0x008BF186,0x008BF130,"mov byte ptr [esp + 0x30], 1",1,stack slot (esp+0x30),REJECTED_ALIAS
0x008BF6AE,0x008BF590,"mov dword ptr [esp + 0x30], eax",eax,stack slot (esp+0x30),REJECTED_ALIAS
0x008BF72C,0x008BF590,"mov dword ptr [esp + 0x30], edi",edi,stack slot (esp+0x30),REJECTED_ALIAS
0x008C227A,0x008C2220,"mov byte ptr [esp + 0x30], 1",1,stack slot (esp+0x30),REJECTED_ALIAS
0x008C230A,0x008C22B0,"mov byte ptr [esp + 0x30], 1",1,stack slot (esp+0x30),REJECTED_ALIAS
0x008C239A,0x008C2340,"mov byte ptr [esp + 0x30], 1",1,stack slot (esp+0x30),REJECTED_ALIAS
0x008C25D1,0x008C24D0,"mov dword ptr [esp + 0x30], eax",eax,stack slot (esp+0x30),REJECTED_ALIAS
0x008C25FC,0x008C24D0,"mov dword ptr [esp + 0x30], 0x24",0x24,stack slot (esp+0x30),REJECTED_ALIAS
0x008C525A,0x008C5200,"mov dword ptr [esp + 0x30], edx",edx,stack slot (esp+0x30),REJECTED_ALIAS
0x008C53F6,0x008C53F0,"mov dword ptr [ecx + 0x30], edx",edx,unknown,POSSIBLE_ALIAS
0x008C56FB,0x008C5690,"mov dword ptr [esp + 0x30], eax",eax,stack slot (esp+0x30),REJECTED_ALIAS
0x008C594F,0x008C5930,"mov dword ptr [edi + 0x30], ebx",ebx,unknown,POSSIBLE_ALIAS
0x008C5A50,0x008C5A10,"mov dword ptr [esi + 0x30], edx",edx,unknown,POSSIBLE_ALIAS
0x008C6405,0x008C63A0,"mov dword ptr [esp + 0x30], ebx",ebx,stack slot (esp+0x30),REJECTED_ALIAS
0x008C684D,0x008C6760,"mov dword ptr [esp + 0x30], ebx",ebx,stack slot (esp+0x30),REJECTED_ALIAS
0x008C723E,0x008C7210,"mov dword ptr [esp + 0x30], 0",0,stack slot (esp+0x30),REJECTED_ALIAS
0x008C727F,0x008C7210,"mov byte ptr [esp + 0x30], 4",4,stack slot (esp+0x30),REJECTED_ALIAS
0x008C728E,0x008C7210,"mov byte ptr [esp + 0x30], 5",5,stack slot (esp+0x30),REJECTED_ALIAS
0x008C72AA,0x008C7210,"mov byte ptr [esp + 0x30], 6",6,stack slot (esp+0x30),REJECTED_ALIAS
0x008C72B6,0x008C7210,"mov byte ptr [esp + 0x30], 7",7,stack slot (esp+0x30),REJECTED_ALIAS
0x008C77B8,0x008C7700,"mov dword ptr [esp + 0x30], edx",edx,stack slot (esp+0x30),REJECTED_ALIAS
0x008C77E5,0x008C7700,"mov dword ptr [esp + 0x30], edx",edx,stack slot (esp+0x30),REJECTED_ALIAS
0x008C7D68,0x008C7CC0,"mov byte ptr [esp + 0x30], cl",cl,stack slot (esp+0x30),REJECTED_ALIAS
0x008C891A,0x008C88A0,"mov dword ptr [ecx + 0x30], 0xfffffff",0xfffffff,unknown,POSSIBLE_ALIAS
0x008C8A1A,0x008C89A0,"mov dword ptr [ecx + 0x30], 0xfffffff",0xfffffff,unknown,POSSIBLE_ALIAS
0x008C93E3,0x008C9360,"mov dword ptr [esi + 0x30], edi",edi,unknown,POSSIBLE_ALIAS
0x008C9765,0x008C9620,"add dword ptr [ebp + 0x30], -4",-4,unknown (ebp repurposed),POSSIBLE_ALIAS
0x008C993A,0x008C9910,"mov dword ptr [esi + 0x30], eax",eax,unknown,POSSIBLE_ALIAS
0x008C9BAA,0x008C9B00,"mov dword ptr [esp + 0x30], ecx",ecx,stack slot (esp+0x30),REJECTED_ALIAS
0x008CA273,0x008CA270,"mov dword ptr [esp + 0x30], eax",eax,stack slot (esp+0x30),REJECTED_ALIAS
0x008CCDD7,0x008CCD70,"mov dword ptr [esp + 0x30], ecx",ecx,stack slot (esp+0x30),REJECTED_ALIAS
0x008CCE97,0x008CCE30,"mov dword ptr [esp + 0x30], ecx",ecx,stack slot (esp+0x30),REJECTED_ALIAS
0x008CCFBE,0x008CCF70,"mov dword ptr [eax + 0x30], edx",edx,unknown,POSSIBLE_ALIAS
0x008CEA21,0x008CE750,"mov dword ptr [esi + 0x30], edx",edx,unknown,POSSIBLE_ALIAS
0x008CEFFC,0x008CEF50,"mov dword ptr [esp + 0x30], esi",esi,stack slot (esp+0x30),REJECTED_ALIAS
0x008CF1E5,0x008CF1B0,"mov dword ptr [esi + 0x30], eax",eax,unknown,POSSIBLE_ALIAS
0x008CF1EE,0x008CF1B0,"add dword ptr [esi + 0x30], ecx",ecx,unknown,POSSIBLE_ALIAS
0x008CF1F7,0x008CF1B0,"mov dword ptr [esi + 0x30], edx",edx,unknown,POSSIBLE_ALIAS
0x008CF4F5,0x008CF4B0,"mov dword ptr [esi + 0x30], ebx",ebx,unknown,POSSIBLE_ALIAS
0x008CF570,0x008CF500,"add dword ptr [esi + 0x30], ebx",ebx,unknown,POSSIBLE_ALIAS
0x008CF6B4,0x008CF640,"mov dword ptr [esi + 0x30], ebx",ebx,"other-class this (vtable 0x00A94814, .?AVFileStream@Audio@@)",REJECTED_ALIAS
0x008CFC60,0x008CFBE0,"mov dword ptr [esp + 0x30], 0",0,stack slot (esp+0x30),REJECTED_ALIAS
0x008D22AA,0x008D1DE0,"mov dword ptr [esp + 0x30], esp",esp,stack slot (esp+0x30),REJECTED_ALIAS
0x008D23F8,0x008D2350,"mov dword ptr [esp + 0x30], eax",eax,stack slot (esp+0x30),REJECTED_ALIAS
0x008D2443,0x008D2350,"mov byte ptr [esp + 0x30], al",al,stack slot (esp+0x30),REJECTED_ALIAS
0x008D2464,0x008D2350,"mov dword ptr [esp + 0x30], eax",eax,stack slot (esp+0x30),REJECTED_ALIAS
0x008D25FA,0x008D2350,"mov byte ptr [esp + 0x30], al",al,stack slot (esp+0x30),REJECTED_ALIAS
0x008D26AC,0x008D2630,"mov dword ptr [esp + 0x30], 0",0,stack slot (esp+0x30),REJECTED_ALIAS
0x008D3384,0x008D3320,"mov dword ptr [esi + 0x30], edi",edi,"other-class this (vtable 0x00A948C8, .?AVMacro@@)",REJECTED_ALIAS
0x008D4179,0x008D40E0,"mov dword ptr [esp + 0x30], ebx",ebx,stack slot (esp+0x30),REJECTED_ALIAS
0x008D5BBD,0x008D5B10,"mov dword ptr [esp + 0x30], ebx",ebx,stack slot (esp+0x30),REJECTED_ALIAS
0x008D5D54,0x008D5B10,"mov dword ptr [esp + 0x30], ebp",ebp,stack slot (esp+0x30),REJECTED_ALIAS
0x008D5E3A,0x008D5B10,"mov dword ptr [esp + 0x30], ecx",ecx,stack slot (esp+0x30),REJECTED_ALIAS
0x008D6765,0x008D6710,"mov dword ptr [esp + 0x30], esi",esi,stack slot (esp+0x30),REJECTED_ALIAS
0x008D6FD4,0x008D6F60,"mov dword ptr [edx + 0x30], eax",eax,unknown,POSSIBLE_ALIAS
0x008D709E,0x008D7080,"mov dword ptr [edx + 0x30], eax",eax,unknown,POSSIBLE_ALIAS
0x008D81A6,0x008D8140,"mov dword ptr [esp + 0x30], 0xffffffff",0xffffffff,stack slot (esp+0x30),REJECTED_ALIAS
0x008D866A,0x008D8600,"mov dword ptr [esp + 0x30], edx",edx,stack slot (esp+0x30),REJECTED_ALIAS
0x008DA4E4,0x008DA370,"mov dword ptr [esp + 0x30], ebx",ebx,stack slot (esp+0x30),REJECTED_ALIAS
0x008DA562,0x008DA540,"mov dword ptr [esp + 0x30], ebx",ebx,stack slot (esp+0x30),REJECTED_ALIAS
0x008DA6E1,0x008DA590,"mov dword ptr [esp + 0x30], ecx",ecx,stack slot (esp+0x30),REJECTED_ALIAS
0x008DA7FE,0x008DA590,"mov dword ptr [esp + 0x30], eax",eax,stack slot (esp+0x30),REJECTED_ALIAS
0x008DA90B,0x008DA890,"mov dword ptr [esp + 0x30], eax",eax,stack slot (esp+0x30),REJECTED_ALIAS
0x008DA91E,0x008DA890,"mov dword ptr [esp + 0x30], eax",eax,stack slot (esp+0x30),REJECTED_ALIAS
0x008DAFEF,0x008DAF10,"mov byte ptr [esp + 0x30], 2",2,stack slot (esp+0x30),REJECTED_ALIAS
0x008DB37E,0x008DB310,"mov dword ptr [esp + 0x30], ebx",ebx,stack slot (esp+0x30),REJECTED_ALIAS
0x008DB9A4,0x008DB7C0,"mov dword ptr [esp + 0x30], 0x14",0x14,stack slot (esp+0x30),REJECTED_ALIAS
0x008DB9FC,0x008DB9D0,"mov dword ptr [esp + 0x30], 0x13",0x13,stack slot (esp+0x30),REJECTED_ALIAS
0x008DBA4C,0x008DB9D0,"mov dword ptr [esp + 0x30], 0x14",0x14,stack slot (esp+0x30),REJECTED_ALIAS
0x008DC506,0x008DC470,"mov dword ptr [esp + 0x30], 0xffffffff",0xffffffff,stack slot (esp+0x30),REJECTED_ALIAS
0x008DDFC5,0x008DDF90,"mov dword ptr [esp + 0x30], ebx",ebx,stack slot (esp+0x30),REJECTED_ALIAS
0x008DE01A,0x008DDF90,"mov byte ptr [esp + 0x30], bl",bl,stack slot (esp+0x30),REJECTED_ALIAS
0x008DE049,0x008DDF90,"mov dword ptr [esp + 0x30], ebx",ebx,stack slot (esp+0x30),REJECTED_ALIAS
0x008DE090,0x008DDF90,"mov dword ptr [esp + 0x30], 2",2,stack slot (esp+0x30),REJECTED_ALIAS
0x008DE0BD,0x008DDF90,"mov byte ptr [esp + 0x30], bl",bl,stack slot (esp+0x30),REJECTED_ALIAS
0x008DE121,0x008DDF90,"mov byte ptr [esp + 0x30], bl",bl,stack slot (esp+0x30),REJECTED_ALIAS
0x008DE318,0x008DE160,"mov dword ptr [esp + 0x30], eax",eax,stack slot (esp+0x30),REJECTED_ALIAS
0x008DEAEB,0x008DEA90,"mov dword ptr [esp + 0x30], 0xffffffff",0xffffffff,stack slot (esp+0x30),REJECTED_ALIAS
0x008DFB2C,0x008DFAE0,"mov dword ptr [esp + 0x30], eax",eax,stack slot (esp+0x30),REJECTED_ALIAS
0x008DFDFA,0x008DFD70,"mov dword ptr [esp + 0x30], esi",esi,stack slot (esp+0x30),REJECTED_ALIAS
0x008E03A6,0x008E03A0,"mov dword ptr [ecx + 0x30], edx",edx,unknown,POSSIBLE_ALIAS
0x008E0F96,0x008E0F30,"mov dword ptr [esp + 0x30], 0xffffffff",0xffffffff,stack slot (esp+0x30),REJECTED_ALIAS
0x008E19FA,0x008E18E0,"mov dword ptr [esp + 0x30], edx",edx,stack slot (esp+0x30),REJECTED_ALIAS
0x008E2075,0x008E1F60,"mov dword ptr [esp + 0x30], ebx",ebx,stack slot (esp+0x30),REJECTED_ALIAS
0x008E2755,0x008E2720,"mov dword ptr [esp + 0x30], eax",eax,stack slot (esp+0x30),REJECTED_ALIAS
0x008E2761,0x008E2720,"mov dword ptr [esp + 0x30], edx",edx,stack slot (esp+0x30),REJECTED_ALIAS
0x008E28AA,0x008E2860,"mov dword ptr [esp + 0x30], ebx",ebx,stack slot (esp+0x30),REJECTED_ALIAS
0x008E2C4F,0x008E2BA0,"mov dword ptr [esp + 0x30], 0xffffffff",0xffffffff,stack slot (esp+0x30),REJECTED_ALIAS
0x008E2E4D,0x008E2DC0,"mov dword ptr [esi + 0x30], ebx",ebx,unknown,POSSIBLE_ALIAS
0x008E2F55,0x008E2EC0,"mov byte ptr [esp + 0x30], 7",7,stack slot (esp+0x30),REJECTED_ALIAS
0x008E3029,0x008E2F80,"mov byte ptr [esp + 0x30], 7",7,stack slot (esp+0x30),REJECTED_ALIAS
0x008E3228,0x008E3180,"mov byte ptr [esp + 0x30], 7",7,stack slot (esp+0x30),REJECTED_ALIAS
0x008E35A7,0x008E3590,"mov dword ptr [esi + 0x30], 0",0,unknown,POSSIBLE_ALIAS
0x008E38D7,0x008E37D0,"mov dword ptr [esp + 0x30], edx",edx,stack slot (esp+0x30),REJECTED_ALIAS
0x008E3CDA,0x008E3CB0,"mov dword ptr [esi + 0x30], 0",0,unknown,POSSIBLE_ALIAS
0x008E3F2A,0x008E3E20,"mov dword ptr [esp + 0x30], eax",eax,stack slot (esp+0x30),REJECTED_ALIAS
0x008E4307,0x008E42B0,"mov dword ptr [esp + 0x30], edi",edi,stack slot (esp+0x30),REJECTED_ALIAS
0x008E4327,0x008E42B0,"mov dword ptr [esp + 0x30], eax",eax,stack slot (esp+0x30),REJECTED_ALIAS
0x008E4C32,0x008E4BE0,"mov dword ptr [esi + 0x30], ebx",ebx,"other-class this (vtable 0x00A94D94, .?AVArkUIObjectItem@@)",REJECTED_ALIAS
0x008E4D19,0x008E4CD0,"mov dword ptr [esp + 0x30], 4",4,stack slot (esp+0x30),REJECTED_ALIAS
0x008E4F66,0x008E4EE0,"mov dword ptr [esp + 0x30], esi",esi,stack slot (esp+0x30),REJECTED_ALIAS
0x008E55EB,0x008E5050,"mov dword ptr [esp + 0x30], ecx",ecx,stack slot (esp+0x30),REJECTED_ALIAS
0x008E56A1,0x008E5050,"mov dword ptr [esp + 0x30], ecx",ecx,stack slot (esp+0x30),REJECTED_ALIAS
0x008E5D8F,0x008E5D30,"mov dword ptr [esi + 0x30], eax",eax,unknown,POSSIBLE_ALIAS
0x008E5E45,0x008E5E30,"mov dword ptr [esi + 0x30], eax",eax,unknown,POSSIBLE_ALIAS
0x008E66AC,0x008E6550,"mov dword ptr [esp + 0x30], esp",esp,stack slot (esp+0x30),REJECTED_ALIAS
0x008E6767,0x008E6720,"mov dword ptr [esi + 0x30], eax",eax,unknown,POSSIBLE_ALIAS
0x008E67D7,0x008E6790,"mov dword ptr [esi + 0x30], eax",eax,unknown,POSSIBLE_ALIAS
0x008E6845,0x008E6800,"mov dword ptr [esi + 0x30], ecx",ecx,unknown,POSSIBLE_ALIAS
0x008E68EB,0x008E68A0,"mov dword ptr [esi + 0x30], 0",0,unknown,POSSIBLE_ALIAS
0x008E6994,0x008E6940,"mov dword ptr [edi + 0x30], ebp",ebp,unknown,POSSIBLE_ALIAS
0x008E6D1E,0x008E6940,"mov dword ptr [esp + 0x30], edx",edx,stack slot (esp+0x30),REJECTED_ALIAS
0x008E90DB,0x008E9030,"mov dword ptr [esp + 0x30], ebx",ebx,stack slot (esp+0x30),REJECTED_ALIAS
0x008E9336,0x008E9290,"mov byte ptr [esi + 0x30], bl",bl,unknown,POSSIBLE_ALIAS
0x008EA356,0x008EA310,"mov dword ptr [esp + 0x30], 1",1,stack slot (esp+0x30),REJECTED_ALIAS
0x008EA3B7,0x008EA310,"mov byte ptr [esp + 0x30], bl",bl,stack slot (esp+0x30),REJECTED_ALIAS
0x008EB1F6,0x008EB170,"mov dword ptr [esp + 0x30], eax",eax,stack slot (esp+0x30),REJECTED_ALIAS
0x008EB4B1,0x008EB400,"mov dword ptr [esp + 0x30], esp",esp,stack slot (esp+0x30),REJECTED_ALIAS
0x008EB532,0x008EB400,"mov dword ptr [esp + 0x30], esp",esp,stack slot (esp+0x30),REJECTED_ALIAS
0x008EB5A2,0x008EB400,"mov dword ptr [esp + 0x30], esp",esp,stack slot (esp+0x30),REJECTED_ALIAS
0x008EB62C,0x008EB400,"mov dword ptr [esp + 0x30], esp",esp,stack slot (esp+0x30),REJECTED_ALIAS
0x008EB6CA,0x008EB400,"mov dword ptr [esp + 0x30], esp",esp,stack slot (esp+0x30),REJECTED_ALIAS
0x008EB7BB,0x008EB400,"mov dword ptr [esp + 0x30], esp",esp,stack slot (esp+0x30),REJECTED_ALIAS
0x008EB906,0x008EB400,"mov dword ptr [esp + 0x30], esp",esp,stack slot (esp+0x30),REJECTED_ALIAS
0x008EBB12,0x008EBA80,"mov dword ptr [esp + 0x30], 0xffffffff",0xffffffff,stack slot (esp+0x30),REJECTED_ALIAS
0x008ECE8A,0x008ECE30,"mov byte ptr [esp + 0x30], 1",1,stack slot (esp+0x30),REJECTED_ALIAS
0x008EDB62,0x008EDB20,"mov dword ptr [esp + 0x30], esp",esp,stack slot (esp+0x30),REJECTED_ALIAS
0x008EE3D9,0x008EE390,"mov dword ptr [esp + 0x30], ebp",ebp,stack slot (esp+0x30),REJECTED_ALIAS
0x008EE664,0x008EE5D0,"mov dword ptr [esp + 0x30], edi",edi,stack slot (esp+0x30),REJECTED_ALIAS
0x008EE7BD,0x008EE6B0,"mov dword ptr [esp + 0x30], 0xffffffff",0xffffffff,stack slot (esp+0x30),REJECTED_ALIAS
0x008EE849,0x008EE7F0,"mov dword ptr [esp + 0x30], esi",esi,stack slot (esp+0x30),REJECTED_ALIAS
0x008EFEA8,0x008EFE40,"mov word ptr [esp + 0x30], ax",ax,stack slot (esp+0x30),REJECTED_ALIAS
0x008F041F,0x008F03D0,"mov byte ptr [esp + 0x30], 1",1,stack slot (esp+0x30),REJECTED_ALIAS
0x008F157E,0x008F14E0,"mov dword ptr [esp + 0x30], edi",edi,stack slot (esp+0x30),REJECTED_ALIAS
0x008F1BC9,0x008F1B80,"mov dword ptr [esp + 0x30], eax",eax,stack slot (esp+0x30),REJECTED_ALIAS
0x008F2389,0x008F2230,"mov dword ptr [esp + 0x30], esp",esp,stack slot (esp+0x30),REJECTED_ALIAS
0x008F2C1A,0x008F2A30,"mov dword ptr [esp + 0x30], esp",esp,stack slot (esp+0x30),REJECTED_ALIAS
0x008F2CD6,0x008F2C70,"mov dword ptr [esp + 0x30], 0xffffffff",0xffffffff,stack slot (esp+0x30),REJECTED_ALIAS
0x008F2FA4,0x008F2EE0,"mov dword ptr [esp + 0x30], ebx",ebx,stack slot (esp+0x30),REJECTED_ALIAS
0x008F2FFA,0x008F2EE0,"mov dword ptr [esp + 0x30], ebx",ebx,stack slot (esp+0x30),REJECTED_ALIAS
0x008F3934,0x008F3830,"mov byte ptr [esp + 0x30], 5",5,stack slot (esp+0x30),REJECTED_ALIAS
0x008F6484,0x008F62E0,"mov dword ptr [esp + 0x30], eax",eax,stack slot (esp+0x30),REJECTED_ALIAS
0x008F71D6,0x008F6F00,"mov dword ptr [esi + 0x30], 0",0,unknown,POSSIBLE_ALIAS
0x008F7DA8,0x008F7D40,"mov byte ptr [edi + 0x30], dl",dl,unknown,POSSIBLE_ALIAS
0x008F7F1D,0x008F7E60,"mov dword ptr [esi + 0x30], eax",eax,unknown,POSSIBLE_ALIAS
0x008F7FBC,0x008F7F60,"mov dword ptr [esi + 0x30], edx",edx,unknown,POSSIBLE_ALIAS
0x008F81B0,0x008F8150,"mov dword ptr [esi + 0x30], edx",edx,stack,REJECTED_ALIAS
0x008F9156,0x008F90F0,"mov dword ptr [esp + 0x30], 0xffffffff",0xffffffff,stack slot (esp+0x30),REJECTED_ALIAS
0x008F91F6,0x008F9190,"mov dword ptr [esp + 0x30], 0xffffffff",0xffffffff,stack slot (esp+0x30),REJECTED_ALIAS
0x008F9548,0x008F94E0,"mov dword ptr [esi + 0x30], ebx",ebx,unknown,POSSIBLE_ALIAS
0x008FA918,0x008FA860,"mov dword ptr [esp + 0x30], ebx",ebx,stack slot (esp+0x30),REJECTED_ALIAS
0x008FA9B6,0x008FA860,"mov dword ptr [esp + 0x30], 0xffffffff",0xffffffff,stack slot (esp+0x30),REJECTED_ALIAS
0x008FBDA5,0x008FBCF0,"mov dword ptr [esi + 0x30], eax",eax,unknown,POSSIBLE_ALIAS
0x008FBE95,0x008FBDE0,"mov dword ptr [esi + 0x30], eax",eax,unknown,POSSIBLE_ALIAS
0x008FBF9C,0x008FBF40,"mov dword ptr [esi + 0x30], edx",edx,unknown,POSSIBLE_ALIAS
0x008FC01C,0x008FBFC0,"mov dword ptr [esi + 0x30], edx",edx,unknown,POSSIBLE_ALIAS
0x008FC0F5,0x008FC040,"mov byte ptr [esi + 0x30], al",al,unknown,POSSIBLE_ALIAS
0x008FC18C,0x008FC130,"mov byte ptr [esi + 0x30], dl",dl,unknown,POSSIBLE_ALIAS
0x008FC7C2,0x008FC760,"mov dword ptr [esi + 0x30], edx",edx,stack,REJECTED_ALIAS
0x008FC862,0x008FC800,"mov dword ptr [esi + 0x30], edx",edx,stack,REJECTED_ALIAS
0x008FCA69,0x008FC940,"mov dword ptr [esp + 0x30], 0",0,stack slot (esp+0x30),REJECTED_ALIAS
0x008FD8C3,0x008FD850,"mov dword ptr [esp + 0x30], 0",0,stack slot (esp+0x30),REJECTED_ALIAS
0x008FD992,0x008FD930,"mov byte ptr [esi + 0x30], dl",dl,stack,REJECTED_ALIAS
0x008FDA38,0x008FD9D0,"mov dword ptr [esp + 0x30], 0xa7a948",0xa7a948,stack slot (esp+0x30),REJECTED_ALIAS
0x008FE4AA,0x008FE3F0,"mov byte ptr [esp + 0x30], 1",1,stack slot (esp+0x30),REJECTED_ALIAS
0x008FE61D,0x008FE530,"mov dword ptr [esp + 0x30], ebx",ebx,stack slot (esp+0x30),REJECTED_ALIAS
0x008FEF38,0x008FEE10,"mov dword ptr [esp + 0x30], ebp",ebp,stack slot (esp+0x30),REJECTED_ALIAS
0x008FF595,0x008FF560,"mov dword ptr [esp + 0x30], esi",esi,stack slot (esp+0x30),REJECTED_ALIAS
0x00900839,0x009007D0,"mov dword ptr [esp + 0x30], edi",edi,stack slot (esp+0x30),REJECTED_ALIAS
0x009015B5,0x00901300,"mov dword ptr [esp + 0x30], 1",1,stack slot (esp+0x30),REJECTED_ALIAS
0x00901B88,0x00901B20,"mov dword ptr [edi + 0x30], edx",edx,unknown,POSSIBLE_ALIAS
0x00901E40,0x00901D80,"mov dword ptr [esi + 0x30], eax",eax,unknown,POSSIBLE_ALIAS
0x00901EEC,0x00901E90,"mov dword ptr [esi + 0x30], edx",edx,unknown,POSSIBLE_ALIAS
0x009022E0,0x00902280,"mov dword ptr [esi + 0x30], edx",edx,stack,REJECTED_ALIAS
0x00902E79,0x00902E30,"mov dword ptr [esi + 0x30], 0",0,unknown,POSSIBLE_ALIAS
0x00903083,0x00903010,"mov dword ptr [edi + 0x30], 0",0,unknown,POSSIBLE_ALIAS
0x00903096,0x00903010,"mov dword ptr [edi + 0x30], eax",eax,unknown,POSSIBLE_ALIAS
0x00903137,0x009030F0,"mov dword ptr [esi + 0x30], ecx",ecx,"other-class this (vtable 0x00A7A948, .?AVComponent@ArkUI@@)",REJECTED_ALIAS
0x00903145,0x009030F0,"mov dword ptr [esi + 0x30], eax",eax,"other-class this (vtable 0x00A7A948, .?AVComponent@ArkUI@@)",REJECTED_ALIAS
0x00905A5C,0x009057C0,"mov dword ptr [esp + 0x30], eax",eax,stack slot (esp+0x30),REJECTED_ALIAS
0x00905AC0,0x009057C0,"mov dword ptr [esp + 0x30], eax",eax,stack slot (esp+0x30),REJECTED_ALIAS
0x00905B2E,0x009057C0,"mov dword ptr [esp + 0x30], eax",eax,stack slot (esp+0x30),REJECTED_ALIAS
0x00905BA7,0x009057C0,"mov dword ptr [esp + 0x30], edx",edx,stack slot (esp+0x30),REJECTED_ALIAS
0x00905C01,0x009057C0,"mov dword ptr [esp + 0x30], edx",edx,stack slot (esp+0x30),REJECTED_ALIAS
0x0090625D,0x00906080,"mov dword ptr [esp + 0x30], eax",eax,stack slot (esp+0x30),REJECTED_ALIAS
0x00906265,0x00906080,"mov dword ptr [esp + 0x30], eax",eax,stack slot (esp+0x30),REJECTED_ALIAS
0x0090731E,0x00907190,"mov dword ptr [esp + 0x30], eax",eax,stack slot (esp+0x30),REJECTED_ALIAS
0x0090769F,0x00907670,"mov dword ptr [esp + 0x30], eax",eax,stack slot (esp+0x30),REJECTED_ALIAS
0x0090791B,0x00907670,"mov dword ptr [esp + 0x30], eax",eax,stack slot (esp+0x30),REJECTED_ALIAS
0x009079FC,0x00907670,"mov dword ptr [esp + 0x30], eax",eax,stack slot (esp+0x30),REJECTED_ALIAS
0x00907CF9,0x00907BF0,"mov dword ptr [esp + 0x30], 1",1,stack slot (esp+0x30),REJECTED_ALIAS
0x009082F5,0x00907BF0,"mov dword ptr [esp + 0x30], edx",edx,stack slot (esp+0x30),REJECTED_ALIAS
0x00908807,0x009087E0,"mov dword ptr [esi + 0x30], ecx",ecx,unknown,POSSIBLE_ALIAS
0x0090891B,0x009088D0,"mov dword ptr [esi + 0x30], ecx",ecx,unknown,POSSIBLE_ALIAS
0x009092AC,0x00909260,"mov dword ptr [esi + 0x30], ecx",ecx,unknown,POSSIBLE_ALIAS
0x0090956D,0x00909520,"mov dword ptr [esi + 0x30], ecx",ecx,unknown,POSSIBLE_ALIAS
0x0090980D,0x00909780,"mov dword ptr [esp + 0x30], 0",0,stack slot (esp+0x30),REJECTED_ALIAS
0x00909C0C,0x00909B80,"mov dword ptr [esp + 0x30], 0",0,stack slot (esp+0x30),REJECTED_ALIAS
0x00909CC6,0x00909C40,"mov dword ptr [esi + 0x30], edx",edx,unknown,POSSIBLE_ALIAS
0x0090A222,0x0090A1C0,"mov dword ptr [esi + 0x30], edx",edx,unknown,POSSIBLE_ALIAS
0x0090AB24,0x0090A9E0,"mov dword ptr [esp + 0x30], ebx",ebx,stack slot (esp+0x30),REJECTED_ALIAS
0x0090B4E8,0x0090AD30,"mov dword ptr [esp + 0x30], ebx",ebx,stack slot (esp+0x30),REJECTED_ALIAS
0x0090BE53,0x0090AD30,"mov dword ptr [esp + 0x30], ebx",ebx,stack slot (esp+0x30),REJECTED_ALIAS
0x0090BEEB,0x0090AD30,"mov dword ptr [esp + 0x30], ebx",ebx,stack slot (esp+0x30),REJECTED_ALIAS
0x0090C0AE,0x0090AD30,"mov dword ptr [esp + 0x30], ebx",ebx,stack slot (esp+0x30),REJECTED_ALIAS
0x0090C146,0x0090AD30,"mov dword ptr [esp + 0x30], ebx",ebx,stack slot (esp+0x30),REJECTED_ALIAS
0x0090C3B1,0x0090AD30,"mov dword ptr [esp + 0x30], ebx",ebx,stack slot (esp+0x30),REJECTED_ALIAS
0x0090D31A,0x0090D220,"mov dword ptr [esp + 0x30], 0xffffffff",0xffffffff,stack slot (esp+0x30),REJECTED_ALIAS
0x0090D32F,0x0090D220,"mov dword ptr [esp + 0x30], 0xffffffff",0xffffffff,stack slot (esp+0x30),REJECTED_ALIAS
0x0090D91A,0x0090D8C0,"mov byte ptr [esp + 0x30], 1",1,stack slot (esp+0x30),REJECTED_ALIAS
0x0090DEE8,0x0090DEA0,"mov dword ptr [esp + 0x30], edi",edi,stack slot (esp+0x30),REJECTED_ALIAS
0x0090E5EE,0x0090E560,"mov byte ptr [esp + 0x30], cl",cl,stack slot (esp+0x30),REJECTED_ALIAS
0x0090E70F,0x0090E680,"mov byte ptr [esp + 0x30], cl",cl,stack slot (esp+0x30),REJECTED_ALIAS
0x0090ECB6,0x0090EC60,"mov dword ptr [esp + 0x30], ebx",ebx,stack slot (esp+0x30),REJECTED_ALIAS
0x0090FF62,0x0090FF10,"mov dword ptr [esp + 0x30], 0xffffffff",0xffffffff,stack slot (esp+0x30),REJECTED_ALIAS
0x009106EB,0x00910410,"mov dword ptr [esp + 0x30], ecx",ecx,stack slot (esp+0x30),REJECTED_ALIAS
0x00910725,0x00910410,"mov dword ptr [esp + 0x30], edx",edx,stack slot (esp+0x30),REJECTED_ALIAS
0x00911216,0x009111B0,"mov dword ptr [esp + 0x30], 0xffffffff",0xffffffff,stack slot (esp+0x30),REJECTED_ALIAS
0x00911F99,0x00911F70,"mov dword ptr [esp + 0x30], ebp",ebp,stack slot (esp+0x30),REJECTED_ALIAS
0x00912064,0x00911F70,"mov dword ptr [esp + 0x30], eax",eax,stack slot (esp+0x30),REJECTED_ALIAS
0x00912146,0x00911F70,"mov dword ptr [esp + 0x30], edx",edx,stack slot (esp+0x30),REJECTED_ALIAS
0x00912C69,0x00912C30,"mov dword ptr [esp + 0x30], eax",eax,stack slot (esp+0x30),REJECTED_ALIAS
0x00912C9D,0x00912C30,"mov byte ptr [esp + 0x30], 2",2,stack slot (esp+0x30),REJECTED_ALIAS
0x00912D20,0x00912C30,"mov byte ptr [esp + 0x30], 2",2,stack slot (esp+0x30),REJECTED_ALIAS
0x00912DA2,0x00912C30,"mov byte ptr [esp + 0x30], 4",4,stack slot (esp+0x30),REJECTED_ALIAS
0x00912DCB,0x00912C30,"mov byte ptr [esp + 0x30], 2",2,stack slot (esp+0x30),REJECTED_ALIAS
0x00912E68,0x00912C30,"mov byte ptr [esp + 0x30], 2",2,stack slot (esp+0x30),REJECTED_ALIAS
0x00912EE7,0x00912C30,"mov byte ptr [esp + 0x30], 6",6,stack slot (esp+0x30),REJECTED_ALIAS
0x00912F10,0x00912C30,"mov byte ptr [esp + 0x30], 2",2,stack slot (esp+0x30),REJECTED_ALIAS
0x00912F32,0x00912C30,"mov byte ptr [esp + 0x30], 1",1,stack slot (esp+0x30),REJECTED_ALIAS
0x00912F54,0x00912C30,"mov byte ptr [esp + 0x30], 0",0,stack slot (esp+0x30),REJECTED_ALIAS
0x00913276,0x00913210,"mov dword ptr [esp + 0x30], 0xffffffff",0xffffffff,stack slot (esp+0x30),REJECTED_ALIAS
0x009146D0,0x00914500,"mov dword ptr [esp + 0x30], eax",eax,stack slot (esp+0x30),REJECTED_ALIAS
0x00914CC4,0x00914BF0,"mov byte ptr [esp + 0x30], 2",2,stack slot (esp+0x30),REJECTED_ALIAS
0x00914CE5,0x00914BF0,"mov byte ptr [esp + 0x30], 1",1,stack slot (esp+0x30),REJECTED_ALIAS
0x00914D06,0x00914BF0,"mov byte ptr [esp + 0x30], 0",0,stack slot (esp+0x30),REJECTED_ALIAS
0x00914D75,0x00914BF0,"mov dword ptr [esp + 0x30], 0xffffffff",0xffffffff,stack slot (esp+0x30),REJECTED_ALIAS
0x00915069,0x00914FC0,"mov dword ptr [esp + 0x30], eax",eax,stack slot (esp+0x30),REJECTED_ALIAS
0x0091614D,0x009160A0,"mov dword ptr [esi + 0x30], edx",edx,unknown,POSSIBLE_ALIAS
0x0091625C,0x00916200,"mov dword ptr [esi + 0x30], edx",edx,unknown,POSSIBLE_ALIAS
0x00916D42,0x00916CE0,"mov dword ptr [esi + 0x30], edx",edx,stack,REJECTED_ALIAS
0x00917070,0x00916F70,"mov dword ptr [esp + 0x30], ebx",ebx,stack slot (esp+0x30),REJECTED_ALIAS
0x00918168,0x00917F60,"mov dword ptr [esp + 0x30], eax",eax,stack slot (esp+0x30),REJECTED_ALIAS
0x009188A8,0x00918890,"mov dword ptr [esp + 0x30], eax",eax,stack slot (esp+0x30),REJECTED_ALIAS
0x009193F7,0x00919380,"mov dword ptr [esp + 0x30], 0",0,stack slot (esp+0x30),REJECTED_ALIAS
0x0091940A,0x00919380,"mov dword ptr [esp + 0x30], 0xffffffff",0xffffffff,stack slot (esp+0x30),REJECTED_ALIAS
0x00919A30,0x00919990,"mov byte ptr [esp + 0x30], bl",bl,stack slot (esp+0x30),REJECTED_ALIAS
0x0091B06D,0x0091AFC0,"mov byte ptr [esp + 0x30], 0",0,stack slot (esp+0x30),REJECTED_ALIAS
0x0091C7E4,0x0091C790,"mov dword ptr [esp + 0x30], ebp",ebp,stack slot (esp+0x30),REJECTED_ALIAS
0x0091C84E,0x0091C790,"mov byte ptr [esp + 0x30], 5",5,stack slot (esp+0x30),REJECTED_ALIAS
0x0091C885,0x0091C790,"mov byte ptr [esp + 0x30], 4",4,stack slot (esp+0x30),REJECTED_ALIAS
0x0091EF5C,0x0091EF00,"mov dword ptr [esp + 0x30], 0",0,stack slot (esp+0x30),REJECTED_ALIAS
0x0091F2FC,0x0091F2B0,"mov dword ptr [esp + 0x30], ecx",ecx,stack slot (esp+0x30),REJECTED_ALIAS
0x0091F54C,0x0091F2B0,"mov dword ptr [esp + 0x30], 0xffffffff",0xffffffff,stack slot (esp+0x30),REJECTED_ALIAS
0x0091F78F,0x0091F730,"mov dword ptr [esp + 0x30], 0",0,stack slot (esp+0x30),REJECTED_ALIAS
0x009214C3,0x00921440,"mov dword ptr [esp + 0x30], edx",edx,stack slot (esp+0x30),REJECTED_ALIAS
0x009214D4,0x00921440,"mov dword ptr [esi + 0x30], eax",eax,"other-class this (vtable 0x00A9689C, .?AVArkUIGridViewPort@@)",REJECTED_ALIAS
0x0092154D,0x00921440,"mov dword ptr [esp + 0x30], 0",0,stack slot (esp+0x30),REJECTED_ALIAS
0x00921573,0x00921440,"mov dword ptr [esp + 0x30], eax",eax,stack slot (esp+0x30),REJECTED_ALIAS
0x00921D95,0x00921CF0,"mov dword ptr [esi + 0x30], ebx",ebx,unknown,POSSIBLE_ALIAS
0x00922B9B,0x00922B50,"mov dword ptr [esp + 0x30], ebx",ebx,stack slot (esp+0x30),REJECTED_ALIAS
0x00922BCC,0x00922B50,"mov dword ptr [esp + 0x30], 0xffffffff",0xffffffff,stack slot (esp+0x30),REJECTED_ALIAS
0x00922C0D,0x00922B50,"mov dword ptr [esp + 0x30], 1",1,stack slot (esp+0x30),REJECTED_ALIAS
0x00922CD5,0x00922B50,"mov dword ptr [esp + 0x30], 2",2,stack slot (esp+0x30),REJECTED_ALIAS
0x00922DE8,0x00922B50,"mov dword ptr [esp + 0x30], 3",3,stack slot (esp+0x30),REJECTED_ALIAS
0x009230B4,0x00922F00,"mov dword ptr [esp + 0x30], 0",0,stack slot (esp+0x30),REJECTED_ALIAS
0x009230E5,0x00922F00,"mov dword ptr [esp + 0x30], eax",eax,stack slot (esp+0x30),REJECTED_ALIAS
0x00923592,0x00923580,"mov dword ptr [ecx + 0x30], eax",eax,unknown,POSSIBLE_ALIAS
0x009237A6,0x00923790,"mov dword ptr [esi + 0x30], ecx",ecx,unknown,POSSIBLE_ALIAS
0x00923ECB,0x00923EA0,"mov dword ptr [esi + 0x30], ecx",ecx,"other-class this (vtable 0x00A969AC, .?AVArkUISegmentViewPort@@)",REJECTED_ALIAS
0x00923F33,0x00923F00,"mov dword ptr [esi + 0x30], ecx",ecx,"other-class this (vtable 0x00A969AC, .?AVArkUISegmentViewPort@@)",REJECTED_ALIAS
0x0092422A,0x009241D0,"mov byte ptr [esp + 0x30], 1",1,stack slot (esp+0x30),REJECTED_ALIAS
0x009251BC,0x00924FB0,"mov dword ptr [esp + 0x30], ecx",ecx,stack slot (esp+0x30),REJECTED_ALIAS
0x00925C18,0x00925AF0,"mov dword ptr [esp + 0x30], eax",eax,stack slot (esp+0x30),REJECTED_ALIAS
0x00925E98,0x00925E30,"mov byte ptr [edi + 0x30], dl",dl,unknown,POSSIBLE_ALIAS
0x0092608D,0x00925FD0,"mov dword ptr [esi + 0x30], eax",eax,unknown,POSSIBLE_ALIAS
0x0092612C,0x009260D0,"mov dword ptr [esi + 0x30], edx",edx,unknown,POSSIBLE_ALIAS
0x00926320,0x009262C0,"mov dword ptr [esi + 0x30], edx",edx,stack,REJECTED_ALIAS
0x009266E7,0x009266B0,"mov byte ptr [esi + 0x30], al",al,unknown,POSSIBLE_ALIAS
0x009267C7,0x00926770,"mov byte ptr [edi + 0x30], al",al,unknown,POSSIBLE_ALIAS
0x00926C8E,0x00926C60,"mov dword ptr [esp + 0x30], 7",7,stack slot (esp+0x30),REJECTED_ALIAS
0x00927039,0x00926C60,"mov dword ptr [esp + 0x30], esp",esp,stack slot (esp+0x30),REJECTED_ALIAS
0x0092823B,0x009281D0,"mov dword ptr [esi + 0x30], edx",edx,unknown,POSSIBLE_ALIAS
0x00928759,0x009286A0,"mov dword ptr [esi + 0x30], eax",eax,unknown,POSSIBLE_ALIAS
0x0092884D,0x009287A0,"mov dword ptr [esi + 0x30], edx",edx,unknown,POSSIBLE_ALIAS
0x0092895C,0x00928900,"mov dword ptr [esi + 0x30], edx",edx,unknown,POSSIBLE_ALIAS
0x009289DC,0x00928980,"mov dword ptr [esi + 0x30], edx",edx,unknown,POSSIBLE_ALIAS
0x00928AAD,0x00928A00,"mov dword ptr [esi + 0x30], edx",edx,unknown,POSSIBLE_ALIAS
0x00928B4C,0x00928AF0,"mov dword ptr [esi + 0x30], edx",edx,unknown,POSSIBLE_ALIAS
0x00929180,0x00929120,"mov dword ptr [esi + 0x30], edx",edx,stack,REJECTED_ALIAS
0x00929222,0x009291C0,"mov dword ptr [esi + 0x30], edx",edx,stack,REJECTED_ALIAS
0x009295B2,0x00929550,"mov dword ptr [esi + 0x30], edx",edx,stack,REJECTED_ALIAS
0x00929F1B,0x00929F00,"mov dword ptr [esp + 0x30], eax",eax,stack slot (esp+0x30),REJECTED_ALIAS
0x0092A161,0x0092A050,"mov dword ptr [esp + 0x30], ebx",ebx,stack slot (esp+0x30),REJECTED_ALIAS
0x0092AC89,0x0092AC50,"mov dword ptr [esp + 0x30], 0x28",0x28,stack slot (esp+0x30),REJECTED_ALIAS
0x0092AD1C,0x0092AC50,"mov dword ptr [esp + 0x30], 0x23",0x23,stack slot (esp+0x30),REJECTED_ALIAS
0x0092B32F,0x0092B240,"mov dword ptr [esp + 0x30], 0xffffffff",0xffffffff,stack slot (esp+0x30),REJECTED_ALIAS
0x0092B847,0x0092B7C0,"mov dword ptr [esp + 0x30], ebx",ebx,stack slot (esp+0x30),REJECTED_ALIAS
0x0092B8A3,0x0092B7C0,"sub dword ptr [esp + 0x30], 1",1,stack slot (esp+0x30),REJECTED_ALIAS
0x0092B95D,0x0092B7C0,"mov dword ptr [esp + 0x30], ebx",ebx,stack slot (esp+0x30),REJECTED_ALIAS
0x0092C0A8,0x0092C090,"mov dword ptr [esp + 0x30], eax",eax,stack slot (esp+0x30),REJECTED_ALIAS
0x0092C218,0x0092C200,"mov dword ptr [esp + 0x30], eax",eax,stack slot (esp+0x30),REJECTED_ALIAS
0x0092CA37,0x0092C9C0,"mov dword ptr [esi + 0x30], ebx",ebx,"other-class this (vtable 0x00A9703C, .?AVArkUITextLine@@)",REJECTED_ALIAS
0x0092CB3D,0x0092CAE0,"mov dword ptr [edi + 0x30], eax",eax,unknown,POSSIBLE_ALIAS
0x0092D089,0x0092CED0,"mov dword ptr [esp + 0x30], eax",eax,stack slot (esp+0x30),REJECTED_ALIAS
0x0092D8E5,0x0092D8A0,"mov dword ptr [esi + 0x30], ebx",ebx,unknown,POSSIBLE_ALIAS
0x0092E68B,0x0092E620,"mov dword ptr [esi + 0x30], ebp",ebp,unknown,POSSIBLE_ALIAS
0x0092F36D,0x0092F1B0,"mov dword ptr [esp + 0x30], edi",edi,stack slot (esp+0x30),REJECTED_ALIAS
0x0092F46A,0x0092F1B0,"mov dword ptr [esp + 0x30], edx",edx,stack slot (esp+0x30),REJECTED_ALIAS
0x0092F6A5,0x0092F630,"mov dword ptr [esp + 0x30], 0xffffffff",0xffffffff,stack slot (esp+0x30),REJECTED_ALIAS
0x0092F83C,0x0092F7E0,"mov dword ptr [esi + 0x30], ebx",ebx,unknown,POSSIBLE_ALIAS
0x00931BD0,0x00931BA0,"mov dword ptr [eax + 0x30], edx",edx,unknown,POSSIBLE_ALIAS
0x00931C06,0x00931BA0,"mov dword ptr [ecx + 0x30], edx",edx,unknown,POSSIBLE_ALIAS
0x009333ED,0x00933310,"mov dword ptr [esi + 0x30], edi",edi,unknown,POSSIBLE_ALIAS
0x00933483,0x00933450,"mov dword ptr [esi + 0x30], edi",edi,unknown,POSSIBLE_ALIAS
0x0093351B,0x009334D0,"mov dword ptr [esi + 0x30], ebx",ebx,unknown,POSSIBLE_ALIAS
0x00933F2B,0x009336D0,"mov dword ptr [esi + 0x30], ebp",ebp,unknown,POSSIBLE_ALIAS
0x00934A69,0x00934970,"mov dword ptr [esp + 0x30], eax",eax,stack slot (esp+0x30),REJECTED_ALIAS
0x00935489,0x00935200,"mov dword ptr [esp + 0x30], ebp",ebp,stack slot (esp+0x30),REJECTED_ALIAS
0x0093553A,0x009354F0,"mov dword ptr [esp + 0x30], ebp",ebp,stack slot (esp+0x30),REJECTED_ALIAS
0x009356A7,0x00935670,"mov dword ptr [esp + 0x30], 0",0,stack slot (esp+0x30),REJECTED_ALIAS
0x00935827,0x009357D0,"mov dword ptr [esi + 0x30], ecx",ecx,unknown,POSSIBLE_ALIAS
0x00936383,0x009362D0,"mov dword ptr [esp + 0x30], eax",eax,stack slot (esp+0x30),REJECTED_ALIAS
0x009376D5,0x009376A0,"mov dword ptr [esi + 0x30], eax",eax,"other-class this (vtable 0x00A97C74, .?AVMaTerrainMapPatchLayer@@)",REJECTED_ALIAS
0x009377A2,0x009376F0,"mov dword ptr [esi + 0x30], eax",eax,"other-class this (vtable 0x00A97C74, .?AVMaTerrainMapPatchLayer@@)",REJECTED_ALIAS
0x0093782F,0x009377C0,"mov dword ptr [esp + 0x30], eax",eax,stack slot (esp+0x30),REJECTED_ALIAS
0x0093ABE5,0x0093AB80,"mov dword ptr [esp + 0x30], ecx",ecx,stack slot (esp+0x30),REJECTED_ALIAS
0x0093AD92,0x0093AB80,"mov dword ptr [esp + 0x30], ecx",ecx,stack slot (esp+0x30),REJECTED_ALIAS
0x0093B1A6,0x0093B140,"mov dword ptr [esp + 0x30], 0xffffffff",0xffffffff,stack slot (esp+0x30),REJECTED_ALIAS
0x0093B246,0x0093B1E0,"mov dword ptr [esp + 0x30], 0xffffffff",0xffffffff,stack slot (esp+0x30),REJECTED_ALIAS
0x0093B4F5,0x0093B4C0,"mov dword ptr [esp + 0x30], ebx",ebx,stack slot (esp+0x30),REJECTED_ALIAS
0x0093C37D,0x0093C300,"mov dword ptr [esp + 0x30], 0x80",0x80,stack slot (esp+0x30),REJECTED_ALIAS
0x0093C3CD,0x0093C300,"mov dword ptr [esp + 0x30], 0",0,stack slot (esp+0x30),REJECTED_ALIAS
0x0093C419,0x0093C300,"mov dword ptr [esp + 0x30], 0",0,stack slot (esp+0x30),REJECTED_ALIAS
0x0093CC32,0x0093CBF0,"mov dword ptr [esp + 0x30], edi",edi,stack slot (esp+0x30),REJECTED_ALIAS
0x0093CC68,0x0093CBF0,"mov dword ptr [esp + 0x30], ebx",ebx,stack slot (esp+0x30),REJECTED_ALIAS
0x0093CD0C,0x0093CBF0,"mov byte ptr [esp + 0x30], 6",6,stack slot (esp+0x30),REJECTED_ALIAS
0x0093CD4D,0x0093CBF0,"mov dword ptr [ebp + 0x30], eax",eax,unknown (ebp repurposed),POSSIBLE_ALIAS
0x0093D23B,0x0093CEB0,"mov byte ptr [esp + 0x30], 5",5,stack slot (esp+0x30),REJECTED_ALIAS
0x0093D2CA,0x0093D270,"mov dword ptr [esp + 0x30], ebx",ebx,stack slot (esp+0x30),REJECTED_ALIAS
0x0093E1F2,0x0093E0B0,"mov dword ptr [esp + 0x30], eax",eax,stack slot (esp+0x30),REJECTED_ALIAS
0x0093FBB9,0x0093F800,"mov dword ptr [esp + 0x30], edx",edx,stack slot (esp+0x30),REJECTED_ALIAS
0x0093FD20,0x0093F800,"mov dword ptr [esp + 0x30], eax",eax,stack slot (esp+0x30),REJECTED_ALIAS
0x00940399,0x009402B0,"mov dword ptr [esp + 0x30], ebx",ebx,stack slot (esp+0x30),REJECTED_ALIAS
0x0094052D,0x009402B0,"mov dword ptr [esp + 0x30], ebx",ebx,stack slot (esp+0x30),REJECTED_ALIAS
0x009406CE,0x00940550,"mov dword ptr [esp + 0x30], edi",edi,stack slot (esp+0x30),REJECTED_ALIAS
0x0094087E,0x00940550,"mov dword ptr [esp + 0x30], ebx",ebx,stack slot (esp+0x30),REJECTED_ALIAS
0x00940CAF,0x00940C20,"mov dword ptr [esp + 0x30], edx",edx,stack slot (esp+0x30),REJECTED_ALIAS
0x00940F26,0x00940DE0,"mov dword ptr [esp + 0x30], eax",eax,stack slot (esp+0x30),REJECTED_ALIAS
0x00941114,0x00941100,"mov dword ptr [esp + 0x30], eax",eax,stack slot (esp+0x30),REJECTED_ALIAS
0x00941328,0x00941100,"mov dword ptr [esp + 0x30], eax",eax,stack slot (esp+0x30),REJECTED_ALIAS
0x00941560,0x00941100,"mov dword ptr [esp + 0x30], eax",eax,stack slot (esp+0x30),REJECTED_ALIAS
0x0094176B,0x00941710,"mov byte ptr [esp + 0x30], 1",1,stack slot (esp+0x30),REJECTED_ALIAS
0x009417F9,0x00941710,"mov byte ptr [esp + 0x30], 0",0,stack slot (esp+0x30),REJECTED_ALIAS
0x00942533,0x00941F90,"mov dword ptr [esp + 0x30], eax",eax,stack slot (esp+0x30),REJECTED_ALIAS
0x009426DE,0x00941F90,"sub dword ptr [esp + 0x30], eax",eax,stack slot (esp+0x30),REJECTED_ALIAS
0x00942D09,0x00942CF0,"mov dword ptr [esp + 0x30], edi",edi,stack slot (esp+0x30),REJECTED_ALIAS
0x00942E86,0x00942CF0,"mov dword ptr [esp + 0x30], eax",eax,stack slot (esp+0x30),REJECTED_ALIAS
0x00942EF3,0x00942CF0,"mov dword ptr [esp + 0x30], ecx",ecx,stack slot (esp+0x30),REJECTED_ALIAS
0x00942F11,0x00942CF0,"mov dword ptr [esp + 0x30], eax",eax,stack slot (esp+0x30),REJECTED_ALIAS
0x00942F1E,0x00942CF0,fistp qword ptr [esp + 0x30],,stack slot (esp+0x30),REJECTED_ALIAS
0x00942F40,0x00942CF0,"mov dword ptr [esp + 0x30], eax",eax,stack slot (esp+0x30),REJECTED_ALIAS
0x00942F48,0x00942CF0,fistp qword ptr [esp + 0x30],,stack slot (esp+0x30),REJECTED_ALIAS
0x00942F76,0x00942CF0,"mov dword ptr [esp + 0x30], eax",eax,stack slot (esp+0x30),REJECTED_ALIAS
0x00942F88,0x00942CF0,"mov dword ptr [esp + 0x30], eax",eax,stack slot (esp+0x30),REJECTED_ALIAS
0x0094313A,0x00943000,"mov dword ptr [esp + 0x30], esi",esi,stack slot (esp+0x30),REJECTED_ALIAS
0x0094319A,0x00943000,"mov dword ptr [esp + 0x30], eax",eax,stack slot (esp+0x30),REJECTED_ALIAS
0x009431C9,0x00943000,"mov dword ptr [esp + 0x30], eax",eax,stack slot (esp+0x30),REJECTED_ALIAS
0x00943990,0x00943920,"mov dword ptr [esi + 0x30], ecx",ecx,"other-class this (vtable 0x00A97DA0, .?AVArkVegetationVisualizer@@)",REJECTED_ALIAS
0x00943D3D,0x00943CD0,"mov dword ptr [esi + 0x30], eax",eax,unknown,POSSIBLE_ALIAS
0x00943F38,0x00943E50,"mov dword ptr [esi + 0x30], eax",eax,"other-class this (vtable 0x00A97DA0, .?AVArkVegetationVisualizer@@)",REJECTED_ALIAS
0x00944C2C,0x00944BF0,"mov dword ptr [esi + 0x30], ecx",ecx,unknown,POSSIBLE_ALIAS
0x009454F7,0x00944BF0,"mov dword ptr [eax + 0x30], ecx",ecx,null base,REJECTED_ALIAS
0x00946280,0x00946200,"mov dword ptr [esp + 0x30], 0",0,stack slot (esp+0x30),REJECTED_ALIAS
0x00946D79,0x00946B10,"mov dword ptr [esp + 0x30], ecx",ecx,stack slot (esp+0x30),REJECTED_ALIAS
0x00946D87,0x00946B10,"mov dword ptr [esp + 0x30], ebx",ebx,stack slot (esp+0x30),REJECTED_ALIAS
0x00946DCE,0x00946B10,"mov dword ptr [esp + 0x30], eax",eax,stack slot (esp+0x30),REJECTED_ALIAS
0x009476EC,0x00947690,"mov byte ptr [esp + 0x30], 1",1,stack slot (esp+0x30),REJECTED_ALIAS
0x0094920D,0x009491E0,"mov dword ptr [esp + 0x30], ebx",ebx,stack slot (esp+0x30),REJECTED_ALIAS
0x009492AE,0x009491E0,"mov dword ptr [esp + 0x30], ebx",ebx,stack slot (esp+0x30),REJECTED_ALIAS
0x009499CD,0x009499A0,"mov dword ptr [esp + 0x30], 0",0,stack slot (esp+0x30),REJECTED_ALIAS
0x00949DB6,0x009499A0,"add dword ptr [esp + 0x30], 1",1,stack slot (esp+0x30),REJECTED_ALIAS
0x0094A2C1,0x0094A250,"mov dword ptr [esp + 0x30], eax",eax,stack slot (esp+0x30),REJECTED_ALIAS
0x0094A3F7,0x0094A250,"mov dword ptr [esp + 0x30], esi",esi,stack slot (esp+0x30),REJECTED_ALIAS
0x0094B3B8,0x0094B1D0,"mov dword ptr [esp + 0x30], eax",eax,stack slot (esp+0x30),REJECTED_ALIAS
0x0094B756,0x0094B6E0,"mov dword ptr [esi + 0x30], edx",edx,unknown,POSSIBLE_ALIAS
0x0094CED5,0x0094CDD0,"mov dword ptr [esp + 0x30], edi",edi,stack slot (esp+0x30),REJECTED_ALIAS
0x0094D6EC,0x0094D690,"mov dword ptr [esp + 0x30], ebp",ebp,stack slot (esp+0x30),REJECTED_ALIAS
0x0094DF57,0x0094DEB0,"mov dword ptr [esi + 0x30], ebx",ebx,unknown,POSSIBLE_ALIAS
0x0094DF7F,0x0094DEB0,"mov byte ptr [esp + 0x30], 6",6,stack slot (esp+0x30),REJECTED_ALIAS
0x0094E9BF,0x0094E890,"mov dword ptr [esi + 0x30], edx",edx,unknown,POSSIBLE_ALIAS
0x0094ED7B,0x0094EAC0,"mov dword ptr [eax + 0x30], edx",edx,unknown,POSSIBLE_ALIAS
0x0094FA14,0x0094F9D0,"mov dword ptr [esp + 0x30], eax",eax,stack slot (esp+0x30),REJECTED_ALIAS
0x0095049E,0x00950460,"mov dword ptr [esp + 0x30], ecx",ecx,stack slot (esp+0x30),REJECTED_ALIAS
0x00951206,0x009511B0,"mov byte ptr [esp + 0x30], 1",1,stack slot (esp+0x30),REJECTED_ALIAS
0x00951326,0x009512A0,"mov dword ptr [esi + 0x30], eax",eax,"other-class this (vtable 0x00A97EF0, .?AV?$ArkFXPShared@VMaVector@@@@)",REJECTED_ALIAS
0x00951397,0x009512A0,"mov dword ptr [ebx + 0x30], ecx",ecx,unknown,POSSIBLE_ALIAS
0x00951408,0x009512A0,"mov dword ptr [ebx + 0x30], edx",edx,unknown,POSSIBLE_ALIAS
0x0095147C,0x009512A0,"mov dword ptr [ebx + 0x30], eax",eax,unknown,POSSIBLE_ALIAS
0x009514F0,0x009512A0,"mov dword ptr [ebx + 0x30], ecx",ecx,unknown,POSSIBLE_ALIAS
0x00951770,0x009516F0,"mov dword ptr [esi + 0x30], edx",edx,unknown,POSSIBLE_ALIAS
0x00951A66,0x00951A10,"mov byte ptr [esp + 0x30], 1",1,stack slot (esp+0x30),REJECTED_ALIAS
0x00951AE2,0x00951AC0,"mov dword ptr [eax + 0x30], ecx",ecx,unknown,POSSIBLE_ALIAS
0x00951B50,0x00951B00,"mov dword ptr [esi + 0x30], edx",edx,unknown,POSSIBLE_ALIAS
0x009525C5,0x00952390,"mov dword ptr [edi + 0x30], eax",eax,unknown,POSSIBLE_ALIAS
0x009525CF,0x00952390,"mov dword ptr [edi + 0x30], ebx",ebx,unknown,POSSIBLE_ALIAS
0x009534BC,0x00953340,"mov dword ptr [esp + 0x30], ebx",ebx,stack slot (esp+0x30),REJECTED_ALIAS
0x009538B0,0x00953830,"mov dword ptr [esp + 0x30], 0",0,stack slot (esp+0x30),REJECTED_ALIAS
0x00954770,0x009546C0,"mov byte ptr [esp + 0x30], 3",3,stack slot (esp+0x30),REJECTED_ALIAS
0x0095482C,0x00954820,"mov dword ptr [ecx + 0x30], edx",edx,unknown,POSSIBLE_ALIAS
0x00955C25,0x00955B00,"mov word ptr [esi + 0x30], bx",bx,unknown,POSSIBLE_ALIAS
0x00955C8A,0x00955B00,"mov dword ptr [esp + 0x30], esi",esi,stack slot (esp+0x30),REJECTED_ALIAS
0x00955CF1,0x00955B00,"mov dword ptr [eax + 0x30], edx",edx,null base,REJECTED_ALIAS
0x00955D39,0x00955B00,"mov dword ptr [esp + 0x30], esi",esi,stack slot (esp+0x30),REJECTED_ALIAS
0x00955D8A,0x00955B00,"mov dword ptr [esp + 0x30], 0xffffffff",0xffffffff,stack slot (esp+0x30),REJECTED_ALIAS
0x00956403,0x009561B0,"mov dword ptr [esp + 0x30], edx",edx,stack slot (esp+0x30),REJECTED_ALIAS
0x00958C03,0x00958BB0,"mov dword ptr [esp + 0x30], esp",esp,stack slot (esp+0x30),REJECTED_ALIAS
0x00958F87,0x00958F80,"mov dword ptr [ecx + 0x30], eax",eax,unknown,POSSIBLE_ALIAS
0x0095921D,0x00959090,"mov dword ptr [edi + 0x30], edx",edx,unknown,POSSIBLE_ALIAS
0x00959227,0x00959090,"mov dword ptr [edi + 0x30], ebx",ebx,unknown,POSSIBLE_ALIAS
0x00959FC0,0x00959D90,"mov dword ptr [esi + 0x30], ecx",ecx,null base,REJECTED_ALIAS
0x0095A4D3,0x0095A430,"mov dword ptr [esp + 0x30], eax",eax,stack slot (esp+0x30),REJECTED_ALIAS
0x0095AC1B,0x0095AC10,"and dword ptr [esi + 0x30], 0xffffff7f",0xffffff7f,unknown,POSSIBLE_ALIAS
0x0095AE07,0x0095ADE0,"mov dword ptr [eax + 0x30], ecx",ecx,"other-class this (vtable 0x00A980C8, .?AVArkVegetationGraphicLayer@@)",REJECTED_ALIAS
0x0095AED7,0x0095AE20,"mov dword ptr [esp + 0x30], eax",eax,stack slot (esp+0x30),REJECTED_ALIAS
0x0095B416,0x0095B180,"or dword ptr [edi + 0x30], 0xc0",0xc0,unknown,POSSIBLE_ALIAS
0x0095B6B2,0x0095B660,"and dword ptr [ebp + 0x30], edx",edx,unknown (ebp repurposed),POSSIBLE_ALIAS
0x0095B747,0x0095B6C0,"and dword ptr [ebx + 0x30], 0xffffffbf",0xffffffbf,unknown,POSSIBLE_ALIAS
0x0095B97B,0x0095B930,"mov dword ptr [esp + 0x30], 0",0,stack slot (esp+0x30),REJECTED_ALIAS
0x0095BAB6,0x0095B9D0,"mov byte ptr [esp + 0x30], 1",1,stack slot (esp+0x30),REJECTED_ALIAS
0x0095BAE7,0x0095B9D0,"mov byte ptr [esp + 0x30], 0",0,stack slot (esp+0x30),REJECTED_ALIAS
0x0095BB2D,0x0095B9D0,"mov byte ptr [esp + 0x30], 2",2,stack slot (esp+0x30),REJECTED_ALIAS
0x0095BB65,0x0095B9D0,"mov byte ptr [esp + 0x30], 4",4,stack slot (esp+0x30),REJECTED_ALIAS
0x0095BB98,0x0095B9D0,"mov byte ptr [esp + 0x30], 4",4,stack slot (esp+0x30),REJECTED_ALIAS
0x0095BBC4,0x0095B9D0,"mov byte ptr [esp + 0x30], 6",6,stack slot (esp+0x30),REJECTED_ALIAS
0x0095BBEA,0x0095B9D0,"mov byte ptr [esp + 0x30], 4",4,stack slot (esp+0x30),REJECTED_ALIAS
0x0095BC70,0x0095B9D0,"or dword ptr [esi + 0x30], edi",edi,unknown,POSSIBLE_ALIAS
0x0095BC75,0x0095B9D0,"mov byte ptr [esp + 0x30], 3",3,stack slot (esp+0x30),REJECTED_ALIAS
0x0095BC95,0x0095B9D0,"mov byte ptr [esp + 0x30], 0",0,stack slot (esp+0x30),REJECTED_ALIAS
0x0095C029,0x0095BFF0,"mov dword ptr [esp + 0x30], 0xa980c0",0xa980c0,stack slot (esp+0x30),REJECTED_ALIAS
0x0095C212,0x0095BFF0,"mov dword ptr [esi + 0x30], ecx",ecx,null base,REJECTED_ALIAS
0x0095C2E0,0x0095BFF0,"mov dword ptr [esp + 0x30], 0xa980c0",0xa980c0,stack slot (esp+0x30),REJECTED_ALIAS
0x0095C2F2,0x0095BFF0,"mov dword ptr [esp + 0x30], 0xa980c0",0xa980c0,stack slot (esp+0x30),REJECTED_ALIAS
0x0095F4B2,0x0095F480,"mov dword ptr [esp + 0x30], 0",0,stack slot (esp+0x30),REJECTED_ALIAS
0x0095F81B,0x0095F7F0,"mov dword ptr [eax + 0x30], ecx",ecx,unknown,POSSIBLE_ALIAS
0x0095FA80,0x0095FA10,"mov dword ptr [esp + 0x30], 0",0,stack slot (esp+0x30),REJECTED_ALIAS
0x0095FAFB,0x0095FA10,"mov byte ptr [esp + 0x30], 0x1f",0x1f,stack slot (esp+0x30),REJECTED_ALIAS
0x0095FBBB,0x0095FA10,"mov dword ptr [ecx + 0x30], eax",eax,unknown,POSSIBLE_ALIAS
0x0095FF6C,0x0095FA10,"mov dword ptr [ecx + 0x30], eax",eax,unknown,POSSIBLE_ALIAS
0x0095FFD4,0x0095FA10,"mov dword ptr [edx + 0x30], ecx",ecx,unknown,POSSIBLE_ALIAS
0x0095FFFD,0x0095FA10,"mov dword ptr [ecx + 0x30], eax",eax,unknown,POSSIBLE_ALIAS
0x009601B7,0x00960110,"add dword ptr [esp + 0x30], eax",eax,stack slot (esp+0x30),REJECTED_ALIAS
0x0096030A,0x009602C0,"mov dword ptr [esp + 0x30], eax",eax,stack slot (esp+0x30),REJECTED_ALIAS
0x009605DB,0x009604A0,"mov dword ptr [esp + 0x30], eax",eax,stack slot (esp+0x30),REJECTED_ALIAS
0x00960628,0x009604A0,"mov dword ptr [esp + 0x30], eax",eax,stack slot (esp+0x30),REJECTED_ALIAS
0x0096067C,0x009604A0,"mov dword ptr [edi + 0x30], ebx",ebx,unknown,POSSIBLE_ALIAS
0x00960BD9,0x009604A0,"mov dword ptr [ecx + 0x30], eax",eax,unknown,POSSIBLE_ALIAS
0x00960CC2,0x009604A0,"mov dword ptr [edi + 0x30], ebx",ebx,unknown,POSSIBLE_ALIAS
0x00960CDA,0x00960CD0,"mov dword ptr [esp + 0x30], 1",1,stack slot (esp+0x30),REJECTED_ALIAS
0x00960CE4,0x00960CD0,"mov dword ptr [esp + 0x30], 0xfffffffd",0xfffffffd,stack slot (esp+0x30),REJECTED_ALIAS
0x00960D07,0x00960CD0,"mov dword ptr [edi + 0x30], ebx",ebx,unknown,POSSIBLE_ALIAS
0x00960D93,0x00960CD0,"mov dword ptr [esi + 0x30], eax",eax,unknown,POSSIBLE_ALIAS
0x00961135,0x00960F50,"mov dword ptr [edi + 0x30], eax",eax,unknown,POSSIBLE_ALIAS
0x009617DC,0x009616F0,"mov dword ptr [edi + 0x30], eax",eax,unknown,POSSIBLE_ALIAS
0x0096225C,0x009621F0,"mov dword ptr [edi + 0x30], eax",eax,unknown,POSSIBLE_ALIAS
0x009623BA,0x00962280,"mov dword ptr [esi + 0x30], eax",eax,unknown,POSSIBLE_ALIAS
0x0096259B,0x00962500,"mov dword ptr [esp + 0x30], eax",eax,stack slot (esp+0x30),REJECTED_ALIAS
0x009629B0,0x009625A0,"mov dword ptr [eax + 0x30], ebx",ebx,unknown,POSSIBLE_ALIAS
0x00962BB3,0x00962A80,"mov dword ptr [esp + 0x30], 0xa9aea0",0xa9aea0,stack slot (esp+0x30),REJECTED_ALIAS
0x00962BD9,0x00962A80,"mov dword ptr [esp + 0x30], eax",eax,stack slot (esp+0x30),REJECTED_ALIAS
0x00962BE7,0x00962A80,"mov dword ptr [esp + 0x30], ecx",ecx,stack slot (esp+0x30),REJECTED_ALIAS
0x00965B75,0x00965B50,"mov dword ptr [ecx + 0x30], eax",eax,unknown,POSSIBLE_ALIAS
0x00967D61,0x00967D00,"mov dword ptr [esp + 0x30], ebx",ebx,stack slot (esp+0x30),REJECTED_ALIAS
0x00967E4D,0x00967D00,"mov dword ptr [esp + 0x30], ebx",ebx,stack slot (esp+0x30),REJECTED_ALIAS
0x00967E99,0x00967D00,"mov dword ptr [esp + 0x30], ebx",ebx,stack slot (esp+0x30),REJECTED_ALIAS
0x00968D8C,0x00968BD0,"add dword ptr [esp + 0x30], eax",eax,stack slot (esp+0x30),REJECTED_ALIAS
0x0096967E,0x00969290,"mov dword ptr [esp + 0x30], eax",eax,stack slot (esp+0x30),REJECTED_ALIAS
0x0096972E,0x00969290,"add dword ptr [esp + 0x30], esi",esi,stack slot (esp+0x30),REJECTED_ALIAS
0x00969FDD,0x00969290,"add dword ptr [esp + 0x30], eax",eax,stack slot (esp+0x30),REJECTED_ALIAS
0x0096A911,0x00969290,"mov dword ptr [esp + 0x30], eax",eax,stack slot (esp+0x30),REJECTED_ALIAS
0x0096A9C1,0x00969290,"add dword ptr [esp + 0x30], esi",esi,stack slot (esp+0x30),REJECTED_ALIAS
0x0096B123,0x00969290,"add dword ptr [eax + 0x30], ecx",ecx,unknown,POSSIBLE_ALIAS
0x0096B451,0x0096B3F0,"mov dword ptr [esp + 0x30], ebx",ebx,stack slot (esp+0x30),REJECTED_ALIAS
0x0096F8A6,0x0096F830,"mov dword ptr [esi + 0x30], eax",eax,unknown,POSSIBLE_ALIAS
0x0096F9FE,0x0096F980,"mov dword ptr [esi + 0x30], ecx",ecx,unknown,POSSIBLE_ALIAS
0x0097048E,0x00970410,"mov dword ptr [esi + 0x30], eax",eax,unknown,POSSIBLE_ALIAS
0x009707AB,0x00970740,"mov byte ptr [esi + 0x30], al",al,unknown,POSSIBLE_ALIAS
0x00970841,0x009707D0,"mov dword ptr [esi + 0x30], edx",edx,"other-class this (vtable 0x00A9C4C4, .?AV?$ArkRunnableT1@VArkTimerExecutor@@VArkFunction@@@@)",REJECTED_ALIAS
0x0097098D,0x00970920,"mov byte ptr [esi + 0x30], al",al,unknown,POSSIBLE_ALIAS
0x00970FE9,0x00970F10,"mov dword ptr [esp + 0x30], ebx",ebx,stack slot (esp+0x30),REJECTED_ALIAS
0x00971329,0x00971270,"mov byte ptr [esi + 0x30], al",al,unknown,POSSIBLE_ALIAS
0x00971A28,0x009719D0,"mov dword ptr [esp + 0x30], esp",esp,stack slot (esp+0x30),REJECTED_ALIAS
0x00971A43,0x009719D0,"mov dword ptr [esp + 0x30], 0",0,stack slot (esp+0x30),REJECTED_ALIAS
0x00971A5E,0x009719D0,"mov dword ptr [esp + 0x30], esp",esp,stack slot (esp+0x30),REJECTED_ALIAS
0x00971EE0,0x00971E60,"mov dword ptr [esp + 0x30], 0",0,stack slot (esp+0x30),REJECTED_ALIAS
0x00971F90,0x00971F10,"mov dword ptr [esp + 0x30], 0",0,stack slot (esp+0x30),REJECTED_ALIAS
0x00972536,0x009724E0,"mov dword ptr [esp + 0x30], esp",esp,stack slot (esp+0x30),REJECTED_ALIAS
0x0097359B,0x00973510,"mov byte ptr [esp + 0x30], 0x3c",0x3c,stack slot (esp+0x30),REJECTED_ALIAS
0x0097377B,0x00973720,"mov dword ptr [esp + 0x30], ebx",ebx,stack slot (esp+0x30),REJECTED_ALIAS
0x0097379A,0x00973720,"mov dword ptr [esp + 0x30], 0",0,stack slot (esp+0x30),REJECTED_ALIAS
0x00973998,0x00973910,"mov dword ptr [esp + 0x30], 0xffffffff",0xffffffff,stack slot (esp+0x30),REJECTED_ALIAS
0x009747C2,0x00974730,"mov dword ptr [esp + 0x30], 0xffffffff",0xffffffff,stack slot (esp+0x30),REJECTED_ALIAS
0x00974A4C,0x009749D0,"mov dword ptr [esp + 0x30], 0",0,stack slot (esp+0x30),REJECTED_ALIAS
0x00974E28,0x00974DE0,"mov dword ptr [esp + 0x30], ebx",ebx,stack slot (esp+0x30),REJECTED_ALIAS
0x00976340,0x009762E0,"mov dword ptr [esp + 0x30], esp",esp,stack slot (esp+0x30),REJECTED_ALIAS
0x00976A74,0x00976A40,"mov dword ptr [esp + 0x30], 0",0,stack slot (esp+0x30),REJECTED_ALIAS
0x009770BD,0x00977070,"mov dword ptr [esp + 0x30], esi",esi,stack slot (esp+0x30),REJECTED_ALIAS
0x009772BC,0x00977280,"mov dword ptr [esp + 0x30], 0",0,stack slot (esp+0x30),REJECTED_ALIAS
0x00978AB3,0x00978A50,"mov dword ptr [esp + 0x30], esi",esi,stack slot (esp+0x30),REJECTED_ALIAS
0x0097958A,0x00979500,"mov dword ptr [esi + 0x30], edi",edi,"other-class this (vtable 0x00A9C730, .?AVArkThreadPool@@)",REJECTED_ALIAS
0x00979A90,0x00979A60,"mov dword ptr [esp + 0x30], ecx",ecx,stack slot (esp+0x30),REJECTED_ALIAS
0x00979AD7,0x00979A60,"mov dword ptr [esp + 0x30], ecx",ecx,stack slot (esp+0x30),REJECTED_ALIAS
0x0097A034,0x00979FF0,"mov dword ptr [esp + 0x30], eax",eax,stack slot (esp+0x30),REJECTED_ALIAS
0x0097B1FB,0x0097B1B0,"mov dword ptr [ecx + 0x30], edx",edx,unknown,POSSIBLE_ALIAS
0x0097BA43,0x0097B890,"mov dword ptr [esp + 0x30], eax",eax,stack slot (esp+0x30),REJECTED_ALIAS
0x0097CB1C,0x0097CA60,"mov dword ptr [esp + 0x30], 0xffffffff",0xffffffff,stack slot (esp+0x30),REJECTED_ALIAS
0x0097D2BC,0x0097D100,"mov dword ptr [ecx + 0x30], eax",eax,unknown,POSSIBLE_ALIAS
0x0097D8D6,0x0097D850,"mov dword ptr [esp + 0x30], 0",0,stack slot (esp+0x30),REJECTED_ALIAS
0x0097DF06,0x0097DD80,"mov dword ptr [esi + 0x30], edx",edx,unknown,POSSIBLE_ALIAS
0x0097E9D8,0x0097E920,"mov dword ptr [esp + 0x30], 0xffffffff",0xffffffff,stack slot (esp+0x30),REJECTED_ALIAS
0x00981925,0x009818F0,"mov dword ptr [esi + 0x30], eax",eax,"other-class this (vtable 0x00A9CBAC, .?AVNiUVData@@)",REJECTED_ALIAS
0x00981DFA,0x00981DD0,"mov dword ptr [esi + 0x30], eax",eax,unknown,POSSIBLE_ALIAS
0x00981E0B,0x00981DD0,"mov dword ptr [esi + 0x30], 0",0,unknown,POSSIBLE_ALIAS
0x009848DC,0x009848D0,"mov dword ptr [eax + 0x30], edx",edx,unknown,POSSIBLE_ALIAS
0x00984A45,0x00984930,"mov dword ptr [esp + 0x30], eax",eax,stack slot (esp+0x30),REJECTED_ALIAS
0x00984B19,0x00984930,"mov dword ptr [esi + 0x30], edx",edx,unknown,POSSIBLE_ALIAS
0x00985127,0x009850A0,"add dword ptr [esp + 0x30], 0x14",0x14,stack slot (esp+0x30),REJECTED_ALIAS
0x00985383,0x00985260,"mov dword ptr [esp + 0x30], eax",eax,stack slot (esp+0x30),REJECTED_ALIAS
0x00985502,0x00985440,"mov dword ptr [esp + 0x30], eax",eax,stack slot (esp+0x30),REJECTED_ALIAS
0x00985B6F,0x00985920,"mov dword ptr [esp + 0x30], ecx",ecx,stack slot (esp+0x30),REJECTED_ALIAS
0x00985D54,0x00985D00,"mov byte ptr [esi + 0x30], bl",bl,unknown,POSSIBLE_ALIAS
0x00985E71,0x00985E20,"mov byte ptr [esi + 0x30], bl",bl,unknown,POSSIBLE_ALIAS
0x00986CAC,0x00986C60,"mov dword ptr [esp + 0x30], ebp",ebp,stack slot (esp+0x30),REJECTED_ALIAS
0x00986CE9,0x00986C60,"mov dword ptr [esp + 0x30], ebx",ebx,stack slot (esp+0x30),REJECTED_ALIAS
0x00986D94,0x00986C60,"mov dword ptr [esp + 0x30], eax",eax,stack slot (esp+0x30),REJECTED_ALIAS
0x00987C74,0x009879C0,"mov dword ptr [esp + 0x30], 0",0,stack slot (esp+0x30),REJECTED_ALIAS
0x00987C91,0x009879C0,"mov dword ptr [esp + 0x30], ecx",ecx,stack slot (esp+0x30),REJECTED_ALIAS
0x00987D6C,0x009879C0,"mov dword ptr [esp + 0x30], eax",eax,stack slot (esp+0x30),REJECTED_ALIAS
0x00988355,0x009880A0,"mov dword ptr [esp + 0x30], esi",esi,stack slot (esp+0x30),REJECTED_ALIAS
0x00988769,0x00988720,"mov dword ptr [esp + 0x30], 0",0,stack slot (esp+0x30),REJECTED_ALIAS
0x00988844,0x00988720,"mov dword ptr [esp + 0x30], eax",eax,stack slot (esp+0x30),REJECTED_ALIAS
0x0098AB08,0x0098AA70,"mov dword ptr [esi + 0x30], ebx",ebx,"other-class this (vtable 0x00A9D284, .?AVArkVegetationPatchComponent@@)",REJECTED_ALIAS
0x0098AB30,0x0098AA70,"mov dword ptr [esi + 0x30], eax",eax,"other-class this (vtable 0x00A9D284, .?AVArkVegetationPatchComponent@@)",REJECTED_ALIAS
0x0098AB35,0x0098AA70,"mov dword ptr [esi + 0x30], ebx",ebx,"other-class this (vtable 0x00A9D284, .?AVArkVegetationPatchComponent@@)",REJECTED_ALIAS
0x0098C01E,0x0098BF30,"mov dword ptr [esp + 0x30], eax",eax,stack slot (esp+0x30),REJECTED_ALIAS
0x0098D6B7,0x0098D680,"mov dword ptr [esp + 0x30], ebx",ebx,stack slot (esp+0x30),REJECTED_ALIAS
0x0098D6FD,0x0098D680,"mov byte ptr [esp + 0x30], cl",cl,stack slot (esp+0x30),REJECTED_ALIAS
0x0098D78E,0x0098D770,"mov dword ptr [esp + 0x30], ebx",ebx,stack slot (esp+0x30),REJECTED_ALIAS
0x0098D7AA,0x0098D770,"mov dword ptr [esp + 0x30], edx",edx,stack slot (esp+0x30),REJECTED_ALIAS
0x0098DDA0,0x0098DC20,"mov dword ptr [esp + 0x30], eax",eax,stack slot (esp+0x30),REJECTED_ALIAS
0x0098ED3E,0x0098ECE0,"mov dword ptr [esp + 0x30], edi",edi,stack slot (esp+0x30),REJECTED_ALIAS
0x0098EE6B,0x0098ECE0,"mov dword ptr [esp + 0x30], eax",eax,stack slot (esp+0x30),REJECTED_ALIAS
0x0098EF3F,0x0098ECE0,"mov dword ptr [esp + 0x30], edi",edi,stack slot (esp+0x30),REJECTED_ALIAS
0x0098F072,0x0098ECE0,"sub dword ptr [esp + 0x30], 1",1,stack slot (esp+0x30),REJECTED_ALIAS
0x0098F1D6,0x0098F090,"mov dword ptr [esp + 0x30], esi",esi,stack slot (esp+0x30),REJECTED_ALIAS
0x0098F315,0x0098F090,"mov dword ptr [esp + 0x30], esi",esi,stack slot (esp+0x30),REJECTED_ALIAS
0x00990037,0x00990030,"mov dword ptr [esi + 0x30], eax",eax,unknown,POSSIBLE_ALIAS
0x00990477,0x00990440,"mov dword ptr [ebp + 0x30], edi",edi,unknown (ebp repurposed),POSSIBLE_ALIAS
0x0099075A,0x00990710,"mov dword ptr [esi + 0x30], ecx",ecx,"other-class this (vtable 0x00A9D40C, .?AVArkVegetationModel@@)",REJECTED_ALIAS
0x00990B25,0x00990A20,"mov byte ptr [esp + 0x30], 1",1,stack slot (esp+0x30),REJECTED_ALIAS
0x00990F44,0x00990F00,"mov dword ptr [esp + 0x30], edi",edi,stack slot (esp+0x30),REJECTED_ALIAS
0x00991184,0x00991140,"mov dword ptr [esp + 0x30], edi",edi,stack slot (esp+0x30),REJECTED_ALIAS
0x00A4D487,0x00A4D450,"mov dword ptr [esp + 0x30], 0",0,stack slot (esp+0x30),REJECTED_ALIAS
0x00A4D507,0x00A4D4D0,"mov dword ptr [esp + 0x30], 0",0,stack slot (esp+0x30),REJECTED_ALIAS
0x00A4D6E7,0x00A4D6B0,"mov dword ptr [esp + 0x30], 0",0,stack slot (esp+0x30),REJECTED_ALIAS
0x00A4D767,0x00A4D730,"mov dword ptr [esp + 0x30], 0",0,stack slot (esp+0x30),REJECTED_ALIAS
0x00A4D7E7,0x00A4D7B0,"mov dword ptr [esp + 0x30], 0",0,stack slot (esp+0x30),REJECTED_ALIAS
0x00A4D867,0x00A4D830,"mov dword ptr [esp + 0x30], 0",0,stack slot (esp+0x30),REJECTED_ALIAS
0x00A4D8E7,0x00A4D8B0,"mov dword ptr [esp + 0x30], 0",0,stack slot (esp+0x30),REJECTED_ALIAS
0x00A4D967,0x00A4D930,"mov dword ptr [esp + 0x30], 0",0,stack slot (esp+0x30),REJECTED_ALIAS
0x00A4D9E7,0x00A4D9B0,"mov dword ptr [esp + 0x30], 0",0,stack slot (esp+0x30),REJECTED_ALIAS
0x00A4DA67,0x00A4DA30,"mov dword ptr [esp + 0x30], 0",0,stack slot (esp+0x30),REJECTED_ALIAS
0x00A4DAE7,0x00A4DAB0,"mov dword ptr [esp + 0x30], 0",0,stack slot (esp+0x30),REJECTED_ALIAS
0x00A4DB67,0x00A4DB30,"mov dword ptr [esp + 0x30], 0",0,stack slot (esp+0x30),REJECTED_ALIAS
0x00A4DBE7,0x00A4DBB0,"mov dword ptr [esp + 0x30], 0",0,stack slot (esp+0x30),REJECTED_ALIAS
0x00A4DC67,0x00A4DC30,"mov dword ptr [esp + 0x30], 0",0,stack slot (esp+0x30),REJECTED_ALIAS
0x00A50797,0x00A50760,"mov dword ptr [esp + 0x30], 0",0,stack slot (esp+0x30),REJECTED_ALIAS
0x00A50857,0x00A50820,"mov dword ptr [esp + 0x30], 0",0,stack slot (esp+0x30),REJECTED_ALIAS
0x00A508D7,0x00A508A0,"mov dword ptr [esp + 0x30], 0",0,stack slot (esp+0x30),REJECTED_ALIAS
0x00A50957,0x00A50920,"mov dword ptr [esp + 0x30], 0",0,stack slot (esp+0x30),REJECTED_ALIAS
0x00A52F77,0x00A52F40,"mov dword ptr [esp + 0x30], 0",0,stack slot (esp+0x30),REJECTED_ALIAS
0x00A52FF7,0x00A52FC0,"mov dword ptr [esp + 0x30], 0",0,stack slot (esp+0x30),REJECTED_ALIAS
0x00A58167,0x00A58130,"mov dword ptr [esp + 0x30], 0",0,stack slot (esp+0x30),REJECTED_ALIAS
0x00A581E7,0x00A581B0,"mov dword ptr [esp + 0x30], 0",0,stack slot (esp+0x30),REJECTED_ALIAS
0x00A58267,0x00A58230,"mov dword ptr [esp + 0x30], 0",0,stack slot (esp+0x30),REJECTED_ALIAS
0x00A5AC8A,0x00A5AC00,"mov dword ptr [esp + 0x30], 0xdcb",0xdcb,stack slot (esp+0x30),REJECTED_ALIAS
0x00A5DDD7,0x00A5DDA0,"mov dword ptr [esp + 0x30], 0",0,stack slot (esp+0x30),REJECTED_ALIAS
0x00A5DE57,0x00A5DE20,"mov dword ptr [esp + 0x30], 0",0,stack slot (esp+0x30),REJECTED_ALIAS
0x00A5DED7,0x00A5DEA0,"mov dword ptr [esp + 0x30], 0",0,stack slot (esp+0x30),REJECTED_ALIAS
0x00A5DF57,0x00A5DF20,"mov dword ptr [esp + 0x30], 0",0,stack slot (esp+0x30),REJECTED_ALIAS
0x00A5DFD7,0x00A5DFA0,"mov dword ptr [esp + 0x30], 0",0,stack slot (esp+0x30),REJECTED_ALIAS
0x00A5E057,0x00A5E020,"mov dword ptr [esp + 0x30], 0",0,stack slot (esp+0x30),REJECTED_ALIAS
0x00A5E649,0x00A5E130,"mov dword ptr [esp + 0x30], eax",eax,stack slot (esp+0x30),REJECTED_ALIAS
0x00A5F127,0x00A5F0F0,"mov dword ptr [esp + 0x30], 0",0,stack slot (esp+0x30),REJECTED_ALIAS
0x00A5F1A7,0x00A5F170,"mov dword ptr [esp + 0x30], 0",0,stack slot (esp+0x30),REJECTED_ALIAS
0x00A5F257,0x00A5F220,"mov dword ptr [esp + 0x30], 0",0,stack slot (esp+0x30),REJECTED_ALIAS
0x00A5F307,0x00A5F2D0,"mov dword ptr [esp + 0x30], 0",0,stack slot (esp+0x30),REJECTED_ALIAS
0x00A5F3B7,0x00A5F380,"mov dword ptr [esp + 0x30], 0",0,stack slot (esp+0x30),REJECTED_ALIAS
0x00A5F467,0x00A5F430,"mov dword ptr [esp + 0x30], 0",0,stack slot (esp+0x30),REJECTED_ALIAS
0x00A5F7B7,0x00A5F780,"mov dword ptr [esp + 0x30], 0",0,stack slot (esp+0x30),REJECTED_ALIAS
0x00A5F857,0x00A5F820,"mov dword ptr [esp + 0x30], 0",0,stack slot (esp+0x30),REJECTED_ALIAS
0x00A5F9A7,0x00A5F970,"mov dword ptr [esp + 0x30], 0",0,stack slot (esp+0x30),REJECTED_ALIAS
0x00A5FA27,0x00A5F9F0,"mov dword ptr [esp + 0x30], 0",0,stack slot (esp+0x30),REJECTED_ALIAS
0x00A5FAA7,0x00A5FA70,"mov dword ptr [esp + 0x30], 0",0,stack slot (esp+0x30),REJECTED_ALIAS
0x00A5FB27,0x00A5FAF0,"mov dword ptr [esp + 0x30], 0",0,stack slot (esp+0x30),REJECTED_ALIAS
0x00A5FBA7,0x00A5FB70,"mov dword ptr [esp + 0x30], 0",0,stack slot (esp+0x30),REJECTED_ALIAS
0x00A5FC27,0x00A5FBF0,"mov dword ptr [esp + 0x30], 0",0,stack slot (esp+0x30),REJECTED_ALIAS
0x00A5FCA7,0x00A5FC70,"mov dword ptr [esp + 0x30], 0",0,stack slot (esp+0x30),REJECTED_ALIAS
0x00A5FD27,0x00A5FCF0,"mov dword ptr [esp + 0x30], 0",0,stack slot (esp+0x30),REJECTED_ALIAS
0x00A5FDA7,0x00A5FD70,"mov dword ptr [esp + 0x30], 0",0,stack slot (esp+0x30),REJECTED_ALIAS
0x00A5FE27,0x00A5FDF0,"mov dword ptr [esp + 0x30], 0",0,stack slot (esp+0x30),REJECTED_ALIAS
0x00A5FEA7,0x00A5FE70,"mov dword ptr [esp + 0x30], 0",0,stack slot (esp+0x30),REJECTED_ALIAS
0x00A5FF27,0x00A5FEF0,"mov dword ptr [esp + 0x30], 0",0,stack slot (esp+0x30),REJECTED_ALIAS
0x00A5FFA7,0x00A5FF70,"mov dword ptr [esp + 0x30], 0",0,stack slot (esp+0x30),REJECTED_ALIAS
0x00A60027,0x00A5FFF0,"mov dword ptr [esp + 0x30], 0",0,stack slot (esp+0x30),REJECTED_ALIAS
0x00A600A7,0x00A60070,"mov dword ptr [esp + 0x30], 0",0,stack slot (esp+0x30),REJECTED_ALIAS
0x00A60127,0x00A600F0,"mov dword ptr [esp + 0x30], 0",0,stack slot (esp+0x30),REJECTED_ALIAS
0x00A601A7,0x00A60170,"mov dword ptr [esp + 0x30], 0",0,stack slot (esp+0x30),REJECTED_ALIAS
0x00A60277,0x00A60240,"mov dword ptr [esp + 0x30], 0",0,stack slot (esp+0x30),REJECTED_ALIAS
0x00A60367,0x00A60330,"mov dword ptr [esp + 0x30], 0",0,stack slot (esp+0x30),REJECTED_ALIAS
0x00A61497,0x00A61460,"mov dword ptr [esp + 0x30], 0",0,stack slot (esp+0x30),REJECTED_ALIAS
0x00A61517,0x00A614E0,"mov dword ptr [esp + 0x30], 0",0,stack slot (esp+0x30),REJECTED_ALIAS
0x00A61637,0x00A61600,"mov dword ptr [esp + 0x30], 0",0,stack slot (esp+0x30),REJECTED_ALIAS
0x00A616B7,0x00A61680,"mov dword ptr [esp + 0x30], 0",0,stack slot (esp+0x30),REJECTED_ALIAS
0x00A61C87,0x00A61C50,"mov dword ptr [esp + 0x30], 0",0,stack slot (esp+0x30),REJECTED_ALIAS
0x00A61D07,0x00A61CD0,"mov dword ptr [esp + 0x30], 0",0,stack slot (esp+0x30),REJECTED_ALIAS
0x00A61D87,0x00A61D50,"mov dword ptr [esp + 0x30], 0",0,stack slot (esp+0x30),REJECTED_ALIAS
0x00A61E07,0x00A61DD0,"mov dword ptr [esp + 0x30], 0",0,stack slot (esp+0x30),REJECTED_ALIAS
0x00A61E87,0x00A61E50,"mov dword ptr [esp + 0x30], 0",0,stack slot (esp+0x30),REJECTED_ALIAS
0x00A61F07,0x00A61ED0,"mov dword ptr [esp + 0x30], 0",0,stack slot (esp+0x30),REJECTED_ALIAS
0x00A61F87,0x00A61F50,"mov dword ptr [esp + 0x30], 0",0,stack slot (esp+0x30),REJECTED_ALIAS
0x00A62007,0x00A61FD0,"mov dword ptr [esp + 0x30], 0",0,stack slot (esp+0x30),REJECTED_ALIAS
0x00A62087,0x00A62050,"mov dword ptr [esp + 0x30], 0",0,stack slot (esp+0x30),REJECTED_ALIAS
0x00A62A87,0x00A62A50,"mov dword ptr [esp + 0x30], 0",0,stack slot (esp+0x30),REJECTED_ALIAS
0x00A62B07,0x00A62AD0,"mov dword ptr [esp + 0x30], 0",0,stack slot (esp+0x30),REJECTED_ALIAS
0x00A62DD7,0x00A62DA0,"mov dword ptr [esp + 0x30], 0",0,stack slot (esp+0x30),REJECTED_ALIAS
0x00A67BAA,0x00A67AB0,"mov dword ptr [esp + 0x30], 0x4e",0x4e,stack slot (esp+0x30),REJECTED_ALIAS
0x00A6B097,0x00A6B060,"mov dword ptr [esp + 0x30], 0",0,stack slot (esp+0x30),REJECTED_ALIAS
0x00A6B117,0x00A6B0E0,"mov dword ptr [esp + 0x30], 0",0,stack slot (esp+0x30),REJECTED_ALIAS
0x00A6B197,0x00A6B160,"mov dword ptr [esp + 0x30], 0",0,stack slot (esp+0x30),REJECTED_ALIAS
0x00A6B217,0x00A6B1E0,"mov dword ptr [esp + 0x30], 0",0,stack slot (esp+0x30),REJECTED_ALIAS
0x00A6B297,0x00A6B260,"mov dword ptr [esp + 0x30], 0",0,stack slot (esp+0x30),REJECTED_ALIAS
0x00A6B317,0x00A6B2E0,"mov dword ptr [esp + 0x30], 0",0,stack slot (esp+0x30),REJECTED_ALIAS
0x00A6B397,0x00A6B360,"mov dword ptr [esp + 0x30], 0",0,stack slot (esp+0x30),REJECTED_ALIAS
0x00A6B417,0x00A6B3E0,"mov dword ptr [esp + 0x30], 0",0,stack slot (esp+0x30),REJECTED_ALIAS
0x00A6B497,0x00A6B460,"mov dword ptr [esp + 0x30], 0",0,stack slot (esp+0x30),REJECTED_ALIAS
0x00A6B517,0x00A6B4E0,"mov dword ptr [esp + 0x30], 0",0,stack slot (esp+0x30),REJECTED_ALIAS
0x00A6D877,0x00A6D840,"mov dword ptr [esp + 0x30], 0",0,stack slot (esp+0x30),REJECTED_ALIAS
0x00A6D8F7,0x00A6D8C0,"mov dword ptr [esp + 0x30], 0",0,stack slot (esp+0x30),REJECTED_ALIAS
0x00A6D977,0x00A6D940,"mov dword ptr [esp + 0x30], 0",0,stack slot (esp+0x30),REJECTED_ALIAS
0x00A6D9F7,0x00A6D9C0,"mov dword ptr [esp + 0x30], 0",0,stack slot (esp+0x30),REJECTED_ALIAS
0x00A6DC67,0x00A6DC30,"mov dword ptr [esp + 0x30], 0",0,stack slot (esp+0x30),REJECTED_ALIAS
0x00A6DCE7,0x00A6DCB0,"mov dword ptr [esp + 0x30], 0",0,stack slot (esp+0x30),REJECTED_ALIAS
0x00A6DD67,0x00A6DD30,"mov dword ptr [esp + 0x30], 0",0,stack slot (esp+0x30),REJECTED_ALIAS
0x00A6DDE7,0x00A6DDB0,"mov dword ptr [esp + 0x30], 0",0,stack slot (esp+0x30),REJECTED_ALIAS
0x00A6DE67,0x00A6DE30,"mov dword ptr [esp + 0x30], 0",0,stack slot (esp+0x30),REJECTED_ALIAS
0x00A6DFA7,0x00A6DF70,"mov dword ptr [esp + 0x30], 0",0,stack slot (esp+0x30),REJECTED_ALIAS
0x00A6DFC1,0x00A6DF70,"mov byte ptr [esp + 0x30], 1",1,stack slot (esp+0x30),REJECTED_ALIAS
0x00A6E0E7,0x00A6E0B0,"mov dword ptr [esp + 0x30], 0",0,stack slot (esp+0x30),REJECTED_ALIAS
0x00A6E1A7,0x00A6E170,"mov dword ptr [esp + 0x30], 0",0,stack slot (esp+0x30),REJECTED_ALIAS
0x00A6E227,0x00A6E1F0,"mov dword ptr [esp + 0x30], 0",0,stack slot (esp+0x30),REJECTED_ALIAS
0x00A6E2A7,0x00A6E270,"mov dword ptr [esp + 0x30], 0",0,stack slot (esp+0x30),REJECTED_ALIAS
0x00A6E327,0x00A6E2F0,"mov dword ptr [esp + 0x30], 0",0,stack slot (esp+0x30),REJECTED_ALIAS
0x00A6E3A7,0x00A6E370,"mov dword ptr [esp + 0x30], 0",0,stack slot (esp+0x30),REJECTED_ALIAS
0x00A6E427,0x00A6E3F0,"mov dword ptr [esp + 0x30], 0",0,stack slot (esp+0x30),REJECTED_ALIAS
0x00A6E4A7,0x00A6E470,"mov dword ptr [esp + 0x30], 0",0,stack slot (esp+0x30),REJECTED_ALIAS
0x00A6E527,0x00A6E4F0,"mov dword ptr [esp + 0x30], 0",0,stack slot (esp+0x30),REJECTED_ALIAS
0x00A6E5A7,0x00A6E570,"mov dword ptr [esp + 0x30], 0",0,stack slot (esp+0x30),REJECTED_ALIAS
0x00A6E627,0x00A6E5F0,"mov dword ptr [esp + 0x30], 0",0,stack slot (esp+0x30),REJECTED_ALIAS
0x00A6E6A7,0x00A6E670,"mov dword ptr [esp + 0x30], 0",0,stack slot (esp+0x30),REJECTED_ALIAS
0x00A6E727,0x00A6E6F0,"mov dword ptr [esp + 0x30], 0",0,stack slot (esp+0x30),REJECTED_ALIAS
0x00A6E7A7,0x00A6E770,"mov dword ptr [esp + 0x30], 0",0,stack slot (esp+0x30),REJECTED_ALIAS
0x00A6E827,0x00A6E7F0,"mov dword ptr [esp + 0x30], 0",0,stack slot (esp+0x30),REJECTED_ALIAS
0x00A6E8A7,0x00A6E870,"mov dword ptr [esp + 0x30], 0",0,stack slot (esp+0x30),REJECTED_ALIAS
0x00A6E927,0x00A6E8F0,"mov dword ptr [esp + 0x30], 0",0,stack slot (esp+0x30),REJECTED_ALIAS
0x00A6E9A7,0x00A6E970,"mov dword ptr [esp + 0x30], 0",0,stack slot (esp+0x30),REJECTED_ALIAS
0x00A6EA27,0x00A6E9F0,"mov dword ptr [esp + 0x30], 0",0,stack slot (esp+0x30),REJECTED_ALIAS
0x00A6EAA7,0x00A6EA70,"mov dword ptr [esp + 0x30], 0",0,stack slot (esp+0x30),REJECTED_ALIAS
0x00A6EB27,0x00A6EAF0,"mov dword ptr [esp + 0x30], 0",0,stack slot (esp+0x30),REJECTED_ALIAS
0x00A6EBA7,0x00A6EB70,"mov dword ptr [esp + 0x30], 0",0,stack slot (esp+0x30),REJECTED_ALIAS
0x00A6EC27,0x00A6EBF0,"mov dword ptr [esp + 0x30], 0",0,stack slot (esp+0x30),REJECTED_ALIAS
0x00A6ECA7,0x00A6EC70,"mov dword ptr [esp + 0x30], 0",0,stack slot (esp+0x30),REJECTED_ALIAS
0x00A6FFF7,0x00A6FFC0,"mov dword ptr [esp + 0x30], 0",0,stack slot (esp+0x30),REJECTED_ALIAS
0x00A70077,0x00A70040,"mov dword ptr [esp + 0x30], 0",0,stack slot (esp+0x30),REJECTED_ALIAS
0x00A700F7,0x00A700C0,"mov dword ptr [esp + 0x30], 0",0,stack slot (esp+0x30),REJECTED_ALIAS
0x00A70177,0x00A70140,"mov dword ptr [esp + 0x30], 0",0,stack slot (esp+0x30),REJECTED_ALIAS
0x00A701F7,0x00A701C0,"mov dword ptr [esp + 0x30], 0",0,stack slot (esp+0x30),REJECTED_ALIAS
0x00A70277,0x00A70240,"mov dword ptr [esp + 0x30], 0",0,stack slot (esp+0x30),REJECTED_ALIAS
0x00A70387,0x00A70350,"mov dword ptr [esp + 0x30], 0",0,stack slot (esp+0x30),REJECTED_ALIAS
0x00A70407,0x00A703D0,"mov dword ptr [esp + 0x30], 0",0,stack slot (esp+0x30),REJECTED_ALIAS
0x00A70487,0x00A70450,"mov dword ptr [esp + 0x30], 0",0,stack slot (esp+0x30),REJECTED_ALIAS
0x00A705E7,0x00A705B0,"mov dword ptr [esp + 0x30], 0",0,stack slot (esp+0x30),REJECTED_ALIAS
0x00A70667,0x00A70630,"mov dword ptr [esp + 0x30], 0",0,stack slot (esp+0x30),REJECTED_ALIAS
0x00A707A7,0x00A70770,"mov dword ptr [esp + 0x30], 0",0,stack slot (esp+0x30),REJECTED_ALIAS
0x00A70827,0x00A707F0,"mov dword ptr [esp + 0x30], 0",0,stack slot (esp+0x30),REJECTED_ALIAS
0x00A708A7,0x00A70870,"mov dword ptr [esp + 0x30], 0",0,stack slot (esp+0x30),REJECTED_ALIAS
0x00A70927,0x00A708F0,"mov dword ptr [esp + 0x30], 0",0,stack slot (esp+0x30),REJECTED_ALIAS
0x00A709A7,0x00A70970,"mov dword ptr [esp + 0x30], 0",0,stack slot (esp+0x30),REJECTED_ALIAS
0x00A70A27,0x00A709F0,"mov dword ptr [esp + 0x30], 0",0,stack slot (esp+0x30),REJECTED_ALIAS
0x00A70AA7,0x00A70A70,"mov dword ptr [esp + 0x30], 0",0,stack slot (esp+0x30),REJECTED_ALIAS
0x00A70B27,0x00A70AF0,"mov dword ptr [esp + 0x30], 0",0,stack slot (esp+0x30),REJECTED_ALIAS
0x00A70BA7,0x00A70B70,"mov dword ptr [esp + 0x30], 0",0,stack slot (esp+0x30),REJECTED_ALIAS
0x00A70C27,0x00A70BF0,"mov dword ptr [esp + 0x30], 0",0,stack slot (esp+0x30),REJECTED_ALIAS
0x00A70CA7,0x00A70C70,"mov dword ptr [esp + 0x30], 0",0,stack slot (esp+0x30),REJECTED_ALIAS
0x00A70D27,0x00A70CF0,"mov dword ptr [esp + 0x30], 0",0,stack slot (esp+0x30),REJECTED_ALIAS
0x00A70DA7,0x00A70D70,"mov dword ptr [esp + 0x30], 0",0,stack slot (esp+0x30),REJECTED_ALIAS
0x00A70E27,0x00A70DF0,"mov dword ptr [esp + 0x30], 0",0,stack slot (esp+0x30),REJECTED_ALIAS
