index,file_offset,id,size,ver,crc32_field,crc32_calc,crc_ok,id2,A,B,C,param_f32_0x20,param2_f32_0x24,pad_len,pad_all_zero,anomaly
0,16,1337,28,1,548BFE1D,548BFE1D,True,1337,166705,194533,0,2.909790,0.000000,28,True,False
1,88,1423,28,1,541E216E,541E216E,True,1423,166723,166724,0,2.909790,0.000000,28,True,False
2,160,1425,28,1,5DE2F707,5DE2F707,True,1425,166741,166742,0,2.244580,0.000000,28,True,False
3,232,1487,28,1,5E9C958D,5E9C958D,True,1487,166758,166759,0,2.003730,0.000000,28,True,False
4,304,1489,28,1,515E51F1,515E51F1,True,1489,166774,166775,0,1.844800,0.000000,28,True,False
5,376,1512,28,1,1F3150E0,1F3150E0,True,1512,166790,166791,0,1.641480,0.000000,28,True,False
6,448,1652,28,1,06C5560D,06C5560D,True,1652,166806,166807,0,2.881510,0.000000,28,True,False
7,520,1654,28,1,0AE2F9F7,0AE2F9F7,True,1654,166823,166824,0,2.396280,0.000000,28,True,False
8,592,1656,28,1,97704F2E,97704F2E,True,1656,167130,0,0,4.159050,0.000000,28,True,False
9,664,1658,28,1,F53F0C75,F53F0C75,True,1658,166864,0,0,6.073510,0.000000,28,True,False
10,736,1660,28,1,041C9CBB,041C9CBB,True,1660,166878,166879,0,1.410950,0.000000,28,True,False
11,808,2340,28,1,1A7EB52E,1A7EB52E,True,2340,166897,166898,0,1.372300,0.000000,28,True,False
12,880,3032,28,1,E03772B9,E03772B9,True,3032,167211,0,0,1.440550,0.000000,28,True,False
13,952,3036,28,1,16113E66,16113E66,True,3036,167222,0,0,1.394510,0.000000,28,True,False
14,1024,3038,28,1,EA051686,EA051686,True,3038,167237,0,0,1.394510,0.000000,28,True,False
15,1096,3040,28,1,31B8984A,31B8984A,True,3040,167252,0,0,1.394510,0.000000,28,True,False
16,1168,3042,28,1,C63DF7BD,C63DF7BD,True,3042,167267,0,0,3.075070,0.000000,28,True,False
17,1240,10292,28,1,3D73DF8E,3D73DF8E,True,10292,523431,0,0,51.767200,0.000000,28,True,False
18,1312,420,28,1,6589F929,6589F929,True,420,107707,38708,0,30.705200,0.000000,28,True,False
19,1384,971,28,1,A654774D,A654774D,True,971,38700,38722,0,49.723801,0.000000,28,True,False
20,1456,973,28,1,C7765116,C7765116,True,973,38701,38726,0,21.764500,0.000000,28,True,False
21,1528,9515,28,1,46C5EA45,46C5EA45,True,9515,506408,0,0,500.000000,0.000000,28,True,False
22,1600,9516,28,1,1AD2B03E,1AD2B03E,True,9516,506411,0,0,500.000000,0.000000,28,True,False
23,1672,11203,28,1,15C320B8,15C320B8,True,11203,542072,544717,0,320.000000,0.000000,28,True,False
24,1744,11276,28,1,D0A483F0,D0A483F0,True,11276,544486,545041,0,300.000000,0.000000,28,True,False
25,1816,11277,28,1,DA147061,DA147061,True,11277,544488,544489,0,300.000000,0.000000,28,True,False
26,1888,11278,28,1,ECD4B8C3,ECD4B8C3,True,11278,544494,544495,0,300.000000,0.000000,28,True,False
27,1960,11308,28,1,4B3B0E4E,4B3B0E4E,True,11308,545478,545479,0,500.000000,0.000000,28,True,False
28,2032,11309,28,1,42D2AFED,42D2AFED,True,11309,545483,545484,0,500.000000,0.000000,28,True,False
29,2104,221,28,1,184750DB,184750DB,True,221,362453,362454,0,39.256802,0.000000,28,True,False
30,2176,225,28,1,546628D9,546628D9,True,225,362458,362459,0,27.073601,0.000000,28,True,False
31,2248,234,28,1,D9AF9C80,D9AF9C80,True,234,16201,28221,0,9.770610,0.000000,28,True,False
32,2320,253,28,1,8AC3E5B4,8AC3E5B4,True,253,105726,105727,0,6.675830,0.000000,28,True,False
33,2392,257,28,1,E9AFDE04,E9AFDE04,True,257,105746,105747,0,3.252760,0.000000,28,True,False
34,2464,259,28,1,447AAA33,447AAA33,True,259,105762,105763,0,2.319150,0.000000,28,True,False
35,2536,261,28,1,8A25F67E,8A25F67E,True,261,105778,105779,0,1.570310,0.000000,28,True,False
36,2608,585,28,1,C98CBB79,C98CBB79,True,585,130553,130560,0,6.465910,0.000000,28,True,False
37,2680,587,28,1,1425CF97,1425CF97,True,587,130582,130584,0,6.065550,0.000000,28,True,False
38,2752,589,28,1,1A7ED277,1A7ED277,True,589,130637,130638,0,7.461040,0.000000,28,True,False
39,2824,591,28,1,4617E8D6,4617E8D6,True,591,130659,130660,0,7.396020,0.000000,28,True,False
40,2896,593,28,1,8A97F9CD,8A97F9CD,True,593,130681,130682,0,2.926040,0.000000,28,True,False
41,2968,595,28,1,60DF5725,60DF5725,True,595,130702,130703,0,9.013170,0.000000,28,True,False
42,3040,597,28,1,128BDCDA,128BDCDA,True,597,130750,130782,0,6.784210,0.000000,28,True,False
43,3112,599,28,1,067FD9AF,067FD9AF,True,599,130801,130802,0,5.891540,0.000000,28,True,False
44,3184,601,28,1,A7FCFFCD,A7FCFFCD,True,601,130850,130851,0,6.820100,0.000000,28,True,False
45,3256,603,28,1,A9EC1495,A9EC1495,True,603,130867,130868,0,5.226370,0.000000,28,True,False
46,3328,661,28,1,9BDA61D8,9BDA61D8,True,661,131834,131835,0,6.889150,0.000000,28,True,False
47,3400,662,28,1,DF110F78,DF110F78,True,662,131879,131880,0,4.373180,0.000000,28,True,False
48,3472,664,28,1,D9D23416,D9D23416,True,664,131895,131896,0,3.424420,0.000000,28,True,False
49,3544,666,28,1,76D8B43B,76D8B43B,True,666,131911,131912,0,6.694180,0.000000,28,True,False
50,3616,674,28,1,C3387CEC,C3387CEC,True,674,131929,131930,0,4.479500,0.000000,28,True,False
51,3688,679,28,1,C833225B,C833225B,True,679,131945,131946,0,3.406600,0.000000,28,True,False
52,3760,709,28,1,E976EF1F,E976EF1F,True,709,131960,131961,0,7.868610,0.000000,28,True,False
53,3832,710,28,1,56277F43,56277F43,True,710,131979,131980,0,10.088400,0.000000,28,True,False
54,3904,725,28,1,4D66DCBA,4D66DCBA,True,725,131995,131996,0,9.263750,0.000000,28,True,False
55,3976,727,28,1,8F664CDD,8F664CDD,True,727,132012,132013,0,7.719650,0.000000,28,True,False
56,4048,829,28,1,197E338C,197E338C,True,829,16161,28069,0,10.050300,0.000000,28,True,False
57,4120,833,28,1,4EC9E0CD,4EC9E0CD,True,833,23113,30472,0,3.857890,0.000000,28,True,False
58,4192,904,28,1,BC5C83FC,BC5C83FC,True,904,6124,6128,0,3.845500,0.000000,28,True,False
59,4264,935,28,1,BFE05BDC,BFE05BDC,True,935,186156,186175,0,12.822700,0.000000,28,True,False
60,4336,945,28,1,ABEE3438,ABEE3438,True,945,16343,28685,0,1.878070,0.000000,28,True,False
61,4408,987,28,1,028BD8C8,028BD8C8,True,987,166377,166378,0,5.085960,0.000000,28,True,False
62,4480,1081,28,1,56744213,56744213,True,1081,166405,166406,0,0.859779,0.000000,28,True,False
63,4552,1096,28,1,2339ABC0,2339ABC0,True,1096,166421,166422,0,0.887898,0.000000,28,True,False
64,4624,1126,28,1,2D9205DA,2D9205DA,True,1126,189767,190939,0,8.649630,0.000000,28,True,False
65,4696,1130,28,1,F53D814F,F53D814F,True,1130,189771,190945,0,13.621300,0.000000,28,True,False
66,4768,1132,28,1,54BB2D75,54BB2D75,True,1132,189774,190948,0,7.350430,0.000000,28,True,False
67,4840,1152,28,1,A8B4D8AA,A8B4D8AA,True,1152,109147,109148,0,2.289830,0.000000,28,True,False
68,4912,1154,28,1,AFE01F79,AFE01F79,True,1154,109163,109164,0,2.383000,0.000000,28,True,False
69,4984,1156,28,1,6E6CA869,6E6CA869,True,1156,109179,109180,0,2.545110,0.000000,28,True,False
70,5056,1169,28,1,B84B13F6,B84B13F6,True,1169,109240,109241,0,3.535340,0.000000,28,True,False
71,5128,1173,28,1,CF613FD7,CF613FD7,True,1173,189813,191170,0,7.558310,0.000000,28,True,False
72,5200,1177,28,1,22D3BA2B,22D3BA2B,True,1177,109487,109488,0,3.136920,0.000000,28,True,False
73,5272,1178,28,1,D754894C,D754894C,True,1178,109491,109492,0,3.295320,0.000000,28,True,False
74,5344,1179,28,1,2EA36D9B,2EA36D9B,True,1179,109495,109496,0,1.880150,0.000000,28,True,False
75,5416,1182,28,1,ACD65FA4,ACD65FA4,True,1182,189817,191175,0,6.236090,0.000000,28,True,False
76,5488,1191,28,1,D0278AF6,D0278AF6,True,1191,104130,104132,0,3.797370,0.000000,28,True,False
77,5560,1199,28,1,DBC1619F,DBC1619F,True,1199,104154,104155,0,4.315810,0.000000,28,True,False
78,5632,1231,28,1,D72B8408,D72B8408,True,1231,104176,104177,0,2.100890,0.000000,28,True,False
79,5704,1256,28,1,B1C66785,B1C66785,True,1256,27893,28937,0,0.810765,0.000000,28,True,False
80,5776,1293,28,1,D6972216,D6972216,True,1293,27894,37795,0,0.506337,0.000000,28,True,False
81,5848,1332,28,1,122FD4F6,122FD4F6,True,1332,104197,104198,0,2.784660,0.000000,28,True,False
82,5920,1349,28,1,5F8C0C78,5F8C0C78,True,1349,16163,28098,0,11.598500,0.000000,28,True,False
83,5992,1350,28,1,B1AB4303,B1AB4303,True,1350,16178,28138,0,14.953800,0.000000,28,True,False
84,6064,1352,28,1,1CCE8B6D,1CCE8B6D,True,1352,16180,28145,0,16.586201,0.000000,28,True,False
85,6136,1353,28,1,8069B77F,8069B77F,True,1353,246,1702,0,4.169220,0.000000,28,True,False
86,6208,1354,28,1,D064B73D,D064B73D,True,1354,4785,7612,0,4.613880,0.000000,28,True,False
87,6280,1355,28,1,52DC3ED8,52DC3ED8,True,1355,4895,7957,0,5.070940,0.000000,28,True,False
88,6352,1359,28,1,92D74606,92D74606,True,1359,4899,25714,0,2.712760,0.000000,28,True,False
89,6424,1362,28,1,DC127706,DC127706,True,1362,4907,26098,0,2.083400,0.000000,28,True,False
90,6496,1437,28,1,A99D0DCC,A99D0DCC,True,1437,104213,104214,0,3.193960,0.000000,28,True,False
91,6568,1481,28,1,BD212902,BD212902,True,1481,189844,191178,0,15.113200,0.000000,28,True,False
92,6640,1497,28,1,C1025BAC,C1025BAC,True,1497,189848,191183,0,13.851400,0.000000,28,True,False
93,6712,1501,28,1,E938D568,E938D568,True,1501,189877,190954,0,11.768900,0.000000,28,True,False
94,6784,1502,28,1,21489FC4,21489FC4,True,1502,189881,191164,0,11.505100,0.000000,28,True,False
95,6856,1503,28,1,7E4AAA1E,7E4AAA1E,True,1503,189884,191167,0,8.243540,0.000000,28,True,False
96,6928,1532,28,1,6C566669,6C566669,True,1532,104229,104230,0,1.636790,0.000000,28,True,False
97,7000,1684,28,1,9245F102,9245F102,True,1684,23142,28432,0,1.759310,0.000000,28,True,False
98,7072,1744,28,1,688718EB,688718EB,True,1744,16424,28432,0,1.354840,0.000000,28,True,False
99,7144,1745,28,1,1E480477,1E480477,True,1745,23199,17789,0,6.447480,0.000000,28,True,False
100,7216,1746,28,1,B45D8515,B45D8515,True,1746,23893,30548,0,2.802020,0.000000,28,True,False
101,7288,1759,28,1,A0C86F37,A0C86F37,True,1759,23895,30575,0,2.179300,0.000000,28,True,False
102,7360,1761,28,1,9C0FA474,9C0FA474,True,1761,33355,28066,0,11.035100,0.000000,28,True,False
103,7432,1762,28,1,D9787665,D9787665,True,1762,30493,30498,0,5.444850,0.000000,28,True,False
104,7504,1763,28,1,6EA9951A,6EA9951A,True,1763,23182,23143,0,9.700540,0.000000,28,True,False
105,7576,1768,28,1,1D7E7E95,1D7E7E95,True,1768,23897,30584,0,0.677527,0.000000,28,True,False
106,7648,1779,28,1,206CB887,206CB887,True,1779,27884,24777,0,20.000000,0.000000,28,True,False
107,7720,1782,28,1,74ECFE4F,74ECFE4F,True,1782,7467,26169,0,14.827000,0.000000,28,True,False
108,7792,1783,28,1,734047BD,734047BD,True,1783,54312,54324,0,12.408100,0.000000,28,True,False
109,7864,1794,28,1,AC3D95F5,AC3D95F5,True,1794,27896,30679,0,6.152840,0.000000,28,True,False
110,7936,1801,28,1,DA28ADCF,DA28ADCF,True,1801,27885,33047,0,20.000000,0.000000,28,True,False
111,8008,1811,28,1,2B7CDBF4,2B7CDBF4,True,1811,27888,33607,0,20.000000,0.000000,28,True,False
112,8080,1812,28,1,E5CCB92C,E5CCB92C,True,1812,27886,33351,0,20.000000,0.000000,28,True,False
113,8152,1813,28,1,66A21546,66A21546,True,1813,474333,0,0,20.000000,0.000000,28,True,False
114,8224,1822,28,1,9C48B56D,9C48B56D,True,1822,26382,31193,0,9.210210,0.000000,28,True,False
115,8296,1845,28,1,C0188885,C0188885,True,1845,25081,30979,0,12.607700,0.000000,28,True,False
116,8368,1847,28,1,545ADB91,545ADB91,True,1847,27875,31901,0,4.071640,0.000000,28,True,False
117,8440,1848,28,1,F2674AEE,F2674AEE,True,1848,18082,28746,0,7.345300,0.000000,28,True,False
118,8512,1852,28,1,E5DB01DB,E5DB01DB,True,1852,27876,32283,0,13.847200,0.000000,28,True,False
119,8584,1853,28,1,CA86F10E,CA86F10E,True,1853,27856,31528,0,6.029410,0.000000,28,True,False
120,8656,1861,28,1,4ACEA6B8,4ACEA6B8,True,1861,27897,37811,0,5.409830,0.000000,28,True,False
121,8728,1862,28,1,09303DA5,09303DA5,True,1862,27898,37814,0,4.668230,0.000000,28,True,False
122,8800,1863,28,1,B069D115,B069D115,True,1863,27899,37817,0,3.290420,0.000000,28,True,False
123,8872,1864,28,1,BF7CE499,BF7CE499,True,1864,27900,37823,0,4.743520,0.000000,28,True,False
124,8944,1878,28,1,4D78BC1E,4D78BC1E,True,1878,22975,29568,0,9.343370,0.000000,28,True,False
125,9016,1879,28,1,C16B21A1,C16B21A1,True,1879,22979,29788,0,12.283200,0.000000,28,True,False
126,9088,1880,28,1,5FB2D22A,5FB2D22A,True,1880,23096,30090,0,10.113500,0.000000,28,True,False
127,9160,1881,28,1,10EED688,10EED688,True,1881,23098,30458,0,12.494600,0.000000,28,True,False
128,9232,1944,28,1,39B9D090,39B9D090,True,1944,27889,34033,0,7.309810,0.000000,28,True,False
129,9304,1948,28,1,3F5F7B3A,3F5F7B3A,True,1948,27890,2873,0,6.117960,0.000000,28,True,False
130,9376,1949,28,1,2255C8AF,2255C8AF,True,1949,27891,2873,0,4.729840,0.000000,28,True,False
131,9448,1950,28,1,230D9E8B,230D9E8B,True,1950,27892,33552,0,3.232830,0.000000,28,True,False
132,9520,1954,28,1,11CD3A34,11CD3A34,True,1954,1294,6007,0,2.901610,0.000000,28,True,False
133,9592,1955,28,1,484B780C,484B780C,True,1955,4928,20843,0,3.908200,0.000000,28,True,False
134,9664,1956,28,1,D2CFDA49,D2CFDA49,True,1956,4930,17468,0,4.509680,0.000000,28,True,False
135,9736,1966,28,1,4606CD11,4606CD11,True,1966,16315,190796,0,3.382140,0.000000,28,True,False
136,9808,1967,28,1,95CB4A96,95CB4A96,True,1967,23184,17789,0,6.033370,0.000000,28,True,False
137,9880,1968,28,1,FA41C851,FA41C851,True,1968,6978,19616,0,2.714370,0.000000,28,True,False
138,9952,1969,28,1,C9AF1005,C9AF1005,True,1969,7353,20070,0,1.778750,0.000000,28,True,False
139,10024,1970,28,1,CF20A2DD,CF20A2DD,True,1970,7423,20084,0,1.683470,0.000000,28,True,False
140,10096,1971,28,1,3CF56245,3CF56245,True,1971,7457,20203,0,1.007770,0.000000,28,True,False
141,10168,2001,28,1,EE7F1C64,EE7F1C64,True,2001,16273,190791,0,3.810880,0.000000,28,True,False
142,10240,2002,28,1,9B152930,9B152930,True,2002,16317,190801,0,3.598410,0.000000,28,True,False
143,10312,2291,28,1,420A8377,420A8377,True,2291,27879,32845,0,1.292680,0.000000,28,True,False
144,10384,2292,28,1,056EE9E6,056EE9E6,True,2292,27880,37303,0,1.107240,0.000000,28,True,False
145,10456,2293,28,1,4A35F5D6,4A35F5D6,True,2293,27881,37307,0,0.867902,0.000000,28,True,False
146,10528,2294,28,1,7A31E1CC,7A31E1CC,True,2294,27882,37310,0,0.508025,0.000000,28,True,False
147,10600,2295,28,1,25C2573B,25C2573B,True,2295,27883,37314,0,0.850219,0.000000,28,True,False
148,10672,2424,28,1,03160069,03160069,True,2424,112894,112895,0,8.564080,0.000000,28,True,False
149,10744,2449,28,1,9232E4CF,9232E4CF,True,2449,190166,190167,0,1.618230,0.000000,28,True,False
150,10816,2518,28,1,49528872,49528872,True,2518,16182,28216,0,5.473090,0.000000,28,True,False
151,10888,2520,28,1,1151C45A,1151C45A,True,2520,16231,28227,0,11.593700,0.000000,28,True,False
152,10960,2522,28,1,4F296DEB,4F296DEB,True,2522,16233,28233,0,5.257000,0.000000,28,True,False
153,11032,2523,28,1,51088A8B,51088A8B,True,2523,16265,22850,0,7.677630,0.000000,28,True,False
154,11104,2524,28,1,A4C74D08,A4C74D08,True,2524,16263,28352,0,7.396060,0.000000,28,True,False
155,11176,2590,28,1,25EADFA7,25EADFA7,True,2590,27895,34228,0,53.675301,0.000000,28,True,False
156,11248,2674,28,1,8B13871E,8B13871E,True,2674,183540,183541,0,6.567660,0.000000,28,True,False
157,11320,2692,28,1,5BA9EF31,5BA9EF31,True,2692,183920,183921,0,9.752330,0.000000,28,True,False
158,11392,2906,28,1,35261AF1,35261AF1,True,2906,31654,30788,0,4.806890,0.000000,28,True,False
159,11464,2907,28,1,E575F4D8,E575F4D8,True,2907,45233,30810,0,6.827230,0.000000,28,True,False
160,11536,2908,28,1,AB9D6A8D,AB9D6A8D,True,2908,45244,30864,0,6.651660,0.000000,28,True,False
161,11608,2909,28,1,14136328,14136328,True,2909,45255,30901,0,4.912160,0.000000,28,True,False
162,11680,2914,28,1,D23426F5,D23426F5,True,2914,45312,30597,0,8.655370,0.000000,28,True,False
163,11752,2915,28,1,469BFECB,469BFECB,True,2915,45326,30637,0,6.200340,0.000000,28,True,False
164,11824,2916,28,1,239C8B48,239C8B48,True,2916,45338,30680,0,3.701780,0.000000,28,True,False
165,11896,2917,28,1,92472A9E,92472A9E,True,2917,45350,30774,0,3.430510,0.000000,28,True,False
166,11968,2934,28,1,0EB71A6E,0EB71A6E,True,2934,5548,4961,0,2.800080,0.000000,28,True,False
167,12040,2935,28,1,790EB206,790EB206,True,2935,45659,45664,0,2.784270,0.000000,28,True,False
168,12112,2936,28,1,FA6503F8,FA6503F8,True,2936,45661,5122,0,2.828330,0.000000,28,True,False
169,12184,2937,28,1,4C6F0169,4C6F0169,True,2937,45663,5153,0,2.862280,0.000000,28,True,False
170,12256,2938,28,1,32E7A520,32E7A520,True,2938,5164,5240,0,3.145710,0.000000,28,True,False
171,12328,2942,28,1,6873C21B,6873C21B,True,2942,45674,470582,0,26.776699,0.000000,28,True,False
172,12400,2943,28,1,CF6B0DEA,CF6B0DEA,True,2943,45689,470583,0,23.143801,0.000000,28,True,False
173,12472,2944,28,1,2045E900,2045E900,True,2944,45701,470584,0,17.930201,0.000000,28,True,False
174,12544,2946,28,1,27FEEE1C,27FEEE1C,True,2946,45561,30923,0,3.677700,0.000000,28,True,False
175,12616,2950,28,1,8B164315,8B164315,True,2950,45814,28058,0,2.390810,0.000000,28,True,False
176,12688,2951,28,1,B4334EBC,B4334EBC,True,2951,30921,28031,0,2.294340,0.000000,28,True,False
177,12760,2952,28,1,32E01F83,32E01F83,True,2952,30671,27933,0,2.021930,0.000000,28,True,False
178,12832,2957,28,1,0447C69E,0447C69E,True,2957,190171,190172,0,1.208580,0.000000,28,True,False
179,12904,2964,28,1,0106A505,0106A505,True,2964,45878,30522,0,10.927700,0.000000,28,True,False
180,12976,2994,28,1,2A947112,2A947112,True,2994,7461,22976,0,3.493600,0.000000,28,True,False
181,13048,3031,28,1,41BB80CD,41BB80CD,True,3031,190175,190176,0,1.718330,0.000000,28,True,False
182,13120,3150,28,1,F753F486,F753F486,True,3150,23639,23672,0,3.908200,0.000000,28,True,False
183,13192,3151,28,1,5A9B2AB3,5A9B2AB3,True,3151,647,650,0,4.821120,0.000000,28,True,False
184,13264,3152,28,1,70917DF5,70917DF5,True,3152,3236,2240,0,2.713600,0.000000,28,True,False
185,13336,3153,28,1,0591AAE2,0591AAE2,True,3153,3234,3237,0,1.778750,0.000000,28,True,False
186,13408,3154,28,1,EB2F99CD,EB2F99CD,True,3154,4123,4571,0,1.683370,0.000000,28,True,False
187,13480,3155,28,1,E779C461,E779C461,True,3155,4750,4756,0,1.007770,0.000000,28,True,False
188,13552,3170,28,1,4F47E482,4F47E482,True,3170,34345,34353,0,12.314800,0.000000,28,True,False
189,13624,3172,28,1,8CC192F9,8CC192F9,True,3172,34366,34368,0,10.253900,0.000000,28,True,False
190,13696,3173,28,1,8E8BBC59,8E8BBC59,True,3173,34522,34523,0,10.252200,0.000000,28,True,False
191,13768,3174,28,1,6EDF8859,6EDF8859,True,3174,27667,28296,0,13.440800,0.000000,28,True,False
192,13840,3175,28,1,D78E9FFF,D78E9FFF,True,3175,34532,34533,0,9.346420,0.000000,28,True,False
193,13912,3176,28,1,4FE6BD65,4FE6BD65,True,3176,34536,34537,0,5.107540,0.000000,28,True,False
194,13984,3177,28,1,4E534078,4E534078,True,3177,34536,34537,0,5.107540,0.000000,28,True,False
195,14056,3250,28,1,60406D89,60406D89,True,3250,186448,186449,0,16.417299,0.000000,28,True,False
196,14128,3252,28,1,48393B0E,48393B0E,True,3252,190221,190222,0,19.707899,0.000000,28,True,False
197,14200,3253,28,1,64A7DEAA,64A7DEAA,True,3253,190225,190226,0,23.931999,0.000000,28,True,False
198,14272,3262,28,1,6387DAE4,6387DAE4,True,3262,190229,190230,0,14.400600,0.000000,28,True,False
199,14344,3294,28,1,FC029BAC,FC029BAC,True,3294,190505,0,0,3.194100,0.000000,28,True,False
200,14416,3295,28,1,2A712C07,2A712C07,True,3295,190509,0,0,3.190890,0.000000,28,True,False
201,14488,3296,28,1,9E26B8A2,9E26B8A2,True,3296,190512,0,0,2.223700,0.000000,28,True,False
202,14560,3579,28,1,C61EFF1B,C61EFF1B,True,3579,282821,282822,0,16.012400,0.000000,28,True,False
203,14632,3607,28,1,3F5B38C6,3F5B38C6,True,3607,62346,62347,0,6.824170,0.000000,28,True,False
204,14704,3609,28,1,E17A2853,E17A2853,True,3609,62350,62351,0,7.522520,0.000000,28,True,False
205,14776,3610,28,1,DC1A3037,DC1A3037,True,3610,62354,62355,0,6.185010,0.000000,28,True,False
206,14848,3611,28,1,F01CAE8C,F01CAE8C,True,3611,62359,62360,0,5.918440,0.000000,28,True,False
207,14920,3652,28,1,717A3C67,717A3C67,True,3652,209586,254579,0,32.102699,0.000000,28,True,False
208,14992,3670,28,1,1EA13AC1,1EA13AC1,True,3670,210182,0,0,52.357201,0.000000,28,True,False
209,15064,3700,28,1,9E86132D,9E86132D,True,3700,210203,210207,0,56.936298,0.000000,28,True,False
210,15136,3728,28,1,CBE04D73,CBE04D73,True,3728,210232,210233,0,46.965401,0.000000,28,True,False
211,15208,3762,28,1,353DAA00,353DAA00,True,3762,211481,0,0,37.444099,0.000000,28,True,False
212,15280,3860,28,1,10CAECB8,10CAECB8,True,3860,74258,74265,0,3.198540,0.000000,28,True,False
213,15352,3861,28,1,894174D6,894174D6,True,3861,74269,74270,0,3.433950,0.000000,28,True,False
214,15424,3862,28,1,214A627C,214A627C,True,3862,74281,74282,0,3.952100,0.000000,28,True,False
215,15496,3997,28,1,6ADA71FE,6ADA71FE,True,3997,76012,76013,0,6.927130,0.000000,28,True,False
216,15568,3999,28,1,518B82AE,518B82AE,True,3999,76038,76139,0,6.052310,0.000000,28,True,False
217,15640,4000,28,1,CFE2F277,CFE2F277,True,4000,76078,76079,0,5.089830,0.000000,28,True,False
218,15712,4001,28,1,2D9A6479,2D9A6479,True,4001,76082,76083,0,2.864910,0.000000,28,True,False
219,15784,4002,28,1,1BE5D6B0,1BE5D6B0,True,4002,76086,76087,0,1.293510,0.000000,28,True,False
220,15856,4003,28,1,C08FBF29,C08FBF29,True,4003,76090,76091,0,0.815873,0.000000,28,True,False
221,15928,4004,28,1,E36D397C,E36D397C,True,4004,76094,76095,0,0.815873,0.000000,28,True,False
222,16000,4014,28,1,C457E663,C457E663,True,4014,76319,76320,0,26.014099,0.000000,28,True,False
223,16072,4015,28,1,AC49D6B4,AC49D6B4,True,4015,76324,76325,0,26.305201,0.000000,28,True,False
224,16144,4016,28,1,7B2EE635,7B2EE635,True,4016,76328,76329,0,24.620899,0.000000,28,True,False
225,16216,4017,28,1,71C27D6D,71C27D6D,True,4017,76332,76333,0,17.867901,0.000000,28,True,False
226,16288,4018,28,1,203F78E8,203F78E8,True,4018,76336,76337,0,14.013300,0.000000,28,True,False
227,16360,4019,28,1,F394D08A,F394D08A,True,4019,76340,76341,0,6.829080,0.000000,28,True,False
228,16432,4020,28,1,28D7DB40,28D7DB40,True,4020,76344,76345,0,8.827690,0.000000,28,True,False
229,16504,4069,28,1,A6143322,A6143322,True,4069,77871,77872,0,13.034200,0.000000,28,True,False
230,16576,4070,28,1,31CC0221,31CC0221,True,4070,77878,77879,0,12.061500,0.000000,28,True,False
231,16648,4071,28,1,AA03CAB0,AA03CAB0,True,4071,77883,77884,0,16.562300,0.000000,28,True,False
232,16720,4072,28,1,09435DDE,09435DDE,True,4072,77888,77889,0,8.385030,0.000000,28,True,False
233,16792,4073,28,1,86D4BE86,86D4BE86,True,4073,77893,77894,0,8.086190,0.000000,28,True,False
234,16864,4082,28,1,08DE2832,08DE2832,True,4082,78131,78132,0,15.034700,0.000000,28,True,False
235,16936,4083,28,1,2FF72F75,2FF72F75,True,4083,78138,78139,0,16.531500,0.000000,28,True,False
236,17008,4084,28,1,C481C67C,C481C67C,True,4084,78142,78143,0,11.939400,0.000000,28,True,False
237,17080,4085,28,1,9021D0F7,9021D0F7,True,4085,78146,78147,0,14.066200,0.000000,28,True,False
238,17152,4086,28,1,D02103C6,D02103C6,True,4086,78150,78151,0,10.983200,0.000000,28,True,False
239,17224,4199,28,1,3005AD9A,3005AD9A,True,4199,291482,291492,0,3.824160,0.000000,28,True,False
240,17296,4200,28,1,9D666117,9D666117,True,4200,291488,291497,0,2.761220,0.000000,28,True,False
241,17368,4262,28,1,01541F8B,01541F8B,True,4262,291600,291601,0,32.369400,0.000000,28,True,False
242,17440,4263,28,1,A2AF1A6B,A2AF1A6B,True,4263,291608,291609,0,20.530800,0.000000,28,True,False
243,17512,4266,28,1,45AA7BDF,45AA7BDF,True,4266,291667,291668,0,3.133520,0.000000,28,True,False
244,17584,4267,28,1,C1857B6D,C1857B6D,True,4267,291672,291673,0,2.652380,0.000000,28,True,False
245,17656,4319,28,1,EC687241,EC687241,True,4319,291724,291726,0,3.509620,0.000000,28,True,False
246,17728,4320,28,1,73E1FBCE,73E1FBCE,True,4320,291733,291734,0,0.999728,0.000000,28,True,False
247,17800,4321,28,1,CB1F1889,CB1F1889,True,4321,291737,291738,0,1.714180,0.000000,28,True,False
248,17872,4328,28,1,5C7F4125,5C7F4125,True,4328,291785,291786,0,17.409100,0.000000,28,True,False
249,17944,4329,28,1,9DBB09C8,9DBB09C8,True,4329,291790,291791,0,22.347799,0.000000,28,True,False
250,18016,4389,28,1,01C55804,01C55804,True,4389,295805,295806,0,23.709700,0.000000,28,True,False
251,18088,4391,28,1,21BA1C0A,21BA1C0A,True,4391,295822,301631,0,17.046101,0.000000,28,True,False
252,18160,4397,28,1,756697F0,756697F0,True,4397,93916,93917,0,52.088100,0.000000,28,True,False
253,18232,4398,28,1,D3CC135B,D3CC135B,True,4398,93921,94003,0,44.045101,0.000000,28,True,False
254,18304,4399,28,1,792C26E0,792C26E0,True,4399,93925,93926,0,34.455601,0.000000,28,True,False
255,18376,4400,28,1,0772E827,0772E827,True,4400,93929,93930,0,19.882700,0.000000,28,True,False
256,18448,4402,28,1,21FD5CF2,21FD5CF2,True,4402,93981,93982,0,7.516750,0.000000,28,True,False
257,18520,4406,28,1,2CA67BA9,2CA67BA9,True,4406,93997,93998,0,8.078390,0.000000,28,True,False
258,18592,4407,28,1,65483DE3,65483DE3,True,4407,94018,94019,0,11.208200,0.000000,28,True,False
259,18664,4408,28,1,0E7C18F9,0E7C18F9,True,4408,94022,94023,0,4.899000,0.000000,28,True,False
260,18736,4463,28,1,F3E095C4,F3E095C4,True,4463,295874,295875,0,37.692699,0.000000,28,True,False
261,18808,4464,28,1,AC7C30BA,AC7C30BA,True,4464,295879,295880,0,22.761299,0.000000,28,True,False
262,18880,4465,28,1,93B46EEC,93B46EEC,True,4465,297328,0,0,20.115801,0.000000,28,True,False
263,18952,4466,28,1,2A9B18DA,2A9B18DA,True,4466,297336,0,0,12.142000,0.000000,28,True,False
264,19024,4469,28,1,5A99109B,5A99109B,True,4469,296003,296009,0,42.967602,0.000000,28,True,False
265,19096,4473,28,1,9A05DD2D,9A05DD2D,True,4473,295932,392492,0,13.731500,0.000000,28,True,False
266,19168,4476,28,1,9524189A,9524189A,True,4476,295937,392491,0,10.868800,0.000000,28,True,False
267,19240,4486,28,1,DBD00A31,DBD00A31,True,4486,297339,0,0,24.340200,0.000000,28,True,False
268,19312,4490,28,1,09F3D675,09F3D675,True,4490,295984,0,0,9.585930,0.000000,28,True,False
269,19384,4511,28,1,28993154,28993154,True,4511,296490,0,0,6.134820,0.000000,28,True,False
270,19456,4512,28,1,553346E7,553346E7,True,4512,296508,0,0,1.729070,0.000000,28,True,False
271,19528,4668,28,1,89464D13,89464D13,True,4668,165196,165198,0,10.043600,0.000000,28,True,False
272,19600,5272,28,1,C7AD3A2A,C7AD3A2A,True,5272,297720,0,0,6.748190,0.000000,28,True,False
273,19672,5273,28,1,5FF69496,5FF69496,True,5273,297742,0,0,3.753860,0.000000,28,True,False
274,19744,5411,28,1,45C4E715,45C4E715,True,5411,298595,0,0,1.903320,0.000000,28,True,False
275,19816,5413,28,1,0BD67ECB,0BD67ECB,True,5413,298599,0,0,1.865880,0.000000,28,True,False
276,19888,5466,28,1,3302F745,3302F745,True,5466,298607,0,0,1.168360,0.000000,28,True,False
277,19960,5532,28,1,4C4888E1,4C4888E1,True,5532,298611,0,0,4.001720,0.000000,28,True,False
278,20032,5533,28,1,A509EC84,A509EC84,True,5533,165263,165264,0,8.299760,0.000000,28,True,False
279,20104,5535,28,1,C1DE5B79,C1DE5B79,True,5535,165280,165281,0,20.000000,0.000000,28,True,False
280,20176,5551,28,1,7393FD11,7393FD11,True,5551,165296,165297,0,20.000000,0.000000,28,True,False
281,20248,5553,28,1,1B89502E,1B89502E,True,5553,165314,165315,0,20.000000,0.000000,28,True,False
282,20320,5557,28,1,82F37042,82F37042,True,5557,165330,165331,0,20.000000,0.000000,28,True,False
283,20392,5568,28,1,DEE8F5C6,DEE8F5C6,True,5568,165347,165348,0,20.000000,0.000000,28,True,False
284,20464,5572,28,1,A639DB6E,A639DB6E,True,5572,165381,165382,0,20.000000,0.000000,28,True,False
285,20536,5574,28,1,07866722,07866722,True,5574,165398,165399,0,20.000000,0.000000,28,True,False
286,20608,5576,28,1,7412FBED,7412FBED,True,5576,165414,165415,0,20.000000,0.000000,28,True,False
287,20680,5578,28,1,82CF3C8F,82CF3C8F,True,5578,165431,165432,0,9.200340,0.000000,28,True,False
288,20752,5580,28,1,0C5E1607,0C5E1607,True,5580,165452,165453,0,14.164900,0.000000,28,True,False
289,20824,5582,28,1,95010A86,95010A86,True,5582,165468,165469,0,12.684200,0.000000,28,True,False
290,20896,5584,28,1,37B2C74C,37B2C74C,True,5584,165485,165486,0,14.867200,0.000000,28,True,False
291,20968,5800,28,1,84FE522C,84FE522C,True,5800,298618,0,0,5.176850,0.000000,28,True,False
292,21040,5801,28,1,022D717B,022D717B,True,5801,298631,0,0,2.584910,0.000000,28,True,False
293,21112,6091,28,1,E03B5F37,E03B5F37,True,6091,298799,0,0,4.768900,0.000000,28,True,False
294,21184,6092,28,1,E63B9EE0,E63B9EE0,True,6092,298803,0,0,3.451180,0.000000,28,True,False
295,21256,6206,28,1,5F392549,5F392549,True,6206,299125,0,0,38.472401,0.000000,28,True,False
296,21328,6207,28,1,18F57987,18F57987,True,6207,299120,0,0,24.884701,0.000000,28,True,False
297,21400,6208,28,1,D32670CE,D32670CE,True,6208,299115,0,0,8.180510,0.000000,28,True,False
298,21472,6257,28,1,7A36D2C3,7A36D2C3,True,6257,303163,0,0,6.563740,0.000000,28,True,False
299,21544,6258,28,1,6DA6DA46,6DA6DA46,True,6258,302507,0,0,11.493300,0.000000,28,True,False
300,21616,6259,28,1,754C9204,754C9204,True,6259,302512,0,0,7.079280,0.000000,28,True,False
301,21688,6260,28,1,CE2252A3,CE2252A3,True,6260,302517,0,0,4.506130,0.000000,28,True,False
302,21760,6261,28,1,DB054B63,DB054B63,True,6261,302520,0,0,2.838740,0.000000,28,True,False
303,21832,6262,28,1,3A118F55,3A118F55,True,6262,302523,0,0,5.550680,0.000000,28,True,False
304,21904,6263,28,1,E01C60DA,E01C60DA,True,6263,302526,0,0,2.538110,0.000000,28,True,False
305,21976,6264,28,1,A8BA07F4,A8BA07F4,True,6264,302530,0,0,3.323140,0.000000,28,True,False
306,22048,6265,28,1,540BB83D,540BB83D,True,6265,302535,0,0,1.370490,0.000000,28,True,False
307,22120,6266,28,1,CFE0380F,CFE0380F,True,6266,302539,0,0,1.397700,0.000000,28,True,False
308,22192,6267,28,1,D27E20A1,D27E20A1,True,6267,302542,0,0,2.124510,0.000000,28,True,False
309,22264,6268,28,1,39FF6EDC,39FF6EDC,True,6268,302545,0,0,2.174050,0.000000,28,True,False
310,22336,6269,28,1,CB2E2D92,CB2E2D92,True,6269,302548,0,0,1.381060,0.000000,28,True,False
311,22408,6270,28,1,B4936C72,B4936C72,True,6270,302501,0,0,8.911540,0.000000,28,True,False
312,22480,6277,28,1,D8216FEF,D8216FEF,True,6277,303195,0,0,5.216000,0.000000,28,True,False
313,22552,6278,28,1,CF5AB955,CF5AB955,True,6278,303202,0,0,3.322290,0.000000,28,True,False
314,22624,6302,28,1,02F9D094,02F9D094,True,6302,305517,0,0,24.575500,0.000000,28,True,False
315,22696,6303,28,1,149AAE42,149AAE42,True,6303,305524,0,0,17.032900,0.000000,28,True,False
316,22768,6304,28,1,8B7ECC65,8B7ECC65,True,6304,305528,0,0,27.869499,0.000000,28,True,False
317,22840,6305,28,1,388A1D3D,388A1D3D,True,6305,305531,0,0,14.388000,0.000000,28,True,False
318,22912,6306,28,1,F00DBEAC,F00DBEAC,True,6306,305534,0,0,12.854200,0.000000,28,True,False
319,22984,6307,28,1,75D28CB5,75D28CB5,True,6307,305539,0,0,4.186500,0.000000,28,True,False
320,23056,6350,28,1,450B11EE,450B11EE,True,6350,307068,0,0,30.000000,0.000000,28,True,False
321,23128,6351,28,1,2475F7FD,2475F7FD,True,6351,307079,0,0,30.000000,0.000000,28,True,False
322,23200,6352,28,1,9970E3F2,9970E3F2,True,6352,307073,0,0,4.976590,0.000000,28,True,False
323,23272,6353,28,1,2E33B1A2,2E33B1A2,True,6353,307063,0,0,2.475910,0.000000,28,True,False
324,23344,6357,28,1,5C70AE92,5C70AE92,True,6357,307336,0,0,3.069340,0.000000,28,True,False
325,23416,6358,28,1,B9C26A8F,B9C26A8F,True,6358,307343,0,0,3.226620,0.000000,28,True,False
326,23488,6359,28,1,051A9CB1,051A9CB1,True,6359,307341,0,0,2.608800,0.000000,28,True,False
327,23560,6465,28,1,B33A01F6,B33A01F6,True,6465,344887,0,0,5.103190,0.000000,28,True,False
328,23632,6466,28,1,4E5A1854,4E5A1854,True,6466,344876,0,0,5.730970,0.000000,28,True,False
329,23704,6467,28,1,F9E839FE,F9E839FE,True,6467,344878,0,0,7.633070,0.000000,28,True,False
330,23776,6496,28,1,38616055,38616055,True,6496,346215,0,0,6.165940,0.000000,28,True,False
331,23848,6497,28,1,BD6A8353,BD6A8353,True,6497,346233,0,0,9.875230,0.000000,28,True,False
332,23920,6498,28,1,E0BCDD3F,E0BCDD3F,True,6498,346236,0,0,10.083300,0.000000,28,True,False
333,23992,6499,28,1,A796B262,A796B262,True,6499,346239,0,0,9.320000,0.000000,28,True,False
334,24064,6500,28,1,BC873953,BC873953,True,6500,346242,0,0,1.650650,0.000000,28,True,False
335,24136,6541,28,1,8620BA22,8620BA22,True,6541,348185,0,0,4.830420,0.000000,28,True,False
336,24208,6542,28,1,054F7D6A,054F7D6A,True,6542,348243,0,0,7.583030,0.000000,28,True,False
337,24280,6543,28,1,D60351B2,D60351B2,True,6543,348249,0,0,13.021800,0.000000,28,True,False
338,24352,6544,28,1,54ED250A,54ED250A,True,6544,348253,0,0,14.952600,0.000000,28,True,False
339,24424,6589,28,1,237B6BB9,237B6BB9,True,6589,349957,0,0,50.000000,0.000000,28,True,False
340,24496,6590,28,1,E5C5B142,E5C5B142,True,6590,349977,0,0,50.000000,0.000000,28,True,False
341,24568,6763,28,1,FB1AC360,FB1AC360,True,6763,360756,0,0,5.511530,0.000000,28,True,False
342,24640,6764,28,1,42D55D9A,42D55D9A,True,6764,360748,0,0,3.916560,0.000000,28,True,False
343,24712,7758,28,1,C69CBFC6,C69CBFC6,True,7758,424943,0,0,90.000000,0.000000,28,True,False
344,24784,7761,28,1,8C64BE47,8C64BE47,True,7761,424963,0,0,90.000000,0.000000,28,True,False
345,24856,7763,28,1,C2E2CF5E,C2E2CF5E,True,7763,424972,0,0,12.610400,0.000000,28,True,False
346,24928,7765,28,1,B3034E9C,B3034E9C,True,7765,424982,0,0,12.610400,0.000000,28,True,False
347,25000,7770,28,1,4630047A,4630047A,True,7770,424994,0,0,150.000000,0.000000,28,True,False
348,25072,7771,28,1,AFA6021F,AFA6021F,True,7771,424999,0,0,150.000000,0.000000,28,True,False
349,25144,7772,28,1,35922A9F,35922A9F,True,7772,425004,0,0,12.610400,0.000000,28,True,False
350,25216,7773,28,1,71626F79,71626F79,True,7773,425009,0,0,12.610400,0.000000,28,True,False
351,25288,7778,28,1,F9738DF1,F9738DF1,True,7778,425035,0,0,12.610400,0.000000,28,True,False
352,25360,7779,28,1,0DBE9A47,0DBE9A47,True,7779,425040,0,0,12.610400,0.000000,28,True,False
353,25432,7780,28,1,E194926C,E194926C,True,7780,425045,0,0,12.610400,0.000000,28,True,False
354,25504,7781,28,1,033464B8,033464B8,True,7781,425050,0,0,12.610400,0.000000,28,True,False
355,25576,7923,28,1,F2EFAEF7,F2EFAEF7,True,7923,436223,0,0,8.529480,0.000000,28,True,False
356,25648,7924,28,1,A8AA0A08,A8AA0A08,True,7924,436228,0,0,5.133970,0.000000,28,True,False
357,25720,7925,28,1,C5AEE696,C5AEE696,True,7925,436236,0,0,7.398460,0.000000,28,True,False
358,25792,7929,28,1,6CC19165,6CC19165,True,7929,436300,0,0,4.459450,0.000000,28,True,False
359,25864,7933,28,1,DA743269,DA743269,True,7933,436351,0,0,3.332980,0.000000,28,True,False
360,25936,7989,28,1,B37171FC,B37171FC,True,7989,457739,0,0,8.205080,0.000000,28,True,False
361,26008,7990,28,1,D374999B,D374999B,True,7990,457743,0,0,2.298540,0.000000,28,True,False
362,26080,7991,28,1,46009DE2,46009DE2,True,7991,457749,0,0,30.498301,0.000000,28,True,False
363,26152,7996,28,1,442B7380,442B7380,True,7996,457758,0,0,11.219300,0.000000,28,True,False
364,26224,7997,28,1,338E72A6,338E72A6,True,7997,457760,0,0,1.492090,0.000000,28,True,False
365,26296,7998,28,1,AF75CFD8,AF75CFD8,True,7998,457755,0,0,1.097120,0.000000,28,True,False
366,26368,8076,28,1,F48F5D7D,F48F5D7D,True,8076,437491,0,0,4.331490,0.000000,28,True,False
367,26440,8077,28,1,0E20153B,0E20153B,True,8077,457826,0,0,28.196400,0.000000,28,True,False
368,26512,8078,28,1,DB6B5D1E,DB6B5D1E,True,8078,437699,0,0,6.439750,0.000000,28,True,False
369,26584,8079,28,1,EE24C089,EE24C089,True,8079,457579,0,0,5.788530,0.000000,28,True,False
370,26656,8080,28,1,C97D0C39,C97D0C39,True,8080,457699,0,0,22.483000,0.000000,28,True,False
371,26728,8081,28,1,2A50D13A,2A50D13A,True,8081,457595,0,0,5.469360,0.000000,28,True,False
372,26800,8082,28,1,DF8A36B3,DF8A36B3,True,8082,457799,0,0,9.675140,0.000000,28,True,False
373,26872,8083,28,1,F5A9CBF9,F5A9CBF9,True,8083,457812,0,0,26.907400,0.000000,28,True,False
374,26944,8084,28,1,9A4E016F,9A4E016F,True,8084,447381,0,0,8.546090,0.000000,28,True,False
375,27016,8085,28,1,D2D82785,D2D82785,True,8085,457610,0,0,2.172370,0.000000,28,True,False
376,27088,8086,28,1,D18830FA,D18830FA,True,8086,458344,0,0,10.824700,0.000000,28,True,False
377,27160,8115,28,1,061294FE,061294FE,True,8115,457796,0,0,4.948340,0.000000,28,True,False
378,27232,8116,28,1,D38B6783,D38B6783,True,8116,457793,0,0,6.810490,0.000000,28,True,False
379,27304,8424,28,1,A1C69885,A1C69885,True,8424,475022,0,0,4.740400,0.000000,28,True,False
380,27376,8668,28,1,EB2F4457,EB2F4457,True,8668,458840,0,0,19.358101,0.000000,28,True,False
381,27448,8669,28,1,C4CBB551,C4CBB551,True,8669,457709,0,0,11.278900,0.000000,28,True,False
382,27520,8670,28,1,AEDD43AE,AEDD43AE,True,8670,457706,0,0,7.846530,0.000000,28,True,False
383,27592,8673,28,1,0FD1CE23,0FD1CE23,True,8673,457715,0,0,2.688940,0.000000,28,True,False
384,27664,8674,28,1,5E41DE6D,5E41DE6D,True,8674,457730,0,0,15.187200,0.000000,28,True,False
385,27736,9589,28,1,698CFAD9,698CFAD9,True,9589,507310,0,0,32.704800,0.000000,28,True,False
386,27808,9590,28,1,815CB86A,815CB86A,True,9590,507313,0,0,26.199600,0.000000,28,True,False
387,27880,9592,28,1,5959A4C6,5959A4C6,True,9592,507319,0,0,1.975050,0.000000,28,True,False
388,27952,9593,28,1,920B89ED,920B89ED,True,9593,507323,0,0,5.000940,0.000000,28,True,False
389,28024,9914,28,1,932B0299,932B0299,True,9914,519341,0,0,74.717102,0.000000,28,True,False
390,28096,9936,28,1,C985C01C,C985C01C,True,9936,514791,0,0,44.472301,0.000000,28,True,False
391,28168,10049,28,1,D34F56C7,D34F56C7,True,10049,514771,0,0,43.458302,0.000000,28,True,False
392,28240,10152,28,1,710822DC,710822DC,True,10152,523227,0,0,51.064201,0.000000,28,True,False
393,28312,10159,28,1,CEE9EB87,CEE9EB87,True,10159,523240,0,0,13.778100,0.000000,28,True,False
394,28384,10161,28,1,188C5941,188C5941,True,10161,523270,0,0,36.811901,0.000000,28,True,False
395,28456,10163,28,1,3E0D481C,3E0D481C,True,10163,523274,0,0,35.904099,0.000000,28,True,False
396,28528,10184,28,1,7DAB2071,7DAB2071,True,10184,523345,0,0,3.047760,0.000000,28,True,False
397,28600,10185,28,1,1C056454,1C056454,True,10185,523348,0,0,1.981360,0.000000,28,True,False
398,28672,10220,28,1,41EF40DA,41EF40DA,True,10220,523630,0,0,4.299420,0.000000,28,True,False
399,28744,10224,28,1,A29D702A,A29D702A,True,10224,523646,0,0,1.661550,0.000000,28,True,False
400,28816,10287,28,1,59B3A102,59B3A102,True,10287,524442,0,0,11.509700,0.000000,28,True,False
401,28888,10473,28,1,71D92DE3,71D92DE3,True,10473,526103,0,0,5.032340,0.000000,28,True,False
402,28960,10474,28,1,0678410B,0678410B,True,10474,526108,0,0,11.000800,0.000000,28,True,False
403,29032,10475,28,1,4DF98C06,4DF98C06,True,10475,526104,0,0,10.676200,0.000000,28,True,False
404,29104,10476,28,1,C1959E75,C1959E75,True,10476,526105,0,0,8.336870,0.000000,28,True,False
405,29176,10477,28,1,D5C38FC5,D5C38FC5,True,10477,526106,0,0,7.610740,0.000000,28,True,False
406,29248,10478,28,1,9466C691,9466C691,True,10478,526107,0,0,1.054540,0.000000,28,True,False
407,29320,10997,28,1,9F71A3FF,9F71A3FF,True,10997,395864,0,0,1.240410,0.000000,28,True,False
408,29392,10998,28,1,52F989B5,52F989B5,True,10998,395854,0,0,1.240410,0.000000,28,True,False
409,29464,11071,28,1,3F80DAC9,3F80DAC9,True,11071,540284,0,0,31.517300,0.000000,28,True,False
410,29536,11073,28,1,558A4B6F,558A4B6F,True,11073,540304,0,0,20.016600,0.000000,28,True,False
411,29608,11097,28,1,8AD8D582,8AD8D582,True,11097,540498,0,0,23.961901,0.000000,28,True,False
412,29680,11137,28,1,B5A6477C,B5A6477C,True,11137,540680,0,0,30.296700,0.000000,28,True,False
413,29752,11225,28,1,627910AA,627910AA,True,11225,542514,0,0,31.517300,0.000000,28,True,False
414,29824,11233,28,1,2F4BF7A2,2F4BF7A2,True,11233,542960,0,0,9.420750,0.000000,28,True,False
415,29896,11316,28,1,EB18B659,EB18B659,True,11316,545493,0,0,58.724701,0.000000,28,True,False
416,29968,11317,28,1,724B8C4E,724B8C4E,True,11317,545496,0,0,47.282299,0.000000,28,True,False
417,30040,11318,28,1,4E3B64CB,4E3B64CB,True,11318,545498,0,0,32.774502,0.000000,28,True,False
418,30112,11319,28,1,8568D0A5,8568D0A5,True,11319,545500,0,0,28.420500,0.000000,28,True,False
419,30184,11320,28,1,8D286445,8D286445,True,11320,545502,0,0,14.979500,0.000000,28,True,False
420,30256,11321,28,1,52DFE173,52DFE173,True,11321,545504,0,0,4.048580,0.000000,28,True,False
421,30328,11327,28,1,A33E7185,A33E7185,True,11327,545527,0,0,26.718901,0.000000,28,True,False
422,30400,11329,28,1,7C8B01F2,7C8B01F2,True,11329,545532,0,0,28.429800,0.000000,28,True,False
423,30472,11331,28,1,337D5BAD,337D5BAD,True,11331,545536,0,0,16.533800,0.000000,28,True,False
424,30544,11333,28,1,5776A172,5776A172,True,11333,545540,0,0,12.928600,0.000000,28,True,False
425,30616,11335,28,1,AA91308D,AA91308D,True,11335,545543,0,0,6.623530,0.000000,28,True,False
426,30688,11336,28,1,FB1D29DA,FB1D29DA,True,11336,545549,0,0,0.378835,0.000000,28,True,False
427,30760,11337,28,1,F2E98635,F2E98635,True,11337,545551,0,0,0.623382,0.000000,28,True,False
428,30832,11341,28,1,3ED937DF,3ED937DF,True,11341,545559,0,0,20.069700,0.000000,28,True,False
429,30904,11345,28,1,438DA31E,438DA31E,True,11345,545589,0,0,69.835899,0.000000,28,True,False
430,30976,11360,28,1,9769ED7C,9769ED7C,True,11360,545665,0,0,32.931801,0.000000,28,True,False
431,31048,11362,28,1,C224C9AE,C224C9AE,True,11362,545674,0,0,18.572300,0.000000,28,True,False
432,31120,11365,28,1,3564A487,3564A487,True,11365,545682,0,0,4.186300,0.000000,28,True,False
433,31192,11366,28,1,ED5D818A,ED5D818A,True,11366,545679,0,0,14.823500,0.000000,28,True,False
434,31264,11380,28,1,8C14B6FD,8C14B6FD,True,11380,545944,0,0,31.800501,0.000000,28,True,False
435,31336,11381,28,1,05BD3049,05BD3049,True,11381,545932,0,0,38.265499,0.000000,28,True,False
436,31408,11382,28,1,436C79A8,436C79A8,True,11382,545937,0,0,37.775101,0.000000,28,True,False
437,31480,11395,28,1,29586260,29586260,True,11395,546010,0,0,67.686203,0.000000,28,True,False
438,31552,11397,28,1,72EDDAAC,72EDDAAC,True,11397,546024,0,0,30.951401,0.000000,28,True,False
439,31624,11493,28,1,3F392AD2,3F392AD2,True,11493,547148,0,0,7.748930,0.000000,28,True,False
440,31696,9478,28,1,4836BA4E,4836BA4E,True,9478,457501,0,0,15.425800,0.000000,28,True,False
441,31768,9479,28,1,894F7AA7,894F7AA7,True,9479,457504,0,0,11.954700,0.000000,28,True,False
442,31840,9480,28,1,C0B4DAF0,C0B4DAF0,True,9480,457507,0,0,13.337100,0.000000,28,True,False
443,31912,9482,28,1,38AB4158,38AB4158,True,9482,457510,0,0,25.156799,0.000000,28,True,False
444,31984,9483,28,1,351E0A22,351E0A22,True,9483,457513,0,0,11.570900,0.000000,28,True,False
445,32056,1375,28,1,7D07299E,7D07299E,True,1375,38556,0,0,1.104190,0.000000,28,True,False
446,32128,1523,28,1,64A775FC,64A775FC,True,1523,189926,0,0,0.844657,0.000000,28,True,False
447,32200,1543,28,1,B741B706,B741B706,True,1543,189930,0,0,0.715897,0.000000,28,True,False
448,32272,1701,28,1,150A3FBB,150A3FBB,True,1701,38558,38559,0,1.019550,0.000000,28,True,False
449,32344,1929,28,1,CA836C30,CA836C30,True,1929,38557,0,0,0.244735,0.000000,28,True,False
450,32416,2279,28,1,CFF969AF,CFF969AF,True,2279,38555,0,0,1.049730,0.000000,28,True,False
451,32488,3986,28,1,D6E96086,D6E96086,True,3986,75968,0,0,1.133490,0.000000,28,True,False
452,32560,4731,28,1,9B6252E6,9B6252E6,True,4731,297139,0,0,0.363328,0.000000,28,True,False
453,32632,9925,28,1,57E27803,57E27803,True,9925,514695,0,0,1.511580,0.000000,28,True,False
454,32704,9937,28,1,4742F0A7,4742F0A7,True,9937,514692,0,0,1.505000,0.000000,28,True,False
455,32776,10218,28,1,05781687,05781687,True,10218,523601,0,0,1.623250,0.000000,28,True,False
456,32848,335,28,1,CCF92748,CCF92748,True,335,38506,38519,0,3.587650,0.000000,28,True,False
457,32920,348,28,1,E02F1D3C,E02F1D3C,True,348,38507,38523,0,6.552810,0.000000,28,True,False
458,32992,519,28,1,89EAA5B6,89EAA5B6,True,519,38505,38514,0,8.874350,0.000000,28,True,False
459,33064,522,28,1,3A5A856E,3A5A856E,True,522,38508,38526,0,5.734380,0.000000,28,True,False
460,33136,610,28,1,53F8EE10,53F8EE10,True,610,130198,0,0,7.587190,0.000000,28,True,False
461,33208,612,28,1,168D95CE,168D95CE,True,612,131221,0,0,8.549680,0.000000,28,True,False
462,33280,614,28,1,DED84AD5,DED84AD5,True,614,131242,0,0,7.860840,0.000000,28,True,False
463,33352,616,28,1,20B72173,20B72173,True,616,131263,0,0,8.537710,0.000000,28,True,False
464,33424,621,28,1,93D90C30,93D90C30,True,621,38509,38529,0,4.755010,0.000000,28,True,False
465,33496,719,28,1,6944C9DF,6944C9DF,True,719,38510,38532,0,6.030730,0.000000,28,True,False
466,33568,720,28,1,7A25A2DD,7A25A2DD,True,720,38511,38541,0,5.980710,0.000000,28,True,False
467,33640,905,28,1,93D6F117,93D6F117,True,905,38769,38826,0,1.868320,0.000000,28,True,False
468,33712,1150,28,1,0DA30816,0DA30816,True,1150,109125,109126,0,10.360700,0.000000,28,True,False
469,33784,1367,28,1,1EFE1E44,1EFE1E44,True,1367,111124,111127,0,5.448090,0.000000,28,True,False
470,33856,1369,28,1,D0FBB703,D0FBB703,True,1369,111143,111144,0,3.456320,0.000000,28,True,False
471,33928,1374,28,1,24C7B712,24C7B712,True,1374,111160,111161,0,2.489720,0.000000,28,True,False
472,34000,1711,28,1,249D1E92,249D1E92,True,1711,181191,181923,0,3.769880,0.000000,28,True,False
473,34072,1712,28,1,E35AA950,E35AA950,True,1712,38768,38824,0,1.174040,0.000000,28,True,False
474,34144,1858,28,1,67743B55,67743B55,True,1858,38765,38793,0,9.397320,0.000000,28,True,False
475,34216,1859,28,1,F559F50B,F559F50B,True,1859,38767,221501,0,9.397320,0.000000,28,True,False
476,34288,1860,28,1,03278647,03278647,True,1860,38766,38803,0,10.004300,0.000000,28,True,False
477,34360,2031,28,1,9DC17629,9DC17629,True,2031,181936,181937,0,3.527390,0.000000,28,True,False
478,34432,2102,28,1,E2056816,E2056816,True,2102,182024,182030,0,6.659410,0.000000,28,True,False
479,34504,2104,28,1,4DC4E865,4DC4E865,True,2104,182048,182049,0,3.769880,0.000000,28,True,False
480,34576,2106,28,1,0ADC20B1,0ADC20B1,True,2106,182081,182082,0,3.527390,0.000000,28,True,False
481,34648,2109,28,1,E88430FB,E88430FB,True,2109,182100,182101,0,6.659410,0.000000,28,True,False
482,34720,2213,28,1,9A1E69A8,9A1E69A8,True,2213,103241,103242,0,6.829980,0.000000,28,True,False
483,34792,2214,28,1,9F2E37C4,9F2E37C4,True,2214,103247,103248,0,6.829980,0.000000,28,True,False
484,34864,2216,28,1,49C7FD06,49C7FD06,True,2216,103278,103279,0,8.874350,0.000000,28,True,False
485,34936,2220,28,1,67F66AA5,67F66AA5,True,2220,103296,103297,0,5.734380,0.000000,28,True,False
486,35008,2275,28,1,152EC459,152EC459,True,2275,38762,0,0,7.956190,0.000000,28,True,False
487,35080,2276,28,1,2175EE65,2175EE65,True,2276,38763,0,0,8.575900,0.000000,28,True,False
488,35152,2277,28,1,2056C17F,2056C17F,True,2277,38764,0,0,8.060330,0.000000,28,True,False
489,35224,2280,28,1,8299CF74,8299CF74,True,2280,22996,0,0,7.984590,0.000000,28,True,False
490,35296,2394,28,1,14EF570E,14EF570E,True,2394,182275,182276,0,51.001099,0.000000,28,True,False
491,35368,2409,28,1,740DB7D2,740DB7D2,True,2409,90637,0,0,7.568300,0.000000,28,True,False
492,35440,2874,28,1,E2E8B91F,E2E8B91F,True,2874,90648,0,0,8.559890,0.000000,28,True,False
493,35512,3133,28,1,523A053A,523A053A,True,3133,90657,0,0,8.028430,0.000000,28,True,False
494,35584,3134,28,1,37ADE62D,37ADE62D,True,3134,90666,0,0,8.679600,0.000000,28,True,False
495,35656,3270,28,1,5E2C1774,5E2C1774,True,3270,190277,190278,0,10.467400,0.000000,28,True,False
496,35728,3271,28,1,62CB6814,62CB6814,True,3271,190282,190283,0,10.666600,0.000000,28,True,False
497,35800,3273,28,1,742286C5,742286C5,True,3273,190287,190288,0,12.971800,0.000000,28,True,False
498,35872,3274,28,1,844C0DE4,844C0DE4,True,3274,190292,190293,0,9.120090,0.000000,28,True,False
499,35944,3275,28,1,61492775,61492775,True,3275,190297,190298,0,9.127360,0.000000,28,True,False
500,36016,3276,28,1,41D30E0C,41D30E0C,True,3276,190302,190303,0,9.521180,0.000000,28,True,False
501,36088,3279,28,1,7C35F85E,7C35F85E,True,3279,190307,190308,0,6.786250,0.000000,28,True,False
502,36160,3285,28,1,3AC9996C,3AC9996C,True,3285,190410,190411,0,4.522580,0.000000,28,True,False
503,36232,3286,28,1,BB38379E,BB38379E,True,3286,190415,190416,0,4.229400,0.000000,28,True,False
504,36304,3287,28,1,F279AB5D,F279AB5D,True,3287,190420,190421,0,5.822380,0.000000,28,True,False
505,36376,3289,28,1,148AC6BF,148AC6BF,True,3289,190425,190426,0,5.287100,0.000000,28,True,False
506,36448,3290,28,1,BB5C3108,BB5C3108,True,3290,190430,190431,0,8.090980,0.000000,28,True,False
507,36520,3639,28,1,5E3D0A7C,5E3D0A7C,True,3639,62855,62879,0,3.587650,0.000000,28,True,False
508,36592,3640,28,1,3B38A9CA,3B38A9CA,True,3640,62884,62885,0,6.552810,0.000000,28,True,False
509,36664,3641,28,1,7CD32917,7CD32917,True,3641,62889,62890,0,5.734380,0.000000,28,True,False
510,36736,3642,28,1,F4675AD6,F4675AD6,True,3642,62974,63035,0,4.755010,0.000000,28,True,False
511,36808,3659,28,1,195BF941,195BF941,True,3659,63380,63381,0,8.874350,0.000000,28,True,False
512,36880,3952,28,1,3C505A63,3C505A63,True,3952,75599,466097,0,15.936200,0.000000,28,True,False
513,36952,3955,28,1,1C760F7B,1C760F7B,True,3955,75607,466098,0,18.273899,0.000000,28,True,False
514,37024,3956,28,1,09D344EE,09D344EE,True,3956,75614,75615,0,8.874350,0.000000,28,True,False
515,37096,3957,28,1,85394E6A,85394E6A,True,3957,75620,466099,0,15.936200,0.000000,28,True,False
516,37168,3958,28,1,D31339A4,D31339A4,True,3958,75625,466103,0,18.273899,0.000000,28,True,False
517,37240,3962,28,1,F76D96DA,F76D96DA,True,3962,75706,75707,0,8.874350,0.000000,28,True,False
518,37312,3963,28,1,B6079B10,B6079B10,True,3963,75712,466100,0,15.936200,0.000000,28,True,False
519,37384,3964,28,1,A92CF2A6,A92CF2A6,True,3964,75717,466104,0,18.273899,0.000000,28,True,False
520,37456,3968,28,1,9FD3DC46,9FD3DC46,True,3968,75763,466101,0,15.936200,0.000000,28,True,False
521,37528,3969,28,1,57498700,57498700,True,3969,75774,466105,0,18.273899,0.000000,28,True,False
522,37600,3970,28,1,939B37B5,939B37B5,True,3970,75779,75780,0,10.221100,0.000000,28,True,False
523,37672,3973,28,1,A06ED924,A06ED924,True,3973,75832,466102,0,15.936200,0.000000,28,True,False
524,37744,3974,28,1,B99244E6,B99244E6,True,3974,75837,466106,0,18.273899,0.000000,28,True,False
525,37816,3978,28,1,0C779BAE,0C779BAE,True,3978,75867,75868,0,3.587650,0.000000,28,True,False
526,37888,3979,28,1,2DACF189,2DACF189,True,3979,75872,75873,0,5.734380,0.000000,28,True,False
527,37960,3980,28,1,7A10B337,7A10B337,True,3980,75878,75879,0,3.587650,0.000000,28,True,False
528,38032,3983,28,1,AC706B4C,AC706B4C,True,3983,75920,75921,0,6.030730,0.000000,28,True,False
529,38104,3984,28,1,FACA1BA6,FACA1BA6,True,3984,75931,75932,0,5.980710,0.000000,28,True,False
530,38176,4620,28,1,23DE1248,23DE1248,True,4620,221409,221468,0,13.763300,0.000000,28,True,False
531,38248,4625,28,1,EBF2BF3A,EBF2BF3A,True,4625,221464,221525,0,8.025570,0.000000,28,True,False
532,38320,4626,28,1,C7284C51,C7284C51,True,4626,221465,221530,0,9.177370,0.000000,28,True,False
533,38392,4627,28,1,29B40A86,29B40A86,True,4627,221466,221535,0,10.486900,0.000000,28,True,False
534,38464,4628,28,1,8D236E17,8D236E17,True,4628,221467,221541,0,7.541580,0.000000,28,True,False
535,38536,4650,28,1,89497432,89497432,True,4650,223622,223625,0,6.610790,0.000000,28,True,False
536,38608,4654,28,1,267985EA,267985EA,True,4654,223650,223670,0,5.258060,0.000000,28,True,False
537,38680,5648,28,1,988E9772,988E9772,True,5648,169847,169848,0,11.726200,0.000000,28,True,False
538,38752,6337,28,1,4C848485,4C848485,True,6337,306151,306152,0,5.804830,0.000000,28,True,False
539,38824,6338,28,1,686856A5,686856A5,True,6338,306156,306157,0,5.490260,0.000000,28,True,False
540,38896,6339,28,1,039CBA4B,039CBA4B,True,6339,306161,306162,0,8.060350,0.000000,28,True,False
541,38968,6340,28,1,14C3C4B2,14C3C4B2,True,6340,306166,306167,0,13.169400,0.000000,28,True,False
542,39040,6341,28,1,C0847434,C0847434,True,6341,306171,306172,0,12.052000,0.000000,28,True,False
543,39112,6342,28,1,6EEA91F6,6EEA91F6,True,6342,306176,306177,0,7.122550,0.000000,28,True,False
544,39184,6343,28,1,C4E7C68D,C4E7C68D,True,6343,306181,306182,0,11.370600,0.000000,28,True,False
545,39256,6344,28,1,0E0E6091,0E0E6091,True,6344,306186,306187,0,5.294100,0.000000,28,True,False
546,39328,6345,28,1,BD6DEC11,BD6DEC11,True,6345,306191,306192,0,8.300550,0.000000,28,True,False
547,39400,8663,28,1,E00F9C82,E00F9C82,True,8663,457523,457524,0,0.801968,0.000000,28,True,False
548,39472,8664,28,1,D1954913,D1954913,True,8664,457532,0,0,4.725270,0.000000,28,True,False
549,39544,9521,28,1,7C8C5FC0,7C8C5FC0,True,9521,506431,0,0,1.309040,0.000000,28,True,False
550,39616,9531,28,1,30613409,30613409,True,9531,506474,0,0,4.489160,0.000000,28,True,False
551,39688,9533,28,1,C4CE8D73,C4CE8D73,True,9533,506480,0,0,4.589580,0.000000,28,True,False
552,39760,9535,28,1,4A025301,4A025301,True,9535,506485,0,0,6.200850,0.000000,28,True,False
553,39832,9537,28,1,0CFA6B4E,0CFA6B4E,True,9537,506490,0,0,1.960860,0.000000,28,True,False
554,39904,9903,28,1,0349597C,0349597C,True,9903,514454,0,0,6.640630,0.000000,28,True,False
555,39976,9904,28,1,89B7FDA3,89B7FDA3,True,9904,514460,0,0,4.747760,0.000000,28,True,False
556,40048,9906,28,1,E1EB3693,E1EB3693,True,9906,514464,0,0,7.089100,0.000000,28,True,False
557,40120,9908,28,1,6F7A66D8,6F7A66D8,True,9908,514468,0,0,11.289100,0.000000,28,True,False
558,40192,9924,28,1,94001773,94001773,True,9924,514678,0,0,13.809700,0.000000,28,True,False
559,40264,10289,28,1,54461C14,54461C14,True,10289,524523,0,0,1.103180,0.000000,28,True,False
560,40336,10291,28,1,6F4FBF4D,6F4FBF4D,True,10291,524527,0,0,1.444970,0.000000,28,True,False
561,40408,10363,28,1,2B590127,2B590127,True,10363,525621,0,0,15.711900,0.000000,28,True,False
562,40480,10364,28,1,9B8B434A,9B8B434A,True,10364,525624,0,0,37.836201,0.000000,28,True,False
563,40552,10365,28,1,4A282009,4A282009,True,10365,525626,0,0,21.852100,0.000000,28,True,False
564,40624,10366,28,1,A7E51451,A7E51451,True,10366,525628,0,0,11.320500,0.000000,28,True,False
565,40696,10491,28,1,6B36C0E7,6B36C0E7,True,10491,526552,0,0,8.206780,0.000000,28,True,False
566,40768,10492,28,1,EA4BE89C,EA4BE89C,True,10492,526555,0,0,4.899910,0.000000,28,True,False
567,40840,10493,28,1,6A1382F2,6A1382F2,True,10493,526557,0,0,10.857600,0.000000,28,True,False
568,40912,10494,28,1,9BC42FC9,9BC42FC9,True,10494,526559,0,0,6.423970,0.000000,28,True,False
569,40984,10495,28,1,C17FFBCB,C17FFBCB,True,10495,526561,0,0,1.032780,0.000000,28,True,False
570,41056,10499,28,1,E907887A,E907887A,True,10499,526578,0,0,4.838860,0.000000,28,True,False
571,41128,11280,28,1,A9DF548B,A9DF548B,True,11280,544506,544507,0,42.601101,0.000000,28,True,False
572,41200,11281,28,1,C0BD52FD,C0BD52FD,True,11281,544512,544513,0,40.574299,0.000000,28,True,False
573,41272,718,28,1,BD4D768B,BD4D768B,True,718,38167,38294,0,1.526370,0.000000,28,True,False
574,41344,1930,28,1,2ECC9014,2ECC9014,True,1930,38117,38173,0,2.251280,0.000000,28,True,False
575,41416,1931,28,1,D003731A,D003731A,True,1931,38118,38177,0,3.492080,0.000000,28,True,False
576,41488,1937,28,1,260F9A25,260F9A25,True,1937,38166,38181,0,3.228460,0.000000,28,True,False
577,41560,1940,28,1,4ADB4AE5,4ADB4AE5,True,1940,38168,38472,0,0.511953,0.000000,28,True,False
578,41632,1943,28,1,78E7BB3B,78E7BB3B,True,1943,38169,38483,0,0.322289,0.000000,28,True,False
579,41704,1951,28,1,AA5BDFED,AA5BDFED,True,1951,38170,28367,0,2.658660,0.000000,28,True,False
580,41776,1952,28,1,9A3F731E,9A3F731E,True,1952,38171,38498,0,1.268670,0.000000,28,True,False
581,41848,1953,28,1,EC9639C1,EC9639C1,True,1953,38172,38501,0,1.830590,0.000000,28,True,False
582,41920,266,28,1,FB99E66B,FB99E66B,True,266,105794,0,0,1.010950,0.000000,28,True,False
583,41992,268,28,1,8A01D0F2,8A01D0F2,True,268,105811,0,0,1.081020,0.000000,28,True,False
584,42064,272,28,1,91BCB221,91BCB221,True,272,105828,0,0,1.268580,0.000000,28,True,False
585,42136,274,28,1,46EB35D2,46EB35D2,True,274,105844,0,0,0.895384,0.000000,28,True,False
586,42208,276,28,1,0BD9C74D,0BD9C74D,True,276,105860,0,0,0.727954,0.000000,28,True,False
587,42280,278,28,1,1C7B22F0,1C7B22F0,True,278,105876,0,0,0.893677,0.000000,28,True,False
588,42352,283,28,1,E87CDB32,E87CDB32,True,283,105894,0,0,0.671938,0.000000,28,True,False
589,42424,289,28,1,C7DB2DB9,C7DB2DB9,True,289,105911,0,0,0.728023,0.000000,28,True,False
590,42496,291,28,1,71075B5E,71075B5E,True,291,105927,0,0,1.170660,0.000000,28,True,False
591,42568,699,28,1,F2F6ACA5,F2F6ACA5,True,699,188324,0,0,3.229650,0.000000,28,True,False
592,42640,712,28,1,FBF1408D,FBF1408D,True,712,188328,0,0,3.693480,0.000000,28,True,False
593,42712,713,28,1,850DC1B7,850DC1B7,True,713,188342,0,0,4.002720,0.000000,28,True,False
594,42784,740,28,1,44D54021,44D54021,True,740,188356,0,0,3.290630,0.000000,28,True,False
595,42856,759,28,1,6922FCCF,6922FCCF,True,759,108674,108675,0,0.980047,0.000000,28,True,False
596,42928,1058,28,1,7237828A,7237828A,True,1058,108587,108588,0,2.301370,0.000000,28,True,False
597,43000,1059,28,1,05FC4182,05FC4182,True,1059,108592,108593,0,2.080460,0.000000,28,True,False
598,43072,1060,28,1,95C2F835,95C2F835,True,1060,108597,108598,0,1.986760,0.000000,28,True,False
599,43144,1061,28,1,E6561491,E6561491,True,1061,108601,108602,0,1.641480,0.000000,28,True,False
600,43216,1062,28,1,ADDAC5B3,ADDAC5B3,True,1062,108605,108606,0,1.051490,0.000000,28,True,False
601,43288,1137,28,1,A74698FD,A74698FD,True,1137,109386,109387,0,2.565720,0.000000,28,True,False
602,43360,1138,28,1,587211FA,587211FA,True,1138,117224,117225,0,3.193480,0.000000,28,True,False
603,43432,1139,28,1,A42D62C7,A42D62C7,True,1139,109386,109387,0,2.565720,0.000000,28,True,False
604,43504,1670,28,1,3DC7E67C,3DC7E67C,True,1670,189957,189958,0,1.151350,0.000000,28,True,False
605,43576,1797,28,1,75DED325,75DED325,True,1797,189962,189963,0,1.118100,0.000000,28,True,False
606,43648,1885,28,1,FF75D2D8,FF75D2D8,True,1885,189966,189967,0,0.815334,0.000000,28,True,False
607,43720,1935,28,1,E614AFB0,E614AFB0,True,1935,190012,190013,0,5.565950,0.000000,28,True,False
608,43792,1941,28,1,873EB5D4,873EB5D4,True,1941,190017,190018,0,4.098980,0.000000,28,True,False
609,43864,2185,28,1,538A0238,538A0238,True,2185,190049,0,0,0.957851,0.000000,28,True,False
610,43936,2186,28,1,CDE27601,CDE27601,True,2186,190056,0,0,1.263780,0.000000,28,True,False
611,44008,2187,28,1,B94CC968,B94CC968,True,2187,190059,0,0,0.602081,0.000000,28,True,False
612,44080,2200,28,1,44BC91D1,44BC91D1,True,2200,190107,0,0,2.569760,0.000000,28,True,False
613,44152,2253,28,1,8525F9A1,8525F9A1,True,2253,190113,0,0,2.891920,0.000000,28,True,False
614,44224,2265,28,1,2EA49447,2EA49447,True,2265,38750,0,0,12.466400,0.000000,28,True,False
615,44296,2266,28,1,5877EF65,5877EF65,True,2266,38751,0,0,4.472600,0.000000,28,True,False
616,44368,2363,28,1,85F05969,85F05969,True,2363,190116,0,0,2.835240,0.000000,28,True,False
617,44440,2397,28,1,D9B3D2F9,D9B3D2F9,True,2397,182327,182328,0,2.386390,0.000000,28,True,False
618,44512,2399,28,1,D8440CF1,D8440CF1,True,2399,182351,182352,0,2.493370,0.000000,28,True,False
619,44584,2407,28,1,79DC3466,79DC3466,True,2407,182369,182370,0,1.473150,0.000000,28,True,False
620,44656,2696,28,1,ABF62FBE,ABF62FBE,True,2696,184015,184016,0,0.854165,0.000000,28,True,False
621,44728,2891,28,1,99A40F53,99A40F53,True,2891,11692,193838,0,3.214190,0.000000,28,True,False
622,44800,2893,28,1,90CEBC0C,90CEBC0C,True,2893,35527,190635,0,2.303170,0.000000,28,True,False
623,44872,2895,28,1,B3B48F98,B3B48F98,True,2895,37551,190639,0,3.893600,0.000000,28,True,False
624,44944,2897,28,1,8A1F00A0,8A1F00A0,True,2897,45052,0,0,1.541310,0.000000,28,True,False
625,45016,2899,28,1,ADFD2428,ADFD2428,True,2899,45080,0,0,2.261540,0.000000,28,True,False
626,45088,2901,28,1,1D047139,1D047139,True,2901,31657,0,0,3.804280,0.000000,28,True,False
627,45160,3246,28,1,DA38DEDC,DA38DEDC,True,3246,186315,349872,0,3.428710,0.000000,28,True,False
628,45232,3254,28,1,832D1CEA,832D1CEA,True,3254,186480,0,0,6.353670,0.000000,28,True,False
629,45304,3258,28,1,2BFD2F3E,2BFD2F3E,True,3258,186702,0,0,2.137570,0.000000,28,True,False
630,45376,3260,28,1,DFB3C78C,DFB3C78C,True,3260,186733,349906,0,8.097090,0.000000,28,True,False
631,45448,3436,28,1,1D50C639,1D50C639,True,3436,203563,0,0,1.666650,0.000000,28,True,False
632,45520,3882,28,1,9054D4FA,9054D4FA,True,3882,74555,106819,0,2.995450,0.000000,28,True,False
633,45592,3883,28,1,7D00DF7B,7D00DF7B,True,3883,74574,74575,0,2.594170,0.000000,28,True,False
634,45664,3884,28,1,8C095217,8C095217,True,3884,74591,74592,0,3.670650,0.000000,28,True,False
635,45736,3885,28,1,9F6C8BE2,9F6C8BE2,True,3885,74608,74609,0,2.437960,0.000000,28,True,False
636,45808,3903,28,1,EB9C91F3,EB9C91F3,True,3903,75021,75023,0,3.244070,0.000000,28,True,False
637,45880,3904,28,1,5B48B859,5B48B859,True,3904,75029,75030,0,3.290210,0.000000,28,True,False
638,45952,3905,28,1,90254D27,90254D27,True,3905,75034,75035,0,2.327810,0.000000,28,True,False
639,46024,3908,28,1,96079FE6,96079FE6,True,3908,75075,190646,0,4.783170,0.000000,28,True,False
640,46096,3909,28,1,6D1F441E,6D1F441E,True,3909,75080,190649,0,4.557320,0.000000,28,True,False
641,46168,3913,28,1,AB723CAA,AB723CAA,True,3913,75118,0,0,4.641250,0.000000,28,True,False
642,46240,3914,28,1,5C1CF875,5C1CF875,True,3914,75125,0,0,2.957840,0.000000,28,True,False
643,46312,3915,28,1,70780CA1,70780CA1,True,3915,75130,0,0,1.462770,0.000000,28,True,False
644,46384,3928,28,1,EFC7F14E,EFC7F14E,True,3928,75281,75282,0,1.426500,0.000000,28,True,False
645,46456,3929,28,1,E7759BF1,E7759BF1,True,3929,75286,75287,0,1.077840,0.000000,28,True,False
646,46528,3930,28,1,9C4B9A32,9C4B9A32,True,3930,75290,75291,0,0.682484,0.000000,28,True,False
647,46600,3938,28,1,10746187,10746187,True,3938,75330,190666,0,1.916840,0.000000,28,True,False
648,46672,3939,28,1,4CA4BF56,4CA4BF56,True,3939,75335,190669,0,1.569480,0.000000,28,True,False
649,46744,3940,28,1,84B7CEBB,84B7CEBB,True,3940,75339,190672,0,0.921392,0.000000,28,True,False
650,46816,3941,28,1,3099B998,3099B998,True,3941,75343,190763,0,2.044140,0.000000,28,True,False
651,46888,3942,28,1,E14D608B,E14D608B,True,3942,75347,190784,0,1.256120,0.000000,28,True,False
652,46960,3943,28,1,3DF4496E,3DF4496E,True,3943,75351,0,0,1.275750,0.000000,28,True,False
653,47032,3944,28,1,C822CFAC,C822CFAC,True,3944,75355,0,0,1.009850,0.000000,28,True,False
654,47104,4040,28,1,1C36E5FC,1C36E5FC,True,4040,216909,0,0,3.824530,0.000000,28,True,False
655,47176,4044,28,1,365CBD95,365CBD95,True,4044,217060,0,0,3.534990,0.000000,28,True,False
656,47248,4046,28,1,83071976,83071976,True,4046,217103,0,0,2.079100,0.000000,28,True,False
657,47320,4061,28,1,12C635C6,12C635C6,True,4061,77852,77853,0,3.908450,0.000000,28,True,False
658,47392,4382,28,1,1620AF96,1620AF96,True,4382,296222,0,0,1.382250,0.000000,28,True,False
659,47464,4383,28,1,1F2C9AAB,1F2C9AAB,True,4383,296225,0,0,0.917869,0.000000,28,True,False
660,47536,4387,28,1,456D02E7,456D02E7,True,4387,296228,0,0,0.432070,0.000000,28,True,False
661,47608,4504,28,1,762F87BA,762F87BA,True,4504,296288,296289,0,2.555330,0.000000,28,True,False
662,47680,4505,28,1,90EFB6E7,90EFB6E7,True,4505,296297,296298,0,1.892840,0.000000,28,True,False
663,47752,4514,28,1,9B1A5E2C,9B1A5E2C,True,4514,296720,0,0,1.134860,0.000000,28,True,False
664,47824,4516,28,1,9C5C28D9,9C5C28D9,True,4516,296737,0,0,0.869522,0.000000,28,True,False
665,47896,4518,28,1,049CBA4B,049CBA4B,True,4518,296755,0,0,0.919516,0.000000,28,True,False
666,47968,4520,28,1,FBE03312,FBE03312,True,4520,296773,0,0,1.097220,0.000000,28,True,False
667,48040,5152,28,1,019FA95A,019FA95A,True,5152,297382,0,0,1.547070,0.000000,28,True,False
668,48112,5155,28,1,B23144C3,B23144C3,True,5155,297389,0,0,0.806696,0.000000,28,True,False
669,48184,5270,28,1,A8968D55,A8968D55,True,5270,297728,0,0,7.664070,0.000000,28,True,False
670,48256,5271,28,1,0902EEFD,0902EEFD,True,5271,297734,0,0,5.342540,0.000000,28,True,False
671,48328,5344,28,1,B392F00F,B392F00F,True,5344,298441,0,0,2.382530,0.000000,28,True,False
672,48400,5378,28,1,3A184F11,3A184F11,True,5378,298603,0,0,4.892310,0.000000,28,True,False
673,48472,6077,28,1,7429FC99,7429FC99,True,6077,298743,0,0,2.732370,0.000000,28,True,False
674,48544,6080,28,1,58744235,58744235,True,6080,298746,0,0,4.818950,0.000000,28,True,False
675,48616,6086,28,1,38F4B04D,38F4B04D,True,6086,298748,0,0,3.387840,0.000000,28,True,False
676,48688,6088,28,1,684F9207,684F9207,True,6088,298756,0,0,1.536740,0.000000,28,True,False
677,48760,6104,28,1,2E2F1995,2E2F1995,True,6104,298945,0,0,2.138950,0.000000,28,True,False
678,48832,6105,28,1,469C7AD7,469C7AD7,True,6105,298949,0,0,2.138950,0.000000,28,True,False
679,48904,6214,28,1,84971D2F,84971D2F,True,6214,300179,0,0,2.741440,0.000000,28,True,False
680,48976,6217,28,1,ED011347,ED011347,True,6217,300207,0,0,1.536740,0.000000,28,True,False
681,49048,6241,28,1,79FC8E2F,79FC8E2F,True,6241,302440,0,0,1.405170,0.000000,28,True,False
682,49120,6281,28,1,4A5F4A51,4A5F4A51,True,6281,303670,0,0,2.058890,0.000000,28,True,False
683,49192,6282,28,1,29696964,29696964,True,6282,303673,0,0,1.668030,0.000000,28,True,False
684,49264,6289,28,1,2E6CE0F6,2E6CE0F6,True,6289,305165,0,0,2.565300,0.000000,28,True,False
685,49336,6290,28,1,E0B0C1F3,E0B0C1F3,True,6290,305169,0,0,1.544020,0.000000,28,True,False
686,49408,6291,28,1,B721F4A4,B721F4A4,True,6291,305172,0,0,1.022530,0.000000,28,True,False
687,49480,6294,28,1,BC986B03,BC986B03,True,6294,305212,0,0,2.688080,0.000000,28,True,False
688,49552,6295,28,1,C60E9F47,C60E9F47,True,6295,305216,0,0,1.780180,0.000000,28,True,False
689,49624,6455,28,1,4A736870,4A736870,True,6455,344806,0,0,4.852340,0.000000,28,True,False
690,49696,6459,28,1,179C05EB,179C05EB,True,6459,344825,0,0,4.529050,0.000000,28,True,False
691,49768,6460,28,1,419B9B48,419B9B48,True,6460,344829,0,0,4.466140,0.000000,28,True,False
692,49840,6461,28,1,A43C1435,A43C1435,True,6461,344832,0,0,2.850140,0.000000,28,True,False
693,49912,8074,28,1,17E10B2B,17E10B2B,True,8074,437693,0,0,0.872947,0.000000,28,True,False
694,49984,8075,28,1,54382989,54382989,True,8075,437696,0,0,1.618060,0.000000,28,True,False
695,50056,9465,28,1,F6592D1D,F6592D1D,True,9465,505536,0,0,2.475090,0.000000,28,True,False
696,50128,9487,28,1,BC47A731,BC47A731,True,9487,505853,0,0,1.049050,0.000000,28,True,False
697,50200,9489,28,1,FF0C50A4,FF0C50A4,True,9489,505879,0,0,6.401800,0.000000,28,True,False
698,50272,9491,28,1,ADC7C749,ADC7C749,True,9491,505928,0,0,0.851350,0.000000,28,True,False
699,50344,9493,28,1,AF560AF0,AF560AF0,True,9493,505935,0,0,8.269080,0.000000,28,True,False
700,50416,9495,28,1,8CCD2A6A,8CCD2A6A,True,9495,505939,0,0,1.464250,0.000000,28,True,False
701,50488,9497,28,1,6D9D55B5,6D9D55B5,True,9497,505943,0,0,16.072599,0.000000,28,True,False
702,50560,9503,28,1,74C4C2E4,74C4C2E4,True,9503,506231,0,0,15.710100,0.000000,28,True,False
703,50632,9539,28,1,92DFA845,92DFA845,True,9539,506967,0,0,2.186180,0.000000,28,True,False
704,50704,9569,28,1,737D9155,737D9155,True,9569,507194,0,0,10.578100,0.000000,28,True,False
705,50776,9572,28,1,F04D843B,F04D843B,True,9572,507199,0,0,3.491610,0.000000,28,True,False
706,50848,9578,28,1,E5172399,E5172399,True,9578,507238,0,0,1.020250,0.000000,28,True,False
707,50920,9580,28,1,70097FDE,70097FDE,True,9580,507264,0,0,7.681200,0.000000,28,True,False
708,50992,9583,28,1,4876EA18,4876EA18,True,9583,507292,0,0,1.309630,0.000000,28,True,False
709,51064,9585,28,1,E78A29D9,E78A29D9,True,9585,507296,0,0,0.375250,0.000000,28,True,False
710,51136,9624,28,1,D88C68B7,D88C68B7,True,9624,508684,0,0,36.321201,0.000000,28,True,False
711,51208,9625,28,1,694B01B5,694B01B5,True,9625,456835,0,0,2.374770,0.000000,28,True,False
712,51280,9683,28,1,20DD7B6E,20DD7B6E,True,9683,509252,0,0,3.476330,0.000000,28,True,False
713,51352,9685,28,1,0E10AB63,0E10AB63,True,9685,509299,0,0,13.421400,0.000000,28,True,False
714,51424,9687,28,1,C1B95556,C1B95556,True,9687,509346,0,0,2.310950,0.000000,28,True,False
715,51496,9691,28,1,25E95A72,25E95A72,True,9691,509994,0,0,1.518030,0.000000,28,True,False
716,51568,9942,28,1,1731E9AD,1731E9AD,True,9942,514849,0,0,81.000000,0.000000,28,True,False
717,51640,9943,28,1,279C23C7,279C23C7,True,9943,514854,0,0,81.000000,0.000000,28,True,False
718,51712,10165,28,1,3F7F414F,3F7F414F,True,10165,523279,0,0,1.771440,0.000000,28,True,False
719,51784,10188,28,1,22643CFE,22643CFE,True,10188,523354,0,0,0.915847,0.000000,28,True,False
720,51856,10196,28,1,137CF70A,137CF70A,True,10196,523365,0,0,0.981368,0.000000,28,True,False
721,51928,10212,28,1,8D76DD60,8D76DD60,True,10212,523564,0,0,1.505440,0.000000,28,True,False
722,52000,10214,28,1,BA4CEAB1,BA4CEAB1,True,10214,523568,0,0,0.829606,0.000000,28,True,False
723,52072,10216,28,1,74D29859,74D29859,True,10216,523596,0,0,0.924706,0.000000,28,True,False
724,52144,10222,28,1,A92B292C,A92B292C,True,10222,523640,0,0,0.805238,0.000000,28,True,False
725,52216,10284,28,1,E5EFD675,E5EFD675,True,10284,524439,0,0,1.511580,0.000000,28,True,False
726,52288,10343,28,1,C0333455,C0333455,True,10343,525630,0,0,22.741899,0.000000,28,True,False
727,52360,10344,28,1,22A536E3,22A536E3,True,10344,525633,0,0,17.058599,0.000000,28,True,False
728,52432,10348,28,1,A934ED05,A934ED05,True,10348,525636,0,0,2.111690,0.000000,28,True,False
729,52504,10349,28,1,714DAF72,714DAF72,True,10349,525639,0,0,4.680880,0.000000,28,True,False
730,52576,10350,28,1,756A02AF,756A02AF,True,10350,525642,0,0,2.953130,0.000000,28,True,False
731,52648,10373,28,1,4939ECD7,4939ECD7,True,10373,525649,0,0,17.120501,0.000000,28,True,False
732,52720,10374,28,1,A7759BF5,A7759BF5,True,10374,525652,0,0,12.196600,0.000000,28,True,False
733,52792,10375,28,1,06ECEC98,06ECEC98,True,10375,525654,0,0,9.750560,0.000000,28,True,False
734,52864,10376,28,1,DD829D41,DD829D41,True,10376,525656,0,0,7.634070,0.000000,28,True,False
735,52936,10377,28,1,B1CA6420,B1CA6420,True,10377,525658,0,0,5.251850,0.000000,28,True,False
736,53008,10378,28,1,C47AC9D9,C47AC9D9,True,10378,525660,0,0,4.467550,0.000000,28,True,False
737,53080,10434,28,1,B80EAC91,B80EAC91,True,10434,525918,0,0,2.889600,0.000000,28,True,False
738,53152,10436,28,1,9D20327B,9D20327B,True,10436,525922,0,0,1.118730,0.000000,28,True,False
739,53224,10438,28,1,57891482,57891482,True,10438,525926,0,0,14.028500,0.000000,28,True,False
740,53296,10440,28,1,4F02106E,4F02106E,True,10440,525930,0,0,6.657210,0.000000,28,True,False
741,53368,10442,28,1,ACA142AC,ACA142AC,True,10442,525934,0,0,4.386430,0.000000,28,True,False
742,53440,10444,28,1,E2022C28,E2022C28,True,10444,525938,0,0,0.627546,0.000000,28,True,False
743,53512,10446,28,1,F1089CDE,F1089CDE,True,10446,525942,0,0,0.826791,0.000000,28,True,False
744,53584,10448,28,1,F0FB05D1,F0FB05D1,True,10448,525946,0,0,1.434830,0.000000,28,True,False
745,53656,10450,28,1,B27B9D3E,B27B9D3E,True,10450,525950,0,0,0.588048,0.000000,28,True,False
746,53728,10452,28,1,E1183B47,E1183B47,True,10452,525954,0,0,1.494780,0.000000,28,True,False
747,53800,10454,28,1,B9CB93F9,B9CB93F9,True,10454,525958,0,0,0.751910,0.000000,28,True,False
748,53872,10456,28,1,E36DEA17,E36DEA17,True,10456,525961,0,0,0.605282,0.000000,28,True,False
749,53944,10458,28,1,580A3726,580A3726,True,10458,525964,0,0,3.267830,0.000000,28,True,False
750,54016,10460,28,1,6DBB154C,6DBB154C,True,10460,525968,0,0,2.396630,0.000000,28,True,False
751,54088,10462,28,1,C32FDEE8,C32FDEE8,True,10462,525982,0,0,10.190400,0.000000,28,True,False
752,54160,10464,28,1,7DB052FB,7DB052FB,True,10464,525990,0,0,16.920601,0.000000,28,True,False
753,54232,10506,28,1,B6F2CC5C,B6F2CC5C,True,10506,526608,0,0,7.256910,0.000000,28,True,False
754,54304,10507,28,1,BE3F69AF,BE3F69AF,True,10507,526620,0,0,3.890350,0.000000,28,True,False
755,54376,10508,28,1,4BB83ADA,4BB83ADA,True,10508,526624,0,0,1.263860,0.000000,28,True,False
756,54448,10509,28,1,942E78F3,942E78F3,True,10509,526627,0,0,0.713196,0.000000,28,True,False
757,54520,10510,28,1,85410F24,85410F24,True,10510,526630,0,0,0.459124,0.000000,28,True,False
758,54592,11324,28,1,481AF312,481AF312,True,11324,545521,0,0,2.407730,0.000000,28,True,False
759,54664,11325,28,1,F8DDB81A,F8DDB81A,True,11325,545518,0,0,1.782640,0.000000,28,True,False
760,54736,11343,28,1,8959F4B2,8959F4B2,True,11343,545570,0,0,48.166100,0.000000,28,True,False
761,54808,11387,28,1,BDCD244C,BDCD244C,True,11387,545976,0,0,1.611370,0.000000,28,True,False
762,54880,11388,28,1,0670F7EA,0670F7EA,True,11388,545980,0,0,2.104320,0.000000,28,True,False
763,54952,11391,28,1,7E4BC524,7E4BC524,True,11391,545990,0,0,1.611370,0.000000,28,True,False
764,55024,404,28,1,129DC3A6,129DC3A6,True,404,38580,0,0,1.261010,0.000000,28,True,False
765,55096,463,28,1,FAB24D70,FAB24D70,True,463,78416,0,0,3.960820,0.000000,28,True,False
766,55168,760,28,1,B3B12C39,B3B12C39,True,760,103698,0,0,0.362130,0.000000,28,True,False
767,55240,771,28,1,7203A4C1,7203A4C1,True,771,103711,0,0,0.362130,0.000000,28,True,False
768,55312,777,28,1,A5649E7C,A5649E7C,True,777,103724,0,0,0.362130,0.000000,28,True,False
769,55384,783,28,1,6F8EBD5F,6F8EBD5F,True,783,103738,0,0,0.362130,0.000000,28,True,False
770,55456,788,28,1,E6EF3F74,E6EF3F74,True,788,103751,0,0,0.362130,0.000000,28,True,False
771,55528,819,28,1,F32CB992,F32CB992,True,819,103764,0,0,0.362130,0.000000,28,True,False
772,55600,831,28,1,91CADF31,91CADF31,True,831,103777,0,0,0.362130,0.000000,28,True,False
773,55672,838,28,1,3E5AF43D,3E5AF43D,True,838,103790,0,0,0.362130,0.000000,28,True,False
774,55744,840,28,1,A10196DE,A10196DE,True,840,103803,0,0,0.362130,0.000000,28,True,False
775,55816,862,28,1,C272439D,C272439D,True,862,103838,0,0,0.362130,0.000000,28,True,False
776,55888,865,28,1,BEB2671E,BEB2671E,True,865,103852,0,0,0.362130,0.000000,28,True,False
777,55960,880,28,1,6B0E66BE,6B0E66BE,True,880,103866,0,0,0.362130,0.000000,28,True,False
778,56032,882,28,1,2782BAF7,2782BAF7,True,882,103879,0,0,0.324018,0.000000,28,True,False
779,56104,885,28,1,8E48ACDE,8E48ACDE,True,885,103895,0,0,0.362130,0.000000,28,True,False
780,56176,887,28,1,D5A51BAC,D5A51BAC,True,887,103909,0,0,0.362130,0.000000,28,True,False
781,56248,898,28,1,06D5E13F,06D5E13F,True,898,103922,0,0,0.362130,0.000000,28,True,False
782,56320,932,28,1,70D0377B,70D0377B,True,932,103936,0,0,0.362130,0.000000,28,True,False
783,56392,934,28,1,49950A87,49950A87,True,934,103949,0,0,0.362130,0.000000,28,True,False
784,56464,1038,28,1,3F69BAB7,3F69BAB7,True,1038,107734,0,0,2.202680,0.000000,28,True,False
785,56536,1040,28,1,4883CA18,4883CA18,True,1040,107749,0,0,2.380040,0.000000,28,True,False
786,56608,1356,28,1,7C4038AB,7C4038AB,True,1356,38578,0,0,1.558360,0.000000,28,True,False
787,56680,1399,28,1,7707780A,7707780A,True,1399,38576,0,0,1.326090,0.000000,28,True,False
788,56752,1400,28,1,B98EF13A,B98EF13A,True,1400,38577,0,0,1.347390,0.000000,28,True,False
789,56824,1576,28,1,CF148089,CF148089,True,1576,94606,0,0,1.337930,0.000000,28,True,False
790,56896,1577,28,1,52DF0960,52DF0960,True,1577,94609,0,0,1.337930,0.000000,28,True,False
791,56968,1579,28,1,5A8203EB,5A8203EB,True,1579,94619,0,0,1.337930,0.000000,28,True,False
792,57040,1580,28,1,B630EFA0,B630EFA0,True,1580,94639,0,0,1.337930,0.000000,28,True,False
793,57112,1581,28,1,ABEFCBAE,ABEFCBAE,True,1581,94675,0,0,1.337930,0.000000,28,True,False
794,57184,1583,28,1,40A7CAEC,40A7CAEC,True,1583,94678,0,0,1.337930,0.000000,28,True,False
795,57256,1584,28,1,E955A266,E955A266,True,1584,94682,0,0,1.337930,0.000000,28,True,False
796,57328,1781,28,1,726E003E,726E003E,True,1781,38575,0,0,5.959280,0.000000,28,True,False
797,57400,2179,28,1,AC12E7B5,AC12E7B5,True,2179,191755,0,0,1.633190,0.000000,28,True,False
798,57472,2224,28,1,340EA9C1,340EA9C1,True,2224,103328,0,0,0.362130,0.000000,28,True,False
799,57544,2226,28,1,0D4B943D,0D4B943D,True,2226,103341,0,0,0.362130,0.000000,28,True,False
800,57616,2441,28,1,3E3D6DFE,3E3D6DFE,True,2441,103357,0,0,0.362130,0.000000,28,True,False
801,57688,2815,28,1,99F091BD,99F091BD,True,2815,193271,0,0,12.735900,0.000000,28,True,False
802,57760,2863,28,1,9CA13497,9CA13497,True,2863,103370,0,0,0.362130,0.000000,28,True,False
803,57832,2925,28,1,66B2B6E0,66B2B6E0,True,2925,45388,0,0,3.745380,0.000000,28,True,False
804,57904,3000,28,1,1C4C206F,1C4C206F,True,3000,103383,0,0,0.362130,0.000000,28,True,False
805,57976,3002,28,1,C684F23A,C684F23A,True,3002,103396,0,0,0.362130,0.000000,28,True,False
806,58048,3005,28,1,55C5852C,55C5852C,True,3005,103409,0,0,0.362130,0.000000,28,True,False
807,58120,3020,28,1,F7FA46C8,F7FA46C8,True,3020,103422,0,0,0.362130,0.000000,28,True,False
808,58192,3055,28,1,B7D90F01,B7D90F01,True,3055,103435,0,0,0.362130,0.000000,28,True,False
809,58264,3298,28,1,EF97333D,EF97333D,True,3298,190552,0,0,0.945405,0.000000,28,True,False
810,58336,3357,28,1,1DA71B20,1DA71B20,True,3357,191726,0,0,2.905210,0.000000,28,True,False
811,58408,3358,28,1,5F183C17,5F183C17,True,3358,191729,0,0,2.497530,0.000000,28,True,False
812,58480,3362,28,1,461F0974,461F0974,True,3362,191755,0,0,2.208400,0.000000,28,True,False
813,58552,3363,28,1,AF890F11,AF890F11,True,3363,191758,0,0,2.208400,0.000000,28,True,False
814,58624,3866,28,1,E3976B51,E3976B51,True,3866,336527,0,0,2.202680,0.000000,28,True,False
815,58696,3920,28,1,39C54BBC,39C54BBC,True,3920,75187,0,0,3.891670,0.000000,28,True,False
816,58768,3921,28,1,27B35D9D,27B35D9D,True,3921,75192,0,0,3.936530,0.000000,28,True,False
817,58840,3922,28,1,E34F7AD5,E34F7AD5,True,3922,75196,0,0,3.956900,0.000000,28,True,False
818,58912,3923,28,1,681E2C5C,681E2C5C,True,3923,75200,0,0,4.160100,0.000000,28,True,False
819,58984,4094,28,1,929E08B5,929E08B5,True,4094,78430,0,0,3.925230,0.000000,28,True,False
820,59056,4097,28,1,FD61C2E5,FD61C2E5,True,4097,78444,0,0,5.001880,0.000000,28,True,False
821,59128,4099,28,1,EDF75E4B,EDF75E4B,True,4099,78464,0,0,5.434920,0.000000,28,True,False
822,59200,4101,28,1,DEB8D9FC,DEB8D9FC,True,4101,78478,0,0,4.069300,0.000000,28,True,False
823,59272,4103,28,1,CB0FB7AA,CB0FB7AA,True,4103,78491,0,0,3.936530,0.000000,28,True,False
824,59344,4105,28,1,9B9A1C44,9B9A1C44,True,4105,78505,0,0,3.936530,0.000000,28,True,False
825,59416,4107,28,1,85AAF7AD,85AAF7AD,True,4107,78519,0,0,3.936530,0.000000,28,True,False
826,59488,4109,28,1,FE4C4E1E,FE4C4E1E,True,4109,78533,0,0,3.936530,0.000000,28,True,False
827,59560,4111,28,1,32719949,32719949,True,4111,78547,0,0,3.936530,0.000000,28,True,False
828,59632,4113,28,1,165D23C1,165D23C1,True,4113,78561,0,0,3.926530,0.000000,28,True,False
829,59704,4115,28,1,18E077A3,18E077A3,True,4115,78575,0,0,3.936530,0.000000,28,True,False
830,59776,4117,28,1,8B67B199,8B67B199,True,4117,78592,0,0,4.044840,0.000000,28,True,False
831,59848,4119,28,1,EA3C254D,EA3C254D,True,4119,78606,0,0,4.044840,0.000000,28,True,False
832,59920,4121,28,1,3F91A815,3F91A815,True,4121,78620,0,0,3.936530,0.000000,28,True,False
833,59992,4123,28,1,0D7A8138,0D7A8138,True,4123,78634,0,0,3.936530,0.000000,28,True,False
834,60064,4125,28,1,AE963C44,AE963C44,True,4125,78648,0,0,3.936530,0.000000,28,True,False
835,60136,4127,28,1,0139CE94,0139CE94,True,4127,78662,0,0,3.960890,0.000000,28,True,False
836,60208,4129,28,1,A9C298B3,A9C298B3,True,4129,78676,0,0,4.826620,0.000000,28,True,False
837,60280,4131,28,1,D8D9D343,D8D9D343,True,4131,78691,0,0,3.946230,0.000000,28,True,False
838,60352,4133,28,1,0828A0D2,0828A0D2,True,4133,78705,0,0,3.958780,0.000000,28,True,False
839,60424,4135,28,1,27FB1A5B,27FB1A5B,True,4135,78719,0,0,3.946400,0.000000,28,True,False
840,60496,4137,28,1,BAB6105F,BAB6105F,True,4137,78742,0,0,3.936480,0.000000,28,True,False
841,60568,4237,28,1,F2CA4B61,F2CA4B61,True,4237,98237,0,0,1.337930,0.000000,28,True,False
842,60640,4238,28,1,6D5BF072,6D5BF072,True,4238,98240,0,0,1.337930,0.000000,28,True,False
843,60712,4242,28,1,25629416,25629416,True,4242,98243,0,0,1.337930,0.000000,28,True,False
844,60784,4243,28,1,CCF49273,CCF49273,True,4243,98246,0,0,1.337930,0.000000,28,True,False
845,60856,4244,28,1,2BE86AE9,2BE86AE9,True,4244,98249,0,0,1.337930,0.000000,28,True,False
846,60928,4245,28,1,CF1C2302,CF1C2302,True,4245,98252,0,0,1.261660,0.000000,28,True,False
847,61000,4251,28,1,92732302,92732302,True,4251,98255,0,0,1.337930,0.000000,28,True,False
848,61072,4252,28,1,7EA4E978,7EA4E978,True,4252,98659,0,0,1.337930,0.000000,28,True,False
849,61144,4256,28,1,1F9DDB9C,1F9DDB9C,True,4256,98662,0,0,1.278450,0.000000,28,True,False
850,61216,4257,28,1,FD3D2D48,FD3D2D48,True,4257,98665,0,0,1.278450,0.000000,28,True,False
851,61288,4258,28,1,96E5B430,96E5B430,True,4258,98669,0,0,1.278450,0.000000,28,True,False
852,61360,4259,28,1,D215F1D6,D215F1D6,True,4259,98672,0,0,1.278450,0.000000,28,True,False
853,61432,4271,28,1,FD9A3474,FD9A3474,True,4271,87972,0,0,1.261010,0.000000,28,True,False
854,61504,4287,28,1,6B5AC0F1,6B5AC0F1,True,4287,88642,0,0,1.152970,0.000000,28,True,False
855,61576,4390,28,1,10109ED9,10109ED9,True,4390,296370,0,0,1.152970,0.000000,28,True,False
856,61648,4442,28,1,50903907,50903907,True,4442,98675,0,0,1.205330,0.000000,28,True,False
857,61720,4450,28,1,98FC58E7,98FC58E7,True,4450,98678,0,0,1.205330,0.000000,28,True,False
858,61792,4451,28,1,7A5CAE33,7A5CAE33,True,4451,98681,0,0,1.205330,0.000000,28,True,False
859,61864,4452,28,1,9676A618,9676A618,True,4452,98684,0,0,1.205330,0.000000,28,True,False
860,61936,4453,28,1,C610777C,C610777C,True,4453,98688,0,0,1.205330,0.000000,28,True,False
861,62008,4454,28,1,ADBAF347,ADBAF347,True,4454,98691,0,0,1.161570,0.000000,28,True,False
862,62080,4723,28,1,8E6E611D,8E6E611D,True,4723,168523,0,0,1.073410,0.000000,28,True,False
863,62152,4725,28,1,30906CE2,30906CE2,True,4725,168553,0,0,0.755565,0.000000,28,True,False
864,62224,5144,28,1,6F6ABE05,6F6ABE05,True,5144,143003,0,0,11.840700,0.000000,28,True,False
865,62296,5145,28,1,995B5C85,995B5C85,True,5145,143009,0,0,29.058201,0.000000,28,True,False
866,62368,5146,28,1,3D863AEF,3D863AEF,True,5146,143013,0,0,29.082500,0.000000,28,True,False
867,62440,5147,28,1,213B045E,213B045E,True,5147,143021,0,0,29.058201,0.000000,28,True,False
868,62512,7245,28,1,E0DAE95B,E0DAE95B,True,7245,397348,0,0,6.612980,0.000000,28,True,False
869,62584,7246,28,1,3EEFD6AE,3EEFD6AE,True,7246,397354,0,0,8.950370,0.000000,28,True,False
870,62656,7927,28,1,FBE1D065,FBE1D065,True,7927,436293,0,0,1.231730,0.000000,28,True,False
871,62728,8066,28,1,A0511A7A,A0511A7A,True,8066,457476,0,0,3.206190,0.000000,28,True,False
872,62800,8067,28,1,06EA7374,06EA7374,True,8067,457479,0,0,1.584000,0.000000,28,True,False
873,62872,8068,28,1,0172AD84,0172AD84,True,8068,457652,0,0,2.170890,0.000000,28,True,False
874,62944,8069,28,1,DC88CCA9,DC88CCA9,True,8069,457485,0,0,1.208740,0.000000,28,True,False
875,63016,8070,28,1,C5FA2ED1,C5FA2ED1,True,8070,436345,0,0,0.884867,0.000000,28,True,False
876,63088,8071,28,1,AF35ED90,AF35ED90,True,8071,457582,0,0,1.963700,0.000000,28,True,False
877,63160,8072,28,1,5DA92057,5DA92057,True,8072,447385,0,0,1.223630,0.000000,28,True,False
878,63232,8073,28,1,4EFAF4FE,4EFAF4FE,True,8073,457641,0,0,2.170890,0.000000,28,True,False
879,63304,9916,28,1,3436C829,3436C829,True,9916,514804,0,0,2.516290,0.000000,28,True,False
880,63376,9933,28,1,79F42FCD,79F42FCD,True,9933,514759,0,0,2.457900,0.000000,28,True,False
881,63448,10167,28,1,8C2DFAA1,8C2DFAA1,True,10167,523288,0,0,1.465720,0.000000,28,True,False
882,63520,10182,28,1,CDBBBE12,CDBBBE12,True,10182,523341,0,0,0.571766,0.000000,28,True,False
883,63592,10198,28,1,F9766802,F9766802,True,10198,523405,0,0,0.520338,0.000000,28,True,False
884,63664,10247,28,1,95FC6FF3,95FC6FF3,True,10247,523887,0,0,0.868580,0.000000,28,True,False
885,63736,10282,28,1,939438E4,939438E4,True,10282,524432,0,0,1.079660,0.000000,28,True,False
886,63808,10305,28,1,EA6A977A,EA6A977A,True,10305,524799,0,0,0.928655,0.000000,28,True,False
887,63880,10355,28,1,7BD491F7,7BD491F7,True,10355,525662,0,0,1.079660,0.000000,28,True,False
888,63952,10356,28,1,1D75E82A,1D75E82A,True,10356,525665,0,0,1.079660,0.000000,28,True,False
889,64024,10357,28,1,F4E3EE4F,F4E3EE4F,True,10357,525668,0,0,1.079660,0.000000,28,True,False
890,64096,10358,28,1,AE234040,AE234040,True,10358,525671,0,0,1.079660,0.000000,28,True,False
891,64168,10432,28,1,05CECD98,05CECD98,True,10432,525914,0,0,3.107890,0.000000,28,True,False
892,64240,10472,28,1,85FAF5C1,85FAF5C1,True,10472,526109,0,0,0.429027,0.000000,28,True,False
893,64312,10497,28,1,68776B39,68776B39,True,10497,526568,0,0,0.867467,0.000000,28,True,False
894,64384,10514,28,1,A5753B36,A5753B36,True,10514,526689,0,0,3.684630,0.000000,28,True,False
895,64456,11271,28,1,4A39520B,4A39520B,True,11271,544432,0,0,2.516290,0.000000,28,True,False
896,64528,203,28,1,FFC44542,FFC44542,True,203,105623,0,0,30.000000,0.000000,28,True,False
897,64600,206,28,1,1B2BA382,1B2BA382,True,206,105641,0,0,30.000000,0.000000,28,True,False
898,64672,220,28,1,94570C2D,94570C2D,True,220,105660,0,0,30.000000,0.000000,28,True,False
899,64744,246,28,1,8A68A38A,8A68A38A,True,246,105677,0,0,30.000000,0.000000,28,True,False
900,64816,248,28,1,A50E9339,A50E9339,True,248,105694,0,0,30.000000,0.000000,28,True,False
901,64888,250,28,1,27D8E844,27D8E844,True,250,105710,0,0,30.000000,0.000000,28,True,False
902,64960,2979,28,1,5001A3EB,5001A3EB,True,2979,45876,0,0,30.000000,0.000000,28,True,False
903,65032,2980,28,1,E43502E8,E43502E8,True,2980,45874,0,0,30.000000,0.000000,28,True,False
904,65104,2981,28,1,3CBB33FA,3CBB33FA,True,2981,45872,0,0,30.000000,0.000000,28,True,False
905,65176,3181,28,1,38545519,38545519,True,3181,35401,0,0,30.000000,0.000000,28,True,False
906,65248,3182,28,1,758B11E5,758B11E5,True,3182,35283,0,0,30.000000,0.000000,28,True,False
907,65320,3183,28,1,FE2D796E,FE2D796E,True,3183,35288,0,0,30.000000,0.000000,28,True,False
908,65392,3321,28,1,F3F80422,F3F80422,True,3321,191379,0,0,3.515460,0.000000,28,True,False
909,65464,3873,28,1,81EE98C9,81EE98C9,True,3873,74331,0,0,1.958180,0.000000,28,True,False
910,65536,3874,28,1,68FAFD82,68FAFD82,True,3874,74337,0,0,2.202680,0.000000,28,True,False
911,65608,3875,28,1,B0CFD025,B0CFD025,True,3875,74443,0,0,1.902200,0.000000,28,True,False
912,65680,3876,28,1,0ABDD5A2,0ABDD5A2,True,3876,74449,0,0,1.528070,0.000000,28,True,False
913,65752,3877,28,1,2A79AB5D,2A79AB5D,True,3877,74454,0,0,1.871030,0.000000,28,True,False
914,65824,3891,28,1,AFB4C4AA,AFB4C4AA,True,3891,74670,0,0,1.975640,0.000000,28,True,False
915,65896,3892,28,1,02AF4946,02AF4946,True,3892,74676,0,0,1.522590,0.000000,28,True,False
916,65968,3893,28,1,CA0FA41B,CA0FA41B,True,3893,74682,0,0,2.388380,0.000000,28,True,False
917,66040,3894,28,1,D53078E3,D53078E3,True,3894,74687,0,0,2.228470,0.000000,28,True,False
918,66112,3895,28,1,A8EE83A3,A8EE83A3,True,3895,74692,0,0,1.163560,0.000000,28,True,False
919,66184,4957,28,1,2DADCFFE,2DADCFFE,True,4957,229462,0,0,1.131300,0.000000,28,True,False
920,66256,4958,28,1,3FEBE401,3FEBE401,True,4958,229469,0,0,1.178040,0.000000,28,True,False
921,66328,4965,28,1,6C570BBB,6C570BBB,True,4965,229658,0,0,1.537120,0.000000,28,True,False
922,66400,5009,28,1,B4EA9DBA,B4EA9DBA,True,5009,229666,0,0,1.466880,0.000000,28,True,False
923,66472,5010,28,1,6ED845AB,6ED845AB,True,5010,229649,0,0,1.267570,0.000000,28,True,False
924,66544,5011,28,1,A8E88C3A,A8E88C3A,True,5011,229655,0,0,1.327220,0.000000,28,True,False
925,66616,6097,28,1,C1311BDA,C1311BDA,True,6097,299812,0,0,2.741880,0.000000,28,True,False
926,66688,6098,28,1,27B2A5D7,27B2A5D7,True,6098,299821,0,0,2.712340,0.000000,28,True,False
927,66760,6099,28,1,6F21C467,6F21C467,True,6099,299833,0,0,2.711880,0.000000,28,True,False
928,66832,6100,28,1,0064F065,0064F065,True,6100,299840,0,0,2.756490,0.000000,28,True,False
929,66904,6168,28,1,C47E6F90,C47E6F90,True,6168,262025,0,0,1.325840,0.000000,28,True,False
930,66976,6169,28,1,FD1EB8A6,FD1EB8A6,True,6169,262056,0,0,1.157880,0.000000,28,True,False
931,67048,6469,28,1,4CBDD9C7,4CBDD9C7,True,6469,344920,0,0,4.963430,0.000000,28,True,False
932,67120,6586,28,1,7F941627,7F941627,True,6586,349935,0,0,3.859250,0.000000,28,True,False
933,67192,8065,28,1,D90059ED,D90059ED,True,8065,437506,0,0,1.892320,0.000000,28,True,False
934,67264,9928,28,1,325B9454,325B9454,True,9928,514705,0,0,4.548220,0.000000,28,True,False
935,67336,10210,28,1,7D6E954F,7D6E954F,True,10210,523555,0,0,1.514450,0.000000,28,True,False
936,67408,11384,28,1,4D0FE26B,4D0FE26B,True,11384,545964,0,0,1.629970,0.000000,28,True,False
937,67480,11433,28,1,7B79A422,7B79A422,True,11433,546547,0,0,3.046230,0.000000,28,True,False
938,67552,796,28,1,0B1CA06E,0B1CA06E,True,796,4876,4877,0,14.795100,0.000000,28,True,False
939,67624,2343,28,1,D9CEB2E5,D9CEB2E5,True,2343,46433,46434,0,72.384804,0.000000,28,True,False
940,67696,2975,28,1,2D953674,2D953674,True,2975,46227,22851,0,51.493000,0.000000,28,True,False
941,67768,6273,28,1,267BA57F,267BA57F,True,6273,302902,302910,0,35.730999,0.000000,28,True,False
942,67840,6311,28,1,1C2112EE,1C2112EE,True,6311,305858,0,0,25.620300,0.000000,28,True,False
943,67912,6312,28,1,60EB4E19,60EB4E19,True,6312,305850,0,0,25.620300,0.000000,28,True,False
944,67984,6313,28,1,E07BD623,E07BD623,True,6313,305851,0,0,25.620300,0.000000,28,True,False
945,68056,3498,28,1,5EDC2ABC,5EDC2ABC,True,3498,59715,59716,0,3.258170,0.000000,28,True,False
946,68128,3499,28,1,4D56605C,4D56605C,True,3499,59669,59713,0,3.158480,0.000000,28,True,False
947,68200,3500,28,1,AA41FB17,AA41FB17,True,3500,59673,59718,0,2.652110,0.000000,28,True,False
948,68272,3501,28,1,A97863FA,A97863FA,True,3501,59720,59721,0,2.633920,0.000000,28,True,False
949,68344,3502,28,1,3E1A67F2,3E1A67F2,True,3502,59572,59574,0,3.593350,0.000000,28,True,False
950,68416,3503,28,1,37858987,37858987,True,3503,59584,59699,0,2.699290,0.000000,28,True,False
951,68488,3504,28,1,13D260E1,13D260E1,True,3504,59592,59705,0,4.212890,0.000000,28,True,False
952,68560,3505,28,1,33629706,33629706,True,3505,59600,59685,0,4.203550,0.000000,28,True,False
953,68632,3506,28,1,560D460B,560D460B,True,3506,59608,59678,0,4.081370,0.000000,28,True,False
954,68704,3507,28,1,F807680D,F807680D,True,3507,59616,59617,0,2.742270,0.000000,28,True,False
955,68776,3508,28,1,2D72AF88,2D72AF88,True,3508,59629,59630,0,1.256180,0.000000,28,True,False
956,68848,3509,28,1,0325FDC3,0325FDC3,True,3509,59633,0,0,2.986630,0.000000,28,True,False
957,68920,3510,28,1,78FD72AB,78FD72AB,True,3510,59639,0,0,2.070890,0.000000,28,True,False
958,68992,3511,28,1,08A2790B,08A2790B,True,3511,59644,59645,0,1.089580,0.000000,28,True,False
959,69064,3512,28,1,A34A65CE,A34A65CE,True,3512,59651,59652,0,0.293755,0.000000,28,True,False
960,69136,3513,28,1,3678B427,3678B427,True,3513,59655,59656,0,0.213780,0.000000,28,True,False
961,69208,3514,28,1,2BD9D293,2BD9D293,True,3514,59659,0,0,2.301930,0.000000,28,True,False
962,69280,3831,28,1,043D81FF,043D81FF,True,3831,73295,73296,0,4.275860,0.000000,28,True,False
963,69352,3564,28,1,99B62966,99B62966,True,3564,68840,0,0,2.361290,0.000000,28,True,False
964,69424,3722,28,1,9C7D1573,9C7D1573,True,3722,68845,0,0,2.361290,0.000000,28,True,False
965,69496,3723,28,1,A2A6A7C1,A2A6A7C1,True,3723,68849,0,0,2.973570,0.000000,28,True,False
966,69568,3821,28,1,EC123272,EC123272,True,3821,72956,72957,0,3.355590,0.000000,28,True,False
967,69640,3823,28,1,4234C542,4234C542,True,3823,73072,73074,0,3.355590,0.000000,28,True,False
968,69712,3826,28,1,DBC51CFA,DBC51CFA,True,3826,73115,73118,0,3.355590,0.000000,28,True,False
969,69784,3827,28,1,898F03FE,898F03FE,True,3827,73117,73120,0,3.355590,0.000000,28,True,False
970,69856,5763,28,1,7E062760,7E062760,True,5763,173245,173246,0,2.498770,0.000000,28,True,False
971,69928,5765,28,1,6A820AB7,6A820AB7,True,5765,173265,0,0,0.559017,0.000000,28,True,False
972,70000,5794,28,1,66385C37,66385C37,True,5794,174420,0,0,0.559017,0.000000,28,True,False
973,70072,5795,28,1,4AFF4F4E,4AFF4F4E,True,5795,174383,0,0,0.559017,0.000000,28,True,False
974,70144,9409,28,1,9704BCC5,9704BCC5,True,9409,504729,0,0,60.000000,0.000000,28,True,False
975,70216,9529,28,1,E274FD1E,E274FD1E,True,9529,506455,0,0,5.243540,0.000000,28,True,False
976,70288,9768,28,1,3F42036B,3F42036B,True,9768,511516,0,0,4.375740,0.000000,28,True,False
977,70360,9789,28,1,CC563E0F,CC563E0F,True,9789,512582,512846,0,1.559790,0.000000,28,True,False
978,70432,9793,28,1,F7074ED5,F7074ED5,True,9793,512681,512847,0,2.111190,0.000000,28,True,False
979,70504,9884,28,1,BBB300C0,BBB300C0,True,9884,513967,513968,0,0.941856,0.000000,28,True,False
980,70576,9891,28,1,765F0FA1,765F0FA1,True,9891,514296,0,0,1.829120,0.000000,28,True,False
981,70648,10056,28,1,021C1E82,021C1E82,True,10056,517769,0,0,8.570220,0.000000,28,True,False
982,70720,10057,28,1,35DE9ED4,35DE9ED4,True,10057,517988,517989,0,1.734720,0.000000,28,True,False
983,70792,10064,28,1,F888A166,F888A166,True,10064,518014,0,0,3.115110,0.000000,28,True,False
984,70864,10875,28,1,9FD37731,9FD37731,True,10875,534092,534093,0,8.079950,0.000000,28,True,False
985,70936,10996,28,1,74758C8B,74758C8B,True,10996,536080,536081,0,6.059960,0.000000,28,True,False
986,71008,11441,28,1,C1A78EF6,C1A78EF6,True,11441,546732,0,0,2.933270,0.000000,28,True,False
987,71080,979,28,1,02B4F82A,02B4F82A,True,979,103994,0,0,0.998278,0.000000,28,True,False
988,71152,1020,28,1,B8C1820B,B8C1820B,True,1020,104014,0,0,0.927329,0.000000,28,True,False
989,71224,1865,28,1,E9A7D936,E9A7D936,True,1865,38737,38744,0,1.718780,0.000000,28,True,False
990,71296,1866,28,1,81EF1848,81EF1848,True,1866,38738,38747,0,1.195350,0.000000,28,True,False
991,71368,2029,28,1,18D5416D,18D5416D,True,2029,38736,38739,0,14.113900,0.000000,28,True,False
992,71440,9715,28,1,2E35273C,2E35273C,True,9715,510497,0,0,13.520100,0.000000,28,True,False
993,71512,10630,28,1,44677D2B,44677D2B,True,10630,528481,0,0,1.013970,0.000000,28,True,False
994,71584,1298,28,1,599CDFF6,599CDFF6,True,1298,40613,29493,0,2.522280,0.000000,28,True,False
995,71656,1463,28,1,885311CD,885311CD,True,1463,40614,29547,0,4.446580,0.000000,28,True,False
996,71728,1814,28,1,0BC26755,0BC26755,True,1814,36718,40619,0,5.110880,0.000000,28,True,False
997,71800,1816,28,1,1E1B232D,1E1B232D,True,1816,36719,40627,0,5.637930,0.000000,28,True,False
998,71872,1817,28,1,13B5D874,13B5D874,True,1817,36720,40634,0,7.962650,0.000000,28,True,False
999,71944,1818,28,1,331E1986,331E1986,True,1818,40151,40646,0,3.157260,0.000000,28,True,False
1000,72016,1819,28,1,4A5AC195,4A5AC195,True,1819,40611,40653,0,5.234610,0.000000,28,True,False
1001,72088,1821,28,1,7306A49B,7306A49B,True,1821,40616,40754,0,5.595910,0.000000,28,True,False
1002,72160,1823,28,1,371A3ECB,371A3ECB,True,1823,40617,40764,0,10.460000,0.000000,28,True,False
1003,72232,1824,28,1,28232A2D,28232A2D,True,1824,40618,40774,0,6.501070,0.000000,28,True,False
1004,72304,1830,28,1,C41A4526,C41A4526,True,1830,40615,29596,0,2.436400,0.000000,28,True,False
1005,72376,2634,28,1,93F7A112,93F7A112,True,2634,192858,192859,0,16.348801,0.000000,28,True,False
1006,72448,2635,28,1,39BE1872,39BE1872,True,2635,192882,192883,0,16.348801,0.000000,28,True,False
1007,72520,2636,28,1,B4D15294,B4D15294,True,2636,192891,192892,0,16.372000,0.000000,28,True,False
1008,72592,2637,28,1,E026DC38,E026DC38,True,2637,192900,192901,0,16.372000,0.000000,28,True,False
1009,72664,2638,28,1,FEE14895,FEE14895,True,2638,192909,192910,0,16.548599,0.000000,28,True,False
1010,72736,2639,28,1,C393DEEA,C393DEEA,True,2639,192917,192918,0,4.803460,0.000000,28,True,False
1011,72808,2640,28,1,E2C9497F,E2C9497F,True,2640,192924,192925,0,6.401280,0.000000,28,True,False
1012,72880,2641,28,1,8158217B,8158217B,True,2641,192929,192930,0,14.754000,0.000000,28,True,False
1013,72952,2643,28,1,09FE65EC,09FE65EC,True,2643,193050,193051,0,16.445000,0.000000,28,True,False
1014,73024,3391,28,1,B13B705B,B13B705B,True,3391,198031,198482,0,15.546900,0.000000,28,True,False
1015,73096,3392,28,1,6A676BAE,6A676BAE,True,3392,198032,198529,0,14.049000,0.000000,28,True,False
1016,73168,3393,28,1,2EB9EC79,2EB9EC79,True,3393,198033,198536,0,13.673400,0.000000,28,True,False
1017,73240,3404,28,1,5B8020B7,5B8020B7,True,3404,206197,206198,0,78.107002,0.000000,28,True,False
1018,73312,3410,28,1,28976CBB,28976CBB,True,3410,206203,206205,0,75.905403,0.000000,28,True,False
1019,73384,3412,28,1,70B3A51F,70B3A51F,True,3412,206208,206209,0,76.837097,0.000000,28,True,False
1020,73456,3414,28,1,ED491C97,ED491C97,True,3414,346764,346765,0,6.708730,0.000000,28,True,False
1021,73528,3427,28,1,19F6B485,19F6B485,True,3427,203280,203281,0,4.084840,0.000000,28,True,False
1022,73600,3428,28,1,1E880E4F,1E880E4F,True,3428,203289,203290,0,4.247230,0.000000,28,True,False
1023,73672,3429,28,1,8E6F9BFF,8E6F9BFF,True,3429,203317,203318,0,3.754190,0.000000,28,True,False
1024,73744,3430,28,1,818DCD1B,818DCD1B,True,3430,203329,203330,0,6.639410,0.000000,28,True,False
1025,73816,3431,28,1,E8DFD24F,E8DFD24F,True,3431,203341,203342,0,6.453950,0.000000,28,True,False
1026,73888,3432,28,1,A18703EE,A18703EE,True,3432,203351,203352,0,7.640200,0.000000,28,True,False
1027,73960,3433,28,1,B6002F95,B6002F95,True,3433,203361,203362,0,8.103460,0.000000,28,True,False
1028,74032,3559,28,1,01329B64,01329B64,True,3559,207817,226926,0,31.361900,0.000000,28,True,False
1029,74104,3631,28,1,BC5B1FD0,BC5B1FD0,True,3631,208052,208053,0,7.573860,0.000000,28,True,False
1030,74176,3633,28,1,DA79652F,DA79652F,True,3633,208061,208062,0,7.185320,0.000000,28,True,False
1031,74248,3634,28,1,E912E8E8,E912E8E8,True,3634,208070,208071,0,7.354840,0.000000,28,True,False
1032,74320,4366,28,1,29A09A8E,29A09A8E,True,4366,220223,222155,0,5.992820,0.000000,28,True,False
1033,74392,4368,28,1,EBA6B4DC,EBA6B4DC,True,4368,220248,222146,0,6.143720,0.000000,28,True,False
1034,74464,4927,28,1,BC04EC49,BC04EC49,True,4927,224274,224275,0,6.591150,0.000000,28,True,False
1035,74536,4928,28,1,A56B2627,A56B2627,True,4928,224302,224305,0,6.368220,0.000000,28,True,False
1036,74608,4929,28,1,CC414004,CC414004,True,4929,224312,224313,0,6.836540,0.000000,28,True,False
1037,74680,4930,28,1,5BEDCF71,5BEDCF71,True,4930,224320,224321,0,5.693730,0.000000,28,True,False
1038,74752,4933,28,1,2FCDDC8A,2FCDDC8A,True,4933,224512,224513,0,14.616400,0.000000,28,True,False
1039,74824,4939,28,1,49E0D161,49E0D161,True,4939,227193,227427,0,1.373120,0.000000,28,True,False
1040,74896,4941,28,1,41F4ACD6,41F4ACD6,True,4941,227218,227239,0,1.256590,0.000000,28,True,False
1041,74968,4944,28,1,67B7670A,67B7670A,True,4944,227334,227335,0,1.217680,0.000000,28,True,False
1042,75040,4947,28,1,1177C10B,1177C10B,True,4947,227811,227812,0,1.109240,0.000000,28,True,False
1043,75112,4949,28,1,3974A609,3974A609,True,4949,227821,227822,0,1.112960,0.000000,28,True,False
1044,75184,6451,28,1,6711226B,6711226B,True,6451,343727,343728,0,1.378510,0.000000,28,True,False
1045,75256,6507,28,1,FA5EAFDA,FA5EAFDA,True,6507,346783,346784,0,6.867700,0.000000,28,True,False
1046,75328,8202,28,1,44E2E85B,44E2E85B,True,8202,109106,109107,0,6.612090,0.000000,28,True,False
1047,75400,8203,28,1,60E8A965,60E8A965,True,8203,546022,546023,0,16.279800,0.000000,28,True,False
1048,75472,8204,28,1,01C66830,01C66830,True,8204,112372,112373,0,6.804000,0.000000,28,True,False
1049,75544,2645,28,1,17229571,17229571,True,2645,193134,193135,0,1.080970,0.000000,28,True,False
1050,75616,2663,28,1,02308E83,02308E83,True,2663,183293,183294,0,0.498969,0.000000,28,True,False
1051,75688,2665,28,1,5DBF1223,5DBF1223,True,2665,183328,183329,0,60.000000,0.000000,28,True,False
1052,75760,2667,28,1,0850ED3B,0850ED3B,True,2667,183359,183360,0,10.000000,0.000000,28,True,False
1053,75832,2669,28,1,EF2BB142,EF2BB142,True,2669,183385,183386,0,0.585620,0.000000,28,True,False
1054,75904,2671,28,1,EB794DCB,EB794DCB,True,2671,183411,183412,0,1.313940,0.000000,28,True,False
1055,75976,2918,28,1,E5DDE00F,E5DDE00F,True,2918,285937,285938,0,3.946270,0.000000,28,True,False
1056,76048,3366,28,1,F41E0CFD,F41E0CFD,True,3366,194013,194014,0,0.132452,0.000000,28,True,False
1057,76120,3368,28,1,9A2AAC07,9A2AAC07,True,3368,194060,0,0,0.353553,0.000000,28,True,False
1058,76192,4151,28,1,D5D96A48,D5D96A48,True,4151,219542,219543,0,60.000000,0.000000,28,True,False
1059,76264,4153,28,1,C1ED4F48,C1ED4F48,True,4153,219564,219565,0,2.722380,0.000000,28,True,False
1060,76336,4155,28,1,46642C8C,46642C8C,True,4155,219589,219590,0,2.696330,0.000000,28,True,False
1061,76408,5874,28,1,4FBB6197,4FBB6197,True,5874,240772,240773,0,1.311790,0.000000,28,True,False
1062,76480,6441,28,1,AED02C83,AED02C83,True,6441,340540,340541,0,1.777560,0.000000,28,True,False
1063,76552,10311,28,1,6044AD3E,6044AD3E,True,10311,524987,0,0,4.671230,0.000000,28,True,False
1064,76624,10999,28,1,7488030C,7488030C,True,10999,534390,0,0,1.008880,0.000000,28,True,False
1065,76696,11539,28,1,A348529C,A348529C,True,11539,475017,475018,0,6.332170,0.000000,28,True,False
1066,76768,3682,28,1,284E8C29,284E8C29,True,3682,63905,63906,0,28.012501,0.000000,28,True,False
1067,76840,3684,28,1,43059CAE,43059CAE,True,3684,63914,63915,0,8.551490,0.000000,28,True,False
1068,76912,3685,28,1,5492B8E6,5492B8E6,True,3685,63923,63924,0,4.148320,0.000000,28,True,False
1069,76984,3767,28,1,834F7C79,834F7C79,True,3767,287473,287476,0,28.012501,0.000000,28,True,False
1070,77056,5266,28,1,327D624E,327D624E,True,5266,147588,0,0,0.716307,0.000000,28,True,False
1071,77128,8602,28,1,935A9364,935A9364,True,8602,491029,491030,0,1.060650,0.000000,28,True,False
1072,77200,15436,28,1,1A5E3D24,1A5E3D24,True,15436,581204,582027,0,1.347980,0.000000,28,True,False
1073,77272,543,28,1,131F776E,131F776E,True,543,72465,272096,0,16.272200,0.000000,28,True,False
1074,77344,564,28,1,301ED271,301ED271,True,564,59222,273046,0,3.507850,0.000000,28,True,False
1075,77416,567,28,1,459AFC76,459AFC76,True,567,40324,273088,0,3.507850,0.000000,28,True,False
1076,77488,3709,28,1,57EA0D54,57EA0D54,True,3709,65665,65666,0,2.765860,0.000000,28,True,False
1077,77560,3710,28,1,B5039A7C,B5039A7C,True,3710,65672,65673,0,4.386340,0.000000,28,True,False
1078,77632,3711,28,1,ACE10362,ACE10362,True,3711,65678,65679,0,3.720210,0.000000,28,True,False
1079,77704,4031,28,1,FCDF8315,FCDF8315,True,4031,215028,215029,0,24.299801,0.000000,28,True,False
1080,77776,4033,28,1,04F55060,04F55060,True,4033,215059,215060,0,24.299801,0.000000,28,True,False
1081,77848,4035,28,1,53AEF98B,53AEF98B,True,4035,215082,215083,0,24.299801,0.000000,28,True,False
1082,77920,6559,28,1,F75E1745,F75E1745,True,6559,348610,348611,0,5.439800,0.000000,28,True,False
1083,77992,6560,28,1,3B1C2A06,3B1C2A06,True,6560,348632,348636,0,5.439800,0.000000,28,True,False
1084,78064,6561,28,1,ECD64DE2,ECD64DE2,True,6561,348647,348648,0,5.439800,0.000000,28,True,False
1085,78136,6563,28,1,4E24F251,4E24F251,True,6563,348652,348653,0,5.439800,0.000000,28,True,False
1086,78208,1458,28,1,6E00F68C,6E00F68C,True,1458,321381,321383,0,50.000000,0.000000,28,True,False
1087,78280,4042,28,1,A1C59090,A1C59090,True,4042,216667,216668,0,40.000000,0.000000,28,True,False
1088,78352,9349,28,1,6B0F8F40,6B0F8F40,True,9349,504231,504232,0,35.000000,0.000000,28,True,False
1089,78424,9351,28,1,5F12573A,5F12573A,True,9351,504246,504247,0,40.000000,0.000000,28,True,False
1090,78496,9356,28,1,55930FD7,55930FD7,True,9356,504298,504300,0,40.000000,0.000000,28,True,False
1091,78568,9357,28,1,41A47EE1,41A47EE1,True,9357,504299,504305,0,50.000000,0.000000,28,True,False
1092,78640,9358,28,1,F43D72E3,F43D72E3,True,9358,121672,121707,0,50.000000,0.000000,28,True,False
1093,78712,9359,28,1,1204D1EB,1204D1EB,True,9359,121728,112587,0,30.000000,0.000000,28,True,False
1094,78784,4500,28,1,A5A58858,A5A58858,True,4500,101358,101359,0,10.331100,0.000000,28,True,False
1095,78856,4501,28,1,878CECFD,878CECFD,True,4501,101374,101375,0,10.358800,0.000000,28,True,False
1096,78928,8758,28,1,FCBF4CF5,FCBF4CF5,True,8758,217350,217351,0,0.754822,0.000000,28,True,False
1097,79000,8759,28,1,FD0AB1E8,FD0AB1E8,True,8759,217350,217351,0,0.754822,0.000000,28,True,False
1098,79072,8843,28,1,ABFB3475,ABFB3475,True,8843,493861,493862,0,17.541401,0.000000,28,True,False
1099,79144,8844,28,1,F74A75E6,F74A75E6,True,8844,493886,493887,0,2.609860,0.000000,28,True,False
1100,79216,8845,28,1,38125451,38125451,True,8845,493906,493907,0,12.297300,0.000000,28,True,False
1101,79288,9372,28,1,6FD32DC9,6FD32DC9,True,9372,504489,504490,0,1.028600,0.000000,28,True,False
1102,79360,9373,28,1,4A3F7ECB,4A3F7ECB,True,9373,504496,504497,0,0.801171,0.000000,28,True,False
1103,79432,9374,28,1,05171333,05171333,True,9374,504503,504504,0,0.819291,0.000000,28,True,False
1104,79504,9383,28,1,875FDA58,875FDA58,True,9383,504561,504562,0,31.580799,0.000000,28,True,False
1105,79576,9384,28,1,CB9801F1,CB9801F1,True,9384,504569,504570,0,29.672001,0.000000,28,True,False
1106,79648,9385,28,1,E52CBDF0,E52CBDF0,True,9385,504578,504579,0,44.759102,0.000000,28,True,False
1107,79720,9386,28,1,1B1D3411,1B1D3411,True,9386,504595,504596,0,21.555201,0.000000,28,True,False
1108,79792,9387,28,1,37793369,37793369,True,9387,504600,504601,0,28.650000,0.000000,28,True,False
1109,79864,9388,28,1,1CC0FE7A,1CC0FE7A,True,9388,504605,504606,0,33.436100,0.000000,28,True,False
1110,79936,8418,28,1,7A7514F6,7A7514F6,True,8418,475035,475036,0,2.347050,0.000000,28,True,False
1111,80008,8420,28,1,8EAF9049,8EAF9049,True,8420,475029,475030,0,0.633103,0.000000,28,True,False
1112,80080,8492,28,1,D9973EF2,D9973EF2,True,8492,488791,488792,0,0.849266,0.000000,28,True,False
1113,80152,8761,28,1,68F23BDC,68F23BDC,True,8761,12467,0,0,0.297993,0.000000,28,True,False
1114,80224,10878,28,1,F7745E1B,F7745E1B,True,10878,534376,534387,0,0.868768,0.000000,28,True,False
1115,80296,10880,28,1,7F43379E,7F43379E,True,10880,534390,0,0,1.008570,0.000000,28,True,False
1116,80368,11538,28,1,6E45270D,6E45270D,True,11538,511113,511121,0,0.864753,0.000000,28,True,False
1117,80440,15483,28,1,974CABFD,974CABFD,True,15483,581630,581634,0,50.000000,0.000000,28,True,False
1118,80512,15491,28,1,198BF7F0,198BF7F0,True,15491,581707,0,0,0.258624,0.000000,28,True,False
1119,80584,15495,28,1,1F3D15AD,1F3D15AD,True,15495,581772,0,0,0.555051,0.000000,28,True,False
1120,80656,9413,28,1,5966E733,5966E733,True,9413,504802,0,0,130.000000,0.000000,28,True,False
1121,80728,10155,28,1,EF278019,EF278019,True,10155,523316,0,0,1000.000000,0.000000,28,True,False
1122,80800,10156,28,1,7E06F0B2,7E06F0B2,True,10156,523337,0,0,200.000000,0.000000,28,True,False
1123,80872,10157,28,1,727F4ECD,727F4ECD,True,10157,523338,0,0,15.000000,0.000000,28,True,False
1124,80944,10965,28,1,D9FD2756,D9FD2756,True,10965,536525,0,0,150.000000,0.000000,28,True,False
1125,81016,9964,28,1,A98BA082,A98BA082,True,9964,515301,0,0,6.734140,0.000000,28,True,False
1126,81088,9965,50,1,12BAA8D8,12BAA8D8,True,9965,515301,0,0,6.734140,0.000000,6,True,False
1127,81160,9966,50,1,416D54B7,416D54B7,True,9966,515301,0,0,6.734140,0.000000,6,True,False
1128,81232,9968,50,1,E40F93C1,E40F93C1,True,9968,515301,0,0,6.734140,0.000000,6,True,False
1129,81304,9969,50,1,8FFCE10E,8FFCE10E,True,9969,515301,0,0,6.734140,0.000000,6,True,False
1130,81376,9970,50,1,3A02D625,3A02D625,True,9970,515301,0,0,6.734140,0.000000,6,True,False
1131,81448,9971,50,1,51F1A4EA,51F1A4EA,True,9971,515301,0,0,6.734140,0.000000,6,True,False
1132,81520,9972,50,1,90B35EBC,90B35EBC,True,9972,515301,0,0,6.734140,0.000000,6,True,False
1133,81592,9973,50,1,FB402C73,FB402C73,True,9973,515301,0,0,6.734140,0.000000,6,True,False
1134,81664,9974,50,1,AB20DE34,AB20DE34,True,9974,515301,0,0,6.734140,0.000000,6,True,False
1135,81736,15643,28,1,15A0E238,15A0E238,True,15643,463161,0,0,6.860270,0.000000,28,True,False
1136,81808,11353,28,1,458E989F,458E989F,True,11353,545598,0,0,1511.239990,0.000000,28,True,False
1137,81880,13193,28,1,80878AC6,80878AC6,True,13193,460897,465265,0,1.491120,0.000000,28,True,False
1138,81952,14878,28,1,EB38930C,EB38930C,True,14878,418028,0,0,1.079660,0.000000,28,True,False
1139,82024,14879,28,1,387BA842,387BA842,True,14879,461622,0,0,0.584275,0.000000,28,True,False
1140,82096,338,28,1,F171CD1E,F171CD1E,True,338,191990,192003,0,10.879600,0.000000,28,True,False
1141,82168,352,28,1,CE54894F,CE54894F,True,352,192012,192060,0,10.879600,0.000000,28,True,False
1142,82240,955,28,1,14A40C2D,14A40C2D,True,955,192068,192080,0,10.010900,0.000000,28,True,False
1143,82312,1245,28,1,99E75DA3,99E75DA3,True,1245,192101,192102,0,10.010900,0.000000,28,True,False
1144,82384,1693,28,1,79AA75C6,79AA75C6,True,1693,192319,192320,0,11.096100,0.000000,28,True,False
1145,82456,1707,28,1,CCBCF6F0,CCBCF6F0,True,1707,192342,192343,0,5.696090,0.000000,28,True,False
1146,82528,1710,28,1,F81DD6C7,F81DD6C7,True,1710,192391,192619,0,14.073700,0.000000,28,True,False
1147,82600,1773,28,1,73FD5410,73FD5410,True,1773,192596,192597,0,12.846000,0.000000,28,True,False
1148,82672,2041,28,1,ADA78466,ADA78466,True,2041,192638,193328,0,8.718090,0.000000,28,True,False
1149,82744,512,28,1,2FD2CCE6,2FD2CCE6,True,512,188307,188364,0,23.403799,0.000000,28,True,False
1150,82816,793,28,1,2CCA78E4,2CCA78E4,True,793,188620,188625,0,6.519040,0.000000,28,True,False
1151,82888,836,28,1,9A9ADA80,9A9ADA80,True,836,188654,188655,0,10.190700,0.000000,28,True,False
1152,82960,929,28,1,AB274842,AB274842,True,929,188681,188683,0,3.330160,0.000000,28,True,False
1153,83032,550,28,1,E6C478C4,E6C478C4,True,550,40148,276584,0,14.505200,0.000000,28,True,False
1154,83104,1070,28,1,368144F3,368144F3,True,1070,189544,0,0,16.843901,0.000000,28,True,False
1155,83176,1230,28,1,FE6F0DE0,FE6F0DE0,True,1230,48001,282589,0,75.030899,0.000000,28,True,False
1156,83248,1299,28,1,86D767ED,86D767ED,True,1299,47949,283155,0,9.720130,0.000000,28,True,False
1157,83320,1452,28,1,FFB5D423,FFB5D423,True,1452,192148,0,0,33.908001,0.000000,28,True,False
1158,83392,1485,28,1,5BC18C8A,5BC18C8A,True,1485,192235,192236,0,25.901600,0.000000,28,True,False
1159,83464,1650,28,1,456B4E3C,456B4E3C,True,1650,180747,180749,0,3.811570,0.000000,28,True,False
1160,83536,2301,28,1,56FA3CC5,56FA3CC5,True,2301,332924,351021,0,48.466202,0.000000,28,True,False
1161,83608,2303,28,1,7FDA2B4C,7FDA2B4C,True,2303,333065,333066,0,34.673302,0.000000,28,True,False
1162,83680,2305,28,1,1D469331,1D469331,True,2305,333113,333114,0,33.126099,0.000000,28,True,False
1163,83752,2327,28,1,93918C6F,93918C6F,True,2327,333158,333159,0,25.372499,0.000000,28,True,False
1164,83824,2329,28,1,15652BB6,15652BB6,True,2329,333195,333196,0,21.403601,0.000000,28,True,False
1165,83896,2333,28,1,F416BEE0,F416BEE0,True,2333,333229,333230,0,22.272900,0.000000,28,True,False
1166,83968,2336,28,1,7B8352B0,7B8352B0,True,2336,333308,333309,0,21.503500,0.000000,28,True,False
1167,84040,2344,28,1,F48F7C53,F48F7C53,True,2344,333375,333376,0,9.268830,0.000000,28,True,False
1168,84112,3778,28,1,DDE02033,DDE02033,True,3778,334354,0,0,52.157101,0.000000,28,True,False
1169,84184,6566,28,1,9A88EE01,9A88EE01,True,6566,347163,349533,0,16.754900,0.000000,28,True,False
1170,84256,6567,28,1,09415700,09415700,True,6567,347238,349063,0,36.427700,0.000000,28,True,False
1171,84328,6568,28,1,86FD22AA,86FD22AA,True,6568,347129,349097,0,81.757896,0.000000,28,True,False
1172,84400,6569,28,1,DB27C8A3,DB27C8A3,True,6569,347265,349129,0,52.863300,0.000000,28,True,False
1173,84472,6570,28,1,B273F05E,B273F05E,True,6570,347288,349203,0,23.631701,0.000000,28,True,False
1174,84544,6571,28,1,9C7F7569,9C7F7569,True,6571,347193,349306,0,57.293499,0.000000,28,True,False
1175,84616,6572,28,1,A2AEBABC,A2AEBABC,True,6572,347342,349261,0,10.537300,0.000000,28,True,False
1176,84688,6573,28,1,92860E75,92860E75,True,6573,347317,349240,0,11.842900,0.000000,28,True,False
1177,84760,6577,28,1,13986F6C,13986F6C,True,6577,349589,349590,0,222.121002,0.000000,28,True,False
1178,84832,6579,28,1,764D3576,764D3576,True,6579,351034,351042,0,2.525880,0.000000,28,True,False
1179,84904,6580,28,1,7AE840DB,7AE840DB,True,6580,349584,349585,0,1.911150,0.000000,28,True,False
1180,84976,6581,28,1,4CC9B81A,4CC9B81A,True,6581,349582,349610,0,5.120910,0.000000,28,True,False
1181,85048,6605,28,1,77E07652,77E07652,True,6605,353231,353232,0,63.228802,0.000000,28,True,False
1182,85120,6606,28,1,6AEF77DC,6AEF77DC,True,6606,353260,353261,0,51.809799,0.000000,28,True,False
1183,85192,6607,28,1,F214A123,F214A123,True,6607,353281,353282,0,54.270100,0.000000,28,True,False
1184,85264,6608,28,1,839C13AC,839C13AC,True,6608,353306,353307,0,59.671101,0.000000,28,True,False
1185,85336,2786,28,1,1EE0E964,1EE0E964,True,2786,333408,333409,0,21.342501,0.000000,28,True,False
1186,85408,2440,28,1,77513AFA,77513AFA,True,2440,285842,285843,0,14.882200,0.000000,28,True,False
1187,85480,6408,28,1,FE6988D8,FE6988D8,True,6408,339273,339274,0,24.448799,0.000000,28,True,False
1188,85552,6584,28,1,93605938,93605938,True,6584,349669,349670,0,58.518700,0.000000,28,True,False
1189,85624,6585,28,1,FAA1288D,FAA1288D,True,6585,349686,349687,0,31.480600,0.000000,28,True,False
1190,85696,7477,28,1,8A5337F1,8A5337F1,True,7477,411802,411803,0,21.900101,0.000000,28,True,False
1191,85768,7478,28,1,C0DCDC14,C0DCDC14,True,7478,411889,411890,411891,6.850550,0.000000,28,True,False
1192,85840,7479,28,1,19E5BC68,19E5BC68,True,7479,411907,411908,412078,17.521099,0.000000,28,True,False
1193,85912,7481,28,1,5DF2E860,5DF2E860,True,7481,412169,412170,412171,12.092100,0.000000,28,True,False
1194,85984,7482,28,1,304C11C7,304C11C7,True,7482,412190,412191,412192,18.232500,0.000000,28,True,False
1195,86056,2988,28,1,BF9583E1,BF9583E1,True,2988,193362,0,0,1.120350,0.000000,28,True,False
1196,86128,3204,28,1,C1705831,C1705831,True,3204,52294,52295,0,13.521100,0.000000,28,True,False
1197,86200,3205,28,1,49F2B69C,49F2B69C,True,3205,52343,52345,0,19.544100,0.000000,28,True,False
1198,86272,3206,28,1,0A193559,0A193559,True,3206,52377,52378,0,35.476601,0.000000,28,True,False
1199,86344,3207,28,1,670F7ED8,670F7ED8,True,3207,52422,64703,0,31.773300,0.000000,28,True,False
1200,86416,3208,28,1,321D5168,321D5168,True,3208,52552,64831,0,20.841200,0.000000,28,True,False
1201,86488,3209,28,1,FAF5336D,FAF5336D,True,3209,52513,64818,0,10.172800,0.000000,28,True,False
1202,86560,3210,28,1,1170F4AC,1170F4AC,True,3210,52517,65594,0,10.491000,0.000000,28,True,False
1203,86632,3211,28,1,E49877C9,E49877C9,True,3211,59275,59277,0,16.283199,0.000000,28,True,False
1204,86704,3212,28,1,FE0E6D0D,FE0E6D0D,True,3212,52544,65600,0,14.057800,0.000000,28,True,False
1205,86776,3213,28,1,36AFC70D,36AFC70D,True,3213,52555,0,0,28.126400,0.000000,28,True,False
1206,86848,3218,28,1,EBE399EF,EBE399EF,True,3218,185022,185023,0,4.123200,0.000000,28,True,False
1207,86920,3219,28,1,29BFF036,29BFF036,True,3219,185028,0,0,2.245160,0.000000,28,True,False
1208,86992,3220,28,1,7EBF1566,7EBF1566,True,3220,185029,0,0,2.241910,0.000000,28,True,False
1209,87064,3221,28,1,70022769,70022769,True,3221,185030,0,0,2.252720,0.000000,28,True,False
1210,87136,3222,28,1,3DDF5C51,3DDF5C51,True,3222,185031,0,0,2.246450,0.000000,28,True,False
1211,87208,3223,28,1,7605AA6F,7605AA6F,True,3223,185032,0,0,2.243380,0.000000,28,True,False
1212,87280,3225,28,1,89E41D89,89E41D89,True,3225,185033,0,0,2.249810,0.000000,28,True,False
1213,87352,3226,28,1,E46EDEA6,E46EDEA6,True,3226,185034,0,0,2.277290,0.000000,28,True,False
1214,87424,3238,28,1,BF373198,BF373198,True,3238,185501,0,0,0.998759,0.000000,28,True,False
1215,87496,3314,28,1,80BB18B7,80BB18B7,True,3314,190880,190881,0,47.458599,0.000000,28,True,False
1216,87568,3323,28,1,78D5A2F9,78D5A2F9,True,3323,191417,191418,0,33.151199,0.000000,28,True,False
1217,87640,3325,28,1,86577FE1,86577FE1,True,3325,191438,191439,0,30.495899,0.000000,28,True,False
1218,87712,3327,28,1,4FE77732,4FE77732,True,3327,191462,191463,0,14.696900,0.000000,28,True,False
1219,87784,3335,28,1,1CE3825E,1CE3825E,True,3335,191557,191558,0,9.720130,0.000000,28,True,False
1220,87856,3339,28,1,E234F64F,E234F64F,True,3339,191623,191624,0,9.720130,0.000000,28,True,False
1221,87928,3341,28,1,9D5E2F65,9D5E2F65,True,3341,191644,191645,0,9.699540,0.000000,28,True,False
1222,88000,3351,28,1,7E9AB5B8,7E9AB5B8,True,3351,191703,191704,0,9.720130,0.000000,28,True,False
1223,88072,3400,28,1,7E5B75A8,7E5B75A8,True,3400,202233,202234,0,50.000000,0.000000,28,True,False
1224,88144,3569,28,1,84B9D995,84B9D995,True,3569,64862,64863,0,7.651440,0.000000,28,True,False
1225,88216,3713,28,1,5188A4F1,5188A4F1,True,3713,64553,64554,0,5.866860,0.000000,28,True,False
1226,88288,3714,28,1,7B0332F0,7B0332F0,True,3714,64467,591566,0,12.874800,0.000000,28,True,False
1227,88360,3715,28,1,B9FBD586,B9FBD586,True,3715,64531,64556,0,10.547500,0.000000,28,True,False
1228,88432,3716,28,1,D3FCEBBC,D3FCEBBC,True,3716,64501,64502,0,120.000000,0.000000,28,True,False
1229,88504,3717,28,1,92599BD8,92599BD8,True,3717,64512,64513,0,10.772700,0.000000,28,True,False
1230,88576,3718,28,1,0B07C3E9,0B07C3E9,True,3718,64495,64496,0,3.547040,0.000000,28,True,False
1231,88648,4030,28,1,571A04F7,571A04F7,True,4030,76707,76708,0,13.493500,0.000000,28,True,False
1232,88720,4054,28,1,71AE75C0,71AE75C0,True,4054,218524,218585,464585,19.884800,0.000000,28,True,False
1233,88792,4057,28,1,79E7AC62,79E7AC62,True,4057,218757,218758,0,21.257401,0.000000,28,True,False
1234,88864,4341,28,1,9D2A3C6E,9D2A3C6E,True,4341,168082,168083,0,33.342400,0.000000,28,True,False
1235,88936,4412,28,1,C294F1BE,C294F1BE,True,4412,168133,168134,0,8.270750,0.000000,28,True,False
1236,89008,4414,28,1,67630A33,67630A33,True,4414,168157,168158,0,7.704870,0.000000,28,True,False
1237,89080,4416,28,1,748E2763,748E2763,True,4416,168181,0,0,1.420040,0.000000,28,True,False
1238,89152,4356,28,1,8677AF36,8677AF36,True,4356,292167,0,0,0.950645,0.000000,28,True,False
1239,89224,4357,28,1,724A4FBA,724A4FBA,True,4357,292169,0,0,1.090340,0.000000,28,True,False
1240,89296,4358,28,1,1992D6C2,1992D6C2,True,4358,292173,0,0,1.090340,0.000000,28,True,False
1241,89368,4359,28,1,46763465,46763465,True,4359,292175,0,0,0.484729,0.000000,28,True,False
1242,89440,4360,28,1,528B3E0D,528B3E0D,True,4360,292177,0,0,0.484729,0.000000,28,True,False
1243,89512,4361,28,1,0A3D90A8,0A3D90A8,True,4361,292179,0,0,0.865875,0.000000,28,True,False
1244,89584,4362,28,1,62886CE7,62886CE7,True,4362,292181,0,0,0.495844,0.000000,28,True,False
1245,89656,4363,28,1,6032808D,6032808D,True,4363,292183,0,0,0.653789,0.000000,28,True,False
1246,89728,4364,28,1,5008BA46,5008BA46,True,4364,292185,0,0,0.502437,0.000000,28,True,False
1247,89800,4376,28,1,227981C3,227981C3,True,4376,292187,0,0,0.768779,0.000000,28,True,False
1248,89872,4377,28,1,F6638922,F6638922,True,4377,292189,0,0,1.184820,0.000000,28,True,False
1249,89944,4637,28,1,A287E1E4,A287E1E4,True,4637,223494,0,0,1.017710,0.000000,28,True,False
1250,90016,4644,28,1,E3CE115A,E3CE115A,True,4644,223519,0,0,1.629780,0.000000,28,True,False
1251,90088,4646,28,1,CA07557E,CA07557E,True,4646,223534,0,0,1.483010,0.000000,28,True,False
1252,90160,4648,28,1,CF5B3FB3,CF5B3FB3,True,4648,223549,0,0,1.629780,0.000000,28,True,False
1253,90232,4656,28,1,6715BDCC,6715BDCC,True,4656,223739,0,0,0.379361,0.000000,28,True,False
1254,90304,4658,28,1,24224E34,24224E34,True,4658,223754,0,0,0.952453,0.000000,28,True,False
1255,90376,4660,28,1,0D8C82AB,0D8C82AB,True,4660,223769,0,0,1.236720,0.000000,28,True,False
1256,90448,4662,28,1,4AA5D0F5,4AA5D0F5,True,4662,223784,0,0,1.146360,0.000000,28,True,False
1257,90520,4674,28,1,9EACA525,9EACA525,True,4674,223802,0,0,1.124120,0.000000,28,True,False
1258,90592,4893,28,1,3F9145CE,3F9145CE,True,4893,223816,0,0,0.706992,0.000000,28,True,False
1259,90664,4900,28,1,8459623F,8459623F,True,4900,223831,0,0,0.595828,0.000000,28,True,False
1260,90736,4902,28,1,234BF84F,234BF84F,True,4902,223848,0,0,0.809592,0.000000,28,True,False
1261,90808,4904,28,1,FAD817CB,FAD817CB,True,4904,223863,0,0,1.629780,0.000000,28,True,False
1262,90880,4915,28,1,EFF2E159,EFF2E159,True,4915,223876,0,0,1.991320,0.000000,28,True,False
1263,90952,4917,28,1,487D76FC,487D76FC,True,4917,223891,0,0,1.616950,0.000000,28,True,False
1264,91024,4919,28,1,712355A7,712355A7,True,4919,223908,0,0,0.701869,0.000000,28,True,False
1265,91096,4920,28,1,72C1D87D,72C1D87D,True,4920,223799,0,0,1.243070,0.000000,28,True,False
1266,91168,6189,28,1,82E4C59A,82E4C59A,True,6189,266450,0,0,1.677050,0.000000,28,True,False
1267,91240,6193,28,1,5044A4DB,5044A4DB,True,6193,266861,0,0,1.677050,0.000000,28,True,False
1268,91312,6194,28,1,96FA7E20,96FA7E20,True,6194,266865,0,0,1.677050,0.000000,28,True,False
1269,91384,6202,28,1,CDFAC8ED,CDFAC8ED,True,6202,269529,0,0,2.121320,0.000000,28,True,False
1270,91456,330,28,1,42912010,42912010,True,330,275363,275365,0,45.887199,0.000000,28,True,False
1271,91528,409,28,1,EE02B445,EE02B445,True,409,186795,186796,0,5.781910,0.000000,28,True,False
1272,91600,437,28,1,D2B5E8B1,D2B5E8B1,True,437,275418,275421,0,60.819099,0.000000,28,True,False
1273,91672,444,28,1,94C1F1A3,94C1F1A3,True,444,275544,275546,0,94.081497,0.000000,28,True,False
1274,91744,448,28,1,E9776A92,E9776A92,True,448,275609,275610,0,102.000999,0.000000,28,True,False
1275,91816,583,28,1,5F55E1B9,5F55E1B9,True,583,131116,131117,0,101.455002,0.000000,28,True,False
1276,91888,609,28,1,2240C16C,2240C16C,True,609,136048,136049,0,45.940601,0.000000,28,True,False
1277,91960,618,28,1,F879007A,F879007A,True,618,132721,132722,0,86.322899,0.000000,28,True,False
1278,92032,623,28,1,05BAF043,05BAF043,True,623,131380,0,0,3.978920,0.000000,28,True,False
1279,92104,625,28,1,99E8A1DC,99E8A1DC,True,625,131436,131437,0,11.273800,0.000000,28,True,False
1280,92176,627,28,1,F7B32D79,F7B32D79,True,627,131463,131464,0,62.570400,0.000000,28,True,False
1281,92248,630,28,1,8580FC07,8580FC07,True,630,131495,131496,0,62.669701,0.000000,28,True,False
1282,92320,632,28,1,50B5DD6D,50B5DD6D,True,632,131525,131526,0,63.170898,0.000000,28,True,False
1283,92392,639,28,1,6FE8A286,6FE8A286,True,639,131556,131557,0,62.015301,0.000000,28,True,False
1284,92464,640,28,1,41B8F475,41B8F475,True,640,131586,131587,0,63.058899,0.000000,28,True,False
1285,92536,644,28,1,F61E579C,F61E579C,True,644,131705,131706,0,95.092300,0.000000,28,True,False
1286,92608,648,28,1,7E48CFD3,7E48CFD3,True,648,131623,131626,0,72.607399,0.000000,28,True,False
1287,92680,652,28,1,269F1D0B,269F1D0B,True,652,131653,131654,0,143.798004,0.000000,28,True,False
1288,92752,654,28,1,296D54D5,296D54D5,True,654,131670,131672,0,46.466999,0.000000,28,True,False
1289,92824,656,28,1,8A51C5F0,8A51C5F0,True,656,131688,131689,0,63.514599,0.000000,28,True,False
1290,92896,659,28,1,567409C4,567409C4,True,659,131729,131730,0,121.619003,0.000000,28,True,False
1291,92968,909,28,1,DD843308,DD843308,True,909,132148,132149,0,19.173300,0.000000,28,True,False
1292,93040,1080,28,1,ECC82EE9,ECC82EE9,True,1080,132168,132169,0,43.237499,0.000000,28,True,False
1293,93112,1112,28,1,4BD9A9F9,4BD9A9F9,True,1112,132199,132200,0,8.929410,0.000000,28,True,False
1294,93184,1143,28,1,635B2DA0,635B2DA0,True,1143,277328,277329,0,40.375401,0.000000,28,True,False
1295,93256,1382,28,1,258FC150,258FC150,True,1382,277451,277452,0,40.499001,0.000000,28,True,False
1296,93328,1386,28,1,13F32FE1,13F32FE1,True,1386,277499,277500,0,80.219498,0.000000,28,True,False
1297,93400,1638,28,1,FDDC8DF4,FDDC8DF4,True,1638,180305,0,0,0.559017,0.000000,28,True,False
1298,93472,1640,28,1,E9568E88,E9568E88,True,1640,180321,180322,0,2.498770,0.000000,28,True,False
1299,93544,1668,28,1,6B099584,6B099584,True,1668,322435,322436,0,2.498770,0.000000,28,True,False
1300,93616,1681,28,1,7AC46947,7AC46947,True,1681,322443,0,0,0.559017,0.000000,28,True,False
1301,93688,1722,28,1,BA21376A,BA21376A,True,1722,322423,322424,0,2.498770,0.000000,28,True,False
1302,93760,1723,28,1,C161C8F2,C161C8F2,True,1723,322431,0,0,0.559017,0.000000,28,True,False
1303,93832,1726,28,1,41BD832C,41BD832C,True,1726,322520,322521,0,4.236030,0.000000,28,True,False
1304,93904,1800,28,1,EB77D1CA,EB77D1CA,True,1800,132228,132229,0,63.412300,0.000000,28,True,False
1305,93976,2249,28,1,B4B87ABD,B4B87ABD,True,2249,278453,278454,0,104.863998,0.000000,28,True,False
1306,94048,2360,28,1,F2B7136C,F2B7136C,True,2360,278534,278535,0,72.014198,0.000000,28,True,False
1307,94120,2438,28,1,8876E1C8,8876E1C8,True,2438,132255,132341,0,4.446480,0.000000,28,True,False
1308,94192,3230,28,1,403B4F14,403B4F14,True,3230,185150,185161,0,10.787200,0.000000,28,True,False
1309,94264,3231,28,1,F9C2DA82,F9C2DA82,True,3231,185152,185169,0,10.787200,0.000000,28,True,False
1310,94336,3232,28,1,AA0055BC,AA0055BC,True,3232,185151,185165,0,10.787200,0.000000,28,True,False
1311,94408,3233,28,1,C03FD017,C03FD017,True,3233,185223,185224,0,10.787200,0.000000,28,True,False
1312,94480,3597,28,1,9B325F9D,9B325F9D,True,3597,284176,284181,0,88.420998,0.000000,28,True,False
1313,94552,3599,28,1,033CB597,033CB597,True,3599,284165,0,0,4.079520,0.000000,28,True,False
1314,94624,3600,28,1,5FB637B6,5FB637B6,True,3600,284178,0,0,4.079520,0.000000,28,True,False
1315,94696,3601,28,1,3CAB4025,3CAB4025,True,3601,284205,0,0,4.079520,0.000000,28,True,False
1316,94768,3606,28,1,5BA31558,5BA31558,True,3606,284225,0,0,4.079520,0.000000,28,True,False
1317,94840,3747,28,1,1B640D95,1B640D95,True,3747,156289,156291,0,2.551130,0.000000,28,True,False
1318,94912,3766,28,1,EF2CF033,EF2CF033,True,3766,334343,334347,0,2.498770,0.000000,28,True,False
1319,94984,3770,28,1,15BD8070,15BD8070,True,3770,334344,0,0,0.559017,0.000000,28,True,False
1320,95056,4168,28,1,7CCC1945,7CCC1945,True,4168,219655,0,0,3.246110,0.000000,28,True,False
1321,95128,4169,28,1,464C79C3,464C79C3,True,4169,219632,0,0,8.581480,0.000000,28,True,False
1322,95200,4260,28,1,ECEAA95C,ECEAA95C,True,4260,219635,0,0,6.363960,0.000000,28,True,False
1323,95272,4276,28,1,1F9683F4,1F9683F4,True,4276,219638,0,0,6.363960,0.000000,28,True,False
1324,95344,4283,28,1,F5259386,F5259386,True,4283,219641,0,0,6.363960,0.000000,28,True,False
1325,95416,4284,28,1,190F9BAD,190F9BAD,True,4284,219644,0,0,6.363960,0.000000,28,True,False
1326,95488,4293,28,1,5F65C582,5F65C582,True,4293,156318,156319,0,1.215250,0.000000,28,True,False
1327,95560,4295,28,1,26A889E6,26A889E6,True,4295,156333,0,0,0.928345,0.000000,28,True,False
1328,95632,4297,28,1,09CEB955,09CEB955,True,4297,156350,0,0,0.928345,0.000000,28,True,False
1329,95704,4299,28,1,E8818066,E8818066,True,4299,156371,0,0,0.928345,0.000000,28,True,False
1330,95776,4304,28,1,4C0A0849,4C0A0849,True,4304,156388,0,0,0.928345,0.000000,28,True,False
1331,95848,4307,28,1,CA9F65E9,CA9F65E9,True,4307,156478,0,0,0.928345,0.000000,28,True,False
1332,95920,4309,28,1,E9677572,E9677572,True,4309,156495,0,0,0.928345,0.000000,28,True,False
1333,95992,4312,28,1,200868BC,200868BC,True,4312,219618,0,0,8.581480,0.000000,28,True,False
1334,96064,4316,28,1,1B337A9D,1B337A9D,True,4316,156510,0,0,0.928345,0.000000,28,True,False
1335,96136,4325,28,1,EF060035,EF060035,True,4325,219623,0,0,8.581480,0.000000,28,True,False
1336,96208,4343,28,1,CD1CEC19,CD1CEC19,True,4343,219626,0,0,8.581480,0.000000,28,True,False
1337,96280,4347,28,1,F77CC7F2,F77CC7F2,True,4347,219629,0,0,8.581480,0.000000,28,True,False
1338,96352,4349,28,1,7ACE782B,7ACE782B,True,4349,219648,0,0,16.472300,0.000000,28,True,False
1339,96424,4350,28,1,A12BB303,A12BB303,True,4350,219650,0,0,16.472300,0.000000,28,True,False
1340,96496,4508,28,1,AFF5797C,AFF5797C,True,4508,296445,296446,0,124.941002,0.000000,28,True,False
1341,96568,4528,28,1,E24052FD,E24052FD,True,4528,221017,0,0,16.472300,0.000000,28,True,False
1342,96640,4537,28,1,37618B07,37618B07,True,4537,221019,0,0,16.472300,0.000000,28,True,False
1343,96712,4606,28,1,EE2A6D44,EE2A6D44,True,4606,221021,0,0,16.472300,0.000000,28,True,False
1344,96784,4608,28,1,16F7D19E,16F7D19E,True,4608,221023,0,0,16.472300,0.000000,28,True,False
1345,96856,4615,28,1,E79D8FDF,E79D8FDF,True,4615,221002,0,0,31.957899,0.000000,28,True,False
1346,96928,4616,28,1,DF23A313,DF23A313,True,4616,221005,0,0,31.957899,0.000000,28,True,False
1347,97000,4617,28,1,9BD3E6F5,9BD3E6F5,True,4617,221008,0,0,31.957899,0.000000,28,True,False
1348,97072,4618,28,1,A815D6A5,A815D6A5,True,4618,221015,0,0,31.957899,0.000000,28,True,False
1349,97144,4643,28,1,8FE291D0,8FE291D0,True,4643,135016,135017,0,8.840110,0.000000,28,True,False
1350,97216,4699,28,1,D2397A01,D2397A01,True,4699,297120,0,0,33.273800,0.000000,28,True,False
1351,97288,4752,28,1,DFD0B0BA,DFD0B0BA,True,4752,126740,126741,0,111.806000,0.000000,28,True,False
1352,97360,4753,28,1,E7746D53,E7746D53,True,4753,128762,128763,0,63.399300,0.000000,28,True,False
1353,97432,4755,28,1,A512DD03,A512DD03,True,4755,127427,127428,0,89.488403,0.000000,28,True,False
1354,97504,4757,28,1,B02A4521,B02A4521,True,4757,127561,127562,0,83.683800,0.000000,28,True,False
1355,97576,4759,28,1,41169B50,41169B50,True,4759,127603,127604,0,76.675400,0.000000,28,True,False
1356,97648,4762,28,1,AB4842D9,AB4842D9,True,4762,127723,127726,0,70.445801,0.000000,28,True,False
1357,97720,4764,28,1,DB52ED53,DB52ED53,True,4764,127759,127760,0,121.116997,0.000000,28,True,False
1358,97792,4766,28,1,0487A7A4,0487A7A4,True,4766,127797,127800,0,42.652100,0.000000,28,True,False
1359,97864,4768,28,1,039DDF59,039DDF59,True,4768,127856,127858,0,83.949600,0.000000,28,True,False
1360,97936,4770,28,1,A1BCF5B8,A1BCF5B8,True,4770,127908,127910,0,75.397697,0.000000,28,True,False
1361,98008,4772,28,1,5018A2FC,5018A2FC,True,4772,127957,127959,0,66.024399,0.000000,28,True,False
1362,98080,4774,28,1,148E52BE,148E52BE,True,4774,128816,128818,0,87.374397,0.000000,28,True,False
1363,98152,4776,28,1,6B6794D1,6B6794D1,True,4776,128849,128851,0,78.347397,0.000000,28,True,False
1364,98224,4778,28,1,3D2839D1,3D2839D1,True,4778,128078,128079,0,125.380997,0.000000,28,True,False
1365,98296,4780,28,1,48FEE186,48FEE186,True,4780,128877,128878,0,103.834999,0.000000,28,True,False
1366,98368,4782,28,1,C8ED7DCE,C8ED7DCE,True,4782,128145,128146,0,89.620697,0.000000,28,True,False
1367,98440,4784,28,1,D39729C7,D39729C7,True,4784,128752,128754,0,17.678301,0.000000,28,True,False
1368,98512,4786,28,1,809713EE,809713EE,True,4786,128915,128916,0,27.951300,0.000000,28,True,False
1369,98584,4788,28,1,C2EDC639,C2EDC639,True,4788,128932,128933,0,51.539001,0.000000,28,True,False
1370,98656,4790,28,1,3E483B00,3E483B00,True,4790,128949,128950,0,35.355701,0.000000,28,True,False
1371,98728,4792,28,1,91D35E13,91D35E13,True,4792,128966,128967,0,55.901901,0.000000,28,True,False
1372,98800,4794,28,1,E6E1AFB8,E6E1AFB8,True,4794,128983,128984,0,70.710800,0.000000,28,True,False
1373,98872,4796,28,1,68BCEF0B,68BCEF0B,True,4796,129001,129002,0,13.976200,0.000000,28,True,False
1374,98944,4798,28,1,45D5A490,45D5A490,True,4798,129020,129021,0,27.953699,0.000000,28,True,False
1375,99016,4800,28,1,EE03CBB5,EE03CBB5,True,4800,129043,129044,0,27.958401,0.000000,28,True,False
1376,99088,4802,28,1,02793B97,02793B97,True,4802,129063,129064,0,35.361301,0.000000,28,True,False
1377,99160,4804,28,1,478910D4,478910D4,True,4804,129085,129086,0,17.689600,0.000000,28,True,False
1378,99232,4806,28,1,2B13E5E7,2B13E5E7,True,4806,129104,129105,0,25.769800,0.000000,28,True,False
1379,99304,4808,28,1,D8B8491D,D8B8491D,True,4808,129123,129124,0,35.359600,0.000000,28,True,False
1380,99376,4810,28,1,071374C4,071374C4,True,4810,129143,129144,0,35.374100,0.000000,28,True,False
1381,99448,4814,28,1,64A35975,64A35975,True,4814,129184,129185,0,28.990601,0.000000,28,True,False
1382,99520,4816,28,1,4FBF2D2F,4FBF2D2F,True,4816,129210,129211,0,18.796400,0.000000,28,True,False
1383,99592,4818,28,1,9C39ED06,9C39ED06,True,4818,129232,129233,0,22.418900,0.000000,28,True,False
1384,99664,4820,28,1,9B87A717,9B87A717,True,4820,129256,129257,0,23.788799,0.000000,28,True,False
1385,99736,4822,28,1,B277F6D9,B277F6D9,True,4822,129281,129282,0,82.949303,0.000000,28,True,False
1386,99808,4824,28,1,CF44800C,CF44800C,True,4824,129311,129312,0,95.823097,0.000000,28,True,False
1387,99880,4826,28,1,E7F07E9A,E7F07E9A,True,4826,129338,129339,0,32.199001,0.000000,28,True,False
1388,99952,4829,28,1,BAE76A9B,BAE76A9B,True,4829,129375,129376,0,69.260300,0.000000,28,True,False
1389,100024,4831,28,1,0BD3D1EB,0BD3D1EB,True,4831,129408,129409,0,149.936996,0.000000,28,True,False
1390,100096,4835,28,1,0574A379,0574A379,True,4835,132275,132276,0,57.701500,0.000000,28,True,False
1391,100168,4839,28,1,AE621585,AE621585,True,4839,132428,132440,0,135.373993,0.000000,28,True,False
1392,100240,4841,28,1,303464C4,303464C4,True,4841,132518,132520,0,12.697800,0.000000,28,True,False
1393,100312,4843,28,1,25F598B1,25F598B1,True,4843,132551,132552,0,130.421997,0.000000,28,True,False
1394,100384,4845,28,1,3601068F,3601068F,True,4845,132593,132594,0,145.901993,0.000000,28,True,False
1395,100456,4847,28,1,5690D87B,5690D87B,True,4847,132642,132643,0,112.961998,0.000000,28,True,False
1396,100528,4849,28,1,2FF40C9B,2FF40C9B,True,4849,132683,0,0,5.213400,0.000000,28,True,False
1397,100600,4851,28,1,F8F118A2,F8F118A2,True,4851,132755,132756,0,19.497101,0.000000,28,True,False
1398,100672,4853,28,1,F92458DC,F92458DC,True,4853,132780,132781,0,256.667999,0.000000,28,True,False
1399,100744,4855,28,1,C551AB9D,C551AB9D,True,4855,132870,132871,0,51.886101,0.000000,28,True,False
1400,100816,4857,28,1,3AD20629,3AD20629,True,4857,132890,132891,0,51.886101,0.000000,28,True,False
1401,100888,4859,28,1,5DFE7641,5DFE7641,True,4859,132910,132912,0,80.055199,0.000000,28,True,False
1402,100960,4861,28,1,144DF36F,144DF36F,True,4861,132936,132938,0,28.372801,0.000000,28,True,False
1403,101032,4863,28,1,E9ED5F80,E9ED5F80,True,4863,132995,132997,0,28.690800,0.000000,28,True,False
1404,101104,4865,28,1,02A2D657,02A2D657,True,4865,133020,133021,0,17.956100,0.000000,28,True,False
1405,101176,4867,28,1,58DF154A,58DF154A,True,4867,133047,133048,0,27.953699,0.000000,28,True,False
1406,101248,4869,28,1,C6F053D2,C6F053D2,True,4869,133072,133074,0,36.173500,0.000000,28,True,False
1407,101320,4871,28,1,D51667F2,D51667F2,True,4871,133101,133102,0,18.051800,0.000000,28,True,False
1408,101392,4873,28,1,C246ED76,C246ED76,True,4873,133127,133128,0,28.189699,0.000000,28,True,False
1409,101464,4875,28,1,8043B7A3,8043B7A3,True,4875,133148,133150,0,28.188200,0.000000,28,True,False
1410,101536,4877,28,1,56F8824B,56F8824B,True,4877,133172,133173,0,56.567001,0.000000,28,True,False
1411,101608,4880,28,1,03FFEE42,03FFEE42,True,4880,133221,133222,0,176.604004,0.000000,28,True,False
1412,101680,4882,28,1,36251AD3,36251AD3,True,4882,133267,133268,0,176.328995,0.000000,28,True,False
1413,101752,4898,28,1,879C8FCF,879C8FCF,True,4898,136991,136993,0,7.855960,0.000000,28,True,False
1414,101824,4908,28,1,6DCE225F,6DCE225F,True,4908,297170,297171,0,7.883060,0.000000,28,True,False
1415,101896,4924,28,1,7A668AA4,7A668AA4,True,4924,134423,0,0,51.045502,0.000000,28,True,False
1416,101968,4951,28,1,7C8DD50E,7C8DD50E,True,4951,135094,0,0,32.296799,0.000000,28,True,False
1417,102040,4966,28,1,25517247,25517247,True,4966,135235,0,0,32.296799,0.000000,28,True,False
1418,102112,4970,28,1,CD41EE1A,CD41EE1A,True,4970,135152,0,0,32.296799,0.000000,28,True,False
1419,102184,4972,28,1,27A2C531,27A2C531,True,4972,135391,135392,0,93.762802,0.000000,28,True,False
1420,102256,4974,28,1,93F5384E,93F5384E,True,4974,135247,0,0,32.296799,0.000000,28,True,False
1421,102328,4975,28,1,3013D08A,3013D08A,True,4975,135250,0,0,32.281601,0.000000,28,True,False
1422,102400,4976,28,1,8D772C82,8D772C82,True,4976,135359,0,0,32.281601,0.000000,28,True,False
1423,102472,4977,28,1,E0AA4060,E0AA4060,True,4977,135520,0,0,32.281601,0.000000,28,True,False
1424,102544,4978,28,1,92760FAB,92760FAB,True,4978,135363,0,0,32.281601,0.000000,28,True,False
1425,102616,4980,28,1,A11B2BD4,A11B2BD4,True,4980,135545,0,0,51.045502,0.000000,28,True,False
1426,102688,4983,28,1,FFBD4E31,FFBD4E31,True,4983,135778,135779,0,211.175003,0.000000,28,True,False
1427,102760,4994,28,1,EE37EBC3,EE37EBC3,True,4994,136423,136424,0,174.985992,0.000000,28,True,False
1428,102832,4996,28,1,3E63B8C3,3E63B8C3,True,4996,137178,137179,0,8.066430,0.000000,28,True,False
1429,102904,4998,28,1,B450AA45,B450AA45,True,4998,137017,137019,0,8.066430,0.000000,28,True,False
1430,102976,5003,28,1,3E3A3F86,3E3A3F86,True,5003,137043,137044,0,8.066430,0.000000,28,True,False
1431,103048,5006,28,1,57FFAE1B,57FFAE1B,True,5006,137071,137072,0,8.066430,0.000000,28,True,False
1432,103120,5091,28,1,E6219CC2,E6219CC2,True,5091,141388,141389,0,31.594101,0.000000,28,True,False
1433,103192,5131,28,1,19CE860D,19CE860D,True,5131,142536,142537,0,25.806200,0.000000,28,True,False
1434,103264,5136,28,1,51685B90,51685B90,True,5136,142839,142840,0,7.941710,0.000000,28,True,False
1435,103336,5138,28,1,A3A2836A,A3A2836A,True,5138,142860,142861,0,9.199730,0.000000,28,True,False
1436,103408,5220,28,1,6B8E059C,6B8E059C,True,5220,146726,0,0,99.245796,0.000000,28,True,False
1437,103480,5222,28,1,148031C5,148031C5,True,5222,146800,0,0,16.472300,0.000000,28,True,False
1438,103552,5224,28,1,54117D87,54117D87,True,5224,146813,0,0,2.862610,0.000000,28,True,False
1439,103624,5226,28,1,3970F0F0,3970F0F0,True,5226,146826,0,0,3.246110,0.000000,28,True,False
1440,103696,5228,28,1,5EA02F84,5EA02F84,True,5228,146839,0,0,5.729720,0.000000,28,True,False
1441,103768,5230,28,1,F9739EC0,F9739EC0,True,5230,146852,0,0,4.973750,0.000000,28,True,False
1442,103840,5232,28,1,C81EC83C,C81EC83C,True,5232,146865,0,0,6.363960,0.000000,28,True,False
1443,103912,5234,28,1,9903D61F,9903D61F,True,5234,146878,0,0,8.855620,0.000000,28,True,False
1444,103984,5237,28,1,0C95BD42,0C95BD42,True,5237,146926,0,0,8.581480,0.000000,28,True,False
1445,104056,5239,28,1,D2AAF183,D2AAF183,True,5239,146940,0,0,9.568630,0.000000,28,True,False
1446,104128,5241,28,1,A588248E,A588248E,True,5241,146953,0,0,12.080400,0.000000,28,True,False
1447,104200,5243,28,1,3B0F826F,3B0F826F,True,5243,146967,0,0,14.360100,0.000000,28,True,False
1448,104272,5245,28,1,0226577B,0226577B,True,5245,146980,0,0,17.698400,0.000000,28,True,False
1449,104344,5269,28,1,43376466,43376466,True,5269,297726,0,0,17.677700,0.000000,28,True,False
1450,104416,5283,28,1,42F77793,42F77793,True,5283,148520,0,0,10.306100,0.000000,28,True,False
1451,104488,5322,28,1,085DB265,085DB265,True,5322,298024,0,0,21.979500,0.000000,28,True,False
1452,104560,5341,28,1,BA50F391,BA50F391,True,5341,298331,0,0,23.036600,0.000000,28,True,False
1453,104632,5414,28,1,950108D7,950108D7,True,5414,156725,0,0,1.986700,0.000000,28,True,False
1454,104704,5416,28,1,7400DDC9,7400DDC9,True,5416,156754,0,0,1.986700,0.000000,28,True,False
1455,104776,5418,28,1,AEC80F9C,AEC80F9C,True,5418,156769,0,0,1.986700,0.000000,28,True,False
1456,104848,5420,28,1,C9446F3C,C9446F3C,True,5420,156783,0,0,1.986700,0.000000,28,True,False
1457,104920,5422,28,1,6C7F2634,6C7F2634,True,5422,156797,0,0,1.986700,0.000000,28,True,False
1458,104992,5424,28,1,25D6CD8A,25D6CD8A,True,5424,156811,0,0,1.986700,0.000000,28,True,False
1459,105064,5426,28,1,FDF23507,FDF23507,True,5426,156827,156828,0,1.564730,0.000000,28,True,False
1460,105136,5434,28,1,8E6F89E9,8E6F89E9,True,5434,157035,157036,0,4.123200,0.000000,28,True,False
1461,105208,5436,28,1,1C13AE13,1C13AE13,True,5436,157055,0,0,2.238180,0.000000,28,True,False
1462,105280,5442,28,1,34A20EC9,34A20EC9,True,5442,337425,0,0,18.131300,0.000000,28,True,False
1463,105352,5781,28,1,6EDCC107,6EDCC107,True,5781,173908,173911,0,4.688120,0.000000,28,True,False
1464,105424,5784,28,1,B53F9102,B53F9102,True,5784,173973,173974,0,4.688120,0.000000,28,True,False
1465,105496,5785,28,1,E1CE617B,E1CE617B,True,5785,173978,173979,0,4.688120,0.000000,28,True,False
1466,105568,6043,28,1,F791007B,F791007B,True,6043,298653,0,0,48.004902,0.000000,28,True,False
1467,105640,6144,28,1,0028A927,0028A927,True,6144,258418,0,0,2.498770,0.000000,28,True,False
1468,105712,6145,28,1,10B54B2C,10B54B2C,True,6145,258430,0,0,0.559017,0.000000,28,True,False
1469,105784,6409,28,1,F22F96FB,F22F96FB,True,6409,309284,309286,0,24.917801,0.000000,28,True,False
1470,105856,6414,28,1,8BCD7BAA,8BCD7BAA,True,6414,309259,309261,0,10.200300,0.000000,28,True,False
1471,105928,1391,28,1,F4DD5D4E,F4DD5D4E,True,1391,277737,277738,0,50.000000,0.000000,28,True,False
1472,106000,1396,28,1,AC26B087,AC26B087,True,1396,277804,277812,0,80.000000,0.000000,28,True,False
1473,106072,1421,28,1,4FE24884,4FE24884,True,1421,320786,0,0,50.000000,0.000000,28,True,False
1474,106144,3650,28,1,27F9722A,27F9722A,True,3650,209436,209437,0,80.000000,0.000000,28,True,False
1475,106216,3743,28,1,8A230B6B,8A230B6B,True,3743,143570,143571,0,50.000000,0.000000,28,True,False
1476,106288,5114,28,1,8333CD00,8333CD00,True,5114,141921,141922,0,80.000000,0.000000,28,True,False
1477,106360,5115,28,1,E2AED29C,E2AED29C,True,5115,141998,141999,0,80.000000,0.000000,28,True,False
1478,106432,5116,28,1,57191BEC,57191BEC,True,5116,142147,142148,0,50.000000,0.000000,28,True,False
1479,106504,5118,28,1,FDEDCAE2,FDEDCAE2,True,5118,142168,142169,0,90.000000,0.000000,28,True,False
1480,106576,5119,28,1,4EFF06E7,4EFF06E7,True,5119,142101,0,0,50.000000,0.000000,28,True,False
1481,106648,5120,28,1,6F52802F,6F52802F,True,5120,142195,142196,0,50.000000,0.000000,28,True,False
1482,106720,5121,28,1,6FDA02B2,6FDA02B2,True,5121,142219,142220,0,50.000000,0.000000,28,True,False
1483,106792,5122,28,1,813DA8BA,813DA8BA,True,5122,142232,142233,0,50.000000,0.000000,28,True,False
1484,106864,5123,28,1,80C70A47,80C70A47,True,5123,142246,142247,0,50.000000,0.000000,28,True,False
1485,106936,5126,28,1,91474874,91474874,True,5126,142480,142481,0,2.415900,0.000000,28,True,False
1486,107008,5127,28,1,63D49748,63D49748,True,5127,142475,142476,0,0.609717,0.000000,28,True,False
1487,107080,5129,28,1,EEA75BFF,EEA75BFF,True,5129,142508,142509,0,50.000000,0.000000,28,True,False
1488,107152,5151,28,1,19FC89FB,19FC89FB,True,5151,143209,143210,0,50.000000,0.000000,28,True,False
1489,107224,6480,28,1,97A36D81,97A36D81,True,6480,344976,344977,0,50.000000,0.000000,28,True,False
1490,107296,6481,28,1,86ECF2BC,86ECF2BC,True,6481,345044,345045,0,80.000000,0.000000,28,True,False
1491,107368,6482,28,1,4D4A4B84,4D4A4B84,True,6482,345073,345074,0,50.000000,0.000000,28,True,False
1492,107440,6483,28,1,37F46D1B,37F46D1B,True,6483,345092,345093,0,50.000000,0.000000,28,True,False
1493,107512,6484,28,1,69EA9BCF,69EA9BCF,True,6484,345068,0,0,50.000000,0.000000,28,True,False
1494,107584,6532,28,1,CDAAF6F4,CDAAF6F4,True,6532,347878,347879,0,50.000000,0.000000,28,True,False
1495,107656,6533,28,1,43D60211,43D60211,True,6533,347854,347855,0,80.000000,0.000000,28,True,False
1496,107728,6534,28,1,8AABD2D8,8AABD2D8,True,6534,591182,591183,0,30.000000,0.000000,28,True,False
1497,107800,6535,28,1,6E040913,6E040913,True,6535,515234,515235,0,30.000000,0.000000,28,True,False
1498,107872,6536,28,1,C6CDD407,C6CDD407,True,6536,347968,0,0,50.000000,0.000000,28,True,False
1499,107944,7605,28,1,0475207B,0475207B,True,7605,419383,419384,419385,4.783600,0.000000,28,True,False
1500,108016,7606,28,1,828D130E,828D130E,True,7606,419395,419396,419397,12.839400,0.000000,28,True,False
1501,108088,7607,28,1,B44EBB1C,B44EBB1C,True,7607,419428,419429,419430,4.135900,0.000000,28,True,False
1502,108160,7608,28,1,42467036,42467036,True,7608,419362,419363,0,80.000000,0.000000,28,True,False
1503,108232,7611,28,1,BAE386FE,BAE386FE,True,7611,419478,0,0,1.913770,0.000000,28,True,False
1504,108304,7612,28,1,15850436,15850436,True,7612,419481,0,0,2.023400,0.000000,28,True,False
1505,108376,5755,28,1,C0F41704,C0F41704,True,5755,171899,171902,0,41.186699,0.000000,28,True,False
1506,108448,5776,28,1,2DD827F9,2DD827F9,True,5776,173763,0,0,0.659697,0.000000,28,True,False
1507,108520,6204,28,1,0D1119EC,0D1119EC,True,6204,269591,0,0,40.000000,0.000000,28,True,False
1508,108592,2338,28,1,151E9FE1,151E9FE1,True,2338,333342,333343,0,20.097300,0.000000,28,True,False
1509,108664,2796,28,1,4DAD23DB,4DAD23DB,True,2796,333465,333466,0,7.679730,0.000000,28,True,False
1510,108736,2798,28,1,40A79CAB,40A79CAB,True,2798,333494,333495,0,6.150280,0.000000,28,True,False
1511,108808,2800,28,1,120730FA,120730FA,True,2800,333523,333524,0,6.992660,0.000000,28,True,False
1512,108880,3159,28,1,12179BCF,12179BCF,True,3159,333827,333828,0,5.030750,0.000000,28,True,False
1513,108952,3191,28,1,940C6472,940C6472,True,3191,333977,333978,0,11.187700,0.000000,28,True,False
1514,109024,3763,28,1,B27B098E,B27B098E,True,3763,334011,334012,0,3.437470,0.000000,28,True,False
1515,109096,3765,28,1,AE2B81F2,AE2B81F2,True,3765,334026,334027,0,2.816240,0.000000,28,True,False
1516,109168,6375,28,1,B10215E7,B10215E7,True,6375,307918,307919,0,7.479100,0.000000,28,True,False
1517,109240,6376,28,1,451424A9,451424A9,True,6376,308045,308047,0,20.311100,0.000000,28,True,False
1518,109312,6377,28,1,CE02B36F,CE02B36F,True,6377,308114,308115,0,12.807100,0.000000,28,True,False
1519,109384,6378,28,1,5C879C53,5C879C53,True,6378,308141,308142,0,9.358520,0.000000,28,True,False
1520,109456,6379,28,1,DA5A88C7,DA5A88C7,True,6379,308166,308169,0,9.045960,0.000000,28,True,False
1521,109528,6380,28,1,F661FC61,F661FC61,True,6380,308221,308222,0,12.670700,0.000000,28,True,False
1522,109600,6381,28,1,C77A2C2A,C77A2C2A,True,6381,308241,308242,0,1.848050,0.000000,28,True,False
1523,109672,6382,28,1,A33E4ACC,A33E4ACC,True,6382,308254,308255,0,12.756900,0.000000,28,True,False
1524,109744,6384,28,1,E9FF5BB7,E9FF5BB7,True,6384,308491,308492,0,4.881510,0.000000,28,True,False
1525,109816,6386,28,1,C3B63586,C3B63586,True,6386,308534,308535,0,2.924910,0.000000,28,True,False
1526,109888,6388,28,1,2BC8C8FB,2BC8C8FB,True,6388,308576,308577,0,3.920510,0.000000,28,True,False
1527,109960,6390,28,1,395C4091,395C4091,True,6390,308602,308603,0,12.546700,0.000000,28,True,False
1528,110032,6392,28,1,8F5C9357,8F5C9357,True,6392,308642,308643,0,2.974440,0.000000,28,True,False
1529,110104,6394,28,1,FAC3D6DA,FAC3D6DA,True,6394,308667,308668,0,2.805740,0.000000,28,True,False
1530,110176,6397,28,1,D1A6D077,D1A6D077,True,6397,308855,308856,0,1.683760,0.000000,28,True,False
1531,110248,6399,28,1,02A1432C,02A1432C,True,6399,308858,0,0,6.190150,0.000000,28,True,False
1532,110320,6401,28,1,EF0DF608,EF0DF608,True,6401,308999,309010,0,0.672916,0.000000,28,True,False
1533,110392,6403,28,1,541C6EE3,541C6EE3,True,6403,309048,309049,0,3.504170,0.000000,28,True,False
1534,110464,6405,28,1,476A4561,476A4561,True,6405,309069,309070,0,1.466870,0.000000,28,True,False
1535,110536,6407,28,1,FD3C4DFF,FD3C4DFF,True,6407,309094,309095,0,4.252920,0.000000,28,True,False
1536,110608,6411,28,1,9599509A,9599509A,True,6411,309210,309211,0,3.982090,0.000000,28,True,False
1537,110680,6420,28,1,BAAF6352,BAAF6352,True,6420,310565,0,0,4.056910,0.000000,28,True,False
1538,110752,6421,28,1,952C6076,952C6076,True,6421,310601,0,0,3.672230,0.000000,28,True,False
1539,110824,6422,28,1,5E21201D,5E21201D,True,6422,310580,0,0,4.838900,0.000000,28,True,False
1540,110896,6478,28,1,7F0FB5A7,7F0FB5A7,True,6478,345217,345218,0,10.498300,0.000000,28,True,False
1541,110968,6485,28,1,03776250,03776250,True,6485,344999,345000,0,49.065300,0.000000,28,True,False
1542,111040,6486,28,1,63F0BC81,63F0BC81,True,6486,345583,0,0,16.843901,0.000000,28,True,False
1543,111112,6504,28,1,5610FB0E,5610FB0E,True,6504,346639,346640,0,60.000000,0.000000,28,True,False
1544,111184,6517,28,1,4BE90264,4BE90264,True,6517,347386,347387,0,47.458599,0.000000,28,True,False
1545,111256,6520,28,1,1EAA76F6,1EAA76F6,True,6520,347707,347708,0,33.151199,0.000000,28,True,False
1546,111328,6529,28,1,41B9A147,41B9A147,True,6529,347486,347487,0,56.583599,0.000000,28,True,False
1547,111400,6530,28,1,6058C189,6058C189,True,6530,347897,347898,0,75.030899,0.000000,28,True,False
1548,111472,6531,28,1,9C7A681D,9C7A681D,True,6531,347937,347938,0,48.946201,0.000000,28,True,False
1549,111544,6612,28,1,8DEE2C38,8DEE2C38,True,6612,353595,353598,0,91.322998,0.000000,28,True,False
1550,111616,6617,28,1,75B21014,75B21014,True,6617,353835,353899,0,50.000000,0.000000,28,True,False
1551,111688,6618,28,1,ED372FA9,ED372FA9,True,6618,353834,353884,0,50.000000,0.000000,28,True,False
1552,111760,6619,28,1,313DEBFF,313DEBFF,True,6619,353833,353869,0,50.000000,0.000000,28,True,False
1553,111832,6620,28,1,9A978020,9A978020,True,6620,353832,353850,0,50.000000,0.000000,28,True,False
1554,111904,6622,28,1,2F95AC8D,2F95AC8D,True,6622,353844,353972,0,50.000000,0.000000,28,True,False
1555,111976,6624,28,1,1C3F9822,1C3F9822,True,6624,354198,354199,0,6.899150,0.000000,28,True,False
1556,112048,6626,28,1,C86EC349,C86EC349,True,6626,354235,354236,0,16.435200,0.000000,28,True,False
1557,112120,6628,28,1,263B6CAB,263B6CAB,True,6628,354419,354420,0,3.103230,0.000000,28,True,False
1558,112192,2084,28,1,3E4B766B,3E4B766B,True,2084,360268,0,0,6.742290,0.000000,28,True,False
1559,112264,3653,28,1,2791AD8E,2791AD8E,True,3653,360290,0,0,7.203090,0.000000,28,True,False
1560,112336,6646,28,1,C56D0E85,C56D0E85,True,6646,355260,355261,0,5.345590,0.000000,28,True,False
1561,112408,6647,28,1,35AB16B7,35AB16B7,True,6647,355272,355280,0,5.329170,0.000000,28,True,False
1562,112480,6648,28,1,CEA77AB2,CEA77AB2,True,6648,355273,355285,0,5.193030,0.000000,28,True,False
1563,112552,6649,28,1,6366FA5D,6366FA5D,True,6649,355274,355295,0,5.207500,0.000000,28,True,False
1564,112624,6650,28,1,EC05E5A7,EC05E5A7,True,6650,355275,355301,0,5.028410,0.000000,28,True,False
1565,112696,6651,28,1,5377C590,5377C590,True,6651,355276,355307,0,7.292720,0.000000,28,True,False
1566,112768,6652,28,1,908FDFC3,908FDFC3,True,6652,355277,355310,0,5.823930,0.000000,28,True,False
1567,112840,6653,28,1,7EF780ED,7EF780ED,True,6653,355278,355316,0,5.823930,0.000000,28,True,False
1568,112912,6654,28,1,99425EA0,99425EA0,True,6654,355279,356630,0,6.763600,0.000000,28,True,False
1569,112984,6689,28,1,9E35FE2E,9E35FE2E,True,6689,355491,355571,0,13.278000,0.000000,28,True,False
1570,113056,6690,28,1,2C5241C1,2C5241C1,True,6690,355492,355753,0,13.386600,0.000000,28,True,False
1571,113128,6691,28,1,FE784B3A,FE784B3A,True,6691,355493,355590,0,11.299500,0.000000,28,True,False
1572,113200,6692,28,1,F8F68FC6,F8F68FC6,True,6692,355494,355594,0,11.571500,0.000000,28,True,False
1573,113272,6693,28,1,6BEEF88D,6BEEF88D,True,6693,355495,355603,0,8.648140,0.000000,28,True,False
1574,113344,6694,28,1,D6D0FB1D,D6D0FB1D,True,6694,355496,355742,0,12.118600,0.000000,28,True,False
1575,113416,6695,28,1,43F09D1D,43F09D1D,True,6695,355497,355622,0,3.338330,0.000000,28,True,False
1576,113488,6696,28,1,46117EAC,46117EAC,True,6696,355498,355627,0,7.496540,0.000000,28,True,False
1577,113560,6697,28,1,01FAF741,01FAF741,True,6697,355499,355645,0,9.796140,0.000000,28,True,False
1578,113632,6698,28,1,A513AB47,A513AB47,True,6698,355500,355655,0,7.291380,0.000000,28,True,False
1579,113704,6699,28,1,F6360237,F6360237,True,6699,355501,355663,0,3.338330,0.000000,28,True,False
1580,113776,6700,28,1,A01F0B4D,A01F0B4D,True,6700,355502,355667,0,5.628580,0.000000,28,True,False
1581,113848,6701,28,1,9DC7FB80,9DC7FB80,True,6701,355503,355671,0,10.419100,0.000000,28,True,False
1582,113920,6702,28,1,2B9EF1DE,2B9EF1DE,True,6702,355504,355706,0,11.043100,0.000000,28,True,False
1583,113992,6703,28,1,AD6BCA24,AD6BCA24,True,6703,355505,355715,0,14.709000,0.000000,28,True,False
1584,114064,6704,28,1,51441699,51441699,True,6704,355506,355724,0,6.377390,0.000000,28,True,False
1585,114136,6705,28,1,51A4FF34,51A4FF34,True,6705,355507,355730,0,10.190400,0.000000,28,True,False
1586,114208,6706,28,1,E9E7E586,E9E7E586,True,6706,355481,355515,0,3.732810,0.000000,28,True,False
1587,114280,6707,28,1,D265FD83,D265FD83,True,6707,355482,355519,0,25.326000,0.000000,28,True,False
1588,114352,6708,28,1,4546F0BA,4546F0BA,True,6708,355483,0,0,24.942400,0.000000,28,True,False
1589,114424,6709,28,1,5E72A7DF,5E72A7DF,True,6709,355484,0,0,9.416820,0.000000,28,True,False
1590,114496,6710,28,1,4426A28E,4426A28E,True,6710,355486,355536,0,1.618660,0.000000,28,True,False
1591,114568,6711,28,1,64B8E05F,64B8E05F,True,6711,355487,355543,0,1.420730,0.000000,28,True,False
1592,114640,6712,28,1,CDEA2092,CDEA2092,True,6712,355488,355545,0,2.765760,0.000000,28,True,False
1593,114712,6713,28,1,87B4CE24,87B4CE24,True,6713,355489,355547,0,2.765760,0.000000,28,True,False
1594,114784,6714,28,1,258B205A,258B205A,True,6714,355490,355549,0,180.000000,0.000000,28,True,False
1595,114856,6715,28,1,4C594305,4C594305,True,6715,355485,355527,0,3.803540,0.000000,28,True,False
1596,114928,6716,28,1,89FB8283,89FB8283,True,6716,355508,355855,0,120.000000,0.000000,28,True,False
1597,115000,6717,28,1,60D7F61E,60D7F61E,True,6717,355509,355859,0,11.655400,0.000000,28,True,False
1598,115072,6718,28,1,F07379F3,F07379F3,True,6718,355510,355862,0,8.358800,0.000000,28,True,False
1599,115144,6719,28,1,7871C02B,7871C02B,True,6719,355511,355865,0,8.965020,0.000000,28,True,False
1600,115216,6720,28,1,F9D73576,F9D73576,True,6720,355512,355868,0,8.965020,0.000000,28,True,False
1601,115288,6721,28,1,D00AEEC0,D00AEEC0,True,6721,355513,355871,0,12.056000,0.000000,28,True,False
1602,115360,6722,28,1,A98FE5C6,A98FE5C6,True,6722,355514,355874,0,11.792000,0.000000,28,True,False
1603,115432,6739,28,1,055C5A02,055C5A02,True,6739,356327,500530,0,120.000000,0.000000,28,True,False
1604,115504,6740,28,1,889C9EE8,889C9EE8,True,6740,356328,356381,0,4.732400,0.000000,28,True,False
1605,115576,6741,28,1,CE63E2E0,CE63E2E0,True,6741,356384,356385,0,4.242690,0.000000,28,True,False
1606,115648,6742,28,1,377CA0CE,377CA0CE,True,6742,356330,356388,0,7.695160,0.000000,28,True,False
1607,115720,6743,28,1,F580AEA1,F580AEA1,True,6743,356331,356391,0,5.200820,0.000000,28,True,False
1608,115792,6744,28,1,C5C68C96,C5C68C96,True,6744,356326,356367,0,4.439280,0.000000,28,True,False
1609,115864,6745,28,1,486269EC,486269EC,True,6745,356332,356394,0,4.694440,0.000000,28,True,False
1610,115936,6746,28,1,CCB327B5,CCB327B5,True,6746,356333,356397,0,3.059920,0.000000,28,True,False
1611,116008,6747,28,1,1126C949,1126C949,True,6747,356334,356399,0,1.327420,0.000000,28,True,False
1612,116080,6748,28,1,996F22EA,996F22EA,True,6748,356335,356401,0,3.282320,0.000000,28,True,False
1613,116152,6749,28,1,4A94B03A,4A94B03A,True,6749,356336,356403,0,1.693280,0.000000,28,True,False
1614,116224,6750,28,1,DE11914B,DE11914B,True,6750,356337,356405,0,3.525400,0.000000,28,True,False
1615,116296,6751,28,1,EE89CD24,EE89CD24,True,6751,356339,356409,0,1.489420,0.000000,28,True,False
1616,116368,6752,28,1,6FBEDD6F,6FBEDD6F,True,6752,356338,356407,0,3.126740,0.000000,28,True,False
1617,116440,6753,28,1,EC07A9A4,EC07A9A4,True,6753,356340,356411,0,3.434880,0.000000,28,True,False
1618,116512,6754,28,1,F9B44E22,F9B44E22,True,6754,356341,356413,0,1.590320,0.000000,28,True,False
1619,116584,8507,28,1,D4F6461C,D4F6461C,True,8507,489159,489160,489161,80.000000,0.000000,28,True,False
1620,116656,8508,28,1,45B5714F,45B5714F,True,8508,489164,489165,496017,83.785301,0.000000,28,True,False
1621,116728,9202,28,1,9882D82C,9882D82C,True,9202,502841,502842,502843,6.978080,0.000000,28,True,False
1622,116800,9203,28,1,51158C96,51158C96,True,9203,502864,502865,502866,166.613007,0.000000,28,True,False
1623,116872,9204,28,1,2CC0C22F,2CC0C22F,True,9204,502876,502877,0,7.171900,0.000000,28,True,False
1624,116944,9209,28,1,467492EC,467492EC,True,9209,503065,503066,0,80.000000,0.000000,28,True,False
1625,117016,9213,28,1,899734F3,899734F3,True,9213,503088,503089,0,4.857640,0.000000,28,True,False
1626,117088,9214,28,1,9A3C56E5,9A3C56E5,True,9214,503103,503104,503105,4.529640,0.000000,28,True,False
1627,117160,6899,28,1,5AE39B87,5AE39B87,True,6899,382773,382830,382831,5.897880,0.000000,28,True,False
1628,117232,6900,28,1,41E1263C,41E1263C,True,6900,382855,382857,382858,7.280630,0.000000,28,True,False
1629,117304,6901,28,1,52CEDDD8,52CEDDD8,True,6901,382871,382873,382874,6.408980,0.000000,28,True,False
1630,117376,6902,28,1,4513364E,4513364E,True,6902,382888,465651,465652,12.981600,0.000000,28,True,False
1631,117448,6903,28,1,037AE67A,037AE67A,True,6903,382907,382908,382909,7.879240,0.000000,28,True,False
1632,117520,6904,28,1,82807377,82807377,True,6904,382925,383215,383216,31.243999,0.000000,28,True,False
1633,117592,6905,28,1,421DB6C0,421DB6C0,True,6905,382946,383963,383964,29.684999,0.000000,28,True,False
1634,117664,6906,28,1,1F2ADA64,1F2ADA64,True,6906,383962,384046,384047,25.244900,0.000000,28,True,False
1635,117736,6907,28,1,6138D16B,6138D16B,True,6907,383675,383998,383999,38.587700,0.000000,28,True,False
1636,117808,6910,28,1,E6CC45CE,E6CC45CE,True,6910,384415,384416,0,1.882260,0.000000,28,True,False
1637,117880,6912,28,1,39FB96D4,39FB96D4,True,6912,384738,389147,389148,16.560801,0.000000,28,True,False
1638,117952,6913,28,1,4A15CECE,4A15CECE,True,6913,382748,382810,382811,6.408980,0.000000,28,True,False
1639,118024,7049,28,1,14A27413,14A27413,True,7049,388960,389102,389103,20.548401,0.000000,28,True,False
1640,118096,7284,28,1,970E0585,970E0585,True,7284,400215,0,0,134.740005,0.000000,28,True,False
1641,118168,7711,28,1,B672EEEE,B672EEEE,True,7711,390397,390398,390399,24.983700,0.000000,28,True,False
1642,118240,7712,28,1,93561778,93561778,True,7712,422705,422762,422706,25.687500,0.000000,28,True,False
1643,118312,7713,28,1,2A13FDF3,2A13FDF3,True,7713,422438,422439,422440,47.412998,0.000000,28,True,False
1644,118384,7714,28,1,DA6CB23C,DA6CB23C,True,7714,422499,422500,422501,8.487030,0.000000,28,True,False
1645,118456,7715,28,1,01A8C8A4,01A8C8A4,True,7715,422764,422765,422766,32.872002,0.000000,28,True,False
1646,118528,7716,28,1,34792EA5,34792EA5,True,7716,422544,422545,422546,26.548901,0.000000,28,True,False
1647,118600,7717,28,1,5E47C219,5E47C219,True,7717,422659,422660,422661,8.721570,0.000000,28,True,False
1648,118672,7718,28,1,DCD3AD40,DCD3AD40,True,7718,422678,422679,422680,28.819099,0.000000,28,True,False
1649,118744,7719,28,1,34AF1FD6,34AF1FD6,True,7719,422794,422795,422796,246.942993,0.000000,28,True,False
1650,118816,7720,28,1,1CBCEF85,1CBCEF85,True,7720,422804,422805,422806,260.721008,0.000000,28,True,False
1651,118888,7798,28,1,DC9FB7FF,DC9FB7FF,True,7798,425983,0,0,1.328110,0.000000,28,True,False
1652,118960,7816,28,1,16F343C1,16F343C1,True,7816,425980,0,0,1.328110,0.000000,28,True,False
1653,119032,7817,28,1,E46724A6,E46724A6,True,7817,425986,0,0,1.328110,0.000000,28,True,False
1654,119104,7818,28,1,D7A114F6,D7A114F6,True,7818,425989,0,0,1.328110,0.000000,28,True,False
1655,119176,7823,28,1,DBF5ED2E,DBF5ED2E,True,7823,425999,0,0,1.328110,0.000000,28,True,False
1656,119248,7824,28,1,8C499FBE,8C499FBE,True,7824,426002,0,0,1.328110,0.000000,28,True,False
1657,119320,7825,28,1,BCE455D4,BCE455D4,True,7825,426005,0,0,1.328110,0.000000,28,True,False
1658,119392,7826,28,1,84149535,84149535,True,7826,426008,0,0,1.328110,0.000000,28,True,False
1659,119464,7831,28,1,095B88AB,095B88AB,True,7831,426102,0,0,0.312496,0.000000,28,True,False
1660,119536,7832,28,1,69FB0D4F,69FB0D4F,True,7832,426098,0,0,0.312496,0.000000,28,True,False
1661,119608,7833,28,1,E25D65C4,E25D65C4,True,7833,426105,0,0,0.312496,0.000000,28,True,False
1662,119680,6923,28,1,7D79A7D6,7D79A7D6,True,6923,385021,385022,0,14.830200,0.000000,28,True,False
1663,119752,6924,28,1,20BDA5D5,20BDA5D5,True,6924,385354,385355,385406,12.335800,0.000000,28,True,False
1664,119824,6925,28,1,FBA55495,FBA55495,True,6925,385072,385073,0,6.213470,0.000000,28,True,False
1665,119896,6926,28,1,0E5C8DED,0E5C8DED,True,6926,385089,385090,385091,5.460800,0.000000,28,True,False
1666,119968,6948,28,1,AEB250B3,AEB250B3,True,6948,385788,390480,0,16.874001,0.000000,28,True,False
1667,120040,6949,28,1,74109694,74109694,True,6949,385806,390333,386006,12.722000,0.000000,28,True,False
1668,120112,6952,28,1,C0E5C266,C0E5C266,True,6952,470068,385882,385883,5.260880,0.000000,28,True,False
1669,120184,6953,28,1,B2DBAE9B,B2DBAE9B,True,6953,470082,385865,0,6.536880,0.000000,28,True,False
1670,120256,6997,28,1,DD443638,DD443638,True,6997,386948,386954,0,36.885700,0.000000,28,True,False
1671,120328,6998,28,1,D7353B6B,D7353B6B,True,6998,386949,437508,437509,38.470501,0.000000,28,True,False
1672,120400,7001,28,1,CB0CA58E,CB0CA58E,True,7001,386953,387212,387213,4.403800,0.000000,28,True,False
1673,120472,7002,28,1,D4F57E67,D4F57E67,True,7002,386952,387204,0,5.877300,0.000000,28,True,False
1674,120544,7034,28,1,15AC534C,15AC534C,True,7034,388348,388593,0,18.176100,0.000000,28,True,False
1675,120616,7035,28,1,C960281A,C960281A,True,7035,389951,389952,389953,17.288799,0.000000,28,True,False
1676,120688,7036,28,1,18C25665,18C25665,True,7036,388423,389490,389491,10.411900,0.000000,28,True,False
1677,120760,7037,28,1,8A191684,8A191684,True,7037,388440,388624,388625,4.759940,0.000000,28,True,False
1678,120832,7038,28,1,22A738DD,22A738DD,True,7038,388457,388458,388459,5.815180,0.000000,28,True,False
1679,120904,7039,28,1,E4DFD4EF,E4DFD4EF,True,7039,388476,388477,388478,8.433850,0.000000,28,True,False
1680,120976,7046,28,1,D92D59DC,D92D59DC,True,7046,389512,389513,389514,4.759940,0.000000,28,True,False
1681,121048,7048,28,1,C3923E93,C3923E93,True,7048,389550,389551,0,13.937000,0.000000,28,True,False
1682,121120,7059,28,1,B0B03A72,B0B03A72,True,7059,390029,390030,0,62.029202,0.000000,28,True,False
1683,121192,7060,28,1,B6C59591,B6C59591,True,7060,390036,390037,0,12.539400,0.000000,28,True,False
1684,121264,7162,28,1,7E0B7C5B,7E0B7C5B,True,7162,395493,459849,395519,8.592780,0.000000,28,True,False
1685,121336,7163,28,1,D035B2D9,D035B2D9,True,7163,395523,395524,395525,5.351420,0.000000,28,True,False
1686,121408,7164,28,1,92DCD6E5,92DCD6E5,True,7164,395532,395533,395534,14.590500,0.000000,28,True,False
1687,121480,7165,28,1,D07B47AB,D07B47AB,True,7165,395542,395543,395544,13.322900,0.000000,28,True,False
1688,121552,7166,28,1,745622C2,745622C2,True,7166,395447,395448,0,150.000000,0.000000,28,True,False
1689,121624,7170,28,1,1C983D9C,1C983D9C,True,7170,395635,395636,0,4.353520,0.000000,28,True,False
1690,121696,7171,28,1,2AAD8EF3,2AAD8EF3,True,7171,395640,397509,0,13.466800,0.000000,28,True,False
1691,121768,7172,28,1,0BEFA00A,0BEFA00A,True,7172,395651,395652,0,9.141420,0.000000,28,True,False
1692,121840,7205,28,1,905C0694,905C0694,True,7205,396274,396275,0,6.778870,0.000000,28,True,False
1693,121912,7206,28,1,FD86CA08,FD86CA08,True,7206,396282,396283,0,12.407800,0.000000,28,True,False
1694,121984,7232,28,1,7D9C8E12,7D9C8E12,True,7232,396756,396757,0,6.268230,0.000000,28,True,False
1695,122056,7259,28,1,62DCE4F3,62DCE4F3,True,7259,397710,397711,397722,7.300930,0.000000,28,True,False
1696,122128,7260,28,1,FAF788FE,FAF788FE,True,7260,397723,397724,397725,15.898100,0.000000,28,True,False
1697,122200,7262,28,1,51846AA6,51846AA6,True,7262,398007,0,398008,4.943240,0.000000,28,True,False
1698,122272,7741,28,1,A4247B88,A4247B88,True,7741,423278,423279,423280,26.499800,0.000000,28,True,False
1699,122344,8118,28,1,E47C4FC1,E47C4FC1,True,8118,462104,470699,0,100.000000,0.000000,28,True,False
1700,122416,8261,28,1,7408C792,7408C792,True,8261,470789,470826,470859,6.479320,0.000000,28,True,False
1701,122488,8265,28,1,2215961C,2215961C,True,8265,470836,470867,470874,10.134600,0.000000,28,True,False
1702,122560,8266,28,1,25320192,25320192,True,8266,470844,470845,470875,8.671190,0.000000,28,True,False
1703,122632,8267,28,1,AA5602AB,AA5602AB,True,8267,470851,470852,472303,13.365700,0.000000,28,True,False
1704,122704,8271,28,1,7A81CAF8,7A81CAF8,True,8271,471361,471362,471369,8.284250,0.000000,28,True,False
1705,122776,8272,28,1,D76B3A2A,D76B3A2A,True,8272,471371,471372,471379,13.007200,0.000000,28,True,False
1706,122848,8273,28,1,732498FA,732498FA,True,8273,471381,471382,471389,6.398660,0.000000,28,True,False
1707,122920,8278,28,1,7DC85AC7,7DC85AC7,True,8278,471628,471629,471640,5.961360,0.000000,28,True,False
1708,122992,8279,28,1,D7124EFC,D7124EFC,True,8279,471632,471633,471634,7.188180,0.000000,28,True,False
1709,123064,8280,28,1,FA8BE7B5,FA8BE7B5,True,8280,471602,471603,0,100.000000,0.000000,28,True,False
1710,123136,8414,28,1,F3D4EB5E,F3D4EB5E,True,8414,475041,475042,0,4.901020,0.000000,28,True,False
1711,123208,8415,28,1,034C7459,034C7459,True,8415,475059,475060,0,16.951599,0.000000,28,True,False
1712,123280,8461,28,1,FE85DBA6,FE85DBA6,True,8461,488525,541725,0,75.000000,0.000000,28,True,False
1713,123352,8462,28,1,5762347D,5762347D,True,8462,488540,488541,488542,6.963230,0.000000,28,True,False
1714,123424,8463,28,1,22CCA31B,22CCA31B,True,8463,488560,488561,488562,10.374300,0.000000,28,True,False
1715,123496,8464,28,1,11F23B14,11F23B14,True,8464,488570,488571,488572,10.374800,0.000000,28,True,False
1716,123568,8488,28,1,5C9CA2C4,5C9CA2C4,True,8488,488660,488662,0,15.238400,0.000000,28,True,False
1717,123640,8489,28,1,F24F0931,F24F0931,True,8489,488759,488838,488839,5.463840,0.000000,28,True,False
1718,123712,8490,28,1,F22ADEC0,F22ADEC0,True,8490,488765,488828,488829,5.982520,0.000000,28,True,False
1719,123784,8494,28,1,7DFB35E2,7DFB35E2,True,8494,488806,488807,0,5.876580,0.000000,28,True,False
1720,123856,8509,28,1,88F4D4BA,88F4D4BA,True,8509,489328,489372,489373,3.076050,0.000000,28,True,False
1721,123928,8726,28,1,F4066019,F4066019,True,8726,492792,492794,0,75.000000,0.000000,28,True,False
1722,124000,8727,28,1,55512986,55512986,True,8727,492890,492891,492892,10.330300,0.000000,28,True,False
1723,124072,8728,28,1,8A56C883,8A56C883,True,8728,492914,492915,492916,10.048700,0.000000,28,True,False
1724,124144,8729,28,1,CEF579ED,CEF579ED,True,8729,492935,492936,492961,25.346300,0.000000,28,True,False
1725,124216,8730,28,1,7E50BC60,7E50BC60,True,8730,493552,493553,493554,19.693899,0.000000,28,True,False
1726,124288,8731,28,1,297EB62E,297EB62E,True,8731,492870,492871,492872,21.376101,0.000000,28,True,False
1727,124360,8732,28,1,2C2304C8,2C2304C8,True,8732,492969,492970,493025,22.478500,0.000000,28,True,False
1728,124432,8733,28,1,8E652485,8E652485,True,8733,492988,492989,493033,21.148701,0.000000,28,True,False
1729,124504,8734,28,1,11332A11,11332A11,True,8734,493004,493005,493034,19.768000,0.000000,28,True,False
1730,124576,8735,28,1,C1A4F0BD,C1A4F0BD,True,8735,492793,492831,0,75.000000,0.000000,28,True,False
1731,124648,8787,28,1,27B81F90,27B81F90,True,8787,493502,493503,493504,5.757980,0.000000,28,True,False
1732,124720,10707,28,1,2C17A920,2C17A920,True,10707,530514,530515,0,31.865101,0.000000,28,True,False
1733,124792,10709,28,1,787D2F2E,787D2F2E,True,10709,531244,532333,532334,2.973830,0.000000,28,True,False
1734,124864,10710,28,1,1C1A15DE,1C1A15DE,True,10710,529989,532346,532347,10.160900,0.000000,28,True,False
1735,124936,10711,28,1,4F5EA35E,4F5EA35E,True,10711,530007,532364,532365,6.800730,0.000000,28,True,False
1736,125008,10712,28,1,10BE6DB1,10BE6DB1,True,10712,530022,532576,532577,9.003580,0.000000,28,True,False
1737,125080,10713,28,1,C114BAF6,C114BAF6,True,10713,530034,532398,532399,4.373150,0.000000,28,True,False
1738,125152,10714,28,1,6F60048C,6F60048C,True,10714,530047,532410,532411,6.713240,0.000000,28,True,False
1739,125224,10715,28,1,CD9C0326,CD9C0326,True,10715,530064,532464,532465,5.984890,0.000000,28,True,False
1740,125296,10716,28,1,CBF6BCCE,CBF6BCCE,True,10716,530079,532479,532480,8.518800,0.000000,28,True,False
1741,125368,10717,28,1,3E614EBC,3E614EBC,True,10717,530093,532494,532495,11.902200,0.000000,28,True,False
1742,125440,10718,28,1,FBFA651A,FBFA651A,True,10718,530109,532508,532509,11.318400,0.000000,28,True,False
1743,125512,10832,28,1,162BD69E,162BD69E,True,10832,532322,532528,532529,5.349980,0.000000,28,True,False
1744,125584,16146,28,1,F748D564,F748D564,True,16146,591117,591114,0,20.372101,0.000000,28,True,False
1745,125656,16147,28,1,58A0CF37,58A0CF37,True,16147,591118,591119,591120,10.622500,0.000000,28,True,False
1746,125728,16148,28,1,BAB6A5E2,BAB6A5E2,True,16148,591122,591123,591124,10.411900,0.000000,28,True,False
1747,125800,7308,28,1,3AB8FADE,3AB8FADE,True,7308,401177,0,0,40.000000,0.000000,28,True,False
1748,125872,7309,28,1,C8BE76B9,C8BE76B9,True,7309,401198,401199,401379,20.000000,0.000000,28,True,False
1749,125944,7310,28,1,28EFB0B8,28EFB0B8,True,7310,401230,0,401249,10.028500,0.000000,28,True,False
1750,126016,7314,28,1,94D49EFF,94D49EFF,True,7314,401523,401525,401545,7.378010,0.000000,28,True,False
1751,126088,7315,28,1,D5945989,D5945989,True,7315,401550,0,401553,12.030100,0.000000,28,True,False
1752,126160,7316,28,1,504506D4,504506D4,True,7316,401573,0,0,16.843901,0.000000,28,True,False
1753,126232,7320,28,1,FB54E499,FB54E499,True,7320,405302,0,0,50.000000,0.000000,28,True,False
1754,126304,7321,28,1,3A292379,3A292379,True,7321,405327,405328,405329,40.259499,0.000000,28,True,False
1755,126376,7322,28,1,8D183F37,8D183F37,True,7322,405365,0,405366,10.562800,0.000000,28,True,False
1756,126448,7424,28,1,983B91C9,983B91C9,True,7424,407416,407417,0,40.000000,0.000000,28,True,False
1757,126520,7565,28,1,8369CE6A,8369CE6A,True,7565,418210,0,0,20.177999,0.000000,28,True,False
1758,126592,7566,28,1,1D116549,1D116549,True,7566,418230,418231,418232,12.265900,0.000000,28,True,False
1759,126664,7567,28,1,32FCD2B3,32FCD2B3,True,7567,418245,0,418246,7.353400,0.000000,28,True,False
1760,126736,8479,28,1,DD350704,DD350704,True,8479,488615,488616,0,120.000000,0.000000,28,True,False
1761,126808,8480,28,1,DCEE1963,DCEE1963,True,8480,488627,488628,0,120.000000,0.000000,28,True,False
1762,126880,8481,28,1,D603BF7F,D603BF7F,True,8481,488661,488681,0,120.000000,0.000000,28,True,False
1763,126952,8482,28,1,D10D63C7,D10D63C7,True,8482,489236,489237,489238,120.000000,0.000000,28,True,False
1764,127024,8483,28,1,6B4C2954,6B4C2954,True,8483,488704,488705,488706,120.000000,0.000000,28,True,False
1765,127096,8484,28,1,85B0C1BF,85B0C1BF,True,8484,488727,488728,488729,120.000000,0.000000,28,True,False
1766,127168,8499,28,1,A22D71CB,A22D71CB,True,8499,489031,488856,0,125.000000,0.000000,28,True,False
1767,127240,8500,28,1,A2C1758F,A2C1758F,True,8500,488951,489322,489323,37.984402,0.000000,28,True,False
1768,127312,8501,28,1,113AD747,113AD747,True,8501,488971,488972,489001,15.469100,0.000000,28,True,False
1769,127384,8502,28,1,F41054DE,F41054DE,True,8502,488978,488979,489106,21.742100,0.000000,28,True,False
1770,127456,9419,28,1,0AF9FC7B,0AF9FC7B,True,9419,504897,504898,0,50.000000,0.000000,28,True,False
1771,127528,8573,28,1,C0EE1D65,C0EE1D65,True,8573,489859,539575,0,150.000000,0.000000,28,True,False
1772,127600,8574,28,1,ED0B7075,ED0B7075,True,8574,489861,539461,539462,20.000000,0.000000,28,True,False
1773,127672,8575,28,1,C015B1D7,C015B1D7,True,8575,489873,489874,489875,20.598801,0.000000,28,True,False
1774,127744,8576,28,1,F34C7030,F34C7030,True,8576,489863,489995,489996,14.555500,0.000000,28,True,False
1775,127816,8577,28,1,093A7433,093A7433,True,8577,489865,489866,489908,27.255800,0.000000,28,True,False
1776,127888,8578,28,1,2F684FC6,2F684FC6,True,8578,489867,0,0,100.000000,0.000000,28,True,False
1777,127960,8579,28,1,B6DA2836,B6DA2836,True,8579,489868,489869,489870,5.800250,0.000000,28,True,False
1778,128032,8580,28,1,4E62BC4F,4E62BC4F,True,8580,489871,490101,489872,7.046080,0.000000,28,True,False
1779,128104,8611,28,1,2210772E,2210772E,True,8611,490886,0,0,100.000000,0.000000,28,True,False
1780,128176,8612,28,1,C50C8FB4,C50C8FB4,True,8612,490889,0,0,100.000000,0.000000,28,True,False
1781,128248,8647,28,1,B3DD3E01,B3DD3E01,True,8647,491606,0,0,21.973499,0.000000,28,True,False
1782,128320,8650,28,1,1800B318,1800B318,True,8650,491614,491615,0,26.925800,0.000000,28,True,False
1783,128392,8651,28,1,C63E497A,C63E497A,True,8651,491623,491624,0,19.520599,0.000000,28,True,False
1784,128464,8652,28,1,A47BE033,A47BE033,True,8652,491636,491637,0,38.213902,0.000000,28,True,False
1785,128536,8653,28,1,CD669498,CD669498,True,8653,491641,491642,0,29.713699,0.000000,28,True,False
1786,128608,8658,28,1,CC2357B8,CC2357B8,True,8658,491655,491656,0,1.946430,0.000000,28,True,False
1787,128680,8659,28,1,767A32CB,767A32CB,True,8659,491654,491661,0,40.000000,0.000000,28,True,False
1788,128752,8665,28,1,BBBD3BF1,BBBD3BF1,True,8665,491962,491963,0,26.925800,0.000000,28,True,False
1789,128824,8666,28,1,0D9D9C93,0D9D9C93,True,8666,491968,491970,0,29.713699,0.000000,28,True,False
1790,128896,8667,28,1,C519ADB1,C519ADB1,True,8667,491974,491976,0,38.213902,0.000000,28,True,False
1791,128968,8671,28,1,5F6F4371,5F6F4371,True,8671,491994,491995,0,19.520599,0.000000,28,True,False
1792,129040,9721,28,1,15242BD6,15242BD6,True,9721,510636,0,511010,3.162280,0.000000,28,True,False
1793,129112,9722,28,1,3338188B,3338188B,True,9722,510638,0,511013,3.162280,0.000000,28,True,False
1794,129184,9732,28,1,4137CEF7,4137CEF7,True,9732,510994,0,0,41.497601,0.000000,28,True,False
1795,129256,9791,28,1,A5ADB022,A5ADB022,True,9791,512610,512611,512612,26.824800,0.000000,28,True,False
1796,129328,8544,28,1,D7166751,D7166751,True,8544,489646,489654,489655,4.820810,0.000000,28,True,False
1797,129400,8547,28,1,A7383C5A,A7383C5A,True,8547,489648,489660,489661,9.514990,0.000000,28,True,False
1798,129472,8548,28,1,64D2C62D,64D2C62D,True,8548,489652,489662,489665,13.515200,0.000000,28,True,False
1799,129544,8549,28,1,EC2F71D3,EC2F71D3,True,8549,489651,489663,489664,11.223500,0.000000,28,True,False
1800,129616,8550,28,1,4CD02DF7,4CD02DF7,True,8550,489650,489666,489667,13.515200,0.000000,28,True,False
1801,129688,8551,28,1,0328FAD2,0328FAD2,True,8551,489649,489668,489669,13.534000,0.000000,28,True,False
1802,129760,8552,28,1,D209F1B8,D209F1B8,True,8552,489799,489800,489801,12.521900,0.000000,28,True,False
1803,129832,8553,28,1,B3FB9919,B3FB9919,True,8553,489643,489644,489645,12.521900,0.000000,28,True,False
1804,129904,8561,28,1,73A05BCF,73A05BCF,True,8561,489792,489793,489794,4.820810,0.000000,28,True,False
1805,129976,9574,28,1,12ECECAB,12ECECAB,True,9574,507202,507203,507204,3.849060,0.000000,28,True,False
1806,130048,9985,28,1,59CDC8D6,59CDC8D6,True,9985,489643,489644,489645,12.521900,0.000000,28,True,False
1807,130120,9986,28,1,3B545A4D,3B545A4D,True,9986,489799,489800,489801,12.521900,0.000000,28,True,False
1808,130192,9987,28,1,87428C59,87428C59,True,9987,489652,489662,489665,13.515200,0.000000,28,True,False
1809,130264,9988,28,1,A8226EEA,A8226EEA,True,9988,489650,489666,489667,13.515200,0.000000,28,True,False
1810,130336,9989,28,1,E7DAB9CF,E7DAB9CF,True,9989,489649,489668,489669,13.534000,0.000000,28,True,False
1811,130408,8555,28,1,C60B1384,C60B1384,True,8555,489709,490066,0,125.000000,0.000000,28,True,False
1812,130480,8608,28,1,3CCF8D3A,3CCF8D3A,True,8608,490865,490866,0,125.000000,0.000000,28,True,False
1813,130552,10128,28,1,62B30402,62B30402,True,10128,519569,0,0,70.000000,0.000000,28,True,False
1814,130624,8615,28,1,EE91626D,EE91626D,True,8615,490900,0,0,125.000000,0.000000,28,True,False
1815,130696,8616,28,1,66121CF1,66121CF1,True,8616,490901,0,0,125.000000,0.000000,28,True,False
1816,130768,8675,28,1,A5677C0C,A5677C0C,True,8675,492015,0,0,125.000000,0.000000,28,True,False
1817,130840,8601,28,1,FDF844C4,FDF844C4,True,8601,490577,0,0,30.000000,0.000000,28,True,False
1818,130912,9918,28,1,076E0429,076E0429,True,9918,514624,0,0,30.000000,0.000000,28,True,False
1819,130984,8928,28,1,D7B4260C,D7B4260C,True,8928,496060,496061,0,19.683399,0.000000,28,True,False
1820,131056,8929,28,1,06345604,06345604,True,8929,496070,496071,0,20.899799,0.000000,28,True,False
1821,131128,8939,28,1,5EE1EFD2,5EE1EFD2,True,8939,496018,496028,0,10.780500,0.000000,28,True,False
1822,131200,10062,28,1,BA51219F,BA51219F,True,10062,517965,517966,0,15.476400,0.000000,28,True,False
1823,131272,11475,28,1,36AFB16E,36AFB16E,True,11475,546875,546876,0,27.720501,0.000000,28,True,False
1824,131344,11477,28,1,58B6CAFE,58B6CAFE,True,11477,546898,546899,0,12.418700,0.000000,28,True,False
1825,131416,11501,28,1,2561E987,2561E987,True,11501,547226,547227,0,0.000000,0.000000,28,True,False
1826,131488,11509,28,1,9C7989FE,9C7989FE,True,11509,547288,547289,0,102.254997,0.000000,28,True,False
1827,131560,11510,28,1,806471E0,806471E0,True,11510,547293,547294,0,100.919998,0.000000,28,True,False
1828,131632,11512,28,1,3DC52585,3DC52585,True,11512,547305,547370,0,37.123001,0.000000,28,True,False
1829,131704,8629,28,1,0FA30A47,0FA30A47,True,8629,491002,491003,0,8.180750,0.000000,28,True,False
1830,131776,8644,28,1,BAAC8776,BAAC8776,True,8644,491253,0,0,0.990741,0.000000,28,True,False
1831,131848,8723,28,1,DA5E89DA,DA5E89DA,True,8723,492966,492987,0,11.707000,0.000000,28,True,False
1832,131920,8724,28,1,84B5F363,84B5F363,True,8724,493003,494993,0,0.527631,0.000000,28,True,False
1833,131992,8725,28,1,F0199F88,F0199F88,True,8725,493024,494992,0,0.365275,0.000000,28,True,False
1834,132064,9627,28,1,99D1DE09,99D1DE09,True,9627,508854,0,0,0.332003,0.000000,28,True,False
1835,132136,8952,28,1,081228CA,081228CA,True,8952,496228,496229,496583,115.318001,0.000000,28,True,False
1836,132208,8953,28,1,C5DB874E,C5DB874E,True,8953,496337,496338,496584,386.980988,0.000000,28,True,False
1837,132280,8954,28,1,D580C1CC,D580C1CC,True,8954,496471,496472,496585,161.656998,0.000000,28,True,False
1838,132352,8955,28,1,CDA0F0AE,CDA0F0AE,True,8955,496223,496224,496225,157.498001,0.000000,28,True,False
1839,132424,8956,28,1,E232996D,E232996D,True,8956,496194,496195,496213,318.938995,0.000000,28,True,False
1840,132496,8958,28,1,5647FE50,5647FE50,True,8958,496210,496212,496214,91.539299,0.000000,28,True,False
1841,132568,8960,28,1,DADFAC8A,DADFAC8A,True,8960,496217,496218,496222,35.928699,0.000000,28,True,False
1842,132640,8961,28,1,C1C7D82B,C1C7D82B,True,8961,496215,0,0,17.918200,0.000000,28,True,False
1843,132712,8962,28,1,200CD4C5,200CD4C5,True,8962,496216,0,0,17.918200,0.000000,28,True,False
1844,132784,8979,28,1,2E6FEEF8,2E6FEEF8,True,8979,496729,497149,0,1.159730,0.000000,28,True,False
1845,132856,8963,28,1,DCDCB0E5,DCDCB0E5,True,8963,496226,496227,0,27.519800,0.000000,28,True,False
1846,132928,8976,28,1,16BFBC75,16BFBC75,True,8976,496633,496634,496635,162.610992,0.000000,28,True,False
1847,133000,8981,28,1,DB619B3F,DB619B3F,True,8981,496735,496736,0,2.675340,0.000000,28,True,False
1848,133072,8985,28,1,A027D8FF,A027D8FF,True,8985,496799,496800,496951,212.130005,0.000000,28,True,False
1849,133144,9007,28,1,876F1522,876F1522,True,9007,497703,0,0,1.019600,0.000000,28,True,False
1850,133216,9020,28,1,1D91BFD5,1D91BFD5,True,9020,498768,498769,498770,164.225998,0.000000,28,True,False
1851,133288,9063,28,1,21AA1F00,21AA1F00,True,9063,499518,499519,0,1.178130,0.000000,28,True,False
1852,133360,9179,28,1,B230E4DF,B230E4DF,True,9179,501502,0,0,5.138230,0.000000,28,True,False
1853,133432,9130,28,1,B553355E,B553355E,True,9130,500690,500691,0,120.000000,0.000000,28,True,False
1854,133504,9131,28,1,01AE4E81,01AE4E81,True,9131,500900,500901,500902,10.672400,0.000000,28,True,False
1855,133576,11176,28,1,ABF94C2B,ABF94C2B,True,11176,541361,0,0,7.876930,0.000000,28,True,False
1856,133648,11177,28,1,BA96298C,BA96298C,True,11177,541365,0,0,6.605800,0.000000,28,True,False
1857,133720,11178,28,1,6399D3ED,6399D3ED,True,11178,541369,0,0,8.579010,0.000000,28,True,False
1858,133792,11179,28,1,D6A0CE20,D6A0CE20,True,11179,541367,0,0,9.016700,0.000000,28,True,False
1859,133864,11181,28,1,43852CCC,43852CCC,True,11181,541379,541380,0,18.372499,0.000000,28,True,False
1860,133936,11183,28,1,554537B8,554537B8,True,11183,541386,541387,0,10.571500,0.000000,28,True,False
1861,134008,11185,28,1,5B8E2EA7,5B8E2EA7,True,11185,541516,541517,0,46.587200,0.000000,28,True,False
1862,134080,11194,28,1,1FE91A9F,1FE91A9F,True,11194,541742,541743,0,11.355100,0.000000,28,True,False
1863,134152,11195,28,1,F9967520,F9967520,True,11195,541748,541749,0,13.590600,0.000000,28,True,False
1864,134224,11196,28,1,707AB34D,707AB34D,True,11196,541738,541739,0,8.214420,0.000000,28,True,False
1865,134296,11197,28,1,4D039E92,4D039E92,True,11197,541756,541785,0,4.890370,0.000000,28,True,False
1866,134368,11199,28,1,2F2A69AB,2F2A69AB,True,11199,541789,541790,0,12.791100,0.000000,28,True,False
1867,134440,11200,28,1,E92ABB86,E92ABB86,True,11200,541760,541761,0,3.891480,0.000000,28,True,False
1868,134512,11201,28,1,FC1F0A8E,FC1F0A8E,True,11201,541772,541773,0,13.092200,0.000000,28,True,False
1869,134584,11206,28,1,DC4D185F,DC4D185F,True,11206,541763,541764,0,14.904100,0.000000,28,True,False
1870,134656,11210,28,1,6CA6E353,6CA6E353,True,11210,542007,542008,0,70.000000,0.000000,28,True,False
1871,134728,11211,28,1,075883EE,075883EE,True,11211,541995,541996,0,70.000000,0.000000,28,True,False
1872,134800,11212,28,1,D32A4EA9,D32A4EA9,True,11212,542003,542004,0,70.000000,0.000000,28,True,False
1873,134872,11239,28,1,D8E4CEEB,D8E4CEEB,True,11239,543048,543049,0,11.146400,0.000000,28,True,False
1874,134944,11240,28,1,E3546DF1,E3546DF1,True,11240,543039,543040,0,11.411700,0.000000,28,True,False
1875,135016,11241,28,1,7161C685,7161C685,True,11241,543053,543054,0,8.139840,0.000000,28,True,False
1876,135088,11242,28,1,8DA1F031,8DA1F031,True,11242,543056,543057,0,11.063600,0.000000,28,True,False
1877,135160,11243,28,1,B7E06E96,B7E06E96,True,11243,543059,543060,0,9.251740,0.000000,28,True,False
1878,135232,9338,28,1,5092AC16,5092AC16,True,9338,503798,503799,509990,17.026600,0.000000,28,True,False
1879,135304,9339,28,1,69D11878,69D11878,True,9339,503770,503771,504033,11.385900,0.000000,28,True,False
1880,135376,9340,28,1,1305537D,1305537D,True,9340,503916,503917,503918,17.121300,0.000000,28,True,False
1881,135448,9345,28,1,F1235D4D,F1235D4D,True,9345,504184,0,504185,27.415899,0.000000,28,True,False
1882,135520,9689,28,1,E7D3EA08,E7D3EA08,True,9689,509815,511281,509991,14.349600,0.000000,28,True,False
1883,135592,9764,28,1,D1AB481B,D1AB481B,True,9764,511357,0,0,70.000000,0.000000,28,True,False
1884,135664,9765,28,1,1AA60302,1AA60302,True,9765,511364,0,0,1.211790,0.000000,28,True,False
1885,135736,10651,28,1,67C2E999,67C2E999,True,10651,504216,504217,511345,1.825540,0.000000,28,True,False
1886,135808,9363,28,1,6AC6CEB8,6AC6CEB8,True,9363,504327,504328,0,93.435402,0.000000,28,True,False
1887,135880,9368,28,1,DED38C0D,DED38C0D,True,9368,504453,504454,0,350.000000,0.000000,28,True,False
1888,135952,9434,28,1,A8ADF1A2,A8ADF1A2,True,9434,504936,504937,0,127.488998,0.000000,28,True,False
1889,136024,9435,28,1,8E582415,8E582415,True,9435,505074,505075,505076,44.233200,0.000000,28,True,False
1890,136096,9436,28,1,E3FCBA4D,E3FCBA4D,True,9436,505007,505008,505009,31.986200,0.000000,28,True,False
1891,136168,9437,28,1,1622DEFD,1622DEFD,True,9437,505031,505032,505033,31.986200,0.000000,28,True,False
1892,136240,9439,28,1,9C3896C5,9C3896C5,True,9439,505062,0,0,5.011480,0.000000,28,True,False
1893,136312,9440,28,1,69B38B5A,69B38B5A,True,9440,505072,0,0,1.882840,0.000000,28,True,False
1894,136384,9441,28,1,879E58AC,879E58AC,True,9441,505066,0,0,600.000000,0.000000,28,True,False
1895,136456,9613,28,1,C196A753,C196A753,True,9613,508623,0,0,5.011480,0.000000,28,True,False
1896,136528,9614,28,1,860D188F,860D188F,True,9614,508626,0,0,5.011480,0.000000,28,True,False
1897,136600,9615,28,1,B6A0D2E5,B6A0D2E5,True,9615,508629,0,0,5.011480,0.000000,28,True,False
1898,136672,9616,28,1,9E77DF48,9E77DF48,True,9616,508632,0,0,5.011480,0.000000,28,True,False
1899,136744,9617,28,1,C7DC8B7D,C7DC8B7D,True,9617,508635,0,0,5.011480,0.000000,28,True,False
1900,136816,9618,28,1,ABA66AF3,ABA66AF3,True,9618,508654,0,0,300.000000,0.000000,28,True,False
1901,136888,9442,28,1,0FCC6A9D,0FCC6A9D,True,9442,505058,0,0,277.434998,0.000000,28,True,False
1902,136960,9443,28,1,C2E3BD5C,C2E3BD5C,True,9443,505055,0,0,186.397995,0.000000,28,True,False
1903,137032,9446,28,1,D075ABEE,D075ABEE,True,9446,505209,505210,505211,7.999350,0.000000,28,True,False
1904,137104,9447,28,1,79FD2231,79FD2231,True,9447,505225,505226,505227,12.029500,0.000000,28,True,False
1905,137176,9473,28,1,31F45835,31F45835,True,9473,505591,505592,505593,33.090199,0.000000,28,True,False
1906,137248,9475,28,1,6057E6C3,6057E6C3,True,9475,505751,505752,505753,20.583599,0.000000,28,True,False
1907,137320,9485,28,1,951B36EB,951B36EB,True,9485,505844,508720,0,47.663799,0.000000,28,True,False
1908,137392,9499,28,1,C79D6F9F,C79D6F9F,True,9499,505947,506044,505948,549.445984,0.000000,28,True,False
1909,137464,9505,28,1,D1119735,D1119735,True,9505,506236,506237,506371,39.692902,0.000000,28,True,False
1910,137536,9506,28,1,943D0693,943D0693,True,9506,505775,505776,505777,19.348700,0.000000,28,True,False
1911,137608,9507,28,1,12441023,12441023,True,9507,505813,505814,505815,30.000000,0.000000,28,True,False
1912,137680,9548,28,1,FE1A76B0,FE1A76B0,True,9548,507014,0,0,1.161230,0.000000,28,True,False
1913,137752,9549,28,1,0C6A7C12,0C6A7C12,True,9549,507011,0,0,1.162670,0.000000,28,True,False
1914,137824,9553,28,1,FEC2AADD,FEC2AADD,True,9553,507032,507033,0,35.000000,0.000000,28,True,False
1915,137896,9555,28,1,6A1787A1,6A1787A1,True,9555,507067,507068,0,35.000000,0.000000,28,True,False
1916,137968,9557,28,1,5377A514,5377A514,True,9557,507084,507085,0,35.000000,0.000000,28,True,False
1917,138040,9560,28,1,B319EE44,B319EE44,True,9560,507119,507120,0,35.000000,0.000000,28,True,False
1918,138112,9561,28,1,F6CD3FD8,F6CD3FD8,True,9561,507124,507125,0,14.634600,0.000000,28,True,False
1919,138184,9567,28,1,2F1B18F9,2F1B18F9,True,9567,507163,507164,507165,19.694700,0.000000,28,True,False
1920,138256,9575,28,1,0104F1F2,0104F1F2,True,9575,507222,507223,507224,3.643420,0.000000,28,True,False
1921,138328,9587,28,1,6EC0E50A,6EC0E50A,True,9587,507299,0,0,312.309998,0.000000,28,True,False
1922,138400,9597,28,1,E7AF8938,E7AF8938,True,9597,507329,0,0,142.348007,0.000000,28,True,False
1923,138472,9599,28,1,DE020D07,DE020D07,True,9599,507897,0,0,55.908401,0.000000,28,True,False
1924,138544,9601,28,1,00FFF2A7,00FFF2A7,True,9601,508326,508327,0,9.752950,0.000000,28,True,False
1925,138616,9605,28,1,2F60A8ED,2F60A8ED,True,9605,508493,508494,508495,21.745300,0.000000,28,True,False
1926,138688,9606,28,1,4A1463E4,4A1463E4,True,9606,508586,508587,508588,15.575900,0.000000,28,True,False
1927,138760,9631,28,1,D6B09EE5,D6B09EE5,True,9631,508947,508948,508949,2.810350,0.000000,28,True,False
1928,138832,9728,28,1,22822306,22822306,True,9728,510661,0,510662,0.000000,0.000000,28,True,False
1929,138904,9779,28,1,8C0A510D,8C0A510D,True,9779,511575,0,0,150.000000,0.000000,28,True,False
1930,138976,9780,28,1,5179F04C,5179F04C,True,9780,511767,511768,511769,71.573997,0.000000,28,True,False
1931,139048,9781,28,1,2D32E98D,2D32E98D,True,9781,511945,511946,511947,32.530800,0.000000,28,True,False
1932,139120,9782,28,1,2E2B1B7A,2E2B1B7A,True,9782,512126,512127,512128,18.080799,0.000000,28,True,False
1933,139192,9783,28,1,E30D572A,E30D572A,True,9783,512403,512404,512405,28.287100,0.000000,28,True,False
1934,139264,9453,28,1,B2BF4F13,B2BF4F13,True,9453,505358,0,0,10.000000,0.000000,28,True,False
1935,139336,9455,28,1,7E829844,7E829844,True,9455,505368,0,0,10.000000,0.000000,28,True,False
1936,139408,10074,28,1,6D568130,6D568130,True,10074,518152,0,0,3.000000,0.000000,28,True,False
1937,139480,10075,28,1,20F266D7,20F266D7,True,10075,518127,0,0,2.000000,0.000000,28,True,False
1938,139552,10076,28,1,5262695C,5262695C,True,10076,518122,0,0,3.000000,0.000000,28,True,False
1939,139624,10174,28,1,BADD48ED,BADD48ED,True,10174,523308,0,0,10.000000,0.000000,28,True,False
1940,139696,10516,28,1,2D2473C5,2D2473C5,True,10516,526698,0,0,0.919825,0.000000,28,True,False
1941,139768,16189,28,1,F5AC3302,F5AC3302,True,16189,526698,0,0,0.919825,0.000000,28,True,False
1942,139840,10518,28,1,A2FE1620,A2FE1620,True,10518,526703,0,0,3.546760,0.000000,28,True,False
1943,139912,10519,28,1,77DCF3F1,77DCF3F1,True,10519,526718,0,0,0.986374,0.000000,28,True,False
1944,139984,10520,28,1,F4697DDC,F4697DDC,True,10520,526709,0,0,0.986374,0.000000,28,True,False
1945,140056,10521,28,1,471AA771,471AA771,True,10521,526726,0,0,0.986374,0.000000,28,True,False
1946,140128,10522,28,1,7FEA6790,7FEA6790,True,10522,526731,0,0,0.986374,0.000000,28,True,False
1947,140200,10523,28,1,75514407,75514407,True,10523,526742,0,0,0.919825,0.000000,28,True,False
1948,140272,10532,28,1,A9CD2E7D,A9CD2E7D,True,10532,526885,0,0,2.630540,0.000000,28,True,False
1949,140344,10539,28,1,54432A0B,54432A0B,True,10539,526954,0,0,1.605150,0.000000,28,True,False
1950,140416,10626,28,1,1D1596F4,1D1596F4,True,10626,528457,0,0,0.733038,0.000000,28,True,False
1951,140488,10628,28,1,655AE287,655AE287,True,10628,528466,528467,0,3.805070,0.000000,28,True,False
1952,140560,10985,28,1,F31D8F8B,F31D8F8B,True,10985,536747,0,0,2.000000,0.000000,28,True,False
1953,140632,10986,28,1,875A7474,875A7474,True,10986,536750,0,0,3.000000,0.000000,28,True,False
1954,140704,10987,28,1,050E9F1A,050E9F1A,True,10987,536752,0,0,2.000000,0.000000,28,True,False
1955,140776,10988,28,1,4686A7E6,4686A7E6,True,10988,536754,0,0,3.000000,0.000000,28,True,False
1956,140848,10989,28,1,69B40F0B,69B40F0B,True,10989,536756,0,0,2.000000,0.000000,28,True,False
1957,140920,10990,28,1,2CEBC383,2CEBC383,True,10990,536758,0,0,3.000000,0.000000,28,True,False
1958,140992,10991,28,1,D1D457D0,D1D457D0,True,10991,536760,0,0,2.000000,0.000000,28,True,False
1959,141064,10992,28,1,B641DAF7,B641DAF7,True,10992,536768,0,0,2.000000,0.000000,28,True,False
1960,141136,10993,28,1,1BA3ACA9,1BA3ACA9,True,10993,536762,0,0,2.000000,0.000000,28,True,False
1961,141208,10994,28,1,A940F9DE,A940F9DE,True,10994,536764,0,0,2.000000,0.000000,28,True,False
1962,141280,10995,28,1,71CEC8CC,71CEC8CC,True,10995,536766,0,0,2.000000,0.000000,28,True,False
1963,141352,11442,28,1,1D103FA4,1D103FA4,True,11442,546738,0,0,160.000000,0.000000,28,True,False
1964,141424,11444,28,1,57765500,57765500,True,11444,546806,0,0,160.000000,0.000000,28,True,False
1965,141496,11452,28,1,1E3529B3,1E3529B3,True,11452,546744,0,0,160.000000,0.000000,28,True,False
1966,141568,11453,28,1,D6B79202,D6B79202,True,11453,546747,0,0,3.374120,0.000000,28,True,False
1967,141640,11454,28,1,AD6381D9,AD6381D9,True,11454,546750,0,0,160.000000,0.000000,28,True,False
1968,141712,11455,28,1,E8A20CFF,E8A20CFF,True,11455,546753,0,0,160.000000,0.000000,28,True,False
1969,141784,11461,28,1,9CD7ECDB,9CD7ECDB,True,11461,546764,0,0,160.000000,0.000000,28,True,False
1970,141856,11462,28,1,DB4C5307,DB4C5307,True,11462,546769,0,0,160.000000,0.000000,28,True,False
1971,141928,11463,28,1,EBE1996D,EBE1996D,True,11463,546774,0,0,160.000000,0.000000,28,True,False
1972,142000,11464,28,1,D8694510,D8694510,True,11464,546779,0,0,160.000000,0.000000,28,True,False
1973,142072,11465,28,1,5357C9FB,5357C9FB,True,11465,546785,0,0,160.000000,0.000000,28,True,False
1974,142144,11471,28,1,13AE7F4E,13AE7F4E,True,11471,546812,0,0,160.000000,0.000000,28,True,False
1975,142216,11472,28,1,FFBF8EDB,FFBF8EDB,True,11472,546818,0,0,160.000000,0.000000,28,True,False
1976,142288,11473,28,1,F53C8377,F53C8377,True,11473,546824,0,0,160.000000,0.000000,28,True,False
1977,142360,11474,28,1,A46CFC2D,A46CFC2D,True,11474,546798,0,0,160.000000,0.000000,28,True,False
1978,142432,11480,28,1,48B2E872,48B2E872,True,11480,546909,0,0,160.000000,0.000000,28,True,False
1979,142504,11485,28,1,4F48057B,4F48057B,True,11485,546924,0,0,160.000000,0.000000,28,True,False
1980,142576,11486,28,1,89F6DF80,89F6DF80,True,11486,546928,0,0,160.000000,0.000000,28,True,False
1981,142648,11487,28,1,9E2EC3FF,9E2EC3FF,True,11487,546916,0,0,160.000000,0.000000,28,True,False
1982,142720,11488,28,1,016308D5,016308D5,True,11488,546920,0,0,160.000000,0.000000,28,True,False
1983,142792,11506,28,1,F688A0C7,F688A0C7,True,11506,547278,547279,0,200.000000,0.000000,28,True,False
1984,142864,16149,28,1,7675B3D2,7675B3D2,True,16149,591136,591137,0,200.000000,0.000000,28,True,False
1985,142936,16150,28,1,44B3ACC2,44B3ACC2,True,16150,591142,591143,0,6.369330,0.000000,28,True,False
1986,143008,9695,28,1,603BFB78,603BFB78,True,9695,510337,510338,0,40.639900,0.000000,28,True,False
1987,143080,9696,28,1,5C0CC8F6,5C0CC8F6,True,9696,510346,510347,0,51.886200,0.000000,28,True,False
1988,143152,9699,28,1,C2095D2F,C2095D2F,True,9699,510356,510357,0,10.478200,0.000000,28,True,False
1989,143224,9700,28,1,F898DBA0,F898DBA0,True,9700,510365,510366,0,10.479200,0.000000,28,True,False
1990,143296,9702,28,1,E6CE728D,E6CE728D,True,9702,510375,510376,0,55.901901,0.000000,28,True,False
1991,143368,9708,28,1,AC7295DF,AC7295DF,True,9708,510426,510427,0,55.924301,0.000000,28,True,False
1992,143440,10228,28,1,2B44699B,2B44699B,True,10228,523651,523652,0,73.394501,0.000000,28,True,False
1993,143512,10640,28,1,1CA6449C,1CA6449C,True,10640,523679,523680,0,53.972000,0.000000,28,True,False
1994,143584,10641,28,1,5F282F08,5F282F08,True,10641,523684,523685,0,42.892101,0.000000,28,True,False
1995,143656,10642,28,1,43EF4CAF,43EF4CAF,True,10642,523689,523690,0,47.745998,0.000000,28,True,False
1996,143728,9804,28,1,E90A3623,E90A3623,True,9804,512829,512830,0,150.000000,0.000000,28,True,False
1997,143800,9805,28,1,B0245C5A,B0245C5A,True,9805,512768,512769,512770,100.000000,0.000000,28,True,False
1998,143872,9806,28,1,F0BE16CC,F0BE16CC,True,9806,512777,512778,512779,31.230101,0.000000,28,True,False
1999,143944,9807,28,1,F7F47A41,F7F47A41,True,9807,512762,512763,512764,100.000000,0.000000,28,True,False
2000,144016,9808,28,1,F4F3A417,F4F3A417,True,9808,512772,512773,512774,30.954100,0.000000,28,True,False
2001,144088,9809,28,1,0DB714A3,0DB714A3,True,9809,512749,512750,512751,15.520900,0.000000,28,True,False
2002,144160,9810,28,1,9F7C94D2,9F7C94D2,True,9810,512753,512754,512755,11.038400,0.000000,28,True,False
2003,144232,9811,28,1,EFAAA129,EFAAA129,True,9811,512757,512758,512759,13.821000,0.000000,28,True,False
2004,144304,9812,28,1,0B498CF5,0B498CF5,True,9812,512781,512782,512783,22.351400,0.000000,28,True,False
2005,144376,9813,28,1,DBBAB966,DBBAB966,True,9813,512785,512786,512787,6.743920,0.000000,28,True,False
2006,144448,9814,28,1,2405DD75,2405DD75,True,9814,512745,512746,512747,29.567699,0.000000,28,True,False
2007,144520,9826,28,1,D738CCE5,D738CCE5,True,9826,512833,512834,0,150.000000,0.000000,28,True,False
2008,144592,9828,28,1,22C2DB01,22C2DB01,True,9828,512848,512849,512850,49.194199,0.000000,28,True,False
2009,144664,9836,28,1,9C73460F,9C73460F,True,9836,512852,512855,512853,13.838400,0.000000,28,True,False
2010,144736,9837,28,1,ED0BB719,ED0BB719,True,9837,512856,512857,512858,52.811001,0.000000,28,True,False
2011,144808,9838,28,1,A05C3940,A05C3940,True,9838,512860,512861,512862,54.935101,0.000000,28,True,False
2012,144880,9839,28,1,047B5FC0,047B5FC0,True,9839,512863,512864,512865,39.622799,0.000000,28,True,False
2013,144952,9841,28,1,CC7BF551,CC7BF551,True,9841,512871,512872,512873,34.296501,0.000000,28,True,False
2014,145024,9843,28,1,55A49D18,55A49D18,True,9843,512875,512876,512877,36.483002,0.000000,28,True,False
2015,145096,9845,28,1,22CE9AC6,22CE9AC6,True,9845,512879,512880,512881,25.286600,0.000000,28,True,False
2016,145168,9847,28,1,1E109445,1E109445,True,9847,512883,512884,512885,49.345699,0.000000,28,True,False
2017,145240,9850,28,1,6DF7C735,6DF7C735,True,9850,512887,512888,512889,54.936798,0.000000,28,True,False
2018,145312,9861,28,1,23B1371D,23B1371D,True,9861,519308,519309,0,81.612999,0.000000,28,True,False
2019,145384,9862,28,1,63313E4F,63313E4F,True,9862,519316,519317,0,93.687401,0.000000,28,True,False
2020,145456,9881,28,1,7954B48C,7954B48C,True,9881,513823,513824,513825,13.839600,0.000000,28,True,False
2021,145528,9882,28,1,5C23F2F7,5C23F2F7,True,9882,513835,513836,513837,45.760300,0.000000,28,True,False
2022,145600,9888,28,1,5843C73C,5843C73C,True,9888,513998,513999,0,150.750000,0.000000,28,True,False
2023,145672,9893,28,1,BAF92D0C,BAF92D0C,True,9893,514326,514327,0,150.761993,0.000000,28,True,False
2024,145744,9949,28,1,C53D751B,C53D751B,True,9949,518858,518859,0,60.000000,0.000000,28,True,False
2025,145816,9950,28,1,17984C28,17984C28,True,9950,518866,518867,0,60.000000,0.000000,28,True,False
2026,145888,9951,28,1,31C6C433,31C6C433,True,9951,518870,518871,0,60.000000,0.000000,28,True,False
2027,145960,9976,28,1,89470845,89470845,True,9976,515286,516122,0,125.000000,0.000000,28,True,False
2028,146032,9977,28,1,AB46BD75,AB46BD75,True,9977,515192,0,0,25.000000,0.000000,28,True,False
2029,146104,10023,28,1,612BF297,612BF297,True,10023,517100,517101,0,150.000000,0.000000,28,True,False
2030,146176,10027,28,1,88DF34D4,88DF34D4,True,10027,517137,517138,517139,15.142700,0.000000,28,True,False
2031,146248,10029,28,1,92FDC9B6,92FDC9B6,True,10029,517152,517157,0,4.505070,0.000000,28,True,False
2032,146320,10035,28,1,53F41773,53F41773,True,10035,517207,517355,517208,25.844999,0.000000,28,True,False
2033,146392,10036,28,1,5AB8F7DD,5AB8F7DD,True,10036,517249,517250,517251,16.103201,0.000000,28,True,False
2034,146464,10294,28,1,C1509431,C1509431,True,10294,519989,519990,519991,13.400400,0.000000,28,True,False
2035,146536,10295,28,1,69956100,69956100,True,10295,520144,520145,520146,7.897660,0.000000,28,True,False
2036,146608,10298,28,1,2751D6B7,2751D6B7,True,10298,524725,524726,524727,4.970450,0.000000,28,True,False
2037,146680,10300,28,1,207B30A3,207B30A3,True,10300,524750,524751,524752,4.972800,0.000000,28,True,False
2038,146752,10302,28,1,C7C71878,C7C71878,True,10302,524770,524771,524772,8.920190,0.000000,28,True,False
2039,146824,10330,28,1,720A68EA,720A68EA,True,10330,517322,517323,524680,2.857350,0.000000,28,True,False
2040,146896,10331,28,1,CD5233CB,CD5233CB,True,10331,517332,517333,524683,2.871420,0.000000,28,True,False
2041,146968,10512,28,1,B3CD96BD,B3CD96BD,True,10512,526644,526645,527938,59.206299,0.000000,28,True,False
2042,147040,10557,28,1,1962C58B,1962C58B,True,10557,527001,527002,0,5.807880,0.000000,28,True,False
2043,147112,10559,28,1,975A5D68,975A5D68,True,10559,527058,527059,0,4.253160,0.000000,28,True,False
2044,147184,10561,28,1,E32F564B,E32F564B,True,10561,527087,527088,0,2.792070,0.000000,28,True,False
2045,147256,10591,28,1,EE6DCD69,EE6DCD69,True,10591,527569,527863,527864,103.389000,0.000000,28,True,False
2046,147328,10598,28,1,1440131F,1440131F,True,10598,527865,527866,527867,104.791000,0.000000,28,True,False
2047,147400,10613,28,1,0F0F466D,0F0F466D,True,10613,528310,528311,528312,33.430401,0.000000,28,True,False
2048,147472,10615,28,1,F0EFF101,F0EFF101,True,10615,528341,528342,0,10.945300,0.000000,28,True,False
2049,147544,10617,28,1,EEBDC9A7,EEBDC9A7,True,10617,528358,528359,0,11.049500,0.000000,28,True,False
2050,147616,10623,28,1,A18260D2,A18260D2,True,10623,528447,528448,0,11.078800,0.000000,28,True,False
2051,147688,10855,28,1,E8EC72F3,E8EC72F3,True,10855,533370,0,0,1.096120,0.000000,28,True,False
2052,147760,10858,28,1,ADE5C747,ADE5C747,True,10858,533407,0,0,0.141421,0.000000,28,True,False
2053,147832,10037,28,1,D0BA4346,D0BA4346,True,10037,517159,517160,0,72.057999,0.000000,28,True,False
2054,147904,10107,28,1,047D226D,047D226D,True,10107,519123,519124,519125,21.182899,0.000000,28,True,False
2055,147976,10113,28,1,F689983F,F689983F,True,10113,519378,519439,0,1.434450,0.000000,28,True,False
2056,148048,10115,28,1,306346CC,306346CC,True,10115,519441,519448,0,1.431680,0.000000,28,True,False
2057,148120,15478,28,1,EF345081,EF345081,True,15478,581495,582025,0,71.806999,0.000000,28,True,False
2058,148192,9995,28,1,DCB68040,DCB68040,True,9995,516607,516613,0,40.624401,0.000000,28,True,False
2059,148264,9996,28,1,57527854,57527854,True,9996,516608,516615,516616,21.623301,0.000000,28,True,False
2060,148336,9997,28,1,9A754F2D,9A754F2D,True,9997,516609,516617,517132,29.684500,0.000000,28,True,False
2061,148408,10250,28,1,4C3739BF,4C3739BF,True,10250,523892,523893,0,62.388100,0.000000,28,True,False
2062,148480,10252,28,1,77A0AD7B,77A0AD7B,True,10252,524008,524009,0,11.318900,0.000000,28,True,False
2063,148552,10480,28,1,B3220642,B3220642,True,10480,526135,527567,0,50.000000,0.000000,28,True,False
2064,148624,10549,28,1,D5118EBD,D5118EBD,True,10549,526959,0,0,1.321070,0.000000,28,True,False
2065,148696,10550,28,1,0A6AB39B,0A6AB39B,True,10550,526963,0,0,1.413850,0.000000,28,True,False
2066,148768,10551,28,1,1820C81E,1820C81E,True,10551,526967,0,0,1.354250,0.000000,28,True,False
2067,148840,10552,28,1,1C58F0E5,1C58F0E5,True,10552,526971,0,0,1.321570,0.000000,28,True,False
2068,148912,10553,28,1,74EB93A7,74EB93A7,True,10553,526975,0,0,1.321570,0.000000,28,True,False
2069,148984,10645,28,1,8CFBFD45,8CFBFD45,True,10645,528888,528904,0,5.545810,0.000000,28,True,False
2070,149056,10851,28,1,D5375DAD,D5375DAD,True,10851,533021,533022,0,0.000000,0.000000,28,True,False
2071,149128,10910,28,1,79B414A2,79B414A2,True,10910,536823,536824,0,78.774902,0.000000,28,True,False
2072,149200,10911,28,1,70544C20,70544C20,True,10911,535451,535452,535453,30.808201,0.000000,28,True,False
2073,149272,10912,28,1,DBD92F5F,DBD92F5F,True,10912,535301,535302,535303,21.894600,0.000000,28,True,False
2074,149344,10913,28,1,0A178326,0A178326,True,10913,535218,536253,536254,19.266199,0.000000,28,True,False
2075,149416,10914,28,1,B2415A2C,B2415A2C,True,10914,535226,535227,535228,23.560301,0.000000,28,True,False
2076,149488,10915,28,1,002AA06F,002AA06F,True,10915,535232,535233,535234,5.221650,0.000000,28,True,False
2077,149560,10916,28,1,1F573769,1F573769,True,10916,535238,535239,535240,9.532840,0.000000,28,True,False
2078,149632,10917,28,1,D56D9EE3,D56D9EE3,True,10917,535244,535245,535246,5.294460,0.000000,28,True,False
2079,149704,10918,28,1,9FE508A8,9FE508A8,True,10918,535460,535461,535462,28.394501,0.000000,28,True,False
2080,149776,10919,28,1,B77A24D7,B77A24D7,True,10919,535256,535257,535258,7.541550,0.000000,28,True,False
2081,149848,10920,28,1,FE74060F,FE74060F,True,10920,535262,535263,535264,12.207200,0.000000,28,True,False
2082,149920,10921,28,1,F71AFDF0,F71AFDF0,True,10921,535268,535269,535270,11.066900,0.000000,28,True,False
2083,149992,10922,28,1,CD7BF256,CD7BF256,True,10922,535274,535275,535276,8.900030,0.000000,28,True,False
2084,150064,10923,28,1,B6E987FA,B6E987FA,True,10923,535280,535281,535282,7.011160,0.000000,28,True,False
2085,150136,10924,28,1,1C00A831,1C00A831,True,10924,535286,535287,535288,12.908900,0.000000,28,True,False
2086,150208,10925,28,1,12076C47,12076C47,True,10925,535292,535293,535294,12.908900,0.000000,28,True,False
2087,150280,10938,28,1,51A0EF64,51A0EF64,True,10938,535855,0,535856,0.000000,0.000000,28,True,False
2088,150352,10939,28,1,CAEE26C9,CAEE26C9,True,10939,535857,0,535858,0.000000,0.000000,28,True,False
2089,150424,10940,28,1,2FC6B066,2FC6B066,True,10940,535859,535860,535861,5.000000,0.000000,28,True,False
2090,150496,10951,28,1,05E533B5,05E533B5,True,10951,536214,536215,0,14.860800,0.000000,28,True,False
2091,150568,11105,28,1,CABEEE5E,CABEEE5E,True,11105,540320,540321,0,100.000000,0.000000,28,True,False
2092,150640,11106,28,1,57CD3D61,57CD3D61,True,11106,540336,540337,0,100.000000,0.000000,28,True,False
2093,150712,11107,28,1,3E455F76,3E455F76,True,11107,540348,540349,0,100.000000,0.000000,28,True,False
2094,150784,11108,28,1,F376C966,F376C966,True,11108,540359,540360,0,100.000000,0.000000,28,True,False
2095,150856,11109,28,1,8A46120D,8A46120D,True,11109,540369,540370,0,100.000000,0.000000,28,True,False
2096,150928,11110,28,1,CE29A2CD,CE29A2CD,True,11110,540380,540381,0,100.000000,0.000000,28,True,False
2097,151000,11111,28,1,E8387536,E8387536,True,11111,540390,540391,0,100.000000,0.000000,28,True,False
2098,151072,11112,28,1,64A15DFD,64A15DFD,True,11112,540401,540402,0,100.000000,0.000000,28,True,False
2099,151144,11113,28,1,0D293FEA,0D293FEA,True,11113,540413,540414,0,100.000000,0.000000,28,True,False
2100,151216,11114,28,1,8298AAA9,8298AAA9,True,11114,540423,540424,0,100.000000,0.000000,28,True,False
2101,151288,11115,28,1,E966CA14,E966CA14,True,11115,540443,540444,0,100.000000,0.000000,28,True,False
2102,151360,11116,28,1,9EB41F90,9EB41F90,True,11116,540454,540455,0,100.000000,0.000000,28,True,False
2103,151432,11117,28,1,D0D70881,D0D70881,True,11117,540462,540463,0,100.000000,0.000000,28,True,False
2104,151504,11118,28,1,027231B2,027231B2,True,11118,540470,540471,0,100.000000,0.000000,28,True,False
2105,151576,11119,28,1,7168B4CD,7168B4CD,True,11119,540477,540478,0,100.000000,0.000000,28,True,False
2106,151648,11120,28,1,6A689C8D,6A689C8D,True,11120,540484,540485,0,100.000000,0.000000,28,True,False
2107,151720,11121,28,1,707487AD,707487AD,True,11121,540491,540492,0,100.000000,0.000000,28,True,False
2108,151792,11122,28,1,1480B833,1480B833,True,11122,540499,540505,0,100.000000,0.000000,28,True,False
2109,151864,11123,28,1,ACB8F115,ACB8F115,True,11123,540511,540512,0,100.000000,0.000000,28,True,False
2110,151936,11124,28,1,0DB389EA,0DB389EA,True,11124,540517,541723,0,100.000000,0.000000,28,True,False
2111,152008,11125,28,1,C87FD539,C87FD539,True,11125,540527,540528,0,100.000000,0.000000,28,True,False
2112,152080,11126,28,1,3ADFC047,3ADFC047,True,11126,540533,540534,0,100.000000,0.000000,28,True,False
2113,152152,11127,28,1,7C284FA2,7C284FA2,True,11127,540540,540631,0,100.000000,0.000000,28,True,False
2114,152224,11128,28,1,40635E83,40635E83,True,11128,540542,540543,0,100.000000,0.000000,28,True,False
2115,152296,11129,28,1,15AFD17A,15AFD17A,True,11129,540553,540554,0,100.000000,0.000000,28,True,False
2116,152368,11134,28,1,E1468FB0,E1468FB0,True,11134,540655,540656,0,100.000000,0.000000,28,True,False
2117,152440,11135,28,1,42766F3C,42766F3C,True,11135,540667,540677,0,100.000000,0.000000,28,True,False
2118,152512,11139,28,1,EBA0EB81,EBA0EB81,True,11139,540687,540688,0,100.000000,0.000000,28,True,False
2119,152584,11142,28,1,7D788D90,7D788D90,True,11142,540768,540769,0,100.000000,0.000000,28,True,False
2120,152656,11143,28,1,489CE0E8,489CE0E8,True,11143,540760,540761,0,100.000000,0.000000,28,True,False
2121,152728,11146,28,1,1E3D0E06,1E3D0E06,True,11146,540780,540781,0,100.000000,0.000000,28,True,False
2122,152800,11147,28,1,9B8CC13E,9B8CC13E,True,11147,540787,540788,0,100.000000,0.000000,28,True,False
2123,152872,11151,28,1,B2EC1CF2,B2EC1CF2,True,11151,540794,540795,0,100.000000,0.000000,28,True,False
2124,152944,11153,28,1,87762102,87762102,True,11153,540806,540807,0,100.000000,0.000000,28,True,False
2125,153016,11155,28,1,20ACF02F,20ACF02F,True,11155,540828,0,0,100.000000,0.000000,28,True,False
2126,153088,11156,28,1,6DDBD516,6DDBD516,True,11156,541076,0,0,100.000000,0.000000,28,True,False
2127,153160,11159,28,1,19A095FC,19A095FC,True,11159,541087,541088,0,100.000000,0.000000,28,True,False
2128,153232,11160,28,1,FBF092A0,FBF092A0,True,11160,541107,541108,0,100.000000,0.000000,28,True,False
2129,153304,11294,28,1,ADC87441,ADC87441,True,11294,545002,545003,0,3.498790,0.000000,28,True,False
2130,153376,11215,28,1,B0EECF64,B0EECF64,True,11215,542207,542341,0,103.154999,0.000000,28,True,False
2131,153448,11217,28,1,4A1D667D,4A1D667D,True,11217,542345,542923,542951,36.723598,0.000000,28,True,False
2132,153520,11228,28,1,B97027B2,B97027B2,True,11228,542520,542778,0,12.812100,0.000000,28,True,False
2133,153592,11229,28,1,071FB727,071FB727,True,11229,542414,542780,0,21.686800,0.000000,28,True,False
2134,153664,11230,28,1,303AFFB3,303AFFB3,True,11230,542418,542782,0,20.198400,0.000000,28,True,False
2135,153736,11231,28,1,6ADB56A6,6ADB56A6,True,11231,542466,542784,0,22.366699,0.000000,28,True,False
2136,153808,11286,28,1,636A187B,636A187B,True,11286,543078,543127,0,24.880501,0.000000,28,True,False
2137,153880,11356,28,1,2B411940,2B411940,True,11356,545614,545615,0,32.308201,0.000000,28,True,False
2138,153952,11435,28,1,AE8943D8,AE8943D8,True,11435,546556,546557,0,57.818100,0.000000,28,True,False
2139,154024,11437,28,1,8234BC07,8234BC07,True,11437,546566,546567,0,14.781300,0.000000,28,True,False
2140,154096,11574,28,1,2F7D718A,2F7D718A,True,11574,549100,549121,549101,12.932500,0.000000,28,True,False
2141,154168,11575,28,1,65FCAA00,65FCAA00,True,11575,549102,549122,549103,43.327000,0.000000,28,True,False
2142,154240,11576,28,1,39C82FCA,39C82FCA,True,11576,549108,549125,549109,8.536690,0.000000,28,True,False
2143,154312,11577,28,1,056D6277,056D6277,True,11577,549112,549129,549113,16.025400,0.000000,28,True,False
2144,154384,11578,28,1,EC6DF545,EC6DF545,True,11578,549114,549130,549115,8.284020,0.000000,28,True,False
2145,154456,11579,28,1,C67C0363,C67C0363,True,11579,549118,549131,549119,7.285820,0.000000,28,True,False
2146,154528,11580,28,1,3D83D3A1,3D83D3A1,True,11580,549120,549128,0,62.916199,0.000000,28,True,False
2147,154600,12152,28,1,A9C185A8,A9C185A8,True,12152,554074,580129,0,85.175400,0.000000,28,True,False
2148,154672,12153,28,1,8DE55C6D,8DE55C6D,True,12153,554075,554130,554112,24.560900,0.000000,28,True,False
2149,154744,12154,28,1,ADCC4F75,ADCC4F75,True,12154,554076,554131,554077,47.475300,0.000000,28,True,False
2150,154816,12155,28,1,631BEC80,631BEC80,True,12155,554106,554132,554107,16.038500,0.000000,28,True,False
2151,154888,12156,28,1,1AC7020F,1AC7020F,True,12156,554178,560435,560436,18.382099,0.000000,28,True,False
2152,154960,12157,28,1,D0A72205,D0A72205,True,12157,554110,554134,554111,11.826900,0.000000,28,True,False
2153,155032,14999,28,1,9C88E028,9C88E028,True,14999,565687,580319,0,75.118301,0.000000,28,True,False
2154,155104,15000,28,1,FA0D158C,FA0D158C,True,15000,565152,565153,565154,16.687099,0.000000,28,True,False
2155,155176,15001,28,1,E5CDF1A3,E5CDF1A3,True,15001,565155,565156,565157,42.678699,0.000000,28,True,False
2156,155248,15002,28,1,65F6ABDE,65F6ABDE,True,15002,565161,565162,565163,13.534900,0.000000,28,True,False
2157,155320,15003,28,1,9FCF2D89,9FCF2D89,True,15003,565158,565159,565160,15.115600,0.000000,28,True,False
2158,155392,15004,28,1,0F59E09C,0F59E09C,True,15004,565189,565190,565191,18.840500,0.000000,28,True,False
2159,155464,15005,28,1,BBABB1B7,BBABB1B7,True,15005,565167,565168,565169,11.409900,0.000000,28,True,False
2160,155536,15209,55,1,36C4DE51,36C4DE51,True,15209,576789,576964,0,35.182701,0.000000,1,True,False
2161,155608,15210,28,1,B4574547,B4574547,True,15210,576791,580606,576794,5.536420,0.000000,28,True,False
2162,155680,15211,28,1,8162BE34,8162BE34,True,15211,576795,576796,576797,24.251301,0.000000,28,True,False
2163,155752,15212,28,1,002570B9,002570B9,True,15212,576799,576800,576801,9.754010,0.000000,28,True,False
2164,155824,15213,28,1,B3D5869F,B3D5869F,True,15213,576803,580603,576805,8.562270,0.000000,28,True,False
2165,155896,15214,28,1,E0D7FAE3,E0D7FAE3,True,15214,576807,576808,576809,8.562270,0.000000,28,True,False
2166,155968,15808,28,1,DECC4EAC,DECC4EAC,True,15808,583872,583874,0,61.274899,0.000000,28,True,False
2167,156040,15809,28,1,C1F02B2B,C1F02B2B,True,15809,584046,584047,584048,19.200899,0.000000,28,True,False
2168,156112,15810,28,1,32E24724,32E24724,True,15810,584123,584124,584125,10.374300,0.000000,28,True,False
2169,156184,15811,28,1,D8FCFAD1,D8FCFAD1,True,15811,584141,584142,584143,9.090550,0.000000,28,True,False
2170,156256,15812,28,1,B4C8041F,B4C8041F,True,15812,584177,584178,584179,9.240680,0.000000,28,True,False
2171,156328,15813,28,1,68F5179E,68F5179E,True,15813,584212,584213,584214,10.153700,0.000000,28,True,False
2172,156400,15814,28,1,21FB048E,21FB048E,True,15814,584237,584238,584239,10.973300,0.000000,28,True,False
2173,156472,15853,28,1,DB294ACC,DB294ACC,True,15853,584707,584781,0,86.827400,0.000000,28,True,False
2174,156544,15854,28,1,8A6A738B,8A6A738B,True,15854,584595,584596,584597,8.042680,0.000000,28,True,False
2175,156616,15855,28,1,FA73E98E,FA73E98E,True,15855,584607,584608,584609,39.116901,0.000000,28,True,False
2176,156688,15856,28,1,0F2D6734,0F2D6734,True,15856,584668,584811,584669,14.268400,0.000000,28,True,False
2177,156760,15857,28,1,60092818,60092818,True,15857,584676,584677,584678,13.161900,0.000000,28,True,False
2178,156832,15858,28,1,7F2F8BE6,7F2F8BE6,True,15858,584689,584690,584691,11.427900,0.000000,28,True,False
2179,156904,15859,28,1,5FA2421A,5FA2421A,True,15859,584692,584693,584694,6.596720,0.000000,28,True,False
2180,156976,15860,28,1,BB415573,BB415573,True,15860,584695,584713,584714,27.892099,0.000000,28,True,False
2181,157048,15861,28,1,3B19116B,3B19116B,True,15861,584696,584930,584715,19.233000,0.000000,28,True,False
2182,157120,15862,28,1,C00D45D6,C00D45D6,True,15862,584697,584821,584716,19.215599,0.000000,28,True,False
2183,157192,15863,28,1,A37A3A58,A37A3A58,True,15863,584698,584717,584718,19.233000,0.000000,28,True,False
2184,157264,15864,28,1,258B865B,258B865B,True,15864,584699,584719,584720,17.363400,0.000000,28,True,False
2185,157336,15865,28,1,5FF74E10,5FF74E10,True,15865,584700,584721,584722,12.660100,0.000000,28,True,False
2186,157408,15866,28,1,A2F5FEDB,A2F5FEDB,True,15866,584701,584723,584724,12.389300,0.000000,28,True,False
2187,157480,15867,28,1,AC032EF0,AC032EF0,True,15867,584702,584725,584726,7.854540,0.000000,28,True,False
2188,157552,15868,28,1,FDFB34EE,FDFB34EE,True,15868,584703,584727,584728,12.946300,0.000000,28,True,False
2189,157624,15869,28,1,E1A09EBE,E1A09EBE,True,15869,584704,584729,584730,12.947000,0.000000,28,True,False
2190,157696,15870,28,1,F3D96273,F3D96273,True,15870,584705,584731,584732,11.080600,0.000000,28,True,False
2191,157768,15871,28,1,2D001612,2D001612,True,15871,584706,584733,584734,11.081400,0.000000,28,True,False
2192,157840,16228,28,1,44751D5B,44751D5B,True,16228,591386,591527,0,4.278260,0.000000,28,True,False
2193,157912,16404,28,1,760E5DD5,760E5DD5,True,16404,591636,592725,0,300.000000,0.000000,28,True,False
2194,157984,16405,28,1,E5B6FFE0,E5B6FFE0,True,16405,591650,592723,592724,16.090900,0.000000,28,True,False
2195,158056,16406,28,1,04626B03,04626B03,True,16406,591652,591653,592739,25.407600,0.000000,28,True,False
2196,158128,16407,28,1,03256D19,03256D19,True,16407,591655,591656,592741,17.916599,0.000000,28,True,False
2197,158200,1401,28,1,DEE99A2B,DEE99A2B,True,1401,320318,320319,0,3.457900,0.000000,28,True,False
2198,158272,1472,28,1,A503713D,A503713D,True,1472,321603,321604,0,2.851320,0.000000,28,True,False
2199,158344,1633,28,1,35715B6F,35715B6F,True,1633,179708,179709,0,13.989200,0.000000,28,True,False
2200,158416,1731,28,1,71382B20,71382B20,True,1731,322612,322613,0,16.031601,0.000000,28,True,False
2201,158488,2048,28,1,F3B22148,F3B22148,True,2048,14135,74092,0,9.822930,0.000000,28,True,False
2202,158560,2857,28,1,C6E852DC,C6E852DC,True,2857,43828,43829,0,20.774401,0.000000,28,True,False
2203,158632,2858,28,1,1A327265,1A327265,True,2858,43738,40371,0,16.652100,0.000000,28,True,False
2204,158704,2859,28,1,DECB56DF,DECB56DF,True,2859,33251,33252,0,10.890700,0.000000,28,True,False
2205,158776,3440,28,1,26BCAF32,26BCAF32,True,3440,212124,212125,0,30.766001,0.000000,28,True,False
2206,158848,3769,28,1,D42C17CA,D42C17CA,True,3769,49463,49465,0,10.858700,0.000000,28,True,False
2207,158920,3852,28,1,C532FE51,C532FE51,True,3852,335472,335473,0,38.608200,0.000000,28,True,False
2208,158992,5134,28,1,B4D6A874,B4D6A874,True,5134,142575,142576,0,10.786400,0.000000,28,True,False
2209,159064,5215,28,1,0E611CBD,0E611CBD,True,5215,146571,146572,0,48.783401,0.000000,28,True,False
2210,159136,5217,28,1,2E967A27,2E967A27,True,5217,146634,146635,0,65.595100,0.000000,28,True,False
2211,159208,5757,28,1,1AB4BAB2,1AB4BAB2,True,5757,172562,174384,0,14.641500,0.000000,28,True,False
2212,159280,5767,28,1,D8D5B88F,D8D5B88F,True,5767,173288,173289,0,17.795700,0.000000,28,True,False
2213,159352,5768,28,1,8AED701E,8AED701E,True,5768,173464,173467,0,15.541100,0.000000,28,True,False
2214,159424,6131,28,1,19075357,19075357,True,6131,255896,255897,0,20.021799,0.000000,28,True,False
2215,159496,6220,28,1,1D103D27,1D103D27,True,6220,300341,300342,0,64.885498,0.000000,28,True,False
2216,159568,6221,28,1,617C6E4C,617C6E4C,True,6221,300297,300298,0,12.953900,0.000000,28,True,False
2217,159640,9296,28,1,4118EA8C,4118EA8C,True,9296,503684,503685,0,1.131650,0.000000,28,True,False
2218,159712,9352,28,1,710D61DC,710D61DC,True,9352,504277,504278,0,1.732100,0.000000,28,True,False
2219,159784,11515,28,1,61629D58,61629D58,True,11515,497610,0,497700,12.683500,0.000000,28,True,False
2220,159856,16190,28,1,BEF833CE,BEF833CE,True,16190,591185,591186,0,6.082460,0.000000,28,True,False
2221,159928,496,28,1,708836D4,708836D4,True,496,40350,276371,0,135.186005,0.000000,28,True,False
2222,160000,1410,28,1,E4212C12,E4212C12,True,1410,320714,320715,0,39.029099,0.000000,28,True,False
2223,160072,1519,28,1,B034DD30,B034DD30,True,1519,194771,194785,0,0.605046,0.000000,28,True,False
2224,160144,1559,28,1,C444339A,C444339A,True,1559,194800,194801,0,0.609932,0.000000,28,True,False
2225,160216,1728,28,1,E767D9D7,E767D9D7,True,1728,192553,192554,0,2.669050,0.000000,28,True,False
2226,160288,1788,28,1,F40587B8,F40587B8,True,1788,194804,194805,0,0.622928,0.000000,28,True,False
2227,160360,1790,28,1,80BE9822,80BE9822,True,1790,194808,194809,0,0.617733,0.000000,28,True,False
2228,160432,1795,28,1,2A0C3634,2A0C3634,True,1795,323435,323436,0,2.310840,0.000000,28,True,False
2229,160504,1846,28,1,895EB1C2,895EB1C2,True,1846,278165,278166,0,10.075700,0.000000,28,True,False
2230,160576,2206,28,1,517ECD4C,517ECD4C,True,2206,192811,193287,0,6.532660,0.000000,28,True,False
2231,160648,2271,28,1,DD8996B4,DD8996B4,True,2271,192829,193379,0,34.333199,0.000000,28,True,False
2232,160720,2273,28,1,F6359B59,F6359B59,True,2273,193078,193079,0,5.504280,0.000000,28,True,False
2233,160792,2647,28,1,72ECA375,72ECA375,True,2647,193168,193169,0,6.155180,0.000000,28,True,False
2234,160864,3007,28,1,9446BE88,9446BE88,True,3007,193391,193392,0,7.693270,0.000000,28,True,False
2235,160936,3052,28,1,5184885E,5184885E,True,3052,193595,193596,0,17.461500,0.000000,28,True,False
2236,161008,3136,28,1,BB350F39,BB350F39,True,3136,194812,194813,0,1.296740,0.000000,28,True,False
2237,161080,3140,28,1,5C4A7BF1,5C4A7BF1,True,3140,280542,280544,0,5.503050,0.000000,28,True,False
2238,161152,3277,28,1,76DC7301,76DC7301,True,3277,280746,280747,0,5.503050,0.000000,28,True,False
2239,161224,3300,28,1,914B9D60,914B9D60,True,3300,190606,190607,0,3.883550,0.000000,28,True,False
2240,161296,3302,28,1,428AB96E,428AB96E,True,3302,190676,190677,0,3.883550,0.000000,28,True,False
2241,161368,3304,28,1,ECE4F9D3,ECE4F9D3,True,3304,190751,190758,0,3.883550,0.000000,28,True,False
2242,161440,3306,28,1,06FACC06,06FACC06,True,3306,190807,190808,0,1.580910,0.000000,28,True,False
2243,161512,3308,28,1,A248E0DE,A248E0DE,True,3308,190826,190827,0,1.217080,0.000000,28,True,False
2244,161584,3310,28,1,EBBEB487,EBBEB487,True,3310,190843,190855,0,0.989366,0.000000,28,True,False
2245,161656,3312,28,1,93113AB5,93113AB5,True,3312,190862,190863,0,1.870540,0.000000,28,True,False
2246,161728,3317,28,1,80D41554,80D41554,True,3317,194815,194816,0,1.014940,0.000000,28,True,False
2247,161800,3318,28,1,0CA3525A,0CA3525A,True,3318,194818,194819,0,1.295370,0.000000,28,True,False
2248,161872,3331,28,1,C90B4E80,C90B4E80,True,3331,191508,191509,0,6.232730,0.000000,28,True,False
2249,161944,3333,28,1,84DEB408,84DEB408,True,3333,191534,191535,0,9.864060,0.000000,28,True,False
2250,162016,3342,28,1,2BFED0B1,2BFED0B1,True,3342,280868,0,0,7.988270,0.000000,28,True,False
2251,162088,3348,28,1,DA968EE0,DA968EE0,True,3348,281104,281105,0,3.926970,0.000000,28,True,False
2252,162160,3370,28,1,947E0BB2,947E0BB2,True,3370,194821,194822,0,1.283660,0.000000,28,True,False
2253,162232,3383,28,1,E42D3954,E42D3954,True,3383,197703,197704,0,5.503050,0.000000,28,True,False
2254,162304,3385,28,1,FC86668E,FC86668E,True,3385,197725,197726,0,5.503050,0.000000,28,True,False
2255,162376,3557,28,1,CE8DF9EF,CE8DF9EF,True,3557,281718,0,0,1.913770,0.000000,28,True,False
2256,162448,3583,28,1,6EEF1A4F,6EEF1A4F,True,3583,283118,283120,0,5.921300,0.000000,28,True,False
2257,162520,3617,28,1,19B1C923,19B1C923,True,3617,284430,284443,0,5.714000,0.000000,28,True,False
2258,162592,3618,28,1,D2C5EE10,D2C5EE10,True,3618,168262,284449,0,7.293360,0.000000,28,True,False
2259,162664,3619,28,1,86397EEB,86397EEB,True,3619,284456,284457,0,15.430500,0.000000,28,True,False
2260,162736,3620,28,1,75A0C6AA,75A0C6AA,True,3620,284468,284469,0,15.430500,0.000000,28,True,False
2261,162808,3662,28,1,EF59EDCA,EF59EDCA,True,3662,209928,209929,0,26.586800,0.000000,28,True,False
2262,162880,3664,28,1,E6C86234,E6C86234,True,3664,209969,209970,0,26.586800,0.000000,28,True,False
2263,162952,3666,28,1,1BCA3137,1BCA3137,True,3666,210004,210005,0,26.586800,0.000000,28,True,False
2264,163024,3739,28,1,304512B8,304512B8,True,3739,286526,286528,0,5.322200,0.000000,28,True,False
2265,163096,3795,28,1,FFFF3EDD,FFFF3EDD,True,3795,288531,288532,0,2.161020,0.000000,28,True,False
2266,163168,3798,28,1,CB8D7BF2,CB8D7BF2,True,3798,289283,289284,0,2.161020,0.000000,28,True,False
2267,163240,3855,28,1,13A6C1CB,13A6C1CB,True,3855,335388,335306,0,4.430570,0.000000,28,True,False
2268,163312,4379,28,1,68E4FFE9,68E4FFE9,True,4379,293359,0,0,25.270901,0.000000,28,True,False
2269,163384,4418,28,1,06DF39DF,06DF39DF,True,4418,168195,168196,0,0.586003,0.000000,28,True,False
2270,163456,4420,28,1,E5DF4031,E5DF4031,True,4420,168211,168212,0,1.286230,0.000000,28,True,False
2271,163528,4422,28,1,659AE3FF,659AE3FF,True,4422,168227,168228,0,0.458367,0.000000,28,True,False
2272,163600,4424,28,1,50AAE826,50AAE826,True,4424,168244,168245,0,6.039270,0.000000,28,True,False
2273,163672,4478,28,1,6F475B99,6F475B99,True,4478,99063,99073,0,2.091830,0.000000,28,True,False
2274,163744,4479,28,1,99119510,99119510,True,4479,99070,99075,0,1.587050,0.000000,28,True,False
2275,163816,4480,28,1,91ECDB75,91ECDB75,True,4480,99077,99078,0,1.625520,0.000000,28,True,False
2276,163888,4481,28,1,3DA58F2A,3DA58F2A,True,4481,99082,99083,0,0.549051,0.000000,28,True,False
2277,163960,4482,28,1,9A893938,9A893938,True,4482,64623,64624,0,0.692820,0.000000,28,True,False
2278,164032,4483,28,1,075D1A77,075D1A77,True,4483,64609,64612,0,2.931810,0.000000,28,True,False
2279,164104,4484,28,1,85554C98,85554C98,True,4484,64618,64619,0,2.872480,0.000000,28,True,False
2280,164176,4538,28,1,1A6E50DE,1A6E50DE,True,4538,168391,168392,0,6.294640,0.000000,28,True,False
2281,164248,4717,28,1,EC9AE6BB,EC9AE6BB,True,4717,168407,168408,0,1.672680,0.000000,28,True,False
2282,164320,5200,28,1,BC364E84,BC364E84,True,5200,337380,0,0,4.093710,0.000000,28,True,False
2283,164392,5342,28,1,E53D34C7,E53D34C7,True,5342,337383,0,0,4.069660,0.000000,28,True,False
2284,164464,5345,28,1,090068CD,090068CD,True,5345,337386,0,0,4.384190,0.000000,28,True,False
2285,164536,5460,28,1,49CC2F0E,49CC2F0E,True,5460,356828,356829,0,12.497900,0.000000,28,True,False
2286,164608,5611,28,1,37766368,37766368,True,5611,169210,169212,0,1.068450,0.000000,28,True,False
2287,164680,5615,28,1,0A2155A0,0A2155A0,True,5615,169330,169331,0,0.699385,0.000000,28,True,False
2288,164752,5617,28,1,35516DDC,35516DDC,True,5617,169347,169348,0,0.699474,0.000000,28,True,False
2289,164824,5619,28,1,A293B4FC,A293B4FC,True,5619,169361,169362,0,1.368630,0.000000,28,True,False
2290,164896,5621,28,1,D7D5E9ED,D7D5E9ED,True,5621,169381,169382,0,1.057770,0.000000,28,True,False
2291,164968,5623,28,1,DBA48E9D,DBA48E9D,True,5623,169395,169397,0,1.404980,0.000000,28,True,False
2292,165040,5897,28,1,F40A2E58,F40A2E58,True,5897,337813,0,0,14.250000,0.000000,28,True,False
2293,165112,6231,28,1,31548094,31548094,True,6231,301158,301159,0,4.849900,0.000000,28,True,False
2294,165184,6321,28,1,7431B108,7431B108,True,6321,305923,305938,0,3.883550,0.000000,28,True,False
2295,165256,6322,28,1,C355839A,C355839A,True,6322,305924,305942,0,1.994220,0.000000,28,True,False
2296,165328,6323,28,1,A19C8547,A19C8547,True,6323,305925,305944,0,1.993390,0.000000,28,True,False
2297,165400,6324,28,1,403ACE8D,403ACE8D,True,6324,305926,305946,0,1.105930,0.000000,28,True,False
2298,165472,6325,28,1,1F4C1332,1F4C1332,True,6325,305927,305950,0,5.503050,0.000000,28,True,False
2299,165544,6326,28,1,D78BD919,D78BD919,True,6326,305928,305954,0,5.503050,0.000000,28,True,False
2300,165616,6327,28,1,7C91913C,7C91913C,True,6327,305929,305959,0,5.503050,0.000000,28,True,False
2301,165688,6427,28,1,4B2D743F,4B2D743F,True,6427,311193,0,0,2.231060,0.000000,28,True,False
2302,165760,6429,28,1,EDE0693A,EDE0693A,True,6429,311218,0,0,2.685140,0.000000,28,True,False
2303,165832,6431,28,1,A320DDC7,A320DDC7,True,6431,311240,0,0,2.635010,0.000000,28,True,False
2304,165904,6437,28,1,C805D97B,C805D97B,True,6437,339919,339920,0,1.898240,0.000000,28,True,False
2305,165976,7487,28,1,5CF34CAB,5CF34CAB,True,7487,413099,413100,0,1.004990,0.000000,28,True,False
2306,166048,7947,28,1,2F0FFD77,2F0FFD77,True,7947,456799,456800,0,14.361100,0.000000,28,True,False
2307,166120,7961,28,1,389D6A21,389D6A21,True,7961,184911,485255,0,25.000000,0.000000,28,True,False
2308,166192,7962,28,1,9BD3F20A,9BD3F20A,True,7962,350319,350340,0,25.000000,0.000000,28,True,False
2309,166264,8206,28,1,753171D1,753171D1,True,8206,469575,469576,0,5.339550,0.000000,28,True,False
2310,166336,8426,28,1,31DB8B71,31DB8B71,True,8426,485084,0,0,25.000000,0.000000,28,True,False
2311,166408,7240,28,1,620634D7,620634D7,True,7240,397118,397610,0,1.384540,0.000000,28,True,False
2312,166480,7416,28,1,2A36BC68,2A36BC68,True,7416,407140,408477,0,1.568950,0.000000,28,True,False
2313,166552,7418,28,1,24ABEEB1,24ABEEB1,True,7418,407144,408480,0,1.355220,0.000000,28,True,False
2314,166624,7734,28,1,56149CA5,56149CA5,True,7734,423020,423021,423022,19.705700,0.000000,28,True,False
2315,166696,8677,28,1,6553AB0E,6553AB0E,True,8677,422935,0,0,0.405595,0.000000,28,True,False
2316,166768,10335,28,1,9C2FA71C,9C2FA71C,True,10335,395345,0,0,0.915127,0.000000,28,True,False
2317,166840,8251,28,1,EA971584,EA971584,True,8251,41821,0,0,0.494772,0.000000,28,True,False
2318,166912,8254,28,1,0E8E3EB3,0E8E3EB3,True,8254,41722,0,0,0.646097,0.000000,28,True,False
2319,166984,8256,28,1,BAAD0B25,BAAD0B25,True,8256,470721,0,0,0.607785,0.000000,28,True,False
2320,167056,8258,28,1,FD973AB4,FD973AB4,True,8258,470700,0,0,1.212800,0.000000,28,True,False
2321,167128,8857,28,1,C9F9EEC7,C9F9EEC7,True,8857,503732,0,0,0.277816,0.000000,28,True,False
2322,167200,8938,28,1,07B46DEB,07B46DEB,True,8938,178207,178209,0,0.855853,0.000000,28,True,False
2323,167272,9886,28,1,0B5D5609,0B5D5609,True,9886,513981,0,0,0.361881,0.000000,28,True,False
2324,167344,10319,28,1,FFCA1907,FFCA1907,True,10319,50126,50127,0,0.747191,0.000000,28,True,False
2325,167416,10320,28,1,6581FFD0,6581FFD0,True,10320,50138,50153,0,0.747191,0.000000,28,True,False
2326,167488,10321,28,1,DCA51853,DCA51853,True,10321,50113,50115,0,0.747191,0.000000,28,True,False
2327,167560,10322,28,1,B4B94719,B4B94719,True,10322,283475,283490,0,1.183210,0.000000,28,True,False
2328,167632,10323,28,1,A270BBF6,A270BBF6,True,10323,23971,24582,0,1.365830,0.000000,28,True,False
2329,167704,10324,28,1,765C255D,765C255D,True,10324,172445,172446,0,1.853540,0.000000,28,True,False
2330,167776,10325,28,1,84C72ECC,84C72ECC,True,10325,318839,318841,0,1.411800,0.000000,28,True,False
2331,167848,10326,28,1,8B5372BE,8B5372BE,True,10326,238039,238040,0,1.529450,0.000000,28,True,False
2332,167920,10327,28,1,543CF257,543CF257,True,10327,330550,330586,0,1.851860,0.000000,28,True,False
2333,167992,10328,28,1,DA48DD70,DA48DD70,True,10328,320006,320439,0,1.493490,0.000000,28,True,False
2334,168064,10329,28,1,D276A35F,D276A35F,True,10329,179961,179982,0,1.655080,0.000000,28,True,False
2335,168136,10337,28,1,22B26621,22B26621,True,10337,384829,384840,0,1.010900,0.000000,28,True,False
2336,168208,15439,28,1,46E2DD84,46E2DD84,True,15439,265890,265896,0,1.259710,0.000000,28,True,False
2337,168280,9078,28,1,545DE930,545DE930,True,9078,169730,465122,0,20.000000,0.000000,28,True,False
2338,168352,9079,28,1,5CA47642,5CA47642,True,9079,246470,246471,0,20.000000,0.000000,28,True,False
2339,168424,9084,28,1,AE48B8CF,AE48B8CF,True,9084,317857,0,0,0.278893,0.000000,28,True,False
2340,168496,9176,28,1,83E342A9,83E342A9,True,9176,238529,238530,0,20.000000,0.000000,28,True,False
2341,168568,9177,28,1,FCED0C34,FCED0C34,True,9177,501485,501486,0,20.000000,0.000000,28,True,False
2342,168640,9221,28,1,291236B3,291236B3,True,9221,336824,336962,0,3.974700,0.000000,28,True,False
2343,168712,10016,53,1,9B17EFDA,9B17EFDA,True,10016,517025,0,0,1.865890,0.000000,3,True,False
2344,168784,10018,28,1,71BECA90,71BECA90,True,10018,517025,0,0,1.865890,0.000000,28,True,False
2345,168856,10019,53,1,F7BC5427,F7BC5427,True,10019,517025,0,0,1.865890,0.000000,3,True,False
2346,168928,10020,53,1,5033939C,5033939C,True,10020,517025,0,0,1.865890,0.000000,3,True,False
2347,169000,10021,53,1,0AF2AC1D,0AF2AC1D,True,10021,517025,0,0,1.865890,0.000000,3,True,False
2348,169072,10032,53,1,2EADAC64,2EADAC64,True,10032,517025,0,0,1.865890,0.000000,3,True,False
2349,169144,10313,28,1,0881F51A,0881F51A,True,10313,526208,532102,0,5.253900,0.000000,28,True,False
2350,169216,4912,28,1,1D2723D9,1D2723D9,True,4912,134162,134163,0,1.839160,0.000000,28,True,False
2351,169288,4914,28,1,8282E29B,8282E29B,True,4914,134204,134206,0,2.830190,0.000000,28,True,False
2352,169360,4995,28,1,7429E376,7429E376,True,4995,134204,134206,0,2.830190,0.000000,28,True,False
2353,169432,6592,28,1,AC88140F,AC88140F,True,6592,350249,350250,0,1.911150,0.000000,28,True,False
2354,169504,6980,28,1,540F43EB,540F43EB,True,6980,386590,0,0,1.254990,0.000000,28,True,False
2355,169576,6982,28,1,84C0A9CF,84C0A9CF,True,6982,386629,0,0,1.254990,0.000000,28,True,False
2356,169648,6999,28,1,0F085503,0F085503,True,6999,386951,387398,0,1.465650,0.000000,28,True,False
2357,169720,7000,28,1,3EFF0E6E,3EFF0E6E,True,7000,386950,387396,0,1.245190,0.000000,28,True,False
2358,169792,7052,28,1,14BEE957,14BEE957,True,7052,389626,0,0,1.365060,0.000000,28,True,False
2359,169864,7053,28,1,1B727E85,1B727E85,True,7053,389632,0,0,1.277310,0.000000,28,True,False
2360,169936,7210,28,1,DFBA4C7A,DFBA4C7A,True,7210,396484,396502,0,2.281640,0.000000,28,True,False
2361,170008,7783,28,1,F2EE35FC,F2EE35FC,True,7783,425119,425120,0,1.878300,0.000000,28,True,False
2362,170080,7808,28,1,5A7271A6,5A7271A6,True,7808,425830,425120,0,1.912470,0.000000,28,True,False
2363,170152,8282,28,1,29CF8719,29CF8719,True,8282,471672,471673,0,4.481080,0.000000,28,True,False
2364,170224,8284,28,1,CCB38160,CCB38160,True,8284,471694,471697,0,2.424860,0.000000,28,True,False
2365,170296,8286,28,1,A5B3851F,A5B3851F,True,8286,471866,471870,0,1.416210,0.000000,28,True,False
2366,170368,8465,28,1,8CAAD512,8CAAD512,True,8465,488579,488580,0,1.484340,0.000000,28,True,False
2367,170440,8496,28,1,C7781D63,C7781D63,True,8496,488943,488944,0,4.831390,0.000000,28,True,False
2368,170512,8497,28,1,7AA90024,7AA90024,True,8497,488986,488987,0,5.846280,0.000000,28,True,False
2369,170584,8596,28,1,E903FB55,E903FB55,True,8596,490472,0,0,2.191500,0.000000,28,True,False
2370,170656,8598,28,1,60A9521D,60A9521D,True,8598,490489,490490,0,2.760430,0.000000,28,True,False
2371,170728,8833,28,1,46241C03,46241C03,True,8833,493785,493786,0,1.633720,0.000000,28,True,False
2372,170800,9172,28,1,C918ED74,C918ED74,True,9172,501464,0,0,1.603840,0.000000,28,True,False
2373,170872,9173,28,1,346D3AAB,346D3AAB,True,9173,501469,0,0,1.721550,0.000000,28,True,False
2374,170944,9205,28,1,D76D7C73,D76D7C73,True,9205,502947,502948,0,1.185320,0.000000,28,True,False
2375,171016,9220,28,1,82A604C5,82A604C5,True,9220,503302,503303,0,1.185320,0.000000,28,True,False
2376,171088,9347,28,1,7E8322FB,7E8322FB,True,9347,504216,504217,511345,1.825530,0.000000,28,True,False
2377,171160,9786,28,1,5BF268A3,5BF268A3,True,9786,512460,0,0,2.874640,0.000000,28,True,False
2378,171232,10043,28,1,3828E11B,3828E11B,True,10043,517322,517323,524680,2.857350,0.000000,28,True,False
2379,171304,10044,28,1,82CCB474,82CCB474,True,10044,517332,517333,524683,2.871420,0.000000,28,True,False
2380,171376,10070,28,1,A98666C1,A98666C1,True,10070,516623,516624,0,2.830960,0.000000,28,True,False
2381,171448,10318,28,1,C620F6F9,C620F6F9,True,10318,134162,134163,0,1.839160,0.000000,28,True,False
2382,171520,10704,28,1,A234F9CF,A234F9CF,True,10704,532690,532691,0,1.911600,0.000000,28,True,False
2383,171592,10955,28,1,0ED6E87C,0ED6E87C,True,10955,536323,536329,0,2.341190,0.000000,28,True,False
2384,171664,15662,28,1,5F40F0F5,5F40F0F5,True,15662,582812,582813,0,2.461170,0.000000,28,True,False
2385,171736,15815,28,1,54E36874,54E36874,True,15815,584333,584334,0,2.997040,0.000000,28,True,False
2386,171808,16034,28,1,D0910167,D0910167,True,16034,587246,587247,0,3.743580,0.000000,28,True,False
2387,171880,10336,28,1,75930ABC,75930ABC,True,10336,526276,526277,0,2.337860,0.000000,28,True,False
2388,171952,15438,28,1,E2C1FCB5,E2C1FCB5,True,15438,336745,0,0,0.398643,0.000000,28,True,False
2389,172024,16229,28,1,F986DF87,F986DF87,True,16229,591432,0,0,0.682112,0.000000,28,True,False
2390,172096,6934,28,1,EA16CBB4,EA16CBB4,True,6934,385142,385275,0,1.953280,0.000000,28,True,False
2391,172168,7005,28,1,044299D7,044299D7,True,7005,387660,387661,0,1.075950,0.000000,28,True,False
2392,172240,7008,28,1,6620AA72,6620AA72,True,7008,387767,387768,0,1.355040,0.000000,28,True,False
2393,172312,7009,28,1,8A445093,8A445093,True,7009,387790,387791,0,1.625340,0.000000,28,True,False
2394,172384,7110,28,1,36604061,36604061,True,7110,395240,0,0,0.274026,0.000000,28,True,False
2395,172456,7111,28,1,2C9D0476,2C9D0476,True,7111,395264,387791,0,1.082260,0.000000,28,True,False
2396,172528,7112,28,1,9E2877DF,9E2877DF,True,7112,395288,387791,0,0.926515,0.000000,28,True,False
2397,172600,7115,28,1,E6046C5B,E6046C5B,True,7115,395351,0,0,0.499217,0.000000,28,True,False
2398,172672,7217,28,1,076DAB84,076DAB84,True,7217,395391,387791,0,0.926789,0.000000,28,True,False
2399,172744,7242,28,1,05BCB829,05BCB829,True,7242,397180,0,0,20.097700,0.000000,28,True,False
2400,172816,7298,28,1,579C5E62,579C5E62,True,7298,406052,0,0,0.727473,0.000000,28,True,False
2401,172888,7299,28,1,CCB1AA66,CCB1AA66,True,7299,406062,0,0,0.719378,0.000000,28,True,False
2402,172960,7745,28,1,27F1E705,27F1E705,True,7745,424276,0,0,0.778571,0.000000,28,True,False
2403,173032,15428,28,1,D9E88966,D9E88966,True,15428,413700,0,0,1.495090,0.000000,28,True,False
2404,173104,15429,28,1,73FB9008,73FB9008,True,15429,407048,0,0,1.502290,0.000000,28,True,False
2405,173176,15430,28,1,D6031FA5,D6031FA5,True,15430,406143,0,0,1.172080,0.000000,28,True,False
2406,173248,15431,28,1,79E4AC18,79E4AC18,True,15431,408309,0,0,0.025997,0.000000,28,True,False
2407,173320,15432,28,1,54183E23,54183E23,True,15432,407153,0,0,0.025997,0.000000,28,True,False
2408,173392,15433,28,1,2AF62651,2AF62651,True,15433,407152,0,0,0.039611,0.000000,28,True,False
2409,173464,11299,28,1,3E4C2EA6,3E4C2EA6,True,11299,543836,544241,0,0.227259,0.000000,28,True,False
2410,173536,11431,28,1,E16070FE,E16070FE,True,11431,546348,546349,0,0.208409,0.000000,28,True,False
2411,173608,15124,28,1,372DA6E0,372DA6E0,True,15124,545292,0,0,0.155576,0.000000,28,True,False
2412,173680,15125,28,1,AC2CA5BC,AC2CA5BC,True,15125,545295,0,0,0.089268,0.000000,28,True,False
2413,173752,2990,28,1,F54F80C6,F54F80C6,True,2990,47068,0,0,212.132004,0.000000,28,True,False
2414,173824,8351,28,1,FD4B51BA,FD4B51BA,True,8351,473292,0,0,350.000000,0.000000,28,True,False
2415,173896,16203,28,1,9E2DD526,9E2DD526,True,16203,591286,0,0,1.503430,0.000000,28,True,False
2416,173968,11513,536,1,A6EE117D,A6EE117D,True,11513,548808,0,0,0.911531,0.000000,-480,True,False
2417,174040,1601568768,786440,1701998438,5F6D7261,BE0DF97A,False,0,0,0,0,0.000000,0.000000,-786384,True,True
2418,174112,1430413158,6574157,1607073792,000C0008,7E2E7FAA,False,0,0,0,0,0.000000,0.000000,-6574101,True,True
2419,174184,140487168,1811941376,1113548645,64504D55,25E219DC,False,0,0,0,0,0.000000,0.000000,-1811941320,True,True
2420,174256,6574157,1604845568,851976,65707075,330B8211,False,0,0,0,0,0.000000,0.000000,-1604845512,True,True
2421,174328,548749,1868955657,1113551983,64455341,43E8F325,False,0,0,0,0,0.000000,0.000000,-1868955601,True,True
2422,174400,1291845632,150997086,1851877376,55425F64,4483D462,False,0,0,0,0,0.000000,0.000000,-150997030,True,True
2423,174472,2003788895,1430413166,6574157,5F850000,29BC5459,False,0,0,0,0,0.000000,0.000000,-1430413110,True,True
2424,174544,11519,28,1,E13A4164,E13A4164,True,11519,547537,0,0,0.936389,0.000000,28,True,False
2425,174616,11542,536,1,3D08D0F0,3D08D0F0,True,11542,548296,0,0,0.904036,0.000000,-480,True,False
2426,174688,548774,1702101002,1600681061,45534142,20697A12,False,0,0,0,0,0.000000,0.000000,-1702100946,True,True
2427,174760,1113550194,1682264897,1979711488,0800085F,1ADE10FF,False,0,0,0,0,0.000000,0.000000,-1682264841,True,True
2428,174832,1869571584,1094868852,6571347,5FA70000,D10E8606,False,0,0,0,0,0.000000,0.000000,-1094868796,True,True
2429,174904,140477696,1744833536,1600414053,425F7075,28E5AA73,False,0,0,0,0,0.000000,0.000000,-1744833480,True,True
2430,174976,1744834048,1600414053,1853321060,5341425F,4D721080,False,0,0,0,0,0.000000,0.000000,-1600413997,True,True
2431,175048,1163084098,100,548781,7075000D,B07EBA38,False,1634887024,1113550194,1682264897,1979711488,0.000000,297671386712070912429552304128.000000,-44,True,False
2432,175120,1603076096,524296,1600485733,504D5542,10854D82,False,0,0,0,0,0.000000,0.000000,-524240,True,True
2433,175192,11543,28,1,7268FF71,7268FF71,True,11543,548295,0,0,0.894635,0.000000,28,True,False
2434,175264,11599,130,1,B346691A,B346691A,True,11599,548808,0,0,0.911531,0.000000,-74,True,False
2435,175336,25680,140618752,1811941376,425F6765,4B14D1DB,False,0,0,0,0,0.000000,0.000000,-140618696,True,True
2436,175408,0,0,0,00000000,00000000,True,0,0,0,0,0.000000,0.000000,56,True,True
2437,175480,589829,1718378851,1297433183,00006450,FF4A4C76,False,0,0,0,0,0.000000,0.000000,-1718378795,True,True
2438,175552,25680,140620032,1962937600,72657070,3DFB113C,False,0,0,0,0,0.000000,0.000000,-140619976,True,True
2439,175624,11601,130,1,DA0F9E0E,DA0F9E0E,True,11601,548296,0,0,0.904036,0.000000,-74,True,False
2440,175696,2449473536,201328735,1919903232,6D726165,9A897BAF,False,0,0,0,0,0.000000,0.000000,-201328679,True,True
2441,175768,0,0,0,00000000,00000000,True,0,0,0,0,0.000000,0.000000,56,True,True
2442,175840,589829,1718378851,1297433183,00006450,0C1DB020,False,0,0,0,0,0.000000,0.000000,-1718378795,True,True
2443,175912,6574157,1639317504,786440,65726F66,9F5740A1,False,0,0,0,0,0.000000,0.000000,-1639317448,True,True
2444,175984,11603,130,1,631B8658,631B8658,True,11603,548808,0,0,0.911531,0.000000,-74,True,False
2445,176056,201328735,1919903232,1836212581,4D55425F,10D63310,False,0,0,0,0,0.000000,0.000000,-1919903176,True,True
2446,176128,0,0,0,00000000,00000000,True,0,0,0,0,0.000000,0.000000,56,True,True
2447,176200,786437,1701998438,1601008225,504D5542,BD135D6E,False,0,0,0,0,0.000000,0.000000,-1701998382,True,True
2448,176272,1430413167,6574157,1639120896,00080008,EE8F53DE,False,0,0,0,0,0.000000,0.000000,-6574101,True,True
2449,176344,15024,28,1,AE5C707F,AE5C707F,True,15024,574558,0,0,0.865082,0.000000,28,True,False
2450,176416,15025,28,1,C478A30D,C478A30D,True,15025,574579,0,0,0.911534,0.000000,28,True,False
2451,176488,11496,102,1,41E9EF76,41E9EF76,True,11496,546483,0,0,0.516744,0.000000,-46,True,False
2452,176560,134219872,1734700032,1396785759,00006445,708FD711,False,0,0,0,0,0.000000,0.000000,-1734699976,True,True
2453,176632,11497,138,1,830B613C,830B613C,True,11497,546483,0,0,0.516744,0.000000,-82,True,False
2454,176704,134219872,1734700032,1396785759,00006445,CF667EB2,False,0,0,0,0,0.000000,0.000000,-1734699976,True,True
2455,176776,3436003020,212684,0,00000000,D9ECA3DE,False,0,0,0,0,0.000000,0.000000,-212628,True,False
2456,176848,786438,1701998438,1601008225,45534142,832848A2,False,0,0,0,0,0.000000,0.000000,-1701998382,True,True
2457,176920,1918988901,1094868845,6571347,601D0000,B4BF884C,False,0,0,0,0,0.000000,0.000000,-1094868789,True,True
2458,176992,0,0,0,00000000,00000000,True,0,0,0,0,0.000000,0.000000,56,True,True
2459,177064,524292,1600611692,1347245378,00000064,F314BF0E,False,0,0,0,0,0.000000,0.000000,-1600611636,True,True
2460,177136,548978,0,0,00000000,00000000,True,0,0,0,0,0.000000,0.000000,56,True,True
2461,177208,524292,1600611692,1347245378,00000064,9F9326EC,False,0,0,0,0,0.000000,0.000000,-1600611636,True,True
2462,177280,548998,9,16128,00003F00,3AE18237,False,0,0,0,0,0.000000,0.000000,47,True,True
2463,177352,11560,194,1,1033F4D6,1033F4D6,True,11560,549031,0,0,0.630458,0.000000,-138,True,False
2464,177424,6574157,1622867968,655368,73726F74,32AF7D59,False,0,0,0,0,0.000000,0.000000,-1622867912,True,True
2465,177496,549054,1869873162,1601139570,45534142,0170FF8D,False,0,0,0,0,0.000000,0.000000,-1869873106,True,True
2466,177568,11562,194,1,892B5A65,892B5A65,True,11562,549031,0,0,0.630458,0.000000,-138,True,False
2467,177640,6574157,1622867968,655368,73726F74,B479FB39,False,0,0,0,0,0.000000,0.000000,-1622867912,True,True
2468,177712,549054,1869873162,1601139570,45534142,9487337B,False,0,0,0,0,0.000000,0.000000,-1869873106,True,True
2469,177784,11563,194,1,DF2506BF,DF2506BF,True,11563,546718,0,0,0.650112,0.000000,-138,True,False
2470,177856,6571347,1611988992,851976,65707075,1D0EAAEC,False,0,0,0,0,0.000000,0.000000,-1611988936,True,True
2471,177928,548893,1869873162,1601139570,45534142,DAF6EF98,False,0,0,0,0,0.000000,0.000000,-1869873106,True,True
2472,178000,11583,194,1,D3FD2F0F,D3FD2F0F,True,11583,546718,0,0,0.650112,0.000000,-138,True,False
2473,178072,25669,140516608,1711279104,6165726F,55A8A403,False,0,0,0,0,0.000000,0.000000,-140516552,True,True
2474,178144,548895,1869873162,1601139570,504D5542,28768A2D,False,0,0,0,0,0.000000,0.000000,-1869873106,True,True
2475,178216,11589,138,1,B5581242,B5581242,True,11589,549164,0,0,0.523710,0.000000,-82,True,False
2476,178288,589832,1718378851,1297433183,00006450,D405B11B,False,0,0,0,0,0.000000,0.000000,-1718378795,True,True
2477,178360,0,0,0,00000000,00000000,True,0,0,0,0,0.000000,0.000000,56,True,True
2478,178432,524292,1600611692,1347245378,00000064,9FBF30E5,False,0,0,0,0,0.000000,0.000000,-1600611636,True,True
2479,178504,562636,3553886217,3553902419,D3D43F53,CC4B8043,False,0,0,0,0,0.000000,0.000000,-3553886161,True,True
2480,178576,11622,108,1,5D4FCBE9,5D4FCBE9,True,11622,549571,0,0,0.160328,0.000000,-52,True,False
2481,178648,6574157,1658322944,589832,3F000000,75220B24,False,0,0,0,0,0.000000,0.000000,-1658322888,True,True
2482,178720,11623,108,1,5C40457B,5C40457B,True,11623,549576,0,0,0.142282,0.000000,-52,True,False
2483,178792,6571347,1658257408,589832,3F000000,55F59162,False,0,0,0,0,0.000000,0.000000,-1658257352,True,True
2484,178864,11627,108,1,3732AC98,3732AC98,True,11627,550044,0,0,0.202267,0.000000,-52,True,False
2485,178936,6574157,1688141824,589832,3F000000,D2B5E58B,False,0,0,0,0,0.000000,0.000000,-1688141768,True,True
2486,179008,11628,108,1,47DF7252,47DF7252,True,11628,550049,0,0,0.183590,0.000000,-52,True,False
2487,179080,6571347,1689649152,589832,3F000000,BED3F8F8,False,0,0,0,0,0.000000,0.000000,-1689649096,True,True
2488,179152,11655,64,1,57B8B9B7,57B8B9B7,True,11655,548808,0,0,0.911531,0.000000,-8,True,False
2489,179224,8,0,0,00000000,00000000,True,0,0,0,0,0.000000,0.000000,56,True,True
2490,179296,655362,1936879476,1430413167,0064504D,EE5C7395,False,0,0,0,0,0.000000,0.000000,-1936879420,True,True
2491,179368,11657,64,1,D755B53A,D755B53A,True,11657,548296,0,0,0.904036,0.000000,-8,True,False
2492,179440,8,0,0,00000000,00000000,True,0,0,0,0,0.000000,0.000000,56,True,True
2493,179512,851974,1701867637,1836212594,5341425F,A61B62D1,False,0,0,0,0,0.000000,0.000000,-1701867581,True,True
2494,179584,1918988901,1430413165,6574157,6A8A0000,808BB020,False,0,0,0,0,0.000000,0.000000,-1430413109,True,True
2495,179656,2577022720,2577022745,2577022745,CCCD3F19,9CB6335A,False,0,0,0,0,0.000000,0.000000,-2577022689,True,True
2496,179728,786438,1701998438,1601008225,45534142,D31F6617,False,0,0,0,0,0.000000,0.000000,-1701998382,True,True
2497,179800,1836212594,1297433183,25680,086A9D00,BF18CF84,False,0,0,0,0,0.000000,0.000000,-1297433127,True,True
2498,179872,2577022720,2577022745,2577022745,CCCD3F19,888EA62A,False,0,0,0,0,0.000000,0.000000,-2577022689,True,True
2499,179944,655366,1936879476,1094868847,00644553,1DAB339C,False,0,0,0,0,0.000000,0.000000,-1936879420,True,True
2500,180016,1836212594,1297433183,25680,086A9E00,520D630F,False,0,0,0,0,0.000000,0.000000,-1297433127,True,True
2501,180088,2577022720,2577022745,2577022745,CCCD3F19,40323154,False,0,0,0,0,0.000000,0.000000,-2577022689,True,True
2502,180160,655366,1936879476,1094868847,00644553,F7733C6B,False,0,0,0,0,0.000000,0.000000,-1936879420,True,True
2503,180232,1113550194,1682984277,2181038080,0D00086A,F20C9F2F,False,0,0,0,0,0.000000,0.000000,-1682984221,True,True
2504,180304,2577022720,2577022745,2577022745,CCCD3F19,11345EA1,False,0,0,0,0,0.000000,0.000000,-2577022689,True,True
2505,180376,851974,1701867637,1836212594,4D55425F,AC4BE68D,False,0,0,0,0,0.000000,0.000000,-1701867581,True,True
2506,180448,1113550194,1682984277,2499805184,0D00086A,1B61088D,False,0,0,0,0,0.000000,0.000000,-1682984221,True,True
2507,180520,2577022720,2577022745,2577022745,CCCD3F19,C30761E0,False,0,0,0,0,0.000000,0.000000,-2577022689,True,True
2508,180592,851974,1701867637,1836212594,4D55425F,2EBEA439,False,0,0,0,0,0.000000,0.000000,-1701867581,True,True
2509,180664,1601139570,1347245378,100,00086A9A,11CF1B0F,False,0,0,0,0,0.000000,0.000000,-1347245322,True,True
2510,180736,2577022720,2577022745,2577022745,CCCD3F19,62FCD755,False,0,0,0,0,0.000000,0.000000,-2577022689,True,True
2511,180808,786438,1701998438,1601008225,45534142,F1F530B5,False,0,0,0,0,0.000000,0.000000,-1701998382,True,True
2512,180880,1113550707,1682984277,2248146944,0C00086A,84F51BDA,False,0,0,0,0,0.000000,0.000000,-1682984221,True,True
2513,180952,2695118544,2695118112,2695118112,C0BE3D20,7624E724,False,0,0,0,0,0.000000,0.000000,-2695118056,True,True
2514,181024,589826,1953460070,1396785759,00006445,9B0A6854,False,0,0,0,0,0.000000,0.000000,-1953460014,True,True
2515,181096,11974,66,1,4124D6CF,4124D6CF,True,11974,552527,0,0,0.140064,0.000000,-10,True,False
2516,181168,552523,0,0,00000000,00000000,True,0,0,0,0,0.000000,0.000000,56,True,True
2517,181240,589826,1953460070,1297433183,00006450,3C16B615,False,0,0,0,0,0.000000,0.000000,-1953460014,True,True
2518,181312,3436003020,212684,0,00000000,B817C606,False,0,0,0,0,0.000000,0.000000,-212628,True,False
2519,181384,589826,1953460070,1396785759,00006445,FF0405DA,False,0,0,0,0,0.000000,0.000000,-1953460014,True,True
2520,181456,3436003020,212684,0,00000000,A5C4024C,False,0,0,0,0,0.000000,0.000000,-212628,True,False
2521,181528,589826,1953460070,1297433183,00006450,A8D79242,False,0,0,0,0,0.000000,0.000000,-1953460014,True,True
2522,181600,3436003020,212684,0,00000000,11D65998,False,0,0,0,0,0.000000,0.000000,-212628,True,False
2523,181672,589826,1953460070,1396785759,00006445,41EBC584,False,0,0,0,0,0.000000,0.000000,-1953460014,True,True
2524,181744,3436003020,212684,0,00000000,3CBE7262,False,0,0,0,0,0.000000,0.000000,-212628,True,False
2525,181816,786434,1684104552,1601205599,504D5542,539E76CB,False,0,0,0,0,0.000000,0.000000,-1684104496,True,True
2526,181888,1053609165,1053609165,1053609165,00000003,909F11EF,False,0,0,0,0,0.000000,0.000000,-1053609109,True,True
2527,181960,786434,1684104552,1601205599,504D5542,4EA0B933,False,0,0,0,0,0.000000,0.000000,-1684104496,True,True
2528,182032,1053609165,1053609165,1053609165,00000003,AF582507,False,0,0,0,0,0.000000,0.000000,-1053609109,True,True
2529,182104,786434,1684104552,1601205599,504D5542,786C8A76,False,0,0,0,0,0.000000,0.000000,-1684104496,True,True
2530,182176,1053609165,1053609165,1053609165,00000003,B1035C87,False,0,0,0,0,0.000000,0.000000,-1053609109,True,True
2531,182248,786434,1684104552,1601205599,45534142,A120D849,False,0,0,0,0,0.000000,0.000000,-1684104496,True,True
2532,182320,1053609165,1053609165,1053609165,00000003,88E271D9,False,0,0,0,0,0.000000,0.000000,-1053609109,True,True
2533,182392,786434,1684104552,1601205599,45534142,89893B47,False,0,0,0,0,0.000000,0.000000,-1684104496,True,True
2534,182464,1053609165,1053609165,1053609165,00000003,1B607A59,False,0,0,0,0,0.000000,0.000000,-1053609109,True,True
2535,182536,786434,1684104552,1601205599,504D5542,9F363ADF,False,0,0,0,0,0.000000,0.000000,-1684104496,True,True
2536,182608,1053609165,1053609165,1053609165,00000003,B8D9C4C4,False,0,0,0,0,0.000000,0.000000,-1053609109,True,True
2537,182680,786434,1684104552,1601205599,45534142,FDEBBF06,False,0,0,0,0,0.000000,0.000000,-1684104496,True,True
2538,182752,1053609165,1053609165,1053609165,00000003,47CF4A22,False,0,0,0,0,0.000000,0.000000,-1053609109,True,True
2539,182824,786434,1684104552,1601205599,45534142,E13A9E04,False,0,0,0,0,0.000000,0.000000,-1684104496,True,True
2540,182896,1053609165,1053609165,1053609165,00000003,C2A91A5E,False,0,0,0,0,0.000000,0.000000,-1053609109,True,True
2541,182968,786434,1684104552,1601205599,45534142,2362FF57,False,0,0,0,0,0.000000,0.000000,-1684104496,True,True
2542,183040,1053609165,1053609165,1053609165,00000003,50BE78A4,False,0,0,0,0,0.000000,0.000000,-1053609109,True,True
2543,183112,786434,1684104552,1601205599,45534142,4B49781F,False,0,0,0,0,0.000000,0.000000,-1684104496,True,True
2544,183184,1053609165,1053609165,1053609165,00000003,97FB24FD,False,0,0,0,0,0.000000,0.000000,-1053609109,True,True
2545,183256,589826,1953460070,1396785759,00006445,A60813BD,False,0,0,0,0,0.000000,0.000000,-1953460014,True,True
2546,183328,12033,66,1,3DD341D6,3DD341D6,True,12033,552782,0,0,0.145754,0.000000,-10,True,False
2547,183400,552784,0,0,00000000,00000000,True,0,0,0,0,0.000000,0.000000,56,True,True
2548,183472,655366,1936879476,1430413167,0064504D,6552E4B4,False,0,0,0,0,0.000000,0.000000,-1936879420,True,True
2549,183544,1836212581,1396785759,25669,086A8000,DC804CCC,False,0,0,0,0,0.000000,0.000000,-1396785703,True,True
2550,183616,2156805786,2156805376,2156805376,C0BA3D00,7879F15D,False,0,0,0,0,0.000000,0.000000,-2156805320,True,True
2551,183688,851974,1701867637,1836212594,4D55425F,7074AFFB,False,0,0,0,0,0.000000,0.000000,-1701867581,True,True
2552,183760,1113550707,1682264897,2214592512,0D00086A,D80D4BC2,False,0,0,0,0,0.000000,0.000000,-1682264841,True,True
2553,183832,3099344160,2207006136,2728476419,C0BE3F22,C3FE43B9,False,0,0,0,0,0.000000,0.000000,-2207006080,True,True
2554,183904,786438,1701998438,1601008225,45534142,193D9C50,False,0,0,0,0,0.000000,0.000000,-1701998382,True,True
2555,183976,1113550707,1682984277,2248146944,0C00086A,EA2A36E5,False,0,0,0,0,0.000000,0.000000,-1682984221,True,True
2556,184048,3267181856,3015130818,3671867187,C0BE3F5A,6BD1C361,False,0,0,0,0,0.000000,0.000000,-3015130762,True,True
2557,184120,786438,1701998438,1601008225,45534142,CB1B5794,False,0,0,0,0,0.000000,0.000000,-1701998382,True,True
2558,184192,1113550707,1682984277,2248146944,0C00086A,11D11827,False,0,0,0,0,0.000000,0.000000,-1682984221,True,True
2559,184264,3031383752,2425110196,2425109904,C0BE3D90,43C8CF6A,False,0,0,0,0,0.000000,0.000000,-2425110140,True,True
2560,184336,786438,1701998438,1601008225,45534142,6930889A,False,0,0,0,0,0.000000,0.000000,-1701998382,True,True
2561,184408,1113550707,1682984277,2248146944,0C00086A,40E196E5,False,0,0,0,0,0.000000,0.000000,-1682984221,True,True
2562,184480,16128,16128,0,00000000,215EF7C1,False,0,16128,16128,0,0.000000,0.000000,-16072,True,False
2563,184552,786438,1701998438,1601008225,45534142,260CE69E,False,0,0,0,0,0.000000,0.000000,-1701998382,True,True
2564,184624,1113550707,1682984277,2248146944,0C00086A,1678A775,False,0,0,0,0,0.000000,0.000000,-1682984221,True,True
2565,184696,3368893760,3368894152,3368894152,C0BE3EC8,8734FA26,False,0,0,0,0,0.000000,0.000000,-3368894096,True,True
2566,184768,786438,1701998438,1601008225,45534142,75933BCD,False,0,0,0,0,0.000000,0.000000,-1701998382,True,True
2567,184840,1113550707,1682984277,2248146944,0C00086A,DB667ADD,False,0,0,0,0,0.000000,0.000000,-1682984221,True,True
2568,184912,3233692960,3233693504,3233693504,C0BE3F40,C7FA94C9,False,0,0,0,0,0.000000,0.000000,-3233693448,True,True
2569,184984,655366,1936879476,1430413167,0064504D,52FE5CA6,False,0,0,0,0,0.000000,0.000000,-1936879420,True,True
2570,185056,1601139570,1163084098,100,00086A97,4C1ABAF0,False,0,0,0,0,0.000000,0.000000,-1163084042,True,True
2571,185128,16025,0,0,00000000,00000000,True,0,0,0,0,0.000000,0.000000,56,True,True
2572,185200,655366,1936879476,1430413167,0064504D,C3921486,False,0,0,0,0,0.000000,0.000000,-1936879420,True,True
2573,185272,1601139570,1163084098,100,00086A97,0DABFE63,False,0,0,0,0,0.000000,0.000000,-1163084042,True,True
2574,185344,3415932928,777666277,1859534615,CB9B3F37,B5F54393,False,0,0,0,0,0.000000,0.000000,-777666221,True,True
2575,185416,851974,1701867637,1836212594,5341425F,869C72B2,False,0,0,0,0,0.000000,0.000000,-1701867581,True,True
2576,185488,1918985586,1430413165,6574157,6A950000,9C0657EC,False,0,0,0,0,0.000000,0.000000,-1430413109,True,True
2577,185560,15997,16128,4225187584,00003E7D,801B5C17,False,16128,4225187584,15997,0,0.000000,0.000000,-16072,True,False
2578,185632,655366,1936879476,1430413167,0064504D,D18F24AD,False,0,0,0,0,0.000000,0.000000,-1936879420,True,True
2579,185704,1601139570,1163084098,100,00086A97,2C22DCBF,False,0,0,0,0,0.000000,0.000000,-1163084042,True,True
2580,185776,3065986612,3942334262,3335405290,C0BE3F46,12E0D9D4,False,0,0,0,0,0.000000,0.000000,-3942334206,True,True
2581,185848,655366,1936879476,1430413167,0064504D,972BF1C2,False,0,0,0,0,0.000000,0.000000,-1936879420,True,True
2582,185920,1601008225,1163084098,100,00086A9B,8F97A4A3,False,0,0,0,0,0.000000,0.000000,-1163084042,True,True
2583,185992,2156150200,2156150528,2156150528,C0BE3F00,33247F30,False,0,0,0,0,0.000000,0.000000,-2156150472,True,True
2584,186064,655366,1936879476,1430413167,0064504D,F7778653,False,0,0,0,0,0.000000,0.000000,-1936879420,True,True
2585,186136,1601139570,1163084098,100,00086A97,8BFBA909,False,0,0,0,0,0.000000,0.000000,-1163084042,True,True
2586,186208,2696036113,2895003168,3637198380,C0BE3ED8,C84BD245,False,0,0,0,0,0.000000,0.000000,-2895003112,True,True
2587,186280,786438,1701998438,1601008225,45534142,E1BCFFC5,False,0,0,0,0,0.000000,0.000000,-1701998382,True,True
2588,186352,1869836911,1297433183,25680,086A9900,F2B87145,False,0,0,0,0,0.000000,0.000000,-1297433127,True,True
2589,186424,16025,0,0,00000000,00000000,True,0,0,0,0,0.000000,0.000000,56,True,True
2590,186496,786438,1701998438,1601008225,45534142,91083081,False,0,0,0,0,0.000000,0.000000,-1701998382,True,True
2591,186568,1869836911,1297433183,25680,086A9900,4593006D,False,0,0,0,0,0.000000,0.000000,-1297433127,True,True
2592,186640,3415932928,777666277,1859534615,CB9B3F37,8F20513E,False,0,0,0,0,0.000000,0.000000,-777666221,True,True
2593,186712,786438,1701998438,1601008225,45534142,28275684,False,0,0,0,0,0.000000,0.000000,-1701998382,True,True
2594,186784,1869836911,1297433183,25680,086A9900,582803D4,False,0,0,0,0,0.000000,0.000000,-1297433127,True,True
2595,186856,15997,16128,4225187584,00003E7D,6B3F08A8,False,16128,4225187584,15997,0,0.000000,0.000000,-16072,True,False
2596,186928,786438,1701998438,1601008225,45534142,424CCCB4,False,0,0,0,0,0.000000,0.000000,-1701998382,True,True
2597,187000,1869836911,1297433183,25680,086A9900,FA061258,False,0,0,0,0,0.000000,0.000000,-1297433127,True,True
2598,187072,2594324028,4245241626,2594324092,C0BE3F1A,CC1A71E4,False,0,0,0,0,0.000000,0.000000,-4245241570,True,True
2599,187144,786438,1701998438,1601008225,45534142,E58D2A41,False,0,0,0,0,0.000000,0.000000,-1701998382,True,True
2600,187216,1869836911,1297433183,25680,086A9900,4BF031E9,False,0,0,0,0,0.000000,0.000000,-1297433127,True,True
2601,187288,2156150224,2156150528,2156150528,C0BE3F00,408E625E,False,0,0,0,0,0.000000,0.000000,-2156150472,True,True
2602,187360,786438,1701998438,1601008225,45534142,7E3852E7,False,0,0,0,0,0.000000,0.000000,-1701998382,True,True
2603,187432,1869836911,1297433183,25680,086A9900,489010FD,False,0,0,0,0,0.000000,0.000000,-1297433127,True,True
2604,187504,2155953952,2155953536,2763079040,C0BE3EA4,5C14ADC5,False,0,0,0,0,0.000000,0.000000,-2155953480,True,True
2605,187576,851974,1701867637,1836212594,5341425F,B9F5EEBB,False,0,0,0,0,0.000000,0.000000,-1701867581,True,True
2606,187648,1918985586,1094868845,6571347,6A940000,A43FF567,False,0,0,0,0,0.000000,0.000000,-1094868789,True,True
2607,187720,2358460074,2358460044,3637198476,C0BE3ED8,0C0888AA,False,0,0,0,0,0.000000,0.000000,-2358459988,True,True
2608,187792,851974,1701867637,1836212594,5341425F,205228B7,False,0,0,0,0,0.000000,0.000000,-1701867581,True,True
2609,187864,1918985586,1094868845,6571347,6A940000,4920AB3F,False,0,0,0,0,0.000000,0.000000,-1094868789,True,True
2610,187936,16198,0,0,00000000,00000000,True,0,0,0,0,0.000000,0.000000,56,True,True
2611,188008,851974,1701867637,1836212594,5341425F,9342FF56,False,0,0,0,0,0.000000,0.000000,-1701867581,True,True
2612,188080,1918985586,1094868845,6571347,6A940000,D777CF8C,False,0,0,0,0,0.000000,0.000000,-1094868789,True,True
2613,188152,4180360816,3704241656,3099344476,C0BE3DB8,89E1E61C,False,0,0,0,0,0.000000,0.000000,-3704241600,True,True
2614,188224,851974,1701867637,1836212594,5341425F,F841FF92,False,0,0,0,0,0.000000,0.000000,-1701867581,True,True
2615,188296,1918985586,1094868845,6571347,6A940000,223A4469,False,0,0,0,0,0.000000,0.000000,-1094868789,True,True
2616,188368,16128,4225187584,4225187453,00003E7D,03CAA205,False,0,0,0,0,0.000000,0.000000,-4225187528,True,True
2617,188440,851974,1701867637,1836212594,5341425F,1DF255E6,False,0,0,0,0,0.000000,0.000000,-1701867581,True,True
2618,188512,1918985586,1094868845,6571347,6A940000,AE49E2B9,False,0,0,0,0,0.000000,0.000000,-1094868789,True,True
2619,188584,2695118112,3907665312,3907665640,C0BE3EE8,4F1DF053,False,0,0,0,0,0.000000,0.000000,-3907665256,True,True
2620,188656,786438,1701998438,1601008225,45534142,CCF20ABB,False,0,0,0,0,0.000000,0.000000,-1701998382,True,True
2621,188728,1836212594,1396785759,25669,086A9C00,ADA3DADF,False,0,0,0,0,0.000000,0.000000,-1396785703,True,True
2622,188800,1453866655,305413931,1453866633,EFE13F2B,7F264D50,False,0,0,0,0,0.000000,0.000000,-305413875,True,True
2623,188872,786438,1701998438,1601008225,45534142,61D0134E,False,0,0,0,0,0.000000,0.000000,-1701998382,True,True
2624,188944,1836212594,1396785759,25669,086A9C00,2B89E51A,False,0,0,0,0,0.000000,0.000000,-1396785703,True,True
2625,189016,16198,0,0,00000000,00000000,True,0,0,0,0,0.000000,0.000000,56,True,True
2626,189088,786438,1701998438,1601008225,45534142,8DD31E05,False,0,0,0,0,0.000000,0.000000,-1701998382,True,True
2627,189160,1836212594,1396785759,25669,086A9C00,95211CBB,False,0,0,0,0,0.000000,0.000000,-1396785703,True,True
2628,189232,16022,2728460288,2696036002,C0BE3E20,E782DC13,False,0,0,0,0,0.000000,0.000000,-2728460232,True,True
2629,189304,786438,1701998438,1601008225,45534142,222FD8BA,False,0,0,0,0,0.000000,0.000000,-1701998382,True,True
2630,189376,1836212594,1396785759,25669,086A9C00,A614F47F,False,0,0,0,0,0.000000,0.000000,-1396785703,True,True
2631,189448,3436003087,2358459980,3773513228,C0BE3DE0,484AC899,False,0,0,0,0,0.000000,0.000000,-2358459924,True,True
2632,189520,786438,1701998438,1601008225,45534142,CFC0B1C5,False,0,0,0,0,0.000000,0.000000,-1701998382,True,True
2633,189592,1836212594,1396785759,25669,086A9C00,A825FD0C,False,0,0,0,0,0.000000,0.000000,-1396785703,True,True
2634,189664,3503504672,2577022288,2577022745,C0BE3F19,B5C4402E,False,0,0,0,0,0.000000,0.000000,-2577022232,True,True
2635,189736,851974,1701867637,1836212594,4D55425F,24FDC4E5,False,0,0,0,0,0.000000,0.000000,-1701867581,True,True
2636,189808,1869836911,1297433183,25680,086A8600,47BF800F,False,0,0,0,0,0.000000,0.000000,-1297433127,True,True
2637,189880,3200138544,3200139070,3200139070,C0BE3F3E,B796A049,False,0,0,0,0,0.000000,0.000000,-3200139014,True,True
2638,189952,655366,1936879476,1430413167,0064504D,921CB0F7,False,0,0,0,0,0.000000,0.000000,-1936879420,True,True
2639,190024,1601008225,1163084098,100,00086A88,AA80F049,False,0,0,0,0,0.000000,0.000000,-1163084042,True,True
2640,190096,2156150096,2156150528,2156150528,BFC63F00,A2B7A25C,False,0,0,0,0,0.000000,0.000000,-2156150472,True,True
2641,190168,786438,1701998438,1601008225,45534142,9FFD4B65,False,0,0,0,0,0.000000,0.000000,-1701998382,True,True
2642,190240,1836212581,1297433183,25680,08601700,BB7AB702,False,0,0,0,0,0.000000,0.000000,-1297433127,True,True
2643,190312,0,16256,0,00000000,DBFBFC0A,False,16256,0,0,0,0.000000,0.000000,-16200,True,False
2644,190384,655366,1936879476,1094868847,00644553,992B94ED,False,0,0,0,0,0.000000,0.000000,-1936879420,True,True
2645,190456,1836212581,1396785759,25669,08601500,A05D375D,False,0,0,0,0,0.000000,0.000000,-1396785703,True,True
2646,190528,15997,16128,4225187584,00003E7D,57599813,False,16128,4225187584,15997,0,0.000000,0.000000,-16072,True,False
2647,190600,655366,1936879476,1094868847,00644553,E1CB3E8F,False,0,0,0,0,0.000000,0.000000,-1936879420,True,True
2648,190672,1836212581,1396785759,25669,08601500,FB46E61D,False,0,0,0,0,0.000000,0.000000,-1396785703,True,True
2649,190744,16256,0,16128,00003F80,00000000,False,0,0,0,0,0.000000,0.000000,56,True,True
2650,190816,655366,1936879476,1094868847,00644553,4DE5C021,False,0,0,0,0,0.000000,0.000000,-1936879420,True,True
2651,190888,1836212581,1396785759,25669,08601500,9B398183,False,0,0,0,0,0.000000,0.000000,-1396785703,True,True
2652,190960,0,16256,16128,00000000,C5E29BD9,False,16256,16128,0,0,0.000000,0.000000,-16200,True,False
2653,191032,655366,1936879476,1094868847,00644553,7E3369BE,False,0,0,0,0,0.000000,0.000000,-1936879420,True,True
2654,191104,1836212581,1396785759,25669,08601500,6D523193,False,0,0,0,0,0.000000,0.000000,-1396785703,True,True
2655,191176,0,16256,16256,00000000,B268A3FA,False,16256,16256,0,0,0.000000,0.000000,-16200,True,False
2656,191248,655366,1936879476,1094868847,00644553,ADDBB128,False,0,0,0,0,0.000000,0.000000,-1936879420,True,True
2657,191320,1836212581,1396785759,25669,08601500,D5476E56,False,0,0,0,0,0.000000,0.000000,-1396785703,True,True
2658,191392,0,16128,0,00000000,BBD43E40,False,16128,0,0,0,0.000000,0.000000,-16072,True,False
2659,191464,655366,1936879476,1094868847,00644553,3EC15B71,False,0,0,0,0,0.000000,0.000000,-1936879420,True,True
2660,191536,1836212581,1396785759,25669,08601500,5CF642F8,False,0,0,0,0,0.000000,0.000000,-1396785703,True,True
2661,191608,16128,16128,0,00003F00,B27EF217,False,16128,0,16128,0,0.000000,0.000000,-16072,True,False
2662,191680,655366,1936879476,1094868847,00644553,6803D054,False,0,0,0,0,0.000000,0.000000,-1936879420,True,True
2663,191752,1836212581,1396785759,25669,08601500,F275DE93,False,0,0,0,0,0.000000,0.000000,-1396785703,True,True
2664,191824,0,4225187584,15997,00000000,809B6078,False,0,0,0,0,0.000000,0.000000,-4225187528,True,True
2665,191896,655366,1936879476,1094868847,00644553,721DCCD9,False,0,0,0,0,0.000000,0.000000,-1936879420,True,True
2666,191968,1836212581,1396785759,25669,08601500,83D7F04D,False,0,0,0,0,0.000000,0.000000,-1396785703,True,True
2667,192040,0,0,16128,00000000,00000000,True,0,0,0,0,0.000000,0.000000,56,True,True
2668,192112,655366,1936879476,1094868847,00644553,08335CA7,False,0,0,0,0,0.000000,0.000000,-1936879420,True,True
2669,192184,1836212581,1396785759,25669,08601500,060FD2FA,False,0,0,0,0,0.000000,0.000000,-1396785703,True,True
2670,192256,1049247373,508247711,440614543,3E8A3E8D,B75B8B19,False,0,0,0,0,0.000000,0.000000,-508247655,True,True
2671,192328,655366,1936879476,1094868847,00644553,7A482CB7,False,0,0,0,0,0.000000,0.000000,-1936879420,True,True
2672,192400,1836212581,1396785759,25669,08601500,1E2A2B8E,False,0,0,0,0,0.000000,0.000000,-1396785703,True,True
2673,192472,236666599,3821616903,3483516657,0E1B3EE7,0F6ECA15,False,0,0,0,0,0.000000,0.000000,-3821616847,True,True
2674,192544,786438,1701998438,1601008225,45534142,A877C847,False,0,0,0,0,0.000000,0.000000,-1701998382,True,True
2675,192616,1836212594,1297433183,25680,0860BF00,8BAA91C0,False,0,0,0,0,0.000000,0.000000,-1297433127,True,True
2676,192688,0,16256,16256,00000000,E942A2EF,False,16256,16256,0,0,0.000000,0.000000,-16200,True,False
2677,192760,786438,1701998438,1601008225,504D5542,9C3AFB7C,False,0,0,0,0,0.000000,0.000000,-1701998382,True,True
2678,192832,1918988901,1094868845,6571347,60BE0000,B669BB2D,False,0,0,0,0,0.000000,0.000000,-1094868789,True,True
2679,192904,16128,16128,0,00003F00,B93AA780,False,16128,0,16128,0,0.000000,0.000000,-16072,True,False
2680,192976,786438,1701998438,1601008225,45534142,4E0C2D28,False,0,0,0,0,0.000000,0.000000,-1701998382,True,True
2681,193048,1836212594,1297433183,25680,0860BF00,8E6B7CA6,False,0,0,0,0,0.000000,0.000000,-1297433127,True,True
2682,193120,0,0,0,00000000,00000000,True,0,0,0,0,0.000000,0.000000,56,True,True
2683,193192,786438,1701998438,1601008225,45534142,35C704C0,False,0,0,0,0,0.000000,0.000000,-1701998382,True,True
2684,193264,1836212594,1297433183,25680,0860BF00,D422BCE3,False,0,0,0,0,0.000000,0.000000,-1297433127,True,True
2685,193336,3553902419,3553902419,3553902419,D3D43F53,D0B62AEB,False,0,0,0,0,0.000000,0.000000,-3553902363,True,True
2686,193408,786438,1701998438,1601008225,45534142,A3131805,False,0,0,0,0,0.000000,0.000000,-1701998382,True,True
2687,193480,1836212594,1297433183,25680,0860BF00,DBDE15C4,False,0,0,0,0,0.000000,0.000000,-1297433127,True,True
2688,193552,0,4225187584,15997,00000000,613A6A73,False,0,0,0,0,0.000000,0.000000,-4225187528,True,True
2689,193624,786438,1701998438,1601008225,45534142,88131400,False,0,0,0,0,0.000000,0.000000,-1701998382,True,True
2690,193696,1836212594,1297433183,25680,0860BF00,DD4D4A4C,False,0,0,0,0,0.000000,0.000000,-1297433127,True,True
2691,193768,0,0,16128,00000000,00000000,True,0,0,0,0,0.000000,0.000000,56,True,True
2692,193840,786438,1701998438,1601008225,45534142,DA4C28A6,False,0,0,0,0,0.000000,0.000000,-1701998382,True,True
2693,193912,1836212594,1297433183,25680,0860BF00,AFCF5CFA,False,0,0,0,0,0.000000,0.000000,-1297433127,True,True
2694,193984,0,16256,0,00000000,95D41B04,False,16256,0,0,0,0.000000,0.000000,-16200,True,False
2695,194056,786438,1701998438,1601008225,504D5542,4BFFDB72,False,0,0,0,0,0.000000,0.000000,-1701998382,True,True
2696,194128,1918988901,1094868845,6571347,60BE0000,9A9CF285,False,0,0,0,0,0.000000,0.000000,-1094868789,True,True
2697,194200,16256,0,16128,00003F80,00000000,False,0,0,0,0,0.000000,0.000000,56,True,True
2698,194272,786438,1701998438,1601008225,45534142,F7F93A11,False,0,0,0,0,0.000000,0.000000,-1701998382,True,True
2699,194344,1836212594,1297433183,25680,0860BF00,553C2E32,False,0,0,0,0,0.000000,0.000000,-1297433127,True,True
2700,194416,0,16256,16128,00000000,5E981FCF,False,16256,16128,0,0,0.000000,0.000000,-16200,True,False
2701,194488,786438,1701998438,1601008225,45534142,A8B7CE8E,False,0,0,0,0,0.000000,0.000000,-1701998382,True,True
2702,194560,1836212594,1297433183,25680,0860BF00,42C3FE33,False,0,0,0,0,0.000000,0.000000,-1297433127,True,True
2703,194632,15997,16128,4225187584,00003E7D,BC0AA42A,False,16128,4225187584,15997,0,0.000000,0.000000,-16072,True,False
2704,194704,786438,1701998438,1601008225,45534142,7D32366A,False,0,0,0,0,0.000000,0.000000,-1701998382,True,True
2705,194776,1836212594,1297433183,25680,0860BF00,0E8BB1E6,False,0,0,0,0,0.000000,0.000000,-1297433127,True,True
2706,194848,1049247373,508247711,440614543,3E8A3E8D,EDA3607A,False,0,0,0,0,0.000000,0.000000,-508247655,True,True
2707,194920,786438,1701998438,1601008225,45534142,A54DF0C0,False,0,0,0,0,0.000000,0.000000,-1701998382,True,True
2708,194992,1836212594,1297433183,25680,0860BF00,4C77F150,False,0,0,0,0,0.000000,0.000000,-1297433127,True,True
2709,195064,236666599,3821616903,3483516657,0E1B3EE7,68962121,False,0,0,0,0,0.000000,0.000000,-3821616847,True,True
2710,195136,655362,1936879476,1430413167,0064504D,82010EAB,False,0,0,0,0,0.000000,0.000000,-1936879420,True,True
2711,195208,0,0,0,00000000,00000000,True,0,0,0,0,0.000000,0.000000,56,True,True
2712,195280,655362,1936879476,1430413167,0064504D,50AC9FBD,False,0,0,0,0,0.000000,0.000000,-1936879420,True,True
2713,195352,1061208254,1061208254,0,00000000,DA87565B,False,0,0,0,0,0.000000,0.000000,-1061208198,True,True
2714,195424,655362,1936879476,1094868847,00644553,864DF8F8,False,0,0,0,0,0.000000,0.000000,-1936879420,True,True
2715,195496,1052869390,1054058324,0,00000000,EE6B3ED9,False,0,0,0,0,0.000000,0.000000,-1054058268,True,True
2716,195568,655362,1936879476,1430413167,0064504D,7CD6EA82,False,0,0,0,0,0.000000,0.000000,-1936879420,True,True
2717,195640,1030811881,1030811881,0,00000000,45EA7101,False,0,0,0,0,0.000000,0.000000,-1030811825,True,True
2718,195712,655362,1936879476,1094868847,00644553,51F15653,False,0,0,0,0,0.000000,0.000000,-1936879420,True,True
2719,195784,1056964608,1056964608,0,00000000,860A2509,False,0,0,0,0,0.000000,0.000000,-1056964552,True,True
2720,195856,524290,1600611692,1163084098,00000064,60E80909,False,0,0,0,0,0.000000,0.000000,-1600611636,True,True
2721,195928,1061208254,0,0,00000000,00000000,True,0,0,0,0,0.000000,0.000000,56,True,True
2722,196000,524290,1600611692,1163084098,00000064,E06D1999,False,0,0,0,0,0.000000,0.000000,-1600611636,True,True
2723,196072,0,0,0,00000000,00000000,True,0,0,0,0,0.000000,0.000000,56,True,True
2724,196144,524290,1600611692,1163084098,00000064,A0E1C88C,False,0,0,0,0,0.000000,0.000000,-1600611636,True,True
2725,196216,1054058324,0,0,00000000,00000000,True,0,0,0,0,0.000000,0.000000,56,True,True
2726,196288,524290,1600611692,1163084098,00000064,04EE5607,False,0,0,0,0,0.000000,0.000000,-1600611636,True,True
2727,196360,1030811881,0,0,00000000,00000000,True,0,0,0,0,0.000000,0.000000,56,True,True
2728,196432,524290,1600611692,1163084098,00000064,2C9807EA,False,0,0,0,0,0.000000,0.000000,-1600611636,True,True
2729,196504,1056964608,0,0,00000000,00000000,True,0,0,0,0,0.000000,0.000000,56,True,True
2730,196576,524290,1600611692,1347245378,00000064,69931778,False,0,0,0,0,0.000000,0.000000,-1600611636,True,True
2731,196648,1056997508,0,0,00000000,00000000,True,0,0,0,0,0.000000,0.000000,56,True,True
2732,196720,524290,1600611692,1347245378,00000064,FBF5B6C1,False,0,0,0,0,0.000000,0.000000,-1600611636,True,True
2733,196792,1048608883,0,0,00000000,00000000,True,0,0,0,0,0.000000,0.000000,56,True,True
2734,196864,524290,1600611692,1347245378,00000064,B3C5ED61,False,0,0,0,0,0.000000,0.000000,-1600611636,True,True
2735,196936,1057955386,0,0,00000000,00000000,True,0,0,0,0,0.000000,0.000000,56,True,True
2736,197008,524290,1600611692,1163084098,00000064,CAF084BE,False,0,0,0,0,0.000000,0.000000,-1600611636,True,True
2737,197080,1056964608,0,0,00000000,00000000,True,0,0,0,0,0.000000,0.000000,56,True,True
2738,197152,524292,1600611692,1347245378,00000064,D4A24872,False,0,0,0,0,0.000000,0.000000,-1600611636,True,True
2739,197224,562636,9,0,00003F00,DCB15530,False,0,0,0,0,0.000000,0.000000,47,True,True
2740,197296,12114,138,1,CF2B52AA,CF2B52AA,True,12114,549229,0,0,0.533030,0.000000,-82,True,False
2741,197368,589832,1718378851,1297433183,00006450,8EFE1E18,False,0,0,0,0,0.000000,0.000000,-1718378795,True,True
2742,197440,0,0,0,00000000,00000000,True,0,0,0,0,0.000000,0.000000,56,True,True
2743,197512,524292,1600611692,1347245378,00000064,B60F745B,False,0,0,0,0,0.000000,0.000000,-1600611636,True,True
2744,197584,562636,9,16128,00000000,12ACBD88,False,0,0,0,0,0.000000,0.000000,47,True,True
2745,197656,12116,138,1,98A7BB79,98A7BB79,True,12116,549229,0,0,0.533030,0.000000,-82,True,False
2746,197728,589832,1718378851,1297433183,00006450,E5117111,False,0,0,0,0,0.000000,0.000000,-1718378795,True,True
2747,197800,16256,0,0,00000000,00000000,True,0,0,0,0,0.000000,0.000000,56,True,True
2748,197872,589828,1718378851,1297433183,00006450,FC4BFEAA,False,0,0,0,0,0.000000,0.000000,-1718378795,True,True
2749,197944,562638,9,16128,FBD73F00,DFEA9994,False,0,0,0,0,0.000000,0.000000,47,True,True
2750,198016,12118,138,1,E090F5AF,E090F5AF,True,12118,549229,0,0,0.533030,0.000000,-82,True,False
2751,198088,589832,1718378851,1297433183,00006450,1AE24EC9,False,0,0,0,0,0.000000,0.000000,-1718378795,True,True
2752,198160,0,0,0,00000000,00000000,True,0,0,0,0,0.000000,0.000000,56,True,True
2753,198232,524292,1600611692,1347245378,00000064,9B8E985A,False,0,0,0,0,0.000000,0.000000,-1600611636,True,True
2754,198304,562636,9,16128,00000000,4E41FC59,False,0,0,0,0,0.000000,0.000000,47,True,True
2755,198376,12120,138,1,86D9B0D7,86D9B0D7,True,12120,549229,0,0,0.533030,0.000000,-82,True,False
2756,198448,589832,1718378851,1297433183,00006450,7C0F9978,False,0,0,0,0,0.000000,0.000000,-1718378795,True,True
2757,198520,16128,0,0,00000000,00000000,True,0,0,0,0,0.000000,0.000000,56,True,True
2758,198592,524292,1600611692,1347245378,00000064,05DBE95A,False,0,0,0,0,0.000000,0.000000,-1600611636,True,True
2759,198664,562636,9,4225187584,00003E7D,1F7BEA1B,False,0,0,0,0,0.000000,0.000000,47,True,True
2760,198736,12122,138,1,3BABD3DD,3BABD3DD,True,12122,549229,0,0,0.533030,0.000000,-82,True,False
2761,198808,589832,1718378851,1297433183,00006450,5CC75CF1,False,0,0,0,0,0.000000,0.000000,-1718378795,True,True
2762,198880,16128,0,0,00000000,00000000,True,0,0,0,0,0.000000,0.000000,56,True,True
2763,198952,524292,1600611692,1347245378,00000064,0E73024F,False,0,0,0,0,0.000000,0.000000,-1600611636,True,True
2764,199024,562636,575864841,3684187793,AB3B3E6D,1AFCE5FA,False,0,0,0,0,0.000000,0.000000,-575864785,True,True
2765,199096,12124,138,1,885DBB7A,885DBB7A,True,12124,549229,0,0,0.533030,0.000000,-82,True,False
2766,199168,589832,1718378851,1297433183,00006450,3ACE6D9C,False,0,0,0,0,0.000000,0.000000,-1718378795,True,True
2767,199240,3483516675,16103,0,00000000,88BB2A32,False,0,0,0,0,0.000000,0.000000,-16047,True,False
2768,199312,524292,1600611692,1347245378,00000064,5AE514F5,False,0,0,0,0,0.000000,0.000000,-1600611636,True,True
2769,199384,562636,9,16128,00003F00,3AE18237,False,0,0,0,0,0.000000,0.000000,47,True,True
2770,199456,12127,138,1,DC38291E,DC38291E,True,12127,549164,0,0,0.523710,0.000000,-82,True,False
2771,199528,589832,1718378851,1297433183,00006450,6DEC1CF9,False,0,0,0,0,0.000000,0.000000,-1718378795,True,True
2772,199600,16256,0,0,00000000,00000000,True,0,0,0,0,0.000000,0.000000,56,True,True
2773,199672,524292,1600611692,1347245378,00000064,4D8814D2,False,0,0,0,0,0.000000,0.000000,-1600611636,True,True
2774,199744,562636,9,0,00003F00,E60914AE,False,0,0,0,0,0.000000,0.000000,47,True,True
2775,199816,12129,138,1,4D27AE83,4D27AE83,True,12129,549164,0,0,0.523710,0.000000,-82,True,False
2776,199888,134219925,1734700032,1396785759,00006445,72802CB8,False,0,0,0,0,0.000000,0.000000,-1734699976,True,True
2777,199960,0,0,0,00000000,00000000,True,0,0,0,0,0.000000,0.000000,56,True,True
2778,200032,524292,1600611692,1347245378,00000064,10D3D769,False,0,0,0,0,0.000000,0.000000,-1600611636,True,True
2779,200104,562636,9,16256,00000000,FFA74CCB,False,0,0,0,0,0.000000,0.000000,47,True,True
2780,200176,12131,138,1,F7D2F572,F7D2F572,True,12131,549164,0,0,0.523710,0.000000,-82,True,False
2781,200248,589832,1718378851,1297433183,00006450,F31E3C98,False,0,0,0,0,0.000000,0.000000,-1718378795,True,True
2782,200320,0,16128,0,00000000,356517C6,False,0,0,0,0,0.000000,0.000000,-16072,True,False
2783,200392,524292,1600611692,1347245378,00000064,FEFB67FC,False,0,0,0,0,0.000000,0.000000,-1600611636,True,True
2784,200464,562637,9,16128,FBD73F00,DFEA9994,False,0,0,0,0,0.000000,0.000000,47,True,True
2785,200536,12133,138,1,563FEA43,563FEA43,True,12133,549164,0,0,0.523710,0.000000,-82,True,False
2786,200608,150997141,1818321664,1094868838,00644553,A29FA825,False,0,0,0,0,0.000000,0.000000,-1818321608,True,True
2787,200680,16128,16256,0,00000000,FAD75AA8,False,0,0,0,0,0.000000,0.000000,-16200,True,False
2788,200752,524292,1600611692,1347245378,00000064,32EAD12C,False,0,0,0,0,0.000000,0.000000,-1600611636,True,True
2789,200824,562636,3553886217,3553902419,D3D43F53,480C825B,False,0,0,0,0,0.000000,0.000000,-3553886161,True,True
2790,200896,12135,138,1,6BAD3896,6BAD3896,True,12135,549164,0,0,0.523710,0.000000,-82,True,False
2791,200968,589832,1718378851,1297433183,00006450,4D76B001,False,0,0,0,0,0.000000,0.000000,-1718378795,True,True
2792,201040,15997,0,0,00000000,00000000,True,0,0,0,0,0.000000,0.000000,56,True,True
2793,201112,589828,1718378851,1396785759,00006445,995747C1,False,0,0,0,0,0.000000,0.000000,-1718378795,True,True
2794,201184,562638,9,0,00000000,FFA74CCB,False,0,0,0,0,0.000000,0.000000,47,True,True
2795,201256,12137,138,1,2D9298C4,2D9298C4,True,12137,549164,0,0,0.523710,0.000000,-82,True,False
2796,201328,589832,1718378851,1297433183,00006450,9A92117F,False,0,0,0,0,0.000000,0.000000,-1718378795,True,True
2797,201400,2872786541,15957,0,00000000,440AEB79,False,0,0,0,0,0.000000,0.000000,-15901,True,False
2798,201472,524292,1600611692,1347245378,00000064,2CECED79,False,0,0,0,0,0.000000,0.000000,-1600611636,True,True
2799,201544,562636,236650505,101465863,CFA23F03,DB11E392,False,0,0,0,0,0.000000,0.000000,-236650449,True,True
2800,201616,12140,138,1,A44E9D88,A44E9D88,True,12140,549164,0,0,0.523710,0.000000,-82,True,False
2801,201688,589832,1718378851,1297433183,00006450,5049E7ED,False,0,0,0,0,0.000000,0.000000,-1718378795,True,True
2802,201760,3436003020,147148,0,00000000,AA88A52A,False,0,0,0,0,0.000000,0.000000,-147092,True,False
2803,201832,589826,1953460070,1396785759,00006445,9DF6BEC6,False,0,0,0,0,0.000000,0.000000,-1953460014,True,True
2804,201904,12166,66,1,DBB521CC,DBB521CC,True,12166,552782,0,0,0.145754,0.000000,-10,True,False
2805,201976,554234,0,0,00000000,00000000,True,0,0,0,0,0.000000,0.000000,56,True,True
2806,202048,589826,1953460070,1297433183,00006450,AC6CFD97,False,0,0,0,0,0.000000,0.000000,-1953460014,True,True
2807,202120,12168,66,1,36F8415D,36F8415D,True,12168,552783,0,0,0.191861,0.000000,-10,True,False
2808,202192,554236,0,0,00000000,00000000,True,0,0,0,0,0.000000,0.000000,56,True,True
2809,202264,589826,1953460070,1396785759,00006445,F81FB6AC,False,0,0,0,0,0.000000,0.000000,-1953460014,True,True
2810,202336,3436003020,212684,0,00000000,2CAEF4AE,False,0,0,0,0,0.000000,0.000000,-212628,True,False
2811,202408,589826,1953460070,1297433183,00006450,7BD3EC8B,False,0,0,0,0,0.000000,0.000000,-1953460014,True,True
2812,202480,3436003020,212684,0,00000000,0BB653FA,False,0,0,0,0,0.000000,0.000000,-212628,True,False
2813,202552,589826,1953460070,1297433183,00006450,A55631C9,False,0,0,0,0,0.000000,0.000000,-1953460014,True,True
2814,202624,3436003020,212684,0,00000000,EF4632BF,False,0,0,0,0,0.000000,0.000000,-212628,True,False
2815,202696,589826,1953460070,1297433183,00006450,736C88F9,False,0,0,0,0,0.000000,0.000000,-1953460014,True,True
2816,202768,3436003020,212684,0,00000000,C050219F,False,0,0,0,0,0.000000,0.000000,-212628,True,False
2817,202840,589826,1953460070,1297433183,00006450,B135C689,False,0,0,0,0,0.000000,0.000000,-1953460014,True,True
2818,202912,3436003020,212684,0,00000000,C2FC330C,False,0,0,0,0,0.000000,0.000000,-212628,True,False
2819,202984,589826,1953460070,1297433183,00006450,BC7DC046,False,0,0,0,0,0.000000,0.000000,-1953460014,True,True
2820,203056,3436003020,212684,0,00000000,37888AC2,False,0,0,0,0,0.000000,0.000000,-212628,True,False
2821,203128,524294,1600611692,1163084098,00000064,9205CE4B,False,0,0,0,0,0.000000,0.000000,-1600611636,True,True
2822,203200,557857,1868955657,1113551983,64455341,45990E89,False,0,0,0,0,0.000000,0.000000,-1868955601,True,True
2823,203272,1053609165,1053609165,1,00000000,B72CDB5F,False,0,0,0,0,0.000000,0.000000,-1053609109,True,True
2824,203344,589828,1953460070,1297433183,00006450,A4646B3A,False,0,0,0,0,0.000000,0.000000,-1953460014,True,True
2825,203416,2278424576,589832,1056964608,3F000000,0DF93B35,False,0,0,0,0,0.000000,0.000000,-589776,True,True
2826,203488,13980,140,1,5C022365,5C022365,True,13980,559052,0,0,0.326779,0.000000,-84,True,False
2827,203560,559058,1633878025,1113548396,64455341,3358AFCE,False,0,0,0,0,0.000000,0.000000,-1633877969,True,True
2828,203632,1053609165,1053609165,3,00000000,521912BF,False,0,0,0,0,0.000000,0.000000,-1053609109,True,True
2829,203704,589826,1953460070,1396785759,00006445,8858AB29,False,0,0,0,0,0.000000,0.000000,-1953460014,True,True
2830,203776,3436003020,212684,0,00000000,3B501383,False,0,0,0,0,0.000000,0.000000,-212628,True,False
2831,203848,589828,1718378851,1396785759,00006445,F719E71D,False,0,0,0,0,0.000000,0.000000,-1718378795,True,True
2832,203920,2347499520,589832,1056964608,3F000000,3C32398F,False,0,0,0,0,0.000000,0.000000,-589776,True,True
2833,203992,14085,176,1,CCDA873D,CCDA873D,True,14085,560105,0,0,0.577945,0.000000,-120,True,False
2834,204064,560116,1701576712,1094868839,00644553,2C2168C5,False,0,0,0,0,0.000000,0.000000,-1701576656,True,True
2835,204136,2348548096,589832,1056964608,3F000000,E61B14CC,False,0,0,0,0,0.000000,0.000000,-589776,True,True
2836,204208,14513,194,1,5B023650,5B023650,True,14513,560318,0,0,0.649688,0.000000,-138,True,False
2837,204280,1163084098,100,560333,6F74000A,1E707FA3,False,1601139570,1347245378,100,560331,75514389620073025465298714624.000000,17254259941712068608.000000,-44,True,False
2838,204352,786440,1701998438,1601008225,45534142,413F8D6B,False,0,0,0,0,0.000000,0.000000,-1701998382,True,True
2839,204424,14514,194,1,D4415B00,D4415B00,True,14514,560318,0,0,0.649688,0.000000,-138,True,False
2840,204496,1682264897,33554432,218106003,70707500,CE3D2E70,False,0,0,0,0,0.000000,0.000000,-33554376,True,True
2841,204568,561924,1869873162,1601139570,504D5542,CA918E4C,False,0,0,0,0,0.000000,0.000000,-1869873106,True,True
2842,204640,14524,194,1,71CE9B44,71CE9B44,True,14524,563309,0,0,0.649688,0.000000,-138,True,False
2843,204712,100,560331,1869873162,5F6F7372,E62D0F46,False,0,0,0,0,0.000000,0.000000,-560275,True,True
2844,204784,1962937600,1919250544,1601008225,45534142,BA5A485B,False,0,0,0,0,0.000000,0.000000,-1919250488,True,True
2845,204856,14525,194,1,CF570BD1,CF570BD1,True,14525,563309,0,0,0.649688,0.000000,-138,True,False
2846,204928,100,560327,1869873162,5F6F7372,CEAF4971,False,0,0,0,0,0.000000,0.000000,-560271,True,True
2847,205000,786440,1701998438,1601008225,45534142,5D2B2E9F,False,0,0,0,0,0.000000,0.000000,-1701998382,True,True
2848,205072,14540,138,1,F6BB78EE,F6BB78EE,True,14540,564294,0,0,0.534728,0.000000,-82,True,False
2849,205144,134219932,1734700032,1396785759,00006445,E03F9C5E,False,0,0,0,0,0.000000,0.000000,-1734699976,True,True
2850,205216,643513973,16019,0,00000000,8B5C3A81,False,0,0,0,0,0.000000,0.000000,-15963,True,False
2851,205288,589828,1718378851,1396785759,00006445,646CB146,False,0,0,0,0,0.000000,0.000000,-1718378795,True,True
2852,205360,564297,2164916233,2164932416,810A3F40,1292F3ED,False,0,0,0,0,0.000000,0.000000,-2164916177,True,True
2853,205432,14543,138,1,C6003618,C6003618,True,14543,564315,0,0,0.529292,0.000000,-82,True,False
2854,205504,134219932,1734700032,1396785759,00006445,4F002979,False,0,0,0,0,0.000000,0.000000,-1734699976,True,True
2855,205576,643513973,16019,0,00000000,DCC154B8,False,0,0,0,0,0.000000,0.000000,-15963,True,False
2856,205648,524292,1600611692,1163084098,00000064,0829C291,False,0,0,0,0,0.000000,0.000000,-1600611636,True,True
2857,205720,564297,2164916233,2164932416,810A3F40,253018D6,False,0,0,0,0,0.000000,0.000000,-2164916177,True,True
2858,205792,14545,138,1,78837FE2,78837FE2,True,14545,564294,0,0,0.534728,0.000000,-82,True,False
2859,205864,150997148,1818321664,1430413158,0064504D,77B425F8,False,0,0,0,0,0.000000,0.000000,-1818321608,True,True
2860,205936,1655586381,15921,0,00000000,13059E37,False,0,0,0,0,0.000000,0.000000,-15865,True,False
2861,206008,589828,1718378851,1297433183,00006450,47E5CEE4,False,0,0,0,0,0.000000,0.000000,-1718378795,True,True
2862,206080,564299,1995898889,2602254011,62AE3E4D,1CC5B5DF,False,0,0,0,0,0.000000,0.000000,-1995898833,True,True
2863,206152,14549,100,1,3B3C2C71,3B3C2C71,True,14549,564345,0,0,0.412820,0.000000,-44,True,False
2864,206224,589832,1056964608,1056964608,3F000000,C7295682,False,0,0,0,0,0.000000,0.000000,-1056964552,True,True
2865,206296,14550,100,1,732F2A51,732F2A51,True,14550,564344,0,0,0.388547,0.000000,-44,True,False
2866,206368,589832,1056964608,1056964608,3F000000,F54DE837,False,0,0,0,0,0.000000,0.000000,-1056964552,True,True
2867,206440,14551,100,1,949B34C7,949B34C7,True,14551,564344,0,0,0.388547,0.000000,-44,True,False
2868,206512,589832,1056964608,1056964608,3F000000,F41CD9D6,False,0,0,0,0,0.000000,0.000000,-1056964552,True,True
2869,206584,14552,100,1,89BE0FD5,89BE0FD5,True,14552,564345,0,0,0.388547,0.000000,-44,True,False
2870,206656,589832,1056964608,1056964608,3F000000,3495EFE7,False,0,0,0,0,0.000000,0.000000,-1056964552,True,True
2871,206728,14583,104,1,78469094,78469094,True,14583,565311,0,0,0.281015,0.000000,-48,True,False
2872,206800,2688811008,589832,1056964608,3F000000,9880DC97,False,0,0,0,0,0.000000,0.000000,-589776,True,True
2873,206872,14584,104,1,C51BE259,C51BE259,True,14584,565311,0,0,0.281015,0.000000,-48,True,False
2874,206944,2688942080,589832,1056964608,3F000000,97CE7E11,False,0,0,0,0,0.000000,0.000000,-589776,True,True
2875,207016,14585,138,1,87529B4D,87529B4D,True,14585,549229,0,0,0.533030,0.000000,-82,True,False
2876,207088,589832,1718378851,1396785759,00006445,7B1C5364,False,0,0,0,0,0.000000,0.000000,-1718378795,True,True
2877,207160,15997,0,0,00000000,00000000,True,0,0,0,0,0.000000,0.000000,56,True,True
2878,207232,524292,1600611692,1163084098,00000064,E0737049,False,0,0,0,0,0.000000,0.000000,-1600611636,True,True
2879,207304,565225,4225171465,15997,00003F00,A48E9D1B,False,0,0,0,0,0.000000,0.000000,-4225171409,True,True
2880,207376,14587,138,1,C8C2752A,C8C2752A,True,14587,549229,0,0,0.533030,0.000000,-82,True,False
2881,207448,589832,1718378851,1297433183,00006450,32B2CD51,False,0,0,0,0,0.000000,0.000000,-1718378795,True,True
2882,207520,0,0,0,00000000,00000000,True,0,0,0,0,0.000000,0.000000,56,True,True
2883,207592,524292,1600611692,1347245378,00000064,6DDA611D,False,0,0,0,0,0.000000,0.000000,-1600611636,True,True
2884,207664,565226,3686400009,3077848941,C7933F5B,E333E558,False,0,0,0,0,0.000000,0.000000,-3686399953,True,True
2885,207736,14589,138,1,4F4024B8,4F4024B8,True,14589,549229,0,0,0.533030,0.000000,-82,True,False
2886,207808,589832,1718378851,1297433183,00006450,0E03BDFD,False,0,0,0,0,0.000000,0.000000,-1718378795,True,True
2887,207880,16256,16128,0,00000000,EBE61EF9,False,0,0,0,0,0.000000,0.000000,-16072,True,False
2888,207952,524292,1600611692,1347245378,00000064,9806685E,False,0,0,0,0,0.000000,0.000000,-1600611636,True,True
2889,208024,565226,9,16128,00000000,1A378519,False,0,0,0,0,0.000000,0.000000,47,True,True
2890,208096,14591,138,1,CA686E09,CA686E09,True,14591,549229,0,0,0.533030,0.000000,-82,True,False
2891,208168,589832,1718378851,1297433183,00006450,918C6AD3,False,0,0,0,0,0.000000,0.000000,-1718378795,True,True
2892,208240,16256,16256,0,00000000,381E8960,False,0,0,0,0,0.000000,0.000000,-16200,True,False
2893,208312,524292,1600611692,1347245378,00000064,D0C0EBD4,False,0,0,0,0,0.000000,0.000000,-1600611636,True,True
2894,208384,565226,2602237961,1114652237,FBD73CA1,D6B180DC,False,0,0,0,0,0.000000,0.000000,-2602237905,True,True
2895,208456,14593,138,1,7D2982CF,7D2982CF,True,14593,549229,0,0,0.533030,0.000000,-82,True,False
2896,208528,589832,1718378851,1297433183,00006450,388B9471,False,0,0,0,0,0.000000,0.000000,-1718378795,True,True
2897,208600,0,16256,0,00000000,D83736C2,False,0,0,0,0,0.000000,0.000000,-16200,True,False
2898,208672,524292,1600611692,1347245378,00000064,BBEE58B6,False,0,0,0,0,0.000000,0.000000,-1600611636,True,True
2899,208744,565226,9,16256,00000000,E60914AE,False,0,0,0,0,0.000000,0.000000,47,True,True
2900,208816,14595,138,1,1E60D9C2,1E60D9C2,True,14595,549229,0,0,0.533030,0.000000,-82,True,False
2901,208888,134219936,1734700032,1297433183,00006450,711A0558,False,0,0,0,0,0.000000,0.000000,-1734699976,True,True
2902,208960,3436003020,212684,0,00000000,A4F304B5,False,0,0,0,0,0.000000,0.000000,-212628,True,False
2903,209032,524292,1600611692,1347245378,00000064,3A1F7928,False,0,0,0,0,0.000000,0.000000,-1600611636,True,True
2904,209104,565226,9,16128,00003F00,3AE18237,False,0,0,0,0,0.000000,0.000000,47,True,True
2905,209176,14597,138,1,879AA51D,879AA51D,True,14597,549229,0,0,0.533030,0.000000,-82,True,False
2906,209248,589832,1718378851,1297433183,00006450,655F31AF,False,0,0,0,0,0.000000,0.000000,-1718378795,True,True
2907,209320,3436003020,212684,0,00000000,2BB50D52,False,0,0,0,0,0.000000,0.000000,-212628,True,False
2908,209392,524292,1600611692,1347245378,00000064,13816EB6,False,0,0,0,0,0.000000,0.000000,-1600611636,True,True
2909,209464,565229,4159701001,34946811,02153E81,822EAEB8,False,0,0,0,0,0.000000,0.000000,-4159700945,True,True
2910,209536,14599,138,1,BED9FFB6,BED9FFB6,True,14599,549229,0,0,0.533030,0.000000,-82,True,False
2911,209608,589832,1718378851,1297433183,00006450,583C9018,False,0,0,0,0,0.000000,0.000000,-1718378795,True,True
2912,209680,309279619,15235,0,00000000,5842F0C1,False,0,0,0,0,0.000000,0.000000,-15179,True,False
2913,209752,524292,1600611692,1347245378,00000064,D4EF2AFD,False,0,0,0,0,0.000000,0.000000,-1600611636,True,True
2914,209824,565229,2156134409,2156150528,80843F00,3E0AF615,False,0,0,0,0,0.000000,0.000000,-2156134353,True,True
2915,209896,14601,138,1,A0EC646A,A0EC646A,True,14601,549229,0,0,0.533030,0.000000,-82,True,False
2916,209968,134219936,1734700032,1396785759,00006445,82DB4E5D,False,0,0,0,0,0.000000,0.000000,-1734699976,True,True
2917,210040,2695118112,15648,0,00000000,6C97C577,False,0,0,0,0,0.000000,0.000000,-15592,True,False
2918,210112,524292,1600611692,1347245378,00000064,15AFD778,False,0,0,0,0,0.000000,0.000000,-1600611636,True,True
2919,210184,565229,2476343305,3503505171,D0D33D50,1B0F22E8,False,0,0,0,0,0.000000,0.000000,-2476343249,True,True
2920,210256,14603,138,1,F6A5F10A,F6A5F10A,True,14603,549229,0,0,0.533030,0.000000,-82,True,False
2921,210328,589832,1718378851,1297433183,00006450,29D8A179,False,0,0,0,0,0.000000,0.000000,-1718378795,True,True
2922,210400,3233693504,16192,0,00000000,EA875708,False,0,0,0,0,0.000000,0.000000,-16136,True,False
2923,210472,524292,1600611692,1347245378,00000064,3DC0E8C4,False,0,0,0,0,0.000000,0.000000,-1600611636,True,True
2924,210544,565229,3754033161,879050479,E3C93F1A,7CDAF0FB,False,0,0,0,0,0.000000,0.000000,-3754033105,True,True
2925,210616,14605,138,1,C7EF5417,C7EF5417,True,14605,549229,0,0,0.533030,0.000000,-82,True,False
2926,210688,589832,1718378851,1297433183,00006450,63A10969,False,0,0,0,0,0.000000,0.000000,-1718378795,True,True
2927,210760,3505274176,15952,0,00000000,1DB9EA02,False,0,0,0,0,0.000000,0.000000,-15896,True,False
2928,210832,524292,1600611692,1347245378,00000064,E85A9ECA,False,0,0,0,0,0.000000,0.000000,-1600611636,True,True
2929,210904,565229,3756195849,2156150623,80733F00,506636EE,False,0,0,0,0,0.000000,0.000000,-3756195793,True,True
2930,210976,14607,138,1,9455D3E9,9455D3E9,True,14607,549229,0,0,0.533030,0.000000,-82,True,False
2931,211048,589832,1718378851,1297433183,00006450,BE2A22E2,False,0,0,0,0,0.000000,0.000000,-1718378795,True,True
2932,211120,2695118112,15648,0,00000000,6C211BE4,False,0,0,0,0,0.000000,0.000000,-15592,True,False
2933,211192,524292,1600611692,1347245378,00000064,9E5A44D1,False,0,0,0,0,0.000000,0.000000,-1600611636,True,True
2934,211264,565229,3773497353,4009377248,A4A03EEE,D6984F0E,False,0,0,0,0,0.000000,0.000000,-3773497297,True,True
2935,211336,14609,138,1,4645CB57,4645CB57,True,14609,549229,0,0,0.533030,0.000000,-82,True,False
2936,211408,589832,1718378851,1297433183,00006450,535B9203,False,0,0,0,0,0.000000,0.000000,-1718378795,True,True
2937,211480,3436003020,212684,0,00000000,9BD8F460,False,0,0,0,0,0.000000,0.000000,-212628,True,False
2938,211552,589830,1718378851,1297433183,00006450,F98FADC1,False,0,0,0,0,0.000000,0.000000,-1718378795,True,True
2939,211624,565561,1869873162,1601139570,504D5542,D0E820F3,False,0,0,0,0,0.000000,0.000000,-1869873106,True,True
2940,211696,3436003020,3436003020,147148,00000000,5BE668CC,False,0,0,0,0,0.000000,0.000000,-3436002964,True,True
2941,211768,655366,1936879476,1094868847,00644553,7E61207B,False,0,0,0,0,0.000000,0.000000,-1936879420,True,True
2942,211840,100,566390,1701576712,55425F67,0BFC9A54,False,0,0,0,0,0.000000,0.000000,-566334,True,True
2943,211912,3436003020,3436003020,212684,00000000,DBB1C51C,False,0,0,0,0,0.000000,0.000000,-3436002964,True,True
2944,211984,589828,1718378851,1297433183,00006450,93938DA3,False,0,0,0,0,0.000000,0.000000,-1718378795,True,True
2945,212056,565267,9,16128,00003F00,3AE18237,False,0,0,0,0,0.000000,0.000000,47,True,True
2946,212128,14616,138,1,7495237C,7495237C,True,14616,549229,0,0,0.533030,0.000000,-82,True,False
2947,212200,589832,1718378851,1297433183,00006450,4E1E0F89,False,0,0,0,0,0.000000,0.000000,-1718378795,True,True
2948,212272,2895003048,15916,0,00000000,85B553F5,False,0,0,0,0,0.000000,0.000000,-15860,True,False
2949,212344,524292,1600611692,1347245378,00000064,E2C06A82,False,0,0,0,0,0.000000,0.000000,-1600611636,True,True
2950,212416,565231,9,16256,00003F80,12ACBD88,False,0,0,0,0,0.000000,0.000000,47,True,True
2951,212488,14618,138,1,B2441B32,B2441B32,True,14618,549229,0,0,0.533030,0.000000,-82,True,False
2952,212560,589832,1718378851,1297433183,00006450,EB33BCD8,False,0,0,0,0,0.000000,0.000000,-1718378795,True,True
2953,212632,0,0,0,00000000,00000000,True,0,0,0,0,0.000000,0.000000,56,True,True
2954,212704,524292,1600611692,1347245378,00000064,731CE889,False,0,0,0,0,0.000000,0.000000,-1600611636,True,True
2955,212776,565231,2695102473,2695118112,A0A43D20,FAFA738B,False,0,0,0,0,0.000000,0.000000,-2695102417,True,True
2956,212848,14620,138,1,303191C0,303191C0,True,14620,549229,0,0,0.533030,0.000000,-82,True,False
2957,212920,589832,1718378851,1297433183,00006450,FE2367A7,False,0,0,0,0,0.000000,0.000000,-1718378795,True,True
2958,212992,4225171456,15997,0,00000000,F6238E24,False,0,0,0,0,0.000000,0.000000,-15941,True,False
2959,213064,524292,1600611692,1347245378,00000064,1E873D85,False,0,0,0,0,0.000000,0.000000,-1600611636,True,True
2960,213136,565233,9,16128,00003F00,3AE18237,False,0,0,0,0,0.000000,0.000000,47,True,True
2961,213208,14622,138,1,DF05B4F6,DF05B4F6,True,14622,549229,0,0,0.533030,0.000000,-82,True,False
2962,213280,565232,1701576712,1094868839,00644553,9FA1DB8B,False,0,0,0,0,0.000000,0.000000,-1701576656,True,True
2963,213352,3436003020,212684,0,00000000,CD0C3025,False,0,0,0,0,0.000000,0.000000,-212628,True,False
2964,213424,524292,1600611692,1347245378,00000064,AAA4FBE2,False,0,0,0,0,0.000000,0.000000,-1600611636,True,True
2965,213496,565235,9,16128,00003F00,3AE18237,False,0,0,0,0,0.000000,0.000000,47,True,True
2966,213568,14624,138,1,37CFB921,37CFB921,True,14624,549229,0,0,0.533030,0.000000,-82,True,False
2967,213640,589832,1718378851,1297433183,00006450,5E379DE1,False,0,0,0,0,0.000000,0.000000,-1718378795,True,True
2968,213712,3436003020,212684,0,00000000,60B42D5E,False,0,0,0,0,0.000000,0.000000,-212628,True,False
2969,213784,524292,1600611692,1347245378,00000064,572673B1,False,0,0,0,0,0.000000,0.000000,-1600611636,True,True
2970,213856,565237,9,16128,00003F00,3AE18237,False,0,0,0,0,0.000000,0.000000,47,True,True
2971,213928,14626,102,1,CD6391B1,CD6391B1,True,14626,549229,0,0,0.533030,0.000000,-46,True,False
2972,214000,589832,1718378851,1297433183,00006450,87463700,False,0,0,0,0,0.000000,0.000000,-1718378795,True,True
2973,214072,14627,138,1,5C1609D4,5C1609D4,True,14627,549229,0,0,0.533030,0.000000,-82,True,False
2974,214144,565239,1701576712,1094868839,00644553,83CF024D,False,0,0,0,0,0.000000,0.000000,-1701576656,True,True
2975,214216,3436003020,212684,0,00000000,576DB76E,False,0,0,0,0,0.000000,0.000000,-212628,True,False
2976,214288,589828,1718378851,1396785759,00006445,EFCEFA9F,False,0,0,0,0,0.000000,0.000000,-1718378795,True,True
2977,214360,565274,9,16128,00003F00,3AE18237,False,0,0,0,0,0.000000,0.000000,47,True,True
2978,214432,14632,100,1,2310B2BB,2310B2BB,True,14632,565691,0,0,0.340009,0.000000,-44,True,False
2979,214504,589832,1056964608,1056964608,3F000000,42434335,False,0,0,0,0,0.000000,0.000000,-1056964552,True,True
2980,214576,14633,194,1,3BDE8DB4,3BDE8DB4,True,14633,565690,0,0,0.631756,0.000000,-138,True,False
2981,214648,100,565854,1868955660,72616572,D07860B6,False,0,0,0,0,0.000000,0.000000,-565798,True,True
2982,214720,1962937600,1919250544,1601008225,504D5542,3FF988BB,False,0,0,0,0,0.000000,0.000000,-1919250488,True,True
2983,214792,14634,138,1,EF8C6F86,EF8C6F86,True,14634,549229,0,0,0.533030,0.000000,-82,True,False
2984,214864,565240,1701576712,1094868839,00644553,CE0E7D12,False,0,0,0,0,0.000000,0.000000,-1701576656,True,True
2985,214936,3436003020,212684,0,00000000,7F53A183,False,0,0,0,0,0.000000,0.000000,-212628,True,False
2986,215008,589828,1718378851,1297433183,00006450,D563F435,False,0,0,0,0,0.000000,0.000000,-1718378795,True,True
2987,215080,565295,9,16128,00003F00,3AE18237,False,0,0,0,0,0.000000,0.000000,47,True,True
2988,215152,14636,138,1,653A8E17,653A8E17,True,14636,549229,0,0,0.533030,0.000000,-82,True,False
2989,215224,565242,1701576712,1094868839,00644553,523D499D,False,0,0,0,0,0.000000,0.000000,-1701576656,True,True
2990,215296,3436003020,147148,0,00000000,7D71D32E,False,0,0,0,0,0.000000,0.000000,-147092,True,False
2991,215368,851974,1701867637,1836212594,4D55425F,C3DF18D5,False,0,0,0,0,0.000000,0.000000,-1701867581,True,True
2992,215440,1113550194,1682984277,1711276032,0C0008A2,30ACB130,False,0,0,0,0,0.000000,0.000000,-1682984221,True,True
2993,215512,2577022720,2577022745,2577022745,CCCD3F19,D26F3D05,False,0,0,0,0,0.000000,0.000000,-2577022689,True,True
2994,215584,589828,1718378851,1297433183,00006450,532D1204,False,0,0,0,0,0.000000,0.000000,-1718378795,True,True
2995,215656,565297,9,16128,00003F00,3AE18237,False,0,0,0,0,0.000000,0.000000,47,True,True
2996,215728,14640,138,1,118D532A,118D532A,True,14640,549164,0,0,0.523710,0.000000,-82,True,False
2997,215800,589832,1718378851,1297433183,00006450,4735E1CE,False,0,0,0,0,0.000000,0.000000,-1718378795,True,True
2998,215872,3436003020,212684,0,00000000,8BE0FF32,False,0,0,0,0,0.000000,0.000000,-212628,True,False
2999,215944,524292,1600611692,1347245378,00000064,641F55EC,False,0,0,0,0,0.000000,0.000000,-1600611636,True,True
3000,216016,565227,1048117257,2062434079,7EF63F3D,79B0F943,False,0,0,0,0,0.000000,0.000000,-1048117201,True,True
3001,216088,14642,138,1,54C67C3D,54C67C3D,True,14642,549164,0,0,0.523710,0.000000,-82,True,False
3002,216160,589832,1718378851,1297433183,00006450,23D5FE05,False,0,0,0,0,0.000000,0.000000,-1718378795,True,True
3003,216232,0,0,0,00000000,00000000,True,0,0,0,0,0.000000,0.000000,56,True,True
3004,216304,589828,1718378851,1297433183,00006450,C9C67F43,False,0,0,0,0,0.000000,0.000000,-1718378795,True,True
3005,216376,565263,4225171465,15997,00003F00,373B942E,False,0,0,0,0,0.000000,0.000000,-4225171409,True,True
3006,216448,14644,138,1,5EA39B7F,5EA39B7F,True,14644,549164,0,0,0.523710,0.000000,-82,True,False
3007,216520,589832,1718378851,1297433183,00006450,A8A099AB,False,0,0,0,0,0.000000,0.000000,-1718378795,True,True
3008,216592,16256,16256,0,00000000,FFD71683,False,0,0,0,0,0.000000,0.000000,-16200,True,False
3009,216664,524292,1600611692,1347245378,00000064,51320D46,False,0,0,0,0,0.000000,0.000000,-1600611636,True,True
3010,216736,565227,9,16128,00003F00,BAE4557F,False,0,0,0,0,0.000000,0.000000,47,True,True
3011,216808,14646,138,1,C8FF2660,C8FF2660,True,14646,549164,0,0,0.523710,0.000000,-82,True,False
3012,216880,589832,1718378851,1297433183,00006450,5BF86E6F,False,0,0,0,0,0.000000,0.000000,-1718378795,True,True
3013,216952,16256,16128,0,00000000,79881476,False,0,0,0,0,0.000000,0.000000,-16072,True,False
3014,217024,524292,1600611692,1347245378,00000064,4C4AB472,False,0,0,0,0,0.000000,0.000000,-1600611636,True,True
3015,217096,565227,9,16128,00000000,1A378519,False,0,0,0,0,0.000000,0.000000,47,True,True
3016,217168,14648,138,1,DA8213E3,DA8213E3,True,14648,549164,0,0,0.523710,0.000000,-82,True,False
3017,217240,589832,1718378851,1297433183,00006450,B0BB523D,False,0,0,0,0,0.000000,0.000000,-1718378795,True,True
3018,217312,3213049724,16095,0,00000000,0A590F3C,False,0,0,0,0,0.000000,0.000000,-16039,True,False
3019,217384,524292,1600611692,1347245378,00000064,9F9F9739,False,0,0,0,0,0.000000,0.000000,-1600611636,True,True
3020,217456,565227,9,0,00003F00,C51F0D55,False,0,0,0,0,0.000000,0.000000,47,True,True
3021,217528,14650,194,1,FF1AA400,FF1AA400,True,14650,565690,0,0,0.631756,0.000000,-138,True,False
3022,217600,6571347,2716532736,655368,73726F74,627F9B6C,False,0,0,0,0,0.000000,0.000000,-2716532680,True,True
3023,217672,1962937600,1919250544,1601008225,504D5542,B27927F1,False,0,0,0,0,0.000000,0.000000,-1919250488,True,True
3024,217744,14651,138,1,9AE31767,9AE31767,True,14651,549164,0,0,0.523710,0.000000,-82,True,False
3025,217816,589832,1718378851,1297433183,00006450,3172A8AE,False,0,0,0,0,0.000000,0.000000,-1718378795,True,True
3026,217888,0,0,0,00000000,00000000,True,0,0,0,0,0.000000,0.000000,56,True,True
3027,217960,786438,1701998438,1601008225,45534142,931CB82D,False,0,0,0,0,0.000000,0.000000,-1701998382,True,True
3028,218032,1869836911,1396785759,25669,08A27000,0110D16A,False,0,0,0,0,0.000000,0.000000,-1396785703,True,True
3029,218104,2577022720,2577022745,2577022745,CCCD3F19,6AE11371,False,0,0,0,0,0.000000,0.000000,-2577022689,True,True
3030,218176,851974,1701867637,1836212594,5341425F,218C86B7,False,0,0,0,0,0.000000,0.000000,-1701867581,True,True
3031,218248,1601008225,1347245378,100,0008A28B,31B44C33,False,0,0,0,0,0.000000,0.000000,-1347245322,True,True
3032,218320,2577022720,2577022745,2577022745,CCCD3F19,76F3364F,False,0,0,0,0,0.000000,0.000000,-2577022689,True,True
3033,218392,786438,1701998438,1601008225,45534142,9FA7CFBF,False,0,0,0,0,0.000000,0.000000,-1701998382,True,True
3034,218464,1113550707,1682264897,1459617792,0C0008A2,57239C4E,False,0,0,0,0,0.000000,0.000000,-1682264841,True,True
3035,218536,2577022720,2577022745,2577022745,CCCD3F19,FCC52D0F,False,0,0,0,0,0.000000,0.000000,-2577022689,True,True
3036,218608,524292,1600611692,1347245378,00000064,F55545F7,False,0,0,0,0,0.000000,0.000000,-1600611636,True,True
3037,218680,565228,9,16128,00003F00,3AE18237,False,0,0,0,0,0.000000,0.000000,47,True,True
3038,218752,14656,138,1,40A77175,40A77175,True,14656,549164,0,0,0.523710,0.000000,-82,True,False
3039,218824,589832,1718378851,1297433183,00006450,A48674B5,False,0,0,0,0,0.000000,0.000000,-1718378795,True,True
3040,218896,3436003020,212684,0,00000000,CBE96738,False,0,0,0,0,0.000000,0.000000,-212628,True,False
3041,218968,524292,1600611692,1163084098,00000064,E61E2A6E,False,0,0,0,0,0.000000,0.000000,-1600611636,True,True
3042,219040,565283,2693333001,2189704352,A0893E82,900AA4BF,False,0,0,0,0,0.000000,0.000000,-2693332945,True,True
3043,219112,14658,138,1,86E2E117,86E2E117,True,14658,549164,0,0,0.523710,0.000000,-82,True,False
3044,219184,589832,1718378851,1297433183,00006450,6C57F9F3,False,0,0,0,0,0.000000,0.000000,-1718378795,True,True
3045,219256,305413775,16009,0,00000000,F037FB67,False,0,0,0,0,0.000000,0.000000,-15953,True,False
3046,219328,524292,1600611692,1347245378,00000064,E520BA15,False,0,0,0,0,0.000000,0.000000,-1600611636,True,True
3047,219400,565229,4111073289,3233431156,90713D40,BE0987BB,False,0,0,0,0,0.000000,0.000000,-4111073233,True,True
3048,219472,14660,138,1,19B880FF,19B880FF,True,14660,549164,0,0,0.523710,0.000000,-82,True,False
3049,219544,565246,1701576712,1094868839,00644553,1FEDA258,False,0,0,0,0,0.000000,0.000000,-1701576656,True,True
3050,219616,3503505024,15696,0,00000000,479F736C,False,0,0,0,0,0.000000,0.000000,-15640,True,False
3051,219688,524292,1600611692,1163084098,00000064,F64DA52E,False,0,0,0,0,0.000000,0.000000,-1600611636,True,True
3052,219760,565283,2492596233,3166584340,96A23F3C,02786EE1,False,0,0,0,0,0.000000,0.000000,-2492596177,True,True
3053,219832,14662,138,1,44A0C6F8,44A0C6F8,True,14662,549164,0,0,0.523710,0.000000,-82,True,False
3054,219904,134219936,1734700032,1396785759,00006445,3BF5D4AE,False,0,0,0,0,0.000000,0.000000,-1734699976,True,True
3055,219976,3639426336,15960,0,00000000,E3B87B84,False,0,0,0,0,0.000000,0.000000,-15904,True,False
3056,220048,524292,1600611692,1347245378,00000064,B81109FB,False,0,0,0,0,0.000000,0.000000,-1600611636,True,True
3057,220120,565229,9,16180,00003F34,E0ECBE27,False,0,0,0,0,0.000000,0.000000,47,True,True
3058,220192,14664,138,1,834D327F,834D327F,True,14664,549164,0,0,0.523710,0.000000,-82,True,False
3059,220264,589832,1718378851,1297433183,00006450,508D1BAE,False,0,0,0,0,0.000000,0.000000,-1718378795,True,True
3060,220336,2156805376,15616,0,00000000,3A62201A,False,0,0,0,0,0.000000,0.000000,-15560,True,False
3061,220408,524292,1600611692,1347245378,00000064,0DFBD7F3,False,0,0,0,0,0.000000,0.000000,-1600611636,True,True
3062,220480,565229,2156134409,2156150528,80843F00,2A34117A,False,0,0,0,0,0.000000,0.000000,-2156134353,True,True
3063,220552,14666,138,1,22BFFC47,22BFFC47,True,14666,549164,0,0,0.523710,0.000000,-82,True,False
3064,220624,589832,1718378851,1297433183,00006450,93CD37A3,False,0,0,0,0,0.000000,0.000000,-1718378795,True,True
3065,220696,3233693504,16192,0,00000000,4177FD38,False,0,0,0,0,0.000000,0.000000,-16136,True,False
3066,220768,524290,1600611692,1347245378,00000064,987400D3,False,0,0,0,0,0.000000,0.000000,-1600611636,True,True
3067,220840,1053609165,2,0,00000000,41D912FF,False,0,0,0,0,0.000000,0.000000,54,True,True
3068,220912,589828,1718378851,1396785759,00006445,1344800F,False,0,0,0,0,0.000000,0.000000,-1718378795,True,True
3069,220984,565285,9,16128,00003F00,3AE18237,False,0,0,0,0,0.000000,0.000000,47,True,True
3070,221056,14671,138,1,58D66D36,58D66D36,True,14671,549164,0,0,0.523710,0.000000,-82,True,False
3071,221128,565230,1701576712,1094868839,00644553,BF80A41F,False,0,0,0,0,0.000000,0.000000,-1701576656,True,True
3072,221200,3436003020,212684,0,00000000,C3B318C9,False,0,0,0,0,0.000000,0.000000,-212628,True,False
3073,221272,589828,1718378851,1396785759,00006445,454516D7,False,0,0,0,0,0.000000,0.000000,-1718378795,True,True
3074,221344,566144,9,16128,00003F00,3AE18237,False,0,0,0,0,0.000000,0.000000,47,True,True
3075,221416,14673,138,1,E9F1B9E6,E9F1B9E6,True,14673,566115,0,0,0.496737,0.000000,-82,True,False
3076,221488,134219939,1734700032,1297433183,00006450,6656B815,False,0,0,0,0,0.000000,0.000000,-1734699976,True,True
3077,221560,3436003020,212684,0,00000000,21D0ADC9,False,0,0,0,0,0.000000,0.000000,-212628,True,False
3078,221632,524292,1600611692,1163084098,00000064,768A4FB9,False,0,0,0,0,0.000000,0.000000,-1600611636,True,True
3079,221704,566185,9,16128,00003F00,3AE18237,False,0,0,0,0,0.000000,0.000000,47,True,True
3080,221776,14675,138,1,4DB7D557,4DB7D557,True,14675,549164,0,0,0.523710,0.000000,-82,True,False
3081,221848,565249,1701576712,1094868839,00644553,B7D77EDA,False,0,0,0,0,0.000000,0.000000,-1701576656,True,True
3082,221920,3738910430,16094,0,00000000,2A39706A,False,0,0,0,0,0.000000,0.000000,-16038,True,False
3083,221992,589828,1718378851,1396785759,00006445,5533DA2A,False,0,0,0,0,0.000000,0.000000,-1718378795,True,True
3084,222064,565285,9,16256,00003F80,12ACBD88,False,0,0,0,0,0.000000,0.000000,47,True,True
3085,222136,14677,138,1,AD151BF8,AD151BF8,True,14677,549164,0,0,0.523710,0.000000,-82,True,False
3086,222208,565249,1701576712,1094868839,00644553,5DD03296,False,0,0,0,0,0.000000,0.000000,-1701576656,True,True
3087,222280,2156805376,15616,0,00000000,0DC08B7A,False,0,0,0,0,0.000000,0.000000,-15560,True,False
3088,222352,589828,1718378851,1396785759,00006445,D057A651,False,0,0,0,0,0.000000,0.000000,-1718378795,True,True
3089,222424,565285,3773497353,3773512928,E0EB3CE0,D09CBA77,False,0,0,0,0,0.000000,0.000000,-3773497297,True,True
3090,222496,14679,138,1,471E2353,471E2353,True,14679,549164,0,0,0.523710,0.000000,-82,True,False
3091,222568,565249,1701576712,1094868839,00644553,DCC06488,False,0,0,0,0,0.000000,0.000000,-1701576656,True,True
3092,222640,2728476056,16034,0,00000000,757931FB,False,0,0,0,0,0.000000,0.000000,-15978,True,False
3093,222712,589828,1718378851,1396785759,00006445,5ACF570B,False,0,0,0,0,0.000000,0.000000,-1718378795,True,True
3094,222784,566140,9,16128,00003F00,3AE18237,False,0,0,0,0,0.000000,0.000000,47,True,True
3095,222856,14681,138,1,6DA72DFF,6DA72DFF,True,14681,549164,0,0,0.523710,0.000000,-82,True,False
3096,222928,134219936,1734700032,1297433183,00006450,CFD5D46C,False,0,0,0,0,0.000000,0.000000,-1734699976,True,True
3097,223000,3436003020,212684,0,00000000,BC73854F,False,0,0,0,0,0.000000,0.000000,-212628,True,False
3098,223072,589828,1718378851,1297433183,00006450,5E023CAB,False,0,0,0,0,0.000000,0.000000,-1718378795,True,True
3099,223144,566190,9,16128,00003F00,3AE18237,False,0,0,0,0,0.000000,0.000000,47,True,True
3100,223216,14683,138,1,EEB512ED,EEB512ED,True,14683,566232,0,0,0.504710,0.000000,-82,True,False
3101,223288,566187,1701576712,1430413159,0064504D,60C5BCBC,False,0,0,0,0,0.000000,0.000000,-1701576656,True,True
3102,223360,3436003020,212684,0,00000000,7BE56205,False,0,0,0,0,0.000000,0.000000,-212628,True,False
3103,223432,524292,1600611692,1163084098,00000064,D94D9E7E,False,0,0,0,0,0.000000,0.000000,-1600611636,True,True
3104,223504,565288,9,16128,00003F00,3AE18237,False,0,0,0,0,0.000000,0.000000,47,True,True
3105,223576,14686,138,1,846D6608,846D6608,True,14686,549164,0,0,0.523710,0.000000,-82,True,False
3106,223648,150997152,1818321664,1094868838,00644553,46A27ECB,False,0,0,0,0,0.000000,0.000000,-1818321608,True,True
3107,223720,3436003020,212684,0,00000000,D98A0437,False,0,0,0,0,0.000000,0.000000,-212628,True,False
3108,223792,524292,1600611692,1347245378,00000064,11E7E51D,False,0,0,0,0,0.000000,0.000000,-1600611636,True,True
3109,223864,565237,9,16128,00003F00,3AE18237,False,0,0,0,0,0.000000,0.000000,47,True,True
3110,223936,14688,102,1,52B8D404,52B8D404,True,14688,549164,0,0,0.523710,0.000000,-46,True,False
3111,224008,589832,1718378851,1297433183,00006450,8969157E,False,0,0,0,0,0.000000,0.000000,-1718378795,True,True
3112,224080,14689,138,1,24AE3394,24AE3394,True,14689,549164,0,0,0.523710,0.000000,-82,True,False
3113,224152,134219936,1734700032,1297433183,00006450,D6EE4662,False,0,0,0,0,0.000000,0.000000,-1734699976,True,True
3114,224224,3436003020,212684,0,00000000,F8F97190,False,0,0,0,0,0.000000,0.000000,-212628,True,False
3115,224296,524292,1600611692,1347245378,00000064,25ACFAAC,False,0,0,0,0,0.000000,0.000000,-1600611636,True,True
3116,224368,565238,9,16128,00003F00,3AE18237,False,0,0,0,0,0.000000,0.000000,47,True,True
3117,224440,14691,138,1,EC18B11B,EC18B11B,True,14691,549164,0,0,0.523710,0.000000,-82,True,False
3118,224512,589832,1718378851,1297433183,00006450,50E22163,False,0,0,0,0,0.000000,0.000000,-1718378795,True,True
3119,224584,3436003020,212684,0,00000000,E342D775,False,0,0,0,0,0.000000,0.000000,-212628,True,False
3120,224656,524292,1600611692,1347245378,00000064,95BCAE84,False,0,0,0,0,0.000000,0.000000,-1600611636,True,True
3121,224728,565240,9,16128,00003F00,3AE18237,False,0,0,0,0,0.000000,0.000000,47,True,True
3122,224800,14693,138,1,38C28FCE,38C28FCE,True,14693,549164,0,0,0.523710,0.000000,-82,True,False
3123,224872,589832,1718378851,1297433183,00006450,A52D92A8,False,0,0,0,0,0.000000,0.000000,-1718378795,True,True
3124,224944,3436003020,212684,0,00000000,B57344A7,False,0,0,0,0,0.000000,0.000000,-212628,True,False
3125,225016,524292,1600611692,1347245378,00000064,8E10C563,False,0,0,0,0,0.000000,0.000000,-1600611636,True,True
3126,225088,565242,9,16128,00003F00,3AE18237,False,0,0,0,0,0.000000,0.000000,47,True,True
3127,225160,14695,138,1,DEA32DF3,DEA32DF3,True,14695,549164,0,0,0.523710,0.000000,-82,True,False
3128,225232,589832,1718378851,1297433183,00006450,4E249457,False,0,0,0,0,0.000000,0.000000,-1718378795,True,True
3129,225304,3436003020,212684,0,00000000,F3EDE2CF,False,0,0,0,0,0.000000,0.000000,-212628,True,False
3130,225376,851972,1701867637,1836212594,5341425F,199E4C5A,False,0,0,0,0,0.000000,0.000000,-1701867581,True,True
3131,225448,1601139570,1163084098,100,0008A43C,0184B7FF,False,0,0,0,0,0.000000,0.000000,-1163084042,True,True
3132,225520,14698,150,1,3E733702,3E733702,True,14698,566323,0,0,0.425979,0.000000,-94,True,False
3133,225592,1163084098,100,566346,6F74000A,6004C600,False,1601139570,1163084098,100,566347,75514389620073025465298714624.000000,17254259941712068608.000000,-44,True,False
3134,225664,2577022745,3436003097,3436003020,CCCD3ECC,7C677EDE,False,0,0,0,0,0.000000,0.000000,-3436003041,True,True
3135,225736,851972,1701867637,1836212594,5341425F,0736FA13,False,0,0,0,0,0.000000,0.000000,-1701867581,True,True
3136,225808,1601139570,1163084098,100,0008A43C,2A1C957E,False,0,0,0,0,0.000000,0.000000,-1163084042,True,True
3137,225880,14701,150,1,E13EDEAE,E13EDEAE,True,14701,566356,0,0,0.417096,0.000000,-94,True,False
3138,225952,25669,144984576,1946159616,6F73726F,8D4F9760,False,0,0,0,0,0.000000,0.000000,-144984520,True,True
3139,226024,2577022745,3436003097,3436003020,CCCD3ECC,F2A9C93C,False,0,0,0,0,0.000000,0.000000,-3436003041,True,True
3140,226096,524290,1600611692,1163084098,00000064,E7F960BF,False,0,0,0,0,0.000000,0.000000,-1600611636,True,True
3141,226168,1053609165,3,0,00000000,FF41D912,False,0,0,0,0,0.000000,0.000000,53,True,True
3142,226240,655364,1936879476,1430413167,0064504D,7B0BB3B3,False,0,0,0,0,0.000000,0.000000,-1936879420,True,True
3143,226312,2765291520,589832,1056964608,3F000000,07A88768,False,0,0,0,0,0.000000,0.000000,-589776,True,True
3144,226384,14707,244,1,9CC12CC4,9CC12CC4,True,14707,566498,0,0,0.685074,0.000000,-188,True,False
3145,226456,1600221812,1163084098,100,0008ACCF,36690DED,False,0,0,0,0,0.000000,0.000000,-1163084042,True,True
3146,226528,25680,145024256,1962937600,72657070,61102D24,False,0,0,0,0,0.000000,0.000000,-145024200,True,True
3147,226600,589832,1056964608,1056964608,3F000000,14D4F534,False,0,0,0,0,0.000000,0.000000,-1056964552,True,True
3148,226672,14708,244,1,48C9DFEB,48C9DFEB,True,14708,566498,0,0,0.685074,0.000000,-188,True,False
3149,226744,1600221812,1163084098,100,0008ACD1,D7D9692B,False,0,0,0,0,0.000000,0.000000,-1163084042,True,True
3150,226816,1347245378,100,566518,6F74000A,27F57308,False,1601139570,1163084098,100,566513,71181608927307160242442207232.000000,4464433092311216969553627054080.000000,-44,True,False
3151,226888,589832,1056964608,1056964608,3F000000,5813662F,False,0,0,0,0,0.000000,0.000000,-1056964552,True,True
3152,226960,14709,244,1,7A200D1B,7A200D1B,True,14709,566498,0,0,0.685074,0.000000,-188,True,False
3153,227032,1600221812,1163084098,100,0008ACD2,92C1DEF6,False,0,0,0,0,0.000000,0.000000,-1163084042,True,True
3154,227104,25669,145028352,1962937600,72657070,FAD60189,False,0,0,0,0,0.000000,0.000000,-145028296,True,True
3155,227176,589832,1056964608,1056964608,3F000000,0FCAA927,False,0,0,0,0,0.000000,0.000000,-1056964552,True,True
3156,227248,14712,244,1,004D9A33,004D9A33,True,14712,566586,0,0,0.685074,0.000000,-188,True,False
3157,227320,1094868845,6571347,2766995456,000C0008,12CDDBB8,False,0,0,0,0,0.000000,0.000000,-6571291,True,True
3158,227392,4009754624,167774372,1919906816,425F6F73,ACF3DF80,False,0,0,0,0,0.000000,0.000000,-167774316,True,True
3159,227464,589832,1056964608,1056964608,3F000000,1B118098,False,0,0,0,0,0.000000,0.000000,-1056964552,True,True
3160,227536,14713,244,1,5436C155,5436C155,True,14713,566586,0,0,0.685074,0.000000,-188,True,False
3161,227608,1600221812,1347245378,100,0008ACD3,9A264AF1,False,0,0,0,0,0.000000,0.000000,-1347245322,True,True
3162,227680,1163084098,100,566520,6F74000A,A9CDACB6,False,1601139570,1163084098,100,566513,71181608927307160242442207232.000000,4464433092311216969553627054080.000000,-44,True,False
3163,227752,589832,1056964608,1056964608,3F000000,25B67DB3,False,0,0,0,0,0.000000,0.000000,-1056964552,True,True
3164,227824,14714,244,1,CB718CF4,CB718CF4,True,14714,566586,0,0,0.685074,0.000000,-188,True,False
3165,227896,1682264897,4060086272,218106020,70707500,92F96D33,False,0,0,0,0,0.000000,0.000000,-4060086216,True,True
3166,227968,4110417920,167774372,1919906816,425F6F73,DB95EA7D,False,0,0,0,0,0.000000,0.000000,-167774316,True,True
3167,228040,589832,1056964608,1056964608,3F000000,F28D44D4,False,0,0,0,0,0.000000,0.000000,-1056964552,True,True
3168,228112,14716,100,1,F5819EF3,F5819EF3,True,14716,566623,0,0,0.309727,0.000000,-44,True,False
3169,228184,589832,1056964608,1056964608,3F000000,DBA7F0B8,False,0,0,0,0,0.000000,0.000000,-1056964552,True,True
3170,228256,14718,194,1,1D5A62DB,1D5A62DB,True,14718,566633,0,0,0.638633,0.000000,-138,True,False
3171,228328,25669,145062400,1711279104,6165726F,F4670B4D,False,0,0,0,0,0.000000,0.000000,-145062344,True,True
3172,228400,786440,1701998438,1601008225,45534142,B3716EFB,False,0,0,0,0,0.000000,0.000000,-1701998382,True,True
3173,228472,14721,150,1,381AB86D,381AB86D,True,14721,566670,0,0,0.425979,0.000000,-94,True,False
3174,228544,1347245378,100,566338,6F74000A,250EF6B9,False,1601139570,1163084098,100,566332,75514389620073025465298714624.000000,17254259941712068608.000000,-44,True,False
3175,228616,2577022745,3436003097,3436003020,CCCD3ECC,B2951E2F,False,0,0,0,0,0.000000,0.000000,-3436003041,True,True
3176,228688,851972,1701867637,1836212594,5341425F,FC82B795,False,0,0,0,0,0.000000,0.000000,-1701867581,True,True
3177,228760,1601139570,1347245378,100,0008A43E,CF1D10C2,False,0,0,0,0,0.000000,0.000000,-1347245322,True,True
3178,228832,14724,208,1,A0D4E138,A0D4E138,True,14724,566701,0,0,0.782970,0.000000,-152,True,False
3179,228904,6571347,2780692480,655368,73726F74,FEEE5D51,False,0,0,0,0,0.000000,0.000000,-2780692424,True,True
3180,228976,566730,1869873162,1601139570,504D5542,22F3EC49,False,0,0,0,0,0.000000,0.000000,-1869873106,True,True
3181,229048,8,0,0,00000000,00000000,True,0,0,0,0,0.000000,0.000000,56,True,True
3182,229120,655366,1936879476,1430413167,0064504D,DF9BCA48,False,0,0,0,0,0.000000,0.000000,-1936879420,True,True
3183,229192,1113550707,1682264897,3657433088,0D0008A5,219E0C27,False,0,0,0,0,0.000000,0.000000,-1682264841,True,True
3184,229264,2577022720,2577022745,2577022745,CCCD3F19,4EA936C5,False,0,0,0,0,0.000000,0.000000,-2577022689,True,True
3185,229336,655366,1936879476,1094868847,00644553,5F0868AF,False,0,0,0,0,0.000000,0.000000,-1936879420,True,True
3186,229408,1430413167,6574157,2841837568,000D0008,1B118AFB,False,0,0,0,0,0.000000,0.000000,-6574101,True,True
3187,229480,2577022720,2577022745,2577022745,CCCD3F19,8DE55CED,False,0,0,0,0,0.000000,0.000000,-2577022689,True,True
3188,229552,851974,1701867637,1836212594,5341425F,1081DA7D,False,0,0,0,0,0.000000,0.000000,-1701867581,True,True
3189,229624,1918985586,1094868845,6571347,A5760000,5D097845,False,0,0,0,0,0.000000,0.000000,-1094868789,True,True
3190,229696,2577022720,2577022745,2577022745,CCCD3F19,7AB023AA,False,0,0,0,0,0.000000,0.000000,-2577022689,True,True
3191,229768,655368,1936879476,1094868847,00644553,B3256A24,False,0,0,0,0,0.000000,0.000000,-1936879420,True,True
3192,229840,1113550707,1682984277,2080374784,0C0008A5,A51A0EB6,False,0,0,0,0,0.000000,0.000000,-1682984221,True,True
3193,229912,25669,145061376,1962937600,72657070,455A9750,False,0,0,0,0,0.000000,0.000000,-145061320,True,True
3194,229984,0,0,0,00000000,00000000,True,0,0,0,0,0.000000,0.000000,56,True,True
3195,230056,851978,1701867637,1836212594,4D55425F,9386E0EF,False,0,0,0,0,0.000000,0.000000,-1701867581,True,True
3196,230128,1600480097,1163084098,100,00085FA5,7C9DD56E,False,0,0,0,0,0.000000,0.000000,-1163084042,True,True
3197,230200,100,566748,1634074633,425F6563,C8AA685C,False,0,0,0,0,0.000000,0.000000,-566692,True,True
3198,230272,1056964608,1056964608,1056964608,3F19999A,F6576677,False,0,0,0,0,0.000000,0.000000,-1056964552,True,True
3199,230344,14763,334,1,46F93660,46F93660,True,14763,566906,0,0,0.638633,0.000000,-278,True,False
3200,230416,100,548816,1701314572,755F6461,787EB66C,False,0,0,0,0,0.000000,0.000000,-548760,True,True
3201,230488,1869873162,1601139570,1163084098,00000064,71707A64,False,0,0,0,0,0.000000,0.000000,-1601139514,True,True
3202,230560,2751463424,134219871,1702454528,4D55425F,48221EE6,False,0,0,0,0,0.000000,0.000000,-134219815,True,True
3203,230632,1701998438,1601008225,1163084098,00000064,128F0204,False,0,0,0,0,0.000000,0.000000,-1601008169,True,True
3204,230704,14764,382,1,43FA6BE8,43FA6BE8,True,14764,566906,0,0,0.638633,0.000000,-326,True,False
3205,230776,1430413166,6574157,2786918400,000C0008,B45FD3CA,False,0,0,0,0,0.000000,0.000000,-6574101,True,True
3206,230848,25669,145087232,1694501888,616C6579,5469914F,False,0,0,0,0,0.000000,0.000000,-145087176,True,True
3207,230920,1634035712,1886740324,1396785759,00006445,86A8753E,False,0,0,0,0,0.000000,0.000000,-1886740268,True,True
3208,230992,25680,145063936,1694500864,425F6579,C6690338,False,0,0,0,0,0.000000,0.000000,-145063880,True,True
3209,231064,16128,16128,2577022720,999A3F19,0C15232C,False,2577022745,3436003097,3436003020,3436003020,0.000000,0.000000,-16072,True,False
3210,231136,14765,244,1,7E108477,7E108477,True,14765,566586,0,0,0.685074,0.000000,-188,True,False
3211,231208,1682984277,3841982464,167774372,726F7400,720A337A,False,0,0,0,0,0.000000,0.000000,-3841982408,True,True
3212,231280,786440,1701998438,1601008225,45534142,97ED1030,False,0,0,0,0,0.000000,0.000000,-1701998382,True,True
3213,231352,589832,1025548452,1025548452,3D20A0A4,D1458FE9,False,0,0,0,0,0.000000,0.000000,-1025548396,True,True
3214,231424,14767,244,1,8054F8B7,8054F8B7,True,14767,566586,0,0,0.685074,0.000000,-188,True,False
3215,231496,1682984277,3841982464,167774372,726F7400,AABBFCAB,False,0,0,0,0,0.000000,0.000000,-3841982408,True,True
3216,231568,786440,1701998438,1601008225,45534142,D8D286C0,False,0,0,0,0,0.000000,0.000000,-1701998382,True,True
3217,231640,589832,1045537579,1048642069,3EB56ADF,A1E2DBDC,False,0,0,0,0,0.000000,0.000000,-1045537523,True,True
3218,231712,14768,244,1,53BC84CD,53BC84CD,True,14768,566586,0,0,0.685074,0.000000,-188,True,False
3219,231784,100,566503,1886715917,61726570,F4DAEE43,False,0,0,0,0,0.000000,0.000000,-566447,True,True
3220,231856,1962937600,1919250544,1601008225,45534142,C4A63E6A,False,0,0,0,0,0.000000,0.000000,-1919250488,True,True
3221,231928,589832,1021370603,1043378351,3CE0E0EB,400F0396,False,0,0,0,0,0.000000,0.000000,-1021370547,True,True
3222,232000,14769,244,1,823BDDB0,823BDDB0,True,14769,566586,0,0,0.685074,0.000000,-188,True,False
3223,232072,1094868845,6571347,2766995456,000C0008,8812FC07,False,0,0,0,0,0.000000,0.000000,-6571291,True,True
3224,232144,4009754624,167774372,1919906816,425F6F73,E2A90A13,False,0,0,0,0,0.000000,0.000000,-167774316,True,True
3225,232216,589832,1056964608,1056964608,3E7DFBD7,F57FDB67,False,0,0,0,0,0.000000,0.000000,-1056964552,True,True
3226,232288,14770,244,1,2DB7120D,2DB7120D,True,14770,566586,0,0,0.685074,0.000000,-188,True,False
3227,232360,1094868845,6571347,2766995456,000C0008,50A26A03,False,0,0,0,0,0.000000,0.000000,-6571291,True,True
3228,232432,4009754624,167774372,1919906816,425F6F73,46994DA1,False,0,0,0,0,0.000000,0.000000,-167774316,True,True
3229,232504,589832,1025548452,1025548452,3D20A0A4,06A41D9D,False,0,0,0,0,0.000000,0.000000,-1025548396,True,True
3230,232576,14771,244,1,766095A9,766095A9,True,14771,566586,0,0,0.685074,0.000000,-188,True,False
3231,232648,1094868845,6571347,2766995456,000C0008,EA28FD61,False,0,0,0,0,0.000000,0.000000,-6571291,True,True
3232,232720,4009754624,167774372,1919906816,425F6F73,57160891,False,0,0,0,0,0.000000,0.000000,-167774316,True,True
3233,232792,589832,1048443863,1056964608,3F000000,4DA28672,False,0,0,0,0,0.000000,0.000000,-1048443807,True,True
3234,232864,14772,244,1,E38CF577,E38CF577,True,14772,566586,0,0,0.685074,0.000000,-188,True,False
3235,232936,1600221812,1163084098,100,0008ACCF,E23C4232,False,0,0,0,0,0.000000,0.000000,-1163084042,True,True
3236,233008,25669,145024768,1962937600,72657070,8FF701D8,False,0,0,0,0,0.000000,0.000000,-145024712,True,True
3237,233080,589832,1059431849,1062918876,3F25A5A9,B1109FE2,False,0,0,0,0,0.000000,0.000000,-1059431793,True,True
3238,233152,14773,244,1,F5C2415F,F5C2415F,True,14773,566586,0,0,0.685074,0.000000,-188,True,False
3239,233224,1600221812,1163084098,100,0008ACCF,5E67F9AB,False,0,0,0,0,0.000000,0.000000,-1163084042,True,True
3240,233296,25669,145024768,1962937600,72657070,EB949A8C,False,0,0,0,0,0.000000,0.000000,-145024712,True,True
3241,233368,589832,1052030127,1041536146,3EB4B4AF,F1975EDE,False,0,0,0,0,0.000000,0.000000,-1052030071,True,True
3242,233440,14774,244,1,228FC5FB,228FC5FB,True,14774,566586,0,0,0.685074,0.000000,-188,True,False
3243,233512,1600221812,1163084098,100,0008ACCF,71884994,False,0,0,0,0,0.000000,0.000000,-1163084042,True,True
3244,233584,25669,145024768,1962937600,72657070,BF76E602,False,0,0,0,0,0.000000,0.000000,-145024712,True,True
3245,233656,589832,1054661868,1025548452,3E8C8C93,60C426DA,False,0,0,0,0,0.000000,0.000000,-1054661812,True,True
3246,233728,14775,244,1,F97CD699,F97CD699,True,14775,566586,0,0,0.685074,0.000000,-188,True,False
3247,233800,1094868845,6571347,2766995456,000C0008,7420D264,False,0,0,0,0,0.000000,0.000000,-6571291,True,True
3248,233872,4009754624,167774372,1919906816,425F6F73,16C2D5F9,False,0,0,0,0,0.000000,0.000000,-167774316,True,True
3249,233944,589832,1061208254,1061208254,3F40C0BE,3AFCE815,False,0,0,0,0,0.000000,0.000000,-1061208198,True,True
3250,234016,14777,244,1,DC824E40,DC824E40,True,14777,566498,0,0,0.685074,0.000000,-188,True,False
3251,234088,25669,145024768,1711279104,6165726F,10A428FA,False,0,0,0,0,0.000000,0.000000,-145024712,True,True
3252,234160,786440,1701998438,1601008225,45534142,DFD216A9,False,0,0,0,0,0.000000,0.000000,-1701998382,True,True
3253,234232,589832,1027653818,1027653818,3D40C0BA,529DD689,False,0,0,0,0,0.000000,0.000000,-1027653762,True,True
3254,234304,14778,244,1,E75C216E,E75C216E,True,14778,566498,0,0,0.685074,0.000000,-188,True,False
3255,234376,1600221812,1347245378,100,0008ACD0,1298F709,False,0,0,0,0,0.000000,0.000000,-1347245322,True,True
3256,234448,25680,145024256,1962937600,72657070,9230CB1D,False,0,0,0,0,0.000000,0.000000,-145024200,True,True
3257,234520,589832,1021370603,1042062481,3CE0E0EB,638DD410,False,0,0,0,0,0.000000,0.000000,-1021370547,True,True
3258,234592,14779,244,1,FEDEB5F4,FEDEB5F4,True,14779,566498,0,0,0.685074,0.000000,-188,True,False
3259,234664,1600221812,1347245378,100,0008ACD0,655AEA6B,False,0,0,0,0,0.000000,0.000000,-1347245322,True,True
3260,234736,25680,145024256,1962937600,72657070,0EA9A2B0,False,0,0,0,0,0.000000,0.000000,-145024200,True,True
3261,234808,589832,1056964608,1056964608,3E7DFBD7,C4A907F2,False,0,0,0,0,0.000000,0.000000,-1056964552,True,True
3262,234880,14780,244,1,1350B3B3,1350B3B3,True,14780,566498,0,0,0.685074,0.000000,-188,True,False
3263,234952,1600221812,1347245378,100,0008ACD0,77185565,False,0,0,0,0,0.000000,0.000000,-1347245322,True,True
3264,235024,25680,145024256,1962937600,72657070,F7D8CD79,False,0,0,0,0,0.000000,0.000000,-145024200,True,True
3265,235096,589832,1027653818,1027653818,3D40C0BA,0FA1A8F5,False,0,0,0,0,0.000000,0.000000,-1027653762,True,True
3266,235168,14781,244,1,E6CE5D85,E6CE5D85,True,14781,566498,0,0,0.685074,0.000000,-188,True,False
3267,235240,1600221812,1163084098,100,0008ACCF,D5139B53,False,0,0,0,0,0.000000,0.000000,-1163084042,True,True
3268,235312,25680,145024256,1962937600,72657070,73BE70D2,False,0,0,0,0,0.000000,0.000000,-145024200,True,True
3269,235384,589832,1045537579,1048642069,3EB56ADF,4F0D6027,False,0,0,0,0,0.000000,0.000000,-1045537523,True,True
3270,235456,14782,244,1,B8558272,B8558272,True,14782,566498,0,0,0.685074,0.000000,-188,True,False
3271,235528,1094868845,6571347,2766995456,000A0008,69731348,False,0,0,0,0,0.000000,0.000000,-6571291,True,True
3272,235600,25669,145542912,1962937600,72657070,4C2EC526,False,0,0,0,0,0.000000,0.000000,-145542856,True,True
3273,235672,589832,1048443863,1056964608,3F000000,97DA7F46,False,0,0,0,0,0.000000,0.000000,-1048443807,True,True
3274,235744,14783,244,1,D3E3B383,D3E3B383,True,14783,566498,0,0,0.685074,0.000000,-188,True,False
3275,235816,1600221812,1163084098,100,0008ACCF,4A054860,False,0,0,0,0,0.000000,0.000000,-1163084042,True,True
3276,235888,25680,145024256,1962937600,72657070,4CF45FEF,False,0,0,0,0,0.000000,0.000000,-145024200,True,True
3277,235960,589832,1056039881,1061059826,3EEBD7B2,E8FC90A0,False,0,0,0,0,0.000000,0.000000,-1056039825,True,True
3278,236032,14784,244,1,6A650739,6A650739,True,14784,566498,0,0,0.685074,0.000000,-188,True,False
3279,236104,1600221812,1347245378,100,0008ACD0,5DC14007,False,0,0,0,0,0.000000,0.000000,-1347245322,True,True
3280,236176,25680,145024256,1962937600,72657070,CAB7A0A2,False,0,0,0,0,0.000000,0.000000,-145024200,True,True
3281,236248,589832,1051635359,1028706515,3EAEAE9F,51F54F36,False,0,0,0,0,0.000000,0.000000,-1051635303,True,True
3282,236320,14785,244,1,8CD0DFFC,8CD0DFFC,True,14785,566498,0,0,0.685074,0.000000,-188,True,False
3283,236392,1682984277,3489660928,218106028,70707500,B6450B19,False,0,0,0,0,0.000000,0.000000,-3489660872,True,True
3284,236464,25680,145024256,1962937600,72657070,852EC911,False,0,0,0,0,0.000000,0.000000,-145024200,True,True
3285,236536,589832,1051898560,1028706515,3E4CCCCD,221E97DB,False,0,0,0,0,0.000000,0.000000,-1051898504,True,True
3286,236608,14786,244,1,3E39AFF9,3E39AFF9,True,14786,566498,0,0,0.685074,0.000000,-188,True,False
3287,236680,1600221812,1347245378,100,0008ACD0,53ECA09A,False,0,0,0,0,0.000000,0.000000,-1347245322,True,True
3288,236752,25680,145024256,1962937600,72657070,9B7CC222,False,0,0,0,0,0.000000,0.000000,-145024200,True,True
3289,236824,589832,1059892400,1059892400,3F2CACB0,9F47FF06,False,0,0,0,0,0.000000,0.000000,-1059892344,True,True
3290,236896,14804,100,1,5DE5245F,5DE5245F,True,14804,567157,0,0,0.308905,0.000000,-44,True,False
3291,236968,589832,1056964608,1056964608,3F000000,CCC7D32F,False,0,0,0,0,0.000000,0.000000,-1056964552,True,True
3292,237040,14805,100,1,A82B34FA,A82B34FA,True,14805,567157,0,0,0.308905,0.000000,-44,True,False
3293,237112,589832,1056964608,1056964608,3F000000,09F05F33,False,0,0,0,0,0.000000,0.000000,-1056964552,True,True
3294,237184,14808,114,1,F59EBE21,F59EBE21,True,14808,567178,0,0,0.308905,0.000000,-58,True,False
3295,237256,1600221812,1163084098,100,0008A7A8,FD83815F,False,0,0,0,0,0.000000,0.000000,-1163084042,True,True
3296,237328,14822,100,1,365B7B53,365B7B53,True,14822,567157,0,0,0.308905,0.000000,-44,True,False
3297,237400,589832,1026601149,1026601149,3D30B0BD,9DDA1C51,False,0,0,0,0,0.000000,0.000000,-1026601093,True,True
3298,237472,14848,140,1,5863D63A,5863D63A,True,14848,567391,0,0,0.318380,0.000000,-84,True,False
3299,237544,567394,1868955657,1113551983,64504D55,4F7AB17F,False,0,0,0,0,0.000000,0.000000,-1868955601,True,True
3300,237616,1061208254,1061208254,0,00000000,F0CB203E,False,0,0,0,0,0.000000,0.000000,-1061208198,True,True
3301,237688,589828,1718378851,1297433183,00006450,78898073,False,0,0,0,0,0.000000,0.000000,-1718378795,True,True
3302,237760,2827681792,589832,1056964608,3F000000,510888EE,False,0,0,0,0,0.000000,0.000000,-589776,True,True
3303,237832,14850,140,1,E17E6D55,E17E6D55,True,14850,567391,0,0,0.318380,0.000000,-84,True,False
3304,237904,567436,1633878025,1113548396,64504D55,B5B7AB34,False,0,0,0,0,0.000000,0.000000,-1633877969,True,True
3305,237976,1015054478,1015054478,0,00000000,52F4F3B5,False,0,0,0,0,0.000000,0.000000,-1015054422,True,True
3306,238048,589828,1718378851,1297433183,00006450,ECD2B846,False,0,0,0,0,0.000000,0.000000,-1718378795,True,True
3307,238120,2824863744,589832,1061208254,3F40C0BE,50FC32C6,False,0,0,0,0,0.000000,0.000000,-589776,True,True
3308,238192,14852,104,1,154C3D24,154C3D24,True,14852,567400,0,0,0.287636,0.000000,-48,True,False
3309,238264,567439,1633878025,1113548396,64504D55,83762A27,False,0,0,0,0,0.000000,0.000000,-1633877969,True,True
3310,238336,14853,140,1,66C1449B,66C1449B,True,14853,567400,0,0,0.287636,0.000000,-84,True,False
3311,238408,567442,1868955657,1113551983,64455341,73898C01,False,0,0,0,0,0.000000,0.000000,-1868955601,True,True
3312,238480,0,0,0,00000000,00000000,True,0,0,0,0,0.000000,0.000000,56,True,True
3313,238552,589828,1953460070,1396785759,00006445,7A6E48BB,False,0,0,0,0,0.000000,0.000000,-1953460014,True,True
3314,238624,2824863744,589832,1056964608,3F000000,2AE9D0BE,False,0,0,0,0,0.000000,0.000000,-589776,True,True
3315,238696,14855,140,1,B8C0A684,B8C0A684,True,14855,567400,0,0,0.287636,0.000000,-84,True,False
3316,238768,567396,1868955657,1113551983,64504D55,3CCAD448,False,0,0,0,0,0.000000,0.000000,-1868955601,True,True
3317,238840,1053609165,1053609165,3,00000000,25010DEE,False,0,0,0,0,0.000000,0.000000,-1053609109,True,True
3318,238912,589828,1953460070,1396785759,00006445,899597B0,False,0,0,0,0,0.000000,0.000000,-1953460014,True,True
3319,238984,2827878400,589832,1043641552,3E34B4D0,5BA2EAC3,False,0,0,0,0,0.000000,0.000000,-589776,True,True
3320,239056,14857,140,1,C6BF6781,C6BF6781,True,14857,567400,0,0,0.287636,0.000000,-84,True,False
3321,239128,567440,1633878025,1113548396,64455341,BEAA72C0,False,0,0,0,0,0.000000,0.000000,-1633877969,True,True
3322,239200,1064826864,1062984676,0,00000000,4D881790,False,0,0,0,0,0.000000,0.000000,-1062984620,True,True
3323,239272,589828,1718378851,1396785759,00006445,D32B2526,False,0,0,0,0,0.000000,0.000000,-1718378795,True,True
3324,239344,2828009472,589832,1046536427,3E40C0AD,EFC226DF,False,0,0,0,0,0.000000,0.000000,-589776,True,True
3325,239416,14859,140,1,56776267,56776267,True,14859,567400,0,0,0.287636,0.000000,-84,True,False
3326,239488,567438,1633878025,1113548396,64455341,CDE339BC,False,0,0,0,0,0.000000,0.000000,-1633877969,True,True
3327,239560,1056964608,1056964608,0,00000000,30D0BD05,False,0,0,0,0,0.000000,0.000000,-1056964552,True,True
3328,239632,589828,1953460070,1297433183,00006450,554A2EE4,False,0,0,0,0,0.000000,0.000000,-1953460014,True,True
3329,239704,2827747328,589832,1041536146,3E50D0EE,D4A3600E,False,0,0,0,0,0.000000,0.000000,-589776,True,True
3330,239776,14861,140,1,F8CD875C,F8CD875C,True,14861,567400,0,0,0.287636,0.000000,-84,True,False
3331,239848,567438,1868955657,1113551983,64455341,957EEBCC,False,0,0,0,0,0.000000,0.000000,-1868955601,True,True
3332,239920,1053609165,1053609165,3,00000000,118EB72C,False,0,0,0,0,0.000000,0.000000,-1053609109,True,True
3333,239992,589828,1718378851,1396785759,00006445,C66C4C2F,False,0,0,0,0,0.000000,0.000000,-1718378795,True,True
3334,240064,2828140544,589832,1044957356,3E48C8AC,13F9A22D,False,0,0,0,0,0.000000,0.000000,-589776,True,True
3335,240136,14864,140,1,2BB51C84,2BB51C84,True,14864,567391,0,0,0.318380,0.000000,-84,True,False
3336,240208,567442,1633878025,1113548396,64455341,48473ED3,False,0,0,0,0,0.000000,0.000000,-1633877969,True,True
3337,240280,1060945086,1048115432,0,00000000,F2A6A28F,False,0,0,0,0,0.000000,0.000000,-1048115376,True,True
3338,240352,589828,1953460070,1396785759,00006445,9724F618,False,0,0,0,0,0.000000,0.000000,-1953460014,True,True
3339,240424,2827878400,589832,1065353216,3F000000,DA3050A5,False,0,0,0,0,0.000000,0.000000,-589776,True,True
3340,240496,14867,140,1,294403AB,294403AB,True,14867,567391,0,0,0.318380,0.000000,-84,True,False
3341,240568,567436,1868955657,1113551983,64455341,49DCC7DC,False,0,0,0,0,0.000000,0.000000,-1868955601,True,True
3342,240640,1041272945,1038674087,0,00000000,F3E27094,False,0,0,0,0,0.000000,0.000000,-1038674031,True,True
3343,240712,589828,1718378851,1297433183,00006450,BDFE1701,False,0,0,0,0,0.000000,0.000000,-1718378795,True,True
3344,240784,2828009472,589832,1054135500,3ED4D4CC,8858C147,False,0,0,0,0,0.000000,0.000000,-589776,True,True
3345,240856,14869,140,1,9DE81723,9DE81723,True,14869,567391,0,0,0.318380,0.000000,-84,True,False
3346,240928,567440,1633878025,1113548396,64504D55,645D3BBE,False,0,0,0,0,0.000000,0.000000,-1633877969,True,True
3347,241000,1049003651,1049003651,0,00000000,99E93C5C,False,0,0,0,0,0.000000,0.000000,-1049003595,True,True
3348,241072,589828,1953460070,1396785759,00006445,E058C7DB,False,0,0,0,0,0.000000,0.000000,-1953460014,True,True
3349,241144,2827878400,589832,1056964608,3F000000,E87E34CF,False,0,0,0,0,0.000000,0.000000,-589776,True,True
3350,241216,14872,140,1,53F36E72,53F36E72,True,14872,567400,0,0,0.287636,0.000000,-84,True,False
3351,241288,567439,1633878025,1113548396,64504D55,1E210FF7,False,0,0,0,0,0.000000,0.000000,-1633877969,True,True
3352,241360,1053609165,1053609165,3,00000000,F72293E2,False,0,0,0,0,0.000000,0.000000,-1053609109,True,True
3353,241432,589828,1718378851,1297433183,00006450,F68D88B9,False,0,0,0,0,0.000000,0.000000,-1718378795,True,True
3354,241504,2828009472,589832,1065353216,3F000000,F1161DC8,False,0,0,0,0,0.000000,0.000000,-589776,True,True
3355,241576,14882,334,1,B079A449,B079A449,True,14882,566906,0,0,0.638633,0.000000,-278,True,False
3356,241648,2776104960,851976,1701867637,6D726172,F8476258,False,0,0,0,0,0.000000,0.000000,-851920,True,True
3357,241720,1601205599,1347245378,100,0008A61D,434BD73C,False,0,0,0,0,0.000000,0.000000,-1347245322,True,True
3358,241792,145062912,1946159616,1869836911,5341425F,D3588311,False,0,0,0,0,0.000000,0.000000,-1946159560,True,True
3359,241864,1919250544,1601008225,1163084098,00000064,F6BD7AC8,False,0,0,0,0,0.000000,0.000000,-1601008169,True,True
3360,241936,14883,194,1,A24A9843,A24A9843,True,14883,566633,0,0,0.638633,0.000000,-138,True,False
3361,242008,1682264897,2113929216,201328805,726F6600,CD78A91B,False,0,0,0,0,0.000000,0.000000,-2113929160,True,True
3362,242080,566656,1869873162,1601139570,45534142,890884D0,False,0,0,0,0,0.000000,0.000000,-1869873106,True,True
3363,242152,14884,194,1,36641E04,36641E04,True,14884,566633,0,0,0.638633,0.000000,-138,True,False
3364,242224,6571347,2775973888,655368,73726F74,31CE279D,False,0,0,0,0,0.000000,0.000000,-2775973832,True,True
3365,242296,566656,1869873162,1601139570,45534142,1676B5FA,False,0,0,0,0,0.000000,0.000000,-1869873106,True,True
3366,242368,14885,194,1,7654E480,7654E480,True,14885,566633,0,0,0.638633,0.000000,-138,True,False
3367,242440,25669,145062400,1962937600,72657070,A531C56A,False,0,0,0,0,0.000000,0.000000,-145062344,True,True
3368,242512,786440,1701998438,1601008225,45534142,2BEEFC85,False,0,0,0,0,0.000000,0.000000,-1701998382,True,True
3369,242584,14886,194,1,CFDFEC24,CFDFEC24,True,14886,566633,0,0,0.638633,0.000000,-138,True,False
3370,242656,25669,145062400,1711279104,6165726F,7C2D3FE4,False,0,0,0,0,0.000000,0.000000,-145062344,True,True
3371,242728,786440,1701998438,1601008225,45534142,4AD1196D,False,0,0,0,0,0.000000,0.000000,-1701998382,True,True
3372,242800,14887,194,1,DAE330B2,DAE330B2,True,14887,566633,0,0,0.638633,0.000000,-138,True,False
3373,242872,100,566748,1886715917,61726570,EE9E2BF8,False,0,0,0,0,0.000000,0.000000,-566692,True,True
3374,242944,786440,1701998438,1601008225,504D5542,80159EB5,False,0,0,0,0,0.000000,0.000000,-1701998382,True,True
3375,243016,14888,194,1,1AB80595,1AB80595,True,14888,566758,0,0,0.638633,0.000000,-138,True,False
3376,243088,1347245378,100,567652,6F74000A,FE5631A8,False,1601139570,1163084098,100,566650,71181608927307160242442207232.000000,4464433092311216969553627054080.000000,-44,True,False
3377,243160,566648,1869873162,1601139570,504D5542,A84C9BD3,False,0,0,0,0,0.000000,0.000000,-1869873106,True,True
3378,243232,14889,194,1,98789D03,98789D03,True,14889,566758,0,0,0.638633,0.000000,-138,True,False
3379,243304,100,566748,1868955660,72616572,0AA50B87,False,0,0,0,0,0.000000,0.000000,-566692,True,True
3380,243376,1962937600,1919250544,1601008225,45534142,73B5FEFC,False,0,0,0,0,0.000000,0.000000,-1919250488,True,True
3381,243448,14890,194,1,E67B7516,E67B7516,True,14890,566758,0,0,0.638633,0.000000,-138,True,False
3382,243520,1682984277,1677721600,167774377,726F7400,DBE4DCED,False,0,0,0,0,0.000000,0.000000,-1677721544,True,True
3383,243592,786440,1701998438,1601008225,504D5542,64AC3789,False,0,0,0,0,0.000000,0.000000,-1701998382,True,True
3384,243664,14891,194,1,0F802035,0F802035,True,14891,566758,0,0,0.638633,0.000000,-138,True,False
3385,243736,100,566646,1868955660,72616572,D412DFD8,False,0,0,0,0,0.000000,0.000000,-566590,True,True
3386,243808,1962937600,1919250544,1601008225,504D5542,9DE271C2,False,0,0,0,0,0.000000,0.000000,-1919250488,True,True
3387,243880,14892,194,1,2445428A,2445428A,True,14892,566758,0,0,0.638633,0.000000,-138,True,False
3388,243952,1347245378,100,567652,6F74000A,DAC1FB49,False,1601139570,1163084098,100,566650,71181608927307160242442207232.000000,4464433092311216969553627054080.000000,-44,True,False
3389,244024,566648,1869873162,1601139570,504D5542,A806E479,False,0,0,0,0,0.000000,0.000000,-1869873106,True,True
3390,244096,14897,334,1,845B3899,845B3899,True,14897,566906,0,0,0.638633,0.000000,-278,True,False
3391,244168,6574157,2776104960,851976,65707075,935524B3,False,0,0,0,0,0.000000,0.000000,-2776104904,True,True
3392,244240,655368,1936879476,1430413167,0064504D,F31F0B08,False,0,0,0,0,0.000000,0.000000,-1936879420,True,True
3393,244312,1682264897,2768240640,134219871,65796500,F8D31A10,False,0,0,0,0,0.000000,0.000000,-2768240584,True,True
3394,244384,1919250544,1601008225,1347245378,00000064,6AB2FC73,False,0,0,0,0,0.000000,0.000000,-1601008169,True,True
3395,244456,14902,334,1,A9A7B389,A9A7B389,True,14902,566906,0,0,0.638633,0.000000,-278,True,False
3396,244528,6574157,2786918400,655368,73726F74,D1B17C43,False,0,0,0,0,0.000000,0.000000,-2786918344,True,True
3397,244600,1919903232,1836212581,1396785759,00006445,00186CFC,False,0,0,0,0,0.000000,0.000000,-1836212525,True,True
3398,244672,2768240640,201328735,1702454528,6873616C,9A77DD0E,False,0,0,0,0,0.000000,0.000000,-201328679,True,True
3399,244744,1919250544,1601008225,1163084098,00000064,14E5128B,False,0,0,0,0,0.000000,0.000000,-1601008169,True,True
3400,244816,14904,334,1,476EBAD2,476EBAD2,True,14904,566906,0,0,0.638633,0.000000,-278,True,False
3401,244888,100,548816,1701314572,755F6461,3960A031,False,0,0,0,0,0.000000,0.000000,-548760,True,True
3402,244960,1869873162,1601139570,1163084098,00000064,6160C239,False,0,0,0,0,0.000000,0.000000,-1601139514,True,True
3403,245032,2013265920,201328805,1919903232,6D726165,5564DA91,False,0,0,0,0,0.000000,0.000000,-201328749,True,True
3404,245104,1919250544,1601008225,1347245378,00000064,1E30DE83,False,0,0,0,0,0.000000,0.000000,-1601008169,True,True
3405,245176,14906,382,1,3BAB0BB7,3BAB0BB7,True,14906,566906,0,0,0.638633,0.000000,-326,True,False
3406,245248,2768240640,201328735,1634035712,70755F64,DDB21C73,False,0,0,0,0,0.000000,0.000000,-201328679,True,True
3407,245320,1667327488,1430413157,6574157,5FD00000,53931038,False,0,0,0,0,0.000000,0.000000,-1430413101,True,True
3408,245392,1682984277,486539264,234883238,61656800,93E1C0AE,False,0,0,0,0,0.000000,0.000000,-486539208,True,True
3409,245464,218106021,1886418176,1918988901,41425F6D,BFF03CB6,False,0,0,0,0,0.000000,0.000000,-1886418120,True,True
3410,245536,3436002764,3436002764,3436002764,CCCD3DCC,6258CCFA,False,0,0,0,0,0.000000,0.000000,-3436002708,True,True
3411,245608,14907,238,1,879E47C7,879E47C7,True,14907,566785,0,0,0.638633,0.000000,-182,True,False
3412,245680,100,566652,1886715917,61726570,11961D2E,False,0,0,0,0,0.000000,0.000000,-566596,True,True
3413,245752,566813,1869873162,1601139570,45534142,0520A7A2,False,0,0,0,0,0.000000,0.000000,-1869873106,True,True
3414,245824,2196586029,34946625,1520385665,82ED3E2D,A957ACFB,False,0,0,0,0,0.000000,0.000000,-34946569,True,True
3415,245896,14911,238,1,264E5C0D,264E5C0D,True,14911,566785,0,0,0.638633,0.000000,-182,True,False
3416,245968,100,566648,1886715917,61726570,FC50D755,False,0,0,0,0,0.000000,0.000000,-566592,True,True
3417,246040,1711279104,1634038383,1113550194,64455341,CEE7895A,False,0,0,0,0,0.000000,0.000000,-1634038327,True,True
3418,246112,1590181553,2874949295,1657814741,5EC83EB1,F1088BB5,False,0,0,0,0,0.000000,0.000000,-2874949239,True,True
3419,246184,14913,276,1,53FDE519,53FDE519,True,14913,566785,0,0,0.638633,0.000000,-220,True,False
3420,246256,100,566858,1886715917,61726570,A96FD0D8,False,0,0,0,0,0.000000,0.000000,-566802,True,True
3421,246328,1634038383,1113550194,1682984277,78000000,562B0F23,False,0,0,0,0,0.000000,0.000000,-1113550138,True,True
3422,246400,1347245378,100,566652,6568000C,751D994B,False,1969185889,1430413168,6574157,2786918400,0.000000,0.203922,-44,True,False
3423,246472,0,0,0,00000000,00000000,True,0,0,0,0,0.000000,0.000000,56,True,True
3424,246544,786442,1684104552,1601205599,45534142,F1A74411,False,0,0,0,0,0.000000,0.000000,-1684104496,True,True
3425,246616,1634038383,1113550194,1682264897,76000000,3923340C,False,0,0,0,0,0.000000,0.000000,-1113550138,True,True
3426,246688,25680,145104128,1711278336,5F656361,8A3109D4,False,0,0,0,0,0.000000,0.000000,-145104072,True,True
3427,246760,1057129092,1039200489,1039200489,3F028284,1B54769F,False,0,0,0,0,0.000000,0.000000,-1039200433,True,True
3428,246832,14916,334,1,C2DDA36A,C2DDA36A,True,14916,566785,0,0,0.638633,0.000000,-278,True,False
3429,246904,1682984277,486539264,201328806,65796500,5F4A327F,False,0,0,0,0,0.000000,0.000000,-486539208,True,True
3430,246976,1711278336,1600480097,1163084098,00000064,0658E70A,False,0,0,0,0,0.000000,0.000000,-1600480041,True,True
3431,247048,1163084098,100,566748,61660009,97CF9FD3,False,1113548131,1682984277,3489660928,218105951,297671386712070912429552304128.000000,4465434989584222593482164797440.000000,-44,True,False
3432,247120,524296,1600485733,1347245378,00000064,BE5BD767,False,0,0,0,0,0.000000,0.000000,-1600485677,True,True
3433,247192,14923,104,1,E70C27C1,E70C27C1,True,14923,565311,0,0,0.281015,0.000000,-48,True,False
3434,247264,2688876544,589832,1056964608,3F000000,6F91502C,False,0,0,0,0,0.000000,0.000000,-589776,True,True
3435,247336,14924,104,1,500653C8,500653C8,True,14924,566356,0,0,0.417096,0.000000,-48,True,False
3436,247408,3819307008,589832,1056964608,3F000000,7D6A4BFE,False,0,0,0,0,0.000000,0.000000,-589776,True,True
3437,247480,14929,194,1,58FEBDF4,58FEBDF4,True,14929,568102,0,0,0.660241,0.000000,-138,True,False
3438,247552,6571347,2871459840,851976,65707075,7DB2C18C,False,0,0,0,0,0.000000,0.000000,-2871459784,True,True
3439,247624,568109,1869873162,1601139570,45534142,FBEFA21B,False,0,0,0,0,0.000000,0.000000,-1869873106,True,True
3440,247696,14933,138,1,4E7B4561,4E7B4561,True,14933,568240,0,0,0.553077,0.000000,-82,True,False
3441,247768,134219947,1734700032,1297433183,00006450,B27CB61A,False,0,0,0,0,0.000000,0.000000,-1734699976,True,True
3442,247840,3436003020,212684,0,00000000,1ECD92CF,False,0,0,0,0,0.000000,0.000000,-212628,True,False
3443,247912,786438,1701998438,1601008225,504D5542,B69C838C,False,0,0,0,0,0.000000,0.000000,-1701998382,True,True
3444,247984,1836212594,1396785759,25669,08AB2F00,4BFBA23D,False,0,0,0,0,0.000000,0.000000,-1396785703,True,True
3445,248056,2577022720,2577022745,2577022745,CCCD3F19,6F582A1D,False,0,0,0,0,0.000000,0.000000,-2577022689,True,True
3446,248128,524292,1600611692,1347245378,00000064,E1C734FA,False,0,0,0,0,0.000000,0.000000,-1600611636,True,True
3447,248200,568241,9,16128,00003F00,3AE18237,False,0,0,0,0,0.000000,0.000000,47,True,True
3448,248272,14940,102,1,A53777C8,A53777C8,True,14940,554881,0,0,0.169088,0.000000,-46,True,False
3449,248344,554894,3007971337,3278454361,32723E61,E9D3E269,False,0,0,0,0,0.000000,0.000000,-3007971281,True,True
3450,248416,14941,102,1,FD5C513F,FD5C513F,True,14941,554881,0,0,0.169088,0.000000,-46,True,False
3451,248488,554894,3233677321,3233693504,C0BE3F40,9FE1C50F,False,0,0,0,0,0.000000,0.000000,-3233677265,True,True
3452,248560,14942,102,1,824B5724,824B5724,True,14942,554881,0,0,0.169088,0.000000,-46,True,False
3453,248632,554892,508231689,2196586127,82ED3E41,0C66CE1E,False,0,0,0,0,0.000000,0.000000,-508231633,True,True
3454,248704,14943,102,1,7682FFB5,7682FFB5,True,14943,554881,0,0,0.169088,0.000000,-46,True,False
3455,248776,554892,575864841,1590181521,F3C73EAF,1EC0AA78,False,0,0,0,0,0.000000,0.000000,-575864785,True,True
3456,248848,14944,102,1,DAFEDFF5,DAFEDFF5,True,14944,554881,0,0,0.169088,0.000000,-46,True,False
3457,248920,554892,3671851017,3453304666,A5A93F4D,FF4BC114,False,0,0,0,0,0.000000,0.000000,-3671850961,True,True
3458,248992,14945,102,1,15ECBE9A,15ECBE9A,True,14945,554896,0,0,0.133530,0.000000,-46,True,False
3459,249064,554894,3007971337,3278454361,32723E61,A85DABE4,False,0,0,0,0,0.000000,0.000000,-3007971281,True,True
3460,249136,14946,102,1,AB735838,AB735838,True,14946,554896,0,0,0.133530,0.000000,-46,True,False
3461,249208,554894,2156134409,2156150528,80843F00,CC9AE90B,False,0,0,0,0,0.000000,0.000000,-2156134353,True,True
3462,249280,14947,102,1,D798392A,D798392A,True,14947,554896,0,0,0.133530,0.000000,-46,True,False
3463,249352,554894,508231689,2196586127,82ED3E41,8E524DCF,False,0,0,0,0,0.000000,0.000000,-508231633,True,True
3464,249424,14948,102,1,23C1C897,23C1C897,True,14948,554896,0,0,0.133530,0.000000,-46,True,False
3465,249496,554894,575864841,1590181521,F3C73EAF,7E344739,False,0,0,0,0,0.000000,0.000000,-575864785,True,True
3466,249568,14949,102,1,58D7D0C0,58D7D0C0,True,14949,554896,0,0,0.133530,0.000000,-46,True,False
3467,249640,554894,4076470281,3840622450,C6CE3F64,7A9ACF16,False,0,0,0,0,0.000000,0.000000,-4076470225,True,True
3468,249712,14959,104,1,2DE5548E,2DE5548E,True,14959,548296,0,0,0.281015,0.000000,-48,True,False
3469,249784,3750625280,589832,1056964608,3F000000,03D8D35E,False,0,0,0,0,0.000000,0.000000,-589776,True,True
3470,249856,14960,104,1,CF1C41E4,CF1C41E4,True,14960,548808,0,0,0.281015,0.000000,-48,True,False
3471,249928,3750559744,589832,1056964608,3F000000,A483E628,False,0,0,0,0,0.000000,0.000000,-589776,True,True
3472,250000,14964,102,1,E639CEC7,E639CEC7,True,14964,569005,0,0,0.147476,0.000000,-46,True,False
3473,250072,569006,3704225801,2895003228,88723E2C,B74932CF,False,0,0,0,0,0.000000,0.000000,-3704225745,True,True
3474,250144,14965,102,1,10315CA7,10315CA7,True,14965,569005,0,0,0.147476,0.000000,-46,True,False
3475,250216,569008,2331770889,4089921093,1A433E79,D4E16BB7,False,0,0,0,0,0.000000,0.000000,-2331770833,True,True
3476,250288,14966,102,1,07EC3C24,07EC3C24,True,14966,569005,0,0,0.147476,0.000000,-46,True,False
3477,250360,569006,3166568457,2761965372,838C3F24,811647E3,False,0,0,0,0,0.000000,0.000000,-3166568401,True,True
3478,250432,14967,102,1,59E56747,59E56747,True,14967,569005,0,0,0.147476,0.000000,-46,True,False
3479,250504,569006,2965176329,2965191984,B0BD3D30,7F976DEA,False,0,0,0,0,0.000000,0.000000,-2965176273,True,True
3480,250576,14968,102,1,136037BA,136037BA,True,14968,569005,0,0,0.147476,0.000000,-46,True,False
3481,250648,569006,2156134409,3048685312,94923F35,5375F0D5,False,0,0,0,0,0.000000,0.000000,-2156134353,True,True
3482,250720,14969,102,1,7C47AEA7,7C47AEA7,True,14969,569005,0,0,0.147476,0.000000,-46,True,False
3483,250792,569008,3671851017,2425110234,908C3D90,53184B63,False,0,0,0,0,0.000000,0.000000,-3671850961,True,True
3484,250864,14970,102,1,0208824E,0208824E,True,14970,569005,0,0,0.147476,0.000000,-46,True,False
3485,250936,569008,9,3031383936,808E3F34,496A6A2C,False,0,0,0,0,0.000000,0.000000,47,True,True
3486,251008,14971,102,1,00C12185,00C12185,True,14971,569005,0,0,0.147476,0.000000,-46,True,False
3487,251080,569006,4245225481,2274049660,CFD53F07,B68B457F,False,0,0,0,0,0.000000,0.000000,-4245225425,True,True
3488,251152,14972,102,1,577D70D8,577D70D8,True,14972,569005,0,0,0.147476,0.000000,-46,True,False
3489,251224,569006,2331770889,4089921093,1A433E79,E8163281,False,0,0,0,0,0.000000,0.000000,-2331770833,True,True
3490,251296,14973,102,1,498CEC87,498CEC87,True,14973,569005,0,0,0.147476,0.000000,-46,True,False
3491,251368,569006,2401632265,1859534663,0E1B3F37,88BD6890,False,0,0,0,0,0.000000,0.000000,-2401632209,True,True
3492,251440,14974,102,1,A8F511B9,A8F511B9,True,14974,569005,0,0,0.147476,0.000000,-46,True,False
3493,251512,569006,2492596233,2492612116,B4AF3E14,B9445AAF,False,0,0,0,0,0.000000,0.000000,-2492596177,True,True
3494,251584,14975,102,1,829C80C6,829C80C6,True,14975,569005,0,0,0.147476,0.000000,-46,True,False
3495,251656,569006,981598217,3819454109,C3693E71,05742632,False,0,0,0,0,0.000000,0.000000,-981598161,True,True
3496,251728,14977,194,1,CBF86734,CBF86734,True,14977,569070,0,0,0.652527,0.000000,-138,True,False
3497,251800,25680,145684736,1946159616,6F73726F,2B03B5D2,False,0,0,0,0,0.000000,0.000000,-145684680,True,True
3498,251872,1962937600,1919250544,1601008225,45534142,AF804D87,False,0,0,0,0,0.000000,0.000000,-1919250488,True,True
3499,251944,14979,194,1,D509805F,D509805F,True,14979,569102,0,0,0.665576,0.000000,-138,True,False
3500,252016,25680,148707584,1711279104,6165726F,7CED6EDA,False,0,0,0,0,0.000000,0.000000,-148707528,True,True
3501,252088,580891,1869873162,1601139570,45534142,504408C5,False,0,0,0,0,0.000000,0.000000,-1869873106,True,True
3502,252160,14980,194,1,7E882FFE,7E882FFE,True,14980,569102,0,0,0.665576,0.000000,-138,True,False
3503,252232,1682984277,385875968,167774429,726F7400,80AEEE37,False,0,0,0,0,0.000000,0.000000,-385875912,True,True
3504,252304,786440,1701998438,1601008225,45534142,A6AED8E1,False,0,0,0,0,0.000000,0.000000,-1701998382,True,True
3505,252376,14981,194,1,A2EA072D,A2EA072D,True,14981,569102,0,0,0.665576,0.000000,-138,True,False
3506,252448,1682984277,385875968,167774429,726F7400,72F83A19,False,0,0,0,0,0.000000,0.000000,-385875912,True,True
3507,252520,786440,1701998438,1601008225,45534142,003177D8,False,0,0,0,0,0.000000,0.000000,-1701998382,True,True
3508,252592,14983,194,1,FF7572DF,FF7572DF,True,14983,572221,0,0,0.647612,0.000000,-138,True,False
3509,252664,25669,148707328,1946159616,6F73726F,A1E91CA2,False,0,0,0,0,0.000000,0.000000,-148707272,True,True
3510,252736,1962937600,1919250544,1601008225,45534142,F20E7D15,False,0,0,0,0,0.000000,0.000000,-1919250488,True,True
3511,252808,14984,194,1,914B8BCD,914B8BCD,True,14984,572221,0,0,0.647612,0.000000,-138,True,False
3512,252880,25669,148707328,1946159616,6F73726F,FDBDCE37,False,0,0,0,0,0.000000,0.000000,-148707272,True,True
3513,252952,1962937600,1919250544,1601008225,45534142,63D47B9E,False,0,0,0,0,0.000000,0.000000,-1919250488,True,True
3514,253024,14985,194,1,1B0357B9,1B0357B9,True,14985,572221,0,0,0.647612,0.000000,-138,True,False
3515,253096,6574157,3709272064,851976,65707075,1FE784EB,False,0,0,0,0,0.000000,0.000000,-3709272008,True,True
3516,253168,580891,1869873162,1601139570,45534142,58724944,False,0,0,0,0,0.000000,0.000000,-1869873106,True,True
3517,253240,15008,244,1,0FC4198B,0FC4198B,True,15008,574348,0,0,0.787185,0.000000,-188,True,False
3518,253312,1682984277,2399141888,167774403,726F7400,856D545B,False,0,0,0,0,0.000000,0.000000,-2399141832,True,True
3519,253384,574357,1869873167,1601139570,61727478,BF3BFE97,False,0,0,0,0,0.000000,0.000000,-1869873111,True,True
3520,253456,589832,1056964608,1056964608,3F000000,590EB56C,False,0,0,0,0,0.000000,0.000000,-1056964552,True,True
3521,253528,15029,194,1,8089324C,8089324C,True,15029,574649,0,0,0.651076,0.000000,-138,True,False
3522,253600,25680,147111936,1962937600,72657070,32962082,False,0,0,0,0,0.000000,0.000000,-147111880,True,True
3523,253672,574652,1869873162,1601139570,45534142,6E63A666,False,0,0,0,0,0.000000,0.000000,-1869873106,True,True
3524,253744,15030,158,1,00796A9B,00796A9B,True,15030,574649,0,0,0.651076,0.000000,-102,True,False
3525,253816,100,574676,1886715917,61726570,92DE756C,False,0,0,0,0,0.000000,0.000000,-574620,True,True
3526,253888,786440,1701998438,1601008225,45534142,28230286,False,0,0,0,0,0.000000,0.000000,-1701998382,True,True
3527,253960,851974,1701867637,1836212594,4D55425F,460F7AF7,False,0,0,0,0,0.000000,0.000000,-1701867581,True,True
3528,254032,1918985586,1094868845,6571347,C4D10000,4D17F8BD,False,0,0,0,0,0.000000,0.000000,-1094868789,True,True
3529,254104,15035,194,1,70E3A5A2,70E3A5A2,True,15035,574751,0,0,0.651076,0.000000,-138,True,False
3530,254176,25680,147112960,1962937600,72657070,79AF34FF,False,0,0,0,0,0.000000,0.000000,-147112904,True,True
3531,254248,786440,1701998438,1601008225,45534142,951F016E,False,0,0,0,0,0.000000,0.000000,-1701998382,True,True
3532,254320,15036,158,1,DF09B7EA,DF09B7EA,True,15036,574751,0,0,0.651076,0.000000,-102,True,False
3533,254392,6571347,3301965824,851976,65707075,BFBB32A8,False,0,0,0,0,0.000000,0.000000,-3301965768,True,True
3534,254464,574679,1869873162,1601139570,45534142,4046D596,False,0,0,0,0,0.000000,0.000000,-1869873106,True,True
3535,254536,655366,1936879476,1094868847,00644553,7744FDE8,False,0,0,0,0,0.000000,0.000000,-1936879420,True,True
3536,254608,1836212594,1396785759,25669,08C4D300,EE1555A6,False,0,0,0,0,0.000000,0.000000,-1396785703,True,True
3537,254680,15039,108,1,54E5AFC4,54E5AFC4,True,15039,574785,0,0,0.101712,0.000000,-52,True,False
3538,254752,6571347,3309436928,589832,3F000000,2E735AD3,False,0,0,0,0,0.000000,0.000000,-3309436872,True,True
3539,254824,15041,108,1,36CD2B26,36CD2B26,True,15041,574799,0,0,0.101712,0.000000,-52,True,False
3540,254896,6571347,3309436928,589832,3F000000,E794E211,False,0,0,0,0,0.000000,0.000000,-3309436872,True,True
3541,254968,15043,108,1,5301292A,5301292A,True,15043,575085,0,0,0.099787,0.000000,-52,True,False
3542,255040,6571347,3328901120,589832,3F000000,36D289A0,False,0,0,0,0,0.000000,0.000000,-3328901064,True,True
3543,255112,15046,108,1,7AF10B56,7AF10B56,True,15046,575080,0,0,0.099787,0.000000,-52,True,False
3544,255184,6574157,3328966656,589832,3F000000,BFFB5A19,False,0,0,0,0,0.000000,0.000000,-3328966600,True,True
3545,255256,15050,108,1,7855917B,7855917B,True,15050,574862,0,0,0.103356,0.000000,-52,True,False
3546,255328,6574157,3314614272,589832,3F000000,A4A617FE,False,0,0,0,0,0.000000,0.000000,-3314614216,True,True
3547,255400,15052,108,1,0B820F5E,0B820F5E,True,15052,574894,0,0,0.103356,0.000000,-52,True,False
3548,255472,6571347,3314483200,589832,3F000000,C62FE764,False,0,0,0,0,0.000000,0.000000,-3314483144,True,True
3549,255544,15066,108,1,6557A4A2,6557A4A2,True,15066,574828,0,0,0.091930,0.000000,-52,True,False
3550,255616,6574157,3311665152,589832,00000000,48B26F96,False,0,0,0,0,0.000000,0.000000,-3311665096,True,True
3551,255688,15067,108,1,7FB07227,7FB07227,True,15067,574828,0,0,0.091930,0.000000,-52,True,False
3552,255760,6574157,3311665152,589832,00000000,D3AA9B0A,False,0,0,0,0,0.000000,0.000000,-3311665096,True,True
3553,255832,15068,108,1,A20BC58E,A20BC58E,True,15068,574817,0,0,0.091930,0.000000,-52,True,False
3554,255904,6571347,3311534080,589832,00000000,C1594513,False,0,0,0,0,0.000000,0.000000,-3311534024,True,True
3555,255976,15069,108,1,B8EC130B,B8EC130B,True,15069,574817,0,0,0.091930,0.000000,-52,True,False
3556,256048,6571347,3311534080,589832,00000000,CBD9FCBF,False,0,0,0,0,0.000000,0.000000,-3311534024,True,True
3557,256120,15098,66,1,19E973F2,19E973F2,True,15098,575658,0,0,0.145991,0.000000,-10,True,False
3558,256192,575659,0,0,00000000,00000000,True,0,0,0,0,0.000000,0.000000,56,True,True
3559,256264,589826,1701011814,1396785759,00006445,5ABEE564,False,0,0,0,0,0.000000,0.000000,-1701011758,True,True
3560,256336,15120,104,1,626DB4A7,626DB4A7,True,15120,576008,0,0,0.322124,0.000000,-48,True,False
3561,256408,576011,1868955657,1113551983,64455341,BDC5AE27,False,0,0,0,0,0.000000,0.000000,-1868955601,True,True
3562,256480,15121,104,1,438E9C4C,438E9C4C,True,15121,576008,0,0,0.322124,0.000000,-48,True,False
3563,256552,576020,1868955657,1113551983,64455341,08324643,False,0,0,0,0,0.000000,0.000000,-1868955601,True,True
3564,256624,15122,104,1,A880BDD1,A880BDD1,True,15122,576008,0,0,0.322124,0.000000,-48,True,False
3565,256696,576024,1633878025,1113548396,64504D55,E8FA8889,False,0,0,0,0,0.000000,0.000000,-1633877969,True,True
3566,256768,15127,194,1,F637A53E,F637A53E,True,15127,549031,0,0,0.630458,0.000000,-138,True,False
3567,256840,25680,147411456,1711279104,6165726F,67846B7D,False,0,0,0,0,0.000000,0.000000,-147411400,True,True
3568,256912,575723,1869873162,1601139570,45534142,25513B83,False,0,0,0,0,0.000000,0.000000,-1869873106,True,True
3569,256984,15128,194,1,7EA91AC8,7EA91AC8,True,15128,549031,0,0,0.630458,0.000000,-138,True,False
3570,257056,1682984277,3607101440,167774437,726F7400,1FB9999F,False,0,0,0,0,0.000000,0.000000,-3607101384,True,True
3571,257128,583126,1869873162,1601139570,45534142,4F60E1D3,False,0,0,0,0,0.000000,0.000000,-1869873106,True,True
3572,257200,15129,194,1,7C65D75F,7C65D75F,True,15129,549031,0,0,0.630458,0.000000,-138,True,False
3573,257272,100,575711,1868955660,72616572,8AD22A9B,False,0,0,0,0,0.000000,0.000000,-575655,True,True
3574,257344,1962937600,1919250544,1601008225,504D5542,225B5E28,False,0,0,0,0,0.000000,0.000000,-1919250488,True,True
3575,257416,15130,194,1,552EDD24,552EDD24,True,15130,549031,0,0,0.630458,0.000000,-138,True,False
3576,257488,6574157,3377266688,655368,73726F74,D67BE61B,False,0,0,0,0,0.000000,0.000000,-3377266632,True,True
3577,257560,575726,1869873162,1601139570,45534142,100EB5AF,False,0,0,0,0,0.000000,0.000000,-1869873106,True,True
3578,257632,15131,194,1,E6EB3E34,E6EB3E34,True,15131,549031,0,0,0.630458,0.000000,-138,True,False
3579,257704,25680,140558080,1711279104,6165726F,960DEDAE,False,0,0,0,0,0.000000,0.000000,-140558024,True,True
3580,257776,575727,1869873162,1601139570,45534142,A3FA23A9,False,0,0,0,0,0.000000,0.000000,-1869873106,True,True
3581,257848,15132,194,1,054A24AE,054A24AE,True,15132,549031,0,0,0.630458,0.000000,-138,True,False
3582,257920,25669,147382784,1946159616,6F73726F,4D54E013,False,0,0,0,0,0.000000,0.000000,-147382728,True,True
3583,257992,786440,1701998438,1601008225,504D5542,FB688C71,False,0,0,0,0,0.000000,0.000000,-1701998382,True,True
3584,258064,15133,194,1,27719A36,27719A36,True,15133,549031,0,0,0.630458,0.000000,-138,True,False
3585,258136,25669,147383040,1711279104,6165726F,5C8B1D6F,False,0,0,0,0,0.000000,0.000000,-147382984,True,True
3586,258208,1962937600,1919250544,1601008225,504D5542,F6E3D6FC,False,0,0,0,0,0.000000,0.000000,-1919250488,True,True
3587,258280,15134,194,1,3EF15C4F,3EF15C4F,True,15134,549031,0,0,0.630458,0.000000,-138,True,False
3588,258352,6574157,3377397760,851976,65707075,7547A9A2,False,0,0,0,0,0.000000,0.000000,-3377397704,True,True
3589,258424,1962937600,1919250544,1601008225,504D5542,F454775F,False,0,0,0,0,0.000000,0.000000,-1919250488,True,True
3590,258496,15135,194,1,E7F09C96,E7F09C96,True,15135,549031,0,0,0.630458,0.000000,-138,True,False
3591,258568,6574157,1622867968,655368,73726F74,56C011F3,False,0,0,0,0,0.000000,0.000000,-1622867912,True,True
3592,258640,575731,1869873162,1601139570,45534142,FC6F88ED,False,0,0,0,0,0.000000,0.000000,-1869873106,True,True
3593,258712,15136,194,1,D9810EDB,D9810EDB,True,15136,549031,0,0,0.630458,0.000000,-138,True,False
3594,258784,25680,147414272,1962937600,72657070,A45E66D9,False,0,0,0,0,0.000000,0.000000,-147414216,True,True
3595,258856,786440,1701998438,1601008225,504D5542,319518DD,False,0,0,0,0,0.000000,0.000000,-1701998382,True,True
3596,258928,15137,194,1,3A60F708,3A60F708,True,15137,549031,0,0,0.630458,0.000000,-138,True,False
3597,259000,25680,148837376,1962937600,72657070,557A9642,False,0,0,0,0,0.000000,0.000000,-148837320,True,True
3598,259072,786440,1701998438,1601008225,504D5542,565D852E,False,0,0,0,0,0.000000,0.000000,-1701998382,True,True
3599,259144,15138,194,1,03E7CBF1,03E7CBF1,True,15138,549031,0,0,0.630458,0.000000,-138,True,False
3600,259216,6574157,3377528832,655368,73726F74,6A57A30D,False,0,0,0,0,0.000000,0.000000,-3377528776,True,True
3601,259288,575734,1869873162,1601139570,45534142,D09BD6C3,False,0,0,0,0,0.000000,0.000000,-1869873106,True,True
3602,259360,15139,194,1,F165A81E,F165A81E,True,15139,549031,0,0,0.630458,0.000000,-138,True,False
3603,259432,100,575826,1886715917,61726570,F0330242,False,0,0,0,0,0.000000,0.000000,-575770,True,True
3604,259504,786440,1701998438,1601008225,45534142,8838EEF5,False,0,0,0,0,0.000000,0.000000,-1701998382,True,True
3605,259576,15140,194,1,ADFF42B4,ADFF42B4,True,15140,549031,0,0,0.630458,0.000000,-138,True,False
3606,259648,6574157,3376939008,655368,73726F74,742ABA94,False,0,0,0,0,0.000000,0.000000,-3376938952,True,True
3607,259720,575736,1869873162,1601139570,45534142,C780CFE7,False,0,0,0,0,0.000000,0.000000,-1869873106,True,True
3608,259792,15144,100,1,6C353EA4,6C353EA4,True,15144,548296,0,0,0.904036,0.000000,-44,True,False
3609,259864,589832,0,0,00000000,00000000,True,0,0,0,0,0.000000,0.000000,56,True,True
3610,259936,15145,100,1,444E799C,444E799C,True,15145,548296,0,0,0.904036,0.000000,-44,True,False
3611,260008,589832,1056964608,0,00000000,CCCB9D85,False,0,0,0,0,0.000000,0.000000,-1056964552,True,True
3612,260080,15146,100,1,7BE2A2F4,7BE2A2F4,True,15146,548296,0,0,0.904036,0.000000,-44,True,False
3613,260152,589832,1062579036,1060333255,3F2E5CB3,4439F632,False,0,0,0,0,0.000000,0.000000,-1062578980,True,True
3614,260224,15147,100,1,B333D965,B333D965,True,15147,548296,0,0,0.904036,0.000000,-44,True,False
3615,260296,589832,1062579036,1062645088,3F2D5AAF,C73EBFCA,False,0,0,0,0,0.000000,0.000000,-1062578980,True,True
3616,260368,15148,100,1,0CDEC75A,0CDEC75A,True,15148,548296,0,0,0.904036,0.000000,-44,True,False
3617,260440,589832,1061918517,1061786413,3F3870DA,F4DB9344,False,0,0,0,0,0.000000,0.000000,-1061918461,True,True
3618,260512,15149,100,1,821B2053,821B2053,True,15149,548296,0,0,0.904036,0.000000,-44,True,False
3619,260584,589832,1056997508,1056997508,3F008084,31DC6180,False,0,0,0,0,0.000000,0.000000,-1056997452,True,True
3620,260656,15150,100,1,B91FD9B0,B91FD9B0,True,15150,548296,0,0,0.904036,0.000000,-44,True,False
3621,260728,589832,1046273226,1038147819,00000000,40C70BAD,False,0,0,0,0,0.000000,0.000000,-1046273170,True,True
3622,260800,15151,100,1,66E3879D,66E3879D,True,15151,548296,0,0,0.904036,0.000000,-44,True,False
3623,260872,589832,1060879286,0,00000000,720E75DD,False,0,0,0,0,0.000000,0.000000,-1060879230,True,True
3624,260944,15152,100,1,7F72466B,7F72466B,True,15152,548296,0,0,0.904036,0.000000,-44,True,False
3625,261016,589832,1063708395,1063708395,3F66E6EB,29086D7C,False,0,0,0,0,0.000000,0.000000,-1063708339,True,True
3626,261088,15153,100,1,AB683E26,AB683E26,True,15153,548296,0,0,0.904036,0.000000,-44,True,False
3627,261160,589832,1061208254,1061208254,3F40C0BE,EB863E18,False,0,0,0,0,0.000000,0.000000,-1061208198,True,True
3628,261232,15154,100,1,BCC70712,BCC70712,True,15154,548296,0,0,0.904036,0.000000,-44,True,False
3629,261304,589832,1056964608,0,00000000,52EFDD86,False,0,0,0,0,0.000000,0.000000,-1056964552,True,True
3630,261376,15155,100,1,33ED8492,33ED8492,True,15155,548296,0,0,0.904036,0.000000,-44,True,False
3631,261448,589832,1064032178,1061257998,3F6DDBBA,DF006EAB,False,0,0,0,0,0.000000,0.000000,-1064032122,True,True
3632,261520,15156,100,1,94703E91,94703E91,True,15156,548296,0,0,0.904036,0.000000,-44,True,False
3633,261592,589832,1053529909,1060663514,3F2F5EB7,8F5E695D,False,0,0,0,0,0.000000,0.000000,-1053529853,True,True
3634,261664,15157,100,1,A03F8F73,A03F8F73,True,15157,548296,0,0,0.904036,0.000000,-44,True,False
3635,261736,589832,1063900074,1017201264,3F020408,8FA0F4D9,False,0,0,0,0,0.000000,0.000000,-1063900018,True,True
3636,261808,15158,100,1,E2B2229D,E2B2229D,True,15158,548296,0,0,0.904036,0.000000,-44,True,False
3637,261880,589832,1062711140,1064560593,3F79F3E9,F050839B,False,0,0,0,0,0.000000,0.000000,-1062711084,True,True
3638,261952,15159,100,1,00621D9B,00621D9B,True,15159,548296,0,0,0.904036,0.000000,-44,True,False
3639,262024,589832,1056964608,1056964608,3F000000,F229CE2E,False,0,0,0,0,0.000000,0.000000,-1056964552,True,True
3640,262096,15160,104,1,D0A3B439,D0A3B439,True,15160,548296,0,0,0.908470,0.000000,-48,True,False
3641,262168,3414753280,589832,0,00000000,5F34D7D8,False,0,0,0,0,0.000000,0.000000,-589776,True,True
3642,262240,15161,104,1,4ECCE2B7,4ECCE2B7,True,15161,548296,0,0,0.908470,0.000000,-48,True,False
3643,262312,3414753280,589832,1056964608,00000000,0A7286D3,False,0,0,0,0,0.000000,0.000000,-589776,True,True
3644,262384,15163,104,1,F6BDF3A2,F6BDF3A2,True,15163,548296,0,0,0.908470,0.000000,-48,True,False
3645,262456,3414753280,589832,1062579036,3F3366C7,7C55B76A,False,0,0,0,0,0.000000,0.000000,-589776,True,True
3646,262528,15164,104,1,FA3E93BC,FA3E93BC,True,15164,548296,0,0,0.908470,0.000000,-48,True,False
3647,262600,3415015424,589832,1062579036,3F56AD60,0B92CF8C,False,0,0,0,0,0.000000,0.000000,-589776,True,True
3648,262672,15165,104,1,15F60D3A,15F60D3A,True,15165,548296,0,0,0.908470,0.000000,-48,True,False
3649,262744,3415015424,589832,1061918517,3F49932D,A08F17DA,False,0,0,0,0,0.000000,0.000000,-589776,True,True
3650,262816,15166,104,1,FD8E75D7,FD8E75D7,True,15166,548296,0,0,0.908470,0.000000,-48,True,False
3651,262888,3414818816,589832,1056997508,3F008084,124EFFD2,False,0,0,0,0,0.000000,0.000000,-589776,True,True
3652,262960,15167,104,1,5494077E,5494077E,True,15167,548296,0,0,0.908470,0.000000,-48,True,False
3653,263032,3414818816,589832,1046273226,3DE0E0EB,A4AFEB83,False,0,0,0,0,0.000000,0.000000,-589776,True,True
3654,263104,15168,104,1,34DB6747,34DB6747,True,15168,548296,0,0,0.908470,0.000000,-48,True,False
3655,263176,3415080960,589832,1060879286,00000000,9CCE5535,False,0,0,0,0,0.000000,0.000000,-589776,True,True
3656,263248,15169,104,1,9C7E7970,9C7E7970,True,15169,548296,0,0,0.908470,0.000000,-48,True,False
3657,263320,3415080960,589832,1063708395,3F66E6EB,6DC12190,False,0,0,0,0,0.000000,0.000000,-589776,True,True
3658,263392,15170,104,1,28388697,28388697,True,15170,548296,0,0,0.908470,0.000000,-48,True,False
3659,263464,3415080960,589832,1061208254,3F40C0BE,4108C22E,False,0,0,0,0,0.000000,0.000000,-589776,True,True
3660,263536,15171,104,1,A460A3A5,A460A3A5,True,15171,548296,0,0,0.908470,0.000000,-48,True,False
3661,263608,3415146496,589832,1056964608,00000000,5EDB1AA5,False,0,0,0,0,0.000000,0.000000,-589776,True,True
3662,263680,15172,104,1,79EDA43B,79EDA43B,True,15172,548296,0,0,0.908470,0.000000,-48,True,False
3663,263752,3415146496,589832,1064032178,3F41830E,5C5DCE0F,False,0,0,0,0,0.000000,0.000000,-589776,True,True
3664,263824,15173,104,1,D79516D6,D79516D6,True,15173,548296,0,0,0.908470,0.000000,-48,True,False
3665,263896,3414884352,589832,1053529909,3F3870DA,1554FE10,False,0,0,0,0,0.000000,0.000000,-589776,True,True
3666,263968,15174,104,1,1573BF0F,1573BF0F,True,15174,548296,0,0,0.908470,0.000000,-48,True,False
3667,264040,3415146496,589832,1063900074,3CA14270,8F5ECCB6,False,0,0,0,0,0.000000,0.000000,-589776,True,True
3668,264112,15175,104,1,1CE01368,1CE01368,True,15175,548296,0,0,0.908470,0.000000,-48,True,False
3669,264184,3414884352,589832,1062116673,3F72E5CD,AE743741,False,0,0,0,0,0.000000,0.000000,-589776,True,True
3670,264256,15176,104,1,5BE952AE,5BE952AE,True,15176,548296,0,0,0.908470,0.000000,-48,True,False
3671,264328,3414949888,589832,1056964608,3F000000,29847C84,False,0,0,0,0,0.000000,0.000000,-589776,True,True
3672,264400,15215,100,1,2C6AFE14,2C6AFE14,True,15215,548808,0,0,0.911531,0.000000,-44,True,False
3673,264472,589832,0,0,00000000,00000000,True,0,0,0,0,0.000000,0.000000,56,True,True
3674,264544,15216,100,1,8D05A9B2,8D05A9B2,True,15216,548808,0,0,0.911531,0.000000,-44,True,False
3675,264616,589832,1056964608,0,3E7DFBD7,667B2035,False,0,0,0,0,0.000000,0.000000,-1056964552,True,True
3676,264688,15217,100,1,CC3B2E8D,CC3B2E8D,True,15217,548808,0,0,0.911531,0.000000,-44,True,False
3677,264760,589832,1058087490,1060002995,3EA54AA1,D605267C,False,0,0,0,0,0.000000,0.000000,-1058087434,True,True
3678,264832,15218,100,1,7A650D2F,7A650D2F,True,15218,548808,0,0,0.911531,0.000000,-44,True,False
3679,264904,589832,0,0,00000000,00000000,True,0,0,0,0,0.000000,0.000000,56,True,True
3680,264976,15219,100,1,9ADB5F8C,9ADB5F8C,True,15219,548808,0,0,0.911531,0.000000,-44,True,False
3681,265048,589832,1039262632,1046858617,3EAF5EC8,17681ECF,False,0,0,0,0,0.000000,0.000000,-1039262576,True,True
3682,265120,15220,100,1,D51C08AE,D51C08AE,True,15220,548808,0,0,0.911531,0.000000,-44,True,False
3683,265192,589832,1063701919,1064890853,3F091223,D116EF70,False,0,0,0,0,0.000000,0.000000,-1063701863,True,True
3684,265264,15221,100,1,F88DA6CE,F88DA6CE,True,15221,548808,0,0,0.911531,0.000000,-44,True,False
3685,265336,589832,1041536146,1041536146,3EB4B4AF,EC28C9AF,False,0,0,0,0,0.000000,0.000000,-1041536090,True,True
3686,265408,15222,100,1,410944A8,410944A8,True,15222,548808,0,0,0.911531,0.000000,-44,True,False
3687,265480,589832,1065353216,1065353216,3F800000,9A220447,False,0,0,0,0,0.000000,0.000000,-1065353160,True,True
3688,265552,15223,100,1,FF7377C5,FF7377C5,True,15223,548808,0,0,0.911531,0.000000,-44,True,False
3689,265624,589832,1056964608,1056964608,3F40810A,50D1F57A,False,0,0,0,0,0.000000,0.000000,-1056964552,True,True
3690,265696,15224,100,1,85479330,85479330,True,15224,548808,0,0,0.911531,0.000000,-44,True,False
3691,265768,589832,1056964608,0,00000000,329B4A30,False,0,0,0,0,0.000000,0.000000,-1056964552,True,True
3692,265840,15225,100,1,FE493361,FE493361,True,15225,548808,0,0,0.911531,0.000000,-44,True,False
3693,265912,589832,0,0,00000000,00000000,True,0,0,0,0,0.000000,0.000000,56,True,True
3694,265984,15226,100,1,B93E0E66,B93E0E66,True,15226,548808,0,0,0.911531,0.000000,-44,True,False
3695,266056,589832,0,0,00000000,00000000,True,0,0,0,0,0.000000,0.000000,56,True,True
3696,266128,15227,100,1,E400ACFC,E400ACFC,True,15227,548808,0,0,0.911531,0.000000,-44,True,False
3697,266200,589832,1041009811,1041009811,3F07878B,75A7D77C,False,0,0,0,0,0.000000,0.000000,-1041009755,True,True
3698,266272,15231,194,1,A0185286,A0185286,True,15231,546718,0,0,0.650112,0.000000,-138,True,False
3699,266344,1682984277,1476395008,201328841,726F6600,81737EE6,False,0,0,0,0,0.000000,0.000000,-1476394952,True,True
3700,266416,575723,1869873162,1601139570,45534142,5139FDD1,False,0,0,0,0,0.000000,0.000000,-1869873106,True,True
3701,266488,15232,194,1,524FAA4C,524FAA4C,True,15232,546718,0,0,0.650112,0.000000,-138,True,False
3702,266560,6571347,3369074688,851976,65707075,0627DEA3,False,0,0,0,0,0.000000,0.000000,-3369074632,True,True
3703,266632,575724,1869873162,1601139570,504D5542,6E4A1298,False,0,0,0,0,0.000000,0.000000,-1869873106,True,True
3704,266704,15233,194,1,712E4D25,712E4D25,True,15233,546718,0,0,0.650112,0.000000,-138,True,False
3705,266776,1682264897,3976200192,218106056,70707500,C3AF42F2,False,0,0,0,0,0.000000,0.000000,-3976200136,True,True
3706,266848,786440,1701998438,1601008225,45534142,C09BB436,False,0,0,0,0,0.000000,0.000000,-1701998382,True,True
3707,266920,15234,194,1,18F404FA,18F404FA,True,15234,546718,0,0,0.650112,0.000000,-138,True,False
3708,266992,100,581199,1886715917,61726570,3A2081A9,False,0,0,0,0,0.000000,0.000000,-581143,True,True
3709,267064,575726,1869873162,1601139570,45534142,4F3101E5,False,0,0,0,0,0.000000,0.000000,-1869873106,True,True
3710,267136,15235,194,1,EE548BB8,EE548BB8,True,15235,546718,0,0,0.650112,0.000000,-138,True,False
3711,267208,100,548891,1868955660,72616572,8B3DA4E3,False,0,0,0,0,0.000000,0.000000,-548835,True,True
3712,267280,575727,1869873162,1601139570,45534142,F9C39BD5,False,0,0,0,0,0.000000,0.000000,-1869873106,True,True
3713,267352,15236,194,1,1EEC5632,1EEC5632,True,15236,546718,0,0,0.650112,0.000000,-138,True,False
3714,267424,100,581198,1868955660,72616572,9AF1615E,False,0,0,0,0,0.000000,0.000000,-581142,True,True
3715,267496,575728,1869873162,1601139570,45534142,4C33B85F,False,0,0,0,0,0.000000,0.000000,-1869873106,True,True
3716,267568,15237,194,1,1197527E,1197527E,True,15237,546718,0,0,0.650112,0.000000,-138,True,False
3717,267640,1682264897,4043309056,201328840,726F6600,B7F9DD92,False,0,0,0,0,0.000000,0.000000,-4043309000,True,True
3718,267712,575835,1869873162,1601139570,504D5542,412D8C15,False,0,0,0,0,0.000000,0.000000,-1869873106,True,True
3719,267784,15238,194,1,FA858606,FA858606,True,15238,546718,0,0,0.650112,0.000000,-138,True,False
3720,267856,6571347,3369467904,655368,73726F74,4538A29D,False,0,0,0,0,0.000000,0.000000,-3369467848,True,True
3721,267928,575836,1869873162,1601139570,45534142,827A2A3A,False,0,0,0,0,0.000000,0.000000,-1869873106,True,True
3722,268000,15239,194,1,12B18E62,12B18E62,True,15239,546718,0,0,0.650112,0.000000,-138,True,False
3723,268072,100,548891,1886715917,61726570,C7604947,False,0,0,0,0,0.000000,0.000000,-548835,True,True
3724,268144,575703,1869873162,1601139570,45534142,3AD3274E,False,0,0,0,0,0.000000,0.000000,-1869873106,True,True
3725,268216,15240,194,1,0B099D49,0B099D49,True,15240,546718,0,0,0.650112,0.000000,-138,True,False
3726,268288,25669,148838656,1946159616,6F73726F,53715ACC,False,0,0,0,0,0.000000,0.000000,-148838600,True,True
3727,268360,786440,1701998438,1601008225,45534142,EFD263DC,False,0,0,0,0,0.000000,0.000000,-1701998382,True,True
3728,268432,15241,194,1,48B323B8,48B323B8,True,15241,546718,0,0,0.650112,0.000000,-138,True,False
3729,268504,6574157,3742826496,851976,65707075,051E71DF,False,0,0,0,0,0.000000,0.000000,-3742826440,True,True
3730,268576,575733,1869873162,1601139570,45534142,51B737E8,False,0,0,0,0,0.000000,0.000000,-1869873106,True,True
3731,268648,15242,194,1,1F7A364F,1F7A364F,True,15242,546718,0,0,0.650112,0.000000,-138,True,False
3732,268720,6571347,3369730048,655368,73726F74,9C0D8F54,False,0,0,0,0,0.000000,0.000000,-3369729992,True,True
3733,268792,575734,1869873162,1601139570,504D5542,FD037E44,False,0,0,0,0,0.000000,0.000000,-1869873106,True,True
3734,268864,15243,194,1,5B412BC5,5B412BC5,True,15243,546718,0,0,0.650112,0.000000,-138,True,False
3735,268936,1612382208,851976,1701867637,6D726172,462A3BB7,False,0,0,0,0,0.000000,0.000000,-851920,True,True
3736,269008,786440,1701998438,1601008225,45534142,2C9D94CD,False,0,0,0,0,0.000000,0.000000,-1701998382,True,True
3737,269080,15244,194,1,919651A7,919651A7,True,15244,546718,0,0,0.650112,0.000000,-138,True,False
3738,269152,25669,147751680,1711279104,6165726F,326897F0,False,0,0,0,0,0.000000,0.000000,-147751624,True,True
3739,269224,575708,1869873162,1601139570,504D5542,F8205E9B,False,0,0,0,0,0.000000,0.000000,-1869873106,True,True
3740,269296,15248,230,1,6D8C61E0,6D8C61E0,True,15248,577197,0,0,0.758176,0.000000,-174,True,False
3741,269368,100,577200,1869873162,5F6F7372,E21C26B3,False,0,0,0,0,0.000000,0.000000,-577144,True,True
3742,269440,1094868845,6571347,3467509760,000D0008,58FBD338,False,0,0,0,0,0.000000,0.000000,-6571291,True,True
3743,269512,2577022720,2577022745,2577022745,CCCD3F19,6EF8C134,False,0,0,0,0,0.000000,0.000000,-2577022689,True,True
3744,269584,655366,1936879476,1094868847,00644553,C90BD29B,False,0,0,0,0,0.000000,0.000000,-1936879420,True,True
3745,269656,1113550707,1682984277,268435456,0D0008DF,99CF7277,False,0,0,0,0,0.000000,0.000000,-1682984221,True,True
3746,269728,16128,0,0,00000000,00000000,True,0,0,0,0,0.000000,0.000000,56,True,True
3747,269800,655366,1936879476,1094868847,00644553,37433C39,False,0,0,0,0,0.000000,0.000000,-1936879420,True,True
3748,269872,1836212581,1396785759,25669,08C8D000,EF8ADAF7,False,0,0,0,0,0.000000,0.000000,-1396785703,True,True
3749,269944,16256,0,0,00003F00,00000000,False,0,0,0,0,0.000000,0.000000,56,True,True
3750,270016,655366,1936879476,1094868847,00644553,A4CADDC8,False,0,0,0,0,0.000000,0.000000,-1936879420,True,True
3751,270088,1113550707,1682984277,268435456,0D0008DF,EE0C60FA,False,0,0,0,0,0.000000,0.000000,-1682984221,True,True
3752,270160,2198732800,2130067265,912867135,00003F1B,3415DD7A,False,0,0,0,0,0.000000,0.000000,-2130067209,True,True
3753,270232,655366,1936879476,1094868847,00644553,83FCE872,False,0,0,0,0,0.000000,0.000000,-1936879420,True,True
3754,270304,1113550707,1682984277,268435456,0D0008DF,A3E9D61F,False,0,0,0,0,0.000000,0.000000,-1682984221,True,True
3755,270376,16128,0,0,00000000,00000000,True,0,0,0,0,0.000000,0.000000,56,True,True
3756,270448,655366,1936879476,1094868847,00644553,27CA67CF,False,0,0,0,0,0.000000,0.000000,-1936879420,True,True
3757,270520,1113550707,1682984277,268435456,0D0008DF,5A8B336A,False,0,0,0,0,0.000000,0.000000,-1682984221,True,True
3758,270592,16128,16128,0,830E3F00,D68DAF9C,False,2130067265,912867135,16155,0,0.000000,0.000000,-16072,True,False
3759,270664,655366,1936879476,1094868847,00644553,6B4886AB,False,0,0,0,0,0.000000,0.000000,-1936879420,True,True
3760,270736,1113550707,1682984277,268435456,0D0008DF,FA001BC8,False,0,0,0,0,0.000000,0.000000,-1682984221,True,True
3761,270808,16256,16256,16256,00003F80,3239AAD0,False,0,0,0,0,0.000000,0.000000,-16200,True,False
3762,270880,655366,1936879476,1094868847,00644553,F0DA47BA,False,0,0,0,0,0.000000,0.000000,-1936879420,True,True
3763,270952,1113550707,1682984277,268435456,0D0008DF,0CE61537,False,0,0,0,0,0.000000,0.000000,-1682984221,True,True
3764,271024,3754049365,3449765743,507133798,00003F0F,B34DCF10,False,0,0,0,0,0.000000,0.000000,-3449765687,True,True
3765,271096,655366,1936879476,1094868847,00644553,B497C520,False,0,0,0,0,0.000000,0.000000,-1936879420,True,True
3766,271168,1113550707,1682984277,268435456,0D0008DF,A7B4D0D6,False,0,0,0,0,0.000000,0.000000,-1682984221,True,True
3767,271240,1927167613,4193533753,3213049724,72DE3EDF,02ECF7A1,False,0,0,0,0,0.000000,0.000000,-4193533697,True,True
3768,271312,655366,1936879476,1094868847,00644553,557A5993,False,0,0,0,0,0.000000,0.000000,-1936879420,True,True
3769,271384,1113550707,1682984277,268435456,0D0008DF,C5D1EC08,False,0,0,0,0,0.000000,0.000000,-1682984221,True,True
3770,271456,16256,0,16128,00003F80,00000000,False,0,0,0,0,0.000000,0.000000,56,True,True
3771,271528,655366,1936879476,1094868847,00644553,39103366,False,0,0,0,0,0.000000,0.000000,-1936879420,True,True
3772,271600,1113550707,1682984277,268435456,0D0008DF,E019E779,False,0,0,0,0,0.000000,0.000000,-1682984221,True,True
3773,271672,0,0,0,00000000,00000000,True,0,0,0,0,0.000000,0.000000,56,True,True
3774,271744,655366,1936879476,1094868847,00644553,A7E33C89,False,0,0,0,0,0.000000,0.000000,-1936879420,True,True
3775,271816,1918985586,1094868845,6571347,C8D20000,1A5B391F,False,0,0,0,0,0.000000,0.000000,-1094868789,True,True
3776,271888,2460171944,3233431186,4108860864,E6DA3EF4,E8CCFCD7,False,0,0,0,0,0.000000,0.000000,-3233431130,True,True
3777,271960,655366,1936879476,1094868847,00644553,76BAE607,False,0,0,0,0,0.000000,0.000000,-1936879420,True,True
3778,272032,1601139570,1347245378,100,0008C953,6C351CD6,False,0,0,0,0,0.000000,0.000000,-1347245322,True,True
3779,272104,3368893600,3368894280,3368894280,808E3F48,60703BB0,False,0,0,0,0,0.000000,0.000000,-3368894224,True,True
3780,272176,655366,1936879476,1094868847,00644553,7F876F4A,False,0,0,0,0,0.000000,0.000000,-1936879420,True,True
3781,272248,1601139570,1347245378,100,0008C953,76DCE6C6,False,0,0,0,0,0.000000,0.000000,-1347245322,True,True
3782,272320,4041817856,4041817584,2189704688,80843F02,B6F1D828,False,0,0,0,0,0.000000,0.000000,-4041817528,True,True
3783,272392,786438,1701998438,1601008225,504D5542,4C00BAF3,False,0,0,0,0,0.000000,0.000000,-1701998382,True,True
3784,272464,1918988901,1094868845,6571347,C8EE0000,50346293,False,0,0,0,0,0.000000,0.000000,-1094868789,True,True
3785,272536,16192,16256,16256,FBD73F80,E16354DE,False,15997,4225171456,15997,0,0.000000,0.000000,-16200,True,False
3786,272608,786438,1701998438,1601008225,45534142,94910ED4,False,0,0,0,0,0.000000,0.000000,-1701998382,True,True
3787,272680,1836212594,1297433183,25680,08C95900,4EC3C906,False,0,0,0,0,0.000000,0.000000,-1297433127,True,True
3788,272752,3031383588,3098427060,3098426936,C0BE3E38,0215FD5D,False,0,0,0,0,0.000000,0.000000,-3098427004,True,True
3789,272824,786438,1701998438,1601008225,45534142,CE5BBA91,False,0,0,0,0,0.000000,0.000000,-1701998382,True,True
3790,272896,1836212594,1297433183,25680,08C95900,FD0761B5,False,0,0,0,0,0.000000,0.000000,-1297433127,True,True
3791,272968,2156789760,2156805376,2156805376,808E3D00,F093C6FE,False,0,0,0,0,0.000000,0.000000,-2156805320,True,True
3792,273040,786438,1701998438,1601008225,45534142,A493EADE,False,0,0,0,0,0.000000,0.000000,-1701998382,True,True
3793,273112,1836212594,1297433183,25680,08C95900,C5813BE6,False,0,0,0,0,0.000000,0.000000,-1297433127,True,True
3794,273184,2695118486,2626764192,2626764316,AA9F3E1C,0033FF95,False,0,0,0,0,0.000000,0.000000,-2626764136,True,True
3795,273256,786438,1701998438,1601008225,45534142,7B414589,False,0,0,0,0,0.000000,0.000000,-1701998382,True,True
3796,273328,1836212594,1297433183,25680,08C95900,648CC49B,False,0,0,0,0,0.000000,0.000000,-1297433127,True,True
3797,273400,4159717105,34946811,34946689,B34A3E81,A0E30911,False,0,0,0,0,0.000000,0.000000,-34946755,True,True
3798,273472,786438,1701998438,1601008225,45534142,926D19CD,False,0,0,0,0,0.000000,0.000000,-1701998382,True,True
3799,273544,1836212594,1297433183,25680,08C95900,AE321610,False,0,0,0,0,0.000000,0.000000,-1297433127,True,True
3800,273616,3015130932,2795519795,2423340710,00003E10,4D54DC92,False,0,0,0,0,0.000000,0.000000,-2795519739,True,True
3801,273688,786438,1701998438,1601008225,45534142,758F7C5D,False,0,0,0,0,0.000000,0.000000,-1701998382,True,True
3802,273760,1836212594,1297433183,25680,08C95900,305607FC,False,0,0,0,0,0.000000,0.000000,-1297433127,True,True
3803,273832,3233431056,3805953472,2459057890,C0BE3F12,C6E1228E,False,0,0,0,0,0.000000,0.000000,-3805953416,True,True
3804,273904,786438,1701998438,1601008225,45534142,1A83635F,False,0,0,0,0,0.000000,0.000000,-1701998382,True,True
3805,273976,1836212594,1297433183,25680,08C95900,5CA1ECFF,False,0,0,0,0,0.000000,0.000000,-1297433127,True,True
3806,274048,32718694,15489,3449765632,CD9F3F66,DC2DDC15,False,3449765734,3449765734,16230,0,0.000000,0.000000,-15433,True,False
3807,274120,786438,1701998438,1601008225,45534142,E6DD2007,False,0,0,0,0,0.000000,0.000000,-1701998382,True,True
3808,274192,1430413165,6574157,3856007168,000D0008,509DEC0F,False,0,0,0,0,0.000000,0.000000,-6574101,True,True
3809,274264,2695118694,2695118112,2695118112,F8E83D20,3BD29308,False,0,0,0,0,0.000000,0.000000,-2695118056,True,True
3810,274336,851974,1701867637,1836212594,5341425F,51CFAE84,False,0,0,0,0,0.000000,0.000000,-1701867581,True,True
3811,274408,1601008225,1347245378,100,0008C958,F875B144,False,0,0,0,0,0.000000,0.000000,-1347245322,True,True
3812,274480,16192,0,4225187584,00003E7D,00000000,False,0,0,0,0,0.000000,0.000000,56,True,True
3813,274552,851974,1701867637,1836212594,5341425F,E4F47730,False,0,0,0,0,0.000000,0.000000,-1701867581,True,True
3814,274624,1113550194,1682984277,1207959552,0C0008C9,627E5499,False,0,0,0,0,0.000000,0.000000,-1682984221,True,True
3815,274696,2164932221,2164932416,2164932416,FBD73F40,47D5BCA0,False,0,0,0,0,0.000000,0.000000,-2164932360,True,True
3816,274768,851974,1701867637,1836212594,5341425F,BB699B4F,False,0,0,0,0,0.000000,0.000000,-1701867581,True,True
3817,274840,1601008225,1347245378,100,0008C958,14B76C26,False,0,0,0,0,0.000000,0.000000,-1347245322,True,True
3818,274912,16128,16128,16128,00003F00,EDC59053,False,0,4225171456,15997,0,0.000000,0.000000,-16072,True,False
3819,274984,851974,1701867637,1836212594,5341425F,DCC39F0A,False,0,0,0,0,0.000000,0.000000,-1701867581,True,True
3820,275056,1601008225,1347245378,100,0008C958,51623C25,False,0,0,0,0,0.000000,0.000000,-1347245322,True,True
3821,275128,0,16256,16128,00000000,481AD6F1,False,0,0,0,0,0.000000,0.000000,-16200,True,False
3822,275200,655366,1936879476,1094868847,00644553,7853051B,False,0,0,0,0,0.000000,0.000000,-1936879420,True,True
3823,275272,1430413167,6574157,1622999040,000D0008,9E18676A,False,0,0,0,0,0.000000,0.000000,-6574101,True,True
3824,275344,3722641408,3722657629,3722657629,999A3F5D,9A6CB728,False,0,0,0,0,0.000000,0.000000,-3722657573,True,True
3825,275416,851976,1701867637,1836212594,5341425F,06002910,False,0,0,0,0,0.000000,0.000000,-1701867581,True,True
3826,275488,1701998438,1601008225,1347245378,00000064,3CFFE740,False,0,0,0,0,0.000000,0.000000,-1601008169,True,True
3827,275560,577206,1869873162,1601139570,504D5542,93CDDF6C,False,0,0,0,0,0.000000,0.000000,-1869873106,True,True
3828,275632,15278,194,1,A57C32A4,A57C32A4,True,15278,546718,0,0,0.650112,0.000000,-138,True,False
3829,275704,1682984277,1476395008,201328841,726F6600,90FC5B24,False,0,0,0,0,0.000000,0.000000,-1476394952,True,True
3830,275776,575723,1869873162,1601139570,45534142,E791227C,False,0,0,0,0,0.000000,0.000000,-1869873106,True,True
3831,275848,15279,194,1,8A7E7C21,8A7E7C21,True,15279,546718,0,0,0.650112,0.000000,-138,True,False
3832,275920,1682984277,1476395008,201328841,726F6600,AAC60E84,False,0,0,0,0,0.000000,0.000000,-1476394952,True,True
3833,275992,575723,1869873162,1601139570,45534142,9707DB58,False,0,0,0,0,0.000000,0.000000,-1869873106,True,True
3834,276064,15280,194,1,A3EADC90,A3EADC90,True,15280,546718,0,0,0.650112,0.000000,-138,True,False
3835,276136,1682984277,1476395008,201328841,726F6600,1FF2F3AF,False,0,0,0,0,0.000000,0.000000,-1476394952,True,True
3836,276208,575723,1869873162,1601139570,45534142,849EAD4A,False,0,0,0,0,0.000000,0.000000,-1869873106,True,True
3837,276280,15281,194,1,1278E051,1278E051,True,15281,546718,0,0,0.650112,0.000000,-138,True,False
3838,276352,1682984277,1476395008,201328841,726F6600,F260C5EB,False,0,0,0,0,0.000000,0.000000,-1476394952,True,True
3839,276424,575723,1869873162,1601139570,45534142,6F9DB2D7,False,0,0,0,0,0.000000,0.000000,-1869873106,True,True
3840,276496,15282,194,1,763125B0,763125B0,True,15282,546718,0,0,0.650112,0.000000,-138,True,False
3841,276568,1682984277,1476395008,201328841,726F6600,EA89600D,False,0,0,0,0,0.000000,0.000000,-1476394952,True,True
3842,276640,575723,1869873162,1601139570,45534142,37FEA950,False,0,0,0,0,0.000000,0.000000,-1869873106,True,True
3843,276712,15283,194,1,C4F6B6AD,C4F6B6AD,True,15283,546718,0,0,0.650112,0.000000,-138,True,False
3844,276784,1682984277,1476395008,201328841,726F6600,6B1A5FDE,False,0,0,0,0,0.000000,0.000000,-1476394952,True,True
3845,276856,575723,1869873162,1601139570,45534142,6A052AD2,False,0,0,0,0,0.000000,0.000000,-1869873106,True,True
3846,276928,15284,194,1,FE9471E8,FE9471E8,True,15284,546718,0,0,0.650112,0.000000,-138,True,False
3847,277000,1682984277,1476395008,201328841,726F6600,DECFF015,False,0,0,0,0,0.000000,0.000000,-1476394952,True,True
3848,277072,575723,1869873162,1601139570,45534142,CD9BC618,False,0,0,0,0,0.000000,0.000000,-1869873106,True,True
3849,277144,15285,194,1,06696D77,06696D77,True,15285,546718,0,0,0.650112,0.000000,-138,True,False
3850,277216,100,575695,1886715917,61726570,D506F560,False,0,0,0,0,0.000000,0.000000,-575639,True,True
3851,277288,1962937600,1919250544,1601008225,45534142,541BCD93,False,0,0,0,0,0.000000,0.000000,-1919250488,True,True
3852,277360,15286,194,1,AE668D5E,AE668D5E,True,15286,546718,0,0,0.650112,0.000000,-138,True,False
3853,277432,1682984277,1476395008,201328841,726F6600,2B5A545D,False,0,0,0,0,0.000000,0.000000,-1476394952,True,True
3854,277504,575723,1869873162,1601139570,45534142,9746EA91,False,0,0,0,0,0.000000,0.000000,-1869873106,True,True
3855,277576,15287,194,1,2F8DC123,2F8DC123,True,15287,546718,0,0,0.650112,0.000000,-138,True,False
3856,277648,1682984277,1476395008,201328841,726F6600,92032C05,False,0,0,0,0,0.000000,0.000000,-1476394952,True,True
3857,277720,575723,1869873162,1601139570,45534142,87B72537,False,0,0,0,0,0.000000,0.000000,-1869873106,True,True
3858,277792,15288,194,1,FA422615,FA422615,True,15288,546718,0,0,0.650112,0.000000,-138,True,False
3859,277864,1682984277,1493172224,167774409,726F7400,351CC61C,False,0,0,0,0,0.000000,0.000000,-1493172168,True,True
3860,277936,1962937600,1919250544,1601008225,45534142,EE9FC146,False,0,0,0,0,0.000000,0.000000,-1919250488,True,True
3861,278008,15289,194,1,2F51C45F,2F51C45F,True,15289,546718,0,0,0.650112,0.000000,-138,True,False
3862,278080,100,581199,1886715917,61726570,D119BAAA,False,0,0,0,0,0.000000,0.000000,-581143,True,True
3863,278152,575726,1869873162,1601139570,45534142,38A8B136,False,0,0,0,0,0.000000,0.000000,-1869873106,True,True
3864,278224,15290,194,1,5E9C3319,5E9C3319,True,15290,546718,0,0,0.650112,0.000000,-138,True,False
3865,278296,100,581199,1886715917,61726570,2AF654E1,False,0,0,0,0,0.000000,0.000000,-581143,True,True
3866,278368,575726,1869873162,1601139570,45534142,922DF155,False,0,0,0,0,0.000000,0.000000,-1869873106,True,True
3867,278440,15291,194,1,1C9A689C,1C9A689C,True,15291,546718,0,0,0.650112,0.000000,-138,True,False
3868,278512,100,581199,1886715917,61726570,F540304B,False,0,0,0,0,0.000000,0.000000,-581143,True,True
3869,278584,575726,1869873162,1601139570,45534142,F58C3EEC,False,0,0,0,0,0.000000,0.000000,-1869873106,True,True
3870,278656,15292,194,1,1AD7DC1E,1AD7DC1E,True,15292,546718,0,0,0.650112,0.000000,-138,True,False
3871,278728,100,581199,1886715917,61726570,8A62728B,False,0,0,0,0,0.000000,0.000000,-581143,True,True
3872,278800,575726,1869873162,1601139570,45534142,85B60DE1,False,0,0,0,0,0.000000,0.000000,-1869873106,True,True
3873,278872,15293,194,1,4121A86D,4121A86D,True,15293,546718,0,0,0.650112,0.000000,-138,True,False
3874,278944,100,581199,1886715917,61726570,CEC27509,False,0,0,0,0,0.000000,0.000000,-581143,True,True
3875,279016,575726,1869873162,1601139570,45534142,CB2C9BE2,False,0,0,0,0,0.000000,0.000000,-1869873106,True,True
3876,279088,15294,194,1,67C4E3EB,67C4E3EB,True,15294,546718,0,0,0.650112,0.000000,-138,True,False
3877,279160,100,581199,1886715917,61726570,B5143CDE,False,0,0,0,0,0.000000,0.000000,-581143,True,True
3878,279232,575726,1869873162,1601139570,45534142,C852714C,False,0,0,0,0,0.000000,0.000000,-1869873106,True,True
3879,279304,15295,194,1,CFB2AD5C,CFB2AD5C,True,15295,546718,0,0,0.650112,0.000000,-138,True,False
3880,279376,100,581199,1886715917,61726570,C292B1F0,False,0,0,0,0,0.000000,0.000000,-581143,True,True
3881,279448,575726,1869873162,1601139570,45534142,CE80D038,False,0,0,0,0,0.000000,0.000000,-1869873106,True,True
3882,279520,15296,194,1,7BE23A34,7BE23A34,True,15296,546718,0,0,0.650112,0.000000,-138,True,False
3883,279592,100,581199,1886715917,61726570,EE976EE1,False,0,0,0,0,0.000000,0.000000,-581143,True,True
3884,279664,575726,1869873162,1601139570,45534142,958051F3,False,0,0,0,0,0.000000,0.000000,-1869873106,True,True
3885,279736,15297,194,1,8E1336AC,8E1336AC,True,15297,546718,0,0,0.650112,0.000000,-138,True,False
3886,279808,100,581199,1886715917,61726570,2C969992,False,0,0,0,0,0.000000,0.000000,-581143,True,True
3887,279880,575726,1869873162,1601139570,45534142,34D7A33F,False,0,0,0,0,0.000000,0.000000,-1869873106,True,True
3888,279952,15298,194,1,512D70A7,512D70A7,True,15298,546718,0,0,0.650112,0.000000,-138,True,False
3889,280024,100,581199,1886715917,61726570,880D761F,False,0,0,0,0,0.000000,0.000000,-581143,True,True
3890,280096,575726,1869873162,1601139570,45534142,4F4EDAA8,False,0,0,0,0,0.000000,0.000000,-1869873106,True,True
3891,280168,15299,194,1,CDEFE997,CDEFE997,True,15299,546718,0,0,0.650112,0.000000,-138,True,False
3892,280240,100,581198,1868955660,72616572,81EED80E,False,0,0,0,0,0.000000,0.000000,-581142,True,True
3893,280312,575728,1869873162,1601139570,45534142,B9A2D1FD,False,0,0,0,0,0.000000,0.000000,-1869873106,True,True
3894,280384,15300,194,1,D1CA5EEA,D1CA5EEA,True,15300,546718,0,0,0.650112,0.000000,-138,True,False
3895,280456,100,581198,1868955660,72616572,3CA675FF,False,0,0,0,0,0.000000,0.000000,-581142,True,True
3896,280528,575728,1869873162,1601139570,45534142,E6D16B6B,False,0,0,0,0,0.000000,0.000000,-1869873106,True,True
3897,280600,15301,194,1,0D9C826A,0D9C826A,True,15301,546718,0,0,0.650112,0.000000,-138,True,False
3898,280672,100,581198,1868955660,72616572,90FC0A36,False,0,0,0,0,0.000000,0.000000,-581142,True,True
3899,280744,575728,1869873162,1601139570,45534142,7C331475,False,0,0,0,0,0.000000,0.000000,-1869873106,True,True
3900,280816,15302,194,1,13BE86D4,13BE86D4,True,15302,546718,0,0,0.650112,0.000000,-138,True,False
3901,280888,25669,147750912,1962937600,72657070,2870127B,False,0,0,0,0,0.000000,0.000000,-147750856,True,True
3902,280960,583126,1869873162,1601139570,504D5542,CE72108E,False,0,0,0,0,0.000000,0.000000,-1869873106,True,True
3903,281032,15303,194,1,76B0DE05,76B0DE05,True,15303,546718,0,0,0.650112,0.000000,-138,True,False
3904,281104,100,581198,1868955660,72616572,13C9DA82,False,0,0,0,0,0.000000,0.000000,-581142,True,True
3905,281176,575728,1869873162,1601139570,45534142,95EDA0A6,False,0,0,0,0,0.000000,0.000000,-1869873106,True,True
3906,281248,15304,194,1,87AE12FE,87AE12FE,True,15304,546718,0,0,0.650112,0.000000,-138,True,False
3907,281320,1682264897,3607101440,167774408,726F7400,85901D07,False,0,0,0,0,0.000000,0.000000,-3607101384,True,True
3908,281392,786440,1701998438,1601008225,504D5542,4630870D,False,0,0,0,0,0.000000,0.000000,-1701998382,True,True
3909,281464,15305,194,1,D4449D46,D4449D46,True,15305,549031,0,0,0.630469,0.000000,-138,True,False
3910,281536,100,575709,1886715917,61726570,8C467E02,False,0,0,0,0,0.000000,0.000000,-575653,True,True
3911,281608,1962937600,1919250544,1601008225,45534142,A55B45A8,False,0,0,0,0,0.000000,0.000000,-1919250488,True,True
3912,281680,15398,100,1,82662B04,82662B04,True,15398,567157,0,0,0.308905,0.000000,-44,True,False
3913,281752,589832,1054135500,1034463395,3ED4D4CC,859C1750,False,0,0,0,0,0.000000,0.000000,-1054135444,True,True
3914,281824,15399,100,1,AA27EC80,AA27EC80,True,15399,567157,0,0,0.308905,0.000000,-44,True,False
3915,281896,589832,1056964608,1056964608,00000000,D0C31AC3,False,0,0,0,0,0.000000,0.000000,-1056964552,True,True
3916,281968,15400,100,1,3709B907,3709B907,True,15400,567157,0,0,0.308905,0.000000,-44,True,False
3917,282040,589832,0,1048443863,3F000000,00000000,False,0,0,0,0,0.000000,0.000000,56,True,True
3918,282112,15401,100,1,2D2F5022,2D2F5022,True,15401,567157,0,0,0.308905,0.000000,-44,True,False
3919,282184,589832,1064300530,1057984394,3F3FBFC6,7F436E53,False,0,0,0,0,0.000000,0.000000,-1064300474,True,True
3920,282256,15402,100,1,F67906C9,F67906C9,True,15402,567157,0,0,0.308905,0.000000,-44,True,False
3921,282328,589832,1059300265,1052951229,3F64E4EB,E16C5C18,False,0,0,0,0,0.000000,0.000000,-1059300209,True,True
3922,282400,15403,100,1,7FBF95CE,7FBF95CE,True,15403,567157,0,0,0.308905,0.000000,-44,True,False
3923,282472,589832,1048443863,1056964608,3F000000,D5DEE013,False,0,0,0,0,0.000000,0.000000,-1048443807,True,True
3924,282544,15404,100,1,3A7B02AE,3A7B02AE,True,15404,567157,0,0,0.308905,0.000000,-44,True,False
3925,282616,589832,0,1048443863,3E7DFBD7,00000000,False,0,0,0,0,0.000000,0.000000,56,True,True
3926,282688,15405,100,1,A67BBED2,A67BBED2,True,15405,567157,0,0,0.308905,0.000000,-44,True,False
3927,282760,589832,1061191946,1061191946,3F40810A,F2138C6E,False,0,0,0,0,0.000000,0.000000,-1061191890,True,True
3928,282832,15406,100,1,0C0442B4,0C0442B4,True,15406,567157,0,0,0.308905,0.000000,-44,True,False
3929,282904,589832,1056964608,1056964608,3F000000,73184BE7,False,0,0,0,0,0.000000,0.000000,-1056964552,True,True
3930,282976,15407,100,1,EC8CE533,EC8CE533,True,15407,567157,0,0,0.308905,0.000000,-44,True,False
3931,283048,589832,1055582971,1026601149,3D30B0BD,37E7D689,False,0,0,0,0,0.000000,0.000000,-1055582915,True,True
3932,283120,15408,100,1,34A92E39,34A92E39,True,15408,567157,0,0,0.308905,0.000000,-44,True,False
3933,283192,589832,0,1056964608,3F800000,00000000,False,0,0,0,0,0.000000,0.000000,56,True,True
3934,283264,15416,244,1,D06A122E,D06A122E,True,15416,574348,0,0,0.787185,0.000000,-188,True,False
3935,283336,1682264897,2566914048,251660483,726F7400,78B138B9,False,0,0,0,0,0.000000,0.000000,-2566913992,True,True
3936,283408,25669,147034368,1962937600,72657070,247EF8B0,False,0,0,0,0,0.000000,0.000000,-147034312,True,True
3937,283480,589832,1015054478,1015054478,3C80808E,095AEC0B,False,0,0,0,0,0.000000,0.000000,-1015054422,True,True
3938,283552,15437,194,1,4EC6A62D,4EC6A62D,True,15437,569070,0,0,0.652527,0.000000,-138,True,False
3939,283624,25680,145684736,1946159616,6F73726F,22900A51,False,0,0,0,0,0.000000,0.000000,-145684680,True,True
3940,283696,1962937600,1919250544,1601008225,504D5542,DDC5DF3F,False,0,0,0,0,0.000000,0.000000,-1919250488,True,True
3941,283768,15481,66,1,7761F60D,7761F60D,True,15481,581572,0,0,0.213222,0.000000,-10,True,False
3942,283840,581586,0,0,00000000,00000000,True,0,0,0,0,0.000000,0.000000,56,True,True
3943,283912,589826,1701011814,1396785759,00006445,1764780D,False,0,0,0,0,0.000000,0.000000,-1701011758,True,True
3944,283984,15488,66,1,EC7B8BF4,EC7B8BF4,True,15488,581688,0,0,0.192712,0.000000,-10,True,False
3945,284056,581585,0,0,00000000,00000000,True,0,0,0,0,0.000000,0.000000,56,True,True
3946,284128,589826,1701011814,1297433183,00006450,C6C8CD19,False,0,0,0,0,0.000000,0.000000,-1701011758,True,True
3947,284200,15640,138,1,5161DAFF,5161DAFF,True,15640,549229,0,0,0.533030,0.000000,-82,True,False
3948,284272,589832,1718378851,1297433183,00006450,4C5A996F,False,0,0,0,0,0.000000,0.000000,-1718378795,True,True
3949,284344,3942334186,16106,0,00000000,6C526A5C,False,0,0,0,0,0.000000,0.000000,-16050,True,False
3950,284416,589828,1718378851,1297433183,00006450,A9382CAF,False,0,0,0,0,0.000000,0.000000,-1718378795,True,True
3951,284488,565263,3874160649,3874176870,E6EB3F66,7122E5D9,False,0,0,0,0,0.000000,0.000000,-3874160593,True,True
3952,284560,15850,108,1,2650F61C,2650F61C,True,15850,584739,0,0,0.189478,0.000000,-52,True,False
3953,284632,6571347,3961782272,589832,3F008084,63091AC4,False,0,0,0,0,0.000000,0.000000,-3961782216,True,True
3954,284704,15851,108,1,EBCCAADE,EBCCAADE,True,15851,584744,0,0,0.204685,0.000000,-52,True,False
3955,284776,6571347,3961782272,589832,3F008084,34A5444D,False,0,0,0,0,0.000000,0.000000,-3961782216,True,True
3956,284848,15936,102,1,BF258F4C,BF258F4C,True,15936,586184,0,0,0.793666,0.000000,-46,True,False
3957,284920,586189,2156134409,16128,00000000,E6E51BEB,False,0,0,0,0,0.000000,0.000000,-2156134353,True,True
3958,284992,15940,102,1,D4AC311D,D4AC311D,True,15940,586272,0,0,0.748592,0.000000,-46,True,False
3959,285064,586191,2156134409,16128,00000000,7946BF30,False,0,0,0,0,0.000000,0.000000,-2156134353,True,True
3960,285136,16075,149,1,2F3589F3,2F3589F3,True,16075,586272,0,0,0.748592,0.000000,-93,True,False
3961,285208,586191,1598554149,1635022157,6D5F746E,2C2F8304,False,0,0,0,0,0.000000,0.000000,-1598554093,True,True
3962,285280,429496895,3435973951,3435973950,CCCCCD3E,DF7DFCFB,False,0,0,0,0,0.000000,0.000000,-3435973895,True,True
3963,285352,589826,1684955496,1297433183,00006450,A3392753,False,0,0,0,0,0.000000,0.000000,-1684955440,True,True
3964,285424,3436003020,212684,0,00000000,5D606213,False,0,0,0,0,0.000000,0.000000,-212628,True,False
3965,285496,524290,1600611692,1163084098,00000064,3E69465A,False,0,0,0,0,0.000000,0.000000,-1600611636,True,True
3966,285568,1053609165,2,0,00000000,41D912FF,False,0,0,0,0,0.000000,0.000000,54,True,True
3967,285640,524290,1600611692,1347245378,00000064,BBDC719D,False,0,0,0,0,0.000000,0.000000,-1600611636,True,True
3968,285712,1053609165,2,0,00000000,41D912FF,False,0,0,0,0,0.000000,0.000000,54,True,True
3969,285784,786434,1684104552,1601205599,45534142,C30C2CFE,False,0,0,0,0,0.000000,0.000000,-1684104496,True,True
3970,285856,16131,72,1,91101AD3,91101AD3,True,16131,552685,0,0,0.202267,0.000000,-16,True,False
3971,285928,6571347,70320128,9,00000000,0F4E7ECA,False,0,0,0,0,0.000000,0.000000,-70320072,True,True
3972,286000,851991,1701867637,1836212594,4D55425F,CCC19CB0,False,0,0,0,0,0.000000,0.000000,-1701867581,True,True
3973,286072,1601139570,1163084098,100,00085FAD,864119DB,False,0,0,0,0,0.000000,0.000000,-1163084042,True,True
3974,286144,524297,1600611692,1163084098,00000064,64516CF4,False,0,0,0,0,0.000000,0.000000,-1600611636,True,True
3975,286216,1682984277,2868903936,150997087,6E616800,4A61DFAD,False,0,0,0,0,0.000000,0.000000,-2868903880,True,True
3976,286288,589832,1953460070,1297433183,00006450,CCD223E4,False,0,0,0,0,0.000000,0.000000,-1953460014,True,True
3977,286360,1604648960,786440,1818589541,5F687361,4F2D5456,False,0,0,0,0,0.000000,0.000000,-786384,True,True
3978,286432,1682984277,2885681152,150997252,6C616300,627E1C26,False,0,0,0,0,0.000000,0.000000,-2885681096,True,True
3979,286504,16142,524,1,A62B1E7C,A62B1E7C,True,16142,548296,0,0,0.867109,0.000000,-468,True,False
3980,286576,1163084098,100,548726,6F74000A,98882EB8,False,1601139570,1347245378,100,548782,75514389620073025465298714624.000000,17254259941712068608.000000,-44,True,False
3981,286648,1702101002,1600681061,1163084098,00000064,66BC2ABA,False,0,0,0,0,0.000000,0.000000,-1600681005,True,True
3982,286720,1602551808,786440,1684104552,5F70755F,12817970,False,0,0,0,0,0.000000,0.000000,-786384,True,True
3983,286792,1601008225,1347245378,100,00085FA9,39D7DD47,False,0,0,0,0,0.000000,0.000000,-1347245322,True,True
3984,286864,591022,1634074633,1113548131,64504D55,7040E80B,False,0,0,0,0,0.000000,0.000000,-1634074577,True,True
3985,286936,6574157,1582235648,524296,5F657965,8ED7E30E,False,0,0,0,0,0.000000,0.000000,-1582235592,True,True
3986,287008,1056964608,1056964608,1058642330,3F19999A,5F107E9C,False,0,0,0,0,0.000000,0.000000,-1056964552,True,True
3987,287080,524294,1600611692,1347245378,00000064,2130F7CC,False,0,0,0,0,0.000000,0.000000,-1600611636,True,True
3988,287152,591029,1633878025,1113548396,64504D55,CA2B6C0A,False,0,0,0,0,0.000000,0.000000,-1633877969,True,True
3989,287224,1053609165,1053609165,2,00000000,2CAA8ACA,False,0,0,0,0,0.000000,0.000000,-1053609109,True,True
3990,287296,524294,1600611692,1347245378,00000064,0FCB6FBD,False,0,0,0,0,0.000000,0.000000,-1600611636,True,True
3991,287368,591066,1633878025,1113548396,64504D55,34799D50,False,0,0,0,0,0.000000,0.000000,-1633877969,True,True
3992,287440,1053609165,1053609165,3,00000000,7557FCBD,False,0,0,0,0,0.000000,0.000000,-1053609109,True,True
3993,287512,983044,1936879476,1954045807,425F6172,E442286B,False,0,0,0,0,0.000000,0.000000,-1936879420,True,True
3994,287584,1869873162,1601139570,1163084098,00000064,F5BB7A94,False,0,0,0,0,0.000000,0.000000,-1601139514,True,True
3995,287656,16165,114,1,473A7BD8,473A7BD8,True,16165,591167,0,0,0.262265,0.000000,-58,True,False
3996,287728,1600221812,1163084098,100,00090540,A85AF30C,False,0,0,0,0,0.000000,0.000000,-1163084042,True,True
3997,287800,16233,100,1,721F7CE6,721F7CE6,True,16233,566380,0,0,0.305308,0.000000,-44,True,False
3998,287872,589832,1041760290,1044119569,3E5C0011,3A73E86B,False,0,0,0,0,0.000000,0.000000,-1041760234,True,True
3999,287944,16235,100,1,A989E4CA,A989E4CA,True,16235,566623,0,0,0.309727,0.000000,-44,True,False
4000,288016,589832,1041760290,1044119569,3E5C0011,7EE4C2C2,False,0,0,0,0,0.000000,0.000000,-1041760234,True,True
4001,288088,16236,194,1,831CD6AC,831CD6AC,True,16236,546718,0,0,0.650112,0.000000,-138,True,False
4002,288160,1163084098,100,548893,6F74000A,1403C340,False,1601139570,1347245378,100,548891,75514389620073025465298714624.000000,17254259941712068608.000000,-44,True,False
4003,288232,786440,1701998438,1601008225,45534142,B026D33F,False,0,0,0,0,0.000000,0.000000,-1701998382,True,True
4004,288304,16237,194,1,47609025,47609025,True,16237,549031,0,0,0.630458,0.000000,-138,True,False
4005,288376,100,549051,1886715917,61726570,AF316DA3,False,0,0,0,0,0.000000,0.000000,-548995,True,True
4006,288448,786440,1701998438,1601008225,45534142,432FFDF8,False,0,0,0,0,0.000000,0.000000,-1701998382,True,True
4007,288520,16238,178,1,45A9ED8E,45A9ED8E,True,16238,565556,0,0,0.785204,0.000000,-122,True,False
4008,288592,144783104,1660946688,1600547937,45534142,C45752BB,False,0,0,0,0,0.000000,0.000000,-1660946632,True,True
4009,288664,100,591515,9,00003F00,9B886B96,False,0,0,0,0,0.000000,0.000000,-591459,True,True
4010,288736,16239,158,1,6A2AE210,6A2AE210,True,16239,574751,0,0,0.651076,0.000000,-102,True,False
4011,288808,100,574652,1868955660,72616572,5D4FA9CA,False,0,0,0,0,0.000000,0.000000,-574596,True,True
4012,288880,1962937600,1919250544,1601008225,504D5542,1C250063,False,0,0,0,0,0.000000,0.000000,-1919250488,True,True
4013,288952,851974,1701867637,1836212594,4D55425F,A83863BE,False,0,0,0,0,0.000000,0.000000,-1701867581,True,True
4014,289024,1918985586,1094868845,6571347,06ED0000,55F18CFE,False,0,0,0,0,0.000000,0.000000,-1094868789,True,True
4015,289096,16281,108,1,B298CCCC,B298CCCC,True,16281,591990,0,0,0.099582,0.000000,-52,True,False
4016,289168,6574157,124649472,589833,3F000000,76BF2AA2,False,0,0,0,0,0.000000,0.000000,-124649416,True,True
4017,289240,16282,72,1,0F2F3B8F,0F2F3B8F,True,16282,591983,0,0,0.108187,0.000000,-16,True,False
4018,289312,6571347,150142976,9,00000000,F0291232,False,0,0,0,0,0.000000,0.000000,-150142920,True,True
4019,289384,786434,1935764583,1601398131,45534142,454C1CB1,False,0,0,0,0,0.000000,0.000000,-1935764527,True,True
4020,289456,16284,108,1,3340C688,3340C688,True,16284,591982,0,0,0.099582,0.000000,-52,True,False
4021,289528,6571347,132775936,589833,3F000000,7E262E94,False,0,0,0,0,0.000000,0.000000,-132775880,True,True
4022,289600,16285,72,1,444C46EF,444C46EF,True,16285,591985,0,0,0.108187,0.000000,-16,True,False
4023,289672,6574157,150208512,9,00000000,DC248A7F,False,0,0,0,0,0.000000,0.000000,-150208456,True,True
4024,289744,786434,1935764583,1601398131,45534142,7E744A32,False,0,0,0,0,0.000000,0.000000,-1935764527,True,True
4025,289816,16288,108,1,7827D5FF,7827D5FF,True,16288,591995,0,0,0.138544,0.000000,-52,True,False
4026,289888,6574157,150470656,589833,3F000000,977981E7,False,0,0,0,0,0.000000,0.000000,-150470600,True,True
4027,289960,16289,108,1,5CA3287D,5CA3287D,True,16289,591994,0,0,0.151372,0.000000,-52,True,False
4028,290032,6574157,150470656,589833,3F000000,B1C94B91,False,0,0,0,0,0.000000,0.000000,-150470600,True,True
4029,290104,16290,72,1,B4943FC9,B4943FC9,True,16290,591797,0,0,0.161129,0.000000,-16,True,False
4030,290176,6571347,129368064,9,00000000,E1D7F534,False,0,0,0,0,0.000000,0.000000,-129368008,True,True
4031,290248,786434,1935764583,1601398131,504D5542,2ACF103F,False,0,0,0,0,0.000000,0.000000,-1935764527,True,True
4032,290320,16292,72,1,F11A1B51,F11A1B51,True,16292,591842,0,0,0.056936,0.000000,-16,True,False
4033,290392,6574157,167968768,9,00000000,790C37AF,False,0,0,0,0,0.000000,0.000000,-167968712,True,True
4034,290464,786434,1935764583,1601398131,45534142,2A169DA4,False,0,0,0,0,0.000000,0.000000,-1935764527,True,True
4035,290536,16295,72,1,A43D91AF,A43D91AF,True,16295,591807,0,0,0.154860,0.000000,-16,True,False
4036,290608,6574157,167968768,9,00000000,D6B0405F,False,0,0,0,0,0.000000,0.000000,-167968712,True,True
4037,290680,786434,1935764583,1601398131,45534142,A7D8A308,False,0,0,0,0,0.000000,0.000000,-1935764527,True,True
4038,290752,16297,66,1,94D5AE69,94D5AE69,True,16297,591775,0,0,0.129616,0.000000,-10,True,False
4039,290824,591777,0,0,00000000,00000000,True,0,0,0,0,0.000000,0.000000,56,True,True
4040,290896,589826,1701011814,1396785759,00006445,1659F14F,False,0,0,0,0,0.000000,0.000000,-1701011758,True,True
4041,290968,16299,66,1,9B33AA3F,9B33AA3F,True,16299,591778,0,0,0.255182,0.000000,-10,True,False
4042,291040,591777,0,0,00000000,00000000,True,0,0,0,0,0.000000,0.000000,56,True,True
4043,291112,786434,1935764583,1601398131,504D5542,FA5AA58A,False,0,0,0,0,0.000000,0.000000,-1935764527,True,True
4044,291184,16301,72,1,898F9A2D,898F9A2D,True,16301,591781,0,0,0.121873,0.000000,-16,True,False
4045,291256,6574157,127991808,9,00000000,6F2D4294,False,0,0,0,0,0.000000,0.000000,-127991752,True,True
4046,291328,786434,1935764583,1601398131,504D5542,882B9DBB,False,0,0,0,0,0.000000,0.000000,-1935764527,True,True
4047,291400,16303,488,1,6853074B,6853074B,True,16303,591766,0,0,0.908351,0.000000,-432,True,False
4048,291472,201328734,1702454528,1752392044,5341425F,36E16DEA,False,0,0,0,0,0.000000,0.000000,-1702454472,True,True
4049,291544,6571347,127401984,786441,64616568,B9C702DC,False,0,0,0,0,0.000000,0.000000,-127401928,True,True
4050,291616,1600414053,1113550965,1682264897,57000000,F25EAA57,False,0,0,0,0,0.000000,0.000000,-1113550909,True,True
4051,291688,1509949440,167774440,1919906816,425F6F73,D32B8BDE,False,0,0,0,0,0.000000,0.000000,-167774384,True,True
4052,291760,1113548916,1682264897,2332033024,0800085F,18D2FF97,False,0,0,0,0,0.000000,0.000000,-1682264841,True,True
4053,291832,786440,1701998438,1601008225,504D5542,1C43A0F8,False,0,0,0,0,0.000000,0.000000,-1701998382,True,True
4054,291904,16306,102,1,B92D05D3,B92D05D3,True,16306,591977,0,0,0.749752,0.000000,-46,True,False
4055,291976,591978,9,16128,00003F00,3AE18237,False,0,0,0,0,0.000000,0.000000,47,True,True
4056,292048,16307,102,1,8036EF18,8036EF18,True,16307,591974,0,0,0.790013,0.000000,-46,True,False
4057,292120,591976,9,16128,00003F00,3AE18237,False,0,0,0,0,0.000000,0.000000,47,True,True
4058,292192,16311,108,1,8951FDC1,8951FDC1,True,16311,592121,0,0,0.210010,0.000000,-52,True,False
4059,292264,6574157,150667264,589833,3F000000,75825852,False,0,0,0,0,0.000000,0.000000,-150667208,True,True
4060,292336,16312,108,1,5BBD47E1,5BBD47E1,True,16312,592060,0,0,0.224205,0.000000,-52,True,False
4061,292408,6571347,150601728,589833,3F000000,19A3C715,False,0,0,0,0,0.000000,0.000000,-150601672,True,True
4062,292480,16313,390,1,E093963B,E093963B,True,16313,591774,0,0,0.862429,0.000000,-334,True,False
4063,292552,25680,149445120,1744833536,5F646165,00CA2964,False,0,0,0,0,0.000000,0.000000,-149445064,True,True
4064,292624,1969185889,1430413168,6574157,E85A0000,D2341AE4,False,0,0,0,0,0.000000,0.000000,-1430413112,True,True
4065,292696,25680,140486656,1962937600,72657070,8035AF1F,False,0,0,0,0,0.000000,0.000000,-140486600,True,True
4066,292768,1701011814,1297433183,25680,09079700,CBBEF274,False,0,0,0,0,0.000000,0.000000,-1297433127,True,True
4067,292840,134220008,1734700032,1297433183,00006450,9DBC3A20,False,0,0,0,0,0.000000,0.000000,-1734699976,True,True
4068,292912,16314,72,1,B304C49C,B304C49C,True,16314,591812,0,0,0.121946,0.000000,-16,True,False
4069,292984,6571347,3785883648,8,00000000,8413C5ED,False,0,0,0,0,0.000000,0.000000,-3785883592,True,True
4070,293056,786434,1684104552,1601205599,504D5542,10B696D9,False,0,0,0,0,0.000000,0.000000,-1684104496,True,True
4071,293128,16316,72,1,34C9C6F0,34C9C6F0,True,16316,591816,0,0,0.106225,0.000000,-16,True,False
4072,293200,6571347,130613248,9,00000000,1F4F3AEC,False,0,0,0,0,0.000000,0.000000,-130613192,True,True
4073,293272,786434,1684104552,1601205599,45534142,9C9D20D1,False,0,0,0,0,0.000000,0.000000,-1684104496,True,True
4074,293344,16318,72,1,51E7922C,51E7922C,True,16318,591820,0,0,0.084440,0.000000,-16,True,False
4075,293416,6571347,130613248,9,00000000,6EF3AEE6,False,0,0,0,0,0.000000,0.000000,-130613192,True,True
4076,293488,786434,1684104552,1601205599,45534142,C240AAD4,False,0,0,0,0,0.000000,0.000000,-1684104496,True,True
4077,293560,16321,68,1,EDCD88D9,EDCD88D9,True,16321,592186,0,0,3.038290,0.000000,-12,True,False
4078,293632,130482176,9,0,00000000,E60914AE,False,0,0,0,0,0.000000,0.000000,47,True,True
4079,293704,786434,1684104552,1601205599,45534142,B326CC87,False,0,0,0,0,0.000000,0.000000,-1684104496,True,True
4080,293776,1056981385,1056931054,1056897499,00000003,2B293698,False,0,0,0,0,0.000000,0.000000,-1056930998,True,True
4081,293848,589834,1718378851,1396785759,00006445,ED644D07,False,0,0,0,0,0.000000,0.000000,-1718378795,True,True
4082,293920,1347245378,100,592278,656C0008,D4ABEA69,False,1094868839,6571347,160890880,851977,70965151372717047414784.000000,4688323533190448300056117248.000000,-44,True,False
4083,293992,592283,1869873162,1601139570,504D5542,CB65492A,False,0,0,0,0,0.000000,0.000000,-1869873106,True,True
4084,294064,1056964608,1058642330,1058642330,3F19999A,0A7B08B3,False,0,0,0,0,0.000000,0.000000,-1058642274,True,True
4085,294136,983042,1936879476,1954045807,425F6172,2CDF27F0,False,0,0,0,0,0.000000,0.000000,-1936879420,True,True
4086,294208,16369,78,1,80B73CDA,80B73CDA,True,16369,592162,0,0,0.561350,0.000000,-22,True,False
4087,294280,1600221812,1163084098,100,00090923,FDF9F1A3,False,0,0,0,0,0.000000,0.000000,-1163084042,True,True
4088,294352,786434,1935764583,1601398131,45534142,88EA76B0,False,0,0,0,0,0.000000,0.000000,-1935764527,True,True
4089,294424,16375,72,1,93947DF2,93947DF2,True,16375,591969,0,0,0.131828,0.000000,-16,True,False
4090,294496,6574157,1607467008,8,00000000,7C4BD10E,False,0,0,0,0,0.000000,0.000000,-1607466952,True,True
4091,294568,983042,1936879476,1954045807,425F6172,3BA6D9FE,False,0,0,0,0,0.000000,0.000000,-1936879420,True,True
4092,294640,16377,78,1,D5DE37DE,D5DE37DE,True,16377,592572,0,0,0.580438,0.000000,-22,True,False
4093,294712,1600221812,1347245378,100,00090AB7,760CFB6A,False,0,0,0,0,0.000000,0.000000,-1347245322,True,True
4094,294784,786434,1935764583,1601398131,45534142,DE8E97C7,False,0,0,0,0,0.000000,0.000000,-1935764527,True,True
4095,294856,16379,72,1,849AC454,849AC454,True,16379,592580,0,0,0.327137,0.000000,-16,True,False
4096,294928,6571347,180682752,9,00000000,CD93F1B6,False,0,0,0,0,0.000000,0.000000,-180682696,True,True
4097,295000,786434,1935764583,1601398131,504D5542,7F2F9C78,False,0,0,0,0,0.000000,0.000000,-1935764527,True,True
4098,295072,16381,72,1,A40348C6,A40348C6,True,16381,592584,0,0,0.394503,0.000000,-16,True,False
4099,295144,6574157,180748288,9,00000000,906676B2,False,0,0,0,0,0.000000,0.000000,-180748232,True,True
4100,295216,589828,1701011814,1297433183,00006450,1190FD06,False,0,0,0,0,0.000000,0.000000,-1701011758,True,True
4101,295288,1163084098,100,592606,00000000,ED0C1923,False,0,0,0,0,0.000000,0.000000,-44,True,False
4102,295360,786438,1701998438,1601008225,45534142,D977932D,False,0,0,0,0,0.000000,0.000000,-1701998382,True,True
4103,295432,1113550707,1682984277,2248146944,0C00086A,75E31BD9,False,0,0,0,0,0.000000,0.000000,-1682984221,True,True
4104,295504,3436002892,3436002892,3436002892,C28F3E4C,9AF6A542,False,0,0,0,0,0.000000,0.000000,-3436002836,True,True
4105,295576,655366,1936879476,1430413167,0064504D,BBB5B188,False,0,0,0,0,0.000000,0.000000,-1936879420,True,True
4106,295648,1836212581,1396785759,25669,086A8000,B07E669E,False,0,0,0,0,0.000000,0.000000,-1396785703,True,True
4107,295720,3436002892,3436002892,3436002892,C28F3E4C,881BA505,False,0,0,0,0,0.000000,0.000000,-3436002836,True,True
4108,295792,524292,1600611692,1163084098,00000064,C0130E4A,False,0,0,0,0,0.000000,0.000000,-1600611636,True,True
4109,295864,562639,3264151561,1202601845,47AE3F61,3CD73CC4,False,0,0,0,0,0.000000,0.000000,-3264151505,True,True
4110,295936,16415,138,1,25AE7706,25AE7706,True,16415,549164,0,0,0.523710,0.000000,-82,True,False
4111,296008,562636,1701576712,1094868839,00644553,F500065E,False,0,0,0,0,0.000000,0.000000,-1701576656,True,True
4112,296080,1202601825,15969,0,00000000,38207B44,False,0,0,0,0,0.000000,0.000000,-15913,True,False
4113,296152,917508,1684104552,2003788895,41425F6E,58ED00C2,False,0,0,0,0,0.000000,0.000000,-1684104496,True,True
4114,296224,1701314572,1969185889,1094868848,00644553,1618D578,False,0,0,0,0,0.000000,0.000000,-1969185833,True,True
4115,296296,786436,1684104552,1601205599,504D5542,6BA112EE,False,0,0,0,0,0.000000,0.000000,-1684104496,True,True
4116,296368,1684104552,2003788895,1430413166,0064504D,7EB4C66F,False,0,0,0,0,0.000000,0.000000,-2003788839,True,True
4117,296440,917508,1684104552,2003788895,55425F6E,8A2399BB,False,0,0,0,0,0.000000,0.000000,-1684104496,True,True
4118,296512,1701314572,1969185889,1430413168,0064504D,71271FDF,False,0,0,0,0,0.000000,0.000000,-1969185833,True,True
4119,296584,917508,1684104552,2003788895,41425F6E,DE5FD73A,False,0,0,0,0,0.000000,0.000000,-1684104496,True,True
4120,296656,1701314572,1969185889,1094868848,00644553,DAED5682,False,0,0,0,0,0.000000,0.000000,-1969185833,True,True
4121,296728,917508,1684104552,2003788895,55425F6E,4C972FE5,False,0,0,0,0,0.000000,0.000000,-1684104496,True,True
4122,296800,1701314572,1969185889,1094868848,00644553,EB48F595,False,0,0,0,0,0.000000,0.000000,-1969185833,True,True
4123,296872,786436,1684104552,1601205599,504D5542,512A09E6,False,0,0,0,0,0.000000,0.000000,-1684104496,True,True
4124,296944,1701314572,1969185889,1094868848,00644553,E9B94B49,False,0,0,0,0,0.000000,0.000000,-1969185833,True,True
4125,297016,786436,1684104552,1601205599,504D5542,119F68FE,False,0,0,0,0,0.000000,0.000000,-1684104496,True,True
4126,297088,1684104552,2003788895,1430413166,0064504D,679CE57C,False,0,0,0,0,0.000000,0.000000,-2003788839,True,True
4127,297160,917508,1684104552,2003788895,41425F6E,5888A6E3,False,0,0,0,0,0.000000,0.000000,-1684104496,True,True
4128,297232,1701314572,1969185889,1430413168,0064504D,09CA4146,False,0,0,0,0,0.000000,0.000000,-1969185833,True,True
4129,297304,917508,1684104552,2003788895,55425F6E,DB13FD65,False,0,0,0,0,0.000000,0.000000,-1684104496,True,True
4130,297376,1701314572,1969185889,1430413168,0064504D,8F7FCBC9,False,0,0,0,0,0.000000,0.000000,-1969185833,True,True
4131,297448,786436,1684104552,1601205599,504D5542,10C4A61F,False,0,0,0,0,0.000000,0.000000,-1684104496,True,True
4132,297520,1701314572,1969185889,1094868848,00644553,40AF6296,False,0,0,0,0,0.000000,0.000000,-1969185833,True,True
4133,297592,786436,1684104552,1601205599,504D5542,BB148641,False,0,0,0,0,0.000000,0.000000,-1684104496,True,True
4134,297664,1701314572,1969185889,1094868848,00644553,4FC40540,False,0,0,0,0,0.000000,0.000000,-1969185833,True,True
4135,297736,786436,1684104552,1601205599,45534142,5D33D84E,False,0,0,0,0,0.000000,0.000000,-1684104496,True,True
4136,297808,1684104552,2003788895,1430413166,0064504D,1BDF1F14,False,0,0,0,0,0.000000,0.000000,-2003788839,True,True
4137,297880,786436,1684104552,1601205599,45534142,B300E741,False,0,0,0,0,0.000000,0.000000,-1684104496,True,True
4138,297952,1684104552,2003788895,1094868846,00644553,331EFB27,False,0,0,0,0,0.000000,0.000000,-2003788839,True,True
4139,298024,917508,1684104552,2003788895,55425F6E,97E13C9C,False,0,0,0,0,0.000000,0.000000,-1684104496,True,True
4140,298096,1684104552,2003788895,1094868846,00644553,136ED827,False,0,0,0,0,0.000000,0.000000,-2003788839,True,True
4141,298168,917508,1684104552,2003788895,41425F6E,29F27F53,False,0,0,0,0,0.000000,0.000000,-1684104496,True,True
4142,298240,1701314572,1969185889,1430413168,0064504D,75E5E038,False,0,0,0,0,0.000000,0.000000,-1969185833,True,True
4143,298312,786436,1684104552,1601205599,45534142,6A168BD5,False,0,0,0,0,0.000000,0.000000,-1684104496,True,True
4144,298384,1684104552,2003788895,1430413166,0064504D,B4E44E7B,False,0,0,0,0,0.000000,0.000000,-2003788839,True,True
4145,298456,786436,1684104552,1601205599,504D5542,72C44E73,False,0,0,0,0,0.000000,0.000000,-1684104496,True,True
4146,298528,1701314572,1969185889,1094868848,00644553,94703FB7,False,0,0,0,0,0.000000,0.000000,-1969185833,True,True
4147,298600,786436,1684104552,1601205599,504D5542,08A7B18A,False,0,0,0,0,0.000000,0.000000,-1684104496,True,True
4148,298672,1684104552,2003788895,1094868846,00644553,4D150435,False,0,0,0,0,0.000000,0.000000,-2003788839,True,True
4149,298744,0,0,0,00000000,00000000,True,0,0,0,0,0.000000,0.000000,56,True,True
4150,298816,0,0,0,00000000,00000000,True,0,0,0,0,0.000000,0.000000,56,True,True
4151,298888,786436,1684104552,1601205599,45534142,04F68A57,False,0,0,0,0,0.000000,0.000000,-1684104496,True,True
4152,298960,1684104552,2003788895,1094868846,00644553,AEC03CE3,False,0,0,0,0,0.000000,0.000000,-2003788839,True,True
4153,299032,917508,1684104552,2003788895,41425F6E,E24D47CF,False,0,0,0,0,0.000000,0.000000,-1684104496,True,True
4154,299104,1701314572,1969185889,1094868848,00644553,FEAEAB30,False,0,0,0,0,0.000000,0.000000,-1969185833,True,True
4155,299176,786436,1684104552,1601205599,45534142,1A796C62,False,0,0,0,0,0.000000,0.000000,-1684104496,True,True
4156,299248,1684104552,2003788895,1094868846,00644553,EEDA2A4F,False,0,0,0,0,0.000000,0.000000,-2003788839,True,True
4157,299320,786436,1684104552,1601205599,45534142,77D46AF9,False,0,0,0,0,0.000000,0.000000,-1684104496,True,True
4158,299392,1684104552,2003788895,1094868846,00644553,1140B342,False,0,0,0,0,0.000000,0.000000,-2003788839,True,True
4159,299464,917508,1684104552,2003788895,41425F6E,76E11AA4,False,0,0,0,0,0.000000,0.000000,-1684104496,True,True
4160,299536,1701314572,1969185889,1094868848,00644553,22CE03FD,False,0,0,0,0,0.000000,0.000000,-1969185833,True,True
4161,299608,786436,1684104552,1601205599,504D5542,0508B84F,False,0,0,0,0,0.000000,0.000000,-1684104496,True,True
4162,299680,1701314572,1969185889,1094868848,00644553,AEEF8E65,False,0,0,0,0,0.000000,0.000000,-1969185833,True,True
4163,299752,786436,1684104552,1601205599,504D5542,CA3E7473,False,0,0,0,0,0.000000,0.000000,-1684104496,True,True
4164,299824,1684104552,2003788895,1430413166,0064504D,48C7B85A,False,0,0,0,0,0.000000,0.000000,-2003788839,True,True
4165,299896,917508,1684104552,2003788895,55425F6E,EAEBEFAC,False,0,0,0,0,0.000000,0.000000,-1684104496,True,True
4166,299968,1701314572,1969185889,1430413168,0064504D,0DF3DAC6,False,0,0,0,0,0.000000,0.000000,-1969185833,True,True
4167,300040,786436,1684104552,1601205599,45534142,FDAADC01,False,0,0,0,0,0.000000,0.000000,-1684104496,True,True
4168,300112,1701314572,1969185889,1430413168,0064504D,92554EDB,False,0,0,0,0,0.000000,0.000000,-1969185833,True,True
4169,300184,786436,1684104552,1601205599,504D5542,CD1BA5E0,False,0,0,0,0,0.000000,0.000000,-1684104496,True,True
4170,300256,1684104552,2003788895,1094868846,00644553,79BED008,False,0,0,0,0,0.000000,0.000000,-2003788839,True,True
4171,300328,786436,1684104552,1601205599,45534142,747282AB,False,0,0,0,0,0.000000,0.000000,-1684104496,True,True
4172,300400,1701314572,1969185889,1430413168,0064504D,B69F163B,False,0,0,0,0,0.000000,0.000000,-1969185833,True,True
4173,300472,917508,1684104552,2003788895,55425F6E,E48BC535,False,0,0,0,0,0.000000,0.000000,-1684104496,True,True
4174,300544,1701314572,1969185889,1094868848,00644553,300FE57A,False,0,0,0,0,0.000000,0.000000,-1969185833,True,True
4175,300616,917508,1684104552,2003788895,55425F6E,6C9E8225,False,0,0,0,0,0.000000,0.000000,-1684104496,True,True
4176,300688,1684104552,2003788895,1094868846,00644553,9547C235,False,0,0,0,0,0.000000,0.000000,-2003788839,True,True
4177,300760,917508,1684104552,2003788895,41425F6E,0564BB3A,False,0,0,0,0,0.000000,0.000000,-1684104496,True,True
4178,300832,1684104552,2003788895,1430413166,0064504D,BE0EF6DB,False,0,0,0,0,0.000000,0.000000,-2003788839,True,True
4179,300904,786436,1684104552,1601205599,504D5542,C5502835,False,0,0,0,0,0.000000,0.000000,-1684104496,True,True
4180,300976,1684104552,2003788895,1430413166,0064504D,5239E5FF,False,0,0,0,0,0.000000,0.000000,-2003788839,True,True
4181,301048,786436,1684104552,1601205599,45534142,74A77892,False,0,0,0,0,0.000000,0.000000,-1684104496,True,True
4182,301120,1684104552,2003788895,1430413166,0064504D,15AFAD27,False,0,0,0,0,0.000000,0.000000,-2003788839,True,True
4183,301192,917508,1684104552,2003788895,55425F6E,4E575619,False,0,0,0,0,0.000000,0.000000,-1684104496,True,True
4184,301264,1701314572,1969185889,1094868848,00644553,C23D0002,False,0,0,0,0,0.000000,0.000000,-1969185833,True,True
4185,301336,786436,1684104552,1601205599,504D5542,753E1A92,False,0,0,0,0,0.000000,0.000000,-1684104496,True,True
4186,301408,1684104552,2003788895,1094868846,00644553,AB8DE5ED,False,0,0,0,0,0.000000,0.000000,-2003788839,True,True
4187,301480,786436,1684104552,1601205599,45534142,D0177DDF,False,0,0,0,0,0.000000,0.000000,-1684104496,True,True
4188,301552,1684104552,2003788895,1094868846,00644553,9A7B3267,False,0,0,0,0,0.000000,0.000000,-2003788839,True,True
4189,301624,786436,1684104552,1601205599,45534142,37A4E0A3,False,0,0,0,0,0.000000,0.000000,-1684104496,True,True
4190,301696,1684104552,2003788895,1430413166,0064504D,F8FD9085,False,0,0,0,0,0.000000,0.000000,-2003788839,True,True
4191,301768,917508,1684104552,2003788895,41425F6E,8376941F,False,0,0,0,0,0.000000,0.000000,-1684104496,True,True
4192,301840,1701314572,1969185889,1430413168,0064504D,F744E073,False,0,0,0,0,0.000000,0.000000,-1969185833,True,True
4193,301912,917508,1684104552,2003788895,55425F6E,FDD558B4,False,0,0,0,0,0.000000,0.000000,-1684104496,True,True
4194,301984,1701314572,1969185889,1430413168,0064504D,9C1CC361,False,0,0,0,0,0.000000,0.000000,-1969185833,True,True
4195,302056,786436,1684104552,1601205599,504D5542,E6FE629D,False,0,0,0,0,0.000000,0.000000,-1684104496,True,True
4196,302128,1684104552,2003788895,1430413166,0064504D,60F4C85C,False,0,0,0,0,0.000000,0.000000,-2003788839,True,True
4197,302200,917508,1684104552,2003788895,41425F6E,541DE387,False,0,0,0,0,0.000000,0.000000,-1684104496,True,True
4198,302272,1684104552,2003788895,1430413166,0064504D,D246D22A,False,0,0,0,0,0.000000,0.000000,-2003788839,True,True
4199,302344,786436,1684104552,1601205599,504D5542,D6BFAEFC,False,0,0,0,0,0.000000,0.000000,-1684104496,True,True
4200,302416,1684104552,2003788895,1094868846,00644553,7846171A,False,0,0,0,0,0.000000,0.000000,-2003788839,True,True
4201,302488,917508,1684104552,2003788895,41425F6E,B8ECFCCF,False,0,0,0,0,0.000000,0.000000,-1684104496,True,True
4202,302560,1701314572,1969185889,1430413168,0064504D,7A2B82C7,False,0,0,0,0,0.000000,0.000000,-1969185833,True,True
4203,302632,917508,1684104552,2003788895,41425F6E,04E4C8E1,False,0,0,0,0,0.000000,0.000000,-1684104496,True,True
4204,302704,1701314572,1969185889,1094868848,00644553,4D95FAA8,False,0,0,0,0,0.000000,0.000000,-1969185833,True,True
4205,302776,786436,1684104552,1601205599,45534142,1B22C39F,False,0,0,0,0,0.000000,0.000000,-1684104496,True,True
4206,302848,1701314572,1969185889,1430413168,0064504D,7D11D55A,False,0,0,0,0,0.000000,0.000000,-1969185833,True,True
4207,302920,786436,1684104552,1601205599,504D5542,F9110B16,False,0,0,0,0,0.000000,0.000000,-1684104496,True,True
4208,302992,1684104552,2003788895,1430413166,0064504D,79D0A6F2,False,0,0,0,0,0.000000,0.000000,-2003788839,True,True
4209,303064,917508,1684104552,2003788895,55425F6E,41ABD4E4,False,0,0,0,0,0.000000,0.000000,-1684104496,True,True
4210,303136,1701314572,1969185889,1094868848,00644553,3928AC13,False,0,0,0,0,0.000000,0.000000,-1969185833,True,True
4211,303208,917508,1684104552,2003788895,41425F6E,1B7E5AE7,False,0,0,0,0,0.000000,0.000000,-1684104496,True,True
4212,303280,1701314572,1969185889,1430413168,0064504D,96960CA3,False,0,0,0,0,0.000000,0.000000,-1969185833,True,True
4213,303352,917508,1684104552,2003788895,55425F6E,FB43EC84,False,0,0,0,0,0.000000,0.000000,-1684104496,True,True
4214,303424,1701314572,1969185889,1430413168,0064504D,07761599,False,0,0,0,0,0.000000,0.000000,-1969185833,True,True
4215,303496,917508,1684104552,2003788895,55425F6E,DD0255AF,False,0,0,0,0,0.000000,0.000000,-1684104496,True,True
4216,303568,1701314572,1969185889,1094868848,00644553,23998C65,False,0,0,0,0,0.000000,0.000000,-1969185833,True,True
4217,303640,917508,1684104552,2003788895,41425F6E,8EF7332C,False,0,0,0,0,0.000000,0.000000,-1684104496,True,True
4218,303712,1684104552,2003788895,1430413166,0064504D,30CE1A1B,False,0,0,0,0,0.000000,0.000000,-2003788839,True,True
4219,303784,917508,1684104552,2003788895,41425F6E,F7C90108,False,0,0,0,0,0.000000,0.000000,-1684104496,True,True
4220,303856,1684104552,2003788895,1430413166,0064504D,3812C007,False,0,0,0,0,0.000000,0.000000,-2003788839,True,True
4221,303928,786436,1684104552,1601205599,45534142,D831E3B5,False,0,0,0,0,0.000000,0.000000,-1684104496,True,True
4222,304000,1684104552,2003788895,1430413166,0064504D,E06A77A2,False,0,0,0,0,0.000000,0.000000,-2003788839,True,True
4223,304072,786436,1684104552,1601205599,504D5542,A78053B2,False,0,0,0,0,0.000000,0.000000,-1684104496,True,True
4224,304144,1684104552,2003788895,1094868846,00644553,104526F7,False,0,0,0,0,0.000000,0.000000,-2003788839,True,True
4225,304216,786436,1684104552,1601205599,504D5542,BFF5B28E,False,0,0,0,0,0.000000,0.000000,-1684104496,True,True
4226,304288,1684104552,2003788895,1430413166,0064504D,FB19D395,False,0,0,0,0,0.000000,0.000000,-2003788839,True,True
4227,304360,786436,1684104552,1601205599,45534142,8C60624E,False,0,0,0,0,0.000000,0.000000,-1684104496,True,True
4228,304432,1684104552,2003788895,1430413166,0064504D,716B37DD,False,0,0,0,0,0.000000,0.000000,-2003788839,True,True
4229,304504,917508,1684104552,2003788895,41425F6E,310D47F2,False,0,0,0,0,0.000000,0.000000,-1684104496,True,True
4230,304576,1701314572,1969185889,1430413168,0064504D,80EB8785,False,0,0,0,0,0.000000,0.000000,-1969185833,True,True
4231,304648,917508,1684104552,2003788895,41425F6E,D3C2BC0D,False,0,0,0,0,0.000000,0.000000,-1684104496,True,True
4232,304720,1701314572,1969185889,1094868848,00644553,0B729131,False,0,0,0,0,0.000000,0.000000,-1969185833,True,True
4233,304792,786436,1684104552,1601205599,504D5542,9F372125,False,0,0,0,0,0.000000,0.000000,-1684104496,True,True
4234,304864,1701314572,1969185889,1094868848,00644553,BF3556C4,False,0,0,0,0,0.000000,0.000000,-1969185833,True,True
4235,304936,917508,1684104552,2003788895,41425F6E,C2F7EFAE,False,0,0,0,0,0.000000,0.000000,-1684104496,True,True
4236,305008,1701314572,1969185889,1430413168,0064504D,A5703637,False,0,0,0,0,0.000000,0.000000,-1969185833,True,True
4237,305080,917508,1684104552,2003788895,41425F6E,267FB15F,False,0,0,0,0,0.000000,0.000000,-1684104496,True,True
4238,305152,1701314572,1969185889,1094868848,00644553,F1EB8EF7,False,0,0,0,0,0.000000,0.000000,-1969185833,True,True
4239,305224,917508,1684104552,2003788895,41425F6E,9FC9E664,False,0,0,0,0,0.000000,0.000000,-1684104496,True,True
4240,305296,1701314572,1969185889,1094868848,00644553,FE28263C,False,0,0,0,0,0.000000,0.000000,-1969185833,True,True
4241,305368,917508,1684104552,2003788895,41425F6E,53710A1E,False,0,0,0,0,0.000000,0.000000,-1684104496,True,True
4242,305440,1684104552,2003788895,1430413166,0064504D,DB612527,False,0,0,0,0,0.000000,0.000000,-2003788839,True,True
4243,305512,786436,1684104552,1601205599,45534142,5A11E82E,False,0,0,0,0,0.000000,0.000000,-1684104496,True,True
4244,305584,1701314572,1969185889,1430413168,0064504D,3C2908D5,False,0,0,0,0,0.000000,0.000000,-1969185833,True,True
4245,305656,786436,1684104552,1601205599,45534142,715EBFBC,False,0,0,0,0,0.000000,0.000000,-1684104496,True,True
4246,305728,1684104552,2003788895,1094868846,00644553,CF7B94F5,False,0,0,0,0,0.000000,0.000000,-2003788839,True,True
4247,305800,524290,1600485733,1347245378,00000064,19DC74E3,False,0,0,0,0,0.000000,0.000000,-1600485677,True,True
4248,305872,11525,64,1,6A9CA2D2,6A9CA2D2,True,11525,548808,0,0,0.911531,0.000000,-8,True,False
4249,305944,8,0,0,00000000,00000000,True,0,0,0,0,0.000000,0.000000,56,True,True
4250,306016,524290,1600485733,1163084098,00000064,C64AFC57,False,0,0,0,0,0.000000,0.000000,-1600485677,True,True
4251,306088,11550,64,1,3445FA61,3445FA61,True,11550,548808,0,0,0.911531,0.000000,-8,True,False
4252,306160,8,0,0,00000000,00000000,True,0,0,0,0,0.000000,0.000000,56,True,True
4253,306232,524290,1600485733,1163084098,00000064,EF06FDDE,False,0,0,0,0,0.000000,0.000000,-1600485677,True,True
4254,306304,11552,64,1,783C82EF,783C82EF,True,11552,548808,0,0,0.911531,0.000000,-8,True,False
4255,306376,8,0,0,00000000,00000000,True,0,0,0,0,0.000000,0.000000,56,True,True
4256,306448,524290,1600485733,1347245378,00000064,3D143BD5,False,0,0,0,0,0.000000,0.000000,-1600485677,True,True
4257,306520,11614,64,1,DAE68E4A,DAE68E4A,True,11614,548296,0,0,0.911531,0.000000,-8,True,False
4258,306592,8,0,0,00000000,00000000,True,0,0,0,0,0.000000,0.000000,56,True,True
4259,306664,524290,1600485733,1163084098,00000064,3A1D7E60,False,0,0,0,0,0.000000,0.000000,-1600485677,True,True
4260,306736,11616,64,1,BDE3A980,BDE3A980,True,11616,548296,0,0,0.911531,0.000000,-8,True,False
4261,306808,8,0,0,00000000,00000000,True,0,0,0,0,0.000000,0.000000,56,True,True
4262,306880,524290,1600485733,1163084098,00000064,54A1BBE5,False,0,0,0,0,0.000000,0.000000,-1600485677,True,True
4263,306952,11618,64,1,7B930ED1,7B930ED1,True,11618,548296,0,0,0.911531,0.000000,-8,True,False
4264,307024,8,0,0,00000000,00000000,True,0,0,0,0,0.000000,0.000000,56,True,True
4265,307096,524290,1600485733,1347245378,00000064,53085418,False,0,0,0,0,0.000000,0.000000,-1600485677,True,True
4266,307168,16101,64,1,66943712,66943712,True,16101,548296,0,0,0.911531,0.000000,-8,True,False
4267,307240,8,0,0,00000000,00000000,True,0,0,0,0,0.000000,0.000000,56,True,True
4268,307312,524290,1600485733,1163084098,00000064,49969E16,False,0,0,0,0,0.000000,0.000000,-1600485677,True,True
4269,307384,16103,64,1,356C6207,356C6207,True,16103,548296,0,0,0.911531,0.000000,-8,True,False
4270,307456,8,0,0,00000000,00000000,True,0,0,0,0,0.000000,0.000000,56,True,True
4271,307528,524290,1600485733,1163084098,00000064,22A0622B,False,0,0,0,0,0.000000,0.000000,-1600485677,True,True
4272,307600,16105,64,1,73BCB4BA,73BCB4BA,True,16105,548808,0,0,0.911531,0.000000,-8,True,False
4273,307672,8,0,0,00000000,00000000,True,0,0,0,0,0.000000,0.000000,56,True,True
4274,307744,524290,1600485733,1163084098,00000064,828425CD,False,0,0,0,0,0.000000,0.000000,-1600485677,True,True
4275,307816,16107,64,1,D7CA8D5C,D7CA8D5C,True,16107,548808,0,0,0.911531,0.000000,-8,True,False
4276,307888,8,0,0,00000000,00000000,True,0,0,0,0,0.000000,0.000000,56,True,True
4277,307960,524290,1600485733,1163084098,00000064,B8420C7B,False,0,0,0,0,0.000000,0.000000,-1600485677,True,True
4278,308032,16109,64,1,7999E256,7999E256,True,16109,548296,0,0,0.911531,0.000000,-8,True,False
4279,308104,8,0,0,00000000,00000000,True,0,0,0,0,0.000000,0.000000,56,True,True
4280,308176,524290,1600485733,1163084098,00000064,A27CD610,False,0,0,0,0,0.000000,0.000000,-1600485677,True,True
4281,308248,16111,64,1,9C9B07B5,9C9B07B5,True,16111,548296,0,0,0.911531,0.000000,-8,True,False
4282,308320,8,0,0,00000000,00000000,True,0,0,0,0,0.000000,0.000000,56,True,True
4283,308392,524290,1600485733,1163084098,00000064,31381D1D,False,0,0,0,0,0.000000,0.000000,-1600485677,True,True
4284,308464,16113,64,1,12E92786,12E92786,True,16113,548296,0,0,0.911531,0.000000,-8,True,False
4285,308536,8,0,0,00000000,00000000,True,0,0,0,0,0.000000,0.000000,56,True,True
4286,308608,524290,1600485733,1163084098,00000064,C76AA2D5,False,0,0,0,0,0.000000,0.000000,-1600485677,True,True
4287,308680,16116,64,1,7ED4A231,7ED4A231,True,16116,548808,0,0,0.911531,0.000000,-8,True,False
4288,308752,8,0,0,00000000,00000000,True,0,0,0,0,0.000000,0.000000,56,True,True
4289,308824,524290,1600485733,1347245378,00000064,3DB715DD,False,0,0,0,0,0.000000,0.000000,-1600485677,True,True
4290,308896,16118,64,1,FDD6ACF1,FDD6ACF1,True,16118,548808,0,0,0.911531,0.000000,-8,True,False
4291,308968,8,0,0,00000000,00000000,True,0,0,0,0,0.000000,0.000000,56,True,True
4292,309040,524290,1600485733,1163084098,00000064,20915C0B,False,0,0,0,0,0.000000,0.000000,-1600485677,True,True
4293,309112,16120,64,1,EDCB78DF,EDCB78DF,True,16120,548808,0,0,0.911531,0.000000,-8,True,False
4294,309184,8,0,0,00000000,00000000,True,0,0,0,0,0.000000,0.000000,56,True,True
4295,309256,589825,1701011814,1396785759,00006445,03DAE877,False,0,0,0,0,0.000000,0.000000,-1701011758,True,True
4296,309328,589825,1701011814,1396785759,00006445,BEF7A63D,False,0,0,0,0,0.000000,0.000000,-1701011758,True,True
4297,309400,589825,1701011814,1396785759,00006445,4D50CA36,False,0,0,0,0,0.000000,0.000000,-1701011758,True,True
4298,309472,589825,1701011814,1396785759,00006445,144702BF,False,0,0,0,0,0.000000,0.000000,-1701011758,True,True
4299,309544,589825,1701011814,1396785759,00006445,0C012075,False,0,0,0,0,0.000000,0.000000,-1701011758,True,True
4300,309616,589825,1701011814,1396785759,00006445,0E1B1A8C,False,0,0,0,0,0.000000,0.000000,-1701011758,True,True
4301,309688,589825,1701011814,1396785759,00006445,2FCE1EF9,False,0,0,0,0,0.000000,0.000000,-1701011758,True,True
4302,309760,589825,1701011814,1396785759,00006445,B3E6CAEE,False,0,0,0,0,0.000000,0.000000,-1701011758,True,True
4303,309832,589825,1701011814,1396785759,00006445,22D609C1,False,0,0,0,0,0.000000,0.000000,-1701011758,True,True
4304,309904,589825,1701011814,1396785759,00006445,6F784830,False,0,0,0,0,0.000000,0.000000,-1701011758,True,True
4305,309976,589825,1701011814,1396785759,00006445,87FCDF2C,False,0,0,0,0,0.000000,0.000000,-1701011758,True,True
4306,310048,589825,1701011814,1396785759,00006445,DE18EAA0,False,0,0,0,0,0.000000,0.000000,-1701011758,True,True
4307,310120,589825,1701011814,1396785759,00006445,A245FEC1,False,0,0,0,0,0.000000,0.000000,-1701011758,True,True
4308,310192,589825,1701011814,1396785759,00006445,7C25A8CA,False,0,0,0,0,0.000000,0.000000,-1701011758,True,True
4309,310264,589825,1701011814,1396785759,00006445,CB1B5E6E,False,0,0,0,0,0.000000,0.000000,-1701011758,True,True
4310,310336,589825,1701011814,1396785759,00006445,8AB6BBEA,False,0,0,0,0,0.000000,0.000000,-1701011758,True,True
4311,310408,589825,1701011814,1396785759,00006445,85A42F31,False,0,0,0,0,0.000000,0.000000,-1701011758,True,True
4312,310480,589825,1701011814,1396785759,00006445,F4120AC3,False,0,0,0,0,0.000000,0.000000,-1701011758,True,True
4313,310552,589825,1701011814,1396785759,00006445,62E234AC,False,0,0,0,0,0.000000,0.000000,-1701011758,True,True
4314,310624,589825,1701011814,1396785759,00006445,7FB4DDA0,False,0,0,0,0,0.000000,0.000000,-1701011758,True,True
4315,310696,589825,1701011814,1297433183,00006450,99D44947,False,0,0,0,0,0.000000,0.000000,-1701011758,True,True
4316,310768,589825,1701011814,1297433183,00006450,2B20F410,False,0,0,0,0,0.000000,0.000000,-1701011758,True,True
4317,310840,589825,1701011814,1297433183,00006450,F558638A,False,0,0,0,0,0.000000,0.000000,-1701011758,True,True
4318,310912,589825,1701011814,1297433183,00006450,FD523B0B,False,0,0,0,0,0.000000,0.000000,-1701011758,True,True
4319,310984,589825,1701011814,1297433183,00006450,2E236A0B,False,0,0,0,0,0.000000,0.000000,-1701011758,True,True
4320,311056,589825,1701011814,1297433183,00006450,A6CA8D78,False,0,0,0,0,0.000000,0.000000,-1701011758,True,True
4321,311128,589825,1701011814,1297433183,00006450,C7E91FB0,False,0,0,0,0,0.000000,0.000000,-1701011758,True,True
4322,311200,589825,1701011814,1297433183,00006450,B245F057,False,0,0,0,0,0.000000,0.000000,-1701011758,True,True
4323,311272,589825,1701011814,1297433183,00006450,CF331293,False,0,0,0,0,0.000000,0.000000,-1701011758,True,True
4324,311344,589825,1701011814,1297433183,00006450,844578FD,False,0,0,0,0,0.000000,0.000000,-1701011758,True,True
4325,311416,589825,1701011814,1297433183,00006450,0EB23A51,False,0,0,0,0,0.000000,0.000000,-1701011758,True,True
4326,311488,589825,1701011814,1297433183,00006450,F0027F96,False,0,0,0,0,0.000000,0.000000,-1701011758,True,True
4327,311560,589825,1701011814,1297433183,00006450,6EFD629C,False,0,0,0,0,0.000000,0.000000,-1701011758,True,True
4328,311632,589825,1701011814,1297433183,00006450,8E3C819E,False,0,0,0,0,0.000000,0.000000,-1701011758,True,True
4329,311704,589825,1701011814,1297433183,00006450,7E5B683D,False,0,0,0,0,0.000000,0.000000,-1701011758,True,True
4330,311776,589825,1701011814,1297433183,00006450,36AC1110,False,0,0,0,0,0.000000,0.000000,-1701011758,True,True
4331,311848,589825,1701011814,1297433183,00006450,9A033120,False,0,0,0,0,0.000000,0.000000,-1701011758,True,True
4332,311920,589825,1701011814,1297433183,00006450,CA438F0E,False,0,0,0,0,0.000000,0.000000,-1701011758,True,True
4333,311992,589825,1701011814,1297433183,00006450,B935A584,False,0,0,0,0,0.000000,0.000000,-1701011758,True,True
4334,312064,589825,1701011814,1297433183,00006450,EB3FCBE9,False,0,0,0,0,0.000000,0.000000,-1701011758,True,True
4335,312136,589826,1701011814,1297433183,00006450,525FAA66,False,0,0,0,0,0.000000,0.000000,-1701011758,True,True
4336,312208,11636,66,1,23AEFF60,23AEFF60,True,11636,548808,0,0,0.912514,0.000000,-10,True,False
4337,312280,550216,0,0,00000000,00000000,True,0,0,0,0,0.000000,0.000000,56,True,True
4338,312352,589826,1701011814,1297433183,00006450,BC1FDCDB,False,0,0,0,0,0.000000,0.000000,-1701011758,True,True
4339,312424,11640,66,1,5255174C,5255174C,True,11640,548296,0,0,0.867109,0.000000,-10,True,False
4340,312496,550219,0,0,00000000,00000000,True,0,0,0,0,0.000000,0.000000,56,True,True
4341,312568,589826,1701011814,1396785759,00006445,9E4EF2E2,False,0,0,0,0,0.000000,0.000000,-1701011758,True,True
4342,312640,11731,66,1,E20CA2FC,E20CA2FC,True,11731,548296,0,0,0.867109,0.000000,-10,True,False
4343,312712,550855,0,0,00000000,00000000,True,0,0,0,0,0.000000,0.000000,56,True,True
4344,312784,589826,1701011814,1396785759,00006445,6B568AAD,False,0,0,0,0,0.000000,0.000000,-1701011758,True,True
4345,312856,11733,66,1,0B4B0AAF,0B4B0AAF,True,11733,548296,0,0,0.867109,0.000000,-10,True,False
4346,312928,550861,0,0,00000000,00000000,True,0,0,0,0,0.000000,0.000000,56,True,True
4347,313000,589826,1701011814,1297433183,00006450,A47B301D,False,0,0,0,0,0.000000,0.000000,-1701011758,True,True
4348,313072,11735,66,1,113D9F29,113D9F29,True,11735,548296,0,0,0.867109,0.000000,-10,True,False
4349,313144,580095,0,0,00000000,00000000,True,0,0,0,0,0.000000,0.000000,56,True,True
4350,313216,589826,1701011814,1396785759,00006445,7A556C54,False,0,0,0,0,0.000000,0.000000,-1701011758,True,True
4351,313288,11737,66,1,B19DD4E4,B19DD4E4,True,11737,548296,0,0,0.867109,0.000000,-10,True,False
4352,313360,580097,0,0,00000000,00000000,True,0,0,0,0,0.000000,0.000000,56,True,True
4353,313432,589826,1701011814,1396785759,00006445,9F20F2E2,False,0,0,0,0,0.000000,0.000000,-1701011758,True,True
4354,313504,11741,66,1,438C7EDA,438C7EDA,True,11741,548808,0,0,0.912513,0.000000,-10,True,False
4355,313576,550866,0,0,00000000,00000000,True,0,0,0,0,0.000000,0.000000,56,True,True
4356,313648,589826,1701011814,1297433183,00006450,210BD40C,False,0,0,0,0,0.000000,0.000000,-1701011758,True,True
4357,313720,11743,66,1,78493FCF,78493FCF,True,11743,548808,0,0,0.912513,0.000000,-10,True,False
4358,313792,550868,0,0,00000000,00000000,True,0,0,0,0,0.000000,0.000000,56,True,True
4359,313864,589826,1701011814,1297433183,00006450,4F82CA1D,False,0,0,0,0,0.000000,0.000000,-1701011758,True,True
4360,313936,11745,66,1,6EC2F9C9,6EC2F9C9,True,11745,548808,0,0,0.912513,0.000000,-10,True,False
4361,314008,550870,0,0,00000000,00000000,True,0,0,0,0,0.000000,0.000000,56,True,True
4362,314080,589826,1701011814,1297433183,00006450,8D361C89,False,0,0,0,0,0.000000,0.000000,-1701011758,True,True
4363,314152,11747,66,1,25D7210C,25D7210C,True,11747,548808,0,0,0.912513,0.000000,-10,True,False
4364,314224,550872,0,0,00000000,00000000,True,0,0,0,0,0.000000,0.000000,56,True,True
4365,314296,589826,1701011814,1396785759,00006445,45A9FC09,False,0,0,0,0,0.000000,0.000000,-1701011758,True,True
4366,314368,15418,66,1,BB5C3473,BB5C3473,True,15418,548296,0,0,0.867109,0.000000,-10,True,False
4367,314440,580443,0,0,00000000,00000000,True,0,0,0,0,0.000000,0.000000,56,True,True
4368,314512,589826,1701011814,1396785759,00006445,06E719A3,False,0,0,0,0,0.000000,0.000000,-1701011758,True,True
4369,314584,15420,66,1,E2E63745,E2E63745,True,15420,548296,0,0,0.867109,0.000000,-10,True,False
4370,314656,580440,0,0,00000000,00000000,True,0,0,0,0,0.000000,0.000000,56,True,True
4371,314728,589826,1701011814,1297433183,00006450,3A083D1F,False,0,0,0,0,0.000000,0.000000,-1701011758,True,True
4372,314800,15422,66,1,6A845EEB,6A845EEB,True,15422,548808,0,0,0.912513,0.000000,-10,True,False
4373,314872,580491,0,0,00000000,00000000,True,0,0,0,0,0.000000,0.000000,56,True,True
4374,314944,589826,1701011814,1297433183,00006450,D097C91E,False,0,0,0,0,0.000000,0.000000,-1701011758,True,True
4375,315016,15424,66,1,EF084DDF,EF084DDF,True,15424,548808,0,0,0.912513,0.000000,-10,True,False
4376,315088,580493,0,0,00000000,00000000,True,0,0,0,0,0.000000,0.000000,56,True,True
4377,315160,589826,1701011814,1297433183,00006450,E1B13383,False,0,0,0,0,0.000000,0.000000,-1701011758,True,True
4378,315232,15426,66,1,E94F1745,E94F1745,True,15426,548808,0,0,0.912513,0.000000,-10,True,False
4379,315304,580495,0,0,00000000,00000000,True,0,0,0,0,0.000000,0.000000,56,True,True
4380,315376,0,0,0,00000000,00000000,True,0,0,0,0,0.000000,0.000000,56,True,True
4381,315448,0,0,0,00000000,00000000,True,0,0,0,0,0.000000,0.000000,56,True,True
4382,315520,524304,1600611692,1163084098,00000064,2AD1249A,False,0,0,0,0,0.000000,0.000000,-1600611636,True,True
4383,315592,141264896,1744832768,1600417377,45534142,E857F5A2,False,0,0,0,0,0.000000,0.000000,-1744832712,True,True
4384,315664,1297433183,25680,141268480,74000A00,9F47F500,False,1869836911,1297433183,25680,141269504,162323649711256203165872764747776.000000,4544511734139580198771576799232.000000,-25624,True,False
4385,315736,150997099,1851877376,1430413156,0064504D,D363E1B8,False,0,0,0,0,0.000000,0.000000,-1851877320,True,True
4386,315808,1396785759,25669,141263872,66000900,15A2D97B,False,1600480097,1347245378,100,551814,-0.000000,-0.000000,-25613,True,False
4387,315880,0,0,0,00000000,00000000,True,0,0,0,0,0.000000,0.000000,56,True,True
4388,315952,524304,1600611692,1163084098,00000064,75A498AD,False,0,0,0,0,0.000000,0.000000,-1600611636,True,True
4389,316024,141264896,1744832768,1600417377,45534142,E8FDE313,False,0,0,0,0,0.000000,0.000000,-1744832712,True,True
4390,316096,1297433183,25680,141268480,74000A00,20AEC485,False,1869836911,1297433183,25680,141269504,162323649711256203165872764747776.000000,4544511734139580198771576799232.000000,-25624,True,False
4391,316168,150997099,1851877376,1430413156,0064504D,CC4431C7,False,0,0,0,0,0.000000,0.000000,-1851877320,True,True
4392,316240,1396785759,25669,141263872,66000900,F45D1E35,False,1600480097,1347245378,100,551814,-0.000000,-0.000000,-25613,True,False
4393,316312,0,0,0,00000000,00000000,True,0,0,0,0,0.000000,0.000000,56,True,True
4394,316384,786448,1701998438,1601008225,504D5542,197F5956,False,0,0,0,0,0.000000,0.000000,-1701998382,True,True
4395,316456,100,551828,1634205705,425F646E,0F506A53,False,0,0,0,0,0.000000,0.000000,-551772,True,True
4396,316528,1297433183,25680,141269504,75000D00,63D9D3BA,False,1919250544,1601008225,1347245378,100,0.000000,71181608927307160242442207232.000000,-25624,True,False
4397,316600,551830,1869873162,1601139570,45534142,BF2DCF54,False,0,0,0,0,0.000000,0.000000,-1869873106,True,True
4398,316672,1396785759,25669,141263872,66000900,31E6E4B4,False,1600480097,1347245378,100,551814,-0.005554,-0.005562,-25613,True,False
4399,316744,0,0,0,00000000,00000000,True,0,0,0,0,0.000000,0.000000,56,True,True
4400,316816,589840,1701011814,1396785759,00006445,884CCF1D,False,0,0,0,0,0.000000,0.000000,-1701011758,True,True
4401,316888,141262848,1711278336,1601466223,504D5542,7C1EEB15,False,0,0,0,0,0.000000,0.000000,-1711278280,True,True
4402,316960,1396785759,25669,141270016,74000A00,58B43051,False,1869836911,1396785759,25669,141268992,619121135370141966096400384.000000,55.850971,-25613,True,False
4403,317032,1886418176,1918988901,1430413165,0064504D,D0FE5EF1,False,0,0,0,0,0.000000,0.000000,-1918988845,True,True
4404,317104,6574157,1804468224,786440,65726F66,B8B1DB92,False,0,0,0,0,0.000000,0.000000,-1804468168,True,True
4405,317176,0,0,0,00000000,00000000,True,0,0,0,0,0.000000,0.000000,56,True,True
4406,317248,589840,1701011814,1396785759,00006445,992CD67D,False,0,0,0,0,0.000000,0.000000,-1701011758,True,True
4407,317320,1430413165,6574157,1805516800,00090008,D36F5D25,False,0,0,0,0,0.000000,0.000000,-6574101,True,True
4408,317392,655368,1936879476,1094868847,00644553,79B64BDA,False,0,0,0,0,0.000000,0.000000,-1936879420,True,True
4409,317464,1804075008,589832,1953460070,4D55425F,35DBFBCF,False,0,0,0,0,0.000000,0.000000,-589776,True,True
4410,317536,6574157,1805254656,786440,65726F66,4E513805,False,0,0,0,0,0.000000,0.000000,-1805254600,True,True
4411,317608,0,0,0,00000000,00000000,True,0,0,0,0,0.000000,0.000000,56,True,True
4412,317680,589840,1701011814,1396785759,00006445,1E4DFF93,False,0,0,0,0,0.000000,0.000000,-1701011758,True,True
4413,317752,25680,141270528,1660946688,5F666C61,313F60BF,False,0,0,0,0,0.000000,0.000000,-141270472,True,True
4414,317824,1634038383,1113550194,1682264897,8C000000,4FD16AF1,False,0,0,0,0,0.000000,0.000000,-1113550138,True,True
4415,317896,551816,1634205705,1113547886,64455341,4C2CC4D1,False,0,0,0,0,0.000000,0.000000,-1634205649,True,True
4416,317968,1347245378,100,551830,6F74000A,B448E5C5,False,1601139570,1347245378,100,551834,3260608604117401600.000000,443016000.000000,-44,True,False
4417,318040,0,0,0,00000000,00000000,True,0,0,0,0,0.000000,0.000000,56,True,True
4418,318112,589840,1701011814,1396785759,00006445,0D713405,False,0,0,0,0,0.000000,0.000000,-1701011758,True,True
4419,318184,141262848,1711278336,1601466223,504D5542,1F651503,False,0,0,0,0,0.000000,0.000000,-1711278280,True,True
4420,318256,1094868847,6571347,1805123584,00080008,85DE338A,False,0,0,0,0,0.000000,0.000000,-6571291,True,True
4421,318328,150997099,1818321664,1430413158,0064504D,63EEDDFB,False,0,0,0,0,0.000000,0.000000,-1818321608,True,True
4422,318400,1396785759,25669,141265920,66000900,EAE50B08,False,1600480097,1347245378,100,551814,0.000000,0.000000,-25613,True,False
4423,318472,0,0,0,00000000,00000000,True,0,0,0,0,0.000000,0.000000,56,True,True
4424,318544,589840,1701011814,1396785759,00006445,0341F534,False,0,0,0,0,0.000000,0.000000,-1701011758,True,True
4425,318616,1804206080,589832,1684955496,5341425F,E6B05929,False,0,0,0,0,0.000000,0.000000,-589776,True,True
4426,318688,1430413159,6574157,1804992512,000A0008,D314763D,False,0,0,0,0,0.000000,0.000000,-6574101,True,True
4427,318760,551810,1634205705,1113547886,64504D55,9D9A7CE7,False,0,0,0,0,0.000000,0.000000,-1634205649,True,True
4428,318832,1396785759,25669,141267968,63000900,68D739AD,False,1600547937,1163084098,100,551808,-31943837696.000000,-31976226816.000000,-25613,True,False
4429,318904,0,0,0,00000000,00000000,True,0,0,0,0,0.000000,0.000000,56,True,True
4430,318976,786450,1935764583,1601398131,45534142,44265839,False,0,0,0,0,0.000000,0.000000,-1935764527,True,True
4431,319048,1297433183,25680,143212032,75000D00,578450C1,False,1919250544,1601008225,1347245378,100,0.000000,75514389620073025465298714624.000000,-25624,True,False
4432,319120,589832,1684955496,1396785759,00006445,2C46D1BA,False,0,0,0,0,0.000000,0.000000,-1684955440,True,True
4433,319192,25680,143215104,1711278336,5F746F6F,0AB4A1EB,False,0,0,0,0,0.000000,0.000000,-143215048,True,True
4434,319264,1886715917,1634887024,1113550194,64455341,B45E46AC,False,0,0,0,0,0.000000,0.000000,-1634886968,True,True
4435,319336,6571347,2303459328,589832,00000000,06182509,False,0,0,0,0,0.000000,0.000000,-2303459272,True,True
4436,319408,14554,388,1,ADF8A3D5,ADF8A3D5,True,14554,564427,0,0,0.935584,0.000000,-332,True,False
4437,319480,3724541952,201328796,1919903232,6D726165,95D3FEBD,False,0,0,0,0,0.000000,0.000000,-201328740,True,True
4438,319552,1734700032,1297433183,25680,089CE200,F46C9048,False,0,0,0,0,0.000000,0.000000,-1297433127,True,True
4439,319624,564448,1868955657,1113551983,64504D55,0631C586,False,0,0,0,0,0.000000,0.000000,-1868955601,True,True
4440,319696,25669,144494592,1962937600,72657070,5F866AE3,False,0,0,0,0,0.000000,0.000000,-144494536,True,True
4441,319768,589832,0,0,00000000,00000000,True,0,0,0,0,0.000000,0.000000,56,True,True
4442,319840,14555,432,1,4ABB42B5,4ABB42B5,True,14555,559452,0,0,0.929249,0.000000,-376,True,False
4443,319912,6574157,3291086848,524296,5F67656C,D09948AE,False,0,0,0,0,0.000000,0.000000,-3291086792,True,True
4444,319984,1600414053,1113550965,1682984277,4E000000,7198E539,False,0,0,0,0,0.000000,0.000000,-1113550909,True,True
4445,320056,1347245378,100,559450,6F660009,B1798D49,False,1113551983,1682264897,1073741824,201328777,4741774577977738470466732949504.000000,4688319696267680968469381120.000000,-44,True,False
4446,320128,1818321664,1094868838,6571347,893C0000,9CB34C36,False,0,0,0,0,0.000000,0.000000,-1094868782,True,True
4447,320200,1107296256,167774345,1919906816,425F6F73,A443BBE7,False,0,0,0,0,0.000000,0.000000,-167774289,True,True
4448,320272,1029759211,1048872084,1055714538,00000000,7E1C6BB8,False,0,0,0,0,0.000000,0.000000,-1048872028,True,True
4449,320344,786450,1935764583,1601398131,504D5542,F429BDAD,False,0,0,0,0,0.000000,0.000000,-1935764527,True,True
4450,320416,1601008225,1163084098,100,00088958,D0EC4086,False,0,0,0,0,0.000000,0.000000,-1163084042,True,True
4451,320488,1275068416,150997129,1851877376,41425F64,288142FE,False,0,0,0,0,0.000000,0.000000,-150997073,True,True
4452,320560,6571347,2302672896,786440,64616568,2632A8E3,False,0,0,0,0,0.000000,0.000000,-2302672840,True,True
4453,320632,1953460070,1297433183,25680,08894200,91A9E535,False,0,0,0,0,0.000000,0.000000,-1297433127,True,True
4454,320704,6571347,3290955776,589832,3DA0902E,AF7ADB23,False,0,0,0,0,0.000000,0.000000,-3290955720,True,True
4455,320776,14557,432,1,5D874497,5D874497,True,14557,559452,0,0,0.929249,0.000000,-376,True,False
4456,320848,6574157,3291086848,589832,746F6F66,A8A9B41D,False,0,0,0,0,0.000000,0.000000,-3291086792,True,True
4457,320920,1886740324,1396785759,25669,08E53100,A0D62109,False,0,0,0,0,0.000000,0.000000,-1396785703,True,True
4458,320992,6574157,2304114688,524296,5F67656C,4AA7B9BE,False,0,0,0,0,0.000000,0.000000,-2304114632,True,True
4459,321064,1953460070,1297433183,25680,08894200,69E20875,False,0,0,0,0,0.000000,0.000000,-1297433127,True,True
4460,321136,1962937600,1919250544,1601008225,45534142,9C283272,False,0,0,0,0,0.000000,0.000000,-1919250488,True,True
4461,321208,1064037362,1064037362,1064037362,00000000,B77FC9B7,False,0,0,0,0,0.000000,0.000000,-1064037306,True,True
4462,321280,786450,1935764583,1601398131,45534142,82721E39,False,0,0,0,0,0.000000,0.000000,-1935764527,True,True
4463,321352,6571347,2303983616,786440,65726F66,5976AA09,False,0,0,0,0,0.000000,0.000000,-2303983560,True,True
4464,321424,1600547937,1163084098,100,0008893C,08634E37,False,0,0,0,0,0.000000,0.000000,-1163084042,True,True
4465,321496,100,559434,1701314572,755F6461,66ADB9D4,False,0,0,0,0,0.000000,0.000000,-559378,True,True
4466,321568,1701576712,1094868839,6571347,89500000,C730DA03,False,0,0,0,0,0.000000,0.000000,-1094868783,True,True
4467,321640,6574157,3291086848,589832,3F6BEBF2,B0968307,False,0,0,0,0,0.000000,0.000000,-3291086792,True,True
4468,321712,14559,432,1,15569611,15569611,True,14559,559452,0,0,0.929249,0.000000,-376,True,False
4469,321784,6574157,2303066112,589832,646E6168,38821711,False,0,0,0,0,0.000000,0.000000,-2303066056,True,True
4470,321856,1836212594,1297433183,25680,08895A00,EB833A8E,False,0,0,0,0,0.000000,0.000000,-1297433127,True,True
4471,321928,559440,1633878025,1113548396,64455341,815C6DBE,False,0,0,0,0,0.000000,0.000000,-1633877969,True,True
4472,322000,1113550194,1682264897,1476395008,0A000889,0E898B8F,False,0,0,0,0,0.000000,0.000000,-1682264841,True,True
4473,322072,786440,1701998438,1601008225,45534142,241DDD60,False,0,0,0,0,0.000000,0.000000,-1701998382,True,True
4474,322144,1056997508,1056997508,1056997508,00000000,C1200A46,False,0,0,0,0,0.000000,0.000000,-1056997452,True,True
4475,322216,786450,1935764583,1601398131,504D5542,873EB974,False,0,0,0,0,0.000000,0.000000,-1935764527,True,True
4476,322288,1113550965,1682984277,1308622848,0A000889,E839F1C6,False,0,0,0,0,0.000000,0.000000,-1682984221,True,True
4477,322360,559436,1886715917,1634887024,425F6D72,19D54827,False,0,0,0,0,0.000000,0.000000,-1886715861,True,True
4478,322432,1163084098,100,559440,6F660009,A963BC38,False,1113551983,1682264897,1073741824,134219913,1083414172937109385510912.000000,223618544.000000,-44,True,False
4479,322504,1868955660,1918985586,1430413165,0064504D,C8F9B5EE,False,0,0,0,0,0.000000,0.000000,-1918985530,True,True
4480,322576,6571347,2302935040,589832,3F48C8CD,71E5B4BB,False,0,0,0,0,0.000000,0.000000,-2302934984,True,True
4481,322648,14561,432,1,CC8979F0,CC8979F0,True,14561,559452,0,0,0.929249,0.000000,-376,True,False
4482,322720,6574157,3291086848,655368,73726F74,17278F3D,False,0,0,0,0,0.000000,0.000000,-3291086792,True,True
4483,322792,1600414053,1113550965,1682984277,4E000000,831ADCB6,False,0,0,0,0,0.000000,0.000000,-1113550909,True,True
4484,322864,1241513984,218105993,1886418176,72617265,F0A5E7CC,False,0,0,0,0,0.000000,0.000000,-218105937,True,True
4485,322936,1886418176,1918988901,1094868845,00644553,5A1AFF5F,False,0,0,0,0,0.000000,0.000000,-1918988845,True,True
4486,323008,25669,143212544,1660946688,5F666C61,F7D85AEB,False,0,0,0,0,0.000000,0.000000,-143212488,True,True
4487,323080,1062392524,1062392524,1052030127,00000000,F066B4A4,False,0,0,0,0,0.000000,0.000000,-1062392468,True,True
4488,323152,786450,1935764583,1601398131,504D5542,7A3E85DF,False,0,0,0,0,0.000000,0.000000,-1935764527,True,True
4489,323224,1163084098,100,559424,61630009,D1BA011B,False,1113548396,1682984277,1040187392,167774345,4742857775512113178207269683200.000000,55.858837,-44,True,False
4490,323296,1811941376,1113548645,1682264897,50000000,06332104,False,0,0,0,0,0.000000,0.000000,-1113548589,True,True
4491,323368,25669,143217664,1962937600,72657070,E419704A,False,0,0,0,0,0.000000,0.000000,-143217608,True,True
4492,323440,1811941376,1113548645,1682984277,52000000,75C934A2,False,0,0,0,0,0.000000,0.000000,-1113548589,True,True
4493,323512,6571347,3290955776,589832,3F40C0BE,938919E5,False,0,0,0,0,0.000000,0.000000,-3290955720,True,True
4494,323584,14563,432,1,AA32B06B,AA32B06B,True,14563,559452,0,0,0.929249,0.000000,-376,True,False
4495,323656,6574157,3291086848,851976,65707075,3DE7D6F1,False,0,0,0,0,0.000000,0.000000,-3291086792,True,True
4496,323728,201328777,1919903232,1836212581,4D55425F,79E97462,False,0,0,0,0,0.000000,0.000000,-1919903176,True,True
4497,323800,25680,143212032,1744833536,5F646165,DFF51429,False,0,0,0,0,0.000000,0.000000,-143211976,True,True
4498,323872,1936879476,1094868847,6571347,89540000,7DCBF76B,False,0,0,0,0,0.000000,0.000000,-1094868791,True,True
4499,323944,25669,143213568,1744832768,5F646E61,F3A49685,False,0,0,0,0,0.000000,0.000000,-143213512,True,True
4500,324016,1054661868,1025548452,1054661868,00000000,A0236856,False,0,0,0,0,0.000000,0.000000,-1025548396,True,True
4501,324088,786450,1935764583,1601398131,504D5542,35FD0F5F,False,0,0,0,0,0.000000,0.000000,-1935764527,True,True
4502,324160,1634887024,1113550194,1682264897,58000000,173A4A20,False,0,0,0,0,0.000000,0.000000,-1113550138,True,True
4503,324232,100,559422,1701576712,55425F67,0C7923A5,False,0,0,0,0,0.000000,0.000000,-559366,True,True
4504,324304,1113547886,1682264897,1207959552,0C000889,E0849709,False,0,0,0,0,0.000000,0.000000,-1682264841,True,True
4505,324376,150997129,1869571584,1430413172,0064504D,CE03455A,False,0,0,0,0,0.000000,0.000000,-1869571528,True,True
4506,324448,6571347,2303721472,589832,3E149492,150F5F28,False,0,0,0,0,0.000000,0.000000,-2303721416,True,True
4507,324520,14565,432,1,1CA06BEB,1CA06BEB,True,14565,559452,0,0,0.929249,0.000000,-376,True,False
4508,324592,6574157,2303590400,589832,666C6163,2FE4A5F8,False,0,0,0,0,0.000000,0.000000,-2303590344,True,True
4509,324664,1634887024,1113550194,1682984277,5A000000,DBA4B15C,False,0,0,0,0,0.000000,0.000000,-1113550138,True,True
4510,324736,100,559420,1701576712,41425F67,1E7B8185,False,0,0,0,0,0.000000,0.000000,-559364,True,True
4511,324808,1113550707,1682984277,1442840576,0C000889,A0519E60,False,0,0,0,0,0.000000,0.000000,-1682984221,True,True
4512,324880,786440,1935764583,1601398131,504D5542,2E767CE0,False,0,0,0,0,0.000000,0.000000,-1935764527,True,True
4513,324952,1063943930,1058961097,0,00000000,644870A7,False,0,0,0,0,0.000000,0.000000,-1058961041,True,True
4514,325024,786450,1935764583,1601398131,45534142,F36C61FA,False,0,0,0,0,0.000000,0.000000,-1935764527,True,True
4515,325096,1601466223,1163084098,100,00088940,73D27884,False,0,0,0,0,0.000000,0.000000,-1163084042,True,True
4516,325168,1342177280,150997129,1851877376,41425F64,36714825,False,0,0,0,0,0.000000,0.000000,-150997073,True,True
4517,325240,1113550965,1682264897,1275068416,09000889,71966E9B,False,0,0,0,0,0.000000,0.000000,-1682264841,True,True
4518,325312,1869873162,1601139570,1163084098,00000064,0764AD67,False,0,0,0,0,0.000000,0.000000,-1601139514,True,True
4519,325384,6574157,2303590400,589832,3F66E6EB,9425DED3,False,0,0,0,0,0.000000,0.000000,-2303590344,True,True
4520,325456,14567,388,1,71DEA42D,71DEA42D,True,14567,564427,0,0,0.935584,0.000000,-332,True,False
4521,325528,144493568,1711279104,1634038383,425F6D72,33BCEB8B,False,0,0,0,0,0.000000,0.000000,-1711279048,True,True
4522,325600,1634887024,1113550194,1682264897,E8000000,A9EBC82F,False,0,0,0,0,0.000000,0.000000,-1113550138,True,True
4523,325672,2631925760,589832,1718378851,4D55425F,0E7E9ADE,False,0,0,0,0,0.000000,0.000000,-589776,True,True
4524,325744,1430413167,6574157,2632318976,000C0008,AE3B0E68,False,0,0,0,0,0.000000,0.000000,-6574101,True,True
4525,325816,589832,1030811881,1032358029,3D30B0BD,97E1E6F9,False,0,0,0,0,0.000000,0.000000,-1030811825,True,True
4526,325888,14819,388,1,7433EF9A,7433EF9A,True,14819,567279,0,0,0.967286,0.000000,-332,True,False
4527,325960,201326592,201328808,1634035712,70755F64,F2D3B220,False,0,0,0,0,0.000000,0.000000,-201328752,True,True
4528,326032,1718378851,1297433183,25680,08A7F200,818A3A18,False,0,0,0,0,0.000000,0.000000,-1297433127,True,True
4529,326104,145227264,1946159616,1869836911,5341425F,98EE5225,False,0,0,0,0,0.000000,0.000000,-1946159560,True,True
4530,326176,1953460070,1396785759,25669,08A7F400,E4BD6BDB,False,0,0,0,0,0.000000,0.000000,-1396785703,True,True
4531,326248,589832,0,0,00000000,00000000,True,0,0,0,0,0.000000,0.000000,56,True,True
4532,326320,14925,72,1,42DD619E,42DD619E,True,14925,567250,0,0,0.190784,0.000000,-16,True,False
4533,326392,6574157,3669753856,8,00000000,3228A1FD,False,0,0,0,0,0.000000,0.000000,-3669753800,True,True
4534,326464,786434,1684104552,1601205599,504D5542,21A1F13E,False,0,0,0,0,0.000000,0.000000,-1684104496,True,True
4535,326536,14931,432,1,AD177D55,AD177D55,True,14931,568182,0,0,0.930474,0.000000,-376,True,False
4536,326608,6574157,2878144512,851976,65707075,9ED54A5A,False,0,0,0,0,0.000000,0.000000,-2878144456,True,True
4537,326680,1811941376,1113548645,1682264897,8F000000,4D30ED19,False,0,0,0,0,0.000000,0.000000,-1113548589,True,True
4538,326752,568183,1701576712,1430413159,0064504D,49E575AC,False,0,0,0,0,0.000000,0.000000,-1701576656,True,True
4539,326824,1297433183,25680,145457408,67000C00,D19EF242,False,1936941420,1113551717,1682264897,2197815296,0.000000,272553345848835047424.000000,-25624,True,False
4540,326896,100,568217,1868955657,425F746F,51D780CA,False,0,0,0,0,0.000000,0.000000,-568161,True,True
4541,326968,1055511466,1046858617,1049698899,00000000,08E0CB29,False,0,0,0,0,0.000000,0.000000,-1046858561,True,True
4542,327040,786448,1684104552,1601205599,504D5542,95DB1812,False,0,0,0,0,0.000000,0.000000,-1684104496,True,True
4543,327112,6571347,2903638016,524296,5F67656C,E7E925D2,False,0,0,0,0,0.000000,0.000000,-2903637960,True,True
4544,327184,1886418176,1918988901,1094868845,00644553,FA8E426C,False,0,0,0,0,0.000000,0.000000,-1918988845,True,True
4545,327256,6571347,2903900160,589832,646E6168,3E385613,False,0,0,0,0,0.000000,0.000000,-2903900104,True,True
4546,327328,1601466223,1347245378,100,0008AD18,5856FEA8,False,0,0,0,0,0.000000,0.000000,-1347245322,True,True
4547,327400,1053340729,0,0,00000000,00000000,True,0,0,0,0,0.000000,0.000000,56,True,True
4548,327472,524304,1600611692,1163084098,00000064,DC13185F,False,0,0,0,0,0.000000,0.000000,-1600611636,True,True
4549,327544,1163084098,100,567296,61630009,A7FA8ED5,False,1113548396,1682984277,4060086272,150997159,1089903294780382636740182016.000000,12.148291,-44,True,False
4550,327616,1634205705,1113547886,1682984277,FE000000,EC1F8F21,False,0,0,0,0,0.000000,0.000000,-1113547830,True,True
4551,327688,1347245378,100,567310,6F660009,0461F3A8,False,1113551983,1682264897,4093640704,134219943,1083414172937109385510912.000000,223618544.000000,-44,True,False
4552,327760,1600417377,1163084098,100,0008A7FC,9C58A4C7,False,0,0,0,0,0.000000,0.000000,-1163084042,True,True
4553,327832,0,0,0,00000000,00000000,True,0,0,0,0,0.000000,0.000000,56,True,True
4554,327904,786448,1701998438,1601008225,504D5542,93415C0A,False,0,0,0,0,0.000000,0.000000,-1701998382,True,True
4555,327976,1297433183,25680,145231360,74000A00,8F4574B7,False,1869836911,1396785759,25669,145229824,619121135370141966096400384.000000,55.850971,-25624,True,False
4556,328048,1684104552,1601205599,1347245378,00000064,04BED34D,False,0,0,0,0,0.000000,0.000000,-1601205543,True,True
4557,328120,1682264897,0,150997160,6F6F6600,00000000,False,0,0,0,0,0.000000,0.000000,56,True,True
4558,328192,1634038383,1113550194,1682264897,F8000000,F564A9FE,False,0,0,0,0,0.000000,0.000000,-1113550138,True,True
4559,328264,0,0,0,00000000,00000000,True,0,0,0,0,0.000000,0.000000,56,True,True
4560,328336,786450,1684104552,1601205599,45534142,F91B2784,False,0,0,0,0,0.000000,0.000000,-1684104496,True,True
4561,328408,1113547886,1682984277,2298478592,080008AB,267E3595,False,0,0,0,0,0.000000,0.000000,-1682984221,True,True
4562,328480,1634494208,1936028531,1396785759,00006445,737B9645,False,0,0,0,0,0.000000,0.000000,-1936028475,True,True
4563,328552,25669,145463040,1946159616,6F73726F,E71E2FFA,False,0,0,0,0,0.000000,0.000000,-145462984,True,True
4564,328624,1868955657,1113551983,1682264897,7B000000,77BF7155,False,0,0,0,0,0.000000,0.000000,-1113551927,True,True
4565,328696,6574157,2877095936,589832,3D01020E,FD0B5909,False,0,0,0,0,0.000000,0.000000,-2877095880,True,True
4566,328768,14962,432,1,1B219F7E,1B219F7E,True,14962,568182,0,0,0.930474,0.000000,-376,True,False
4567,328840,100,568185,1701314572,755F6461,17B61A09,False,0,0,0,0,0.000000,0.000000,-568129,True,True
4568,328912,1634205705,1113547886,1682984277,89000000,1BB8707B,False,0,0,0,0,0.000000,0.000000,-1113547830,True,True
4569,328984,1682984277,2566914048,150997163,6C616300,6716F515,False,0,0,0,0,0.000000,0.000000,-2566913992,True,True
4570,329056,1113548645,1682264897,2399141888,0C0008AB,B93DB3D6,False,0,0,0,0,0.000000,0.000000,-1682264841,True,True
4571,329128,2877489152,524296,1600611692,504D5542,E9B4AF99,False,0,0,0,0,0.000000,0.000000,-524240,True,True
4572,329200,1059276424,1058946165,1048774172,00000000,1CA538E4,False,0,0,0,0,0.000000,0.000000,-1058946109,True,True
4573,329272,786450,1701998438,1601008225,45534142,C4C769E7,False,0,0,0,0,0.000000,0.000000,-1701998382,True,True
4574,329344,100,573811,1818689548,65737361,BC00B080,False,0,0,0,0,0.000000,0.000000,-573755,True,True
4575,329416,1601139570,1347245378,100,0008C187,4C2D6CD9,False,0,0,0,0,0.000000,0.000000,-1347245322,True,True
4576,329488,146898176,1728056320,1936941420,425F7365,7CA684C3,False,0,0,0,0,0.000000,0.000000,-1728056264,True,True
4577,329560,1969185889,1430413168,6574157,C17F0000,4326CE99,False,0,0,0,0,0.000000,0.000000,-1430413112,True,True
4578,329632,6574157,3247112192,589832,3E008073,931AE5D6,False,0,0,0,0,0.000000,0.000000,-3247112136,True,True
4579,329704,14989,432,1,45D9DD6B,45D9DD6B,True,14989,573804,0,0,0.944497,0.000000,-376,True,False
4580,329776,25680,146901760,1744833536,5F646165,B47DCD7F,False,0,0,0,0,0.000000,0.000000,-146901704,True,True
4581,329848,1869571584,1094868852,6571347,C1710000,D96928C0,False,0,0,0,0,0.000000,0.000000,-1094868796,True,True
4582,329920,573807,1634205705,1113547886,64455341,E6E226EC,False,0,0,0,0,0.000000,0.000000,-1634205649,True,True
4583,329992,6571347,3261661184,851976,65707075,FB888F03,False,0,0,0,0,0.000000,0.000000,-3261661128,True,True
4584,330064,786440,1701998438,1601008225,504D5542,FF2CB244,False,0,0,0,0,0.000000,0.000000,-1701998382,True,True
4585,330136,1026564293,1026564293,1026564293,00000000,DDB5E7BE,False,0,0,0,0,0.000000,0.000000,-1026564237,True,True
4586,330208,589842,1953460070,1297433183,00006450,450D6C94,False,0,0,0,0,0.000000,0.000000,-1953460014,True,True
4587,330280,2231369728,201328833,1634494208,73657373,045B737D,False,0,0,0,0,0.000000,0.000000,-201328777,True,True
4588,330352,1919903232,1836212581,1297433183,00006450,839ABA73,False,0,0,0,0,0.000000,0.000000,-1836212525,True,True
4589,330424,1601398131,1347245378,100,0008C1D0,8595B82D,False,0,0,0,0,0.000000,0.000000,-1347245322,True,True
4590,330496,3246456832,589832,1684955496,5341425F,B2FB85DA,False,0,0,0,0,0.000000,0.000000,-589776,True,True
4591,330568,6574157,3246850048,589832,3D1FBE77,A45F16C2,False,0,0,0,0,0.000000,0.000000,-3246849992,True,True
4592,330640,14991,432,1,9E6A8D7A,9E6A8D7A,True,14991,573804,0,0,0.944497,0.000000,-376,True,False
4593,330712,3246587904,589832,1953460070,5341425F,9791991A,False,0,0,0,0,0.000000,0.000000,-589776,True,True
4594,330784,1297433183,25680,146897664,68000900,ACB4D31B,False,1600417377,1163084098,100,573817,75514389620073025465298714624.000000,17254259941712068608.000000,-25624,True,False
4595,330856,1633878025,1113548396,1682984277,6F000000,EE547722,False,0,0,0,0,0.000000,0.000000,-1113548340,True,True
4596,330928,1094868845,6571347,3246981120,00080008,FC974B1D,False,0,0,0,0,0.000000,0.000000,-6571291,True,True
4597,331000,573815,1633878025,1113548396,64455341,53C2326E,False,0,0,0,0,0.000000,0.000000,-1633877969,True,True
4598,331072,1054586740,0,0,00000000,00000000,True,0,0,0,0,0.000000,0.000000,56,True,True
4599,331144,786450,1701998438,1601008225,45534142,08BA16E2,False,0,0,0,0,0.000000,0.000000,-1701998382,True,True
4600,331216,100,573811,1818689548,65737361,96CF361D,False,0,0,0,0,0.000000,0.000000,-573755,True,True
4601,331288,1601139570,1347245378,100,0008C187,565E5AB0,False,0,0,0,0,0.000000,0.000000,-1347245322,True,True
4602,331360,146898176,1728056320,1936941420,425F7365,F647CE3E,False,0,0,0,0,0.000000,0.000000,-1728056264,True,True
4603,331432,1969185889,1430413168,6574157,C17F0000,A581A9F3,False,0,0,0,0,0.000000,0.000000,-1430413112,True,True
4604,331504,6574157,3247112192,589832,3E8C49BA,4ADE4408,False,0,0,0,0,0.000000,0.000000,-3247112136,True,True
4605,331576,14993,432,1,DFC2D052,DFC2D052,True,14993,573804,0,0,0.944497,0.000000,-376,True,False
4606,331648,3246587904,589832,1953460070,5341425F,B0CEEEA6,False,0,0,0,0,0.000000,0.000000,-589776,True,True
4607,331720,1297433183,25680,146897664,68000900,B52DB2C6,False,1600417377,1163084098,100,573817,75514389620073025465298714624.000000,17254259941712068608.000000,-25624,True,False
4608,331792,1633878025,1113548396,1682984277,6F000000,59C3BC21,False,0,0,0,0,0.000000,0.000000,-1113548340,True,True
4609,331864,1094868845,6571347,3246981120,00080008,95FF776A,False,0,0,0,0,0.000000,0.000000,-6571291,True,True
4610,331936,573815,1633878025,1113548396,64455341,6E0ED054,False,0,0,0,0,0.000000,0.000000,-1633877969,True,True
4611,332008,0,0,0,00000000,00000000,True,0,0,0,0,0.000000,0.000000,56,True,True
4612,332080,786450,1701998438,1601008225,45534142,1C2FA50B,False,0,0,0,0,0.000000,0.000000,-1701998382,True,True
4613,332152,100,573811,1818689548,65737361,168DAF1D,False,0,0,0,0,0.000000,0.000000,-573755,True,True
4614,332224,1601139570,1347245378,100,0008C187,EB91DCE9,False,0,0,0,0,0.000000,0.000000,-1347245322,True,True
4615,332296,146898176,1728056320,1936941420,425F7365,F08E4EA4,False,0,0,0,0,0.000000,0.000000,-1728056264,True,True
4616,332368,1969185889,1430413168,6574157,C17F0000,FE30BEF4,False,0,0,0,0,0.000000,0.000000,-1430413112,True,True
4617,332440,6574157,3247112192,589832,3F138EF3,637AD2DC,False,0,0,0,0,0.000000,0.000000,-3247112136,True,True
4618,332512,14995,432,1,E2B4088E,E2B4088E,True,14995,573804,0,0,0.944497,0.000000,-376,True,False
4619,332584,25680,146901760,1744833536,5F646165,D05DC8F7,False,0,0,0,0,0.000000,0.000000,-146901704,True,True
4620,332656,1869571584,1094868852,6571347,C1710000,74C85C17,False,0,0,0,0,0.000000,0.000000,-1094868796,True,True
4621,332728,573807,1634205705,1113547886,64455341,B32F4CFB,False,0,0,0,0,0.000000,0.000000,-1634205649,True,True
4622,332800,6571347,3261661184,851976,65707075,A18465A9,False,0,0,0,0,0.000000,0.000000,-3261661128,True,True
4623,332872,786440,1701998438,1601008225,504D5542,7232E896,False,0,0,0,0,0.000000,0.000000,-1701998382,True,True
4624,332944,1051372191,1030811881,0,00000000,06164C4A,False,0,0,0,0,0.000000,0.000000,-1030811825,True,True
4625,333016,655378,1936879476,1430413167,0064504D,D1D57717,False,0,0,0,0,0.000000,0.000000,-1936879420,True,True
4626,333088,1836212581,1396785759,25669,08C26700,6A2B34E5,False,0,0,0,0,0.000000,0.000000,-1396785703,True,True
4627,333160,1946159616,1869836911,1396785759,00006445,8D17F14E,False,0,0,0,0,0.000000,0.000000,-1869836855,True,True
4628,333232,3246063616,786440,1935764583,5F736573,92BFD927,False,0,0,0,0,0.000000,0.000000,-786384,True,True
4629,333304,1936941420,1113551717,1682984277,D0000000,297B4BC6,False,0,0,0,0,0.000000,0.000000,-1113551661,True,True
4630,333376,6574157,3246325760,589832,3EC8B439,8BAC5A24,False,0,0,0,0,0.000000,0.000000,-3246325704,True,True
4631,333448,14997,432,1,F3CF4396,F3CF4396,True,14997,573804,0,0,0.944497,0.000000,-376,True,False
4632,333520,25680,146901760,1744833536,5F646165,D72758DD,False,0,0,0,0,0.000000,0.000000,-146901704,True,True
4633,333592,1869571584,1094868852,6571347,C1710000,46981970,False,0,0,0,0,0.000000,0.000000,-1094868796,True,True
4634,333664,573807,1634205705,1113547886,64455341,581BC279,False,0,0,0,0,0.000000,0.000000,-1634205649,True,True
4635,333736,6571347,3261661184,851976,65707075,57C5C7F6,False,0,0,0,0,0.000000,0.000000,-3261661128,True,True
4636,333808,786440,1701998438,1601008225,504D5542,236763FC,False,0,0,0,0,0.000000,0.000000,-1701998382,True,True
4637,333880,1039113650,1055957975,1065353216,00000000,572644C7,False,0,0,0,0,0.000000,0.000000,-1055957919,True,True
4638,333952,655378,1936879476,1430413167,0064504D,3D31453B,False,0,0,0,0,0.000000,0.000000,-1936879420,True,True
4639,334024,1836212581,1396785759,25669,08C26700,F351E70E,False,0,0,0,0,0.000000,0.000000,-1396785703,True,True
4640,334096,1946159616,1869836911,1396785759,00006445,1E9ED246,False,0,0,0,0,0.000000,0.000000,-1869836855,True,True
4641,334168,3246063616,786440,1935764583,5F736573,177B0F65,False,0,0,0,0,0.000000,0.000000,-786384,True,True
4642,334240,1936941420,1113551717,1682984277,D0000000,5336A349,False,0,0,0,0,0.000000,0.000000,-1113551661,True,True
4643,334312,6574157,3246325760,589832,3E70A3D7,E98404AB,False,0,0,0,0,0.000000,0.000000,-3246325704,True,True
4644,334384,15011,388,1,6AE8692D,6AE8692D,True,15011,574452,0,0,0.879946,0.000000,-332,True,False
4645,334456,134219972,1734700032,1297433183,00006450,8877B33C,False,0,0,0,0,0.000000,0.000000,-1734699976,True,True
4646,334528,25669,147062016,1728056320,7373616C,F764798D,False,0,0,0,0,0.000000,0.000000,-147061960,True,True
4647,334600,1633878025,1113548396,1682984277,F7000000,FB0F7AC9,False,0,0,0,0,0.000000,0.000000,-1113548340,True,True
4648,334672,25680,147062528,1962937600,72657070,7EB0D26F,False,0,0,0,0,0.000000,0.000000,-147062472,True,True
4649,334744,589832,1047569367,0,00000000,4D2B0AE2,False,0,0,0,0,0.000000,0.000000,-1047569311,True,True
4650,334816,15027,432,1,91CEC3C9,91CEC3C9,True,15027,574608,0,0,0.882154,0.000000,-376,True,False
4651,334888,573819,1633878025,1113548396,64504D55,5D149489,False,0,0,0,0,0.000000,0.000000,-1633877969,True,True
4652,334960,1163084098,100,573829,6F74000A,ADBFF84D,False,1601139570,1347245378,100,573831,1117048342767632895486984192.000000,71853963780776379023360.000000,-44,True,False
4653,335032,1711279104,1634038383,1113550194,64455341,4F436B13,False,0,0,0,0,0.000000,0.000000,-1634038327,True,True
4654,335104,1297433183,25680,146898688,75000D00,AAC0D06F,False,1919250544,1601008225,1347245378,100,0.000000,68474368044805384044544.000000,-25624,True,False
4655,335176,100,573902,1868955657,425F746F,75466EF0,False,0,0,0,0,0.000000,0.000000,-573846,True,True
4656,335248,1052293294,1032872526,1032884364,00000000,8D121BE1,False,0,0,0,0,0.000000,0.000000,-1032872470,True,True
4657,335320,589842,1718378851,1396785759,00006445,FC914A8A,False,0,0,0,0,0.000000,0.000000,-1718378795,True,True
4658,335392,1113550194,1682984277,1174405120,0C000889,C2E18610,False,0,0,0,0,0.000000,0.000000,-1682984221,True,True
4659,335464,2302803968,524296,1600611692,504D5542,BE3FC8CE,False,0,0,0,0,0.000000,0.000000,-524240,True,True
4660,335536,1396785759,25669,143218688,66000900,C4CD866C,False,1601466223,1163084098,100,559424,261713339875428663296.000000,55.850021,-25613,True,False
4661,335608,1634035712,1886740324,1396785759,00006445,409DA0EF,False,0,0,0,0,0.000000,0.000000,-1886740268,True,True
4662,335680,6574157,2304376832,589832,00000000,C635487A,False,0,0,0,0,0.000000,0.000000,-2304376776,True,True
4663,335752,15049,382,1,41F8809E,41F8809E,True,15049,574845,0,0,0.875926,0.000000,-326,True,False
4664,335824,141262848,1711279104,1634038383,425F6D72,2CA7A122,False,0,0,0,0,0.000000,0.000000,-1711279048,True,True
4665,335896,1347245378,100,551826,656C0008,B0BC0391,False,1094868839,6571347,1804861440,524296,16673851942664929280.000000,13779666944.000000,-44,True,False
4666,335968,1113547886,1682264897,2415919104,0900086B,6EB225F1,False,0,0,0,0,0.000000,0.000000,-1682264841,True,True
4667,336040,551836,1868955660,1918985586,41425F6D,74EB0450,False,0,0,0,0,0.000000,0.000000,-1868955604,True,True
4668,336112,3505274320,3234807248,2829270720,A8A33DA8,7C01A3DD,False,0,0,0,0,0.000000,0.000000,-3234807192,True,True
4669,336184,15053,382,1,97A8F86B,97A8F86B,True,15053,574845,0,0,0.875926,0.000000,-326,True,False
4670,336256,141262848,1711279104,1634038383,425F6D72,404C9659,False,0,0,0,0,0.000000,0.000000,-1711279048,True,True
4671,336328,1347245378,100,551826,656C0008,B0BC0391,False,1094868839,6571347,1804861440,524296,16673851942664929280.000000,13779666944.000000,-44,True,False
4672,336400,1113547886,1682264897,2415919104,0900086B,8F585304,False,0,0,0,0,0.000000,0.000000,-1682264841,True,True
4673,336472,551836,1868955660,1918985586,41425F6D,5AEF4E12,False,0,0,0,0,0.000000,0.000000,-1868955604,True,True
4674,336544,2256747920,3031383686,3903274676,E8A73DE8,AE23D399,False,0,0,0,0,0.000000,0.000000,-3031383630,True,True
4675,336616,15054,382,1,2E781552,2E781552,True,15054,574845,0,0,0.875926,0.000000,-326,True,False
4676,336688,551818,1634205705,1113547886,64455341,0725E5EB,False,0,0,0,0,0.000000,0.000000,-1634205649,True,True
4677,336760,1682984277,2248146944,150997099,6C616300,88009E1B,False,0,0,0,0,0.000000,0.000000,-2248146888,True,True
4678,336832,1918985586,1430413165,6574157,6B8E0000,F75A1EB1,False,0,0,0,0,0.000000,0.000000,-1430413109,True,True
4679,336904,167774315,1919906816,1113550707,64455341,C9AADAA6,False,0,0,0,0,0.000000,0.000000,-1919906760,True,True
4680,336976,2289188144,2965192200,2425109808,D8A93D90,C0AE1948,False,0,0,0,0,0.000000,0.000000,-2965192144,True,True
4681,337048,15055,382,1,A19EE551,A19EE551,True,15055,574845,0,0,0.875926,0.000000,-326,True,False
4682,337120,551824,1868955660,1918985586,41425F6D,B5146B3C,False,0,0,0,0,0.000000,0.000000,-1868955604,True,True
4683,337192,1601008225,1163084098,100,00086B9C,BCA129D2,False,0,0,0,0,0.000000,0.000000,-1163084042,True,True
4684,337264,1660946688,1600547937,1347245378,00000064,FD47D911,False,0,0,0,0,0.000000,0.000000,-1600547881,True,True
4685,337336,100,551838,1868955660,72616572,34A54AD1,False,0,0,0,0,0.000000,0.000000,-551782,True,True
4686,337408,3149283131,4175970107,3233431160,C0BA3D40,458173CD,False,0,0,0,0,0.000000,0.000000,-4175970051,True,True
4687,337480,15056,382,1,FA83E9D7,FA83E9D7,True,15056,574845,0,0,0.875926,0.000000,-326,True,False
4688,337552,141268992,1711279104,1634038383,425F6D72,A3C1D80A,False,0,0,0,0,0.000000,0.000000,-1711279048,True,True
4689,337624,1113548645,1682264897,2483027968,0900086B,8D5A04AB,False,0,0,0,0,0.000000,0.000000,-1682264841,True,True
4690,337696,1711278336,1600480097,1347245378,00000064,A340FFC8,False,0,0,0,0,0.000000,0.000000,-1600480041,True,True
4691,337768,551818,1634205705,1113547886,64504D55,DD378E4A,False,0,0,0,0,0.000000,0.000000,-1634205649,True,True
4692,337840,2189704962,2189704962,2425110274,908C3D90,8A083233,False,0,0,0,0,0.000000,0.000000,-2189704906,True,True
4693,337912,15057,382,1,286DDBEE,286DDBEE,True,15057,574845,0,0,0.875926,0.000000,-326,True,False
4694,337984,100,551820,1634205705,425F646E,43C57F55,False,0,0,0,0,0.000000,0.000000,-551764,True,True
4695,338056,1113551983,1682984277,2315255808,0800086B,6700192F,False,0,0,0,0,0.000000,0.000000,-1682984221,True,True
4696,338128,851976,1701867637,1836212594,4D55425F,AB25E487,False,0,0,0,0,0.000000,0.000000,-1701867581,True,True
4697,338200,6574157,1804730368,589832,666C6163,9DD859A5,False,0,0,0,0,0.000000,0.000000,-1804730312,True,True
4698,338272,3232579136,3232579136,2290957888,888D3D88,8CD716E1,False,0,0,0,0,0.000000,0.000000,-3232579080,True,True
4699,338344,15058,382,1,8BBFF10A,8BBFF10A,True,15058,574845,0,0,0.875926,0.000000,-326,True,False
4700,338416,551812,1701576712,1094868839,00644553,87A36284,False,0,0,0,0,0.000000,0.000000,-1701576656,True,True
4701,338488,1094868845,6571347,1804337152,000D0008,6B3976F0,False,0,0,0,0,0.000000,0.000000,-6571291,True,True
4702,338560,167774315,1919906816,1113550707,64504D55,0FD0D835,False,0,0,0,0,0.000000,0.000000,-1919906760,True,True
4703,338632,2147483648,150997099,1851877376,41425F64,3FBEA177,False,0,0,0,0,0.000000,0.000000,-150997043,True,True
4704,338704,1305689882,3470343938,1305689591,4DD33EA2,DEBA1022,False,0,0,0,0,0.000000,0.000000,-3470343882,True,True
4705,338776,15059,382,1,1468D39E,1468D39E,True,15059,574845,0,0,0.875926,0.000000,-326,True,False
4706,338848,100,551838,1869873162,5F6F7372,AAEAC8B2,False,0,0,0,0,0.000000,0.000000,-551782,True,True
4707,338920,1297433183,25680,141268480,66000C00,F7B1732D,False,1634038383,1113550194,1682264897,2348810240,0.000000,1089903294780382636740182016.000000,-25624,True,False
4708,338992,1886715917,1634887024,1113550194,64455341,357E28BF,False,0,0,0,0,0.000000,0.000000,-1634886968,True,True
4709,339064,1682264897,2415919104,150997099,63616600,36BC0E5D,False,0,0,0,0,0.000000,0.000000,-2415919048,True,True
4710,339136,16128,16128,16128,00000000,07DD8A54,False,0,0,16128,16128,0.000000,0.000000,-16072,True,False
4711,339208,15070,432,1,27392B5A,27392B5A,True,15070,574703,0,0,0.880606,0.000000,-376,True,False
4712,339280,704643072,201328836,1634494208,73657373,E1A03FCD,False,0,0,0,0,0.000000,0.000000,-201328780,True,True
4713,339352,1711279104,1634038383,1113550194,64455341,8234B545,False,0,0,0,0,0.000000,0.000000,-1634038327,True,True
4714,339424,2303721472,655368,1936879476,41425F6F,8AE24627,False,0,0,0,0,0.000000,0.000000,-655312,True,True
4715,339496,1113548396,1682984277,1040187392,0A000889,6AE0F674,False,0,0,0,0,0.000000,0.000000,-1682984221,True,True
4716,339568,559434,1634205705,1113547886,64455341,527A0426,False,0,0,0,0,0.000000,0.000000,-1634205649,True,True
4717,339640,1029759211,1048872084,1055714538,00000000,22F708C7,False,0,0,0,0,0.000000,0.000000,-1048872028,True,True
4718,339712,589842,1718378851,1396785759,00006445,35CD4358,False,0,0,0,0,0.000000,0.000000,-1718378795,True,True
4719,339784,1113550194,1682984277,1174405120,0C000889,DF393BAE,False,0,0,0,0,0.000000,0.000000,-1682984221,True,True
4720,339856,2302803968,524296,1600611692,504D5542,D5CCB642,False,0,0,0,0,0.000000,0.000000,-524240,True,True
4721,339928,1396785759,25669,143218688,66000900,267B5AAA,False,1601466223,1163084098,100,559424,261713339875428663296.000000,55.850021,-25613,True,False
4722,340000,1634035712,1886740324,1396785759,00006445,57FF6AF4,False,0,0,0,0,0.000000,0.000000,-1886740268,True,True
4723,340072,6574157,2304376832,589832,3DA0902E,AFE82236,False,0,0,0,0,0.000000,0.000000,-2304376776,True,True
4724,340144,15072,432,1,3420F3D6,3420F3D6,True,15072,574703,0,0,0.880606,0.000000,-376,True,False
4725,340216,704643072,201328836,1634494208,73657373,9E769A52,False,0,0,0,0,0.000000,0.000000,-201328780,True,True
4726,340288,1711279104,1634038383,1113550194,64455341,32A3CAA3,False,0,0,0,0,0.000000,0.000000,-1634038327,True,True
4727,340360,3845259264,655368,1936879476,41425F6F,0E4DF009,False,0,0,0,0,0.000000,0.000000,-655312,True,True
4728,340432,1113548396,1682984277,1040187392,0A000889,89E60BF3,False,0,0,0,0,0.000000,0.000000,-1682984221,True,True
4729,340504,559434,1634205705,1113547886,64455341,672A43DE,False,0,0,0,0,0.000000,0.000000,-1634205649,True,True
4730,340576,1064037362,1064037362,1064037362,00000000,D1F4E870,False,0,0,0,0,0.000000,0.000000,-1064037306,True,True
4731,340648,589842,1718378851,1396785759,00006445,478A4DEA,False,0,0,0,0,0.000000,0.000000,-1718378795,True,True
4732,340720,1113550194,1682984277,1174405120,0C000889,F103990A,False,0,0,0,0,0.000000,0.000000,-1682984221,True,True
4733,340792,2302803968,524296,1600611692,504D5542,DB8DAC3D,False,0,0,0,0,0.000000,0.000000,-524240,True,True
4734,340864,1396785759,25669,143218688,66000900,4DC951CB,False,1601466223,1163084098,100,559424,261713339875428663296.000000,55.850021,-25613,True,False
4735,340936,1634035712,1886740324,1396785759,00006445,D2091A89,False,0,0,0,0,0.000000,0.000000,-1886740268,True,True
4736,341008,6574157,2304376832,589832,3F40C0BE,E6B1F7F3,False,0,0,0,0,0.000000,0.000000,-2304376776,True,True
4737,341080,15074,432,1,83E92351,83E92351,True,15074,574703,0,0,0.880606,0.000000,-376,True,False
4738,341152,704643072,201328836,1634494208,73657373,A9CE805F,False,0,0,0,0,0.000000,0.000000,-201328780,True,True
4739,341224,1711279104,1634038383,1113550194,64455341,5680F3ED,False,0,0,0,0,0.000000,0.000000,-1634038327,True,True
4740,341296,2303721472,655368,1936879476,41425F6F,D75F5983,False,0,0,0,0,0.000000,0.000000,-655312,True,True
4741,341368,1113548396,1682984277,1040187392,0A000889,9FC52889,False,0,0,0,0,0.000000,0.000000,-1682984221,True,True
4742,341440,559434,1634205705,1113547886,64455341,E046247A,False,0,0,0,0,0.000000,0.000000,-1634205649,True,True
4743,341512,1056997508,1056997508,1056997508,00000000,68FC47D0,False,0,0,0,0,0.000000,0.000000,-1056997452,True,True
4744,341584,589842,1718378851,1396785759,00006445,4CE4CAAC,False,0,0,0,0,0.000000,0.000000,-1718378795,True,True
4745,341656,1113550194,1682984277,1174405120,0C000889,3BDEDA81,False,0,0,0,0,0.000000,0.000000,-1682984221,True,True
4746,341728,2302803968,524296,1600611692,504D5542,42989EA0,False,0,0,0,0,0.000000,0.000000,-524240,True,True
4747,341800,1396785759,25669,143218688,66000900,2A5495B3,False,1601466223,1163084098,100,559424,261713339875428663296.000000,55.850021,-25613,True,False
4748,341872,1634035712,1886740324,1396785759,00006445,28FB14A6,False,0,0,0,0,0.000000,0.000000,-1886740268,True,True
4749,341944,6574157,2304376832,589832,3D40C0BA,687BD8BF,False,0,0,0,0,0.000000,0.000000,-2304376776,True,True
4750,342016,15076,432,1,6B0A0AA2,6B0A0AA2,True,15076,574703,0,0,0.880606,0.000000,-376,True,False
4751,342088,704643072,201328836,1634494208,73657373,25A2F88D,False,0,0,0,0,0.000000,0.000000,-201328780,True,True
4752,342160,1711279104,1634038383,1113550194,64455341,97AC9E12,False,0,0,0,0,0.000000,0.000000,-1634038327,True,True
4753,342232,2303721472,655368,1936879476,41425F6F,323EFFBB,False,0,0,0,0,0.000000,0.000000,-655312,True,True
4754,342304,1113548396,1682984277,1040187392,0A000889,9C607F95,False,0,0,0,0,0.000000,0.000000,-1682984221,True,True
4755,342376,559434,1634205705,1113547886,64455341,527465C9,False,0,0,0,0,0.000000,0.000000,-1634205649,True,True
4756,342448,1053345997,1053345997,1044957356,00000000,B74DC752,False,0,0,0,0,0.000000,0.000000,-1053345941,True,True
4757,342520,589842,1718378851,1396785759,00006445,50358D75,False,0,0,0,0,0.000000,0.000000,-1718378795,True,True
4758,342592,1113550194,1682984277,1174405120,0C000889,C977B5AE,False,0,0,0,0,0.000000,0.000000,-1682984221,True,True
4759,342664,2302803968,524296,1600611692,504D5542,C08C8920,False,0,0,0,0,0.000000,0.000000,-524240,True,True
4760,342736,1396785759,25669,143218688,66000900,EAB27C34,False,1601466223,1163084098,100,559424,261713339875428663296.000000,55.850021,-25613,True,False
4761,342808,1634035712,1886740324,1396785759,00006445,2BF1ADD6,False,0,0,0,0,0.000000,0.000000,-1886740268,True,True
4762,342880,6574157,2304376832,589832,3F31B1B8,768F7D4D,False,0,0,0,0,0.000000,0.000000,-2304376776,True,True
4763,342952,15078,432,1,9908503D,9908503D,True,15078,574703,0,0,0.880606,0.000000,-376,True,False
4764,343024,704643072,201328836,1634494208,73657373,F14A94A1,False,0,0,0,0,0.000000,0.000000,-201328780,True,True
4765,343096,1711279104,1634038383,1113550194,64455341,A2A1F8BC,False,0,0,0,0,0.000000,0.000000,-1634038327,True,True
4766,343168,2303721472,655368,1936879476,41425F6F,E9C3FC6F,False,0,0,0,0,0.000000,0.000000,-655312,True,True
4767,343240,1113548396,1682984277,1040187392,0A000889,EB6ACCEC,False,0,0,0,0,0.000000,0.000000,-1682984221,True,True
4768,343312,559434,1634205705,1113547886,64455341,11498644,False,0,0,0,0,0.000000,0.000000,-1634205649,True,True
4769,343384,1062787292,1062787292,1062787292,00000000,E58D4CF0,False,0,0,0,0,0.000000,0.000000,-1062787236,True,True
4770,343456,589842,1718378851,1396785759,00006445,04F8CB06,False,0,0,0,0,0.000000,0.000000,-1718378795,True,True
4771,343528,1113550194,1682984277,1174405120,0C000889,5C355297,False,0,0,0,0,0.000000,0.000000,-1682984221,True,True
4772,343600,2302803968,524296,1600611692,504D5542,D5E1123D,False,0,0,0,0,0.000000,0.000000,-524240,True,True
4773,343672,1396785759,25669,143218688,66000900,174BCF65,False,1601466223,1163084098,100,559424,261713339875428663296.000000,55.850021,-25613,True,False
4774,343744,1634035712,1886740324,1396785759,00006445,4DA36015,False,0,0,0,0,0.000000,0.000000,-1886740268,True,True
4775,343816,6574157,2304376832,589832,3EAA7EFA,CBC82719,False,0,0,0,0,0.000000,0.000000,-2304376776,True,True
4776,343888,15080,432,1,E6D802F4,E6D802F4,True,15080,574703,0,0,0.880606,0.000000,-376,True,False
4777,343960,704643072,201328836,1634494208,73657373,5E99DA86,False,0,0,0,0,0.000000,0.000000,-201328780,True,True
4778,344032,1711279104,1634038383,1113550194,64455341,5762D020,False,0,0,0,0,0.000000,0.000000,-1634038327,True,True
4779,344104,2303721472,655368,1936879476,41425F6F,78514D81,False,0,0,0,0,0.000000,0.000000,-655312,True,True
4780,344176,1113548396,1682984277,1040187392,0A000889,A3504C9B,False,0,0,0,0,0.000000,0.000000,-1682984221,True,True
4781,344248,559434,1634205705,1113547886,64455341,983B9BBC,False,0,0,0,0,0.000000,0.000000,-1634205649,True,True
4782,344320,1061208254,1061208254,1061208254,00000000,513829B9,False,0,0,0,0,0.000000,0.000000,-1061208198,True,True
4783,344392,524306,1600611692,1347245378,00000064,D5B1FD78,False,0,0,0,0,0.000000,0.000000,-1600611636,True,True
4784,344464,3261726720,589832,1684955496,5341425F,7CD0AB5B,False,0,0,0,0,0.000000,0.000000,-589776,True,True
4785,344536,1919250544,1601008225,1163084098,00000064,4D9064B3,False,0,0,0,0,0.000000,0.000000,-1601008169,True,True
4786,344608,100,573809,1633878025,425F666C,86EB5A09,False,0,0,0,0,0.000000,0.000000,-573753,True,True
4787,344680,1113550707,1682984277,2264924160,0D0008C1,85A313C9,False,0,0,0,0,0.000000,0.000000,-1682984221,True,True
4788,344752,6571347,3261530112,589832,3F66A7F0,64A9E354,False,0,0,0,0,0.000000,0.000000,-3261530056,True,True
4789,344824,15083,432,1,BC6D2247,BC6D2247,True,15083,574608,0,0,0.882154,0.000000,-376,True,False
4790,344896,1862270976,150997185,1869571584,55425F74,A619520F,False,0,0,0,0,0.000000,0.000000,-150997129,True,True
4791,344968,1836212594,1396785759,25669,08C18900,B0FE1ECB,False,0,0,0,0,0.000000,0.000000,-1396785703,True,True
4792,345040,573831,1868955660,1918985586,55425F6D,9A70E048,False,0,0,0,0,0.000000,0.000000,-1868955604,True,True
4793,345112,1886740324,1297433183,25680,08C17F00,340CC733,False,0,0,0,0,0.000000,0.000000,-1297433127,True,True
4794,345184,100,573809,1633878025,425F666C,F608AA8F,False,0,0,0,0,0.000000,0.000000,-573753,True,True
4795,345256,1061865233,1059816735,0,00000000,4CE50543,False,0,0,0,0,0.000000,0.000000,-1059816679,True,True
4796,345328,589842,1684955496,1297433183,00006450,39639205,False,0,0,0,0,0.000000,0.000000,-1684955440,True,True
4797,345400,146899200,1962937600,1919250544,5F6D7261,1A193AD0,False,0,0,0,0,0.000000,0.000000,-1962937544,True,True
4798,345472,1936879476,1430413167,6574157,C1870000,8B9D07EB,False,0,0,0,0,0.000000,0.000000,-1430413111,True,True
4799,345544,25680,146896640,1728056320,7373616C,079FF808,False,0,0,0,0,0.000000,0.000000,-146896584,True,True
4800,345616,1919250544,1601008225,1347245378,00000064,D9A9D564,False,0,0,0,0,0.000000,0.000000,-1601008169,True,True
4801,345688,6574157,3246325760,589832,3D1FBE77,9EB95788,False,0,0,0,0,0.000000,0.000000,-3246325704,True,True
4802,345760,15085,432,1,D68403C7,D68403C7,True,15085,574608,0,0,0.882154,0.000000,-376,True,False
4803,345832,146900224,1946159616,1869836911,4D55425F,C8BCF2FD,False,0,0,0,0,0.000000,0.000000,-1946159560,True,True
4804,345904,6574157,3245277184,524296,5F67656C,F0D4A8E5,False,0,0,0,0,0.000000,0.000000,-3245277128,True,True
4805,345976,1744833536,1600414053,1113550965,64455341,CFE1A321,False,0,0,0,0,0.000000,0.000000,-1600413997,True,True
4806,346048,1094868845,6571347,3245670400,000C0008,D64DB10A,False,0,0,0,0,0.000000,0.000000,-6571291,True,True
4807,346120,146901248,1728056320,1936941420,425F7365,B21F1890,False,0,0,0,0,0.000000,0.000000,-1728056264,True,True
4808,346192,1054586740,0,0,00000000,00000000,True,0,0,0,0,0.000000,0.000000,56,True,True
4809,346264,589842,1684955496,1396785759,00006445,E8E43DAF,False,0,0,0,0,0.000000,0.000000,-1684955440,True,True
4810,346336,146899200,1962937600,1919250544,5F6D7261,4639FA70,False,0,0,0,0,0.000000,0.000000,-1962937544,True,True
4811,346408,1702064993,1430413171,6574157,C1D00000,6F9D57F9,False,0,0,0,0,0.000000,0.000000,-1430413115,True,True
4812,346480,25669,146895104,1660946688,5F666C61,80DBC714,False,0,0,0,0,0.000000,0.000000,-146895048,True,True
4813,346552,1634887024,1113550194,1682984277,8B000000,63ED12EE,False,0,0,0,0,0.000000,0.000000,-1113550138,True,True
4814,346624,6574157,3245801472,589832,3E8C49BA,D57802BC,False,0,0,0,0,0.000000,0.000000,-3245801416,True,True
4815,346696,15087,432,1,EC4AD04C,EC4AD04C,True,15087,574608,0,0,0.882154,0.000000,-376,True,False
4816,346768,573819,1701314572,1969185889,41425F70,E70537B9,False,0,0,0,0,0.000000,0.000000,-1701314516,True,True
4817,346840,1094868838,6571347,3245146112,00090008,488C0522,False,0,0,0,0,0.000000,0.000000,-6571291,True,True
4818,346912,655368,1936879476,1094868847,00644553,470100D7,False,0,0,0,0,0.000000,0.000000,-1936879420,True,True
4819,346984,1682984277,1929379840,201328833,726F6600,2D056551,False,0,0,0,0,0.000000,0.000000,-1929379784,True,True
4820,347056,1744833536,1600414053,1113550965,64504D55,5E0C3B3C,False,0,0,0,0,0.000000,0.000000,-1600413997,True,True
4821,347128,0,0,0,00000000,00000000,True,0,0,0,0,0.000000,0.000000,56,True,True
4822,347200,524306,1600611692,1347245378,00000064,100C3D41,False,0,0,0,0,0.000000,0.000000,-1600611636,True,True
4823,347272,3261726720,589832,1718378851,4D55425F,BF0366FC,False,0,0,0,0,0.000000,0.000000,-589776,True,True
4824,347344,25669,146958592,1728056320,7373616C,D6A0FAE5,False,0,0,0,0,0.000000,0.000000,-146958536,True,True
4825,347416,1701314572,1969185889,1430413168,0064504D,96561A6A,False,0,0,0,0,0.000000,0.000000,-1969185833,True,True
4826,347488,1113550707,1682984277,2264924160,0D0008C1,A6678902,False,0,0,0,0,0.000000,0.000000,-1682984221,True,True
4827,347560,6571347,3261530112,589832,3EE6E6DA,96B0B07E,False,0,0,0,0,0.000000,0.000000,-3261530056,True,True
4828,347632,15089,432,1,619F9E50,619F9E50,True,15089,574608,0,0,0.944497,0.000000,-376,True,False
4829,347704,3251503104,655368,1936879476,55425F6F,D40200C4,False,0,0,0,0,0.000000,0.000000,-655312,True,True
4830,347776,1919903232,1836212581,1396785759,00006445,F300F214,False,0,0,0,0,0.000000,0.000000,-1836212525,True,True
4831,347848,146895616,1946159616,1869836911,5341425F,306B8DAD,False,0,0,0,0,0.000000,0.000000,-1946159560,True,True
4832,347920,1601205599,1347245378,100,0008C17F,595806AB,False,0,0,0,0,0.000000,0.000000,-1347245322,True,True
4833,347992,100,573807,1868955657,425F746F,101344F7,False,0,0,0,0,0.000000,0.000000,-573751,True,True
4834,348064,0,1061075026,1060085170,00000000,B589CB1B,False,0,0,0,0,0.000000,0.000000,-1061074970,True,True
4835,348136,589842,1684955496,1396785759,00006445,1A76ABE4,False,0,0,0,0,0.000000,0.000000,-1684955440,True,True
4836,348208,1601008225,1163084098,100,0008C26B,8974DEB4,False,0,0,0,0,0.000000,0.000000,-1163084042,True,True
4837,348280,573809,1633878025,1113548396,64455341,14AEEFDC,False,0,0,0,0,0.000000,0.000000,-1633877969,True,True
4838,348352,1682984277,2264924160,218106049,70707500,BC17F933,False,0,0,0,0,0.000000,0.000000,-2264924104,True,True
4839,348424,3261530112,524296,1600611692,504D5542,32C7C6BB,False,0,0,0,0,0.000000,0.000000,-524240,True,True
4840,348496,6571347,3261726720,589832,3E8C49BA,9C6C0794,False,0,0,0,0,0.000000,0.000000,-3261726664,True,True
4841,348568,15091,432,1,22553AE3,22553AE3,True,15091,574608,0,0,0.944497,0.000000,-376,True,False
4842,348640,1996488704,201328833,1634035712,70755F64,5AFF4F6D,False,0,0,0,0,0.000000,0.000000,-201328777,True,True
4843,348712,589832,1718378851,1297433183,00006450,FF65B05B,False,0,0,0,0,0.000000,0.000000,-1718378795,True,True
4844,348784,146958592,1728056320,1936941420,425F7365,DC481081,False,0,0,0,0,0.000000,0.000000,-1728056264,True,True
4845,348856,1684104552,1601205599,1163084098,00000064,701C245D,False,0,0,0,0,0.000000,0.000000,-1601205543,True,True
4846,348928,2063597568,150997185,1869571584,55425F74,D873E34C,False,0,0,0,0,0.000000,0.000000,-150997129,True,True
4847,349000,1064296251,1054783570,1036026642,00000000,3B893AAD,False,0,0,0,0,0.000000,0.000000,-1054783514,True,True
4848,349072,589840,1684955496,1396785759,00006445,8962FA4A,False,0,0,0,0,0.000000,0.000000,-1684955440,True,True
4849,349144,574457,1868955657,1113551983,64504D55,DEB6E8C5,False,0,0,0,0,0.000000,0.000000,-1868955601,True,True
4850,349216,1936028531,1297433183,25680,08C40300,53973184,False,0,0,0,0,0.000000,0.000000,-1297433127,True,True
4851,349288,167774404,1919906816,1113550707,64504D55,E8112D71,False,0,0,0,0,0.000000,0.000000,-1919906760,True,True
4852,349360,1634887024,1113550194,1682264897,11000000,68F4606C,False,0,0,0,0,0.000000,0.000000,-1113550138,True,True
4853,349432,1058417750,0,0,00000000,00000000,True,0,0,0,0,0.000000,0.000000,56,True,True
4854,349504,589840,1684955496,1396785759,00006445,487236E1,False,0,0,0,0,0.000000,0.000000,-1684955440,True,True
4855,349576,574457,1868955657,1113551983,64504D55,AC6CC48F,False,0,0,0,0,0.000000,0.000000,-1868955601,True,True
4856,349648,1936028531,1297433183,25680,08C40300,63F2C01F,False,0,0,0,0,0.000000,0.000000,-1297433127,True,True
4857,349720,167774404,1919906816,1113550707,64504D55,8AA926BC,False,0,0,0,0,0.000000,0.000000,-1919906760,True,True
4858,349792,1634887024,1113550194,1682264897,11000000,30994655,False,0,0,0,0,0.000000,0.000000,-1113550138,True,True
4859,349864,1048774172,0,0,00000000,00000000,True,0,0,0,0,0.000000,0.000000,56,True,True
4860,349936,655376,1936879476,1430413167,0064504D,FCA7D8E3,False,0,0,0,0,0.000000,0.000000,-1936879420,True,True
4861,350008,25669,145562112,1811941376,425F6765,994CD753,False,0,0,0,0,0.000000,0.000000,-145562056,True,True
4862,350080,1600414053,1113550965,1682984277,24000000,63F5B59A,False,0,0,0,0,0.000000,0.000000,-1113550909,True,True
4863,350152,1682984277,536870912,150997165,6E616800,F08B7A07,False,0,0,0,0,0.000000,0.000000,-536870856,True,True
4864,350224,1601139570,1163084098,100,0008AD2A,61D7394B,False,0,0,0,0,0.000000,0.000000,-1163084042,True,True
4865,350296,1053340729,0,0,00000000,00000000,True,0,0,0,0,0.000000,0.000000,56,True,True
4866,350368,589840,1684955496,1396785759,00006445,196682A2,False,0,0,0,0,0.000000,0.000000,-1684955440,True,True
4867,350440,145228800,1811941376,1113548645,64504D55,E0D27F1D,False,0,0,0,0,0.000000,0.000000,-1811941320,True,True
4868,350512,1430413156,6574157,2818441216,000A0008,9AD2B91A,False,0,0,0,0,0.000000,0.000000,-6574101,True,True
4869,350584,567284,1868955657,1113551983,64504D55,DE44F74C,False,0,0,0,0,0.000000,0.000000,-1868955601,True,True
4870,350656,1113550707,1682264897,134217728,0D0008A8,846546FA,False,0,0,0,0,0.000000,0.000000,-1682264841,True,True
4871,350728,1048106238,0,0,00000000,00000000,True,0,0,0,0,0.000000,0.000000,56,True,True
4872,350800,786448,1701998438,1601008225,504D5542,43CC6573,False,0,0,0,0,0.000000,0.000000,-1701998382,True,True
4873,350872,1297433183,25680,145230336,75000D00,5B145166,False,1919250544,1601008225,1347245378,100,0.000000,303295555187975276571836547072.000000,-25624,True,False
4874,350944,2817523712,589832,1684955496,4D55425F,1FA5EA7B,False,0,0,0,0,0.000000,0.000000,-589776,True,True
4875,351016,6574157,2817654784,524296,5F67656C,AC08F4D3,False,0,0,0,0,0.000000,0.000000,-2817654728,True,True
4876,351088,1600414053,1113550965,1682264897,00000000,C9E9696A,False,0,0,0,0,0.000000,0.000000,-1113550909,True,True
4877,351160,0,0,0,00000000,00000000,True,0,0,0,0,0.000000,0.000000,56,True,True
4878,351232,655376,1936879476,1430413167,0064504D,FB5D5106,False,0,0,0,0,0.000000,0.000000,-1936879420,True,True
4879,351304,1094868845,6571347,2819358720,00090008,152D3F95,False,0,0,0,0,0.000000,0.000000,-6571291,True,True
4880,351376,134219944,1734700032,1297433183,00006450,E1C3B198,False,0,0,0,0,0.000000,0.000000,-1734699976,True,True
4881,351448,25680,145227264,1744832768,5F646E61,7846C023,False,0,0,0,0,0.000000,0.000000,-145227208,True,True
4882,351520,1600611692,1163084098,100,0008A804,C9FBC9D0,False,0,0,0,0,0.000000,0.000000,-1163084042,True,True
4883,351592,0,0,0,00000000,00000000,True,0,0,0,0,0.000000,0.000000,56,True,True
4884,351664,589842,1953460070,1297433183,00006450,2D5BB12D,False,0,0,0,0,0.000000,0.000000,-1953460014,True,True
4885,351736,1601008225,1163084098,100,0008D139,84A3CFA7,False,0,0,0,0,0.000000,0.000000,-1163084042,True,True
4886,351808,147928064,1711278336,1601466223,45534142,5FCD8D38,False,0,0,0,0,0.000000,0.000000,-1711278280,True,True
4887,351880,1163084098,100,577853,6568000C,AEDE3119,False,1969185889,1430413168,6574157,3510501376,0.000000,16673851942664929280.000000,-44,True,False
4888,351952,1936879476,1094868847,6571347,D1370000,13780484,False,0,0,0,0,0.000000,0.000000,-1094868791,True,True
4889,352024,6574157,3291086848,589832,00000000,3964A9C8,False,0,0,0,0,0.000000,0.000000,-3291086792,True,True
4890,352096,15310,432,1,56AD76D9,56AD76D9,True,15310,574703,0,0,0.880606,0.000000,-376,True,False
4891,352168,3510501376,786440,1684104552,5F70755F,576B944E,False,0,0,0,0,0.000000,0.000000,-786384,True,True
4892,352240,1601008225,1347245378,100,0008D13C,E50E7375,False,0,0,0,0,0.000000,0.000000,-1347245322,True,True
4893,352312,1868955657,1113551983,1682264897,40000000,06296C00,False,0,0,0,0,0.000000,0.000000,-1113551927,True,True
4894,352384,6574157,3291086848,786440,73616C67,CC16EDAB,False,0,0,0,0,0.000000,0.000000,-3291086792,True,True
4895,352456,1886715917,1634887024,1113550194,64504D55,AAB60CA7,False,0,0,0,0,0.000000,0.000000,-1634886968,True,True
4896,352528,1065353216,1056997508,0,00000000,B39EA620,False,0,0,0,0,0.000000,0.000000,-1056997452,True,True
4897,352600,524306,1600611692,1163084098,00000064,5916E04C,False,0,0,0,0,0.000000,0.000000,-1600611636,True,True
4898,352672,1682984277,1241513984,150997129,6E616800,E80B5CE9,False,0,0,0,0,0.000000,0.000000,-1241513928,True,True
4899,352744,1818321664,1430413158,6574157,D1340000,5EA4CD77,False,0,0,0,0,0.000000,0.000000,-1430413102,True,True
4900,352816,786440,1701998438,1601008225,45534142,16481DF1,False,0,0,0,0,0.000000,0.000000,-1701998382,True,True
4901,352888,1601139570,1163084098,100,0008D137,6A5D23F2,False,0,0,0,0,0.000000,0.000000,-1163084042,True,True
4902,352960,6571347,3510173696,589832,3E20A0B2,D7B6EAEB,False,0,0,0,0,0.000000,0.000000,-3510173640,True,True
4903,353032,15312,432,1,573867AD,573867AD,True,15312,574703,0,0,0.880606,0.000000,-376,True,False
4904,353104,3291086848,786440,1701998438,5F6D7261,FDF6E1A8,False,0,0,0,0,0.000000,0.000000,-786384,True,True
4905,353176,1744833536,1600414053,1113550965,64455341,D10CDA50,False,0,0,0,0,0.000000,0.000000,-1600413997,True,True
4906,353248,1682984277,1006632960,150997201,6F6F6600,15C3F1A9,False,0,0,0,0,0.000000,0.000000,-1006632904,True,True
4907,353320,1094868852,6571347,2302672896,00090008,1E66593D,False,0,0,0,0,0.000000,0.000000,-6571291,True,True
4908,353392,1962937600,1919250544,1601008225,45534142,86E75B09,False,0,0,0,0,0.000000,0.000000,-1919250488,True,True
4909,353464,1061208254,1061208254,1061208254,00000000,58CCD9E3,False,0,0,0,0,0.000000,0.000000,-1061208198,True,True
4910,353536,786450,1684104552,1601205599,45534142,BD0BFDB3,False,0,0,0,0,0.000000,0.000000,-1684104496,True,True
4911,353608,1347245378,100,577852,6F660009,21CD1D29,False,1113551983,1682984277,1107296256,150997129,1089903294780382636740182016.000000,13357186809856.000000,-44,True,False
4912,353680,1113551983,1682264897,1073741824,0C000889,15F3AF3E,False,0,0,0,0,0.000000,0.000000,-1682264841,True,True
4913,353752,3510304768,786440,1935764583,5F736573,FF391975,False,0,0,0,0,0.000000,0.000000,-786384,True,True
4914,353824,1936879476,1430413167,6574157,D1380000,FA6398EA,False,0,0,0,0,0.000000,0.000000,-1430413111,True,True
4915,353896,6571347,3509911552,589832,3CE0E0EB,6879C323,False,0,0,0,0,0.000000,0.000000,-3509911496,True,True
4916,353968,15314,432,1,707F64AD,707F64AD,True,15314,574703,0,0,0.880606,0.000000,-376,True,False
4917,354040,3510501376,786440,1684104552,5F70755F,D42052E3,False,0,0,0,0,0.000000,0.000000,-786384,True,True
4918,354112,1601008225,1347245378,100,0008D13C,300E55D4,False,0,0,0,0,0.000000,0.000000,-1347245322,True,True
4919,354184,1868955657,1113551983,1682264897,40000000,2315C5AC,False,0,0,0,0,0.000000,0.000000,-1113551927,True,True
4920,354256,6574157,3291086848,786440,73616C67,D6720180,False,0,0,0,0,0.000000,0.000000,-3291086792,True,True
4921,354328,1886715917,1634887024,1113550194,64504D55,D9060DFC,False,0,0,0,0,0.000000,0.000000,-1634886968,True,True
4922,354400,1065084781,1059682517,0,00000000,2AC3205D,False,0,0,0,0,0.000000,0.000000,-1059682461,True,True
4923,354472,524306,1600611692,1163084098,00000064,F808DB94,False,0,0,0,0,0.000000,0.000000,-1600611636,True,True
4924,354544,1682984277,1241513984,150997129,6E616800,B403B215,False,0,0,0,0,0.000000,0.000000,-1241513928,True,True
4925,354616,1818321664,1430413158,6574157,D1340000,4A604515,False,0,0,0,0,0.000000,0.000000,-1430413102,True,True
4926,354688,786440,1701998438,1601008225,45534142,57C8EAEA,False,0,0,0,0,0.000000,0.000000,-1701998382,True,True
4927,354760,1601139570,1163084098,100,0008D137,C6431B7F,False,0,0,0,0,0.000000,0.000000,-1163084042,True,True
4928,354832,6571347,3510173696,589832,3E5C28F6,004F8CB7,False,0,0,0,0,0.000000,0.000000,-3510173640,True,True
4929,354904,15316,432,1,4EA945C2,4EA945C2,True,15316,559452,0,0,0.880606,0.000000,-376,True,False
4930,354976,1682264897,956301312,218106065,70707500,C5C6CADC,False,0,0,0,0,0.000000,0.000000,-956301256,True,True
4931,355048,1868955657,1113551983,1682264897,40000000,220F0499,False,0,0,0,0,0.000000,0.000000,-1113551927,True,True
4932,355120,1023410176,201328849,1634035712,70755F64,11308419,False,0,0,0,0,0.000000,0.000000,-201328793,True,True
4933,355192,1396785759,25669,147928832,74000A00,2A8AED2B,False,1869836911,1297433183,25680,147929088,604684270736199101972480.000000,19282594100907422886848351961088.000000,-25613,True,False
4934,355264,147073536,1711278336,1601466223,504D5542,00343178,False,0,0,0,0,0.000000,0.000000,-1711278280,True,True
4935,355336,1051898560,1057392259,1055451370,00000000,17BE0557,False,0,0,0,0,0.000000,0.000000,-1057392203,True,True
4936,355408,589842,1953460070,1297433183,00006450,640D70CC,False,0,0,0,0,0.000000,0.000000,-1953460014,True,True
4937,355480,1601008225,1163084098,100,0008D139,3DCDFB85,False,0,0,0,0,0.000000,0.000000,-1163084042,True,True
4938,355552,147928064,1711278336,1601466223,45534142,5CCBF016,False,0,0,0,0,0.000000,0.000000,-1711278280,True,True
4939,355624,1163084098,100,577853,6568000C,AEDE3119,False,1969185889,1430413168,6574157,3510501376,0.000000,16673851942664929280.000000,-44,True,False
4940,355696,1936879476,1094868847,6571347,D1370000,9C45DFC2,False,0,0,0,0,0.000000,0.000000,-1094868791,True,True
4941,355768,6574157,3291086848,589832,3E5CDCCA,682E693B,False,0,0,0,0,0.000000,0.000000,-3291086792,True,True
4942,355840,15318,432,1,86B213E6,86B213E6,True,15318,559452,0,0,0.880606,0.000000,-376,True,False
4943,355912,1347245378,100,577850,61630009,65BF0757,False,1113548396,1682264897,855638016,150997201,1089903294780382636740182016.000000,13357186809856.000000,-44,True,False
4944,355984,1600417377,1163084098,100,00088948,92D87C54,False,0,0,0,0,0.000000,0.000000,-1163084042,True,True
4945,356056,1040187392,134219985,1734700032,5341425F,D0488028,False,0,0,0,0,0.000000,0.000000,-134219929,True,True
4946,356128,1682984277,939524096,201328849,616C6700,03AF30CD,False,0,0,0,0,0.000000,0.000000,-939524040,True,True
4947,356200,786440,1701998438,1601008225,45534142,281EB51C,False,0,0,0,0,0.000000,0.000000,-1701998382,True,True
4948,356272,1060747702,0,0,00000000,00000000,True,0,0,0,0,0.000000,0.000000,56,True,True
4949,356344,851986,1701867637,1836212594,5341425F,5698EA8B,False,0,0,0,0,0.000000,0.000000,-1701867581,True,True
4950,356416,1430413158,6574157,3509846016,00090008,616C95A0,False,0,0,0,0,0.000000,0.000000,-6574101,True,True
4951,356488,1634035712,1886740324,1396785759,00006445,BBA81BFB,False,0,0,0,0,0.000000,0.000000,-1886740268,True,True
4952,356560,1347245378,100,577852,6568000C,AEDE3119,False,1969185889,1430413168,6574157,3510501376,0.000000,16673851942664929280.000000,-44,True,False
4953,356632,1936879476,1094868847,6571347,D1370000,2ECFA7DD,False,0,0,0,0,0.000000,0.000000,-1094868791,True,True
4954,356704,6574157,3291086848,589832,3E083127,10A08461,False,0,0,0,0,0.000000,0.000000,-3291086792,True,True
4955,356776,15320,432,1,829C8486,829C8486,True,15320,559452,0,0,0.880606,0.000000,-376,True,False
4956,356848,989855744,201328849,1919903232,6D726165,F601C156,False,0,0,0,0,0.000000,0.000000,-201328793,True,True
4957,356920,150997201,1818321664,1094868838,00644553,B9FAB5D2,False,0,0,0,0,0.000000,0.000000,-1818321608,True,True
4958,356992,1207959552,150997129,1851877376,55425F64,209B8F85,False,0,0,0,0,0.000000,0.000000,-150997073,True,True
4959,357064,1600611692,1163084098,100,0008D135,020AB4E2,False,0,0,0,0,0.000000,0.000000,-1163084042,True,True
4960,357136,786440,1935764583,1601398131,45534142,6BBC3D45,False,0,0,0,0,0.000000,0.000000,-1935764527,True,True
4961,357208,1057652474,0,1010055512,00000000,00000000,True,0,0,0,0,0.000000,0.000000,56,True,True
4962,357280,589840,1684955496,1297433183,00006450,66A993AC,False,0,0,0,0,0.000000,0.000000,-1684955440,True,True
4963,357352,2415919104,150997099,1869571584,41425F74,12F65B04,False,0,0,0,0,0.000000,0.000000,-150997043,True,True
4964,357424,1113548131,1682264897,2583691264,080008D3,D98880C1,False,0,0,0,0,0.000000,0.000000,-1682264841,True,True
4965,357496,141266432,1962937600,1919250544,5F6D7261,2FE116DE,False,0,0,0,0,0.000000,0.000000,-1962937544,True,True
4966,357568,1297433183,25680,141265408,63000900,3C90EE25,False,1600547937,1347245378,100,551810,-5.812504,-5.819916,-25624,True,False
4967,357640,0,0,0,00000000,00000000,True,0,0,0,0,0.000000,0.000000,56,True,True
4968,357712,851984,1701867637,1836212594,4D55425F,50FA3A00,False,0,0,0,0,0.000000,0.000000,-1701867581,True,True
4969,357784,1682264897,2415919104,150997099,6C616300,0CD4A508,False,0,0,0,0,0.000000,0.000000,-2415919048,True,True
4970,357856,1634074633,1113548131,1682984277,86000000,3A9446D2,False,0,0,0,0,0.000000,0.000000,-1113548075,True,True
4971,357928,1804730368,655368,1936879476,41425F6F,7E416183,False,0,0,0,0,0.000000,0.000000,-655312,True,True
4972,358000,6574157,1803681792,786440,65726F66,02F7A8D7,False,0,0,0,0,0.000000,0.000000,-1803681736,True,True
4973,358072,0,0,0,00000000,00000000,True,0,0,0,0,0.000000,0.000000,56,True,True
4974,358144,589840,1718378851,1297433183,00006450,65E316E5,False,0,0,0,0,0.000000,0.000000,-1718378795,True,True
4975,358216,100,551814,1634205705,425F646E,ECDDF829,False,0,0,0,0,0.000000,0.000000,-551758,True,True
4976,358288,1297433183,25680,141265408,63000900,CF475868,False,1600547937,1163084098,100,578457,75514389620073025465298714624.000000,17254259941712068608.000000,-25624,True,False
4977,358360,150997203,1869571584,1094868852,00644553,958F6043,False,0,0,0,0,0.000000,0.000000,-1869571528,True,True
4978,358432,1094868845,6571347,3550150656,00080008,8D797A0B,False,0,0,0,0,0.000000,0.000000,-6571291,True,True
4979,358504,0,0,0,00000000,00000000,True,0,0,0,0,0.000000,0.000000,56,True,True
4980,358576,589840,1718378851,1297433183,00006450,0F934C8A,False,0,0,0,0,0.000000,0.000000,-1718378795,True,True
4981,358648,148085760,1744832768,1600417377,45534142,45012650,False,0,0,0,0,0.000000,0.000000,-1744832712,True,True
4982,358720,1163084098,100,578457,7075000D,743F3B09,False,1634887024,1113550194,1682264897,2650800128,0.000000,4157867291176517763072.000000,-44,True,False
4983,358792,589832,1953460070,1396785759,00006445,A1D48B1C,False,0,0,0,0,0.000000,0.000000,-1953460014,True,True
4984,358864,1163084098,100,578459,6F74000A,AAB5DBE9,False,1601139570,1163084098,100,578461,-0.000090,-0.000000,-44,True,False
4985,358936,0,0,0,00000000,00000000,True,0,0,0,0,0.000000,0.000000,56,True,True
4986,359008,786448,1701998438,1601008225,45534142,22B7A645,False,0,0,0,0,0.000000,0.000000,-1701998382,True,True
4987,359080,1113550194,1682984277,2382364672,0900086B,CE675644,False,0,0,0,0,0.000000,0.000000,-1682984221,True,True
4988,359152,1869873162,1601139570,1163084098,00000064,3B64A60C,False,0,0,0,0,0.000000,0.000000,-1601139514,True,True
4989,359224,25680,141265408,1811941376,425F6765,EE419BFF,False,0,0,0,0,0.000000,0.000000,-141265352,True,True
4990,359296,1396785759,25669,148085248,66000900,C95C9670,False,1601466223,1163084098,100,551816,-1.546876,0.000000,-25613,True,False
4991,359368,0,0,0,00000000,00000000,True,0,0,0,0,0.000000,0.000000,56,True,True
4992,359440,589840,1718378851,1396785759,00006445,18FCE171,False,0,0,0,0,0.000000,0.000000,-1718378795,True,True
4993,359512,1682264897,2415919104,150997099,63616600,0CEFB0CC,False,0,0,0,0,0.000000,0.000000,-2415919048,True,True
4994,359584,1113548396,1682984277,2181038080,0C00086B,D5E2FE42,False,0,0,0,0,0.000000,0.000000,-1682984221,True,True
4995,359656,218105963,1886418176,1918988901,55425F6D,3A5EB2C2,False,0,0,0,0,0.000000,0.000000,-1886418120,True,True
4996,359728,6574157,1804992512,786440,65726F66,F6856EDF,False,0,0,0,0,0.000000,0.000000,-1804992456,True,True
4997,359800,0,0,0,00000000,00000000,True,0,0,0,0,0.000000,0.000000,56,True,True
4998,359872,786448,1701998438,1601008225,504D5542,9FF3550A,False,0,0,0,0,0.000000,0.000000,-1701998382,True,True
4999,359944,1396785759,25669,148086272,66000900,767F2191,False,1600480097,1163084098,100,578458,69654941651124285865984.000000,13357187858432.000000,-25613,True,False
5000,360016,1953460070,1396785759,25669,086B8800,F6C6BA2E,False,0,0,0,0,0.000000,0.000000,-1396785703,True,True
5001,360088,3550150656,524296,1600611692,45534142,78F1B1AE,False,0,0,0,0,0.000000,0.000000,-524240,True,True
5002,360160,1297433183,25680,141267456,66000900,369559DD,False,1600480097,1347245378,100,551814,-0.000000,-0.000000,-25624,True,False
5003,360232,0,0,0,00000000,00000000,True,0,0,0,0,0.000000,0.000000,56,True,True
5004,360304,655376,1936879476,1430413167,0064504D,9A03E964,False,0,0,0,0,0.000000,0.000000,-1936879420,True,True
5005,360376,1682264897,2281701376,150997099,6E616800,57B5D2FF,False,0,0,0,0,0.000000,0.000000,-2281701320,True,True
5006,360448,1836212581,1396785759,25669,08D39B00,BE6876BE,False,0,0,0,0,0.000000,0.000000,-1396785703,True,True
5007,360520,141266432,1660946688,1600547937,45534142,2CC7B6FF,False,0,0,0,0,0.000000,0.000000,-1660946632,True,True
5008,360592,25669,148086016,1962937600,72657070,4CA1F8FF,False,0,0,0,0,0.000000,0.000000,-148085960,True,True
5009,360664,0,0,0,00000000,00000000,True,0,0,0,0,0.000000,0.000000,56,True,True
5010,360736,851984,1701867637,1836212594,5341425F,5A4C5E73,False,0,0,0,0,0.000000,0.000000,-1701867581,True,True
5011,360808,1396785759,25669,148084992,63000900,74B366A9,False,1600547937,1347245378,100,551810,69654941651124285865984.000000,13357187858432.000000,-25613,True,False
5012,360880,1600480097,1347245378,100,00086B86,48B286C6,False,0,0,0,0,0.000000,0.000000,-1347245322,True,True
5013,360952,141266432,1711278336,1601466223,504D5542,6AB5D38E,False,0,0,0,0,0.000000,0.000000,-1711278280,True,True
5014,361024,1396785759,25669,148085760,66000900,EA0056F5,False,1600480097,1163084098,100,578458,-0.000000,-0.000000,-25613,True,False
5015,361096,0,0,0,00000000,00000000,True,0,0,0,0,0.000000,0.000000,56,True,True
5016,361168,589840,1684955496,1297433183,00006450,6088CEE8,False,0,0,0,0,0.000000,0.000000,-1684955440,True,True
5017,361240,1094868845,6571347,3550150656,00080008,81B2FE1E,False,0,0,0,0,0.000000,0.000000,-6571291,True,True
5018,361312,1667327488,1430413157,6574157,6B860000,189902D5,False,0,0,0,0,0.000000,0.000000,-1430413101,True,True
5019,361384,150997099,1869571584,1430413172,0064504D,12D41390,False,0,0,0,0,0.000000,0.000000,-1869571528,True,True
5020,361456,6574157,1805516800,786440,65726F66,2A4656C1,False,0,0,0,0,0.000000,0.000000,-1805516744,True,True
5021,361528,0,0,0,00000000,00000000,True,0,0,0,0,0.000000,0.000000,56,True,True
5022,361600,589840,1718378851,1297433183,00006450,377F1FF6,False,0,0,0,0,0.000000,0.000000,-1718378795,True,True
5023,361672,6571347,1804599296,655368,73726F74,B8DDD4F8,False,0,0,0,0,0.000000,0.000000,-1804599240,True,True
5024,361744,1836212581,1297433183,25680,086B8E00,2CFF6640,False,0,0,0,0,0.000000,0.000000,-1297433127,True,True
5025,361816,2583691264,201328747,1919903232,6D726165,D0FB4401,False,0,0,0,0,0.000000,0.000000,-201328691,True,True
5026,361888,1396785759,25669,148084992,66000900,8940B8D5,False,1600480097,1163084098,100,578458,-0.000000,-0.000000,-25613,True,False
5027,361960,0,0,0,00000000,00000000,True,0,0,0,0,0.000000,0.000000,56,True,True
5028,362032,786448,1701998438,1601008225,504D5542,1D30494A,False,0,0,0,0,0.000000,0.000000,-1701998382,True,True
5029,362104,6574157,1804206080,524296,5F67656C,7DFA0221,False,0,0,0,0,0.000000,0.000000,-1804206024,True,True
5030,362176,1718378851,1297433183,25680,086B8200,D555EFFE,False,0,0,0,0,0.000000,0.000000,-1297433127,True,True
5031,362248,141269504,1744832768,1600417377,504D5542,051F7484,False,0,0,0,0,0.000000,0.000000,-1744832712,True,True
5032,362320,1396785759,25669,141264896,63000900,0352C0C0,False,1600547937,1163084098,100,578457,-0.000000,-0.000000,-25613,True,False
5033,362392,0,0,0,00000000,00000000,True,0,0,0,0,0.000000,0.000000,56,True,True
5034,362464,786448,1701998438,1601008225,504D5542,36091C7B,False,0,0,0,0,0.000000,0.000000,-1701998382,True,True
5035,362536,25669,141266944,1946159616,6F73726F,8907D387,False,0,0,0,0,0.000000,0.000000,-141266888,True,True
5036,362608,1113551983,1682264897,2281701376,0900086B,59A83682,False,0,0,0,0,0.000000,0.000000,-1682264841,True,True
5037,362680,134219883,1734700032,1396785759,00006445,B519615C,False,0,0,0,0,0.000000,0.000000,-1734699976,True,True
5038,362752,25669,148084992,1962937600,72657070,37E707CD,False,0,0,0,0,0.000000,0.000000,-148084936,True,True
5039,362824,0,0,0,00000000,00000000,True,0,0,0,0,0.000000,0.000000,56,True,True
5040,362896,589840,1684955496,1297433183,00006450,0646ABEF,False,0,0,0,0,0.000000,0.000000,-1684955440,True,True
5041,362968,1804075008,589832,1684955496,5341425F,4113C33A,False,0,0,0,0,0.000000,0.000000,-589776,True,True
5042,363040,1094868845,6571347,3550150656,000D0008,80C1468A,False,0,0,0,0,0.000000,0.000000,-6571291,True,True
5043,363112,3550019584,589832,1701011814,5341425F,CA641E9E,False,0,0,0,0,0.000000,0.000000,-589776,True,True
5044,363184,1094868847,6571347,3550281728,00080008,BB480443,False,0,0,0,0,0.000000,0.000000,-6571291,True,True
5045,363256,0,0,0,00000000,00000000,True,0,0,0,0,0.000000,0.000000,56,True,True
5046,363328,589840,1953460070,1396785759,00006445,D457AD4E,False,0,0,0,0,0.000000,0.000000,-1953460014,True,True
5047,363400,2583691264,150997099,1851877376,55425F64,9E672BD2,False,0,0,0,0,0.000000,0.000000,-150997043,True,True
5048,363472,1113550194,1682264897,3288334336,090008D4,FB8A84D9,False,0,0,0,0,0.000000,0.000000,-1682264841,True,True
5049,363544,786440,1701998438,1601008225,504D5542,302B3CAC,False,0,0,0,0,0.000000,0.000000,-1701998382,True,True
5050,363616,1297433183,25680,141270528,66000900,787C2649,False,1601466223,1347245378,100,551818,-576880398317373974717447274496.000000,-0.000000,-25624,True,False
5051,363688,0,0,0,00000000,00000000,True,0,0,0,0,0.000000,0.000000,56,True,True
5052,363760,589840,1953460070,1297433183,00006450,9EAF3BF2,False,0,0,0,0,0.000000,0.000000,-1953460014,True,True
5053,363832,1804075008,589832,1684955496,5341425F,68CF8722,False,0,0,0,0,0.000000,0.000000,-589776,True,True
5054,363904,1094868845,6571347,3550150656,000D0008,833EF93E,False,0,0,0,0,0.000000,0.000000,-6571291,True,True
5055,363976,3550019584,589832,1701011814,5341425F,4F86FD96,False,0,0,0,0,0.000000,0.000000,-589776,True,True
5056,364048,1094868847,6571347,3550281728,00080008,D7103209,False,0,0,0,0,0.000000,0.000000,-6571291,True,True
5057,364120,0,0,0,00000000,00000000,True,0,0,0,0,0.000000,0.000000,56,True,True
5058,364192,851984,1701867637,1836212594,5341425F,6B9AF1F0,False,0,0,0,0,0.000000,0.000000,-1701867581,True,True
5059,364264,1094868847,6571347,3550281728,00080008,5E00F2E2,False,0,0,0,0,0.000000,0.000000,-6571291,True,True
5060,364336,1701011814,1396785759,25669,08D39A00,63DC3746,False,0,0,0,0,0.000000,0.000000,-1396785703,True,True
5061,364408,141267456,1711278336,1601466223,504D5542,BF7EA74C,False,0,0,0,0,0.000000,0.000000,-1711278280,True,True
5062,364480,1396785759,25669,141266944,66000900,A3824C35,False,1600480097,1347245378,100,551814,0.000000,190549900579045376.000000,-25613,True,False
5063,364552,0,0,0,00000000,00000000,True,0,0,0,0,0.000000,0.000000,56,True,True
5064,364624,589840,1953460070,1297433183,00006450,3067F80C,False,0,0,0,0,0.000000,0.000000,-1953460014,True,True
5065,364696,25669,148085504,1962937600,72657070,F942CAD1,False,0,0,0,0,0.000000,0.000000,-148085448,True,True
5066,364768,1660946688,1600547937,1163084098,00000064,33CB21D8,False,0,0,0,0,0.000000,0.000000,-1600547881,True,True
5067,364840,551824,1634074633,1113548131,64504D55,EDB07E6E,False,0,0,0,0,0.000000,0.000000,-1634074577,True,True
5068,364912,1094868847,6571347,3550281728,00080008,AEAA719F,False,0,0,0,0,0.000000,0.000000,-6571291,True,True
5069,364984,0,0,0,00000000,00000000,True,0,0,0,0,0.000000,0.000000,56,True,True
5070,365056,589840,1684955496,1297433183,00006450,AFAA2002,False,0,0,0,0,0.000000,0.000000,-1684955440,True,True
5071,365128,1804075008,589832,1684955496,5341425F,CEC4E69B,False,0,0,0,0,0.000000,0.000000,-589776,True,True
5072,365200,1094868845,6571347,3550150656,000D0008,CF1F7597,False,0,0,0,0,0.000000,0.000000,-6571291,True,True
5073,365272,3550019584,589832,1701011814,5341425F,078A0B47,False,0,0,0,0,0.000000,0.000000,-589776,True,True
5074,365344,1094868847,6571347,3550281728,00080008,EEC72155,False,0,0,0,0,0.000000,0.000000,-6571291,True,True
5075,365416,0,0,0,00000000,00000000,True,0,0,0,0,0.000000,0.000000,56,True,True
5076,365488,589840,1718378851,1396785759,00006445,2F8DA856,False,0,0,0,0,0.000000,0.000000,-1718378795,True,True
5077,365560,25680,141270528,1946159616,6F73726F,0F49B02D,False,0,0,0,0,0.000000,0.000000,-141270472,True,True
5078,365632,1919250544,1601008225,1163084098,00000064,94AA48B0,False,0,0,0,0,0.000000,0.000000,-1601008169,True,True
5079,365704,100,551818,1633878025,425F666C,03CAEDB7,False,0,0,0,0,0.000000,0.000000,-551762,True,True
5080,365776,1347245378,100,551814,6F74000A,761FDD32,False,1601139570,1347245378,100,551834,-1.546876,0.000000,-44,True,False
5081,365848,0,0,0,00000000,00000000,True,0,0,0,0,0.000000,0.000000,56,True,True
5082,365920,589840,1684955496,1297433183,00006450,74649629,False,0,0,0,0,0.000000,0.000000,-1684955440,True,True
5083,365992,2583691264,201328747,1919903232,6D726165,F1DE834E,False,0,0,0,0,0.000000,0.000000,-201328691,True,True
5084,366064,589832,1718378851,1396785759,00006445,E4133CAF,False,0,0,0,0,0.000000,0.000000,-1718378795,True,True
5085,366136,1803681792,589832,1953460070,5341425F,885779E1,False,0,0,0,0,0.000000,0.000000,-589776,True,True
5086,366208,1094868847,6571347,3550281728,00080008,589B8CF0,False,0,0,0,0,0.000000,0.000000,-6571291,True,True
5087,366280,0,0,0,00000000,00000000,True,0,0,0,0,0.000000,0.000000,56,True,True
5088,366352,655376,1936879476,1430413167,0064504D,BFEBE75D,False,0,0,0,0,0.000000,0.000000,-1936879420,True,True
5089,366424,1836212581,1297433183,25680,086B8E00,DB77ACA3,False,0,0,0,0,0.000000,0.000000,-1297433127,True,True
5090,366496,1962937600,1919250544,1601008225,504D5542,85139CB9,False,0,0,0,0,0.000000,0.000000,-1919250488,True,True
5091,366568,25680,141267456,1711278336,5F746F6F,68D81174,False,0,0,0,0,0.000000,0.000000,-141267400,True,True
5092,366640,1396785759,25669,141266944,66000900,12BD6F00,False,1600480097,1347245378,100,551814,-0.000000,-0.000000,-25613,True,False
5093,366712,0,0,0,00000000,00000000,True,0,0,0,0,0.000000,0.000000,56,True,True
5094,366784,589840,1953460070,1297433183,00006450,6F2B3D72,False,0,0,0,0,0.000000,0.000000,-1953460014,True,True
5095,366856,148085248,1811941376,1113548645,64455341,9134B122,False,0,0,0,0,0.000000,0.000000,-1811941320,True,True
5096,366928,1396785759,25669,141264896,68000900,ECE01ED1,False,1600417377,1163084098,100,551824,265172104389249204224.000000,55.849010,-25613,True,False
5097,367000,1919903232,1836212581,1396785759,00006445,B3FC948B,False,0,0,0,0,0.000000,0.000000,-1836212525,True,True
5098,367072,1297433183,25680,141266432,63000900,02B88FB2,False,1600547937,1163084098,100,578457,-2084675254222848.000000,-2086816161202176.000000,-25624,True,False
5099,367144,0,0,0,00000000,00000000,True,0,0,0,0,0.000000,0.000000,56,True,True
5100,367216,589840,1701011814,1396785759,00006445,2AD80BD8,False,0,0,0,0,0.000000,0.000000,-1701011758,True,True
5101,367288,141266944,1711278336,1601466223,504D5542,C6975A7B,False,0,0,0,0,0.000000,0.000000,-1711278280,True,True
5102,367360,6574157,1805254656,589832,646E6168,56515004,False,0,0,0,0,0.000000,0.000000,-1805254600,True,True
5103,367432,524296,1600611692,1347245378,00000064,893E945A,False,0,0,0,0,0.000000,0.000000,-1600611636,True,True
5104,367504,1297433183,25680,141266432,63000900,278F1B45,False,1600547937,1163084098,100,578457,-0.000000,-0.000000,-25624,True,False
5105,367576,0,0,0,00000000,00000000,True,0,0,0,0,0.000000,0.000000,56,True,True
5106,367648,589840,1684955496,1297433183,00006450,AD261579,False,0,0,0,0,0.000000,0.000000,-1684955440,True,True
5107,367720,1804992512,851976,1701867637,6D726172,FCEDA8A1,False,0,0,0,0,0.000000,0.000000,-851920,True,True
5108,367792,1701011814,1396785759,25669,08D39A00,B0DD2125,False,0,0,0,0,0.000000,0.000000,-1396785703,True,True
5109,367864,141263360,1711278336,1601466223,45534142,CD985684,False,0,0,0,0,0.000000,0.000000,-1711278280,True,True
5110,367936,6574157,1805254656,786440,65726F66,721F1093,False,0,0,0,0,0.000000,0.000000,-1805254600,True,True
5111,368008,0,0,0,00000000,00000000,True,0,0,0,0,0.000000,0.000000,56,True,True
5112,368080,655376,1936879476,1094868847,00644553,28FB66DB,False,0,0,0,0,0.000000,0.000000,-1936879420,True,True
5113,368152,1297433183,25680,141266432,63000900,8CE969B1,False,1600547937,1163084098,100,578457,265172104389249204224.000000,55.849010,-25624,True,False
5114,368224,1919250544,1601008225,1347245378,00000064,C50FC978,False,0,0,0,0,0.000000,0.000000,-1601008169,True,True
5115,368296,141266944,1711278336,1600480097,504D5542,1E30E848,False,0,0,0,0,0.000000,0.000000,-1711278280,True,True
5116,368368,1297433183,25680,141267456,66000900,759610FB,False,1601466223,1347245378,100,551818,-0.000000,-0.000000,-25624,True,False
5117,368440,0,0,0,00000000,00000000,True,0,0,0,0,0.000000,0.000000,56,True,True
5118,368512,655376,1936879476,1094868847,00644553,86A0E253,False,0,0,0,0,0.000000,0.000000,-1936879420,True,True
5119,368584,1297433183,25680,141266432,63000900,DD2130C4,False,1600547937,1163084098,100,578457,265172104389249204224.000000,55.849010,-25624,True,False
5120,368656,1919250544,1601008225,1347245378,00000064,DFA16DBC,False,0,0,0,0,0.000000,0.000000,-1601008169,True,True
5121,368728,141266944,1711278336,1600480097,504D5542,5C62A5A2,False,0,0,0,0,0.000000,0.000000,-1711278280,True,True
5122,368800,1297433183,25680,141267456,66000900,05A57AD2,False,1601466223,1347245378,100,551818,-0.000000,-0.000000,-25624,True,False
5123,368872,0,0,0,00000000,00000000,True,0,0,0,0,0.000000,0.000000,56,True,True
5124,368944,655376,1936879476,1094868847,00644553,F473025E,False,0,0,0,0,0.000000,0.000000,-1936879420,True,True
5125,369016,1297433183,25680,141266432,63000900,754E8139,False,1600547937,1163084098,100,578457,265172104389249204224.000000,55.849010,-25624,True,False
5126,369088,1919250544,1601008225,1347245378,00000064,8AAD8C51,False,0,0,0,0,0.000000,0.000000,-1601008169,True,True
5127,369160,141266944,1711278336,1600480097,504D5542,E2EE2C63,False,0,0,0,0,0.000000,0.000000,-1711278280,True,True
5128,369232,1297433183,25680,141267456,66000900,B6232BAB,False,1601466223,1347245378,100,551818,-8727378264064.000000,34601137151489007062468863956353024.000000,-25624,True,False
5129,369304,0,0,0,00000000,00000000,True,0,0,0,0,0.000000,0.000000,56,True,True
5130,369376,655376,1936879476,1094868847,00644553,39C5C6ED,False,0,0,0,0,0.000000,0.000000,-1936879420,True,True
5131,369448,1297433183,25680,141266432,63000900,9220777D,False,1600547937,1163084098,100,578457,265172104389249204224.000000,55.849010,-25624,True,False
5132,369520,1919250544,1601008225,1347245378,00000064,549B46A9,False,0,0,0,0,0.000000,0.000000,-1601008169,True,True
5133,369592,141266944,1711278336,1600480097,504D5542,0F5C0B7C,False,0,0,0,0,0.000000,0.000000,-1711278280,True,True
5134,369664,1297433183,25680,141267456,66000900,E84401CB,False,1601466223,1347245378,100,551818,-0.000000,-455414898726273024.000000,-25624,True,False
5135,369736,0,0,0,00000000,00000000,True,0,0,0,0,0.000000,0.000000,56,True,True
5136,369808,655376,1936879476,1430413167,0064504D,39304529,False,0,0,0,0,0.000000,0.000000,-1936879420,True,True
5137,369880,2248146944,218105963,1886418176,72617265,F8703BD5,False,0,0,0,0,0.000000,0.000000,-218105907,True,True
5138,369952,1836212581,1396785759,25669,08D4C100,C3F945E9,False,0,0,0,0,0.000000,0.000000,-1396785703,True,True
5139,370024,148161280,1962937600,1919250544,5F6D7261,5425A7CC,False,0,0,0,0,0.000000,0.000000,-1962937544,True,True
5140,370096,1297433183,25680,141263360,68000900,1343CEEC,False,1600417377,1163084098,100,551824,0.000000,0.000000,-25624,True,False
5141,370168,0,0,0,00000000,00000000,True,0,0,0,0,0.000000,0.000000,56,True,True
5142,370240,589840,1953460070,1396785759,00006445,3874F6B3,False,0,0,0,0,0.000000,0.000000,-1953460014,True,True
5143,370312,2583691264,150997099,1851877376,55425F64,0309D975,False,0,0,0,0,0.000000,0.000000,-150997043,True,True
5144,370384,1113550194,1682264897,3288334336,090008D4,82D506A9,False,0,0,0,0,0.000000,0.000000,-1682264841,True,True
5145,370456,786440,1701998438,1601008225,504D5542,84DFA7A4,False,0,0,0,0,0.000000,0.000000,-1701998382,True,True
5146,370528,1297433183,25680,141270528,66000900,87B6C092,False,1601466223,1347245378,100,551818,0.000000,0.000000,-25624,True,False
5147,370600,0,0,0,00000000,00000000,True,0,0,0,0,0.000000,0.000000,56,True,True
5148,370672,589840,1953460070,1396785759,00006445,466152E7,False,0,0,0,0,0.000000,0.000000,-1953460014,True,True
5149,370744,2583691264,150997099,1851877376,55425F64,93B0EDDD,False,0,0,0,0,0.000000,0.000000,-150997043,True,True
5150,370816,1113550194,1682264897,3288334336,090008D4,90882CBB,False,0,0,0,0,0.000000,0.000000,-1682264841,True,True
5151,370888,786440,1701998438,1601008225,504D5542,5F6660FF,False,0,0,0,0,0.000000,0.000000,-1701998382,True,True
5152,370960,1297433183,25680,141270528,66000900,8D736E33,False,1601466223,1347245378,100,551818,-2084675254222848.000000,-1488681835692032.000000,-25624,True,False
5153,371032,0,0,0,00000000,00000000,True,0,0,0,0,0.000000,0.000000,56,True,True
5154,371104,589840,1953460070,1396785759,00006445,4D601495,False,0,0,0,0,0.000000,0.000000,-1953460014,True,True
5155,371176,2583691264,150997099,1851877376,55425F64,025EB027,False,0,0,0,0,0.000000,0.000000,-150997043,True,True
5156,371248,1113550194,1682264897,3288334336,090008D4,7B5E9E24,False,0,0,0,0,0.000000,0.000000,-1682264841,True,True
5157,371320,786440,1701998438,1601008225,504D5542,B09F3D54,False,0,0,0,0,0.000000,0.000000,-1701998382,True,True
5158,371392,1297433183,25680,141270528,66000900,D5677648,False,1601466223,1347245378,100,551818,-135468355956141719552.000000,-135608732804683137024.000000,-25624,True,False
5159,371464,0,0,0,00000000,00000000,True,0,0,0,0,0.000000,0.000000,56,True,True
5160,371536,589840,1953460070,1396785759,00006445,E5487168,False,0,0,0,0,0.000000,0.000000,-1953460014,True,True
5161,371608,2583691264,150997099,1851877376,55425F64,AE128E89,False,0,0,0,0,0.000000,0.000000,-150997043,True,True
5162,371680,1113550194,1682264897,3288334336,090008D4,EDF39053,False,0,0,0,0,0.000000,0.000000,-1682264841,True,True
5163,371752,786440,1701998438,1601008225,504D5542,8F3FA5D2,False,0,0,0,0,0.000000,0.000000,-1701998382,True,True
5164,371824,1297433183,25680,141270528,66000900,6BD323E1,False,1601466223,1347245378,100,551818,-0.014282,-5618929010291620270919647232.000000,-25624,True,False
5165,371896,0,0,0,00000000,00000000,True,0,0,0,0,0.000000,0.000000,56,True,True
5166,371968,589840,1953460070,1396785759,00006445,77CA49F5,False,0,0,0,0,0.000000,0.000000,-1953460014,True,True
5167,372040,2583691264,150997099,1851877376,55425F64,EDAE9BA2,False,0,0,0,0,0.000000,0.000000,-150997043,True,True
5168,372112,1113550194,1682264897,3288334336,090008D4,B3943BEC,False,0,0,0,0,0.000000,0.000000,-1682264841,True,True
5169,372184,786440,1701998438,1601008225,504D5542,49708353,False,0,0,0,0,0.000000,0.000000,-1701998382,True,True
5170,372256,1297433183,25680,141270528,66000900,43A7DEC0,False,1601466223,1347245378,100,551818,442499360.000000,89214.015625,-25624,True,False
5171,372328,0,0,0,00000000,00000000,True,0,0,0,0,0.000000,0.000000,56,True,True
5172,372400,851984,1701867637,1836212594,4D55425F,CD908385,False,0,0,0,0,0.000000,0.000000,-1701867581,True,True
5173,372472,6574157,1804730368,589832,666C6163,5C7BD866,False,0,0,0,0,0.000000,0.000000,-1804730312,True,True
5174,372544,1113547886,1682264897,2415919104,0A00086B,D3FACFEE,False,0,0,0,0,0.000000,0.000000,-1682264841,True,True
5175,372616,201328747,1919903232,1836212581,5341425F,910A745D,False,0,0,0,0,0.000000,0.000000,-1919903176,True,True
5176,372688,1396785759,25669,148161536,66000900,8314AC3F,False,1601466223,1347245378,100,551818,-576880398317373974717447274496.000000,-0.000000,-25613,True,False
5177,372760,0,0,0,00000000,00000000,True,0,0,0,0,0.000000,0.000000,56,True,True
5178,372832,589840,1953460070,1297433183,00006450,A6F052EB,False,0,0,0,0,0.000000,0.000000,-1953460014,True,True
5179,372904,6574157,1804992512,786440,65726F66,04C03E26,False,0,0,0,0,0.000000,0.000000,-1804992456,True,True
5180,372976,1634074633,1113548131,1682264897,C0000000,A7D1ECA4,False,0,0,0,0,0.000000,0.000000,-1113548075,True,True
5181,373048,100,578751,1634205705,425F646E,DB86851A,False,0,0,0,0,0.000000,0.000000,-578695,True,True
5182,373120,1297433183,25680,141263360,66000900,1E3DDEE5,False,1601466223,1163084098,100,551816,0.000000,0.000000,-25624,True,False
5183,373192,0,0,0,00000000,00000000,True,0,0,0,0,0.000000,0.000000,56,True,True
5184,373264,589840,1953460070,1297433183,00006450,0B3717DB,False,0,0,0,0,0.000000,0.000000,-1953460014,True,True
5185,373336,6574157,1804992512,786440,65726F66,1F7A3164,False,0,0,0,0,0.000000,0.000000,-1804992456,True,True
5186,373408,1634074633,1113548131,1682264897,C0000000,59C4DBA1,False,0,0,0,0,0.000000,0.000000,-1113548075,True,True
5187,373480,100,578751,1634205705,425F646E,F7D73934,False,0,0,0,0,0.000000,0.000000,-578695,True,True
5188,373552,1297433183,25680,141263360,66000900,0A017F94,False,1601466223,1163084098,100,551816,17.125017,-5618841646511687182483193856.000000,-25624,True,False
5189,373624,0,0,0,00000000,00000000,True,0,0,0,0,0.000000,0.000000,56,True,True
5190,373696,589840,1953460070,1297433183,00006450,330DDC3C,False,0,0,0,0,0.000000,0.000000,-1953460014,True,True
5191,373768,6574157,1804992512,786440,65726F66,9E23EAFA,False,0,0,0,0,0.000000,0.000000,-1804992456,True,True
5192,373840,1634074633,1113548131,1682264897,C0000000,AA4380E2,False,0,0,0,0,0.000000,0.000000,-1113548075,True,True
5193,373912,100,578751,1634205705,425F646E,9C70B8D5,False,0,0,0,0,0.000000,0.000000,-578695,True,True
5194,373984,1297433183,25680,141263360,66000900,8B7B89AB,False,1601466223,1163084098,100,551816,-2084675254222848.000000,-1488681835692032.000000,-25624,True,False
5195,374056,0,0,0,00000000,00000000,True,0,0,0,0,0.000000,0.000000,56,True,True
5196,374128,589840,1953460070,1297433183,00006450,6C50161F,False,0,0,0,0,0.000000,0.000000,-1953460014,True,True
5197,374200,6574157,1804992512,786440,65726F66,2386409A,False,0,0,0,0,0.000000,0.000000,-1804992456,True,True
5198,374272,1634074633,1113548131,1682264897,C0000000,38E57D46,False,0,0,0,0,0.000000,0.000000,-1113548075,True,True
5199,374344,100,578751,1634205705,425F646E,F0BB956A,False,0,0,0,0,0.000000,0.000000,-578695,True,True
5200,374416,1297433183,25680,141263360,66000900,AAC2FE1B,False,1601466223,1163084098,100,551816,-135468355956141719552.000000,-135608732804683137024.000000,-25624,True,False
5201,374488,0,0,0,00000000,00000000,True,0,0,0,0,0.000000,0.000000,56,True,True
5202,374560,589840,1953460070,1396785759,00006445,C4C26F2D,False,0,0,0,0,0.000000,0.000000,-1953460014,True,True
5203,374632,1682264897,3271557120,134219988,67656C00,BAB8442B,False,0,0,0,0,0.000000,0.000000,-3271557064,True,True
5204,374704,1811941376,1113548645,1682264897,C2000000,E1E78816,False,0,0,0,0,0.000000,0.000000,-1113548589,True,True
5205,374776,100,551814,1633878025,425F666C,47267755,False,0,0,0,0,0.000000,0.000000,-551758,True,True
5206,374848,1396785759,25669,141266944,63000900,726E1938,False,1600547937,1347245378,100,551810,-0.014282,-5618929010291620270919647232.000000,-25613,True,False
5207,374920,0,0,0,00000000,00000000,True,0,0,0,0,0.000000,0.000000,56,True,True
5208,374992,589840,1718378851,1297433183,00006450,79E86D92,False,0,0,0,0,0.000000,0.000000,-1718378795,True,True
5209,375064,6574157,1805516800,655368,73726F74,B91157E9,False,0,0,0,0,0.000000,0.000000,-1805516744,True,True
5210,375136,1701998438,1601008225,1163084098,00000064,DABC3547,False,0,0,0,0,0.000000,0.000000,-1601008169,True,True
5211,375208,100,578756,1634074633,425F6563,E16B9949,False,0,0,0,0,0.000000,0.000000,-578700,True,True
5212,375280,1297433183,25680,141269504,68000900,E9D3D788,False,1600417377,1163084098,100,551824,442499360.000000,89214.015625,-25624,True,False
5213,375352,0,0,0,00000000,00000000,True,0,0,0,0,0.000000,0.000000,56,True,True
5214,375424,786448,1701998438,1601008225,45534142,9E8CF57F,False,0,0,0,0,0.000000,0.000000,-1701998382,True,True
5215,375496,1347245378,100,564450,6568000C,F1473773,False,1969185889,1094868848,6571347,2631663616,0.000000,75880027949731786718645099429888.000000,-44,True,False
5216,375568,564456,1868955660,1918985586,55425F6D,60A5E5F2,False,0,0,0,0,0.000000,0.000000,-1868955604,True,True
5217,375640,1113550707,1682264897,3825205248,0900089C,259F54C4,False,0,0,0,0,0.000000,0.000000,-1682264841,True,True
5218,375712,1919906816,1113550707,1682984277,E6000000,A5F58C08,False,0,0,0,0,0.000000,0.000000,-1113550651,True,True
5219,375784,1032358029,0,0,00000000,00000000,True,0,0,0,0,0.000000,0.000000,56,True,True
5220,375856,524304,1600611692,1347245378,00000064,8028C809,False,0,0,0,0,0.000000,0.000000,-1600611636,True,True
5221,375928,25680,144500224,1660946688,5F666C61,7161CF6B,False,0,0,0,0,0.000000,0.000000,-144500168,True,True
5222,376000,1601205599,1163084098,100,00089CDC,0304D2E9,False,0,0,0,0,0.000000,0.000000,-1163084042,True,True
5223,376072,100,564436,1868955660,72616572,0EDD0947,False,0,0,0,0,0.000000,0.000000,-564380,True,True
5224,376144,1113550707,1682264897,3825205248,0D00089C,2FA9EEE1,False,0,0,0,0,0.000000,0.000000,-1682264841,True,True
5225,376216,1034463395,0,0,00000000,00000000,True,0,0,0,0,0.000000,0.000000,56,True,True
5226,376288,786450,1935764583,1601398131,45534142,5C13814E,False,0,0,0,0,0.000000,0.000000,-1935764527,True,True
5227,376360,1347245378,100,573819,6F660009,C06EA493,False,1113551983,1682984277,1929379840,167774401,4742857775512113178207269683200.000000,55.858837,-44,True,False
5228,376432,786440,1684104552,1601205599,504D5542,A69B2C7B,False,0,0,0,0,0.000000,0.000000,-1684104496,True,True
5229,376504,1163084098,100,573817,7075000D,732BB7B0,False,1634887024,1113550194,1682984277,2332033024,0.000000,264487398916214489088.000000,-44,True,False
5230,376576,150997186,1818321664,1094868838,00644553,67AB9B77,False,0,0,0,0,0.000000,0.000000,-1818321608,True,True
5231,376648,6574157,3246850048,589832,3CBC6A7F,F4D2D245,False,0,0,0,0,0.000000,0.000000,-3246849992,True,True
5232,376720,16409,432,1,7B981680,7B981680,True,16409,573804,0,0,0.944497,0.000000,-376,True,False
5233,376792,218106050,1886418176,1918988901,41425F6D,B7F25008,False,0,0,0,0,0.000000,0.000000,-1886418120,True,True
5234,376864,1684104552,1601205599,1347245378,00000064,4CA0EECB,False,0,0,0,0,0.000000,0.000000,-1601205543,True,True
5235,376936,25669,146958848,1660946688,5F666C61,F511D058,False,0,0,0,0,0.000000,0.000000,-146958792,True,True
5236,377008,1396785759,25669,146895104,74000A00,11212BA9,False,1869836911,1297433183,25680,146900736,162323649711256203165872764747776.000000,4544511734139580198771576799232.000000,-25613,True,False
5237,377080,3261595648,786440,1701998438,5F6D7261,6EC41FCA,False,0,0,0,0,0.000000,0.000000,-786384,True,True
5238,377152,1064682127,1063339950,1046562734,00000000,D679C8FA,False,0,0,0,0,0.000000,0.000000,-1063339894,True,True
5239,377224,0,0,0,00000000,00000000,True,0,0,0,0,0.000000,0.000000,56,True,True
5240,377296,720898,1701011814,1113534559,64504D55,5D88EFB5,False,0,0,0,0,0.000000,0.000000,-1701011758,True,True
5241,377368,15795,536,1,EF738457,EF738457,True,15795,548808,0,0,0.912513,0.000000,-480,True,False
5242,377440,583770,1634074633,1113548131,64504D55,B7BE5434,False,0,0,0,0,0.000000,0.000000,-1634074577,True,True
5243,377512,1163084098,100,583761,6F66000C,2D3B68DB,False,1918985586,1094868845,6571347,3898015744,0.000000,71554226707576735662080.000000,-44,True,False
5244,377584,150997224,1851877376,1094868836,00644553,C02ACD58,False,0,0,0,0,0.000000,0.000000,-1851877320,True,True
5245,377656,1297433183,25680,149445120,6C000800,0A08CF15,False,1113548645,1682264897,1442840576,134220008,73608273461624145182720.000000,223618544.000000,-25624,True,False
5246,377728,1744833536,1600414053,1113550965,64455341,285EA2AA,False,0,0,0,0,0.000000,0.000000,-1600413997,True,True
5247,377800,100,583768,1702101002,5F687465,AB091FE7,False,0,0,0,0,0.000000,0.000000,-583712,True,True
5248,377872,1634887024,1113550194,1682264897,57000000,CE4A52D5,False,0,0,0,0,0.000000,0.000000,-1113550138,True,True
5249,377944,15797,536,1,B919847A,B919847A,True,15797,548296,0,0,0.867109,0.000000,-480,True,False
5250,378016,3898015744,917512,1684104552,776F645F,A7F78E85,False,0,0,0,0,0.000000,0.000000,-917456,True,True
5251,378088,1711278336,1600480097,1163084098,00000064,6F32317D,False,0,0,0,0,0.000000,0.000000,-1600480041,True,True
5252,378160,149461248,1694501888,1634493817,425F6873,FA39871B,False,0,0,0,0,0.000000,0.000000,-1694501832,True,True
5253,378232,1113548916,1682264897,1476395008,090008E8,249EBDA0,False,0,0,0,0,0.000000,0.000000,-1682264841,True,True
5254,378304,1702454528,1297433183,25680,08E85200,334FC3AA,False,0,0,0,0,0.000000,0.000000,-1297433127,True,True
5255,378376,100,583770,1702101002,5F687465,2E388AAB,False,0,0,0,0,0.000000,0.000000,-583714,True,True
5256,378448,1634887024,1113550194,1682264897,57000000,1819910B,False,0,0,0,0,0.000000,0.000000,-1113550138,True,True
5257,378520,12774,62,1,8C7E73CD,8C7E73CD,True,12774,460312,0,0,0.090312,0.000000,-6,True,False
5258,378592,0,0,0,00000000,00000000,True,0,0,0,0,0.000000,0.000000,56,True,True
5259,378664,1572865,1601135943,1818848083,6F63496C,C7A3CC6C,False,0,0,0,0,0.000000,0.000000,-1601135887,True,True
5260,378736,13574,62,1,8C1A49CE,8C1A49CE,True,13574,460312,0,0,0.090312,0.000000,-6,True,False
5261,378808,0,0,0,00000000,00000000,True,0,0,0,0,0.000000,0.000000,56,True,True
5262,378880,1572865,1601135943,1818848083,6F63496C,A9D57E2A,False,0,0,0,0,0.000000,0.000000,-1601135887,True,True
5263,378952,13576,62,1,761B0BAB,761B0BAB,True,13576,460312,0,0,0.090312,0.000000,-6,True,False
5264,379024,0,0,0,00000000,00000000,True,0,0,0,0,0.000000,0.000000,56,True,True
5265,379096,1572865,1601135943,1818848083,6F63496C,3393FD58,False,0,0,0,0,0.000000,0.000000,-1601135887,True,True
5266,379168,13578,62,1,66ACB9B4,66ACB9B4,True,13578,460312,0,0,0.090312,0.000000,-6,True,False
5267,379240,0,0,0,00000000,00000000,True,0,0,0,0,0.000000,0.000000,56,True,True
5268,379312,0,0,0,00000000,00000000,True,0,0,0,0,0.000000,0.000000,56,True,True
5269,379384,1572865,1601135943,1818848083,6F63496C,EA11DF5D,False,0,0,0,0,0.000000,0.000000,-1601135887,True,True
5270,379456,13581,62,1,F891278C,F891278C,True,13581,460312,0,0,0.090312,0.000000,-6,True,False
5271,379528,0,0,0,00000000,00000000,True,0,0,0,0,0.000000,0.000000,56,True,True
5272,379600,1572865,1601135943,1818848083,6F63496C,D10C8887,False,0,0,0,0,0.000000,0.000000,-1601135887,True,True
5273,379672,13583,62,1,55EB01A3,55EB01A3,True,13583,460312,0,0,0.090312,0.000000,-6,True,False
5274,379744,0,0,0,00000000,00000000,True,0,0,0,0,0.000000,0.000000,56,True,True
5275,379816,1572865,1601135943,1818848083,6F63496C,1553B78D,False,0,0,0,0,0.000000,0.000000,-1601135887,True,True
5276,379888,13585,62,1,50A60ACE,50A60ACE,True,13585,460312,0,0,0.090312,0.000000,-6,True,False
5277,379960,0,0,0,00000000,00000000,True,0,0,0,0,0.000000,0.000000,56,True,True
5278,380032,1572865,1601135943,1818848083,6F63496C,F81A86AE,False,0,0,0,0,0.000000,0.000000,-1601135887,True,True
5279,380104,13587,62,1,6AF5F18C,6AF5F18C,True,13587,460312,0,0,0.090312,0.000000,-6,True,False
5280,380176,0,0,0,00000000,00000000,True,0,0,0,0,0.000000,0.000000,56,True,True
5281,380248,1572865,1601135943,1818848083,6F63496C,2B7CD8FC,False,0,0,0,0,0.000000,0.000000,-1601135887,True,True
5282,380320,13589,62,1,00C444A1,00C444A1,True,13589,460312,0,0,0.090312,0.000000,-6,True,False
5283,380392,0,0,0,00000000,00000000,True,0,0,0,0,0.000000,0.000000,56,True,True
5284,380464,1572865,1601135943,1818848083,6F63496C,A280DCF3,False,0,0,0,0,0.000000,0.000000,-1601135887,True,True
5285,380536,13591,62,1,B377523D,B377523D,True,13591,460312,0,0,0.090312,0.000000,-6,True,False
5286,380608,0,0,0,00000000,00000000,True,0,0,0,0,0.000000,0.000000,56,True,True
5287,380680,1572865,1601135943,1818848083,6F63496C,D8A87724,False,0,0,0,0,0.000000,0.000000,-1601135887,True,True
5288,380752,13593,62,1,8B6A9699,8B6A9699,True,13593,460312,0,0,0.090312,0.000000,-6,True,False
5289,380824,0,0,0,00000000,00000000,True,0,0,0,0,0.000000,0.000000,56,True,True
5290,380896,1572865,1601135943,1818848083,6F63496C,5A6A9FFF,False,0,0,0,0,0.000000,0.000000,-1601135887,True,True
5291,380968,13595,62,1,D71BEB3B,D71BEB3B,True,13595,460312,0,0,0.090312,0.000000,-6,True,False
5292,381040,0,0,0,00000000,00000000,True,0,0,0,0,0.000000,0.000000,56,True,True
5293,381112,1572865,1601135943,1818848083,6F63496C,B71FB870,False,0,0,0,0,0.000000,0.000000,-1601135887,True,True
5294,381184,13597,62,1,3EEE672D,3EEE672D,True,13597,460312,0,0,0.090312,0.000000,-6,True,False
5295,381256,0,0,0,00000000,00000000,True,0,0,0,0,0.000000,0.000000,56,True,True
5296,381328,1572865,1601135943,1818848083,6F63496C,99B61369,False,0,0,0,0,0.000000,0.000000,-1601135887,True,True
5297,381400,13599,62,1,666ACAB2,666ACAB2,True,13599,460312,0,0,0.090312,0.000000,-6,True,False
5298,381472,0,0,0,00000000,00000000,True,0,0,0,0,0.000000,0.000000,56,True,True
5299,381544,1572865,1601135943,1818848083,6F63496C,4909E226,False,0,0,0,0,0.000000,0.000000,-1601135887,True,True
5300,381616,13601,62,1,CF773CDA,CF773CDA,True,13601,460312,0,0,0.090312,0.000000,-6,True,False
5301,381688,0,0,0,00000000,00000000,True,0,0,0,0,0.000000,0.000000,56,True,True
5302,381760,1572865,1601135943,1818848083,6F63496C,AD379618,False,0,0,0,0,0.000000,0.000000,-1601135887,True,True
5303,381832,13603,62,1,2C5E7592,2C5E7592,True,13603,460312,0,0,0.090312,0.000000,-6,True,False
5304,381904,0,0,0,00000000,00000000,True,0,0,0,0,0.000000,0.000000,56,True,True
5305,381976,1572865,1601135943,1818848083,6F63496C,8E272EFC,False,0,0,0,0,0.000000,0.000000,-1601135887,True,True
5306,382048,13605,62,1,6E4A91CA,6E4A91CA,True,13605,460312,0,0,0.090312,0.000000,-6,True,False
5307,382120,0,0,0,00000000,00000000,True,0,0,0,0,0.000000,0.000000,56,True,True
5308,382192,1572865,1601135943,1818848083,6F63496C,F7D1E7AE,False,0,0,0,0,0.000000,0.000000,-1601135887,True,True
5309,382264,13607,62,1,A53EF340,A53EF340,True,13607,460312,0,0,0.090312,0.000000,-6,True,False
5310,382336,0,0,0,00000000,00000000,True,0,0,0,0,0.000000,0.000000,56,True,True
5311,382408,1572865,1601135943,1818848083,6F63496C,83A5D862,False,0,0,0,0,0.000000,0.000000,-1601135887,True,True
5312,382480,13609,62,1,F109A7A4,F109A7A4,True,13609,460312,0,0,0.090312,0.000000,-6,True,False
5313,382552,0,0,0,00000000,00000000,True,0,0,0,0,0.000000,0.000000,56,True,True
5314,382624,1572865,1601135943,1818848083,6F63496C,D0F080A6,False,0,0,0,0,0.000000,0.000000,-1601135887,True,True
5315,382696,13611,62,1,AA3A0413,AA3A0413,True,13611,460312,0,0,0.090312,0.000000,-6,True,False
5316,382768,0,0,0,00000000,00000000,True,0,0,0,0,0.000000,0.000000,56,True,True
5317,382840,1572865,1601135943,1818848083,6F63496C,73447DE4,False,0,0,0,0,0.000000,0.000000,-1601135887,True,True
5318,382912,13613,62,1,D3DCF1CA,D3DCF1CA,True,13613,460312,0,0,0.090312,0.000000,-6,True,False
5319,382984,0,0,0,00000000,00000000,True,0,0,0,0,0.000000,0.000000,56,True,True
5320,383056,1572865,1601135943,1818848083,6F63496C,1A0861AA,False,0,0,0,0,0.000000,0.000000,-1601135887,True,True
5321,383128,13615,62,1,C088F50F,C088F50F,True,13615,460312,0,0,0.090312,0.000000,-6,True,False
5322,383200,0,0,0,00000000,00000000,True,0,0,0,0,0.000000,0.000000,56,True,True
5323,383272,1572865,1601135943,1818848083,6F63496C,79C2294F,False,0,0,0,0,0.000000,0.000000,-1601135887,True,True
5324,383344,13617,62,1,A9C3AC67,A9C3AC67,True,13617,460312,0,0,0.090312,0.000000,-6,True,False
5325,383416,0,0,0,00000000,00000000,True,0,0,0,0,0.000000,0.000000,56,True,True
5326,383488,1572865,1601135943,1818848083,6F63496C,0C5C8BDE,False,0,0,0,0,0.000000,0.000000,-1601135887,True,True
5327,383560,13619,62,1,3E45F77E,3E45F77E,True,13619,460312,0,0,0.090312,0.000000,-6,True,False
5328,383632,0,0,0,00000000,00000000,True,0,0,0,0,0.000000,0.000000,56,True,True
5329,383704,1572865,1601135943,1818848083,6F63496C,B4432365,False,0,0,0,0,0.000000,0.000000,-1601135887,True,True
5330,383776,13621,62,1,CDF4E151,CDF4E151,True,13621,460312,0,0,0.090312,0.000000,-6,True,False
5331,383848,0,0,0,00000000,00000000,True,0,0,0,0,0.000000,0.000000,56,True,True
5332,383920,1572865,1601135943,1818848083,6F63496C,B8FA4538,False,0,0,0,0,0.000000,0.000000,-1601135887,True,True
5333,383992,13623,62,1,BC230BBB,BC230BBB,True,13623,460312,0,0,0.090312,0.000000,-6,True,False
5334,384064,0,0,0,00000000,00000000,True,0,0,0,0,0.000000,0.000000,56,True,True
5335,384136,1572865,1601135943,1818848083,6F63496C,709D67F1,False,0,0,0,0,0.000000,0.000000,-1601135887,True,True
5336,384208,13625,62,1,1E25A070,1E25A070,True,13625,460312,0,0,0.090312,0.000000,-6,True,False
5337,384280,0,0,0,00000000,00000000,True,0,0,0,0,0.000000,0.000000,56,True,True
5338,384352,1572865,1601135943,1818848083,6F63496C,EB1C5496,False,0,0,0,0,0.000000,0.000000,-1601135887,True,True
5339,384424,13627,62,1,51839D26,51839D26,True,13627,460312,0,0,0.090312,0.000000,-6,True,False
5340,384496,0,0,0,00000000,00000000,True,0,0,0,0,0.000000,0.000000,56,True,True
5341,384568,1572865,1601135943,1818848083,6F63496C,079DB725,False,0,0,0,0,0.000000,0.000000,-1601135887,True,True
5342,384640,13629,62,1,2CE8C275,2CE8C275,True,13629,460312,0,0,0.090312,0.000000,-6,True,False
5343,384712,0,0,0,00000000,00000000,True,0,0,0,0,0.000000,0.000000,56,True,True
5344,384784,1572865,1601135943,1818848083,6F63496C,73B2CDB7,False,0,0,0,0,0.000000,0.000000,-1601135887,True,True
5345,384856,13631,62,1,8192E45A,8192E45A,True,13631,460312,0,0,0.090312,0.000000,-6,True,False
5346,384928,0,0,0,00000000,00000000,True,0,0,0,0,0.000000,0.000000,56,True,True
5347,385000,1572865,1601135943,1818848083,6F63496C,58DBDA16,False,0,0,0,0,0.000000,0.000000,-1601135887,True,True
5348,385072,13633,62,1,AB8EE52A,AB8EE52A,True,13633,460312,0,0,0.090312,0.000000,-6,True,False
5349,385144,0,0,0,00000000,00000000,True,0,0,0,0,0.000000,0.000000,56,True,True
5350,385216,1572865,1601135943,1818848083,6F63496C,59893FD2,False,0,0,0,0,0.000000,0.000000,-1601135887,True,True
5351,385288,13635,62,1,C77389A9,C77389A9,True,13635,460312,0,0,0.090312,0.000000,-6,True,False
5352,385360,0,0,0,00000000,00000000,True,0,0,0,0,0.000000,0.000000,56,True,True
5353,385432,1572865,1601135943,1818848083,6F63496C,C7A5CC05,False,0,0,0,0,0.000000,0.000000,-1601135887,True,True
5354,385504,13637,62,1,D61E84FF,D61E84FF,True,13637,460312,0,0,0.090312,0.000000,-6,True,False
5355,385576,0,0,0,00000000,00000000,True,0,0,0,0,0.000000,0.000000,56,True,True
5356,385648,1572865,1601135943,1818848083,6F63496C,1FC4848D,False,0,0,0,0,0.000000,0.000000,-1601135887,True,True
5357,385720,13639,62,1,240D572E,240D572E,True,13639,460312,0,0,0.090312,0.000000,-6,True,False
5358,385792,0,0,0,00000000,00000000,True,0,0,0,0,0.000000,0.000000,56,True,True
5359,385864,1572865,1601135943,1818848083,6F63496C,C725B92C,False,0,0,0,0,0.000000,0.000000,-1601135887,True,True
5360,385936,13641,62,1,8C03EA45,8C03EA45,True,13641,460312,0,0,0.090312,0.000000,-6,True,False
5361,386008,0,0,0,00000000,00000000,True,0,0,0,0,0.000000,0.000000,56,True,True
5362,386080,1572865,1601135943,1818848083,6F63496C,0C6FF6F1,False,0,0,0,0,0.000000,0.000000,-1601135887,True,True
5363,386152,13643,62,1,32AE8C9E,32AE8C9E,True,13643,460312,0,0,0.090312,0.000000,-6,True,False
5364,386224,0,0,0,00000000,00000000,True,0,0,0,0,0.000000,0.000000,56,True,True
5365,386296,1572865,1601135943,1818848083,6F63496C,0C6913A9,False,0,0,0,0,0.000000,0.000000,-1601135887,True,True
5366,386368,13645,62,1,84664D84,84664D84,True,13645,460312,0,0,0.090312,0.000000,-6,True,False
5367,386440,0,0,0,00000000,00000000,True,0,0,0,0,0.000000,0.000000,56,True,True
5368,386512,1572865,1601135943,1818848083,6F63496C,51D34038,False,0,0,0,0,0.000000,0.000000,-1601135887,True,True
5369,386584,13647,62,1,BAB81C4C,BAB81C4C,True,13647,460312,0,0,0.090312,0.000000,-6,True,False
5370,386656,0,0,0,00000000,00000000,True,0,0,0,0,0.000000,0.000000,56,True,True
5371,386728,1572865,1601135943,1818848083,6F63496C,944F4DE0,False,0,0,0,0,0.000000,0.000000,-1601135887,True,True
5372,386800,13649,62,1,DED5AD52,DED5AD52,True,13649,460312,0,0,0.090312,0.000000,-6,True,False
5373,386872,0,0,0,00000000,00000000,True,0,0,0,0,0.000000,0.000000,56,True,True
5374,386944,1572865,1601135943,1818848083,6F63496C,2C89C7F6,False,0,0,0,0,0.000000,0.000000,-1601135887,True,True
5375,387016,13651,62,1,8B4F708A,8B4F708A,True,13651,460312,0,0,0.090312,0.000000,-6,True,False
5376,387088,0,0,0,00000000,00000000,True,0,0,0,0,0.000000,0.000000,56,True,True
5377,387160,1572865,1601135943,1818848083,6F63496C,5C6E18F9,False,0,0,0,0,0.000000,0.000000,-1601135887,True,True
5378,387232,13653,62,1,61F3255E,61F3255E,True,13653,460312,0,0,0.090312,0.000000,-6,True,False
5379,387304,0,0,0,00000000,00000000,True,0,0,0,0,0.000000,0.000000,56,True,True
5380,387376,1572865,1601135943,1818848083,6F63496C,32EDC23F,False,0,0,0,0,0.000000,0.000000,-1601135887,True,True
5381,387448,13655,62,1,3D8258FC,3D8258FC,True,13655,460312,0,0,0.090312,0.000000,-6,True,False
5382,387520,0,0,0,00000000,00000000,True,0,0,0,0,0.000000,0.000000,56,True,True
5383,387592,1572865,1601135943,1818848083,6F63496C,86127BE3,False,0,0,0,0,0.000000,0.000000,-1601135887,True,True
5384,387664,13657,62,1,82AE755E,82AE755E,True,13657,460312,0,0,0.090312,0.000000,-6,True,False
5385,387736,0,0,0,00000000,00000000,True,0,0,0,0,0.000000,0.000000,56,True,True
5386,387808,1572865,1601135943,1818848083,6F63496C,E528CBDC,False,0,0,0,0,0.000000,0.000000,-1601135887,True,True
5387,387880,13659,62,1,C9FD9835,C9FD9835,True,13659,460312,0,0,0.090312,0.000000,-6,True,False
5388,387952,0,0,0,00000000,00000000,True,0,0,0,0,0.000000,0.000000,56,True,True
5389,388024,1572865,1601135943,1818848083,6F63496C,779B88C6,False,0,0,0,0,0.000000,0.000000,-1601135887,True,True
5390,388096,13661,62,1,83C7C303,83C7C303,True,13661,460312,0,0,0.090312,0.000000,-6,True,False
5391,388168,0,0,0,00000000,00000000,True,0,0,0,0,0.000000,0.000000,56,True,True
5392,388240,1572865,1601135943,1818848083,6F63496C,C3F3CB73,False,0,0,0,0,0.000000,0.000000,-1601135887,True,True
5393,388312,13663,62,1,93C37808,93C37808,True,13663,460312,0,0,0.090312,0.000000,-6,True,False
5394,388384,0,0,0,00000000,00000000,True,0,0,0,0,0.000000,0.000000,56,True,True
5395,388456,1572865,1601135943,1818848083,6F63496C,7F8D49F6,False,0,0,0,0,0.000000,0.000000,-1601135887,True,True
5396,388528,13665,62,1,9A8A952D,9A8A952D,True,13665,460312,0,0,0.090312,0.000000,-6,True,False
5397,388600,0,0,0,00000000,00000000,True,0,0,0,0,0.000000,0.000000,56,True,True
5398,388672,1572865,1601135943,1818848083,6F63496C,18346B61,False,0,0,0,0,0.000000,0.000000,-1601135887,True,True
5399,388744,13667,62,1,B46D0EB3,B46D0EB3,True,13667,460312,0,0,0.090312,0.000000,-6,True,False
5400,388816,0,0,0,00000000,00000000,True,0,0,0,0,0.000000,0.000000,56,True,True
5401,388888,1572865,1601135943,1818848083,6F63496C,3735E53F,False,0,0,0,0,0.000000,0.000000,-1601135887,True,True
5402,388960,13669,62,1,BBC93356,BBC93356,True,13669,460312,0,0,0.090312,0.000000,-6,True,False
5403,389032,0,0,0,00000000,00000000,True,0,0,0,0,0.000000,0.000000,56,True,True
5404,389104,1572865,1601135943,1818848083,6F63496C,152F3C4D,False,0,0,0,0,0.000000,0.000000,-1601135887,True,True
5405,389176,13671,62,1,087A25CA,087A25CA,True,13671,460312,0,0,0.090312,0.000000,-6,True,False
5406,389248,0,0,0,00000000,00000000,True,0,0,0,0,0.000000,0.000000,56,True,True
5407,389320,1572865,1601135943,1818848083,6F63496C,54B3CFF8,False,0,0,0,0,0.000000,0.000000,-1601135887,True,True
5408,389392,13673,62,1,841851AE,841851AE,True,13673,460312,0,0,0.090312,0.000000,-6,True,False
5409,389464,0,0,0,00000000,00000000,True,0,0,0,0,0.000000,0.000000,56,True,True
5410,389536,1572865,1601135943,1818848083,6F63496C,F17BEB52,False,0,0,0,0,0.000000,0.000000,-1601135887,True,True
5411,389608,13675,62,1,37AB4732,37AB4732,True,13675,460312,0,0,0.090312,0.000000,-6,True,False
5412,389680,0,0,0,00000000,00000000,True,0,0,0,0,0.000000,0.000000,56,True,True
5413,389752,1572865,1601135943,1818848083,6F63496C,09517490,False,0,0,0,0,0.000000,0.000000,-1601135887,True,True
5414,389824,13677,62,1,380F7AD7,380F7AD7,True,13677,460312,0,0,0.090312,0.000000,-6,True,False
5415,389896,0,0,0,00000000,00000000,True,0,0,0,0,0.000000,0.000000,56,True,True
5416,389968,1572865,1601135943,1818848083,6F63496C,A0804143,False,0,0,0,0,0.000000,0.000000,-1601135887,True,True
5417,390040,13679,62,1,589A58E2,589A58E2,True,13679,460312,0,0,0.090312,0.000000,-6,True,False
5418,390112,0,0,0,00000000,00000000,True,0,0,0,0,0.000000,0.000000,56,True,True
5419,390184,1572865,1601135943,1818848083,6F63496C,EE5ABAC1,False,0,0,0,0,0.000000,0.000000,-1601135887,True,True
5420,390256,13681,62,1,543CF3F5,543CF3F5,True,13681,460312,0,0,0.090312,0.000000,-6,True,False
5421,390328,0,0,0,00000000,00000000,True,0,0,0,0,0.000000,0.000000,56,True,True
5422,390400,1572865,1601135943,1818848083,6F63496C,FE9CBD59,False,0,0,0,0,0.000000,0.000000,-1601135887,True,True
5423,390472,13683,62,1,EE644513,EE644513,True,13683,460312,0,0,0.090312,0.000000,-6,True,False
5424,390544,0,0,0,00000000,00000000,True,0,0,0,0,0.000000,0.000000,56,True,True
5425,390616,1572865,1601135943,1818848083,6F63496C,255AE3C0,False,0,0,0,0,0.000000,0.000000,-1601135887,True,True
5426,390688,13685,62,1,7D07C390,7D07C390,True,13685,460312,0,0,0.090312,0.000000,-6,True,False
5427,390760,0,0,0,00000000,00000000,True,0,0,0,0,0.000000,0.000000,56,True,True
5428,390832,1572865,1601135943,1818848083,6F63496C,56A53A59,False,0,0,0,0,0.000000,0.000000,-1601135887,True,True
5429,390904,13687,62,1,FEE811E2,FEE811E2,True,13687,460312,0,0,0.090312,0.000000,-6,True,False
5430,390976,0,0,0,00000000,00000000,True,0,0,0,0,0.000000,0.000000,56,True,True
5431,391048,1572865,1601135943,1818848083,6F63496C,588D9694,False,0,0,0,0,0.000000,0.000000,-1601135887,True,True
5432,391120,13689,62,1,0C6B1DCD,0C6B1DCD,True,13689,460312,0,0,0.090312,0.000000,-6,True,False
5433,391192,0,0,0,00000000,00000000,True,0,0,0,0,0.000000,0.000000,56,True,True
5434,391264,1572865,1601135943,1818848083,6F63496C,19B569CF,False,0,0,0,0,0.000000,0.000000,-1601135887,True,True
5435,391336,13691,62,1,9FC9CC58,9FC9CC58,True,13691,460312,0,0,0.090312,0.000000,-6,True,False
5436,391408,0,0,0,00000000,00000000,True,0,0,0,0,0.000000,0.000000,56,True,True
5437,391480,1572865,1601135943,1818848083,6F63496C,FCAE2505,False,0,0,0,0,0.000000,0.000000,-1601135887,True,True
5438,391552,13693,62,1,998651C7,998651C7,True,13693,460312,0,0,0.090312,0.000000,-6,True,False
5439,391624,0,0,0,00000000,00000000,True,0,0,0,0,0.000000,0.000000,56,True,True
5440,391696,1572865,1601135943,1818848083,6F63496C,681B942D,False,0,0,0,0,0.000000,0.000000,-1601135887,True,True
5441,391768,13695,62,1,DB3E1CD6,DB3E1CD6,True,13695,460312,0,0,0.090312,0.000000,-6,True,False
5442,391840,0,0,0,00000000,00000000,True,0,0,0,0,0.000000,0.000000,56,True,True
5443,391912,1572865,1601135943,1818848083,6F63496C,FC922CBA,False,0,0,0,0,0.000000,0.000000,-1601135887,True,True
5444,391984,13697,62,1,045E2647,045E2647,True,13697,460312,0,0,0.090312,0.000000,-6,True,False
5445,392056,0,0,0,00000000,00000000,True,0,0,0,0,0.000000,0.000000,56,True,True
5446,392128,1572865,1601135943,1818848083,6F63496C,B8787B6F,False,0,0,0,0,0.000000,0.000000,-1601135887,True,True
5447,392200,13699,62,1,31770E9B,31770E9B,True,13699,460312,0,0,0.090312,0.000000,-6,True,False
5448,392272,0,0,0,00000000,00000000,True,0,0,0,0,0.000000,0.000000,56,True,True
5449,392344,1572865,1601135943,1818848083,6F63496C,2946CCBF,False,0,0,0,0,0.000000,0.000000,-1601135887,True,True
5450,392416,15994,62,1,820E2174,820E2174,True,15994,460312,0,0,0.090312,0.000000,-6,True,False
5451,392488,0,0,0,00000000,00000000,True,0,0,0,0,0.000000,0.000000,56,True,True
5452,392560,1572865,1601135943,1818848083,6F63496C,C2B0F34F,False,0,0,0,0,0.000000,0.000000,-1601135887,True,True
5453,392632,15996,62,1,8441BCEB,8441BCEB,True,15996,460312,0,0,0.090312,0.000000,-6,True,False
5454,392704,0,0,0,00000000,00000000,True,0,0,0,0,0.000000,0.000000,56,True,True
5455,392776,1572865,1601135943,1818848083,6F63496C,23555B7F,False,0,0,0,0,0.000000,0.000000,-1601135887,True,True
5456,392848,15998,62,1,3E190A0D,3E190A0D,True,15998,460312,0,0,0.090312,0.000000,-6,True,False
5457,392920,0,0,0,00000000,00000000,True,0,0,0,0,0.000000,0.000000,56,True,True
5458,392992,720897,1852399949,1113534559,64455341,2B6D27AF,False,0,0,0,0,0.000000,0.000000,-1852399893,True,True
5459,393064,720897,1852399949,1113534559,64455341,B7244AF4,False,0,0,0,0,0.000000,0.000000,-1852399893,True,True
5460,393136,720897,1852399949,1113534559,64455341,49F77A3A,False,0,0,0,0,0.000000,0.000000,-1852399893,True,True
5461,393208,720897,1852399949,1113534559,64455341,ACAF91BE,False,0,0,0,0,0.000000,0.000000,-1852399893,True,True
5462,393280,720897,1852399949,1113534559,64455341,337506D5,False,0,0,0,0,0.000000,0.000000,-1852399893,True,True
5463,393352,720897,1852399949,1113534559,64455341,15627AE4,False,0,0,0,0,0.000000,0.000000,-1852399893,True,True
5464,393424,720897,1852399949,1113534559,64455341,AEBC5384,False,0,0,0,0,0.000000,0.000000,-1852399893,True,True
5465,393496,720897,1852399949,1113534559,64455341,30207119,False,0,0,0,0,0.000000,0.000000,-1852399893,True,True
5466,393568,0,0,0,00000000,00000000,True,0,0,0,0,0.000000,0.000000,56,True,True
5467,393640,720897,1852399949,1113534559,64455341,53370AA4,False,0,0,0,0,0.000000,0.000000,-1852399893,True,True
5468,393712,0,0,0,00000000,00000000,True,0,0,0,0,0.000000,0.000000,56,True,True
5469,393784,0,0,0,00000000,00000000,True,0,0,0,0,0.000000,0.000000,56,True,True
5470,393856,0,0,0,00000000,00000000,True,0,0,0,0,0.000000,0.000000,56,True,True
5471,393928,0,0,0,00000000,00000000,True,0,0,0,0,0.000000,0.000000,56,True,True
5472,394000,0,0,0,00000000,00000000,True,0,0,0,0,0.000000,0.000000,56,True,True
5473,394072,0,0,0,00000000,00000000,True,0,0,0,0,0.000000,0.000000,56,True,True
5474,394144,0,0,0,00000000,00000000,True,0,0,0,0,0.000000,0.000000,56,True,True
5475,394216,0,0,0,00000000,00000000,True,0,0,0,0,0.000000,0.000000,56,True,True
5476,394288,0,0,0,00000000,00000000,True,0,0,0,0,0.000000,0.000000,56,True,True
5477,394360,0,0,0,00000000,00000000,True,0,0,0,0,0.000000,0.000000,56,True,True
5478,394432,1048577,1667329136,1835101797,5F305F65,EAF23765,False,0,0,0,0,0.000000,0.000000,-1667329080,True,True
5479,394504,13987,113,1,96AC9F28,96AC9F28,True,13987,279184,0,0,0.446410,0.000000,-57,True,False
5480,394576,1113534559,1682264897,2147483648,090007B2,CE1D2C42,False,0,0,0,0,0.000000,0.000000,-1682264841,True,True
5481,394648,14036,95,1,E110AFAC,E110AFAC,True,14036,422052,0,0,0.095717,0.000000,-39,True,False
5482,394720,1683182415,805306368,201328548,786F4200,F674D895,False,0,0,0,0,0.000000,0.000000,-805306312,True,True
5483,394792,14037,28,1,63A1672D,63A1672D,True,14037,422052,0,0,0.095717,0.000000,28,True,False
5484,394864,12348,28,1,0F4E81C6,0F4E81C6,True,12348,41076,0,0,0.212566,0.000000,28,True,False
5485,394936,12420,28,1,8A457D5E,8A457D5E,True,12420,543494,0,0,0.345180,0.000000,28,True,False
5486,395008,11866,28,1,71D90087,71D90087,True,11866,45570,0,0,0.047937,0.000000,28,True,False
5487,395080,11868,28,1,35B11161,35B11161,True,11868,136182,0,0,0.058635,0.000000,28,True,False
5488,395152,12249,28,1,DD7CBC42,DD7CBC42,True,12249,358253,0,0,0.046854,0.000000,28,True,False
5489,395224,12394,86,1,D451B0A7,D451B0A7,True,12394,45570,0,0,0.047937,0.000000,-30,True,False
5490,395296,1699151886,1702127983,1597005677,45534142,B89C158E,False,0,0,0,0,0.000000,0.000000,-1702127927,True,True
5491,395368,786436,813199170,1597005617,45534142,2D6D2836,False,0,0,0,0,0.000000,0.000000,-813199114,True,True
5492,395440,983048,1886348615,863269473,425F305F,BB5DE49E,False,0,0,0,0,0.000000,0.000000,-1886348559,True,True
5493,395512,0,0,0,00000000,00000000,True,0,0,0,0,0.000000,0.000000,56,True,True
5494,395584,0,0,0,00000000,00000000,True,0,0,0,0,0.000000,0.000000,56,True,True
5495,395656,0,0,0,00000000,00000000,True,0,0,0,0,0.000000,0.000000,56,True,True
5496,395728,1114114,1668244807,1651335528,305F7265,03204AA7,False,0,0,0,0,0.000000,0.000000,-1668244751,True,True
5497,395800,11883,79,1,E778A691,E778A691,True,11883,32479,0,0,0.352096,0.000000,-23,True,False
5498,395872,811560293,1396785759,25669,01EFF500,31E83C64,False,0,0,0,0,0.000000,0.000000,-1396785703,True,True
5499,395944,1114114,1668244807,1651335528,305F7265,BD9B05CA,False,0,0,0,0,0.000000,0.000000,-1668244751,True,True
5500,396016,11885,79,1,46E5EFFF,46E5EFFF,True,11885,32479,0,0,0.352096,0.000000,-23,True,False
5501,396088,811560293,1396785759,25669,05C0ED00,04F02529,False,0,0,0,0,0.000000,0.000000,-1396785703,True,True
5502,396160,0,0,0,00000000,00000000,True,0,0,0,0,0.000000,0.000000,56,True,True
5503,396232,917506,1768908103,1601004916,41425F30,937DC233,False,0,0,0,0,0.000000,0.000000,-1768908047,True,True
5504,396304,11888,79,1,8117ECEE,8117ECEE,True,11888,186069,0,0,0.362190,0.000000,-23,True,False
5505,396376,811560293,1396785759,25669,01EFF500,8A25748A,False,0,0,0,0,0.000000,0.000000,-1396785703,True,True
5506,396448,1114114,1668244807,1651335528,305F7265,91C7C8A6,False,0,0,0,0,0.000000,0.000000,-1668244751,True,True
5507,396520,11890,79,1,3208192E,3208192E,True,11890,186069,0,0,0.362190,0.000000,-23,True,False
5508,396592,811560293,1396785759,25669,01F0BE00,9D1A6678,False,0,0,0,0,0.000000,0.000000,-1396785703,True,True
5509,396664,0,0,0,00000000,00000000,True,0,0,0,0,0.000000,0.000000,56,True,True
5510,396736,917506,1768908103,1601004916,41425F30,A1CAAAB2,False,0,0,0,0,0.000000,0.000000,-1768908047,True,True
5511,396808,11893,79,1,FC813C73,FC813C73,True,11893,186069,0,0,0.362190,0.000000,-23,True,False
5512,396880,811560293,1396785759,25669,05C0ED00,B860A83E,False,0,0,0,0,0.000000,0.000000,-1396785703,True,True
5513,396952,1114114,1668244807,1651335528,305F7265,D506E2A8,False,0,0,0,0,0.000000,0.000000,-1668244751,True,True
5514,397024,12009,28,1,51834767,51834767,True,12009,545718,0,0,0.508994,0.000000,28,True,False
5515,397096,12011,28,1,FF393712,FF393712,True,12011,544192,0,0,0.340336,0.000000,28,True,False
5516,397168,12188,78,1,F5D48550,F5D48550,True,12188,30269,0,0,0.172853,0.000000,-22,True,False
5517,397240,1597005677,1163084098,100,0001F0E0,439E081C,False,0,0,0,0,0.000000,0.000000,-1163084042,True,True
5518,397312,0,0,0,00000000,00000000,True,0,0,0,0,0.000000,0.000000,56,True,True
5519,397384,1048578,1651467591,1701999201,5F305F6C,A1648F8E,False,0,0,0,0,0.000000,0.000000,-1651467535,True,True
5520,397456,12191,78,1,32767FED,32767FED,True,12191,30269,0,0,0.172853,0.000000,-22,True,False
5521,397528,1597005677,1163084098,100,0003F2C9,A624B90F,False,0,0,0,0,0.000000,0.000000,-1163084042,True,True
5522,397600,917506,1768908103,1601004916,41425F30,20FA7103,False,0,0,0,0,0.000000,0.000000,-1768908047,True,True
5523,397672,12193,78,1,D094C94F,D094C94F,True,12193,30269,0,0,0.172853,0.000000,-22,True,False
5524,397744,1597005676,1163084098,100,0005C0FC,19F128CC,False,0,0,0,0,0.000000,0.000000,-1163084042,True,True
5525,397816,917506,1768908103,1601004916,41425F30,700F5E28,False,0,0,0,0,0.000000,0.000000,-1768908047,True,True
5526,397888,12195,78,1,8A115CEF,8A115CEF,True,12195,30269,0,0,0.172853,0.000000,-22,True,False
5527,397960,1597005676,1163084098,100,0005C0FD,7279E7F0,False,0,0,0,0,0.000000,0.000000,-1163084042,True,True
5528,398032,917506,1768908103,1601004916,41425F30,4EB5B355,False,0,0,0,0,0.000000,0.000000,-1768908047,True,True
5529,398104,12197,78,1,97BECD22,97BECD22,True,12197,30269,0,0,0.172853,0.000000,-22,True,False
5530,398176,1597005676,1163084098,100,0005C104,4E1115A1,False,0,0,0,0,0.000000,0.000000,-1163084042,True,True
5531,398248,917506,1768908103,1601004916,41425F30,3A8B69E2,False,0,0,0,0,0.000000,0.000000,-1768908047,True,True
5532,398320,12199,78,1,CD3B5882,CD3B5882,True,12199,30269,0,0,0.172853,0.000000,-22,True,False
5533,398392,1597005676,1163084098,100,0005C105,21AD75EF,False,0,0,0,0,0.000000,0.000000,-1163084042,True,True
5534,398464,917506,1768908103,1601004916,41425F30,B76A662C,False,0,0,0,0,0.000000,0.000000,-1768908047,True,True
5535,398536,12201,78,1,EF5A4A21,EF5A4A21,True,12201,30269,0,0,0.172853,0.000000,-22,True,False
5536,398608,1597005676,1163084098,100,000605CF,3786580D,False,0,0,0,0,0.000000,0.000000,-1163084042,True,True
5537,398680,917506,1768908103,1601004916,41425F30,99335491,False,0,0,0,0,0.000000,0.000000,-1768908047,True,True
5538,398752,12231,28,1,607ECECA,607ECECA,True,12231,185865,0,0,0.532335,0.000000,28,True,False
5539,398824,12233,28,1,A7105D55,A7105D55,True,12233,50201,0,0,0.575427,0.000000,28,True,False
5540,398896,12235,28,1,1CDAE400,1CDAE400,True,12235,50230,0,0,0.546848,0.000000,28,True,False
5541,398968,12237,28,1,405E9CBA,405E9CBA,True,12237,50189,0,0,0.503481,0.000000,28,True,False
5542,399040,12238,52,1,A87C808B,A87C808B,True,12238,50189,0,0,0.503481,0.000000,4,True,False
5543,399112,12239,52,1,EFF12BB9,EFF12BB9,True,12239,50189,0,0,0.503481,0.000000,4,True,False
5544,399184,12240,52,1,EC3F0CC0,EC3F0CC0,True,12240,50189,0,0,0.503481,0.000000,4,True,False
5545,399256,12241,52,1,79E2ADAA,79E2ADAA,True,12241,50189,0,0,0.503481,0.000000,4,True,False
5546,399328,12243,28,1,F3897477,F3897477,True,12243,9280,0,0,0.505218,0.000000,28,True,False
5547,399400,12244,79,1,91DD5507,91DD5507,True,12244,9280,0,0,0.505218,0.000000,-23,True,False
5548,399472,811560293,1396785759,25669,060E0400,A0B51E74,False,0,0,0,0,0.000000,0.000000,-1396785703,True,True
5549,399544,917506,1768908103,1601004916,41425F30,8B13FEEB,False,0,0,0,0,0.000000,0.000000,-1768908047,True,True
5550,399616,12246,79,1,960B80F7,960B80F7,True,12246,9280,0,0,0.505218,0.000000,-23,True,False
5551,399688,811561573,1396785759,25669,060E0300,F15ECF22,False,0,0,0,0,0.000000,0.000000,-1396785703,True,True
5552,399760,917506,1768908103,1601004916,41425F30,3136FF76,False,0,0,0,0,0.000000,0.000000,-1768908047,True,True
5553,399832,12267,79,1,4355E5F7,4355E5F7,True,12267,394756,0,0,0.406409,0.000000,-23,True,False
5554,399904,811561573,1396785759,25669,0605EB00,E582CEC6,False,0,0,0,0,0.000000,0.000000,-1396785703,True,True
5555,399976,917506,1768908103,1601004916,41425F30,0A64371D,False,0,0,0,0,0.000000,0.000000,-1768908047,True,True
5556,400048,12269,79,1,28B95AB4,28B95AB4,True,12269,394756,0,0,0.406409,0.000000,-23,True,False
5557,400120,811561573,1396785759,25669,0605EE00,51F0694C,False,0,0,0,0,0.000000,0.000000,-1396785703,True,True
5558,400192,0,0,0,00000000,00000000,True,0,0,0,0,0.000000,0.000000,56,True,True
5559,400264,0,0,0,00000000,00000000,True,0,0,0,0,0.000000,0.000000,56,True,True
5560,400336,0,0,0,00000000,00000000,True,0,0,0,0,0.000000,0.000000,56,True,True
5561,400408,1114114,1668244807,1651335528,305F7265,578A9A57,False,0,0,0,0,0.000000,0.000000,-1668244751,True,True
5562,400480,12345,79,1,53EA2D60,53EA2D60,True,12345,8781,0,0,0.517970,0.000000,-23,True,False
5563,400552,811561573,1396785759,25669,05D37E00,CDC99F9C,False,0,0,0,0,0.000000,0.000000,-1396785703,True,True
5564,400624,917506,1768908103,1601004916,41425F30,7F4DC397,False,0,0,0,0,0.000000,0.000000,-1768908047,True,True
5565,400696,12364,28,1,5FF75BF1,5FF75BF1,True,12364,489890,0,0,0.378509,0.000000,28,True,False
5566,400768,12374,28,1,771F0293,771F0293,True,12374,490714,0,0,0.181315,0.000000,28,True,False
5567,400840,12400,130,1,6F93C32C,6F93C32C,True,12400,537341,0,0,0.422484,0.000000,-74,True,False
5568,400912,1700949345,1597005682,1163084098,00000064,FCF5AA39,False,0,0,0,0,0.000000,0.000000,-1597005626,True,True
5569,400984,0,0,0,00000000,00000000,True,0,0,0,0,0.000000,0.000000,56,True,True
5570,401056,0,0,0,00000000,00000000,True,0,0,0,0,0.000000,0.000000,56,True,True
5571,401128,1114114,1668244807,1651335528,305F7265,7B19DB9E,False,0,0,0,0,0.000000,0.000000,-1668244751,True,True
5572,401200,12403,79,1,8DE6E4B7,8DE6E4B7,True,12403,537341,0,0,0.422484,0.000000,-23,True,False
5573,401272,811560293,1396785759,25669,08348900,113C1A96,False,0,0,0,0,0.000000,0.000000,-1396785703,True,True
5574,401344,1114118,1668244807,1651335528,305F7265,B9211680,False,0,0,0,0,0.000000,0.000000,-1668244751,True,True
5575,401416,1464814663,100,537742,6547000E,5E562A81,False,1702127983,1597005677,1163084098,100,0.000000,58734500684685622902784.000000,-44,True,False
5576,401488,1330399071,25687,137661952,00000000,405E1F59,False,0,0,0,0,0.000000,0.000000,-25631,True,False
5577,401560,917507,1768908103,1601004916,41425F30,DAE2D511,False,0,0,0,0,0.000000,0.000000,-1768908047,True,True
5578,401632,2100,0,0,00000000,00000000,True,0,0,0,0,0.000000,0.000000,56,True,True
5579,401704,917507,1768908103,1601004916,41425F30,9F6CEDB1,False,0,0,0,0,0.000000,0.000000,-1768908047,True,True
5580,401776,2101,0,0,00000000,00000000,True,0,0,0,0,0.000000,0.000000,56,True,True
5581,401848,0,0,0,00000000,00000000,True,0,0,0,0,0.000000,0.000000,56,True,True
5582,401920,917507,1768908103,1601004916,41425F30,A9184EBE,False,0,0,0,0,0.000000,0.000000,-1768908047,True,True
5583,401992,2101,0,0,00000000,00000000,True,0,0,0,0,0.000000,0.000000,56,True,True
5584,402064,0,0,0,00000000,00000000,True,0,0,0,0,0.000000,0.000000,56,True,True
5585,402136,1179652,1668244807,1651335528,305F7265,0F9EC800,False,0,0,0,0,0.000000,0.000000,-1668244751,True,True
5586,402208,25669,137662464,1191186176,74696F65,679C5C0A,False,0,0,0,0,0.000000,0.000000,-137662408,True,True
5587,402280,12428,28,1,8355B9C0,8355B9C0,True,12428,424512,0,0,0.643423,0.000000,28,True,False
5588,402352,12429,28,1,7A397E63,7A397E63,True,12429,424791,0,0,0.627861,0.000000,28,True,False
5589,402424,12430,28,1,8C01AAE9,8C01AAE9,True,12430,424793,0,0,0.648387,0.000000,28,True,False
5590,402496,12882,28,1,29C177A1,29C177A1,True,12882,493591,0,0,0.073571,0.000000,28,True,False
5591,402568,11988,28,1,848FDFAE,848FDFAE,True,11988,11701,0,0,0.379928,0.000000,28,True,False
5592,402640,11989,52,1,27D5FBFB,27D5FBFB,True,11989,11701,0,0,0.379928,0.000000,4,True,False
5593,402712,11990,52,1,7F5CE495,7F5CE495,True,11990,11701,0,0,0.379928,0.000000,4,True,False
5594,402784,11991,52,1,A0F7079B,A0F7079B,True,11991,11701,0,0,0.379928,0.000000,4,True,False
5595,402856,11993,57,1,4413010A,4413010A,True,11993,18458,0,0,0.726210,0.000000,-1,True,False
5596,402928,0,0,0,00000000,00000000,True,0,0,0,0,0.000000,0.000000,56,True,True
5597,403000,1245187,1701799239,1634890872,6C797270,E3843D2B,False,0,0,0,0,0.000000,0.000000,-1701799183,True,True
5598,403072,1396785759,25669,88559872,00000000,1730A28E,False,0,0,0,0,0.000000,0.000000,-25613,True,False
5599,403144,1245187,1735353671,1702326124,33307372,ADBD1EAF,False,0,0,0,0,0.000000,0.000000,-1735353615,True,True
5600,403216,1396785759,25669,96539136,00000000,42B291F4,False,0,0,0,0,0.000000,0.000000,-25613,True,False
5601,403288,1245187,1735353671,1702326124,33307372,DD290278,False,0,0,0,0,0.000000,0.000000,-1735353615,True,True
5602,403360,1396785759,25669,96539392,00000000,2785CEC6,False,0,0,0,0,0.000000,0.000000,-25613,True,False
5603,403432,0,0,0,00000000,00000000,True,0,0,0,0,0.000000,0.000000,56,True,True
5604,403504,0,0,0,00000000,00000000,True,0,0,0,0,0.000000,0.000000,56,True,True
5605,403576,1048577,1869571399,1667590754,5F305F74,F38ACDD3,False,0,0,0,0,0.000000,0.000000,-1869571343,True,True
5606,403648,1048577,1869571399,1667590754,5F305F74,9919DE75,False,0,0,0,0,0.000000,0.000000,-1869571343,True,True
5607,403720,0,0,0,00000000,00000000,True,0,0,0,0,0.000000,0.000000,56,True,True
5608,403792,0,0,0,00000000,00000000,True,0,0,0,0,0.000000,0.000000,56,True,True
5609,403864,0,0,0,00000000,00000000,True,0,0,0,0,0.000000,0.000000,56,True,True
5610,403936,0,0,0,00000000,00000000,True,0,0,0,0,0.000000,0.000000,56,True,True
5611,404008,0,0,0,00000000,00000000,True,0,0,0,0,0.000000,0.000000,56,True,True
5612,404080,0,0,0,00000000,00000000,True,0,0,0,0,0.000000,0.000000,56,True,True
5613,404152,0,0,0,00000000,00000000,True,0,0,0,0,0.000000,0.000000,56,True,True
5614,404224,0,0,0,00000000,00000000,True,0,0,0,0,0.000000,0.000000,56,True,True
5615,404296,0,0,0,00000000,00000000,True,0,0,0,0,0.000000,0.000000,56,True,True
5616,404368,0,0,0,00000000,00000000,True,0,0,0,0,0.000000,0.000000,56,True,True
5617,404440,0,0,0,00000000,00000000,True,0,0,0,0,0.000000,0.000000,56,True,True
5618,404512,0,0,0,00000000,00000000,True,0,0,0,0,0.000000,0.000000,56,True,True
5619,404584,1179649,813199170,1952797489,5F6C6F43,645B02D1,False,0,0,0,0,0.000000,0.000000,-813199114,True,True
5620,404656,1179649,813199170,1952797489,5F6C6F43,F4629496,False,0,0,0,0,0.000000,0.000000,-813199114,True,True
5621,404728,1179649,813199170,1952797489,5F6C6F43,ACAC9266,False,0,0,0,0,0.000000,0.000000,-813199114,True,True
5622,404800,1179649,813199170,1952797489,5F6C6F43,EAF556A8,False,0,0,0,0,0.000000,0.000000,-813199114,True,True
5623,404872,0,0,0,00000000,00000000,True,0,0,0,0,0.000000,0.000000,56,True,True
5624,404944,786433,813199170,1597005617,45534142,8C85AC45,False,0,0,0,0,0.000000,0.000000,-813199114,True,True
5625,405016,786433,813199170,1597005617,45534142,36542BB8,False,0,0,0,0,0.000000,0.000000,-813199114,True,True
5626,405088,786433,813199170,1597005617,45534142,A136B2C8,False,0,0,0,0,0.000000,0.000000,-813199114,True,True
5627,405160,786433,813199170,1597005617,45534142,ADF3D36A,False,0,0,0,0,0.000000,0.000000,-813199114,True,True
5628,405232,0,0,0,00000000,00000000,True,0,0,0,0,0.000000,0.000000,56,True,True
5629,405304,0,0,0,00000000,00000000,True,0,0,0,0,0.000000,0.000000,56,True,True
5630,405376,0,0,0,00000000,00000000,True,0,0,0,0,0.000000,0.000000,56,True,True
5631,405448,0,0,0,00000000,00000000,True,0,0,0,0,0.000000,0.000000,56,True,True
5632,405520,786434,813199170,1597005617,45534142,7215B9FA,False,0,0,0,0,0.000000,0.000000,-813199114,True,True
5633,405592,12482,74,1,E4AC764B,E4AC764B,True,12482,393941,0,0,0.048250,0.000000,-18,True,False
5634,405664,1163084098,100,174922,00000000,7EE4DAE3,False,0,0,0,0,0.000000,0.000000,-44,True,False
5635,405736,786434,813199170,1597005617,45534142,C10F46B6,False,0,0,0,0,0.000000,0.000000,-813199114,True,True
5636,405808,12484,74,1,D7814B15,D7814B15,True,12484,393941,0,0,0.048250,0.000000,-18,True,False
5637,405880,1163084098,100,174924,00000000,E831E24F,False,0,0,0,0,0.000000,0.000000,-44,True,False
5638,405952,786434,813199170,1597005617,45534142,062C6E03,False,0,0,0,0,0.000000,0.000000,-813199114,True,True
5639,406024,12551,74,1,E0C6F9BB,E0C6F9BB,True,12551,393941,0,0,0.048250,0.000000,-18,True,False
5640,406096,1163084098,100,357164,00000000,0D9ED77B,False,0,0,0,0,0.000000,0.000000,-44,True,False
5641,406168,786433,813199170,1597005617,45534142,BB5E87C1,False,0,0,0,0,0.000000,0.000000,-813199114,True,True
5642,406240,786434,813199170,1597005617,45534142,A1A4BC84,False,0,0,0,0,0.000000,0.000000,-813199114,True,True
5643,406312,12583,74,1,88050124,88050124,True,12583,393941,0,0,0.048250,0.000000,-18,True,False
5644,406384,1163084098,100,174922,00000000,3EAE1608,False,0,0,0,0,0.000000,0.000000,-44,True,False
5645,406456,786434,813199170,1597005617,45534142,AB7BDED8,False,0,0,0,0,0.000000,0.000000,-813199114,True,True
5646,406528,12585,74,1,EC932FA6,EC932FA6,True,12585,393941,0,0,0.048250,0.000000,-18,True,False
5647,406600,1163084098,100,174924,00000000,0C8CAA7A,False,0,0,0,0,0.000000,0.000000,-44,True,False
5648,406672,786434,813199170,1597005617,45534142,D3D3DD2A,False,0,0,0,0,0.000000,0.000000,-813199114,True,True
5649,406744,12587,74,1,6BA9CE5D,6BA9CE5D,True,12587,393941,0,0,0.048250,0.000000,-18,True,False
5650,406816,1163084098,100,357161,00000000,3186464D,False,0,0,0,0,0.000000,0.000000,-44,True,False
5651,406888,786434,813199170,1597005617,45534142,C7884790,False,0,0,0,0,0.000000,0.000000,-813199114,True,True
5652,406960,12604,74,1,95BC9C75,95BC9C75,True,12604,393941,0,0,0.048250,0.000000,-18,True,False
5653,407032,1163084098,100,357164,00000000,CFAAE3C5,False,0,0,0,0,0.000000,0.000000,-44,True,False
5654,407104,0,0,0,00000000,00000000,True,0,0,0,0,0.000000,0.000000,56,True,True
5655,407176,917505,1702257996,1597059180,41425F30,4693D6EA,False,0,0,0,0,0.000000,0.000000,-1702257940,True,True
5656,407248,917505,1702257996,1597059180,41425F30,2CD621BC,False,0,0,0,0,0.000000,0.000000,-1702257940,True,True
5657,407320,917505,1702257996,1597059180,41425F30,DE0119BB,False,0,0,0,0,0.000000,0.000000,-1702257940,True,True
5658,407392,917505,1702257996,1597059180,41425F30,63DD5DA0,False,0,0,0,0,0.000000,0.000000,-1702257940,True,True
5659,407464,917505,1702257996,1597059180,41425F30,719C282F,False,0,0,0,0,0.000000,0.000000,-1702257940,True,True
5660,407536,917505,1702257996,1597059180,41425F30,BCC1FDBB,False,0,0,0,0,0.000000,0.000000,-1702257940,True,True
5661,407608,917505,1702257996,1597059180,41425F30,3A0A62CC,False,0,0,0,0,0.000000,0.000000,-1702257940,True,True
5662,407680,917505,1702257996,1597059180,41425F30,B7C4CA18,False,0,0,0,0,0.000000,0.000000,-1702257940,True,True
5663,407752,917505,1702257996,1597059180,41425F30,2D8546B5,False,0,0,0,0,0.000000,0.000000,-1702257940,True,True
5664,407824,917505,1702257996,1597059180,41425F30,8FABA9BF,False,0,0,0,0,0.000000,0.000000,-1702257940,True,True
5665,407896,786434,813199170,1597005617,45534142,D98BD029,False,0,0,0,0,0.000000,0.000000,-813199114,True,True
5666,407968,12623,74,1,3749C13A,3749C13A,True,12623,393941,0,0,0.048250,0.000000,-18,True,False
5667,408040,1163084098,100,174924,00000000,8BAB566E,False,0,0,0,0,0.000000,0.000000,-44,True,False
5668,408112,786434,813199170,1597005617,45534142,48129068,False,0,0,0,0,0.000000,0.000000,-813199114,True,True
5669,408184,12625,74,1,63639D4B,63639D4B,True,12625,393941,0,0,0.048250,0.000000,-18,True,False
5670,408256,1163084098,100,357161,00000000,12563E87,False,0,0,0,0,0.000000,0.000000,-44,True,False
5671,408328,786434,813199170,1597005617,45534142,AA1973C1,False,0,0,0,0,0.000000,0.000000,-813199114,True,True
5672,408400,14528,50,1,173D9804,173D9804,True,14528,393941,0,0,0.048250,0.000000,6,True,False
5673,408472,14529,74,1,75ED38B6,75ED38B6,True,14529,393941,0,0,0.048250,0.000000,-18,True,False
5674,408544,1163084098,100,174921,00000000,81FCB2B6,False,0,0,0,0,0.000000,0.000000,-44,True,False
5675,408616,786434,813199170,1597005617,45534142,0078801E,False,0,0,0,0,0.000000,0.000000,-813199114,True,True
5676,408688,14531,74,1,64F62C7C,64F62C7C,True,14531,393941,0,0,0.048250,0.000000,-18,True,False
5677,408760,1163084098,100,174923,00000000,17298A1A,False,0,0,0,0,0.000000,0.000000,-44,True,False
5678,408832,786434,813199170,1597005617,45534142,0F58135D,False,0,0,0,0,0.000000,0.000000,-813199114,True,True
5679,408904,14533,74,1,57DB1122,57DB1122,True,14533,393941,0,0,0.048250,0.000000,-18,True,False
5680,408976,1163084098,100,174925,00000000,CEBAB6E5,False,0,0,0,0,0.000000,0.000000,-44,True,False
5681,409048,786434,813199170,1597005617,45534142,87B51A4E,False,0,0,0,0,0.000000,0.000000,-813199114,True,True
5682,409120,14535,74,1,D90A50A3,D90A50A3,True,14535,393941,0,0,0.048250,0.000000,-18,True,False
5683,409192,1163084098,100,357164,00000000,EAC6ABBF,False,0,0,0,0,0.000000,0.000000,-44,True,False
5684,409264,786434,813199170,1597005617,45534142,270D9243,False,0,0,0,0,0.000000,0.000000,-813199114,True,True
5685,409336,14537,74,1,5BB5B565,5BB5B565,True,14537,393941,0,0,0.048250,0.000000,-18,True,False
5686,409408,1163084098,100,357167,00000000,36153D96,False,0,0,0,0,0.000000,0.000000,-44,True,False
5687,409480,786434,813199170,1597005617,45534142,A2F11A92,False,0,0,0,0,0.000000,0.000000,-813199114,True,True
5688,409552,11872,72,1,442D1BBE,442D1BBE,True,11872,241652,0,0,0.166635,0.000000,-16,True,False
5689,409624,6575951,2747203584,3,00000000,38759C84,False,0,0,0,0,0.000000,0.000000,-2747203528,True,True
5690,409696,786434,813199170,1597005618,45534142,76349573,False,0,0,0,0,0.000000,0.000000,-813199114,True,True
5691,409768,11874,50,1,557F91AD,557F91AD,True,11874,241652,0,0,0.166635,0.000000,6,True,False
5692,409840,11876,362,1,A22102C6,A22102C6,True,11876,241657,0,0,0.891628,0.000000,-306,True,False
5693,409912,1147088991,1682657857,3539992576,100003A3,58CB38F9,False,0,0,0,0,0.000000,0.000000,-1682657801,True,True
5694,409984,1597005619,1263681860,100,0003A3D3,CEEB9E2F,False,0,0,0,0,0.000000,0.000000,-1263681804,True,True
5695,410056,6575951,2748645376,786435,30786F42,7D814F19,False,0,0,0,0,0.000000,0.000000,-2748645320,True,True
5696,410128,2748645376,1048579,1936680263,7272756E,51E6AA03,False,0,0,0,0,0.000000,0.000000,-1048523,True,True
5697,410200,1464814663,100,238549,00000000,243A05D3,False,0,0,0,0,0.000000,0.000000,-44,True,False
5698,410272,0,0,0,00000000,00000000,True,0,0,0,0,0.000000,0.000000,56,True,True
5699,410344,917506,1282368839,1597138025,41425F30,B8CB8AF9,False,0,0,0,0,0.000000,0.000000,-1282368783,True,True
5700,410416,12182,315,1,21465E91,21465E91,True,12182,155495,0,0,0.186943,0.000000,-259,True,False
5701,410488,6575951,3447848960,786437,30786F42,27C33240,False,0,0,0,0,0.000000,0.000000,-3447848904,True,True
5702,410560,380289,1866596364,1597255800,4C475F30,8CD927A5,False,0,0,0,0,0.000000,0.000000,-1866596308,True,True
5703,410632,100,380290,2034434065,646E696C,C8D8B7DA,False,0,0,0,0,0.000000,0.000000,-380234,True,True
5704,410704,1094868784,6571347,1613234176,000D0002,E5E1F483,False,0,0,0,0,0.000000,0.000000,-6571291,True,True
5705,410776,12183,171,1,1A57049E,1A57049E,True,12183,155495,0,0,0.186943,0.000000,-115,True,False
5706,410848,1113534559,1682264897,3959422976,0C00084A,FF21D0F5,False,0,0,0,0,0.000000,0.000000,-1682264841,True,True
5707,410920,6571347,1257046016,1114120,696C7943,62E0B997,False,0,0,0,0,0.000000,0.000000,-1257045960,True,True
5708,410992,12185,273,1,F7BC0982,F7BC0982,True,12185,238570,0,0,0.434129,0.000000,-217,True,False
5709,411064,6571347,2707750912,786432,30786F42,66C157E7,False,0,0,0,0,0.000000,0.000000,-2707750856,True,True
5710,411136,1094868784,6571347,2707750912,00110000,56F1C50C,False,0,0,0,0,0.000000,0.000000,-6571291,True,True
5711,411208,1597059186,1094868784,6571347,A1650000,D5639CC0,False,0,0,0,0,0.000000,0.000000,-1094868728,True,True
5712,411280,0,0,0,00000000,00000000,True,0,0,0,0,0.000000,0.000000,56,True,True
5713,411352,786442,813199170,1597005618,45534142,9758D150,False,0,0,0,0,0.000000,0.000000,-813199114,True,True
5714,411424,1124077824,1852402809,812803428,5F305F37,2C1C5C0B,False,0,0,0,0,0.000000,0.000000,-1852402753,True,True
5715,411496,6571347,3446996992,786437,30786F42,2F55B9B2,False,0,0,0,0,0.000000,0.000000,-3446996936,True,True
5716,411568,380277,2034434065,1684957548,39307265,66189E98,False,0,0,0,0,0.000000,0.000000,-2034434009,True,True
5717,411640,12251,28,1,41576502,41576502,True,12251,377176,0,0,0.294090,0.000000,28,True,False
5718,411712,12382,28,1,C8C1E6B2,C8C1E6B2,True,12382,497458,0,0,0.140133,0.000000,28,True,False
5719,411784,12390,28,1,76CE85D0,76CE85D0,True,12390,510491,0,0,0.084466,0.000000,28,True,False
5720,411856,12392,28,1,54798BE1,54798BE1,True,12392,510503,0,0,0.088588,0.000000,28,True,False
5721,411928,11879,28,1,24213795,24213795,True,11879,41090,0,0,0.151281,0.000000,28,True,False
5722,412000,11880,28,1,2D872C2E,2D872C2E,True,11880,41090,0,0,0.151281,0.000000,28,True,False
5723,412072,12253,28,1,A69D5759,A69D5759,True,12253,388084,0,0,0.228744,0.000000,28,True,False
5724,412144,12257,28,1,4AF9513D,4AF9513D,True,12257,386359,0,0,0.370344,0.000000,28,True,False
5725,412216,12276,28,1,91FA632B,91FA632B,True,12276,406003,0,0,0.084304,0.000000,28,True,False
5726,412288,12380,28,1,8B231F95,8B231F95,True,12380,497131,0,0,10.082800,0.000000,28,True,False
5727,412360,12384,28,1,7F529124,7F529124,True,12384,497460,0,0,0.111220,0.000000,28,True,False
5728,412432,12386,28,1,B7B53C29,B7B53C29,True,12386,497459,0,0,0.464700,0.000000,28,True,False
5729,412504,12388,28,1,6680286B,6680286B,True,12388,504660,0,0,0.101137,0.000000,28,True,False
5730,412576,12716,28,1,B2221202,B2221202,True,12716,504660,0,0,0.101137,0.000000,28,True,False
5731,412648,12670,28,1,B080A403,B080A403,True,12670,317828,0,0,0.229964,0.000000,28,True,False
5732,412720,14935,28,1,A8153D7C,A8153D7C,True,14935,584602,0,0,0.207199,0.000000,28,True,False
5733,412792,15927,76,1,C61EA5B5,C61EA5B5,True,15927,584602,0,0,0.207199,0.000000,-20,True,False
5734,412864,1094868784,6571347,3907518464,00000008,0C9D2699,False,0,0,0,0,0.000000,0.000000,-6571291,True,True
5735,412936,0,0,0,00000000,00000000,True,0,0,0,0,0.000000,0.000000,56,True,True
5736,413008,1114113,1601135975,1920098658,305F6C65,A0A7C3F8,False,0,0,0,0,0.000000,0.000000,-1601135919,True,True
5737,413080,0,0,0,00000000,00000000,True,0,0,0,0,0.000000,0.000000,56,True,True
5738,413152,0,0,0,00000000,00000000,True,0,0,0,0,0.000000,0.000000,56,True,True
5739,413224,0,0,0,00000000,00000000,True,0,0,0,0,0.000000,0.000000,56,True,True
5740,413296,0,0,0,00000000,00000000,True,0,0,0,0,0.000000,0.000000,56,True,True
5741,413368,0,0,0,00000000,00000000,True,0,0,0,0,0.000000,0.000000,56,True,True
5742,413440,0,0,0,00000000,00000000,True,0,0,0,0,0.000000,0.000000,56,True,True
5743,413512,0,0,0,00000000,00000000,True,0,0,0,0,0.000000,0.000000,56,True,True
5744,413584,0,0,0,00000000,00000000,True,0,0,0,0,0.000000,0.000000,56,True,True
5745,413656,0,0,0,00000000,00000000,True,0,0,0,0,0.000000,0.000000,56,True,True
5746,413728,0,0,0,00000000,00000000,True,0,0,0,0,0.000000,0.000000,56,True,True
5747,413800,0,0,0,00000000,00000000,True,0,0,0,0,0.000000,0.000000,56,True,True
5748,413872,0,0,0,00000000,00000000,True,0,0,0,0,0.000000,0.000000,56,True,True
5749,413944,720898,1886220131,1113534559,64504D55,4832D3D2,False,0,0,0,0,0.000000,0.000000,-1886220075,True,True
5750,414016,11653,70,1,799E0E26,799E0E26,True,11653,327980,0,0,0.285548,0.000000,-14,True,False
5751,414088,100,169509,0,00000000,7B1B4D67,False,0,0,0,0,0.000000,0.000000,-169453,True,True
5752,414160,720898,1886220131,1113534559,64504D55,5424E460,False,0,0,0,0,0.000000,0.000000,-1886220075,True,True
5753,414232,11897,70,1,A9669C67,A9669C67,True,11897,327980,0,0,0.285548,0.000000,-14,True,False
5754,414304,100,170967,0,00000000,B0FE08B8,False,0,0,0,0,0.000000,0.000000,-170911,True,True
5755,414376,720898,1886220131,1113534559,64504D55,CFF0E319,False,0,0,0,0,0.000000,0.000000,-1886220075,True,True
5756,414448,11899,70,1,B3F8A793,B3F8A793,True,11899,327980,0,0,0.285548,0.000000,-14,True,False
5757,414520,100,171836,0,00000000,8C4E29BE,False,0,0,0,0,0.000000,0.000000,-171780,True,True
5758,414592,720898,1886220131,1113534559,64504D55,AD546B84,False,0,0,0,0,0.000000,0.000000,-1886220075,True,True
5759,414664,11901,70,1,A49537DA,A49537DA,True,11901,327980,0,0,0.285548,0.000000,-14,True,False
5760,414736,100,172653,0,00000000,CC0939A3,False,0,0,0,0,0.000000,0.000000,-172597,True,True
5761,414808,720898,1886220131,1113534559,64504D55,C37AD2FA,False,0,0,0,0,0.000000,0.000000,-1886220075,True,True
5762,414880,11903,70,1,60F648C4,60F648C4,True,11903,327980,0,0,0.285548,0.000000,-14,True,False
5763,414952,100,173727,0,00000000,D1415778,False,0,0,0,0,0.000000,0.000000,-173671,True,True
5764,415024,720898,1886220131,1113534559,64504D55,361108F3,False,0,0,0,0,0.000000,0.000000,-1886220075,True,True
5765,415096,11905,70,1,FB9CACD6,FB9CACD6,True,11905,327980,0,0,0.285548,0.000000,-14,True,False
5766,415168,100,173792,0,00000000,D05EDAFF,False,0,0,0,0,0.000000,0.000000,-173736,True,True
5767,415240,0,0,0,00000000,00000000,True,0,0,0,0,0.000000,0.000000,56,True,True
5768,415312,720898,1886220131,1113534559,64504D55,5BA163F5,False,0,0,0,0,0.000000,0.000000,-1886220075,True,True
5769,415384,11908,70,1,B20C28B1,B20C28B1,True,11908,327980,0,0,0.285548,0.000000,-14,True,False
5770,415456,100,328303,0,00000000,342DA0B3,False,0,0,0,0,0.000000,0.000000,-328247,True,True
5771,415528,720898,1886220131,1113534559,64504D55,6990F433,False,0,0,0,0,0.000000,0.000000,-1886220075,True,True
5772,415600,11910,70,1,E05F0516,E05F0516,True,11910,327980,0,0,0.285548,0.000000,-14,True,False
5773,415672,100,328297,0,00000000,E1A648EA,False,0,0,0,0,0.000000,0.000000,-328241,True,True
5774,415744,720898,1886220131,1113534559,64504D55,55575F8A,False,0,0,0,0,0.000000,0.000000,-1886220075,True,True
5775,415816,11912,70,1,6E4BEB3E,6E4BEB3E,True,11912,327980,0,0,0.285548,0.000000,-14,True,False
5776,415888,100,328579,0,00000000,4311E9A0,False,0,0,0,0,0.000000,0.000000,-328523,True,True
5777,415960,720898,1886220131,1113534559,64504D55,46156745,False,0,0,0,0,0.000000,0.000000,-1886220075,True,True
5778,416032,11914,70,1,475C1694,475C1694,True,11914,327980,0,0,0.285548,0.000000,-14,True,False
5779,416104,100,328547,0,00000000,191FC086,False,0,0,0,0,0.000000,0.000000,-328491,True,True
5780,416176,720898,1886220131,1113534559,64504D55,DA6DB6C7,False,0,0,0,0,0.000000,0.000000,-1886220075,True,True
5781,416248,11916,70,1,4176D2DD,4176D2DD,True,11916,327980,0,0,0.285548,0.000000,-14,True,False
5782,416320,100,328363,0,00000000,30AF67E9,False,0,0,0,0,0.000000,0.000000,-328307,True,True
5783,416392,720898,1886220131,1113534559,64504D55,D7D5FF27,False,0,0,0,0,0.000000,0.000000,-1886220075,True,True
5784,416464,11918,70,1,122E1AED,122E1AED,True,11918,327980,0,0,0.285548,0.000000,-14,True,False
5785,416536,100,334868,0,00000000,C9B30C54,False,0,0,0,0,0.000000,0.000000,-334812,True,True
5786,416608,720898,1886220131,1113534559,64504D55,28BF045B,False,0,0,0,0,0.000000,0.000000,-1886220075,True,True
5787,416680,11920,70,1,9B9927A7,9B9927A7,True,11920,327980,0,0,0.285548,0.000000,-14,True,False
5788,416752,100,328278,0,00000000,1736ACB9,False,0,0,0,0,0.000000,0.000000,-328222,True,True
5789,416824,720898,1886220131,1113534559,64504D55,CC61BEBA,False,0,0,0,0,0.000000,0.000000,-1886220075,True,True
5790,416896,11922,70,1,0CC58B5D,0CC58B5D,True,11922,327980,0,0,0.285548,0.000000,-14,True,False
5791,416968,100,328131,0,00000000,A521433D,False,0,0,0,0,0.000000,0.000000,-328075,True,True
5792,417040,720898,1886220131,1113534559,64504D55,F8F0099C,False,0,0,0,0,0.000000,0.000000,-1886220075,True,True
5793,417112,11924,70,1,352632F1,352632F1,True,11924,327980,0,0,0.285548,0.000000,-14,True,False
5794,417184,100,525893,0,00000000,7BE448E3,False,0,0,0,0,0.000000,0.000000,-525837,True,True
5795,417256,720898,1886220131,1113534559,64504D55,74A87AAE,False,0,0,0,0,0.000000,0.000000,-1886220075,True,True
5796,417328,11926,70,1,9ED043B8,9ED043B8,True,11926,327980,0,0,0.285548,0.000000,-14,True,False
5797,417400,100,525895,0,00000000,36D3FBF3,False,0,0,0,0,0.000000,0.000000,-525839,True,True
5798,417472,720898,1886220131,1113534559,64504D55,461E91AB,False,0,0,0,0,0.000000,0.000000,-1886220075,True,True
5799,417544,11928,70,1,2C88A097,2C88A097,True,11928,327980,0,0,0.285548,0.000000,-14,True,False
5800,417616,100,525897,0,00000000,C1266FB0,False,0,0,0,0,0.000000,0.000000,-525841,True,True
5801,417688,720898,1886220131,1113534559,64504D55,5E41A951,False,0,0,0,0,0.000000,0.000000,-1886220075,True,True
5802,417760,11932,70,1,EB51EAA7,EB51EAA7,True,11932,327980,0,0,0.285548,0.000000,-14,True,False
5803,417832,100,328595,0,00000000,BB0AA7B6,False,0,0,0,0,0.000000,0.000000,-328539,True,True
5804,417904,720898,1886220131,1113534559,64504D55,A4957DDE,False,0,0,0,0,0.000000,0.000000,-1886220075,True,True
5805,417976,11934,70,1,1DCE405A,1DCE405A,True,11934,327980,0,0,0.285548,0.000000,-14,True,False
5806,418048,100,328291,0,00000000,D1F62B53,False,0,0,0,0,0.000000,0.000000,-328235,True,True
5807,418120,720898,1886220131,1113534559,64504D55,E581170B,False,0,0,0,0,0.000000,0.000000,-1886220075,True,True
5808,418192,11936,70,1,A7523BE2,A7523BE2,True,11936,327980,0,0,0.285548,0.000000,-14,True,False
5809,418264,100,333948,0,00000000,533543EA,False,0,0,0,0,0.000000,0.000000,-333892,True,True
5810,418336,720898,1886220131,1113534559,64504D55,FA27A444,False,0,0,0,0,0.000000,0.000000,-1886220075,True,True
5811,418408,11938,70,1,21EBB0AD,21EBB0AD,True,11938,327980,0,0,0.285548,0.000000,-14,True,False
5812,418480,100,328373,0,00000000,C69625BE,False,0,0,0,0,0.000000,0.000000,-328317,True,True
5813,418552,720898,1886220131,1113534559,64504D55,926EC2B2,False,0,0,0,0,0.000000,0.000000,-1886220075,True,True
5814,418624,14522,70,1,709375EE,709375EE,True,14522,327980,0,0,0.285548,0.000000,-14,True,False
5815,418696,100,562640,0,00000000,B4B4F97C,False,0,0,0,0,0.000000,0.000000,-562584,True,True
5816,418768,0,0,0,00000000,00000000,True,0,0,0,0,0.000000,0.000000,56,True,True
5817,418840,655361,1601004871,1094868784,00644553,A3ED70A4,False,0,0,0,0,0.000000,0.000000,-1601004815,True,True
5818,418912,655361,1601004871,1094868784,00644553,C048E090,False,0,0,0,0,0.000000,0.000000,-1601004815,True,True
5819,418984,655361,1601004871,1094868784,00644553,FFE7D5D1,False,0,0,0,0,0.000000,0.000000,-1601004815,True,True
5820,419056,655361,1601004871,1094868784,00644553,B1EC50B8,False,0,0,0,0,0.000000,0.000000,-1601004815,True,True
5821,419128,655361,1601004871,1094868784,00644553,D0699368,False,0,0,0,0,0.000000,0.000000,-1601004815,True,True
5822,419200,655361,1601004871,1094868784,00644553,129EB4BE,False,0,0,0,0,0.000000,0.000000,-1601004815,True,True
5823,419272,655361,1601004871,1094868784,00644553,9260CA67,False,0,0,0,0,0.000000,0.000000,-1601004815,True,True
5824,419344,655361,1601004871,1094868784,00644553,5C513096,False,0,0,0,0,0.000000,0.000000,-1601004815,True,True
5825,419416,655361,1601004871,1094868784,00644553,216EF7AF,False,0,0,0,0,0.000000,0.000000,-1601004815,True,True
5826,419488,655361,1601004871,1094868784,00644553,6256EE9C,False,0,0,0,0,0.000000,0.000000,-1601004815,True,True
5827,419560,655361,1601004871,1094868784,00644553,7AEA84EC,False,0,0,0,0,0.000000,0.000000,-1601004815,True,True
5828,419632,655361,1601004871,1094868784,00644553,3C7C2EAB,False,0,0,0,0,0.000000,0.000000,-1601004815,True,True
5829,419704,655361,1601004871,1094868784,00644553,65CFD8D2,False,0,0,0,0,0.000000,0.000000,-1601004815,True,True
5830,419776,655361,1601004871,1094868784,00644553,0AF1E543,False,0,0,0,0,0.000000,0.000000,-1601004815,True,True
5831,419848,655361,1601004871,1094868784,00644553,E655998C,False,0,0,0,0,0.000000,0.000000,-1601004815,True,True
5832,419920,655361,1601004871,1094868784,00644553,B65B0A8B,False,0,0,0,0,0.000000,0.000000,-1601004815,True,True
5833,419992,655361,1601004871,1094868784,00644553,AC597FCE,False,0,0,0,0,0.000000,0.000000,-1601004815,True,True
5834,420064,655361,1601004871,1094868784,00644553,225D6D1E,False,0,0,0,0,0.000000,0.000000,-1601004815,True,True
5835,420136,655361,1601004871,1094868784,00644553,0A34D590,False,0,0,0,0,0.000000,0.000000,-1601004815,True,True
5836,420208,655361,1601004871,1094868784,00644553,AF8E3823,False,0,0,0,0,0.000000,0.000000,-1601004815,True,True
5837,420280,720897,1886220131,1113534559,64455341,3F4C2BA9,False,0,0,0,0,0.000000,0.000000,-1886220075,True,True
5838,420352,720898,1886220131,1113534559,64504D55,800782B0,False,0,0,0,0,0.000000,0.000000,-1886220075,True,True
5839,420424,12750,70,1,233878A7,233878A7,True,12750,576352,0,0,0.387583,0.000000,-14,True,False
5840,420496,100,169835,0,00000000,A2374D4F,False,0,0,0,0,0.000000,0.000000,-169779,True,True
5841,420568,720898,1886220131,1113534559,64504D55,28FFBC4C,False,0,0,0,0,0.000000,0.000000,-1886220075,True,True
5842,420640,12752,70,1,23DA572B,23DA572B,True,12752,576352,0,0,0.387583,0.000000,-14,True,False
5843,420712,100,171371,0,00000000,33EA621E,False,0,0,0,0,0.000000,0.000000,-171315,True,True
5844,420784,720898,1886220131,1113534559,64504D55,0D2A8A53,False,0,0,0,0,0.000000,0.000000,-1886220075,True,True
5845,420856,12754,70,1,2EB227CF,2EB227CF,True,12754,576352,0,0,0.387583,0.000000,-14,True,False
5846,420928,100,171859,0,00000000,90ED5913,False,0,0,0,0,0.000000,0.000000,-171803,True,True
5847,421000,720898,1886220131,1113534559,64504D55,1CC80366,False,0,0,0,0,0.000000,0.000000,-1886220075,True,True
5848,421072,12756,70,1,F5742A38,F5742A38,True,12756,576352,0,0,0.387583,0.000000,-14,True,False
5849,421144,100,335283,0,00000000,934A3EF7,False,0,0,0,0,0.000000,0.000000,-335227,True,True
5850,421216,720898,1886220131,1113534559,64504D55,3419904D,False,0,0,0,0,0.000000,0.000000,-1886220075,True,True
5851,421288,12758,70,1,493B7C54,493B7C54,True,12758,576352,0,0,0.387583,0.000000,-14,True,False
5852,421360,100,173739,0,00000000,14B86A65,False,0,0,0,0,0.000000,0.000000,-173683,True,True
5853,421432,720898,1886220131,1113534559,64504D55,D383D793,False,0,0,0,0,0.000000,0.000000,-1886220075,True,True
5854,421504,12760,70,1,97F54296,97F54296,True,12760,576352,0,0,0.387583,0.000000,-14,True,False
5855,421576,100,525893,0,00000000,2A197474,False,0,0,0,0,0.000000,0.000000,-525837,True,True
5856,421648,720898,1886220131,1113534559,64504D55,08E2AEBD,False,0,0,0,0,0.000000,0.000000,-1886220075,True,True
5857,421720,12762,70,1,09CA21F9,09CA21F9,True,12762,576352,0,0,0.387583,0.000000,-14,True,False
5858,421792,100,525895,0,00000000,70683BF7,False,0,0,0,0,0.000000,0.000000,-525839,True,True
5859,421864,720898,1886220131,1113534559,64504D55,7D780734,False,0,0,0,0,0.000000,0.000000,-1886220075,True,True
5860,421936,12764,70,1,28F9196B,28F9196B,True,12764,576352,0,0,0.387583,0.000000,-14,True,False
5861,422008,100,525897,0,00000000,C201AC6F,False,0,0,0,0,0.000000,0.000000,-525841,True,True
5862,422080,0,0,0,00000000,00000000,True,0,0,0,0,0.000000,0.000000,56,True,True
5863,422152,720898,1886220131,1113534559,64504D55,B1E4A326,False,0,0,0,0,0.000000,0.000000,-1886220075,True,True
5864,422224,13797,70,1,CCD1CDB6,CCD1CDB6,True,13797,576171,0,0,0.769857,0.000000,-14,True,False
5865,422296,100,328303,0,00000000,359F2303,False,0,0,0,0,0.000000,0.000000,-328247,True,True
5866,422368,720898,1886220131,1113534559,64504D55,66D5A2D6,False,0,0,0,0,0.000000,0.000000,-1886220075,True,True
5867,422440,13799,70,1,23210530,23210530,True,13799,576171,0,0,0.347660,0.000000,-14,True,False
5868,422512,100,328297,0,00000000,54BEFA16,False,0,0,0,0,0.000000,0.000000,-328241,True,True
5869,422584,720898,1886220131,1113534559,64504D55,511B82EF,False,0,0,0,0,0.000000,0.000000,-1886220075,True,True
5870,422656,13801,70,1,1C990DC6,1C990DC6,True,13801,576171,0,0,0.769197,0.000000,-14,True,False
5871,422728,100,328579,0,00000000,3EBED90D,False,0,0,0,0,0.000000,0.000000,-328523,True,True
5872,422800,720898,1886220131,1113534559,64504D55,2C372544,False,0,0,0,0,0.000000,0.000000,-1886220075,True,True
5873,422872,13803,70,1,842216B2,842216B2,True,13803,576171,0,0,0.347660,0.000000,-14,True,False
5874,422944,100,328547,0,00000000,DD08EA0A,False,0,0,0,0,0.000000,0.000000,-328491,True,True
5875,423016,720898,1886220131,1113534559,64504D55,2C54E1B5,False,0,0,0,0,0.000000,0.000000,-1886220075,True,True
5876,423088,13805,70,1,8208D2FB,8208D2FB,True,13805,576171,0,0,0.347660,0.000000,-14,True,False
5877,423160,100,328363,0,00000000,C529CD8C,False,0,0,0,0,0.000000,0.000000,-328307,True,True
5878,423232,720898,1886220131,1113534559,64504D55,84E9133B,False,0,0,0,0,0.000000,0.000000,-1886220075,True,True
5879,423304,13807,70,1,5A485A21,5A485A21,True,13807,576171,0,0,0.244541,0.000000,-14,True,False
5880,423376,100,333795,0,00000000,A8EE6C33,False,0,0,0,0,0.000000,0.000000,-333739,True,True
5881,423448,720898,1886220131,1113534559,64504D55,A84187F1,False,0,0,0,0,0.000000,0.000000,-1886220075,True,True
5882,423520,13809,70,1,5BD50EEF,5BD50EEF,True,13809,576171,0,0,0.367541,0.000000,-14,True,False
5883,423592,100,328149,0,00000000,D766FA29,False,0,0,0,0,0.000000,0.000000,-328093,True,True
5884,423664,720898,1886220131,1113534559,64504D55,3D2B9FA8,False,0,0,0,0,0.000000,0.000000,-1886220075,True,True
5885,423736,13811,70,1,0FB23674,0FB23674,True,13811,576171,0,0,0.296404,0.000000,-14,True,False
5886,423808,100,328123,0,00000000,BFC1E0B8,False,0,0,0,0,0.000000,0.000000,-328067,True,True
5887,423880,720898,1886220131,1113534559,64504D55,C30E18CA,False,0,0,0,0,0.000000,0.000000,-1886220075,True,True
5888,423952,15873,70,1,5E587526,5E587526,True,15873,576171,0,0,0.291640,0.000000,-14,True,False
5889,424024,100,328595,0,00000000,6A068FAF,False,0,0,0,0,0.000000,0.000000,-328539,True,True
5890,424096,720898,1886220131,1113534559,64504D55,7CC0A9BC,False,0,0,0,0,0.000000,0.000000,-1886220075,True,True
5891,424168,15875,70,1,A8C7DFDB,A8C7DFDB,True,15875,576171,0,0,0.291640,0.000000,-14,True,False
5892,424240,100,328291,0,00000000,9B42F1F1,False,0,0,0,0,0.000000,0.000000,-328235,True,True
5893,424312,720898,1886220131,1113534559,64504D55,9A0B8EB0,False,0,0,0,0,0.000000,0.000000,-1886220075,True,True
5894,424384,15877,70,1,D5D5D420,D5D5D420,True,15877,576171,0,0,0.291640,0.000000,-14,True,False
5895,424456,100,333948,0,00000000,E71706E7,False,0,0,0,0,0.000000,0.000000,-333892,True,True
5896,424528,720898,1886220131,1113534559,64504D55,CF294BFF,False,0,0,0,0,0.000000,0.000000,-1886220075,True,True
5897,424600,15879,70,1,536C5F6F,536C5F6F,True,15879,576171,0,0,0.291640,0.000000,-14,True,False
5898,424672,100,328373,0,00000000,C6735D55,False,0,0,0,0,0.000000,0.000000,-328317,True,True
5899,424744,720898,1886220131,1113534559,64504D55,B69F9E1C,False,0,0,0,0,0.000000,0.000000,-1886220075,True,True
5900,424816,12628,28,1,C359B828,C359B828,True,12628,238500,0,0,0.443566,0.000000,28,True,False
5901,424888,12673,28,1,495F6BE6,495F6BE6,True,12673,500119,0,0,0.222791,0.000000,28,True,False
5902,424960,12804,28,1,E10DB03E,E10DB03E,True,12804,317857,0,0,0.421625,0.000000,28,True,False
5903,425032,13024,28,1,E5198370,E5198370,True,13024,546439,546440,0,0.276598,0.000000,28,True,False
5904,425104,13812,28,1,158591AC,158591AC,True,13812,254759,0,0,0.109545,0.000000,28,True,False
5905,425176,13813,28,1,DFBC2694,DFBC2694,True,13813,254734,0,0,0.127476,0.000000,28,True,False
5906,425248,13814,28,1,46AA439C,46AA439C,True,13814,258090,0,0,0.134629,0.000000,28,True,False
5907,425320,13815,82,1,91958650,91958650,True,13815,254759,0,0,0.109545,0.000000,-26,True,False
5908,425392,1835884908,1597005679,1464814663,00000064,B740BAAC,False,0,0,0,0,0.000000,0.000000,-1597005623,True,True
5909,425464,1048578,1818650994,1835884901,5F305F6F,B7DEB6F9,False,0,0,0,0,0.000000,0.000000,-1818650938,True,True
5910,425536,13817,86,1,0E920B24,0E920B24,True,13817,258090,0,0,0.134629,0.000000,-30,True,False
5911,425608,1701340014,1835884914,1597005679,574F4C47,58D48DA1,False,0,0,0,0,0.000000,0.000000,-1835884858,True,True
5912,425680,0,0,0,00000000,00000000,True,0,0,0,0,0.000000,0.000000,56,True,True
5913,425752,0,0,0,00000000,00000000,True,0,0,0,0,0.000000,0.000000,56,True,True
5914,425824,0,0,0,00000000,00000000,True,0,0,0,0,0.000000,0.000000,56,True,True
5915,425896,0,0,0,00000000,00000000,True,0,0,0,0,0.000000,0.000000,56,True,True
5916,425968,0,0,0,00000000,00000000,True,0,0,0,0,0.000000,0.000000,56,True,True
5917,426040,0,0,0,00000000,00000000,True,0,0,0,0,0.000000,0.000000,56,True,True
5918,426112,0,0,0,00000000,00000000,True,0,0,0,0,0.000000,0.000000,56,True,True
5919,426184,0,0,0,00000000,00000000,True,0,0,0,0,0.000000,0.000000,56,True,True
5920,426256,0,0,0,00000000,00000000,True,0,0,0,0,0.000000,0.000000,56,True,True
5921,426328,0,0,0,00000000,00000000,True,0,0,0,0,0.000000,0.000000,56,True,True
5922,426400,0,0,0,00000000,00000000,True,0,0,0,0,0.000000,0.000000,56,True,True
5923,426472,0,0,0,00000000,00000000,True,0,0,0,0,0.000000,0.000000,56,True,True
5924,426544,0,0,0,00000000,00000000,True,0,0,0,0,0.000000,0.000000,56,True,True
5925,426616,0,0,0,00000000,00000000,True,0,0,0,0,0.000000,0.000000,56,True,True
5926,426688,0,0,0,00000000,00000000,True,0,0,0,0,0.000000,0.000000,56,True,True
5927,426760,0,0,0,00000000,00000000,True,0,0,0,0,0.000000,0.000000,56,True,True
5928,426832,0,0,0,00000000,00000000,True,0,0,0,0,0.000000,0.000000,56,True,True
5929,426904,0,0,0,00000000,00000000,True,0,0,0,0,0.000000,0.000000,56,True,True
5930,426976,0,0,0,00000000,00000000,True,0,0,0,0,0.000000,0.000000,56,True,True
5931,427048,0,0,0,00000000,00000000,True,0,0,0,0,0.000000,0.000000,56,True,True
5932,427120,0,0,0,00000000,00000000,True,0,0,0,0,0.000000,0.000000,56,True,True
5933,427192,0,0,0,00000000,00000000,True,0,0,0,0,0.000000,0.000000,56,True,True
5934,427264,0,0,0,00000000,00000000,True,0,0,0,0,0.000000,0.000000,56,True,True
5935,427336,0,0,0,00000000,00000000,True,0,0,0,0,0.000000,0.000000,56,True,True
5936,427408,0,0,0,00000000,00000000,True,0,0,0,0,0.000000,0.000000,56,True,True
5937,427480,0,0,0,00000000,00000000,True,0,0,0,0,0.000000,0.000000,56,True,True
5938,427552,0,0,0,00000000,00000000,True,0,0,0,0,0.000000,0.000000,56,True,True
5939,427624,0,0,0,00000000,00000000,True,0,0,0,0,0.000000,0.000000,56,True,True
5940,427696,0,0,0,00000000,00000000,True,0,0,0,0,0.000000,0.000000,56,True,True
5941,427768,0,0,0,00000000,00000000,True,0,0,0,0,0.000000,0.000000,56,True,True
5942,427840,0,0,0,00000000,00000000,True,0,0,0,0,0.000000,0.000000,56,True,True
5943,427912,0,0,0,00000000,00000000,True,0,0,0,0,0.000000,0.000000,56,True,True
5944,427984,0,0,0,00000000,00000000,True,0,0,0,0,0.000000,0.000000,56,True,True
5945,428056,0,0,0,00000000,00000000,True,0,0,0,0,0.000000,0.000000,56,True,True
5946,428128,0,0,0,00000000,00000000,True,0,0,0,0,0.000000,0.000000,56,True,True
5947,428200,0,0,0,00000000,00000000,True,0,0,0,0,0.000000,0.000000,56,True,True
5948,428272,0,0,0,00000000,00000000,True,0,0,0,0,0.000000,0.000000,56,True,True
5949,428344,0,0,0,00000000,00000000,True,0,0,0,0,0.000000,0.000000,56,True,True
5950,428416,0,0,0,00000000,00000000,True,0,0,0,0,0.000000,0.000000,56,True,True
5951,428488,0,0,0,00000000,00000000,True,0,0,0,0,0.000000,0.000000,56,True,True
5952,428560,0,0,0,00000000,00000000,True,0,0,0,0,0.000000,0.000000,56,True,True
5953,428632,0,0,0,00000000,00000000,True,0,0,0,0,0.000000,0.000000,56,True,True
5954,428704,0,0,0,00000000,00000000,True,0,0,0,0,0.000000,0.000000,56,True,True
5955,428776,0,0,0,00000000,00000000,True,0,0,0,0,0.000000,0.000000,56,True,True
5956,428848,0,0,0,00000000,00000000,True,0,0,0,0,0.000000,0.000000,56,True,True
5957,428920,0,0,0,00000000,00000000,True,0,0,0,0,0.000000,0.000000,56,True,True
5958,428992,0,0,0,00000000,00000000,True,0,0,0,0,0.000000,0.000000,56,True,True
5959,429064,0,0,0,00000000,00000000,True,0,0,0,0,0.000000,0.000000,56,True,True
5960,429136,0,0,0,00000000,00000000,True,0,0,0,0,0.000000,0.000000,56,True,True
5961,429208,0,0,0,00000000,00000000,True,0,0,0,0,0.000000,0.000000,56,True,True
5962,429280,0,0,0,00000000,00000000,True,0,0,0,0,0.000000,0.000000,56,True,True
5963,429352,0,0,0,00000000,00000000,True,0,0,0,0,0.000000,0.000000,56,True,True
5964,429424,0,0,0,00000000,00000000,True,0,0,0,0,0.000000,0.000000,56,True,True
5965,429496,0,0,0,00000000,00000000,True,0,0,0,0,0.000000,0.000000,56,True,True
5966,429568,0,0,0,00000000,00000000,True,0,0,0,0,0.000000,0.000000,56,True,True
5967,429640,0,0,0,00000000,00000000,True,0,0,0,0,0.000000,0.000000,56,True,True
5968,429712,0,0,0,00000000,00000000,True,0,0,0,0,0.000000,0.000000,56,True,True
5969,429784,0,0,0,00000000,00000000,True,0,0,0,0,0.000000,0.000000,56,True,True
5970,429856,0,0,0,00000000,00000000,True,0,0,0,0,0.000000,0.000000,56,True,True
5971,429928,0,0,0,00000000,00000000,True,0,0,0,0,0.000000,0.000000,56,True,True
5972,430000,0,0,0,00000000,00000000,True,0,0,0,0,0.000000,0.000000,56,True,True
5973,430072,0,0,0,00000000,00000000,True,0,0,0,0,0.000000,0.000000,56,True,True
5974,430144,0,0,0,00000000,00000000,True,0,0,0,0,0.000000,0.000000,56,True,True
5975,430216,0,0,0,00000000,00000000,True,0,0,0,0,0.000000,0.000000,56,True,True
5976,430288,0,0,0,00000000,00000000,True,0,0,0,0,0.000000,0.000000,56,True,True
5977,430360,0,0,0,00000000,00000000,True,0,0,0,0,0.000000,0.000000,56,True,True
5978,430432,0,0,0,00000000,00000000,True,0,0,0,0,0.000000,0.000000,56,True,True
5979,430504,0,0,0,00000000,00000000,True,0,0,0,0,0.000000,0.000000,56,True,True
5980,430576,0,0,0,00000000,00000000,True,0,0,0,0,0.000000,0.000000,56,True,True
5981,430648,0,0,0,00000000,00000000,True,0,0,0,0,0.000000,0.000000,56,True,True
5982,430720,0,0,0,00000000,00000000,True,0,0,0,0,0.000000,0.000000,56,True,True
5983,430792,0,0,0,00000000,00000000,True,0,0,0,0,0.000000,0.000000,56,True,True
5984,430864,0,0,0,00000000,00000000,True,0,0,0,0,0.000000,0.000000,56,True,True
5985,430936,0,0,0,00000000,00000000,True,0,0,0,0,0.000000,0.000000,56,True,True
5986,431008,0,0,0,00000000,00000000,True,0,0,0,0,0.000000,0.000000,56,True,True
5987,431080,0,0,0,00000000,00000000,True,0,0,0,0,0.000000,0.000000,56,True,True
5988,431152,0,0,0,00000000,00000000,True,0,0,0,0,0.000000,0.000000,56,True,True
5989,431224,0,0,0,00000000,00000000,True,0,0,0,0,0.000000,0.000000,56,True,True
5990,431296,0,0,0,00000000,00000000,True,0,0,0,0,0.000000,0.000000,56,True,True
5991,431368,0,0,0,00000000,00000000,True,0,0,0,0,0.000000,0.000000,56,True,True
5992,431440,0,0,0,00000000,00000000,True,0,0,0,0,0.000000,0.000000,56,True,True
5993,431512,0,0,0,00000000,00000000,True,0,0,0,0,0.000000,0.000000,56,True,True
5994,431584,0,0,0,00000000,00000000,True,0,0,0,0,0.000000,0.000000,56,True,True
5995,431656,0,0,0,00000000,00000000,True,0,0,0,0,0.000000,0.000000,56,True,True
5996,431728,0,0,0,00000000,00000000,True,0,0,0,0,0.000000,0.000000,56,True,True
5997,431800,0,0,0,00000000,00000000,True,0,0,0,0,0.000000,0.000000,56,True,True
5998,431872,0,0,0,00000000,00000000,True,0,0,0,0,0.000000,0.000000,56,True,True
5999,431944,0,0,0,00000000,00000000,True,0,0,0,0,0.000000,0.000000,56,True,True
6000,432016,0,0,0,00000000,00000000,True,0,0,0,0,0.000000,0.000000,56,True,True
6001,432088,0,0,0,00000000,00000000,True,0,0,0,0,0.000000,0.000000,56,True,True
6002,432160,0,0,0,00000000,00000000,True,0,0,0,0,0.000000,0.000000,56,True,True
6003,432232,0,0,0,00000000,00000000,True,0,0,0,0,0.000000,0.000000,56,True,True
6004,432304,0,0,0,00000000,00000000,True,0,0,0,0,0.000000,0.000000,56,True,True
6005,432376,0,0,0,00000000,00000000,True,0,0,0,0,0.000000,0.000000,56,True,True
6006,432448,0,0,0,00000000,00000000,True,0,0,0,0,0.000000,0.000000,56,True,True
6007,432520,0,0,0,00000000,00000000,True,0,0,0,0,0.000000,0.000000,56,True,True
6008,432592,0,0,0,00000000,00000000,True,0,0,0,0,0.000000,0.000000,56,True,True
6009,432664,0,0,0,00000000,00000000,True,0,0,0,0,0.000000,0.000000,56,True,True
6010,432736,786434,813199170,1597005617,504D5542,D7557357,False,0,0,0,0,0.000000,0.000000,-813199114,True,True
6011,432808,11800,72,1,66B9B529,66B9B529,True,11800,3109,0,0,0.223971,0.000000,-16,True,False
6012,432880,6571347,4058316800,8,00000000,1F335F03,False,0,0,0,0,0.000000,0.000000,-4058316744,True,True
6013,432952,786434,813199170,1597005617,504D5542,BAECA19C,False,0,0,0,0,0.000000,0.000000,-813199114,True,True
6014,433024,11802,72,1,697CDAB0,697CDAB0,True,11802,3109,0,0,0.223971,0.000000,-16,True,False
6015,433096,6571347,4058578944,8,00000000,DDF76109,False,0,0,0,0,0.000000,0.000000,-4058578888,True,True
6016,433168,786434,813199170,1597005617,504D5542,11E97EE7,False,0,0,0,0,0.000000,0.000000,-813199114,True,True
6017,433240,11804,72,1,4B33B931,4B33B931,True,11804,544570,0,0,0.139200,0.000000,-16,True,False
6018,433312,6571347,4058972160,8,00000000,A7E3FD71,False,0,0,0,0,0.000000,0.000000,-4058972104,True,True
6019,433384,786434,813199170,1597005617,504D5542,75B8A055,False,0,0,0,0,0.000000,0.000000,-813199114,True,True
6020,433456,11806,72,1,16CDDC1C,16CDDC1C,True,11806,544572,0,0,0.075397,0.000000,-16,True,False
6021,433528,6571347,4059234304,8,00000000,DDE3F85C,False,0,0,0,0,0.000000,0.000000,-4059234248,True,True
6022,433600,786434,813199170,1597005617,504D5542,5A627D7E,False,0,0,0,0,0.000000,0.000000,-813199114,True,True
6023,433672,11808,72,1,8C6892B2,8C6892B2,True,11808,524354,0,0,0.158637,0.000000,-16,True,False
6024,433744,6571347,4059627520,8,00000000,1F61B23A,False,0,0,0,0,0.000000,0.000000,-4059627464,True,True
6025,433816,786434,813199170,1597005617,504D5542,3939704F,False,0,0,0,0,0.000000,0.000000,-813199114,True,True
6026,433888,11810,72,1,A0BB2595,A0BB2595,True,11810,3109,0,0,0.223971,0.000000,-16,True,False
6027,433960,6571347,4059889664,8,00000000,AE94E8E5,False,0,0,0,0,0.000000,0.000000,-4059889608,True,True
6028,434032,786434,813199170,1597005617,504D5542,060E8644,False,0,0,0,0,0.000000,0.000000,-813199114,True,True
6029,434104,11812,72,1,0BA305D1,0BA305D1,True,11812,524354,0,0,0.158637,0.000000,-16,True,False
6030,434176,6571347,4061265920,8,00000000,A17176BB,False,0,0,0,0,0.000000,0.000000,-4061265864,True,True
6031,434248,786434,813199170,1597005617,504D5542,87695FDE,False,0,0,0,0,0.000000,0.000000,-813199114,True,True
6032,434320,11814,72,1,93E2A12E,93E2A12E,True,11814,3109,0,0,0.223971,0.000000,-16,True,False
6033,434392,6571347,4061659136,8,00000000,E2D5ECB5,False,0,0,0,0,0.000000,0.000000,-4061659080,True,True
6034,434464,786434,813199170,1597005617,504D5542,AF502380,False,0,0,0,0,0.000000,0.000000,-813199114,True,True
6035,434536,11816,72,1,38A9D475,38A9D475,True,11816,524354,0,0,0.158637,0.000000,-16,True,False
6036,434608,6571347,4087873536,8,00000000,2754268B,False,0,0,0,0,0.000000,0.000000,-4087873480,True,True
6037,434680,786434,813199170,1597005617,504D5542,291AB03E,False,0,0,0,0,0.000000,0.000000,-813199114,True,True
6038,434752,11818,72,1,D9E32A97,D9E32A97,True,11818,544570,0,0,0.139200,0.000000,-16,True,False
6039,434824,6571347,4058054656,8,00000000,7BEDFBD1,False,0,0,0,0,0.000000,0.000000,-4058054600,True,True
6040,434896,786434,813199170,1597005617,504D5542,816BA6AD,False,0,0,0,0,0.000000,0.000000,-813199114,True,True
6041,434968,11820,72,1,261EDA71,261EDA71,True,11820,3109,0,0,0.223971,0.000000,-16,True,False
6042,435040,6571347,4060872704,8,00000000,CAA14653,False,0,0,0,0,0.000000,0.000000,-4060872648,True,True
6043,435112,786434,813199170,1597005617,504D5542,A633428C,False,0,0,0,0,0.000000,0.000000,-813199114,True,True
6044,435184,11822,72,1,F9BCB0FF,F9BCB0FF,True,11822,544570,0,0,0.139200,0.000000,-16,True,False
6045,435256,6571347,4060282880,8,00000000,383F04C6,False,0,0,0,0,0.000000,0.000000,-4060282824,True,True
6046,435328,786434,813199170,1597005617,504D5542,3EC9666C,False,0,0,0,0,0.000000,0.000000,-813199114,True,True
6047,435400,11824,72,1,95B249C2,95B249C2,True,11824,3109,0,0,0.223971,0.000000,-16,True,False
6048,435472,6571347,4061528064,8,00000000,544BF3DA,False,0,0,0,0,0.000000,0.000000,-4061528008,True,True
6049,435544,786434,813199170,1597005617,504D5542,6584AD40,False,0,0,0,0,0.000000,0.000000,-813199114,True,True
6050,435616,11826,72,1,45638EA9,45638EA9,True,11826,3109,0,0,0.223971,0.000000,-16,True,False
6051,435688,6571347,4060020736,8,00000000,DC8A1497,False,0,0,0,0,0.000000,0.000000,-4060020680,True,True
6052,435760,786434,813199170,1597005617,504D5542,6CE7C933,False,0,0,0,0,0.000000,0.000000,-813199114,True,True
6053,435832,11828,72,1,524D7DF1,524D7DF1,True,11828,3109,0,0,0.223971,0.000000,-16,True,False
6054,435904,6571347,4057661440,8,00000000,34753235,False,0,0,0,0,0.000000,0.000000,-4057661384,True,True
6055,435976,786434,813199170,1597005617,504D5542,D71BDFCB,False,0,0,0,0,0.000000,0.000000,-813199114,True,True
6056,436048,11830,72,1,1841CCDA,1841CCDA,True,11830,544571,0,0,0.154948,0.000000,-16,True,False
6057,436120,6571347,4059365376,8,00000000,1799E4C9,False,0,0,0,0,0.000000,0.000000,-4059365320,True,True
6058,436192,786434,813199170,1597005617,504D5542,3F0FD81A,False,0,0,0,0,0.000000,0.000000,-813199114,True,True
6059,436264,11832,72,1,BDC42D5D,BDC42D5D,True,11832,3109,0,0,0.223971,0.000000,-16,True,False
6060,436336,6571347,4060151808,8,00000000,391FF0A1,False,0,0,0,0,0.000000,0.000000,-4060151752,True,True
6061,436408,786434,813199170,1597005617,504D5542,0C49CFC3,False,0,0,0,0,0.000000,0.000000,-813199114,True,True
6062,436480,11834,72,1,EEF67C70,EEF67C70,True,11834,524354,0,0,0.158637,0.000000,-16,True,False
6063,436552,6571347,4057530368,8,00000000,5FBF1062,False,0,0,0,0,0.000000,0.000000,-4057530312,True,True
6064,436624,786434,813199170,1597005617,504D5542,80BD4AAB,False,0,0,0,0,0.000000,0.000000,-813199114,True,True
6065,436696,11836,72,1,B99E9DF0,B99E9DF0,True,11836,524354,0,0,0.158637,0.000000,-16,True,False
6066,436768,6571347,4087742464,8,00000000,4345111E,False,0,0,0,0,0.000000,0.000000,-4087742408,True,True
6067,436840,786434,813199170,1597005617,504D5542,E37834A7,False,0,0,0,0,0.000000,0.000000,-813199114,True,True
6068,436912,16127,72,1,341DF6AF,341DF6AF,True,16127,524354,0,0,0.139200,0.000000,-16,True,False
6069,436984,6571347,4226088960,8,00000000,F4389AF1,False,0,0,0,0,0.000000,0.000000,-4226088904,True,True
6070,437056,786434,813199170,1597005617,504D5542,BC258A26,False,0,0,0,0,0.000000,0.000000,-813199114,True,True
6071,437128,16207,72,1,EACD96CD,EACD96CD,True,16207,524354,0,0,0.223971,0.000000,-16,True,False
6072,437200,6571347,96731136,9,00000000,0AFE718A,False,0,0,0,0,0.000000,0.000000,-96731080,True,True
6073,437272,917506,1701734765,1600938354,55425F30,27EDC4AB,False,0,0,0,0,0.000000,0.000000,-1701734709,True,True
6074,437344,12631,76,1,697454B8,697454B8,True,12631,586456,0,0,0.135903,0.000000,-20,True,False
6075,437416,1094868784,6571347,4058316800,00000008,17507C21,False,0,0,0,0,0.000000,0.000000,-6571291,True,True
6076,437488,917506,1701734765,1600938354,55425F30,5AA5F0A4,False,0,0,0,0,0.000000,0.000000,-1701734709,True,True
6077,437560,12633,76,1,5695B0F2,5695B0F2,True,12633,586451,0,0,0.190007,0.000000,-20,True,False
6078,437632,1094868784,6571347,4058578944,00000008,D16A36C7,False,0,0,0,0,0.000000,0.000000,-6571291,True,True
6079,437704,917506,1701734765,1600938354,55425F30,2D68FE13,False,0,0,0,0,0.000000,0.000000,-1701734709,True,True
6080,437776,12635,76,1,47F987CA,47F987CA,True,12635,586454,0,0,0.202358,0.000000,-20,True,False
6081,437848,1094868784,6571347,4058972160,00000008,E8A4317D,False,0,0,0,0,0.000000,0.000000,-6571291,True,True
6082,437920,917506,1701734765,1600938354,55425F30,46610586,False,0,0,0,0,0.000000,0.000000,-1701734709,True,True
6083,437992,12637,76,1,33581F0E,33581F0E,True,12637,586451,0,0,0.190007,0.000000,-20,True,False
6084,438064,1094868784,6571347,4059234304,00000008,B7FCD7B1,False,0,0,0,0,0.000000,0.000000,-6571291,True,True
6085,438136,917506,1701734765,1600938354,55425F30,C5094DA3,False,0,0,0,0,0.000000,0.000000,-1701734709,True,True
6086,438208,12640,76,1,415EB9DA,415EB9DA,True,12640,586456,0,0,0.135903,0.000000,-20,True,False
6087,438280,1094868784,6571347,4059627520,00000008,BFA37842,False,0,0,0,0,0.000000,0.000000,-6571291,True,True
6088,438352,917506,1701734765,1600938354,55425F30,FF9269A5,False,0,0,0,0,0.000000,0.000000,-1701734709,True,True
6089,438424,12642,76,1,1D483945,1D483945,True,12642,586456,0,0,0.135903,0.000000,-20,True,False
6090,438496,1094868784,6571347,4059889664,00000008,59C677F5,False,0,0,0,0,0.000000,0.000000,-6571291,True,True
6091,438568,917506,1701734765,1600938354,55425F30,526A1718,False,0,0,0,0,0.000000,0.000000,-1701734709,True,True
6092,438640,12644,76,1,48CB4CE3,48CB4CE3,True,12644,586456,0,0,0.135903,0.000000,-20,True,False
6093,438712,1094868784,6571347,4061265920,00000008,273738BA,False,0,0,0,0,0.000000,0.000000,-6571291,True,True
6094,438784,917506,1701734765,1600938354,55425F30,3DC85D1D,False,0,0,0,0,0.000000,0.000000,-1701734709,True,True
6095,438856,12646,76,1,5C936C17,5C936C17,True,12646,586451,0,0,0.190007,0.000000,-20,True,False
6096,438928,1094868784,6571347,4061659136,00000008,BDCD4BA2,False,0,0,0,0,0.000000,0.000000,-6571291,True,True
6097,439000,917506,1701734765,1600938354,55425F30,93ABF0F0,False,0,0,0,0,0.000000,0.000000,-1701734709,True,True
6098,439072,12648,76,1,E32E8872,E32E8872,True,12648,586456,0,0,0.135903,0.000000,-20,True,False
6099,439144,1094868784,6571347,4060413952,00000008,D54A1893,False,0,0,0,0,0.000000,0.000000,-6571291,True,True
6100,439216,917506,1701734765,1600938354,55425F30,D11BE33B,False,0,0,0,0,0.000000,0.000000,-1701734709,True,True
6101,439288,12650,76,1,C13516DF,C13516DF,True,12650,586456,0,0,0.135903,0.000000,-20,True,False
6102,439360,1094868784,6571347,4058054656,00000008,648F400B,False,0,0,0,0,0.000000,0.000000,-6571291,True,True
6103,439432,917506,1701734765,1600938354,55425F30,884F5DC5,False,0,0,0,0,0.000000,0.000000,-1701734709,True,True
6104,439504,12652,76,1,D9471128,D9471128,True,12652,586456,0,0,0.135903,0.000000,-20,True,False
6105,439576,1094868784,6571347,4060872704,00000008,274DB1FC,False,0,0,0,0,0.000000,0.000000,-6571291,True,True
6106,439648,917506,1701734765,1600938354,55425F30,87A39560,False,0,0,0,0,0.000000,0.000000,-1701734709,True,True
6107,439720,12654,76,1,D8441DA2,D8441DA2,True,12654,586454,0,0,0.202358,0.000000,-20,True,False
6108,439792,1094868784,6571347,4058841088,00000008,52167B20,False,0,0,0,0,0.000000,0.000000,-6571291,True,True
6109,439864,917506,1701734765,1600938354,55425F30,9E170A09,False,0,0,0,0,0.000000,0.000000,-1701734709,True,True
6110,439936,12656,76,1,8711F882,8711F882,True,12656,586456,0,0,0.135903,0.000000,-20,True,False
6111,440008,1094868784,6571347,4060282880,00000008,F5903CAA,False,0,0,0,0,0.000000,0.000000,-6571291,True,True
6112,440080,917506,1701734765,1600938354,55425F30,9C723CDA,False,0,0,0,0,0.000000,0.000000,-1701734709,True,True
6113,440152,12658,76,1,93F87128,93F87128,True,12658,586451,0,0,0.190007,0.000000,-20,True,False
6114,440224,1094868784,6571347,4060020736,00000008,A49490D0,False,0,0,0,0,0.000000,0.000000,-6571291,True,True
6115,440296,917506,1701734765,1600938354,55425F30,1873D72B,False,0,0,0,0,0.000000,0.000000,-1701734709,True,True
6116,440368,12660,76,1,7DA6A1B2,7DA6A1B2,True,12660,586454,0,0,0.202358,0.000000,-20,True,False
6117,440440,1094868784,6571347,4057661440,00000008,7451046F,False,0,0,0,0,0.000000,0.000000,-6571291,True,True
6118,440512,917506,1701734765,1600938354,55425F30,64B37EC5,False,0,0,0,0,0.000000,0.000000,-1701734709,True,True
6119,440584,12662,76,1,16CDE837,16CDE837,True,12662,586454,0,0,0.202358,0.000000,-20,True,False
6120,440656,1094868784,6571347,4059365376,00000008,C54ADD1E,False,0,0,0,0,0.000000,0.000000,-6571291,True,True
6121,440728,917506,1701734765,1600938354,55425F30,C79BD65A,False,0,0,0,0,0.000000,0.000000,-1701734709,True,True
6122,440800,12664,76,1,B7D752A6,B7D752A6,True,12664,586455,0,0,0.239495,0.000000,-20,True,False
6123,440872,1094868784,6571347,4060151808,00000008,981F43BC,False,0,0,0,0,0.000000,0.000000,-6571291,True,True
6124,440944,917506,1701734765,1600938354,55425F30,272BB68D,False,0,0,0,0,0.000000,0.000000,-1701734709,True,True
6125,441016,12666,28,1,CB0171C0,CB0171C0,True,12666,586451,0,0,0.190007,0.000000,28,True,False
6126,441088,12667,76,1,471AC90F,471AC90F,True,12667,586451,0,0,0.190007,0.000000,-20,True,False
6127,441160,1094868784,6571347,4088266752,00000008,BAFBAC2A,False,0,0,0,0,0.000000,0.000000,-6571291,True,True
6128,441232,917506,1701734765,1600938354,55425F30,68FCE63B,False,0,0,0,0,0.000000,0.000000,-1701734709,True,True
6129,441304,13925,76,1,1162224C,1162224C,True,13925,586456,0,0,0.220419,0.000000,-20,True,False
6130,441376,1094868784,6571347,4059758592,00000008,9A948E54,False,0,0,0,0,0.000000,0.000000,-6571291,True,True
6131,441448,1048578,1852798067,1818849381,5F305F65,8E92F6BA,False,0,0,0,0,0.000000,0.000000,-1852798011,True,True
6132,441520,15884,52,1,78E28DE6,78E28DE6,True,15884,584907,0,0,0.023802,0.000000,4,True,False
6133,441592,15885,80,1,6908EC1B,6908EC1B,True,15885,584915,0,0,0.005733,0.000000,-24,True,False
6134,441664,1600482409,1094868784,6571347,E73B0000,AD983DD9,False,0,0,0,0,0.000000,0.000000,-1094868728,True,True
6135,441736,1048578,1852798067,1818849381,5F305F65,ED227035,False,0,0,0,0,0.000000,0.000000,-1852798011,True,True
6136,441808,15887,80,1,FF7AE50F,FF7AE50F,True,15887,584910,0,0,0.161738,0.000000,-24,True,False
6137,441880,1600482409,1094868784,6571347,E7500000,1FA18A64,False,0,0,0,0,0.000000,0.000000,-1094868728,True,True
6138,441952,1048578,1852798067,1818849381,5F305F65,9C3BD0B3,False,0,0,0,0,0.000000,0.000000,-1852798011,True,True
6139,442024,15889,28,1,9E276554,9E276554,True,15889,584910,0,0,0.161738,0.000000,28,True,False
6140,442096,15890,80,1,ACD073B3,ACD073B3,True,15890,584910,0,0,0.161738,0.000000,-24,True,False
6141,442168,1600482409,1094868784,6571347,E7530000,6EDE8F68,False,0,0,0,0,0.000000,0.000000,-1094868728,True,True
6142,442240,917505,1886217575,1600482409,41425F30,7B937634,False,0,0,0,0,0.000000,0.000000,-1886217519,True,True
6143,442312,917505,1886217575,1600482409,41425F30,8EC91848,False,0,0,0,0,0.000000,0.000000,-1886217519,True,True
6144,442384,917505,1886217575,1600482409,41425F30,91E6183C,False,0,0,0,0,0.000000,0.000000,-1886217519,True,True
6145,442456,1048578,1635018093,1818849388,5F305F65,E5AA7127,False,0,0,0,0,0.000000,0.000000,-1635018037,True,True
6146,442528,15929,80,1,92B1F939,92B1F939,True,15929,584915,0,0,0.005733,0.000000,-24,True,False
6147,442600,1600482409,1094868784,6571347,E73D0000,527779E7,False,0,0,0,0,0.000000,0.000000,-1094868728,True,True
6148,442672,1048577,1635018093,1818849388,5F305F65,0075AD6C,False,0,0,0,0,0.000000,0.000000,-1635018037,True,True
6149,442744,1048577,1635018093,1818849388,5F305F65,FFE1B17B,False,0,0,0,0,0.000000,0.000000,-1635018037,True,True
6150,442816,917506,1701734765,1600938354,55425F30,1C797F59,False,0,0,0,0,0.000000,0.000000,-1701734709,True,True
6151,442888,16204,76,1,336DAB41,336DAB41,True,16204,586454,0,0,0.202358,0.000000,-20,True,False
6152,442960,1430413104,6574157,96665600,00000009,E3B74432,False,0,0,0,0,0.000000,0.000000,-6574101,True,True
6153,443032,917506,1701734765,1600938354,55425F30,FC242476,False,0,0,0,0,0.000000,0.000000,-1701734709,True,True
6154,443104,13988,28,1,9709E9D1,9709E9D1,True,13988,239282,0,0,0.312958,0.000000,28,True,False
6155,443176,13989,28,1,820161F0,820161F0,True,13989,239259,0,0,0.369675,0.000000,28,True,False
6156,443248,13990,28,1,DE81C181,DE81C181,True,13990,239260,0,0,0.254855,0.000000,28,True,False
6157,443320,13991,28,1,CE83AC41,CE83AC41,True,13991,239263,0,0,0.280712,0.000000,28,True,False
6158,443392,13992,28,1,9371DEDF,9371DEDF,True,13992,381073,0,0,0.177871,0.000000,28,True,False
6159,443464,13993,28,1,66BFD01B,66BFD01B,True,13993,380866,0,0,0.194030,0.000000,28,True,False
6160,443536,13994,51,1,C18C4FF4,C18C4FF4,True,13994,380867,0,0,0.305947,0.000000,5,True,False
6161,443608,13995,28,1,40EA5E5D,40EA5E5D,True,13995,381081,0,0,0.164334,0.000000,28,True,False
6162,443680,13996,51,1,EEF0841A,EEF0841A,True,13996,380869,0,0,0.426376,0.000000,5,True,False
6163,443752,13997,28,1,D36FEAF1,D36FEAF1,True,13997,380871,0,0,0.183711,0.000000,28,True,False
6164,443824,13998,51,1,C723508D,C723508D,True,13998,387337,0,0,0.190060,0.000000,5,True,False
6165,443896,13999,28,1,759A56C7,759A56C7,True,13999,387348,0,0,0.114297,0.000000,28,True,False
6166,443968,14000,28,1,F30A0801,F30A0801,True,14000,471532,0,0,0.193645,0.000000,28,True,False
6167,444040,14001,28,1,DCF8242D,DCF8242D,True,14001,492784,0,0,0.157870,0.000000,28,True,False
6168,444112,14002,28,1,16A27BB4,16A27BB4,True,14002,493105,0,0,0.277937,0.000000,28,True,False
6169,444184,14003,28,1,502194BE,502194BE,True,14003,506379,0,0,0.228043,0.000000,28,True,False
6170,444256,14004,28,1,F0C809D9,F0C809D9,True,14004,506384,0,0,0.139855,0.000000,28,True,False
6171,444328,14005,28,1,B327671E,B327671E,True,14005,506387,0,0,0.094870,0.000000,28,True,False
6172,444400,14006,28,1,FE81E4A4,FE81E4A4,True,14006,524488,0,0,0.221435,0.000000,28,True,False
6173,444472,14007,28,1,EEA22149,EEA22149,True,14007,524491,0,0,0.160840,0.000000,28,True,False
6174,444544,14008,28,1,A6ECDC04,A6ECDC04,True,14008,524484,0,0,0.285332,0.000000,28,True,False
6175,444616,14009,28,1,DBB23E92,DBB23E92,True,14009,540070,0,0,0.186216,0.000000,28,True,False
6176,444688,14010,28,1,4187CD05,4187CD05,True,14010,540069,0,0,0.220111,0.000000,28,True,False
6177,444760,14011,28,1,3B13D5FA,3B13D5FA,True,14011,540075,0,0,0.365739,0.000000,28,True,False
6178,444832,14012,28,1,677EE505,677EE505,True,14012,540068,0,0,0.255313,0.000000,28,True,False
6179,444904,13926,28,1,9D002C6B,9D002C6B,True,13926,540075,0,0,0.365739,0.000000,28,True,False
6180,444976,13927,28,1,C4D112DA,C4D112DA,True,13927,540068,0,0,0.255313,0.000000,28,True,False
6181,445048,13928,28,1,EE322F2F,EE322F2F,True,13928,540069,0,0,0.220111,0.000000,28,True,False
6182,445120,13929,28,1,776C2682,776C2682,True,13929,540070,0,0,0.186216,0.000000,28,True,False
6183,445192,13930,28,1,88519D99,88519D99,True,13930,540071,0,0,0.097086,0.000000,28,True,False
6184,445264,16125,28,1,A210BFF7,A210BFF7,True,16125,588770,0,0,0.097086,0.000000,28,True,False
6185,445336,14014,28,1,DF0C0E44,DF0C0E44,True,14014,239338,0,0,0.211324,0.000000,28,True,False
6186,445408,14015,28,1,80C4C515,80C4C515,True,14015,239341,0,0,0.203637,0.000000,28,True,False
6187,445480,14016,28,1,3266BA2A,3266BA2A,True,14016,239344,0,0,0.174322,0.000000,28,True,False
6188,445552,14017,51,1,A1D47DA3,A1D47DA3,True,14017,239347,0,0,0.270823,0.000000,5,True,False
6189,445624,14018,28,1,0B6897ED,0B6897ED,True,14018,380943,0,0,0.260558,0.000000,28,True,False
6190,445696,14019,28,1,39234BB2,39234BB2,True,14019,381093,0,0,0.209710,0.000000,28,True,False
6191,445768,14020,51,1,342290E0,342290E0,True,14020,381096,0,0,0.305947,0.000000,5,True,False
6192,445840,14021,51,1,0F149A81,0F149A81,True,14021,381331,0,0,0.146484,0.000000,5,True,False
6193,445912,14022,28,1,0DE4AA3E,0DE4AA3E,True,14022,381102,0,0,0.426376,0.000000,28,True,False
6194,445984,14023,28,1,6B0375F7,6B0375F7,True,14023,381343,0,0,0.248917,0.000000,28,True,False
6195,446056,14024,28,1,0105DF58,0105DF58,True,14024,493088,0,0,0.445977,0.000000,28,True,False
6196,446128,14025,28,1,DD753FA5,DD753FA5,True,14025,506363,0,0,0.157191,0.000000,28,True,False
6197,446200,14026,28,1,B225788B,B225788B,True,14026,506367,0,0,0.124856,0.000000,28,True,False
6198,446272,14027,28,1,BB2FCFD9,BB2FCFD9,True,14027,506376,0,0,0.101381,0.000000,28,True,False
6199,446344,14028,28,1,F4AAF9C0,F4AAF9C0,True,14028,524510,0,0,0.144904,0.000000,28,True,False
6200,446416,14029,28,1,E7BAB1EA,E7BAB1EA,True,14029,524502,0,0,0.089690,0.000000,28,True,False
6201,446488,14030,28,1,5C16FEAC,5C16FEAC,True,14030,524517,0,0,0.078936,0.000000,28,True,False
6202,446560,14031,28,1,2CBF1A00,2CBF1A00,True,14031,540101,0,0,0.294043,0.000000,28,True,False
6203,446632,14032,28,1,57EFA5A8,57EFA5A8,True,14032,540100,0,0,0.228771,0.000000,28,True,False
6204,446704,14033,28,1,842DF97B,842DF97B,True,14033,540098,0,0,0.239199,0.000000,28,True,False
6205,446776,14034,28,1,A5177B27,A5177B27,True,14034,540099,0,0,0.143042,0.000000,28,True,False
6206,446848,13931,28,1,7DF71759,7DF71759,True,13931,540098,0,0,0.239199,0.000000,28,True,False
6207,446920,13932,28,1,5A1A6171,5A1A6171,True,13932,540099,0,0,0.143042,0.000000,28,True,False
6208,446992,13933,28,1,AA3CB8D9,AA3CB8D9,True,13933,540100,0,0,0.228771,0.000000,28,True,False
6209,447064,13934,28,1,C14BCA3D,C14BCA3D,True,13934,540101,0,0,0.294043,0.000000,28,True,False
6210,447136,13935,28,1,DA43520F,DA43520F,True,13935,540102,0,0,0.769572,0.000000,28,True,False
6211,447208,16126,28,1,1CAC4D97,1CAC4D97,True,16126,588772,0,0,0.769572,0.000000,28,True,False
6212,447280,12806,28,1,43DC44B7,43DC44B7,True,12806,380670,0,0,0.194030,0.000000,28,True,False
6213,447352,12808,28,1,680197B9,680197B9,True,12808,380702,0,0,0.183856,0.000000,28,True,False
6214,447424,13852,28,1,4811E4E3,4811E4E3,True,13852,380699,0,0,0.251885,0.000000,28,True,False
6215,447496,13905,28,1,8D8CEBA1,8D8CEBA1,True,13905,531031,0,0,0.131321,0.000000,28,True,False
6216,447568,13906,28,1,85D65547,85D65547,True,13906,531038,0,0,0.158503,0.000000,28,True,False
6217,447640,13864,28,1,EF17D3A6,EF17D3A6,True,13864,531917,0,0,0.314106,0.000000,28,True,False
6218,447712,13865,28,1,224036F9,224036F9,True,13865,241721,0,0,0.233619,0.000000,28,True,False
6219,447784,13866,28,1,B799057A,B799057A,True,13866,245902,0,0,0.122776,0.000000,28,True,False
6220,447856,13867,28,1,F9602D9D,F9602D9D,True,13867,245945,0,0,0.181124,0.000000,28,True,False
6221,447928,13868,28,1,20E6515B,20E6515B,True,13868,245966,0,0,0.150124,0.000000,28,True,False
6222,448000,13869,28,1,48F8D611,48F8D611,True,13869,245996,0,0,0.223519,0.000000,28,True,False
6223,448072,13870,28,1,2A38F635,2A38F635,True,13870,246804,0,0,0.154196,0.000000,28,True,False
6224,448144,13871,28,1,2E09B176,2E09B176,True,13871,241691,0,0,0.197507,0.000000,28,True,False
6225,448216,13872,28,1,9FBF6EEA,9FBF6EEA,True,13872,246812,0,0,0.121970,0.000000,28,True,False
6226,448288,13873,28,1,95D76859,95D76859,True,13873,246711,0,0,0.172549,0.000000,28,True,False
6227,448360,13874,28,1,552826B7,552826B7,True,13874,246702,0,0,0.230962,0.000000,28,True,False
6228,448432,13875,28,1,EA65682E,EA65682E,True,13875,246708,0,0,0.203399,0.000000,28,True,False
6229,448504,13876,28,1,338EB93E,338EB93E,True,13876,246761,0,0,0.225618,0.000000,28,True,False
6230,448576,13877,28,1,8079816F,8079816F,True,13877,246766,0,0,0.167263,0.000000,28,True,False
6231,448648,13878,28,1,07905415,07905415,True,13878,246771,0,0,0.251028,0.000000,28,True,False
6232,448720,13879,28,1,5760E0BA,5760E0BA,True,13879,246774,0,0,0.227700,0.000000,28,True,False
6233,448792,13880,28,1,A7D403F3,A7D403F3,True,13880,246784,0,0,0.130597,0.000000,28,True,False
6234,448864,13881,28,1,79E6754F,79E6754F,True,13881,246791,0,0,0.140097,0.000000,28,True,False
6235,448936,13882,28,1,79AF2C58,79AF2C58,True,13882,246822,0,0,0.210723,0.000000,28,True,False
6236,449008,13883,28,1,4E25003A,4E25003A,True,13883,246828,0,0,0.219959,0.000000,28,True,False
6237,449080,13884,28,1,50DC731F,50DC731F,True,13884,246833,0,0,0.266188,0.000000,28,True,False
6238,449152,13885,28,1,036C9BC1,036C9BC1,True,13885,246839,0,0,0.115418,0.000000,28,True,False
6239,449224,13886,28,1,7BB1AD66,7BB1AD66,True,13886,246842,0,0,0.213469,0.000000,28,True,False
6240,449296,13887,28,1,00CDD8C3,00CDD8C3,True,13887,531921,0,0,0.285085,0.000000,28,True,False
6241,449368,13888,28,1,31E9F51D,31E9F51D,True,13888,531914,0,0,0.033887,0.000000,28,True,False
6242,449440,13889,28,1,2F8001A2,2F8001A2,True,13889,246817,0,0,0.220985,0.000000,28,True,False
6243,449512,13890,28,1,DFCCF652,DFCCF652,True,13890,246809,0,0,0.253737,0.000000,28,True,False
6244,449584,13891,28,1,71B54BC0,71B54BC0,True,13891,246836,0,0,0.139601,0.000000,28,True,False
6245,449656,13892,28,1,AE11B62E,AE11B62E,True,13892,246845,0,0,0.185077,0.000000,28,True,False
6246,449728,13893,28,1,D6FA4631,D6FA4631,True,13893,531924,0,0,0.045086,0.000000,28,True,False
6247,449800,13894,28,1,1BC1F48B,1BC1F48B,True,13894,529695,0,0,0.215340,0.000000,28,True,False
6248,449872,13853,28,1,6B31940A,6B31940A,True,13853,241742,0,0,0.170184,0.000000,28,True,False
6249,449944,13854,28,1,9D0BB5BF,9D0BB5BF,True,13854,241756,0,0,0.209499,0.000000,28,True,False
6250,450016,13855,28,1,35F9E0A3,35F9E0A3,True,13855,240751,0,0,0.208468,0.000000,28,True,False
6251,450088,13856,28,1,CB27EA4D,CB27EA4D,True,13856,241724,0,0,0.192675,0.000000,28,True,False
6252,450160,13857,28,1,F7A43F4F,F7A43F4F,True,13857,245945,0,0,0.181124,0.000000,28,True,False
6253,450232,13858,28,1,4C959347,4C959347,True,13858,246009,0,0,0.149524,0.000000,28,True,False
6254,450304,13859,28,1,78A3EAB3,78A3EAB3,True,13859,246642,0,0,0.346920,0.000000,28,True,False
6255,450376,13860,28,1,4E5990E2,4E5990E2,True,13860,246693,0,0,0.272227,0.000000,28,True,False
6256,450448,13861,28,1,20CDA3A4,20CDA3A4,True,13861,241691,0,0,0.197507,0.000000,28,True,False
6257,450520,13862,28,1,5D791248,5D791248,True,13862,240761,0,0,0.349008,0.000000,28,True,False
6258,450592,13863,28,1,9F4A162C,9F4A162C,True,13863,246658,0,0,0.344821,0.000000,28,True,False
6259,450664,11839,64,1,0CC2D9AA,0CC2D9AA,True,11839,329635,0,0,0.099539,0.000000,-8,True,False
6260,450736,1065353216,0,0,00000000,00000000,True,0,0,0,0,0.000000,0.000000,56,True,True
6261,450808,589824,0,1056964608,3F800000,00000000,False,0,0,0,0,0.000000,0.000000,56,True,True
6262,450880,11849,64,1,BA7A3EC0,BA7A3EC0,True,11849,329635,0,0,0.099539,0.000000,-8,True,False
6263,450952,1065353216,0,0,00000000,00000000,True,0,0,0,0,0.000000,0.000000,56,True,True
6264,451024,589824,1058219594,1046065994,3F5DBB7B,81E2AF10,False,0,0,0,0,0.000000,0.000000,-1058219538,True,True
6265,451096,11851,64,1,75235959,75235959,True,11851,329635,0,0,0.099539,0.000000,-8,True,False
6266,451168,1065353216,0,0,00000000,00000000,True,0,0,0,0,0.000000,0.000000,56,True,True
6267,451240,589824,0,0,00000000,00000000,True,0,0,0,0,0.000000,0.000000,56,True,True
6268,451312,11853,64,1,AB70C89A,AB70C89A,True,11853,329635,0,0,0.099539,0.000000,-8,True,False
6269,451384,1065353216,0,0,00000000,00000000,True,0,0,0,0,0.000000,0.000000,56,True,True
6270,451456,589824,1053944709,1062333317,3EB33333,E47D27E2,False,0,0,0,0,0.000000,0.000000,-1053944653,True,True
6271,451528,11942,64,1,B54E3812,B54E3812,True,11942,329635,0,0,0.099539,0.000000,-8,True,False
6272,451600,1065353216,0,0,00000000,00000000,True,0,0,0,0,0.000000,0.000000,56,True,True
6273,451672,589824,1059870892,1035035337,3DB162C9,16AAF168,False,0,0,0,0,0.000000,0.000000,-1059870836,True,True
6274,451744,11944,64,1,A99E528F,A99E528F,True,11944,329635,0,0,0.099539,0.000000,-8,True,False
6275,451816,1065353216,0,0,00000000,00000000,True,0,0,0,0,0.000000,0.000000,56,True,True
6276,451888,589824,0,1062843244,3F55AB5C,00000000,False,0,0,0,0,0.000000,0.000000,56,True,True
6277,451960,11946,64,1,6A1C1963,6A1C1963,True,11946,329635,0,0,0.099539,0.000000,-8,True,False
6278,452032,1065353216,0,0,00000000,00000000,True,0,0,0,0,0.000000,0.000000,56,True,True
6279,452104,589824,1065353216,1060333255,3DC18308,0297ABD5,False,0,0,0,0,0.000000,0.000000,-1065353160,True,True
6280,452176,11948,64,1,4B4D288D,4B4D288D,True,11948,329635,0,0,0.099539,0.000000,-8,True,False
6281,452248,1065353216,0,0,00000000,00000000,True,0,0,0,0,0.000000,0.000000,56,True,True
6282,452320,589824,1048642069,0,3CE1C39F,79712035,False,0,0,0,0,0.000000,0.000000,-1048642013,True,True
6283,452392,11950,64,1,94B1FF45,94B1FF45,True,11950,329635,0,0,0.099539,0.000000,-8,True,False
6284,452464,1065353216,0,0,00000000,00000000,True,0,0,0,0,0.000000,0.000000,56,True,True
6285,452536,589824,1058483802,1057360919,3F1F3E79,7450DDC8,False,0,0,0,0,0.000000,0.000000,-1058483746,True,True
6286,452608,11952,64,1,B3BE79CF,B3BE79CF,True,11952,329635,0,0,0.099539,0.000000,-8,True,False
6287,452680,1065353216,0,0,00000000,00000000,True,0,0,0,0,0.000000,0.000000,56,True,True
6288,452752,589824,1035035337,1043952333,3E3972CD,055A2E8A,False,0,0,0,0,0.000000,0.000000,-1035035281,True,True
6289,452824,11954,64,1,3E2C822A,3E2C822A,True,11954,329635,0,0,0.099539,0.000000,-8,True,False
6290,452896,1065353216,0,0,00000000,00000000,True,0,0,0,0,0.000000,0.000000,56,True,True
6291,452968,589824,1050253722,1054951342,3F19999A,CBC51DF1,False,0,0,0,0,0.000000,0.000000,-1050253666,True,True
6292,453040,11956,64,1,9A809077,9A809077,True,11956,329635,0,0,0.099539,0.000000,-8,True,False
6293,453112,1065353216,0,0,00000000,00000000,True,0,0,0,0,0.000000,0.000000,56,True,True
6294,453184,589824,1056964608,1056964608,00000000,300BFCF8,False,0,0,0,0,0.000000,0.000000,-1056964552,True,True
6295,453256,11958,64,1,41E42B78,41E42B78,True,11958,329635,0,0,0.099539,0.000000,-8,True,False
6296,453328,1065353216,0,0,00000000,00000000,True,0,0,0,0,0.000000,0.000000,56,True,True
6297,453400,589824,1051569592,1002487243,3E22A2C2,2CD45229,False,0,0,0,0,0.000000,0.000000,-1051569536,True,True
6298,453472,11960,64,1,A2951B2B,A2951B2B,True,11960,329635,0,0,0.099539,0.000000,-8,True,False
6299,453544,1065353216,0,0,00000000,00000000,True,0,0,0,0,0.000000,0.000000,56,True,True
6300,453616,589824,1045088956,1042983617,3D9C9CD4,791929DF,False,0,0,0,0,0.000000,0.000000,-1045088900,True,True
6301,453688,16219,64,1,97B033BC,97B033BC,True,16219,329635,0,0,0.099539,0.000000,-8,True,False
6302,453760,1065353216,0,0,00000000,00000000,True,0,0,0,0,0.000000,0.000000,56,True,True
6303,453832,589824,1039463690,1039463690,3E6AEAFB,A45B10C5,False,0,0,0,0,0.000000,0.000000,-1039463634,True,True
6304,453904,16221,64,1,702576B9,702576B9,True,16221,329635,0,0,0.099539,0.000000,-8,True,False
6305,453976,1065353216,0,0,00000000,00000000,True,0,0,0,0,0.000000,0.000000,56,True,True
6306,454048,589824,1051174824,1052359094,3ED7D7E4,EE2FE390,False,0,0,0,0,0.000000,0.000000,-1051174768,True,True
6307,454120,16223,64,1,2B657DFB,2B657DFB,True,16223,329635,0,0,0.099539,0.000000,-8,True,False
6308,454192,1065353216,0,0,00000000,00000000,True,0,0,0,0,0.000000,0.000000,56,True,True
6309,454264,589824,1036831949,1048510233,3D48C932,32BFA706,False,0,0,0,0,0.000000,0.000000,-1036831893,True,True
6310,454336,16400,64,1,6B8E6775,6B8E6775,True,16400,329635,0,0,0.099539,0.000000,-8,True,False
6311,454408,1065353216,0,0,00000000,00000000,True,0,0,0,0,0.000000,0.000000,56,True,True
6312,454480,589824,1050253722,1065353216,00000000,60C3AE25,False,0,0,0,0,0.000000,0.000000,-1050253666,True,True
6313,454552,16402,64,1,04B3DF02,04B3DF02,True,16402,329635,0,0,0.099539,0.000000,-8,True,False
6314,454624,1065353216,0,0,00000000,00000000,True,0,0,0,0,0.000000,0.000000,56,True,True
6315,454696,589824,1051361018,1028443341,3D4CCCCD,49531026,False,0,0,0,0,0.000000,0.000000,-1051360962,True,True
6316,454768,12884,28,1,2DCD22B1,2DCD22B1,True,12884,498904,0,0,0.205290,0.000000,28,True,False
6317,454840,14517,64,1,8B25A4FD,8B25A4FD,True,14517,498935,0,0,0.117452,0.000000,-8,True,False
6318,454912,1053609165,0,0,00000000,00000000,True,0,0,0,0,0.000000,0.000000,56,True,True
6319,454984,589824,1056964608,1056964608,3F000000,9E4F6869,False,0,0,0,0,0.000000,0.000000,-1056964552,True,True
6320,455056,14519,64,1,AA786228,AA786228,True,14519,498943,0,0,0.262160,0.000000,-8,True,False
6321,455128,1053609165,0,0,00000000,00000000,True,0,0,0,0,0.000000,0.000000,56,True,True
6322,455200,0,0,0,00000000,00000000,True,0,0,0,0,0.000000,0.000000,56,True,True
6323,455272,589824,1056964608,1053609165,3EA3D70A,32FF10B8,False,0,0,0,0,0.000000,0.000000,-1056964552,True,True
6324,455344,15624,64,1,35A0F8BA,35A0F8BA,True,15624,583245,0,0,0.204169,0.000000,-8,True,False
6325,455416,0,0,0,00000000,00000000,True,0,0,0,0,0.000000,0.000000,56,True,True
6326,455488,589824,1060320051,1043878380,3ECCCCCD,AAF4D2DF,False,0,0,0,0,0.000000,0.000000,-1060319995,True,True
6327,455560,15626,64,1,EBAF17EE,EBAF17EE,True,15626,583247,0,0,0.204169,0.000000,-8,True,False
6328,455632,0,0,0,00000000,00000000,True,0,0,0,0,0.000000,0.000000,56,True,True
6329,455704,589824,1061427347,1039113650,3E6872B0,1221394B,False,0,0,0,0,0.000000,0.000000,-1061427291,True,True
6330,455776,15628,64,1,955F1991,955F1991,True,15628,583427,0,0,0.204169,0.000000,-8,True,False
6331,455848,0,0,0,00000000,00000000,True,0,0,0,0,0.000000,0.000000,56,True,True
6332,455920,589824,1045220557,1032805417,3DCCCCCD,73F75F4D,False,0,0,0,0,0.000000,0.000000,-1045220501,True,True
6333,455992,15630,64,1,03410B15,03410B15,True,15630,583243,0,0,0.204169,0.000000,-8,True,False
6334,456064,0,0,0,00000000,00000000,True,0,0,0,0,0.000000,0.000000,56,True,True
6335,456136,589824,1061997773,1061997773,3F4CCCCD,BC17AD05,False,0,0,0,0,0.000000,0.000000,-1061997717,True,True
6336,456208,15632,64,1,F07784E4,F07784E4,True,15632,583426,0,0,0.204169,0.000000,-8,True,False
6337,456280,0,0,0,00000000,00000000,True,0,0,0,0,0.000000,0.000000,56,True,True
6338,456352,589824,1008981770,1008981770,3C23D70A,08363740,False,0,0,0,0,0.000000,0.000000,-1008981714,True,True
6339,456424,15635,64,1,2EC861EB,2EC861EB,True,15635,583242,0,0,0.204169,0.000000,-8,True,False
6340,456496,0,0,0,00000000,00000000,True,0,0,0,0,0.000000,0.000000,56,True,True
6341,456568,589824,1062836634,1062836634,3F59999A,68758201,False,0,0,0,0,0.000000,0.000000,-1062836578,True,True
6342,456640,15637,64,1,4D23C53B,4D23C53B,True,15637,583242,0,0,0.204169,0.000000,-8,True,False
6343,456712,0,0,0,00000000,00000000,True,0,0,0,0,0.000000,0.000000,56,True,True
6344,456784,589824,1065353216,1065353216,3F800000,74564E70,False,0,0,0,0,0.000000,0.000000,-1065353160,True,True
6345,456856,15735,64,1,C689C7E8,C689C7E8,True,15735,583427,0,0,0.204169,0.000000,-8,True,False
6346,456928,1050253722,0,0,00000000,00000000,True,0,0,0,0,0.000000,0.000000,56,True,True
6347,457000,589824,1008981770,1008981770,3C23D70A,58E1563D,False,0,0,0,0,0.000000,0.000000,-1008981714,True,True
6348,457072,15819,64,1,21D19610,21D19610,True,15819,583245,0,0,0.204169,0.000000,-8,True,False
6349,457144,0,0,0,00000000,00000000,True,0,0,0,0,0.000000,0.000000,56,True,True
6350,457216,589824,1053609165,1046562734,3DF5C28F,D85D40E5,False,0,0,0,0,0.000000,0.000000,-1053609109,True,True
6351,457288,15987,64,1,EEB6803B,EEB6803B,True,15987,583242,0,0,0.204169,0.000000,-8,True,False
6352,457360,0,0,0,00000000,00000000,True,0,0,0,0,0.000000,0.000000,56,True,True
6353,457432,589824,1061997773,1061997773,3E800000,48260801,False,0,0,0,0,0.000000,0.000000,-1061997717,True,True
6354,457504,15989,64,1,13FE845E,13FE845E,True,15989,583242,0,0,0.204169,0.000000,-8,True,False
6355,457576,0,0,0,00000000,00000000,True,0,0,0,0,0.000000,0.000000,56,True,True
6356,457648,589824,1048706862,1053960010,3F60FFFC,7C9B8F65,False,0,0,0,0,0.000000,0.000000,-1048706806,True,True
6357,457720,15999,64,1,780883FD,780883FD,True,15999,583242,0,0,0.204169,0.000000,-8,True,False
6358,457792,0,0,0,00000000,00000000,True,0,0,0,0,0.000000,0.000000,56,True,True
6359,457864,589824,1056964608,1056964608,00000000,187E69E9,False,0,0,0,0,0.000000,0.000000,-1056964552,True,True
6360,457936,16001,64,1,816FF154,816FF154,True,16001,583242,0,0,0.204169,0.000000,-8,True,False
6361,458008,0,0,0,00000000,00000000,True,0,0,0,0,0.000000,0.000000,56,True,True
6362,458080,589824,1044381696,1062534644,3F480000,248FB711,False,0,0,0,0,0.000000,0.000000,-1044381640,True,True
6363,458152,16003,64,1,ABF658A7,ABF658A7,True,16003,583242,0,0,0.204169,0.000000,-8,True,False
6364,458224,0,0,0,00000000,00000000,True,0,0,0,0,0.000000,0.000000,56,True,True
6365,458296,589824,1065353216,1056964608,3E800000,E6B84577,False,0,0,0,0,0.000000,0.000000,-1065353160,True,True
6366,458368,16005,64,1,C3EC1D32,C3EC1D32,True,16005,583242,0,0,0.204169,0.000000,-8,True,False
6367,458440,0,0,0,00000000,00000000,True,0,0,0,0,0.000000,0.000000,56,True,True
6368,458512,589824,1058222899,1046092972,3F5DB22D,0D3E9D85,False,0,0,0,0,0.000000,0.000000,-1058222843,True,True
6369,458584,16007,64,1,58D131C0,58D131C0,True,16007,583242,0,0,0.204169,0.000000,-8,True,False
6370,458656,0,0,0,00000000,00000000,True,0,0,0,0,0.000000,0.000000,56,True,True
6371,458728,589824,1058537472,1055655985,3EA7EF9E,8453FA97,False,0,0,0,0,0.000000,0.000000,-1058537416,True,True
6372,458800,16009,64,1,64DE047D,64DE047D,True,16009,583242,0,0,0.204169,0.000000,-8,True,False
6373,458872,0,0,0,00000000,00000000,True,0,0,0,0,0.000000,0.000000,56,True,True
6374,458944,589824,1061662228,1060655596,3F147AE1,F90E21C8,False,0,0,0,0,0.000000,0.000000,-1061662172,True,True
6375,459016,16011,64,1,D8C41FC5,D8C41FC5,True,16011,583242,0,0,0.204169,0.000000,-8,True,False
6376,459088,0,0,0,00000000,00000000,True,0,0,0,0,0.000000,0.000000,56,True,True
6377,459160,589824,1048576000,1042536202,3DCCCCCD,EDE39925,False,0,0,0,0,0.000000,0.000000,-1048575944,True,True
6378,459232,16013,64,1,16589738,16589738,True,16013,583244,0,0,0.204169,0.000000,-8,True,False
6379,459304,0,0,0,00000000,00000000,True,0,0,0,0,0.000000,0.000000,56,True,True
6380,459376,589824,1058209796,1054867456,3F5B0004,FE2B5CBF,False,0,0,0,0,0.000000,0.000000,-1058209740,True,True
6381,459448,16015,64,1,9EE203FE,9EE203FE,True,16015,583244,0,0,0.204169,0.000000,-8,True,False
6382,459520,0,0,0,00000000,00000000,True,0,0,0,0,0.000000,0.000000,56,True,True
6383,459592,589824,1063507722,1062467535,3F500000,A288C5D9,False,0,0,0,0,0.000000,0.000000,-1063507666,True,True
6384,459664,16017,64,1,FDFA0E4F,FDFA0E4F,True,16017,583244,0,0,0.204169,0.000000,-8,True,False
6385,459736,0,0,0,00000000,00000000,True,0,0,0,0,0.000000,0.000000,56,True,True
6386,459808,589824,1058537472,1055655985,3EA7EF9E,E505FD06,False,0,0,0,0,0.000000,0.000000,-1058537416,True,True
6387,459880,16019,64,1,1D4CA36D,1D4CA36D,True,16019,583426,0,0,0.204169,0.000000,-8,True,False
6388,459952,1036831949,0,0,00000000,00000000,True,0,0,0,0,0.000000,0.000000,56,True,True
6389,460024,589824,1060320051,1043878380,3ECCCCCD,7147CCAD,False,0,0,0,0,0.000000,0.000000,-1060319995,True,True
6390,460096,16021,64,1,0F43D37A,0F43D37A,True,16021,583426,0,0,0.204169,0.000000,-8,True,False
6391,460168,1036831949,0,0,00000000,00000000,True,0,0,0,0,0.000000,0.000000,56,True,True
6392,460240,589824,1062928388,1054867456,3F130004,55099262,False,0,0,0,0,0.000000,0.000000,-1062928332,True,True
6393,460312,16023,64,1,54710162,54710162,True,16023,583247,0,0,0.204169,0.000000,-8,True,False
6394,460384,0,0,0,00000000,00000000,True,0,0,0,0,0.000000,0.000000,56,True,True
6395,460456,589824,1054280253,1017370378,3DCCCCCD,CB482DA7,False,0,0,0,0,0.000000,0.000000,-1054280197,True,True
6396,460528,16025,64,1,3E90160F,3E90160F,True,16025,583247,0,0,0.204169,0.000000,-8,True,False
6397,460600,0,0,0,00000000,00000000,True,0,0,0,0,0.000000,0.000000,56,True,True
6398,460672,589824,1050253722,0,3D99999A,6684D800,False,0,0,0,0,0.000000,0.000000,-1050253666,True,True
6399,460744,16027,64,1,F2961D2A,F2961D2A,True,16027,583247,0,0,0.204169,0.000000,-8,True,False
6400,460816,0,0,0,00000000,00000000,True,0,0,0,0,0.000000,0.000000,56,True,True
6401,460888,589824,1054867456,1056964608,3F100000,294E867D,False,0,0,0,0,0.000000,0.000000,-1054867400,True,True
6402,460960,16029,64,1,D4D025BD,D4D025BD,True,16029,583427,0,0,0.204169,0.000000,-8,True,False
6403,461032,1050253722,0,0,00000000,00000000,True,0,0,0,0,0.000000,0.000000,56,True,True
6404,461104,589824,1065286107,1059447636,3F48F5C3,BDDF8385,False,0,0,0,0,0.000000,0.000000,-1065286051,True,True
6405,461176,16031,64,1,213A0A63,213A0A63,True,16031,583427,0,0,0.204169,0.000000,-8,True,False
6406,461248,1050253722,0,0,00000000,00000000,True,0,0,0,0,0.000000,0.000000,56,True,True
6407,461320,589824,1061158912,1061158912,3F400000,D07C082E,False,0,0,0,0,0.000000,0.000000,-1061158856,True,True
6408,461392,16035,64,1,136B5961,136B5961,True,16035,583247,0,0,0.204169,0.000000,-8,True,False
6409,461464,0,0,0,00000000,00000000,True,0,0,0,0,0.000000,0.000000,56,True,True
6410,461536,589824,1045220557,1036831949,3DB851EC,07CF838E,False,0,0,0,0,0.000000,0.000000,-1045220501,True,True
6411,461608,16037,64,1,FB48D4EE,FB48D4EE,True,16037,583245,0,0,0.204169,0.000000,-8,True,False
6412,461680,0,0,0,00000000,00000000,True,0,0,0,0,0.000000,0.000000,56,True,True
6413,461752,589824,1065286107,1053948065,3F340000,96B42291,False,0,0,0,0,0.000000,0.000000,-1065286051,True,True
6414,461824,16039,64,1,20522300,20522300,True,16039,583245,0,0,0.204169,0.000000,-8,True,False
6415,461896,0,0,0,00000000,00000000,True,0,0,0,0,0.000000,0.000000,56,True,True
6416,461968,589824,1059782660,1062010876,3F6F0004,C9DC04F5,False,0,0,0,0,0.000000,0.000000,-1059782604,True,True
6417,462040,16041,64,1,453640D0,453640D0,True,16041,583244,0,0,0.204169,0.000000,-8,True,False
6418,462112,0,0,0,00000000,00000000,True,0,0,0,0,0.000000,0.000000,56,True,True
6419,462184,589824,1062469632,1060044804,3E5C0011,DDA90C49,False,0,0,0,0,0.000000,0.000000,-1062469576,True,True
6420,462256,16043,64,1,763D98B9,763D98B9,True,16043,583244,0,0,0.204169,0.000000,-8,True,False
6421,462328,0,0,0,00000000,00000000,True,0,0,0,0,0.000000,0.000000,56,True,True
6422,462400,589824,1061662228,1059648963,3F11EB85,1BA3882C,False,0,0,0,0,0.000000,0.000000,-1061662172,True,True
6423,462472,16045,64,1,99345BCD,99345BCD,True,16045,583242,0,0,0.204169,0.000000,-8,True,False
6424,462544,0,0,0,00000000,00000000,True,0,0,0,0,0.000000,0.000000,56,True,True
6425,462616,589824,1050924810,1046562734,3E428F5C,895BA3BA,False,0,0,0,0,0.000000,0.000000,-1050924754,True,True
6426,462688,16047,64,1,59487D31,59487D31,True,16047,583242,0,0,0.204169,0.000000,-8,True,False
6427,462760,0,0,0,00000000,00000000,True,0,0,0,0,0.000000,0.000000,56,True,True
6428,462832,589824,1065287684,1058603004,3ECC0011,845C712C,False,0,0,0,0,0.000000,0.000000,-1065287628,True,True
6429,462904,16049,64,1,CD04C746,CD04C746,True,16049,583247,0,0,0.204169,0.000000,-8,True,False
6430,462976,0,0,0,00000000,00000000,True,0,0,0,0,0.000000,0.000000,56,True,True
6431,463048,589824,1061158912,1059481190,3ECCCCCD,CD766BE0,False,0,0,0,0,0.000000,0.000000,-1061158856,True,True
6432,463120,16051,64,1,BC8D7BEB,BC8D7BEB,True,16051,583243,0,0,0.204169,0.000000,-8,True,False
6433,463192,0,0,0,00000000,00000000,True,0,0,0,0,0.000000,0.000000,56,True,True
6434,463264,589824,1065287684,1061879812,3F240000,75ECCC33,False,0,0,0,0,0.000000,0.000000,-1065287628,True,True
6435,463336,16053,64,1,85A631D4,85A631D4,True,16053,583243,0,0,0.204169,0.000000,-8,True,False
6436,463408,0,0,0,00000000,00000000,True,0,0,0,0,0.000000,0.000000,56,True,True
6437,463480,589824,1056964608,0,3E000000,AF27409F,False,0,0,0,0,0.000000,0.000000,-1056964552,True,True
6438,463552,16055,64,1,9A8D8325,9A8D8325,True,16055,583426,0,0,0.204169,0.000000,-8,True,False
6439,463624,0,0,0,00000000,00000000,True,0,0,0,0,0.000000,0.000000,56,True,True
6440,463696,589824,1065287684,1059454984,3F48FFFC,01E7C6FA,False,0,0,0,0,0.000000,0.000000,-1065287628,True,True
6441,463768,16057,64,1,A42A60DA,A42A60DA,True,16057,583426,0,0,0.204169,0.000000,-8,True,False
6442,463840,0,0,0,00000000,00000000,True,0,0,0,0,0.000000,0.000000,56,True,True
6443,463912,589824,1065287684,1053949944,3F340000,BF56E7A0,False,0,0,0,0,0.000000,0.000000,-1065287628,True,True
6444,463984,16059,64,1,6C827961,6C827961,True,16059,583426,0,0,0.204169,0.000000,-8,True,False
6445,464056,0,0,0,00000000,00000000,True,0,0,0,0,0.000000,0.000000,56,True,True
6446,464128,0,0,0,00000000,00000000,True,0,0,0,0,0.000000,0.000000,56,True,True
6447,464200,0,0,0,00000000,00000000,True,0,0,0,0,0.000000,0.000000,56,True,True
6448,464272,0,0,0,00000000,00000000,True,0,0,0,0,0.000000,0.000000,56,True,True
6449,464344,0,0,0,00000000,00000000,True,0,0,0,0,0.000000,0.000000,56,True,True
6450,464416,0,0,0,00000000,00000000,True,0,0,0,0,0.000000,0.000000,56,True,True
6451,464488,0,0,0,00000000,00000000,True,0,0,0,0,0.000000,0.000000,56,True,True
6452,464560,0,0,0,00000000,00000000,True,0,0,0,0,0.000000,0.000000,56,True,True
6453,464632,1048579,1332700487,1667590754,5F315F74,8E0EAAFE,False,0,0,0,0,0.000000,0.000000,-1332700431,True,True
6454,464704,100,583307,0,00000000,D650E0F0,False,0,0,0,0,0.000000,0.000000,-583251,True,True
6455,464776,0,0,0,00000000,00000000,True,0,0,0,0,0.000000,0.000000,56,True,True
6456,464848,1048578,1332700487,1667590754,5F305F74,6E7D1A11,False,0,0,0,0,0.000000,0.000000,-1332700431,True,True
6457,464920,12923,106,1,E65E8C2A,E65E8C2A,True,12923,501084,0,0,0.526049,0.000000,-50,True,False
6458,464992,1601463141,1094868784,6571347,E68D0000,11738930,False,0,0,0,0,0.000000,0.000000,-1094868728,True,True
6459,465064,12925,106,1,AA90DA20,AA90DA20,True,12925,501089,0,0,1.570460,0.000000,-50,True,False
6460,465136,1601463141,1094868785,6571347,E68C0000,5C442188,False,0,0,0,0,0.000000,0.000000,-1094868729,True,True
6461,465208,12926,80,1,6924BDB9,6924BDB9,True,12926,501089,0,0,1.570460,0.000000,-24,True,False
6462,465280,1601463141,1430413104,6574157,E6830000,E10D7355,False,0,0,0,0,0.000000,0.000000,-1430413048,True,True
6463,465352,0,0,0,00000000,00000000,True,0,0,0,0,0.000000,0.000000,56,True,True
6464,465424,1048579,1332700487,1667590754,5F315F74,D267DE1E,False,0,0,0,0,0.000000,0.000000,-1332700431,True,True
6465,465496,100,583310,0,00000000,24F9C511,False,0,0,0,0,0.000000,0.000000,-583254,True,True
6466,465568,1048578,1332700487,1667590754,5F305F74,86F78715,False,0,0,0,0,0.000000,0.000000,-1332700431,True,True
6467,465640,12931,106,1,7C759BEF,7C759BEF,True,12931,501087,0,0,1.002000,0.000000,-50,True,False
6468,465712,1601463141,1094868784,6571347,E6810000,D03CB629,False,0,0,0,0,0.000000,0.000000,-1094868728,True,True
6469,465784,12932,106,1,0BF80C06,0BF80C06,True,12932,501087,0,0,1.002000,0.000000,-50,True,False
6470,465856,1601463141,1430413104,6574157,E6740000,3875AF83,False,0,0,0,0,0.000000,0.000000,-1430413048,True,True
6471,465928,12933,28,1,D2696B9F,D2696B9F,True,12933,501087,0,0,1.002000,0.000000,28,True,False
6472,466000,16152,91,1,180702F3,180702F3,True,16152,591148,0,0,0.663354,0.000000,-35,True,False
6473,466072,100,583306,1699545099,305F6873,C0DE2565,False,0,0,0,0,0.000000,0.000000,-583250,True,True
6474,466144,720898,1752393037,1113534559,64504D55,093AEC91,False,0,0,0,0,0.000000,0.000000,-1752392981,True,True
6475,466216,16154,28,1,6CD35215,6CD35215,True,16154,591148,0,0,0.663354,0.000000,28,True,False
6476,466288,16155,91,1,4D03E96F,4D03E96F,True,16155,591148,0,0,0.663354,0.000000,-35,True,False
6477,466360,100,583309,1699545099,305F6873,A859AABE,False,0,0,0,0,0.000000,0.000000,-583253,True,True
6478,466432,0,0,0,00000000,00000000,True,0,0,0,0,0.000000,0.000000,56,True,True
6479,466504,0,0,0,00000000,00000000,True,0,0,0,0,0.000000,0.000000,56,True,True
6480,466576,0,0,0,00000000,00000000,True,0,0,0,0,0.000000,0.000000,56,True,True
6481,466648,0,0,0,00000000,00000000,True,0,0,0,0,0.000000,0.000000,56,True,True
6482,466720,0,0,0,00000000,00000000,True,0,0,0,0,0.000000,0.000000,56,True,True
6483,466792,0,0,0,00000000,00000000,True,0,0,0,0,0.000000,0.000000,56,True,True
6484,466864,0,0,0,00000000,00000000,True,0,0,0,0,0.000000,0.000000,56,True,True
6485,466936,0,0,0,00000000,00000000,True,0,0,0,0,0.000000,0.000000,56,True,True
6486,467008,0,0,0,00000000,00000000,True,0,0,0,0,0.000000,0.000000,56,True,True
6487,467080,0,0,0,00000000,00000000,True,0,0,0,0,0.000000,0.000000,56,True,True
6488,467152,0,0,0,00000000,00000000,True,0,0,0,0,0.000000,0.000000,56,True,True
6489,467224,0,0,0,00000000,00000000,True,0,0,0,0,0.000000,0.000000,56,True,True
6490,467296,0,0,0,00000000,00000000,True,0,0,0,0,0.000000,0.000000,56,True,True
6491,467368,0,0,0,00000000,00000000,True,0,0,0,0,0.000000,0.000000,56,True,True
6492,467440,0,0,0,00000000,00000000,True,0,0,0,0,0.000000,0.000000,56,True,True
6493,467512,0,0,0,00000000,00000000,True,0,0,0,0,0.000000,0.000000,56,True,True
6494,467584,0,0,0,00000000,00000000,True,0,0,0,0,0.000000,0.000000,56,True,True
6495,467656,0,0,0,00000000,00000000,True,0,0,0,0,0.000000,0.000000,56,True,True
6496,467728,0,0,0,00000000,00000000,True,0,0,0,0,0.000000,0.000000,56,True,True
6497,467800,0,0,0,00000000,00000000,True,0,0,0,0,0.000000,0.000000,56,True,True
6498,467872,0,0,0,00000000,00000000,True,0,0,0,0,0.000000,0.000000,56,True,True
6499,467944,0,0,0,00000000,00000000,True,0,0,0,0,0.000000,0.000000,56,True,True
6500,468016,0,0,0,00000000,00000000,True,0,0,0,0,0.000000,0.000000,56,True,True
6501,468088,0,0,0,00000000,00000000,True,0,0,0,0,0.000000,0.000000,56,True,True
6502,468160,720897,1886220131,1113534559,64455341,4079847D,False,0,0,0,0,0.000000,0.000000,-1886220075,True,True
6503,468232,0,0,0,00000000,00000000,True,0,0,0,0,0.000000,0.000000,56,True,True
6504,468304,0,0,0,00000000,00000000,True,0,0,0,0,0.000000,0.000000,56,True,True
6505,468376,0,0,0,00000000,00000000,True,0,0,0,0,0.000000,0.000000,56,True,True
6506,468448,0,0,0,00000000,00000000,True,0,0,0,0,0.000000,0.000000,56,True,True
6507,468520,0,0,0,00000000,00000000,True,0,0,0,0,0.000000,0.000000,56,True,True
6508,468592,0,0,0,00000000,00000000,True,0,0,0,0,0.000000,0.000000,56,True,True
6509,468664,0,0,0,00000000,00000000,True,0,0,0,0,0.000000,0.000000,56,True,True
6510,468736,0,0,0,00000000,00000000,True,0,0,0,0,0.000000,0.000000,56,True,True
6511,468808,0,0,0,00000000,00000000,True,0,0,0,0,0.000000,0.000000,56,True,True
6512,468880,0,0,0,00000000,00000000,True,0,0,0,0,0.000000,0.000000,56,True,True
6513,468952,0,0,0,00000000,00000000,True,0,0,0,0,0.000000,0.000000,56,True,True
6514,469024,0,0,0,00000000,00000000,True,0,0,0,0,0.000000,0.000000,56,True,True
6515,469096,0,0,0,00000000,00000000,True,0,0,0,0,0.000000,0.000000,56,True,True
6516,469168,0,0,0,00000000,00000000,True,0,0,0,0,0.000000,0.000000,56,True,True
6517,469240,0,0,0,00000000,00000000,True,0,0,0,0,0.000000,0.000000,56,True,True
6518,469312,0,0,0,00000000,00000000,True,0,0,0,0,0.000000,0.000000,56,True,True
6519,469384,0,0,0,00000000,00000000,True,0,0,0,0,0.000000,0.000000,56,True,True
6520,469456,0,0,0,00000000,00000000,True,0,0,0,0,0.000000,0.000000,56,True,True
6521,469528,0,0,0,00000000,00000000,True,0,0,0,0,0.000000,0.000000,56,True,True
6522,469600,0,0,0,00000000,00000000,True,0,0,0,0,0.000000,0.000000,56,True,True
6523,469672,0,0,0,00000000,00000000,True,0,0,0,0,0.000000,0.000000,56,True,True
6524,469744,0,0,0,00000000,00000000,True,0,0,0,0,0.000000,0.000000,56,True,True
6525,469816,0,0,0,00000000,00000000,True,0,0,0,0,0.000000,0.000000,56,True,True
6526,469888,0,0,0,00000000,00000000,True,0,0,0,0,0.000000,0.000000,56,True,True
6527,469960,0,0,0,00000000,00000000,True,0,0,0,0,0.000000,0.000000,56,True,True
6528,470032,0,0,0,00000000,00000000,True,0,0,0,0,0.000000,0.000000,56,True,True
6529,470104,0,0,0,00000000,00000000,True,0,0,0,0,0.000000,0.000000,56,True,True
6530,470176,0,0,0,00000000,00000000,True,0,0,0,0,0.000000,0.000000,56,True,True
6531,470248,0,0,0,00000000,00000000,True,0,0,0,0,0.000000,0.000000,56,True,True
6532,470320,0,0,0,00000000,00000000,True,0,0,0,0,0.000000,0.000000,56,True,True
6533,470392,0,0,0,00000000,00000000,True,0,0,0,0,0.000000,0.000000,56,True,True
6534,470464,0,0,0,00000000,00000000,True,0,0,0,0,0.000000,0.000000,56,True,True
6535,470536,0,0,0,00000000,00000000,True,0,0,0,0,0.000000,0.000000,56,True,True
6536,470608,0,0,0,00000000,00000000,True,0,0,0,0,0.000000,0.000000,56,True,True
6537,470680,0,0,0,00000000,00000000,True,0,0,0,0,0.000000,0.000000,56,True,True
6538,470752,0,0,0,00000000,00000000,True,0,0,0,0,0.000000,0.000000,56,True,True
6539,470824,0,0,0,00000000,00000000,True,0,0,0,0,0.000000,0.000000,56,True,True
6540,470896,0,0,0,00000000,00000000,True,0,0,0,0,0.000000,0.000000,56,True,True
6541,470968,0,0,0,00000000,00000000,True,0,0,0,0,0.000000,0.000000,56,True,True
6542,471040,0,0,0,00000000,00000000,True,0,0,0,0,0.000000,0.000000,56,True,True
6543,471112,0,0,0,00000000,00000000,True,0,0,0,0,0.000000,0.000000,56,True,True
6544,471184,0,0,0,00000000,00000000,True,0,0,0,0,0.000000,0.000000,56,True,True
6545,471256,0,0,0,00000000,00000000,True,0,0,0,0,0.000000,0.000000,56,True,True
6546,471328,0,0,0,00000000,00000000,True,0,0,0,0,0.000000,0.000000,56,True,True
6547,471400,0,0,0,00000000,00000000,True,0,0,0,0,0.000000,0.000000,56,True,True
6548,471472,0,0,0,00000000,00000000,True,0,0,0,0,0.000000,0.000000,56,True,True
6549,471544,0,0,0,00000000,00000000,True,0,0,0,0,0.000000,0.000000,56,True,True
6550,471616,0,0,0,00000000,00000000,True,0,0,0,0,0.000000,0.000000,56,True,True
6551,471688,0,0,0,00000000,00000000,True,0,0,0,0,0.000000,0.000000,56,True,True
6552,471760,0,0,0,00000000,00000000,True,0,0,0,0,0.000000,0.000000,56,True,True
6553,471832,0,0,0,00000000,00000000,True,0,0,0,0,0.000000,0.000000,56,True,True
6554,471904,0,0,0,00000000,00000000,True,0,0,0,0,0.000000,0.000000,56,True,True
6555,471976,0,0,0,00000000,00000000,True,0,0,0,0,0.000000,0.000000,56,True,True
6556,472048,0,0,0,00000000,00000000,True,0,0,0,0,0.000000,0.000000,56,True,True
6557,472120,0,0,0,00000000,00000000,True,0,0,0,0,0.000000,0.000000,56,True,True
6558,472192,0,0,0,00000000,00000000,True,0,0,0,0,0.000000,0.000000,56,True,True
6559,472264,0,0,0,00000000,00000000,True,0,0,0,0,0.000000,0.000000,56,True,True
6560,472336,0,0,0,00000000,00000000,True,0,0,0,0,0.000000,0.000000,56,True,True
6561,472408,0,0,0,00000000,00000000,True,0,0,0,0,0.000000,0.000000,56,True,True
6562,472480,0,0,0,00000000,00000000,True,0,0,0,0,0.000000,0.000000,56,True,True
6563,472552,0,0,0,00000000,00000000,True,0,0,0,0,0.000000,0.000000,56,True,True
6564,472624,0,0,0,00000000,00000000,True,0,0,0,0,0.000000,0.000000,56,True,True
6565,472696,0,0,0,00000000,00000000,True,0,0,0,0,0.000000,0.000000,56,True,True
6566,472768,0,0,0,00000000,00000000,True,0,0,0,0,0.000000,0.000000,56,True,True
6567,472840,0,0,0,00000000,00000000,True,0,0,0,0,0.000000,0.000000,56,True,True
6568,472912,0,0,0,00000000,00000000,True,0,0,0,0,0.000000,0.000000,56,True,True
6569,472984,0,0,0,00000000,00000000,True,0,0,0,0,0.000000,0.000000,56,True,True
6570,473056,0,0,0,00000000,00000000,True,0,0,0,0,0.000000,0.000000,56,True,True
6571,473128,0,0,0,00000000,00000000,True,0,0,0,0,0.000000,0.000000,56,True,True
6572,473200,0,0,0,00000000,00000000,True,0,0,0,0,0.000000,0.000000,56,True,True
6573,473272,851970,1886216563,811558252,4D55425F,D2872E70,False,0,0,0,0,0.000000,0.000000,-1886216507,True,True
6574,473344,15672,74,1,F94E4C7E,F94E4C7E,True,15672,583399,0,0,0.458936,0.000000,-18,True,False
6575,473416,1163084098,100,169835,00000000,AD8CB2DF,False,0,0,0,0,0.000000,0.000000,-44,True,False
6576,473488,851970,1886216563,811558252,4D55425F,B84A97D4,False,0,0,0,0,0.000000,0.000000,-1886216507,True,True
6577,473560,15674,74,1,6509C43C,6509C43C,True,15674,583399,0,0,0.458936,0.000000,-18,True,False
6578,473632,1163084098,100,171371,00000000,EDB591C7,False,0,0,0,0,0.000000,0.000000,-44,True,False
6579,473704,851970,1886216563,811558252,4D55425F,595F6AA1,False,0,0,0,0,0.000000,0.000000,-1886216507,True,True
6580,473776,15676,74,1,A9D17181,A9D17181,True,15676,583399,0,0,0.458936,0.000000,-18,True,False
6581,473848,1163084098,100,171859,00000000,6677AE39,False,0,0,0,0,0.000000,0.000000,-44,True,False
6582,473920,851970,1886216563,811558252,4D55425F,AC5430D2,False,0,0,0,0,0.000000,0.000000,-1886216507,True,True
6583,473992,15678,74,1,3BEA38E3,3BEA38E3,True,15678,583399,0,0,0.458936,0.000000,-18,True,False
6584,474064,1163084098,100,335283,00000000,D5A6787F,False,0,0,0,0,0.000000,0.000000,-44,True,False
6585,474136,851970,1886216563,811558252,4D55425F,B3ED2AE1,False,0,0,0,0,0.000000,0.000000,-1886216507,True,True
6586,474208,15680,74,1,040ABE39,040ABE39,True,15680,583399,0,0,0.458936,0.000000,-18,True,False
6587,474280,1163084098,100,173739,00000000,975E9D2E,False,0,0,0,0,0.000000,0.000000,-44,True,False
6588,474352,851970,1886216563,811558252,4D55425F,60FBC1D2,False,0,0,0,0,0.000000,0.000000,-1886216507,True,True
6589,474424,15682,74,1,C2654815,C2654815,True,15682,583399,0,0,0.458936,0.000000,-18,True,False
6590,474496,1163084098,100,328307,00000000,A52FC901,False,0,0,0,0,0.000000,0.000000,-44,True,False
6591,474568,851970,1886216563,811558252,4D55425F,1AC73E21,False,0,0,0,0,0.000000,0.000000,-1886216507,True,True
6592,474640,15684,74,1,EAAD4186,EAAD4186,True,15684,583399,0,0,0.458936,0.000000,-18,True,False
6593,474712,1163084098,100,328303,00000000,7DDA8ED1,False,0,0,0,0,0.000000,0.000000,-44,True,False
6594,474784,851970,1886216563,811558252,4D55425F,DE710EC3,False,0,0,0,0,0.000000,0.000000,-1886216507,True,True
6595,474856,15686,74,1,3E9ED5B7,3E9ED5B7,True,15686,583399,0,0,0.458936,0.000000,-18,True,False
6596,474928,1163084098,100,328297,00000000,83C80050,False,0,0,0,0,0.000000,0.000000,-44,True,False
6597,475000,851970,1886216563,811558252,4D55425F,3DE10697,False,0,0,0,0,0.000000,0.000000,-1886216507,True,True
6598,475072,15688,74,1,3BBAB39C,3BBAB39C,True,15688,583399,0,0,0.458936,0.000000,-18,True,False
6599,475144,1163084098,100,328579,00000000,D584391B,False,0,0,0,0,0.000000,0.000000,-44,True,False
6600,475216,851970,1886216563,811558252,4D55425F,13AF854E,False,0,0,0,0,0.000000,0.000000,-1886216507,True,True
6601,475288,15690,74,1,41A02B4E,41A02B4E,True,15690,583399,0,0,0.458936,0.000000,-18,True,False
6602,475360,1163084098,100,328547,00000000,5E518F07,False,0,0,0,0,0.000000,0.000000,-44,True,False
6603,475432,851970,1886216563,811558252,4D55425F,FAC8FCEE,False,0,0,0,0,0.000000,0.000000,-1886216507,True,True
6604,475504,15692,74,1,7BCD5C5A,7BCD5C5A,True,15692,583399,0,0,0.458936,0.000000,-18,True,False
6605,475576,1163084098,100,328363,00000000,2CD1FD7A,False,0,0,0,0,0.000000,0.000000,-44,True,False
6606,475648,851970,1886216563,811558252,4D55425F,F8AE0EAC,False,0,0,0,0,0.000000,0.000000,-1886216507,True,True
6607,475720,15694,74,1,42B876E2,42B876E2,True,15694,583399,0,0,0.458936,0.000000,-18,True,False
6608,475792,1163084098,100,334868,00000000,665603AF,False,0,0,0,0,0.000000,0.000000,-44,True,False
6609,475864,851970,1886216563,811558252,4D55425F,2EEBB54B,False,0,0,0,0,0.000000,0.000000,-1886216507,True,True
6610,475936,15696,74,1,CAE29139,CAE29139,True,15696,583399,0,0,0.458936,0.000000,-18,True,False
6611,476008,1163084098,100,328278,00000000,3F4E5449,False,0,0,0,0,0.000000,0.000000,-44,True,False
6612,476080,851970,1886216563,811558252,4D55425F,F94A5173,False,0,0,0,0,0.000000,0.000000,-1886216507,True,True
6613,476152,15698,74,1,1AC9696A,1AC9696A,True,15698,583399,0,0,0.458936,0.000000,-18,True,False
6614,476224,1163084098,100,328131,00000000,A86A40FA,False,0,0,0,0,0.000000,0.000000,-44,True,False
6615,476296,851970,1886216563,811558252,4D55425F,41FDA48C,False,0,0,0,0,0.000000,0.000000,-1886216507,True,True
6616,476368,15700,74,1,816C55CA,816C55CA,True,15700,583399,0,0,0.458936,0.000000,-18,True,False
6617,476440,1163084098,100,525893,00000000,2B907A3D,False,0,0,0,0,0.000000,0.000000,-44,True,False
6618,476512,851970,1886216563,811558252,4D55425F,C425B637,False,0,0,0,0,0.000000,0.000000,-1886216507,True,True
6619,476584,15703,74,1,930D2DFF,930D2DFF,True,15703,583399,0,0,0.458936,0.000000,-18,True,False
6620,476656,1163084098,100,525896,00000000,18974EC1,False,0,0,0,0,0.000000,0.000000,-44,True,False
6621,476728,851970,1886216563,811558252,4D55425F,58AA5C56,False,0,0,0,0,0.000000,0.000000,-1886216507,True,True
6622,476800,15705,74,1,AA0C4596,AA0C4596,True,15705,583399,0,0,0.458936,0.000000,-18,True,False
6623,476872,1163084098,100,171041,00000000,6BEF2D66,False,0,0,0,0,0.000000,0.000000,-44,True,False
6624,476944,851970,1886216563,811558252,4D55425F,C045327C,False,0,0,0,0,0.000000,0.000000,-1886216507,True,True
6625,477016,15707,74,1,0DA56BD6,0DA56BD6,True,15707,583399,0,0,0.458936,0.000000,-18,True,False
6626,477088,1163084098,100,333908,00000000,C06D2AF8,False,0,0,0,0,0.000000,0.000000,-44,True,False
6627,477160,851970,1886216563,811558252,4D55425F,5ABB94B7,False,0,0,0,0,0.000000,0.000000,-1886216507,True,True
6628,477232,15709,74,1,CB4784EA,CB4784EA,True,15709,583399,0,0,0.458936,0.000000,-18,True,False
6629,477304,1163084098,100,328352,00000000,77973094,False,0,0,0,0,0.000000,0.000000,-44,True,False
6630,477376,851970,1886216563,811558252,4D55425F,1B95A7CC,False,0,0,0,0,0.000000,0.000000,-1886216507,True,True
6631,477448,15711,74,1,3A5B11FF,3A5B11FF,True,15711,583399,0,0,0.458936,0.000000,-18,True,False
6632,477520,1163084098,100,328157,00000000,39F3D360,False,0,0,0,0,0.000000,0.000000,-44,True,False
6633,477592,851970,1886216563,811558252,4D55425F,96334A11,False,0,0,0,0,0.000000,0.000000,-1886216507,True,True
6634,477664,15713,74,1,0E05A22D,0E05A22D,True,15713,583399,0,0,0.458936,0.000000,-18,True,False
6635,477736,1163084098,100,525895,00000000,0867D36A,False,0,0,0,0,0.000000,0.000000,-44,True,False
6636,477808,851970,1886216563,811558252,4D55425F,A2C98086,False,0,0,0,0,0.000000,0.000000,-1886216507,True,True
6637,477880,15715,74,1,7A07AE97,7A07AE97,True,15715,583399,0,0,0.458936,0.000000,-18,True,False
6638,477952,1163084098,100,169839,00000000,88EBDC86,False,0,0,0,0,0.000000,0.000000,-44,True,False
6639,478024,851970,1886216563,811558252,4D55425F,FFF8100C,False,0,0,0,0,0.000000,0.000000,-1886216507,True,True
6640,478096,15738,74,1,0F62FD88,0F62FD88,True,15738,583399,0,0,0.458936,0.000000,-18,True,False
6641,478168,1163084098,100,583297,00000000,7E54A656,False,0,0,0,0,0.000000,0.000000,-44,True,False
6642,478240,851970,1886216563,811558252,4D55425F,40BCC14D,False,0,0,0,0,0.000000,0.000000,-1886216507,True,True
6643,478312,15740,74,1,AAB002F9,AAB002F9,True,15740,583399,0,0,0.458936,0.000000,-18,True,False
6644,478384,1163084098,100,583309,00000000,B290C356,False,0,0,0,0,0.000000,0.000000,-44,True,False
6645,478456,851970,1886216563,811558252,4D55425F,355FC4E8,False,0,0,0,0,0.000000,0.000000,-1886216507,True,True
6646,478528,15744,74,1,0DEB65FC,0DEB65FC,True,15744,583399,0,0,0.458936,0.000000,-18,True,False
6647,478600,1163084098,100,583477,00000000,30AA4FE5,False,0,0,0,0,0.000000,0.000000,-44,True,False
6648,478672,851970,1886216563,811558252,4D55425F,955074B1,False,0,0,0,0,0.000000,0.000000,-1886216507,True,True
6649,478744,15746,74,1,75E080ED,75E080ED,True,15746,583399,0,0,0.458936,0.000000,-18,True,False
6650,478816,1163084098,100,583477,00000000,1F42D3F0,False,0,0,0,0,0.000000,0.000000,-44,True,False
6651,478888,851970,1886216563,811558252,4D55425F,0ABA8EA8,False,0,0,0,0,0.000000,0.000000,-1886216507,True,True
6652,478960,15748,74,1,FDFCAFDE,FDFCAFDE,True,15748,583399,0,0,0.458936,0.000000,-18,True,False
6653,479032,1163084098,100,583477,00000000,C2BFA097,False,0,0,0,0,0.000000,0.000000,-44,True,False
6654,479104,851970,1886216563,811558252,4D55425F,2B06852D,False,0,0,0,0,0.000000,0.000000,-1886216507,True,True
6655,479176,15750,74,1,85F74ACF,85F74ACF,True,15750,583399,0,0,0.458936,0.000000,-18,True,False
6656,479248,1163084098,100,583477,00000000,1AEB1488,False,0,0,0,0,0.000000,0.000000,-44,True,False
6657,479320,851970,1886216563,811558252,4D55425F,9E55EEFA,False,0,0,0,0,0.000000,0.000000,-1886216507,True,True
6658,479392,15752,74,1,8799F56E,8799F56E,True,15752,583399,0,0,0.458936,0.000000,-18,True,False
6659,479464,1163084098,100,583477,00000000,55886812,False,0,0,0,0,0.000000,0.000000,-44,True,False
6660,479536,851970,1886216563,811558252,4D55425F,E24995BC,False,0,0,0,0,0.000000,0.000000,-1886216507,True,True
6661,479608,15755,74,1,980003FD,980003FD,True,15755,583399,0,0,0.458936,0.000000,-18,True,False
6662,479680,1163084098,100,583477,00000000,5DD14A4A,False,0,0,0,0,0.000000,0.000000,-44,True,False
6663,479752,851970,1886216563,811558252,4D55425F,F0F9856A,False,0,0,0,0,0.000000,0.000000,-1886216507,True,True
6664,479824,15757,74,1,CBD66F02,CBD66F02,True,15757,583399,0,0,0.458936,0.000000,-18,True,False
6665,479896,1163084098,100,583477,00000000,24DBBDF3,False,0,0,0,0,0.000000,0.000000,-44,True,False
6666,479968,851970,1886216563,811558252,4D55425F,FA147756,False,0,0,0,0,0.000000,0.000000,-1886216507,True,True
6667,480040,15759,74,1,04F24806,04F24806,True,15759,583399,0,0,0.458936,0.000000,-18,True,False
6668,480112,1163084098,100,583477,00000000,6ED36426,False,0,0,0,0,0.000000,0.000000,-44,True,False
6669,480184,851970,1886216563,811558252,4D55425F,D8EAB3E3,False,0,0,0,0,0.000000,0.000000,-1886216507,True,True
6670,480256,15761,74,1,AFE9109D,AFE9109D,True,15761,583399,0,0,0.458936,0.000000,-18,True,False
6671,480328,1163084098,100,583477,00000000,17D9939F,False,0,0,0,0,0.000000,0.000000,-44,True,False
6672,480400,851970,1886216563,811558252,4D55425F,917D3F75,False,0,0,0,0,0.000000,0.000000,-1886216507,True,True
6673,480472,15763,74,1,0C28B640,0C28B640,True,15763,583399,0,0,0.458936,0.000000,-18,True,False
6674,480544,1163084098,100,583477,00000000,9CC68B54,False,0,0,0,0,0.000000,0.000000,-44,True,False
6675,480616,851970,1886216563,811558252,4D55425F,6D658946,False,0,0,0,0,0.000000,0.000000,-1886216507,True,True
6676,480688,15765,74,1,5FFEDABF,5FFEDABF,True,15765,583399,0,0,0.458936,0.000000,-18,True,False
6677,480760,1163084098,100,583477,00000000,E5CC7CED,False,0,0,0,0,0.000000,0.000000,-44,True,False
6678,480832,851970,1886216563,811558252,4D55425F,85B41529,False,0,0,0,0,0.000000,0.000000,-1886216507,True,True
6679,480904,15767,74,1,4911FE09,4911FE09,True,15767,583399,0,0,0.458936,0.000000,-18,True,False
6680,480976,1163084098,100,583477,00000000,AFD6EF59,False,0,0,0,0,0.000000,0.000000,-44,True,False
6681,481048,851970,1886216563,811558252,4D55425F,68B89EFA,False,0,0,0,0,0.000000,0.000000,-1886216507,True,True
6682,481120,15769,74,1,CBFA5CA5,CBFA5CA5,True,15769,583399,0,0,0.458936,0.000000,-18,True,False
6683,481192,1163084098,100,583500,00000000,A0095947,False,0,0,0,0,0.000000,0.000000,-44,True,False
6684,481264,851970,1886216563,811558252,4D55425F,88AEC94B,False,0,0,0,0,0.000000,0.000000,-1886216507,True,True
6685,481336,15771,74,1,0C357BE4,0C357BE4,True,15771,583399,0,0,0.458936,0.000000,-18,True,False
6686,481408,1163084098,100,583496,00000000,1DAD543D,False,0,0,0,0,0.000000,0.000000,-44,True,False
6687,481480,851970,1886216563,811558252,4D55425F,00C746D9,False,0,0,0,0,0.000000,0.000000,-1886216507,True,True
6688,481552,15773,74,1,8B99DBFB,8B99DBFB,True,15773,583399,0,0,0.458936,0.000000,-18,True,False
6689,481624,1163084098,100,583477,00000000,9F811F70,False,0,0,0,0,0.000000,0.000000,-44,True,False
6690,481696,851970,1886216563,811558252,4D55425F,1BAD7B0D,False,0,0,0,0,0.000000,0.000000,-1886216507,True,True
6691,481768,15776,74,1,385A8E65,385A8E65,True,15776,583399,0,0,0.458936,0.000000,-18,True,False
6692,481840,1163084098,100,583477,00000000,7BA690EC,False,0,0,0,0,0.000000,0.000000,-44,True,False
6693,481912,851970,1886216563,811558252,4D55425F,5E4024BD,False,0,0,0,0,0.000000,0.000000,-1886216507,True,True
6694,481984,15778,74,1,BF45A0FF,BF45A0FF,True,15778,583399,0,0,0.458936,0.000000,-18,True,False
6695,482056,1163084098,100,583484,00000000,ADDAF3E9,False,0,0,0,0,0.000000,0.000000,-44,True,False
6696,482128,851970,1886216563,811558252,4D55425F,C1DD67AF,False,0,0,0,0,0.000000,0.000000,-1886216507,True,True
6697,482200,15780,74,1,C74B2502,C74B2502,True,15780,583399,0,0,0.458936,0.000000,-18,True,False
6698,482272,1163084098,100,583477,00000000,F0FB28A2,False,0,0,0,0,0.000000,0.000000,-44,True,False
6699,482344,851970,1886216563,811558252,4D55425F,8444929A,False,0,0,0,0,0.000000,0.000000,-1886216507,True,True
6700,482416,15782,74,1,BF40C013,BF40C013,True,15782,583399,0,0,0.458936,0.000000,-18,True,False
6701,482488,1163084098,100,583477,00000000,DF13B4B7,False,0,0,0,0,0.000000,0.000000,-44,True,False
6702,482560,851970,1886216563,811558252,4D55425F,110B3A66,False,0,0,0,0,0.000000,0.000000,-1886216507,True,True
6703,482632,15784,74,1,60E7FCFC,60E7FCFC,True,15784,583399,0,0,0.458936,0.000000,-18,True,False
6704,482704,1163084098,100,583477,00000000,9070C82D,False,0,0,0,0,0.000000,0.000000,-44,True,False
6705,482776,851970,1886216563,811558252,4D55425F,E142216B,False,0,0,0,0,0.000000,0.000000,-1886216507,True,True
6706,482848,15786,74,1,18EC19ED,18EC19ED,True,15786,583399,0,0,0.458936,0.000000,-18,True,False
6707,482920,1163084098,100,583477,00000000,392DB6B6,False,0,0,0,0,0.000000,0.000000,-44,True,False
6708,482992,851970,1886216563,811558252,4D55425F,D7E51DAC,False,0,0,0,0,0.000000,0.000000,-1886216507,True,True
6709,483064,15788,74,1,91F096E1,91F096E1,True,15788,583399,0,0,0.458936,0.000000,-18,True,False
6710,483136,1163084098,100,583477,00000000,ABACED5A,False,0,0,0,0,0.000000,0.000000,-44,True,False
6711,483208,851970,1886216563,811558252,4D55425F,4990C1FA,False,0,0,0,0,0.000000,0.000000,-1886216507,True,True
6712,483280,15790,74,1,6674A706,6674A706,True,15790,583399,0,0,0.458936,0.000000,-18,True,False
6713,483352,1163084098,100,583503,00000000,E8EB9ACB,False,0,0,0,0,0.000000,0.000000,-44,True,False
6714,483424,851970,1886216563,811558252,4D55425F,DAA1FDE2,False,0,0,0,0,0.000000,0.000000,-1886216507,True,True
6715,483496,15792,74,1,F4084EC6,F4084EC6,True,15792,583399,0,0,0.458936,0.000000,-18,True,False
6716,483568,1163084098,100,583505,00000000,82D46915,False,0,0,0,0,0.000000,0.000000,-44,True,False
6717,483640,851970,1886216563,811558252,4D55425F,9C85D4EE,False,0,0,0,0,0.000000,0.000000,-1886216507,True,True
6718,483712,15794,74,1,3FD9B9FF,3FD9B9FF,True,15794,583399,0,0,0.458936,0.000000,-18,True,False
6719,483784,1163084098,100,583507,00000000,3C3811E9,False,0,0,0,0,0.000000,0.000000,-44,True,False
6720,483856,851970,1886216563,811558252,4D55425F,6E25F133,False,0,0,0,0,0.000000,0.000000,-1886216507,True,True
6721,483928,15946,74,1,D5FDB57A,D5FDB57A,True,15946,583399,0,0,0.458936,0.000000,-18,True,False
6722,484000,1163084098,100,586209,00000000,A0346477,False,0,0,0,0,0.000000,0.000000,-44,True,False
6723,484072,851970,1886216563,811558252,4D55425F,875F5359,False,0,0,0,0,0.000000,0.000000,-1886216507,True,True
6724,484144,15948,74,1,F4BC3862,F4BC3862,True,15948,583399,0,0,0.458936,0.000000,-18,True,False
6725,484216,1163084098,100,586252,00000000,CB1C91F5,False,0,0,0,0,0.000000,0.000000,-44,True,False
6726,484288,851970,1886216563,811558252,4D55425F,63A330CC,False,0,0,0,0,0.000000,0.000000,-1886216507,True,True
6727,484360,15950,74,1,B29F0CD9,B29F0CD9,True,15950,583399,0,0,0.458936,0.000000,-18,True,False
6728,484432,1163084098,100,586227,00000000,15DB558A,False,0,0,0,0,0.000000,0.000000,-44,True,False
6729,484504,851970,1886216563,811558252,4D55425F,02ECA17B,False,0,0,0,0,0.000000,0.000000,-1886216507,True,True
6730,484576,15952,74,1,6BA8E528,6BA8E528,True,15952,583399,0,0,0.458936,0.000000,-18,True,False
6731,484648,1163084098,100,586237,00000000,1EF2230A,False,0,0,0,0,0.000000,0.000000,-44,True,False
6732,484720,851970,1886216563,811558252,4D55425F,4A151754,False,0,0,0,0,0.000000,0.000000,-1886216507,True,True
6733,484792,15954,74,1,E0D8F224,E0D8F224,True,15954,583399,0,0,0.458936,0.000000,-18,True,False
6734,484864,1163084098,100,586219,00000000,BC5B7934,False,0,0,0,0,0.000000,0.000000,-44,True,False
6735,484936,851970,1886216563,811558252,4D55425F,021673EA,False,0,0,0,0,0.000000,0.000000,-1886216507,True,True
6736,485008,15956,74,1,C1222FB1,C1222FB1,True,15956,583399,0,0,0.458936,0.000000,-18,True,False
6737,485080,1163084098,100,586213,00000000,CF88C3BF,False,0,0,0,0,0.000000,0.000000,-44,True,False
6738,485152,851970,1886216563,811558252,4D55425F,C8A44DD7,False,0,0,0,0,0.000000,0.000000,-1886216507,True,True
6739,485224,15958,74,1,0AF3D888,0AF3D888,True,15958,583399,0,0,0.458936,0.000000,-18,True,False
6740,485296,1163084098,100,586215,00000000,FEF25A01,False,0,0,0,0,0.000000,0.000000,-44,True,False
6741,485368,851970,1886216563,811558252,4D55425F,F1271BDC,False,0,0,0,0,0.000000,0.000000,-1886216507,True,True
6742,485440,15960,74,1,9D1E0417,9D1E0417,True,15960,583399,0,0,0.458936,0.000000,-18,True,False
6743,485512,1163084098,100,586231,00000000,0B96353A,False,0,0,0,0,0.000000,0.000000,-44,True,False
6744,485584,851970,1886216563,811558252,4D55425F,6D33DD22,False,0,0,0,0,0.000000,0.000000,-1886216507,True,True
6745,485656,15962,74,1,E4AE11B4,E4AE11B4,True,15962,583399,0,0,0.458936,0.000000,-18,True,False
6746,485728,1163084098,100,586260,00000000,C09475F1,False,0,0,0,0,0.000000,0.000000,-44,True,False
6747,485800,851970,1886216563,811558252,4D55425F,E05E6066,False,0,0,0,0,0.000000,0.000000,-1886216507,True,True
6748,485872,15964,74,1,32DAEE01,32DAEE01,True,15964,583399,0,0,0.458936,0.000000,-18,True,False
6749,485944,1163084098,100,586254,00000000,23DDB7F4,False,0,0,0,0,0.000000,0.000000,-44,True,False
6750,486016,851970,1886216563,811558252,4D55425F,C0CB28C8,False,0,0,0,0,0.000000,0.000000,-1886216507,True,True
6751,486088,15966,74,1,FBB109CB,FBB109CB,True,15966,583399,0,0,0.458936,0.000000,-18,True,False
6752,486160,1163084098,100,586223,00000000,57F81532,False,0,0,0,0,0.000000,0.000000,-44,True,False
6753,486232,851970,1886216563,811558252,4D55425F,C1372C3D,False,0,0,0,0,0.000000,0.000000,-1886216507,True,True
6754,486304,15968,74,1,A65BA1C6,A65BA1C6,True,15968,583399,0,0,0.458936,0.000000,-18,True,False
6755,486376,1163084098,100,586243,00000000,8473E09E,False,0,0,0,0,0.000000,0.000000,-44,True,False
6756,486448,851970,1886216563,811558252,4D55425F,1851593A,False,0,0,0,0,0.000000,0.000000,-1886216507,True,True
6757,486520,15970,74,1,868CACE0,868CACE0,True,15970,583399,0,0,0.458936,0.000000,-18,True,False
6758,486592,1163084098,100,586233,00000000,2B564A65,False,0,0,0,0,0.000000,0.000000,-44,True,False
6759,486664,851970,1886216563,811558252,4D55425F,F9FF5D8A,False,0,0,0,0,0.000000,0.000000,-1886216507,True,True
6760,486736,15972,74,1,0ADE0363,0ADE0363,True,15972,583399,0,0,0.458936,0.000000,-18,True,False
6761,486808,1163084098,100,586264,00000000,C1B473F0,False,0,0,0,0,0.000000,0.000000,-44,True,False
6762,486880,851970,1886216563,811558252,4D55425F,525320A9,False,0,0,0,0,0.000000,0.000000,-1886216507,True,True
6763,486952,15974,74,1,811544E2,811544E2,True,15974,583399,0,0,0.458936,0.000000,-18,True,False
6764,487024,1163084098,100,586221,00000000,EDDD35BF,False,0,0,0,0,0.000000,0.000000,-44,True,False
6765,487096,851970,1886216563,811558252,4D55425F,E4CBC388,False,0,0,0,0,0.000000,0.000000,-1886216507,True,True
6766,487168,15976,74,1,098A587C,098A587C,True,15976,583399,0,0,0.458936,0.000000,-18,True,False
6767,487240,1163084098,100,586256,00000000,B25B3C3D,False,0,0,0,0,0.000000,0.000000,-44,True,False
6768,487312,851970,1886216563,811558252,4D55425F,703C70D0,False,0,0,0,0,0.000000,0.000000,-1886216507,True,True
6769,487384,15978,74,1,0C3965F3,0C3965F3,True,15978,583399,0,0,0.458936,0.000000,-18,True,False
6770,487456,1163084098,100,586239,00000000,CD388126,False,0,0,0,0,0.000000,0.000000,-44,True,False
6771,487528,851970,1886216563,811558252,4D55425F,67153616,False,0,0,0,0,0.000000,0.000000,-1886216507,True,True
6772,487600,15980,74,1,E65402D2,E65402D2,True,15980,583399,0,0,0.458936,0.000000,-18,True,False
6773,487672,1163084098,100,586270,00000000,A9A89FBA,False,0,0,0,0,0.000000,0.000000,-44,True,False
6774,487744,851970,1886216563,811558252,4D55425F,24D94127,False,0,0,0,0,0.000000,0.000000,-1886216507,True,True
6775,487816,15982,74,1,9AAA37FE,9AAA37FE,True,15982,583399,0,0,0.458936,0.000000,-18,True,False
6776,487888,1163084098,100,586268,00000000,35F1B41C,False,0,0,0,0,0.000000,0.000000,-44,True,False
6777,487960,851970,1886216563,811558252,4D55425F,3551CBCE,False,0,0,0,0,0.000000,0.000000,-1886216507,True,True
6778,488032,15993,74,1,F0DF7AE5,F0DF7AE5,True,15993,583399,0,0,0.458936,0.000000,-18,True,False
6779,488104,1163084098,100,169509,00000000,DA25755E,False,0,0,0,0,0.000000,0.000000,-44,True,False
6780,488176,589824,1035489772,1035489772,3F266666,1DE4BDE6,False,0,0,0,0,0.000000,0.000000,-1035489716,True,True
6781,488248,15847,28,1,C8425FD0,C8425FD0,True,15847,584708,0,0,0.142948,0.000000,28,True,False
6782,488320,15896,64,1,BB93AE36,BB93AE36,True,15896,585001,0,0,0.228527,0.000000,-8,True,False
6783,488392,0,0,0,00000000,00000000,True,0,0,0,0,0.000000,0.000000,56,True,True
6784,488464,589824,1063675494,1053609165,3F3AE148,C4C6BF1B,False,0,0,0,0,0.000000,0.000000,-1063675438,True,True
6785,488536,15898,64,1,6DB968B4,6DB968B4,True,15898,585001,0,0,0.228527,0.000000,-8,True,False
6786,488608,0,0,0,00000000,00000000,True,0,0,0,0,0.000000,0.000000,56,True,True
6787,488680,589824,1035489772,1035489772,3F266666,16BC63A9,False,0,0,0,0,0.000000,0.000000,-1035489716,True,True
6788,488752,15900,64,1,18A09257,18A09257,True,15900,585001,0,0,0.228527,0.000000,-8,True,False
6789,488824,1040187392,0,0,00000000,00000000,True,0,0,0,0,0.000000,0.000000,56,True,True
6790,488896,589824,1035489772,1035489772,3F266666,E9C16F99,False,0,0,0,0,0.000000,0.000000,-1035489716,True,True
6791,488968,15902,64,1,A4282F9A,A4282F9A,True,15902,585001,0,0,0.228527,0.000000,-8,True,False
6792,489040,1035489772,0,0,00000000,00000000,True,0,0,0,0,0.000000,0.000000,56,True,True
6793,489112,589824,1065353216,1056964608,3E800000,D325C31F,False,0,0,0,0,0.000000,0.000000,-1065353160,True,True
6794,489184,15904,64,1,F97D6507,F97D6507,True,15904,585001,0,0,0.228527,0.000000,-8,True,False
6795,489256,1051931443,0,0,00000000,00000000,True,0,0,0,0,0.000000,0.000000,56,True,True
6796,489328,589824,1035489772,1035489772,3F266666,0DEB13A4,False,0,0,0,0,0.000000,0.000000,-1035489716,True,True
6797,489400,15906,64,1,3CB155A2,3CB155A2,True,15906,585001,0,0,0.228527,0.000000,-8,True,False
6798,489472,1050488603,0,0,00000000,00000000,True,0,0,0,0,0.000000,0.000000,56,True,True
6799,489544,589824,1065353216,1065353216,3F000000,C0971D52,False,0,0,0,0,0.000000,0.000000,-1065353160,True,True
6800,489616,15908,64,1,5FCF0E99,5FCF0E99,True,15908,585001,0,0,0.228527,0.000000,-8,True,False
6801,489688,1064514355,0,0,00000000,00000000,True,0,0,0,0,0.000000,0.000000,56,True,True
6802,489760,589824,1058877211,1054313808,3E9D2F1B,B0002040,False,0,0,0,0,0.000000,0.000000,-1058877155,True,True
6803,489832,15910,64,1,454BFBA7,454BFBA7,True,15910,585001,0,0,0.228527,0.000000,-8,True,False
6804,489904,1064514355,0,0,00000000,00000000,True,0,0,0,0,0.000000,0.000000,56,True,True
6805,489976,589824,1063675494,1053609165,3F3AE148,A135D6F9,False,0,0,0,0,0.000000,0.000000,-1063675438,True,True
6806,490048,15912,64,1,60A9F89C,60A9F89C,True,15912,585001,0,0,0.228527,0.000000,-8,True,False
6807,490120,1064514355,0,0,00000000,00000000,True,0,0,0,0,0.000000,0.000000,56,True,True
6808,490192,589824,1059816735,1034147594,3DA3D70A,D3E1A9B8,False,0,0,0,0,0.000000,0.000000,-1059816679,True,True
6809,490264,15914,64,1,C3E51FD1,C3E51FD1,True,15914,585001,0,0,0.228527,0.000000,-8,True,False
6810,490336,1064514355,0,0,00000000,00000000,True,0,0,0,0,0.000000,0.000000,56,True,True
6811,490408,589824,1035489772,1035489772,3F266666,9AF8B04D,False,0,0,0,0,0.000000,0.000000,-1035489716,True,True
6812,490480,15916,64,1,D2EEE6F0,D2EEE6F0,True,15916,585001,0,0,0.228527,0.000000,-8,True,False
6813,490552,1035489772,0,0,00000000,00000000,True,0,0,0,0,0.000000,0.000000,56,True,True
6814,490624,589824,1035489772,1035489772,3F266666,2D525234,False,0,0,0,0,0.000000,0.000000,-1035489716,True,True
6815,490696,15918,64,1,4CDB51A6,4CDB51A6,True,15918,585001,0,0,0.228527,0.000000,-8,True,False
6816,490768,1035489772,0,0,00000000,00000000,True,0,0,0,0,0.000000,0.000000,56,True,True
6817,490840,589824,1064682127,1064682127,3F75C28F,73E1F732,False,0,0,0,0,0.000000,0.000000,-1064682071,True,True
6818,490912,16384,28,1,1E5BE629,1E5BE629,True,16384,592853,0,0,0.095318,0.000000,28,True,False
6819,490984,16385,28,1,63B02852,63B02852,True,16385,592618,0,0,0.048469,0.000000,28,True,False
6820,491056,16386,28,1,92E9BC5C,92E9BC5C,True,16386,592621,0,0,0.049225,0.000000,28,True,False
6821,491128,16387,64,1,E8962CA3,E8962CA3,True,16387,592708,0,0,0.042106,0.000000,-8,True,False
6822,491200,1051931443,0,0,00000000,00000000,True,0,0,0,0,0.000000,0.000000,56,True,True
6823,491272,0,0,0,00000000,00000000,True,0,0,0,0,0.000000,0.000000,56,True,True
6824,491344,0,0,0,00000000,00000000,True,0,0,0,0,0.000000,0.000000,56,True,True
6825,491416,589824,1054280253,1017370378,3DCCCCCD,E0854592,False,0,0,0,0,0.000000,0.000000,-1054280197,True,True
6826,491488,16393,64,1,1BC801D1,1BC801D1,True,16393,592708,0,0,0.042106,0.000000,-8,True,False
6827,491560,1051931443,0,0,00000000,00000000,True,0,0,0,0,0.000000,0.000000,56,True,True
6828,491632,589824,1036831949,1036831949,3DCCCCCD,B47ED74E,False,0,0,0,0,0.000000,0.000000,-1036831893,True,True
6829,491704,16395,64,1,252BDFEE,252BDFEE,True,16395,592708,0,0,0.042106,0.000000,-8,True,False
6830,491776,1051931443,0,0,00000000,00000000,True,0,0,0,0,0.000000,0.000000,56,True,True
6831,491848,0,0,0,00000000,00000000,True,0,0,0,0,0.000000,0.000000,56,True,True
6832,491920,1114114,1852399952,1735289204,445F305F,6C2963B6,False,0,0,0,0,0.000000,0.000000,-1852399896,True,True
6833,491992,14208,80,1,5EFCBC57,5EFCBC57,True,14208,419625,0,0,0.930366,0.000000,-24,True,False
6834,492064,1600613993,1094868784,6571347,67510000,32CAF0AB,False,0,0,0,0,0.000000,0.000000,-1094868728,True,True
6835,492136,1114114,1852399952,1735289204,445F305F,B3610FFA,False,0,0,0,0,0.000000,0.000000,-1852399896,True,True
6836,492208,14210,80,1,8971E743,8971E743,True,14210,419625,0,0,0.930366,0.000000,-24,True,False
6837,492280,1600613993,1094868784,6571347,67500000,E6681853,False,0,0,0,0,0.000000,0.000000,-1094868728,True,True
6838,492352,0,0,0,00000000,00000000,True,0,0,0,0,0.000000,0.000000,56,True,True
6839,492424,983041,1852399952,1735289204,425F305F,D909290E,False,0,0,0,0,0.000000,0.000000,-1852399896,True,True
6840,492496,1114114,1852399952,1735289204,445F305F,5C2876C4,False,0,0,0,0,0.000000,0.000000,-1852399896,True,True
6841,492568,14214,80,1,323463E9,323463E9,True,14214,419625,0,0,0.930366,0.000000,-24,True,False
6842,492640,1600613993,1094868784,6571347,673C0000,AEA3D757,False,0,0,0,0,0.000000,0.000000,-1094868728,True,True
6843,492712,0,0,0,00000000,00000000,True,0,0,0,0,0.000000,0.000000,56,True,True
6844,492784,1114114,1852399952,1735289204,445F305F,262D5341,False,0,0,0,0,0.000000,0.000000,-1852399896,True,True
6845,492856,14217,80,1,CC6D5F51,CC6D5F51,True,14217,419655,0,0,0.647230,0.000000,-24,True,False
6846,492928,1600613993,1094868784,6571347,67500000,75BCB19F,False,0,0,0,0,0.000000,0.000000,-1094868728,True,True
6847,493000,1114114,1852399952,1735289204,445F305F,5A88E46E,False,0,0,0,0,0.000000,0.000000,-1852399896,True,True
6848,493072,14219,80,1,0B6F5035,0B6F5035,True,14219,419655,0,0,0.647230,0.000000,-24,True,False
6849,493144,1600613993,1094868784,6571347,673C0000,E99C9BDB,False,0,0,0,0,0.000000,0.000000,-1094868728,True,True
6850,493216,0,0,0,00000000,00000000,True,0,0,0,0,0.000000,0.000000,56,True,True
6851,493288,983041,1852399952,1735289204,425F305F,A95FE794,False,0,0,0,0,0.000000,0.000000,-1852399896,True,True
6852,493360,983041,1852399952,1735289204,425F305F,1B0CBDEA,False,0,0,0,0,0.000000,0.000000,-1852399896,True,True
6853,493432,1114114,1852399952,1735289204,445F305F,0BD50B7F,False,0,0,0,0,0.000000,0.000000,-1852399896,True,True
6854,493504,14224,28,1,DF1B54B2,DF1B54B2,True,14224,430327,0,0,2.247650,0.000000,28,True,False
6855,493576,14225,80,1,9E54F491,9E54F491,True,14225,430326,0,0,1.983750,0.000000,-24,True,False
6856,493648,1600613993,1094868784,6571347,79890000,4462DA6F,False,0,0,0,0,0.000000,0.000000,-1094868728,True,True
6857,493720,1114114,1852399952,1735289204,445F305F,0A15A13F,False,0,0,0,0,0.000000,0.000000,-1852399896,True,True
6858,493792,14227,80,1,39DC087B,39DC087B,True,14227,430327,0,0,2.247650,0.000000,-24,True,False
6859,493864,1600613993,1094868784,6571347,798C0000,E68C325E,False,0,0,0,0,0.000000,0.000000,-1094868728,True,True
6860,493936,0,0,0,00000000,00000000,True,0,0,0,0,0.000000,0.000000,56,True,True
6861,494008,983041,1852399952,1735289204,425F305F,9FA25D19,False,0,0,0,0,0.000000,0.000000,-1852399896,True,True
6862,494080,1114114,1852399952,1735289204,445F305F,9DF58A41,False,0,0,0,0,0.000000,0.000000,-1852399896,True,True
6863,494152,14231,80,1,1CE27E4D,1CE27E4D,True,14231,430324,0,0,0.867251,0.000000,-24,True,False
6864,494224,1600613993,1094868784,6571347,0B4D0000,CCABE2E8,False,0,0,0,0,0.000000,0.000000,-1094868728,True,True
6865,494296,1114114,1852399952,1735289204,445F305F,1D6A000F,False,0,0,0,0,0.000000,0.000000,-1852399896,True,True
6866,494368,14233,80,1,254BDAD8,254BDAD8,True,14233,430326,0,0,1.983750,0.000000,-24,True,False
6867,494440,1600613993,1094868784,6571347,0B4B0000,2625E753,False,0,0,0,0,0.000000,0.000000,-1094868728,True,True
6868,494512,1114114,1852399952,1735289204,445F305F,567C1F1B,False,0,0,0,0,0.000000,0.000000,-1852399896,True,True
6869,494584,14235,80,1,E3911E61,E3911E61,True,14235,430325,0,0,1.055230,0.000000,-24,True,False
6870,494656,1600613993,1094868784,6571347,7CEA0000,9BB6A12E,False,0,0,0,0,0.000000,0.000000,-1094868728,True,True
6871,494728,1114114,1852399952,1735289204,445F305F,4AA81EB0,False,0,0,0,0,0.000000,0.000000,-1852399896,True,True
6872,494800,14237,80,1,719BC940,719BC940,True,14237,430326,0,0,1.983750,0.000000,-24,True,False
6873,494872,1600613993,1094868784,6571347,7CEC0000,BCF7062C,False,0,0,0,0,0.000000,0.000000,-1094868728,True,True
6874,494944,983041,1852399952,1735289204,425F305F,5EE223A2,False,0,0,0,0,0.000000,0.000000,-1852399896,True,True
6875,495016,1114114,1852399952,1735289204,445F305F,C5623619,False,0,0,0,0,0.000000,0.000000,-1852399896,True,True
6876,495088,14240,80,1,00E46FC8,00E46FC8,True,14240,430327,0,0,2.247650,0.000000,-24,True,False
6877,495160,1600613993,1094868784,6571347,7D2A0000,56A14603,False,0,0,0,0,0.000000,0.000000,-1094868728,True,True
6878,495232,1114114,1852399952,1735289204,445F305F,54EF2598,False,0,0,0,0,0.000000,0.000000,-1852399896,True,True
6879,495304,14321,28,1,5124F6B2,5124F6B2,True,14321,516104,0,0,0.790175,0.000000,28,True,False
6880,495376,14322,28,1,EE3E56D5,EE3E56D5,True,14322,516108,0,0,0.731273,0.000000,28,True,False
6881,495448,14323,28,1,9B12FD45,9B12FD45,True,14323,516112,0,0,1.667350,0.000000,28,True,False
6882,495520,14324,28,1,AB65B65D,AB65B65D,True,14324,516113,0,0,1.305290,0.000000,28,True,False
6883,495592,14325,28,1,2D21C6FC,2D21C6FC,True,14325,516114,0,0,1.834230,0.000000,28,True,False
6884,495664,14326,28,1,BBEAE8EB,BBEAE8EB,True,14326,516154,0,0,0.901924,0.000000,28,True,False
6885,495736,14327,63,1,A4F1E2D4,A4F1E2D4,True,14327,516154,0,0,0.901924,0.000000,-7,True,False
6886,495808,0,0,0,00000000,00000000,True,0,0,0,0,0.000000,0.000000,56,True,True
6887,495880,1638401,1852399984,1735289204,646E615F,8716B849,False,0,0,0,0,0.000000,0.000000,-1852399928,True,True
6888,495952,14329,63,1,9CA37355,9CA37355,True,14329,516154,0,0,0.901924,0.000000,-7,True,False
6889,496024,0,0,0,00000000,00000000,True,0,0,0,0,0.000000,0.000000,56,True,True
6890,496096,1638401,1852399984,1735289204,646E615F,BC229917,False,0,0,0,0,0.000000,0.000000,-1852399928,True,True
6891,496168,14331,28,1,8307B261,8307B261,True,14331,516162,0,0,1.560870,0.000000,28,True,False
6892,496240,14332,63,1,8F24C2FC,8F24C2FC,True,14332,516162,0,0,1.560870,0.000000,-7,True,False
6893,496312,0,0,0,00000000,00000000,True,0,0,0,0,0.000000,0.000000,56,True,True
6894,496384,1638401,1852399984,1735289204,646E615F,DE1286B8,False,0,0,0,0,0.000000,0.000000,-1852399928,True,True
6895,496456,14334,63,1,2AB7C779,2AB7C779,True,14334,516162,0,0,1.560870,0.000000,-7,True,False
6896,496528,0,0,0,00000000,00000000,True,0,0,0,0,0.000000,0.000000,56,True,True
6897,496600,1638401,1852399984,1735289204,646E615F,CC788715,False,0,0,0,0,0.000000,0.000000,-1852399928,True,True
6898,496672,14336,28,1,BEE0B7C5,BEE0B7C5,True,14336,516169,0,0,1.803080,0.000000,28,True,False
6899,496744,14337,63,1,FDF91C72,FDF91C72,True,14337,516169,0,0,1.803080,0.000000,-7,True,False
6900,496816,0,0,0,00000000,00000000,True,0,0,0,0,0.000000,0.000000,56,True,True
6901,496888,1638401,1852399984,1735289204,646E615F,EBE690F4,False,0,0,0,0,0.000000,0.000000,-1852399928,True,True
6902,496960,14339,63,1,586A19F7,586A19F7,True,14339,516169,0,0,1.803080,0.000000,-7,True,False
6903,497032,0,0,0,00000000,00000000,True,0,0,0,0,0.000000,0.000000,56,True,True
6904,497104,0,0,0,00000000,00000000,True,0,0,0,0,0.000000,0.000000,56,True,True
6905,497176,1638401,1852399984,1735289204,646E615F,304CD169,False,0,0,0,0,0.000000,0.000000,-1852399928,True,True
6906,497248,14342,63,1,0B76FA9A,0B76FA9A,True,14342,516175,0,0,1.605600,0.000000,-7,True,False
6907,497320,0,0,0,00000000,00000000,True,0,0,0,0,0.000000,0.000000,56,True,True
6908,497392,1638401,1852399984,1735289204,646E615F,895CB2F0,False,0,0,0,0,0.000000,0.000000,-1852399928,True,True
6909,497464,14344,63,1,D6BAAE77,D6BAAE77,True,14344,516175,0,0,1.605600,0.000000,-7,True,False
6910,497536,0,0,0,00000000,00000000,True,0,0,0,0,0.000000,0.000000,56,True,True
6911,497608,1638401,1852399984,1735289204,646E615F,C6B0418F,False,0,0,0,0,0.000000,0.000000,-1852399928,True,True
6912,497680,14346,28,1,216FA1C1,216FA1C1,True,14346,516183,0,0,2.981570,0.000000,28,True,False
6913,497752,14347,63,1,99AE0FDD,99AE0FDD,True,14347,516183,0,0,2.981570,0.000000,-7,True,False
6914,497824,0,0,0,00000000,00000000,True,0,0,0,0,0.000000,0.000000,56,True,True
6915,497896,1638401,1852399984,1735289204,646E615F,869EC035,False,0,0,0,0,0.000000,0.000000,-1852399928,True,True
6916,497968,14349,28,1,516B14A3,516B14A3,True,14349,516188,0,0,3.127090,0.000000,28,True,False
6917,498040,14350,63,1,4614180A,4614180A,True,14350,516188,0,0,3.127090,0.000000,-7,True,False
6918,498112,0,0,0,00000000,00000000,True,0,0,0,0,0.000000,0.000000,56,True,True
6919,498184,1638401,1852399984,1735289204,646E615F,FC605113,False,0,0,0,0,0.000000,0.000000,-1852399928,True,True
6920,498256,14352,28,1,B4951AFA,B4951AFA,True,14352,516525,0,0,0.854807,0.000000,28,True,False
6921,498328,14353,63,1,BE20298A,BE20298A,True,14353,516525,0,0,0.854807,0.000000,-7,True,False
6922,498400,0,0,0,00000000,00000000,True,0,0,0,0,0.000000,0.000000,56,True,True
6923,498472,1638401,1852399984,1735289204,646E615F,5B78D8F9,False,0,0,0,0,0.000000,0.000000,-1852399928,True,True
6924,498544,14355,63,1,1BB32C0F,1BB32C0F,True,14355,516525,0,0,0.854807,0.000000,-7,True,False
6925,498616,0,0,0,00000000,00000000,True,0,0,0,0,0.000000,0.000000,56,True,True
6926,498688,1638401,1852399984,1735289204,646E615F,7C9A6A79,False,0,0,0,0,0.000000,0.000000,-1852399928,True,True
6927,498760,14357,28,1,DCF0A735,DCF0A735,True,14357,516528,0,0,0.681243,0.000000,28,True,False
6928,498832,14358,63,1,E2854DA8,E2854DA8,True,14358,516528,0,0,0.681243,0.000000,-7,True,False
6929,498904,0,0,0,00000000,00000000,True,0,0,0,0,0.000000,0.000000,56,True,True
6930,498976,1638401,1852399984,1735289204,646E615F,ABCEF327,False,0,0,0,0,0.000000,0.000000,-1852399928,True,True
6931,499048,14360,63,1,3F491945,3F491945,True,14360,516528,0,0,0.681243,0.000000,-7,True,False
6932,499120,0,0,0,00000000,00000000,True,0,0,0,0,0.000000,0.000000,56,True,True
6933,499192,1638401,1852399984,1735289204,646E615F,A96E097A,False,0,0,0,0,0.000000,0.000000,-1852399928,True,True
6934,499264,14362,63,1,9ADA1CC0,9ADA1CC0,True,14362,516528,0,0,0.681243,0.000000,-7,True,False
6935,499336,0,0,0,00000000,00000000,True,0,0,0,0,0.000000,0.000000,56,True,True
6936,499408,1638401,1852399984,1735289204,646E615F,45B0D3EE,False,0,0,0,0,0.000000,0.000000,-1852399928,True,True
6937,499480,14364,28,1,548C86AB,548C86AB,True,14364,516529,0,0,0.644716,0.000000,28,True,False
6938,499552,14365,63,1,99BADD33,99BADD33,True,14365,516529,0,0,0.644716,0.000000,-7,True,False
6939,499624,0,0,0,00000000,00000000,True,0,0,0,0,0.000000,0.000000,56,True,True
6940,499696,1638401,1852399984,1735289204,646E615F,E2DC45DA,False,0,0,0,0,0.000000,0.000000,-1852399928,True,True
6941,499768,14367,63,1,3C29D8B6,3C29D8B6,True,14367,516529,0,0,0.644716,0.000000,-7,True,False
6942,499840,0,0,0,00000000,00000000,True,0,0,0,0,0.000000,0.000000,56,True,True
6943,499912,1638401,1852399984,1735289204,646E615F,9B2C752B,False,0,0,0,0,0.000000,0.000000,-1852399928,True,True
6944,499984,14369,63,1,FC474E52,FC474E52,True,14369,516529,0,0,0.644716,0.000000,-7,True,False
6945,500056,0,0,0,00000000,00000000,True,0,0,0,0,0.000000,0.000000,56,True,True
6946,500128,1638401,1852399984,1735289204,646E615F,22069DEE,False,0,0,0,0,0.000000,0.000000,-1852399928,True,True
6947,500200,14371,63,1,59D44BD7,59D44BD7,True,14371,516529,0,0,0.644716,0.000000,-7,True,False
6948,500272,0,0,0,00000000,00000000,True,0,0,0,0,0.000000,0.000000,56,True,True
6949,500344,1638401,1852399984,1735289204,646E615F,1B7BA9B0,False,0,0,0,0,0.000000,0.000000,-1852399928,True,True
6950,500416,14373,28,1,CDFB81A7,CDFB81A7,True,14373,516530,0,0,2.282680,0.000000,28,True,False
6951,500488,14374,63,1,9338D701,9338D701,True,14374,516530,0,0,2.282680,0.000000,-7,True,False
6952,500560,0,0,0,00000000,00000000,True,0,0,0,0,0.000000,0.000000,56,True,True
6953,500632,1638401,1852399984,1735289204,646E615F,52961FF9,False,0,0,0,0,0.000000,0.000000,-1852399928,True,True
6954,500704,14376,28,1,6CE89ADD,6CE89ADD,True,14376,516537,0,0,2.121280,0.000000,28,True,False
6955,500776,14377,63,1,9819F97F,9819F97F,True,14377,516537,0,0,2.121280,0.000000,-7,True,False
6956,500848,0,0,0,00000000,00000000,True,0,0,0,0,0.000000,0.000000,56,True,True
6957,500920,1638401,1852399984,1735289204,646E615F,54C40406,False,0,0,0,0,0.000000,0.000000,-1852399928,True,True
6958,500992,14379,63,1,34615C80,34615C80,True,14379,516537,0,0,2.121280,0.000000,-7,True,False
6959,501064,0,0,0,00000000,00000000,True,0,0,0,0,0.000000,0.000000,56,True,True
6960,501136,0,0,0,00000000,00000000,True,0,0,0,0,0.000000,0.000000,56,True,True
6961,501208,1638401,1852399984,1735289204,646E615F,40A15B28,False,0,0,0,0,0.000000,0.000000,-1852399928,True,True
6962,501280,14382,63,1,56A0B5FA,56A0B5FA,True,14382,516538,0,0,2.611740,0.000000,-7,True,False
6963,501352,0,0,0,00000000,00000000,True,0,0,0,0,0.000000,0.000000,56,True,True
6964,501424,0,0,0,00000000,00000000,True,0,0,0,0,0.000000,0.000000,56,True,True
6965,501496,1638401,1852399984,1735289204,646E615F,C77F1CD4,False,0,0,0,0,0.000000,0.000000,-1852399928,True,True
6966,501568,14385,63,1,BFCDBF97,BFCDBF97,True,14385,516539,0,0,2.943550,0.000000,-7,True,False
6967,501640,0,0,0,00000000,00000000,True,0,0,0,0,0.000000,0.000000,56,True,True
6968,501712,1638401,1852399984,1735289204,646E615F,C0D6E744,False,0,0,0,0,0.000000,0.000000,-1852399928,True,True
6969,501784,14387,28,1,3181A4D5,3181A4D5,True,14387,516721,0,0,2.989670,0.000000,28,True,False
6970,501856,14388,63,1,429D5915,429D5915,True,14388,516721,0,0,2.989670,0.000000,-7,True,False
6971,501928,0,0,0,00000000,00000000,True,0,0,0,0,0.000000,0.000000,56,True,True
6972,502000,0,0,0,00000000,00000000,True,0,0,0,0,0.000000,0.000000,56,True,True
6973,502072,1638401,1852399984,1735289204,646E615F,9D007C6A,False,0,0,0,0,0.000000,0.000000,-1852399928,True,True
6974,502144,14391,63,1,EFC7124B,EFC7124B,True,14391,516728,0,0,1.570770,0.000000,-7,True,False
6975,502216,0,0,0,00000000,00000000,True,0,0,0,0,0.000000,0.000000,56,True,True
6976,502288,0,0,0,00000000,00000000,True,0,0,0,0,0.000000,0.000000,56,True,True
6977,502360,1638401,1852399984,1735289204,646E615F,DBB82657,False,0,0,0,0,0.000000,0.000000,-1852399928,True,True
6978,502432,14394,28,1,7E8FF042,7E8FF042,True,14394,516737,0,0,1.620160,0.000000,28,True,False
6979,502504,14395,63,1,E5453932,E5453932,True,14395,516737,0,0,1.620160,0.000000,-7,True,False
6980,502576,0,0,0,00000000,00000000,True,0,0,0,0,0.000000,0.000000,56,True,True
6981,502648,1638401,1852399984,1735289204,646E615F,B4F8C098,False,0,0,0,0,0.000000,0.000000,-1852399928,True,True
6982,502720,14397,63,1,D96A9186,D96A9186,True,14397,516737,0,0,1.620160,0.000000,-7,True,False
6983,502792,0,0,0,00000000,00000000,True,0,0,0,0,0.000000,0.000000,56,True,True
6984,502864,1638401,1852399984,1735289204,646E615F,EC38AE8A,False,0,0,0,0,0.000000,0.000000,-1852399928,True,True
6985,502936,14399,28,1,145D8281,145D8281,True,14399,516744,0,0,2.183180,0.000000,28,True,False
6986,503008,14400,63,1,5A885515,5A885515,True,14400,516744,0,0,2.183180,0.000000,-7,True,False
6987,503080,0,0,0,00000000,00000000,True,0,0,0,0,0.000000,0.000000,56,True,True
6988,503152,0,0,0,00000000,00000000,True,0,0,0,0,0.000000,0.000000,56,True,True
6989,503224,589824,0,1048443863,00000000,00000000,True,0,0,0,0,0.000000,0.000000,56,True,True
6990,503296,14420,64,1,FCCAECCC,FCCAECCC,True,14420,395900,0,0,1.651510,0.000000,-8,True,False
6991,503368,1053133598,3,0,00000000,FF41D912,False,0,0,0,0,0.000000,0.000000,53,True,True
6992,503440,589824,1054586740,1046065994,3EC1830E,723352F3,False,0,0,0,0,0.000000,0.000000,-1054586684,True,True
6993,503512,14422,64,1,BA33BCFF,BA33BCFF,True,14422,395900,0,0,1.651510,0.000000,-8,True,False
6994,503584,1056964608,3,0,00000000,FF41D912,False,0,0,0,0,0.000000,0.000000,53,True,True
6995,503656,589824,1048576000,0,3F000000,0CED5FE8,False,0,0,0,0,0.000000,0.000000,-1048575944,True,True
6996,503728,14424,64,1,0CDE8135,0CDE8135,True,14424,395926,0,0,2.143470,0.000000,-8,True,False
6997,503800,1056981385,3,0,00000000,FF41D912,False,0,0,0,0,0.000000,0.000000,53,True,True
6998,503872,589824,1065353216,0,00000000,DA1D3FDC,False,0,0,0,0,0.000000,0.000000,-1065353160,True,True
6999,503944,14426,64,1,DD8FF439,DD8FF439,True,14426,395900,0,0,1.651510,0.000000,-8,True,False
7000,504016,0,3,0,00000000,FF41D912,False,0,0,0,0,0.000000,0.000000,53,True,True
7001,504088,589824,1056964608,0,3F800000,64FB84CB,False,0,0,0,0,0.000000,0.000000,-1056964552,True,True
7002,504160,14428,64,1,7036D543,7036D543,True,14428,395926,0,0,2.143470,0.000000,-8,True,False
7003,504232,0,3,0,00000000,FF41D912,False,0,0,0,0,0.000000,0.000000,53,True,True
7004,504304,589824,1050253722,1050253722,3E99999A,C3A24F6E,False,0,0,0,0,0.000000,0.000000,-1050253666,True,True
7005,504376,14430,64,1,5EDD9ED0,5EDD9ED0,True,14430,493619,0,0,3.180150,0.000000,-8,True,False
7006,504448,0,3,0,00000000,FF41D912,False,0,0,0,0,0.000000,0.000000,53,True,True
7007,504520,589824,0,0,3F000000,00000000,False,0,0,0,0,0.000000,0.000000,56,True,True
7008,504592,16132,64,1,0CA5B146,0CA5B146,True,16132,493619,0,0,3.180150,0.000000,-8,True,False
7009,504664,1053609165,3,0,00000000,FF41D912,False,0,0,0,0,0.000000,0.000000,53,True,True
7010,504736,589824,1056964608,1056964608,3F000000,258BC631,False,0,0,0,0,0.000000,0.000000,-1056964552,True,True
7011,504808,16134,64,1,0C35640A,0C35640A,True,16134,395900,0,0,3.180150,0.000000,-8,True,False
7012,504880,1053609165,3,0,00000000,FF41D912,False,0,0,0,0,0.000000,0.000000,53,True,True
7013,504952,0,0,0,00000000,00000000,True,0,0,0,0,0.000000,0.000000,56,True,True
7014,505024,0,0,0,00000000,00000000,True,0,0,0,0,0.000000,0.000000,56,True,True
7015,505096,0,0,0,00000000,00000000,True,0,0,0,0,0.000000,0.000000,56,True,True
7016,505168,0,0,0,00000000,00000000,True,0,0,0,0,0.000000,0.000000,56,True,True
7017,505240,0,0,0,00000000,00000000,True,0,0,0,0,0.000000,0.000000,56,True,True
7018,505312,0,0,0,00000000,00000000,True,0,0,0,0,0.000000,0.000000,56,True,True
7019,505384,0,0,0,00000000,00000000,True,0,0,0,0,0.000000,0.000000,56,True,True
7020,505456,0,0,0,00000000,00000000,True,0,0,0,0,0.000000,0.000000,56,True,True
7021,505528,0,0,0,00000000,00000000,True,0,0,0,0,0.000000,0.000000,56,True,True
7022,505600,0,0,0,00000000,00000000,True,0,0,0,0,0.000000,0.000000,56,True,True
7023,505672,0,0,0,00000000,00000000,True,0,0,0,0,0.000000,0.000000,56,True,True
7024,505744,0,0,0,00000000,00000000,True,0,0,0,0,0.000000,0.000000,56,True,True
7025,505816,0,0,0,00000000,00000000,True,0,0,0,0,0.000000,0.000000,56,True,True
7026,505888,589824,1061522206,1061522206,3F458B1E,2D228839,False,0,0,0,0,0.000000,0.000000,-1061522150,True,True
7027,505960,14446,64,1,D2405C7D,D2405C7D,True,14446,503474,0,0,1.097160,0.000000,-8,True,False
7028,506032,1055907778,3,0,00000000,FF41D912,False,0,0,0,0,0.000000,0.000000,53,True,True
7029,506104,589824,1061522206,1061522206,3F458B1E,7FE9122B,False,0,0,0,0,0.000000,0.000000,-1061522150,True,True
7030,506176,14448,64,1,DA238752,DA238752,True,14448,503476,0,0,0.517548,0.000000,-8,True,False
7031,506248,1055907778,3,0,00000000,FF41D912,False,0,0,0,0,0.000000,0.000000,53,True,True
7032,506320,0,0,0,00000000,00000000,True,0,0,0,0,0.000000,0.000000,56,True,True
7033,506392,0,0,0,00000000,00000000,True,0,0,0,0,0.000000,0.000000,56,True,True
7034,506464,0,0,0,00000000,00000000,True,0,0,0,0,0.000000,0.000000,56,True,True
7035,506536,0,0,0,00000000,00000000,True,0,0,0,0,0.000000,0.000000,56,True,True
7036,506608,0,0,0,00000000,00000000,True,0,0,0,0,0.000000,0.000000,56,True,True
7037,506680,0,0,0,00000000,00000000,True,0,0,0,0,0.000000,0.000000,56,True,True
7038,506752,0,0,0,00000000,00000000,True,0,0,0,0,0.000000,0.000000,56,True,True
7039,506824,0,0,0,00000000,00000000,True,0,0,0,0,0.000000,0.000000,56,True,True
7040,506896,0,0,0,00000000,00000000,True,0,0,0,0,0.000000,0.000000,56,True,True
7041,506968,0,0,0,00000000,00000000,True,0,0,0,0,0.000000,0.000000,56,True,True
7042,507040,0,0,0,00000000,00000000,True,0,0,0,0,0.000000,0.000000,56,True,True
7043,507112,0,0,0,00000000,00000000,True,0,0,0,0,0.000000,0.000000,56,True,True
7044,507184,0,0,0,00000000,00000000,True,0,0,0,0,0.000000,0.000000,56,True,True
7045,507256,0,0,0,00000000,00000000,True,0,0,0,0,0.000000,0.000000,56,True,True
7046,507328,589824,1061522206,1061522206,3F458B1E,71DD37C4,False,0,0,0,0,0.000000,0.000000,-1061522150,True,True
7047,507400,14442,64,1,6E050B31,6E050B31,True,14442,503527,503534,0,0.826051,0.000000,-8,True,False
7048,507472,1055907778,3,0,00000000,FF41D912,False,0,0,0,0,0.000000,0.000000,53,True,True
7049,507544,589824,1061522206,1061522206,3F458B1E,10E5685E,False,0,0,0,0,0.000000,0.000000,-1061522150,True,True
7050,507616,16257,28,1,715EF7D7,715EF7D7,True,16257,591689,592527,0,0.733245,0.000000,28,True,False
7051,507688,13189,28,1,86F003C5,86F003C5,True,13189,461251,461457,0,0.312863,0.000000,28,True,False
7052,507760,13191,28,1,6782D901,6782D901,True,13191,461283,461458,0,0.122603,0.000000,28,True,False
7053,507832,13207,28,1,2E6C9800,2E6C9800,True,13207,469728,469729,0,0.568904,0.000000,28,True,False
7054,507904,13209,28,1,E4DA53B3,E4DA53B3,True,13209,469745,469746,0,0.679397,0.000000,28,True,False
7055,507976,13211,28,1,8D9B10D4,8D9B10D4,True,13211,469798,469799,0,0.708937,0.000000,28,True,False
7056,508048,13213,28,1,6503A4B5,6503A4B5,True,13213,469644,469645,0,0.687640,0.000000,28,True,False
7057,508120,13215,28,1,9C35BD61,9C35BD61,True,13215,469664,469665,0,0.698268,0.000000,28,True,False
7058,508192,13217,28,1,562DC061,562DC061,True,13217,469705,469706,0,0.567494,0.000000,28,True,False
7059,508264,13524,28,1,ABB8CD24,ABB8CD24,True,13524,526809,526810,0,0.304139,0.000000,28,True,False
7060,508336,13526,28,1,C262EAC6,C262EAC6,True,13526,526790,526791,0,0.182348,0.000000,28,True,False
7061,508408,13528,28,1,195909F1,195909F1,True,13528,526764,526765,0,0.139874,0.000000,28,True,False
7062,508480,13530,28,1,A4C7F8F0,A4C7F8F0,True,13530,528053,528054,0,0.166331,0.000000,28,True,False
7063,508552,13532,28,1,FE49D3ED,FE49D3ED,True,13532,526863,526864,0,0.112277,0.000000,28,True,False
7064,508624,13219,28,1,336EB83D,336EB83D,True,13219,469629,469630,0,1.641940,0.000000,28,True,False
7065,508696,13221,28,1,A6A2AFAF,A6A2AFAF,True,13221,469633,469634,0,1.093070,0.000000,28,True,False
7066,508768,13223,28,1,9080AAE9,9080AAE9,True,13223,469637,469638,0,1.347060,0.000000,28,True,False
7067,508840,13225,28,1,812BAEF3,812BAEF3,True,13225,469613,469618,0,2.197900,0.000000,28,True,False
7068,508912,13227,28,1,14DF0478,14DF0478,True,13227,469595,469620,0,1.144840,0.000000,28,True,False
7069,508984,13229,28,1,7F308687,7F308687,True,13229,469623,469626,0,0.945912,0.000000,28,True,False
7070,509056,14438,64,1,0330C91C,0330C91C,True,14438,503437,503449,0,1.092240,0.000000,-8,True,False
7071,509128,1055907778,3,0,00000000,FF41D912,False,0,0,0,0,0.000000,0.000000,53,True,True
7072,509200,589824,1061522206,1061522206,3F458B1E,FC4EBB99,False,0,0,0,0,0.000000,0.000000,-1061522150,True,True
7073,509272,14440,64,1,F17C07B6,F17C07B6,True,14440,503443,503451,0,0.898404,0.000000,-8,True,False
7074,509344,1055907778,3,0,00000000,FF41D912,False,0,0,0,0,0.000000,0.000000,53,True,True
7075,509416,589824,1061522206,1061522206,3F458B1E,FAA53EBA,False,0,0,0,0,0.000000,0.000000,-1061522150,True,True
7076,509488,16352,64,1,AD5F37DA,AD5F37DA,True,16352,592332,592480,0,0.613958,0.000000,-8,True,False
7077,509560,1053609165,2,0,00000000,41D912FF,False,0,0,0,0,0.000000,0.000000,54,True,True
7078,509632,0,0,0,00000000,00000000,True,0,0,0,0,0.000000,0.000000,56,True,True
7079,509704,0,0,0,00000000,00000000,True,0,0,0,0,0.000000,0.000000,56,True,True
7080,509776,0,0,0,00000000,00000000,True,0,0,0,0,0.000000,0.000000,56,True,True
7081,509848,0,0,0,00000000,00000000,True,0,0,0,0,0.000000,0.000000,56,True,True
7082,509920,0,0,0,00000000,00000000,True,0,0,0,0,0.000000,0.000000,56,True,True
7083,509992,0,0,0,00000000,00000000,True,0,0,0,0,0.000000,0.000000,56,True,True
7084,510064,0,0,0,00000000,00000000,True,0,0,0,0,0.000000,0.000000,56,True,True
7085,510136,0,0,0,00000000,00000000,True,0,0,0,0,0.000000,0.000000,56,True,True
7086,510208,0,0,0,00000000,00000000,True,0,0,0,0,0.000000,0.000000,56,True,True
7087,510280,0,0,0,00000000,00000000,True,0,0,0,0,0.000000,0.000000,56,True,True
7088,510352,0,0,0,00000000,00000000,True,0,0,0,0,0.000000,0.000000,56,True,True
7089,510424,0,0,0,00000000,00000000,True,0,0,0,0,0.000000,0.000000,56,True,True
7090,510496,0,0,0,00000000,00000000,True,0,0,0,0,0.000000,0.000000,56,True,True
7091,510568,0,0,0,00000000,00000000,True,0,0,0,0,0.000000,0.000000,56,True,True
7092,510640,0,0,0,00000000,00000000,True,0,0,0,0,0.000000,0.000000,56,True,True
7093,510712,589824,1061522206,1061522206,3F458B1E,D524AC08,False,0,0,0,0,0.000000,0.000000,-1061522150,True,True
7094,510784,14433,64,1,C3CAC6CF,C3CAC6CF,True,14433,503465,0,0,0.635649,0.000000,-8,True,False
7095,510856,1055907778,3,0,00000000,FF41D912,False,0,0,0,0,0.000000,0.000000,53,True,True
7096,510928,589824,1061522206,1061522206,3F458B1E,A369102A,False,0,0,0,0,0.000000,0.000000,-1061522150,True,True
7097,511000,14452,64,1,324CC5DF,324CC5DF,True,14452,517751,517752,0,0.697932,0.000000,-8,True,False
7098,511072,1055907778,3,0,00000000,FF41D912,False,0,0,0,0,0.000000,0.000000,53,True,True
7099,511144,589824,1061522206,1061522206,3F458B1E,CBD71E4C,False,0,0,0,0,0.000000,0.000000,-1061522150,True,True
7100,511216,14454,64,1,C2412A1F,C2412A1F,True,14454,527964,0,0,0.580669,0.000000,-8,True,False
7101,511288,1055907778,2,0,00000000,41D912FF,False,0,0,0,0,0.000000,0.000000,54,True,True
7102,511360,589824,1061522206,1061522206,3F458B1E,61946311,False,0,0,0,0,0.000000,0.000000,-1061522150,True,True
7103,511432,14456,64,1,987C896D,987C896D,True,14456,527978,0,0,0.965889,0.000000,-8,True,False
7104,511504,1055907778,3,0,00000000,FF41D912,False,0,0,0,0,0.000000,0.000000,53,True,True
7105,511576,589824,1061522206,1061522206,3F458B1E,2C6D6F69,False,0,0,0,0,0.000000,0.000000,-1061522150,True,True
7106,511648,16355,64,1,8A124B5A,8A124B5A,True,16355,592356,0,0,0.454727,0.000000,-8,True,False
7107,511720,1053609165,2,0,00000000,41D912FF,False,0,0,0,0,0.000000,0.000000,54,True,True
7108,511792,0,0,0,00000000,00000000,True,0,0,0,0,0.000000,0.000000,56,True,True
7109,511864,0,0,0,00000000,00000000,True,0,0,0,0,0.000000,0.000000,56,True,True
7110,511936,0,0,0,00000000,00000000,True,0,0,0,0,0.000000,0.000000,56,True,True
7111,512008,0,0,0,00000000,00000000,True,0,0,0,0,0.000000,0.000000,56,True,True
7112,512080,589824,1051416248,1051416248,3EAB56B8,760DBBD1,False,0,0,0,0,0.000000,0.000000,-1051416192,True,True
7113,512152,14464,64,1,250E53C9,250E53C9,True,14464,530576,530609,0,3.219250,0.000000,-8,True,False
7114,512224,1056964608,1,0,00000000,D202EF8D,False,0,0,0,0,0.000000,0.000000,55,True,True
7115,512296,589824,1051416248,1051416248,3EAB56B8,E7670C77,False,0,0,0,0,0.000000,0.000000,-1051416192,True,True
7116,512368,14466,64,1,AC595B73,AC595B73,True,14466,530650,530651,0,3.369380,0.000000,-8,True,False
7117,512440,1056964608,1,0,00000000,D202EF8D,False,0,0,0,0,0.000000,0.000000,55,True,True
7118,512512,917505,1953658211,1601071457,41425F30,E596940B,False,0,0,0,0,0.000000,0.000000,-1953658155,True,True
7119,512584,917505,1953658211,1601071457,41425F30,98564391,False,0,0,0,0,0.000000,0.000000,-1953658155,True,True
7120,512656,917505,1953658211,1601071457,41425F30,907AD9BA,False,0,0,0,0,0.000000,0.000000,-1953658155,True,True
7121,512728,917505,1953658211,1601071457,41425F30,7EADEDBE,False,0,0,0,0,0.000000,0.000000,-1953658155,True,True
7122,512800,917505,1953658211,1601071457,41425F30,2B5BA659,False,0,0,0,0,0.000000,0.000000,-1953658155,True,True
7123,512872,917505,1953658211,1601071457,41425F30,67205CD7,False,0,0,0,0,0.000000,0.000000,-1953658155,True,True
7124,512944,917505,1953658211,1601071457,41425F30,83D101B6,False,0,0,0,0,0.000000,0.000000,-1953658155,True,True
7125,513016,917505,1953658211,1601071457,41425F30,0C9E6D4D,False,0,0,0,0,0.000000,0.000000,-1953658155,True,True
7126,513088,917505,1953658211,1601071457,41425F30,195C0E6F,False,0,0,0,0,0.000000,0.000000,-1953658155,True,True
7127,513160,917505,1953658211,1601071457,41425F30,D73B23F1,False,0,0,0,0,0.000000,0.000000,-1953658155,True,True
7128,513232,917505,1953658211,1601071457,41425F30,633F6958,False,0,0,0,0,0.000000,0.000000,-1953658155,True,True
7129,513304,917505,1953658211,1601071457,41425F30,D29CE134,False,0,0,0,0,0.000000,0.000000,-1953658155,True,True
7130,513376,917505,1953658211,1601071457,41425F30,D0D977B3,False,0,0,0,0,0.000000,0.000000,-1953658155,True,True
7131,513448,917505,1953658211,1601071457,41425F30,B828342A,False,0,0,0,0,0.000000,0.000000,-1953658155,True,True
7132,513520,917505,1953658211,1601071457,41425F30,D325B2A1,False,0,0,0,0,0.000000,0.000000,-1953658155,True,True
7133,513592,917505,1953658211,1601071457,41425F30,EE6F7915,False,0,0,0,0,0.000000,0.000000,-1953658155,True,True
7134,513664,917505,1953658211,1601071457,41425F30,B19BA3A8,False,0,0,0,0,0.000000,0.000000,-1953658155,True,True
7135,513736,917505,1953658211,1601071457,41425F30,986CD0D9,False,0,0,0,0,0.000000,0.000000,-1953658155,True,True
7136,513808,917505,1953658211,1601071457,41425F30,A2C01FBA,False,0,0,0,0,0.000000,0.000000,-1953658155,True,True
7137,513880,917505,1953658211,1601071457,41425F30,4274C4DB,False,0,0,0,0,0.000000,0.000000,-1953658155,True,True
7138,513952,917505,1953658211,1601071457,41425F30,21F17ED5,False,0,0,0,0,0.000000,0.000000,-1953658155,True,True
7139,514024,917505,1953658211,1601071457,41425F30,4B219A8A,False,0,0,0,0,0.000000,0.000000,-1953658155,True,True
7140,514096,917505,1953658211,1601071457,41425F30,1BD71343,False,0,0,0,0,0.000000,0.000000,-1953658155,True,True
7141,514168,917505,1953658211,1601071457,41425F30,1B61C602,False,0,0,0,0,0.000000,0.000000,-1953658155,True,True
7142,514240,917505,1953658211,1601071457,41425F30,13D0604E,False,0,0,0,0,0.000000,0.000000,-1953658155,True,True
7143,514312,917505,1953658211,1601071457,41425F30,540DCD33,False,0,0,0,0,0.000000,0.000000,-1953658155,True,True
7144,514384,917505,1953658211,1601071457,41425F30,658D492A,False,0,0,0,0,0.000000,0.000000,-1953658155,True,True
7145,514456,917505,1953658211,1601071457,41425F30,74FBD8BB,False,0,0,0,0,0.000000,0.000000,-1953658155,True,True
7146,514528,917505,1953658211,1601071457,41425F30,749EC11D,False,0,0,0,0,0.000000,0.000000,-1953658155,True,True
7147,514600,917505,1953658211,1601071457,41425F30,51257740,False,0,0,0,0,0.000000,0.000000,-1953658155,True,True
7148,514672,917505,1953658211,1601071457,41425F30,37F66B1A,False,0,0,0,0,0.000000,0.000000,-1953658155,True,True
7149,514744,917505,1953658211,1601071457,41425F30,738276E1,False,0,0,0,0,0.000000,0.000000,-1953658155,True,True
7150,514816,0,0,0,00000000,00000000,True,0,0,0,0,0.000000,0.000000,56,True,True
7151,514888,0,0,0,00000000,00000000,True,0,0,0,0,0.000000,0.000000,56,True,True
7152,514960,0,0,0,00000000,00000000,True,0,0,0,0,0.000000,0.000000,56,True,True
7153,515032,0,0,0,00000000,00000000,True,0,0,0,0,0.000000,0.000000,56,True,True
7154,515104,0,0,0,00000000,00000000,True,0,0,0,0,0.000000,0.000000,56,True,True
7155,515176,0,0,0,00000000,00000000,True,0,0,0,0,0.000000,0.000000,56,True,True
7156,515248,0,0,0,00000000,00000000,True,0,0,0,0,0.000000,0.000000,56,True,True
7157,515320,0,0,0,00000000,00000000,True,0,0,0,0,0.000000,0.000000,56,True,True
7158,515392,589824,1051416248,1051416248,3EAB56B8,F7B589A2,False,0,0,0,0,0.000000,0.000000,-1051416192,True,True
7159,515464,14468,88,1,6CB0A1ED,6CB0A1ED,True,14468,531895,0,0,2.007530,0.000000,-32,True,False
7160,515536,1051416248,1059738788,1059738788,3F2A54A4,B9078BBA,False,0,0,0,0,0.000000,0.000000,-1059738732,True,True
7161,515608,917505,1953658211,1601071457,41425F30,312B681C,False,0,0,0,0,0.000000,0.000000,-1953658155,True,True
7162,515680,14470,88,1,DF8B9202,DF8B9202,True,14470,531895,0,0,2.007530,0.000000,-32,True,False
7163,515752,1051416248,1059738788,1059738788,3F2A54A4,22A8B150,False,0,0,0,0,0.000000,0.000000,-1059738732,True,True
7164,515824,917505,1953658211,1601071457,41425F30,EAA0C77B,False,0,0,0,0,0.000000,0.000000,-1953658155,True,True
7165,515896,14472,64,1,AD1ED874,AD1ED874,True,14472,531897,0,0,1.503620,0.000000,-8,True,False
7166,515968,1056964608,1,0,00000000,D202EF8D,False,0,0,0,0,0.000000,0.000000,55,True,True
7167,516040,917505,1953658211,1601071457,41425F30,122EAD38,False,0,0,0,0,0.000000,0.000000,-1953658155,True,True
7168,516112,14474,88,1,C1D9F823,C1D9F823,True,14474,531897,0,0,1.503620,0.000000,-32,True,False
7169,516184,1051416248,1059738788,1059738788,3F2A54A4,9075A99A,False,0,0,0,0,0.000000,0.000000,-1059738732,True,True
7170,516256,917505,1953658211,1601071457,41425F30,2329A2B2,False,0,0,0,0,0.000000,0.000000,-1953658155,True,True
7171,516328,14476,88,1,6A6DE281,6A6DE281,True,14476,531897,0,0,1.503620,0.000000,-32,True,False
7172,516400,1051416248,1059738788,1059738788,3F2A54A4,F10F4057,False,0,0,0,0,0.000000,0.000000,-1059738732,True,True
7173,516472,589824,1051416248,1051416248,3EAB56B8,15CBF604,False,0,0,0,0,0.000000,0.000000,-1051416192,True,True
7174,516544,14478,88,1,EC7E2C0C,EC7E2C0C,True,14478,531899,0,0,1.003270,0.000000,-32,True,False
7175,516616,1051416248,1059738788,1059738788,3F2A54A4,8F711396,False,0,0,0,0,0.000000,0.000000,-1059738732,True,True
7176,516688,917505,1953658211,1601071457,41425F30,144F7A1B,False,0,0,0,0,0.000000,0.000000,-1953658155,True,True
7177,516760,14480,88,1,749BE19A,749BE19A,True,14480,531899,0,0,1.003270,0.000000,-32,True,False
7178,516832,1051416248,1059738788,1059738788,3F2A54A4,A7321968,False,0,0,0,0,0.000000,0.000000,-1059738732,True,True
7179,516904,917505,1953658211,1601071457,41425F30,77ECA5BB,False,0,0,0,0,0.000000,0.000000,-1953658155,True,True
7180,516976,14482,64,1,1CFE55A0,1CFE55A0,True,14482,531901,0,0,1.992460,0.000000,-8,True,False
7181,517048,1056964608,1,0,00000000,D202EF8D,False,0,0,0,0,0.000000,0.000000,55,True,True
7182,517120,917505,1953658211,1601071457,41425F30,61AB4D74,False,0,0,0,0,0.000000,0.000000,-1953658155,True,True
7183,517192,14484,88,1,D4CED378,D4CED378,True,14484,531901,0,0,1.992460,0.000000,-32,True,False
7184,517264,1051416248,1059738788,1059738788,3F2A54A4,6B56EDEF,False,0,0,0,0,0.000000,0.000000,-1059738732,True,True
7185,517336,917505,1953658211,1601071457,41425F30,F1FA9A0C,False,0,0,0,0,0.000000,0.000000,-1953658155,True,True
7186,517408,14486,88,1,E9AB4011,E9AB4011,True,14486,531901,0,0,1.992460,0.000000,-32,True,False
7187,517480,1051416248,1059738788,1059738788,3F2A54A4,76E421E5,False,0,0,0,0,0.000000,0.000000,-1059738732,True,True
7188,517552,589824,1051416248,1051416248,3EAB56B8,51314DD3,False,0,0,0,0,0.000000,0.000000,-1051416192,True,True
7189,517624,14488,88,1,34C290B5,34C290B5,True,14488,531903,0,0,1.499130,0.000000,-32,True,False
7190,517696,1051416248,1059738788,1059738788,3F2A54A4,FAC22695,False,0,0,0,0,0.000000,0.000000,-1059738732,True,True
7191,517768,917505,1953658211,1601071457,41425F30,64231668,False,0,0,0,0,0.000000,0.000000,-1953658155,True,True
7192,517840,14490,88,1,87F9A35A,87F9A35A,True,14490,531903,0,0,1.499130,0.000000,-32,True,False
7193,517912,1051416248,1059738788,1059738788,3F2A54A4,A5920641,False,0,0,0,0,0.000000,0.000000,-1059738732,True,True
7194,517984,917505,1953658211,1601071457,41425F30,2766BD96,False,0,0,0,0,0.000000,0.000000,-1953658155,True,True
7195,518056,14492,64,1,16901F8E,16901F8E,True,14492,531905,0,0,0.997020,0.000000,-8,True,False
7196,518128,1056964608,1,0,00000000,D202EF8D,False,0,0,0,0,0.000000,0.000000,55,True,True
7197,518200,917505,1953658211,1601071457,41425F30,4178E199,False,0,0,0,0,0.000000,0.000000,-1953658155,True,True
7198,518272,14494,88,1,6CFC29B9,6CFC29B9,True,14494,531905,0,0,0.997020,0.000000,-32,True,False
7199,518344,1051416248,1059738788,1059738788,3F2A54A4,125136A2,False,0,0,0,0,0.000000,0.000000,-1059738732,True,True
7200,518416,917505,1953658211,1601071457,41425F30,5F5BD90F,False,0,0,0,0,0.000000,0.000000,-1953658155,True,True
7201,518488,14496,88,1,82406007,82406007,True,14496,531905,0,0,0.997020,0.000000,-32,True,False
7202,518560,1051416248,1059738788,1059738788,3F2A54A4,15893A85,False,0,0,0,0,0.000000,0.000000,-1059738732,True,True
7203,518632,589824,1051416248,1051416248,3EAB56B8,3C0C5A70,False,0,0,0,0,0.000000,0.000000,-1051416192,True,True
7204,518704,14498,88,1,77C45406,77C45406,True,14498,531907,0,0,1.026530,0.000000,-32,True,False
7205,518776,1051416248,1059738788,1059738788,3F2A54A4,9F246BC1,False,0,0,0,0,0.000000,0.000000,-1059738732,True,True
7206,518848,917505,1953658211,1601071457,41425F30,AA0C100C,False,0,0,0,0,0.000000,0.000000,-1953658155,True,True
7207,518920,14500,64,1,C8010721,C8010721,True,14500,531907,0,0,1.026530,0.000000,-8,True,False
7208,518992,1056964608,2,0,00000000,41D912FF,False,0,0,0,0,0.000000,0.000000,54,True,True
7209,519064,917505,1953658211,1601071457,41425F30,A797DD7F,False,0,0,0,0,0.000000,0.000000,-1953658155,True,True
7210,519136,14502,64,1,5625EF97,5625EF97,True,14502,531909,0,0,0.511839,0.000000,-8,True,False
7211,519208,1056964608,1,0,00000000,D202EF8D,False,0,0,0,0,0.000000,0.000000,55,True,True
7212,519280,917505,1953658211,1601071457,41425F30,7BD900F0,False,0,0,0,0,0.000000,0.000000,-1953658155,True,True
7213,519352,14504,88,1,CB46E1CB,CB46E1CB,True,14504,531909,0,0,0.511839,0.000000,-32,True,False
7214,519424,1051416248,1059738788,1059738788,3F2A54A4,047651CC,False,0,0,0,0,0.000000,0.000000,-1059738732,True,True
7215,519496,589824,1051416248,1051416248,3EAB56B8,80D00DB2,False,0,0,0,0,0.000000,0.000000,-1051416192,True,True
7216,519568,14506,88,1,F62372A2,F62372A2,True,14506,531909,0,0,0.511839,0.000000,-32,True,False
7217,519640,1051416248,1059738788,1059738788,3F2A54A4,27E62A36,False,0,0,0,0,0.000000,0.000000,-1059738732,True,True
7218,519712,0,0,0,00000000,00000000,True,0,0,0,0,0.000000,0.000000,56,True,True
7219,519784,0,0,0,00000000,00000000,True,0,0,0,0,0.000000,0.000000,56,True,True
7220,519856,0,0,0,00000000,00000000,True,0,0,0,0,0.000000,0.000000,56,True,True
7221,519928,589824,1061522206,1061522206,3F458B1E,AC67AB10,False,0,0,0,0,0.000000,0.000000,-1061522150,True,True
7222,520000,14459,64,1,9B41C7DA,9B41C7DA,True,14459,527984,527985,0,2.599690,0.000000,-8,True,False
7223,520072,1055907778,2,0,00000000,41D912FF,False,0,0,0,0,0.000000,0.000000,54,True,True
7224,520144,589824,1061522206,1061522206,3F458B1E,5EBD5B25,False,0,0,0,0,0.000000,0.000000,-1061522150,True,True
7225,520216,14461,64,1,47C5A14B,47C5A14B,True,14461,527996,527997,0,2.120360,0.000000,-8,True,False
7226,520288,1055907778,3,0,00000000,FF41D912,False,0,0,0,0,0.000000,0.000000,53,True,True
7227,520360,589824,1061522206,1061522206,3F458B1E,6978FA54,False,0,0,0,0,0.000000,0.000000,-1061522150,True,True
7228,520432,14435,64,1,7F35031F,7F35031F,True,14435,503514,503517,0,0.864695,0.000000,-8,True,False
7229,520504,1055907778,3,0,00000000,FF41D912,False,0,0,0,0,0.000000,0.000000,53,True,True
7230,520576,589824,1061522206,1061522206,3F458B1E,B970ADCC,False,0,0,0,0,0.000000,0.000000,-1061522150,True,True
7231,520648,14437,64,1,FE63E347,FE63E347,True,14437,503516,503523,0,1.594480,0.000000,-8,True,False
7232,520720,1055907778,3,0,00000000,FF41D912,False,0,0,0,0,0.000000,0.000000,53,True,True
7233,520792,0,0,0,00000000,00000000,True,0,0,0,0,0.000000,0.000000,56,True,True
7234,520864,0,0,0,00000000,00000000,True,0,0,0,0,0.000000,0.000000,56,True,True
7235,520936,0,0,0,00000000,00000000,True,0,0,0,0,0.000000,0.000000,56,True,True
7236,521008,0,0,0,00000000,00000000,True,0,0,0,0,0.000000,0.000000,56,True,True
7237,521080,589824,1061522206,1061522206,3F458B1E,70237B72,False,0,0,0,0,0.000000,0.000000,-1061522150,True,True
7238,521152,14450,64,1,65C06BE8,65C06BE8,True,14450,503502,503508,0,0.406631,0.000000,-8,True,False
7239,521224,1055907778,3,0,00000000,FF41D912,False,0,0,0,0,0.000000,0.000000,53,True,True
7240,521296,589824,1061522206,1061522206,3F458B1E,83ED1343,False,0,0,0,0,0.000000,0.000000,-1061522150,True,True
7241,521368,13095,28,1,EABD05F9,EABD05F9,True,13095,395864,395865,0,1.271430,0.000000,28,True,False
7242,521440,13109,28,1,0189920C,0189920C,True,13109,406999,0,0,0.523036,0.000000,28,True,False
7243,521512,13111,28,1,C9CDBE4D,C9CDBE4D,True,13111,407006,0,0,0.355344,0.000000,28,True,False
7244,521584,13113,28,1,CC16E2A0,CC16E2A0,True,13113,407009,0,0,0.342833,0.000000,28,True,False
7245,521656,13115,28,1,C9858FE5,C9858FE5,True,13115,407012,0,0,0.334961,0.000000,28,True,False
7246,521728,13183,28,1,C03F38FC,C03F38FC,True,13183,461019,461204,0,1.601390,0.000000,28,True,False
7247,521800,13185,28,1,3154700B,3154700B,True,13185,461020,461205,0,2.252500,0.000000,28,True,False
7248,521872,13187,28,1,346626D0,346626D0,True,13187,461138,461432,0,0.586256,0.000000,28,True,False
7249,521944,13251,28,1,DF2772D1,DF2772D1,True,13251,490686,490687,0,0.677169,0.000000,28,True,False
7250,522016,13275,28,1,D704541C,D704541C,True,13275,493318,0,0,0.179518,0.000000,28,True,False
7251,522088,13276,28,1,BFD3ED95,BFD3ED95,True,13276,493327,0,0,0.303801,0.000000,28,True,False
7252,522160,13277,28,1,34FA5AF6,34FA5AF6,True,13277,493328,0,0,0.235808,0.000000,28,True,False
7253,522232,13394,28,1,81CA304E,81CA304E,True,13394,493957,493958,0,0.561942,0.000000,28,True,False
7254,522304,13395,54,1,E8CCE3DD,E8CCE3DD,True,13395,493957,493958,0,0.561942,0.000000,2,True,False
7255,522376,13396,54,1,0E68A4A6,0E68A4A6,True,13396,493957,493958,0,0.561942,0.000000,2,True,False
7256,522448,13444,28,1,78C11328,78C11328,True,13444,507028,0,0,0.819047,0.000000,28,True,False
7257,522520,13450,28,1,DBF72A94,DBF72A94,True,13450,511003,0,0,0.384750,0.000000,28,True,False
7258,522592,13452,28,1,EE8E4A04,EE8E4A04,True,13452,511066,0,0,0.185488,0.000000,28,True,False
7259,522664,13454,28,1,F81C6EF3,F81C6EF3,True,13454,511073,0,0,0.087260,0.000000,28,True,False
7260,522736,13456,28,1,D653425C,D653425C,True,13456,511084,0,0,0.120049,0.000000,28,True,False
7261,522808,13458,28,1,6F008203,6F008203,True,13458,511090,0,0,0.051629,0.000000,28,True,False
7262,522880,13460,28,1,F6A49F09,F6A49F09,True,13460,511229,0,0,0.098572,0.000000,28,True,False
7263,522952,13462,28,1,92660B5D,92660B5D,True,13462,511284,0,0,0.130068,0.000000,28,True,False
7264,523024,13476,28,1,34ECEF54,34ECEF54,True,13476,469322,0,0,0.612652,0.000000,28,True,False
7265,523096,13478,28,1,29A52BC8,29A52BC8,True,13478,469325,469326,0,0.290881,0.000000,28,True,False
7266,523168,13480,28,1,31DC56FA,31DC56FA,True,13480,469329,469330,0,0.348671,0.000000,28,True,False
7267,523240,13482,28,1,E04A57D8,E04A57D8,True,13482,469333,469334,0,0.240753,0.000000,28,True,False
7268,523312,13484,28,1,AA08DFF2,AA08DFF2,True,13484,469354,0,0,0.209020,0.000000,28,True,False
7269,523384,13486,28,1,BECC4CC3,BECC4CC3,True,13486,469343,0,0,0.269511,0.000000,28,True,False
7270,523456,13488,28,1,46422BFA,46422BFA,True,13488,469348,0,0,0.267832,0.000000,28,True,False
7271,523528,13490,28,1,3D7ADAF6,3D7ADAF6,True,13490,469351,0,0,0.565127,0.000000,28,True,False
7272,523600,13492,28,1,CA5D52D3,CA5D52D3,True,13492,469372,0,0,0.563941,0.000000,28,True,False
7273,523672,13494,28,1,0A36AD77,0A36AD77,True,13494,493293,0,0,0.774802,0.000000,28,True,False
7274,523744,13496,28,1,6FF5CDF9,6FF5CDF9,True,13496,493298,0,0,0.424847,0.000000,28,True,False
7275,523816,13506,28,1,CC2D473D,CC2D473D,True,13506,469318,0,0,0.370612,0.000000,28,True,False
7276,523888,13538,28,1,481AFBAD,481AFBAD,True,13538,534390,0,0,1.008880,0.000000,28,True,False
7277,523960,14079,28,1,38F89A07,38F89A07,True,14079,280677,0,0,0.603873,0.000000,28,True,False
7278,524032,14080,28,1,23CC1944,23CC1944,True,14080,280687,0,0,0.625484,0.000000,28,True,False
7279,524104,16253,28,1,D1BB9085,D1BB9085,True,16253,591683,591684,0,1.118310,0.000000,28,True,False
7280,524176,16259,64,1,E7F560C3,E7F560C3,True,16259,591690,592534,0,1.461690,0.000000,-8,True,False
7281,524248,1053609165,3,0,00000000,FF41D912,False,0,0,0,0,0.000000,0.000000,53,True,True
7282,524320,0,0,0,00000000,00000000,True,0,0,0,0,0.000000,0.000000,56,True,True
7283,524392,0,0,0,00000000,00000000,True,0,0,0,0,0.000000,0.000000,56,True,True
7284,524464,0,0,0,00000000,00000000,True,0,0,0,0,0.000000,0.000000,56,True,True
7285,524536,589824,1056964608,1056964608,3F000000,0337F58D,False,0,0,0,0,0.000000,0.000000,-1056964552,True,True
7286,524608,16339,64,1,A3EA75B8,A3EA75B8,True,16339,592353,592487,0,1.329540,0.000000,-8,True,False
7287,524680,1053609165,2,0,00000000,41D912FF,False,0,0,0,0,0.000000,0.000000,54,True,True
7288,524752,589824,1056964608,1056964608,3F000000,09246930,False,0,0,0,0,0.000000,0.000000,-1056964552,True,True
7289,524824,16342,64,1,4AAB4B9D,4AAB4B9D,True,16342,592338,592482,0,1.099470,0.000000,-8,True,False
7290,524896,1053609165,3,0,00000000,FF41D912,False,0,0,0,0,0.000000,0.000000,53,True,True
7291,524968,589824,1056964608,1056964608,3F000000,7EB8CC37,False,0,0,0,0,0.000000,0.000000,-1056964552,True,True
7292,525040,16344,64,1,EA437333,EA437333,True,16344,592344,592484,0,1.035660,0.000000,-8,True,False
7293,525112,1053609165,1,0,00000000,D202EF8D,False,0,0,0,0,0.000000,0.000000,55,True,True
7294,525184,589824,1056964608,1056964608,3F000000,0925B076,False,0,0,0,0,0.000000,0.000000,-1056964552,True,True
7295,525256,16346,64,1,14CEC764,14CEC764,True,16346,592350,592486,0,0.854004,0.000000,-8,True,False
7296,525328,1053609165,2,0,00000000,41D912FF,False,0,0,0,0,0.000000,0.000000,54,True,True
7297,525400,589824,1056964608,1056964608,3F000000,7CE43595,False,0,0,0,0,0.000000,0.000000,-1056964552,True,True
7298,525472,16348,64,1,20645167,20645167,True,16348,592362,592490,0,0.607541,0.000000,-8,True,False
7299,525544,1053609165,1,0,00000000,D202EF8D,False,0,0,0,0,0.000000,0.000000,55,True,True
7300,525616,0,0,0,00000000,00000000,True,0,0,0,0,0.000000,0.000000,56,True,True
7301,525688,589824,1056964608,1056964608,3F000000,35B347DA,False,0,0,0,0,0.000000,0.000000,-1056964552,True,True
7302,525760,16357,28,1,17BA9E89,17BA9E89,True,16357,592365,592491,0,0.652632,0.000000,28,True,False
7303,525832,16359,28,1,14C10E8A,14C10E8A,True,16359,592373,0,0,0.441083,0.000000,28,True,False
7304,525904,16370,28,1,E9F8B43F,E9F8B43F,True,16370,592560,0,0,0.217827,0.000000,28,True,False
7305,525976,16371,28,1,ED2A0CC0,ED2A0CC0,True,16371,592561,0,0,0.217823,0.000000,28,True,False
7306,526048,16361,28,1,2DDEE9F4,2DDEE9F4,True,16361,592317,0,0,0.098348,0.000000,28,True,False
7307,526120,16362,28,1,BA0CA516,BA0CA516,True,16362,592378,0,0,0.420048,0.000000,28,True,False
7308,526192,16364,28,1,3DB2B2E6,3DB2B2E6,True,16364,592381,0,0,0.155024,0.000000,28,True,False
7309,526264,16365,28,1,27F19890,27F19890,True,16365,592384,0,0,0.085668,0.000000,28,True,False
7310,526336,16367,28,1,574C3754,574C3754,True,16367,592320,0,0,0.795751,0.000000,28,True,False
7311,526408,13413,28,1,2DE42FAE,2DE42FAE,True,13413,500857,0,0,0.289717,0.000000,28,True,False
7312,526480,13414,28,1,F877BD27,F877BD27,True,13414,500858,0,0,0.705054,0.000000,28,True,False
7313,526552,13415,28,1,8D1A173F,8D1A173F,True,13415,500859,0,0,0.746123,0.000000,28,True,False
7314,526624,13416,28,1,86639E92,86639E92,True,13416,500860,0,0,1.074710,0.000000,28,True,False
7315,526696,13417,28,1,22B45F88,22B45F88,True,13417,500861,0,0,1.271460,0.000000,28,True,False
7316,526768,13419,28,1,0D198EF8,0D198EF8,True,13419,500836,0,0,0.323062,0.000000,28,True,False
7317,526840,13420,28,1,C82A6CB3,C82A6CB3,True,13420,500845,0,0,0.762765,0.000000,28,True,False
7318,526912,13421,28,1,C266BCA1,C266BCA1,True,13421,500846,0,0,0.825039,0.000000,28,True,False
7319,526984,13422,28,1,FA9ACB04,FA9ACB04,True,13422,500847,0,0,1.154170,0.000000,28,True,False
7320,527056,13423,28,1,4F5DCF39,4F5DCF39,True,13423,500848,0,0,1.384860,0.000000,28,True,False
7321,527128,11606,28,1,D12F1F0A,D12F1F0A,True,11606,407173,407174,0,1.698890,0.000000,28,True,False
7322,527200,11607,28,1,543B5C8D,543B5C8D,True,11607,407178,407179,0,1.674530,0.000000,28,True,False
7323,527272,11860,28,1,CE493FA7,CE493FA7,True,11860,469516,469517,0,1.580600,0.000000,28,True,False
7324,527344,13083,28,1,9B46ED0B,9B46ED0B,True,13083,395700,395701,0,0.839093,0.000000,28,True,False
7325,527416,13085,28,1,7D5C78F4,7D5C78F4,True,13085,395706,0,0,0.540686,0.000000,28,True,False
7326,527488,13087,28,1,FFE48C1B,FFE48C1B,True,13087,395707,395712,0,0.387073,0.000000,28,True,False
7327,527560,13205,28,1,C3DF72B8,C3DF72B8,True,13205,469511,469512,0,2.347970,0.000000,28,True,False
7328,527632,13249,28,1,70064298,70064298,True,13249,472870,472871,0,0.533522,0.000000,28,True,False
7329,527704,13253,28,1,512505CC,512505CC,True,13253,490918,0,0,0.300039,0.000000,28,True,False
7330,527776,13255,28,1,D93EE39A,D93EE39A,True,13255,490920,0,0,0.564172,0.000000,28,True,False
7331,527848,13257,28,1,D57D8816,D57D8816,True,13257,490976,0,0,0.313356,0.000000,28,True,False
7332,527920,13536,28,1,1E69C7F5,1E69C7F5,True,13536,534376,534387,0,0.868768,0.000000,28,True,False
7333,527992,16255,28,1,0ACA8037,0ACA8037,True,16255,591676,592683,0,1.140760,0.000000,28,True,False
7334,528064,16310,28,1,7870186B,7870186B,True,16310,592046,592717,0,0.950648,0.000000,28,True,False
7335,528136,16328,28,1,B59416DD,B59416DD,True,16328,592157,592135,0,0.694477,0.000000,28,True,False
7336,528208,16329,28,1,8E60BC29,8E60BC29,True,16329,592141,592701,0,0.475467,0.000000,28,True,False
7337,528280,16330,28,1,E4AED6DD,E4AED6DD,True,16330,592130,592703,0,0.723950,0.000000,28,True,False
7338,528352,16332,28,1,8B78AAAB,8B78AAAB,True,16332,592152,592698,0,0.737934,0.000000,28,True,False
7339,528424,13407,28,1,3332D66E,3332D66E,True,13407,500785,500786,0,0.648296,0.000000,28,True,False
7340,528496,13409,28,1,1EF28733,1EF28733,True,13409,500807,500808,0,0.499943,0.000000,28,True,False
7341,528568,13411,28,1,5C382CD1,5C382CD1,True,13411,500815,500816,0,0.452070,0.000000,28,True,False
7342,528640,13514,28,1,CFD6576D,CFD6576D,True,13514,528043,528044,0,0.267814,0.000000,28,True,False
7343,528712,13516,28,1,D85DAFE8,D85DAFE8,True,13516,528046,528047,0,0.384872,0.000000,28,True,False
7344,528784,13518,28,1,F07F73E0,F07F73E0,True,13518,526926,526927,0,0.333777,0.000000,28,True,False
7345,528856,13520,28,1,CA073406,CA073406,True,13520,526932,526933,0,0.168115,0.000000,28,True,False
7346,528928,13522,28,1,9485ABF4,9485ABF4,True,13522,526939,526940,0,0.248305,0.000000,28,True,False
7347,529000,13089,28,1,3182E2A0,3182E2A0,True,13089,395790,395791,0,0.387427,0.000000,28,True,False
7348,529072,13091,28,1,EF2787B4,EF2787B4,True,13091,395794,395795,0,0.749995,0.000000,28,True,False
7349,529144,13093,28,1,742A5E2A,742A5E2A,True,13093,395798,395799,0,0.560270,0.000000,28,True,False
7350,529216,13103,28,1,D336530E,D336530E,True,13103,407156,407157,0,1.108240,0.000000,28,True,False
7351,529288,13293,28,1,B1F9106B,B1F9106B,True,13293,493664,493665,0,0.637102,0.000000,28,True,False
7352,529360,13295,28,1,F8E27F90,F8E27F90,True,13295,493676,493677,0,0.489743,0.000000,28,True,False
7353,529432,13297,28,1,0344633D,0344633D,True,13297,493680,493681,0,1.084690,0.000000,28,True,False
7354,529504,13299,28,1,FE1B0D2B,FE1B0D2B,True,13299,493684,493685,0,0.505664,0.000000,28,True,False
7355,529576,13301,28,1,70FD5A6E,70FD5A6E,True,13301,493688,493689,0,0.625987,0.000000,28,True,False
7356,529648,13303,28,1,18144698,18144698,True,13303,493692,493693,0,0.736646,0.000000,28,True,False
7357,529720,13305,28,1,947E1329,947E1329,True,13305,493696,493697,0,0.835536,0.000000,28,True,False
7358,529792,13151,28,1,1211A391,1211A391,True,13151,406964,406965,0,0.702122,0.000000,28,True,False
7359,529864,13153,28,1,CD7C1351,CD7C1351,True,13153,406955,406956,0,0.719722,0.000000,28,True,False
7360,529936,13195,28,1,A25E8A81,A25E8A81,True,13195,469444,470093,0,0.725637,0.000000,28,True,False
7361,530008,13197,28,1,2DB6DC4F,2DB6DC4F,True,13197,469438,470102,0,0.654769,0.000000,28,True,False
7362,530080,13199,28,1,4B63C3F8,4B63C3F8,True,13199,469431,470095,0,0.628201,0.000000,28,True,False
7363,530152,13201,28,1,87EAAE91,87EAAE91,True,13201,469424,470107,0,0.589458,0.000000,28,True,False
7364,530224,13203,28,1,78BCAE96,78BCAE96,True,13203,469411,470103,0,1.051050,0.000000,28,True,False
7365,530296,16250,28,1,9C7CCBCD,9C7CCBCD,True,16250,591669,592522,0,0.960314,0.000000,28,True,False
7366,530368,16251,28,1,5AA44706,5AA44706,True,16251,591660,591661,0,0.989550,0.000000,28,True,False
7367,530440,16354,64,1,68B01C35,68B01C35,True,16354,592335,592481,0,0.656902,0.000000,-8,True,False
7368,530512,1053609165,2,0,00000000,41D912FF,False,0,0,0,0,0.000000,0.000000,54,True,True
7369,530584,589824,1056964608,1056964608,3F000000,7992A9FE,False,0,0,0,0,0.000000,0.000000,-1056964552,True,True
7370,530656,14508,64,1,92729308,92729308,True,14508,588466,0,0,0.217906,0.000000,-8,True,False
7371,530728,1053609165,1,0,00000000,D202EF8D,False,0,0,0,0,0.000000,0.000000,55,True,True
7372,530800,589824,1056964608,1056964608,3F000000,76456BDD,False,0,0,0,0,0.000000,0.000000,-1056964552,True,True
7373,530872,14511,64,1,261F4841,261F4841,True,14511,503197,0,0,0.858271,0.000000,-8,True,False
7374,530944,1053609165,2,0,00000000,41D912FF,False,0,0,0,0,0.000000,0.000000,54,True,True
7375,531016,589824,1056964608,1056964608,3F000000,985A995D,False,0,0,0,0,0.000000,0.000000,-1056964552,True,True
7376,531088,15895,28,1,09D62F4D,09D62F4D,True,15895,585050,0,0,0.299941,0.000000,28,True,False
7377,531160,11841,28,1,C280E910,C280E910,True,11841,172608,0,0,0.330354,0.000000,28,True,False
7378,531232,11856,28,1,1EAF517E,1EAF517E,True,11856,176573,0,0,0.285903,0.000000,28,True,False
7379,531304,11858,28,1,7817AD0A,7817AD0A,True,11858,176587,0,0,0.046711,0.000000,28,True,False
7380,531376,11969,28,1,CF7BE99D,CF7BE99D,True,11969,182588,0,0,0.039469,0.000000,28,True,False
7381,531448,12440,28,1,844DD1A5,844DD1A5,True,12440,176595,0,0,0.239884,0.000000,28,True,False
7382,531520,12442,28,1,0A7D1AA2,0A7D1AA2,True,12442,176583,0,0,0.358788,0.000000,28,True,False
7383,531592,12444,28,1,981D1A73,981D1A73,True,12444,176580,0,0,0.222053,0.000000,28,True,False
7384,531664,12446,28,1,84C4281E,84C4281E,True,12446,172639,0,0,0.534714,0.000000,28,True,False
7385,531736,12448,28,1,62F09289,62F09289,True,12448,175658,0,0,0.255393,0.000000,28,True,False
7386,531808,12766,28,1,465D10E3,465D10E3,True,12766,171193,0,0,0.121804,0.000000,28,True,False
7387,531880,12768,28,1,879F4D4D,879F4D4D,True,12768,170157,0,0,0.159485,0.000000,28,True,False
7388,531952,12770,28,1,05017530,05017530,True,12770,171296,0,0,0.118445,0.000000,28,True,False
7389,532024,12773,28,1,CDED611B,CDED611B,True,12773,171503,0,0,0.133506,0.000000,28,True,False
7390,532096,12776,28,1,D0186447,D0186447,True,12776,171498,0,0,0.131346,0.000000,28,True,False
7391,532168,12778,28,1,3136BD3F,3136BD3F,True,12778,171673,0,0,0.050483,0.000000,28,True,False
7392,532240,12780,28,1,D75471DF,D75471DF,True,12780,171549,0,0,0.298799,0.000000,28,True,False
7393,532312,12782,28,1,6FDC8067,6FDC8067,True,12782,170151,0,0,0.080194,0.000000,28,True,False
7394,532384,12784,28,1,80AFC380,80AFC380,True,12784,170714,0,0,0.518730,0.000000,28,True,False
7395,532456,12786,28,1,444F9C0D,444F9C0D,True,12786,169850,0,0,0.466894,0.000000,28,True,False
7396,532528,12788,28,1,CC267FD4,CC267FD4,True,12788,170721,0,0,0.616546,0.000000,28,True,False
7397,532600,12790,28,1,36C066CE,36C066CE,True,12790,170725,0,0,0.225376,0.000000,28,True,False
7398,532672,12792,28,1,84CD1480,84CD1480,True,12792,171647,0,0,0.111601,0.000000,28,True,False
7399,532744,12794,28,1,E4B84675,E4B84675,True,12794,172201,0,0,0.125456,0.000000,28,True,False
7400,532816,12796,28,1,0F2F0963,0F2F0963,True,12796,174146,0,0,0.195883,0.000000,28,True,False
7401,532888,12798,28,1,868FD576,868FD576,True,12798,174156,0,0,0.076797,0.000000,28,True,False
7402,532960,12800,28,1,70E41E91,70E41E91,True,12800,175002,0,0,0.048078,0.000000,28,True,False
7403,533032,12802,28,1,04B73309,04B73309,True,12802,175059,0,0,0.155941,0.000000,28,True,False
7404,533104,12858,28,1,EFE33993,EFE33993,True,12858,426763,0,0,0.208275,0.000000,28,True,False
7405,533176,12860,28,1,1E097774,1E097774,True,12860,427165,0,0,0.208275,0.000000,28,True,False
7406,533248,12862,28,1,128DF79A,128DF79A,True,12862,427179,0,0,0.121155,0.000000,28,True,False
7407,533320,12864,28,1,60B833CF,60B833CF,True,12864,427182,0,0,0.058950,0.000000,28,True,False
7408,533392,12866,28,1,457817A6,457817A6,True,12866,427183,0,0,0.137213,0.000000,28,True,False
7409,533464,12868,28,1,27112A41,27112A41,True,12868,427184,0,0,0.134553,0.000000,28,True,False
7410,533536,12870,28,1,2ECB09D0,2ECB09D0,True,12870,427188,0,0,0.026330,0.000000,28,True,False
7411,533608,12872,28,1,749A74F4,749A74F4,True,12872,427189,0,0,0.208275,0.000000,28,True,False
7412,533680,12874,28,1,7CF3D715,7CF3D715,True,12874,427190,0,0,0.094237,0.000000,28,True,False
7413,533752,12876,28,1,E47BC207,E47BC207,True,12876,427191,0,0,0.136835,0.000000,28,True,False
7414,533824,12892,28,1,C104CEA5,C104CEA5,True,12892,501038,0,0,0.538294,0.000000,28,True,False
7415,533896,12894,28,1,9A41A6E6,9A41A6E6,True,12894,500714,0,0,0.333432,0.000000,28,True,False
7416,533968,12896,28,1,FEA2A23D,FEA2A23D,True,12896,500724,0,0,0.266007,0.000000,28,True,False
7417,534040,12898,28,1,6B83A3E4,6B83A3E4,True,12898,500728,0,0,0.060834,0.000000,28,True,False
7418,534112,12900,28,1,8DE9E42B,8DE9E42B,True,12900,500727,0,0,0.060636,0.000000,28,True,False
7419,534184,12902,28,1,12CF1EC5,12CF1EC5,True,12902,500726,0,0,0.097083,0.000000,28,True,False
7420,534256,12904,28,1,EA3199F7,EA3199F7,True,12904,500725,0,0,0.351801,0.000000,28,True,False
7421,534328,12906,28,1,388F1A3E,388F1A3E,True,12906,500723,0,0,0.195620,0.000000,28,True,False
7422,534400,12908,28,1,5271D876,5271D876,True,12908,500722,0,0,0.091821,0.000000,28,True,False
7423,534472,12910,28,1,0A6CE79B,0A6CE79B,True,12910,500721,0,0,0.706660,0.000000,28,True,False
7424,534544,12912,28,1,B0F623EF,B0F623EF,True,12912,500720,0,0,0.108372,0.000000,28,True,False
7425,534616,12914,28,1,0C7F0C68,0C7F0C68,True,12914,500719,0,0,0.841877,0.000000,28,True,False
7426,534688,12916,28,1,54951D4D,54951D4D,True,12916,500717,0,0,0.305043,0.000000,28,True,False
7427,534760,12918,28,1,7002885E,7002885E,True,12918,500718,0,0,0.262728,0.000000,28,True,False
7428,534832,12935,28,1,785B2069,785B2069,True,12935,508963,0,0,1.059820,0.000000,28,True,False
7429,534904,12937,28,1,1FB17F34,1FB17F34,True,12937,508968,0,0,0.349939,0.000000,28,True,False
7430,534976,12939,28,1,4FEA4392,4FEA4392,True,12939,508973,0,0,1.245500,0.000000,28,True,False
7431,535048,12941,28,1,815CD53F,815CD53F,True,12941,508978,0,0,0.600003,0.000000,28,True,False
7432,535120,12943,28,1,DF2CA6BF,DF2CA6BF,True,12943,508984,0,0,0.913631,0.000000,28,True,False
7433,535192,12945,28,1,0C1393CD,0C1393CD,True,12945,508999,0,0,1.319110,0.000000,28,True,False
7434,535264,12947,28,1,364DD808,364DD808,True,12947,509003,0,0,0.261099,0.000000,28,True,False
7435,535336,12949,28,1,ECC30798,ECC30798,True,12949,509007,0,0,0.283351,0.000000,28,True,False
7436,535408,12951,28,1,2820A660,2820A660,True,12951,509012,0,0,0.108397,0.000000,28,True,False
7437,535480,12953,28,1,3207C70E,3207C70E,True,12953,509017,0,0,0.741093,0.000000,28,True,False
7438,535552,12955,28,1,BD5DE46E,BD5DE46E,True,12955,509042,0,0,0.936135,0.000000,28,True,False
7439,535624,12957,28,1,7F4A59AC,7F4A59AC,True,12957,509047,0,0,0.550685,0.000000,28,True,False
7440,535696,12959,28,1,2034F034,2034F034,True,12959,509052,0,0,0.856781,0.000000,28,True,False
7441,535768,12961,28,1,75DDAEFE,75DDAEFE,True,12961,509057,0,0,0.202183,0.000000,28,True,False
7442,535840,12963,28,1,AB604721,AB604721,True,12963,509062,0,0,1.580950,0.000000,28,True,False
7443,535912,12965,28,1,30E6748B,30E6748B,True,12965,509067,0,0,0.254027,0.000000,28,True,False
7444,535984,12967,28,1,A1BA7190,A1BA7190,True,12967,509072,0,0,0.028440,0.000000,28,True,False
7445,536056,12969,28,1,0B5F8079,0B5F8079,True,12969,509077,0,0,0.284583,0.000000,28,True,False
7446,536128,12971,28,1,ED3BA245,ED3BA245,True,12971,509082,0,0,0.501843,0.000000,28,True,False
7447,536200,12973,28,1,171D15BD,171D15BD,True,12973,509087,0,0,0.125921,0.000000,28,True,False
7448,536272,12975,28,1,16D67455,16D67455,True,12975,510631,0,0,0.113192,0.000000,28,True,False
7449,536344,12977,28,1,25AC49A0,25AC49A0,True,12977,510644,0,0,0.031792,0.000000,28,True,False
7450,536416,12979,28,1,AA812E7A,AA812E7A,True,12979,510653,0,0,0.112593,0.000000,28,True,False
7451,536488,12981,28,1,C6A41523,C6A41523,True,12981,524062,0,0,0.430410,0.000000,28,True,False
7452,536560,12983,28,1,D5EF4573,D5EF4573,True,12983,524127,0,0,1.300250,0.000000,28,True,False
7453,536632,12985,28,1,A42A6893,A42A6893,True,12985,524134,0,0,0.341892,0.000000,28,True,False
7454,536704,12994,28,1,01C116B0,01C116B0,True,12994,525707,0,0,0.511655,0.000000,28,True,False
7455,536776,12996,28,1,109C8634,109C8634,True,12996,525711,0,0,0.513590,0.000000,28,True,False
7456,536848,12998,28,1,ECDAFEDE,ECDAFEDE,True,12998,525715,0,0,0.250048,0.000000,28,True,False
7457,536920,13000,28,1,D1C52318,D1C52318,True,13000,525719,0,0,0.396423,0.000000,28,True,False
7458,536992,13002,28,1,237D252B,237D252B,True,13002,525743,0,0,0.463244,0.000000,28,True,False
7459,537064,13004,28,1,0E6BD740,0E6BD740,True,13004,525727,0,0,0.361245,0.000000,28,True,False
7460,537136,13006,28,1,FA20C773,FA20C773,True,13006,525723,0,0,1.163140,0.000000,28,True,False
7461,537208,13008,28,1,1110CE94,1110CE94,True,13008,525749,0,0,0.615260,0.000000,28,True,False
7462,537280,13010,28,1,8DD35861,8DD35861,True,13010,525763,0,0,0.971448,0.000000,28,True,False
7463,537352,13012,28,1,4F5B663E,4F5B663E,True,13012,525766,0,0,0.318603,0.000000,28,True,False
7464,537424,13014,28,1,231882C1,231882C1,True,13014,525873,0,0,0.269644,0.000000,28,True,False
7465,537496,13016,28,1,A5740084,A5740084,True,13016,525775,0,0,0.554056,0.000000,28,True,False
7466,537568,13018,28,1,C1B12E7F,C1B12E7F,True,13018,525877,0,0,0.671344,0.000000,28,True,False
7467,537640,13020,28,1,D124D52B,D124D52B,True,13020,532597,0,0,0.506148,0.000000,28,True,False
7468,537712,13022,28,1,A1BEB9F8,A1BEB9F8,True,13022,532600,0,0,0.943160,0.000000,28,True,False
7469,537784,13026,28,1,DD51C02E,DD51C02E,True,13026,175525,0,0,0.864591,0.000000,28,True,False
7470,537856,13028,28,1,D96C8201,D96C8201,True,13028,175793,0,0,0.245980,0.000000,28,True,False
7471,537928,13036,28,1,05A6413A,05A6413A,True,13036,168385,0,0,0.116956,0.000000,28,True,False
7472,538000,13038,28,1,9054935E,9054935E,True,13038,168533,0,0,0.287604,0.000000,28,True,False
7473,538072,13040,28,1,153047CE,153047CE,True,13040,168546,0,0,0.168495,0.000000,28,True,False
7474,538144,13042,28,1,BC619062,BC619062,True,13042,168512,0,0,0.208749,0.000000,28,True,False
7475,538216,13044,28,1,F0BCD681,F0BCD681,True,13044,168555,0,0,0.177547,0.000000,28,True,False
7476,538288,13046,28,1,BE0D0C42,BE0D0C42,True,13046,171671,0,0,0.144667,0.000000,28,True,False
7477,538360,13052,28,1,75BFC38E,75BFC38E,True,13052,169511,0,0,0.151970,0.000000,28,True,False
7478,538432,13054,28,1,A9FA1176,A9FA1176,True,13054,170160,0,0,0.374175,0.000000,28,True,False
7479,538504,13056,28,1,27BAAE31,27BAAE31,True,13056,170623,0,0,0.710261,0.000000,28,True,False
7480,538576,13058,28,1,4A73D0F8,4A73D0F8,True,13058,170717,0,0,0.860968,0.000000,28,True,False
7481,538648,13060,28,1,CAA2FD38,CAA2FD38,True,13060,171594,0,0,0.771028,0.000000,28,True,False
7482,538720,13074,28,1,4639D4AE,4639D4AE,True,13074,174999,0,0,0.203226,0.000000,28,True,False
7483,538792,13076,28,1,455E565E,455E565E,True,13076,174995,0,0,0.203471,0.000000,28,True,False
7484,538864,13125,28,1,4DC869D0,4DC869D0,True,13125,417846,0,0,0.304430,0.000000,28,True,False
7485,538936,13127,28,1,4E96CFEF,4E96CFEF,True,13127,417862,0,0,0.883718,0.000000,28,True,False
7486,539008,13129,28,1,5E3CE5D4,5E3CE5D4,True,13129,417881,417882,0,0.722156,0.000000,28,True,False
7487,539080,13131,28,1,C17F4A6D,C17F4A6D,True,13131,417906,0,0,0.805348,0.000000,28,True,False
7488,539152,13133,28,1,4CE1898D,4CE1898D,True,13133,417924,0,0,0.326874,0.000000,28,True,False
7489,539224,13135,28,1,E2547AEA,E2547AEA,True,13135,417962,0,0,0.946576,0.000000,28,True,False
7490,539296,13137,28,1,97507A84,97507A84,True,13137,417946,0,0,0.267085,0.000000,28,True,False
7491,539368,13139,28,1,4843DB03,4843DB03,True,13139,417991,0,0,1.239540,0.000000,28,True,False
7492,539440,13141,28,1,2538F648,2538F648,True,13141,418028,0,0,1.079660,0.000000,28,True,False
7493,539512,13143,28,1,E11ACD8F,E11ACD8F,True,13143,418118,0,0,0.848142,0.000000,28,True,False
7494,539584,13145,28,1,80AC0BDD,80AC0BDD,True,13145,418146,0,0,0.522969,0.000000,28,True,False
7495,539656,13147,28,1,D938D147,D938D147,True,13147,418162,0,0,0.518417,0.000000,28,True,False
7496,539728,13149,28,1,FA61D8F3,FA61D8F3,True,13149,461622,0,0,0.584275,0.000000,28,True,False
7497,539800,13448,28,1,B6E31921,B6E31921,True,13448,510849,0,0,0.606391,0.000000,28,True,False
7498,539872,16336,28,1,1B8902B2,1B8902B2,True,16336,592305,592323,0,0.604924,0.000000,28,True,False
7499,539944,16373,28,1,1E29E275,1E29E275,True,16373,592517,0,0,0.207054,0.000000,28,True,False
7500,540016,11977,49,1,5447A3AC,5447A3AC,True,11977,68336,0,0,0.166916,0.000000,7,True,False
7501,540088,11978,28,1,0CE35B3D,0CE35B3D,True,11978,68336,0,0,0.166916,0.000000,28,True,False
7502,540160,12263,28,1,405AF134,405AF134,True,12263,396349,396950,0,0.542427,0.000000,28,True,False
7503,540232,12265,28,1,6B9E0AA6,6B9E0AA6,True,12265,397629,397630,0,0.561527,0.000000,28,True,False
7504,540304,12278,28,1,6F7BF98D,6F7BF98D,True,12278,406686,0,0,0.145219,0.000000,28,True,False
7505,540376,12356,28,1,ABEE63BF,ABEE63BF,True,12356,472845,0,0,0.226635,0.000000,28,True,False
7506,540448,12358,28,1,78CF94C6,78CF94C6,True,12358,472836,0,0,0.476936,0.000000,28,True,False
7507,540520,12360,28,1,8DE49147,8DE49147,True,12360,472950,0,0,0.226635,0.000000,28,True,False
7508,540592,12398,28,1,958DEB98,958DEB98,True,12398,536062,0,0,0.255856,0.000000,28,True,False
7509,540664,12677,28,1,1D43D96A,1D43D96A,True,12677,240338,0,0,0.294175,0.000000,28,True,False
7510,540736,12678,28,1,6C689561,6C689561,True,12678,240347,0,0,0.270986,0.000000,28,True,False
7511,540808,12679,28,1,E143F39E,E143F39E,True,12679,240327,0,0,0.304188,0.000000,28,True,False
7512,540880,12681,28,1,A986F225,A986F225,True,12681,239256,0,0,0.173381,0.000000,28,True,False
7513,540952,12682,28,1,653B3570,653B3570,True,12682,240121,0,0,0.159054,0.000000,28,True,False
7514,541024,12683,28,1,585CCE15,585CCE15,True,12683,240352,0,0,0.105058,0.000000,28,True,False
7515,541096,12684,28,1,53ECFED7,53ECFED7,True,12684,240314,0,0,0.290497,0.000000,28,True,False
7516,541168,12685,28,1,C65E1FFE,C65E1FFE,True,12685,239249,0,0,0.147503,0.000000,28,True,False
7517,541240,12686,28,1,075C37BB,075C37BB,True,12686,238492,0,0,0.161976,0.000000,28,True,False
7518,541312,12689,28,1,1D716257,1D716257,True,12689,246081,0,0,0.128644,0.000000,28,True,False
7519,541384,12690,28,1,BE3ED92D,BE3ED92D,True,12690,246065,0,0,0.187658,0.000000,28,True,False
7520,541456,12691,28,1,1F68F145,1F68F145,True,12691,246023,0,0,0.189768,0.000000,28,True,False
7521,541528,12692,28,1,6CDEADD0,6CDEADD0,True,12692,246019,0,0,0.244487,0.000000,28,True,False
7522,541600,12693,28,1,55D8CB77,55D8CB77,True,12693,246026,0,0,0.270987,0.000000,28,True,False
7523,541672,12694,28,1,5535F4D7,5535F4D7,True,12694,240411,0,0,0.139653,0.000000,28,True,False
7524,541744,12695,28,1,48C92C9F,48C92C9F,True,12695,240419,0,0,0.311062,0.000000,28,True,False
7525,541816,12696,28,1,82BE8080,82BE8080,True,12696,246084,0,0,0.122749,0.000000,28,True,False
7526,541888,12697,28,1,BE317FD6,BE317FD6,True,12697,246089,0,0,0.101576,0.000000,28,True,False
7527,541960,12698,28,1,5C647737,5C647737,True,12698,240404,0,0,0.175471,0.000000,28,True,False
7528,542032,12699,28,1,05A2792E,05A2792E,True,12699,240422,0,0,0.211428,0.000000,28,True,False
7529,542104,12700,28,1,306DE827,306DE827,True,12700,246057,0,0,0.184862,0.000000,28,True,False
7530,542176,12705,28,1,CEC68F0B,CEC68F0B,True,12705,246524,0,0,0.224662,0.000000,28,True,False
7531,542248,12706,28,1,C35CFE15,C35CFE15,True,12706,246445,0,0,0.129240,0.000000,28,True,False
7532,542320,12707,28,1,284B8AA8,284B8AA8,True,12707,247788,0,0,0.131474,0.000000,28,True,False
7533,542392,12708,28,1,AD6C8D8E,AD6C8D8E,True,12708,246497,0,0,0.175285,0.000000,28,True,False
7534,542464,12709,28,1,9529987D,9529987D,True,12709,246500,0,0,0.171209,0.000000,28,True,False
7535,542536,12710,28,1,E7E09357,E7E09357,True,12710,246548,0,0,0.188905,0.000000,28,True,False
7536,542608,12711,28,1,BC23500F,BC23500F,True,12711,246535,0,0,0.215708,0.000000,28,True,False
7537,542680,12712,28,1,653789A7,653789A7,True,12712,246468,0,0,0.214191,0.000000,28,True,False
7538,542752,12713,28,1,98A71F88,98A71F88,True,12713,246465,0,0,0.235500,0.000000,28,True,False
7539,542824,12714,28,1,8EFE6AAD,8EFE6AAD,True,12714,246505,0,0,0.181409,0.000000,28,True,False
7540,542896,12715,28,1,530C5821,530C5821,True,12715,246519,0,0,0.120374,0.000000,28,True,False
7541,542968,12878,28,1,0F163730,0F163730,True,12878,41816,0,0,0.297604,0.000000,28,True,False
7542,543040,12880,28,1,D3D248C9,D3D248C9,True,12880,471529,0,0,0.297604,0.000000,28,True,False
7543,543112,15061,28,1,85FA50FF,85FA50FF,True,15061,41719,0,0,0.201864,0.000000,28,True,False
7544,543184,15062,28,1,FD571582,FD571582,True,15062,41728,0,0,0.236666,0.000000,28,True,False
7545,543256,15063,28,1,5805461E,5805461E,True,15063,470708,0,0,0.382875,0.000000,28,True,False
7546,543328,12886,28,1,3C6EFC17,3C6EFC17,True,12886,500913,0,0,0.148088,0.000000,28,True,False
7547,543400,12887,55,1,1976B169,1976B169,True,12887,500913,0,0,0.148088,0.000000,1,True,False
7548,543472,12888,55,1,D3D25DE6,D3D25DE6,True,12888,500913,0,0,0.148088,0.000000,1,True,False
7549,543544,12889,55,1,1AE655F5,1AE655F5,True,12889,500913,0,0,0.148088,0.000000,1,True,False
7550,543616,12890,55,1,9320EBFB,9320EBFB,True,12890,500913,0,0,0.148088,0.000000,1,True,False
7551,543688,13078,75,1,04CB4687,04CB4687,True,13078,169725,0,0,0.132004,0.000000,-19,True,False
7552,543760,1396785759,25669,121082624,00000000,DD4E3025,False,0,0,0,0,0.000000,0.000000,-25613,True,True
7553,543832,983042,1399809351,1701079404,425F305F,6AC6379F,False,0,0,0,0,0.000000,0.000000,-1399809295,True,True
7554,543904,13080,75,1,2F01614A,2F01614A,True,13080,169725,0,0,0.132004,0.000000,-19,True,False
7555,543976,1396785759,25669,82155520,00000000,0934B22B,False,0,0,0,0,0.000000,0.000000,-25613,True,True
7556,544048,983042,1399809351,1701079404,425F305F,25D6579E,False,0,0,0,0,0.000000,0.000000,-1399809295,True,True
7557,544120,13097,28,1,418BEF75,418BEF75,True,13097,397004,397005,0,1.250470,0.000000,28,True,False
7558,544192,13099,28,1,D0C1ACE8,D0C1ACE8,True,13099,397022,397023,0,1.172710,0.000000,28,True,False
7559,544264,13101,28,1,6496B3CE,6496B3CE,True,13101,398183,0,0,0.120401,0.000000,28,True,False
7560,544336,13105,28,1,D30D2366,D30D2366,True,13105,406982,0,0,0.162274,0.000000,28,True,False
7561,544408,13107,28,1,834E80C5,834E80C5,True,13107,406991,0,0,0.162274,0.000000,28,True,False
7562,544480,13404,28,1,06E6E3E0,06E6E3E0,True,13404,169725,0,0,0.132004,0.000000,28,True,False
7563,544552,13405,75,1,AE3BDAFF,AE3BDAFF,True,13405,169725,0,0,0.132004,0.000000,-19,True,False
7564,544624,1396785759,25669,63118080,00000000,01275CF6,False,0,0,0,0,0.000000,0.000000,-25613,True,True
7565,544696,0,0,0,00000000,00000000,True,0,0,0,0,0.000000,0.000000,56,True,True
7566,544768,0,0,0,00000000,00000000,True,0,0,0,0,0.000000,0.000000,56,True,True
7567,544840,0,0,0,00000000,00000000,True,0,0,0,0,0.000000,0.000000,56,True,True
7568,544912,0,0,0,00000000,00000000,True,0,0,0,0,0.000000,0.000000,56,True,True
7569,544984,851969,1701470799,811562091,5341425F,F0CD7DFE,False,0,0,0,0,0.000000,0.000000,-1701470743,True,True
7570,545056,851969,1701470799,811562091,5341425F,33537D6D,False,0,0,0,0,0.000000,0.000000,-1701470743,True,True
7571,545128,851969,1701470799,811562091,5341425F,DE0549CF,False,0,0,0,0,0.000000,0.000000,-1701470743,True,True
7572,545200,0,0,0,00000000,00000000,True,0,0,0,0,0.000000,0.000000,56,True,True
7573,545272,0,0,0,00000000,00000000,True,0,0,0,0,0.000000,0.000000,56,True,True
7574,545344,0,0,0,00000000,00000000,True,0,0,0,0,0.000000,0.000000,56,True,True
7575,545416,0,0,0,00000000,00000000,True,0,0,0,0,0.000000,0.000000,56,True,True
7576,545488,0,0,0,00000000,00000000,True,0,0,0,0,0.000000,0.000000,56,True,True
7577,545560,0,0,0,00000000,00000000,True,0,0,0,0,0.000000,0.000000,56,True,True
7578,545632,0,0,0,00000000,00000000,True,0,0,0,0,0.000000,0.000000,56,True,True
7579,545704,0,0,0,00000000,00000000,True,0,0,0,0,0.000000,0.000000,56,True,True
7580,545776,0,0,0,00000000,00000000,True,0,0,0,0,0.000000,0.000000,56,True,True
7581,545848,0,0,0,00000000,00000000,True,0,0,0,0,0.000000,0.000000,56,True,True
7582,545920,0,0,0,00000000,00000000,True,0,0,0,0,0.000000,0.000000,56,True,True
7583,545992,1114113,1768716611,1919247470,305F3130,D00FE833,False,0,0,0,0,0.000000,0.000000,-1768716555,True,True
7584,546064,1114113,1768716611,1919247470,305F3130,D681645B,False,0,0,0,0,0.000000,0.000000,-1768716555,True,True
7585,546136,983042,1399809351,1701079404,425F305F,FCF34CDC,False,0,0,0,0,0.000000,0.000000,-1399809295,True,True
7586,546208,15009,28,1,B578436E,B578436E,True,15009,504401,0,0,1.126010,0.000000,28,True,False
7587,546280,15458,28,1,3EEED0C8,3EEED0C8,True,15458,581205,0,0,0.199305,0.000000,28,True,False
7588,546352,15459,28,1,3BEB6A1B,3BEB6A1B,True,15459,581212,0,0,0.245063,0.000000,28,True,False
7589,546424,15460,28,1,0554BAEE,0554BAEE,True,15460,581216,0,0,0.245063,0.000000,28,True,False
7590,546496,15461,28,1,6DE7D9AC,6DE7D9AC,True,15461,581220,0,0,0.245063,0.000000,28,True,False
7591,546568,15462,28,1,D4327C6A,D4327C6A,True,15462,581224,0,0,0.245063,0.000000,28,True,False
7592,546640,15463,28,1,EB19017F,EB19017F,True,15463,581228,0,0,0.199305,0.000000,28,True,False
7593,546712,15464,28,1,7147D94F,7147D94F,True,15464,581232,0,0,0.245063,0.000000,28,True,False
7594,546784,15465,28,1,19F4BA0D,19F4BA0D,True,15465,581236,0,0,0.245063,0.000000,28,True,False
7595,546856,15466,28,1,A0211FCB,A0211FCB,True,15466,581240,0,0,0.245063,0.000000,28,True,False
7596,546928,15467,28,1,C8927C89,C8927C89,True,15467,581244,0,0,0.245063,0.000000,28,True,False
7597,547000,15468,28,1,9D48A3A3,9D48A3A3,True,15468,581248,0,0,0.245063,0.000000,28,True,False
7598,547072,15469,28,1,F5FBC0E1,F5FBC0E1,True,15469,581252,0,0,0.245063,0.000000,28,True,False
7599,547144,15470,28,1,4C2E6527,4C2E6527,True,15470,581256,0,0,0.245063,0.000000,28,True,False
7600,547216,15471,28,1,249D0665,249D0665,True,15471,581260,0,0,0.245063,0.000000,28,True,False
7601,547288,15472,28,1,F20411D2,F20411D2,True,15472,581264,0,0,0.245063,0.000000,28,True,False
7602,547360,15659,28,1,A33F9134,A33F9134,True,15659,582791,0,0,0.622491,0.000000,28,True,False
7603,547432,15658,28,1,DB7FE632,DB7FE632,True,15658,582796,0,0,0.197066,0.000000,28,True,False
7604,547504,16226,28,1,7799E6FA,7799E6FA,True,16226,591379,0,0,0.015102,0.000000,28,True,False
7605,547576,16399,28,1,F44BAD78,F44BAD78,True,16399,592602,0,0,0.202592,0.000000,28,True,False
7606,547648,13030,28,1,38B2E530,38B2E530,True,13030,176570,0,0,0.482726,0.000000,28,True,False
7607,547720,13032,28,1,1B44C290,1B44C290,True,13032,182456,0,0,0.117664,0.000000,28,True,False
7608,547792,13034,28,1,9EE89400,9EE89400,True,13034,182447,0,0,0.151818,0.000000,28,True,False
7609,547864,13048,28,1,122E7C69,122E7C69,True,13048,169583,0,0,0.168415,0.000000,28,True,False
7610,547936,13050,28,1,41550B5D,41550B5D,True,13050,169591,0,0,0.225053,0.000000,28,True,False
7611,548008,13062,28,1,1A09CCBD,1A09CCBD,True,13062,175376,0,0,0.300480,0.000000,28,True,False
7612,548080,13064,28,1,FD85D3F6,FD85D3F6,True,13064,175131,543628,0,0.627082,0.000000,28,True,False
7613,548152,13066,28,1,4794ECAB,4794ECAB,True,13066,175144,0,0,0.536138,0.000000,28,True,False
7614,548224,13068,28,1,52F2C7AB,52F2C7AB,True,13068,175156,543627,0,0.356713,0.000000,28,True,False
7615,548296,13070,28,1,A805F942,A805F942,True,13070,175323,0,0,0.205051,0.000000,28,True,False
7616,548368,13072,28,1,A7008FDB,A7008FDB,True,13072,175481,0,0,0.172090,0.000000,28,True,False
7617,548440,13259,28,1,45B71021,45B71021,True,13259,491092,0,0,0.949710,0.000000,28,True,False
7618,548512,13261,28,1,D5675BA4,D5675BA4,True,13261,491098,491099,0,0.725852,0.000000,28,True,False
7619,548584,13263,28,1,E79C08C3,E79C08C3,True,13263,491106,0,0,0.236862,0.000000,28,True,False
7620,548656,13265,28,1,0054A10A,0054A10A,True,13265,491113,0,0,0.162182,0.000000,28,True,False
7621,548728,13267,28,1,ABDE9FE3,ABDE9FE3,True,13267,491120,0,0,0.457268,0.000000,28,True,False
7622,548800,14510,64,1,857CE247,857CE247,True,14510,503185,0,0,0.567793,0.000000,-8,True,False
7623,548872,1053609165,0,0,00000000,00000000,True,0,0,0,0,0.000000,0.000000,56,True,True
7624,548944,0,0,0,00000000,00000000,True,0,0,0,0,0.000000,0.000000,56,True,True
7625,549016,0,0,0,00000000,00000000,True,0,0,0,0,0.000000,0.000000,56,True,True
7626,549088,0,0,0,00000000,00000000,True,0,0,0,0,0.000000,0.000000,56,True,True
7627,549160,0,0,0,00000000,00000000,True,0,0,0,0,0.000000,0.000000,56,True,True
7628,549232,0,0,0,00000000,00000000,True,0,0,0,0,0.000000,0.000000,56,True,True
7629,549304,0,0,0,00000000,00000000,True,0,0,0,0,0.000000,0.000000,56,True,True
7630,549376,0,0,0,00000000,00000000,True,0,0,0,0,0.000000,0.000000,56,True,True
7631,549448,0,0,0,00000000,00000000,True,0,0,0,0,0.000000,0.000000,56,True,True
7632,549520,0,0,0,00000000,00000000,True,0,0,0,0,0.000000,0.000000,56,True,True
7633,549592,0,0,0,00000000,00000000,True,0,0,0,0,0.000000,0.000000,56,True,True
7634,549664,0,0,0,00000000,00000000,True,0,0,0,0,0.000000,0.000000,56,True,True
7635,549736,0,0,0,00000000,00000000,True,0,0,0,0,0.000000,0.000000,56,True,True
7636,549808,0,0,0,00000000,00000000,True,0,0,0,0,0.000000,0.000000,56,True,True
7637,549880,0,0,0,00000000,00000000,True,0,0,0,0,0.000000,0.000000,56,True,True
7638,549952,0,0,0,00000000,00000000,True,0,0,0,0,0.000000,0.000000,56,True,True
7639,550024,0,0,0,00000000,00000000,True,0,0,0,0,0.000000,0.000000,56,True,True
7640,550096,0,0,0,00000000,00000000,True,0,0,0,0,0.000000,0.000000,56,True,True
7641,550168,0,0,0,00000000,00000000,True,0,0,0,0,0.000000,0.000000,56,True,True
7642,550240,0,0,0,00000000,00000000,True,0,0,0,0,0.000000,0.000000,56,True,True
7643,550312,0,0,0,00000000,00000000,True,0,0,0,0,0.000000,0.000000,56,True,True
7644,550384,0,0,0,00000000,00000000,True,0,0,0,0,0.000000,0.000000,56,True,True
7645,550456,0,0,0,00000000,00000000,True,0,0,0,0,0.000000,0.000000,56,True,True
7646,550528,0,0,0,00000000,00000000,True,0,0,0,0,0.000000,0.000000,56,True,True
7647,550600,0,0,0,00000000,00000000,True,0,0,0,0,0.000000,0.000000,56,True,True
7648,550672,0,0,0,00000000,00000000,True,0,0,0,0,0.000000,0.000000,56,True,True
7649,550744,0,0,0,00000000,00000000,True,0,0,0,0,0.000000,0.000000,56,True,True
7650,550816,0,0,0,00000000,00000000,True,0,0,0,0,0.000000,0.000000,56,True,True
7651,550888,0,0,0,00000000,00000000,True,0,0,0,0,0.000000,0.000000,56,True,True
7652,550960,0,0,0,00000000,00000000,True,0,0,0,0,0.000000,0.000000,56,True,True
7653,551032,0,0,0,00000000,00000000,True,0,0,0,0,0.000000,0.000000,56,True,True
7654,551104,0,0,0,00000000,00000000,True,0,0,0,0,0.000000,0.000000,56,True,True
7655,551176,0,0,0,00000000,00000000,True,0,0,0,0,0.000000,0.000000,56,True,True
7656,551248,0,0,0,00000000,00000000,True,0,0,0,0,0.000000,0.000000,56,True,True
7657,551320,0,0,0,00000000,00000000,True,0,0,0,0,0.000000,0.000000,56,True,True
7658,551392,0,0,0,00000000,00000000,True,0,0,0,0,0.000000,0.000000,56,True,True
7659,551464,0,0,0,00000000,00000000,True,0,0,0,0,0.000000,0.000000,56,True,True
7660,551536,0,0,0,00000000,00000000,True,0,0,0,0,0.000000,0.000000,56,True,True
7661,551608,0,0,0,00000000,00000000,True,0,0,0,0,0.000000,0.000000,56,True,True
7662,551680,0,0,0,00000000,00000000,True,0,0,0,0,0.000000,0.000000,56,True,True
7663,551752,0,0,0,00000000,00000000,True,0,0,0,0,0.000000,0.000000,56,True,True
7664,551824,0,0,0,00000000,00000000,True,0,0,0,0,0.000000,0.000000,56,True,True
7665,551896,0,0,0,00000000,00000000,True,0,0,0,0,0.000000,0.000000,56,True,True
7666,551968,0,0,0,00000000,00000000,True,0,0,0,0,0.000000,0.000000,56,True,True
7667,552040,0,0,0,00000000,00000000,True,0,0,0,0,0.000000,0.000000,56,True,True
7668,552112,0,0,0,00000000,00000000,True,0,0,0,0,0.000000,0.000000,56,True,True
7669,552184,0,0,0,00000000,00000000,True,0,0,0,0,0.000000,0.000000,56,True,True
7670,552256,0,0,0,00000000,00000000,True,0,0,0,0,0.000000,0.000000,56,True,True
7671,552328,0,0,0,00000000,00000000,True,0,0,0,0,0.000000,0.000000,56,True,True
7672,552400,0,0,0,00000000,00000000,True,0,0,0,0,0.000000,0.000000,56,True,True
7673,552472,0,0,0,00000000,00000000,True,0,0,0,0,0.000000,0.000000,56,True,True
7674,552544,0,0,0,00000000,00000000,True,0,0,0,0,0.000000,0.000000,56,True,True
7675,552616,0,0,0,00000000,00000000,True,0,0,0,0,0.000000,0.000000,56,True,True
7676,552688,0,0,0,00000000,00000000,True,0,0,0,0,0.000000,0.000000,56,True,True
7677,552760,0,0,0,00000000,00000000,True,0,0,0,0,0.000000,0.000000,56,True,True
7678,552832,0,0,0,00000000,00000000,True,0,0,0,0,0.000000,0.000000,56,True,True
7679,552904,0,0,0,00000000,00000000,True,0,0,0,0,0.000000,0.000000,56,True,True
7680,552976,0,0,0,00000000,00000000,True,0,0,0,0,0.000000,0.000000,56,True,True
7681,553048,0,0,0,00000000,00000000,True,0,0,0,0,0.000000,0.000000,56,True,True
7682,553120,0,0,0,00000000,00000000,True,0,0,0,0,0.000000,0.000000,56,True,True
7683,553192,0,0,0,00000000,00000000,True,0,0,0,0,0.000000,0.000000,56,True,True
7684,553264,0,0,0,00000000,00000000,True,0,0,0,0,0.000000,0.000000,56,True,True
7685,553336,0,0,0,00000000,00000000,True,0,0,0,0,0.000000,0.000000,56,True,True
7686,553408,0,0,0,00000000,00000000,True,0,0,0,0,0.000000,0.000000,56,True,True
7687,553480,0,0,0,00000000,00000000,True,0,0,0,0,0.000000,0.000000,56,True,True
7688,553552,0,0,0,00000000,00000000,True,0,0,0,0,0.000000,0.000000,56,True,True
7689,553624,0,0,0,00000000,00000000,True,0,0,0,0,0.000000,0.000000,56,True,True
7690,553696,0,0,0,00000000,00000000,True,0,0,0,0,0.000000,0.000000,56,True,True
7691,553768,0,0,0,00000000,00000000,True,0,0,0,0,0.000000,0.000000,56,True,True
7692,553840,0,0,0,00000000,00000000,True,0,0,0,0,0.000000,0.000000,56,True,True
7693,553912,0,0,0,00000000,00000000,True,0,0,0,0,0.000000,0.000000,56,True,True
7694,553984,0,0,0,00000000,00000000,True,0,0,0,0,0.000000,0.000000,56,True,True
7695,554056,0,0,0,00000000,00000000,True,0,0,0,0,0.000000,0.000000,56,True,True
7696,554128,0,0,0,00000000,00000000,True,0,0,0,0,0.000000,0.000000,56,True,True
7697,554200,0,0,0,00000000,00000000,True,0,0,0,0,0.000000,0.000000,56,True,True
7698,554272,0,0,0,00000000,00000000,True,0,0,0,0,0.000000,0.000000,56,True,True
7699,554344,0,0,0,00000000,00000000,True,0,0,0,0,0.000000,0.000000,56,True,True
7700,554416,0,0,0,00000000,00000000,True,0,0,0,0,0.000000,0.000000,56,True,True
7701,554488,0,0,0,00000000,00000000,True,0,0,0,0,0.000000,0.000000,56,True,True
7702,554560,0,0,0,00000000,00000000,True,0,0,0,0,0.000000,0.000000,56,True,True
7703,554632,0,0,0,00000000,00000000,True,0,0,0,0,0.000000,0.000000,56,True,True
7704,554704,0,0,0,00000000,00000000,True,0,0,0,0,0.000000,0.000000,56,True,True
7705,554776,0,0,0,00000000,00000000,True,0,0,0,0,0.000000,0.000000,56,True,True
7706,554848,0,0,0,00000000,00000000,True,0,0,0,0,0.000000,0.000000,56,True,True
7707,554920,0,0,0,00000000,00000000,True,0,0,0,0,0.000000,0.000000,56,True,True
7708,554992,0,0,0,00000000,00000000,True,0,0,0,0,0.000000,0.000000,56,True,True
7709,555064,0,0,0,00000000,00000000,True,0,0,0,0,0.000000,0.000000,56,True,True
7710,555136,0,0,0,00000000,00000000,True,0,0,0,0,0.000000,0.000000,56,True,True
7711,555208,0,0,0,00000000,00000000,True,0,0,0,0,0.000000,0.000000,56,True,True
7712,555280,0,0,0,00000000,00000000,True,0,0,0,0,0.000000,0.000000,56,True,True
7713,555352,0,0,0,00000000,00000000,True,0,0,0,0,0.000000,0.000000,56,True,True
7714,555424,0,0,0,00000000,00000000,True,0,0,0,0,0.000000,0.000000,56,True,True
7715,555496,0,0,0,00000000,00000000,True,0,0,0,0,0.000000,0.000000,56,True,True
7716,555568,0,0,0,00000000,00000000,True,0,0,0,0,0.000000,0.000000,56,True,True
7717,555640,0,0,0,00000000,00000000,True,0,0,0,0,0.000000,0.000000,56,True,True
7718,555712,0,0,0,00000000,00000000,True,0,0,0,0,0.000000,0.000000,56,True,True
7719,555784,0,0,0,00000000,00000000,True,0,0,0,0,0.000000,0.000000,56,True,True
7720,555856,0,0,0,00000000,00000000,True,0,0,0,0,0.000000,0.000000,56,True,True
7721,555928,0,0,0,00000000,00000000,True,0,0,0,0,0.000000,0.000000,56,True,True
7722,556000,0,0,0,00000000,00000000,True,0,0,0,0,0.000000,0.000000,56,True,True
7723,556072,0,0,0,00000000,00000000,True,0,0,0,0,0.000000,0.000000,56,True,True
7724,556144,0,0,0,00000000,00000000,True,0,0,0,0,0.000000,0.000000,56,True,True
7725,556216,0,0,0,00000000,00000000,True,0,0,0,0,0.000000,0.000000,56,True,True
7726,556288,0,0,0,00000000,00000000,True,0,0,0,0,0.000000,0.000000,56,True,True
7727,556360,0,0,0,00000000,00000000,True,0,0,0,0,0.000000,0.000000,56,True,True
7728,556432,0,0,0,00000000,00000000,True,0,0,0,0,0.000000,0.000000,56,True,True
7729,556504,0,0,0,00000000,00000000,True,0,0,0,0,0.000000,0.000000,56,True,True
7730,556576,0,0,0,00000000,00000000,True,0,0,0,0,0.000000,0.000000,56,True,True
7731,556648,0,0,0,00000000,00000000,True,0,0,0,0,0.000000,0.000000,56,True,True
7732,556720,0,0,0,00000000,00000000,True,0,0,0,0,0.000000,0.000000,56,True,True
7733,556792,0,0,0,00000000,00000000,True,0,0,0,0,0.000000,0.000000,56,True,True
7734,556864,0,0,0,00000000,00000000,True,0,0,0,0,0.000000,0.000000,56,True,True
7735,556936,0,0,0,00000000,00000000,True,0,0,0,0,0.000000,0.000000,56,True,True
7736,557008,0,0,0,00000000,00000000,True,0,0,0,0,0.000000,0.000000,56,True,True
7737,557080,0,0,0,00000000,00000000,True,0,0,0,0,0.000000,0.000000,56,True,True
7738,557152,0,0,0,00000000,00000000,True,0,0,0,0,0.000000,0.000000,56,True,True
7739,557224,0,0,0,00000000,00000000,True,0,0,0,0,0.000000,0.000000,56,True,True
7740,557296,0,0,0,00000000,00000000,True,0,0,0,0,0.000000,0.000000,56,True,True
7741,557368,0,0,0,00000000,00000000,True,0,0,0,0,0.000000,0.000000,56,True,True
7742,557440,0,0,0,00000000,00000000,True,0,0,0,0,0.000000,0.000000,56,True,True
7743,557512,0,0,0,00000000,00000000,True,0,0,0,0,0.000000,0.000000,56,True,True
7744,557584,0,0,0,00000000,00000000,True,0,0,0,0,0.000000,0.000000,56,True,True
7745,557656,0,0,0,00000000,00000000,True,0,0,0,0,0.000000,0.000000,56,True,True
7746,557728,0,0,0,00000000,00000000,True,0,0,0,0,0.000000,0.000000,56,True,True
7747,557800,0,0,0,00000000,00000000,True,0,0,0,0,0.000000,0.000000,56,True,True
7748,557872,0,0,0,00000000,00000000,True,0,0,0,0,0.000000,0.000000,56,True,True
7749,557944,0,0,0,00000000,00000000,True,0,0,0,0,0.000000,0.000000,56,True,True
7750,558016,0,0,0,00000000,00000000,True,0,0,0,0,0.000000,0.000000,56,True,True
7751,558088,0,0,0,00000000,00000000,True,0,0,0,0,0.000000,0.000000,56,True,True
7752,558160,0,0,0,00000000,00000000,True,0,0,0,0,0.000000,0.000000,56,True,True
7753,558232,0,0,0,00000000,00000000,True,0,0,0,0,0.000000,0.000000,56,True,True
7754,558304,0,0,0,00000000,00000000,True,0,0,0,0,0.000000,0.000000,56,True,True
7755,558376,0,0,0,00000000,00000000,True,0,0,0,0,0.000000,0.000000,56,True,True
7756,558448,0,0,0,00000000,00000000,True,0,0,0,0,0.000000,0.000000,56,True,True
7757,558520,0,0,0,00000000,00000000,True,0,0,0,0,0.000000,0.000000,56,True,True
7758,558592,0,0,0,00000000,00000000,True,0,0,0,0,0.000000,0.000000,56,True,True
7759,558664,0,0,0,00000000,00000000,True,0,0,0,0,0.000000,0.000000,56,True,True
7760,558736,0,0,0,00000000,00000000,True,0,0,0,0,0.000000,0.000000,56,True,True
7761,558808,0,0,0,00000000,00000000,True,0,0,0,0,0.000000,0.000000,56,True,True
7762,558880,0,0,0,00000000,00000000,True,0,0,0,0,0.000000,0.000000,56,True,True
7763,558952,0,0,0,00000000,00000000,True,0,0,0,0,0.000000,0.000000,56,True,True
7764,559024,0,0,0,00000000,00000000,True,0,0,0,0,0.000000,0.000000,56,True,True
7765,559096,0,0,0,00000000,00000000,True,0,0,0,0,0.000000,0.000000,56,True,True
7766,559168,0,0,0,00000000,00000000,True,0,0,0,0,0.000000,0.000000,56,True,True
7767,559240,0,0,0,00000000,00000000,True,0,0,0,0,0.000000,0.000000,56,True,True
7768,559312,0,0,0,00000000,00000000,True,0,0,0,0,0.000000,0.000000,56,True,True
7769,559384,0,0,0,00000000,00000000,True,0,0,0,0,0.000000,0.000000,56,True,True
7770,559456,0,0,0,00000000,00000000,True,0,0,0,0,0.000000,0.000000,56,True,True
7771,559528,0,0,0,00000000,00000000,True,0,0,0,0,0.000000,0.000000,56,True,True
7772,559600,0,0,0,00000000,00000000,True,0,0,0,0,0.000000,0.000000,56,True,True
7773,559672,0,0,0,00000000,00000000,True,0,0,0,0,0.000000,0.000000,56,True,True
7774,559744,0,0,0,00000000,00000000,True,0,0,0,0,0.000000,0.000000,56,True,True
7775,559816,0,0,0,00000000,00000000,True,0,0,0,0,0.000000,0.000000,56,True,True
7776,559888,0,0,0,00000000,00000000,True,0,0,0,0,0.000000,0.000000,56,True,True
7777,559960,0,0,0,00000000,00000000,True,0,0,0,0,0.000000,0.000000,56,True,True
7778,560032,0,0,0,00000000,00000000,True,0,0,0,0,0.000000,0.000000,56,True,True
7779,560104,0,0,0,00000000,00000000,True,0,0,0,0,0.000000,0.000000,56,True,True
7780,560176,0,0,0,00000000,00000000,True,0,0,0,0,0.000000,0.000000,56,True,True
7781,560248,0,0,0,00000000,00000000,True,0,0,0,0,0.000000,0.000000,56,True,True
7782,560320,0,0,0,00000000,00000000,True,0,0,0,0,0.000000,0.000000,56,True,True
7783,560392,0,0,0,00000000,00000000,True,0,0,0,0,0.000000,0.000000,56,True,True
7784,560464,0,0,0,00000000,00000000,True,0,0,0,0,0.000000,0.000000,56,True,True
7785,560536,0,0,0,00000000,00000000,True,0,0,0,0,0.000000,0.000000,56,True,True
7786,560608,0,0,0,00000000,00000000,True,0,0,0,0,0.000000,0.000000,56,True,True
7787,560680,0,0,0,00000000,00000000,True,0,0,0,0,0.000000,0.000000,56,True,True
