index,file_offset,id,size,ver,stride,crc32_field,crc_ok,id2,A,B,C,D_f32_0x20,E_f32_0x24,F_u32_0x28,tail_len,tail_nonzero
0,16,1337,28,1,72,548BFE1D,True,1337,166705,194533,0,2.909790,0.000000,0,28,F
1,88,1423,28,1,72,541E216E,True,1423,166723,166724,0,2.909790,0.000000,0,28,F
2,160,1425,28,1,72,5DE2F707,True,1425,166741,166742,0,2.244580,0.000000,0,28,F
3,232,1487,28,1,72,5E9C958D,True,1487,166758,166759,0,2.003730,0.000000,0,28,F
4,304,1489,28,1,72,515E51F1,True,1489,166774,166775,0,1.844800,0.000000,0,28,F
5,376,1512,28,1,72,1F3150E0,True,1512,166790,166791,0,1.641480,0.000000,0,28,F
6,448,1652,28,1,72,06C5560D,True,1652,166806,166807,0,2.881510,0.000000,0,28,F
7,520,1654,28,1,72,0AE2F9F7,True,1654,166823,166824,0,2.396280,0.000000,0,28,F
8,592,1656,28,1,72,97704F2E,True,1656,167130,0,0,4.159050,0.000000,0,28,F
9,664,1658,28,1,72,F53F0C75,True,1658,166864,0,0,6.073510,0.000000,0,28,F
10,736,1660,28,1,72,041C9CBB,True,1660,166878,166879,0,1.410950,0.000000,0,28,F
11,808,2340,28,1,72,1A7EB52E,True,2340,166897,166898,0,1.372300,0.000000,0,28,F
12,880,3032,28,1,72,E03772B9,True,3032,167211,0,0,1.440550,0.000000,0,28,F
13,952,3036,28,1,72,16113E66,True,3036,167222,0,0,1.394510,0.000000,0,28,F
14,1024,3038,28,1,72,EA051686,True,3038,167237,0,0,1.394510,0.000000,0,28,F
15,1096,3040,28,1,72,31B8984A,True,3040,167252,0,0,1.394510,0.000000,0,28,F
16,1168,3042,28,1,72,C63DF7BD,True,3042,167267,0,0,3.075070,0.000000,0,28,F
17,1240,10292,28,1,72,3D73DF8E,True,10292,523431,0,0,51.767200,0.000000,0,28,F
18,1312,420,28,1,72,6589F929,True,420,107707,38708,0,30.705200,0.000000,0,28,F
19,1384,971,28,1,72,A654774D,True,971,38700,38722,0,49.723801,0.000000,0,28,F
20,1456,973,28,1,72,C7765116,True,973,38701,38726,0,21.764500,0.000000,0,28,F
21,1528,9515,28,1,72,46C5EA45,True,9515,506408,0,0,500.000000,0.000000,0,28,F
22,1600,9516,28,1,72,1AD2B03E,True,9516,506411,0,0,500.000000,0.000000,0,28,F
23,1672,11203,28,1,72,15C320B8,True,11203,542072,544717,0,320.000000,0.000000,0,28,F
24,1744,11276,28,1,72,D0A483F0,True,11276,544486,545041,0,300.000000,0.000000,0,28,F
25,1816,11277,28,1,72,DA147061,True,11277,544488,544489,0,300.000000,0.000000,0,28,F
26,1888,11278,28,1,72,ECD4B8C3,True,11278,544494,544495,0,300.000000,0.000000,0,28,F
27,1960,11308,28,1,72,4B3B0E4E,True,11308,545478,545479,0,500.000000,0.000000,0,28,F
28,2032,11309,28,1,72,42D2AFED,True,11309,545483,545484,0,500.000000,0.000000,0,28,F
29,2104,221,28,1,72,184750DB,True,221,362453,362454,0,39.256802,0.000000,0,28,F
30,2176,225,28,1,72,546628D9,True,225,362458,362459,0,27.073601,0.000000,0,28,F
31,2248,234,28,1,72,D9AF9C80,True,234,16201,28221,0,9.770610,0.000000,0,28,F
32,2320,253,28,1,72,8AC3E5B4,True,253,105726,105727,0,6.675830,0.000000,0,28,F
33,2392,257,28,1,72,E9AFDE04,True,257,105746,105747,0,3.252760,0.000000,0,28,F
34,2464,259,28,1,72,447AAA33,True,259,105762,105763,0,2.319150,0.000000,0,28,F
35,2536,261,28,1,72,8A25F67E,True,261,105778,105779,0,1.570310,0.000000,0,28,F
36,2608,585,28,1,72,C98CBB79,True,585,130553,130560,0,6.465910,0.000000,0,28,F
37,2680,587,28,1,72,1425CF97,True,587,130582,130584,0,6.065550,0.000000,0,28,F
38,2752,589,28,1,72,1A7ED277,True,589,130637,130638,0,7.461040,0.000000,0,28,F
39,2824,591,28,1,72,4617E8D6,True,591,130659,130660,0,7.396020,0.000000,0,28,F
40,2896,593,28,1,72,8A97F9CD,True,593,130681,130682,0,2.926040,0.000000,0,28,F
41,2968,595,28,1,72,60DF5725,True,595,130702,130703,0,9.013170,0.000000,0,28,F
42,3040,597,28,1,72,128BDCDA,True,597,130750,130782,0,6.784210,0.000000,0,28,F
43,3112,599,28,1,72,067FD9AF,True,599,130801,130802,0,5.891540,0.000000,0,28,F
44,3184,601,28,1,72,A7FCFFCD,True,601,130850,130851,0,6.820100,0.000000,0,28,F
45,3256,603,28,1,72,A9EC1495,True,603,130867,130868,0,5.226370,0.000000,0,28,F
46,3328,661,28,1,72,9BDA61D8,True,661,131834,131835,0,6.889150,0.000000,0,28,F
47,3400,662,28,1,72,DF110F78,True,662,131879,131880,0,4.373180,0.000000,0,28,F
48,3472,664,28,1,72,D9D23416,True,664,131895,131896,0,3.424420,0.000000,0,28,F
49,3544,666,28,1,72,76D8B43B,True,666,131911,131912,0,6.694180,0.000000,0,28,F
50,3616,674,28,1,72,C3387CEC,True,674,131929,131930,0,4.479500,0.000000,0,28,F
51,3688,679,28,1,72,C833225B,True,679,131945,131946,0,3.406600,0.000000,0,28,F
52,3760,709,28,1,72,E976EF1F,True,709,131960,131961,0,7.868610,0.000000,0,28,F
53,3832,710,28,1,72,56277F43,True,710,131979,131980,0,10.088400,0.000000,0,28,F
54,3904,725,28,1,72,4D66DCBA,True,725,131995,131996,0,9.263750,0.000000,0,28,F
55,3976,727,28,1,72,8F664CDD,True,727,132012,132013,0,7.719650,0.000000,0,28,F
56,4048,829,28,1,72,197E338C,True,829,16161,28069,0,10.050300,0.000000,0,28,F
57,4120,833,28,1,72,4EC9E0CD,True,833,23113,30472,0,3.857890,0.000000,0,28,F
58,4192,904,28,1,72,BC5C83FC,True,904,6124,6128,0,3.845500,0.000000,0,28,F
59,4264,935,28,1,72,BFE05BDC,True,935,186156,186175,0,12.822700,0.000000,0,28,F
60,4336,945,28,1,72,ABEE3438,True,945,16343,28685,0,1.878070,0.000000,0,28,F
61,4408,987,28,1,72,028BD8C8,True,987,166377,166378,0,5.085960,0.000000,0,28,F
62,4480,1081,28,1,72,56744213,True,1081,166405,166406,0,0.859779,0.000000,0,28,F
63,4552,1096,28,1,72,2339ABC0,True,1096,166421,166422,0,0.887898,0.000000,0,28,F
64,4624,1126,28,1,72,2D9205DA,True,1126,189767,190939,0,8.649630,0.000000,0,28,F
65,4696,1130,28,1,72,F53D814F,True,1130,189771,190945,0,13.621300,0.000000,0,28,F
66,4768,1132,28,1,72,54BB2D75,True,1132,189774,190948,0,7.350430,0.000000,0,28,F
67,4840,1152,28,1,72,A8B4D8AA,True,1152,109147,109148,0,2.289830,0.000000,0,28,F
68,4912,1154,28,1,72,AFE01F79,True,1154,109163,109164,0,2.383000,0.000000,0,28,F
69,4984,1156,28,1,72,6E6CA869,True,1156,109179,109180,0,2.545110,0.000000,0,28,F
70,5056,1169,28,1,72,B84B13F6,True,1169,109240,109241,0,3.535340,0.000000,0,28,F
71,5128,1173,28,1,72,CF613FD7,True,1173,189813,191170,0,7.558310,0.000000,0,28,F
72,5200,1177,28,1,72,22D3BA2B,True,1177,109487,109488,0,3.136920,0.000000,0,28,F
73,5272,1178,28,1,72,D754894C,True,1178,109491,109492,0,3.295320,0.000000,0,28,F
74,5344,1179,28,1,72,2EA36D9B,True,1179,109495,109496,0,1.880150,0.000000,0,28,F
75,5416,1182,28,1,72,ACD65FA4,True,1182,189817,191175,0,6.236090,0.000000,0,28,F
76,5488,1191,28,1,72,D0278AF6,True,1191,104130,104132,0,3.797370,0.000000,0,28,F
77,5560,1199,28,1,72,DBC1619F,True,1199,104154,104155,0,4.315810,0.000000,0,28,F
78,5632,1231,28,1,72,D72B8408,True,1231,104176,104177,0,2.100890,0.000000,0,28,F
79,5704,1256,28,1,72,B1C66785,True,1256,27893,28937,0,0.810765,0.000000,0,28,F
80,5776,1293,28,1,72,D6972216,True,1293,27894,37795,0,0.506337,0.000000,0,28,F
81,5848,1332,28,1,72,122FD4F6,True,1332,104197,104198,0,2.784660,0.000000,0,28,F
82,5920,1349,28,1,72,5F8C0C78,True,1349,16163,28098,0,11.598500,0.000000,0,28,F
83,5992,1350,28,1,72,B1AB4303,True,1350,16178,28138,0,14.953800,0.000000,0,28,F
84,6064,1352,28,1,72,1CCE8B6D,True,1352,16180,28145,0,16.586201,0.000000,0,28,F
85,6136,1353,28,1,72,8069B77F,True,1353,246,1702,0,4.169220,0.000000,0,28,F
86,6208,1354,28,1,72,D064B73D,True,1354,4785,7612,0,4.613880,0.000000,0,28,F
87,6280,1355,28,1,72,52DC3ED8,True,1355,4895,7957,0,5.070940,0.000000,0,28,F
88,6352,1359,28,1,72,92D74606,True,1359,4899,25714,0,2.712760,0.000000,0,28,F
89,6424,1362,28,1,72,DC127706,True,1362,4907,26098,0,2.083400,0.000000,0,28,F
90,6496,1437,28,1,72,A99D0DCC,True,1437,104213,104214,0,3.193960,0.000000,0,28,F
91,6568,1481,28,1,72,BD212902,True,1481,189844,191178,0,15.113200,0.000000,0,28,F
92,6640,1497,28,1,72,C1025BAC,True,1497,189848,191183,0,13.851400,0.000000,0,28,F
93,6712,1501,28,1,72,E938D568,True,1501,189877,190954,0,11.768900,0.000000,0,28,F
94,6784,1502,28,1,72,21489FC4,True,1502,189881,191164,0,11.505100,0.000000,0,28,F
95,6856,1503,28,1,72,7E4AAA1E,True,1503,189884,191167,0,8.243540,0.000000,0,28,F
96,6928,1532,28,1,72,6C566669,True,1532,104229,104230,0,1.636790,0.000000,0,28,F
97,7000,1684,28,1,72,9245F102,True,1684,23142,28432,0,1.759310,0.000000,0,28,F
98,7072,1744,28,1,72,688718EB,True,1744,16424,28432,0,1.354840,0.000000,0,28,F
99,7144,1745,28,1,72,1E480477,True,1745,23199,17789,0,6.447480,0.000000,0,28,F
100,7216,1746,28,1,72,B45D8515,True,1746,23893,30548,0,2.802020,0.000000,0,28,F
101,7288,1759,28,1,72,A0C86F37,True,1759,23895,30575,0,2.179300,0.000000,0,28,F
102,7360,1761,28,1,72,9C0FA474,True,1761,33355,28066,0,11.035100,0.000000,0,28,F
103,7432,1762,28,1,72,D9787665,True,1762,30493,30498,0,5.444850,0.000000,0,28,F
104,7504,1763,28,1,72,6EA9951A,True,1763,23182,23143,0,9.700540,0.000000,0,28,F
105,7576,1768,28,1,72,1D7E7E95,True,1768,23897,30584,0,0.677527,0.000000,0,28,F
106,7648,1779,28,1,72,206CB887,True,1779,27884,24777,0,20.000000,0.000000,0,28,F
107,7720,1782,28,1,72,74ECFE4F,True,1782,7467,26169,0,14.827000,0.000000,0,28,F
108,7792,1783,28,1,72,734047BD,True,1783,54312,54324,0,12.408100,0.000000,0,28,F
109,7864,1794,28,1,72,AC3D95F5,True,1794,27896,30679,0,6.152840,0.000000,0,28,F
110,7936,1801,28,1,72,DA28ADCF,True,1801,27885,33047,0,20.000000,0.000000,0,28,F
111,8008,1811,28,1,72,2B7CDBF4,True,1811,27888,33607,0,20.000000,0.000000,0,28,F
112,8080,1812,28,1,72,E5CCB92C,True,1812,27886,33351,0,20.000000,0.000000,0,28,F
113,8152,1813,28,1,72,66A21546,True,1813,474333,0,0,20.000000,0.000000,0,28,F
114,8224,1822,28,1,72,9C48B56D,True,1822,26382,31193,0,9.210210,0.000000,0,28,F
115,8296,1845,28,1,72,C0188885,True,1845,25081,30979,0,12.607700,0.000000,0,28,F
116,8368,1847,28,1,72,545ADB91,True,1847,27875,31901,0,4.071640,0.000000,0,28,F
117,8440,1848,28,1,72,F2674AEE,True,1848,18082,28746,0,7.345300,0.000000,0,28,F
118,8512,1852,28,1,72,E5DB01DB,True,1852,27876,32283,0,13.847200,0.000000,0,28,F
119,8584,1853,28,1,72,CA86F10E,True,1853,27856,31528,0,6.029410,0.000000,0,28,F
120,8656,1861,28,1,72,4ACEA6B8,True,1861,27897,37811,0,5.409830,0.000000,0,28,F
121,8728,1862,28,1,72,09303DA5,True,1862,27898,37814,0,4.668230,0.000000,0,28,F
122,8800,1863,28,1,72,B069D115,True,1863,27899,37817,0,3.290420,0.000000,0,28,F
123,8872,1864,28,1,72,BF7CE499,True,1864,27900,37823,0,4.743520,0.000000,0,28,F
124,8944,1878,28,1,72,4D78BC1E,True,1878,22975,29568,0,9.343370,0.000000,0,28,F
125,9016,1879,28,1,72,C16B21A1,True,1879,22979,29788,0,12.283200,0.000000,0,28,F
126,9088,1880,28,1,72,5FB2D22A,True,1880,23096,30090,0,10.113500,0.000000,0,28,F
127,9160,1881,28,1,72,10EED688,True,1881,23098,30458,0,12.494600,0.000000,0,28,F
128,9232,1944,28,1,72,39B9D090,True,1944,27889,34033,0,7.309810,0.000000,0,28,F
129,9304,1948,28,1,72,3F5F7B3A,True,1948,27890,2873,0,6.117960,0.000000,0,28,F
130,9376,1949,28,1,72,2255C8AF,True,1949,27891,2873,0,4.729840,0.000000,0,28,F
131,9448,1950,28,1,72,230D9E8B,True,1950,27892,33552,0,3.232830,0.000000,0,28,F
132,9520,1954,28,1,72,11CD3A34,True,1954,1294,6007,0,2.901610,0.000000,0,28,F
133,9592,1955,28,1,72,484B780C,True,1955,4928,20843,0,3.908200,0.000000,0,28,F
134,9664,1956,28,1,72,D2CFDA49,True,1956,4930,17468,0,4.509680,0.000000,0,28,F
135,9736,1966,28,1,72,4606CD11,True,1966,16315,190796,0,3.382140,0.000000,0,28,F
136,9808,1967,28,1,72,95CB4A96,True,1967,23184,17789,0,6.033370,0.000000,0,28,F
137,9880,1968,28,1,72,FA41C851,True,1968,6978,19616,0,2.714370,0.000000,0,28,F
138,9952,1969,28,1,72,C9AF1005,True,1969,7353,20070,0,1.778750,0.000000,0,28,F
139,10024,1970,28,1,72,CF20A2DD,True,1970,7423,20084,0,1.683470,0.000000,0,28,F
140,10096,1971,28,1,72,3CF56245,True,1971,7457,20203,0,1.007770,0.000000,0,28,F
141,10168,2001,28,1,72,EE7F1C64,True,2001,16273,190791,0,3.810880,0.000000,0,28,F
142,10240,2002,28,1,72,9B152930,True,2002,16317,190801,0,3.598410,0.000000,0,28,F
143,10312,2291,28,1,72,420A8377,True,2291,27879,32845,0,1.292680,0.000000,0,28,F
144,10384,2292,28,1,72,056EE9E6,True,2292,27880,37303,0,1.107240,0.000000,0,28,F
145,10456,2293,28,1,72,4A35F5D6,True,2293,27881,37307,0,0.867902,0.000000,0,28,F
146,10528,2294,28,1,72,7A31E1CC,True,2294,27882,37310,0,0.508025,0.000000,0,28,F
147,10600,2295,28,1,72,25C2573B,True,2295,27883,37314,0,0.850219,0.000000,0,28,F
148,10672,2424,28,1,72,03160069,True,2424,112894,112895,0,8.564080,0.000000,0,28,F
149,10744,2449,28,1,72,9232E4CF,True,2449,190166,190167,0,1.618230,0.000000,0,28,F
150,10816,2518,28,1,72,49528872,True,2518,16182,28216,0,5.473090,0.000000,0,28,F
151,10888,2520,28,1,72,1151C45A,True,2520,16231,28227,0,11.593700,0.000000,0,28,F
152,10960,2522,28,1,72,4F296DEB,True,2522,16233,28233,0,5.257000,0.000000,0,28,F
153,11032,2523,28,1,72,51088A8B,True,2523,16265,22850,0,7.677630,0.000000,0,28,F
154,11104,2524,28,1,72,A4C74D08,True,2524,16263,28352,0,7.396060,0.000000,0,28,F
155,11176,2590,28,1,72,25EADFA7,True,2590,27895,34228,0,53.675301,0.000000,0,28,F
156,11248,2674,28,1,72,8B13871E,True,2674,183540,183541,0,6.567660,0.000000,0,28,F
157,11320,2692,28,1,72,5BA9EF31,True,2692,183920,183921,0,9.752330,0.000000,0,28,F
158,11392,2906,28,1,72,35261AF1,True,2906,31654,30788,0,4.806890,0.000000,0,28,F
159,11464,2907,28,1,72,E575F4D8,True,2907,45233,30810,0,6.827230,0.000000,0,28,F
160,11536,2908,28,1,72,AB9D6A8D,True,2908,45244,30864,0,6.651660,0.000000,0,28,F
161,11608,2909,28,1,72,14136328,True,2909,45255,30901,0,4.912160,0.000000,0,28,F
162,11680,2914,28,1,72,D23426F5,True,2914,45312,30597,0,8.655370,0.000000,0,28,F
163,11752,2915,28,1,72,469BFECB,True,2915,45326,30637,0,6.200340,0.000000,0,28,F
164,11824,2916,28,1,72,239C8B48,True,2916,45338,30680,0,3.701780,0.000000,0,28,F
165,11896,2917,28,1,72,92472A9E,True,2917,45350,30774,0,3.430510,0.000000,0,28,F
166,11968,2934,28,1,72,0EB71A6E,True,2934,5548,4961,0,2.800080,0.000000,0,28,F
167,12040,2935,28,1,72,790EB206,True,2935,45659,45664,0,2.784270,0.000000,0,28,F
168,12112,2936,28,1,72,FA6503F8,True,2936,45661,5122,0,2.828330,0.000000,0,28,F
169,12184,2937,28,1,72,4C6F0169,True,2937,45663,5153,0,2.862280,0.000000,0,28,F
170,12256,2938,28,1,72,32E7A520,True,2938,5164,5240,0,3.145710,0.000000,0,28,F
171,12328,2942,28,1,72,6873C21B,True,2942,45674,470582,0,26.776699,0.000000,0,28,F
172,12400,2943,28,1,72,CF6B0DEA,True,2943,45689,470583,0,23.143801,0.000000,0,28,F
173,12472,2944,28,1,72,2045E900,True,2944,45701,470584,0,17.930201,0.000000,0,28,F
174,12544,2946,28,1,72,27FEEE1C,True,2946,45561,30923,0,3.677700,0.000000,0,28,F
175,12616,2950,28,1,72,8B164315,True,2950,45814,28058,0,2.390810,0.000000,0,28,F
176,12688,2951,28,1,72,B4334EBC,True,2951,30921,28031,0,2.294340,0.000000,0,28,F
177,12760,2952,28,1,72,32E01F83,True,2952,30671,27933,0,2.021930,0.000000,0,28,F
178,12832,2957,28,1,72,0447C69E,True,2957,190171,190172,0,1.208580,0.000000,0,28,F
179,12904,2964,28,1,72,0106A505,True,2964,45878,30522,0,10.927700,0.000000,0,28,F
180,12976,2994,28,1,72,2A947112,True,2994,7461,22976,0,3.493600,0.000000,0,28,F
181,13048,3031,28,1,72,41BB80CD,True,3031,190175,190176,0,1.718330,0.000000,0,28,F
182,13120,3150,28,1,72,F753F486,True,3150,23639,23672,0,3.908200,0.000000,0,28,F
183,13192,3151,28,1,72,5A9B2AB3,True,3151,647,650,0,4.821120,0.000000,0,28,F
184,13264,3152,28,1,72,70917DF5,True,3152,3236,2240,0,2.713600,0.000000,0,28,F
185,13336,3153,28,1,72,0591AAE2,True,3153,3234,3237,0,1.778750,0.000000,0,28,F
186,13408,3154,28,1,72,EB2F99CD,True,3154,4123,4571,0,1.683370,0.000000,0,28,F
187,13480,3155,28,1,72,E779C461,True,3155,4750,4756,0,1.007770,0.000000,0,28,F
188,13552,3170,28,1,72,4F47E482,True,3170,34345,34353,0,12.314800,0.000000,0,28,F
189,13624,3172,28,1,72,8CC192F9,True,3172,34366,34368,0,10.253900,0.000000,0,28,F
190,13696,3173,28,1,72,8E8BBC59,True,3173,34522,34523,0,10.252200,0.000000,0,28,F
191,13768,3174,28,1,72,6EDF8859,True,3174,27667,28296,0,13.440800,0.000000,0,28,F
192,13840,3175,28,1,72,D78E9FFF,True,3175,34532,34533,0,9.346420,0.000000,0,28,F
193,13912,3176,28,1,72,4FE6BD65,True,3176,34536,34537,0,5.107540,0.000000,0,28,F
194,13984,3177,28,1,72,4E534078,True,3177,34536,34537,0,5.107540,0.000000,0,28,F
195,14056,3250,28,1,72,60406D89,True,3250,186448,186449,0,16.417299,0.000000,0,28,F
196,14128,3252,28,1,72,48393B0E,True,3252,190221,190222,0,19.707899,0.000000,0,28,F
197,14200,3253,28,1,72,64A7DEAA,True,3253,190225,190226,0,23.931999,0.000000,0,28,F
198,14272,3262,28,1,72,6387DAE4,True,3262,190229,190230,0,14.400600,0.000000,0,28,F
199,14344,3294,28,1,72,FC029BAC,True,3294,190505,0,0,3.194100,0.000000,0,28,F
200,14416,3295,28,1,72,2A712C07,True,3295,190509,0,0,3.190890,0.000000,0,28,F
201,14488,3296,28,1,72,9E26B8A2,True,3296,190512,0,0,2.223700,0.000000,0,28,F
202,14560,3579,28,1,72,C61EFF1B,True,3579,282821,282822,0,16.012400,0.000000,0,28,F
203,14632,3607,28,1,72,3F5B38C6,True,3607,62346,62347,0,6.824170,0.000000,0,28,F
204,14704,3609,28,1,72,E17A2853,True,3609,62350,62351,0,7.522520,0.000000,0,28,F
205,14776,3610,28,1,72,DC1A3037,True,3610,62354,62355,0,6.185010,0.000000,0,28,F
206,14848,3611,28,1,72,F01CAE8C,True,3611,62359,62360,0,5.918440,0.000000,0,28,F
207,14920,3652,28,1,72,717A3C67,True,3652,209586,254579,0,32.102699,0.000000,0,28,F
208,14992,3670,28,1,72,1EA13AC1,True,3670,210182,0,0,52.357201,0.000000,0,28,F
209,15064,3700,28,1,72,9E86132D,True,3700,210203,210207,0,56.936298,0.000000,0,28,F
210,15136,3728,28,1,72,CBE04D73,True,3728,210232,210233,0,46.965401,0.000000,0,28,F
211,15208,3762,28,1,72,353DAA00,True,3762,211481,0,0,37.444099,0.000000,0,28,F
212,15280,3860,28,1,72,10CAECB8,True,3860,74258,74265,0,3.198540,0.000000,0,28,F
213,15352,3861,28,1,72,894174D6,True,3861,74269,74270,0,3.433950,0.000000,0,28,F
214,15424,3862,28,1,72,214A627C,True,3862,74281,74282,0,3.952100,0.000000,0,28,F
215,15496,3997,28,1,72,6ADA71FE,True,3997,76012,76013,0,6.927130,0.000000,0,28,F
216,15568,3999,28,1,72,518B82AE,True,3999,76038,76139,0,6.052310,0.000000,0,28,F
217,15640,4000,28,1,72,CFE2F277,True,4000,76078,76079,0,5.089830,0.000000,0,28,F
218,15712,4001,28,1,72,2D9A6479,True,4001,76082,76083,0,2.864910,0.000000,0,28,F
219,15784,4002,28,1,72,1BE5D6B0,True,4002,76086,76087,0,1.293510,0.000000,0,28,F
220,15856,4003,28,1,72,C08FBF29,True,4003,76090,76091,0,0.815873,0.000000,0,28,F
221,15928,4004,28,1,72,E36D397C,True,4004,76094,76095,0,0.815873,0.000000,0,28,F
222,16000,4014,28,1,72,C457E663,True,4014,76319,76320,0,26.014099,0.000000,0,28,F
223,16072,4015,28,1,72,AC49D6B4,True,4015,76324,76325,0,26.305201,0.000000,0,28,F
224,16144,4016,28,1,72,7B2EE635,True,4016,76328,76329,0,24.620899,0.000000,0,28,F
225,16216,4017,28,1,72,71C27D6D,True,4017,76332,76333,0,17.867901,0.000000,0,28,F
226,16288,4018,28,1,72,203F78E8,True,4018,76336,76337,0,14.013300,0.000000,0,28,F
227,16360,4019,28,1,72,F394D08A,True,4019,76340,76341,0,6.829080,0.000000,0,28,F
228,16432,4020,28,1,72,28D7DB40,True,4020,76344,76345,0,8.827690,0.000000,0,28,F
229,16504,4069,28,1,72,A6143322,True,4069,77871,77872,0,13.034200,0.000000,0,28,F
230,16576,4070,28,1,72,31CC0221,True,4070,77878,77879,0,12.061500,0.000000,0,28,F
231,16648,4071,28,1,72,AA03CAB0,True,4071,77883,77884,0,16.562300,0.000000,0,28,F
232,16720,4072,28,1,72,09435DDE,True,4072,77888,77889,0,8.385030,0.000000,0,28,F
233,16792,4073,28,1,72,86D4BE86,True,4073,77893,77894,0,8.086190,0.000000,0,28,F
234,16864,4082,28,1,72,08DE2832,True,4082,78131,78132,0,15.034700,0.000000,0,28,F
235,16936,4083,28,1,72,2FF72F75,True,4083,78138,78139,0,16.531500,0.000000,0,28,F
236,17008,4084,28,1,72,C481C67C,True,4084,78142,78143,0,11.939400,0.000000,0,28,F
237,17080,4085,28,1,72,9021D0F7,True,4085,78146,78147,0,14.066200,0.000000,0,28,F
238,17152,4086,28,1,72,D02103C6,True,4086,78150,78151,0,10.983200,0.000000,0,28,F
239,17224,4199,28,1,72,3005AD9A,True,4199,291482,291492,0,3.824160,0.000000,0,28,F
240,17296,4200,28,1,72,9D666117,True,4200,291488,291497,0,2.761220,0.000000,0,28,F
241,17368,4262,28,1,72,01541F8B,True,4262,291600,291601,0,32.369400,0.000000,0,28,F
242,17440,4263,28,1,72,A2AF1A6B,True,4263,291608,291609,0,20.530800,0.000000,0,28,F
243,17512,4266,28,1,72,45AA7BDF,True,4266,291667,291668,0,3.133520,0.000000,0,28,F
244,17584,4267,28,1,72,C1857B6D,True,4267,291672,291673,0,2.652380,0.000000,0,28,F
245,17656,4319,28,1,72,EC687241,True,4319,291724,291726,0,3.509620,0.000000,0,28,F
246,17728,4320,28,1,72,73E1FBCE,True,4320,291733,291734,0,0.999728,0.000000,0,28,F
247,17800,4321,28,1,72,CB1F1889,True,4321,291737,291738,0,1.714180,0.000000,0,28,F
248,17872,4328,28,1,72,5C7F4125,True,4328,291785,291786,0,17.409100,0.000000,0,28,F
249,17944,4329,28,1,72,9DBB09C8,True,4329,291790,291791,0,22.347799,0.000000,0,28,F
250,18016,4389,28,1,72,01C55804,True,4389,295805,295806,0,23.709700,0.000000,0,28,F
251,18088,4391,28,1,72,21BA1C0A,True,4391,295822,301631,0,17.046101,0.000000,0,28,F
252,18160,4397,28,1,72,756697F0,True,4397,93916,93917,0,52.088100,0.000000,0,28,F
253,18232,4398,28,1,72,D3CC135B,True,4398,93921,94003,0,44.045101,0.000000,0,28,F
254,18304,4399,28,1,72,792C26E0,True,4399,93925,93926,0,34.455601,0.000000,0,28,F
255,18376,4400,28,1,72,0772E827,True,4400,93929,93930,0,19.882700,0.000000,0,28,F
256,18448,4402,28,1,72,21FD5CF2,True,4402,93981,93982,0,7.516750,0.000000,0,28,F
257,18520,4406,28,1,72,2CA67BA9,True,4406,93997,93998,0,8.078390,0.000000,0,28,F
258,18592,4407,28,1,72,65483DE3,True,4407,94018,94019,0,11.208200,0.000000,0,28,F
259,18664,4408,28,1,72,0E7C18F9,True,4408,94022,94023,0,4.899000,0.000000,0,28,F
260,18736,4463,28,1,72,F3E095C4,True,4463,295874,295875,0,37.692699,0.000000,0,28,F
261,18808,4464,28,1,72,AC7C30BA,True,4464,295879,295880,0,22.761299,0.000000,0,28,F
262,18880,4465,28,1,72,93B46EEC,True,4465,297328,0,0,20.115801,0.000000,0,28,F
263,18952,4466,28,1,72,2A9B18DA,True,4466,297336,0,0,12.142000,0.000000,0,28,F
264,19024,4469,28,1,72,5A99109B,True,4469,296003,296009,0,42.967602,0.000000,0,28,F
265,19096,4473,28,1,72,9A05DD2D,True,4473,295932,392492,0,13.731500,0.000000,0,28,F
266,19168,4476,28,1,72,9524189A,True,4476,295937,392491,0,10.868800,0.000000,0,28,F
267,19240,4486,28,1,72,DBD00A31,True,4486,297339,0,0,24.340200,0.000000,0,28,F
268,19312,4490,28,1,72,09F3D675,True,4490,295984,0,0,9.585930,0.000000,0,28,F
269,19384,4511,28,1,72,28993154,True,4511,296490,0,0,6.134820,0.000000,0,28,F
270,19456,4512,28,1,72,553346E7,True,4512,296508,0,0,1.729070,0.000000,0,28,F
271,19528,4668,28,1,72,89464D13,True,4668,165196,165198,0,10.043600,0.000000,0,28,F
272,19600,5272,28,1,72,C7AD3A2A,True,5272,297720,0,0,6.748190,0.000000,0,28,F
273,19672,5273,28,1,72,5FF69496,True,5273,297742,0,0,3.753860,0.000000,0,28,F
274,19744,5411,28,1,72,45C4E715,True,5411,298595,0,0,1.903320,0.000000,0,28,F
275,19816,5413,28,1,72,0BD67ECB,True,5413,298599,0,0,1.865880,0.000000,0,28,F
276,19888,5466,28,1,72,3302F745,True,5466,298607,0,0,1.168360,0.000000,0,28,F
277,19960,5532,28,1,72,4C4888E1,True,5532,298611,0,0,4.001720,0.000000,0,28,F
278,20032,5533,28,1,72,A509EC84,True,5533,165263,165264,0,8.299760,0.000000,0,28,F
279,20104,5535,28,1,72,C1DE5B79,True,5535,165280,165281,0,20.000000,0.000000,0,28,F
280,20176,5551,28,1,72,7393FD11,True,5551,165296,165297,0,20.000000,0.000000,0,28,F
281,20248,5553,28,1,72,1B89502E,True,5553,165314,165315,0,20.000000,0.000000,0,28,F
282,20320,5557,28,1,72,82F37042,True,5557,165330,165331,0,20.000000,0.000000,0,28,F
283,20392,5568,28,1,72,DEE8F5C6,True,5568,165347,165348,0,20.000000,0.000000,0,28,F
284,20464,5572,28,1,72,A639DB6E,True,5572,165381,165382,0,20.000000,0.000000,0,28,F
285,20536,5574,28,1,72,07866722,True,5574,165398,165399,0,20.000000,0.000000,0,28,F
286,20608,5576,28,1,72,7412FBED,True,5576,165414,165415,0,20.000000,0.000000,0,28,F
287,20680,5578,28,1,72,82CF3C8F,True,5578,165431,165432,0,9.200340,0.000000,0,28,F
288,20752,5580,28,1,72,0C5E1607,True,5580,165452,165453,0,14.164900,0.000000,0,28,F
289,20824,5582,28,1,72,95010A86,True,5582,165468,165469,0,12.684200,0.000000,0,28,F
290,20896,5584,28,1,72,37B2C74C,True,5584,165485,165486,0,14.867200,0.000000,0,28,F
291,20968,5800,28,1,72,84FE522C,True,5800,298618,0,0,5.176850,0.000000,0,28,F
292,21040,5801,28,1,72,022D717B,True,5801,298631,0,0,2.584910,0.000000,0,28,F
293,21112,6091,28,1,72,E03B5F37,True,6091,298799,0,0,4.768900,0.000000,0,28,F
294,21184,6092,28,1,72,E63B9EE0,True,6092,298803,0,0,3.451180,0.000000,0,28,F
295,21256,6206,28,1,72,5F392549,True,6206,299125,0,0,38.472401,0.000000,0,28,F
296,21328,6207,28,1,72,18F57987,True,6207,299120,0,0,24.884701,0.000000,0,28,F
297,21400,6208,28,1,72,D32670CE,True,6208,299115,0,0,8.180510,0.000000,0,28,F
298,21472,6257,28,1,72,7A36D2C3,True,6257,303163,0,0,6.563740,0.000000,0,28,F
299,21544,6258,28,1,72,6DA6DA46,True,6258,302507,0,0,11.493300,0.000000,0,28,F
300,21616,6259,28,1,72,754C9204,True,6259,302512,0,0,7.079280,0.000000,0,28,F
301,21688,6260,28,1,72,CE2252A3,True,6260,302517,0,0,4.506130,0.000000,0,28,F
302,21760,6261,28,1,72,DB054B63,True,6261,302520,0,0,2.838740,0.000000,0,28,F
303,21832,6262,28,1,72,3A118F55,True,6262,302523,0,0,5.550680,0.000000,0,28,F
304,21904,6263,28,1,72,E01C60DA,True,6263,302526,0,0,2.538110,0.000000,0,28,F
305,21976,6264,28,1,72,A8BA07F4,True,6264,302530,0,0,3.323140,0.000000,0,28,F
306,22048,6265,28,1,72,540BB83D,True,6265,302535,0,0,1.370490,0.000000,0,28,F
307,22120,6266,28,1,72,CFE0380F,True,6266,302539,0,0,1.397700,0.000000,0,28,F
308,22192,6267,28,1,72,D27E20A1,True,6267,302542,0,0,2.124510,0.000000,0,28,F
309,22264,6268,28,1,72,39FF6EDC,True,6268,302545,0,0,2.174050,0.000000,0,28,F
310,22336,6269,28,1,72,CB2E2D92,True,6269,302548,0,0,1.381060,0.000000,0,28,F
311,22408,6270,28,1,72,B4936C72,True,6270,302501,0,0,8.911540,0.000000,0,28,F
312,22480,6277,28,1,72,D8216FEF,True,6277,303195,0,0,5.216000,0.000000,0,28,F
313,22552,6278,28,1,72,CF5AB955,True,6278,303202,0,0,3.322290,0.000000,0,28,F
314,22624,6302,28,1,72,02F9D094,True,6302,305517,0,0,24.575500,0.000000,0,28,F
315,22696,6303,28,1,72,149AAE42,True,6303,305524,0,0,17.032900,0.000000,0,28,F
316,22768,6304,28,1,72,8B7ECC65,True,6304,305528,0,0,27.869499,0.000000,0,28,F
317,22840,6305,28,1,72,388A1D3D,True,6305,305531,0,0,14.388000,0.000000,0,28,F
318,22912,6306,28,1,72,F00DBEAC,True,6306,305534,0,0,12.854200,0.000000,0,28,F
319,22984,6307,28,1,72,75D28CB5,True,6307,305539,0,0,4.186500,0.000000,0,28,F
320,23056,6350,28,1,72,450B11EE,True,6350,307068,0,0,30.000000,0.000000,0,28,F
321,23128,6351,28,1,72,2475F7FD,True,6351,307079,0,0,30.000000,0.000000,0,28,F
322,23200,6352,28,1,72,9970E3F2,True,6352,307073,0,0,4.976590,0.000000,0,28,F
323,23272,6353,28,1,72,2E33B1A2,True,6353,307063,0,0,2.475910,0.000000,0,28,F
324,23344,6357,28,1,72,5C70AE92,True,6357,307336,0,0,3.069340,0.000000,0,28,F
325,23416,6358,28,1,72,B9C26A8F,True,6358,307343,0,0,3.226620,0.000000,0,28,F
326,23488,6359,28,1,72,051A9CB1,True,6359,307341,0,0,2.608800,0.000000,0,28,F
327,23560,6465,28,1,72,B33A01F6,True,6465,344887,0,0,5.103190,0.000000,0,28,F
328,23632,6466,28,1,72,4E5A1854,True,6466,344876,0,0,5.730970,0.000000,0,28,F
329,23704,6467,28,1,72,F9E839FE,True,6467,344878,0,0,7.633070,0.000000,0,28,F
330,23776,6496,28,1,72,38616055,True,6496,346215,0,0,6.165940,0.000000,0,28,F
331,23848,6497,28,1,72,BD6A8353,True,6497,346233,0,0,9.875230,0.000000,0,28,F
332,23920,6498,28,1,72,E0BCDD3F,True,6498,346236,0,0,10.083300,0.000000,0,28,F
333,23992,6499,28,1,72,A796B262,True,6499,346239,0,0,9.320000,0.000000,0,28,F
334,24064,6500,28,1,72,BC873953,True,6500,346242,0,0,1.650650,0.000000,0,28,F
335,24136,6541,28,1,72,8620BA22,True,6541,348185,0,0,4.830420,0.000000,0,28,F
336,24208,6542,28,1,72,054F7D6A,True,6542,348243,0,0,7.583030,0.000000,0,28,F
337,24280,6543,28,1,72,D60351B2,True,6543,348249,0,0,13.021800,0.000000,0,28,F
338,24352,6544,28,1,72,54ED250A,True,6544,348253,0,0,14.952600,0.000000,0,28,F
339,24424,6589,28,1,72,237B6BB9,True,6589,349957,0,0,50.000000,0.000000,0,28,F
340,24496,6590,28,1,72,E5C5B142,True,6590,349977,0,0,50.000000,0.000000,0,28,F
341,24568,6763,28,1,72,FB1AC360,True,6763,360756,0,0,5.511530,0.000000,0,28,F
342,24640,6764,28,1,72,42D55D9A,True,6764,360748,0,0,3.916560,0.000000,0,28,F
343,24712,7758,28,1,72,C69CBFC6,True,7758,424943,0,0,90.000000,0.000000,0,28,F
344,24784,7761,28,1,72,8C64BE47,True,7761,424963,0,0,90.000000,0.000000,0,28,F
345,24856,7763,28,1,72,C2E2CF5E,True,7763,424972,0,0,12.610400,0.000000,0,28,F
346,24928,7765,28,1,72,B3034E9C,True,7765,424982,0,0,12.610400,0.000000,0,28,F
347,25000,7770,28,1,72,4630047A,True,7770,424994,0,0,150.000000,0.000000,0,28,F
348,25072,7771,28,1,72,AFA6021F,True,7771,424999,0,0,150.000000,0.000000,0,28,F
349,25144,7772,28,1,72,35922A9F,True,7772,425004,0,0,12.610400,0.000000,0,28,F
350,25216,7773,28,1,72,71626F79,True,7773,425009,0,0,12.610400,0.000000,0,28,F
351,25288,7778,28,1,72,F9738DF1,True,7778,425035,0,0,12.610400,0.000000,0,28,F
352,25360,7779,28,1,72,0DBE9A47,True,7779,425040,0,0,12.610400,0.000000,0,28,F
353,25432,7780,28,1,72,E194926C,True,7780,425045,0,0,12.610400,0.000000,0,28,F
354,25504,7781,28,1,72,033464B8,True,7781,425050,0,0,12.610400,0.000000,0,28,F
355,25576,7923,28,1,72,F2EFAEF7,True,7923,436223,0,0,8.529480,0.000000,0,28,F
356,25648,7924,28,1,72,A8AA0A08,True,7924,436228,0,0,5.133970,0.000000,0,28,F
357,25720,7925,28,1,72,C5AEE696,True,7925,436236,0,0,7.398460,0.000000,0,28,F
358,25792,7929,28,1,72,6CC19165,True,7929,436300,0,0,4.459450,0.000000,0,28,F
359,25864,7933,28,1,72,DA743269,True,7933,436351,0,0,3.332980,0.000000,0,28,F
360,25936,7989,28,1,72,B37171FC,True,7989,457739,0,0,8.205080,0.000000,0,28,F
361,26008,7990,28,1,72,D374999B,True,7990,457743,0,0,2.298540,0.000000,0,28,F
362,26080,7991,28,1,72,46009DE2,True,7991,457749,0,0,30.498301,0.000000,0,28,F
363,26152,7996,28,1,72,442B7380,True,7996,457758,0,0,11.219300,0.000000,0,28,F
364,26224,7997,28,1,72,338E72A6,True,7997,457760,0,0,1.492090,0.000000,0,28,F
365,26296,7998,28,1,72,AF75CFD8,True,7998,457755,0,0,1.097120,0.000000,0,28,F
366,26368,8076,28,1,72,F48F5D7D,True,8076,437491,0,0,4.331490,0.000000,0,28,F
367,26440,8077,28,1,72,0E20153B,True,8077,457826,0,0,28.196400,0.000000,0,28,F
368,26512,8078,28,1,72,DB6B5D1E,True,8078,437699,0,0,6.439750,0.000000,0,28,F
369,26584,8079,28,1,72,EE24C089,True,8079,457579,0,0,5.788530,0.000000,0,28,F
370,26656,8080,28,1,72,C97D0C39,True,8080,457699,0,0,22.483000,0.000000,0,28,F
371,26728,8081,28,1,72,2A50D13A,True,8081,457595,0,0,5.469360,0.000000,0,28,F
372,26800,8082,28,1,72,DF8A36B3,True,8082,457799,0,0,9.675140,0.000000,0,28,F
373,26872,8083,28,1,72,F5A9CBF9,True,8083,457812,0,0,26.907400,0.000000,0,28,F
374,26944,8084,28,1,72,9A4E016F,True,8084,447381,0,0,8.546090,0.000000,0,28,F
375,27016,8085,28,1,72,D2D82785,True,8085,457610,0,0,2.172370,0.000000,0,28,F
376,27088,8086,28,1,72,D18830FA,True,8086,458344,0,0,10.824700,0.000000,0,28,F
377,27160,8115,28,1,72,061294FE,True,8115,457796,0,0,4.948340,0.000000,0,28,F
378,27232,8116,28,1,72,D38B6783,True,8116,457793,0,0,6.810490,0.000000,0,28,F
379,27304,8424,28,1,72,A1C69885,True,8424,475022,0,0,4.740400,0.000000,0,28,F
380,27376,8668,28,1,72,EB2F4457,True,8668,458840,0,0,19.358101,0.000000,0,28,F
381,27448,8669,28,1,72,C4CBB551,True,8669,457709,0,0,11.278900,0.000000,0,28,F
382,27520,8670,28,1,72,AEDD43AE,True,8670,457706,0,0,7.846530,0.000000,0,28,F
383,27592,8673,28,1,72,0FD1CE23,True,8673,457715,0,0,2.688940,0.000000,0,28,F
384,27664,8674,28,1,72,5E41DE6D,True,8674,457730,0,0,15.187200,0.000000,0,28,F
385,27736,9589,28,1,72,698CFAD9,True,9589,507310,0,0,32.704800,0.000000,0,28,F
386,27808,9590,28,1,72,815CB86A,True,9590,507313,0,0,26.199600,0.000000,0,28,F
387,27880,9592,28,1,72,5959A4C6,True,9592,507319,0,0,1.975050,0.000000,0,28,F
388,27952,9593,28,1,72,920B89ED,True,9593,507323,0,0,5.000940,0.000000,0,28,F
389,28024,9914,28,1,72,932B0299,True,9914,519341,0,0,74.717102,0.000000,0,28,F
390,28096,9936,28,1,72,C985C01C,True,9936,514791,0,0,44.472301,0.000000,0,28,F
391,28168,10049,28,1,72,D34F56C7,True,10049,514771,0,0,43.458302,0.000000,0,28,F
392,28240,10152,28,1,72,710822DC,True,10152,523227,0,0,51.064201,0.000000,0,28,F
393,28312,10159,28,1,72,CEE9EB87,True,10159,523240,0,0,13.778100,0.000000,0,28,F
394,28384,10161,28,1,72,188C5941,True,10161,523270,0,0,36.811901,0.000000,0,28,F
395,28456,10163,28,1,72,3E0D481C,True,10163,523274,0,0,35.904099,0.000000,0,28,F
396,28528,10184,28,1,72,7DAB2071,True,10184,523345,0,0,3.047760,0.000000,0,28,F
397,28600,10185,28,1,72,1C056454,True,10185,523348,0,0,1.981360,0.000000,0,28,F
398,28672,10220,28,1,72,41EF40DA,True,10220,523630,0,0,4.299420,0.000000,0,28,F
399,28744,10224,28,1,72,A29D702A,True,10224,523646,0,0,1.661550,0.000000,0,28,F
400,28816,10287,28,1,72,59B3A102,True,10287,524442,0,0,11.509700,0.000000,0,28,F
401,28888,10473,28,1,72,71D92DE3,True,10473,526103,0,0,5.032340,0.000000,0,28,F
402,28960,10474,28,1,72,0678410B,True,10474,526108,0,0,11.000800,0.000000,0,28,F
403,29032,10475,28,1,72,4DF98C06,True,10475,526104,0,0,10.676200,0.000000,0,28,F
404,29104,10476,28,1,72,C1959E75,True,10476,526105,0,0,8.336870,0.000000,0,28,F
405,29176,10477,28,1,72,D5C38FC5,True,10477,526106,0,0,7.610740,0.000000,0,28,F
406,29248,10478,28,1,72,9466C691,True,10478,526107,0,0,1.054540,0.000000,0,28,F
407,29320,10997,28,1,72,9F71A3FF,True,10997,395864,0,0,1.240410,0.000000,0,28,F
408,29392,10998,28,1,72,52F989B5,True,10998,395854,0,0,1.240410,0.000000,0,28,F
409,29464,11071,28,1,72,3F80DAC9,True,11071,540284,0,0,31.517300,0.000000,0,28,F
410,29536,11073,28,1,72,558A4B6F,True,11073,540304,0,0,20.016600,0.000000,0,28,F
411,29608,11097,28,1,72,8AD8D582,True,11097,540498,0,0,23.961901,0.000000,0,28,F
412,29680,11137,28,1,72,B5A6477C,True,11137,540680,0,0,30.296700,0.000000,0,28,F
413,29752,11225,28,1,72,627910AA,True,11225,542514,0,0,31.517300,0.000000,0,28,F
414,29824,11233,28,1,72,2F4BF7A2,True,11233,542960,0,0,9.420750,0.000000,0,28,F
415,29896,11316,28,1,72,EB18B659,True,11316,545493,0,0,58.724701,0.000000,0,28,F
416,29968,11317,28,1,72,724B8C4E,True,11317,545496,0,0,47.282299,0.000000,0,28,F
417,30040,11318,28,1,72,4E3B64CB,True,11318,545498,0,0,32.774502,0.000000,0,28,F
418,30112,11319,28,1,72,8568D0A5,True,11319,545500,0,0,28.420500,0.000000,0,28,F
419,30184,11320,28,1,72,8D286445,True,11320,545502,0,0,14.979500,0.000000,0,28,F
420,30256,11321,28,1,72,52DFE173,True,11321,545504,0,0,4.048580,0.000000,0,28,F
421,30328,11327,28,1,72,A33E7185,True,11327,545527,0,0,26.718901,0.000000,0,28,F
422,30400,11329,28,1,72,7C8B01F2,True,11329,545532,0,0,28.429800,0.000000,0,28,F
423,30472,11331,28,1,72,337D5BAD,True,11331,545536,0,0,16.533800,0.000000,0,28,F
424,30544,11333,28,1,72,5776A172,True,11333,545540,0,0,12.928600,0.000000,0,28,F
425,30616,11335,28,1,72,AA91308D,True,11335,545543,0,0,6.623530,0.000000,0,28,F
426,30688,11336,28,1,72,FB1D29DA,True,11336,545549,0,0,0.378835,0.000000,0,28,F
427,30760,11337,28,1,72,F2E98635,True,11337,545551,0,0,0.623382,0.000000,0,28,F
428,30832,11341,28,1,72,3ED937DF,True,11341,545559,0,0,20.069700,0.000000,0,28,F
429,30904,11345,28,1,72,438DA31E,True,11345,545589,0,0,69.835899,0.000000,0,28,F
430,30976,11360,28,1,72,9769ED7C,True,11360,545665,0,0,32.931801,0.000000,0,28,F
431,31048,11362,28,1,72,C224C9AE,True,11362,545674,0,0,18.572300,0.000000,0,28,F
432,31120,11365,28,1,72,3564A487,True,11365,545682,0,0,4.186300,0.000000,0,28,F
433,31192,11366,28,1,72,ED5D818A,True,11366,545679,0,0,14.823500,0.000000,0,28,F
434,31264,11380,28,1,72,8C14B6FD,True,11380,545944,0,0,31.800501,0.000000,0,28,F
435,31336,11381,28,1,72,05BD3049,True,11381,545932,0,0,38.265499,0.000000,0,28,F
436,31408,11382,28,1,72,436C79A8,True,11382,545937,0,0,37.775101,0.000000,0,28,F
437,31480,11395,28,1,72,29586260,True,11395,546010,0,0,67.686203,0.000000,0,28,F
438,31552,11397,28,1,72,72EDDAAC,True,11397,546024,0,0,30.951401,0.000000,0,28,F
439,31624,11493,28,1,72,3F392AD2,True,11493,547148,0,0,7.748930,0.000000,0,28,F
440,31696,9478,28,1,72,4836BA4E,True,9478,457501,0,0,15.425800,0.000000,0,28,F
441,31768,9479,28,1,72,894F7AA7,True,9479,457504,0,0,11.954700,0.000000,0,28,F
442,31840,9480,28,1,72,C0B4DAF0,True,9480,457507,0,0,13.337100,0.000000,0,28,F
443,31912,9482,28,1,72,38AB4158,True,9482,457510,0,0,25.156799,0.000000,0,28,F
444,31984,9483,28,1,72,351E0A22,True,9483,457513,0,0,11.570900,0.000000,0,28,F
445,32056,1375,28,1,72,7D07299E,True,1375,38556,0,0,1.104190,0.000000,0,28,F
446,32128,1523,28,1,72,64A775FC,True,1523,189926,0,0,0.844657,0.000000,0,28,F
447,32200,1543,28,1,72,B741B706,True,1543,189930,0,0,0.715897,0.000000,0,28,F
448,32272,1701,28,1,72,150A3FBB,True,1701,38558,38559,0,1.019550,0.000000,0,28,F
449,32344,1929,28,1,72,CA836C30,True,1929,38557,0,0,0.244735,0.000000,0,28,F
450,32416,2279,28,1,72,CFF969AF,True,2279,38555,0,0,1.049730,0.000000,0,28,F
451,32488,3986,28,1,72,D6E96086,True,3986,75968,0,0,1.133490,0.000000,0,28,F
452,32560,4731,28,1,72,9B6252E6,True,4731,297139,0,0,0.363328,0.000000,0,28,F
453,32632,9925,28,1,72,57E27803,True,9925,514695,0,0,1.511580,0.000000,0,28,F
454,32704,9937,28,1,72,4742F0A7,True,9937,514692,0,0,1.505000,0.000000,0,28,F
455,32776,10218,28,1,72,05781687,True,10218,523601,0,0,1.623250,0.000000,0,28,F
456,32848,335,28,1,72,CCF92748,True,335,38506,38519,0,3.587650,0.000000,0,28,F
457,32920,348,28,1,72,E02F1D3C,True,348,38507,38523,0,6.552810,0.000000,0,28,F
458,32992,519,28,1,72,89EAA5B6,True,519,38505,38514,0,8.874350,0.000000,0,28,F
459,33064,522,28,1,72,3A5A856E,True,522,38508,38526,0,5.734380,0.000000,0,28,F
460,33136,610,28,1,72,53F8EE10,True,610,130198,0,0,7.587190,0.000000,0,28,F
461,33208,612,28,1,72,168D95CE,True,612,131221,0,0,8.549680,0.000000,0,28,F
462,33280,614,28,1,72,DED84AD5,True,614,131242,0,0,7.860840,0.000000,0,28,F
463,33352,616,28,1,72,20B72173,True,616,131263,0,0,8.537710,0.000000,0,28,F
464,33424,621,28,1,72,93D90C30,True,621,38509,38529,0,4.755010,0.000000,0,28,F
465,33496,719,28,1,72,6944C9DF,True,719,38510,38532,0,6.030730,0.000000,0,28,F
466,33568,720,28,1,72,7A25A2DD,True,720,38511,38541,0,5.980710,0.000000,0,28,F
467,33640,905,28,1,72,93D6F117,True,905,38769,38826,0,1.868320,0.000000,0,28,F
468,33712,1150,28,1,72,0DA30816,True,1150,109125,109126,0,10.360700,0.000000,0,28,F
469,33784,1367,28,1,72,1EFE1E44,True,1367,111124,111127,0,5.448090,0.000000,0,28,F
470,33856,1369,28,1,72,D0FBB703,True,1369,111143,111144,0,3.456320,0.000000,0,28,F
471,33928,1374,28,1,72,24C7B712,True,1374,111160,111161,0,2.489720,0.000000,0,28,F
472,34000,1711,28,1,72,249D1E92,True,1711,181191,181923,0,3.769880,0.000000,0,28,F
473,34072,1712,28,1,72,E35AA950,True,1712,38768,38824,0,1.174040,0.000000,0,28,F
474,34144,1858,28,1,72,67743B55,True,1858,38765,38793,0,9.397320,0.000000,0,28,F
475,34216,1859,28,1,72,F559F50B,True,1859,38767,221501,0,9.397320,0.000000,0,28,F
476,34288,1860,28,1,72,03278647,True,1860,38766,38803,0,10.004300,0.000000,0,28,F
477,34360,2031,28,1,72,9DC17629,True,2031,181936,181937,0,3.527390,0.000000,0,28,F
478,34432,2102,28,1,72,E2056816,True,2102,182024,182030,0,6.659410,0.000000,0,28,F
479,34504,2104,28,1,72,4DC4E865,True,2104,182048,182049,0,3.769880,0.000000,0,28,F
480,34576,2106,28,1,72,0ADC20B1,True,2106,182081,182082,0,3.527390,0.000000,0,28,F
481,34648,2109,28,1,72,E88430FB,True,2109,182100,182101,0,6.659410,0.000000,0,28,F
482,34720,2213,28,1,72,9A1E69A8,True,2213,103241,103242,0,6.829980,0.000000,0,28,F
483,34792,2214,28,1,72,9F2E37C4,True,2214,103247,103248,0,6.829980,0.000000,0,28,F
484,34864,2216,28,1,72,49C7FD06,True,2216,103278,103279,0,8.874350,0.000000,0,28,F
485,34936,2220,28,1,72,67F66AA5,True,2220,103296,103297,0,5.734380,0.000000,0,28,F
486,35008,2275,28,1,72,152EC459,True,2275,38762,0,0,7.956190,0.000000,0,28,F
487,35080,2276,28,1,72,2175EE65,True,2276,38763,0,0,8.575900,0.000000,0,28,F
488,35152,2277,28,1,72,2056C17F,True,2277,38764,0,0,8.060330,0.000000,0,28,F
489,35224,2280,28,1,72,8299CF74,True,2280,22996,0,0,7.984590,0.000000,0,28,F
490,35296,2394,28,1,72,14EF570E,True,2394,182275,182276,0,51.001099,0.000000,0,28,F
491,35368,2409,28,1,72,740DB7D2,True,2409,90637,0,0,7.568300,0.000000,0,28,F
492,35440,2874,28,1,72,E2E8B91F,True,2874,90648,0,0,8.559890,0.000000,0,28,F
493,35512,3133,28,1,72,523A053A,True,3133,90657,0,0,8.028430,0.000000,0,28,F
494,35584,3134,28,1,72,37ADE62D,True,3134,90666,0,0,8.679600,0.000000,0,28,F
495,35656,3270,28,1,72,5E2C1774,True,3270,190277,190278,0,10.467400,0.000000,0,28,F
496,35728,3271,28,1,72,62CB6814,True,3271,190282,190283,0,10.666600,0.000000,0,28,F
497,35800,3273,28,1,72,742286C5,True,3273,190287,190288,0,12.971800,0.000000,0,28,F
498,35872,3274,28,1,72,844C0DE4,True,3274,190292,190293,0,9.120090,0.000000,0,28,F
499,35944,3275,28,1,72,61492775,True,3275,190297,190298,0,9.127360,0.000000,0,28,F
500,36016,3276,28,1,72,41D30E0C,True,3276,190302,190303,0,9.521180,0.000000,0,28,F
501,36088,3279,28,1,72,7C35F85E,True,3279,190307,190308,0,6.786250,0.000000,0,28,F
502,36160,3285,28,1,72,3AC9996C,True,3285,190410,190411,0,4.522580,0.000000,0,28,F
503,36232,3286,28,1,72,BB38379E,True,3286,190415,190416,0,4.229400,0.000000,0,28,F
504,36304,3287,28,1,72,F279AB5D,True,3287,190420,190421,0,5.822380,0.000000,0,28,F
505,36376,3289,28,1,72,148AC6BF,True,3289,190425,190426,0,5.287100,0.000000,0,28,F
506,36448,3290,28,1,72,BB5C3108,True,3290,190430,190431,0,8.090980,0.000000,0,28,F
507,36520,3639,28,1,72,5E3D0A7C,True,3639,62855,62879,0,3.587650,0.000000,0,28,F
508,36592,3640,28,1,72,3B38A9CA,True,3640,62884,62885,0,6.552810,0.000000,0,28,F
509,36664,3641,28,1,72,7CD32917,True,3641,62889,62890,0,5.734380,0.000000,0,28,F
510,36736,3642,28,1,72,F4675AD6,True,3642,62974,63035,0,4.755010,0.000000,0,28,F
511,36808,3659,28,1,72,195BF941,True,3659,63380,63381,0,8.874350,0.000000,0,28,F
512,36880,3952,28,1,72,3C505A63,True,3952,75599,466097,0,15.936200,0.000000,0,28,F
513,36952,3955,28,1,72,1C760F7B,True,3955,75607,466098,0,18.273899,0.000000,0,28,F
514,37024,3956,28,1,72,09D344EE,True,3956,75614,75615,0,8.874350,0.000000,0,28,F
515,37096,3957,28,1,72,85394E6A,True,3957,75620,466099,0,15.936200,0.000000,0,28,F
516,37168,3958,28,1,72,D31339A4,True,3958,75625,466103,0,18.273899,0.000000,0,28,F
517,37240,3962,28,1,72,F76D96DA,True,3962,75706,75707,0,8.874350,0.000000,0,28,F
518,37312,3963,28,1,72,B6079B10,True,3963,75712,466100,0,15.936200,0.000000,0,28,F
519,37384,3964,28,1,72,A92CF2A6,True,3964,75717,466104,0,18.273899,0.000000,0,28,F
520,37456,3968,28,1,72,9FD3DC46,True,3968,75763,466101,0,15.936200,0.000000,0,28,F
521,37528,3969,28,1,72,57498700,True,3969,75774,466105,0,18.273899,0.000000,0,28,F
522,37600,3970,28,1,72,939B37B5,True,3970,75779,75780,0,10.221100,0.000000,0,28,F
523,37672,3973,28,1,72,A06ED924,True,3973,75832,466102,0,15.936200,0.000000,0,28,F
524,37744,3974,28,1,72,B99244E6,True,3974,75837,466106,0,18.273899,0.000000,0,28,F
525,37816,3978,28,1,72,0C779BAE,True,3978,75867,75868,0,3.587650,0.000000,0,28,F
526,37888,3979,28,1,72,2DACF189,True,3979,75872,75873,0,5.734380,0.000000,0,28,F
527,37960,3980,28,1,72,7A10B337,True,3980,75878,75879,0,3.587650,0.000000,0,28,F
528,38032,3983,28,1,72,AC706B4C,True,3983,75920,75921,0,6.030730,0.000000,0,28,F
529,38104,3984,28,1,72,FACA1BA6,True,3984,75931,75932,0,5.980710,0.000000,0,28,F
530,38176,4620,28,1,72,23DE1248,True,4620,221409,221468,0,13.763300,0.000000,0,28,F
531,38248,4625,28,1,72,EBF2BF3A,True,4625,221464,221525,0,8.025570,0.000000,0,28,F
532,38320,4626,28,1,72,C7284C51,True,4626,221465,221530,0,9.177370,0.000000,0,28,F
533,38392,4627,28,1,72,29B40A86,True,4627,221466,221535,0,10.486900,0.000000,0,28,F
534,38464,4628,28,1,72,8D236E17,True,4628,221467,221541,0,7.541580,0.000000,0,28,F
535,38536,4650,28,1,72,89497432,True,4650,223622,223625,0,6.610790,0.000000,0,28,F
536,38608,4654,28,1,72,267985EA,True,4654,223650,223670,0,5.258060,0.000000,0,28,F
537,38680,5648,28,1,72,988E9772,True,5648,169847,169848,0,11.726200,0.000000,0,28,F
538,38752,6337,28,1,72,4C848485,True,6337,306151,306152,0,5.804830,0.000000,0,28,F
539,38824,6338,28,1,72,686856A5,True,6338,306156,306157,0,5.490260,0.000000,0,28,F
540,38896,6339,28,1,72,039CBA4B,True,6339,306161,306162,0,8.060350,0.000000,0,28,F
541,38968,6340,28,1,72,14C3C4B2,True,6340,306166,306167,0,13.169400,0.000000,0,28,F
542,39040,6341,28,1,72,C0847434,True,6341,306171,306172,0,12.052000,0.000000,0,28,F
543,39112,6342,28,1,72,6EEA91F6,True,6342,306176,306177,0,7.122550,0.000000,0,28,F
544,39184,6343,28,1,72,C4E7C68D,True,6343,306181,306182,0,11.370600,0.000000,0,28,F
545,39256,6344,28,1,72,0E0E6091,True,6344,306186,306187,0,5.294100,0.000000,0,28,F
546,39328,6345,28,1,72,BD6DEC11,True,6345,306191,306192,0,8.300550,0.000000,0,28,F
547,39400,8663,28,1,72,E00F9C82,True,8663,457523,457524,0,0.801968,0.000000,0,28,F
548,39472,8664,28,1,72,D1954913,True,8664,457532,0,0,4.725270,0.000000,0,28,F
549,39544,9521,28,1,72,7C8C5FC0,True,9521,506431,0,0,1.309040,0.000000,0,28,F
550,39616,9531,28,1,72,30613409,True,9531,506474,0,0,4.489160,0.000000,0,28,F
551,39688,9533,28,1,72,C4CE8D73,True,9533,506480,0,0,4.589580,0.000000,0,28,F
552,39760,9535,28,1,72,4A025301,True,9535,506485,0,0,6.200850,0.000000,0,28,F
553,39832,9537,28,1,72,0CFA6B4E,True,9537,506490,0,0,1.960860,0.000000,0,28,F
554,39904,9903,28,1,72,0349597C,True,9903,514454,0,0,6.640630,0.000000,0,28,F
555,39976,9904,28,1,72,89B7FDA3,True,9904,514460,0,0,4.747760,0.000000,0,28,F
556,40048,9906,28,1,72,E1EB3693,True,9906,514464,0,0,7.089100,0.000000,0,28,F
557,40120,9908,28,1,72,6F7A66D8,True,9908,514468,0,0,11.289100,0.000000,0,28,F
558,40192,9924,28,1,72,94001773,True,9924,514678,0,0,13.809700,0.000000,0,28,F
559,40264,10289,28,1,72,54461C14,True,10289,524523,0,0,1.103180,0.000000,0,28,F
560,40336,10291,28,1,72,6F4FBF4D,True,10291,524527,0,0,1.444970,0.000000,0,28,F
561,40408,10363,28,1,72,2B590127,True,10363,525621,0,0,15.711900,0.000000,0,28,F
562,40480,10364,28,1,72,9B8B434A,True,10364,525624,0,0,37.836201,0.000000,0,28,F
563,40552,10365,28,1,72,4A282009,True,10365,525626,0,0,21.852100,0.000000,0,28,F
564,40624,10366,28,1,72,A7E51451,True,10366,525628,0,0,11.320500,0.000000,0,28,F
565,40696,10491,28,1,72,6B36C0E7,True,10491,526552,0,0,8.206780,0.000000,0,28,F
566,40768,10492,28,1,72,EA4BE89C,True,10492,526555,0,0,4.899910,0.000000,0,28,F
567,40840,10493,28,1,72,6A1382F2,True,10493,526557,0,0,10.857600,0.000000,0,28,F
568,40912,10494,28,1,72,9BC42FC9,True,10494,526559,0,0,6.423970,0.000000,0,28,F
569,40984,10495,28,1,72,C17FFBCB,True,10495,526561,0,0,1.032780,0.000000,0,28,F
570,41056,10499,28,1,72,E907887A,True,10499,526578,0,0,4.838860,0.000000,0,28,F
571,41128,11280,28,1,72,A9DF548B,True,11280,544506,544507,0,42.601101,0.000000,0,28,F
572,41200,11281,28,1,72,C0BD52FD,True,11281,544512,544513,0,40.574299,0.000000,0,28,F
573,41272,718,28,1,72,BD4D768B,True,718,38167,38294,0,1.526370,0.000000,0,28,F
574,41344,1930,28,1,72,2ECC9014,True,1930,38117,38173,0,2.251280,0.000000,0,28,F
575,41416,1931,28,1,72,D003731A,True,1931,38118,38177,0,3.492080,0.000000,0,28,F
576,41488,1937,28,1,72,260F9A25,True,1937,38166,38181,0,3.228460,0.000000,0,28,F
577,41560,1940,28,1,72,4ADB4AE5,True,1940,38168,38472,0,0.511953,0.000000,0,28,F
578,41632,1943,28,1,72,78E7BB3B,True,1943,38169,38483,0,0.322289,0.000000,0,28,F
579,41704,1951,28,1,72,AA5BDFED,True,1951,38170,28367,0,2.658660,0.000000,0,28,F
580,41776,1952,28,1,72,9A3F731E,True,1952,38171,38498,0,1.268670,0.000000,0,28,F
581,41848,1953,28,1,72,EC9639C1,True,1953,38172,38501,0,1.830590,0.000000,0,28,F
582,41920,266,28,1,72,FB99E66B,True,266,105794,0,0,1.010950,0.000000,0,28,F
583,41992,268,28,1,72,8A01D0F2,True,268,105811,0,0,1.081020,0.000000,0,28,F
584,42064,272,28,1,72,91BCB221,True,272,105828,0,0,1.268580,0.000000,0,28,F
585,42136,274,28,1,72,46EB35D2,True,274,105844,0,0,0.895384,0.000000,0,28,F
586,42208,276,28,1,72,0BD9C74D,True,276,105860,0,0,0.727954,0.000000,0,28,F
587,42280,278,28,1,72,1C7B22F0,True,278,105876,0,0,0.893677,0.000000,0,28,F
588,42352,283,28,1,72,E87CDB32,True,283,105894,0,0,0.671938,0.000000,0,28,F
589,42424,289,28,1,72,C7DB2DB9,True,289,105911,0,0,0.728023,0.000000,0,28,F
590,42496,291,28,1,72,71075B5E,True,291,105927,0,0,1.170660,0.000000,0,28,F
591,42568,699,28,1,72,F2F6ACA5,True,699,188324,0,0,3.229650,0.000000,0,28,F
592,42640,712,28,1,72,FBF1408D,True,712,188328,0,0,3.693480,0.000000,0,28,F
593,42712,713,28,1,72,850DC1B7,True,713,188342,0,0,4.002720,0.000000,0,28,F
594,42784,740,28,1,72,44D54021,True,740,188356,0,0,3.290630,0.000000,0,28,F
595,42856,759,28,1,72,6922FCCF,True,759,108674,108675,0,0.980047,0.000000,0,28,F
596,42928,1058,28,1,72,7237828A,True,1058,108587,108588,0,2.301370,0.000000,0,28,F
597,43000,1059,28,1,72,05FC4182,True,1059,108592,108593,0,2.080460,0.000000,0,28,F
598,43072,1060,28,1,72,95C2F835,True,1060,108597,108598,0,1.986760,0.000000,0,28,F
599,43144,1061,28,1,72,E6561491,True,1061,108601,108602,0,1.641480,0.000000,0,28,F
600,43216,1062,28,1,72,ADDAC5B3,True,1062,108605,108606,0,1.051490,0.000000,0,28,F
601,43288,1137,28,1,72,A74698FD,True,1137,109386,109387,0,2.565720,0.000000,0,28,F
602,43360,1138,28,1,72,587211FA,True,1138,117224,117225,0,3.193480,0.000000,0,28,F
603,43432,1139,28,1,72,A42D62C7,True,1139,109386,109387,0,2.565720,0.000000,0,28,F
604,43504,1670,28,1,72,3DC7E67C,True,1670,189957,189958,0,1.151350,0.000000,0,28,F
605,43576,1797,28,1,72,75DED325,True,1797,189962,189963,0,1.118100,0.000000,0,28,F
606,43648,1885,28,1,72,FF75D2D8,True,1885,189966,189967,0,0.815334,0.000000,0,28,F
607,43720,1935,28,1,72,E614AFB0,True,1935,190012,190013,0,5.565950,0.000000,0,28,F
608,43792,1941,28,1,72,873EB5D4,True,1941,190017,190018,0,4.098980,0.000000,0,28,F
609,43864,2185,28,1,72,538A0238,True,2185,190049,0,0,0.957851,0.000000,0,28,F
610,43936,2186,28,1,72,CDE27601,True,2186,190056,0,0,1.263780,0.000000,0,28,F
611,44008,2187,28,1,72,B94CC968,True,2187,190059,0,0,0.602081,0.000000,0,28,F
612,44080,2200,28,1,72,44BC91D1,True,2200,190107,0,0,2.569760,0.000000,0,28,F
613,44152,2253,28,1,72,8525F9A1,True,2253,190113,0,0,2.891920,0.000000,0,28,F
614,44224,2265,28,1,72,2EA49447,True,2265,38750,0,0,12.466400,0.000000,0,28,F
615,44296,2266,28,1,72,5877EF65,True,2266,38751,0,0,4.472600,0.000000,0,28,F
616,44368,2363,28,1,72,85F05969,True,2363,190116,0,0,2.835240,0.000000,0,28,F
617,44440,2397,28,1,72,D9B3D2F9,True,2397,182327,182328,0,2.386390,0.000000,0,28,F
618,44512,2399,28,1,72,D8440CF1,True,2399,182351,182352,0,2.493370,0.000000,0,28,F
619,44584,2407,28,1,72,79DC3466,True,2407,182369,182370,0,1.473150,0.000000,0,28,F
620,44656,2696,28,1,72,ABF62FBE,True,2696,184015,184016,0,0.854165,0.000000,0,28,F
621,44728,2891,28,1,72,99A40F53,True,2891,11692,193838,0,3.214190,0.000000,0,28,F
622,44800,2893,28,1,72,90CEBC0C,True,2893,35527,190635,0,2.303170,0.000000,0,28,F
623,44872,2895,28,1,72,B3B48F98,True,2895,37551,190639,0,3.893600,0.000000,0,28,F
624,44944,2897,28,1,72,8A1F00A0,True,2897,45052,0,0,1.541310,0.000000,0,28,F
625,45016,2899,28,1,72,ADFD2428,True,2899,45080,0,0,2.261540,0.000000,0,28,F
626,45088,2901,28,1,72,1D047139,True,2901,31657,0,0,3.804280,0.000000,0,28,F
627,45160,3246,28,1,72,DA38DEDC,True,3246,186315,349872,0,3.428710,0.000000,0,28,F
628,45232,3254,28,1,72,832D1CEA,True,3254,186480,0,0,6.353670,0.000000,0,28,F
629,45304,3258,28,1,72,2BFD2F3E,True,3258,186702,0,0,2.137570,0.000000,0,28,F
630,45376,3260,28,1,72,DFB3C78C,True,3260,186733,349906,0,8.097090,0.000000,0,28,F
631,45448,3436,28,1,72,1D50C639,True,3436,203563,0,0,1.666650,0.000000,0,28,F
632,45520,3882,28,1,72,9054D4FA,True,3882,74555,106819,0,2.995450,0.000000,0,28,F
633,45592,3883,28,1,72,7D00DF7B,True,3883,74574,74575,0,2.594170,0.000000,0,28,F
634,45664,3884,28,1,72,8C095217,True,3884,74591,74592,0,3.670650,0.000000,0,28,F
635,45736,3885,28,1,72,9F6C8BE2,True,3885,74608,74609,0,2.437960,0.000000,0,28,F
636,45808,3903,28,1,72,EB9C91F3,True,3903,75021,75023,0,3.244070,0.000000,0,28,F
637,45880,3904,28,1,72,5B48B859,True,3904,75029,75030,0,3.290210,0.000000,0,28,F
638,45952,3905,28,1,72,90254D27,True,3905,75034,75035,0,2.327810,0.000000,0,28,F
639,46024,3908,28,1,72,96079FE6,True,3908,75075,190646,0,4.783170,0.000000,0,28,F
640,46096,3909,28,1,72,6D1F441E,True,3909,75080,190649,0,4.557320,0.000000,0,28,F
641,46168,3913,28,1,72,AB723CAA,True,3913,75118,0,0,4.641250,0.000000,0,28,F
642,46240,3914,28,1,72,5C1CF875,True,3914,75125,0,0,2.957840,0.000000,0,28,F
643,46312,3915,28,1,72,70780CA1,True,3915,75130,0,0,1.462770,0.000000,0,28,F
644,46384,3928,28,1,72,EFC7F14E,True,3928,75281,75282,0,1.426500,0.000000,0,28,F
645,46456,3929,28,1,72,E7759BF1,True,3929,75286,75287,0,1.077840,0.000000,0,28,F
646,46528,3930,28,1,72,9C4B9A32,True,3930,75290,75291,0,0.682484,0.000000,0,28,F
647,46600,3938,28,1,72,10746187,True,3938,75330,190666,0,1.916840,0.000000,0,28,F
648,46672,3939,28,1,72,4CA4BF56,True,3939,75335,190669,0,1.569480,0.000000,0,28,F
649,46744,3940,28,1,72,84B7CEBB,True,3940,75339,190672,0,0.921392,0.000000,0,28,F
650,46816,3941,28,1,72,3099B998,True,3941,75343,190763,0,2.044140,0.000000,0,28,F
651,46888,3942,28,1,72,E14D608B,True,3942,75347,190784,0,1.256120,0.000000,0,28,F
652,46960,3943,28,1,72,3DF4496E,True,3943,75351,0,0,1.275750,0.000000,0,28,F
653,47032,3944,28,1,72,C822CFAC,True,3944,75355,0,0,1.009850,0.000000,0,28,F
654,47104,4040,28,1,72,1C36E5FC,True,4040,216909,0,0,3.824530,0.000000,0,28,F
655,47176,4044,28,1,72,365CBD95,True,4044,217060,0,0,3.534990,0.000000,0,28,F
656,47248,4046,28,1,72,83071976,True,4046,217103,0,0,2.079100,0.000000,0,28,F
657,47320,4061,28,1,72,12C635C6,True,4061,77852,77853,0,3.908450,0.000000,0,28,F
658,47392,4382,28,1,72,1620AF96,True,4382,296222,0,0,1.382250,0.000000,0,28,F
659,47464,4383,28,1,72,1F2C9AAB,True,4383,296225,0,0,0.917869,0.000000,0,28,F
660,47536,4387,28,1,72,456D02E7,True,4387,296228,0,0,0.432070,0.000000,0,28,F
661,47608,4504,28,1,72,762F87BA,True,4504,296288,296289,0,2.555330,0.000000,0,28,F
662,47680,4505,28,1,72,90EFB6E7,True,4505,296297,296298,0,1.892840,0.000000,0,28,F
663,47752,4514,28,1,72,9B1A5E2C,True,4514,296720,0,0,1.134860,0.000000,0,28,F
664,47824,4516,28,1,72,9C5C28D9,True,4516,296737,0,0,0.869522,0.000000,0,28,F
665,47896,4518,28,1,72,049CBA4B,True,4518,296755,0,0,0.919516,0.000000,0,28,F
666,47968,4520,28,1,72,FBE03312,True,4520,296773,0,0,1.097220,0.000000,0,28,F
667,48040,5152,28,1,72,019FA95A,True,5152,297382,0,0,1.547070,0.000000,0,28,F
668,48112,5155,28,1,72,B23144C3,True,5155,297389,0,0,0.806696,0.000000,0,28,F
669,48184,5270,28,1,72,A8968D55,True,5270,297728,0,0,7.664070,0.000000,0,28,F
670,48256,5271,28,1,72,0902EEFD,True,5271,297734,0,0,5.342540,0.000000,0,28,F
671,48328,5344,28,1,72,B392F00F,True,5344,298441,0,0,2.382530,0.000000,0,28,F
672,48400,5378,28,1,72,3A184F11,True,5378,298603,0,0,4.892310,0.000000,0,28,F
673,48472,6077,28,1,72,7429FC99,True,6077,298743,0,0,2.732370,0.000000,0,28,F
674,48544,6080,28,1,72,58744235,True,6080,298746,0,0,4.818950,0.000000,0,28,F
675,48616,6086,28,1,72,38F4B04D,True,6086,298748,0,0,3.387840,0.000000,0,28,F
676,48688,6088,28,1,72,684F9207,True,6088,298756,0,0,1.536740,0.000000,0,28,F
677,48760,6104,28,1,72,2E2F1995,True,6104,298945,0,0,2.138950,0.000000,0,28,F
678,48832,6105,28,1,72,469C7AD7,True,6105,298949,0,0,2.138950,0.000000,0,28,F
679,48904,6214,28,1,72,84971D2F,True,6214,300179,0,0,2.741440,0.000000,0,28,F
680,48976,6217,28,1,72,ED011347,True,6217,300207,0,0,1.536740,0.000000,0,28,F
681,49048,6241,28,1,72,79FC8E2F,True,6241,302440,0,0,1.405170,0.000000,0,28,F
682,49120,6281,28,1,72,4A5F4A51,True,6281,303670,0,0,2.058890,0.000000,0,28,F
683,49192,6282,28,1,72,29696964,True,6282,303673,0,0,1.668030,0.000000,0,28,F
684,49264,6289,28,1,72,2E6CE0F6,True,6289,305165,0,0,2.565300,0.000000,0,28,F
685,49336,6290,28,1,72,E0B0C1F3,True,6290,305169,0,0,1.544020,0.000000,0,28,F
686,49408,6291,28,1,72,B721F4A4,True,6291,305172,0,0,1.022530,0.000000,0,28,F
687,49480,6294,28,1,72,BC986B03,True,6294,305212,0,0,2.688080,0.000000,0,28,F
688,49552,6295,28,1,72,C60E9F47,True,6295,305216,0,0,1.780180,0.000000,0,28,F
689,49624,6455,28,1,72,4A736870,True,6455,344806,0,0,4.852340,0.000000,0,28,F
690,49696,6459,28,1,72,179C05EB,True,6459,344825,0,0,4.529050,0.000000,0,28,F
691,49768,6460,28,1,72,419B9B48,True,6460,344829,0,0,4.466140,0.000000,0,28,F
692,49840,6461,28,1,72,A43C1435,True,6461,344832,0,0,2.850140,0.000000,0,28,F
693,49912,8074,28,1,72,17E10B2B,True,8074,437693,0,0,0.872947,0.000000,0,28,F
694,49984,8075,28,1,72,54382989,True,8075,437696,0,0,1.618060,0.000000,0,28,F
695,50056,9465,28,1,72,F6592D1D,True,9465,505536,0,0,2.475090,0.000000,0,28,F
696,50128,9487,28,1,72,BC47A731,True,9487,505853,0,0,1.049050,0.000000,0,28,F
697,50200,9489,28,1,72,FF0C50A4,True,9489,505879,0,0,6.401800,0.000000,0,28,F
698,50272,9491,28,1,72,ADC7C749,True,9491,505928,0,0,0.851350,0.000000,0,28,F
699,50344,9493,28,1,72,AF560AF0,True,9493,505935,0,0,8.269080,0.000000,0,28,F
700,50416,9495,28,1,72,8CCD2A6A,True,9495,505939,0,0,1.464250,0.000000,0,28,F
701,50488,9497,28,1,72,6D9D55B5,True,9497,505943,0,0,16.072599,0.000000,0,28,F
702,50560,9503,28,1,72,74C4C2E4,True,9503,506231,0,0,15.710100,0.000000,0,28,F
703,50632,9539,28,1,72,92DFA845,True,9539,506967,0,0,2.186180,0.000000,0,28,F
704,50704,9569,28,1,72,737D9155,True,9569,507194,0,0,10.578100,0.000000,0,28,F
705,50776,9572,28,1,72,F04D843B,True,9572,507199,0,0,3.491610,0.000000,0,28,F
706,50848,9578,28,1,72,E5172399,True,9578,507238,0,0,1.020250,0.000000,0,28,F
707,50920,9580,28,1,72,70097FDE,True,9580,507264,0,0,7.681200,0.000000,0,28,F
708,50992,9583,28,1,72,4876EA18,True,9583,507292,0,0,1.309630,0.000000,0,28,F
709,51064,9585,28,1,72,E78A29D9,True,9585,507296,0,0,0.375250,0.000000,0,28,F
710,51136,9624,28,1,72,D88C68B7,True,9624,508684,0,0,36.321201,0.000000,0,28,F
711,51208,9625,28,1,72,694B01B5,True,9625,456835,0,0,2.374770,0.000000,0,28,F
712,51280,9683,28,1,72,20DD7B6E,True,9683,509252,0,0,3.476330,0.000000,0,28,F
713,51352,9685,28,1,72,0E10AB63,True,9685,509299,0,0,13.421400,0.000000,0,28,F
714,51424,9687,28,1,72,C1B95556,True,9687,509346,0,0,2.310950,0.000000,0,28,F
715,51496,9691,28,1,72,25E95A72,True,9691,509994,0,0,1.518030,0.000000,0,28,F
716,51568,9942,28,1,72,1731E9AD,True,9942,514849,0,0,81.000000,0.000000,0,28,F
717,51640,9943,28,1,72,279C23C7,True,9943,514854,0,0,81.000000,0.000000,0,28,F
718,51712,10165,28,1,72,3F7F414F,True,10165,523279,0,0,1.771440,0.000000,0,28,F
719,51784,10188,28,1,72,22643CFE,True,10188,523354,0,0,0.915847,0.000000,0,28,F
720,51856,10196,28,1,72,137CF70A,True,10196,523365,0,0,0.981368,0.000000,0,28,F
721,51928,10212,28,1,72,8D76DD60,True,10212,523564,0,0,1.505440,0.000000,0,28,F
722,52000,10214,28,1,72,BA4CEAB1,True,10214,523568,0,0,0.829606,0.000000,0,28,F
723,52072,10216,28,1,72,74D29859,True,10216,523596,0,0,0.924706,0.000000,0,28,F
724,52144,10222,28,1,72,A92B292C,True,10222,523640,0,0,0.805238,0.000000,0,28,F
725,52216,10284,28,1,72,E5EFD675,True,10284,524439,0,0,1.511580,0.000000,0,28,F
726,52288,10343,28,1,72,C0333455,True,10343,525630,0,0,22.741899,0.000000,0,28,F
727,52360,10344,28,1,72,22A536E3,True,10344,525633,0,0,17.058599,0.000000,0,28,F
728,52432,10348,28,1,72,A934ED05,True,10348,525636,0,0,2.111690,0.000000,0,28,F
729,52504,10349,28,1,72,714DAF72,True,10349,525639,0,0,4.680880,0.000000,0,28,F
730,52576,10350,28,1,72,756A02AF,True,10350,525642,0,0,2.953130,0.000000,0,28,F
731,52648,10373,28,1,72,4939ECD7,True,10373,525649,0,0,17.120501,0.000000,0,28,F
732,52720,10374,28,1,72,A7759BF5,True,10374,525652,0,0,12.196600,0.000000,0,28,F
733,52792,10375,28,1,72,06ECEC98,True,10375,525654,0,0,9.750560,0.000000,0,28,F
734,52864,10376,28,1,72,DD829D41,True,10376,525656,0,0,7.634070,0.000000,0,28,F
735,52936,10377,28,1,72,B1CA6420,True,10377,525658,0,0,5.251850,0.000000,0,28,F
736,53008,10378,28,1,72,C47AC9D9,True,10378,525660,0,0,4.467550,0.000000,0,28,F
737,53080,10434,28,1,72,B80EAC91,True,10434,525918,0,0,2.889600,0.000000,0,28,F
738,53152,10436,28,1,72,9D20327B,True,10436,525922,0,0,1.118730,0.000000,0,28,F
739,53224,10438,28,1,72,57891482,True,10438,525926,0,0,14.028500,0.000000,0,28,F
740,53296,10440,28,1,72,4F02106E,True,10440,525930,0,0,6.657210,0.000000,0,28,F
741,53368,10442,28,1,72,ACA142AC,True,10442,525934,0,0,4.386430,0.000000,0,28,F
742,53440,10444,28,1,72,E2022C28,True,10444,525938,0,0,0.627546,0.000000,0,28,F
743,53512,10446,28,1,72,F1089CDE,True,10446,525942,0,0,0.826791,0.000000,0,28,F
744,53584,10448,28,1,72,F0FB05D1,True,10448,525946,0,0,1.434830,0.000000,0,28,F
745,53656,10450,28,1,72,B27B9D3E,True,10450,525950,0,0,0.588048,0.000000,0,28,F
746,53728,10452,28,1,72,E1183B47,True,10452,525954,0,0,1.494780,0.000000,0,28,F
747,53800,10454,28,1,72,B9CB93F9,True,10454,525958,0,0,0.751910,0.000000,0,28,F
748,53872,10456,28,1,72,E36DEA17,True,10456,525961,0,0,0.605282,0.000000,0,28,F
749,53944,10458,28,1,72,580A3726,True,10458,525964,0,0,3.267830,0.000000,0,28,F
750,54016,10460,28,1,72,6DBB154C,True,10460,525968,0,0,2.396630,0.000000,0,28,F
751,54088,10462,28,1,72,C32FDEE8,True,10462,525982,0,0,10.190400,0.000000,0,28,F
752,54160,10464,28,1,72,7DB052FB,True,10464,525990,0,0,16.920601,0.000000,0,28,F
753,54232,10506,28,1,72,B6F2CC5C,True,10506,526608,0,0,7.256910,0.000000,0,28,F
754,54304,10507,28,1,72,BE3F69AF,True,10507,526620,0,0,3.890350,0.000000,0,28,F
755,54376,10508,28,1,72,4BB83ADA,True,10508,526624,0,0,1.263860,0.000000,0,28,F
756,54448,10509,28,1,72,942E78F3,True,10509,526627,0,0,0.713196,0.000000,0,28,F
757,54520,10510,28,1,72,85410F24,True,10510,526630,0,0,0.459124,0.000000,0,28,F
758,54592,11324,28,1,72,481AF312,True,11324,545521,0,0,2.407730,0.000000,0,28,F
759,54664,11325,28,1,72,F8DDB81A,True,11325,545518,0,0,1.782640,0.000000,0,28,F
760,54736,11343,28,1,72,8959F4B2,True,11343,545570,0,0,48.166100,0.000000,0,28,F
761,54808,11387,28,1,72,BDCD244C,True,11387,545976,0,0,1.611370,0.000000,0,28,F
762,54880,11388,28,1,72,0670F7EA,True,11388,545980,0,0,2.104320,0.000000,0,28,F
763,54952,11391,28,1,72,7E4BC524,True,11391,545990,0,0,1.611370,0.000000,0,28,F
764,55024,404,28,1,72,129DC3A6,True,404,38580,0,0,1.261010,0.000000,0,28,F
765,55096,463,28,1,72,FAB24D70,True,463,78416,0,0,3.960820,0.000000,0,28,F
766,55168,760,28,1,72,B3B12C39,True,760,103698,0,0,0.362130,0.000000,0,28,F
767,55240,771,28,1,72,7203A4C1,True,771,103711,0,0,0.362130,0.000000,0,28,F
768,55312,777,28,1,72,A5649E7C,True,777,103724,0,0,0.362130,0.000000,0,28,F
769,55384,783,28,1,72,6F8EBD5F,True,783,103738,0,0,0.362130,0.000000,0,28,F
770,55456,788,28,1,72,E6EF3F74,True,788,103751,0,0,0.362130,0.000000,0,28,F
771,55528,819,28,1,72,F32CB992,True,819,103764,0,0,0.362130,0.000000,0,28,F
772,55600,831,28,1,72,91CADF31,True,831,103777,0,0,0.362130,0.000000,0,28,F
773,55672,838,28,1,72,3E5AF43D,True,838,103790,0,0,0.362130,0.000000,0,28,F
774,55744,840,28,1,72,A10196DE,True,840,103803,0,0,0.362130,0.000000,0,28,F
775,55816,862,28,1,72,C272439D,True,862,103838,0,0,0.362130,0.000000,0,28,F
776,55888,865,28,1,72,BEB2671E,True,865,103852,0,0,0.362130,0.000000,0,28,F
777,55960,880,28,1,72,6B0E66BE,True,880,103866,0,0,0.362130,0.000000,0,28,F
778,56032,882,28,1,72,2782BAF7,True,882,103879,0,0,0.324018,0.000000,0,28,F
779,56104,885,28,1,72,8E48ACDE,True,885,103895,0,0,0.362130,0.000000,0,28,F
780,56176,887,28,1,72,D5A51BAC,True,887,103909,0,0,0.362130,0.000000,0,28,F
781,56248,898,28,1,72,06D5E13F,True,898,103922,0,0,0.362130,0.000000,0,28,F
782,56320,932,28,1,72,70D0377B,True,932,103936,0,0,0.362130,0.000000,0,28,F
783,56392,934,28,1,72,49950A87,True,934,103949,0,0,0.362130,0.000000,0,28,F
784,56464,1038,28,1,72,3F69BAB7,True,1038,107734,0,0,2.202680,0.000000,0,28,F
785,56536,1040,28,1,72,4883CA18,True,1040,107749,0,0,2.380040,0.000000,0,28,F
786,56608,1356,28,1,72,7C4038AB,True,1356,38578,0,0,1.558360,0.000000,0,28,F
787,56680,1399,28,1,72,7707780A,True,1399,38576,0,0,1.326090,0.000000,0,28,F
788,56752,1400,28,1,72,B98EF13A,True,1400,38577,0,0,1.347390,0.000000,0,28,F
789,56824,1576,28,1,72,CF148089,True,1576,94606,0,0,1.337930,0.000000,0,28,F
790,56896,1577,28,1,72,52DF0960,True,1577,94609,0,0,1.337930,0.000000,0,28,F
791,56968,1579,28,1,72,5A8203EB,True,1579,94619,0,0,1.337930,0.000000,0,28,F
792,57040,1580,28,1,72,B630EFA0,True,1580,94639,0,0,1.337930,0.000000,0,28,F
793,57112,1581,28,1,72,ABEFCBAE,True,1581,94675,0,0,1.337930,0.000000,0,28,F
794,57184,1583,28,1,72,40A7CAEC,True,1583,94678,0,0,1.337930,0.000000,0,28,F
795,57256,1584,28,1,72,E955A266,True,1584,94682,0,0,1.337930,0.000000,0,28,F
796,57328,1781,28,1,72,726E003E,True,1781,38575,0,0,5.959280,0.000000,0,28,F
797,57400,2179,28,1,72,AC12E7B5,True,2179,191755,0,0,1.633190,0.000000,0,28,F
798,57472,2224,28,1,72,340EA9C1,True,2224,103328,0,0,0.362130,0.000000,0,28,F
799,57544,2226,28,1,72,0D4B943D,True,2226,103341,0,0,0.362130,0.000000,0,28,F
800,57616,2441,28,1,72,3E3D6DFE,True,2441,103357,0,0,0.362130,0.000000,0,28,F
801,57688,2815,28,1,72,99F091BD,True,2815,193271,0,0,12.735900,0.000000,0,28,F
802,57760,2863,28,1,72,9CA13497,True,2863,103370,0,0,0.362130,0.000000,0,28,F
803,57832,2925,28,1,72,66B2B6E0,True,2925,45388,0,0,3.745380,0.000000,0,28,F
804,57904,3000,28,1,72,1C4C206F,True,3000,103383,0,0,0.362130,0.000000,0,28,F
805,57976,3002,28,1,72,C684F23A,True,3002,103396,0,0,0.362130,0.000000,0,28,F
806,58048,3005,28,1,72,55C5852C,True,3005,103409,0,0,0.362130,0.000000,0,28,F
807,58120,3020,28,1,72,F7FA46C8,True,3020,103422,0,0,0.362130,0.000000,0,28,F
808,58192,3055,28,1,72,B7D90F01,True,3055,103435,0,0,0.362130,0.000000,0,28,F
809,58264,3298,28,1,72,EF97333D,True,3298,190552,0,0,0.945405,0.000000,0,28,F
810,58336,3357,28,1,72,1DA71B20,True,3357,191726,0,0,2.905210,0.000000,0,28,F
811,58408,3358,28,1,72,5F183C17,True,3358,191729,0,0,2.497530,0.000000,0,28,F
812,58480,3362,28,1,72,461F0974,True,3362,191755,0,0,2.208400,0.000000,0,28,F
813,58552,3363,28,1,72,AF890F11,True,3363,191758,0,0,2.208400,0.000000,0,28,F
814,58624,3866,28,1,72,E3976B51,True,3866,336527,0,0,2.202680,0.000000,0,28,F
815,58696,3920,28,1,72,39C54BBC,True,3920,75187,0,0,3.891670,0.000000,0,28,F
816,58768,3921,28,1,72,27B35D9D,True,3921,75192,0,0,3.936530,0.000000,0,28,F
817,58840,3922,28,1,72,E34F7AD5,True,3922,75196,0,0,3.956900,0.000000,0,28,F
818,58912,3923,28,1,72,681E2C5C,True,3923,75200,0,0,4.160100,0.000000,0,28,F
819,58984,4094,28,1,72,929E08B5,True,4094,78430,0,0,3.925230,0.000000,0,28,F
820,59056,4097,28,1,72,FD61C2E5,True,4097,78444,0,0,5.001880,0.000000,0,28,F
821,59128,4099,28,1,72,EDF75E4B,True,4099,78464,0,0,5.434920,0.000000,0,28,F
822,59200,4101,28,1,72,DEB8D9FC,True,4101,78478,0,0,4.069300,0.000000,0,28,F
823,59272,4103,28,1,72,CB0FB7AA,True,4103,78491,0,0,3.936530,0.000000,0,28,F
824,59344,4105,28,1,72,9B9A1C44,True,4105,78505,0,0,3.936530,0.000000,0,28,F
825,59416,4107,28,1,72,85AAF7AD,True,4107,78519,0,0,3.936530,0.000000,0,28,F
826,59488,4109,28,1,72,FE4C4E1E,True,4109,78533,0,0,3.936530,0.000000,0,28,F
827,59560,4111,28,1,72,32719949,True,4111,78547,0,0,3.936530,0.000000,0,28,F
828,59632,4113,28,1,72,165D23C1,True,4113,78561,0,0,3.926530,0.000000,0,28,F
829,59704,4115,28,1,72,18E077A3,True,4115,78575,0,0,3.936530,0.000000,0,28,F
830,59776,4117,28,1,72,8B67B199,True,4117,78592,0,0,4.044840,0.000000,0,28,F
831,59848,4119,28,1,72,EA3C254D,True,4119,78606,0,0,4.044840,0.000000,0,28,F
832,59920,4121,28,1,72,3F91A815,True,4121,78620,0,0,3.936530,0.000000,0,28,F
833,59992,4123,28,1,72,0D7A8138,True,4123,78634,0,0,3.936530,0.000000,0,28,F
834,60064,4125,28,1,72,AE963C44,True,4125,78648,0,0,3.936530,0.000000,0,28,F
835,60136,4127,28,1,72,0139CE94,True,4127,78662,0,0,3.960890,0.000000,0,28,F
836,60208,4129,28,1,72,A9C298B3,True,4129,78676,0,0,4.826620,0.000000,0,28,F
837,60280,4131,28,1,72,D8D9D343,True,4131,78691,0,0,3.946230,0.000000,0,28,F
838,60352,4133,28,1,72,0828A0D2,True,4133,78705,0,0,3.958780,0.000000,0,28,F
839,60424,4135,28,1,72,27FB1A5B,True,4135,78719,0,0,3.946400,0.000000,0,28,F
840,60496,4137,28,1,72,BAB6105F,True,4137,78742,0,0,3.936480,0.000000,0,28,F
841,60568,4237,28,1,72,F2CA4B61,True,4237,98237,0,0,1.337930,0.000000,0,28,F
842,60640,4238,28,1,72,6D5BF072,True,4238,98240,0,0,1.337930,0.000000,0,28,F
843,60712,4242,28,1,72,25629416,True,4242,98243,0,0,1.337930,0.000000,0,28,F
844,60784,4243,28,1,72,CCF49273,True,4243,98246,0,0,1.337930,0.000000,0,28,F
845,60856,4244,28,1,72,2BE86AE9,True,4244,98249,0,0,1.337930,0.000000,0,28,F
846,60928,4245,28,1,72,CF1C2302,True,4245,98252,0,0,1.261660,0.000000,0,28,F
847,61000,4251,28,1,72,92732302,True,4251,98255,0,0,1.337930,0.000000,0,28,F
848,61072,4252,28,1,72,7EA4E978,True,4252,98659,0,0,1.337930,0.000000,0,28,F
849,61144,4256,28,1,72,1F9DDB9C,True,4256,98662,0,0,1.278450,0.000000,0,28,F
850,61216,4257,28,1,72,FD3D2D48,True,4257,98665,0,0,1.278450,0.000000,0,28,F
851,61288,4258,28,1,72,96E5B430,True,4258,98669,0,0,1.278450,0.000000,0,28,F
852,61360,4259,28,1,72,D215F1D6,True,4259,98672,0,0,1.278450,0.000000,0,28,F
853,61432,4271,28,1,72,FD9A3474,True,4271,87972,0,0,1.261010,0.000000,0,28,F
854,61504,4287,28,1,72,6B5AC0F1,True,4287,88642,0,0,1.152970,0.000000,0,28,F
855,61576,4390,28,1,72,10109ED9,True,4390,296370,0,0,1.152970,0.000000,0,28,F
856,61648,4442,28,1,72,50903907,True,4442,98675,0,0,1.205330,0.000000,0,28,F
857,61720,4450,28,1,72,98FC58E7,True,4450,98678,0,0,1.205330,0.000000,0,28,F
858,61792,4451,28,1,72,7A5CAE33,True,4451,98681,0,0,1.205330,0.000000,0,28,F
859,61864,4452,28,1,72,9676A618,True,4452,98684,0,0,1.205330,0.000000,0,28,F
860,61936,4453,28,1,72,C610777C,True,4453,98688,0,0,1.205330,0.000000,0,28,F
861,62008,4454,28,1,72,ADBAF347,True,4454,98691,0,0,1.161570,0.000000,0,28,F
862,62080,4723,28,1,72,8E6E611D,True,4723,168523,0,0,1.073410,0.000000,0,28,F
863,62152,4725,28,1,72,30906CE2,True,4725,168553,0,0,0.755565,0.000000,0,28,F
864,62224,5144,28,1,72,6F6ABE05,True,5144,143003,0,0,11.840700,0.000000,0,28,F
865,62296,5145,28,1,72,995B5C85,True,5145,143009,0,0,29.058201,0.000000,0,28,F
866,62368,5146,28,1,72,3D863AEF,True,5146,143013,0,0,29.082500,0.000000,0,28,F
867,62440,5147,28,1,72,213B045E,True,5147,143021,0,0,29.058201,0.000000,0,28,F
868,62512,7245,28,1,72,E0DAE95B,True,7245,397348,0,0,6.612980,0.000000,0,28,F
869,62584,7246,28,1,72,3EEFD6AE,True,7246,397354,0,0,8.950370,0.000000,0,28,F
870,62656,7927,28,1,72,FBE1D065,True,7927,436293,0,0,1.231730,0.000000,0,28,F
871,62728,8066,28,1,72,A0511A7A,True,8066,457476,0,0,3.206190,0.000000,0,28,F
872,62800,8067,28,1,72,06EA7374,True,8067,457479,0,0,1.584000,0.000000,0,28,F
873,62872,8068,28,1,72,0172AD84,True,8068,457652,0,0,2.170890,0.000000,0,28,F
874,62944,8069,28,1,72,DC88CCA9,True,8069,457485,0,0,1.208740,0.000000,0,28,F
875,63016,8070,28,1,72,C5FA2ED1,True,8070,436345,0,0,0.884867,0.000000,0,28,F
876,63088,8071,28,1,72,AF35ED90,True,8071,457582,0,0,1.963700,0.000000,0,28,F
877,63160,8072,28,1,72,5DA92057,True,8072,447385,0,0,1.223630,0.000000,0,28,F
878,63232,8073,28,1,72,4EFAF4FE,True,8073,457641,0,0,2.170890,0.000000,0,28,F
879,63304,9916,28,1,72,3436C829,True,9916,514804,0,0,2.516290,0.000000,0,28,F
880,63376,9933,28,1,72,79F42FCD,True,9933,514759,0,0,2.457900,0.000000,0,28,F
881,63448,10167,28,1,72,8C2DFAA1,True,10167,523288,0,0,1.465720,0.000000,0,28,F
882,63520,10182,28,1,72,CDBBBE12,True,10182,523341,0,0,0.571766,0.000000,0,28,F
883,63592,10198,28,1,72,F9766802,True,10198,523405,0,0,0.520338,0.000000,0,28,F
884,63664,10247,28,1,72,95FC6FF3,True,10247,523887,0,0,0.868580,0.000000,0,28,F
885,63736,10282,28,1,72,939438E4,True,10282,524432,0,0,1.079660,0.000000,0,28,F
886,63808,10305,28,1,72,EA6A977A,True,10305,524799,0,0,0.928655,0.000000,0,28,F
887,63880,10355,28,1,72,7BD491F7,True,10355,525662,0,0,1.079660,0.000000,0,28,F
888,63952,10356,28,1,72,1D75E82A,True,10356,525665,0,0,1.079660,0.000000,0,28,F
889,64024,10357,28,1,72,F4E3EE4F,True,10357,525668,0,0,1.079660,0.000000,0,28,F
890,64096,10358,28,1,72,AE234040,True,10358,525671,0,0,1.079660,0.000000,0,28,F
891,64168,10432,28,1,72,05CECD98,True,10432,525914,0,0,3.107890,0.000000,0,28,F
892,64240,10472,28,1,72,85FAF5C1,True,10472,526109,0,0,0.429027,0.000000,0,28,F
893,64312,10497,28,1,72,68776B39,True,10497,526568,0,0,0.867467,0.000000,0,28,F
894,64384,10514,28,1,72,A5753B36,True,10514,526689,0,0,3.684630,0.000000,0,28,F
895,64456,11271,28,1,72,4A39520B,True,11271,544432,0,0,2.516290,0.000000,0,28,F
896,64528,203,28,1,72,FFC44542,True,203,105623,0,0,30.000000,0.000000,0,28,F
897,64600,206,28,1,72,1B2BA382,True,206,105641,0,0,30.000000,0.000000,0,28,F
898,64672,220,28,1,72,94570C2D,True,220,105660,0,0,30.000000,0.000000,0,28,F
899,64744,246,28,1,72,8A68A38A,True,246,105677,0,0,30.000000,0.000000,0,28,F
900,64816,248,28,1,72,A50E9339,True,248,105694,0,0,30.000000,0.000000,0,28,F
901,64888,250,28,1,72,27D8E844,True,250,105710,0,0,30.000000,0.000000,0,28,F
902,64960,2979,28,1,72,5001A3EB,True,2979,45876,0,0,30.000000,0.000000,0,28,F
903,65032,2980,28,1,72,E43502E8,True,2980,45874,0,0,30.000000,0.000000,0,28,F
904,65104,2981,28,1,72,3CBB33FA,True,2981,45872,0,0,30.000000,0.000000,0,28,F
905,65176,3181,28,1,72,38545519,True,3181,35401,0,0,30.000000,0.000000,0,28,F
906,65248,3182,28,1,72,758B11E5,True,3182,35283,0,0,30.000000,0.000000,0,28,F
907,65320,3183,28,1,72,FE2D796E,True,3183,35288,0,0,30.000000,0.000000,0,28,F
908,65392,3321,28,1,72,F3F80422,True,3321,191379,0,0,3.515460,0.000000,0,28,F
909,65464,3873,28,1,72,81EE98C9,True,3873,74331,0,0,1.958180,0.000000,0,28,F
910,65536,3874,28,1,72,68FAFD82,True,3874,74337,0,0,2.202680,0.000000,0,28,F
911,65608,3875,28,1,72,B0CFD025,True,3875,74443,0,0,1.902200,0.000000,0,28,F
912,65680,3876,28,1,72,0ABDD5A2,True,3876,74449,0,0,1.528070,0.000000,0,28,F
913,65752,3877,28,1,72,2A79AB5D,True,3877,74454,0,0,1.871030,0.000000,0,28,F
914,65824,3891,28,1,72,AFB4C4AA,True,3891,74670,0,0,1.975640,0.000000,0,28,F
915,65896,3892,28,1,72,02AF4946,True,3892,74676,0,0,1.522590,0.000000,0,28,F
916,65968,3893,28,1,72,CA0FA41B,True,3893,74682,0,0,2.388380,0.000000,0,28,F
917,66040,3894,28,1,72,D53078E3,True,3894,74687,0,0,2.228470,0.000000,0,28,F
918,66112,3895,28,1,72,A8EE83A3,True,3895,74692,0,0,1.163560,0.000000,0,28,F
919,66184,4957,28,1,72,2DADCFFE,True,4957,229462,0,0,1.131300,0.000000,0,28,F
920,66256,4958,28,1,72,3FEBE401,True,4958,229469,0,0,1.178040,0.000000,0,28,F
921,66328,4965,28,1,72,6C570BBB,True,4965,229658,0,0,1.537120,0.000000,0,28,F
922,66400,5009,28,1,72,B4EA9DBA,True,5009,229666,0,0,1.466880,0.000000,0,28,F
923,66472,5010,28,1,72,6ED845AB,True,5010,229649,0,0,1.267570,0.000000,0,28,F
924,66544,5011,28,1,72,A8E88C3A,True,5011,229655,0,0,1.327220,0.000000,0,28,F
925,66616,6097,28,1,72,C1311BDA,True,6097,299812,0,0,2.741880,0.000000,0,28,F
926,66688,6098,28,1,72,27B2A5D7,True,6098,299821,0,0,2.712340,0.000000,0,28,F
927,66760,6099,28,1,72,6F21C467,True,6099,299833,0,0,2.711880,0.000000,0,28,F
928,66832,6100,28,1,72,0064F065,True,6100,299840,0,0,2.756490,0.000000,0,28,F
929,66904,6168,28,1,72,C47E6F90,True,6168,262025,0,0,1.325840,0.000000,0,28,F
930,66976,6169,28,1,72,FD1EB8A6,True,6169,262056,0,0,1.157880,0.000000,0,28,F
931,67048,6469,28,1,72,4CBDD9C7,True,6469,344920,0,0,4.963430,0.000000,0,28,F
932,67120,6586,28,1,72,7F941627,True,6586,349935,0,0,3.859250,0.000000,0,28,F
933,67192,8065,28,1,72,D90059ED,True,8065,437506,0,0,1.892320,0.000000,0,28,F
934,67264,9928,28,1,72,325B9454,True,9928,514705,0,0,4.548220,0.000000,0,28,F
935,67336,10210,28,1,72,7D6E954F,True,10210,523555,0,0,1.514450,0.000000,0,28,F
936,67408,11384,28,1,72,4D0FE26B,True,11384,545964,0,0,1.629970,0.000000,0,28,F
937,67480,11433,28,1,72,7B79A422,True,11433,546547,0,0,3.046230,0.000000,0,28,F
938,67552,796,28,1,72,0B1CA06E,True,796,4876,4877,0,14.795100,0.000000,0,28,F
939,67624,2343,28,1,72,D9CEB2E5,True,2343,46433,46434,0,72.384804,0.000000,0,28,F
940,67696,2975,28,1,72,2D953674,True,2975,46227,22851,0,51.493000,0.000000,0,28,F
941,67768,6273,28,1,72,267BA57F,True,6273,302902,302910,0,35.730999,0.000000,0,28,F
942,67840,6311,28,1,72,1C2112EE,True,6311,305858,0,0,25.620300,0.000000,0,28,F
943,67912,6312,28,1,72,60EB4E19,True,6312,305850,0,0,25.620300,0.000000,0,28,F
944,67984,6313,28,1,72,E07BD623,True,6313,305851,0,0,25.620300,0.000000,0,28,F
945,68056,3498,28,1,72,5EDC2ABC,True,3498,59715,59716,0,3.258170,0.000000,0,28,F
946,68128,3499,28,1,72,4D56605C,True,3499,59669,59713,0,3.158480,0.000000,0,28,F
947,68200,3500,28,1,72,AA41FB17,True,3500,59673,59718,0,2.652110,0.000000,0,28,F
948,68272,3501,28,1,72,A97863FA,True,3501,59720,59721,0,2.633920,0.000000,0,28,F
949,68344,3502,28,1,72,3E1A67F2,True,3502,59572,59574,0,3.593350,0.000000,0,28,F
950,68416,3503,28,1,72,37858987,True,3503,59584,59699,0,2.699290,0.000000,0,28,F
951,68488,3504,28,1,72,13D260E1,True,3504,59592,59705,0,4.212890,0.000000,0,28,F
952,68560,3505,28,1,72,33629706,True,3505,59600,59685,0,4.203550,0.000000,0,28,F
953,68632,3506,28,1,72,560D460B,True,3506,59608,59678,0,4.081370,0.000000,0,28,F
954,68704,3507,28,1,72,F807680D,True,3507,59616,59617,0,2.742270,0.000000,0,28,F
955,68776,3508,28,1,72,2D72AF88,True,3508,59629,59630,0,1.256180,0.000000,0,28,F
956,68848,3509,28,1,72,0325FDC3,True,3509,59633,0,0,2.986630,0.000000,0,28,F
957,68920,3510,28,1,72,78FD72AB,True,3510,59639,0,0,2.070890,0.000000,0,28,F
958,68992,3511,28,1,72,08A2790B,True,3511,59644,59645,0,1.089580,0.000000,0,28,F
959,69064,3512,28,1,72,A34A65CE,True,3512,59651,59652,0,0.293755,0.000000,0,28,F
960,69136,3513,28,1,72,3678B427,True,3513,59655,59656,0,0.213780,0.000000,0,28,F
961,69208,3514,28,1,72,2BD9D293,True,3514,59659,0,0,2.301930,0.000000,0,28,F
962,69280,3831,28,1,72,043D81FF,True,3831,73295,73296,0,4.275860,0.000000,0,28,F
963,69352,3564,28,1,72,99B62966,True,3564,68840,0,0,2.361290,0.000000,0,28,F
964,69424,3722,28,1,72,9C7D1573,True,3722,68845,0,0,2.361290,0.000000,0,28,F
965,69496,3723,28,1,72,A2A6A7C1,True,3723,68849,0,0,2.973570,0.000000,0,28,F
966,69568,3821,28,1,72,EC123272,True,3821,72956,72957,0,3.355590,0.000000,0,28,F
967,69640,3823,28,1,72,4234C542,True,3823,73072,73074,0,3.355590,0.000000,0,28,F
968,69712,3826,28,1,72,DBC51CFA,True,3826,73115,73118,0,3.355590,0.000000,0,28,F
969,69784,3827,28,1,72,898F03FE,True,3827,73117,73120,0,3.355590,0.000000,0,28,F
970,69856,5763,28,1,72,7E062760,True,5763,173245,173246,0,2.498770,0.000000,0,28,F
971,69928,5765,28,1,72,6A820AB7,True,5765,173265,0,0,0.559017,0.000000,0,28,F
972,70000,5794,28,1,72,66385C37,True,5794,174420,0,0,0.559017,0.000000,0,28,F
973,70072,5795,28,1,72,4AFF4F4E,True,5795,174383,0,0,0.559017,0.000000,0,28,F
974,70144,9409,28,1,72,9704BCC5,True,9409,504729,0,0,60.000000,0.000000,0,28,F
975,70216,9529,28,1,72,E274FD1E,True,9529,506455,0,0,5.243540,0.000000,0,28,F
976,70288,9768,28,1,72,3F42036B,True,9768,511516,0,0,4.375740,0.000000,0,28,F
977,70360,9789,28,1,72,CC563E0F,True,9789,512582,512846,0,1.559790,0.000000,0,28,F
978,70432,9793,28,1,72,F7074ED5,True,9793,512681,512847,0,2.111190,0.000000,0,28,F
979,70504,9884,28,1,72,BBB300C0,True,9884,513967,513968,0,0.941856,0.000000,0,28,F
980,70576,9891,28,1,72,765F0FA1,True,9891,514296,0,0,1.829120,0.000000,0,28,F
981,70648,10056,28,1,72,021C1E82,True,10056,517769,0,0,8.570220,0.000000,0,28,F
982,70720,10057,28,1,72,35DE9ED4,True,10057,517988,517989,0,1.734720,0.000000,0,28,F
983,70792,10064,28,1,72,F888A166,True,10064,518014,0,0,3.115110,0.000000,0,28,F
984,70864,10875,28,1,72,9FD37731,True,10875,534092,534093,0,8.079950,0.000000,0,28,F
985,70936,10996,28,1,72,74758C8B,True,10996,536080,536081,0,6.059960,0.000000,0,28,F
986,71008,11441,28,1,72,C1A78EF6,True,11441,546732,0,0,2.933270,0.000000,0,28,F
987,71080,979,28,1,72,02B4F82A,True,979,103994,0,0,0.998278,0.000000,0,28,F
988,71152,1020,28,1,72,B8C1820B,True,1020,104014,0,0,0.927329,0.000000,0,28,F
989,71224,1865,28,1,72,E9A7D936,True,1865,38737,38744,0,1.718780,0.000000,0,28,F
990,71296,1866,28,1,72,81EF1848,True,1866,38738,38747,0,1.195350,0.000000,0,28,F
991,71368,2029,28,1,72,18D5416D,True,2029,38736,38739,0,14.113900,0.000000,0,28,F
992,71440,9715,28,1,72,2E35273C,True,9715,510497,0,0,13.520100,0.000000,0,28,F
993,71512,10630,28,1,72,44677D2B,True,10630,528481,0,0,1.013970,0.000000,0,28,F
994,71584,1298,28,1,72,599CDFF6,True,1298,40613,29493,0,2.522280,0.000000,0,28,F
995,71656,1463,28,1,72,885311CD,True,1463,40614,29547,0,4.446580,0.000000,0,28,F
996,71728,1814,28,1,72,0BC26755,True,1814,36718,40619,0,5.110880,0.000000,0,28,F
997,71800,1816,28,1,72,1E1B232D,True,1816,36719,40627,0,5.637930,0.000000,0,28,F
998,71872,1817,28,1,72,13B5D874,True,1817,36720,40634,0,7.962650,0.000000,0,28,F
999,71944,1818,28,1,72,331E1986,True,1818,40151,40646,0,3.157260,0.000000,0,28,F
1000,72016,1819,28,1,72,4A5AC195,True,1819,40611,40653,0,5.234610,0.000000,0,28,F
1001,72088,1821,28,1,72,7306A49B,True,1821,40616,40754,0,5.595910,0.000000,0,28,F
1002,72160,1823,28,1,72,371A3ECB,True,1823,40617,40764,0,10.460000,0.000000,0,28,F
1003,72232,1824,28,1,72,28232A2D,True,1824,40618,40774,0,6.501070,0.000000,0,28,F
1004,72304,1830,28,1,72,C41A4526,True,1830,40615,29596,0,2.436400,0.000000,0,28,F
1005,72376,2634,28,1,72,93F7A112,True,2634,192858,192859,0,16.348801,0.000000,0,28,F
1006,72448,2635,28,1,72,39BE1872,True,2635,192882,192883,0,16.348801,0.000000,0,28,F
1007,72520,2636,28,1,72,B4D15294,True,2636,192891,192892,0,16.372000,0.000000,0,28,F
1008,72592,2637,28,1,72,E026DC38,True,2637,192900,192901,0,16.372000,0.000000,0,28,F
1009,72664,2638,28,1,72,FEE14895,True,2638,192909,192910,0,16.548599,0.000000,0,28,F
1010,72736,2639,28,1,72,C393DEEA,True,2639,192917,192918,0,4.803460,0.000000,0,28,F
1011,72808,2640,28,1,72,E2C9497F,True,2640,192924,192925,0,6.401280,0.000000,0,28,F
1012,72880,2641,28,1,72,8158217B,True,2641,192929,192930,0,14.754000,0.000000,0,28,F
1013,72952,2643,28,1,72,09FE65EC,True,2643,193050,193051,0,16.445000,0.000000,0,28,F
1014,73024,3391,28,1,72,B13B705B,True,3391,198031,198482,0,15.546900,0.000000,0,28,F
1015,73096,3392,28,1,72,6A676BAE,True,3392,198032,198529,0,14.049000,0.000000,0,28,F
1016,73168,3393,28,1,72,2EB9EC79,True,3393,198033,198536,0,13.673400,0.000000,0,28,F
1017,73240,3404,28,1,72,5B8020B7,True,3404,206197,206198,0,78.107002,0.000000,0,28,F
1018,73312,3410,28,1,72,28976CBB,True,3410,206203,206205,0,75.905403,0.000000,0,28,F
1019,73384,3412,28,1,72,70B3A51F,True,3412,206208,206209,0,76.837097,0.000000,0,28,F
1020,73456,3414,28,1,72,ED491C97,True,3414,346764,346765,0,6.708730,0.000000,0,28,F
1021,73528,3427,28,1,72,19F6B485,True,3427,203280,203281,0,4.084840,0.000000,0,28,F
1022,73600,3428,28,1,72,1E880E4F,True,3428,203289,203290,0,4.247230,0.000000,0,28,F
1023,73672,3429,28,1,72,8E6F9BFF,True,3429,203317,203318,0,3.754190,0.000000,0,28,F
1024,73744,3430,28,1,72,818DCD1B,True,3430,203329,203330,0,6.639410,0.000000,0,28,F
1025,73816,3431,28,1,72,E8DFD24F,True,3431,203341,203342,0,6.453950,0.000000,0,28,F
1026,73888,3432,28,1,72,A18703EE,True,3432,203351,203352,0,7.640200,0.000000,0,28,F
1027,73960,3433,28,1,72,B6002F95,True,3433,203361,203362,0,8.103460,0.000000,0,28,F
1028,74032,3559,28,1,72,01329B64,True,3559,207817,226926,0,31.361900,0.000000,0,28,F
1029,74104,3631,28,1,72,BC5B1FD0,True,3631,208052,208053,0,7.573860,0.000000,0,28,F
1030,74176,3633,28,1,72,DA79652F,True,3633,208061,208062,0,7.185320,0.000000,0,28,F
1031,74248,3634,28,1,72,E912E8E8,True,3634,208070,208071,0,7.354840,0.000000,0,28,F
1032,74320,4366,28,1,72,29A09A8E,True,4366,220223,222155,0,5.992820,0.000000,0,28,F
1033,74392,4368,28,1,72,EBA6B4DC,True,4368,220248,222146,0,6.143720,0.000000,0,28,F
1034,74464,4927,28,1,72,BC04EC49,True,4927,224274,224275,0,6.591150,0.000000,0,28,F
1035,74536,4928,28,1,72,A56B2627,True,4928,224302,224305,0,6.368220,0.000000,0,28,F
1036,74608,4929,28,1,72,CC414004,True,4929,224312,224313,0,6.836540,0.000000,0,28,F
1037,74680,4930,28,1,72,5BEDCF71,True,4930,224320,224321,0,5.693730,0.000000,0,28,F
1038,74752,4933,28,1,72,2FCDDC8A,True,4933,224512,224513,0,14.616400,0.000000,0,28,F
1039,74824,4939,28,1,72,49E0D161,True,4939,227193,227427,0,1.373120,0.000000,0,28,F
1040,74896,4941,28,1,72,41F4ACD6,True,4941,227218,227239,0,1.256590,0.000000,0,28,F
1041,74968,4944,28,1,72,67B7670A,True,4944,227334,227335,0,1.217680,0.000000,0,28,F
1042,75040,4947,28,1,72,1177C10B,True,4947,227811,227812,0,1.109240,0.000000,0,28,F
1043,75112,4949,28,1,72,3974A609,True,4949,227821,227822,0,1.112960,0.000000,0,28,F
1044,75184,6451,28,1,72,6711226B,True,6451,343727,343728,0,1.378510,0.000000,0,28,F
1045,75256,6507,28,1,72,FA5EAFDA,True,6507,346783,346784,0,6.867700,0.000000,0,28,F
1046,75328,8202,28,1,72,44E2E85B,True,8202,109106,109107,0,6.612090,0.000000,0,28,F
1047,75400,8203,28,1,72,60E8A965,True,8203,546022,546023,0,16.279800,0.000000,0,28,F
1048,75472,8204,28,1,72,01C66830,True,8204,112372,112373,0,6.804000,0.000000,0,28,F
1049,75544,2645,28,1,72,17229571,True,2645,193134,193135,0,1.080970,0.000000,0,28,F
1050,75616,2663,28,1,72,02308E83,True,2663,183293,183294,0,0.498969,0.000000,0,28,F
1051,75688,2665,28,1,72,5DBF1223,True,2665,183328,183329,0,60.000000,0.000000,0,28,F
1052,75760,2667,28,1,72,0850ED3B,True,2667,183359,183360,0,10.000000,0.000000,0,28,F
1053,75832,2669,28,1,72,EF2BB142,True,2669,183385,183386,0,0.585620,0.000000,0,28,F
1054,75904,2671,28,1,72,EB794DCB,True,2671,183411,183412,0,1.313940,0.000000,0,28,F
1055,75976,2918,28,1,72,E5DDE00F,True,2918,285937,285938,0,3.946270,0.000000,0,28,F
1056,76048,3366,28,1,72,F41E0CFD,True,3366,194013,194014,0,0.132452,0.000000,0,28,F
1057,76120,3368,28,1,72,9A2AAC07,True,3368,194060,0,0,0.353553,0.000000,0,28,F
1058,76192,4151,28,1,72,D5D96A48,True,4151,219542,219543,0,60.000000,0.000000,0,28,F
1059,76264,4153,28,1,72,C1ED4F48,True,4153,219564,219565,0,2.722380,0.000000,0,28,F
1060,76336,4155,28,1,72,46642C8C,True,4155,219589,219590,0,2.696330,0.000000,0,28,F
1061,76408,5874,28,1,72,4FBB6197,True,5874,240772,240773,0,1.311790,0.000000,0,28,F
1062,76480,6441,28,1,72,AED02C83,True,6441,340540,340541,0,1.777560,0.000000,0,28,F
1063,76552,10311,28,1,72,6044AD3E,True,10311,524987,0,0,4.671230,0.000000,0,28,F
1064,76624,10999,28,1,72,7488030C,True,10999,534390,0,0,1.008880,0.000000,0,28,F
1065,76696,11539,28,1,72,A348529C,True,11539,475017,475018,0,6.332170,0.000000,0,28,F
1066,76768,3682,28,1,72,284E8C29,True,3682,63905,63906,0,28.012501,0.000000,0,28,F
1067,76840,3684,28,1,72,43059CAE,True,3684,63914,63915,0,8.551490,0.000000,0,28,F
1068,76912,3685,28,1,72,5492B8E6,True,3685,63923,63924,0,4.148320,0.000000,0,28,F
1069,76984,3767,28,1,72,834F7C79,True,3767,287473,287476,0,28.012501,0.000000,0,28,F
1070,77056,5266,28,1,72,327D624E,True,5266,147588,0,0,0.716307,0.000000,0,28,F
1071,77128,8602,28,1,72,935A9364,True,8602,491029,491030,0,1.060650,0.000000,0,28,F
1072,77200,15436,28,1,72,1A5E3D24,True,15436,581204,582027,0,1.347980,0.000000,0,28,F
1073,77272,543,28,1,72,131F776E,True,543,72465,272096,0,16.272200,0.000000,0,28,F
1074,77344,564,28,1,72,301ED271,True,564,59222,273046,0,3.507850,0.000000,0,28,F
1075,77416,567,28,1,72,459AFC76,True,567,40324,273088,0,3.507850,0.000000,0,28,F
1076,77488,3709,28,1,72,57EA0D54,True,3709,65665,65666,0,2.765860,0.000000,0,28,F
1077,77560,3710,28,1,72,B5039A7C,True,3710,65672,65673,0,4.386340,0.000000,0,28,F
1078,77632,3711,28,1,72,ACE10362,True,3711,65678,65679,0,3.720210,0.000000,0,28,F
1079,77704,4031,28,1,72,FCDF8315,True,4031,215028,215029,0,24.299801,0.000000,0,28,F
1080,77776,4033,28,1,72,04F55060,True,4033,215059,215060,0,24.299801,0.000000,0,28,F
1081,77848,4035,28,1,72,53AEF98B,True,4035,215082,215083,0,24.299801,0.000000,0,28,F
1082,77920,6559,28,1,72,F75E1745,True,6559,348610,348611,0,5.439800,0.000000,0,28,F
1083,77992,6560,28,1,72,3B1C2A06,True,6560,348632,348636,0,5.439800,0.000000,0,28,F
1084,78064,6561,28,1,72,ECD64DE2,True,6561,348647,348648,0,5.439800,0.000000,0,28,F
1085,78136,6563,28,1,72,4E24F251,True,6563,348652,348653,0,5.439800,0.000000,0,28,F
1086,78208,1458,28,1,72,6E00F68C,True,1458,321381,321383,0,50.000000,0.000000,0,28,F
1087,78280,4042,28,1,72,A1C59090,True,4042,216667,216668,0,40.000000,0.000000,0,28,F
1088,78352,9349,28,1,72,6B0F8F40,True,9349,504231,504232,0,35.000000,0.000000,0,28,F
1089,78424,9351,28,1,72,5F12573A,True,9351,504246,504247,0,40.000000,0.000000,0,28,F
1090,78496,9356,28,1,72,55930FD7,True,9356,504298,504300,0,40.000000,0.000000,0,28,F
1091,78568,9357,28,1,72,41A47EE1,True,9357,504299,504305,0,50.000000,0.000000,0,28,F
1092,78640,9358,28,1,72,F43D72E3,True,9358,121672,121707,0,50.000000,0.000000,0,28,F
1093,78712,9359,28,1,72,1204D1EB,True,9359,121728,112587,0,30.000000,0.000000,0,28,F
1094,78784,4500,28,1,72,A5A58858,True,4500,101358,101359,0,10.331100,0.000000,0,28,F
1095,78856,4501,28,1,72,878CECFD,True,4501,101374,101375,0,10.358800,0.000000,0,28,F
1096,78928,8758,28,1,72,FCBF4CF5,True,8758,217350,217351,0,0.754822,0.000000,0,28,F
1097,79000,8759,28,1,72,FD0AB1E8,True,8759,217350,217351,0,0.754822,0.000000,0,28,F
1098,79072,8843,28,1,72,ABFB3475,True,8843,493861,493862,0,17.541401,0.000000,0,28,F
1099,79144,8844,28,1,72,F74A75E6,True,8844,493886,493887,0,2.609860,0.000000,0,28,F
1100,79216,8845,28,1,72,38125451,True,8845,493906,493907,0,12.297300,0.000000,0,28,F
1101,79288,9372,28,1,72,6FD32DC9,True,9372,504489,504490,0,1.028600,0.000000,0,28,F
1102,79360,9373,28,1,72,4A3F7ECB,True,9373,504496,504497,0,0.801171,0.000000,0,28,F
1103,79432,9374,28,1,72,05171333,True,9374,504503,504504,0,0.819291,0.000000,0,28,F
1104,79504,9383,28,1,72,875FDA58,True,9383,504561,504562,0,31.580799,0.000000,0,28,F
1105,79576,9384,28,1,72,CB9801F1,True,9384,504569,504570,0,29.672001,0.000000,0,28,F
1106,79648,9385,28,1,72,E52CBDF0,True,9385,504578,504579,0,44.759102,0.000000,0,28,F
1107,79720,9386,28,1,72,1B1D3411,True,9386,504595,504596,0,21.555201,0.000000,0,28,F
1108,79792,9387,28,1,72,37793369,True,9387,504600,504601,0,28.650000,0.000000,0,28,F
1109,79864,9388,28,1,72,1CC0FE7A,True,9388,504605,504606,0,33.436100,0.000000,0,28,F
1110,79936,8418,28,1,72,7A7514F6,True,8418,475035,475036,0,2.347050,0.000000,0,28,F
1111,80008,8420,28,1,72,8EAF9049,True,8420,475029,475030,0,0.633103,0.000000,0,28,F
1112,80080,8492,28,1,72,D9973EF2,True,8492,488791,488792,0,0.849266,0.000000,0,28,F
1113,80152,8761,28,1,72,68F23BDC,True,8761,12467,0,0,0.297993,0.000000,0,28,F
1114,80224,10878,28,1,72,F7745E1B,True,10878,534376,534387,0,0.868768,0.000000,0,28,F
1115,80296,10880,28,1,72,7F43379E,True,10880,534390,0,0,1.008570,0.000000,0,28,F
1116,80368,11538,28,1,72,6E45270D,True,11538,511113,511121,0,0.864753,0.000000,0,28,F
1117,80440,15483,28,1,72,974CABFD,True,15483,581630,581634,0,50.000000,0.000000,0,28,F
1118,80512,15491,28,1,72,198BF7F0,True,15491,581707,0,0,0.258624,0.000000,0,28,F
1119,80584,15495,28,1,72,1F3D15AD,True,15495,581772,0,0,0.555051,0.000000,0,28,F
1120,80656,9413,28,1,72,5966E733,True,9413,504802,0,0,130.000000,0.000000,0,28,F
1121,80728,10155,28,1,72,EF278019,True,10155,523316,0,0,1000.000000,0.000000,0,28,F
1122,80800,10156,28,1,72,7E06F0B2,True,10156,523337,0,0,200.000000,0.000000,0,28,F
1123,80872,10157,28,1,72,727F4ECD,True,10157,523338,0,0,15.000000,0.000000,0,28,F
1124,80944,10965,28,1,72,D9FD2756,True,10965,536525,0,0,150.000000,0.000000,0,28,F
1125,81016,9964,28,1,72,A98BA082,True,9964,515301,0,0,6.734140,0.000000,0,28,F
1126,81088,9965,50,1,72,12BAA8D8,True,9965,515301,0,0,6.734140,0.000000,813199170,6,F
1127,81160,9966,50,1,72,416D54B7,True,9966,515301,0,0,6.734140,0.000000,813199170,6,F
1128,81232,9968,50,1,72,E40F93C1,True,9968,515301,0,0,6.734140,0.000000,813199170,6,F
1129,81304,9969,50,1,72,8FFCE10E,True,9969,515301,0,0,6.734140,0.000000,813199170,6,F
1130,81376,9970,50,1,72,3A02D625,True,9970,515301,0,0,6.734140,0.000000,813199170,6,F
1131,81448,9971,50,1,72,51F1A4EA,True,9971,515301,0,0,6.734140,0.000000,813199170,6,F
1132,81520,9972,50,1,72,90B35EBC,True,9972,515301,0,0,6.734140,0.000000,813199170,6,F
1133,81592,9973,50,1,72,FB402C73,True,9973,515301,0,0,6.734140,0.000000,813199170,6,F
1134,81664,9974,50,1,72,AB20DE34,True,9974,515301,0,0,6.734140,0.000000,813199170,6,F
1135,81736,15643,28,1,72,15A0E238,True,15643,463161,0,0,6.860270,0.000000,0,28,F
1136,81808,11353,28,1,72,458E989F,True,11353,545598,0,0,1511.239990,0.000000,0,28,F
1137,81880,13193,28,1,72,80878AC6,True,13193,460897,465265,0,1.491120,0.000000,0,28,F
1138,81952,14878,28,1,72,EB38930C,True,14878,418028,0,0,1.079660,0.000000,0,28,F
1139,82024,14879,28,1,72,387BA842,True,14879,461622,0,0,0.584275,0.000000,0,28,F
1140,82096,338,28,1,72,F171CD1E,True,338,191990,192003,0,10.879600,0.000000,0,28,F
1141,82168,352,28,1,72,CE54894F,True,352,192012,192060,0,10.879600,0.000000,0,28,F
1142,82240,955,28,1,72,14A40C2D,True,955,192068,192080,0,10.010900,0.000000,0,28,F
1143,82312,1245,28,1,72,99E75DA3,True,1245,192101,192102,0,10.010900,0.000000,0,28,F
1144,82384,1693,28,1,72,79AA75C6,True,1693,192319,192320,0,11.096100,0.000000,0,28,F
1145,82456,1707,28,1,72,CCBCF6F0,True,1707,192342,192343,0,5.696090,0.000000,0,28,F
1146,82528,1710,28,1,72,F81DD6C7,True,1710,192391,192619,0,14.073700,0.000000,0,28,F
1147,82600,1773,28,1,72,73FD5410,True,1773,192596,192597,0,12.846000,0.000000,0,28,F
1148,82672,2041,28,1,72,ADA78466,True,2041,192638,193328,0,8.718090,0.000000,0,28,F
1149,82744,512,28,1,72,2FD2CCE6,True,512,188307,188364,0,23.403799,0.000000,0,28,F
1150,82816,793,28,1,72,2CCA78E4,True,793,188620,188625,0,6.519040,0.000000,0,28,F
1151,82888,836,28,1,72,9A9ADA80,True,836,188654,188655,0,10.190700,0.000000,0,28,F
1152,82960,929,28,1,72,AB274842,True,929,188681,188683,0,3.330160,0.000000,0,28,F
1153,83032,550,28,1,72,E6C478C4,True,550,40148,276584,0,14.505200,0.000000,0,28,F
1154,83104,1070,28,1,72,368144F3,True,1070,189544,0,0,16.843901,0.000000,0,28,F
1155,83176,1230,28,1,72,FE6F0DE0,True,1230,48001,282589,0,75.030899,0.000000,0,28,F
1156,83248,1299,28,1,72,86D767ED,True,1299,47949,283155,0,9.720130,0.000000,0,28,F
1157,83320,1452,28,1,72,FFB5D423,True,1452,192148,0,0,33.908001,0.000000,0,28,F
1158,83392,1485,28,1,72,5BC18C8A,True,1485,192235,192236,0,25.901600,0.000000,0,28,F
1159,83464,1650,28,1,72,456B4E3C,True,1650,180747,180749,0,3.811570,0.000000,0,28,F
1160,83536,2301,28,1,72,56FA3CC5,True,2301,332924,351021,0,48.466202,0.000000,0,28,F
1161,83608,2303,28,1,72,7FDA2B4C,True,2303,333065,333066,0,34.673302,0.000000,0,28,F
1162,83680,2305,28,1,72,1D469331,True,2305,333113,333114,0,33.126099,0.000000,0,28,F
1163,83752,2327,28,1,72,93918C6F,True,2327,333158,333159,0,25.372499,0.000000,0,28,F
1164,83824,2329,28,1,72,15652BB6,True,2329,333195,333196,0,21.403601,0.000000,0,28,F
1165,83896,2333,28,1,72,F416BEE0,True,2333,333229,333230,0,22.272900,0.000000,0,28,F
1166,83968,2336,28,1,72,7B8352B0,True,2336,333308,333309,0,21.503500,0.000000,0,28,F
1167,84040,2344,28,1,72,F48F7C53,True,2344,333375,333376,0,9.268830,0.000000,0,28,F
1168,84112,3778,28,1,72,DDE02033,True,3778,334354,0,0,52.157101,0.000000,0,28,F
1169,84184,6566,28,1,72,9A88EE01,True,6566,347163,349533,0,16.754900,0.000000,0,28,F
1170,84256,6567,28,1,72,09415700,True,6567,347238,349063,0,36.427700,0.000000,0,28,F
1171,84328,6568,28,1,72,86FD22AA,True,6568,347129,349097,0,81.757896,0.000000,0,28,F
1172,84400,6569,28,1,72,DB27C8A3,True,6569,347265,349129,0,52.863300,0.000000,0,28,F
1173,84472,6570,28,1,72,B273F05E,True,6570,347288,349203,0,23.631701,0.000000,0,28,F
1174,84544,6571,28,1,72,9C7F7569,True,6571,347193,349306,0,57.293499,0.000000,0,28,F
1175,84616,6572,28,1,72,A2AEBABC,True,6572,347342,349261,0,10.537300,0.000000,0,28,F
1176,84688,6573,28,1,72,92860E75,True,6573,347317,349240,0,11.842900,0.000000,0,28,F
1177,84760,6577,28,1,72,13986F6C,True,6577,349589,349590,0,222.121002,0.000000,0,28,F
1178,84832,6579,28,1,72,764D3576,True,6579,351034,351042,0,2.525880,0.000000,0,28,F
1179,84904,6580,28,1,72,7AE840DB,True,6580,349584,349585,0,1.911150,0.000000,0,28,F
1180,84976,6581,28,1,72,4CC9B81A,True,6581,349582,349610,0,5.120910,0.000000,0,28,F
1181,85048,6605,28,1,72,77E07652,True,6605,353231,353232,0,63.228802,0.000000,0,28,F
1182,85120,6606,28,1,72,6AEF77DC,True,6606,353260,353261,0,51.809799,0.000000,0,28,F
1183,85192,6607,28,1,72,F214A123,True,6607,353281,353282,0,54.270100,0.000000,0,28,F
1184,85264,6608,28,1,72,839C13AC,True,6608,353306,353307,0,59.671101,0.000000,0,28,F
1185,85336,2786,28,1,72,1EE0E964,True,2786,333408,333409,0,21.342501,0.000000,0,28,F
1186,85408,2440,28,1,72,77513AFA,True,2440,285842,285843,0,14.882200,0.000000,0,28,F
1187,85480,6408,28,1,72,FE6988D8,True,6408,339273,339274,0,24.448799,0.000000,0,28,F
1188,85552,6584,28,1,72,93605938,True,6584,349669,349670,0,58.518700,0.000000,0,28,F
1189,85624,6585,28,1,72,FAA1288D,True,6585,349686,349687,0,31.480600,0.000000,0,28,F
1190,85696,7477,28,1,72,8A5337F1,True,7477,411802,411803,0,21.900101,0.000000,0,28,F
1191,85768,7478,28,1,72,C0DCDC14,True,7478,411889,411890,411891,6.850550,0.000000,0,28,F
1192,85840,7479,28,1,72,19E5BC68,True,7479,411907,411908,412078,17.521099,0.000000,0,28,F
1193,85912,7481,28,1,72,5DF2E860,True,7481,412169,412170,412171,12.092100,0.000000,0,28,F
1194,85984,7482,28,1,72,304C11C7,True,7482,412190,412191,412192,18.232500,0.000000,0,28,F
1195,86056,2988,28,1,72,BF9583E1,True,2988,193362,0,0,1.120350,0.000000,0,28,F
1196,86128,3204,28,1,72,C1705831,True,3204,52294,52295,0,13.521100,0.000000,0,28,F
1197,86200,3205,28,1,72,49F2B69C,True,3205,52343,52345,0,19.544100,0.000000,0,28,F
1198,86272,3206,28,1,72,0A193559,True,3206,52377,52378,0,35.476601,0.000000,0,28,F
1199,86344,3207,28,1,72,670F7ED8,True,3207,52422,64703,0,31.773300,0.000000,0,28,F
1200,86416,3208,28,1,72,321D5168,True,3208,52552,64831,0,20.841200,0.000000,0,28,F
1201,86488,3209,28,1,72,FAF5336D,True,3209,52513,64818,0,10.172800,0.000000,0,28,F
1202,86560,3210,28,1,72,1170F4AC,True,3210,52517,65594,0,10.491000,0.000000,0,28,F
1203,86632,3211,28,1,72,E49877C9,True,3211,59275,59277,0,16.283199,0.000000,0,28,F
1204,86704,3212,28,1,72,FE0E6D0D,True,3212,52544,65600,0,14.057800,0.000000,0,28,F
1205,86776,3213,28,1,72,36AFC70D,True,3213,52555,0,0,28.126400,0.000000,0,28,F
1206,86848,3218,28,1,72,EBE399EF,True,3218,185022,185023,0,4.123200,0.000000,0,28,F
1207,86920,3219,28,1,72,29BFF036,True,3219,185028,0,0,2.245160,0.000000,0,28,F
1208,86992,3220,28,1,72,7EBF1566,True,3220,185029,0,0,2.241910,0.000000,0,28,F
1209,87064,3221,28,1,72,70022769,True,3221,185030,0,0,2.252720,0.000000,0,28,F
1210,87136,3222,28,1,72,3DDF5C51,True,3222,185031,0,0,2.246450,0.000000,0,28,F
1211,87208,3223,28,1,72,7605AA6F,True,3223,185032,0,0,2.243380,0.000000,0,28,F
1212,87280,3225,28,1,72,89E41D89,True,3225,185033,0,0,2.249810,0.000000,0,28,F
1213,87352,3226,28,1,72,E46EDEA6,True,3226,185034,0,0,2.277290,0.000000,0,28,F
1214,87424,3238,28,1,72,BF373198,True,3238,185501,0,0,0.998759,0.000000,0,28,F
1215,87496,3314,28,1,72,80BB18B7,True,3314,190880,190881,0,47.458599,0.000000,0,28,F
1216,87568,3323,28,1,72,78D5A2F9,True,3323,191417,191418,0,33.151199,0.000000,0,28,F
1217,87640,3325,28,1,72,86577FE1,True,3325,191438,191439,0,30.495899,0.000000,0,28,F
1218,87712,3327,28,1,72,4FE77732,True,3327,191462,191463,0,14.696900,0.000000,0,28,F
1219,87784,3335,28,1,72,1CE3825E,True,3335,191557,191558,0,9.720130,0.000000,0,28,F
1220,87856,3339,28,1,72,E234F64F,True,3339,191623,191624,0,9.720130,0.000000,0,28,F
1221,87928,3341,28,1,72,9D5E2F65,True,3341,191644,191645,0,9.699540,0.000000,0,28,F
1222,88000,3351,28,1,72,7E9AB5B8,True,3351,191703,191704,0,9.720130,0.000000,0,28,F
1223,88072,3400,28,1,72,7E5B75A8,True,3400,202233,202234,0,50.000000,0.000000,0,28,F
1224,88144,3569,28,1,72,84B9D995,True,3569,64862,64863,0,7.651440,0.000000,0,28,F
1225,88216,3713,28,1,72,5188A4F1,True,3713,64553,64554,0,5.866860,0.000000,0,28,F
1226,88288,3714,28,1,72,7B0332F0,True,3714,64467,591566,0,12.874800,0.000000,0,28,F
1227,88360,3715,28,1,72,B9FBD586,True,3715,64531,64556,0,10.547500,0.000000,0,28,F
1228,88432,3716,28,1,72,D3FCEBBC,True,3716,64501,64502,0,120.000000,0.000000,0,28,F
1229,88504,3717,28,1,72,92599BD8,True,3717,64512,64513,0,10.772700,0.000000,0,28,F
1230,88576,3718,28,1,72,0B07C3E9,True,3718,64495,64496,0,3.547040,0.000000,0,28,F
1231,88648,4030,28,1,72,571A04F7,True,4030,76707,76708,0,13.493500,0.000000,0,28,F
1232,88720,4054,28,1,72,71AE75C0,True,4054,218524,218585,464585,19.884800,0.000000,0,28,F
1233,88792,4057,28,1,72,79E7AC62,True,4057,218757,218758,0,21.257401,0.000000,0,28,F
1234,88864,4341,28,1,72,9D2A3C6E,True,4341,168082,168083,0,33.342400,0.000000,0,28,F
1235,88936,4412,28,1,72,C294F1BE,True,4412,168133,168134,0,8.270750,0.000000,0,28,F
1236,89008,4414,28,1,72,67630A33,True,4414,168157,168158,0,7.704870,0.000000,0,28,F
1237,89080,4416,28,1,72,748E2763,True,4416,168181,0,0,1.420040,0.000000,0,28,F
1238,89152,4356,28,1,72,8677AF36,True,4356,292167,0,0,0.950645,0.000000,0,28,F
1239,89224,4357,28,1,72,724A4FBA,True,4357,292169,0,0,1.090340,0.000000,0,28,F
1240,89296,4358,28,1,72,1992D6C2,True,4358,292173,0,0,1.090340,0.000000,0,28,F
1241,89368,4359,28,1,72,46763465,True,4359,292175,0,0,0.484729,0.000000,0,28,F
1242,89440,4360,28,1,72,528B3E0D,True,4360,292177,0,0,0.484729,0.000000,0,28,F
1243,89512,4361,28,1,72,0A3D90A8,True,4361,292179,0,0,0.865875,0.000000,0,28,F
1244,89584,4362,28,1,72,62886CE7,True,4362,292181,0,0,0.495844,0.000000,0,28,F
1245,89656,4363,28,1,72,6032808D,True,4363,292183,0,0,0.653789,0.000000,0,28,F
1246,89728,4364,28,1,72,5008BA46,True,4364,292185,0,0,0.502437,0.000000,0,28,F
1247,89800,4376,28,1,72,227981C3,True,4376,292187,0,0,0.768779,0.000000,0,28,F
1248,89872,4377,28,1,72,F6638922,True,4377,292189,0,0,1.184820,0.000000,0,28,F
1249,89944,4637,28,1,72,A287E1E4,True,4637,223494,0,0,1.017710,0.000000,0,28,F
1250,90016,4644,28,1,72,E3CE115A,True,4644,223519,0,0,1.629780,0.000000,0,28,F
1251,90088,4646,28,1,72,CA07557E,True,4646,223534,0,0,1.483010,0.000000,0,28,F
1252,90160,4648,28,1,72,CF5B3FB3,True,4648,223549,0,0,1.629780,0.000000,0,28,F
1253,90232,4656,28,1,72,6715BDCC,True,4656,223739,0,0,0.379361,0.000000,0,28,F
1254,90304,4658,28,1,72,24224E34,True,4658,223754,0,0,0.952453,0.000000,0,28,F
1255,90376,4660,28,1,72,0D8C82AB,True,4660,223769,0,0,1.236720,0.000000,0,28,F
1256,90448,4662,28,1,72,4AA5D0F5,True,4662,223784,0,0,1.146360,0.000000,0,28,F
1257,90520,4674,28,1,72,9EACA525,True,4674,223802,0,0,1.124120,0.000000,0,28,F
1258,90592,4893,28,1,72,3F9145CE,True,4893,223816,0,0,0.706992,0.000000,0,28,F
1259,90664,4900,28,1,72,8459623F,True,4900,223831,0,0,0.595828,0.000000,0,28,F
1260,90736,4902,28,1,72,234BF84F,True,4902,223848,0,0,0.809592,0.000000,0,28,F
1261,90808,4904,28,1,72,FAD817CB,True,4904,223863,0,0,1.629780,0.000000,0,28,F
1262,90880,4915,28,1,72,EFF2E159,True,4915,223876,0,0,1.991320,0.000000,0,28,F
1263,90952,4917,28,1,72,487D76FC,True,4917,223891,0,0,1.616950,0.000000,0,28,F
1264,91024,4919,28,1,72,712355A7,True,4919,223908,0,0,0.701869,0.000000,0,28,F
1265,91096,4920,28,1,72,72C1D87D,True,4920,223799,0,0,1.243070,0.000000,0,28,F
1266,91168,6189,28,1,72,82E4C59A,True,6189,266450,0,0,1.677050,0.000000,0,28,F
1267,91240,6193,28,1,72,5044A4DB,True,6193,266861,0,0,1.677050,0.000000,0,28,F
1268,91312,6194,28,1,72,96FA7E20,True,6194,266865,0,0,1.677050,0.000000,0,28,F
1269,91384,6202,28,1,72,CDFAC8ED,True,6202,269529,0,0,2.121320,0.000000,0,28,F
1270,91456,330,28,1,72,42912010,True,330,275363,275365,0,45.887199,0.000000,0,28,F
1271,91528,409,28,1,72,EE02B445,True,409,186795,186796,0,5.781910,0.000000,0,28,F
1272,91600,437,28,1,72,D2B5E8B1,True,437,275418,275421,0,60.819099,0.000000,0,28,F
1273,91672,444,28,1,72,94C1F1A3,True,444,275544,275546,0,94.081497,0.000000,0,28,F
1274,91744,448,28,1,72,E9776A92,True,448,275609,275610,0,102.000999,0.000000,0,28,F
1275,91816,583,28,1,72,5F55E1B9,True,583,131116,131117,0,101.455002,0.000000,0,28,F
1276,91888,609,28,1,72,2240C16C,True,609,136048,136049,0,45.940601,0.000000,0,28,F
1277,91960,618,28,1,72,F879007A,True,618,132721,132722,0,86.322899,0.000000,0,28,F
1278,92032,623,28,1,72,05BAF043,True,623,131380,0,0,3.978920,0.000000,0,28,F
1279,92104,625,28,1,72,99E8A1DC,True,625,131436,131437,0,11.273800,0.000000,0,28,F
1280,92176,627,28,1,72,F7B32D79,True,627,131463,131464,0,62.570400,0.000000,0,28,F
1281,92248,630,28,1,72,8580FC07,True,630,131495,131496,0,62.669701,0.000000,0,28,F
1282,92320,632,28,1,72,50B5DD6D,True,632,131525,131526,0,63.170898,0.000000,0,28,F
1283,92392,639,28,1,72,6FE8A286,True,639,131556,131557,0,62.015301,0.000000,0,28,F
1284,92464,640,28,1,72,41B8F475,True,640,131586,131587,0,63.058899,0.000000,0,28,F
1285,92536,644,28,1,72,F61E579C,True,644,131705,131706,0,95.092300,0.000000,0,28,F
1286,92608,648,28,1,72,7E48CFD3,True,648,131623,131626,0,72.607399,0.000000,0,28,F
1287,92680,652,28,1,72,269F1D0B,True,652,131653,131654,0,143.798004,0.000000,0,28,F
1288,92752,654,28,1,72,296D54D5,True,654,131670,131672,0,46.466999,0.000000,0,28,F
1289,92824,656,28,1,72,8A51C5F0,True,656,131688,131689,0,63.514599,0.000000,0,28,F
1290,92896,659,28,1,72,567409C4,True,659,131729,131730,0,121.619003,0.000000,0,28,F
1291,92968,909,28,1,72,DD843308,True,909,132148,132149,0,19.173300,0.000000,0,28,F
1292,93040,1080,28,1,72,ECC82EE9,True,1080,132168,132169,0,43.237499,0.000000,0,28,F
1293,93112,1112,28,1,72,4BD9A9F9,True,1112,132199,132200,0,8.929410,0.000000,0,28,F
1294,93184,1143,28,1,72,635B2DA0,True,1143,277328,277329,0,40.375401,0.000000,0,28,F
1295,93256,1382,28,1,72,258FC150,True,1382,277451,277452,0,40.499001,0.000000,0,28,F
1296,93328,1386,28,1,72,13F32FE1,True,1386,277499,277500,0,80.219498,0.000000,0,28,F
1297,93400,1638,28,1,72,FDDC8DF4,True,1638,180305,0,0,0.559017,0.000000,0,28,F
1298,93472,1640,28,1,72,E9568E88,True,1640,180321,180322,0,2.498770,0.000000,0,28,F
1299,93544,1668,28,1,72,6B099584,True,1668,322435,322436,0,2.498770,0.000000,0,28,F
1300,93616,1681,28,1,72,7AC46947,True,1681,322443,0,0,0.559017,0.000000,0,28,F
1301,93688,1722,28,1,72,BA21376A,True,1722,322423,322424,0,2.498770,0.000000,0,28,F
1302,93760,1723,28,1,72,C161C8F2,True,1723,322431,0,0,0.559017,0.000000,0,28,F
1303,93832,1726,28,1,72,41BD832C,True,1726,322520,322521,0,4.236030,0.000000,0,28,F
1304,93904,1800,28,1,72,EB77D1CA,True,1800,132228,132229,0,63.412300,0.000000,0,28,F
1305,93976,2249,28,1,72,B4B87ABD,True,2249,278453,278454,0,104.863998,0.000000,0,28,F
1306,94048,2360,28,1,72,F2B7136C,True,2360,278534,278535,0,72.014198,0.000000,0,28,F
1307,94120,2438,28,1,72,8876E1C8,True,2438,132255,132341,0,4.446480,0.000000,0,28,F
1308,94192,3230,28,1,72,403B4F14,True,3230,185150,185161,0,10.787200,0.000000,0,28,F
1309,94264,3231,28,1,72,F9C2DA82,True,3231,185152,185169,0,10.787200,0.000000,0,28,F
1310,94336,3232,28,1,72,AA0055BC,True,3232,185151,185165,0,10.787200,0.000000,0,28,F
1311,94408,3233,28,1,72,C03FD017,True,3233,185223,185224,0,10.787200,0.000000,0,28,F
1312,94480,3597,28,1,72,9B325F9D,True,3597,284176,284181,0,88.420998,0.000000,0,28,F
1313,94552,3599,28,1,72,033CB597,True,3599,284165,0,0,4.079520,0.000000,0,28,F
1314,94624,3600,28,1,72,5FB637B6,True,3600,284178,0,0,4.079520,0.000000,0,28,F
1315,94696,3601,28,1,72,3CAB4025,True,3601,284205,0,0,4.079520,0.000000,0,28,F
1316,94768,3606,28,1,72,5BA31558,True,3606,284225,0,0,4.079520,0.000000,0,28,F
1317,94840,3747,28,1,72,1B640D95,True,3747,156289,156291,0,2.551130,0.000000,0,28,F
1318,94912,3766,28,1,72,EF2CF033,True,3766,334343,334347,0,2.498770,0.000000,0,28,F
1319,94984,3770,28,1,72,15BD8070,True,3770,334344,0,0,0.559017,0.000000,0,28,F
1320,95056,4168,28,1,72,7CCC1945,True,4168,219655,0,0,3.246110,0.000000,0,28,F
1321,95128,4169,28,1,72,464C79C3,True,4169,219632,0,0,8.581480,0.000000,0,28,F
1322,95200,4260,28,1,72,ECEAA95C,True,4260,219635,0,0,6.363960,0.000000,0,28,F
1323,95272,4276,28,1,72,1F9683F4,True,4276,219638,0,0,6.363960,0.000000,0,28,F
1324,95344,4283,28,1,72,F5259386,True,4283,219641,0,0,6.363960,0.000000,0,28,F
1325,95416,4284,28,1,72,190F9BAD,True,4284,219644,0,0,6.363960,0.000000,0,28,F
1326,95488,4293,28,1,72,5F65C582,True,4293,156318,156319,0,1.215250,0.000000,0,28,F
1327,95560,4295,28,1,72,26A889E6,True,4295,156333,0,0,0.928345,0.000000,0,28,F
1328,95632,4297,28,1,72,09CEB955,True,4297,156350,0,0,0.928345,0.000000,0,28,F
1329,95704,4299,28,1,72,E8818066,True,4299,156371,0,0,0.928345,0.000000,0,28,F
1330,95776,4304,28,1,72,4C0A0849,True,4304,156388,0,0,0.928345,0.000000,0,28,F
1331,95848,4307,28,1,72,CA9F65E9,True,4307,156478,0,0,0.928345,0.000000,0,28,F
1332,95920,4309,28,1,72,E9677572,True,4309,156495,0,0,0.928345,0.000000,0,28,F
1333,95992,4312,28,1,72,200868BC,True,4312,219618,0,0,8.581480,0.000000,0,28,F
1334,96064,4316,28,1,72,1B337A9D,True,4316,156510,0,0,0.928345,0.000000,0,28,F
1335,96136,4325,28,1,72,EF060035,True,4325,219623,0,0,8.581480,0.000000,0,28,F
1336,96208,4343,28,1,72,CD1CEC19,True,4343,219626,0,0,8.581480,0.000000,0,28,F
1337,96280,4347,28,1,72,F77CC7F2,True,4347,219629,0,0,8.581480,0.000000,0,28,F
1338,96352,4349,28,1,72,7ACE782B,True,4349,219648,0,0,16.472300,0.000000,0,28,F
1339,96424,4350,28,1,72,A12BB303,True,4350,219650,0,0,16.472300,0.000000,0,28,F
1340,96496,4508,28,1,72,AFF5797C,True,4508,296445,296446,0,124.941002,0.000000,0,28,F
1341,96568,4528,28,1,72,E24052FD,True,4528,221017,0,0,16.472300,0.000000,0,28,F
1342,96640,4537,28,1,72,37618B07,True,4537,221019,0,0,16.472300,0.000000,0,28,F
1343,96712,4606,28,1,72,EE2A6D44,True,4606,221021,0,0,16.472300,0.000000,0,28,F
1344,96784,4608,28,1,72,16F7D19E,True,4608,221023,0,0,16.472300,0.000000,0,28,F
1345,96856,4615,28,1,72,E79D8FDF,True,4615,221002,0,0,31.957899,0.000000,0,28,F
1346,96928,4616,28,1,72,DF23A313,True,4616,221005,0,0,31.957899,0.000000,0,28,F
1347,97000,4617,28,1,72,9BD3E6F5,True,4617,221008,0,0,31.957899,0.000000,0,28,F
1348,97072,4618,28,1,72,A815D6A5,True,4618,221015,0,0,31.957899,0.000000,0,28,F
1349,97144,4643,28,1,72,8FE291D0,True,4643,135016,135017,0,8.840110,0.000000,0,28,F
1350,97216,4699,28,1,72,D2397A01,True,4699,297120,0,0,33.273800,0.000000,0,28,F
1351,97288,4752,28,1,72,DFD0B0BA,True,4752,126740,126741,0,111.806000,0.000000,0,28,F
1352,97360,4753,28,1,72,E7746D53,True,4753,128762,128763,0,63.399300,0.000000,0,28,F
1353,97432,4755,28,1,72,A512DD03,True,4755,127427,127428,0,89.488403,0.000000,0,28,F
1354,97504,4757,28,1,72,B02A4521,True,4757,127561,127562,0,83.683800,0.000000,0,28,F
1355,97576,4759,28,1,72,41169B50,True,4759,127603,127604,0,76.675400,0.000000,0,28,F
1356,97648,4762,28,1,72,AB4842D9,True,4762,127723,127726,0,70.445801,0.000000,0,28,F
1357,97720,4764,28,1,72,DB52ED53,True,4764,127759,127760,0,121.116997,0.000000,0,28,F
1358,97792,4766,28,1,72,0487A7A4,True,4766,127797,127800,0,42.652100,0.000000,0,28,F
1359,97864,4768,28,1,72,039DDF59,True,4768,127856,127858,0,83.949600,0.000000,0,28,F
1360,97936,4770,28,1,72,A1BCF5B8,True,4770,127908,127910,0,75.397697,0.000000,0,28,F
1361,98008,4772,28,1,72,5018A2FC,True,4772,127957,127959,0,66.024399,0.000000,0,28,F
1362,98080,4774,28,1,72,148E52BE,True,4774,128816,128818,0,87.374397,0.000000,0,28,F
1363,98152,4776,28,1,72,6B6794D1,True,4776,128849,128851,0,78.347397,0.000000,0,28,F
1364,98224,4778,28,1,72,3D2839D1,True,4778,128078,128079,0,125.380997,0.000000,0,28,F
1365,98296,4780,28,1,72,48FEE186,True,4780,128877,128878,0,103.834999,0.000000,0,28,F
1366,98368,4782,28,1,72,C8ED7DCE,True,4782,128145,128146,0,89.620697,0.000000,0,28,F
1367,98440,4784,28,1,72,D39729C7,True,4784,128752,128754,0,17.678301,0.000000,0,28,F
1368,98512,4786,28,1,72,809713EE,True,4786,128915,128916,0,27.951300,0.000000,0,28,F
1369,98584,4788,28,1,72,C2EDC639,True,4788,128932,128933,0,51.539001,0.000000,0,28,F
1370,98656,4790,28,1,72,3E483B00,True,4790,128949,128950,0,35.355701,0.000000,0,28,F
1371,98728,4792,28,1,72,91D35E13,True,4792,128966,128967,0,55.901901,0.000000,0,28,F
1372,98800,4794,28,1,72,E6E1AFB8,True,4794,128983,128984,0,70.710800,0.000000,0,28,F
1373,98872,4796,28,1,72,68BCEF0B,True,4796,129001,129002,0,13.976200,0.000000,0,28,F
1374,98944,4798,28,1,72,45D5A490,True,4798,129020,129021,0,27.953699,0.000000,0,28,F
1375,99016,4800,28,1,72,EE03CBB5,True,4800,129043,129044,0,27.958401,0.000000,0,28,F
1376,99088,4802,28,1,72,02793B97,True,4802,129063,129064,0,35.361301,0.000000,0,28,F
1377,99160,4804,28,1,72,478910D4,True,4804,129085,129086,0,17.689600,0.000000,0,28,F
1378,99232,4806,28,1,72,2B13E5E7,True,4806,129104,129105,0,25.769800,0.000000,0,28,F
1379,99304,4808,28,1,72,D8B8491D,True,4808,129123,129124,0,35.359600,0.000000,0,28,F
1380,99376,4810,28,1,72,071374C4,True,4810,129143,129144,0,35.374100,0.000000,0,28,F
1381,99448,4814,28,1,72,64A35975,True,4814,129184,129185,0,28.990601,0.000000,0,28,F
1382,99520,4816,28,1,72,4FBF2D2F,True,4816,129210,129211,0,18.796400,0.000000,0,28,F
1383,99592,4818,28,1,72,9C39ED06,True,4818,129232,129233,0,22.418900,0.000000,0,28,F
1384,99664,4820,28,1,72,9B87A717,True,4820,129256,129257,0,23.788799,0.000000,0,28,F
1385,99736,4822,28,1,72,B277F6D9,True,4822,129281,129282,0,82.949303,0.000000,0,28,F
1386,99808,4824,28,1,72,CF44800C,True,4824,129311,129312,0,95.823097,0.000000,0,28,F
1387,99880,4826,28,1,72,E7F07E9A,True,4826,129338,129339,0,32.199001,0.000000,0,28,F
1388,99952,4829,28,1,72,BAE76A9B,True,4829,129375,129376,0,69.260300,0.000000,0,28,F
1389,100024,4831,28,1,72,0BD3D1EB,True,4831,129408,129409,0,149.936996,0.000000,0,28,F
1390,100096,4835,28,1,72,0574A379,True,4835,132275,132276,0,57.701500,0.000000,0,28,F
1391,100168,4839,28,1,72,AE621585,True,4839,132428,132440,0,135.373993,0.000000,0,28,F
1392,100240,4841,28,1,72,303464C4,True,4841,132518,132520,0,12.697800,0.000000,0,28,F
1393,100312,4843,28,1,72,25F598B1,True,4843,132551,132552,0,130.421997,0.000000,0,28,F
1394,100384,4845,28,1,72,3601068F,True,4845,132593,132594,0,145.901993,0.000000,0,28,F
1395,100456,4847,28,1,72,5690D87B,True,4847,132642,132643,0,112.961998,0.000000,0,28,F
1396,100528,4849,28,1,72,2FF40C9B,True,4849,132683,0,0,5.213400,0.000000,0,28,F
1397,100600,4851,28,1,72,F8F118A2,True,4851,132755,132756,0,19.497101,0.000000,0,28,F
1398,100672,4853,28,1,72,F92458DC,True,4853,132780,132781,0,256.667999,0.000000,0,28,F
1399,100744,4855,28,1,72,C551AB9D,True,4855,132870,132871,0,51.886101,0.000000,0,28,F
1400,100816,4857,28,1,72,3AD20629,True,4857,132890,132891,0,51.886101,0.000000,0,28,F
1401,100888,4859,28,1,72,5DFE7641,True,4859,132910,132912,0,80.055199,0.000000,0,28,F
1402,100960,4861,28,1,72,144DF36F,True,4861,132936,132938,0,28.372801,0.000000,0,28,F
1403,101032,4863,28,1,72,E9ED5F80,True,4863,132995,132997,0,28.690800,0.000000,0,28,F
1404,101104,4865,28,1,72,02A2D657,True,4865,133020,133021,0,17.956100,0.000000,0,28,F
1405,101176,4867,28,1,72,58DF154A,True,4867,133047,133048,0,27.953699,0.000000,0,28,F
1406,101248,4869,28,1,72,C6F053D2,True,4869,133072,133074,0,36.173500,0.000000,0,28,F
1407,101320,4871,28,1,72,D51667F2,True,4871,133101,133102,0,18.051800,0.000000,0,28,F
1408,101392,4873,28,1,72,C246ED76,True,4873,133127,133128,0,28.189699,0.000000,0,28,F
1409,101464,4875,28,1,72,8043B7A3,True,4875,133148,133150,0,28.188200,0.000000,0,28,F
1410,101536,4877,28,1,72,56F8824B,True,4877,133172,133173,0,56.567001,0.000000,0,28,F
1411,101608,4880,28,1,72,03FFEE42,True,4880,133221,133222,0,176.604004,0.000000,0,28,F
1412,101680,4882,28,1,72,36251AD3,True,4882,133267,133268,0,176.328995,0.000000,0,28,F
1413,101752,4898,28,1,72,879C8FCF,True,4898,136991,136993,0,7.855960,0.000000,0,28,F
1414,101824,4908,28,1,72,6DCE225F,True,4908,297170,297171,0,7.883060,0.000000,0,28,F
1415,101896,4924,28,1,72,7A668AA4,True,4924,134423,0,0,51.045502,0.000000,0,28,F
1416,101968,4951,28,1,72,7C8DD50E,True,4951,135094,0,0,32.296799,0.000000,0,28,F
1417,102040,4966,28,1,72,25517247,True,4966,135235,0,0,32.296799,0.000000,0,28,F
1418,102112,4970,28,1,72,CD41EE1A,True,4970,135152,0,0,32.296799,0.000000,0,28,F
1419,102184,4972,28,1,72,27A2C531,True,4972,135391,135392,0,93.762802,0.000000,0,28,F
1420,102256,4974,28,1,72,93F5384E,True,4974,135247,0,0,32.296799,0.000000,0,28,F
1421,102328,4975,28,1,72,3013D08A,True,4975,135250,0,0,32.281601,0.000000,0,28,F
1422,102400,4976,28,1,72,8D772C82,True,4976,135359,0,0,32.281601,0.000000,0,28,F
1423,102472,4977,28,1,72,E0AA4060,True,4977,135520,0,0,32.281601,0.000000,0,28,F
1424,102544,4978,28,1,72,92760FAB,True,4978,135363,0,0,32.281601,0.000000,0,28,F
1425,102616,4980,28,1,72,A11B2BD4,True,4980,135545,0,0,51.045502,0.000000,0,28,F
1426,102688,4983,28,1,72,FFBD4E31,True,4983,135778,135779,0,211.175003,0.000000,0,28,F
1427,102760,4994,28,1,72,EE37EBC3,True,4994,136423,136424,0,174.985992,0.000000,0,28,F
1428,102832,4996,28,1,72,3E63B8C3,True,4996,137178,137179,0,8.066430,0.000000,0,28,F
1429,102904,4998,28,1,72,B450AA45,True,4998,137017,137019,0,8.066430,0.000000,0,28,F
1430,102976,5003,28,1,72,3E3A3F86,True,5003,137043,137044,0,8.066430,0.000000,0,28,F
1431,103048,5006,28,1,72,57FFAE1B,True,5006,137071,137072,0,8.066430,0.000000,0,28,F
1432,103120,5091,28,1,72,E6219CC2,True,5091,141388,141389,0,31.594101,0.000000,0,28,F
1433,103192,5131,28,1,72,19CE860D,True,5131,142536,142537,0,25.806200,0.000000,0,28,F
1434,103264,5136,28,1,72,51685B90,True,5136,142839,142840,0,7.941710,0.000000,0,28,F
1435,103336,5138,28,1,72,A3A2836A,True,5138,142860,142861,0,9.199730,0.000000,0,28,F
1436,103408,5220,28,1,72,6B8E059C,True,5220,146726,0,0,99.245796,0.000000,0,28,F
1437,103480,5222,28,1,72,148031C5,True,5222,146800,0,0,16.472300,0.000000,0,28,F
1438,103552,5224,28,1,72,54117D87,True,5224,146813,0,0,2.862610,0.000000,0,28,F
1439,103624,5226,28,1,72,3970F0F0,True,5226,146826,0,0,3.246110,0.000000,0,28,F
1440,103696,5228,28,1,72,5EA02F84,True,5228,146839,0,0,5.729720,0.000000,0,28,F
1441,103768,5230,28,1,72,F9739EC0,True,5230,146852,0,0,4.973750,0.000000,0,28,F
1442,103840,5232,28,1,72,C81EC83C,True,5232,146865,0,0,6.363960,0.000000,0,28,F
1443,103912,5234,28,1,72,9903D61F,True,5234,146878,0,0,8.855620,0.000000,0,28,F
1444,103984,5237,28,1,72,0C95BD42,True,5237,146926,0,0,8.581480,0.000000,0,28,F
1445,104056,5239,28,1,72,D2AAF183,True,5239,146940,0,0,9.568630,0.000000,0,28,F
1446,104128,5241,28,1,72,A588248E,True,5241,146953,0,0,12.080400,0.000000,0,28,F
1447,104200,5243,28,1,72,3B0F826F,True,5243,146967,0,0,14.360100,0.000000,0,28,F
1448,104272,5245,28,1,72,0226577B,True,5245,146980,0,0,17.698400,0.000000,0,28,F
1449,104344,5269,28,1,72,43376466,True,5269,297726,0,0,17.677700,0.000000,0,28,F
1450,104416,5283,28,1,72,42F77793,True,5283,148520,0,0,10.306100,0.000000,0,28,F
1451,104488,5322,28,1,72,085DB265,True,5322,298024,0,0,21.979500,0.000000,0,28,F
1452,104560,5341,28,1,72,BA50F391,True,5341,298331,0,0,23.036600,0.000000,0,28,F
1453,104632,5414,28,1,72,950108D7,True,5414,156725,0,0,1.986700,0.000000,0,28,F
1454,104704,5416,28,1,72,7400DDC9,True,5416,156754,0,0,1.986700,0.000000,0,28,F
1455,104776,5418,28,1,72,AEC80F9C,True,5418,156769,0,0,1.986700,0.000000,0,28,F
1456,104848,5420,28,1,72,C9446F3C,True,5420,156783,0,0,1.986700,0.000000,0,28,F
1457,104920,5422,28,1,72,6C7F2634,True,5422,156797,0,0,1.986700,0.000000,0,28,F
1458,104992,5424,28,1,72,25D6CD8A,True,5424,156811,0,0,1.986700,0.000000,0,28,F
1459,105064,5426,28,1,72,FDF23507,True,5426,156827,156828,0,1.564730,0.000000,0,28,F
1460,105136,5434,28,1,72,8E6F89E9,True,5434,157035,157036,0,4.123200,0.000000,0,28,F
1461,105208,5436,28,1,72,1C13AE13,True,5436,157055,0,0,2.238180,0.000000,0,28,F
1462,105280,5442,28,1,72,34A20EC9,True,5442,337425,0,0,18.131300,0.000000,0,28,F
1463,105352,5781,28,1,72,6EDCC107,True,5781,173908,173911,0,4.688120,0.000000,0,28,F
1464,105424,5784,28,1,72,B53F9102,True,5784,173973,173974,0,4.688120,0.000000,0,28,F
1465,105496,5785,28,1,72,E1CE617B,True,5785,173978,173979,0,4.688120,0.000000,0,28,F
1466,105568,6043,28,1,72,F791007B,True,6043,298653,0,0,48.004902,0.000000,0,28,F
1467,105640,6144,28,1,72,0028A927,True,6144,258418,0,0,2.498770,0.000000,0,28,F
1468,105712,6145,28,1,72,10B54B2C,True,6145,258430,0,0,0.559017,0.000000,0,28,F
1469,105784,6409,28,1,72,F22F96FB,True,6409,309284,309286,0,24.917801,0.000000,0,28,F
1470,105856,6414,28,1,72,8BCD7BAA,True,6414,309259,309261,0,10.200300,0.000000,0,28,F
1471,105928,1391,28,1,72,F4DD5D4E,True,1391,277737,277738,0,50.000000,0.000000,0,28,F
1472,106000,1396,28,1,72,AC26B087,True,1396,277804,277812,0,80.000000,0.000000,0,28,F
1473,106072,1421,28,1,72,4FE24884,True,1421,320786,0,0,50.000000,0.000000,0,28,F
1474,106144,3650,28,1,72,27F9722A,True,3650,209436,209437,0,80.000000,0.000000,0,28,F
1475,106216,3743,28,1,72,8A230B6B,True,3743,143570,143571,0,50.000000,0.000000,0,28,F
1476,106288,5114,28,1,72,8333CD00,True,5114,141921,141922,0,80.000000,0.000000,0,28,F
1477,106360,5115,28,1,72,E2AED29C,True,5115,141998,141999,0,80.000000,0.000000,0,28,F
1478,106432,5116,28,1,72,57191BEC,True,5116,142147,142148,0,50.000000,0.000000,0,28,F
1479,106504,5118,28,1,72,FDEDCAE2,True,5118,142168,142169,0,90.000000,0.000000,0,28,F
1480,106576,5119,28,1,72,4EFF06E7,True,5119,142101,0,0,50.000000,0.000000,0,28,F
1481,106648,5120,28,1,72,6F52802F,True,5120,142195,142196,0,50.000000,0.000000,0,28,F
1482,106720,5121,28,1,72,6FDA02B2,True,5121,142219,142220,0,50.000000,0.000000,0,28,F
1483,106792,5122,28,1,72,813DA8BA,True,5122,142232,142233,0,50.000000,0.000000,0,28,F
1484,106864,5123,28,1,72,80C70A47,True,5123,142246,142247,0,50.000000,0.000000,0,28,F
1485,106936,5126,28,1,72,91474874,True,5126,142480,142481,0,2.415900,0.000000,0,28,F
1486,107008,5127,28,1,72,63D49748,True,5127,142475,142476,0,0.609717,0.000000,0,28,F
1487,107080,5129,28,1,72,EEA75BFF,True,5129,142508,142509,0,50.000000,0.000000,0,28,F
1488,107152,5151,28,1,72,19FC89FB,True,5151,143209,143210,0,50.000000,0.000000,0,28,F
1489,107224,6480,28,1,72,97A36D81,True,6480,344976,344977,0,50.000000,0.000000,0,28,F
1490,107296,6481,28,1,72,86ECF2BC,True,6481,345044,345045,0,80.000000,0.000000,0,28,F
1491,107368,6482,28,1,72,4D4A4B84,True,6482,345073,345074,0,50.000000,0.000000,0,28,F
1492,107440,6483,28,1,72,37F46D1B,True,6483,345092,345093,0,50.000000,0.000000,0,28,F
1493,107512,6484,28,1,72,69EA9BCF,True,6484,345068,0,0,50.000000,0.000000,0,28,F
1494,107584,6532,28,1,72,CDAAF6F4,True,6532,347878,347879,0,50.000000,0.000000,0,28,F
1495,107656,6533,28,1,72,43D60211,True,6533,347854,347855,0,80.000000,0.000000,0,28,F
1496,107728,6534,28,1,72,8AABD2D8,True,6534,591182,591183,0,30.000000,0.000000,0,28,F
1497,107800,6535,28,1,72,6E040913,True,6535,515234,515235,0,30.000000,0.000000,0,28,F
1498,107872,6536,28,1,72,C6CDD407,True,6536,347968,0,0,50.000000,0.000000,0,28,F
1499,107944,7605,28,1,72,0475207B,True,7605,419383,419384,419385,4.783600,0.000000,0,28,F
1500,108016,7606,28,1,72,828D130E,True,7606,419395,419396,419397,12.839400,0.000000,0,28,F
1501,108088,7607,28,1,72,B44EBB1C,True,7607,419428,419429,419430,4.135900,0.000000,0,28,F
1502,108160,7608,28,1,72,42467036,True,7608,419362,419363,0,80.000000,0.000000,0,28,F
1503,108232,7611,28,1,72,BAE386FE,True,7611,419478,0,0,1.913770,0.000000,0,28,F
1504,108304,7612,28,1,72,15850436,True,7612,419481,0,0,2.023400,0.000000,0,28,F
1505,108376,5755,28,1,72,C0F41704,True,5755,171899,171902,0,41.186699,0.000000,0,28,F
1506,108448,5776,28,1,72,2DD827F9,True,5776,173763,0,0,0.659697,0.000000,0,28,F
1507,108520,6204,28,1,72,0D1119EC,True,6204,269591,0,0,40.000000,0.000000,0,28,F
1508,108592,2338,28,1,72,151E9FE1,True,2338,333342,333343,0,20.097300,0.000000,0,28,F
1509,108664,2796,28,1,72,4DAD23DB,True,2796,333465,333466,0,7.679730,0.000000,0,28,F
1510,108736,2798,28,1,72,40A79CAB,True,2798,333494,333495,0,6.150280,0.000000,0,28,F
1511,108808,2800,28,1,72,120730FA,True,2800,333523,333524,0,6.992660,0.000000,0,28,F
1512,108880,3159,28,1,72,12179BCF,True,3159,333827,333828,0,5.030750,0.000000,0,28,F
1513,108952,3191,28,1,72,940C6472,True,3191,333977,333978,0,11.187700,0.000000,0,28,F
1514,109024,3763,28,1,72,B27B098E,True,3763,334011,334012,0,3.437470,0.000000,0,28,F
1515,109096,3765,28,1,72,AE2B81F2,True,3765,334026,334027,0,2.816240,0.000000,0,28,F
1516,109168,6375,28,1,72,B10215E7,True,6375,307918,307919,0,7.479100,0.000000,0,28,F
1517,109240,6376,28,1,72,451424A9,True,6376,308045,308047,0,20.311100,0.000000,0,28,F
1518,109312,6377,28,1,72,CE02B36F,True,6377,308114,308115,0,12.807100,0.000000,0,28,F
1519,109384,6378,28,1,72,5C879C53,True,6378,308141,308142,0,9.358520,0.000000,0,28,F
1520,109456,6379,28,1,72,DA5A88C7,True,6379,308166,308169,0,9.045960,0.000000,0,28,F
1521,109528,6380,28,1,72,F661FC61,True,6380,308221,308222,0,12.670700,0.000000,0,28,F
1522,109600,6381,28,1,72,C77A2C2A,True,6381,308241,308242,0,1.848050,0.000000,0,28,F
1523,109672,6382,28,1,72,A33E4ACC,True,6382,308254,308255,0,12.756900,0.000000,0,28,F
1524,109744,6384,28,1,72,E9FF5BB7,True,6384,308491,308492,0,4.881510,0.000000,0,28,F
1525,109816,6386,28,1,72,C3B63586,True,6386,308534,308535,0,2.924910,0.000000,0,28,F
1526,109888,6388,28,1,72,2BC8C8FB,True,6388,308576,308577,0,3.920510,0.000000,0,28,F
1527,109960,6390,28,1,72,395C4091,True,6390,308602,308603,0,12.546700,0.000000,0,28,F
1528,110032,6392,28,1,72,8F5C9357,True,6392,308642,308643,0,2.974440,0.000000,0,28,F
1529,110104,6394,28,1,72,FAC3D6DA,True,6394,308667,308668,0,2.805740,0.000000,0,28,F
1530,110176,6397,28,1,72,D1A6D077,True,6397,308855,308856,0,1.683760,0.000000,0,28,F
1531,110248,6399,28,1,72,02A1432C,True,6399,308858,0,0,6.190150,0.000000,0,28,F
1532,110320,6401,28,1,72,EF0DF608,True,6401,308999,309010,0,0.672916,0.000000,0,28,F
1533,110392,6403,28,1,72,541C6EE3,True,6403,309048,309049,0,3.504170,0.000000,0,28,F
1534,110464,6405,28,1,72,476A4561,True,6405,309069,309070,0,1.466870,0.000000,0,28,F
1535,110536,6407,28,1,72,FD3C4DFF,True,6407,309094,309095,0,4.252920,0.000000,0,28,F
1536,110608,6411,28,1,72,9599509A,True,6411,309210,309211,0,3.982090,0.000000,0,28,F
1537,110680,6420,28,1,72,BAAF6352,True,6420,310565,0,0,4.056910,0.000000,0,28,F
1538,110752,6421,28,1,72,952C6076,True,6421,310601,0,0,3.672230,0.000000,0,28,F
1539,110824,6422,28,1,72,5E21201D,True,6422,310580,0,0,4.838900,0.000000,0,28,F
1540,110896,6478,28,1,72,7F0FB5A7,True,6478,345217,345218,0,10.498300,0.000000,0,28,F
1541,110968,6485,28,1,72,03776250,True,6485,344999,345000,0,49.065300,0.000000,0,28,F
1542,111040,6486,28,1,72,63F0BC81,True,6486,345583,0,0,16.843901,0.000000,0,28,F
1543,111112,6504,28,1,72,5610FB0E,True,6504,346639,346640,0,60.000000,0.000000,0,28,F
1544,111184,6517,28,1,72,4BE90264,True,6517,347386,347387,0,47.458599,0.000000,0,28,F
1545,111256,6520,28,1,72,1EAA76F6,True,6520,347707,347708,0,33.151199,0.000000,0,28,F
1546,111328,6529,28,1,72,41B9A147,True,6529,347486,347487,0,56.583599,0.000000,0,28,F
1547,111400,6530,28,1,72,6058C189,True,6530,347897,347898,0,75.030899,0.000000,0,28,F
1548,111472,6531,28,1,72,9C7A681D,True,6531,347937,347938,0,48.946201,0.000000,0,28,F
1549,111544,6612,28,1,72,8DEE2C38,True,6612,353595,353598,0,91.322998,0.000000,0,28,F
1550,111616,6617,28,1,72,75B21014,True,6617,353835,353899,0,50.000000,0.000000,0,28,F
1551,111688,6618,28,1,72,ED372FA9,True,6618,353834,353884,0,50.000000,0.000000,0,28,F
1552,111760,6619,28,1,72,313DEBFF,True,6619,353833,353869,0,50.000000,0.000000,0,28,F
1553,111832,6620,28,1,72,9A978020,True,6620,353832,353850,0,50.000000,0.000000,0,28,F
1554,111904,6622,28,1,72,2F95AC8D,True,6622,353844,353972,0,50.000000,0.000000,0,28,F
1555,111976,6624,28,1,72,1C3F9822,True,6624,354198,354199,0,6.899150,0.000000,0,28,F
1556,112048,6626,28,1,72,C86EC349,True,6626,354235,354236,0,16.435200,0.000000,0,28,F
1557,112120,6628,28,1,72,263B6CAB,True,6628,354419,354420,0,3.103230,0.000000,0,28,F
1558,112192,2084,28,1,72,3E4B766B,True,2084,360268,0,0,6.742290,0.000000,0,28,F
1559,112264,3653,28,1,72,2791AD8E,True,3653,360290,0,0,7.203090,0.000000,0,28,F
1560,112336,6646,28,1,72,C56D0E85,True,6646,355260,355261,0,5.345590,0.000000,0,28,F
1561,112408,6647,28,1,72,35AB16B7,True,6647,355272,355280,0,5.329170,0.000000,0,28,F
1562,112480,6648,28,1,72,CEA77AB2,True,6648,355273,355285,0,5.193030,0.000000,0,28,F
1563,112552,6649,28,1,72,6366FA5D,True,6649,355274,355295,0,5.207500,0.000000,0,28,F
1564,112624,6650,28,1,72,EC05E5A7,True,6650,355275,355301,0,5.028410,0.000000,0,28,F
1565,112696,6651,28,1,72,5377C590,True,6651,355276,355307,0,7.292720,0.000000,0,28,F
1566,112768,6652,28,1,72,908FDFC3,True,6652,355277,355310,0,5.823930,0.000000,0,28,F
1567,112840,6653,28,1,72,7EF780ED,True,6653,355278,355316,0,5.823930,0.000000,0,28,F
1568,112912,6654,28,1,72,99425EA0,True,6654,355279,356630,0,6.763600,0.000000,0,28,F
1569,112984,6689,28,1,72,9E35FE2E,True,6689,355491,355571,0,13.278000,0.000000,0,28,F
1570,113056,6690,28,1,72,2C5241C1,True,6690,355492,355753,0,13.386600,0.000000,0,28,F
1571,113128,6691,28,1,72,FE784B3A,True,6691,355493,355590,0,11.299500,0.000000,0,28,F
1572,113200,6692,28,1,72,F8F68FC6,True,6692,355494,355594,0,11.571500,0.000000,0,28,F
1573,113272,6693,28,1,72,6BEEF88D,True,6693,355495,355603,0,8.648140,0.000000,0,28,F
1574,113344,6694,28,1,72,D6D0FB1D,True,6694,355496,355742,0,12.118600,0.000000,0,28,F
1575,113416,6695,28,1,72,43F09D1D,True,6695,355497,355622,0,3.338330,0.000000,0,28,F
1576,113488,6696,28,1,72,46117EAC,True,6696,355498,355627,0,7.496540,0.000000,0,28,F
1577,113560,6697,28,1,72,01FAF741,True,6697,355499,355645,0,9.796140,0.000000,0,28,F
1578,113632,6698,28,1,72,A513AB47,True,6698,355500,355655,0,7.291380,0.000000,0,28,F
1579,113704,6699,28,1,72,F6360237,True,6699,355501,355663,0,3.338330,0.000000,0,28,F
1580,113776,6700,28,1,72,A01F0B4D,True,6700,355502,355667,0,5.628580,0.000000,0,28,F
1581,113848,6701,28,1,72,9DC7FB80,True,6701,355503,355671,0,10.419100,0.000000,0,28,F
1582,113920,6702,28,1,72,2B9EF1DE,True,6702,355504,355706,0,11.043100,0.000000,0,28,F
1583,113992,6703,28,1,72,AD6BCA24,True,6703,355505,355715,0,14.709000,0.000000,0,28,F
1584,114064,6704,28,1,72,51441699,True,6704,355506,355724,0,6.377390,0.000000,0,28,F
1585,114136,6705,28,1,72,51A4FF34,True,6705,355507,355730,0,10.190400,0.000000,0,28,F
1586,114208,6706,28,1,72,E9E7E586,True,6706,355481,355515,0,3.732810,0.000000,0,28,F
1587,114280,6707,28,1,72,D265FD83,True,6707,355482,355519,0,25.326000,0.000000,0,28,F
1588,114352,6708,28,1,72,4546F0BA,True,6708,355483,0,0,24.942400,0.000000,0,28,F
1589,114424,6709,28,1,72,5E72A7DF,True,6709,355484,0,0,9.416820,0.000000,0,28,F
1590,114496,6710,28,1,72,4426A28E,True,6710,355486,355536,0,1.618660,0.000000,0,28,F
1591,114568,6711,28,1,72,64B8E05F,True,6711,355487,355543,0,1.420730,0.000000,0,28,F
1592,114640,6712,28,1,72,CDEA2092,True,6712,355488,355545,0,2.765760,0.000000,0,28,F
1593,114712,6713,28,1,72,87B4CE24,True,6713,355489,355547,0,2.765760,0.000000,0,28,F
1594,114784,6714,28,1,72,258B205A,True,6714,355490,355549,0,180.000000,0.000000,0,28,F
1595,114856,6715,28,1,72,4C594305,True,6715,355485,355527,0,3.803540,0.000000,0,28,F
1596,114928,6716,28,1,72,89FB8283,True,6716,355508,355855,0,120.000000,0.000000,0,28,F
1597,115000,6717,28,1,72,60D7F61E,True,6717,355509,355859,0,11.655400,0.000000,0,28,F
1598,115072,6718,28,1,72,F07379F3,True,6718,355510,355862,0,8.358800,0.000000,0,28,F
1599,115144,6719,28,1,72,7871C02B,True,6719,355511,355865,0,8.965020,0.000000,0,28,F
1600,115216,6720,28,1,72,F9D73576,True,6720,355512,355868,0,8.965020,0.000000,0,28,F
1601,115288,6721,28,1,72,D00AEEC0,True,6721,355513,355871,0,12.056000,0.000000,0,28,F
1602,115360,6722,28,1,72,A98FE5C6,True,6722,355514,355874,0,11.792000,0.000000,0,28,F
1603,115432,6739,28,1,72,055C5A02,True,6739,356327,500530,0,120.000000,0.000000,0,28,F
1604,115504,6740,28,1,72,889C9EE8,True,6740,356328,356381,0,4.732400,0.000000,0,28,F
1605,115576,6741,28,1,72,CE63E2E0,True,6741,356384,356385,0,4.242690,0.000000,0,28,F
1606,115648,6742,28,1,72,377CA0CE,True,6742,356330,356388,0,7.695160,0.000000,0,28,F
1607,115720,6743,28,1,72,F580AEA1,True,6743,356331,356391,0,5.200820,0.000000,0,28,F
1608,115792,6744,28,1,72,C5C68C96,True,6744,356326,356367,0,4.439280,0.000000,0,28,F
1609,115864,6745,28,1,72,486269EC,True,6745,356332,356394,0,4.694440,0.000000,0,28,F
1610,115936,6746,28,1,72,CCB327B5,True,6746,356333,356397,0,3.059920,0.000000,0,28,F
1611,116008,6747,28,1,72,1126C949,True,6747,356334,356399,0,1.327420,0.000000,0,28,F
1612,116080,6748,28,1,72,996F22EA,True,6748,356335,356401,0,3.282320,0.000000,0,28,F
1613,116152,6749,28,1,72,4A94B03A,True,6749,356336,356403,0,1.693280,0.000000,0,28,F
1614,116224,6750,28,1,72,DE11914B,True,6750,356337,356405,0,3.525400,0.000000,0,28,F
1615,116296,6751,28,1,72,EE89CD24,True,6751,356339,356409,0,1.489420,0.000000,0,28,F
1616,116368,6752,28,1,72,6FBEDD6F,True,6752,356338,356407,0,3.126740,0.000000,0,28,F
1617,116440,6753,28,1,72,EC07A9A4,True,6753,356340,356411,0,3.434880,0.000000,0,28,F
1618,116512,6754,28,1,72,F9B44E22,True,6754,356341,356413,0,1.590320,0.000000,0,28,F
1619,116584,8507,28,1,72,D4F6461C,True,8507,489159,489160,489161,80.000000,0.000000,0,28,F
1620,116656,8508,28,1,72,45B5714F,True,8508,489164,489165,496017,83.785301,0.000000,0,28,F
1621,116728,9202,28,1,72,9882D82C,True,9202,502841,502842,502843,6.978080,0.000000,0,28,F
1622,116800,9203,28,1,72,51158C96,True,9203,502864,502865,502866,166.613007,0.000000,0,28,F
1623,116872,9204,28,1,72,2CC0C22F,True,9204,502876,502877,0,7.171900,0.000000,0,28,F
1624,116944,9209,28,1,72,467492EC,True,9209,503065,503066,0,80.000000,0.000000,0,28,F
1625,117016,9213,28,1,72,899734F3,True,9213,503088,503089,0,4.857640,0.000000,0,28,F
1626,117088,9214,28,1,72,9A3C56E5,True,9214,503103,503104,503105,4.529640,0.000000,0,28,F
1627,117160,6899,28,1,72,5AE39B87,True,6899,382773,382830,382831,5.897880,0.000000,0,28,F
1628,117232,6900,28,1,72,41E1263C,True,6900,382855,382857,382858,7.280630,0.000000,0,28,F
1629,117304,6901,28,1,72,52CEDDD8,True,6901,382871,382873,382874,6.408980,0.000000,0,28,F
1630,117376,6902,28,1,72,4513364E,True,6902,382888,465651,465652,12.981600,0.000000,0,28,F
1631,117448,6903,28,1,72,037AE67A,True,6903,382907,382908,382909,7.879240,0.000000,0,28,F
1632,117520,6904,28,1,72,82807377,True,6904,382925,383215,383216,31.243999,0.000000,0,28,F
1633,117592,6905,28,1,72,421DB6C0,True,6905,382946,383963,383964,29.684999,0.000000,0,28,F
1634,117664,6906,28,1,72,1F2ADA64,True,6906,383962,384046,384047,25.244900,0.000000,0,28,F
1635,117736,6907,28,1,72,6138D16B,True,6907,383675,383998,383999,38.587700,0.000000,0,28,F
1636,117808,6910,28,1,72,E6CC45CE,True,6910,384415,384416,0,1.882260,0.000000,0,28,F
1637,117880,6912,28,1,72,39FB96D4,True,6912,384738,389147,389148,16.560801,0.000000,0,28,F
1638,117952,6913,28,1,72,4A15CECE,True,6913,382748,382810,382811,6.408980,0.000000,0,28,F
1639,118024,7049,28,1,72,14A27413,True,7049,388960,389102,389103,20.548401,0.000000,0,28,F
1640,118096,7284,28,1,72,970E0585,True,7284,400215,0,0,134.740005,0.000000,0,28,F
1641,118168,7711,28,1,72,B672EEEE,True,7711,390397,390398,390399,24.983700,0.000000,0,28,F
1642,118240,7712,28,1,72,93561778,True,7712,422705,422762,422706,25.687500,0.000000,0,28,F
1643,118312,7713,28,1,72,2A13FDF3,True,7713,422438,422439,422440,47.412998,0.000000,0,28,F
1644,118384,7714,28,1,72,DA6CB23C,True,7714,422499,422500,422501,8.487030,0.000000,0,28,F
1645,118456,7715,28,1,72,01A8C8A4,True,7715,422764,422765,422766,32.872002,0.000000,0,28,F
1646,118528,7716,28,1,72,34792EA5,True,7716,422544,422545,422546,26.548901,0.000000,0,28,F
1647,118600,7717,28,1,72,5E47C219,True,7717,422659,422660,422661,8.721570,0.000000,0,28,F
1648,118672,7718,28,1,72,DCD3AD40,True,7718,422678,422679,422680,28.819099,0.000000,0,28,F
1649,118744,7719,28,1,72,34AF1FD6,True,7719,422794,422795,422796,246.942993,0.000000,0,28,F
1650,118816,7720,28,1,72,1CBCEF85,True,7720,422804,422805,422806,260.721008,0.000000,0,28,F
1651,118888,7798,28,1,72,DC9FB7FF,True,7798,425983,0,0,1.328110,0.000000,0,28,F
1652,118960,7816,28,1,72,16F343C1,True,7816,425980,0,0,1.328110,0.000000,0,28,F
1653,119032,7817,28,1,72,E46724A6,True,7817,425986,0,0,1.328110,0.000000,0,28,F
1654,119104,7818,28,1,72,D7A114F6,True,7818,425989,0,0,1.328110,0.000000,0,28,F
1655,119176,7823,28,1,72,DBF5ED2E,True,7823,425999,0,0,1.328110,0.000000,0,28,F
1656,119248,7824,28,1,72,8C499FBE,True,7824,426002,0,0,1.328110,0.000000,0,28,F
1657,119320,7825,28,1,72,BCE455D4,True,7825,426005,0,0,1.328110,0.000000,0,28,F
1658,119392,7826,28,1,72,84149535,True,7826,426008,0,0,1.328110,0.000000,0,28,F
1659,119464,7831,28,1,72,095B88AB,True,7831,426102,0,0,0.312496,0.000000,0,28,F
1660,119536,7832,28,1,72,69FB0D4F,True,7832,426098,0,0,0.312496,0.000000,0,28,F
1661,119608,7833,28,1,72,E25D65C4,True,7833,426105,0,0,0.312496,0.000000,0,28,F
1662,119680,6923,28,1,72,7D79A7D6,True,6923,385021,385022,0,14.830200,0.000000,0,28,F
1663,119752,6924,28,1,72,20BDA5D5,True,6924,385354,385355,385406,12.335800,0.000000,0,28,F
1664,119824,6925,28,1,72,FBA55495,True,6925,385072,385073,0,6.213470,0.000000,0,28,F
1665,119896,6926,28,1,72,0E5C8DED,True,6926,385089,385090,385091,5.460800,0.000000,0,28,F
1666,119968,6948,28,1,72,AEB250B3,True,6948,385788,390480,0,16.874001,0.000000,0,28,F
1667,120040,6949,28,1,72,74109694,True,6949,385806,390333,386006,12.722000,0.000000,0,28,F
1668,120112,6952,28,1,72,C0E5C266,True,6952,470068,385882,385883,5.260880,0.000000,0,28,F
1669,120184,6953,28,1,72,B2DBAE9B,True,6953,470082,385865,0,6.536880,0.000000,0,28,F
1670,120256,6997,28,1,72,DD443638,True,6997,386948,386954,0,36.885700,0.000000,0,28,F
1671,120328,6998,28,1,72,D7353B6B,True,6998,386949,437508,437509,38.470501,0.000000,0,28,F
1672,120400,7001,28,1,72,CB0CA58E,True,7001,386953,387212,387213,4.403800,0.000000,0,28,F
1673,120472,7002,28,1,72,D4F57E67,True,7002,386952,387204,0,5.877300,0.000000,0,28,F
1674,120544,7034,28,1,72,15AC534C,True,7034,388348,388593,0,18.176100,0.000000,0,28,F
1675,120616,7035,28,1,72,C960281A,True,7035,389951,389952,389953,17.288799,0.000000,0,28,F
1676,120688,7036,28,1,72,18C25665,True,7036,388423,389490,389491,10.411900,0.000000,0,28,F
1677,120760,7037,28,1,72,8A191684,True,7037,388440,388624,388625,4.759940,0.000000,0,28,F
1678,120832,7038,28,1,72,22A738DD,True,7038,388457,388458,388459,5.815180,0.000000,0,28,F
1679,120904,7039,28,1,72,E4DFD4EF,True,7039,388476,388477,388478,8.433850,0.000000,0,28,F
1680,120976,7046,28,1,72,D92D59DC,True,7046,389512,389513,389514,4.759940,0.000000,0,28,F
1681,121048,7048,28,1,72,C3923E93,True,7048,389550,389551,0,13.937000,0.000000,0,28,F
1682,121120,7059,28,1,72,B0B03A72,True,7059,390029,390030,0,62.029202,0.000000,0,28,F
1683,121192,7060,28,1,72,B6C59591,True,7060,390036,390037,0,12.539400,0.000000,0,28,F
1684,121264,7162,28,1,72,7E0B7C5B,True,7162,395493,459849,395519,8.592780,0.000000,0,28,F
1685,121336,7163,28,1,72,D035B2D9,True,7163,395523,395524,395525,5.351420,0.000000,0,28,F
1686,121408,7164,28,1,72,92DCD6E5,True,7164,395532,395533,395534,14.590500,0.000000,0,28,F
1687,121480,7165,28,1,72,D07B47AB,True,7165,395542,395543,395544,13.322900,0.000000,0,28,F
1688,121552,7166,28,1,72,745622C2,True,7166,395447,395448,0,150.000000,0.000000,0,28,F
1689,121624,7170,28,1,72,1C983D9C,True,7170,395635,395636,0,4.353520,0.000000,0,28,F
1690,121696,7171,28,1,72,2AAD8EF3,True,7171,395640,397509,0,13.466800,0.000000,0,28,F
1691,121768,7172,28,1,72,0BEFA00A,True,7172,395651,395652,0,9.141420,0.000000,0,28,F
1692,121840,7205,28,1,72,905C0694,True,7205,396274,396275,0,6.778870,0.000000,0,28,F
1693,121912,7206,28,1,72,FD86CA08,True,7206,396282,396283,0,12.407800,0.000000,0,28,F
1694,121984,7232,28,1,72,7D9C8E12,True,7232,396756,396757,0,6.268230,0.000000,0,28,F
1695,122056,7259,28,1,72,62DCE4F3,True,7259,397710,397711,397722,7.300930,0.000000,0,28,F
1696,122128,7260,28,1,72,FAF788FE,True,7260,397723,397724,397725,15.898100,0.000000,0,28,F
1697,122200,7262,28,1,72,51846AA6,True,7262,398007,0,398008,4.943240,0.000000,0,28,F
1698,122272,7741,28,1,72,A4247B88,True,7741,423278,423279,423280,26.499800,0.000000,0,28,F
1699,122344,8118,28,1,72,E47C4FC1,True,8118,462104,470699,0,100.000000,0.000000,0,28,F
1700,122416,8261,28,1,72,7408C792,True,8261,470789,470826,470859,6.479320,0.000000,0,28,F
1701,122488,8265,28,1,72,2215961C,True,8265,470836,470867,470874,10.134600,0.000000,0,28,F
1702,122560,8266,28,1,72,25320192,True,8266,470844,470845,470875,8.671190,0.000000,0,28,F
1703,122632,8267,28,1,72,AA5602AB,True,8267,470851,470852,472303,13.365700,0.000000,0,28,F
1704,122704,8271,28,1,72,7A81CAF8,True,8271,471361,471362,471369,8.284250,0.000000,0,28,F
1705,122776,8272,28,1,72,D76B3A2A,True,8272,471371,471372,471379,13.007200,0.000000,0,28,F
1706,122848,8273,28,1,72,732498FA,True,8273,471381,471382,471389,6.398660,0.000000,0,28,F
1707,122920,8278,28,1,72,7DC85AC7,True,8278,471628,471629,471640,5.961360,0.000000,0,28,F
1708,122992,8279,28,1,72,D7124EFC,True,8279,471632,471633,471634,7.188180,0.000000,0,28,F
1709,123064,8280,28,1,72,FA8BE7B5,True,8280,471602,471603,0,100.000000,0.000000,0,28,F
1710,123136,8414,28,1,72,F3D4EB5E,True,8414,475041,475042,0,4.901020,0.000000,0,28,F
1711,123208,8415,28,1,72,034C7459,True,8415,475059,475060,0,16.951599,0.000000,0,28,F
1712,123280,8461,28,1,72,FE85DBA6,True,8461,488525,541725,0,75.000000,0.000000,0,28,F
1713,123352,8462,28,1,72,5762347D,True,8462,488540,488541,488542,6.963230,0.000000,0,28,F
1714,123424,8463,28,1,72,22CCA31B,True,8463,488560,488561,488562,10.374300,0.000000,0,28,F
1715,123496,8464,28,1,72,11F23B14,True,8464,488570,488571,488572,10.374800,0.000000,0,28,F
1716,123568,8488,28,1,72,5C9CA2C4,True,8488,488660,488662,0,15.238400,0.000000,0,28,F
1717,123640,8489,28,1,72,F24F0931,True,8489,488759,488838,488839,5.463840,0.000000,0,28,F
1718,123712,8490,28,1,72,F22ADEC0,True,8490,488765,488828,488829,5.982520,0.000000,0,28,F
1719,123784,8494,28,1,72,7DFB35E2,True,8494,488806,488807,0,5.876580,0.000000,0,28,F
1720,123856,8509,28,1,72,88F4D4BA,True,8509,489328,489372,489373,3.076050,0.000000,0,28,F
1721,123928,8726,28,1,72,F4066019,True,8726,492792,492794,0,75.000000,0.000000,0,28,F
1722,124000,8727,28,1,72,55512986,True,8727,492890,492891,492892,10.330300,0.000000,0,28,F
1723,124072,8728,28,1,72,8A56C883,True,8728,492914,492915,492916,10.048700,0.000000,0,28,F
1724,124144,8729,28,1,72,CEF579ED,True,8729,492935,492936,492961,25.346300,0.000000,0,28,F
1725,124216,8730,28,1,72,7E50BC60,True,8730,493552,493553,493554,19.693899,0.000000,0,28,F
1726,124288,8731,28,1,72,297EB62E,True,8731,492870,492871,492872,21.376101,0.000000,0,28,F
1727,124360,8732,28,1,72,2C2304C8,True,8732,492969,492970,493025,22.478500,0.000000,0,28,F
1728,124432,8733,28,1,72,8E652485,True,8733,492988,492989,493033,21.148701,0.000000,0,28,F
1729,124504,8734,28,1,72,11332A11,True,8734,493004,493005,493034,19.768000,0.000000,0,28,F
1730,124576,8735,28,1,72,C1A4F0BD,True,8735,492793,492831,0,75.000000,0.000000,0,28,F
1731,124648,8787,28,1,72,27B81F90,True,8787,493502,493503,493504,5.757980,0.000000,0,28,F
1732,124720,10707,28,1,72,2C17A920,True,10707,530514,530515,0,31.865101,0.000000,0,28,F
1733,124792,10709,28,1,72,787D2F2E,True,10709,531244,532333,532334,2.973830,0.000000,0,28,F
1734,124864,10710,28,1,72,1C1A15DE,True,10710,529989,532346,532347,10.160900,0.000000,0,28,F
1735,124936,10711,28,1,72,4F5EA35E,True,10711,530007,532364,532365,6.800730,0.000000,0,28,F
1736,125008,10712,28,1,72,10BE6DB1,True,10712,530022,532576,532577,9.003580,0.000000,0,28,F
1737,125080,10713,28,1,72,C114BAF6,True,10713,530034,532398,532399,4.373150,0.000000,0,28,F
1738,125152,10714,28,1,72,6F60048C,True,10714,530047,532410,532411,6.713240,0.000000,0,28,F
1739,125224,10715,28,1,72,CD9C0326,True,10715,530064,532464,532465,5.984890,0.000000,0,28,F
1740,125296,10716,28,1,72,CBF6BCCE,True,10716,530079,532479,532480,8.518800,0.000000,0,28,F
1741,125368,10717,28,1,72,3E614EBC,True,10717,530093,532494,532495,11.902200,0.000000,0,28,F
1742,125440,10718,28,1,72,FBFA651A,True,10718,530109,532508,532509,11.318400,0.000000,0,28,F
1743,125512,10832,28,1,72,162BD69E,True,10832,532322,532528,532529,5.349980,0.000000,0,28,F
1744,125584,16146,28,1,72,F748D564,True,16146,591117,591114,0,20.372101,0.000000,0,28,F
1745,125656,16147,28,1,72,58A0CF37,True,16147,591118,591119,591120,10.622500,0.000000,0,28,F
1746,125728,16148,28,1,72,BAB6A5E2,True,16148,591122,591123,591124,10.411900,0.000000,0,28,F
1747,125800,7308,28,1,72,3AB8FADE,True,7308,401177,0,0,40.000000,0.000000,0,28,F
1748,125872,7309,28,1,72,C8BE76B9,True,7309,401198,401199,401379,20.000000,0.000000,0,28,F
1749,125944,7310,28,1,72,28EFB0B8,True,7310,401230,0,401249,10.028500,0.000000,0,28,F
1750,126016,7314,28,1,72,94D49EFF,True,7314,401523,401525,401545,7.378010,0.000000,0,28,F
1751,126088,7315,28,1,72,D5945989,True,7315,401550,0,401553,12.030100,0.000000,0,28,F
1752,126160,7316,28,1,72,504506D4,True,7316,401573,0,0,16.843901,0.000000,0,28,F
1753,126232,7320,28,1,72,FB54E499,True,7320,405302,0,0,50.000000,0.000000,0,28,F
1754,126304,7321,28,1,72,3A292379,True,7321,405327,405328,405329,40.259499,0.000000,0,28,F
1755,126376,7322,28,1,72,8D183F37,True,7322,405365,0,405366,10.562800,0.000000,0,28,F
1756,126448,7424,28,1,72,983B91C9,True,7424,407416,407417,0,40.000000,0.000000,0,28,F
1757,126520,7565,28,1,72,8369CE6A,True,7565,418210,0,0,20.177999,0.000000,0,28,F
1758,126592,7566,28,1,72,1D116549,True,7566,418230,418231,418232,12.265900,0.000000,0,28,F
1759,126664,7567,28,1,72,32FCD2B3,True,7567,418245,0,418246,7.353400,0.000000,0,28,F
1760,126736,8479,28,1,72,DD350704,True,8479,488615,488616,0,120.000000,0.000000,0,28,F
1761,126808,8480,28,1,72,DCEE1963,True,8480,488627,488628,0,120.000000,0.000000,0,28,F
1762,126880,8481,28,1,72,D603BF7F,True,8481,488661,488681,0,120.000000,0.000000,0,28,F
1763,126952,8482,28,1,72,D10D63C7,True,8482,489236,489237,489238,120.000000,0.000000,0,28,F
1764,127024,8483,28,1,72,6B4C2954,True,8483,488704,488705,488706,120.000000,0.000000,0,28,F
1765,127096,8484,28,1,72,85B0C1BF,True,8484,488727,488728,488729,120.000000,0.000000,0,28,F
1766,127168,8499,28,1,72,A22D71CB,True,8499,489031,488856,0,125.000000,0.000000,0,28,F
1767,127240,8500,28,1,72,A2C1758F,True,8500,488951,489322,489323,37.984402,0.000000,0,28,F
1768,127312,8501,28,1,72,113AD747,True,8501,488971,488972,489001,15.469100,0.000000,0,28,F
1769,127384,8502,28,1,72,F41054DE,True,8502,488978,488979,489106,21.742100,0.000000,0,28,F
1770,127456,9419,28,1,72,0AF9FC7B,True,9419,504897,504898,0,50.000000,0.000000,0,28,F
1771,127528,8573,28,1,72,C0EE1D65,True,8573,489859,539575,0,150.000000,0.000000,0,28,F
1772,127600,8574,28,1,72,ED0B7075,True,8574,489861,539461,539462,20.000000,0.000000,0,28,F
1773,127672,8575,28,1,72,C015B1D7,True,8575,489873,489874,489875,20.598801,0.000000,0,28,F
1774,127744,8576,28,1,72,F34C7030,True,8576,489863,489995,489996,14.555500,0.000000,0,28,F
1775,127816,8577,28,1,72,093A7433,True,8577,489865,489866,489908,27.255800,0.000000,0,28,F
1776,127888,8578,28,1,72,2F684FC6,True,8578,489867,0,0,100.000000,0.000000,0,28,F
1777,127960,8579,28,1,72,B6DA2836,True,8579,489868,489869,489870,5.800250,0.000000,0,28,F
1778,128032,8580,28,1,72,4E62BC4F,True,8580,489871,490101,489872,7.046080,0.000000,0,28,F
1779,128104,8611,28,1,72,2210772E,True,8611,490886,0,0,100.000000,0.000000,0,28,F
1780,128176,8612,28,1,72,C50C8FB4,True,8612,490889,0,0,100.000000,0.000000,0,28,F
1781,128248,8647,28,1,72,B3DD3E01,True,8647,491606,0,0,21.973499,0.000000,0,28,F
1782,128320,8650,28,1,72,1800B318,True,8650,491614,491615,0,26.925800,0.000000,0,28,F
1783,128392,8651,28,1,72,C63E497A,True,8651,491623,491624,0,19.520599,0.000000,0,28,F
1784,128464,8652,28,1,72,A47BE033,True,8652,491636,491637,0,38.213902,0.000000,0,28,F
1785,128536,8653,28,1,72,CD669498,True,8653,491641,491642,0,29.713699,0.000000,0,28,F
1786,128608,8658,28,1,72,CC2357B8,True,8658,491655,491656,0,1.946430,0.000000,0,28,F
1787,128680,8659,28,1,72,767A32CB,True,8659,491654,491661,0,40.000000,0.000000,0,28,F
1788,128752,8665,28,1,72,BBBD3BF1,True,8665,491962,491963,0,26.925800,0.000000,0,28,F
1789,128824,8666,28,1,72,0D9D9C93,True,8666,491968,491970,0,29.713699,0.000000,0,28,F
1790,128896,8667,28,1,72,C519ADB1,True,8667,491974,491976,0,38.213902,0.000000,0,28,F
1791,128968,8671,28,1,72,5F6F4371,True,8671,491994,491995,0,19.520599,0.000000,0,28,F
1792,129040,9721,28,1,72,15242BD6,True,9721,510636,0,511010,3.162280,0.000000,0,28,F
1793,129112,9722,28,1,72,3338188B,True,9722,510638,0,511013,3.162280,0.000000,0,28,F
1794,129184,9732,28,1,72,4137CEF7,True,9732,510994,0,0,41.497601,0.000000,0,28,F
1795,129256,9791,28,1,72,A5ADB022,True,9791,512610,512611,512612,26.824800,0.000000,0,28,F
1796,129328,8544,28,1,72,D7166751,True,8544,489646,489654,489655,4.820810,0.000000,0,28,F
1797,129400,8547,28,1,72,A7383C5A,True,8547,489648,489660,489661,9.514990,0.000000,0,28,F
1798,129472,8548,28,1,72,64D2C62D,True,8548,489652,489662,489665,13.515200,0.000000,0,28,F
1799,129544,8549,28,1,72,EC2F71D3,True,8549,489651,489663,489664,11.223500,0.000000,0,28,F
1800,129616,8550,28,1,72,4CD02DF7,True,8550,489650,489666,489667,13.515200,0.000000,0,28,F
1801,129688,8551,28,1,72,0328FAD2,True,8551,489649,489668,489669,13.534000,0.000000,0,28,F
1802,129760,8552,28,1,72,D209F1B8,True,8552,489799,489800,489801,12.521900,0.000000,0,28,F
1803,129832,8553,28,1,72,B3FB9919,True,8553,489643,489644,489645,12.521900,0.000000,0,28,F
1804,129904,8561,28,1,72,73A05BCF,True,8561,489792,489793,489794,4.820810,0.000000,0,28,F
1805,129976,9574,28,1,72,12ECECAB,True,9574,507202,507203,507204,3.849060,0.000000,0,28,F
1806,130048,9985,28,1,72,59CDC8D6,True,9985,489643,489644,489645,12.521900,0.000000,0,28,F
1807,130120,9986,28,1,72,3B545A4D,True,9986,489799,489800,489801,12.521900,0.000000,0,28,F
1808,130192,9987,28,1,72,87428C59,True,9987,489652,489662,489665,13.515200,0.000000,0,28,F
1809,130264,9988,28,1,72,A8226EEA,True,9988,489650,489666,489667,13.515200,0.000000,0,28,F
1810,130336,9989,28,1,72,E7DAB9CF,True,9989,489649,489668,489669,13.534000,0.000000,0,28,F
1811,130408,8555,28,1,72,C60B1384,True,8555,489709,490066,0,125.000000,0.000000,0,28,F
1812,130480,8608,28,1,72,3CCF8D3A,True,8608,490865,490866,0,125.000000,0.000000,0,28,F
1813,130552,10128,28,1,72,62B30402,True,10128,519569,0,0,70.000000,0.000000,0,28,F
1814,130624,8615,28,1,72,EE91626D,True,8615,490900,0,0,125.000000,0.000000,0,28,F
1815,130696,8616,28,1,72,66121CF1,True,8616,490901,0,0,125.000000,0.000000,0,28,F
1816,130768,8675,28,1,72,A5677C0C,True,8675,492015,0,0,125.000000,0.000000,0,28,F
1817,130840,8601,28,1,72,FDF844C4,True,8601,490577,0,0,30.000000,0.000000,0,28,F
1818,130912,9918,28,1,72,076E0429,True,9918,514624,0,0,30.000000,0.000000,0,28,F
1819,130984,8928,28,1,72,D7B4260C,True,8928,496060,496061,0,19.683399,0.000000,0,28,F
1820,131056,8929,28,1,72,06345604,True,8929,496070,496071,0,20.899799,0.000000,0,28,F
1821,131128,8939,28,1,72,5EE1EFD2,True,8939,496018,496028,0,10.780500,0.000000,0,28,F
1822,131200,10062,28,1,72,BA51219F,True,10062,517965,517966,0,15.476400,0.000000,0,28,F
1823,131272,11475,28,1,72,36AFB16E,True,11475,546875,546876,0,27.720501,0.000000,0,28,F
1824,131344,11477,28,1,72,58B6CAFE,True,11477,546898,546899,0,12.418700,0.000000,0,28,F
1825,131416,11501,28,1,72,2561E987,True,11501,547226,547227,0,0.000000,0.000000,0,28,F
1826,131488,11509,28,1,72,9C7989FE,True,11509,547288,547289,0,102.254997,0.000000,0,28,F
1827,131560,11510,28,1,72,806471E0,True,11510,547293,547294,0,100.919998,0.000000,0,28,F
1828,131632,11512,28,1,72,3DC52585,True,11512,547305,547370,0,37.123001,0.000000,0,28,F
1829,131704,8629,28,1,72,0FA30A47,True,8629,491002,491003,0,8.180750,0.000000,0,28,F
1830,131776,8644,28,1,72,BAAC8776,True,8644,491253,0,0,0.990741,0.000000,0,28,F
1831,131848,8723,28,1,72,DA5E89DA,True,8723,492966,492987,0,11.707000,0.000000,0,28,F
1832,131920,8724,28,1,72,84B5F363,True,8724,493003,494993,0,0.527631,0.000000,0,28,F
1833,131992,8725,28,1,72,F0199F88,True,8725,493024,494992,0,0.365275,0.000000,0,28,F
1834,132064,9627,28,1,72,99D1DE09,True,9627,508854,0,0,0.332003,0.000000,0,28,F
1835,132136,8952,28,1,72,081228CA,True,8952,496228,496229,496583,115.318001,0.000000,0,28,F
1836,132208,8953,28,1,72,C5DB874E,True,8953,496337,496338,496584,386.980988,0.000000,0,28,F
1837,132280,8954,28,1,72,D580C1CC,True,8954,496471,496472,496585,161.656998,0.000000,0,28,F
1838,132352,8955,28,1,72,CDA0F0AE,True,8955,496223,496224,496225,157.498001,0.000000,0,28,F
1839,132424,8956,28,1,72,E232996D,True,8956,496194,496195,496213,318.938995,0.000000,0,28,F
1840,132496,8958,28,1,72,5647FE50,True,8958,496210,496212,496214,91.539299,0.000000,0,28,F
1841,132568,8960,28,1,72,DADFAC8A,True,8960,496217,496218,496222,35.928699,0.000000,0,28,F
1842,132640,8961,28,1,72,C1C7D82B,True,8961,496215,0,0,17.918200,0.000000,0,28,F
1843,132712,8962,28,1,72,200CD4C5,True,8962,496216,0,0,17.918200,0.000000,0,28,F
1844,132784,8979,28,1,72,2E6FEEF8,True,8979,496729,497149,0,1.159730,0.000000,0,28,F
1845,132856,8963,28,1,72,DCDCB0E5,True,8963,496226,496227,0,27.519800,0.000000,0,28,F
1846,132928,8976,28,1,72,16BFBC75,True,8976,496633,496634,496635,162.610992,0.000000,0,28,F
1847,133000,8981,28,1,72,DB619B3F,True,8981,496735,496736,0,2.675340,0.000000,0,28,F
1848,133072,8985,28,1,72,A027D8FF,True,8985,496799,496800,496951,212.130005,0.000000,0,28,F
1849,133144,9007,28,1,72,876F1522,True,9007,497703,0,0,1.019600,0.000000,0,28,F
1850,133216,9020,28,1,72,1D91BFD5,True,9020,498768,498769,498770,164.225998,0.000000,0,28,F
1851,133288,9063,28,1,72,21AA1F00,True,9063,499518,499519,0,1.178130,0.000000,0,28,F
1852,133360,9179,28,1,72,B230E4DF,True,9179,501502,0,0,5.138230,0.000000,0,28,F
1853,133432,9130,28,1,72,B553355E,True,9130,500690,500691,0,120.000000,0.000000,0,28,F
1854,133504,9131,28,1,72,01AE4E81,True,9131,500900,500901,500902,10.672400,0.000000,0,28,F
1855,133576,11176,28,1,72,ABF94C2B,True,11176,541361,0,0,7.876930,0.000000,0,28,F
1856,133648,11177,28,1,72,BA96298C,True,11177,541365,0,0,6.605800,0.000000,0,28,F
1857,133720,11178,28,1,72,6399D3ED,True,11178,541369,0,0,8.579010,0.000000,0,28,F
1858,133792,11179,28,1,72,D6A0CE20,True,11179,541367,0,0,9.016700,0.000000,0,28,F
1859,133864,11181,28,1,72,43852CCC,True,11181,541379,541380,0,18.372499,0.000000,0,28,F
1860,133936,11183,28,1,72,554537B8,True,11183,541386,541387,0,10.571500,0.000000,0,28,F
1861,134008,11185,28,1,72,5B8E2EA7,True,11185,541516,541517,0,46.587200,0.000000,0,28,F
1862,134080,11194,28,1,72,1FE91A9F,True,11194,541742,541743,0,11.355100,0.000000,0,28,F
1863,134152,11195,28,1,72,F9967520,True,11195,541748,541749,0,13.590600,0.000000,0,28,F
1864,134224,11196,28,1,72,707AB34D,True,11196,541738,541739,0,8.214420,0.000000,0,28,F
1865,134296,11197,28,1,72,4D039E92,True,11197,541756,541785,0,4.890370,0.000000,0,28,F
1866,134368,11199,28,1,72,2F2A69AB,True,11199,541789,541790,0,12.791100,0.000000,0,28,F
1867,134440,11200,28,1,72,E92ABB86,True,11200,541760,541761,0,3.891480,0.000000,0,28,F
1868,134512,11201,28,1,72,FC1F0A8E,True,11201,541772,541773,0,13.092200,0.000000,0,28,F
1869,134584,11206,28,1,72,DC4D185F,True,11206,541763,541764,0,14.904100,0.000000,0,28,F
1870,134656,11210,28,1,72,6CA6E353,True,11210,542007,542008,0,70.000000,0.000000,0,28,F
1871,134728,11211,28,1,72,075883EE,True,11211,541995,541996,0,70.000000,0.000000,0,28,F
1872,134800,11212,28,1,72,D32A4EA9,True,11212,542003,542004,0,70.000000,0.000000,0,28,F
1873,134872,11239,28,1,72,D8E4CEEB,True,11239,543048,543049,0,11.146400,0.000000,0,28,F
1874,134944,11240,28,1,72,E3546DF1,True,11240,543039,543040,0,11.411700,0.000000,0,28,F
1875,135016,11241,28,1,72,7161C685,True,11241,543053,543054,0,8.139840,0.000000,0,28,F
1876,135088,11242,28,1,72,8DA1F031,True,11242,543056,543057,0,11.063600,0.000000,0,28,F
1877,135160,11243,28,1,72,B7E06E96,True,11243,543059,543060,0,9.251740,0.000000,0,28,F
1878,135232,9338,28,1,72,5092AC16,True,9338,503798,503799,509990,17.026600,0.000000,0,28,F
1879,135304,9339,28,1,72,69D11878,True,9339,503770,503771,504033,11.385900,0.000000,0,28,F
1880,135376,9340,28,1,72,1305537D,True,9340,503916,503917,503918,17.121300,0.000000,0,28,F
1881,135448,9345,28,1,72,F1235D4D,True,9345,504184,0,504185,27.415899,0.000000,0,28,F
1882,135520,9689,28,1,72,E7D3EA08,True,9689,509815,511281,509991,14.349600,0.000000,0,28,F
1883,135592,9764,28,1,72,D1AB481B,True,9764,511357,0,0,70.000000,0.000000,0,28,F
1884,135664,9765,28,1,72,1AA60302,True,9765,511364,0,0,1.211790,0.000000,0,28,F
1885,135736,10651,28,1,72,67C2E999,True,10651,504216,504217,511345,1.825540,0.000000,0,28,F
1886,135808,9363,28,1,72,6AC6CEB8,True,9363,504327,504328,0,93.435402,0.000000,0,28,F
1887,135880,9368,28,1,72,DED38C0D,True,9368,504453,504454,0,350.000000,0.000000,0,28,F
1888,135952,9434,28,1,72,A8ADF1A2,True,9434,504936,504937,0,127.488998,0.000000,0,28,F
1889,136024,9435,28,1,72,8E582415,True,9435,505074,505075,505076,44.233200,0.000000,0,28,F
1890,136096,9436,28,1,72,E3FCBA4D,True,9436,505007,505008,505009,31.986200,0.000000,0,28,F
1891,136168,9437,28,1,72,1622DEFD,True,9437,505031,505032,505033,31.986200,0.000000,0,28,F
1892,136240,9439,28,1,72,9C3896C5,True,9439,505062,0,0,5.011480,0.000000,0,28,F
1893,136312,9440,28,1,72,69B38B5A,True,9440,505072,0,0,1.882840,0.000000,0,28,F
1894,136384,9441,28,1,72,879E58AC,True,9441,505066,0,0,600.000000,0.000000,0,28,F
1895,136456,9613,28,1,72,C196A753,True,9613,508623,0,0,5.011480,0.000000,0,28,F
1896,136528,9614,28,1,72,860D188F,True,9614,508626,0,0,5.011480,0.000000,0,28,F
1897,136600,9615,28,1,72,B6A0D2E5,True,9615,508629,0,0,5.011480,0.000000,0,28,F
1898,136672,9616,28,1,72,9E77DF48,True,9616,508632,0,0,5.011480,0.000000,0,28,F
1899,136744,9617,28,1,72,C7DC8B7D,True,9617,508635,0,0,5.011480,0.000000,0,28,F
1900,136816,9618,28,1,72,ABA66AF3,True,9618,508654,0,0,300.000000,0.000000,0,28,F
1901,136888,9442,28,1,72,0FCC6A9D,True,9442,505058,0,0,277.434998,0.000000,0,28,F
1902,136960,9443,28,1,72,C2E3BD5C,True,9443,505055,0,0,186.397995,0.000000,0,28,F
1903,137032,9446,28,1,72,D075ABEE,True,9446,505209,505210,505211,7.999350,0.000000,0,28,F
1904,137104,9447,28,1,72,79FD2231,True,9447,505225,505226,505227,12.029500,0.000000,0,28,F
1905,137176,9473,28,1,72,31F45835,True,9473,505591,505592,505593,33.090199,0.000000,0,28,F
1906,137248,9475,28,1,72,6057E6C3,True,9475,505751,505752,505753,20.583599,0.000000,0,28,F
1907,137320,9485,28,1,72,951B36EB,True,9485,505844,508720,0,47.663799,0.000000,0,28,F
1908,137392,9499,28,1,72,C79D6F9F,True,9499,505947,506044,505948,549.445984,0.000000,0,28,F
1909,137464,9505,28,1,72,D1119735,True,9505,506236,506237,506371,39.692902,0.000000,0,28,F
1910,137536,9506,28,1,72,943D0693,True,9506,505775,505776,505777,19.348700,0.000000,0,28,F
1911,137608,9507,28,1,72,12441023,True,9507,505813,505814,505815,30.000000,0.000000,0,28,F
1912,137680,9548,28,1,72,FE1A76B0,True,9548,507014,0,0,1.161230,0.000000,0,28,F
1913,137752,9549,28,1,72,0C6A7C12,True,9549,507011,0,0,1.162670,0.000000,0,28,F
1914,137824,9553,28,1,72,FEC2AADD,True,9553,507032,507033,0,35.000000,0.000000,0,28,F
1915,137896,9555,28,1,72,6A1787A1,True,9555,507067,507068,0,35.000000,0.000000,0,28,F
1916,137968,9557,28,1,72,5377A514,True,9557,507084,507085,0,35.000000,0.000000,0,28,F
1917,138040,9560,28,1,72,B319EE44,True,9560,507119,507120,0,35.000000,0.000000,0,28,F
1918,138112,9561,28,1,72,F6CD3FD8,True,9561,507124,507125,0,14.634600,0.000000,0,28,F
1919,138184,9567,28,1,72,2F1B18F9,True,9567,507163,507164,507165,19.694700,0.000000,0,28,F
1920,138256,9575,28,1,72,0104F1F2,True,9575,507222,507223,507224,3.643420,0.000000,0,28,F
1921,138328,9587,28,1,72,6EC0E50A,True,9587,507299,0,0,312.309998,0.000000,0,28,F
1922,138400,9597,28,1,72,E7AF8938,True,9597,507329,0,0,142.348007,0.000000,0,28,F
1923,138472,9599,28,1,72,DE020D07,True,9599,507897,0,0,55.908401,0.000000,0,28,F
1924,138544,9601,28,1,72,00FFF2A7,True,9601,508326,508327,0,9.752950,0.000000,0,28,F
1925,138616,9605,28,1,72,2F60A8ED,True,9605,508493,508494,508495,21.745300,0.000000,0,28,F
1926,138688,9606,28,1,72,4A1463E4,True,9606,508586,508587,508588,15.575900,0.000000,0,28,F
1927,138760,9631,28,1,72,D6B09EE5,True,9631,508947,508948,508949,2.810350,0.000000,0,28,F
1928,138832,9728,28,1,72,22822306,True,9728,510661,0,510662,0.000000,0.000000,0,28,F
1929,138904,9779,28,1,72,8C0A510D,True,9779,511575,0,0,150.000000,0.000000,0,28,F
1930,138976,9780,28,1,72,5179F04C,True,9780,511767,511768,511769,71.573997,0.000000,0,28,F
1931,139048,9781,28,1,72,2D32E98D,True,9781,511945,511946,511947,32.530800,0.000000,0,28,F
1932,139120,9782,28,1,72,2E2B1B7A,True,9782,512126,512127,512128,18.080799,0.000000,0,28,F
1933,139192,9783,28,1,72,E30D572A,True,9783,512403,512404,512405,28.287100,0.000000,0,28,F
1934,139264,9453,28,1,72,B2BF4F13,True,9453,505358,0,0,10.000000,0.000000,0,28,F
1935,139336,9455,28,1,72,7E829844,True,9455,505368,0,0,10.000000,0.000000,0,28,F
1936,139408,10074,28,1,72,6D568130,True,10074,518152,0,0,3.000000,0.000000,0,28,F
1937,139480,10075,28,1,72,20F266D7,True,10075,518127,0,0,2.000000,0.000000,0,28,F
1938,139552,10076,28,1,72,5262695C,True,10076,518122,0,0,3.000000,0.000000,0,28,F
1939,139624,10174,28,1,72,BADD48ED,True,10174,523308,0,0,10.000000,0.000000,0,28,F
1940,139696,10516,28,1,72,2D2473C5,True,10516,526698,0,0,0.919825,0.000000,0,28,F
1941,139768,16189,28,1,72,F5AC3302,True,16189,526698,0,0,0.919825,0.000000,0,28,F
1942,139840,10518,28,1,72,A2FE1620,True,10518,526703,0,0,3.546760,0.000000,0,28,F
1943,139912,10519,28,1,72,77DCF3F1,True,10519,526718,0,0,0.986374,0.000000,0,28,F
1944,139984,10520,28,1,72,F4697DDC,True,10520,526709,0,0,0.986374,0.000000,0,28,F
1945,140056,10521,28,1,72,471AA771,True,10521,526726,0,0,0.986374,0.000000,0,28,F
1946,140128,10522,28,1,72,7FEA6790,True,10522,526731,0,0,0.986374,0.000000,0,28,F
1947,140200,10523,28,1,72,75514407,True,10523,526742,0,0,0.919825,0.000000,0,28,F
1948,140272,10532,28,1,72,A9CD2E7D,True,10532,526885,0,0,2.630540,0.000000,0,28,F
1949,140344,10539,28,1,72,54432A0B,True,10539,526954,0,0,1.605150,0.000000,0,28,F
1950,140416,10626,28,1,72,1D1596F4,True,10626,528457,0,0,0.733038,0.000000,0,28,F
1951,140488,10628,28,1,72,655AE287,True,10628,528466,528467,0,3.805070,0.000000,0,28,F
1952,140560,10985,28,1,72,F31D8F8B,True,10985,536747,0,0,2.000000,0.000000,0,28,F
1953,140632,10986,28,1,72,875A7474,True,10986,536750,0,0,3.000000,0.000000,0,28,F
1954,140704,10987,28,1,72,050E9F1A,True,10987,536752,0,0,2.000000,0.000000,0,28,F
1955,140776,10988,28,1,72,4686A7E6,True,10988,536754,0,0,3.000000,0.000000,0,28,F
1956,140848,10989,28,1,72,69B40F0B,True,10989,536756,0,0,2.000000,0.000000,0,28,F
1957,140920,10990,28,1,72,2CEBC383,True,10990,536758,0,0,3.000000,0.000000,0,28,F
1958,140992,10991,28,1,72,D1D457D0,True,10991,536760,0,0,2.000000,0.000000,0,28,F
1959,141064,10992,28,1,72,B641DAF7,True,10992,536768,0,0,2.000000,0.000000,0,28,F
1960,141136,10993,28,1,72,1BA3ACA9,True,10993,536762,0,0,2.000000,0.000000,0,28,F
1961,141208,10994,28,1,72,A940F9DE,True,10994,536764,0,0,2.000000,0.000000,0,28,F
1962,141280,10995,28,1,72,71CEC8CC,True,10995,536766,0,0,2.000000,0.000000,0,28,F
1963,141352,11442,28,1,72,1D103FA4,True,11442,546738,0,0,160.000000,0.000000,0,28,F
1964,141424,11444,28,1,72,57765500,True,11444,546806,0,0,160.000000,0.000000,0,28,F
1965,141496,11452,28,1,72,1E3529B3,True,11452,546744,0,0,160.000000,0.000000,0,28,F
1966,141568,11453,28,1,72,D6B79202,True,11453,546747,0,0,3.374120,0.000000,0,28,F
1967,141640,11454,28,1,72,AD6381D9,True,11454,546750,0,0,160.000000,0.000000,0,28,F
1968,141712,11455,28,1,72,E8A20CFF,True,11455,546753,0,0,160.000000,0.000000,0,28,F
1969,141784,11461,28,1,72,9CD7ECDB,True,11461,546764,0,0,160.000000,0.000000,0,28,F
1970,141856,11462,28,1,72,DB4C5307,True,11462,546769,0,0,160.000000,0.000000,0,28,F
1971,141928,11463,28,1,72,EBE1996D,True,11463,546774,0,0,160.000000,0.000000,0,28,F
1972,142000,11464,28,1,72,D8694510,True,11464,546779,0,0,160.000000,0.000000,0,28,F
1973,142072,11465,28,1,72,5357C9FB,True,11465,546785,0,0,160.000000,0.000000,0,28,F
1974,142144,11471,28,1,72,13AE7F4E,True,11471,546812,0,0,160.000000,0.000000,0,28,F
1975,142216,11472,28,1,72,FFBF8EDB,True,11472,546818,0,0,160.000000,0.000000,0,28,F
1976,142288,11473,28,1,72,F53C8377,True,11473,546824,0,0,160.000000,0.000000,0,28,F
1977,142360,11474,28,1,72,A46CFC2D,True,11474,546798,0,0,160.000000,0.000000,0,28,F
1978,142432,11480,28,1,72,48B2E872,True,11480,546909,0,0,160.000000,0.000000,0,28,F
1979,142504,11485,28,1,72,4F48057B,True,11485,546924,0,0,160.000000,0.000000,0,28,F
1980,142576,11486,28,1,72,89F6DF80,True,11486,546928,0,0,160.000000,0.000000,0,28,F
1981,142648,11487,28,1,72,9E2EC3FF,True,11487,546916,0,0,160.000000,0.000000,0,28,F
1982,142720,11488,28,1,72,016308D5,True,11488,546920,0,0,160.000000,0.000000,0,28,F
1983,142792,11506,28,1,72,F688A0C7,True,11506,547278,547279,0,200.000000,0.000000,0,28,F
1984,142864,16149,28,1,72,7675B3D2,True,16149,591136,591137,0,200.000000,0.000000,0,28,F
1985,142936,16150,28,1,72,44B3ACC2,True,16150,591142,591143,0,6.369330,0.000000,0,28,F
1986,143008,9695,28,1,72,603BFB78,True,9695,510337,510338,0,40.639900,0.000000,0,28,F
1987,143080,9696,28,1,72,5C0CC8F6,True,9696,510346,510347,0,51.886200,0.000000,0,28,F
1988,143152,9699,28,1,72,C2095D2F,True,9699,510356,510357,0,10.478200,0.000000,0,28,F
1989,143224,9700,28,1,72,F898DBA0,True,9700,510365,510366,0,10.479200,0.000000,0,28,F
1990,143296,9702,28,1,72,E6CE728D,True,9702,510375,510376,0,55.901901,0.000000,0,28,F
1991,143368,9708,28,1,72,AC7295DF,True,9708,510426,510427,0,55.924301,0.000000,0,28,F
1992,143440,10228,28,1,72,2B44699B,True,10228,523651,523652,0,73.394501,0.000000,0,28,F
1993,143512,10640,28,1,72,1CA6449C,True,10640,523679,523680,0,53.972000,0.000000,0,28,F
1994,143584,10641,28,1,72,5F282F08,True,10641,523684,523685,0,42.892101,0.000000,0,28,F
1995,143656,10642,28,1,72,43EF4CAF,True,10642,523689,523690,0,47.745998,0.000000,0,28,F
1996,143728,9804,28,1,72,E90A3623,True,9804,512829,512830,0,150.000000,0.000000,0,28,F
1997,143800,9805,28,1,72,B0245C5A,True,9805,512768,512769,512770,100.000000,0.000000,0,28,F
1998,143872,9806,28,1,72,F0BE16CC,True,9806,512777,512778,512779,31.230101,0.000000,0,28,F
1999,143944,9807,28,1,72,F7F47A41,True,9807,512762,512763,512764,100.000000,0.000000,0,28,F
2000,144016,9808,28,1,72,F4F3A417,True,9808,512772,512773,512774,30.954100,0.000000,0,28,F
2001,144088,9809,28,1,72,0DB714A3,True,9809,512749,512750,512751,15.520900,0.000000,0,28,F
2002,144160,9810,28,1,72,9F7C94D2,True,9810,512753,512754,512755,11.038400,0.000000,0,28,F
2003,144232,9811,28,1,72,EFAAA129,True,9811,512757,512758,512759,13.821000,0.000000,0,28,F
2004,144304,9812,28,1,72,0B498CF5,True,9812,512781,512782,512783,22.351400,0.000000,0,28,F
2005,144376,9813,28,1,72,DBBAB966,True,9813,512785,512786,512787,6.743920,0.000000,0,28,F
2006,144448,9814,28,1,72,2405DD75,True,9814,512745,512746,512747,29.567699,0.000000,0,28,F
2007,144520,9826,28,1,72,D738CCE5,True,9826,512833,512834,0,150.000000,0.000000,0,28,F
2008,144592,9828,28,1,72,22C2DB01,True,9828,512848,512849,512850,49.194199,0.000000,0,28,F
2009,144664,9836,28,1,72,9C73460F,True,9836,512852,512855,512853,13.838400,0.000000,0,28,F
2010,144736,9837,28,1,72,ED0BB719,True,9837,512856,512857,512858,52.811001,0.000000,0,28,F
2011,144808,9838,28,1,72,A05C3940,True,9838,512860,512861,512862,54.935101,0.000000,0,28,F
2012,144880,9839,28,1,72,047B5FC0,True,9839,512863,512864,512865,39.622799,0.000000,0,28,F
2013,144952,9841,28,1,72,CC7BF551,True,9841,512871,512872,512873,34.296501,0.000000,0,28,F
2014,145024,9843,28,1,72,55A49D18,True,9843,512875,512876,512877,36.483002,0.000000,0,28,F
2015,145096,9845,28,1,72,22CE9AC6,True,9845,512879,512880,512881,25.286600,0.000000,0,28,F
2016,145168,9847,28,1,72,1E109445,True,9847,512883,512884,512885,49.345699,0.000000,0,28,F
2017,145240,9850,28,1,72,6DF7C735,True,9850,512887,512888,512889,54.936798,0.000000,0,28,F
2018,145312,9861,28,1,72,23B1371D,True,9861,519308,519309,0,81.612999,0.000000,0,28,F
2019,145384,9862,28,1,72,63313E4F,True,9862,519316,519317,0,93.687401,0.000000,0,28,F
2020,145456,9881,28,1,72,7954B48C,True,9881,513823,513824,513825,13.839600,0.000000,0,28,F
2021,145528,9882,28,1,72,5C23F2F7,True,9882,513835,513836,513837,45.760300,0.000000,0,28,F
2022,145600,9888,28,1,72,5843C73C,True,9888,513998,513999,0,150.750000,0.000000,0,28,F
2023,145672,9893,28,1,72,BAF92D0C,True,9893,514326,514327,0,150.761993,0.000000,0,28,F
2024,145744,9949,28,1,72,C53D751B,True,9949,518858,518859,0,60.000000,0.000000,0,28,F
2025,145816,9950,28,1,72,17984C28,True,9950,518866,518867,0,60.000000,0.000000,0,28,F
2026,145888,9951,28,1,72,31C6C433,True,9951,518870,518871,0,60.000000,0.000000,0,28,F
2027,145960,9976,28,1,72,89470845,True,9976,515286,516122,0,125.000000,0.000000,0,28,F
2028,146032,9977,28,1,72,AB46BD75,True,9977,515192,0,0,25.000000,0.000000,0,28,F
2029,146104,10023,28,1,72,612BF297,True,10023,517100,517101,0,150.000000,0.000000,0,28,F
2030,146176,10027,28,1,72,88DF34D4,True,10027,517137,517138,517139,15.142700,0.000000,0,28,F
2031,146248,10029,28,1,72,92FDC9B6,True,10029,517152,517157,0,4.505070,0.000000,0,28,F
2032,146320,10035,28,1,72,53F41773,True,10035,517207,517355,517208,25.844999,0.000000,0,28,F
2033,146392,10036,28,1,72,5AB8F7DD,True,10036,517249,517250,517251,16.103201,0.000000,0,28,F
2034,146464,10294,28,1,72,C1509431,True,10294,519989,519990,519991,13.400400,0.000000,0,28,F
2035,146536,10295,28,1,72,69956100,True,10295,520144,520145,520146,7.897660,0.000000,0,28,F
2036,146608,10298,28,1,72,2751D6B7,True,10298,524725,524726,524727,4.970450,0.000000,0,28,F
2037,146680,10300,28,1,72,207B30A3,True,10300,524750,524751,524752,4.972800,0.000000,0,28,F
2038,146752,10302,28,1,72,C7C71878,True,10302,524770,524771,524772,8.920190,0.000000,0,28,F
2039,146824,10330,28,1,72,720A68EA,True,10330,517322,517323,524680,2.857350,0.000000,0,28,F
2040,146896,10331,28,1,72,CD5233CB,True,10331,517332,517333,524683,2.871420,0.000000,0,28,F
2041,146968,10512,28,1,72,B3CD96BD,True,10512,526644,526645,527938,59.206299,0.000000,0,28,F
2042,147040,10557,28,1,72,1962C58B,True,10557,527001,527002,0,5.807880,0.000000,0,28,F
2043,147112,10559,28,1,72,975A5D68,True,10559,527058,527059,0,4.253160,0.000000,0,28,F
2044,147184,10561,28,1,72,E32F564B,True,10561,527087,527088,0,2.792070,0.000000,0,28,F
2045,147256,10591,28,1,72,EE6DCD69,True,10591,527569,527863,527864,103.389000,0.000000,0,28,F
2046,147328,10598,28,1,72,1440131F,True,10598,527865,527866,527867,104.791000,0.000000,0,28,F
2047,147400,10613,28,1,72,0F0F466D,True,10613,528310,528311,528312,33.430401,0.000000,0,28,F
2048,147472,10615,28,1,72,F0EFF101,True,10615,528341,528342,0,10.945300,0.000000,0,28,F
2049,147544,10617,28,1,72,EEBDC9A7,True,10617,528358,528359,0,11.049500,0.000000,0,28,F
2050,147616,10623,28,1,72,A18260D2,True,10623,528447,528448,0,11.078800,0.000000,0,28,F
2051,147688,10855,28,1,72,E8EC72F3,True,10855,533370,0,0,1.096120,0.000000,0,28,F
2052,147760,10858,28,1,72,ADE5C747,True,10858,533407,0,0,0.141421,0.000000,0,28,F
2053,147832,10037,28,1,72,D0BA4346,True,10037,517159,517160,0,72.057999,0.000000,0,28,F
2054,147904,10107,28,1,72,047D226D,True,10107,519123,519124,519125,21.182899,0.000000,0,28,F
2055,147976,10113,28,1,72,F689983F,True,10113,519378,519439,0,1.434450,0.000000,0,28,F
2056,148048,10115,28,1,72,306346CC,True,10115,519441,519448,0,1.431680,0.000000,0,28,F
2057,148120,15478,28,1,72,EF345081,True,15478,581495,582025,0,71.806999,0.000000,0,28,F
2058,148192,9995,28,1,72,DCB68040,True,9995,516607,516613,0,40.624401,0.000000,0,28,F
2059,148264,9996,28,1,72,57527854,True,9996,516608,516615,516616,21.623301,0.000000,0,28,F
2060,148336,9997,28,1,72,9A754F2D,True,9997,516609,516617,517132,29.684500,0.000000,0,28,F
2061,148408,10250,28,1,72,4C3739BF,True,10250,523892,523893,0,62.388100,0.000000,0,28,F
2062,148480,10252,28,1,72,77A0AD7B,True,10252,524008,524009,0,11.318900,0.000000,0,28,F
2063,148552,10480,28,1,72,B3220642,True,10480,526135,527567,0,50.000000,0.000000,0,28,F
2064,148624,10549,28,1,72,D5118EBD,True,10549,526959,0,0,1.321070,0.000000,0,28,F
2065,148696,10550,28,1,72,0A6AB39B,True,10550,526963,0,0,1.413850,0.000000,0,28,F
2066,148768,10551,28,1,72,1820C81E,True,10551,526967,0,0,1.354250,0.000000,0,28,F
2067,148840,10552,28,1,72,1C58F0E5,True,10552,526971,0,0,1.321570,0.000000,0,28,F
2068,148912,10553,28,1,72,74EB93A7,True,10553,526975,0,0,1.321570,0.000000,0,28,F
2069,148984,10645,28,1,72,8CFBFD45,True,10645,528888,528904,0,5.545810,0.000000,0,28,F
2070,149056,10851,28,1,72,D5375DAD,True,10851,533021,533022,0,0.000000,0.000000,0,28,F
2071,149128,10910,28,1,72,79B414A2,True,10910,536823,536824,0,78.774902,0.000000,0,28,F
2072,149200,10911,28,1,72,70544C20,True,10911,535451,535452,535453,30.808201,0.000000,0,28,F
2073,149272,10912,28,1,72,DBD92F5F,True,10912,535301,535302,535303,21.894600,0.000000,0,28,F
2074,149344,10913,28,1,72,0A178326,True,10913,535218,536253,536254,19.266199,0.000000,0,28,F
2075,149416,10914,28,1,72,B2415A2C,True,10914,535226,535227,535228,23.560301,0.000000,0,28,F
2076,149488,10915,28,1,72,002AA06F,True,10915,535232,535233,535234,5.221650,0.000000,0,28,F
2077,149560,10916,28,1,72,1F573769,True,10916,535238,535239,535240,9.532840,0.000000,0,28,F
2078,149632,10917,28,1,72,D56D9EE3,True,10917,535244,535245,535246,5.294460,0.000000,0,28,F
2079,149704,10918,28,1,72,9FE508A8,True,10918,535460,535461,535462,28.394501,0.000000,0,28,F
2080,149776,10919,28,1,72,B77A24D7,True,10919,535256,535257,535258,7.541550,0.000000,0,28,F
2081,149848,10920,28,1,72,FE74060F,True,10920,535262,535263,535264,12.207200,0.000000,0,28,F
2082,149920,10921,28,1,72,F71AFDF0,True,10921,535268,535269,535270,11.066900,0.000000,0,28,F
2083,149992,10922,28,1,72,CD7BF256,True,10922,535274,535275,535276,8.900030,0.000000,0,28,F
2084,150064,10923,28,1,72,B6E987FA,True,10923,535280,535281,535282,7.011160,0.000000,0,28,F
2085,150136,10924,28,1,72,1C00A831,True,10924,535286,535287,535288,12.908900,0.000000,0,28,F
2086,150208,10925,28,1,72,12076C47,True,10925,535292,535293,535294,12.908900,0.000000,0,28,F
2087,150280,10938,28,1,72,51A0EF64,True,10938,535855,0,535856,0.000000,0.000000,0,28,F
2088,150352,10939,28,1,72,CAEE26C9,True,10939,535857,0,535858,0.000000,0.000000,0,28,F
2089,150424,10940,28,1,72,2FC6B066,True,10940,535859,535860,535861,5.000000,0.000000,0,28,F
2090,150496,10951,28,1,72,05E533B5,True,10951,536214,536215,0,14.860800,0.000000,0,28,F
2091,150568,11105,28,1,72,CABEEE5E,True,11105,540320,540321,0,100.000000,0.000000,0,28,F
2092,150640,11106,28,1,72,57CD3D61,True,11106,540336,540337,0,100.000000,0.000000,0,28,F
2093,150712,11107,28,1,72,3E455F76,True,11107,540348,540349,0,100.000000,0.000000,0,28,F
2094,150784,11108,28,1,72,F376C966,True,11108,540359,540360,0,100.000000,0.000000,0,28,F
2095,150856,11109,28,1,72,8A46120D,True,11109,540369,540370,0,100.000000,0.000000,0,28,F
2096,150928,11110,28,1,72,CE29A2CD,True,11110,540380,540381,0,100.000000,0.000000,0,28,F
2097,151000,11111,28,1,72,E8387536,True,11111,540390,540391,0,100.000000,0.000000,0,28,F
2098,151072,11112,28,1,72,64A15DFD,True,11112,540401,540402,0,100.000000,0.000000,0,28,F
2099,151144,11113,28,1,72,0D293FEA,True,11113,540413,540414,0,100.000000,0.000000,0,28,F
2100,151216,11114,28,1,72,8298AAA9,True,11114,540423,540424,0,100.000000,0.000000,0,28,F
2101,151288,11115,28,1,72,E966CA14,True,11115,540443,540444,0,100.000000,0.000000,0,28,F
2102,151360,11116,28,1,72,9EB41F90,True,11116,540454,540455,0,100.000000,0.000000,0,28,F
2103,151432,11117,28,1,72,D0D70881,True,11117,540462,540463,0,100.000000,0.000000,0,28,F
2104,151504,11118,28,1,72,027231B2,True,11118,540470,540471,0,100.000000,0.000000,0,28,F
2105,151576,11119,28,1,72,7168B4CD,True,11119,540477,540478,0,100.000000,0.000000,0,28,F
2106,151648,11120,28,1,72,6A689C8D,True,11120,540484,540485,0,100.000000,0.000000,0,28,F
2107,151720,11121,28,1,72,707487AD,True,11121,540491,540492,0,100.000000,0.000000,0,28,F
2108,151792,11122,28,1,72,1480B833,True,11122,540499,540505,0,100.000000,0.000000,0,28,F
2109,151864,11123,28,1,72,ACB8F115,True,11123,540511,540512,0,100.000000,0.000000,0,28,F
2110,151936,11124,28,1,72,0DB389EA,True,11124,540517,541723,0,100.000000,0.000000,0,28,F
2111,152008,11125,28,1,72,C87FD539,True,11125,540527,540528,0,100.000000,0.000000,0,28,F
2112,152080,11126,28,1,72,3ADFC047,True,11126,540533,540534,0,100.000000,0.000000,0,28,F
2113,152152,11127,28,1,72,7C284FA2,True,11127,540540,540631,0,100.000000,0.000000,0,28,F
2114,152224,11128,28,1,72,40635E83,True,11128,540542,540543,0,100.000000,0.000000,0,28,F
2115,152296,11129,28,1,72,15AFD17A,True,11129,540553,540554,0,100.000000,0.000000,0,28,F
2116,152368,11134,28,1,72,E1468FB0,True,11134,540655,540656,0,100.000000,0.000000,0,28,F
2117,152440,11135,28,1,72,42766F3C,True,11135,540667,540677,0,100.000000,0.000000,0,28,F
2118,152512,11139,28,1,72,EBA0EB81,True,11139,540687,540688,0,100.000000,0.000000,0,28,F
2119,152584,11142,28,1,72,7D788D90,True,11142,540768,540769,0,100.000000,0.000000,0,28,F
2120,152656,11143,28,1,72,489CE0E8,True,11143,540760,540761,0,100.000000,0.000000,0,28,F
2121,152728,11146,28,1,72,1E3D0E06,True,11146,540780,540781,0,100.000000,0.000000,0,28,F
2122,152800,11147,28,1,72,9B8CC13E,True,11147,540787,540788,0,100.000000,0.000000,0,28,F
2123,152872,11151,28,1,72,B2EC1CF2,True,11151,540794,540795,0,100.000000,0.000000,0,28,F
2124,152944,11153,28,1,72,87762102,True,11153,540806,540807,0,100.000000,0.000000,0,28,F
2125,153016,11155,28,1,72,20ACF02F,True,11155,540828,0,0,100.000000,0.000000,0,28,F
2126,153088,11156,28,1,72,6DDBD516,True,11156,541076,0,0,100.000000,0.000000,0,28,F
2127,153160,11159,28,1,72,19A095FC,True,11159,541087,541088,0,100.000000,0.000000,0,28,F
2128,153232,11160,28,1,72,FBF092A0,True,11160,541107,541108,0,100.000000,0.000000,0,28,F
2129,153304,11294,28,1,72,ADC87441,True,11294,545002,545003,0,3.498790,0.000000,0,28,F
2130,153376,11215,28,1,72,B0EECF64,True,11215,542207,542341,0,103.154999,0.000000,0,28,F
2131,153448,11217,28,1,72,4A1D667D,True,11217,542345,542923,542951,36.723598,0.000000,0,28,F
2132,153520,11228,28,1,72,B97027B2,True,11228,542520,542778,0,12.812100,0.000000,0,28,F
2133,153592,11229,28,1,72,071FB727,True,11229,542414,542780,0,21.686800,0.000000,0,28,F
2134,153664,11230,28,1,72,303AFFB3,True,11230,542418,542782,0,20.198400,0.000000,0,28,F
2135,153736,11231,28,1,72,6ADB56A6,True,11231,542466,542784,0,22.366699,0.000000,0,28,F
2136,153808,11286,28,1,72,636A187B,True,11286,543078,543127,0,24.880501,0.000000,0,28,F
2137,153880,11356,28,1,72,2B411940,True,11356,545614,545615,0,32.308201,0.000000,0,28,F
2138,153952,11435,28,1,72,AE8943D8,True,11435,546556,546557,0,57.818100,0.000000,0,28,F
2139,154024,11437,28,1,72,8234BC07,True,11437,546566,546567,0,14.781300,0.000000,0,28,F
2140,154096,11574,28,1,72,2F7D718A,True,11574,549100,549121,549101,12.932500,0.000000,0,28,F
2141,154168,11575,28,1,72,65FCAA00,True,11575,549102,549122,549103,43.327000,0.000000,0,28,F
2142,154240,11576,28,1,72,39C82FCA,True,11576,549108,549125,549109,8.536690,0.000000,0,28,F
2143,154312,11577,28,1,72,056D6277,True,11577,549112,549129,549113,16.025400,0.000000,0,28,F
2144,154384,11578,28,1,72,EC6DF545,True,11578,549114,549130,549115,8.284020,0.000000,0,28,F
2145,154456,11579,28,1,72,C67C0363,True,11579,549118,549131,549119,7.285820,0.000000,0,28,F
2146,154528,11580,28,1,72,3D83D3A1,True,11580,549120,549128,0,62.916199,0.000000,0,28,F
2147,154600,12152,28,1,72,A9C185A8,True,12152,554074,580129,0,85.175400,0.000000,0,28,F
2148,154672,12153,28,1,72,8DE55C6D,True,12153,554075,554130,554112,24.560900,0.000000,0,28,F
2149,154744,12154,28,1,72,ADCC4F75,True,12154,554076,554131,554077,47.475300,0.000000,0,28,F
2150,154816,12155,28,1,72,631BEC80,True,12155,554106,554132,554107,16.038500,0.000000,0,28,F
2151,154888,12156,28,1,72,1AC7020F,True,12156,554178,560435,560436,18.382099,0.000000,0,28,F
2152,154960,12157,28,1,72,D0A72205,True,12157,554110,554134,554111,11.826900,0.000000,0,28,F
2153,155032,14999,28,1,72,9C88E028,True,14999,565687,580319,0,75.118301,0.000000,0,28,F
2154,155104,15000,28,1,72,FA0D158C,True,15000,565152,565153,565154,16.687099,0.000000,0,28,F
2155,155176,15001,28,1,72,E5CDF1A3,True,15001,565155,565156,565157,42.678699,0.000000,0,28,F
2156,155248,15002,28,1,72,65F6ABDE,True,15002,565161,565162,565163,13.534900,0.000000,0,28,F
2157,155320,15003,28,1,72,9FCF2D89,True,15003,565158,565159,565160,15.115600,0.000000,0,28,F
2158,155392,15004,28,1,72,0F59E09C,True,15004,565189,565190,565191,18.840500,0.000000,0,28,F
2159,155464,15005,28,1,72,BBABB1B7,True,15005,565167,565168,565169,11.409900,0.000000,0,28,F
2160,155536,15209,55,1,72,36C4DE51,True,15209,576789,576964,0,35.182701,0.000000,1702131813,1,F
2161,155608,15210,28,1,72,B4574547,True,15210,576791,580606,576794,5.536420,0.000000,0,28,F
2162,155680,15211,28,1,72,8162BE34,True,15211,576795,576796,576797,24.251301,0.000000,0,28,F
2163,155752,15212,28,1,72,002570B9,True,15212,576799,576800,576801,9.754010,0.000000,0,28,F
2164,155824,15213,28,1,72,B3D5869F,True,15213,576803,580603,576805,8.562270,0.000000,0,28,F
2165,155896,15214,28,1,72,E0D7FAE3,True,15214,576807,576808,576809,8.562270,0.000000,0,28,F
2166,155968,15808,28,1,72,DECC4EAC,True,15808,583872,583874,0,61.274899,0.000000,0,28,F
2167,156040,15809,28,1,72,C1F02B2B,True,15809,584046,584047,584048,19.200899,0.000000,0,28,F
2168,156112,15810,28,1,72,32E24724,True,15810,584123,584124,584125,10.374300,0.000000,0,28,F
2169,156184,15811,28,1,72,D8FCFAD1,True,15811,584141,584142,584143,9.090550,0.000000,0,28,F
2170,156256,15812,28,1,72,B4C8041F,True,15812,584177,584178,584179,9.240680,0.000000,0,28,F
2171,156328,15813,28,1,72,68F5179E,True,15813,584212,584213,584214,10.153700,0.000000,0,28,F
2172,156400,15814,28,1,72,21FB048E,True,15814,584237,584238,584239,10.973300,0.000000,0,28,F
2173,156472,15853,28,1,72,DB294ACC,True,15853,584707,584781,0,86.827400,0.000000,0,28,F
2174,156544,15854,28,1,72,8A6A738B,True,15854,584595,584596,584597,8.042680,0.000000,0,28,F
2175,156616,15855,28,1,72,FA73E98E,True,15855,584607,584608,584609,39.116901,0.000000,0,28,F
2176,156688,15856,28,1,72,0F2D6734,True,15856,584668,584811,584669,14.268400,0.000000,0,28,F
2177,156760,15857,28,1,72,60092818,True,15857,584676,584677,584678,13.161900,0.000000,0,28,F
2178,156832,15858,28,1,72,7F2F8BE6,True,15858,584689,584690,584691,11.427900,0.000000,0,28,F
2179,156904,15859,28,1,72,5FA2421A,True,15859,584692,584693,584694,6.596720,0.000000,0,28,F
2180,156976,15860,28,1,72,BB415573,True,15860,584695,584713,584714,27.892099,0.000000,0,28,F
2181,157048,15861,28,1,72,3B19116B,True,15861,584696,584930,584715,19.233000,0.000000,0,28,F
2182,157120,15862,28,1,72,C00D45D6,True,15862,584697,584821,584716,19.215599,0.000000,0,28,F
2183,157192,15863,28,1,72,A37A3A58,True,15863,584698,584717,584718,19.233000,0.000000,0,28,F
2184,157264,15864,28,1,72,258B865B,True,15864,584699,584719,584720,17.363400,0.000000,0,28,F
2185,157336,15865,28,1,72,5FF74E10,True,15865,584700,584721,584722,12.660100,0.000000,0,28,F
2186,157408,15866,28,1,72,A2F5FEDB,True,15866,584701,584723,584724,12.389300,0.000000,0,28,F
2187,157480,15867,28,1,72,AC032EF0,True,15867,584702,584725,584726,7.854540,0.000000,0,28,F
2188,157552,15868,28,1,72,FDFB34EE,True,15868,584703,584727,584728,12.946300,0.000000,0,28,F
2189,157624,15869,28,1,72,E1A09EBE,True,15869,584704,584729,584730,12.947000,0.000000,0,28,F
2190,157696,15870,28,1,72,F3D96273,True,15870,584705,584731,584732,11.080600,0.000000,0,28,F
2191,157768,15871,28,1,72,2D001612,True,15871,584706,584733,584734,11.081400,0.000000,0,28,F
2192,157840,16228,28,1,72,44751D5B,True,16228,591386,591527,0,4.278260,0.000000,0,28,F
2193,157912,16404,28,1,72,760E5DD5,True,16404,591636,592725,0,300.000000,0.000000,0,28,F
2194,157984,16405,28,1,72,E5B6FFE0,True,16405,591650,592723,592724,16.090900,0.000000,0,28,F
2195,158056,16406,28,1,72,04626B03,True,16406,591652,591653,592739,25.407600,0.000000,0,28,F
2196,158128,16407,28,1,72,03256D19,True,16407,591655,591656,592741,17.916599,0.000000,0,28,F
2197,158200,1401,28,1,72,DEE99A2B,True,1401,320318,320319,0,3.457900,0.000000,0,28,F
2198,158272,1472,28,1,72,A503713D,True,1472,321603,321604,0,2.851320,0.000000,0,28,F
2199,158344,1633,28,1,72,35715B6F,True,1633,179708,179709,0,13.989200,0.000000,0,28,F
2200,158416,1731,28,1,72,71382B20,True,1731,322612,322613,0,16.031601,0.000000,0,28,F
2201,158488,2048,28,1,72,F3B22148,True,2048,14135,74092,0,9.822930,0.000000,0,28,F
2202,158560,2857,28,1,72,C6E852DC,True,2857,43828,43829,0,20.774401,0.000000,0,28,F
2203,158632,2858,28,1,72,1A327265,True,2858,43738,40371,0,16.652100,0.000000,0,28,F
2204,158704,2859,28,1,72,DECB56DF,True,2859,33251,33252,0,10.890700,0.000000,0,28,F
2205,158776,3440,28,1,72,26BCAF32,True,3440,212124,212125,0,30.766001,0.000000,0,28,F
2206,158848,3769,28,1,72,D42C17CA,True,3769,49463,49465,0,10.858700,0.000000,0,28,F
2207,158920,3852,28,1,72,C532FE51,True,3852,335472,335473,0,38.608200,0.000000,0,28,F
2208,158992,5134,28,1,72,B4D6A874,True,5134,142575,142576,0,10.786400,0.000000,0,28,F
2209,159064,5215,28,1,72,0E611CBD,True,5215,146571,146572,0,48.783401,0.000000,0,28,F
2210,159136,5217,28,1,72,2E967A27,True,5217,146634,146635,0,65.595100,0.000000,0,28,F
2211,159208,5757,28,1,72,1AB4BAB2,True,5757,172562,174384,0,14.641500,0.000000,0,28,F
2212,159280,5767,28,1,72,D8D5B88F,True,5767,173288,173289,0,17.795700,0.000000,0,28,F
2213,159352,5768,28,1,72,8AED701E,True,5768,173464,173467,0,15.541100,0.000000,0,28,F
2214,159424,6131,28,1,72,19075357,True,6131,255896,255897,0,20.021799,0.000000,0,28,F
2215,159496,6220,28,1,72,1D103D27,True,6220,300341,300342,0,64.885498,0.000000,0,28,F
2216,159568,6221,28,1,72,617C6E4C,True,6221,300297,300298,0,12.953900,0.000000,0,28,F
2217,159640,9296,28,1,72,4118EA8C,True,9296,503684,503685,0,1.131650,0.000000,0,28,F
2218,159712,9352,28,1,72,710D61DC,True,9352,504277,504278,0,1.732100,0.000000,0,28,F
2219,159784,11515,28,1,72,61629D58,True,11515,497610,0,497700,12.683500,0.000000,0,28,F
2220,159856,16190,28,1,72,BEF833CE,True,16190,591185,591186,0,6.082460,0.000000,0,28,F
2221,159928,496,28,1,72,708836D4,True,496,40350,276371,0,135.186005,0.000000,0,28,F
2222,160000,1410,28,1,72,E4212C12,True,1410,320714,320715,0,39.029099,0.000000,0,28,F
2223,160072,1519,28,1,72,B034DD30,True,1519,194771,194785,0,0.605046,0.000000,0,28,F
2224,160144,1559,28,1,72,C444339A,True,1559,194800,194801,0,0.609932,0.000000,0,28,F
2225,160216,1728,28,1,72,E767D9D7,True,1728,192553,192554,0,2.669050,0.000000,0,28,F
2226,160288,1788,28,1,72,F40587B8,True,1788,194804,194805,0,0.622928,0.000000,0,28,F
2227,160360,1790,28,1,72,80BE9822,True,1790,194808,194809,0,0.617733,0.000000,0,28,F
2228,160432,1795,28,1,72,2A0C3634,True,1795,323435,323436,0,2.310840,0.000000,0,28,F
2229,160504,1846,28,1,72,895EB1C2,True,1846,278165,278166,0,10.075700,0.000000,0,28,F
2230,160576,2206,28,1,72,517ECD4C,True,2206,192811,193287,0,6.532660,0.000000,0,28,F
2231,160648,2271,28,1,72,DD8996B4,True,2271,192829,193379,0,34.333199,0.000000,0,28,F
2232,160720,2273,28,1,72,F6359B59,True,2273,193078,193079,0,5.504280,0.000000,0,28,F
2233,160792,2647,28,1,72,72ECA375,True,2647,193168,193169,0,6.155180,0.000000,0,28,F
2234,160864,3007,28,1,72,9446BE88,True,3007,193391,193392,0,7.693270,0.000000,0,28,F
2235,160936,3052,28,1,72,5184885E,True,3052,193595,193596,0,17.461500,0.000000,0,28,F
2236,161008,3136,28,1,72,BB350F39,True,3136,194812,194813,0,1.296740,0.000000,0,28,F
2237,161080,3140,28,1,72,5C4A7BF1,True,3140,280542,280544,0,5.503050,0.000000,0,28,F
2238,161152,3277,28,1,72,76DC7301,True,3277,280746,280747,0,5.503050,0.000000,0,28,F
2239,161224,3300,28,1,72,914B9D60,True,3300,190606,190607,0,3.883550,0.000000,0,28,F
2240,161296,3302,28,1,72,428AB96E,True,3302,190676,190677,0,3.883550,0.000000,0,28,F
2241,161368,3304,28,1,72,ECE4F9D3,True,3304,190751,190758,0,3.883550,0.000000,0,28,F
2242,161440,3306,28,1,72,06FACC06,True,3306,190807,190808,0,1.580910,0.000000,0,28,F
2243,161512,3308,28,1,72,A248E0DE,True,3308,190826,190827,0,1.217080,0.000000,0,28,F
2244,161584,3310,28,1,72,EBBEB487,True,3310,190843,190855,0,0.989366,0.000000,0,28,F
2245,161656,3312,28,1,72,93113AB5,True,3312,190862,190863,0,1.870540,0.000000,0,28,F
2246,161728,3317,28,1,72,80D41554,True,3317,194815,194816,0,1.014940,0.000000,0,28,F
2247,161800,3318,28,1,72,0CA3525A,True,3318,194818,194819,0,1.295370,0.000000,0,28,F
2248,161872,3331,28,1,72,C90B4E80,True,3331,191508,191509,0,6.232730,0.000000,0,28,F
2249,161944,3333,28,1,72,84DEB408,True,3333,191534,191535,0,9.864060,0.000000,0,28,F
2250,162016,3342,28,1,72,2BFED0B1,True,3342,280868,0,0,7.988270,0.000000,0,28,F
2251,162088,3348,28,1,72,DA968EE0,True,3348,281104,281105,0,3.926970,0.000000,0,28,F
2252,162160,3370,28,1,72,947E0BB2,True,3370,194821,194822,0,1.283660,0.000000,0,28,F
2253,162232,3383,28,1,72,E42D3954,True,3383,197703,197704,0,5.503050,0.000000,0,28,F
2254,162304,3385,28,1,72,FC86668E,True,3385,197725,197726,0,5.503050,0.000000,0,28,F
2255,162376,3557,28,1,72,CE8DF9EF,True,3557,281718,0,0,1.913770,0.000000,0,28,F
2256,162448,3583,28,1,72,6EEF1A4F,True,3583,283118,283120,0,5.921300,0.000000,0,28,F
2257,162520,3617,28,1,72,19B1C923,True,3617,284430,284443,0,5.714000,0.000000,0,28,F
2258,162592,3618,28,1,72,D2C5EE10,True,3618,168262,284449,0,7.293360,0.000000,0,28,F
2259,162664,3619,28,1,72,86397EEB,True,3619,284456,284457,0,15.430500,0.000000,0,28,F
2260,162736,3620,28,1,72,75A0C6AA,True,3620,284468,284469,0,15.430500,0.000000,0,28,F
2261,162808,3662,28,1,72,EF59EDCA,True,3662,209928,209929,0,26.586800,0.000000,0,28,F
2262,162880,3664,28,1,72,E6C86234,True,3664,209969,209970,0,26.586800,0.000000,0,28,F
2263,162952,3666,28,1,72,1BCA3137,True,3666,210004,210005,0,26.586800,0.000000,0,28,F
2264,163024,3739,28,1,72,304512B8,True,3739,286526,286528,0,5.322200,0.000000,0,28,F
2265,163096,3795,28,1,72,FFFF3EDD,True,3795,288531,288532,0,2.161020,0.000000,0,28,F
2266,163168,3798,28,1,72,CB8D7BF2,True,3798,289283,289284,0,2.161020,0.000000,0,28,F
2267,163240,3855,28,1,72,13A6C1CB,True,3855,335388,335306,0,4.430570,0.000000,0,28,F
2268,163312,4379,28,1,72,68E4FFE9,True,4379,293359,0,0,25.270901,0.000000,0,28,F
2269,163384,4418,28,1,72,06DF39DF,True,4418,168195,168196,0,0.586003,0.000000,0,28,F
2270,163456,4420,28,1,72,E5DF4031,True,4420,168211,168212,0,1.286230,0.000000,0,28,F
2271,163528,4422,28,1,72,659AE3FF,True,4422,168227,168228,0,0.458367,0.000000,0,28,F
2272,163600,4424,28,1,72,50AAE826,True,4424,168244,168245,0,6.039270,0.000000,0,28,F
2273,163672,4478,28,1,72,6F475B99,True,4478,99063,99073,0,2.091830,0.000000,0,28,F
2274,163744,4479,28,1,72,99119510,True,4479,99070,99075,0,1.587050,0.000000,0,28,F
2275,163816,4480,28,1,72,91ECDB75,True,4480,99077,99078,0,1.625520,0.000000,0,28,F
2276,163888,4481,28,1,72,3DA58F2A,True,4481,99082,99083,0,0.549051,0.000000,0,28,F
2277,163960,4482,28,1,72,9A893938,True,4482,64623,64624,0,0.692820,0.000000,0,28,F
2278,164032,4483,28,1,72,075D1A77,True,4483,64609,64612,0,2.931810,0.000000,0,28,F
2279,164104,4484,28,1,72,85554C98,True,4484,64618,64619,0,2.872480,0.000000,0,28,F
2280,164176,4538,28,1,72,1A6E50DE,True,4538,168391,168392,0,6.294640,0.000000,0,28,F
2281,164248,4717,28,1,72,EC9AE6BB,True,4717,168407,168408,0,1.672680,0.000000,0,28,F
2282,164320,5200,28,1,72,BC364E84,True,5200,337380,0,0,4.093710,0.000000,0,28,F
2283,164392,5342,28,1,72,E53D34C7,True,5342,337383,0,0,4.069660,0.000000,0,28,F
2284,164464,5345,28,1,72,090068CD,True,5345,337386,0,0,4.384190,0.000000,0,28,F
2285,164536,5460,28,1,72,49CC2F0E,True,5460,356828,356829,0,12.497900,0.000000,0,28,F
2286,164608,5611,28,1,72,37766368,True,5611,169210,169212,0,1.068450,0.000000,0,28,F
2287,164680,5615,28,1,72,0A2155A0,True,5615,169330,169331,0,0.699385,0.000000,0,28,F
2288,164752,5617,28,1,72,35516DDC,True,5617,169347,169348,0,0.699474,0.000000,0,28,F
2289,164824,5619,28,1,72,A293B4FC,True,5619,169361,169362,0,1.368630,0.000000,0,28,F
2290,164896,5621,28,1,72,D7D5E9ED,True,5621,169381,169382,0,1.057770,0.000000,0,28,F
2291,164968,5623,28,1,72,DBA48E9D,True,5623,169395,169397,0,1.404980,0.000000,0,28,F
2292,165040,5897,28,1,72,F40A2E58,True,5897,337813,0,0,14.250000,0.000000,0,28,F
2293,165112,6231,28,1,72,31548094,True,6231,301158,301159,0,4.849900,0.000000,0,28,F
2294,165184,6321,28,1,72,7431B108,True,6321,305923,305938,0,3.883550,0.000000,0,28,F
2295,165256,6322,28,1,72,C355839A,True,6322,305924,305942,0,1.994220,0.000000,0,28,F
2296,165328,6323,28,1,72,A19C8547,True,6323,305925,305944,0,1.993390,0.000000,0,28,F
2297,165400,6324,28,1,72,403ACE8D,True,6324,305926,305946,0,1.105930,0.000000,0,28,F
2298,165472,6325,28,1,72,1F4C1332,True,6325,305927,305950,0,5.503050,0.000000,0,28,F
2299,165544,6326,28,1,72,D78BD919,True,6326,305928,305954,0,5.503050,0.000000,0,28,F
2300,165616,6327,28,1,72,7C91913C,True,6327,305929,305959,0,5.503050,0.000000,0,28,F
2301,165688,6427,28,1,72,4B2D743F,True,6427,311193,0,0,2.231060,0.000000,0,28,F
2302,165760,6429,28,1,72,EDE0693A,True,6429,311218,0,0,2.685140,0.000000,0,28,F
2303,165832,6431,28,1,72,A320DDC7,True,6431,311240,0,0,2.635010,0.000000,0,28,F
2304,165904,6437,28,1,72,C805D97B,True,6437,339919,339920,0,1.898240,0.000000,0,28,F
2305,165976,7487,28,1,72,5CF34CAB,True,7487,413099,413100,0,1.004990,0.000000,0,28,F
2306,166048,7947,28,1,72,2F0FFD77,True,7947,456799,456800,0,14.361100,0.000000,0,28,F
2307,166120,7961,28,1,72,389D6A21,True,7961,184911,485255,0,25.000000,0.000000,0,28,F
2308,166192,7962,28,1,72,9BD3F20A,True,7962,350319,350340,0,25.000000,0.000000,0,28,F
2309,166264,8206,28,1,72,753171D1,True,8206,469575,469576,0,5.339550,0.000000,0,28,F
2310,166336,8426,28,1,72,31DB8B71,True,8426,485084,0,0,25.000000,0.000000,0,28,F
2311,166408,7240,28,1,72,620634D7,True,7240,397118,397610,0,1.384540,0.000000,0,28,F
2312,166480,7416,28,1,72,2A36BC68,True,7416,407140,408477,0,1.568950,0.000000,0,28,F
2313,166552,7418,28,1,72,24ABEEB1,True,7418,407144,408480,0,1.355220,0.000000,0,28,F
2314,166624,7734,28,1,72,56149CA5,True,7734,423020,423021,423022,19.705700,0.000000,0,28,F
2315,166696,8677,28,1,72,6553AB0E,True,8677,422935,0,0,0.405595,0.000000,0,28,F
2316,166768,10335,28,1,72,9C2FA71C,True,10335,395345,0,0,0.915127,0.000000,0,28,F
2317,166840,8251,28,1,72,EA971584,True,8251,41821,0,0,0.494772,0.000000,0,28,F
2318,166912,8254,28,1,72,0E8E3EB3,True,8254,41722,0,0,0.646097,0.000000,0,28,F
2319,166984,8256,28,1,72,BAAD0B25,True,8256,470721,0,0,0.607785,0.000000,0,28,F
2320,167056,8258,28,1,72,FD973AB4,True,8258,470700,0,0,1.212800,0.000000,0,28,F
2321,167128,8857,28,1,72,C9F9EEC7,True,8857,503732,0,0,0.277816,0.000000,0,28,F
2322,167200,8938,28,1,72,07B46DEB,True,8938,178207,178209,0,0.855853,0.000000,0,28,F
2323,167272,9886,28,1,72,0B5D5609,True,9886,513981,0,0,0.361881,0.000000,0,28,F
2324,167344,10319,28,1,72,FFCA1907,True,10319,50126,50127,0,0.747191,0.000000,0,28,F
2325,167416,10320,28,1,72,6581FFD0,True,10320,50138,50153,0,0.747191,0.000000,0,28,F
2326,167488,10321,28,1,72,DCA51853,True,10321,50113,50115,0,0.747191,0.000000,0,28,F
2327,167560,10322,28,1,72,B4B94719,True,10322,283475,283490,0,1.183210,0.000000,0,28,F
2328,167632,10323,28,1,72,A270BBF6,True,10323,23971,24582,0,1.365830,0.000000,0,28,F
2329,167704,10324,28,1,72,765C255D,True,10324,172445,172446,0,1.853540,0.000000,0,28,F
2330,167776,10325,28,1,72,84C72ECC,True,10325,318839,318841,0,1.411800,0.000000,0,28,F
2331,167848,10326,28,1,72,8B5372BE,True,10326,238039,238040,0,1.529450,0.000000,0,28,F
2332,167920,10327,28,1,72,543CF257,True,10327,330550,330586,0,1.851860,0.000000,0,28,F
2333,167992,10328,28,1,72,DA48DD70,True,10328,320006,320439,0,1.493490,0.000000,0,28,F
2334,168064,10329,28,1,72,D276A35F,True,10329,179961,179982,0,1.655080,0.000000,0,28,F
2335,168136,10337,28,1,72,22B26621,True,10337,384829,384840,0,1.010900,0.000000,0,28,F
2336,168208,15439,28,1,72,46E2DD84,True,15439,265890,265896,0,1.259710,0.000000,0,28,F
2337,168280,9078,28,1,72,545DE930,True,9078,169730,465122,0,20.000000,0.000000,0,28,F
2338,168352,9079,28,1,72,5CA47642,True,9079,246470,246471,0,20.000000,0.000000,0,28,F
2339,168424,9084,28,1,72,AE48B8CF,True,9084,317857,0,0,0.278893,0.000000,0,28,F
2340,168496,9176,28,1,72,83E342A9,True,9176,238529,238530,0,20.000000,0.000000,0,28,F
2341,168568,9177,28,1,72,FCED0C34,True,9177,501485,501486,0,20.000000,0.000000,0,28,F
2342,168640,9221,28,1,72,291236B3,True,9221,336824,336962,0,3.974700,0.000000,0,28,F
2343,168712,10016,53,1,72,9B17EFDA,True,10016,517025,0,0,1.865890,0.000000,1701470799,3,F
2344,168784,10018,28,1,72,71BECA90,True,10018,517025,0,0,1.865890,0.000000,0,28,F
2345,168856,10019,53,1,72,F7BC5427,True,10019,517025,0,0,1.865890,0.000000,1701470799,3,F
2346,168928,10020,53,1,72,5033939C,True,10020,517025,0,0,1.865890,0.000000,1701470799,3,F
2347,169000,10021,53,1,72,0AF2AC1D,True,10021,517025,0,0,1.865890,0.000000,1701470799,3,F
2348,169072,10032,53,1,72,2EADAC64,True,10032,517025,0,0,1.865890,0.000000,1701470799,3,F
2349,169144,10313,28,1,72,0881F51A,True,10313,526208,532102,0,5.253900,0.000000,0,28,F
2350,169216,4912,28,1,72,1D2723D9,True,4912,134162,134163,0,1.839160,0.000000,0,28,F
2351,169288,4914,28,1,72,8282E29B,True,4914,134204,134206,0,2.830190,0.000000,0,28,F
2352,169360,4995,28,1,72,7429E376,True,4995,134204,134206,0,2.830190,0.000000,0,28,F
2353,169432,6592,28,1,72,AC88140F,True,6592,350249,350250,0,1.911150,0.000000,0,28,F
2354,169504,6980,28,1,72,540F43EB,True,6980,386590,0,0,1.254990,0.000000,0,28,F
2355,169576,6982,28,1,72,84C0A9CF,True,6982,386629,0,0,1.254990,0.000000,0,28,F
2356,169648,6999,28,1,72,0F085503,True,6999,386951,387398,0,1.465650,0.000000,0,28,F
2357,169720,7000,28,1,72,3EFF0E6E,True,7000,386950,387396,0,1.245190,0.000000,0,28,F
2358,169792,7052,28,1,72,14BEE957,True,7052,389626,0,0,1.365060,0.000000,0,28,F
2359,169864,7053,28,1,72,1B727E85,True,7053,389632,0,0,1.277310,0.000000,0,28,F
2360,169936,7210,28,1,72,DFBA4C7A,True,7210,396484,396502,0,2.281640,0.000000,0,28,F
2361,170008,7783,28,1,72,F2EE35FC,True,7783,425119,425120,0,1.878300,0.000000,0,28,F
2362,170080,7808,28,1,72,5A7271A6,True,7808,425830,425120,0,1.912470,0.000000,0,28,F
2363,170152,8282,28,1,72,29CF8719,True,8282,471672,471673,0,4.481080,0.000000,0,28,F
2364,170224,8284,28,1,72,CCB38160,True,8284,471694,471697,0,2.424860,0.000000,0,28,F
2365,170296,8286,28,1,72,A5B3851F,True,8286,471866,471870,0,1.416210,0.000000,0,28,F
2366,170368,8465,28,1,72,8CAAD512,True,8465,488579,488580,0,1.484340,0.000000,0,28,F
2367,170440,8496,28,1,72,C7781D63,True,8496,488943,488944,0,4.831390,0.000000,0,28,F
2368,170512,8497,28,1,72,7AA90024,True,8497,488986,488987,0,5.846280,0.000000,0,28,F
2369,170584,8596,28,1,72,E903FB55,True,8596,490472,0,0,2.191500,0.000000,0,28,F
2370,170656,8598,28,1,72,60A9521D,True,8598,490489,490490,0,2.760430,0.000000,0,28,F
2371,170728,8833,28,1,72,46241C03,True,8833,493785,493786,0,1.633720,0.000000,0,28,F
2372,170800,9172,28,1,72,C918ED74,True,9172,501464,0,0,1.603840,0.000000,0,28,F
2373,170872,9173,28,1,72,346D3AAB,True,9173,501469,0,0,1.721550,0.000000,0,28,F
2374,170944,9205,28,1,72,D76D7C73,True,9205,502947,502948,0,1.185320,0.000000,0,28,F
2375,171016,9220,28,1,72,82A604C5,True,9220,503302,503303,0,1.185320,0.000000,0,28,F
2376,171088,9347,28,1,72,7E8322FB,True,9347,504216,504217,511345,1.825530,0.000000,0,28,F
2377,171160,9786,28,1,72,5BF268A3,True,9786,512460,0,0,2.874640,0.000000,0,28,F
2378,171232,10043,28,1,72,3828E11B,True,10043,517322,517323,524680,2.857350,0.000000,0,28,F
2379,171304,10044,28,1,72,82CCB474,True,10044,517332,517333,524683,2.871420,0.000000,0,28,F
2380,171376,10070,28,1,72,A98666C1,True,10070,516623,516624,0,2.830960,0.000000,0,28,F
2381,171448,10318,28,1,72,C620F6F9,True,10318,134162,134163,0,1.839160,0.000000,0,28,F
2382,171520,10704,28,1,72,A234F9CF,True,10704,532690,532691,0,1.911600,0.000000,0,28,F
2383,171592,10955,28,1,72,0ED6E87C,True,10955,536323,536329,0,2.341190,0.000000,0,28,F
2384,171664,15662,28,1,72,5F40F0F5,True,15662,582812,582813,0,2.461170,0.000000,0,28,F
2385,171736,15815,28,1,72,54E36874,True,15815,584333,584334,0,2.997040,0.000000,0,28,F
2386,171808,16034,28,1,72,D0910167,True,16034,587246,587247,0,3.743580,0.000000,0,28,F
2387,171880,10336,28,1,72,75930ABC,True,10336,526276,526277,0,2.337860,0.000000,0,28,F
2388,171952,15438,28,1,72,E2C1FCB5,True,15438,336745,0,0,0.398643,0.000000,0,28,F
2389,172024,16229,28,1,72,F986DF87,True,16229,591432,0,0,0.682112,0.000000,0,28,F
2390,172096,6934,28,1,72,EA16CBB4,True,6934,385142,385275,0,1.953280,0.000000,0,28,F
2391,172168,7005,28,1,72,044299D7,True,7005,387660,387661,0,1.075950,0.000000,0,28,F
2392,172240,7008,28,1,72,6620AA72,True,7008,387767,387768,0,1.355040,0.000000,0,28,F
2393,172312,7009,28,1,72,8A445093,True,7009,387790,387791,0,1.625340,0.000000,0,28,F
2394,172384,7110,28,1,72,36604061,True,7110,395240,0,0,0.274026,0.000000,0,28,F
2395,172456,7111,28,1,72,2C9D0476,True,7111,395264,387791,0,1.082260,0.000000,0,28,F
2396,172528,7112,28,1,72,9E2877DF,True,7112,395288,387791,0,0.926515,0.000000,0,28,F
2397,172600,7115,28,1,72,E6046C5B,True,7115,395351,0,0,0.499217,0.000000,0,28,F
2398,172672,7217,28,1,72,076DAB84,True,7217,395391,387791,0,0.926789,0.000000,0,28,F
2399,172744,7242,28,1,72,05BCB829,True,7242,397180,0,0,20.097700,0.000000,0,28,F
2400,172816,7298,28,1,72,579C5E62,True,7298,406052,0,0,0.727473,0.000000,0,28,F
2401,172888,7299,28,1,72,CCB1AA66,True,7299,406062,0,0,0.719378,0.000000,0,28,F
2402,172960,7745,28,1,72,27F1E705,True,7745,424276,0,0,0.778571,0.000000,0,28,F
2403,173032,15428,28,1,72,D9E88966,True,15428,413700,0,0,1.495090,0.000000,0,28,F
2404,173104,15429,28,1,72,73FB9008,True,15429,407048,0,0,1.502290,0.000000,0,28,F
2405,173176,15430,28,1,72,D6031FA5,True,15430,406143,0,0,1.172080,0.000000,0,28,F
2406,173248,15431,28,1,72,79E4AC18,True,15431,408309,0,0,0.025997,0.000000,0,28,F
2407,173320,15432,28,1,72,54183E23,True,15432,407153,0,0,0.025997,0.000000,0,28,F
2408,173392,15433,28,1,72,2AF62651,True,15433,407152,0,0,0.039611,0.000000,0,28,F
2409,173464,11299,28,1,72,3E4C2EA6,True,11299,543836,544241,0,0.227259,0.000000,0,28,F
2410,173536,11431,28,1,72,E16070FE,True,11431,546348,546349,0,0.208409,0.000000,0,28,F
2411,173608,15124,28,1,72,372DA6E0,True,15124,545292,0,0,0.155576,0.000000,0,28,F
2412,173680,15125,28,1,72,AC2CA5BC,True,15125,545295,0,0,0.089268,0.000000,0,28,F
2413,173752,2990,28,1,72,F54F80C6,True,2990,47068,0,0,212.132004,0.000000,0,28,F
2414,173824,8351,28,1,72,FD4B51BA,True,8351,473292,0,0,350.000000,0.000000,0,28,F
2415,173896,16203,28,1,72,9E2DD526,True,16203,591286,0,0,1.503430,0.000000,0,28,F
2416,173968,11513,536,1,576,A6EE117D,True,11513,548808,0,0,0.911531,0.000000,1600485733,24,F
2417,174544,11519,28,1,72,E13A4164,True,11519,547537,0,0,0.936389,0.000000,0,28,F
2418,174616,11542,536,1,576,3D08D0F0,True,11542,548296,0,0,0.904036,0.000000,1701011814,24,F
2419,175192,11543,28,1,72,7268FF71,True,11543,548295,0,0,0.894635,0.000000,0,28,F
2420,175264,11599,130,1,180,B346691A,True,11599,548808,0,0,0.911531,0.000000,1701867637,34,F
2421,175444,11600,130,1,180,7F37C1A6,True,11600,548296,0,0,0.904036,0.000000,1718378851,34,F
2422,175624,11601,130,1,180,DA0F9E0E,True,11601,548296,0,0,0.904036,0.000000,1600611692,34,F
2423,175804,11602,130,1,180,8D694DC0,True,11602,548296,0,0,0.904036,0.000000,1718378851,34,F
2424,175984,11603,130,1,180,631B8658,True,11603,548808,0,0,0.911531,0.000000,1718378851,34,F
2425,176164,11604,130,1,180,219A2CD6,True,11604,548808,0,0,0.911531,0.000000,1701998438,34,F
2426,176344,15024,28,1,72,AE5C707F,True,15024,574558,0,0,0.865082,0.000000,0,28,F
2427,176416,15025,28,1,72,C478A30D,True,15025,574579,0,0,0.911534,0.000000,0,28,F
2428,176488,11496,102,1,144,41E9EF76,True,11496,546483,0,0,0.516744,0.000000,1718378851,26,F
2429,176632,11497,138,1,180,830B613C,True,11497,546483,0,0,0.516744,0.000000,1600611692,26,F
2430,176812,11498,194,1,216,4082C359,True,11498,546718,0,0,0.650112,0.000000,1701998438,6,F
2431,177028,11558,102,1,144,1F87F990,True,11558,548977,0,0,0.532788,0.000000,1600611692,26,F
2432,177172,11559,138,1,180,4936A1C0,True,11559,548977,0,0,0.532788,0.000000,1600611692,26,F
2433,177352,11560,194,1,216,1033F4D6,True,11560,549031,0,0,0.630458,0.000000,1701998438,6,F
2434,177568,11562,194,1,216,892B5A65,True,11562,549031,0,0,0.630458,0.000000,1701998438,6,F
2435,177784,11563,194,1,216,DF2506BF,True,11563,546718,0,0,0.650112,0.000000,1701998438,6,F
2436,178000,11583,194,1,216,D3FD2F0F,True,11583,546718,0,0,0.650112,0.000000,1936879476,6,F
2437,178216,11589,138,1,180,B5581242,True,11589,549164,0,0,0.523710,0.000000,1600611692,26,F
2438,178396,11590,138,1,180,76273287,True,11590,549229,0,0,0.533030,0.000000,1600611692,26,F
2439,178576,11622,108,1,144,5D4FCBE9,True,11622,549571,0,0,0.160328,0.000000,1684104552,20,F
2440,178720,11623,108,1,144,5C40457B,True,11623,549576,0,0,0.142282,0.000000,1684104552,20,F
2441,178864,11627,108,1,144,3732AC98,True,11627,550044,0,0,0.202267,0.000000,1684104552,20,F
2442,179008,11628,108,1,144,47DF7252,True,11628,550049,0,0,0.183590,0.000000,1684104552,20,F
2443,179152,11655,64,1,108,57B8B9B7,True,11655,548808,0,0,0.911531,0.000000,1600611692,28,F
2444,179260,11656,68,1,108,3632A5EC,True,11656,548296,0,0,0.908470,0.000000,1936879476,24,F
2445,179368,11657,64,1,108,D755B53A,True,11657,548296,0,0,0.904036,0.000000,1600611692,28,F
2446,179476,11773,194,1,216,3FE65F6D,True,11773,551564,0,0,0.655615,0.000000,1701867637,6,F
2447,179692,11774,194,1,216,7A90255F,True,11774,551564,0,0,0.655615,0.000000,1701998438,6,F
2448,179908,11775,194,1,216,BFD5F434,True,11775,551564,0,0,0.655615,0.000000,1936879476,6,F
2449,180124,11776,194,1,216,EBA405F2,True,11776,551551,0,0,0.636253,0.000000,1936879476,6,F
2450,180340,11777,194,1,216,F3C027C1,True,11777,551551,0,0,0.636253,0.000000,1701867637,6,F
2451,180556,11778,194,1,216,96292CE3,True,11778,551551,0,0,0.636253,0.000000,1701867637,6,F
2452,180772,11941,194,1,216,FBBCD0FD,True,11941,551564,0,0,0.655615,0.000000,1701998438,6,F
2453,180988,11973,66,1,108,DD73E263,True,11973,552522,0,0,0.178794,0.000000,1953460070,26,F
2454,181096,11974,66,1,108,4124D6CF,True,11974,552527,0,0,0.140064,0.000000,1953460070,26,F
2455,181204,11979,102,1,144,0B8335C5,True,11979,552522,0,0,0.178794,0.000000,1953460070,26,F
2456,181348,11980,102,1,144,197B66BE,True,11980,552527,0,0,0.140064,0.000000,1953460070,26,F
2457,181492,11981,102,1,144,025720A1,True,11981,552522,0,0,0.178794,0.000000,1953460070,26,F
2458,181636,11982,102,1,144,A69FE02D,True,11982,552527,0,0,0.140064,0.000000,1953460070,26,F
2459,181780,11985,108,1,144,BD7420D7,True,11985,552586,0,0,0.134636,0.000000,1684104552,20,F
2460,181924,11986,108,1,144,0BE6C2E7,True,11986,552587,0,0,0.145923,0.000000,1684104552,20,F
2461,182068,12020,108,1,144,482DB323,True,12020,552677,0,0,0.183590,0.000000,1684104552,20,F
2462,182212,12021,108,1,144,4D456008,True,12021,552678,0,0,0.183590,0.000000,1684104552,20,F
2463,182356,12022,108,1,144,F32B39B2,True,12022,552679,0,0,0.183590,0.000000,1684104552,20,F
2464,182500,12023,108,1,144,EB0D9314,True,12023,552681,0,0,0.183590,0.000000,1684104552,20,F
2465,182644,12024,108,1,144,6B2AE9EA,True,12024,552682,0,0,0.202267,0.000000,1684104552,20,F
2466,182788,12025,108,1,144,9754F50F,True,12025,552684,0,0,0.202267,0.000000,1684104552,20,F
2467,182932,12026,108,1,144,02BC2EDB,True,12026,552683,0,0,0.202267,0.000000,1684104552,20,F
2468,183076,12027,108,1,144,1BAEAF5B,True,12027,552685,0,0,0.202267,0.000000,1684104552,20,F
2469,183220,12032,66,1,108,8A28C4CB,True,12032,552783,0,0,0.191861,0.000000,1953460070,26,F
2470,183328,12033,66,1,108,3DD341D6,True,12033,552782,0,0,0.145754,0.000000,1953460070,26,F
2471,183436,12034,194,1,216,DAE74325,True,12034,551551,0,0,0.636253,0.000000,1936879476,6,F
2472,183652,12036,194,1,216,84CD9D15,True,12036,551564,0,0,0.655615,0.000000,1701867637,6,F
2473,183868,12037,194,1,216,04003616,True,12037,551551,0,0,0.636253,0.000000,1701998438,6,F
2474,184084,12038,194,1,216,0E75409C,True,12038,551564,0,0,0.655615,0.000000,1701998438,6,F
2475,184300,12039,194,1,216,B5C4C40B,True,12039,551551,0,0,0.636253,0.000000,1701998438,6,F
2476,184516,12040,194,1,216,18418952,True,12040,551564,0,0,0.655615,0.000000,1701998438,6,F
2477,184732,12041,194,1,216,58BFD7D8,True,12041,551551,0,0,0.636253,0.000000,1701998438,6,F
2478,184948,12042,194,1,216,38D6C53F,True,12042,551564,0,0,0.655615,0.000000,1936879476,6,F
2479,185164,12043,194,1,216,5F36785A,True,12043,551564,0,0,0.655615,0.000000,1936879476,6,F
2480,185380,12044,194,1,216,44550B8D,True,12044,551564,0,0,0.655615,0.000000,1701867637,6,F
2481,185596,12045,194,1,216,F5F2F7D0,True,12045,551564,0,0,0.655615,0.000000,1936879476,6,F
2482,185812,12046,194,1,216,9EE5728F,True,12046,551564,0,0,0.655615,0.000000,1936879476,6,F
2483,186028,12047,194,1,216,ECA75A9A,True,12047,551564,0,0,0.655615,0.000000,1936879476,6,F
2484,186244,12048,194,1,216,B10AD256,True,12048,551551,0,0,0.636253,0.000000,1701998438,6,F
2485,186460,12049,194,1,216,D6EA6F33,True,12049,551551,0,0,0.636253,0.000000,1701998438,6,F
2486,186676,12050,194,1,216,CE3BB613,True,12050,551551,0,0,0.636253,0.000000,1701998438,6,F
2487,186892,12051,194,1,216,A04CE62A,True,12051,551551,0,0,0.636253,0.000000,1701998438,6,F
2488,187108,12052,194,1,216,FEDDE3B1,True,12052,551551,0,0,0.636253,0.000000,1701998438,6,F
2489,187324,12053,194,1,216,0CE5BDEB,True,12053,551551,0,0,0.636253,0.000000,1701998438,6,F
2490,187540,12054,194,1,216,348C6881,True,12054,551564,0,0,0.655615,0.000000,1701867637,6,F
2491,187756,12055,194,1,216,42095480,True,12055,551564,0,0,0.655615,0.000000,1701867637,6,F
2492,187972,12056,194,1,216,D6F76781,True,12056,551564,0,0,0.655615,0.000000,1701867637,6,F
2493,188188,12057,194,1,216,99C17476,True,12057,551564,0,0,0.655615,0.000000,1701867637,6,F
2494,188404,12058,194,1,216,BE666C5E,True,12058,551564,0,0,0.655615,0.000000,1701867637,6,F
2495,188620,12059,194,1,216,AA6EDB4A,True,12059,551551,0,0,0.636253,0.000000,1701998438,6,F
2496,188836,12060,194,1,216,73E569AB,True,12060,551551,0,0,0.636253,0.000000,1701998438,6,F
2497,189052,12061,194,1,216,087F2155,True,12061,551551,0,0,0.636253,0.000000,1701998438,6,F
2498,189268,12062,194,1,216,0D90E329,True,12062,551551,0,0,0.636253,0.000000,1701998438,6,F
2499,189484,12063,194,1,216,DE8EEFBD,True,12063,551551,0,0,0.636253,0.000000,1701998438,6,F
2500,189700,12064,194,1,216,CDF9D873,True,12064,551564,0,0,0.655615,0.000000,1701867637,6,F
2501,189916,12065,194,1,216,19B70F08,True,12065,551551,0,0,0.636253,0.000000,1936879476,6,F
2502,190132,12066,194,1,216,083B8846,True,12066,546718,0,0,0.650112,0.000000,1701998438,6,F
2503,190348,12067,194,1,216,4A740A53,True,12067,546718,0,0,0.650112,0.000000,1936879476,6,F
2504,190564,12068,194,1,216,FEF19C9B,True,12068,546718,0,0,0.650112,0.000000,1936879476,6,F
2505,190780,12069,194,1,216,B8620F3A,True,12069,546718,0,0,0.650112,0.000000,1936879476,6,F
2506,190996,12070,194,1,216,508D42BF,True,12070,546718,0,0,0.650112,0.000000,1936879476,6,F
2507,191212,12071,194,1,216,FEE6A717,True,12071,546718,0,0,0.650112,0.000000,1936879476,6,F
2508,191428,12072,194,1,216,00BF023F,True,12072,546718,0,0,0.650112,0.000000,1936879476,6,F
2509,191644,12073,194,1,216,1A27D7BE,True,12073,546718,0,0,0.650112,0.000000,1936879476,6,F
2510,191860,12074,194,1,216,30612883,True,12074,546718,0,0,0.650112,0.000000,1936879476,6,F
2511,192076,12075,194,1,216,62808BC7,True,12075,546718,0,0,0.650112,0.000000,1936879476,6,F
2512,192292,12076,194,1,216,2037DC27,True,12076,546718,0,0,0.650112,0.000000,1936879476,6,F
2513,192508,12077,194,1,216,FB339C66,True,12077,549031,0,0,0.630458,0.000000,1701998438,6,F
2514,192724,12078,194,1,216,34E4B2F4,True,12078,549031,0,0,0.630458,0.000000,1701998438,6,F
2515,192940,12079,194,1,216,38217053,True,12079,549031,0,0,0.630458,0.000000,1701998438,6,F
2516,193156,12080,194,1,216,3D287CCE,True,12080,549031,0,0,0.630458,0.000000,1701998438,6,F
2517,193372,12081,194,1,216,7A94C154,True,12081,549031,0,0,0.630458,0.000000,1701998438,6,F
2518,193588,12082,194,1,216,50D23E69,True,12082,549031,0,0,0.630458,0.000000,1701998438,6,F
2519,193804,12083,194,1,216,C52B4787,True,12083,549031,0,0,0.630458,0.000000,1701998438,6,F
2520,194020,12084,194,1,216,1BE1DEB7,True,12084,549031,0,0,0.630458,0.000000,1701998438,6,F
2521,194236,12085,194,1,216,540E75CF,True,12085,549031,0,0,0.630458,0.000000,1701998438,6,F
2522,194452,12086,194,1,216,BC5E4A72,True,12086,549031,0,0,0.630458,0.000000,1701998438,6,F
2523,194668,12087,194,1,216,A9E4A802,True,12087,549031,0,0,0.630458,0.000000,1701998438,6,F
2524,194884,12088,194,1,216,678C93FD,True,12088,549031,0,0,0.630458,0.000000,1701998438,6,F
2525,195100,12095,104,1,144,8F5E7B18,True,12095,548296,0,0,0.908470,0.000000,1936879476,24,F
2526,195244,12096,104,1,144,6541CF53,True,12096,548296,0,0,0.908470,0.000000,1936879476,24,F
2527,195388,12097,104,1,144,80EB3B24,True,12097,548296,0,0,0.908470,0.000000,1936879476,24,F
2528,195532,12098,104,1,144,7DA11CCE,True,12098,548296,0,0,0.908470,0.000000,1936879476,24,F
2529,195676,12099,104,1,144,9D121506,True,12099,548296,0,0,0.908470,0.000000,1936879476,24,F
2530,195820,12100,100,1,144,B2724796,True,12100,548296,0,0,0.904036,0.000000,1600611692,28,F
2531,195964,12101,100,1,144,712B5258,True,12101,548296,0,0,0.904036,0.000000,1600611692,28,F
2532,196108,12102,100,1,144,07399ADD,True,12102,548296,0,0,0.904036,0.000000,1600611692,28,F
2533,196252,12103,100,1,144,2D4F5E76,True,12103,548296,0,0,0.904036,0.000000,1600611692,28,F
2534,196396,12104,100,1,144,FF909C40,True,12104,548296,0,0,0.904036,0.000000,1600611692,28,F
2535,196540,12105,100,1,144,190E8747,True,12105,548808,0,0,0.911531,0.000000,1600611692,28,F
2536,196684,12106,100,1,144,6F908F64,True,12106,548808,0,0,0.911531,0.000000,1600611692,28,F
2537,196828,12107,100,1,144,ED5A8B4F,True,12107,548808,0,0,0.911531,0.000000,1600611692,28,F
2538,196972,12108,100,1,144,2C653EB8,True,12108,548808,0,0,0.911531,0.000000,1600611692,28,F
2539,197116,12113,138,1,180,599B6DB3,True,12113,549229,0,0,0.533030,0.000000,1600611692,26,F
2540,197296,12114,138,1,180,CF2B52AA,True,12114,549229,0,0,0.533030,0.000000,1600611692,26,F
2541,197476,12115,138,1,180,9B66A1E8,True,12115,549229,0,0,0.533030,0.000000,1600611692,26,F
2542,197656,12116,138,1,180,98A7BB79,True,12116,549229,0,0,0.533030,0.000000,1600611692,26,F
2543,197836,12117,138,1,180,0C92D1DA,True,12117,549229,0,0,0.533030,0.000000,1718378851,26,F
2544,198016,12118,138,1,180,E090F5AF,True,12118,549229,0,0,0.533030,0.000000,1600611692,26,F
2545,198196,12119,138,1,180,7C835C22,True,12119,549229,0,0,0.533030,0.000000,1600611692,26,F
2546,198376,12120,138,1,180,86D9B0D7,True,12120,549229,0,0,0.533030,0.000000,1600611692,26,F
2547,198556,12121,138,1,180,45385F61,True,12121,549229,0,0,0.533030,0.000000,1600611692,26,F
2548,198736,12122,138,1,180,3BABD3DD,True,12122,549229,0,0,0.533030,0.000000,1600611692,26,F
2549,198916,12123,138,1,180,5A9DC791,True,12123,549229,0,0,0.533030,0.000000,1600611692,26,F
2550,199096,12124,138,1,180,885DBB7A,True,12124,549229,0,0,0.533030,0.000000,1600611692,26,F
2551,199276,12126,138,1,180,D341C2DD,True,12126,549229,0,0,0.533030,0.000000,1600611692,26,F
2552,199456,12127,138,1,180,DC38291E,True,12127,549164,0,0,0.523710,0.000000,1600611692,26,F
2553,199636,12128,138,1,180,8481CB71,True,12128,549164,0,0,0.523710,0.000000,1600611692,26,F
2554,199816,12129,138,1,180,4D27AE83,True,12129,549164,0,0,0.523710,0.000000,1718378851,26,F
2555,199996,12130,138,1,180,BB52B6AB,True,12130,549164,0,0,0.523710,0.000000,1600611692,26,F
2556,200176,12131,138,1,180,F7D2F572,True,12131,549164,0,0,0.523710,0.000000,1600611692,26,F
2557,200356,12132,138,1,180,CBB16759,True,12132,549164,0,0,0.523710,0.000000,1600611692,26,F
2558,200536,12133,138,1,180,563FEA43,True,12133,549164,0,0,0.523710,0.000000,1600611692,26,F
2559,200716,12134,138,1,180,7DE58C30,True,12134,549164,0,0,0.523710,0.000000,1600611692,26,F
2560,200896,12135,138,1,180,6BAD3896,True,12135,549164,0,0,0.523710,0.000000,1600611692,26,F
2561,201076,12136,138,1,180,3781BF8F,True,12136,549164,0,0,0.523710,0.000000,1718378851,26,F
2562,201256,12137,138,1,180,2D9298C4,True,12137,549164,0,0,0.523710,0.000000,1600611692,26,F
2563,201436,12138,138,1,180,C824F3B1,True,12138,549164,0,0,0.523710,0.000000,1600611692,26,F
2564,201616,12140,138,1,180,A44E9D88,True,12140,549164,0,0,0.523710,0.000000,1600611692,26,F
2565,201796,12165,66,1,108,0C79F8DE,True,12165,552782,0,0,0.145754,0.000000,1953460070,26,F
2566,201904,12166,66,1,108,DBB521CC,True,12166,552782,0,0,0.145754,0.000000,1953460070,26,F
2567,202012,12167,66,1,108,61B88AE2,True,12167,552783,0,0,0.191861,0.000000,1953460070,26,F
2568,202120,12168,66,1,108,36F8415D,True,12168,552783,0,0,0.191861,0.000000,1953460070,26,F
2569,202228,12638,102,1,144,9239532D,True,12638,554896,0,0,0.133530,0.000000,1953460070,26,F
2570,202372,12671,102,1,144,C23BE59B,True,12671,554896,0,0,0.133530,0.000000,1953460070,26,F
2571,202516,12675,102,1,144,9BD5E465,True,12675,554896,0,0,0.133530,0.000000,1953460070,26,F
2572,202660,12680,102,1,144,D36A99E5,True,12680,554881,0,0,0.169088,0.000000,1953460070,26,F
2573,202804,12687,102,1,144,D7235D5C,True,12687,554881,0,0,0.169088,0.000000,1953460070,26,F
2574,202948,12701,102,1,144,9A958DDE,True,12701,554881,0,0,0.169088,0.000000,1953460070,26,F
2575,203092,13955,176,1,216,1045DD00,True,13955,548296,0,0,0.867109,0.000000,1600611692,24,F
2576,203308,13979,140,1,180,B16B8E28,True,13979,559053,0,0,0.291170,0.000000,1953460070,24,F
2577,203488,13980,140,1,180,5C022365,True,13980,559052,0,0,0.326779,0.000000,1718378851,24,F
2578,203668,13982,102,1,144,8D308E27,True,13982,559321,0,0,0.136994,0.000000,1953460070,26,F
2579,203812,14084,140,1,180,42BB0C2C,True,14084,560104,0,0,0.303535,0.000000,1718378851,24,F
2580,203992,14085,176,1,216,CCDA873D,True,14085,560105,0,0,0.577945,0.000000,1718378851,24,F
2581,204208,14513,194,1,216,5B023650,True,14513,560318,0,0,0.649688,0.000000,1701867637,6,F
2582,204424,14514,194,1,216,D4415B00,True,14514,560318,0,0,0.649688,0.000000,1701998438,6,F
2583,204640,14524,194,1,216,71CE9B44,True,14524,563309,0,0,0.649688,0.000000,1701998438,6,F
2584,204856,14525,194,1,216,CF570BD1,True,14525,563309,0,0,0.649688,0.000000,1936879476,6,F
2585,205072,14540,138,1,180,F6BB78EE,True,14540,564294,0,0,0.534728,0.000000,1718378851,26,F
2586,205252,14541,138,1,180,CC189DAD,True,14541,564294,0,0,0.534728,0.000000,1718378851,26,F
2587,205432,14543,138,1,180,C6003618,True,14543,564315,0,0,0.529292,0.000000,1600611692,26,F
2588,205612,14544,138,1,180,EEDE9464,True,14544,564315,0,0,0.529292,0.000000,1600611692,26,F
2589,205792,14545,138,1,180,78837FE2,True,14545,564294,0,0,0.534728,0.000000,1600611692,26,F
2590,205972,14546,138,1,180,E90CC81C,True,14546,564315,0,0,0.529292,0.000000,1718378851,26,F
2591,206152,14549,100,1,144,3B3C2C71,True,14549,564345,0,0,0.412820,0.000000,1600611692,28,F
2592,206296,14550,100,1,144,732F2A51,True,14550,564344,0,0,0.388547,0.000000,1600611692,28,F
2593,206440,14551,100,1,144,949B34C7,True,14551,564344,0,0,0.388547,0.000000,1600611692,28,F
2594,206584,14552,100,1,144,89BE0FD5,True,14552,564345,0,0,0.388547,0.000000,1600611692,28,F
2595,206728,14583,104,1,144,78469094,True,14583,565311,0,0,0.281015,0.000000,1936879476,24,F
2596,206872,14584,104,1,144,C51BE259,True,14584,565311,0,0,0.281015,0.000000,1936879476,24,F
2597,207016,14585,138,1,180,87529B4D,True,14585,549229,0,0,0.533030,0.000000,1600611692,26,F
2598,207196,14586,138,1,180,8F83FDED,True,14586,549229,0,0,0.533030,0.000000,1600611692,26,F
2599,207376,14587,138,1,180,C8C2752A,True,14587,549229,0,0,0.533030,0.000000,1600611692,26,F
2600,207556,14588,138,1,180,22C294AF,True,14588,549229,0,0,0.533030,0.000000,1600611692,26,F
2601,207736,14589,138,1,180,4F4024B8,True,14589,549229,0,0,0.533030,0.000000,1600611692,26,F
2602,207916,14590,138,1,180,CA9BDB97,True,14590,549229,0,0,0.533030,0.000000,1600611692,26,F
2603,208096,14591,138,1,180,CA686E09,True,14591,549229,0,0,0.533030,0.000000,1600611692,26,F
2604,208276,14592,138,1,180,32E1B817,True,14592,549229,0,0,0.533030,0.000000,1600611692,26,F
2605,208456,14593,138,1,180,7D2982CF,True,14593,549229,0,0,0.533030,0.000000,1600611692,26,F
2606,208636,14594,138,1,180,92E5BA54,True,14594,549229,0,0,0.533030,0.000000,1600611692,26,F
2607,208816,14595,138,1,180,1E60D9C2,True,14595,549229,0,0,0.533030,0.000000,1718378851,26,F
2608,208996,14596,138,1,180,A074C07C,True,14596,549229,0,0,0.533030,0.000000,1600611692,26,F
2609,209176,14597,138,1,180,879AA51D,True,14597,549229,0,0,0.533030,0.000000,1600611692,26,F
2610,209356,14598,138,1,180,7D1D54B6,True,14598,549229,0,0,0.533030,0.000000,1600611692,26,F
2611,209536,14599,138,1,180,BED9FFB6,True,14599,549229,0,0,0.533030,0.000000,1600611692,26,F
2612,209716,14600,138,1,180,FA7C4199,True,14600,549229,0,0,0.533030,0.000000,1600611692,26,F
2613,209896,14601,138,1,180,A0EC646A,True,14601,549229,0,0,0.533030,0.000000,1718378851,26,F
2614,210076,14602,138,1,180,CEE0179C,True,14602,549229,0,0,0.533030,0.000000,1600611692,26,F
2615,210256,14603,138,1,180,F6A5F10A,True,14603,549229,0,0,0.533030,0.000000,1600611692,26,F
2616,210436,14604,138,1,180,D4ED174B,True,14604,549229,0,0,0.533030,0.000000,1600611692,26,F
2617,210616,14605,138,1,180,C7EF5417,True,14605,549229,0,0,0.533030,0.000000,1600611692,26,F
2618,210796,14606,138,1,180,443EB815,True,14606,549229,0,0,0.533030,0.000000,1600611692,26,F
2619,210976,14607,138,1,180,9455D3E9,True,14607,549229,0,0,0.533030,0.000000,1600611692,26,F
2620,211156,14608,138,1,180,7955EB1F,True,14608,549229,0,0,0.533030,0.000000,1600611692,26,F
2621,211336,14609,138,1,180,4645CB57,True,14609,549229,0,0,0.533030,0.000000,1600611692,26,F
2622,211516,14613,178,1,216,83415281,True,14613,565556,0,0,0.785204,0.000000,1718378851,22,F
2623,211732,14614,178,1,216,8305EB7D,True,14614,565556,0,0,0.785204,0.000000,1936879476,22,F
2624,211948,14615,138,1,180,A8717FCF,True,14615,549229,0,0,0.533030,0.000000,1718378851,26,F
2625,212128,14616,138,1,180,7495237C,True,14616,549229,0,0,0.533030,0.000000,1600611692,26,F
2626,212308,14617,138,1,180,245DC541,True,14617,549229,0,0,0.533030,0.000000,1600611692,26,F
2627,212488,14618,138,1,180,B2441B32,True,14618,549229,0,0,0.533030,0.000000,1600611692,26,F
2628,212668,14619,138,1,180,EC1189EB,True,14619,549229,0,0,0.533030,0.000000,1600611692,26,F
2629,212848,14620,138,1,180,303191C0,True,14620,549229,0,0,0.533030,0.000000,1600611692,26,F
2630,213028,14621,138,1,180,655DFEB2,True,14621,549229,0,0,0.533030,0.000000,1600611692,26,F
2631,213208,14622,138,1,180,DF05B4F6,True,14622,549229,0,0,0.533030,0.000000,1718378851,26,F
2632,213388,14623,138,1,180,50D05AA4,True,14623,549229,0,0,0.533030,0.000000,1600611692,26,F
2633,213568,14624,138,1,180,37CFB921,True,14624,549229,0,0,0.533030,0.000000,1600611692,26,F
2634,213748,14625,138,1,180,6E6BF89A,True,14625,549229,0,0,0.533030,0.000000,1600611692,26,F
2635,213928,14626,102,1,144,CD6391B1,True,14626,549229,0,0,0.533030,0.000000,1600611692,26,F
2636,214072,14627,138,1,180,5C1609D4,True,14627,549229,0,0,0.533030,0.000000,1718378851,26,F
2637,214252,14628,138,1,180,D004758B,True,14628,549229,0,0,0.533030,0.000000,1718378851,26,F
2638,214432,14632,100,1,144,2310B2BB,True,14632,565691,0,0,0.340009,0.000000,1600611692,28,F
2639,214576,14633,194,1,216,3BDE8DB4,True,14633,565690,0,0,0.631756,0.000000,1936879476,6,F
2640,214792,14634,138,1,180,EF8C6F86,True,14634,549229,0,0,0.533030,0.000000,1718378851,26,F
2641,214972,14635,138,1,180,B8BF4E3D,True,14635,549229,0,0,0.533030,0.000000,1718378851,26,F
2642,215152,14636,138,1,180,653A8E17,True,14636,549229,0,0,0.533030,0.000000,1718378851,26,F
2643,215332,14637,194,1,216,E0BAA93D,True,14637,565690,0,0,0.631756,0.000000,1701867637,6,F
2644,215548,14638,138,1,180,716BC5C1,True,14638,549229,0,0,0.533030,0.000000,1718378851,26,F
2645,215728,14640,138,1,180,118D532A,True,14640,549164,0,0,0.523710,0.000000,1600611692,26,F
2646,215908,14641,138,1,180,A693B98E,True,14641,549164,0,0,0.523710,0.000000,1600611692,26,F
2647,216088,14642,138,1,180,54C67C3D,True,14642,549164,0,0,0.523710,0.000000,1600611692,26,F
2648,216268,14643,138,1,180,C4C59260,True,14643,549164,0,0,0.523710,0.000000,1718378851,26,F
2649,216448,14644,138,1,180,5EA39B7F,True,14644,549164,0,0,0.523710,0.000000,1600611692,26,F
2650,216628,14645,138,1,180,ADB26A16,True,14645,549164,0,0,0.523710,0.000000,1600611692,26,F
2651,216808,14646,138,1,180,C8FF2660,True,14646,549164,0,0,0.523710,0.000000,1600611692,26,F
2652,216988,14647,138,1,180,569FD280,True,14647,549164,0,0,0.523710,0.000000,1600611692,26,F
2653,217168,14648,138,1,180,DA8213E3,True,14648,549164,0,0,0.523710,0.000000,1600611692,26,F
2654,217348,14649,138,1,180,954A293B,True,14649,549164,0,0,0.523710,0.000000,1600611692,26,F
2655,217528,14650,194,1,216,FF1AA400,True,14650,565690,0,0,0.631756,0.000000,1701998438,6,F
2656,217744,14651,138,1,180,9AE31767,True,14651,549164,0,0,0.523710,0.000000,1600611692,26,F
2657,217924,14652,194,1,216,7061308A,True,14652,565819,0,0,0.631756,0.000000,1701998438,6,F
2658,218140,14653,194,1,216,8A47F390,True,14653,565819,0,0,0.631756,0.000000,1701867637,6,F
2659,218356,14654,194,1,216,162DE772,True,14654,565819,0,0,0.631756,0.000000,1701998438,6,F
2660,218572,14655,138,1,180,8DB15A83,True,14655,549164,0,0,0.523710,0.000000,1600611692,26,F
2661,218752,14656,138,1,180,40A77175,True,14656,549164,0,0,0.523710,0.000000,1600611692,26,F
2662,218932,14657,138,1,180,61C90D8F,True,14657,549164,0,0,0.523710,0.000000,1600611692,26,F
2663,219112,14658,138,1,180,86E2E117,True,14658,549164,0,0,0.523710,0.000000,1600611692,26,F
2664,219292,14659,138,1,180,88671B07,True,14659,549164,0,0,0.523710,0.000000,1600611692,26,F
2665,219472,14660,138,1,180,19B880FF,True,14660,549164,0,0,0.523710,0.000000,1718378851,26,F
2666,219652,14661,138,1,180,91433F55,True,14661,549164,0,0,0.523710,0.000000,1600611692,26,F
2667,219832,14662,138,1,180,44A0C6F8,True,14662,549164,0,0,0.523710,0.000000,1718378851,26,F
2668,220012,14663,138,1,180,AEF73A87,True,14663,549164,0,0,0.523710,0.000000,1600611692,26,F
2669,220192,14664,138,1,180,834D327F,True,14664,549164,0,0,0.523710,0.000000,1600611692,26,F
2670,220372,14665,138,1,180,97171E47,True,14665,549164,0,0,0.523710,0.000000,1600611692,26,F
2671,220552,14666,138,1,180,22BFFC47,True,14666,549164,0,0,0.523710,0.000000,1600611692,26,F
2672,220732,14668,100,1,144,0157ACC8,True,14668,566105,0,0,0.340009,0.000000,1600611692,28,F
2673,220876,14670,138,1,180,4AFACD5A,True,14670,549164,0,0,0.523710,0.000000,1718378851,26,F
2674,221056,14671,138,1,180,58D66D36,True,14671,549164,0,0,0.523710,0.000000,1718378851,26,F
2675,221236,14672,138,1,180,8D292BC7,True,14672,566115,0,0,0.496737,0.000000,1718378851,26,F
2676,221416,14673,138,1,180,E9F1B9E6,True,14673,566115,0,0,0.496737,0.000000,1600611692,26,F
2677,221596,14674,138,1,180,8DA086E0,True,14674,566115,0,0,0.496737,0.000000,1600611692,26,F
2678,221776,14675,138,1,180,4DB7D557,True,14675,549164,0,0,0.523710,0.000000,1718378851,26,F
2679,221956,14676,138,1,180,FD49190C,True,14676,549164,0,0,0.523710,0.000000,1718378851,26,F
2680,222136,14677,138,1,180,AD151BF8,True,14677,549164,0,0,0.523710,0.000000,1718378851,26,F
2681,222316,14678,138,1,180,4EBA9B4D,True,14678,549164,0,0,0.523710,0.000000,1718378851,26,F
2682,222496,14679,138,1,180,471E2353,True,14679,549164,0,0,0.523710,0.000000,1718378851,26,F
2683,222676,14680,138,1,180,84EE49C8,True,14680,566232,0,0,0.504710,0.000000,1718378851,26,F
2684,222856,14681,138,1,180,6DA72DFF,True,14681,549164,0,0,0.523710,0.000000,1600611692,26,F
2685,223036,14682,138,1,180,FE1E0492,True,14682,566232,0,0,0.504710,0.000000,1718378851,26,F
2686,223216,14683,138,1,180,EEB512ED,True,14683,566232,0,0,0.504710,0.000000,1718378851,26,F
2687,223396,14685,138,1,180,AF036CA5,True,14685,549164,0,0,0.523710,0.000000,1600611692,26,F
2688,223576,14686,138,1,180,846D6608,True,14686,549164,0,0,0.523710,0.000000,1600611692,26,F
2689,223756,14687,138,1,180,817DEA0F,True,14687,549164,0,0,0.523710,0.000000,1600611692,26,F
2690,223936,14688,102,1,144,52B8D404,True,14688,549164,0,0,0.523710,0.000000,1600611692,26,F
2691,224080,14689,138,1,180,24AE3394,True,14689,549164,0,0,0.523710,0.000000,1718378851,26,F
2692,224260,14690,138,1,180,1FB5382B,True,14690,549164,0,0,0.523710,0.000000,1600611692,26,F
2693,224440,14691,138,1,180,EC18B11B,True,14691,549164,0,0,0.523710,0.000000,1600611692,26,F
2694,224620,14692,138,1,180,CB6F06FE,True,14692,549164,0,0,0.523710,0.000000,1600611692,26,F
2695,224800,14693,138,1,180,38C28FCE,True,14693,549164,0,0,0.523710,0.000000,1600611692,26,F
2696,224980,14694,138,1,180,95B2C3A6,True,14694,549164,0,0,0.523710,0.000000,1600611692,26,F
2697,225160,14695,138,1,180,DEA32DF3,True,14695,549164,0,0,0.523710,0.000000,1600611692,26,F
2698,225340,14697,150,1,180,2703F1C9,True,14697,566323,0,0,0.425979,0.000000,1701867637,14,F
2699,225520,14698,150,1,180,3E733702,True,14698,566323,0,0,0.425979,0.000000,1701867637,14,F
2700,225700,14700,150,1,180,72A3A288,True,14700,566356,0,0,0.417096,0.000000,1701867637,14,F
2701,225880,14701,150,1,180,E13EDEAE,True,14701,566356,0,0,0.417096,0.000000,1936879476,14,F
2702,226060,14703,100,1,144,EF1D1987,True,14703,566380,0,0,0.305308,0.000000,1600611692,28,F
2703,226204,14705,140,1,180,1558930C,True,14705,566482,0,0,0.543794,0.000000,1936879476,24,F
2704,226384,14707,244,1,288,9CC12CC4,True,14707,566498,0,0,0.685074,0.000000,1936879476,28,F
2705,226672,14708,244,1,288,48C9DFEB,True,14708,566498,0,0,0.685074,0.000000,1936879476,28,F
2706,226960,14709,244,1,288,7A200D1B,True,14709,566498,0,0,0.685074,0.000000,1936879476,28,F
2707,227248,14712,244,1,288,004D9A33,True,14712,566586,0,0,0.685074,0.000000,1936879476,28,F
2708,227536,14713,244,1,288,5436C155,True,14713,566586,0,0,0.685074,0.000000,1936879476,28,F
2709,227824,14714,244,1,288,CB718CF4,True,14714,566586,0,0,0.685074,0.000000,1936879476,28,F
2710,228112,14716,100,1,144,F5819EF3,True,14716,566623,0,0,0.309727,0.000000,1600611692,28,F
2711,228256,14718,194,1,216,1D5A62DB,True,14718,566633,0,0,0.638633,0.000000,1701867637,6,F
2712,228472,14721,150,1,180,381AB86D,True,14721,566670,0,0,0.425979,0.000000,1701867637,14,F
2713,228652,14722,150,1,180,498C0F3E,True,14722,566670,0,0,0.425979,0.000000,1701867637,14,F
2714,228832,14724,208,1,252,A0D4E138,True,14724,566701,0,0,0.782970,0.000000,1701998438,28,F
2715,229084,14725,194,1,216,D38ADE05,True,14725,566633,0,0,0.638633,0.000000,1936879476,6,F
2716,229300,14727,194,1,216,B6192A84,True,14727,566758,0,0,0.638633,0.000000,1936879476,6,F
2717,229516,14728,194,1,216,133E95F0,True,14728,566758,0,0,0.638633,0.000000,1701867637,6,F
2718,229732,14730,238,1,288,1B245CA9,True,14730,566785,0,0,0.638633,0.000000,1936879476,34,F
2719,230020,14731,276,1,324,57118749,True,14731,566785,0,0,0.638633,0.000000,1701867637,32,F
2720,230344,14763,334,1,360,46F93660,True,14763,566906,0,0,0.638633,0.000000,1701867637,10,F
2721,230704,14764,382,1,432,43FA6BE8,True,14764,566906,0,0,0.638633,0.000000,1684104552,34,F
2722,231136,14765,244,1,288,7E108477,True,14765,566586,0,0,0.685074,0.000000,1701867637,28,F
2723,231424,14767,244,1,288,8054F8B7,True,14767,566586,0,0,0.685074,0.000000,1701867637,28,F
2724,231712,14768,244,1,288,53BC84CD,True,14768,566586,0,0,0.685074,0.000000,1701998438,28,F
2725,232000,14769,244,1,288,823BDDB0,True,14769,566586,0,0,0.685074,0.000000,1936879476,28,F
2726,232288,14770,244,1,288,2DB7120D,True,14770,566586,0,0,0.685074,0.000000,1936879476,28,F
2727,232576,14771,244,1,288,766095A9,True,14771,566586,0,0,0.685074,0.000000,1936879476,28,F
2728,232864,14772,244,1,288,E38CF577,True,14772,566586,0,0,0.685074,0.000000,1936879476,28,F
2729,233152,14773,244,1,288,F5C2415F,True,14773,566586,0,0,0.685074,0.000000,1936879476,28,F
2730,233440,14774,244,1,288,228FC5FB,True,14774,566586,0,0,0.685074,0.000000,1936879476,28,F
2731,233728,14775,244,1,288,F97CD699,True,14775,566586,0,0,0.685074,0.000000,1936879476,28,F
2732,234016,14777,244,1,288,DC824E40,True,14777,566498,0,0,0.685074,0.000000,1701867637,28,F
2733,234304,14778,244,1,288,E75C216E,True,14778,566498,0,0,0.685074,0.000000,1936879476,28,F
2734,234592,14779,244,1,288,FEDEB5F4,True,14779,566498,0,0,0.685074,0.000000,1936879476,28,F
2735,234880,14780,244,1,288,1350B3B3,True,14780,566498,0,0,0.685074,0.000000,1936879476,28,F
2736,235168,14781,244,1,288,E6CE5D85,True,14781,566498,0,0,0.685074,0.000000,1936879476,28,F
2737,235456,14782,244,1,288,B8558272,True,14782,566498,0,0,0.685074,0.000000,1936879476,28,F
2738,235744,14783,244,1,288,D3E3B383,True,14783,566498,0,0,0.685074,0.000000,1936879476,28,F
2739,236032,14784,244,1,288,6A650739,True,14784,566498,0,0,0.685074,0.000000,1936879476,28,F
2740,236320,14785,244,1,288,8CD0DFFC,True,14785,566498,0,0,0.685074,0.000000,1936879476,28,F
2741,236608,14786,244,1,288,3E39AFF9,True,14786,566498,0,0,0.685074,0.000000,1936879476,28,F
2742,236896,14804,100,1,144,5DE5245F,True,14804,567157,0,0,0.308905,0.000000,1600611692,28,F
2743,237040,14805,100,1,144,A82B34FA,True,14805,567157,0,0,0.308905,0.000000,1600611692,28,F
2744,237184,14808,114,1,144,F59EBE21,True,14808,567178,0,0,0.308905,0.000000,1936879476,14,F
2745,237328,14822,100,1,144,365B7B53,True,14822,567157,0,0,0.308905,0.000000,1600611692,28,F
2746,237472,14848,140,1,180,5863D63A,True,14848,567391,0,0,0.318380,0.000000,1718378851,24,F
2747,237652,14849,140,1,180,D6D7D9E9,True,14849,567391,0,0,0.318380,0.000000,1718378851,24,F
2748,237832,14850,140,1,180,E17E6D55,True,14850,567391,0,0,0.318380,0.000000,1953460070,24,F
2749,238012,14851,140,1,180,2ECDF8A7,True,14851,567400,0,0,0.287636,0.000000,1718378851,24,F
2750,238192,14852,104,1,144,154C3D24,True,14852,567400,0,0,0.287636,0.000000,1953460070,24,F
2751,238336,14853,140,1,180,66C1449B,True,14853,567400,0,0,0.287636,0.000000,1718378851,24,F
2752,238516,14854,140,1,180,3BBB6585,True,14854,567391,0,0,0.318380,0.000000,1953460070,24,F
2753,238696,14855,140,1,180,B8C0A684,True,14855,567400,0,0,0.287636,0.000000,1718378851,24,F
2754,238876,14856,140,1,180,AAF90E0A,True,14856,567400,0,0,0.287636,0.000000,1953460070,24,F
2755,239056,14857,140,1,180,C6BF6781,True,14857,567400,0,0,0.287636,0.000000,1953460070,24,F
2756,239236,14858,140,1,180,68FCFCEF,True,14858,567400,0,0,0.287636,0.000000,1718378851,24,F
2757,239416,14859,140,1,180,56776267,True,14859,567400,0,0,0.287636,0.000000,1953460070,24,F
2758,239596,14860,140,1,180,2FB7DF4B,True,14860,567400,0,0,0.287636,0.000000,1953460070,24,F
2759,239776,14861,140,1,180,F8CD875C,True,14861,567400,0,0,0.287636,0.000000,1953460070,24,F
2760,239956,14862,140,1,180,C02D014F,True,14862,567391,0,0,0.318380,0.000000,1718378851,24,F
2761,240136,14864,140,1,180,2BB51C84,True,14864,567391,0,0,0.318380,0.000000,1953460070,24,F
2762,240316,14866,140,1,180,9BC2390A,True,14866,567391,0,0,0.318380,0.000000,1953460070,24,F
2763,240496,14867,140,1,180,294403AB,True,14867,567391,0,0,0.318380,0.000000,1718378851,24,F
2764,240676,14868,140,1,180,11236C73,True,14868,567391,0,0,0.318380,0.000000,1718378851,24,F
2765,240856,14869,140,1,180,9DE81723,True,14869,567391,0,0,0.318380,0.000000,1953460070,24,F
2766,241036,14871,140,1,180,5ADC2CCB,True,14871,567391,0,0,0.318380,0.000000,1953460070,24,F
2767,241216,14872,140,1,180,53F36E72,True,14872,567400,0,0,0.287636,0.000000,1953460070,24,F
2768,241396,14873,140,1,180,E886E7BB,True,14873,567400,0,0,0.287636,0.000000,1718378851,24,F
2769,241576,14882,334,1,360,B079A449,True,14882,566906,0,0,0.638633,0.000000,1600485733,10,F
2770,241936,14883,194,1,216,A24A9843,True,14883,566633,0,0,0.638633,0.000000,1701998438,6,F
2771,242152,14884,194,1,216,36641E04,True,14884,566633,0,0,0.638633,0.000000,1701998438,6,F
2772,242368,14885,194,1,216,7654E480,True,14885,566633,0,0,0.638633,0.000000,1701867637,6,F
2773,242584,14886,194,1,216,CFDFEC24,True,14886,566633,0,0,0.638633,0.000000,1701867637,6,F
2774,242800,14887,194,1,216,DAE330B2,True,14887,566633,0,0,0.638633,0.000000,1936879476,6,F
2775,243016,14888,194,1,216,1AB80595,True,14888,566758,0,0,0.638633,0.000000,1701867637,6,F
2776,243232,14889,194,1,216,98789D03,True,14889,566758,0,0,0.638633,0.000000,1936879476,6,F
2777,243448,14890,194,1,216,E67B7516,True,14890,566758,0,0,0.638633,0.000000,1701998438,6,F
2778,243664,14891,194,1,216,0F802035,True,14891,566758,0,0,0.638633,0.000000,1936879476,6,F
2779,243880,14892,194,1,216,2445428A,True,14892,566758,0,0,0.638633,0.000000,1701867637,6,F
2780,244096,14897,334,1,360,845B3899,True,14897,566906,0,0,0.638633,0.000000,1701998438,10,F
2781,244456,14902,334,1,360,A9A7B389,True,14902,566906,0,0,0.638633,0.000000,1701998438,10,F
2782,244816,14904,334,1,360,476EBAD2,True,14904,566906,0,0,0.638633,0.000000,1701867637,10,F
2783,245176,14906,382,1,432,3BAB0BB7,True,14906,566906,0,0,0.638633,0.000000,1701998438,34,F
2784,245608,14907,238,1,288,879E47C7,True,14907,566785,0,0,0.638633,0.000000,1701998438,34,F
2785,245896,14911,238,1,288,264E5C0D,True,14911,566785,0,0,0.638633,0.000000,1936879476,34,F
2786,246184,14913,276,1,324,53FDE519,True,14913,566785,0,0,0.638633,0.000000,1936879476,32,F
2787,246508,14914,276,1,324,1510A4A9,True,14914,566785,0,0,0.638633,0.000000,1684104552,32,F
2788,246832,14916,334,1,360,C2DDA36A,True,14916,566785,0,0,0.638633,0.000000,1701867637,10,F
2789,247192,14923,104,1,144,E70C27C1,True,14923,565311,0,0,0.281015,0.000000,1936879476,24,F
2790,247336,14924,104,1,144,500653C8,True,14924,566356,0,0,0.417096,0.000000,1936879476,24,F
2791,247480,14929,194,1,216,58FEBDF4,True,14929,568102,0,0,0.660241,0.000000,1701998438,6,F
2792,247696,14933,138,1,180,4E7B4561,True,14933,568240,0,0,0.553077,0.000000,1600611692,26,F
2793,247876,14938,194,1,216,68FEBAB3,True,14938,568317,0,0,0.644835,0.000000,1701998438,6,F
2794,248092,14939,138,1,180,10923EFA,True,14939,568349,0,0,0.550191,0.000000,1600611692,26,F
2795,248272,14940,102,1,144,A53777C8,True,14940,554881,0,0,0.169088,0.000000,1953460070,26,F
2796,248416,14941,102,1,144,FD5C513F,True,14941,554881,0,0,0.169088,0.000000,1953460070,26,F
2797,248560,14942,102,1,144,824B5724,True,14942,554881,0,0,0.169088,0.000000,1953460070,26,F
2798,248704,14943,102,1,144,7682FFB5,True,14943,554881,0,0,0.169088,0.000000,1953460070,26,F
2799,248848,14944,102,1,144,DAFEDFF5,True,14944,554881,0,0,0.169088,0.000000,1953460070,26,F
2800,248992,14945,102,1,144,15ECBE9A,True,14945,554896,0,0,0.133530,0.000000,1953460070,26,F
2801,249136,14946,102,1,144,AB735838,True,14946,554896,0,0,0.133530,0.000000,1953460070,26,F
2802,249280,14947,102,1,144,D798392A,True,14947,554896,0,0,0.133530,0.000000,1953460070,26,F
2803,249424,14948,102,1,144,23C1C897,True,14948,554896,0,0,0.133530,0.000000,1953460070,26,F
2804,249568,14949,102,1,144,58D7D0C0,True,14949,554896,0,0,0.133530,0.000000,1953460070,26,F
2805,249712,14959,104,1,144,2DE5548E,True,14959,548296,0,0,0.281015,0.000000,1936879476,24,F
2806,249856,14960,104,1,144,CF1C41E4,True,14960,548808,0,0,0.281015,0.000000,1936879476,24,F
2807,250000,14964,102,1,144,E639CEC7,True,14964,569005,0,0,0.147476,0.000000,1953460070,26,F
2808,250144,14965,102,1,144,10315CA7,True,14965,569005,0,0,0.147476,0.000000,1953460070,26,F
2809,250288,14966,102,1,144,07EC3C24,True,14966,569005,0,0,0.147476,0.000000,1953460070,26,F
2810,250432,14967,102,1,144,59E56747,True,14967,569005,0,0,0.147476,0.000000,1953460070,26,F
2811,250576,14968,102,1,144,136037BA,True,14968,569005,0,0,0.147476,0.000000,1953460070,26,F
2812,250720,14969,102,1,144,7C47AEA7,True,14969,569005,0,0,0.147476,0.000000,1953460070,26,F
2813,250864,14970,102,1,144,0208824E,True,14970,569005,0,0,0.147476,0.000000,1953460070,26,F
2814,251008,14971,102,1,144,00C12185,True,14971,569005,0,0,0.147476,0.000000,1953460070,26,F
2815,251152,14972,102,1,144,577D70D8,True,14972,569005,0,0,0.147476,0.000000,1953460070,26,F
2816,251296,14973,102,1,144,498CEC87,True,14973,569005,0,0,0.147476,0.000000,1953460070,26,F
2817,251440,14974,102,1,144,A8F511B9,True,14974,569005,0,0,0.147476,0.000000,1953460070,26,F
2818,251584,14975,102,1,144,829C80C6,True,14975,569005,0,0,0.147476,0.000000,1953460070,26,F
2819,251728,14977,194,1,216,CBF86734,True,14977,569070,0,0,0.652527,0.000000,1701867637,6,F
2820,251944,14979,194,1,216,D509805F,True,14979,569102,0,0,0.665576,0.000000,1701867637,6,F
2821,252160,14980,194,1,216,7E882FFE,True,14980,569102,0,0,0.665576,0.000000,1701867637,6,F
2822,252376,14981,194,1,216,A2EA072D,True,14981,569102,0,0,0.665576,0.000000,1701867637,6,F
2823,252592,14983,194,1,216,FF7572DF,True,14983,572221,0,0,0.647612,0.000000,1701867637,6,F
2824,252808,14984,194,1,216,914B8BCD,True,14984,572221,0,0,0.647612,0.000000,1701867637,6,F
2825,253024,14985,194,1,216,1B0357B9,True,14985,572221,0,0,0.647612,0.000000,1701998438,6,F
2826,253240,15008,244,1,288,0FC4198B,True,15008,574348,0,0,0.787185,0.000000,1701867637,28,F
2827,253528,15029,194,1,216,8089324C,True,15029,574649,0,0,0.651076,0.000000,1701867637,6,F
2828,253744,15030,158,1,180,00796A9B,True,15030,574649,0,0,0.651076,0.000000,1701998438,6,F
2829,253924,15031,158,1,180,9B0BD6AE,True,15031,574649,0,0,0.651076,0.000000,1701867637,6,F
2830,254104,15035,194,1,216,70E3A5A2,True,15035,574751,0,0,0.651076,0.000000,1936879476,6,F
2831,254320,15036,158,1,180,DF09B7EA,True,15036,574751,0,0,0.651076,0.000000,1701998438,6,F
2832,254500,15037,158,1,180,96EDCC65,True,15037,574751,0,0,0.651076,0.000000,1936879476,6,F
2833,254680,15039,108,1,144,54E5AFC4,True,15039,574785,0,0,0.101712,0.000000,1935764583,20,F
2834,254824,15041,108,1,144,36CD2B26,True,15041,574799,0,0,0.101712,0.000000,1935764583,20,F
2835,254968,15043,108,1,144,5301292A,True,15043,575085,0,0,0.099787,0.000000,1935764583,20,F
2836,255112,15046,108,1,144,7AF10B56,True,15046,575080,0,0,0.099787,0.000000,1935764583,20,F
2837,255256,15050,108,1,144,7855917B,True,15050,574862,0,0,0.103356,0.000000,1935764583,20,F
2838,255400,15052,108,1,144,0B820F5E,True,15052,574894,0,0,0.103356,0.000000,1935764583,20,F
2839,255544,15066,108,1,144,6557A4A2,True,15066,574828,0,0,0.091930,0.000000,1935764583,20,F
2840,255688,15067,108,1,144,7FB07227,True,15067,574828,0,0,0.091930,0.000000,1935764583,20,F
2841,255832,15068,108,1,144,A20BC58E,True,15068,574817,0,0,0.091930,0.000000,1935764583,20,F
2842,255976,15069,108,1,144,B8EC130B,True,15069,574817,0,0,0.091930,0.000000,1935764583,20,F
2843,256120,15098,66,1,108,19E973F2,True,15098,575658,0,0,0.145991,0.000000,1701011814,26,F
2844,256228,15100,66,1,108,35C1982C,True,15100,575671,0,0,0.145991,0.000000,1701011814,26,F
2845,256336,15120,104,1,144,626DB4A7,True,15120,576008,0,0,0.322124,0.000000,1718378851,24,F
2846,256480,15121,104,1,144,438E9C4C,True,15121,576008,0,0,0.322124,0.000000,1718378851,24,F
2847,256624,15122,104,1,144,A880BDD1,True,15122,576008,0,0,0.322124,0.000000,1718378851,24,F
2848,256768,15127,194,1,216,F637A53E,True,15127,549031,0,0,0.630458,0.000000,1701867637,6,F
2849,256984,15128,194,1,216,7EA91AC8,True,15128,549031,0,0,0.630458,0.000000,1701998438,6,F
2850,257200,15129,194,1,216,7C65D75F,True,15129,549031,0,0,0.630458,0.000000,1701998438,6,F
2851,257416,15130,194,1,216,552EDD24,True,15130,549031,0,0,0.630458,0.000000,1701998438,6,F
2852,257632,15131,194,1,216,E6EB3E34,True,15131,549031,0,0,0.630458,0.000000,1936879476,6,F
2853,257848,15132,194,1,216,054A24AE,True,15132,549031,0,0,0.630458,0.000000,1701867637,6,F
2854,258064,15133,194,1,216,27719A36,True,15133,549031,0,0,0.630458,0.000000,1701867637,6,F
2855,258280,15134,194,1,216,3EF15C4F,True,15134,549031,0,0,0.630458,0.000000,1701998438,6,F
2856,258496,15135,194,1,216,E7F09C96,True,15135,549031,0,0,0.630458,0.000000,1701998438,6,F
2857,258712,15136,194,1,216,D9810EDB,True,15136,549031,0,0,0.630458,0.000000,1936879476,6,F
2858,258928,15137,194,1,216,3A60F708,True,15137,549031,0,0,0.630458,0.000000,1936879476,6,F
2859,259144,15138,194,1,216,03E7CBF1,True,15138,549031,0,0,0.630458,0.000000,1701998438,6,F
2860,259360,15139,194,1,216,F165A81E,True,15139,549031,0,0,0.630458,0.000000,1701998438,6,F
2861,259576,15140,194,1,216,ADFF42B4,True,15140,549031,0,0,0.630458,0.000000,1701998438,6,F
2862,259792,15144,100,1,144,6C353EA4,True,15144,548296,0,0,0.904036,0.000000,1600611692,28,F
2863,259936,15145,100,1,144,444E799C,True,15145,548296,0,0,0.904036,0.000000,1600611692,28,F
2864,260080,15146,100,1,144,7BE2A2F4,True,15146,548296,0,0,0.904036,0.000000,1600611692,28,F
2865,260224,15147,100,1,144,B333D965,True,15147,548296,0,0,0.904036,0.000000,1600611692,28,F
2866,260368,15148,100,1,144,0CDEC75A,True,15148,548296,0,0,0.904036,0.000000,1600611692,28,F
2867,260512,15149,100,1,144,821B2053,True,15149,548296,0,0,0.904036,0.000000,1600611692,28,F
2868,260656,15150,100,1,144,B91FD9B0,True,15150,548296,0,0,0.904036,0.000000,1600611692,28,F
2869,260800,15151,100,1,144,66E3879D,True,15151,548296,0,0,0.904036,0.000000,1600611692,28,F
2870,260944,15152,100,1,144,7F72466B,True,15152,548296,0,0,0.904036,0.000000,1600611692,28,F
2871,261088,15153,100,1,144,AB683E26,True,15153,548296,0,0,0.904036,0.000000,1600611692,28,F
2872,261232,15154,100,1,144,BCC70712,True,15154,548296,0,0,0.904036,0.000000,1600611692,28,F
2873,261376,15155,100,1,144,33ED8492,True,15155,548296,0,0,0.904036,0.000000,1600611692,28,F
2874,261520,15156,100,1,144,94703E91,True,15156,548296,0,0,0.904036,0.000000,1600611692,28,F
2875,261664,15157,100,1,144,A03F8F73,True,15157,548296,0,0,0.904036,0.000000,1600611692,28,F
2876,261808,15158,100,1,144,E2B2229D,True,15158,548296,0,0,0.904036,0.000000,1600611692,28,F
2877,261952,15159,100,1,144,00621D9B,True,15159,548296,0,0,0.904036,0.000000,1600611692,28,F
2878,262096,15160,104,1,144,D0A3B439,True,15160,548296,0,0,0.908470,0.000000,1936879476,24,F
2879,262240,15161,104,1,144,4ECCE2B7,True,15161,548296,0,0,0.908470,0.000000,1936879476,24,F
2880,262384,15163,104,1,144,F6BDF3A2,True,15163,548296,0,0,0.908470,0.000000,1936879476,24,F
2881,262528,15164,104,1,144,FA3E93BC,True,15164,548296,0,0,0.908470,0.000000,1936879476,24,F
2882,262672,15165,104,1,144,15F60D3A,True,15165,548296,0,0,0.908470,0.000000,1936879476,24,F
2883,262816,15166,104,1,144,FD8E75D7,True,15166,548296,0,0,0.908470,0.000000,1936879476,24,F
2884,262960,15167,104,1,144,5494077E,True,15167,548296,0,0,0.908470,0.000000,1936879476,24,F
2885,263104,15168,104,1,144,34DB6747,True,15168,548296,0,0,0.908470,0.000000,1936879476,24,F
2886,263248,15169,104,1,144,9C7E7970,True,15169,548296,0,0,0.908470,0.000000,1936879476,24,F
2887,263392,15170,104,1,144,28388697,True,15170,548296,0,0,0.908470,0.000000,1936879476,24,F
2888,263536,15171,104,1,144,A460A3A5,True,15171,548296,0,0,0.908470,0.000000,1936879476,24,F
2889,263680,15172,104,1,144,79EDA43B,True,15172,548296,0,0,0.908470,0.000000,1936879476,24,F
2890,263824,15173,104,1,144,D79516D6,True,15173,548296,0,0,0.908470,0.000000,1936879476,24,F
2891,263968,15174,104,1,144,1573BF0F,True,15174,548296,0,0,0.908470,0.000000,1936879476,24,F
2892,264112,15175,104,1,144,1CE01368,True,15175,548296,0,0,0.908470,0.000000,1936879476,24,F
2893,264256,15176,104,1,144,5BE952AE,True,15176,548296,0,0,0.908470,0.000000,1936879476,24,F
2894,264400,15215,100,1,144,2C6AFE14,True,15215,548808,0,0,0.911531,0.000000,1600611692,28,F
2895,264544,15216,100,1,144,8D05A9B2,True,15216,548808,0,0,0.911531,0.000000,1600611692,28,F
2896,264688,15217,100,1,144,CC3B2E8D,True,15217,548808,0,0,0.911531,0.000000,1600611692,28,F
2897,264832,15218,100,1,144,7A650D2F,True,15218,548808,0,0,0.911531,0.000000,1600611692,28,F
2898,264976,15219,100,1,144,9ADB5F8C,True,15219,548808,0,0,0.911531,0.000000,1600611692,28,F
2899,265120,15220,100,1,144,D51C08AE,True,15220,548808,0,0,0.911531,0.000000,1600611692,28,F
2900,265264,15221,100,1,144,F88DA6CE,True,15221,548808,0,0,0.911531,0.000000,1600611692,28,F
2901,265408,15222,100,1,144,410944A8,True,15222,548808,0,0,0.911531,0.000000,1600611692,28,F
2902,265552,15223,100,1,144,FF7377C5,True,15223,548808,0,0,0.911531,0.000000,1600611692,28,F
2903,265696,15224,100,1,144,85479330,True,15224,548808,0,0,0.911531,0.000000,1600611692,28,F
2904,265840,15225,100,1,144,FE493361,True,15225,548808,0,0,0.911531,0.000000,1600611692,28,F
2905,265984,15226,100,1,144,B93E0E66,True,15226,548808,0,0,0.911531,0.000000,1600611692,28,F
2906,266128,15227,100,1,144,E400ACFC,True,15227,548808,0,0,0.911531,0.000000,1600611692,28,F
2907,266272,15231,194,1,216,A0185286,True,15231,546718,0,0,0.650112,0.000000,1701998438,6,F
2908,266488,15232,194,1,216,524FAA4C,True,15232,546718,0,0,0.650112,0.000000,1701998438,6,F
2909,266704,15233,194,1,216,712E4D25,True,15233,546718,0,0,0.650112,0.000000,1701998438,6,F
2910,266920,15234,194,1,216,18F404FA,True,15234,546718,0,0,0.650112,0.000000,1701998438,6,F
2911,267136,15235,194,1,216,EE548BB8,True,15235,546718,0,0,0.650112,0.000000,1701998438,6,F
2912,267352,15236,194,1,216,1EEC5632,True,15236,546718,0,0,0.650112,0.000000,1701998438,6,F
2913,267568,15237,194,1,216,1197527E,True,15237,546718,0,0,0.650112,0.000000,1701998438,6,F
2914,267784,15238,194,1,216,FA858606,True,15238,546718,0,0,0.650112,0.000000,1701998438,6,F
2915,268000,15239,194,1,216,12B18E62,True,15239,546718,0,0,0.650112,0.000000,1701998438,6,F
2916,268216,15240,194,1,216,0B099D49,True,15240,546718,0,0,0.650112,0.000000,1701867637,6,F
2917,268432,15241,194,1,216,48B323B8,True,15241,546718,0,0,0.650112,0.000000,1701998438,6,F
2918,268648,15242,194,1,216,1F7A364F,True,15242,546718,0,0,0.650112,0.000000,1701998438,6,F
2919,268864,15243,194,1,216,5B412BC5,True,15243,546718,0,0,0.650112,0.000000,1936879476,6,F
2920,269080,15244,194,1,216,919651A7,True,15244,546718,0,0,0.650112,0.000000,1701867637,6,F
2921,269296,15248,230,1,252,6D8C61E0,True,15248,577197,0,0,0.758176,0.000000,1936879476,6,F
2922,269548,15250,194,1,216,BD91B69B,True,15250,549031,0,0,0.630458,0.000000,1936879476,6,F
2923,269764,15251,194,1,216,4692D34A,True,15251,549031,0,0,0.630458,0.000000,1936879476,6,F
2924,269980,15252,194,1,216,F517EACF,True,15252,549031,0,0,0.630458,0.000000,1936879476,6,F
2925,270196,15253,194,1,216,4485D60E,True,15253,549031,0,0,0.630458,0.000000,1936879476,6,F
2926,270412,15254,194,1,216,20CC13EF,True,15254,549031,0,0,0.630458,0.000000,1936879476,6,F
2927,270628,15255,194,1,216,920B80F2,True,15255,549031,0,0,0.630458,0.000000,1936879476,6,F
2928,270844,15256,194,1,216,24B62BA8,True,15256,549031,0,0,0.630458,0.000000,1936879476,6,F
2929,271060,15257,194,1,216,32BA47B6,True,15257,549031,0,0,0.630458,0.000000,1936879476,6,F
2930,271276,15258,194,1,216,7444D71E,True,15258,549031,0,0,0.630458,0.000000,1936879476,6,F
2931,271492,15259,194,1,216,F5AF9B63,True,15259,549031,0,0,0.630458,0.000000,1936879476,6,F
2932,271708,15260,194,1,216,94D9ACF4,True,15260,549031,0,0,0.630458,0.000000,1936879476,6,F
2933,271924,15261,194,1,216,F85B212D,True,15261,549031,0,0,0.630458,0.000000,1936879476,6,F
2934,272140,15262,194,1,216,7A0968D7,True,15262,549031,0,0,0.630458,0.000000,1936879476,6,F
2935,272356,15263,194,1,216,EE3AF8B1,True,15263,549031,0,0,0.630458,0.000000,1701998438,6,F
2936,272572,15264,194,1,216,4A078930,True,15264,549031,0,0,0.630458,0.000000,1701998438,6,F
2937,272788,15265,194,1,216,41DF433C,True,15265,549031,0,0,0.630458,0.000000,1701998438,6,F
2938,273004,15266,194,1,216,E5E3C1D1,True,15266,549031,0,0,0.630458,0.000000,1701998438,6,F
2939,273220,15267,194,1,216,8974AD10,True,15267,549031,0,0,0.630458,0.000000,1701998438,6,F
2940,273436,15268,194,1,216,D46744BA,True,15268,549031,0,0,0.630458,0.000000,1701998438,6,F
2941,273652,15269,194,1,216,74107D5F,True,15269,549031,0,0,0.630458,0.000000,1701998438,6,F
2942,273868,15270,194,1,216,5ED2B883,True,15270,549031,0,0,0.630458,0.000000,1701998438,6,F
2943,274084,15271,194,1,216,3AEFBCD5,True,15271,549031,0,0,0.630458,0.000000,1701998438,6,F
2944,274300,15272,194,1,216,E08CE45A,True,15272,549031,0,0,0.630458,0.000000,1701867637,6,F
2945,274516,15273,194,1,216,747981AD,True,15273,549031,0,0,0.630458,0.000000,1701867637,6,F
2946,274732,15274,194,1,216,35182E96,True,15274,549031,0,0,0.630458,0.000000,1701867637,6,F
2947,274948,15275,194,1,216,AE6736B0,True,15275,549031,0,0,0.630458,0.000000,1701867637,6,F
2948,275164,15276,194,1,216,92851690,True,15276,549031,0,0,0.630458,0.000000,1936879476,6,F
2949,275380,15277,230,1,252,941F463C,True,15277,577197,0,0,0.758176,0.000000,1701867637,6,F
2950,275632,15278,194,1,216,A57C32A4,True,15278,546718,0,0,0.650112,0.000000,1701998438,6,F
2951,275848,15279,194,1,216,8A7E7C21,True,15279,546718,0,0,0.650112,0.000000,1701998438,6,F
2952,276064,15280,194,1,216,A3EADC90,True,15280,546718,0,0,0.650112,0.000000,1701998438,6,F
2953,276280,15281,194,1,216,1278E051,True,15281,546718,0,0,0.650112,0.000000,1701998438,6,F
2954,276496,15282,194,1,216,763125B0,True,15282,546718,0,0,0.650112,0.000000,1701998438,6,F
2955,276712,15283,194,1,216,C4F6B6AD,True,15283,546718,0,0,0.650112,0.000000,1701998438,6,F
2956,276928,15284,194,1,216,FE9471E8,True,15284,546718,0,0,0.650112,0.000000,1701998438,6,F
2957,277144,15285,194,1,216,06696D77,True,15285,546718,0,0,0.650112,0.000000,1936879476,6,F
2958,277360,15286,194,1,216,AE668D5E,True,15286,546718,0,0,0.650112,0.000000,1701998438,6,F
2959,277576,15287,194,1,216,2F8DC123,True,15287,546718,0,0,0.650112,0.000000,1701998438,6,F
2960,277792,15288,194,1,216,FA422615,True,15288,546718,0,0,0.650112,0.000000,1701998438,6,F
2961,278008,15289,194,1,216,2F51C45F,True,15289,546718,0,0,0.650112,0.000000,1701998438,6,F
2962,278224,15290,194,1,216,5E9C3319,True,15290,546718,0,0,0.650112,0.000000,1701998438,6,F
2963,278440,15291,194,1,216,1C9A689C,True,15291,546718,0,0,0.650112,0.000000,1701998438,6,F
2964,278656,15292,194,1,216,1AD7DC1E,True,15292,546718,0,0,0.650112,0.000000,1701998438,6,F
2965,278872,15293,194,1,216,4121A86D,True,15293,546718,0,0,0.650112,0.000000,1701998438,6,F
2966,279088,15294,194,1,216,67C4E3EB,True,15294,546718,0,0,0.650112,0.000000,1701998438,6,F
2967,279304,15295,194,1,216,CFB2AD5C,True,15295,546718,0,0,0.650112,0.000000,1701998438,6,F
2968,279520,15296,194,1,216,7BE23A34,True,15296,546718,0,0,0.650112,0.000000,1701998438,6,F
2969,279736,15297,194,1,216,8E1336AC,True,15297,546718,0,0,0.650112,0.000000,1701998438,6,F
2970,279952,15298,194,1,216,512D70A7,True,15298,546718,0,0,0.650112,0.000000,1701998438,6,F
2971,280168,15299,194,1,216,CDEFE997,True,15299,546718,0,0,0.650112,0.000000,1701998438,6,F
2972,280384,15300,194,1,216,D1CA5EEA,True,15300,546718,0,0,0.650112,0.000000,1701998438,6,F
2973,280600,15301,194,1,216,0D9C826A,True,15301,546718,0,0,0.650112,0.000000,1701998438,6,F
2974,280816,15302,194,1,216,13BE86D4,True,15302,546718,0,0,0.650112,0.000000,1701867637,6,F
2975,281032,15303,194,1,216,76B0DE05,True,15303,546718,0,0,0.650112,0.000000,1701998438,6,F
2976,281248,15304,194,1,216,87AE12FE,True,15304,546718,0,0,0.650112,0.000000,1701867637,6,F
2977,281464,15305,194,1,216,D4449D46,True,15305,549031,0,0,0.630469,0.000000,1936879476,6,F
2978,281680,15398,100,1,144,82662B04,True,15398,567157,0,0,0.308905,0.000000,1600611692,28,F
2979,281824,15399,100,1,144,AA27EC80,True,15399,567157,0,0,0.308905,0.000000,1600611692,28,F
2980,281968,15400,100,1,144,3709B907,True,15400,567157,0,0,0.308905,0.000000,1600611692,28,F
2981,282112,15401,100,1,144,2D2F5022,True,15401,567157,0,0,0.308905,0.000000,1600611692,28,F
2982,282256,15402,100,1,144,F67906C9,True,15402,567157,0,0,0.308905,0.000000,1600611692,28,F
2983,282400,15403,100,1,144,7FBF95CE,True,15403,567157,0,0,0.308905,0.000000,1600611692,28,F
2984,282544,15404,100,1,144,3A7B02AE,True,15404,567157,0,0,0.308905,0.000000,1600611692,28,F
2985,282688,15405,100,1,144,A67BBED2,True,15405,567157,0,0,0.308905,0.000000,1600611692,28,F
2986,282832,15406,100,1,144,0C0442B4,True,15406,567157,0,0,0.308905,0.000000,1600611692,28,F
2987,282976,15407,100,1,144,EC8CE533,True,15407,567157,0,0,0.308905,0.000000,1600611692,28,F
2988,283120,15408,100,1,144,34A92E39,True,15408,567157,0,0,0.308905,0.000000,1600611692,28,F
2989,283264,15416,244,1,288,D06A122E,True,15416,574348,0,0,0.787185,0.000000,1701998438,28,F
2990,283552,15437,194,1,216,4EC6A62D,True,15437,569070,0,0,0.652527,0.000000,1701867637,6,F
2991,283768,15481,66,1,108,7761F60D,True,15481,581572,0,0,0.213222,0.000000,1701011814,26,F
2992,283876,15485,66,1,108,CE64059C,True,15485,581676,0,0,0.127172,0.000000,1701011814,26,F
2993,283984,15488,66,1,108,EC7B8BF4,True,15488,581688,0,0,0.192712,0.000000,1701011814,26,F
2994,284092,15489,66,1,108,E2EBAE18,True,15489,581691,0,0,0.118803,0.000000,1701011814,26,F
2995,284200,15640,138,1,180,5161DAFF,True,15640,549229,0,0,0.533030,0.000000,1600611692,26,F
2996,284380,15641,138,1,180,7BE2864C,True,15641,549164,0,0,0.523710,0.000000,1718378851,26,F
2997,284560,15850,108,1,144,2650F61C,True,15850,584739,0,0,0.189478,0.000000,1684104552,20,F
2998,284704,15851,108,1,144,EBCCAADE,True,15851,584744,0,0,0.204685,0.000000,1684104552,20,F
2999,284848,15936,102,1,144,BF258F4C,True,15936,586184,0,0,0.793666,0.000000,1684955496,26,F
3000,284992,15940,102,1,144,D4AC311D,True,15940,586272,0,0,0.748592,0.000000,1684955496,26,F
3001,285136,16075,149,1,180,2F3589F3,True,16075,586272,0,0,0.748592,0.000000,1684955496,15,F
3002,285316,16076,102,1,144,F6E22947,True,16076,586184,0,0,0.793666,0.000000,1684955496,26,F
3003,285460,16122,100,1,144,7C2C5C71,True,16122,588768,0,0,0.308905,0.000000,1600611692,28,F
3004,285604,16123,100,1,144,36864405,True,16123,588768,0,0,0.308905,0.000000,1600611692,28,F
3005,285748,16130,72,1,108,68275CA4,True,16130,552681,0,0,0.183590,0.000000,1684104552,20,F
3006,285856,16131,72,1,108,91101AD3,True,16131,552685,0,0,0.202267,0.000000,1684104552,20,F
3007,285964,16141,524,1,540,9C3FB286,True,16141,548296,0,0,0.867109,0.000000,1701867637,0,F
3008,286504,16142,524,1,540,A62B1E7C,True,16142,548296,0,0,0.867109,0.000000,1701867637,0,F
3009,287044,16143,176,1,216,9248822A,True,16143,591011,0,0,0.545479,0.000000,1600611692,24,F
3010,287260,16144,176,1,216,1F509F0B,True,16144,591011,0,0,0.545479,0.000000,1600611692,24,F
3011,287476,16145,154,1,180,C109D68D,True,16145,591087,0,0,0.483496,0.000000,1936879476,10,F
3012,287656,16165,114,1,144,473A7BD8,True,16165,591167,0,0,0.262265,0.000000,1936879476,14,F
3013,287800,16233,100,1,144,721F7CE6,True,16233,566380,0,0,0.305308,0.000000,1600611692,28,F
3014,287944,16235,100,1,144,A989E4CA,True,16235,566623,0,0,0.309727,0.000000,1600611692,28,F
3015,288088,16236,194,1,216,831CD6AC,True,16236,546718,0,0,0.650112,0.000000,1701867637,6,F
3016,288304,16237,194,1,216,47609025,True,16237,549031,0,0,0.630458,0.000000,1936879476,6,F
3017,288520,16238,178,1,216,45A9ED8E,True,16238,565556,0,0,0.785204,0.000000,1936879476,22,F
3018,288736,16239,158,1,180,6A2AE210,True,16239,574751,0,0,0.651076,0.000000,1936879476,6,F
3019,288916,16240,158,1,180,ECB4438E,True,16240,574649,0,0,0.651076,0.000000,1701867637,6,F
3020,289096,16281,108,1,144,B298CCCC,True,16281,591990,0,0,0.099582,0.000000,1935764583,20,F
3021,289240,16282,72,1,108,0F2F3B8F,True,16282,591983,0,0,0.108187,0.000000,1935764583,20,F
3022,289348,16283,72,1,108,F67B1FC6,True,16283,591984,0,0,0.118912,0.000000,1935764583,20,F
3023,289456,16284,108,1,144,3340C688,True,16284,591982,0,0,0.099582,0.000000,1935764583,20,F
3024,289600,16285,72,1,108,444C46EF,True,16285,591985,0,0,0.108187,0.000000,1935764583,20,F
3025,289708,16286,72,1,108,47B53885,True,16286,591986,0,0,0.118912,0.000000,1935764583,20,F
3026,289816,16288,108,1,144,7827D5FF,True,16288,591995,0,0,0.138544,0.000000,1684104552,20,F
3027,289960,16289,108,1,144,5CA3287D,True,16289,591994,0,0,0.151372,0.000000,1684104552,20,F
3028,290104,16290,72,1,108,B4943FC9,True,16290,591797,0,0,0.161129,0.000000,1935764583,20,F
3029,290212,16291,72,1,108,0E158742,True,16291,591783,0,0,0.191194,0.000000,1935764583,20,F
3030,290320,16292,72,1,108,F11A1B51,True,16292,591842,0,0,0.056936,0.000000,1935764583,20,F
3031,290428,16294,72,1,108,B6DA1686,True,16294,591808,0,0,0.158465,0.000000,1935764583,20,F
3032,290536,16295,72,1,108,A43D91AF,True,16295,591807,0,0,0.154860,0.000000,1935764583,20,F
3033,290644,16296,72,1,108,11039AF9,True,16296,591806,0,0,0.057074,0.000000,1935764583,20,F
3034,290752,16297,66,1,108,94D5AE69,True,16297,591775,0,0,0.129616,0.000000,1701011814,26,F
3035,290860,16298,66,1,108,BF1BF973,True,16298,591779,0,0,0.128328,0.000000,1701011814,26,F
3036,290968,16299,66,1,108,9B33AA3F,True,16299,591778,0,0,0.255182,0.000000,1701011814,26,F
3037,291076,16300,72,1,108,6DE6AD6E,True,16300,591782,0,0,0.129616,0.000000,1935764583,20,F
3038,291184,16301,72,1,108,898F9A2D,True,16301,591781,0,0,0.121873,0.000000,1935764583,20,F
3039,291292,16302,72,1,108,F1B3B365,True,16302,591780,0,0,0.208728,0.000000,1935764583,20,F
3040,291400,16303,488,1,504,6853074B,True,16303,591766,0,0,0.908351,0.000000,1718378851,0,F
3041,291904,16306,102,1,144,B92D05D3,True,16306,591977,0,0,0.749752,0.000000,1684955496,26,F
3042,292048,16307,102,1,144,8036EF18,True,16307,591974,0,0,0.790013,0.000000,1684955496,26,F
3043,292192,16311,108,1,144,8951FDC1,True,16311,592121,0,0,0.210010,0.000000,1935764583,20,F
3044,292336,16312,108,1,144,5BBD47E1,True,16312,592060,0,0,0.224205,0.000000,1935764583,20,F
3045,292480,16313,390,1,432,E093963B,True,16313,591774,0,0,0.862429,0.000000,1936879476,26,F
3046,292912,16314,72,1,108,B304C49C,True,16314,591812,0,0,0.121946,0.000000,1684104552,20,F
3047,293020,16315,72,1,108,BB52CE7C,True,16315,591813,0,0,0.101440,0.000000,1684104552,20,F
3048,293128,16316,72,1,108,34C9C6F0,True,16316,591816,0,0,0.106225,0.000000,1684104552,20,F
3049,293236,16317,72,1,108,921C4FFE,True,16317,591819,0,0,0.027249,0.000000,1684104552,20,F
3050,293344,16318,72,1,108,51E7922C,True,16318,591820,0,0,0.084440,0.000000,1684104552,20,F
3051,293452,16320,72,1,108,337B9698,True,16320,592169,0,0,0.039340,0.000000,1684104552,20,F
3052,293560,16321,68,1,108,EDCD88D9,True,16321,592186,0,0,3.038290,0.000000,1918985570,24,F
3053,293668,16333,108,1,144,ADC3A9E1,True,16333,550044,0,0,0.202267,0.000000,1684104552,20,F
3054,293812,16334,268,1,288,0DD2A89D,True,16334,592274,0,0,0.760286,0.000000,1718378851,4,F
3055,294100,16368,78,1,108,D3EA9F35,True,16368,592165,0,0,0.650431,0.000000,1936879476,14,F
3056,294208,16369,78,1,108,80B73CDA,True,16369,592162,0,0,0.561350,0.000000,1936879476,14,F
3057,294316,16374,72,1,108,DC7D8751,True,16374,591971,0,0,0.125261,0.000000,1935764583,20,F
3058,294424,16375,72,1,108,93947DF2,True,16375,591969,0,0,0.131828,0.000000,1935764583,20,F
3059,294532,16376,78,1,108,5DF0D511,True,16376,592565,0,0,0.679709,0.000000,1936879476,14,F
3060,294640,16377,78,1,108,D5DE37DE,True,16377,592572,0,0,0.580438,0.000000,1936879476,14,F
3061,294748,16378,72,1,108,A0C20B57,True,16378,592577,0,0,3.035880,0.000000,1935764583,20,F
3062,294856,16379,72,1,108,849AC454,True,16379,592580,0,0,0.327137,0.000000,1935764583,20,F
3063,294964,16380,72,1,108,F19C177A,True,16380,592583,0,0,0.082539,0.000000,1935764583,20,F
3064,295072,16381,72,1,108,A40348C6,True,16381,592584,0,0,0.394503,0.000000,1935764583,20,F
3065,295180,16382,110,1,144,297C09CA,True,16382,592605,0,0,0.229253,0.000000,1701011814,18,F
3066,295324,16412,194,1,216,7DDFCC8E,True,16412,551564,0,0,0.655615,0.000000,1701998438,6,F
3067,295540,16413,194,1,216,804027A6,True,16413,551551,0,0,0.636253,0.000000,1936879476,6,F
3068,295756,16414,138,1,180,4EDF272B,True,16414,549229,0,0,0.533030,0.000000,1600611692,26,F
3069,295936,16415,138,1,180,25AE7706,True,16415,549164,0,0,0.523710,0.000000,1718378851,26,F
3070,296116,11523,120,1,144,43F9B57D,True,11523,579284,0,0,0.911531,0.000000,1684104552,8,F
3071,296260,11554,120,1,144,40CDB6BC,True,11554,579289,0,0,0.911531,0.000000,1684104552,8,F
3072,296404,11658,120,1,144,20766196,True,11658,552261,0,0,0.136633,0.000000,1684104552,8,F
3073,296548,11659,120,1,144,230C8A55,True,11659,577901,0,0,0.911531,0.000000,1684104552,8,F
3074,296692,11660,120,1,144,33EF752B,True,11660,573792,0,0,0.911531,0.000000,1684104552,8,F
3075,296836,11661,120,1,144,5F3CEDB2,True,11661,579866,0,0,0.911531,0.000000,1684104552,8,F
3076,296980,11662,120,1,144,1CD4327F,True,11662,578441,0,0,0.911531,0.000000,1684104552,8,F
3077,297124,11663,120,1,144,A7EB756A,True,11663,580079,0,0,0.911531,0.000000,1684104552,8,F
3078,297268,11664,120,1,144,49A887D2,True,11664,579810,0,0,0.911531,0.000000,1684104552,8,F
3079,297412,11665,120,1,144,5439DE94,True,11665,580140,0,0,0.911531,0.000000,1684104552,8,F
3080,297556,11666,120,1,144,554F7B38,True,11666,579821,0,0,0.911531,0.000000,1684104552,8,F
3081,297700,11667,120,1,144,09416183,True,11667,580098,0,0,0.911531,0.000000,1684104552,8,F
3082,297844,11668,120,1,144,9882E262,True,11668,579840,0,0,0.911531,0.000000,1684104552,8,F
3083,297988,11669,120,1,144,91092450,True,11669,580185,0,0,0.911531,0.000000,1684104552,8,F
3084,298132,11670,120,1,144,A9B96460,True,11670,579853,0,0,0.911531,0.000000,1684104552,8,F
3085,298276,11671,120,1,144,FE1A7435,True,11671,580207,0,0,0.911531,0.000000,1684104552,8,F
3086,298420,11672,120,1,144,9D3F421E,True,11672,580110,0,0,0.911531,0.000000,1684104552,8,F
3087,298564,11673,120,1,144,2A943BC7,True,11673,580224,0,0,0.911531,0.000000,1684104552,8,F
3088,298708,11674,28,1,72,6E4F2449,True,11674,579289,0,0,0.911531,0.000000,0,28,F
3089,298780,11675,28,1,72,55D41E92,True,11675,579284,0,0,0.911531,0.000000,0,28,F
3090,298852,15581,120,1,144,AE679762,True,15581,582045,0,0,0.131018,0.000000,1684104552,8,F
3091,298996,15582,120,1,144,9C952E53,True,15582,581963,0,0,0.142282,0.000000,1684104552,8,F
3092,299140,15583,120,1,144,86EC7F08,True,15583,582064,0,0,0.170937,0.000000,1684104552,8,F
3093,299284,15584,120,1,144,24F84F2F,True,15584,581970,0,0,0.160921,0.000000,1684104552,8,F
3094,299428,15585,120,1,144,1954C945,True,15585,581977,0,0,0.160921,0.000000,1684104552,8,F
3095,299572,15586,120,1,144,B6DD34AA,True,15586,581984,0,0,0.110675,0.000000,1684104552,8,F
3096,299716,15587,120,1,144,11E88634,True,15587,581991,0,0,0.167995,0.000000,1684104552,8,F
3097,299860,15588,120,1,144,30C7201D,True,15588,582101,0,0,0.206565,0.000000,1684104552,8,F
3098,300004,15589,120,1,144,2765FCE2,True,15589,582368,0,0,0.216699,0.000000,1684104552,8,F
3099,300148,15590,120,1,144,BEFC63D0,True,15590,582381,0,0,0.207186,0.000000,1684104552,8,F
3100,300292,15591,120,1,144,D1E8D9A0,True,15591,582114,0,0,0.194927,0.000000,1684104552,8,F
3101,300436,15592,120,1,144,A2A9636E,True,15592,582127,0,0,0.162615,0.000000,1684104552,8,F
3102,300580,15593,120,1,144,8DFC0C10,True,15593,582144,0,0,0.222161,0.000000,1684104552,8,F
3103,300724,15594,120,1,144,6F7534A1,True,15594,582198,0,0,0.159883,0.000000,1684104552,8,F
3104,300868,15595,120,1,144,1337B310,True,15595,582549,0,0,0.191299,0.000000,1684104552,8,F
3105,301012,15596,120,1,144,4A9DAF77,True,15596,582210,0,0,0.169617,0.000000,1684104552,8,F
3106,301156,15597,120,1,144,1E89E908,True,15597,582223,0,0,0.206450,0.000000,1684104552,8,F
3107,301300,15598,120,1,144,670807A7,True,15598,582235,0,0,0.120201,0.000000,1684104552,8,F
3108,301444,15599,120,1,144,657945C4,True,15599,582335,0,0,0.144039,0.000000,1684104552,8,F
3109,301588,15600,120,1,144,C3CBF8C1,True,15600,582354,0,0,0.154130,0.000000,1684104552,8,F
3110,301732,15601,120,1,144,D224FF56,True,15601,582247,0,0,0.217221,0.000000,1684104552,8,F
3111,301876,15602,120,1,144,24A3541C,True,15602,582252,0,0,0.146345,0.000000,1684104552,8,F
3112,302020,15603,120,1,144,10DF01DE,True,15603,582262,0,0,0.169068,0.000000,1684104552,8,F
3113,302164,15604,120,1,144,5C1B830A,True,15604,582268,0,0,0.185259,0.000000,1684104552,8,F
3114,302308,15605,120,1,144,47CA2904,True,15605,582275,0,0,0.137745,0.000000,1684104552,8,F
3115,302452,15606,120,1,144,D702F98D,True,15606,582286,0,0,0.223894,0.000000,1684104552,8,F
3116,302596,15607,120,1,144,D92E7288,True,15607,582293,0,0,0.242964,0.000000,1684104552,8,F
3117,302740,15608,120,1,144,81D8B814,True,15608,582299,0,0,0.205407,0.000000,1684104552,8,F
3118,302884,15609,120,1,144,74F25E42,True,15609,582307,0,0,0.157560,0.000000,1684104552,8,F
3119,303028,15610,120,1,144,A6D3F4F0,True,15610,582314,0,0,0.199629,0.000000,1684104552,8,F
3120,303172,15611,120,1,144,330279D4,True,15611,582323,0,0,0.113508,0.000000,1684104552,8,F
3121,303316,15612,120,1,144,B5F792F6,True,15612,582330,0,0,0.157354,0.000000,1684104552,8,F
3122,303460,15613,120,1,144,AC245A16,True,15613,582424,0,0,0.121702,0.000000,1684104552,8,F
3123,303604,15614,120,1,144,600670A1,True,15614,582435,0,0,0.162886,0.000000,1684104552,8,F
3124,303748,15615,120,1,144,51DF5191,True,15615,582436,0,0,0.150053,0.000000,1684104552,8,F
3125,303892,15616,120,1,144,C29985D5,True,15616,582443,0,0,0.186909,0.000000,1684104552,8,F
3126,304036,15617,120,1,144,C6921F47,True,15617,582448,0,0,0.177782,0.000000,1684104552,8,F
3127,304180,15618,120,1,144,A2F4DDC0,True,15618,582576,0,0,0.145136,0.000000,1684104552,8,F
3128,304324,15619,120,1,144,5DCF4F34,True,15619,579284,0,0,0.115130,0.000000,1684104552,8,F
3129,304468,15620,120,1,144,8DB98A15,True,15620,582722,0,0,0.125829,0.000000,1684104552,8,F
3130,304612,16319,120,1,144,450F9D75,True,16319,592127,0,0,0.142332,0.000000,1684104552,8,F
3131,304756,16322,120,1,144,C36F845B,True,16322,592129,0,0,0.171758,0.000000,1684104552,8,F
3132,304900,16323,120,1,144,E9B15B07,True,16323,592128,0,0,0.142332,0.000000,1684104552,8,F
3133,305044,16324,120,1,144,163A8D4E,True,16324,591840,0,0,0.188893,0.000000,1684104552,8,F
3134,305188,16325,120,1,144,64D73E11,True,16325,591847,0,0,0.128177,0.000000,1684104552,8,F
3135,305332,16326,120,1,144,AC9A6C32,True,16326,592124,0,0,0.180135,0.000000,1684104552,8,F
3136,305476,16410,120,1,144,2B490E31,True,16410,592715,0,0,0.142332,0.000000,1684104552,8,F
3137,305620,16411,120,1,144,F8AF89ED,True,16411,592719,0,0,0.911531,0.000000,1684104552,8,F
3138,305764,11524,64,1,108,2082731A,True,11524,548808,0,0,0.911531,0.000000,1600485733,28,F
3139,305872,11525,64,1,108,6A9CA2D2,True,11525,548808,0,0,0.911531,0.000000,1600485733,28,F
3140,305980,11526,64,1,108,21072F31,True,11526,548808,0,0,0.911531,0.000000,1600485733,28,F
3141,306088,11550,64,1,108,3445FA61,True,11550,548808,0,0,0.911531,0.000000,1600485733,28,F
3142,306196,11551,64,1,108,BAC52AE9,True,11551,548808,0,0,0.911531,0.000000,1600485733,28,F
3143,306304,11552,64,1,108,783C82EF,True,11552,548808,0,0,0.911531,0.000000,1600485733,28,F
3144,306412,11553,64,1,108,CBC60781,True,11553,548296,0,0,0.911531,0.000000,1600485733,28,F
3145,306520,11614,64,1,108,DAE68E4A,True,11614,548296,0,0,0.911531,0.000000,1600485733,28,F
3146,306628,11615,64,1,108,54665EC2,True,11615,548296,0,0,0.911531,0.000000,1600485733,28,F
3147,306736,11616,64,1,108,BDE3A980,True,11616,548296,0,0,0.911531,0.000000,1600485733,28,F
3148,306844,11617,64,1,108,33637908,True,11617,548296,0,0,0.911531,0.000000,1600485733,28,F
3149,306952,11618,64,1,108,7B930ED1,True,11618,548296,0,0,0.911531,0.000000,1600485733,28,F
3150,307060,16100,64,1,108,578388FA,True,16100,548296,0,0,0.911531,0.000000,1600485733,28,F
3151,307168,16101,64,1,108,66943712,True,16101,548296,0,0,0.911531,0.000000,1600485733,28,F
3152,307276,16102,64,1,108,BBECB28F,True,16102,548296,0,0,0.911531,0.000000,1600485733,28,F
3153,307384,16103,64,1,108,356C6207,True,16103,548296,0,0,0.911531,0.000000,1600485733,28,F
3154,307492,16104,64,1,108,5CCCDB85,True,16104,548808,0,0,0.911531,0.000000,1600485733,28,F
3155,307600,16105,64,1,108,73BCB4BA,True,16105,548808,0,0,0.911531,0.000000,1600485733,28,F
3156,307708,16106,64,1,108,9ABC7CD4,True,16106,548808,0,0,0.911531,0.000000,1600485733,28,F
3157,307816,16107,64,1,108,D7CA8D5C,True,16107,548808,0,0,0.911531,0.000000,1600485733,28,F
3158,307924,16108,64,1,108,D46B706C,True,16108,548296,0,0,0.911531,0.000000,1600485733,28,F
3159,308032,16109,64,1,108,7999E256,True,16109,548296,0,0,0.911531,0.000000,1600485733,28,F
3160,308140,16110,64,1,108,3169958F,True,16110,548296,0,0,0.911531,0.000000,1600485733,28,F
3161,308248,16111,64,1,108,9C9B07B5,True,16111,548296,0,0,0.911531,0.000000,1600485733,28,F
3162,308356,16112,64,1,108,9C69F70E,True,16112,548296,0,0,0.911531,0.000000,1600485733,28,F
3163,308464,16113,64,1,108,12E92786,True,16113,548296,0,0,0.911531,0.000000,1600485733,28,F
3164,308572,16115,64,1,108,217A3AD4,True,16115,548808,0,0,0.911531,0.000000,1600485733,28,F
3165,308680,16116,64,1,108,7ED4A231,True,16116,548808,0,0,0.911531,0.000000,1600485733,28,F
3166,308788,16117,64,1,108,1AD634A7,True,16117,548808,0,0,0.911531,0.000000,1600485733,28,F
3167,308896,16118,64,1,108,FDD6ACF1,True,16118,548808,0,0,0.911531,0.000000,1600485733,28,F
3168,309004,16119,64,1,108,55983085,True,16119,548808,0,0,0.911531,0.000000,1600485733,28,F
3169,309112,16120,64,1,108,EDCB78DF,True,16120,548808,0,0,0.911531,0.000000,1600485733,28,F
3170,309220,11629,47,1,72,5C5B0842,True,11629,548808,0,0,0.912513,0.000000,1701011814,9,F
3171,309292,11630,47,1,72,C6B9D6F8,True,11630,548296,0,0,0.867109,0.000000,1701011814,9,F
3172,309364,11647,47,1,72,A7E28B0F,True,11647,548296,0,0,0.867109,0.000000,1701011814,9,F
3173,309436,11648,47,1,72,8B1B3848,True,11648,548808,0,0,0.912513,0.000000,1701011814,9,F
3174,309508,11680,47,1,72,79BAD0D1,True,11680,548296,0,0,0.867109,0.000000,1701011814,9,F
3175,309580,11681,47,1,72,1DDDABF3,True,11681,548296,0,0,0.867109,0.000000,1701011814,9,F
3176,309652,11682,47,1,72,A6C97D0D,True,11682,548296,0,0,0.867109,0.000000,1701011814,9,F
3177,309724,11683,47,1,72,C2AE062F,True,11683,548296,0,0,0.867109,0.000000,1701011814,9,F
3178,309796,11684,47,1,72,97CB3705,True,11684,548296,0,0,0.867109,0.000000,1701011814,9,F
3179,309868,11685,47,1,72,8C152049,True,11685,548296,0,0,0.867109,0.000000,1701011814,9,F
3180,309940,11686,47,1,72,A7E53AB6,True,11686,548296,0,0,0.867109,0.000000,1701011814,9,F
3181,310012,11687,47,1,72,C77791A9,True,11687,548296,0,0,0.867109,0.000000,1701011814,9,F
3182,310084,11689,47,1,72,CC804F0B,True,11689,548808,0,0,0.912513,0.000000,1701011814,9,F
3183,310156,11691,47,1,72,F8C459D4,True,11691,548808,0,0,0.912513,0.000000,1701011814,9,F
3184,310228,11692,47,1,72,D6EDD4AD,True,11692,548808,0,0,0.912513,0.000000,1701011814,9,F
3185,310300,11693,47,1,72,2FEFD898,True,11693,548808,0,0,0.912513,0.000000,1701011814,9,F
3186,310372,11694,47,1,72,997AB570,True,11694,548808,0,0,0.912513,0.000000,1701011814,9,F
3187,310444,11695,47,1,72,82A4A23C,True,11695,548808,0,0,0.912513,0.000000,1701011814,9,F
3188,310516,11696,47,1,72,06D01DEE,True,11696,548808,0,0,0.912513,0.000000,1701011814,9,F
3189,310588,11697,47,1,72,6B5CC6B6,True,11697,548808,0,0,0.912513,0.000000,1701011814,9,F
3190,310660,11645,47,1,72,62398E02,True,11645,548296,0,0,0.867109,0.000000,1701011814,9,F
3191,310732,11646,47,1,72,038CA567,True,11646,548808,0,0,0.912513,0.000000,1701011814,9,F
3192,310804,11649,47,1,72,6853B5E3,True,11649,548296,0,0,0.867109,0.000000,1701011814,9,F
3193,310876,11650,47,1,72,F644BB64,True,11650,548808,0,0,0.912513,0.000000,1701011814,9,F
3194,310948,11699,47,1,72,8BFF069A,True,11699,548296,0,0,0.867109,0.000000,1701011814,9,F
3195,311020,11700,47,1,72,A1235BDE,True,11700,548296,0,0,0.867109,0.000000,1701011814,9,F
3196,311092,11701,47,1,72,2A864BC2,True,11701,548296,0,0,0.867109,0.000000,1701011814,9,F
3197,311164,11702,47,1,72,7ECF3D53,True,11702,548296,0,0,0.867109,0.000000,1701011814,9,F
3198,311236,11703,47,1,72,FC818D35,True,11703,548296,0,0,0.867109,0.000000,1701011814,9,F
3199,311308,11704,47,1,72,2B7787DB,True,11704,548296,0,0,0.867109,0.000000,1701011814,9,F
3200,311380,11705,47,1,72,DBF6550B,True,11705,548296,0,0,0.867109,0.000000,1701011814,9,F
3201,311452,11706,47,1,72,8FBF239A,True,11706,548296,0,0,0.867109,0.000000,1701011814,9,F
3202,311524,11721,47,1,72,0019F7EE,True,11721,548808,0,0,0.912513,0.000000,1701011814,9,F
3203,311596,11722,47,1,72,594EF138,True,11722,548808,0,0,0.912513,0.000000,1701011814,9,F
3204,311668,11723,47,1,72,DFF59163,True,11723,548808,0,0,0.912513,0.000000,1701011814,9,F
3205,311740,11724,47,1,72,F1DC1C1A,True,11724,548808,0,0,0.912513,0.000000,1701011814,9,F
3206,311812,11725,47,1,72,77677C41,True,11725,548808,0,0,0.912513,0.000000,1701011814,9,F
3207,311884,11726,47,1,72,3DE73A63,True,11726,548808,0,0,0.912513,0.000000,1701011814,9,F
3208,311956,11727,47,1,72,BB5C5A38,True,11727,548808,0,0,0.912513,0.000000,1701011814,9,F
3209,312028,11728,47,1,72,497A29FE,True,11728,548808,0,0,0.912513,0.000000,1701011814,9,F
3210,312100,11635,66,1,108,A747AC65,True,11635,548296,0,0,0.867109,0.000000,1701011814,26,F
3211,312208,11636,66,1,108,23AEFF60,True,11636,548808,0,0,0.912514,0.000000,1701011814,26,F
3212,312316,11639,66,1,108,D9E32F17,True,11639,548808,0,0,0.912513,0.000000,1701011814,26,F
3213,312424,11640,66,1,108,5255174C,True,11640,548296,0,0,0.867109,0.000000,1701011814,26,F
3214,312532,11730,66,1,108,117B5D40,True,11730,548296,0,0,0.867109,0.000000,1701011814,26,F
3215,312640,11731,66,1,108,E20CA2FC,True,11731,548296,0,0,0.867109,0.000000,1701011814,26,F
3216,312748,11732,66,1,108,08249BAC,True,11732,548296,0,0,0.867109,0.000000,1701011814,26,F
3217,312856,11733,66,1,108,0B4B0AAF,True,11733,548296,0,0,0.867109,0.000000,1701011814,26,F
3218,312964,11734,66,1,108,9F4E2DE1,True,11734,548296,0,0,0.867109,0.000000,1701011814,26,F
3219,313072,11735,66,1,108,113D9F29,True,11735,548296,0,0,0.867109,0.000000,1701011814,26,F
3220,313180,11736,66,1,108,AEC38AFB,True,11736,548296,0,0,0.867109,0.000000,1701011814,26,F
3221,313288,11737,66,1,108,B19DD4E4,True,11737,548296,0,0,0.867109,0.000000,1701011814,26,F
3222,313396,11740,66,1,108,AEE8ACC4,True,11740,548808,0,0,0.912513,0.000000,1701011814,26,F
3223,313504,11741,66,1,108,438C7EDA,True,11741,548808,0,0,0.912513,0.000000,1701011814,26,F
3224,313612,11742,66,1,108,15733BE1,True,11742,548808,0,0,0.912513,0.000000,1701011814,26,F
3225,313720,11743,66,1,108,78493FCF,True,11743,548808,0,0,0.912513,0.000000,1701011814,26,F
3226,313828,11744,66,1,108,AF1B36F1,True,11744,548808,0,0,0.912513,0.000000,1701011814,26,F
3227,313936,11745,66,1,108,6EC2F9C9,True,11745,548808,0,0,0.912513,0.000000,1701011814,26,F
3228,314044,11746,66,1,108,5B3A65D6,True,11746,548808,0,0,0.912513,0.000000,1701011814,26,F
3229,314152,11747,66,1,108,25D7210C,True,11747,548808,0,0,0.912513,0.000000,1701011814,26,F
3230,314260,15417,66,1,108,5040AA6A,True,15417,548296,0,0,0.867109,0.000000,1701011814,26,F
3231,314368,15418,66,1,108,BB5C3473,True,15418,548296,0,0,0.867109,0.000000,1701011814,26,F
3232,314476,15419,66,1,108,5607F0F0,True,15419,548296,0,0,0.867109,0.000000,1701011814,26,F
3233,314584,15420,66,1,108,E2E63745,True,15420,548296,0,0,0.867109,0.000000,1701011814,26,F
3234,314692,15421,66,1,108,27227634,True,15421,548296,0,0,0.867109,0.000000,1701011814,26,F
3235,314800,15422,66,1,108,6A845EEB,True,15422,548808,0,0,0.912513,0.000000,1701011814,26,F
3236,314908,15423,66,1,108,A2B631A9,True,15423,548808,0,0,0.912513,0.000000,1701011814,26,F
3237,315016,15424,66,1,108,EF084DDF,True,15424,548808,0,0,0.912513,0.000000,1701011814,26,F
3238,315124,15425,66,1,108,567044B8,True,15425,548808,0,0,0.912513,0.000000,1701011814,26,F
3239,315232,15426,66,1,108,E94F1745,True,15426,548808,0,0,0.912513,0.000000,1701011814,26,F
3240,315340,11769,28,1,72,914E2BAD,True,11769,551508,0,0,0.582439,0.000000,0,28,F
3241,315412,11770,28,1,72,3554B6DA,True,11770,551512,0,0,0.284596,0.000000,0,28,F
3242,315484,11847,382,1,432,17D2EFDE,True,11847,551661,0,0,0.911478,0.000000,1600611692,34,F
3243,315916,11963,382,1,432,8C6A570F,True,11963,551661,0,0,0.911478,0.000000,1600611692,34,F
3244,316348,12089,382,1,432,5B7F56B6,True,12089,551661,0,0,0.911478,0.000000,1701998438,34,F
3245,316780,12090,382,1,432,02E7F971,True,12090,551661,0,0,0.911478,0.000000,1701011814,34,F
3246,317212,12091,382,1,432,CB826EB4,True,12091,551661,0,0,0.911478,0.000000,1701011814,34,F
3247,317644,12092,382,1,432,77F0CE6E,True,12092,551661,0,0,0.911478,0.000000,1701011814,34,F
3248,318076,12093,382,1,432,DC28D8D6,True,12093,551661,0,0,0.911478,0.000000,1701011814,34,F
3249,318508,12094,382,1,432,E262CE80,True,12094,551661,0,0,0.911478,0.000000,1701011814,34,F
3250,318940,13984,432,1,468,FC8E08D3,True,13984,559452,0,0,0.929249,0.000000,1935764583,20,F
3251,319408,14554,388,1,432,ADF8A3D5,True,14554,564427,0,0,0.935584,0.000000,1684955496,28,F
3252,319840,14555,432,1,468,4ABB42B5,True,14555,559452,0,0,0.929249,0.000000,1935764583,20,F
3253,320308,14556,432,1,468,68329500,True,14556,559452,0,0,0.929249,0.000000,1935764583,20,F
3254,320776,14557,432,1,468,5D874497,True,14557,559452,0,0,0.929249,0.000000,1935764583,20,F
3255,321244,14558,432,1,468,ABCA4304,True,14558,559452,0,0,0.929249,0.000000,1935764583,20,F
3256,321712,14559,432,1,468,15569611,True,14559,559452,0,0,0.929249,0.000000,1935764583,20,F
3257,322180,14560,432,1,468,EB849BBA,True,14560,559452,0,0,0.929249,0.000000,1935764583,20,F
3258,322648,14561,432,1,468,CC8979F0,True,14561,559452,0,0,0.929249,0.000000,1935764583,20,F
3259,323116,14562,432,1,468,8CA0392A,True,14562,559452,0,0,0.929249,0.000000,1935764583,20,F
3260,323584,14563,432,1,468,AA32B06B,True,14563,559452,0,0,0.929249,0.000000,1935764583,20,F
3261,324052,14564,432,1,468,C7ED83C7,True,14564,559452,0,0,0.929249,0.000000,1935764583,20,F
3262,324520,14565,432,1,468,1CA06BEB,True,14565,559452,0,0,0.929249,0.000000,1701998438,20,F
3263,324988,14566,432,1,468,1B859DE6,True,14566,559452,0,0,0.929249,0.000000,1935764583,20,F
3264,325456,14567,388,1,432,71DEA42D,True,14567,564427,0,0,0.935584,0.000000,1936879476,28,F
3265,325888,14819,388,1,432,7433EF9A,True,14819,567279,0,0,0.967286,0.000000,1600611692,28,F
3266,326320,14925,72,1,108,42DD619E,True,14925,567250,0,0,0.190784,0.000000,1684104552,20,F
3267,326428,14927,72,1,108,60FED44D,True,14927,568024,0,0,0.209242,0.000000,1684104552,20,F
3268,326536,14931,432,1,468,AD177D55,True,14931,568182,0,0,0.930474,0.000000,1684104552,20,F
3269,327004,14956,388,1,432,A08D5C6B,True,14956,568561,0,0,0.948169,0.000000,1684104552,28,F
3270,327436,14957,388,1,432,D6847D90,True,14957,567279,0,0,0.967286,0.000000,1600611692,28,F
3271,327868,14958,388,1,432,E940820C,True,14958,567279,0,0,0.967286,0.000000,1701998438,28,F
3272,328300,14961,432,1,468,AC66AAD4,True,14961,568182,0,0,0.930474,0.000000,1684104552,20,F
3273,328768,14962,432,1,468,1B219F7E,True,14962,568182,0,0,0.930474,0.000000,1701867637,20,F
3274,329236,14988,432,1,468,3C1EE31D,True,14988,573804,0,0,0.944497,0.000000,1701998438,20,F
3275,329704,14989,432,1,468,45D9DD6B,True,14989,573804,0,0,0.944497,0.000000,1936879476,20,F
3276,330172,14990,432,1,468,E3E966BE,True,14990,573804,0,0,0.944497,0.000000,1953460070,20,F
3277,330640,14991,432,1,468,9E6A8D7A,True,14991,573804,0,0,0.944497,0.000000,1701998438,20,F
3278,331108,14992,432,1,468,CDD8BBDA,True,14992,573804,0,0,0.944497,0.000000,1701998438,20,F
3279,331576,14993,432,1,468,DFC2D052,True,14993,573804,0,0,0.944497,0.000000,1701998438,20,F
3280,332044,14994,432,1,468,1E0B7223,True,14994,573804,0,0,0.944497,0.000000,1701998438,20,F
3281,332512,14995,432,1,468,E2B4088E,True,14995,573804,0,0,0.944497,0.000000,1936879476,20,F
3282,332980,14996,432,1,468,E079528C,True,14996,573804,0,0,0.944497,0.000000,1936879476,20,F
3283,333448,14997,432,1,468,F3CF4396,True,14997,573804,0,0,0.944497,0.000000,1936879476,20,F
3284,333916,14998,432,1,468,2CEA9240,True,14998,573804,0,0,0.944497,0.000000,1936879476,20,F
3285,334384,15011,388,1,432,6AE8692D,True,15011,574452,0,0,0.879946,0.000000,1684955496,28,F
3286,334816,15027,432,1,468,91CEC3C9,True,15027,574608,0,0,0.882154,0.000000,1684955496,20,F
3287,335284,15033,432,1,468,C814F665,True,15033,574703,0,0,0.880606,0.000000,1718378851,20,F
3288,335752,15049,382,1,432,41F8809E,True,15049,574845,0,0,0.875926,0.000000,1936879476,34,F
3289,336184,15053,382,1,432,97A8F86B,True,15053,574845,0,0,0.875926,0.000000,1936879476,34,F
3290,336616,15054,382,1,432,2E781552,True,15054,574845,0,0,0.875926,0.000000,1684955496,34,F
3291,337048,15055,382,1,432,A19EE551,True,15055,574845,0,0,0.875926,0.000000,1701011814,34,F
3292,337480,15056,382,1,432,FA83E9D7,True,15056,574845,0,0,0.875926,0.000000,1718378851,34,F
3293,337912,15057,382,1,432,286DDBEE,True,15057,574845,0,0,0.875926,0.000000,1936879476,34,F
3294,338344,15058,382,1,432,8BBFF10A,True,15058,574845,0,0,0.875926,0.000000,1684955496,34,F
3295,338776,15059,382,1,432,1468D39E,True,15059,574845,0,0,0.875926,0.000000,1953460070,34,F
3296,339208,15070,432,1,468,27392B5A,True,15070,574703,0,0,0.880606,0.000000,1718378851,20,F
3297,339676,15071,432,1,468,B3EBF16B,True,15071,574703,0,0,0.880606,0.000000,1718378851,20,F
3298,340144,15072,432,1,468,3420F3D6,True,15072,574703,0,0,0.880606,0.000000,1718378851,20,F
3299,340612,15073,432,1,468,70543D0D,True,15073,574703,0,0,0.880606,0.000000,1718378851,20,F
3300,341080,15074,432,1,468,83E92351,True,15074,574703,0,0,0.880606,0.000000,1718378851,20,F
3301,341548,15075,432,1,468,323A74A3,True,15075,574703,0,0,0.880606,0.000000,1718378851,20,F
3302,342016,15076,432,1,468,6B0A0AA2,True,15076,574703,0,0,0.880606,0.000000,1718378851,20,F
3303,342484,15077,432,1,468,683942B5,True,15077,574703,0,0,0.880606,0.000000,1718378851,20,F
3304,342952,15078,432,1,468,9908503D,True,15078,574703,0,0,0.880606,0.000000,1718378851,20,F
3305,343420,15079,432,1,468,36CE6CF8,True,15079,574703,0,0,0.880606,0.000000,1718378851,20,F
3306,343888,15080,432,1,468,E6D802F4,True,15080,574703,0,0,0.880606,0.000000,1718378851,20,F
3307,344356,15082,432,1,468,D11E6D54,True,15082,574608,0,0,0.944497,0.000000,1600611692,20,F
3308,344824,15083,432,1,468,BC6D2247,True,15083,574608,0,0,0.882154,0.000000,1935764583,20,F
3309,345292,15084,432,1,468,EE79E597,True,15084,574608,0,0,0.882154,0.000000,1684955496,20,F
3310,345760,15085,432,1,468,D68403C7,True,15085,574608,0,0,0.882154,0.000000,1718378851,20,F
3311,346228,15086,432,1,468,3C3D992E,True,15086,574608,0,0,0.882154,0.000000,1684955496,20,F
3312,346696,15087,432,1,468,EC4AD04C,True,15087,574608,0,0,0.882154,0.000000,1684955496,20,F
3313,347164,15088,432,1,468,9E0107E7,True,15088,574608,0,0,0.944497,0.000000,1600611692,20,F
3314,347632,15089,432,1,468,619F9E50,True,15089,574608,0,0,0.944497,0.000000,1600611692,20,F
3315,348100,15090,432,1,468,F9EA3E4E,True,15090,574608,0,0,0.944497,0.000000,1684955496,20,F
3316,348568,15091,432,1,468,22553AE3,True,15091,574608,0,0,0.944497,0.000000,1684955496,20,F
3317,349036,15095,388,1,432,D4273D8E,True,15095,574452,0,0,0.879946,0.000000,1684955496,28,F
3318,349468,15096,388,1,432,CB075949,True,15096,574452,0,0,0.879946,0.000000,1684955496,28,F
3319,349900,15103,388,1,432,FF9E50CC,True,15103,575776,0,0,0.891123,0.000000,1936879476,28,F
3320,350332,15230,388,1,432,682DA9EF,True,15230,576976,0,0,0.909379,0.000000,1684955496,28,F
3321,350764,15245,388,1,432,9666B0F4,True,15245,576976,0,0,0.909379,0.000000,1701998438,28,F
3322,351196,15246,388,1,432,2F0F7971,True,15246,576976,0,0,0.909379,0.000000,1936879476,28,F
3323,351628,15308,432,1,468,9F208E19,True,15308,559452,0,0,0.880606,0.000000,1953460070,20,F
3324,352096,15310,432,1,468,56AD76D9,True,15310,574703,0,0,0.880606,0.000000,1600611692,20,F
3325,352564,15311,432,1,468,C25449F9,True,15311,574703,0,0,0.880606,0.000000,1600611692,20,F
3326,353032,15312,432,1,468,573867AD,True,15312,574703,0,0,0.880606,0.000000,1600611692,20,F
3327,353500,15313,432,1,468,97E4496C,True,15313,574703,0,0,0.880606,0.000000,1684104552,20,F
3328,353968,15314,432,1,468,707F64AD,True,15314,574703,0,0,0.880606,0.000000,1600611692,20,F
3329,354436,15315,432,1,468,B68FC037,True,15315,574703,0,0,0.880606,0.000000,1600611692,20,F
3330,354904,15316,432,1,468,4EA945C2,True,15316,559452,0,0,0.880606,0.000000,1701998438,20,F
3331,355372,15317,432,1,468,92D89A00,True,15317,559452,0,0,0.880606,0.000000,1953460070,20,F
3332,355840,15318,432,1,468,86B213E6,True,15318,559452,0,0,0.880606,0.000000,1701867637,20,F
3333,356308,15319,432,1,468,2A8BA04B,True,15319,559452,0,0,0.880606,0.000000,1701867637,20,F
3334,356776,15320,432,1,468,829C8486,True,15320,559452,0,0,0.880606,0.000000,1953460070,20,F
3335,357244,15326,382,1,432,BE1574AD,True,15326,551661,0,0,0.911478,0.000000,1684955496,34,F
3336,357676,15327,382,1,432,0979EE92,True,15327,551661,0,0,0.911478,0.000000,1701867637,34,F
3337,358108,15328,382,1,432,275EE84E,True,15328,551661,0,0,0.911478,0.000000,1718378851,34,F
3338,358540,15329,382,1,432,0A01E6B2,True,15329,551661,0,0,0.911478,0.000000,1718378851,34,F
3339,358972,15330,382,1,432,F3F9D7ED,True,15330,551661,0,0,0.911478,0.000000,1701998438,34,F
3340,359404,15331,382,1,432,98004079,True,15331,551661,0,0,0.911478,0.000000,1718378851,34,F
3341,359836,15332,382,1,432,9BC5FC29,True,15332,551661,0,0,0.911478,0.000000,1701998438,34,F
3342,360268,15333,382,1,432,CC9E8E23,True,15333,551661,0,0,0.911478,0.000000,1936879476,34,F
3343,360700,15334,382,1,432,05336BFE,True,15334,551661,0,0,0.911478,0.000000,1701867637,34,F
3344,361132,15335,382,1,432,146CF262,True,15335,551661,0,0,0.911478,0.000000,1684955496,34,F
3345,361564,15336,382,1,432,166E982F,True,15336,551661,0,0,0.911478,0.000000,1718378851,34,F
3346,361996,15337,382,1,432,FADC32BE,True,15337,551661,0,0,0.911478,0.000000,1701998438,34,F
3347,362428,15338,382,1,432,D51BDA8D,True,15338,551661,0,0,0.911478,0.000000,1701998438,34,F
3348,362860,15339,382,1,432,F182924E,True,15339,551661,0,0,0.911478,0.000000,1684955496,34,F
3349,363292,15354,382,1,432,2A070D67,True,15354,551661,0,0,0.911478,0.000000,1953460070,34,F
3350,363724,15355,382,1,432,C6520EA9,True,15355,574845,0,0,0.911478,0.000000,1953460070,34,F
3351,364156,15356,382,1,432,90778913,True,15356,574845,0,0,0.911478,0.000000,1701867637,34,F
3352,364588,15357,382,1,432,FF00DAB7,True,15357,574845,0,0,0.911478,0.000000,1953460070,34,F
3353,365020,15358,382,1,432,B330B00D,True,15358,574845,0,0,0.911478,0.000000,1684955496,34,F
3354,365452,15359,382,1,432,E4D56356,True,15359,574845,0,0,0.911478,0.000000,1718378851,34,F
3355,365884,15360,382,1,432,3B42A5DE,True,15360,574845,0,0,0.911478,0.000000,1684955496,34,F
3356,366316,15361,382,1,432,AE3197D1,True,15361,574845,0,0,0.911478,0.000000,1936879476,34,F
3357,366748,15362,382,1,432,28519139,True,15362,574845,0,0,0.911478,0.000000,1953460070,34,F
3358,367180,15363,382,1,432,7EB1ACB0,True,15363,574845,0,0,0.911478,0.000000,1701011814,34,F
3359,367612,15364,382,1,432,62BCCF13,True,15364,574845,0,0,0.911478,0.000000,1684955496,34,F
3360,368044,15365,382,1,432,B00449CD,True,15365,574845,0,0,0.911478,0.000000,1936879476,34,F
3361,368476,15366,382,1,432,C9186178,True,15366,574845,0,0,0.911478,0.000000,1936879476,34,F
3362,368908,15367,382,1,432,42DA7DE3,True,15367,574845,0,0,0.911478,0.000000,1936879476,34,F
3363,369340,15368,382,1,432,6F607CD7,True,15368,574845,0,0,0.911478,0.000000,1936879476,34,F
3364,369772,15371,382,1,432,A2C3C124,True,15371,551661,0,0,0.911478,0.000000,1936879476,34,F
3365,370204,15372,382,1,432,7A522FB9,True,15372,551661,0,0,0.911478,0.000000,1953460070,34,F
3366,370636,15373,382,1,432,781BC33D,True,15373,551661,0,0,0.911478,0.000000,1953460070,34,F
3367,371068,15374,382,1,432,BBBEDC6B,True,15374,551661,0,0,0.911478,0.000000,1953460070,34,F
3368,371500,15375,382,1,432,A4E81091,True,15375,551661,0,0,0.911478,0.000000,1953460070,34,F
3369,371932,15376,382,1,432,A13D09EF,True,15376,551661,0,0,0.911478,0.000000,1953460070,34,F
3370,372364,15377,382,1,432,5B5C0A81,True,15377,574845,0,0,0.911478,0.000000,1701867637,34,F
3371,372796,15384,382,1,432,4078084C,True,15384,574845,0,0,0.911478,0.000000,1953460070,34,F
3372,373228,15385,382,1,432,6682A39C,True,15385,574845,0,0,0.911478,0.000000,1953460070,34,F
3373,373660,15386,382,1,432,C1845AC4,True,15386,574845,0,0,0.911478,0.000000,1953460070,34,F
3374,374092,15387,382,1,432,C9FF9758,True,15387,574845,0,0,0.911478,0.000000,1953460070,34,F
3375,374524,15388,382,1,432,BAA33A37,True,15388,574845,0,0,0.911478,0.000000,1953460070,34,F
3376,374956,15389,382,1,432,FA34020D,True,15389,574845,0,0,0.911478,0.000000,1718378851,34,F
3377,375388,15391,388,1,432,DA85049C,True,15391,579739,0,0,0.935584,0.000000,1701998438,28,F
3378,375820,15392,388,1,432,6B1A58A2,True,15392,579739,0,0,0.935584,0.000000,1600611692,28,F
3379,376252,16408,432,1,468,D77639A8,True,16408,574608,0,0,0.944497,0.000000,1935764583,20,F
3380,376720,16409,432,1,468,7B981680,True,16409,573804,0,0,0.944497,0.000000,1718378851,20,F
3381,377188,14512,28,1,72,699DCFE2,True,14512,548808,0,0,0.911531,0.000000,0,28,F
3382,377260,15646,70,1,108,B51DFF82,True,15646,582705,0,0,0.097966,0.000000,1701011814,22,F
3383,377368,15795,536,1,576,EF738457,True,15795,548808,0,0,0.912513,0.000000,1953460070,24,F
3384,377944,15797,536,1,576,B919847A,True,15797,548296,0,0,0.867109,0.000000,1600611692,24,F
3385,378520,12774,62,1,108,8C7E73CD,True,12774,460312,0,0,0.090312,0.000000,1601135943,30,F
3386,378628,13573,62,1,108,A7F79EB0,True,13573,460312,0,0,0.090312,0.000000,1601135943,30,F
3387,378736,13574,62,1,108,8C1A49CE,True,13574,460312,0,0,0.090312,0.000000,1601135943,30,F
3388,378844,13575,62,1,108,D13612BD,True,13575,460312,0,0,0.090312,0.000000,1601135943,30,F
3389,378952,13576,62,1,108,761B0BAB,True,13576,460312,0,0,0.090312,0.000000,1601135943,30,F
3390,379060,13577,62,1,108,C9EB4BA1,True,13577,460312,0,0,0.090312,0.000000,1601135943,30,F
3391,379168,13578,62,1,108,66ACB9B4,True,13578,460312,0,0,0.090312,0.000000,1601135943,30,F
3392,379276,13579,28,1,72,0387530C,True,13579,460312,0,0,0.090312,0.000000,0,28,F
3393,379348,13580,62,1,108,FDEE2DA3,True,13580,460312,0,0,0.090312,0.000000,1601135943,30,F
3394,379456,13581,62,1,108,F891278C,True,13581,460312,0,0,0.090312,0.000000,1601135943,30,F
3395,379564,13582,62,1,108,E70531EE,True,13582,460312,0,0,0.090312,0.000000,1601135943,30,F
3396,379672,13583,62,1,108,55EB01A3,True,13583,460312,0,0,0.090312,0.000000,1601135943,30,F
3397,379780,13584,62,1,108,1967B5EB,True,13584,460312,0,0,0.090312,0.000000,1601135943,30,F
3398,379888,13585,62,1,108,50A60ACE,True,13585,460312,0,0,0.090312,0.000000,1601135943,30,F
3399,379996,13586,62,1,108,D81BC1C1,True,13586,460312,0,0,0.090312,0.000000,1601135943,30,F
3400,380104,13587,62,1,108,6AF5F18C,True,13587,460312,0,0,0.090312,0.000000,1601135943,30,F
3401,380212,13588,62,1,108,5403BFA8,True,13588,460312,0,0,0.090312,0.000000,1601135943,30,F
3402,380320,13589,62,1,108,00C444A1,True,13589,460312,0,0,0.090312,0.000000,1601135943,30,F
3403,380428,13590,62,1,108,EE5B094E,True,13590,460312,0,0,0.090312,0.000000,1601135943,30,F
3404,380536,13591,62,1,108,B377523D,True,13591,460312,0,0,0.090312,0.000000,1601135943,30,F
3405,380644,13592,62,1,108,39FCDC63,True,13592,460312,0,0,0.090312,0.000000,1601135943,30,F
3406,380752,13593,62,1,108,8B6A9699,True,13593,460312,0,0,0.090312,0.000000,1601135943,30,F
3407,380860,13594,62,1,108,617871FC,True,13594,460312,0,0,0.090312,0.000000,1601135943,30,F
3408,380968,13595,62,1,108,D71BEB3B,True,13595,460312,0,0,0.090312,0.000000,1601135943,30,F
3409,381076,13596,62,1,108,6A51E693,True,13596,460312,0,0,0.090312,0.000000,1601135943,30,F
3410,381184,13597,62,1,108,3EEE672D,True,13597,460312,0,0,0.090312,0.000000,1601135943,30,F
3411,381292,13598,62,1,108,25F7DBC5,True,13598,460312,0,0,0.090312,0.000000,1601135943,30,F
3412,381400,13599,62,1,108,666ACAB2,True,13599,460312,0,0,0.090312,0.000000,1601135943,30,F
3413,381508,13600,62,1,108,869A41BA,True,13600,460312,0,0,0.090312,0.000000,1601135943,30,F
3414,381616,13601,62,1,108,CF773CDA,True,13601,460312,0,0,0.090312,0.000000,1601135943,30,F
3415,381724,13602,62,1,108,1C7A1053,True,13602,460312,0,0,0.090312,0.000000,1601135943,30,F
3416,381832,13603,62,1,108,2C5E7592,True,13603,460312,0,0,0.090312,0.000000,1601135943,30,F
3417,381940,13604,62,1,108,37931A84,True,13604,460312,0,0,0.090312,0.000000,1601135943,30,F
3418,382048,13605,62,1,108,6E4A91CA,True,13605,460312,0,0,0.090312,0.000000,1601135943,30,F
3419,382156,13606,62,1,108,5C7810E0,True,13606,460312,0,0,0.090312,0.000000,1601135943,30,F
3420,382264,13607,62,1,108,A53EF340,True,13607,460312,0,0,0.090312,0.000000,1601135943,30,F
3421,382372,13608,62,1,108,BB076C1E,True,13608,460312,0,0,0.090312,0.000000,1601135943,30,F
3422,382480,13609,62,1,108,F109A7A4,True,13609,460312,0,0,0.090312,0.000000,1601135943,30,F
3423,382588,13610,62,1,108,18D4345E,True,13610,460312,0,0,0.090312,0.000000,1601135943,30,F
3424,382696,13611,62,1,108,AA3A0413,True,13611,460312,0,0,0.090312,0.000000,1601135943,30,F
3425,382804,13612,62,1,108,8A057A84,True,13612,460312,0,0,0.090312,0.000000,1601135943,30,F
3426,382912,13613,62,1,108,D3DCF1CA,True,13613,460312,0,0,0.090312,0.000000,1601135943,30,F
3427,383020,13614,62,1,108,39B66C18,True,13614,460312,0,0,0.090312,0.000000,1601135943,30,F
3428,383128,13615,62,1,108,C088F50F,True,13615,460312,0,0,0.090312,0.000000,1601135943,30,F
3429,383236,13616,62,1,108,FD04576E,True,13616,460312,0,0,0.090312,0.000000,1601135943,30,F
3430,383344,13617,62,1,108,A9C3AC67,True,13617,460312,0,0,0.090312,0.000000,1601135943,30,F
3431,383452,13618,62,1,108,85406749,True,13618,460312,0,0,0.090312,0.000000,1601135943,30,F
3432,383560,13619,62,1,108,3E45F77E,True,13619,460312,0,0,0.090312,0.000000,1601135943,30,F
3433,383668,13620,62,1,108,6BDBF70F,True,13620,460312,0,0,0.090312,0.000000,1601135943,30,F
3434,383776,13621,62,1,108,CDF4E151,True,13621,460312,0,0,0.090312,0.000000,1601135943,30,F
3435,383884,13622,62,1,108,279E7C83,True,13622,460312,0,0,0.090312,0.000000,1601135943,30,F
3436,383992,13623,62,1,108,BC230BBB,True,13623,460312,0,0,0.090312,0.000000,1601135943,30,F
3437,384100,13624,62,1,108,47FC2B3E,True,13624,460312,0,0,0.090312,0.000000,1601135943,30,F
3438,384208,13625,62,1,108,1E25A070,True,13625,460312,0,0,0.090312,0.000000,1601135943,30,F
3439,384316,13626,62,1,108,E08E1BB1,True,13626,460312,0,0,0.090312,0.000000,1601135943,30,F
3440,384424,13627,62,1,108,51839D26,True,13627,460312,0,0,0.090312,0.000000,1601135943,30,F
3441,384532,13628,62,1,108,782F397C,True,13628,460312,0,0,0.090312,0.000000,1601135943,30,F
3442,384640,13629,62,1,108,2CE8C275,True,13629,460312,0,0,0.090312,0.000000,1601135943,30,F
3443,384748,13630,62,1,108,BE452BB1,True,13630,460312,0,0,0.090312,0.000000,1601135943,30,F
3444,384856,13631,62,1,108,8192E45A,True,13631,460312,0,0,0.090312,0.000000,1601135943,30,F
3445,384964,13632,62,1,108,1960D567,True,13632,460312,0,0,0.090312,0.000000,1601135943,30,F
3446,385072,13633,62,1,108,AB8EE52A,True,13633,460312,0,0,0.090312,0.000000,1601135943,30,F
3447,385180,13634,62,1,108,7C76199E,True,13634,460312,0,0,0.090312,0.000000,1601135943,30,F
3448,385288,13635,62,1,108,C77389A9,True,13635,460312,0,0,0.090312,0.000000,1601135943,30,F
3449,385396,13636,62,1,108,63B26AA7,True,13636,460312,0,0,0.090312,0.000000,1601135943,30,F
3450,385504,13637,62,1,108,D61E84FF,True,13637,460312,0,0,0.090312,0.000000,1601135943,30,F
3451,385612,13638,62,1,108,70CAAC27,True,13638,460312,0,0,0.090312,0.000000,1601135943,30,F
3452,385720,13639,62,1,108,240D572E,True,13639,460312,0,0,0.090312,0.000000,1601135943,30,F
3453,385828,13640,62,1,108,CB1351B8,True,13640,460312,0,0,0.090312,0.000000,1601135943,30,F
3454,385936,13641,62,1,108,8C03EA45,True,13641,460312,0,0,0.090312,0.000000,1601135943,30,F
3455,386044,13642,62,1,108,66697797,True,13642,460312,0,0,0.090312,0.000000,1601135943,30,F
3456,386152,13643,62,1,108,32AE8C9E,True,13643,460312,0,0,0.090312,0.000000,1601135943,30,F
3457,386260,13644,62,1,108,82FAF171,True,13644,460312,0,0,0.090312,0.000000,1601135943,30,F
3458,386368,13645,62,1,108,84664D84,True,13645,460312,0,0,0.090312,0.000000,1601135943,30,F
3459,386476,13646,62,1,108,839D5469,True,13646,460312,0,0,0.090312,0.000000,1601135943,30,F
3460,386584,13647,62,1,108,BAB81C4C,True,13647,460312,0,0,0.090312,0.000000,1601135943,30,F
3461,386692,13648,62,1,108,83F9F621,True,13648,460312,0,0,0.090312,0.000000,1601135943,30,F
3462,386800,13649,62,1,108,DED5AD52,True,13649,460312,0,0,0.090312,0.000000,1601135943,30,F
3463,386908,13650,62,1,108,304AE0BD,True,13650,460312,0,0,0.090312,0.000000,1601135943,30,F
3464,387016,13651,62,1,108,8B4F708A,True,13651,460312,0,0,0.090312,0.000000,1601135943,30,F
3465,387124,13652,62,1,108,C3FBF692,True,13652,460312,0,0,0.090312,0.000000,1601135943,30,F
3466,387232,13653,62,1,108,61F3255E,True,13653,460312,0,0,0.090312,0.000000,1601135943,30,F
3467,387340,13654,62,1,108,8F6C68B1,True,13654,460312,0,0,0.090312,0.000000,1601135943,30,F
3468,387448,13655,62,1,108,3D8258FC,True,13655,460312,0,0,0.090312,0.000000,1601135943,30,F
3469,387556,13656,62,1,108,DB77FE10,True,13656,460312,0,0,0.090312,0.000000,1601135943,30,F
3470,387664,13657,62,1,108,82AE755E,True,13657,460312,0,0,0.090312,0.000000,1601135943,30,F
3471,387772,13658,62,1,108,E5366489,True,13658,460312,0,0,0.090312,0.000000,1601135943,30,F
3472,387880,13659,62,1,108,C9FD9835,True,13659,460312,0,0,0.090312,0.000000,1601135943,30,F
3473,387988,13660,62,1,108,3129F34E,True,13660,460312,0,0,0.090312,0.000000,1601135943,30,F
3474,388096,13661,62,1,108,83C7C303,True,13661,460312,0,0,0.090312,0.000000,1601135943,30,F
3475,388204,13662,62,1,108,8F849595,True,13662,460312,0,0,0.090312,0.000000,1601135943,30,F
3476,388312,13663,62,1,108,93C37808,True,13663,460312,0,0,0.090312,0.000000,1601135943,30,F
3477,388420,13664,62,1,108,C7A6CE5E,True,13664,460312,0,0,0.090312,0.000000,1601135943,30,F
3478,388528,13665,62,1,108,9A8A952D,True,13665,460312,0,0,0.090312,0.000000,1601135943,30,F
3479,388636,13666,62,1,108,E94155C0,True,13666,460312,0,0,0.090312,0.000000,1601135943,30,F
3480,388744,13667,62,1,108,B46D0EB3,True,13667,460312,0,0,0.090312,0.000000,1601135943,30,F
3481,388852,13668,62,1,108,0439735C,True,13668,460312,0,0,0.090312,0.000000,1601135943,30,F
3482,388960,13669,62,1,108,BBC93356,True,13669,460312,0,0,0.090312,0.000000,1601135943,30,F
3483,389068,13670,62,1,108,51A3AE84,True,13670,460312,0,0,0.090312,0.000000,1601135943,30,F
3484,389176,13671,62,1,108,087A25CA,True,13671,460312,0,0,0.090312,0.000000,1601135943,30,F
3485,389284,13672,62,1,108,FD58C3D2,True,13672,460312,0,0,0.090312,0.000000,1601135943,30,F
3486,389392,13673,62,1,108,841851AE,True,13673,460312,0,0,0.090312,0.000000,1601135943,30,F
3487,389500,13674,62,1,108,6E72CC7C,True,13674,460312,0,0,0.090312,0.000000,1601135943,30,F
3488,389608,13675,62,1,108,37AB4732,True,13675,460312,0,0,0.090312,0.000000,1601135943,30,F
3489,389716,13676,62,1,108,61D6F199,True,13676,460312,0,0,0.090312,0.000000,1601135943,30,F
3490,389824,13677,62,1,108,380F7AD7,True,13677,460312,0,0,0.090312,0.000000,1601135943,30,F
3491,389932,13678,62,1,108,0143D3AC,True,13678,460312,0,0,0.090312,0.000000,1601135943,30,F
3492,390040,13679,62,1,108,589A58E2,True,13679,460312,0,0,0.090312,0.000000,1601135943,30,F
3493,390148,13680,62,1,108,0DE578BB,True,13680,460312,0,0,0.090312,0.000000,1601135943,30,F
3494,390256,13681,62,1,108,543CF3F5,True,13681,460312,0,0,0.090312,0.000000,1601135943,30,F
3495,390364,13682,62,1,108,B7BDCE5D,True,13682,460312,0,0,0.090312,0.000000,1601135943,30,F
3496,390472,13683,62,1,108,EE644513,True,13683,460312,0,0,0.090312,0.000000,1601135943,30,F
3497,390580,13684,62,1,108,B1F253C2,True,13684,460312,0,0,0.090312,0.000000,1601135943,30,F
3498,390688,13685,62,1,108,7D07C390,True,13685,460312,0,0,0.090312,0.000000,1601135943,30,F
3499,390796,13686,62,1,108,1CB13340,True,13686,460312,0,0,0.090312,0.000000,1601135943,30,F
3500,390904,13687,62,1,108,FEE811E2,True,13687,460312,0,0,0.090312,0.000000,1601135943,30,F
3501,391012,13688,62,1,108,EA711F95,True,13688,460312,0,0,0.090312,0.000000,1601135943,30,F
3502,391120,13689,62,1,108,0C6B1DCD,True,13689,460312,0,0,0.090312,0.000000,1601135943,30,F
3503,391228,13690,62,1,108,E2F45022,True,13690,460312,0,0,0.090312,0.000000,1601135943,30,F
3504,391336,13691,62,1,108,9FC9CC58,True,13691,460312,0,0,0.090312,0.000000,1601135943,30,F
3505,391444,13692,62,1,108,C4AA0AB4,True,13692,460312,0,0,0.090312,0.000000,1601135943,30,F
3506,391552,13693,62,1,108,998651C7,True,13693,460312,0,0,0.090312,0.000000,1601135943,30,F
3507,391660,13694,62,1,108,82E79798,True,13694,460312,0,0,0.090312,0.000000,1601135943,30,F
3508,391768,13695,62,1,108,DB3E1CD6,True,13695,460312,0,0,0.090312,0.000000,1601135943,30,F
3509,391876,13696,62,1,108,5D87AD09,True,13696,460312,0,0,0.090312,0.000000,1601135943,30,F
3510,391984,13697,62,1,108,045E2647,True,13697,460312,0,0,0.090312,0.000000,1601135943,30,F
3511,392092,13698,62,1,108,EE34BB95,True,13698,460312,0,0,0.090312,0.000000,1601135943,30,F
3512,392200,13699,62,1,108,31770E9B,True,13699,460312,0,0,0.090312,0.000000,1601135943,30,F
3513,392308,15324,62,1,108,7A632294,True,15324,460312,0,0,0.090312,0.000000,1601135943,30,F
3514,392416,15994,62,1,108,820E2174,True,15994,460312,0,0,0.090312,0.000000,1601135943,30,F
3515,392524,15995,62,1,108,DF227A07,True,15995,460312,0,0,0.090312,0.000000,1601135943,30,F
3516,392632,15996,62,1,108,8441BCEB,True,15996,460312,0,0,0.090312,0.000000,1601135943,30,F
3517,392740,15997,62,1,108,D08647E2,True,15997,460312,0,0,0.090312,0.000000,1601135943,30,F
3518,392848,15998,62,1,108,3E190A0D,True,15998,460312,0,0,0.090312,0.000000,1601135943,30,F
3519,392956,13957,49,1,72,1489F782,True,13957,174636,0,0,0.099180,0.000000,1852399949,7,F
3520,393028,13958,49,1,72,47A6FD94,True,13958,174636,0,0,0.099180,0.000000,1852399949,7,F
3521,393100,13959,49,1,72,A2C6BF7A,True,13959,174636,0,0,0.099180,0.000000,1852399949,7,F
3522,393172,13960,49,1,72,907E7199,True,13960,174636,0,0,0.099180,0.000000,1852399949,7,F
3523,393244,13961,49,1,72,B1BDBD64,True,13961,174636,0,0,0.099180,0.000000,1852399949,7,F
3524,393316,13962,49,1,72,B479C9C0,True,13962,174636,0,0,0.099180,0.000000,1852399949,7,F
3525,393388,13963,49,1,72,DC7B1893,True,13963,174636,0,0,0.099180,0.000000,1852399949,7,F
3526,393460,13964,49,1,72,F6E75A6F,True,13964,174636,0,0,0.099180,0.000000,1852399949,7,F
3527,393532,13965,28,1,72,63E9CDCA,True,13965,174636,0,0,0.099180,0.000000,0,28,F
3528,393604,15991,49,1,72,96DD9326,True,15991,174636,0,0,0.099180,0.000000,1852399949,7,F
3529,393676,13967,28,1,72,1CF02A28,True,13967,279182,0,0,0.446410,0.000000,0,28,F
3530,393748,13968,28,1,72,56D2CA81,True,13968,279191,0,0,0.457475,0.000000,0,28,F
3531,393820,13969,28,1,72,FDDECAE3,True,13969,279184,0,0,0.449294,0.000000,0,28,F
3532,393892,13970,28,1,72,860A4117,True,13970,279193,0,0,0.468337,0.000000,0,28,F
3533,393964,13971,28,1,72,0996452B,True,13971,279195,0,0,0.483340,0.000000,0,28,F
3534,394036,13972,28,1,72,338CE0EB,True,13972,279194,0,0,0.487922,0.000000,0,28,F
3535,394108,13973,28,1,72,1162DABF,True,13973,279196,0,0,0.505306,0.000000,0,28,F
3536,394180,13974,28,1,72,43577871,True,13974,279198,0,0,0.501069,0.000000,0,28,F
3537,394252,13975,28,1,72,4932F129,True,13975,279199,0,0,0.445246,0.000000,0,28,F
3538,394324,13976,28,1,72,2945C8BF,True,13976,279200,0,0,0.513645,0.000000,0,28,F
3539,394396,13986,90,1,108,5F41A82D,True,13986,279191,0,0,0.446410,0.000000,1667329136,2,F
3540,394504,13987,113,1,144,96AC9F28,True,13987,279184,0,0,0.446410,0.000000,1667329136,15,F
3541,394648,14036,95,1,144,E110AFAC,True,14036,422052,0,0,0.095717,0.000000,813199170,33,F
3542,394792,14037,28,1,72,63A1672D,True,14037,422052,0,0,0.095717,0.000000,0,28,F
3543,394864,12348,28,1,72,0F4E81C6,True,12348,41076,0,0,0.212566,0.000000,0,28,F
3544,394936,12420,28,1,72,8A457D5E,True,12420,543494,0,0,0.345180,0.000000,0,28,F
3545,395008,11866,28,1,72,71D90087,True,11866,45570,0,0,0.047937,0.000000,0,28,F
3546,395080,11868,28,1,72,35B11161,True,11868,136182,0,0,0.058635,0.000000,0,28,F
3547,395152,12249,28,1,72,DD7CBC42,True,12249,358253,0,0,0.046854,0.000000,0,28,F
3548,395224,12394,86,1,108,D451B0A7,True,12394,45570,0,0,0.047937,0.000000,1752130887,6,F
3549,395332,12396,125,1,144,3F29A84E,True,12396,358253,0,0,0.046854,0.000000,813199170,3,F
3550,395476,11862,28,1,72,E4E71CA8,True,11862,45547,0,0,0.112011,0.000000,0,28,F
3551,395548,11870,28,1,72,06B8CC74,True,11870,136191,0,0,0.119291,0.000000,0,28,F
3552,395620,11864,28,1,72,16649FE4,True,11864,45566,0,0,0.204507,0.000000,0,28,F
3553,395692,11882,79,1,108,886CCAA2,True,11882,32479,0,0,0.352096,0.000000,1668244807,13,F
3554,395800,11883,79,1,108,E778A691,True,11883,32479,0,0,0.352096,0.000000,1668244807,13,F
3555,395908,11884,79,1,108,A0D22589,True,11884,32479,0,0,0.352096,0.000000,1668244807,13,F
3556,396016,11885,79,1,108,46E5EFFF,True,11885,32479,0,0,0.352096,0.000000,1668244807,13,F
3557,396124,11886,28,1,72,1D6FF673,True,11886,32479,0,0,0.352096,0.000000,0,28,F
3558,396196,11887,79,1,108,66DC0F54,True,11887,32479,0,0,0.352096,0.000000,1768908103,13,F
3559,396304,11888,79,1,108,8117ECEE,True,11888,186069,0,0,0.362190,0.000000,1668244807,13,F
3560,396412,11889,79,1,108,A5DB5A51,True,11889,186069,0,0,0.362190,0.000000,1668244807,13,F
3561,396520,11890,79,1,108,3208192E,True,11890,186069,0,0,0.362190,0.000000,1668244807,13,F
3562,396628,11891,28,1,72,182B74CF,True,11891,186069,0,0,0.362190,0.000000,0,28,F
3563,396700,11892,79,1,108,9F67322A,True,11892,186069,0,0,0.362190,0.000000,1768908103,13,F
3564,396808,11893,79,1,108,FC813C73,True,11893,186069,0,0,0.362190,0.000000,1668244807,13,F
3565,396916,11894,79,1,108,A63BEDD9,True,11894,186069,0,0,0.362190,0.000000,1668244807,13,F
3566,397024,12009,28,1,72,51834767,True,12009,545718,0,0,0.508994,0.000000,0,28,F
3567,397096,12011,28,1,72,FF393712,True,12011,544192,0,0,0.340336,0.000000,0,28,F
3568,397168,12188,78,1,108,F5D48550,True,12188,30269,0,0,0.172853,0.000000,1651467591,14,F
3569,397276,12189,28,1,72,FE3636CF,True,12189,30269,0,0,0.172853,0.000000,0,28,F
3570,397348,12190,78,1,108,A6C900FB,True,12190,30269,0,0,0.172853,0.000000,1651467591,14,F
3571,397456,12191,78,1,108,32767FED,True,12191,30269,0,0,0.172853,0.000000,1651467591,14,F
3572,397564,12192,78,1,108,25F145E7,True,12192,30269,0,0,0.172853,0.000000,1768908103,14,F
3573,397672,12193,78,1,108,D094C94F,True,12193,30269,0,0,0.172853,0.000000,1768908103,14,F
3574,397780,12194,78,1,108,1AD5EBEC,True,12194,30269,0,0,0.172853,0.000000,1768908103,14,F
3575,397888,12195,78,1,108,8A115CEF,True,12195,30269,0,0,0.172853,0.000000,1768908103,14,F
3576,397996,12196,78,1,108,AEC35CBC,True,12196,30269,0,0,0.172853,0.000000,1768908103,14,F
3577,398104,12197,78,1,108,97BECD22,True,12197,30269,0,0,0.172853,0.000000,1768908103,14,F
3578,398212,12198,78,1,108,0123B64A,True,12198,30269,0,0,0.172853,0.000000,1768908103,14,F
3579,398320,12199,78,1,108,CD3B5882,True,12199,30269,0,0,0.172853,0.000000,1768908103,14,F
3580,398428,12200,78,1,108,684BE3AF,True,12200,30269,0,0,0.172853,0.000000,1768908103,14,F
3581,398536,12201,78,1,108,EF5A4A21,True,12201,30269,0,0,0.172853,0.000000,1768908103,14,F
3582,398644,12202,78,1,108,293A5C71,True,12202,30269,0,0,0.172853,0.000000,1768908103,14,F
3583,398752,12231,28,1,72,607ECECA,True,12231,185865,0,0,0.532335,0.000000,0,28,F
3584,398824,12233,28,1,72,A7105D55,True,12233,50201,0,0,0.575427,0.000000,0,28,F
3585,398896,12235,28,1,72,1CDAE400,True,12235,50230,0,0,0.546848,0.000000,0,28,F
3586,398968,12237,28,1,72,405E9CBA,True,12237,50189,0,0,0.503481,0.000000,0,28,F
3587,399040,12238,52,1,72,A87C808B,True,12238,50189,0,0,0.503481,0.000000,1768908103,4,F
3588,399112,12239,52,1,72,EFF12BB9,True,12239,50189,0,0,0.503481,0.000000,1768908103,4,F
3589,399184,12240,52,1,72,EC3F0CC0,True,12240,50189,0,0,0.503481,0.000000,1768908103,4,F
3590,399256,12241,52,1,72,79E2ADAA,True,12241,50189,0,0,0.503481,0.000000,1768908103,4,F
3591,399328,12243,28,1,72,F3897477,True,12243,9280,0,0,0.505218,0.000000,0,28,F
3592,399400,12244,79,1,108,91DD5507,True,12244,9280,0,0,0.505218,0.000000,1668244807,13,F
3593,399508,12245,79,1,108,428A93E0,True,12245,9280,0,0,0.505218,0.000000,1768908103,13,F
3594,399616,12246,79,1,108,960B80F7,True,12246,9280,0,0,0.505218,0.000000,1768908103,13,F
3595,399724,12247,79,1,108,642EF921,True,12247,9280,0,0,0.505218,0.000000,1768908103,13,F
3596,399832,12267,79,1,108,4355E5F7,True,12267,394756,0,0,0.406409,0.000000,1768908103,13,F
3597,399940,12268,79,1,108,D216A986,True,12268,394756,0,0,0.406409,0.000000,1768908103,13,F
3598,400048,12269,79,1,108,28B95AB4,True,12269,394756,0,0,0.406409,0.000000,1768908103,13,F
3599,400156,12270,28,1,72,DC37740F,True,12270,394756,0,0,0.406409,0.000000,0,28,F
3600,400228,12272,28,1,72,EC66389A,True,12272,394859,0,0,0.286826,0.000000,0,28,F
3601,400300,12343,28,1,72,E8DEA2F6,True,12343,8781,0,0,0.517970,0.000000,0,28,F
3602,400372,12344,79,1,108,00FD0900,True,12344,8781,0,0,0.517970,0.000000,1668244807,13,F
3603,400480,12345,79,1,108,53EA2D60,True,12345,8781,0,0,0.517970,0.000000,1768908103,13,F
3604,400588,12346,79,1,108,E0D3C8B2,True,12346,8781,0,0,0.517970,0.000000,1768908103,13,F
3605,400696,12364,28,1,72,5FF75BF1,True,12364,489890,0,0,0.378509,0.000000,0,28,F
3606,400768,12374,28,1,72,771F0293,True,12374,490714,0,0,0.181315,0.000000,0,28,F
3607,400840,12400,130,1,180,6F93C32C,True,12400,537341,0,0,0.422484,0.000000,1668244807,34,F
3608,401020,12401,28,1,72,60D4AA90,True,12401,537341,0,0,0.422484,0.000000,0,28,F
3609,401092,12402,79,1,108,0D5FA9EE,True,12402,537341,0,0,0.422484,0.000000,1668244807,13,F
3610,401200,12403,79,1,108,8DE6E4B7,True,12403,537341,0,0,0.422484,0.000000,1668244807,13,F
3611,401308,12404,183,1,216,78108D2C,True,12404,537341,0,0,0.422484,0.000000,1668244807,17,F
3612,401524,12406,101,1,144,329F295F,True,12406,537650,0,0,0.186761,0.000000,1768908103,27,F
3613,401668,12407,101,1,144,39E319B0,True,12407,537650,0,0,0.186761,0.000000,1768908103,27,F
3614,401812,12409,28,1,72,2ECF7317,True,12409,537658,0,0,0.235198,0.000000,0,28,F
3615,401884,12410,101,1,144,3A769E79,True,12410,537658,0,0,0.235198,0.000000,1768908103,27,F
3616,402028,12425,28,1,72,8D0DC022,True,12425,537641,0,0,0.431361,0.000000,0,28,F
3617,402100,12426,132,1,180,854827CC,True,12426,537641,0,0,0.431361,0.000000,1668244807,32,F
3618,402280,12428,28,1,72,8355B9C0,True,12428,424512,0,0,0.643423,0.000000,0,28,F
3619,402352,12429,28,1,72,7A397E63,True,12429,424791,0,0,0.627861,0.000000,0,28,F
3620,402424,12430,28,1,72,8C01AAE9,True,12430,424793,0,0,0.648387,0.000000,0,28,F
3621,402496,12882,28,1,72,29C177A1,True,12882,493591,0,0,0.073571,0.000000,0,28,F
3622,402568,11988,28,1,72,848FDFAE,True,11988,11701,0,0,0.379928,0.000000,0,28,F
3623,402640,11989,52,1,72,27D5FBFB,True,11989,11701,0,0,0.379928,0.000000,1768908103,4,F
3624,402712,11990,52,1,72,7F5CE495,True,11990,11701,0,0,0.379928,0.000000,1768908103,4,F
3625,402784,11991,52,1,72,A0F7079B,True,11991,11701,0,0,0.379928,0.000000,1768908103,4,F
3626,402856,11993,57,1,108,4413010A,True,11993,18458,0,0,0.726210,0.000000,1735353671,35,F
3627,402964,11994,111,1,144,35F5BE38,True,11994,18458,0,0,0.726210,0.000000,1701799239,17,F
3628,403108,11995,111,1,144,DC6DFA78,True,11995,18458,0,0,0.726210,0.000000,1735353671,17,F
3629,403252,11996,111,1,144,2AFCA527,True,11996,18458,0,0,0.726210,0.000000,1735353671,17,F
3630,403396,12224,28,1,72,75FA53E3,True,12224,170580,0,0,0.192098,0.000000,0,28,F
3631,403468,12280,28,1,72,65A247E3,True,12280,420943,0,0,0.370961,0.000000,0,28,F
3632,403540,12282,54,1,72,38A21B99,True,12282,420958,0,0,0.697670,0.000000,1869571399,2,F
3633,403612,12283,54,1,72,F600CF79,True,12283,423167,0,0,0.651985,0.000000,1869571399,2,F
3634,403684,12284,28,1,72,359ACBAE,True,12284,420958,0,0,0.697670,0.000000,0,28,F
3635,403756,12354,28,1,72,B7C5B012,True,12354,424270,0,0,0.322398,0.000000,0,28,F
3636,403828,12362,28,1,72,ECBBE615,True,12362,489877,0,0,0.343915,0.000000,0,28,F
3637,403900,12366,28,1,72,50582B1F,True,12366,489976,0,0,0.503606,0.000000,0,28,F
3638,403972,12368,28,1,72,3786C78E,True,12368,489953,0,0,0.403614,0.000000,0,28,F
3639,404044,12370,28,1,72,EE29690D,True,12370,490002,0,0,0.456875,0.000000,0,28,F
3640,404116,12372,28,1,72,FF4546F7,True,12372,493092,0,0,0.693799,0.000000,0,28,F
3641,404188,12376,28,1,72,646E01FF,True,12376,493931,0,0,0.773854,0.000000,0,28,F
3642,404260,12378,28,1,72,1118908C,True,12378,493940,0,0,0.897383,0.000000,0,28,F
3643,404332,12412,28,1,72,F3F07E88,True,12412,539998,0,0,0.406457,0.000000,0,28,F
3644,404404,12414,28,1,72,5F48934F,True,12414,539958,0,0,0.604751,0.000000,0,28,F
3645,404476,12416,28,1,72,3CCCAFEF,True,12416,540176,0,0,0.860315,0.000000,0,28,F
3646,404548,16191,56,1,72,64265F2D,True,16191,540176,0,0,0.860315,0.000000,813199170,0,F
3647,404620,16192,56,1,72,A0BFA9AC,True,16192,540176,0,0,0.860315,0.000000,813199170,0,F
3648,404692,16193,56,1,72,5B03713F,True,16193,540176,0,0,0.860315,0.000000,813199170,0,F
3649,404764,16194,56,1,72,7949957B,True,16194,540176,0,0,0.860315,0.000000,813199170,0,F
3650,404836,12418,28,1,72,66F29B53,True,12418,540203,0,0,0.393642,0.000000,0,28,F
3651,404908,16195,50,1,72,CE9298EC,True,16195,540203,0,0,0.393642,0.000000,813199170,6,F
3652,404980,16196,50,1,72,92DD6B32,True,16196,540203,0,0,0.393642,0.000000,813199170,6,F
3653,405052,16197,50,1,72,F0C5B987,True,16197,540203,0,0,0.393642,0.000000,813199170,6,F
3654,405124,16198,50,1,72,A31245E8,True,16198,540203,0,0,0.393642,0.000000,813199170,6,F
3655,405196,12703,28,1,72,4ABA8621,True,12703,489914,0,0,0.717585,0.000000,0,28,F
3656,405268,16280,28,1,72,8D817942,True,16280,591980,0,0,0.176295,0.000000,0,28,F
3657,405340,16416,28,1,72,8F5BC8F7,True,16416,592751,0,0,0.157021,0.000000,0,28,F
3658,405412,12255,28,1,72,10A816C1,True,12255,386355,0,0,0.056193,0.000000,0,28,F
3659,405484,12481,74,1,108,FD3AE8E4,True,12481,393941,0,0,0.048250,0.000000,813199170,18,F
3660,405592,12482,74,1,108,E4AC764B,True,12482,393941,0,0,0.048250,0.000000,813199170,18,F
3661,405700,12483,74,1,108,EC21FC2E,True,12483,393941,0,0,0.048250,0.000000,813199170,18,F
3662,405808,12484,74,1,108,D7814B15,True,12484,393941,0,0,0.048250,0.000000,813199170,18,F
3663,405916,12485,74,1,108,DF0CC170,True,12485,393941,0,0,0.048250,0.000000,813199170,18,F
3664,406024,12551,74,1,108,E0C6F9BB,True,12551,393941,0,0,0.048250,0.000000,813199170,18,F
3665,406132,12581,50,1,72,EFEA26B8,True,12581,393941,0,0,0.048250,0.000000,813199170,6,F
3666,406204,12582,74,1,108,847D5B7C,True,12582,393941,0,0,0.048250,0.000000,813199170,18,F
3667,406312,12583,74,1,108,88050124,True,12583,393941,0,0,0.048250,0.000000,813199170,18,F
3668,406420,12584,74,1,108,E900D584,True,12584,393941,0,0,0.048250,0.000000,813199170,18,F
3669,406528,12585,74,1,108,EC932FA6,True,12585,393941,0,0,0.048250,0.000000,813199170,18,F
3670,406636,12586,74,1,108,F1F06134,True,12586,393941,0,0,0.048250,0.000000,813199170,18,F
3671,406744,12587,74,1,108,6BA9CE5D,True,12587,393941,0,0,0.048250,0.000000,813199170,18,F
3672,406852,12588,74,1,108,54FCA95B,True,12588,393941,0,0,0.048250,0.000000,813199170,18,F
3673,406960,12604,74,1,108,95BC9C75,True,12604,393941,0,0,0.048250,0.000000,813199170,18,F
3674,407068,12606,28,1,72,BF307C7E,True,12606,393941,0,0,0.048250,0.000000,0,28,F
3675,407140,12607,52,1,72,DAA9B745,True,12607,393941,0,0,0.048250,0.000000,1702257996,4,F
3676,407212,12608,52,1,72,D8680C25,True,12608,393941,0,0,0.048250,0.000000,1702257996,4,F
3677,407284,12609,52,1,72,5E669B16,True,12609,393941,0,0,0.048250,0.000000,1702257996,4,F
3678,407356,12610,52,1,72,06EF8478,True,12610,393941,0,0,0.048250,0.000000,1702257996,4,F
3679,407428,12611,52,1,72,80E1134B,True,12611,393941,0,0,0.048250,0.000000,1702257996,4,F
3680,407500,12612,52,1,72,3BE0AF1B,True,12612,393941,0,0,0.048250,0.000000,1702257996,4,F
3681,407572,12613,52,1,72,B4059852,True,12613,393941,0,0,0.048250,0.000000,1702257996,4,F
3682,407644,12614,52,1,72,E192F77B,True,12614,393941,0,0,0.048250,0.000000,1702257996,4,F
3683,407716,12615,52,1,72,8CABDB4B,True,12615,393941,0,0,0.048250,0.000000,1702257996,4,F
3684,407788,12674,52,1,72,09A0D6D8,True,12674,393941,0,0,0.048250,0.000000,1702257996,4,F
3685,407860,12622,74,1,108,32DA3B18,True,12622,393941,0,0,0.048250,0.000000,813199170,18,F
3686,407968,12623,74,1,108,3749C13A,True,12623,393941,0,0,0.048250,0.000000,813199170,18,F
3687,408076,12624,74,1,108,F93A3222,True,12624,393941,0,0,0.048250,0.000000,813199170,18,F
3688,408184,12625,74,1,108,63639D4B,True,12625,393941,0,0,0.048250,0.000000,813199170,18,F
3689,408292,12626,74,1,108,77EB73A3,True,12626,393941,0,0,0.048250,0.000000,813199170,18,F
3690,408400,14528,50,1,72,173D9804,True,14528,393941,0,0,0.048250,0.000000,813199170,6,F
3691,408472,14529,74,1,108,75ED38B6,True,14529,393941,0,0,0.048250,0.000000,813199170,18,F
3692,408580,14530,74,1,108,6C7BA619,True,14530,393941,0,0,0.048250,0.000000,813199170,18,F
3693,408688,14531,74,1,108,64F62C7C,True,14531,393941,0,0,0.048250,0.000000,813199170,18,F
3694,408796,14532,74,1,108,5F569B47,True,14532,393941,0,0,0.048250,0.000000,813199170,18,F
3695,408904,14533,74,1,108,57DB1122,True,14533,393941,0,0,0.048250,0.000000,813199170,18,F
3696,409012,14534,74,1,108,D86C7ABC,True,14534,393941,0,0,0.048250,0.000000,813199170,18,F
3697,409120,14535,74,1,108,D90A50A3,True,14535,393941,0,0,0.048250,0.000000,813199170,18,F
3698,409228,14536,74,1,108,B80F8403,True,14536,393941,0,0,0.048250,0.000000,813199170,18,F
3699,409336,14537,74,1,108,5BB5B565,True,14537,393941,0,0,0.048250,0.000000,813199170,18,F
3700,409444,14538,74,1,108,18DD139F,True,14538,393941,0,0,0.048250,0.000000,813199170,18,F
3701,409552,11872,72,1,108,442D1BBE,True,11872,241652,0,0,0.166635,0.000000,813199170,20,F
3702,409660,11873,72,1,108,123393B9,True,11873,241652,0,0,0.166635,0.000000,813199170,20,F
3703,409768,11874,50,1,72,557F91AD,True,11874,241652,0,0,0.166635,0.000000,813199170,6,F
3704,409840,11876,362,1,396,A22102C6,True,11876,241657,0,0,0.891628,0.000000,1936680263,18,F
3705,410236,11877,28,1,72,AEBFA1F5,True,11877,241657,0,0,0.891628,0.000000,0,28,F
3706,410308,12181,75,1,108,68CDF5D5,True,12181,155495,0,0,0.186943,0.000000,1282368839,17,F
3707,410416,12182,315,1,360,21465E91,True,12182,155495,0,0,0.186943,0.000000,813199170,29,F
3708,410776,12183,171,1,216,1A57049E,True,12183,155495,0,0,0.186943,0.000000,813199170,29,F
3709,410992,12185,273,1,324,F7BC0982,True,12185,238570,0,0,0.434129,0.000000,813199170,35,F
3710,411316,12186,273,1,324,012D416D,True,12186,238570,0,0,0.434129,0.000000,813199170,35,F
3711,411640,12251,28,1,72,41576502,True,12251,377176,0,0,0.294090,0.000000,0,28,F
3712,411712,12382,28,1,72,C8C1E6B2,True,12382,497458,0,0,0.140133,0.000000,0,28,F
3713,411784,12390,28,1,72,76CE85D0,True,12390,510491,0,0,0.084466,0.000000,0,28,F
3714,411856,12392,28,1,72,54798BE1,True,12392,510503,0,0,0.088588,0.000000,0,28,F
3715,411928,11879,28,1,72,24213795,True,11879,41090,0,0,0.151281,0.000000,0,28,F
3716,412000,11880,28,1,72,2D872C2E,True,11880,41090,0,0,0.151281,0.000000,0,28,F
3717,412072,12253,28,1,72,A69D5759,True,12253,388084,0,0,0.228744,0.000000,0,28,F
3718,412144,12257,28,1,72,4AF9513D,True,12257,386359,0,0,0.370344,0.000000,0,28,F
3719,412216,12276,28,1,72,91FA632B,True,12276,406003,0,0,0.084304,0.000000,0,28,F
3720,412288,12380,28,1,72,8B231F95,True,12380,497131,0,0,10.082800,0.000000,0,28,F
3721,412360,12384,28,1,72,7F529124,True,12384,497460,0,0,0.111220,0.000000,0,28,F
3722,412432,12386,28,1,72,B7B53C29,True,12386,497459,0,0,0.464700,0.000000,0,28,F
3723,412504,12388,28,1,72,6680286B,True,12388,504660,0,0,0.101137,0.000000,0,28,F
3724,412576,12716,28,1,72,B2221202,True,12716,504660,0,0,0.101137,0.000000,0,28,F
3725,412648,12670,28,1,72,B080A403,True,12670,317828,0,0,0.229964,0.000000,0,28,F
3726,412720,14935,28,1,72,A8153D7C,True,14935,584602,0,0,0.207199,0.000000,0,28,F
3727,412792,15927,76,1,108,C61EA5B5,True,15927,584602,0,0,0.207199,0.000000,2036625250,16,F
3728,412900,15925,28,1,72,3BA60A23,True,15925,585284,0,0,0.125252,0.000000,0,28,F
3729,412972,15926,55,1,72,9ABDB5FD,True,15926,585284,0,0,0.125252,0.000000,1601135975,1,F
3730,413044,12226,28,1,72,9E241849,True,12226,41379,0,0,0.238532,0.000000,0,28,F
3731,413116,12227,28,1,72,9F91E554,True,12227,41379,0,0,0.238532,0.000000,0,28,F
3732,413188,12229,28,1,72,D298AAF4,True,12229,252919,0,0,0.489797,0.000000,0,28,F
3733,413260,13946,28,1,72,B3D81A0C,True,13946,512582,512846,0,1.480980,0.000000,0,28,F
3734,413332,13947,28,1,72,B134C8DE,True,13947,536685,0,0,1.015140,0.000000,0,28,F
3735,413404,13948,28,1,72,A4F3DBBB,True,13948,536694,0,0,0.558204,0.000000,0,28,F
3736,413476,13949,28,1,72,75F92D51,True,13949,536676,0,0,1.399420,0.000000,0,28,F
3737,413548,13950,28,1,72,66169E00,True,13950,536667,0,0,2.090880,0.000000,0,28,F
3738,413620,13951,28,1,72,B9243835,True,13951,536701,0,0,0.895811,0.000000,0,28,F
3739,413692,13952,28,1,72,8C508AFD,True,13952,536708,0,0,0.898136,0.000000,0,28,F
3740,413764,13953,28,1,72,6EA45C2B,True,13953,546142,0,0,2.248320,0.000000,0,28,F
3741,413836,13954,28,1,72,B268A450,True,13954,546149,0,0,2.892170,0.000000,0,28,F
3742,413908,11652,70,1,108,F37806D1,True,11652,327980,0,0,0.285548,0.000000,1886220131,22,F
3743,414016,11653,70,1,108,799E0E26,True,11653,327980,0,0,0.285548,0.000000,1886220131,22,F
3744,414124,11654,70,1,108,9B7C6DE8,True,11654,327980,0,0,0.285548,0.000000,1886220131,22,F
3745,414232,11897,70,1,108,A9669C67,True,11897,327980,0,0,0.285548,0.000000,1886220131,22,F
3746,414340,11898,70,1,108,25F77DF9,True,11898,327980,0,0,0.285548,0.000000,1886220131,22,F
3747,414448,11899,70,1,108,B3F8A793,True,11899,327980,0,0,0.285548,0.000000,1886220131,22,F
3748,414556,11900,70,1,108,9676EAF0,True,11900,327980,0,0,0.285548,0.000000,1886220131,22,F
3749,414664,11901,70,1,108,A49537DA,True,11901,327980,0,0,0.285548,0.000000,1886220131,22,F
3750,414772,11902,70,1,108,F35900EA,True,11902,327980,0,0,0.285548,0.000000,1886220131,22,F
3751,414880,11903,70,1,108,60F648C4,True,11903,327980,0,0,0.285548,0.000000,1886220131,22,F
3752,414988,11904,70,1,108,69B22009,True,11904,327980,0,0,0.285548,0.000000,1886220131,22,F
3753,415096,11905,70,1,108,FB9CACD6,True,11905,327980,0,0,0.285548,0.000000,1886220131,22,F
3754,415204,11906,28,1,72,3D07912F,True,11906,327980,0,0,0.285548,0.000000,0,28,F
3755,415276,11907,70,1,108,CCE186B6,True,11907,327980,0,0,0.285548,0.000000,1886220131,22,F
3756,415384,11908,70,1,108,B20C28B1,True,11908,327980,0,0,0.285548,0.000000,1886220131,22,F
3757,415492,11909,70,1,108,C7AB2ED1,True,11909,327980,0,0,0.285548,0.000000,1886220131,22,F
3758,415600,11910,70,1,108,E05F0516,True,11910,327980,0,0,0.285548,0.000000,1886220131,22,F
3759,415708,11911,70,1,108,E78FC5B0,True,11911,327980,0,0,0.285548,0.000000,1886220131,22,F
3760,415816,11912,70,1,108,6E4BEB3E,True,11912,327980,0,0,0.285548,0.000000,1886220131,22,F
3761,415924,11913,70,1,108,850D836C,True,11913,327980,0,0,0.285548,0.000000,1886220131,22,F
3762,416032,11914,70,1,108,475C1694,True,11914,327980,0,0,0.285548,0.000000,1886220131,22,F
3763,416140,11915,70,1,108,CFCD625E,True,11915,327980,0,0,0.285548,0.000000,1886220131,22,F
3764,416248,11916,70,1,108,4176D2DD,True,11916,327980,0,0,0.285548,0.000000,1886220131,22,F
3765,416356,11917,70,1,108,786196F6,True,11917,327980,0,0,0.285548,0.000000,1886220131,22,F
3766,416464,11918,70,1,108,122E1AED,True,11918,327980,0,0,0.285548,0.000000,1886220131,22,F
3767,416572,11919,70,1,108,33E9AA21,True,11919,327980,0,0,0.285548,0.000000,1886220131,22,F
3768,416680,11920,70,1,108,9B9927A7,True,11920,327980,0,0,0.285548,0.000000,1886220131,22,F
3769,416788,11921,70,1,108,EB8F40A9,True,11921,327980,0,0,0.285548,0.000000,1886220131,22,F
3770,416896,11922,70,1,108,0CC58B5D,True,11922,327980,0,0,0.285548,0.000000,1886220131,22,F
3771,417004,11923,70,1,108,BC18EB20,True,11923,327980,0,0,0.285548,0.000000,1886220131,22,F
3772,417112,11924,70,1,108,352632F1,True,11924,327980,0,0,0.285548,0.000000,1886220131,22,F
3773,417220,11925,70,1,108,1FACEB5C,True,11925,327980,0,0,0.285548,0.000000,1886220131,22,F
3774,417328,11926,70,1,108,9ED043B8,True,11926,327980,0,0,0.285548,0.000000,1886220131,22,F
3775,417436,11927,70,1,108,DEDDA770,True,11927,327980,0,0,0.285548,0.000000,1886220131,22,F
3776,417544,11928,70,1,108,2C88A097,True,11928,327980,0,0,0.285548,0.000000,1886220131,22,F
3777,417652,11931,70,1,108,9474400E,True,11931,327980,0,0,0.285548,0.000000,1886220131,22,F
3778,417760,11932,70,1,108,EB51EAA7,True,11932,327980,0,0,0.285548,0.000000,1886220131,22,F
3779,417868,11933,70,1,108,D2037A00,True,11933,327980,0,0,0.285548,0.000000,1886220131,22,F
3780,417976,11934,70,1,108,1DCE405A,True,11934,327980,0,0,0.285548,0.000000,1886220131,22,F
3781,418084,11935,70,1,108,923FC412,True,11935,327980,0,0,0.285548,0.000000,1886220131,22,F
3782,418192,11936,70,1,108,A7523BE2,True,11936,327980,0,0,0.285548,0.000000,1886220131,22,F
3783,418300,11937,70,1,108,42727F00,True,11937,327980,0,0,0.285548,0.000000,1886220131,22,F
3784,418408,11938,70,1,108,21EBB0AD,True,11938,327980,0,0,0.285548,0.000000,1886220131,22,F
3785,418516,11939,70,1,108,187325E6,True,11939,327980,0,0,0.285548,0.000000,1886220131,22,F
3786,418624,14522,70,1,108,709375EE,True,14522,327980,0,0,0.285548,0.000000,1886220131,22,F
3787,418732,11967,28,1,72,D5C10A13,True,11967,328028,0,0,0.426932,0.000000,0,28,F
3788,418804,12458,48,1,72,DA9FDA9A,True,12458,175357,0,0,0.080297,0.000000,1601004871,8,F
3789,418876,12459,48,1,72,A2404DC7,True,12459,175364,0,0,0.048196,0.000000,1601004871,8,F
3790,418948,12460,48,1,72,F5A33691,True,12460,175364,0,0,0.048196,0.000000,1601004871,8,F
3791,419020,12461,48,1,72,15E75181,True,12461,175367,0,0,0.051029,0.000000,1601004871,8,F
3792,419092,12462,48,1,72,36F12120,True,12462,175355,0,0,0.083457,0.000000,1601004871,8,F
3793,419164,12463,48,1,72,7BAC5683,True,12463,509103,0,0,0.077912,0.000000,1601004871,8,F
3794,419236,12464,48,1,72,15F5D900,True,12464,509106,0,0,0.186463,0.000000,1601004871,8,F
3795,419308,12465,48,1,72,1A472019,True,12465,509115,0,0,0.031172,0.000000,1601004871,8,F
3796,419380,12466,48,1,72,2E33684F,True,12466,509112,0,0,0.041995,0.000000,1601004871,8,F
3797,419452,12467,48,1,72,49B5B5BA,True,12467,509100,0,0,0.151871,0.000000,1601004871,8,F
3798,419524,12468,48,1,72,CF18386B,True,12468,509128,0,0,0.147746,0.000000,1601004871,8,F
3799,419596,12469,48,1,72,D7BDA11B,True,12469,509109,0,0,0.069930,0.000000,1601004871,8,F
3800,419668,12470,48,1,72,773D61A6,True,12470,509100,0,0,0.151871,0.000000,1601004871,8,F
3801,419740,12471,48,1,72,422A0380,True,12471,509096,0,0,0.092927,0.000000,1601004871,8,F
3802,419812,12472,48,1,72,16BA37E7,True,12472,509103,0,0,0.077912,0.000000,1601004871,8,F
3803,419884,12473,48,1,72,0DB89244,True,12473,509109,0,0,0.069930,0.000000,1601004871,8,F
3804,419956,12474,48,1,72,0A4B5D52,True,12474,509106,0,0,0.186463,0.000000,1601004871,8,F
3805,420028,12475,48,1,72,6C9C95EF,True,12475,509100,0,0,0.151871,0.000000,1601004871,8,F
3806,420100,12476,48,1,72,D0DA4D3C,True,12476,509096,0,0,0.092927,0.000000,1601004871,8,F
3807,420172,12477,48,1,72,3BE5A30F,True,12477,509103,0,0,0.077912,0.000000,1601004871,8,F
3808,420244,12748,49,1,72,63BBA936,True,12748,576352,0,0,0.387583,0.000000,1886220131,7,F
3809,420316,12749,70,1,108,125A2BF5,True,12749,576352,0,0,0.387583,0.000000,1886220131,22,F
3810,420424,12750,70,1,108,233878A7,True,12750,576352,0,0,0.387583,0.000000,1886220131,22,F
3811,420532,12751,70,1,108,21340DB4,True,12751,576352,0,0,0.387583,0.000000,1886220131,22,F
3812,420640,12752,70,1,108,23DA572B,True,12752,576352,0,0,0.387583,0.000000,1886220131,22,F
3813,420748,12753,70,1,108,B5D58D41,True,12753,576352,0,0,0.387583,0.000000,1886220131,22,F
3814,420856,12754,70,1,108,2EB227CF,True,12754,576352,0,0,0.387583,0.000000,1886220131,22,F
3815,420964,12755,70,1,108,1C51FAE5,True,12755,576352,0,0,0.387583,0.000000,1886220131,22,F
3816,421072,12756,70,1,108,F5742A38,True,12756,576352,0,0,0.387583,0.000000,1886220131,22,F
3817,421180,12757,70,1,108,66DB6216,True,12757,576352,0,0,0.387583,0.000000,1886220131,22,F
3818,421288,12758,70,1,108,493B7C54,True,12758,576352,0,0,0.387583,0.000000,1886220131,22,F
3819,421396,12759,70,1,108,DB15F08B,True,12759,576352,0,0,0.387583,0.000000,1886220131,22,F
3820,421504,12760,70,1,108,97F54296,True,12760,576352,0,0,0.387583,0.000000,1886220131,22,F
3821,421612,12761,70,1,108,BD7F9B3B,True,12761,576352,0,0,0.387583,0.000000,1886220131,22,F
3822,421720,12762,70,1,108,09CA21F9,True,12762,576352,0,0,0.387583,0.000000,1886220131,22,F
3823,421828,12763,70,1,108,7C0ED717,True,12763,576352,0,0,0.387583,0.000000,1886220131,22,F
3824,421936,12764,70,1,108,28F9196B,True,12764,576352,0,0,0.387583,0.000000,1886220131,22,F
3825,422044,13795,28,1,72,7AE65FBF,True,13795,576171,0,0,0.769857,0.000000,0,28,F
3826,422116,13796,70,1,108,BE19F48A,True,13796,576171,0,0,0.769857,0.000000,1886220131,22,F
3827,422224,13797,70,1,108,CCD1CDB6,True,13797,576171,0,0,0.769857,0.000000,1886220131,22,F
3828,422332,13798,70,1,108,88FB1E89,True,13798,576171,0,0,0.418401,0.000000,1886220131,22,F
3829,422440,13799,70,1,108,23210530,True,13799,576171,0,0,0.347660,0.000000,1886220131,22,F
3830,422548,13800,70,1,108,7C0CDC60,True,13800,576171,0,0,0.615357,0.000000,1886220131,22,F
3831,422656,13801,70,1,108,1C990DC6,True,13801,576171,0,0,0.769197,0.000000,1886220131,22,F
3832,422764,13802,70,1,108,F4BFF39C,True,13802,576171,0,0,0.347660,0.000000,1886220131,22,F
3833,422872,13803,70,1,108,842216B2,True,13803,576171,0,0,0.347660,0.000000,1886220131,22,F
3834,422980,13804,70,1,108,0096F543,True,13804,576171,0,0,0.347660,0.000000,1886220131,22,F
3835,423088,13805,70,1,108,8208D2FB,True,13805,576171,0,0,0.347660,0.000000,1886220131,22,F
3836,423196,13806,70,1,108,883622A0,True,13806,576171,0,0,0.347660,0.000000,1886220131,22,F
3837,423304,13807,70,1,108,5A485A21,True,13807,576171,0,0,0.244541,0.000000,1886220131,22,F
3838,423412,13808,70,1,108,37F79C59,True,13808,576171,0,0,0.481041,0.000000,1886220131,22,F
3839,423520,13809,70,1,108,5BD50EEF,True,13809,576171,0,0,0.367541,0.000000,1886220131,22,F
3840,423628,13810,70,1,108,BC9FC51B,True,13810,576171,0,0,0.367541,0.000000,1886220131,22,F
3841,423736,13811,70,1,108,0FB23674,True,13811,576171,0,0,0.296404,0.000000,1886220131,22,F
3842,423844,15872,70,1,108,2D5848B4,True,15872,576171,0,0,0.291640,0.000000,1886220131,22,F
3843,423952,15873,70,1,108,5E587526,True,15873,576171,0,0,0.291640,0.000000,1886220131,22,F
3844,424060,15874,70,1,108,D5C69557,True,15874,576171,0,0,0.291640,0.000000,1886220131,22,F
3845,424168,15875,70,1,108,A8C7DFDB,True,15875,576171,0,0,0.291640,0.000000,1886220131,22,F
3846,424276,15876,70,1,108,2B13CCA8,True,15876,576171,0,0,0.291640,0.000000,1886220131,22,F
3847,424384,15877,70,1,108,D5D5D420,True,15877,576171,0,0,0.291640,0.000000,1886220131,22,F
3848,424492,15878,70,1,108,8239E014,True,15878,576171,0,0,0.291640,0.000000,1886220131,22,F
3849,424600,15879,70,1,108,536C5F6F,True,15879,576171,0,0,0.291640,0.000000,1886220131,22,F
3850,424708,16135,70,1,108,DB1A4F2C,True,16135,576171,0,0,0.291640,0.000000,1886220131,22,F
3851,424816,12628,28,1,72,C359B828,True,12628,238500,0,0,0.443566,0.000000,0,28,F
3852,424888,12673,28,1,72,495F6BE6,True,12673,500119,0,0,0.222791,0.000000,0,28,F
3853,424960,12804,28,1,72,E10DB03E,True,12804,317857,0,0,0.421625,0.000000,0,28,F
3854,425032,13024,28,1,72,E5198370,True,13024,546439,546440,0,0.276598,0.000000,0,28,F
3855,425104,13812,28,1,72,158591AC,True,13812,254759,0,0,0.109545,0.000000,0,28,F
3856,425176,13813,28,1,72,DFBC2694,True,13813,254734,0,0,0.127476,0.000000,0,28,F
3857,425248,13814,28,1,72,46AA439C,True,13814,258090,0,0,0.134629,0.000000,0,28,F
3858,425320,13815,82,1,108,91958650,True,13815,254759,0,0,0.109545,0.000000,1953720688,10,F
3859,425428,13816,80,1,108,39F24F81,True,13816,254734,0,0,0.127476,0.000000,1818650994,12,F
3860,425536,13817,86,1,108,0E920B24,True,13817,258090,0,0,0.134629,0.000000,1853186412,6,F
3861,425644,13818,28,1,72,10D732E9,True,13818,386667,0,0,0.235622,0.000000,0,28,F
3862,425716,13307,28,1,72,AF56BB9C,True,13307,494222,0,0,0.165469,0.000000,0,28,F
3863,425788,13308,28,1,72,AB5F48CF,True,13308,494222,0,0,0.165469,0.000000,0,28,F
3864,425860,13309,28,1,72,AAEAB5D2,True,13309,494222,0,0,0.165469,0.000000,0,28,F
3865,425932,13310,28,1,72,A834B2F5,True,13310,494222,0,0,0.165469,0.000000,0,28,F
3866,426004,13311,28,1,72,A9814FE8,True,13311,494222,0,0,0.165469,0.000000,0,28,F
3867,426076,13312,28,1,72,E893A965,True,13312,494222,0,0,0.165469,0.000000,0,28,F
3868,426148,13313,28,1,72,E9265478,True,13313,494222,0,0,0.165469,0.000000,0,28,F
3869,426220,13314,28,1,72,EBF8535F,True,13314,494222,0,0,0.165469,0.000000,0,28,F
3870,426292,13315,28,1,72,EA4DAE42,True,13315,494222,0,0,0.165469,0.000000,0,28,F
3871,426364,13316,28,1,72,EE445D11,True,13316,494222,0,0,0.165469,0.000000,0,28,F
3872,426436,13317,28,1,72,EFF1A00C,True,13317,494222,0,0,0.165469,0.000000,0,28,F
3873,426508,13318,28,1,72,ED2FA72B,True,13318,494222,0,0,0.165469,0.000000,0,28,F
3874,426580,13319,28,1,72,EC9A5A36,True,13319,494222,0,0,0.165469,0.000000,0,28,F
3875,426652,13320,28,1,72,E53C418D,True,13320,494222,0,0,0.165469,0.000000,0,28,F
3876,426724,13321,28,1,72,E489BC90,True,13321,494222,0,0,0.165469,0.000000,0,28,F
3877,426796,13322,28,1,72,E657BBB7,True,13322,494222,0,0,0.165469,0.000000,0,28,F
3878,426868,13323,28,1,72,E7E246AA,True,13323,494222,0,0,0.165469,0.000000,0,28,F
3879,426940,13324,28,1,72,E3EBB5F9,True,13324,494222,0,0,0.165469,0.000000,0,28,F
3880,427012,13325,28,1,72,E25E48E4,True,13325,494222,0,0,0.165469,0.000000,0,28,F
3881,427084,13326,28,1,72,E0804FC3,True,13326,494222,0,0,0.165469,0.000000,0,28,F
3882,427156,13327,28,1,72,E135B2DE,True,13327,494222,0,0,0.165469,0.000000,0,28,F
3883,427228,13328,28,1,72,F3CC78B5,True,13328,494222,0,0,0.165469,0.000000,0,28,F
3884,427300,13329,28,1,72,F27985A8,True,13329,494222,0,0,0.165469,0.000000,0,28,F
3885,427372,13330,28,1,72,F0A7828F,True,13330,494222,0,0,0.165469,0.000000,0,28,F
3886,427444,13331,28,1,72,F1127F92,True,13331,494222,0,0,0.165469,0.000000,0,28,F
3887,427516,13332,28,1,72,F51B8CC1,True,13332,494222,0,0,0.165469,0.000000,0,28,F
3888,427588,13333,28,1,72,F4AE71DC,True,13333,494222,0,0,0.165469,0.000000,0,28,F
3889,427660,13334,28,1,72,F67076FB,True,13334,494222,0,0,0.165469,0.000000,0,28,F
3890,427732,13335,28,1,72,F7C58BE6,True,13335,494222,0,0,0.165469,0.000000,0,28,F
3891,427804,13336,28,1,72,FE63905D,True,13336,494222,0,0,0.165469,0.000000,0,28,F
3892,427876,13337,28,1,72,FFD66D40,True,13337,494222,0,0,0.165469,0.000000,0,28,F
3893,427948,13338,28,1,72,FD086A67,True,13338,494222,0,0,0.165469,0.000000,0,28,F
3894,428020,13339,28,1,72,FCBD977A,True,13339,494222,0,0,0.165469,0.000000,0,28,F
3895,428092,13340,28,1,72,F8B46429,True,13340,494222,0,0,0.165469,0.000000,0,28,F
3896,428164,13341,28,1,72,F9019934,True,13341,494222,0,0,0.165469,0.000000,0,28,F
3897,428236,13342,28,1,72,FBDF9E13,True,13342,494222,0,0,0.165469,0.000000,0,28,F
3898,428308,13343,28,1,72,FA6A630E,True,13343,494222,0,0,0.165469,0.000000,0,28,F
3899,428380,13344,28,1,72,DE2C0AC5,True,13344,494222,0,0,0.165469,0.000000,0,28,F
3900,428452,13345,28,1,72,DF99F7D8,True,13345,494222,0,0,0.165469,0.000000,0,28,F
3901,428524,13346,28,1,72,DD47F0FF,True,13346,494222,0,0,0.165469,0.000000,0,28,F
3902,428596,13347,28,1,72,DCF20DE2,True,13347,494222,0,0,0.165469,0.000000,0,28,F
3903,428668,13348,28,1,72,D8FBFEB1,True,13348,494222,0,0,0.165469,0.000000,0,28,F
3904,428740,13349,28,1,72,D94E03AC,True,13349,494222,0,0,0.165469,0.000000,0,28,F
3905,428812,13350,28,1,72,DB90048B,True,13350,494222,0,0,0.165469,0.000000,0,28,F
3906,428884,13351,28,1,72,DA25F996,True,13351,494222,0,0,0.165469,0.000000,0,28,F
3907,428956,13352,28,1,72,D383E22D,True,13352,494222,0,0,0.165469,0.000000,0,28,F
3908,429028,13353,28,1,72,D2361F30,True,13353,494222,0,0,0.165469,0.000000,0,28,F
3909,429100,13354,28,1,72,D0E81817,True,13354,494222,0,0,0.165469,0.000000,0,28,F
3910,429172,13355,28,1,72,D15DE50A,True,13355,494222,0,0,0.165469,0.000000,0,28,F
3911,429244,13356,28,1,72,D5541659,True,13356,494222,0,0,0.165469,0.000000,0,28,F
3912,429316,13357,28,1,72,D4E1EB44,True,13357,494222,0,0,0.165469,0.000000,0,28,F
3913,429388,13358,28,1,72,D63FEC63,True,13358,494222,0,0,0.165469,0.000000,0,28,F
3914,429460,13359,28,1,72,D78A117E,True,13359,494222,0,0,0.165469,0.000000,0,28,F
3915,429532,13360,28,1,72,C573DB15,True,13360,494222,0,0,0.165469,0.000000,0,28,F
3916,429604,13361,28,1,72,C4C62608,True,13361,494222,0,0,0.165469,0.000000,0,28,F
3917,429676,13362,28,1,72,C618212F,True,13362,494222,0,0,0.165469,0.000000,0,28,F
3918,429748,13363,28,1,72,C7ADDC32,True,13363,494222,0,0,0.165469,0.000000,0,28,F
3919,429820,13364,28,1,72,C3A42F61,True,13364,494222,0,0,0.165469,0.000000,0,28,F
3920,429892,13365,28,1,72,C211D27C,True,13365,494222,0,0,0.165469,0.000000,0,28,F
3921,429964,13366,28,1,72,C0CFD55B,True,13366,494222,0,0,0.165469,0.000000,0,28,F
3922,430036,13367,28,1,72,C17A2846,True,13367,494222,0,0,0.165469,0.000000,0,28,F
3923,430108,13368,28,1,72,C8DC33FD,True,13368,494222,0,0,0.165469,0.000000,0,28,F
3924,430180,13369,28,1,72,C969CEE0,True,13369,494222,0,0,0.165469,0.000000,0,28,F
3925,430252,13370,28,1,72,CBB7C9C7,True,13370,494222,0,0,0.165469,0.000000,0,28,F
3926,430324,13371,28,1,72,CA0234DA,True,13371,494222,0,0,0.165469,0.000000,0,28,F
3927,430396,13372,28,1,72,CE0BC789,True,13372,494222,0,0,0.165469,0.000000,0,28,F
3928,430468,13373,28,1,72,CFBE3A94,True,13373,494222,0,0,0.165469,0.000000,0,28,F
3929,430540,13374,28,1,72,CD603DB3,True,13374,494222,0,0,0.165469,0.000000,0,28,F
3930,430612,13375,28,1,72,CCD5C0AE,True,13375,494222,0,0,0.165469,0.000000,0,28,F
3931,430684,13376,28,1,72,85ECEE25,True,13376,494222,0,0,0.165469,0.000000,0,28,F
3932,430756,13377,28,1,72,84591338,True,13377,494222,0,0,0.165469,0.000000,0,28,F
3933,430828,13378,28,1,72,8687141F,True,13378,494222,0,0,0.165469,0.000000,0,28,F
3934,430900,13379,28,1,72,8732E902,True,13379,494222,0,0,0.165469,0.000000,0,28,F
3935,430972,13380,28,1,72,833B1A51,True,13380,494222,0,0,0.165469,0.000000,0,28,F
3936,431044,13381,28,1,72,828EE74C,True,13381,494222,0,0,0.165469,0.000000,0,28,F
3937,431116,13382,28,1,72,8050E06B,True,13382,494222,0,0,0.165469,0.000000,0,28,F
3938,431188,13383,28,1,72,81E51D76,True,13383,494222,0,0,0.165469,0.000000,0,28,F
3939,431260,13384,28,1,72,884306CD,True,13384,494222,0,0,0.165469,0.000000,0,28,F
3940,431332,13385,28,1,72,89F6FBD0,True,13385,494222,0,0,0.165469,0.000000,0,28,F
3941,431404,13386,28,1,72,8B28FCF7,True,13386,494222,0,0,0.165469,0.000000,0,28,F
3942,431476,13387,28,1,72,8A9D01EA,True,13387,494222,0,0,0.165469,0.000000,0,28,F
3943,431548,13388,28,1,72,8E94F2B9,True,13388,494222,0,0,0.165469,0.000000,0,28,F
3944,431620,13389,28,1,72,8F210FA4,True,13389,494222,0,0,0.165469,0.000000,0,28,F
3945,431692,13390,28,1,72,8DFF0883,True,13390,494222,0,0,0.165469,0.000000,0,28,F
3946,431764,13391,28,1,72,8C4AF59E,True,13391,494222,0,0,0.165469,0.000000,0,28,F
3947,431836,13392,28,1,72,9EB33FF5,True,13392,494222,0,0,0.165469,0.000000,0,28,F
3948,431908,16397,28,1,72,C321754B,True,16397,494222,0,0,0.165469,0.000000,0,28,F
3949,431980,13895,28,1,72,B1E2A05A,True,13895,531943,0,0,0.434198,0.000000,0,28,F
3950,432052,13896,28,1,72,178B1639,True,13896,531942,0,0,0.271074,0.000000,0,28,F
3951,432124,13897,28,1,72,790547E7,True,13897,531935,0,0,0.238151,0.000000,0,28,F
3952,432196,13898,28,1,72,DAC050CD,True,13898,531939,0,0,0.258672,0.000000,0,28,F
3953,432268,13899,28,1,72,055CB380,True,13899,529721,0,0,0.182765,0.000000,0,28,F
3954,432340,13900,28,1,72,33CC90C3,True,13900,531941,0,0,0.246708,0.000000,0,28,F
3955,432412,13901,28,1,72,13D5D721,True,13901,531940,0,0,0.361379,0.000000,0,28,F
3956,432484,13902,28,1,72,7C3B4AEC,True,13902,531938,0,0,0.296863,0.000000,0,28,F
3957,432556,13903,28,1,72,6A28B512,True,13903,531928,0,0,0.106470,0.000000,0,28,F
3958,432628,13904,28,1,72,94418273,True,13904,531932,0,0,0.221883,0.000000,0,28,F
3959,432700,11799,72,1,108,DCF889EE,True,11799,3109,0,0,0.223971,0.000000,813199170,20,F
3960,432808,11800,72,1,108,66B9B529,True,11800,3109,0,0,0.223971,0.000000,813199170,20,F
3961,432916,11801,72,1,108,4B9D0B77,True,11801,544572,0,0,0.075397,0.000000,813199170,20,F
3962,433024,11802,72,1,108,697CDAB0,True,11802,3109,0,0,0.223971,0.000000,813199170,20,F
3963,433132,11803,72,1,108,F7518994,True,11803,544571,0,0,0.154948,0.000000,813199170,20,F
3964,433240,11804,72,1,108,4B33B931,True,11804,544570,0,0,0.139200,0.000000,813199170,20,F
3965,433348,11805,72,1,108,5F9AF77F,True,11805,3109,0,0,0.223971,0.000000,813199170,20,F
3966,433456,11806,72,1,108,16CDDC1C,True,11806,544572,0,0,0.075397,0.000000,813199170,20,F
3967,433564,11807,72,1,108,0E321F10,True,11807,3109,0,0,0.223971,0.000000,813199170,20,F
3968,433672,11808,72,1,108,8C6892B2,True,11808,524354,0,0,0.158637,0.000000,813199170,20,F
3969,433780,11809,72,1,108,3087D97A,True,11809,544571,0,0,0.154948,0.000000,813199170,20,F
3970,433888,11810,72,1,108,A0BB2595,True,11810,3109,0,0,0.223971,0.000000,813199170,20,F
3971,433996,11811,72,1,108,F47D3AA9,True,11811,3109,0,0,0.223971,0.000000,813199170,20,F
3972,434104,11812,72,1,108,0BA305D1,True,11812,524354,0,0,0.158637,0.000000,813199170,20,F
3973,434212,11813,72,1,108,E1F9313D,True,11813,524354,0,0,0.158637,0.000000,813199170,20,F
3974,434320,11814,72,1,108,93E2A12E,True,11814,3109,0,0,0.223971,0.000000,813199170,20,F
3975,434428,11815,72,1,108,38148F58,True,11815,544571,0,0,0.154948,0.000000,813199170,20,F
3976,434536,11816,72,1,108,38A9D475,True,11816,524354,0,0,0.158637,0.000000,813199170,20,F
3977,434644,11817,72,1,108,8BB5DA57,True,11817,3109,0,0,0.223971,0.000000,813199170,20,F
3978,434752,11818,72,1,108,D9E32A97,True,11818,544570,0,0,0.139200,0.000000,813199170,20,F
3979,434860,11819,72,1,108,81521F95,True,11819,3109,0,0,0.223971,0.000000,813199170,20,F
3980,434968,11820,72,1,108,261EDA71,True,11820,3109,0,0,0.223971,0.000000,813199170,20,F
3981,435076,11821,72,1,108,F0A56D92,True,11821,3109,0,0,0.223971,0.000000,813199170,20,F
3982,435184,11822,72,1,108,F9BCB0FF,True,11822,544570,0,0,0.139200,0.000000,813199170,20,F
3983,435292,11823,72,1,108,EC689546,True,11823,544571,0,0,0.154948,0.000000,813199170,20,F
3984,435400,11824,72,1,108,95B249C2,True,11824,3109,0,0,0.223971,0.000000,813199170,20,F
3985,435508,11825,72,1,108,081B7532,True,11825,544570,0,0,0.139200,0.000000,813199170,20,F
3986,435616,11826,72,1,108,45638EA9,True,11826,3109,0,0,0.223971,0.000000,813199170,20,F
3987,435724,11827,72,1,108,F71D6E0B,True,11827,544570,0,0,0.139200,0.000000,813199170,20,F
3988,435832,11828,72,1,108,524D7DF1,True,11828,3109,0,0,0.223971,0.000000,813199170,20,F
3989,435940,11829,72,1,108,F7E6697A,True,11829,524354,0,0,0.158637,0.000000,813199170,20,F
3990,436048,11830,72,1,108,1841CCDA,True,11830,544571,0,0,0.154948,0.000000,813199170,20,F
3991,436156,11831,72,1,108,2D3198D4,True,11831,3109,0,0,0.223971,0.000000,813199170,20,F
3992,436264,11832,72,1,108,BDC42D5D,True,11832,3109,0,0,0.223971,0.000000,813199170,20,F
3993,436372,11833,72,1,108,4A894407,True,11833,524354,0,0,0.158637,0.000000,813199170,20,F
3994,436480,11834,72,1,108,EEF67C70,True,11834,524354,0,0,0.158637,0.000000,813199170,20,F
3995,436588,11835,72,1,108,B58F5F3E,True,11835,524354,0,0,0.158637,0.000000,813199170,20,F
3996,436696,11836,72,1,108,B99E9DF0,True,11836,524354,0,0,0.158637,0.000000,813199170,20,F
3997,436804,13921,72,1,108,F0DB4991,True,13921,524354,0,0,0.158637,0.000000,813199170,20,F
3998,436912,16127,72,1,108,341DF6AF,True,16127,524354,0,0,0.139200,0.000000,813199170,20,F
3999,437020,16206,72,1,108,097C025B,True,16206,524354,0,0,0.223971,0.000000,813199170,20,F
4000,437128,16207,72,1,108,EACD96CD,True,16207,524354,0,0,0.223971,0.000000,813199170,20,F
4001,437236,12630,76,1,108,43EA11C3,True,12630,586456,0,0,0.135903,0.000000,1701734765,16,F
4002,437344,12631,76,1,108,697454B8,True,12631,586456,0,0,0.135903,0.000000,1701734765,16,F
4003,437452,12632,76,1,108,8F1A9313,True,12632,586451,0,0,0.190007,0.000000,1701734765,16,F
4004,437560,12633,76,1,108,5695B0F2,True,12633,586451,0,0,0.190007,0.000000,1701734765,16,F
4005,437668,12634,76,1,108,B232AAE5,True,12634,586456,0,0,0.135903,0.000000,1701734765,16,F
4006,437776,12635,76,1,108,47F987CA,True,12635,586454,0,0,0.202358,0.000000,1701734765,16,F
4007,437884,12636,76,1,108,100B6124,True,12636,586456,0,0,0.135903,0.000000,1701734765,16,F
4008,437992,12637,76,1,108,33581F0E,True,12637,586451,0,0,0.190007,0.000000,1701734765,16,F
4009,438100,12639,76,1,108,902D1060,True,12639,586451,0,0,0.190007,0.000000,1701734765,16,F
4010,438208,12640,76,1,108,415EB9DA,True,12640,586456,0,0,0.135903,0.000000,1701734765,16,F
4011,438316,12641,76,1,108,9FD38425,True,12641,586456,0,0,0.135903,0.000000,1701734765,16,F
4012,438424,12642,76,1,108,1D483945,True,12642,586456,0,0,0.135903,0.000000,1701734765,16,F
4013,438532,12643,76,1,108,74FDEAA0,True,12643,586456,0,0,0.135903,0.000000,1701734765,16,F
4014,438640,12644,76,1,108,48CB4CE3,True,12644,586456,0,0,0.135903,0.000000,1701734765,16,F
4015,438748,12645,76,1,108,627392B3,True,12645,586451,0,0,0.190007,0.000000,1701734765,16,F
4016,438856,12646,76,1,108,5C936C17,True,12646,586451,0,0,0.190007,0.000000,1701734765,16,F
4017,438964,12647,76,1,108,4933398B,True,12647,586451,0,0,0.190007,0.000000,1701734765,16,F
4018,439072,12648,76,1,108,E32E8872,True,12648,586456,0,0,0.135903,0.000000,1701734765,16,F
4019,439180,12649,76,1,108,AD02FCF1,True,12649,586456,0,0,0.135903,0.000000,1701734765,16,F
4020,439288,12650,76,1,108,C13516DF,True,12650,586456,0,0,0.135903,0.000000,1701734765,16,F
4021,439396,12651,76,1,108,908F9168,True,12651,586456,0,0,0.135903,0.000000,1701734765,16,F
4022,439504,12652,76,1,108,D9471128,True,12652,586456,0,0,0.135903,0.000000,1701734765,16,F
4023,439612,12653,76,1,108,6B87B792,True,12653,586451,0,0,0.190007,0.000000,1701734765,16,F
4024,439720,12654,76,1,108,D8441DA2,True,12654,586454,0,0,0.202358,0.000000,1701734765,16,F
4025,439828,12655,76,1,108,33ACE134,True,12655,586456,0,0,0.135903,0.000000,1701734765,16,F
4026,439936,12656,76,1,108,8711F882,True,12656,586456,0,0,0.135903,0.000000,1701734765,16,F
4027,440044,12657,76,1,108,F7B2C24E,True,12657,586456,0,0,0.135903,0.000000,1701734765,16,F
4028,440152,12658,76,1,108,93F87128,True,12658,586451,0,0,0.190007,0.000000,1701734765,16,F
4029,440260,12659,76,1,108,ABA442D1,True,12659,586456,0,0,0.135903,0.000000,1701734765,16,F
4030,440368,12660,76,1,108,7DA6A1B2,True,12660,586454,0,0,0.202358,0.000000,1701734765,16,F
4031,440476,12661,76,1,108,006F9E7D,True,12661,586454,0,0,0.202358,0.000000,1701734765,16,F
4032,440584,12662,76,1,108,16CDE837,True,12662,586454,0,0,0.202358,0.000000,1701734765,16,F
4033,440692,12663,76,1,108,C59AD51C,True,12663,586456,0,0,0.135903,0.000000,1701734765,16,F
4034,440800,12664,76,1,108,B7D752A6,True,12664,586455,0,0,0.239495,0.000000,1701734765,16,F
4035,440908,12665,76,1,108,535B5EEC,True,12665,586454,0,0,0.202358,0.000000,1701734765,16,F
4036,441016,12666,28,1,72,CB0171C0,True,12666,586451,0,0,0.190007,0.000000,0,28,F
4037,441088,12667,76,1,108,471AC90F,True,12667,586451,0,0,0.190007,0.000000,1701734765,16,F
4038,441196,12668,76,1,108,B6811D32,True,12668,586451,0,0,0.190007,0.000000,1701734765,16,F
4039,441304,13925,76,1,108,1162224C,True,13925,586456,0,0,0.220419,0.000000,1701734765,16,F
4040,441412,15883,80,1,108,47139B6B,True,15883,584910,0,0,0.161738,0.000000,1852798067,12,F
4041,441520,15884,52,1,72,78E28DE6,True,15884,584907,0,0,0.023802,0.000000,1886217575,4,F
4042,441592,15885,80,1,108,6908EC1B,True,15885,584915,0,0,0.005733,0.000000,1635018093,12,F
4043,441700,15886,80,1,108,5118DC81,True,15886,584910,0,0,0.161738,0.000000,1852798067,12,F
4044,441808,15887,80,1,108,FF7AE50F,True,15887,584910,0,0,0.161738,0.000000,1852798067,12,F
4045,441916,15888,80,1,108,290AD576,True,15888,584910,0,0,0.161738,0.000000,1852798067,12,F
4046,442024,15889,28,1,72,9E276554,True,15889,584910,0,0,0.161738,0.000000,0,28,F
4047,442096,15890,80,1,108,ACD073B3,True,15890,584910,0,0,0.161738,0.000000,1852798067,12,F
4048,442204,15920,52,1,72,878011FD,True,15920,584907,0,0,0.023802,0.000000,1886217575,4,F
4049,442276,15921,52,1,72,9D884BC0,True,15921,584907,0,0,0.023802,0.000000,1886217575,4,F
4050,442348,15922,52,1,72,5DF2499D,True,15922,584907,0,0,0.023802,0.000000,1886217575,4,F
4051,442420,15928,80,1,108,59045285,True,15928,584915,0,0,0.005733,0.000000,1635018093,12,F
4052,442528,15929,80,1,108,92B1F939,True,15929,584915,0,0,0.005733,0.000000,1635018093,12,F
4053,442636,15930,54,1,72,58BD97B9,True,15930,584915,0,0,0.005733,0.000000,1635018093,2,F
4054,442708,15931,54,1,72,B6DA5531,True,15931,584915,0,0,0.005733,0.000000,1635018093,2,F
4055,442780,16128,76,1,108,92AE6800,True,16128,586451,0,0,0.135903,0.000000,1701734765,16,F
4056,442888,16204,76,1,108,336DAB41,True,16204,586454,0,0,0.202358,0.000000,1701734765,16,F
4057,442996,16205,76,1,108,ECA6BC4A,True,16205,586454,0,0,0.202358,0.000000,1701734765,16,F
4058,443104,13988,28,1,72,9709E9D1,True,13988,239282,0,0,0.312958,0.000000,0,28,F
4059,443176,13989,28,1,72,820161F0,True,13989,239259,0,0,0.369675,0.000000,0,28,F
4060,443248,13990,28,1,72,DE81C181,True,13990,239260,0,0,0.254855,0.000000,0,28,F
4061,443320,13991,28,1,72,CE83AC41,True,13991,239263,0,0,0.280712,0.000000,0,28,F
4062,443392,13992,28,1,72,9371DEDF,True,13992,381073,0,0,0.177871,0.000000,0,28,F
4063,443464,13993,28,1,72,66BFD01B,True,13993,380866,0,0,0.194030,0.000000,0,28,F
4064,443536,13994,51,1,72,C18C4FF4,True,13994,380867,0,0,0.305947,0.000000,1701470831,5,F
4065,443608,13995,28,1,72,40EA5E5D,True,13995,381081,0,0,0.164334,0.000000,0,28,F
4066,443680,13996,51,1,72,EEF0841A,True,13996,380869,0,0,0.426376,0.000000,1701470831,5,F
4067,443752,13997,28,1,72,D36FEAF1,True,13997,380871,0,0,0.183711,0.000000,0,28,F
4068,443824,13998,51,1,72,C723508D,True,13998,387337,0,0,0.190060,0.000000,1701470831,5,F
4069,443896,13999,28,1,72,759A56C7,True,13999,387348,0,0,0.114297,0.000000,0,28,F
4070,443968,14000,28,1,72,F30A0801,True,14000,471532,0,0,0.193645,0.000000,0,28,F
4071,444040,14001,28,1,72,DCF8242D,True,14001,492784,0,0,0.157870,0.000000,0,28,F
4072,444112,14002,28,1,72,16A27BB4,True,14002,493105,0,0,0.277937,0.000000,0,28,F
4073,444184,14003,28,1,72,502194BE,True,14003,506379,0,0,0.228043,0.000000,0,28,F
4074,444256,14004,28,1,72,F0C809D9,True,14004,506384,0,0,0.139855,0.000000,0,28,F
4075,444328,14005,28,1,72,B327671E,True,14005,506387,0,0,0.094870,0.000000,0,28,F
4076,444400,14006,28,1,72,FE81E4A4,True,14006,524488,0,0,0.221435,0.000000,0,28,F
4077,444472,14007,28,1,72,EEA22149,True,14007,524491,0,0,0.160840,0.000000,0,28,F
4078,444544,14008,28,1,72,A6ECDC04,True,14008,524484,0,0,0.285332,0.000000,0,28,F
4079,444616,14009,28,1,72,DBB23E92,True,14009,540070,0,0,0.186216,0.000000,0,28,F
4080,444688,14010,28,1,72,4187CD05,True,14010,540069,0,0,0.220111,0.000000,0,28,F
4081,444760,14011,28,1,72,3B13D5FA,True,14011,540075,0,0,0.365739,0.000000,0,28,F
4082,444832,14012,28,1,72,677EE505,True,14012,540068,0,0,0.255313,0.000000,0,28,F
4083,444904,13926,28,1,72,9D002C6B,True,13926,540075,0,0,0.365739,0.000000,0,28,F
4084,444976,13927,28,1,72,C4D112DA,True,13927,540068,0,0,0.255313,0.000000,0,28,F
4085,445048,13928,28,1,72,EE322F2F,True,13928,540069,0,0,0.220111,0.000000,0,28,F
4086,445120,13929,28,1,72,776C2682,True,13929,540070,0,0,0.186216,0.000000,0,28,F
4087,445192,13930,28,1,72,88519D99,True,13930,540071,0,0,0.097086,0.000000,0,28,F
4088,445264,16125,28,1,72,A210BFF7,True,16125,588770,0,0,0.097086,0.000000,0,28,F
4089,445336,14014,28,1,72,DF0C0E44,True,14014,239338,0,0,0.211324,0.000000,0,28,F
4090,445408,14015,28,1,72,80C4C515,True,14015,239341,0,0,0.203637,0.000000,0,28,F
4091,445480,14016,28,1,72,3266BA2A,True,14016,239344,0,0,0.174322,0.000000,0,28,F
4092,445552,14017,51,1,72,A1D47DA3,True,14017,239347,0,0,0.270823,0.000000,1701470831,5,F
4093,445624,14018,28,1,72,0B6897ED,True,14018,380943,0,0,0.260558,0.000000,0,28,F
4094,445696,14019,28,1,72,39234BB2,True,14019,381093,0,0,0.209710,0.000000,0,28,F
4095,445768,14020,51,1,72,342290E0,True,14020,381096,0,0,0.305947,0.000000,1701470831,5,F
4096,445840,14021,51,1,72,0F149A81,True,14021,381331,0,0,0.146484,0.000000,1701470831,5,F
4097,445912,14022,28,1,72,0DE4AA3E,True,14022,381102,0,0,0.426376,0.000000,0,28,F
4098,445984,14023,28,1,72,6B0375F7,True,14023,381343,0,0,0.248917,0.000000,0,28,F
4099,446056,14024,28,1,72,0105DF58,True,14024,493088,0,0,0.445977,0.000000,0,28,F
4100,446128,14025,28,1,72,DD753FA5,True,14025,506363,0,0,0.157191,0.000000,0,28,F
4101,446200,14026,28,1,72,B225788B,True,14026,506367,0,0,0.124856,0.000000,0,28,F
4102,446272,14027,28,1,72,BB2FCFD9,True,14027,506376,0,0,0.101381,0.000000,0,28,F
4103,446344,14028,28,1,72,F4AAF9C0,True,14028,524510,0,0,0.144904,0.000000,0,28,F
4104,446416,14029,28,1,72,E7BAB1EA,True,14029,524502,0,0,0.089690,0.000000,0,28,F
4105,446488,14030,28,1,72,5C16FEAC,True,14030,524517,0,0,0.078936,0.000000,0,28,F
4106,446560,14031,28,1,72,2CBF1A00,True,14031,540101,0,0,0.294043,0.000000,0,28,F
4107,446632,14032,28,1,72,57EFA5A8,True,14032,540100,0,0,0.228771,0.000000,0,28,F
4108,446704,14033,28,1,72,842DF97B,True,14033,540098,0,0,0.239199,0.000000,0,28,F
4109,446776,14034,28,1,72,A5177B27,True,14034,540099,0,0,0.143042,0.000000,0,28,F
4110,446848,13931,28,1,72,7DF71759,True,13931,540098,0,0,0.239199,0.000000,0,28,F
4111,446920,13932,28,1,72,5A1A6171,True,13932,540099,0,0,0.143042,0.000000,0,28,F
4112,446992,13933,28,1,72,AA3CB8D9,True,13933,540100,0,0,0.228771,0.000000,0,28,F
4113,447064,13934,28,1,72,C14BCA3D,True,13934,540101,0,0,0.294043,0.000000,0,28,F
4114,447136,13935,28,1,72,DA43520F,True,13935,540102,0,0,0.769572,0.000000,0,28,F
4115,447208,16126,28,1,72,1CAC4D97,True,16126,588772,0,0,0.769572,0.000000,0,28,F
4116,447280,12806,28,1,72,43DC44B7,True,12806,380670,0,0,0.194030,0.000000,0,28,F
4117,447352,12808,28,1,72,680197B9,True,12808,380702,0,0,0.183856,0.000000,0,28,F
4118,447424,13852,28,1,72,4811E4E3,True,13852,380699,0,0,0.251885,0.000000,0,28,F
4119,447496,13905,28,1,72,8D8CEBA1,True,13905,531031,0,0,0.131321,0.000000,0,28,F
4120,447568,13906,28,1,72,85D65547,True,13906,531038,0,0,0.158503,0.000000,0,28,F
4121,447640,13864,28,1,72,EF17D3A6,True,13864,531917,0,0,0.314106,0.000000,0,28,F
4122,447712,13865,28,1,72,224036F9,True,13865,241721,0,0,0.233619,0.000000,0,28,F
4123,447784,13866,28,1,72,B799057A,True,13866,245902,0,0,0.122776,0.000000,0,28,F
4124,447856,13867,28,1,72,F9602D9D,True,13867,245945,0,0,0.181124,0.000000,0,28,F
4125,447928,13868,28,1,72,20E6515B,True,13868,245966,0,0,0.150124,0.000000,0,28,F
4126,448000,13869,28,1,72,48F8D611,True,13869,245996,0,0,0.223519,0.000000,0,28,F
4127,448072,13870,28,1,72,2A38F635,True,13870,246804,0,0,0.154196,0.000000,0,28,F
4128,448144,13871,28,1,72,2E09B176,True,13871,241691,0,0,0.197507,0.000000,0,28,F
4129,448216,13872,28,1,72,9FBF6EEA,True,13872,246812,0,0,0.121970,0.000000,0,28,F
4130,448288,13873,28,1,72,95D76859,True,13873,246711,0,0,0.172549,0.000000,0,28,F
4131,448360,13874,28,1,72,552826B7,True,13874,246702,0,0,0.230962,0.000000,0,28,F
4132,448432,13875,28,1,72,EA65682E,True,13875,246708,0,0,0.203399,0.000000,0,28,F
4133,448504,13876,28,1,72,338EB93E,True,13876,246761,0,0,0.225618,0.000000,0,28,F
4134,448576,13877,28,1,72,8079816F,True,13877,246766,0,0,0.167263,0.000000,0,28,F
4135,448648,13878,28,1,72,07905415,True,13878,246771,0,0,0.251028,0.000000,0,28,F
4136,448720,13879,28,1,72,5760E0BA,True,13879,246774,0,0,0.227700,0.000000,0,28,F
4137,448792,13880,28,1,72,A7D403F3,True,13880,246784,0,0,0.130597,0.000000,0,28,F
4138,448864,13881,28,1,72,79E6754F,True,13881,246791,0,0,0.140097,0.000000,0,28,F
4139,448936,13882,28,1,72,79AF2C58,True,13882,246822,0,0,0.210723,0.000000,0,28,F
4140,449008,13883,28,1,72,4E25003A,True,13883,246828,0,0,0.219959,0.000000,0,28,F
4141,449080,13884,28,1,72,50DC731F,True,13884,246833,0,0,0.266188,0.000000,0,28,F
4142,449152,13885,28,1,72,036C9BC1,True,13885,246839,0,0,0.115418,0.000000,0,28,F
4143,449224,13886,28,1,72,7BB1AD66,True,13886,246842,0,0,0.213469,0.000000,0,28,F
4144,449296,13887,28,1,72,00CDD8C3,True,13887,531921,0,0,0.285085,0.000000,0,28,F
4145,449368,13888,28,1,72,31E9F51D,True,13888,531914,0,0,0.033887,0.000000,0,28,F
4146,449440,13889,28,1,72,2F8001A2,True,13889,246817,0,0,0.220985,0.000000,0,28,F
4147,449512,13890,28,1,72,DFCCF652,True,13890,246809,0,0,0.253737,0.000000,0,28,F
4148,449584,13891,28,1,72,71B54BC0,True,13891,246836,0,0,0.139601,0.000000,0,28,F
4149,449656,13892,28,1,72,AE11B62E,True,13892,246845,0,0,0.185077,0.000000,0,28,F
4150,449728,13893,28,1,72,D6FA4631,True,13893,531924,0,0,0.045086,0.000000,0,28,F
4151,449800,13894,28,1,72,1BC1F48B,True,13894,529695,0,0,0.215340,0.000000,0,28,F
4152,449872,13853,28,1,72,6B31940A,True,13853,241742,0,0,0.170184,0.000000,0,28,F
4153,449944,13854,28,1,72,9D0BB5BF,True,13854,241756,0,0,0.209499,0.000000,0,28,F
4154,450016,13855,28,1,72,35F9E0A3,True,13855,240751,0,0,0.208468,0.000000,0,28,F
4155,450088,13856,28,1,72,CB27EA4D,True,13856,241724,0,0,0.192675,0.000000,0,28,F
4156,450160,13857,28,1,72,F7A43F4F,True,13857,245945,0,0,0.181124,0.000000,0,28,F
4157,450232,13858,28,1,72,4C959347,True,13858,246009,0,0,0.149524,0.000000,0,28,F
4158,450304,13859,28,1,72,78A3EAB3,True,13859,246642,0,0,0.346920,0.000000,0,28,F
4159,450376,13860,28,1,72,4E5990E2,True,13860,246693,0,0,0.272227,0.000000,0,28,F
4160,450448,13861,28,1,72,20CDA3A4,True,13861,241691,0,0,0.197507,0.000000,0,28,F
4161,450520,13862,28,1,72,5D791248,True,13862,240761,0,0,0.349008,0.000000,0,28,F
4162,450592,13863,28,1,72,9F4A162C,True,13863,246658,0,0,0.344821,0.000000,0,28,F
4163,450664,11839,64,1,108,0CC2D9AA,True,11839,329635,0,0,0.099539,0.000000,1065353216,28,F
4164,450772,11848,64,1,108,5E145B10,True,11848,329635,0,0,0.099539,0.000000,0,28,F
4165,450880,11849,64,1,108,BA7A3EC0,True,11849,329635,0,0,0.099539,0.000000,1065353216,28,F
4166,450988,11850,64,1,108,4E0799BF,True,11850,329635,0,0,0.099539,0.000000,1058219594,28,F
4167,451096,11851,64,1,108,75235959,True,11851,329635,0,0,0.099539,0.000000,1063675494,28,F
4168,451204,11852,64,1,108,6F5627D3,True,11852,329635,0,0,0.099539,0.000000,0,28,F
4169,451312,11853,64,1,108,AB70C89A,True,11853,329635,0,0,0.099539,0.000000,1058880113,28,F
4170,451420,11854,64,1,108,6DC4E764,True,11854,329635,0,0,0.099539,0.000000,1053944709,28,F
4171,451528,11942,64,1,108,B54E3812,True,11942,329635,0,0,0.099539,0.000000,1064682127,28,F
4172,451636,11943,64,1,108,34FFF9C7,True,11943,329635,0,0,0.099539,0.000000,1059870892,28,F
4173,451744,11944,64,1,108,A99E528F,True,11944,329635,0,0,0.099539,0.000000,0,28,F
4174,451852,11945,64,1,108,5A4982FE,True,11945,329635,0,0,0.099539,0.000000,0,28,F
4175,451960,11946,64,1,108,6A1C1963,True,11946,329635,0,0,0.099539,0.000000,1055286886,28,F
4176,452068,11947,64,1,108,9C2C4967,True,11947,329635,0,0,0.099539,0.000000,1065353216,28,F
4177,452176,11948,64,1,108,4B4D288D,True,11948,329635,0,0,0.099539,0.000000,1053609165,28,F
4178,452284,11949,64,1,108,3093F55B,True,11949,329635,0,0,0.099539,0.000000,1048642069,28,F
4179,452392,11950,64,1,108,94B1FF45,True,11950,329635,0,0,0.099539,0.000000,1051595899,28,F
4180,452500,11951,64,1,108,0FBA02A9,True,11951,329635,0,0,0.099539,0.000000,1058483802,28,F
4181,452608,11952,64,1,108,B3BE79CF,True,11952,329635,0,0,0.099539,0.000000,0,28,F
4182,452716,11953,64,1,108,7376C0BC,True,11953,329635,0,0,0.099539,0.000000,1035035337,28,F
4183,452824,11954,64,1,108,3E2C822A,True,11954,329635,0,0,0.099539,0.000000,1065353216,28,F
4184,452932,11955,64,1,108,052EB3B4,True,11955,329635,0,0,0.099539,0.000000,1050253722,28,F
4185,453040,11956,64,1,108,9A809077,True,11956,329635,0,0,0.099539,0.000000,1063041400,28,F
4186,453148,11957,64,1,108,149C5626,True,11957,329635,0,0,0.099539,0.000000,1056964608,28,F
4187,453256,11958,64,1,108,41E42B78,True,11958,329635,0,0,0.099539,0.000000,0,28,F
4188,453364,11959,64,1,108,2DA2B322,True,11959,329635,0,0,0.099539,0.000000,1051569592,28,F
4189,453472,11960,64,1,108,A2951B2B,True,11960,329635,0,0,0.099539,0.000000,1058494287,28,F
4190,453580,16218,64,1,108,CFD3D529,True,16218,329635,0,0,0.099539,0.000000,1045088956,28,F
4191,453688,16219,64,1,108,97B033BC,True,16219,329635,0,0,0.099539,0.000000,1045878492,28,F
4192,453796,16220,64,1,108,8E4F7503,True,16220,329635,0,0,0.099539,0.000000,1039463690,28,F
4193,453904,16221,64,1,108,702576B9,True,16221,329635,0,0,0.099539,0.000000,1050385322,28,F
4194,454012,16222,64,1,108,0250E5A2,True,16222,329635,0,0,0.099539,0.000000,1051174824,28,F
4195,454120,16223,64,1,108,2B657DFB,True,16223,329635,0,0,0.099539,0.000000,1041930880,28,F
4196,454228,16224,64,1,108,557AD3A2,True,16224,329635,0,0,0.099539,0.000000,1036831949,28,F
4197,454336,16400,64,1,108,6B8E6775,True,16400,329635,0,0,0.099539,0.000000,0,28,F
4198,454444,16401,64,1,108,D6A19A13,True,16401,329635,0,0,0.099539,0.000000,1050253722,28,F
4199,454552,16402,64,1,108,04B3DF02,True,16402,329635,0,0,0.099539,0.000000,1059984507,28,F
4200,454660,16403,64,1,108,367B8707,True,16403,329635,0,0,0.099539,0.000000,1051361018,28,F
4201,454768,12884,28,1,72,2DCD22B1,True,12884,498904,0,0,0.205290,0.000000,0,28,F
4202,454840,14517,64,1,108,8B25A4FD,True,14517,498935,0,0,0.117452,0.000000,1056964608,28,F
4203,454948,14518,64,1,108,56A4D046,True,14518,498879,0,0,0.204169,0.000000,1056964608,28,F
4204,455056,14519,64,1,108,AA786228,True,14519,498943,0,0,0.262160,0.000000,1056964608,28,F
4205,455164,15143,28,1,72,739F6DF6,True,15143,581409,0,0,0.262160,0.000000,0,28,F
4206,455236,15623,64,1,108,561EC1CE,True,15623,583242,0,0,0.204169,0.000000,1056964608,28,F
4207,455344,15624,64,1,108,35A0F8BA,True,15624,583245,0,0,0.204169,0.000000,1056964608,28,F
4208,455452,15625,64,1,108,89F171BB,True,15625,583244,0,0,0.204169,0.000000,1060320051,28,F
4209,455560,15626,64,1,108,EBAF17EE,True,15626,583247,0,0,0.204169,0.000000,0,28,F
4210,455668,15627,64,1,108,F63BE138,True,15627,583426,0,0,0.204169,0.000000,1061427347,28,F
4211,455776,15628,64,1,108,955F1991,True,15628,583427,0,0,0.204169,0.000000,1065286107,28,F
4212,455884,15629,64,1,108,EBC14CB3,True,15629,583247,0,0,0.204169,0.000000,1045220557,28,F
4213,455992,15630,64,1,108,03410B15,True,15630,583243,0,0,0.204169,0.000000,1064011039,28,F
4214,456100,15631,64,1,108,2BBD48F0,True,15631,583245,0,0,0.204169,0.000000,1061997773,28,F
4215,456208,15632,64,1,108,F07784E4,True,15632,583426,0,0,0.204169,0.000000,1061997773,28,F
4216,456316,15633,64,1,108,200CE03E,True,15633,498879,0,0,0.204169,0.000000,1008981770,28,F
4217,456424,15635,64,1,108,2EC861EB,True,15635,583242,0,0,0.204169,0.000000,1028443341,28,F
4218,456532,15636,64,1,108,56B19335,True,15636,583242,0,0,0.204169,0.000000,1062836634,28,F
4219,456640,15637,64,1,108,4D23C53B,True,15637,583242,0,0,0.204169,0.000000,1045220557,28,F
4220,456748,15719,64,1,108,AF50EB36,True,15719,583246,0,0,0.204169,0.000000,1065353216,28,F
4221,456856,15735,64,1,108,C689C7E8,True,15735,583427,0,0,0.204169,0.000000,1061158912,28,F
4222,456964,15818,64,1,108,6CC926D9,True,15818,583426,0,0,0.204169,0.000000,1008981770,28,F
4223,457072,15819,64,1,108,21D19610,True,15819,583245,0,0,0.204169,0.000000,1065286107,28,F
4224,457180,15941,64,1,108,CA7DE26A,True,15941,583242,0,0,0.204169,0.000000,1053609165,28,F
4225,457288,15987,64,1,108,EEB6803B,True,15987,583242,0,0,0.204169,0.000000,1050253722,28,F
4226,457396,15988,64,1,108,645F8797,True,15988,583242,0,0,0.204169,0.000000,1061997773,28,F
4227,457504,15989,64,1,108,13FE845E,True,15989,583242,0,0,0.204169,0.000000,1063675494,28,F
4228,457612,15990,64,1,108,B177505B,True,15990,583247,0,0,0.204169,0.000000,1048706862,28,F
4229,457720,15999,64,1,108,780883FD,True,15999,583242,0,0,0.204169,0.000000,998445679,28,F
4230,457828,16000,64,1,108,110CD161,True,16000,583242,0,0,0.204169,0.000000,1056964608,28,F
4231,457936,16001,64,1,108,816FF154,True,16001,583242,0,0,0.204169,0.000000,0,28,F
4232,458044,16002,64,1,108,DDA1B2EC,True,16002,583242,0,0,0.204169,0.000000,1044381696,28,F
4233,458152,16003,64,1,108,ABF658A7,True,16003,583242,0,0,0.204169,0.000000,1065353216,28,F
4234,458260,16004,64,1,108,B39D8DBE,True,16004,583242,0,0,0.204169,0.000000,1065353216,28,F
4235,458368,16005,64,1,108,C3EC1D32,True,16005,583242,0,0,0.204169,0.000000,1056964608,28,F
4236,458476,16006,64,1,108,3C6DE9F6,True,16006,583242,0,0,0.204169,0.000000,1058222899,28,F
4237,458584,16007,64,1,108,58D131C0,True,16007,583242,0,0,0.204169,0.000000,1053441393,28,F
4238,458692,16008,64,1,108,7833BB41,True,16008,583242,0,0,0.204169,0.000000,1058537472,28,F
4239,458800,16009,64,1,108,64DE047D,True,16009,583242,0,0,0.204169,0.000000,1056964608,28,F
4240,458908,16010,64,1,108,6A03481E,True,16010,583242,0,0,0.204169,0.000000,1061662228,28,F
4241,459016,16011,64,1,108,D8C41FC5,True,16011,583242,0,0,0.204169,0.000000,1057803469,28,F
4242,459124,16012,64,1,108,1B79F3E6,True,16012,583242,0,0,0.204169,0.000000,1048576000,28,F
4243,459232,16013,64,1,108,16589738,True,16013,583244,0,0,0.204169,0.000000,1054212104,28,F
4244,459340,16014,64,1,108,DC9C60BD,True,16014,583244,0,0,0.204169,0.000000,1058209796,28,F
4245,459448,16015,64,1,108,9EE203FE,True,16015,583244,0,0,0.204169,0.000000,1065286107,28,F
4246,459556,16016,64,1,108,FF26405A,True,16016,583244,0,0,0.204169,0.000000,1063507722,28,F
4247,459664,16017,64,1,108,FDFA0E4F,True,16017,583244,0,0,0.204169,0.000000,1049985286,28,F
4248,459772,16018,64,1,108,26354A8B,True,16018,583244,0,0,0.204169,0.000000,1058537472,28,F
4249,459880,16019,64,1,108,1D4CA36D,True,16019,583426,0,0,0.204169,0.000000,1045220557,28,F
4250,459988,16020,64,1,108,7DBEA07A,True,16020,583426,0,0,0.204169,0.000000,1060320051,28,F
4251,460096,16021,64,1,108,0F43D37A,True,16021,583426,0,0,0.204169,0.000000,1050253722,28,F
4252,460204,16022,64,1,108,0621B6A8,True,16022,583245,0,0,0.204169,0.000000,1062928388,28,F
4253,460312,16023,64,1,108,54710162,True,16023,583247,0,0,0.204169,0.000000,1008981770,28,F
4254,460420,16024,64,1,108,33183E5A,True,16024,583247,0,0,0.204169,0.000000,1054280253,28,F
4255,460528,16025,64,1,108,3E90160F,True,16025,583247,0,0,0.204169,0.000000,1060320051,28,F
4256,460636,16026,64,1,108,89763864,True,16026,583247,0,0,0.204169,0.000000,1050253722,28,F
4257,460744,16027,64,1,108,F2961D2A,True,16027,583247,0,0,0.204169,0.000000,1043857442,28,F
4258,460852,16028,64,1,108,71D681FB,True,16028,583247,0,0,0.204169,0.000000,1054867456,28,F
4259,460960,16029,64,1,108,D4D025BD,True,16029,583427,0,0,0.204169,0.000000,1065353216,28,F
4260,461068,16030,64,1,108,A8452319,True,16030,583427,0,0,0.204169,0.000000,1065286107,28,F
4261,461176,16031,64,1,108,213A0A63,True,16031,583427,0,0,0.204169,0.000000,1048706862,28,F
4262,461284,16032,64,1,108,F66937BF,True,16032,583247,0,0,0.204169,0.000000,1061158912,28,F
4263,461392,16035,64,1,108,136B5961,True,16035,583247,0,0,0.204169,0.000000,1054212104,28,F
4264,461500,16036,64,1,108,2A200699,True,16036,583247,0,0,0.204169,0.000000,1045220557,28,F
4265,461608,16037,64,1,108,FB48D4EE,True,16037,583245,0,0,0.204169,0.000000,1061427347,28,F
4266,461716,16038,64,1,108,2186A8F6,True,16038,583245,0,0,0.204169,0.000000,1065286107,28,F
4267,461824,16039,64,1,108,20522300,True,16039,583245,0,0,0.204169,0.000000,1065286107,28,F
4268,461932,16040,64,1,108,909A1526,True,16040,583244,0,0,0.204169,0.000000,1059782660,28,F
4269,462040,16041,64,1,108,453640D0,True,16041,583244,0,0,0.204169,0.000000,1061158912,28,F
4270,462148,16042,64,1,108,328F1762,True,16042,583244,0,0,0.204169,0.000000,1062469632,28,F
4271,462256,16043,64,1,108,763D98B9,True,16043,583244,0,0,0.204169,0.000000,1049362449,28,F
4272,462364,16044,64,1,108,019CFA1A,True,16044,583242,0,0,0.204169,0.000000,1061662228,28,F
4273,462472,16045,64,1,108,99345BCD,True,16045,583242,0,0,0.204169,0.000000,1061997773,28,F
4274,462580,16046,64,1,108,4911AD54,True,16046,583242,0,0,0.204169,0.000000,1050924810,28,F
4275,462688,16047,64,1,108,59487D31,True,16047,583242,0,0,0.204169,0.000000,1053609165,28,F
4276,462796,16048,64,1,108,7DE2B48A,True,16048,583426,0,0,0.204169,0.000000,1065287684,28,F
4277,462904,16049,64,1,108,CD04C746,True,16049,583247,0,0,0.204169,0.000000,1065287684,28,F
4278,463012,16050,64,1,108,42941457,True,16050,583243,0,0,0.204169,0.000000,1061158912,28,F
4279,463120,16051,64,1,108,BC8D7BEB,True,16051,583243,0,0,0.204169,0.000000,1058537472,28,F
4280,463228,16052,64,1,108,683C8E4D,True,16052,583243,0,0,0.204169,0.000000,1065287684,28,F
4281,463336,16053,64,1,108,85A631D4,True,16053,583243,0,0,0.204169,0.000000,1062338568,28,F
4282,463444,16054,64,1,108,5F7DFD4A,True,16054,583426,0,0,0.204169,0.000000,1056964608,28,F
4283,463552,16055,64,1,108,9A8D8325,True,16055,583426,0,0,0.204169,0.000000,1061421056,28,F
4284,463660,16056,64,1,108,D504847A,True,16056,583426,0,0,0.204169,0.000000,1065287684,28,F
4285,463768,16057,64,1,108,A42A60DA,True,16057,583426,0,0,0.204169,0.000000,1062928388,28,F
4286,463876,16058,64,1,108,59691D39,True,16058,583426,0,0,0.204169,0.000000,1065287684,28,F
4287,463984,16059,64,1,108,6C827961,True,16059,583426,0,0,0.204169,0.000000,1065287684,28,F
4288,464092,13940,28,1,72,6B986460,True,13940,498895,0,0,0.271587,0.000000,0,28,F
4289,464164,13941,28,1,72,8A58A3F0,True,13941,498940,0,0,0.162126,0.000000,0,28,F
4290,464236,13942,28,1,72,EC811AE4,True,13942,498900,0,0,0.115290,0.000000,0,28,F
4291,464308,13943,28,1,72,A2FF97EB,True,13943,498955,0,0,0.064976,0.000000,0,28,F
4292,464380,13944,28,1,72,9AB85812,True,13944,498890,0,0,0.201985,0.000000,0,28,F
4293,464452,13945,28,1,72,1915DA39,True,13945,498885,0,0,0.344129,0.000000,0,28,F
4294,464524,13464,28,1,72,4D9145E6,True,13464,511527,0,0,0.055866,0.000000,0,28,F
4295,464596,12920,106,1,144,CD1BA0F6,True,12920,501084,0,0,0.526049,0.000000,1332700487,22,F
4296,464740,12921,28,1,72,3F8DCC97,True,12921,501084,0,0,0.526049,0.000000,0,28,F
4297,464812,12922,80,1,108,81A67751,True,12922,501084,0,0,0.526049,0.000000,1332700487,12,F
4298,464920,12923,106,1,144,E65E8C2A,True,12923,501084,0,0,0.526049,0.000000,1332700487,22,F
4299,465064,12925,106,1,144,AA90DA20,True,12925,501089,0,0,1.570460,0.000000,1332700487,22,F
4300,465208,12926,80,1,108,6924BDB9,True,12926,501089,0,0,1.570460,0.000000,1332700487,12,F
4301,465316,12927,28,1,72,5980A31E,True,12927,501089,0,0,1.570460,0.000000,0,28,F
4302,465388,12928,106,1,144,F8952D2A,True,12928,501089,0,0,1.570460,0.000000,1332700487,22,F
4303,465532,12930,80,1,108,1DFDFC72,True,12930,501087,0,0,1.002000,0.000000,1332700487,12,F
4304,465640,12931,106,1,144,7C759BEF,True,12931,501087,0,0,1.002000,0.000000,1332700487,22,F
4305,465784,12932,106,1,144,0BF80C06,True,12932,501087,0,0,1.002000,0.000000,1332700487,22,F
4306,465928,12933,28,1,72,D2696B9F,True,12933,501087,0,0,1.002000,0.000000,0,28,F
4307,466000,16152,91,1,108,180702F3,True,16152,591148,0,0,0.663354,0.000000,1752393037,1,F
4308,466108,16153,70,1,108,84845B18,True,16153,591148,0,0,0.663354,0.000000,1752393037,22,F
4309,466216,16154,28,1,72,6CD35215,True,16154,591148,0,0,0.663354,0.000000,0,28,F
4310,466288,16155,91,1,108,4D03E96F,True,16155,591148,0,0,0.663354,0.000000,1752393037,1,F
4311,466396,12810,28,1,72,D0B38B5A,True,12810,385455,0,0,0.169476,0.000000,0,28,F
4312,466468,12812,28,1,72,0F214BB4,True,12812,385456,0,0,0.229790,0.000000,0,28,F
4313,466540,12814,28,1,72,07D62B5E,True,12814,387971,0,0,0.247592,0.000000,0,28,F
4314,466612,12816,28,1,72,C5C36C53,True,12816,387961,0,0,0.346879,0.000000,0,28,F
4315,466684,12818,28,1,72,0F0D8218,True,12818,387967,0,0,0.364783,0.000000,0,28,F
4316,466756,12820,28,1,72,C4FDE229,True,12820,387977,0,0,0.134946,0.000000,0,28,F
4317,466828,12822,28,1,72,DE107629,True,12822,387982,0,0,0.285962,0.000000,0,28,F
4318,466900,12824,28,1,72,62A88C2A,True,12824,387987,0,0,0.344424,0.000000,0,28,F
4319,466972,12826,28,1,72,D0DB078D,True,12826,387957,0,0,0.211368,0.000000,0,28,F
4320,467044,12828,28,1,72,81464CBA,True,12828,396552,0,0,0.232807,0.000000,0,28,F
4321,467116,12830,28,1,72,6B5BBBC8,True,12830,396551,0,0,0.200568,0.000000,0,28,F
4322,467188,12832,28,1,72,52320221,True,12832,396574,0,0,0.067362,0.000000,0,28,F
4323,467260,12834,28,1,72,F5CA412A,True,12834,246089,0,0,0.101576,0.000000,0,28,F
4324,467332,12836,28,1,72,5F64276E,True,12836,246069,0,0,0.208920,0.000000,0,28,F
4325,467404,12838,28,1,72,1396BA98,True,12838,240404,0,0,0.175471,0.000000,0,28,F
4326,467476,12840,28,1,72,9114C1C5,True,12840,406551,0,0,0.241616,0.000000,0,28,F
4327,467548,12842,28,1,72,62B838FB,True,12842,406562,0,0,0.064352,0.000000,0,28,F
4328,467620,12844,28,1,72,56FA46A1,True,12844,406564,0,0,0.158382,0.000000,0,28,F
4329,467692,12846,28,1,72,8AED6F56,True,12846,406567,0,0,0.158342,0.000000,0,28,F
4330,467764,12848,28,1,72,B37DDBB4,True,12848,406601,0,0,0.201790,0.000000,0,28,F
4331,467836,12850,28,1,72,24337CD3,True,12850,406603,0,0,0.158056,0.000000,0,28,F
4332,467908,12852,28,1,72,4A9DCF29,True,12852,406606,0,0,0.215504,0.000000,0,28,F
4333,467980,12854,28,1,72,F9FA26B9,True,12854,406608,0,0,0.785246,0.000000,0,28,F
4334,468052,12856,28,1,72,C3610380,True,12856,406635,0,0,0.376945,0.000000,0,28,F
4335,468124,12452,49,1,72,486C7B7E,True,12452,327980,0,0,0.458936,0.000000,1886220131,7,F
4336,468196,12453,28,1,72,3267D85B,True,12453,327975,0,0,0.050904,0.000000,0,28,F
4337,468268,12454,28,1,72,F8B11BB6,True,12454,328012,0,0,0.470778,0.000000,0,28,F
4338,468340,12455,28,1,72,C9162D1B,True,12455,328016,0,0,0.184446,0.000000,0,28,F
4339,468412,12456,28,1,72,0CFF51E6,True,12456,328004,0,0,0.290584,0.000000,0,28,F
4340,468484,12718,28,1,72,E855089D,True,12718,246538,0,0,0.204156,0.000000,0,28,F
4341,468556,12719,28,1,72,A9B8A281,True,12719,246508,0,0,0.388804,0.000000,0,28,F
4342,468628,12720,28,1,72,95912702,True,12720,247785,0,0,0.199614,0.000000,0,28,F
4343,468700,12721,28,1,72,554F9AE3,True,12721,246458,0,0,0.163129,0.000000,0,28,F
4344,468772,12722,28,1,72,C620A5A5,True,12722,246453,0,0,0.160661,0.000000,0,28,F
4345,468844,12723,28,1,72,7A6259E6,True,12723,246532,0,0,0.120008,0.000000,0,28,F
4346,468916,12724,28,1,72,DDBF218B,True,12724,246445,0,0,0.129240,0.000000,0,28,F
4347,468988,12725,28,1,72,74A5B9F6,True,12725,246468,0,0,0.214191,0.000000,0,28,F
4348,469060,12726,28,1,72,B558A664,True,12726,246497,0,0,0.175285,0.000000,0,28,F
4349,469132,12727,28,1,72,FD0ABF9A,True,12727,246548,0,0,0.188905,0.000000,0,28,F
4350,469204,12728,28,1,72,3C65B4B7,True,12728,247788,0,0,0.131474,0.000000,0,28,F
4351,469276,12729,28,1,72,4B3873CB,True,12729,246519,0,0,0.120374,0.000000,0,28,F
4352,469348,12730,28,1,72,95A1BB7D,True,12730,246505,0,0,0.181409,0.000000,0,28,F
4353,469420,12731,28,1,72,80933462,True,12731,246465,0,0,0.235500,0.000000,0,28,F
4354,469492,12732,28,1,72,826C5C58,True,12732,246500,0,0,0.171209,0.000000,0,28,F
4355,469564,12734,28,1,72,2BE4A58B,True,12734,240383,0,0,0.220482,0.000000,0,28,F
4356,469636,12735,28,1,72,89EE6E02,True,12735,246050,0,0,0.149354,0.000000,0,28,F
4357,469708,12736,28,1,72,249A548E,True,12736,246026,0,0,0.270987,0.000000,0,28,F
4358,469780,12737,28,1,72,3B55B441,True,12737,240419,0,0,0.311062,0.000000,0,28,F
4359,469852,12738,28,1,72,D162D4E8,True,12738,246042,0,0,0.080514,0.000000,0,28,F
4360,469924,12739,28,1,72,694867D5,True,12739,246023,0,0,0.189768,0.000000,0,28,F
4361,469996,12740,28,1,72,6DCE60CD,True,12740,246069,0,0,0.208920,0.000000,0,28,F
4362,470068,12741,28,1,72,263FFDDD,True,12741,240416,0,0,0.179446,0.000000,0,28,F
4363,470140,12742,28,1,72,23156247,True,12742,240411,0,0,0.139653,0.000000,0,28,F
4364,470212,12743,28,1,72,18203C67,True,12743,246019,0,0,0.244487,0.000000,0,28,F
4365,470284,12744,28,1,72,C9A4145B,True,12744,246089,0,0,0.101576,0.000000,0,28,F
4366,470356,12745,28,1,72,C76FA072,True,12745,246065,0,0,0.187658,0.000000,0,28,F
4367,470428,12746,28,1,72,2A44E1A7,True,12746,240404,0,0,0.175471,0.000000,0,28,F
4368,470500,12987,28,1,72,94B188CE,True,12987,524790,0,0,0.138872,0.000000,0,28,F
4369,470572,12988,28,1,72,3FA4EEB3,True,12988,524166,0,0,0.136952,0.000000,0,28,F
4370,470644,12989,28,1,72,12481360,True,12989,524160,0,0,0.754663,0.000000,0,28,F
4371,470716,12990,28,1,72,59F2C466,True,12990,524158,0,0,0.524140,0.000000,0,28,F
4372,470788,12991,28,1,72,F2048B31,True,12991,524162,0,0,1.137470,0.000000,0,28,F
4373,470860,12992,28,1,72,29593FF1,True,12992,524164,0,0,0.418413,0.000000,0,28,F
4374,470932,13838,28,1,72,97D99507,True,13838,238702,0,0,0.216411,0.000000,0,28,F
4375,471004,13839,28,1,72,94FC9A33,True,13839,240324,0,0,0.189561,0.000000,0,28,F
4376,471076,13840,28,1,72,093AC4A4,True,13840,240332,0,0,0.079120,0.000000,0,28,F
4377,471148,13841,28,1,72,DAC10AA3,True,13841,239245,0,0,0.124574,0.000000,0,28,F
4378,471220,13842,28,1,72,F3EF2820,True,13842,240343,0,0,0.132079,0.000000,0,28,F
4379,471292,13843,28,1,72,9019A951,True,13843,240310,0,0,0.509043,0.000000,0,28,F
4380,471364,13844,28,1,72,C568E034,True,13844,239252,0,0,0.133569,0.000000,0,28,F
4381,471436,13845,28,1,72,0E37C0BC,True,13845,240338,0,0,0.294175,0.000000,0,28,F
4382,471508,13846,28,1,72,F3821755,True,13846,240327,0,0,0.304188,0.000000,0,28,F
4383,471580,13847,28,1,72,4FE908CE,True,13847,240314,0,0,0.290497,0.000000,0,28,F
4384,471652,13848,28,1,72,BB4716EE,True,13848,239256,0,0,0.173381,0.000000,0,28,F
4385,471724,13849,28,1,72,48432DF9,True,13849,240352,0,0,0.105058,0.000000,0,28,F
4386,471796,13850,28,1,72,F3C53B0A,True,13850,240317,0,0,0.107881,0.000000,0,28,F
4387,471868,13851,28,1,72,134A2704,True,13851,238492,0,0,0.161976,0.000000,0,28,F
4388,471940,13907,28,1,72,BA783F9A,True,13907,538114,0,0,0.300314,0.000000,0,28,F
4389,472012,13908,28,1,72,DF2E2008,True,13908,538121,0,0,0.267947,0.000000,0,28,F
4390,472084,13909,28,1,72,5699CE77,True,13909,538124,0,0,0.263953,0.000000,0,28,F
4391,472156,13910,28,1,72,0BE73488,True,13910,538126,0,0,0.215903,0.000000,0,28,F
4392,472228,13911,28,1,72,044A0B92,True,13911,538133,0,0,0.285114,0.000000,0,28,F
4393,472300,13936,28,1,72,1C09876D,True,13936,531914,0,0,0.033887,0.000000,0,28,F
4394,472372,13937,28,1,72,5F3EC38A,True,13937,246836,0,0,0.139601,0.000000,0,28,F
4395,472444,13938,28,1,72,FF13C712,True,13938,531924,0,0,0.045086,0.000000,0,28,F
4396,472516,13939,28,1,72,87F8370D,True,13939,246845,0,0,0.185077,0.000000,0,28,F
4397,472588,16199,28,1,72,5DB36E2E,True,16199,591247,0,0,0.062908,0.000000,0,28,F
4398,472660,16200,28,1,72,0BFAB09A,True,16200,591248,0,0,0.091147,0.000000,0,28,F
4399,472732,16201,28,1,72,8DBB4D46,True,16201,591249,0,0,0.080917,0.000000,0,28,F
4400,472804,13912,28,1,72,5914F52E,True,13912,538151,0,0,0.419803,0.000000,0,28,F
4401,472876,13913,28,1,72,9A554F26,True,13913,538156,0,0,0.220619,0.000000,0,28,F
4402,472948,13914,28,1,72,EB71C0D1,True,13914,538160,0,0,0.177969,0.000000,0,28,F
4403,473020,13915,28,1,72,08BC9431,True,13915,538164,0,0,0.321202,0.000000,0,28,F
4404,473092,13916,28,1,72,8C4BFAE7,True,13916,538167,0,0,0.197745,0.000000,0,28,F
4405,473164,13917,28,1,72,7B5D3F98,True,13917,538169,0,0,0.176328,0.000000,0,28,F
4406,473236,15671,74,1,108,50F3B1A3,True,15671,583399,0,0,0.458936,0.000000,1886216563,18,F
4407,473344,15672,74,1,108,F94E4C7E,True,15672,583399,0,0,0.458936,0.000000,1886216563,18,F
4408,473452,15673,74,1,108,F88A269D,True,15673,583399,0,0,0.458936,0.000000,1886216563,18,F
4409,473560,15674,74,1,108,6509C43C,True,15674,583399,0,0,0.458936,0.000000,1886216563,18,F
4410,473668,15675,74,1,108,B0E8E7EE,True,15675,583399,0,0,0.458936,0.000000,1886216563,18,F
4411,473776,15676,74,1,108,A9D17181,True,15676,583399,0,0,0.458936,0.000000,1886216563,18,F
4412,473884,15677,74,1,108,C03EE5E3,True,15677,583399,0,0,0.458936,0.000000,1886216563,18,F
4413,473992,15678,74,1,108,3BEA38E3,True,15678,583399,0,0,0.458936,0.000000,1886216563,18,F
4414,474100,15679,74,1,108,177619CD,True,15679,583399,0,0,0.458936,0.000000,1886216563,18,F
4415,474208,15680,74,1,108,040ABE39,True,15680,583399,0,0,0.458936,0.000000,1886216563,18,F
4416,474316,15681,74,1,108,884B67AA,True,15681,583399,0,0,0.458936,0.000000,1886216563,18,F
4417,474424,15682,74,1,108,C2654815,True,15682,583399,0,0,0.458936,0.000000,1886216563,18,F
4418,474532,15683,74,1,108,DA50760D,True,15683,583399,0,0,0.458936,0.000000,1886216563,18,F
4419,474640,15684,74,1,108,EAAD4186,True,15684,583399,0,0,0.458936,0.000000,1886216563,18,F
4420,474748,15685,74,1,108,1BBB5430,True,15685,583399,0,0,0.458936,0.000000,1886216563,18,F
4421,474856,15686,74,1,108,3E9ED5B7,True,15686,583399,0,0,0.458936,0.000000,1886216563,18,F
4422,474964,15687,74,1,108,1718DCED,True,15687,583399,0,0,0.458936,0.000000,1886216563,18,F
4423,475072,15688,74,1,108,3BBAB39C,True,15688,583399,0,0,0.458936,0.000000,1886216563,18,F
4424,475180,15689,74,1,108,3B784A98,True,15689,583399,0,0,0.458936,0.000000,1886216563,18,F
4425,475288,15690,74,1,108,41A02B4E,True,15690,583399,0,0,0.458936,0.000000,1886216563,18,F
4426,475396,15691,74,1,108,E6960987,True,15691,583399,0,0,0.458936,0.000000,1886216563,18,F
4427,475504,15692,74,1,108,7BCD5C5A,True,15692,583399,0,0,0.458936,0.000000,1886216563,18,F
4428,475612,15693,74,1,108,41F9284E,True,15693,583399,0,0,0.458936,0.000000,1886216563,18,F
4429,475720,15694,74,1,108,42B876E2,True,15694,583399,0,0,0.458936,0.000000,1886216563,18,F
4430,475828,15695,74,1,108,C42347C6,True,15695,583399,0,0,0.458936,0.000000,1886216563,18,F
4431,475936,15696,74,1,108,CAE29139,True,15696,583399,0,0,0.458936,0.000000,1886216563,18,F
4432,476044,15697,74,1,108,74F7DF43,True,15697,583399,0,0,0.458936,0.000000,1886216563,18,F
4433,476152,15698,74,1,108,1AC9696A,True,15698,583399,0,0,0.458936,0.000000,1886216563,18,F
4434,476260,15699,74,1,108,43763FFD,True,15699,583399,0,0,0.458936,0.000000,1886216563,18,F
4435,476368,15700,74,1,108,816C55CA,True,15700,583399,0,0,0.458936,0.000000,1886216563,18,F
4436,476476,15701,74,1,108,B0270CA8,True,15701,583399,0,0,0.458936,0.000000,1886216563,18,F
4437,476584,15703,74,1,108,930D2DFF,True,15703,583399,0,0,0.458936,0.000000,1886216563,18,F
4438,476692,15704,74,1,108,6A298EE4,True,15704,583399,0,0,0.458936,0.000000,1886216563,18,F
4439,476800,15705,74,1,108,AA0C4596,True,15705,583399,0,0,0.458936,0.000000,1886216563,18,F
4440,476908,15706,74,1,108,48B5E245,True,15706,583399,0,0,0.458936,0.000000,1886216563,18,F
4441,477016,15707,74,1,108,0DA56BD6,True,15707,583399,0,0,0.458936,0.000000,1886216563,18,F
4442,477124,15708,74,1,108,E4C484A2,True,15708,583399,0,0,0.458936,0.000000,1886216563,18,F
4443,477232,15709,74,1,108,CB4784EA,True,15709,583399,0,0,0.458936,0.000000,1886216563,18,F
4444,477340,15710,74,1,108,1EF7C50B,True,15710,583399,0,0,0.458936,0.000000,1886216563,18,F
4445,477448,15711,74,1,108,3A5B11FF,True,15711,583399,0,0,0.458936,0.000000,1886216563,18,F
4446,477556,15712,74,1,108,EB6848BF,True,15712,583399,0,0,0.458936,0.000000,1886216563,18,F
4447,477664,15713,74,1,108,0E05A22D,True,15713,583399,0,0,0.458936,0.000000,1886216563,18,F
4448,477772,15714,74,1,108,9626FBB4,True,15714,583399,0,0,0.458936,0.000000,1886216563,18,F
4449,477880,15715,74,1,108,7A07AE97,True,15715,583399,0,0,0.458936,0.000000,1886216563,18,F
4450,477988,15737,74,1,108,69C6A20A,True,15737,583399,0,0,0.458936,0.000000,1886216563,18,F
4451,478096,15738,74,1,108,0F62FD88,True,15738,583399,0,0,0.458936,0.000000,1886216563,18,F
4452,478204,15739,74,1,108,8B84DB98,True,15739,583399,0,0,0.458936,0.000000,1886216563,18,F
4453,478312,15740,74,1,108,AAB002F9,True,15740,583399,0,0,0.458936,0.000000,1886216563,18,F
4454,478420,15742,74,1,108,D3D77F67,True,15742,583399,0,0,0.458936,0.000000,1886216563,18,F
4455,478528,15744,74,1,108,0DEB65FC,True,15744,583399,0,0,0.458936,0.000000,1886216563,18,F
4456,478636,15745,74,1,108,B1B335B2,True,15745,583399,0,0,0.458936,0.000000,1886216563,18,F
4457,478744,15746,74,1,108,75E080ED,True,15746,583399,0,0,0.458936,0.000000,1886216563,18,F
4458,478852,15747,74,1,108,1272936F,True,15747,583399,0,0,0.458936,0.000000,1886216563,18,F
4459,478960,15748,74,1,108,FDFCAFDE,True,15748,583399,0,0,0.458936,0.000000,1886216563,18,F
4460,479068,15749,74,1,108,41A4FF90,True,15749,583399,0,0,0.458936,0.000000,1886216563,18,F
4461,479176,15750,74,1,108,85F74ACF,True,15750,583399,0,0,0.458936,0.000000,1886216563,18,F
4462,479284,15751,74,1,108,3FACDA03,True,15751,583399,0,0,0.458936,0.000000,1886216563,18,F
4463,479392,15752,74,1,108,8799F56E,True,15752,583399,0,0,0.458936,0.000000,1886216563,18,F
4464,479500,15753,74,1,108,3BC1A520,True,15753,583399,0,0,0.458936,0.000000,1886216563,18,F
4465,479608,15755,74,1,108,980003FD,True,15755,583399,0,0,0.458936,0.000000,1886216563,18,F
4466,479716,15756,74,1,108,778E3F4C,True,15756,583399,0,0,0.458936,0.000000,1886216563,18,F
4467,479824,15757,74,1,108,CBD66F02,True,15757,583399,0,0,0.458936,0.000000,1886216563,18,F
4468,479932,15758,74,1,108,0F85DA5D,True,15758,583399,0,0,0.458936,0.000000,1886216563,18,F
4469,480040,15759,74,1,108,04F24806,True,15759,583399,0,0,0.458936,0.000000,1886216563,18,F
4470,480148,15760,74,1,108,13B140D3,True,15760,583399,0,0,0.458936,0.000000,1886216563,18,F
4471,480256,15761,74,1,108,AFE9109D,True,15761,583399,0,0,0.458936,0.000000,1886216563,18,F
4472,480364,15762,74,1,108,6BBAA5C2,True,15762,583399,0,0,0.458936,0.000000,1886216563,18,F
4473,480472,15763,74,1,108,0C28B640,True,15763,583399,0,0,0.458936,0.000000,1886216563,18,F
4474,480580,15764,74,1,108,E3A68AF1,True,15764,583399,0,0,0.458936,0.000000,1886216563,18,F
4475,480688,15765,74,1,108,5FFEDABF,True,15765,583399,0,0,0.458936,0.000000,1886216563,18,F
4476,480796,15766,74,1,108,9BAD6FE0,True,15766,583399,0,0,0.458936,0.000000,1886216563,18,F
4477,480904,15767,74,1,108,4911FE09,True,15767,583399,0,0,0.458936,0.000000,1886216563,18,F
4478,481012,15768,74,1,108,A3D8C00B,True,15768,583399,0,0,0.458936,0.000000,1886216563,18,F
4479,481120,15769,74,1,108,CBFA5CA5,True,15769,583399,0,0,0.458936,0.000000,1886216563,18,F
4480,481228,15770,74,1,108,04ECB6EB,True,15770,583399,0,0,0.458936,0.000000,1886216563,18,F
4481,481336,15771,74,1,108,0C357BE4,True,15771,583399,0,0,0.458936,0.000000,1886216563,18,F
4482,481444,15772,74,1,108,5A24AA53,True,15772,583399,0,0,0.458936,0.000000,1886216563,18,F
4483,481552,15773,74,1,108,8B99DBFB,True,15773,583399,0,0,0.458936,0.000000,1886216563,18,F
4484,481660,15774,74,1,108,95008D57,True,15774,583399,0,0,0.458936,0.000000,1886216563,18,F
4485,481768,15776,74,1,108,385A8E65,True,15776,583399,0,0,0.458936,0.000000,1886216563,18,F
4486,481876,15777,74,1,108,99CA0ED9,True,15777,583399,0,0,0.458936,0.000000,1886216563,18,F
4487,481984,15778,74,1,108,BF45A0FF,True,15778,583399,0,0,0.458936,0.000000,1886216563,18,F
4488,482092,15779,74,1,108,3B125947,True,15779,583399,0,0,0.458936,0.000000,1886216563,18,F
4489,482200,15780,74,1,108,C74B2502,True,15780,583399,0,0,0.458936,0.000000,1886216563,18,F
4490,482308,15781,74,1,108,7B13754C,True,15781,583399,0,0,0.458936,0.000000,1886216563,18,F
4491,482416,15782,74,1,108,BF40C013,True,15782,583399,0,0,0.458936,0.000000,1886216563,18,F
4492,482524,15783,74,1,108,D8D2D391,True,15783,583399,0,0,0.458936,0.000000,1886216563,18,F
4493,482632,15784,74,1,108,60E7FCFC,True,15784,583399,0,0,0.458936,0.000000,1886216563,18,F
4494,482740,15785,74,1,108,DCBFACB2,True,15785,583399,0,0,0.458936,0.000000,1886216563,18,F
4495,482848,15786,74,1,108,18EC19ED,True,15786,583399,0,0,0.458936,0.000000,1886216563,18,F
4496,482956,15787,74,1,108,7E7EAA50,True,15787,583399,0,0,0.458936,0.000000,1886216563,18,F
4497,483064,15788,74,1,108,91F096E1,True,15788,583399,0,0,0.458936,0.000000,1886216563,18,F
4498,483172,15789,74,1,108,4DE57967,True,15789,583399,0,0,0.458936,0.000000,1886216563,18,F
4499,483280,15790,74,1,108,6674A706,True,15790,583399,0,0,0.458936,0.000000,1886216563,18,F
4500,483388,15791,74,1,108,0C892D2D,True,15791,583399,0,0,0.458936,0.000000,1886216563,18,F
4501,483496,15792,74,1,108,F4084EC6,True,15792,583399,0,0,0.458936,0.000000,1886216563,18,F
4502,483604,15793,74,1,108,1448679E,True,15793,583399,0,0,0.458936,0.000000,1886216563,18,F
4503,483712,15794,74,1,108,3FD9B9FF,True,15794,583399,0,0,0.458936,0.000000,1886216563,18,F
4504,483820,15945,74,1,108,F3C94BD1,True,15945,583399,0,0,0.458936,0.000000,1886216563,18,F
4505,483928,15946,74,1,108,D5FDB57A,True,15946,583399,0,0,0.458936,0.000000,1886216563,18,F
4506,484036,15947,74,1,108,8068E636,True,15947,583399,0,0,0.458936,0.000000,1886216563,18,F
4507,484144,15948,74,1,108,F4BC3862,True,15948,583399,0,0,0.458936,0.000000,1886216563,18,F
4508,484252,15949,74,1,108,9E212247,True,15949,583399,0,0,0.458936,0.000000,1886216563,18,F
4509,484360,15950,74,1,108,B29F0CD9,True,15950,583399,0,0,0.458936,0.000000,1886216563,18,F
4510,484468,15951,74,1,108,352BBC23,True,15951,583399,0,0,0.458936,0.000000,1886216563,18,F
4511,484576,15952,74,1,108,6BA8E528,True,15952,583399,0,0,0.458936,0.000000,1886216563,18,F
4512,484684,15953,74,1,108,F6008DA0,True,15953,583399,0,0,0.458936,0.000000,1886216563,18,F
4513,484792,15954,74,1,108,E0D8F224,True,15954,583399,0,0,0.458936,0.000000,1886216563,18,F
4514,484900,15955,74,1,108,B54DA168,True,15955,583399,0,0,0.458936,0.000000,1886216563,18,F
4515,485008,15956,74,1,108,C1222FB1,True,15956,583399,0,0,0.458936,0.000000,1886216563,18,F
4516,485116,15957,74,1,108,8DCAD4C0,True,15957,583399,0,0,0.458936,0.000000,1886216563,18,F
4517,485224,15958,74,1,108,0AF3D888,True,15958,583399,0,0,0.458936,0.000000,1886216563,18,F
4518,485332,15959,74,1,108,1A12230F,True,15959,583399,0,0,0.458936,0.000000,1886216563,18,F
4519,485440,15960,74,1,108,9D1E0417,True,15960,583399,0,0,0.458936,0.000000,1886216563,18,F
4520,485548,15961,74,1,108,764F3534,True,15961,583399,0,0,0.458936,0.000000,1886216563,18,F
4521,485656,15962,74,1,108,E4AE11B4,True,15962,583399,0,0,0.458936,0.000000,1886216563,18,F
4522,485764,15963,74,1,108,3B29321B,True,15963,583399,0,0,0.458936,0.000000,1886216563,18,F
4523,485872,15964,74,1,108,32DAEE01,True,15964,583399,0,0,0.458936,0.000000,1886216563,18,F
4524,485980,15965,74,1,108,E376E649,True,15965,583399,0,0,0.458936,0.000000,1886216563,18,F
4525,486088,15966,74,1,108,FBB109CB,True,15966,583399,0,0,0.458936,0.000000,1886216563,18,F
4526,486196,15967,74,1,108,E0BA1248,True,15967,583399,0,0,0.458936,0.000000,1886216563,18,F
4527,486304,15968,74,1,108,A65BA1C6,True,15968,583399,0,0,0.458936,0.000000,1886216563,18,F
4528,486412,15969,74,1,108,E14D39AE,True,15969,583399,0,0,0.458936,0.000000,1886216563,18,F
4529,486520,15970,74,1,108,868CACE0,True,15970,583399,0,0,0.458936,0.000000,1886216563,18,F
4530,486628,15971,74,1,108,EA3EE605,True,15971,583399,0,0,0.458936,0.000000,1886216563,18,F
4531,486736,15972,74,1,108,0ADE0363,True,15972,583399,0,0,0.458936,0.000000,1886216563,18,F
4532,486844,15973,74,1,108,C578D0B8,True,15973,583399,0,0,0.458936,0.000000,1886216563,18,F
4533,486952,15974,74,1,108,811544E2,True,15974,583399,0,0,0.458936,0.000000,1886216563,18,F
4534,487060,15975,74,1,108,3C7CF58F,True,15975,583399,0,0,0.458936,0.000000,1886216563,18,F
4535,487168,15976,74,1,108,098A587C,True,15976,583399,0,0,0.458936,0.000000,1886216563,18,F
4536,487276,15977,74,1,108,F8E789D1,True,15977,583399,0,0,0.458936,0.000000,1886216563,18,F
4537,487384,15978,74,1,108,0C3965F3,True,15978,583399,0,0,0.458936,0.000000,1886216563,18,F
4538,487492,15979,74,1,108,923B8C0B,True,15979,583399,0,0,0.458936,0.000000,1886216563,18,F
4539,487600,15980,74,1,108,E65402D2,True,15980,583399,0,0,0.458936,0.000000,1886216563,18,F
4540,487708,15981,74,1,108,8FA868B8,True,15981,583399,0,0,0.458936,0.000000,1886216563,18,F
4541,487816,15982,74,1,108,9AAA37FE,True,15982,583399,0,0,0.458936,0.000000,1886216563,18,F
4542,487924,15992,74,1,108,FBA8E8BE,True,15992,583399,0,0,0.458936,0.000000,1886216563,18,F
4543,488032,15993,74,1,108,F0DF7AE5,True,15993,583399,0,0,0.458936,0.000000,1886216563,18,F
4544,488140,15823,64,1,108,1EEF7DAA,True,15823,585001,0,0,0.228527,0.000000,1035489772,28,F
4545,488248,15847,28,1,72,C8425FD0,True,15847,584708,0,0,0.142948,0.000000,0,28,F
4546,488320,15896,64,1,108,BB93AE36,True,15896,585001,0,0,0.228527,0.000000,1035489772,28,F
4547,488428,15897,64,1,108,40DC108F,True,15897,585001,0,0,0.228527,0.000000,1063675494,28,F
4548,488536,15898,64,1,108,6DB968B4,True,15898,585001,0,0,0.228527,0.000000,1064682127,28,F
4549,488644,15899,64,1,108,77B3CD12,True,15899,585001,0,0,0.228527,0.000000,1035489772,28,F
4550,488752,15900,64,1,108,18A09257,True,15900,585001,0,0,0.228527,0.000000,1063675494,28,F
4551,488860,15901,64,1,108,9A7CCC48,True,15901,585001,0,0,0.228527,0.000000,1035489772,28,F
4552,488968,15902,64,1,108,A4282F9A,True,15902,585001,0,0,0.228527,0.000000,1063675494,28,F
4553,489076,15903,64,1,108,8444240C,True,15903,585001,0,0,0.228527,0.000000,1065353216,28,F
4554,489184,15904,64,1,108,F97D6507,True,15904,585001,0,0,0.228527,0.000000,1063675494,28,F
4555,489292,15905,64,1,108,02E5B670,True,15905,585001,0,0,0.228527,0.000000,1035489772,28,F
4556,489400,15906,64,1,108,3CB155A2,True,15906,585001,0,0,0.228527,0.000000,1063675494,28,F
4557,489508,15907,64,1,108,AA08053C,True,15907,585001,0,0,0.228527,0.000000,1065353216,28,F
4558,489616,15908,64,1,108,5FCF0E99,True,15908,585001,0,0,0.228527,0.000000,1058222899,28,F
4559,489724,15909,64,1,108,2031F248,True,15909,585001,0,0,0.228527,0.000000,1058877211,28,F
4560,489832,15910,64,1,108,454BFBA7,True,15910,585001,0,0,0.228527,0.000000,1035489772,28,F
4561,489940,15911,64,1,108,BE04451E,True,15911,585001,0,0,0.228527,0.000000,1063675494,28,F
4562,490048,15912,64,1,108,60A9F89C,True,15912,585001,0,0,0.228527,0.000000,1064682127,28,F
4563,490156,15913,64,1,108,99E01208,True,15913,585001,0,0,0.228527,0.000000,1059816735,28,F
4564,490264,15914,64,1,108,C3E51FD1,True,15914,585001,0,0,0.228527,0.000000,0,28,F
4565,490372,15915,64,1,108,A176EC4B,True,15915,585001,0,0,0.228527,0.000000,1035489772,28,F
4566,490480,15916,64,1,108,D2EEE6F0,True,15916,585001,0,0,0.228527,0.000000,1058877211,28,F
4567,490588,15917,64,1,108,728FB274,True,15917,585001,0,0,0.228527,0.000000,1035489772,28,F
4568,490696,15918,64,1,108,4CDB51A6,True,15918,585001,0,0,0.228527,0.000000,1063675494,28,F
4569,490804,15919,64,1,108,A4A574F6,True,15919,585001,0,0,0.228527,0.000000,1064682127,28,F
4570,490912,16384,28,1,72,1E5BE629,True,16384,592853,0,0,0.095318,0.000000,0,28,F
4571,490984,16385,28,1,72,63B02852,True,16385,592618,0,0,0.048469,0.000000,0,28,F
4572,491056,16386,28,1,72,92E9BC5C,True,16386,592621,0,0,0.049225,0.000000,0,28,F
4573,491128,16387,64,1,108,E8962CA3,True,16387,592708,0,0,0.042106,0.000000,1048706862,28,F
4574,491236,16388,28,1,72,DAF290E6,True,16388,592615,0,0,0.046145,0.000000,0,28,F
4575,491308,16389,28,1,72,705D74A0,True,16389,592628,0,0,0.055924,0.000000,0,28,F
4576,491380,16392,64,1,108,1F5D7FCA,True,16392,592708,0,0,0.042106,0.000000,1054280253,28,F
4577,491488,16393,64,1,108,1BC801D1,True,16393,592708,0,0,0.042106,0.000000,1043857442,28,F
4578,491596,16394,64,1,108,BFC165EC,True,16394,592708,0,0,0.042106,0.000000,1036831949,28,F
4579,491704,16395,64,1,108,252BDFEE,True,16395,592708,0,0,0.042106,0.000000,1061158912,28,F
4580,491812,16396,28,1,72,419ED96C,True,16396,592626,0,0,0.095318,0.000000,0,28,F
4581,491884,14207,80,1,108,99F9D243,True,14207,419625,0,0,0.930366,0.000000,1852399952,12,F
4582,491992,14208,80,1,108,5EFCBC57,True,14208,419625,0,0,0.930366,0.000000,1852399952,12,F
4583,492100,14209,80,1,108,9B8CCFEB,True,14209,419647,0,0,0.738640,0.000000,1852399952,12,F
4584,492208,14210,80,1,108,8971E743,True,14210,419625,0,0,0.930366,0.000000,1852399952,12,F
4585,492316,14211,28,1,72,F5C672EC,True,14211,419647,0,0,0.738640,0.000000,0,28,F
4586,492388,14212,53,1,72,0DC7339D,True,14212,419655,0,0,0.647230,0.000000,1852399952,3,F
4587,492460,14213,80,1,108,F2296212,True,14213,419647,0,0,0.738640,0.000000,1852399952,12,F
4588,492568,14214,80,1,108,323463E9,True,14214,419625,0,0,0.930366,0.000000,1852399952,12,F
4589,492676,14215,28,1,72,C896F4E1,True,14215,419655,0,0,0.647230,0.000000,0,28,F
4590,492748,14216,80,1,108,AE051E13,True,14216,419647,0,0,0.738640,0.000000,1852399952,12,F
4591,492856,14217,80,1,108,CC6D5F51,True,14217,419655,0,0,0.647230,0.000000,1852399952,12,F
4592,492964,14218,80,1,108,3EA02D0B,True,14218,419655,0,0,0.647230,0.000000,1852399952,12,F
4593,493072,14219,80,1,108,0B6F5035,True,14219,419655,0,0,0.647230,0.000000,1852399952,12,F
4594,493180,14220,28,1,72,2DD56042,True,14220,419625,0,0,0.930366,0.000000,0,28,F
4595,493252,14221,53,1,72,4B88B255,True,14221,419647,0,0,0.738640,0.000000,1852399952,3,F
4596,493324,14222,53,1,72,4A58245B,True,14222,430327,0,0,2.247650,0.000000,1852399952,3,F
4597,493396,14223,80,1,108,0DA4F21B,True,14223,430326,0,0,1.983750,0.000000,1852399952,12,F
4598,493504,14224,28,1,72,DF1B54B2,True,14224,430327,0,0,2.247650,0.000000,0,28,F
4599,493576,14225,80,1,108,9E54F491,True,14225,430326,0,0,1.983750,0.000000,1852399952,12,F
4600,493684,14226,80,1,108,721EF6E0,True,14226,430326,0,0,1.983750,0.000000,1852399952,12,F
4601,493792,14227,80,1,108,39DC087B,True,14227,430327,0,0,2.247650,0.000000,1852399952,12,F
4602,493900,14228,28,1,72,BDF661E9,True,14228,430326,0,0,1.983750,0.000000,0,28,F
4603,493972,14229,53,1,72,4239A2CA,True,14229,430324,0,0,0.867251,0.000000,1852399952,3,F
4604,494044,14230,80,1,108,8955051A,True,14230,430326,0,0,1.983750,0.000000,1852399952,12,F
4605,494152,14231,80,1,108,1CE27E4D,True,14231,430324,0,0,0.867251,0.000000,1852399952,12,F
4606,494260,14232,80,1,108,3472328A,True,14232,430326,0,0,1.983750,0.000000,1852399952,12,F
4607,494368,14233,80,1,108,254BDAD8,True,14233,430326,0,0,1.983750,0.000000,1852399952,12,F
4608,494476,14234,80,1,108,C00DA7D4,True,14234,430326,0,0,1.983750,0.000000,1852399952,12,F
4609,494584,14235,80,1,108,E3911E61,True,14235,430325,0,0,1.055230,0.000000,1852399952,12,F
4610,494692,14236,80,1,108,8F604A2C,True,14236,430326,0,0,1.983750,0.000000,1852399952,12,F
4611,494800,14237,80,1,108,719BC940,True,14237,430326,0,0,1.983750,0.000000,1852399952,12,F
4612,494908,14238,53,1,72,6113C3C4,True,14238,419647,0,0,0.738640,0.000000,1852399952,3,F
4613,494980,14239,80,1,108,ECF413AC,True,14239,430325,0,0,1.055230,0.000000,1852399952,12,F
4614,495088,14240,80,1,108,00E46FC8,True,14240,430327,0,0,2.247650,0.000000,1852399952,12,F
4615,495196,14241,80,1,108,48A1C718,True,14241,430324,0,0,0.867251,0.000000,1852399952,12,F
4616,495304,14321,28,1,72,5124F6B2,True,14321,516104,0,0,0.790175,0.000000,0,28,F
4617,495376,14322,28,1,72,EE3E56D5,True,14322,516108,0,0,0.731273,0.000000,0,28,F
4618,495448,14323,28,1,72,9B12FD45,True,14323,516112,0,0,1.667350,0.000000,0,28,F
4619,495520,14324,28,1,72,AB65B65D,True,14324,516113,0,0,1.305290,0.000000,0,28,F
4620,495592,14325,28,1,72,2D21C6FC,True,14325,516114,0,0,1.834230,0.000000,0,28,F
4621,495664,14326,28,1,72,BBEAE8EB,True,14326,516154,0,0,0.901924,0.000000,0,28,F
4622,495736,14327,63,1,108,A4F1E2D4,True,14327,516154,0,0,0.901924,0.000000,1852399984,29,F
4623,495844,14328,63,1,108,CB52C79C,True,14328,516154,0,0,0.901924,0.000000,1852399984,29,F
4624,495952,14329,63,1,108,9CA37355,True,14329,516154,0,0,0.901924,0.000000,1852399984,29,F
4625,496060,14330,63,1,108,82B4A70F,True,14330,516154,0,0,0.901924,0.000000,1852399984,29,F
4626,496168,14331,28,1,72,8307B261,True,14331,516162,0,0,1.560870,0.000000,0,28,F
4627,496240,14332,63,1,108,8F24C2FC,True,14332,516162,0,0,1.560870,0.000000,1852399984,29,F
4628,496348,14333,63,1,108,34A01323,True,14333,516162,0,0,1.560870,0.000000,1852399984,29,F
4629,496456,14334,63,1,108,2AB7C779,True,14334,516162,0,0,1.560870,0.000000,1852399984,29,F
4630,496564,14335,63,1,108,8B0FF628,True,14335,516162,0,0,1.560870,0.000000,1852399984,29,F
4631,496672,14336,28,1,72,BEE0B7C5,True,14336,516169,0,0,1.803080,0.000000,0,28,F
4632,496744,14337,63,1,108,FDF91C72,True,14337,516169,0,0,1.803080,0.000000,1852399984,29,F
4633,496852,14338,63,1,108,E3EEC828,True,14338,516169,0,0,1.803080,0.000000,1852399984,29,F
4634,496960,14339,63,1,108,586A19F7,True,14339,516169,0,0,1.803080,0.000000,1852399984,29,F
4635,497068,14340,28,1,72,1F2E3A0D,True,14340,516175,0,0,1.605600,0.000000,0,28,F
4636,497140,14341,63,1,108,15612EC0,True,14341,516175,0,0,1.605600,0.000000,1852399984,29,F
4637,497248,14342,63,1,108,0B76FA9A,True,14342,516175,0,0,1.605600,0.000000,1852399984,29,F
4638,497356,14343,63,1,108,B9198B3F,True,14343,516175,0,0,1.605600,0.000000,1852399984,29,F
4639,497464,14344,63,1,108,D6BAAE77,True,14344,516175,0,0,1.605600,0.000000,1852399984,29,F
4640,497572,14345,63,1,108,6D3E7FA8,True,14345,516175,0,0,1.605600,0.000000,1852399984,29,F
4641,497680,14346,28,1,72,216FA1C1,True,14346,516183,0,0,2.981570,0.000000,0,28,F
4642,497752,14347,63,1,108,99AE0FDD,True,14347,516183,0,0,2.981570,0.000000,1852399984,29,F
4643,497860,14348,63,1,108,1E0576B6,True,14348,516183,0,0,2.981570,0.000000,1852399984,29,F
4644,497968,14349,28,1,72,516B14A3,True,14349,516188,0,0,3.127090,0.000000,0,28,F
4645,498040,14350,63,1,108,4614180A,True,14350,516188,0,0,3.127090,0.000000,1852399984,29,F
4646,498148,14351,63,1,108,7B5A8394,True,14351,516525,0,0,0.854807,0.000000,1852399984,29,F
4647,498256,14352,28,1,72,B4951AFA,True,14352,516525,0,0,0.854807,0.000000,0,28,F
4648,498328,14353,63,1,108,BE20298A,True,14353,516525,0,0,0.854807,0.000000,1852399984,29,F
4649,498436,14354,63,1,108,A037FDD0,True,14354,516525,0,0,0.854807,0.000000,1852399984,29,F
4650,498544,14355,63,1,108,1BB32C0F,True,14355,516525,0,0,0.854807,0.000000,1852399984,29,F
4651,498652,14356,63,1,108,ABD69A50,True,14356,516525,0,0,0.854807,0.000000,1852399984,29,F
4652,498760,14357,28,1,72,DCF0A735,True,14357,516528,0,0,0.681243,0.000000,0,28,F
4653,498832,14358,63,1,108,E2854DA8,True,14358,516528,0,0,0.681243,0.000000,1852399984,29,F
4654,498940,14359,63,1,108,50EA3C0D,True,14359,516528,0,0,0.681243,0.000000,1852399984,29,F
4655,499048,14360,63,1,108,3F491945,True,14360,516528,0,0,0.681243,0.000000,1852399984,29,F
4656,499156,14361,63,1,108,84CDC89A,True,14361,516528,0,0,0.681243,0.000000,1852399984,29,F
4657,499264,14362,63,1,108,9ADA1CC0,True,14362,516528,0,0,0.681243,0.000000,1852399984,29,F
4658,499372,14363,63,1,108,1CCCAC79,True,14363,516528,0,0,0.681243,0.000000,1852399984,29,F
4659,499480,14364,28,1,72,548C86AB,True,14364,516529,0,0,0.644716,0.000000,0,28,F
4660,499552,14365,63,1,108,99BADD33,True,14365,516529,0,0,0.644716,0.000000,1852399984,29,F
4661,499660,14366,63,1,108,8358D954,True,14366,516529,0,0,0.644716,0.000000,1852399984,29,F
4662,499768,14367,63,1,108,3C29D8B6,True,14367,516529,0,0,0.644716,0.000000,1852399984,29,F
4663,499876,14368,63,1,108,43364FB0,True,14368,516529,0,0,0.644716,0.000000,1852399984,29,F
4664,499984,14369,63,1,108,FC474E52,True,14369,516529,0,0,0.644716,0.000000,1852399984,29,F
4665,500092,14370,63,1,108,E6A54A35,True,14370,516529,0,0,0.644716,0.000000,1852399984,29,F
4666,500200,14371,63,1,108,59D44BD7,True,14371,516529,0,0,0.644716,0.000000,1852399984,29,F
4667,500308,14372,63,1,108,C0B6020F,True,14372,516529,0,0,0.644716,0.000000,1852399984,29,F
4668,500416,14373,28,1,72,CDFB81A7,True,14373,516530,0,0,2.282680,0.000000,0,28,F
4669,500488,14374,63,1,108,9338D701,True,14374,516530,0,0,2.282680,0.000000,1852399984,29,F
4670,500596,14375,63,1,108,28BC06DE,True,14375,516530,0,0,2.282680,0.000000,1852399984,29,F
4671,500704,14376,28,1,72,6CE89ADD,True,14376,516537,0,0,2.121280,0.000000,0,28,F
4672,500776,14377,63,1,108,9819F97F,True,14377,516537,0,0,2.121280,0.000000,1852399984,29,F
4673,500884,14378,63,1,108,8B105D62,True,14378,516537,0,0,2.121280,0.000000,1852399984,29,F
4674,500992,14379,63,1,108,34615C80,True,14379,516537,0,0,2.121280,0.000000,1852399984,29,F
4675,501100,14380,28,1,72,E515124A,True,14380,516538,0,0,2.611740,0.000000,0,28,F
4676,501172,14381,63,1,108,48B761A0,True,14381,516538,0,0,2.611740,0.000000,1852399984,29,F
4677,501280,14382,63,1,108,56A0B5FA,True,14382,516538,0,0,2.611740,0.000000,1852399984,29,F
4678,501388,14383,28,1,72,562ABC10,True,14383,516539,0,0,2.943550,0.000000,0,28,F
4679,501460,14384,63,1,108,00BCBE75,True,14384,516539,0,0,2.943550,0.000000,1852399984,29,F
4680,501568,14385,63,1,108,BFCDBF97,True,14385,516539,0,0,2.943550,0.000000,1852399984,29,F
4681,501676,14386,63,1,108,73AC81E6,True,14386,516721,0,0,2.989670,0.000000,1852399984,29,F
4682,501784,14387,28,1,72,3181A4D5,True,14387,516721,0,0,2.989670,0.000000,0,28,F
4683,501856,14388,63,1,108,429D5915,True,14388,516721,0,0,2.989670,0.000000,1852399984,29,F
4684,501964,14389,28,1,72,F19D96CC,True,14389,516728,0,0,1.570770,0.000000,0,28,F
4685,502036,14390,63,1,108,5DA863EE,True,14390,516728,0,0,1.570770,0.000000,1852399984,29,F
4686,502144,14391,63,1,108,EFC7124B,True,14391,516728,0,0,1.570770,0.000000,1852399984,29,F
4687,502252,14392,28,1,72,9DF49763,True,14392,516733,0,0,1.623480,0.000000,0,28,F
4688,502324,14393,63,1,108,4A2EA6F0,True,14393,516733,0,0,1.623480,0.000000,1852399984,29,F
4689,502432,14394,28,1,72,7E8FF042,True,14394,516737,0,0,1.620160,0.000000,0,28,F
4690,502504,14395,63,1,108,E5453932,True,14395,516737,0,0,1.620160,0.000000,1852399984,29,F
4691,502612,14396,63,1,108,661B9064,True,14396,516737,0,0,1.620160,0.000000,1852399984,29,F
4692,502720,14397,63,1,108,D96A9186,True,14397,516737,0,0,1.620160,0.000000,1852399984,29,F
4693,502828,14398,63,1,108,CE96E5A6,True,14398,516737,0,0,1.620160,0.000000,1852399984,29,F
4694,502936,14399,28,1,72,145D8281,True,14399,516744,0,0,2.183180,0.000000,0,28,F
4695,503008,14400,63,1,108,5A885515,True,14400,516744,0,0,2.183180,0.000000,1852399984,29,F
4696,503116,14401,28,1,72,D4B714CE,True,14401,516749,0,0,1.253200,0.000000,0,28,F
4697,503188,14419,64,1,108,265ECAFC,True,14419,395926,0,0,2.143470,0.000000,0,28,F
4698,503296,14420,64,1,108,FCCAECCC,True,14420,395900,0,0,1.651510,0.000000,1059738788,28,F
4699,503404,14421,64,1,108,54E50A1E,True,14421,395900,0,0,1.651510,0.000000,1054586740,28,F
4700,503512,14422,64,1,108,BA33BCFF,True,14422,395900,0,0,1.651510,0.000000,1060320051,28,F
4701,503620,14423,64,1,108,31C1F2E1,True,14423,395926,0,0,2.143470,0.000000,1048576000,28,F
4702,503728,14424,64,1,108,0CDE8135,True,14424,395926,0,0,2.143470,0.000000,1018980991,28,F
4703,503836,14425,64,1,108,EA3BF3E1,True,14425,395900,0,0,1.651510,0.000000,1065353216,28,F
4704,503944,14426,64,1,108,DD8FF439,True,14426,395900,0,0,1.651510,0.000000,1050253722,28,F
4705,504052,14427,64,1,108,E488EF98,True,14427,395900,0,0,1.651510,0.000000,1056964608,28,F
4706,504160,14428,64,1,108,7036D543,True,14428,395926,0,0,2.143470,0.000000,1065353216,28,F
4707,504268,14429,64,1,108,82998FF0,True,14429,395926,0,0,2.143470,0.000000,1050253722,28,F
4708,504376,14430,64,1,108,5EDD9ED0,True,14430,493619,0,0,3.180150,0.000000,0,28,F
4709,504484,14431,64,1,108,806E9F83,True,14431,493619,0,0,3.180150,0.000000,0,28,F
4710,504592,16132,64,1,108,0CA5B146,True,16132,493619,0,0,3.180150,0.000000,1056964608,28,F
4711,504700,16133,64,1,108,6B3205D4,True,16133,395926,0,0,3.180150,0.000000,1056964608,28,F
4712,504808,16134,64,1,108,0C35640A,True,16134,395900,0,0,3.180150,0.000000,1056964608,28,F
4713,504916,13155,28,1,72,64E07D7A,True,13155,419152,419153,0,0.325960,0.000000,0,28,F
4714,504988,13157,28,1,72,53F1AF87,True,13157,419159,419160,0,0.180056,0.000000,0,28,F
4715,505060,13159,28,1,72,A2DAB8CC,True,13159,419166,0,0,0.465558,0.000000,0,28,F
4716,505132,13161,28,1,72,2055A6A2,True,13161,419170,419171,0,0.367090,0.000000,0,28,F
4717,505204,13163,28,1,72,834A0AAC,True,13163,419178,419179,0,0.253247,0.000000,0,28,F
4718,505276,13171,28,1,72,E3063719,True,13171,460591,461459,0,0.498300,0.000000,0,28,F
4719,505348,13173,28,1,72,D85477F2,True,13173,460629,461461,0,0.134047,0.000000,0,28,F
4720,505420,13175,28,1,72,3BBE176F,True,13175,460638,461462,0,0.856684,0.000000,0,28,F
4721,505492,13177,28,1,72,FCD6D7C8,True,13177,460647,461463,0,1.170110,0.000000,0,28,F
4722,505564,13179,28,1,72,74468166,True,13179,460873,461464,0,0.389590,0.000000,0,28,F
4723,505636,13181,28,1,72,93569E25,True,13181,460877,461465,0,0.229687,0.000000,0,28,F
4724,505708,13440,28,1,72,579EFA55,True,13440,506979,0,0,0.818816,0.000000,0,28,F
4725,505780,13446,28,1,72,4073E636,True,13446,506984,0,0,0.508224,0.000000,0,28,F
4726,505852,14445,64,1,108,EEB4F767,True,14445,503473,0,0,1.018990,0.000000,1061522206,28,F
4727,505960,14446,64,1,108,D2405C7D,True,14446,503474,0,0,1.097160,0.000000,1061522206,28,F
4728,506068,14447,64,1,108,300D7F23,True,14447,503475,0,0,0.461871,0.000000,1061522206,28,F
4729,506176,14448,64,1,108,DA238752,True,14448,503476,0,0,0.517548,0.000000,1061522206,28,F
4730,506284,16245,28,1,72,64F9DD70,True,16245,591673,592524,0,0.254626,0.000000,0,28,F
4731,506356,16246,28,1,72,8481F804,True,16246,591674,592525,0,0.230174,0.000000,0,28,F
4732,506428,16247,28,1,72,F7D75FC0,True,16247,591675,592526,0,0.717305,0.000000,0,28,F
4733,506500,16260,28,1,72,1EFCAFF4,True,16260,591670,592523,0,0.750941,0.000000,0,28,F
4734,506572,13165,28,1,72,BF8C4627,True,13165,419709,419710,0,1.178630,0.000000,0,28,F
4735,506644,13167,28,1,72,D77A784B,True,13167,419714,419715,0,1.227740,0.000000,0,28,F
4736,506716,13169,28,1,72,958FF791,True,13169,419719,419720,0,1.245460,0.000000,0,28,F
4737,506788,13279,28,1,72,647BB25F,True,13279,493387,493388,0,0.844445,0.000000,0,28,F
4738,506860,13281,28,1,72,519613A6,True,13281,493456,493457,0,1.476800,0.000000,0,28,F
4739,506932,13283,28,1,72,A7BD4D8D,True,13283,493462,493463,0,1.455000,0.000000,0,28,F
4740,507004,13285,28,1,72,F78BD1EB,True,13285,493474,493475,0,1.216060,0.000000,0,28,F
4741,507076,13287,28,1,72,DFA16E6E,True,13287,493477,493482,0,1.348650,0.000000,0,28,F
4742,507148,13289,28,1,72,50ED4D26,True,13289,493469,493471,0,0.865093,0.000000,0,28,F
4743,507220,13291,28,1,72,3F851171,True,13291,493523,493524,0,1.515120,0.000000,0,28,F
4744,507292,14441,64,1,108,91670C5E,True,14441,503526,503529,0,1.073970,0.000000,1061522206,28,F
4745,507400,14442,64,1,108,6E050B31,True,14442,503527,503534,0,0.826051,0.000000,1061522206,28,F
4746,507508,14443,64,1,108,8BBB29F0,True,14443,503528,503537,0,0.675002,0.000000,1061522206,28,F
4747,507616,16257,28,1,72,715EF7D7,True,16257,591689,592527,0,0.733245,0.000000,0,28,F
4748,507688,13189,28,1,72,86F003C5,True,13189,461251,461457,0,0.312863,0.000000,0,28,F
4749,507760,13191,28,1,72,6782D901,True,13191,461283,461458,0,0.122603,0.000000,0,28,F
4750,507832,13207,28,1,72,2E6C9800,True,13207,469728,469729,0,0.568904,0.000000,0,28,F
4751,507904,13209,28,1,72,E4DA53B3,True,13209,469745,469746,0,0.679397,0.000000,0,28,F
4752,507976,13211,28,1,72,8D9B10D4,True,13211,469798,469799,0,0.708937,0.000000,0,28,F
4753,508048,13213,28,1,72,6503A4B5,True,13213,469644,469645,0,0.687640,0.000000,0,28,F
4754,508120,13215,28,1,72,9C35BD61,True,13215,469664,469665,0,0.698268,0.000000,0,28,F
4755,508192,13217,28,1,72,562DC061,True,13217,469705,469706,0,0.567494,0.000000,0,28,F
4756,508264,13524,28,1,72,ABB8CD24,True,13524,526809,526810,0,0.304139,0.000000,0,28,F
4757,508336,13526,28,1,72,C262EAC6,True,13526,526790,526791,0,0.182348,0.000000,0,28,F
4758,508408,13528,28,1,72,195909F1,True,13528,526764,526765,0,0.139874,0.000000,0,28,F
4759,508480,13530,28,1,72,A4C7F8F0,True,13530,528053,528054,0,0.166331,0.000000,0,28,F
4760,508552,13532,28,1,72,FE49D3ED,True,13532,526863,526864,0,0.112277,0.000000,0,28,F
4761,508624,13219,28,1,72,336EB83D,True,13219,469629,469630,0,1.641940,0.000000,0,28,F
4762,508696,13221,28,1,72,A6A2AFAF,True,13221,469633,469634,0,1.093070,0.000000,0,28,F
4763,508768,13223,28,1,72,9080AAE9,True,13223,469637,469638,0,1.347060,0.000000,0,28,F
4764,508840,13225,28,1,72,812BAEF3,True,13225,469613,469618,0,2.197900,0.000000,0,28,F
4765,508912,13227,28,1,72,14DF0478,True,13227,469595,469620,0,1.144840,0.000000,0,28,F
4766,508984,13229,28,1,72,7F308687,True,13229,469623,469626,0,0.945912,0.000000,0,28,F
4767,509056,14438,64,1,108,0330C91C,True,14438,503437,503449,0,1.092240,0.000000,1061522206,28,F
4768,509164,14439,64,1,108,857F3688,True,14439,503440,503450,0,1.286800,0.000000,1061522206,28,F
4769,509272,14440,64,1,108,F17C07B6,True,14440,503443,503451,0,0.898404,0.000000,1061522206,28,F
4770,509380,14444,64,1,108,CFB82DED,True,14444,503446,503456,0,0.643860,0.000000,1061522206,28,F
4771,509488,16352,64,1,108,AD5F37DA,True,16352,592332,592480,0,0.613958,0.000000,1058642330,28,F
4772,509596,13117,28,1,72,84E958C0,True,13117,406916,472095,0,0.624111,0.000000,0,28,F
4773,509668,13119,28,1,72,616B1288,True,13119,406925,459226,0,0.706208,0.000000,0,28,F
4774,509740,13121,28,1,72,BC5958F8,True,13121,406947,429319,0,0.721689,0.000000,0,28,F
4775,509812,13123,28,1,72,38B72D58,True,13123,406938,0,0,0.576965,0.000000,0,28,F
4776,509884,13237,28,1,72,827820CF,True,13237,470632,471889,0,1.341460,0.000000,0,28,F
4777,509956,13239,28,1,72,9C36DB8F,True,13239,470635,0,0,0.445082,0.000000,0,28,F
4778,510028,13241,28,1,72,1DEE2831,True,13241,470637,0,0,0.776593,0.000000,0,28,F
4779,510100,13398,28,1,72,EF8450F3,True,13398,499035,0,0,1.002280,0.000000,0,28,F
4780,510172,13400,28,1,72,F6B87B66,True,13400,499034,0,0,0.736273,0.000000,0,28,F
4781,510244,13402,28,1,72,CCDEE256,True,13402,499033,0,0,1.539270,0.000000,0,28,F
4782,510316,13466,28,1,72,5F74A54E,True,13466,518811,518850,0,0.652000,0.000000,0,28,F
4783,510388,13468,28,1,72,F4DDCA2C,True,13468,517384,517385,0,0.761229,0.000000,0,28,F
4784,510460,13470,28,1,72,6EC3558D,True,13470,517747,519460,0,0.852290,0.000000,0,28,F
4785,510532,13472,28,1,72,78FB9729,True,13472,518514,518516,0,0.894296,0.000000,0,28,F
4786,510604,13474,28,1,72,EED0E74A,True,13474,518352,518497,0,0.815433,0.000000,0,28,F
4787,510676,14432,64,1,108,07E80AEE,True,14432,503461,0,0,0.783629,0.000000,1061522206,28,F
4788,510784,14433,64,1,108,C3CAC6CF,True,14433,503465,0,0,0.635649,0.000000,1061522206,28,F
4789,510892,14434,64,1,108,22E722BD,True,14434,503469,0,0,0.381545,0.000000,1061522206,28,F
4790,511000,14452,64,1,108,324CC5DF,True,14452,517751,517752,0,0.697932,0.000000,1061522206,28,F
4791,511108,14453,64,1,108,8356AA4A,True,14453,525753,0,0,0.809819,0.000000,1061522206,28,F
4792,511216,14454,64,1,108,C2412A1F,True,14454,527964,0,0,0.580669,0.000000,1061522206,28,F
4793,511324,14455,64,1,108,00388B89,True,14455,527971,0,0,0.407780,0.000000,1061522206,28,F
4794,511432,14456,64,1,108,987C896D,True,14456,527978,0,0,0.965889,0.000000,1061522206,28,F
4795,511540,14457,64,1,108,9A6F6165,True,14457,526946,526947,0,2.091850,0.000000,1061522206,28,F
4796,511648,16355,64,1,108,8A124B5A,True,16355,592356,0,0,0.454727,0.000000,1058642330,28,F
4797,511756,13231,28,1,72,81B3C2D3,True,13231,471919,471930,0,0.334096,0.000000,0,28,F
4798,511828,13233,28,1,72,CD6984F0,True,13233,471920,471931,0,0.502849,0.000000,0,28,F
4799,511900,13235,28,1,72,88B51073,True,13235,471921,471932,0,0.453705,0.000000,0,28,F
4800,511972,13534,28,1,72,856B53A9,True,13534,530581,530610,0,2.266620,0.000000,0,28,F
4801,512044,14463,64,1,108,4BF14B8D,True,14463,530571,530608,0,1.917160,0.000000,1051416248,28,F
4802,512152,14464,64,1,108,250E53C9,True,14464,530576,530609,0,3.219250,0.000000,1051416248,28,F
4803,512260,14465,64,1,108,23849FC2,True,14465,530601,530605,0,4.407690,0.000000,1051416248,28,F
4804,512368,14466,64,1,108,AC595B73,True,14466,530650,530651,0,3.369380,0.000000,1051416248,28,F
4805,512476,14038,52,1,72,4AB107B4,True,14038,531895,0,0,2.007530,0.000000,1953658211,4,F
4806,512548,14039,52,1,72,AD8D44A1,True,14039,531897,0,0,1.503620,0.000000,1953658211,4,F
4807,512620,14040,52,1,72,53C25E56,True,14040,531899,0,0,1.003270,0.000000,1953658211,4,F
4808,512692,14041,52,1,72,0E03F6C6,True,14041,531901,0,0,1.992460,0.000000,1953658211,4,F
4809,512764,14042,52,1,72,F7D80C21,True,14042,531903,0,0,1.499130,0.000000,1953658211,4,F
4810,512836,14043,52,1,72,3AE7304F,True,14043,531905,0,0,0.997020,0.000000,1953658211,4,F
4811,512908,14044,52,1,72,F6C851E3,True,14044,531907,0,0,1.026530,0.000000,1953658211,4,F
4812,512980,14045,52,1,72,188D327D,True,14045,531909,0,0,0.511839,0.000000,1953658211,4,F
4813,513052,14046,52,1,72,26A70463,True,14046,531895,0,0,2.007530,0.000000,1953658211,4,F
4814,513124,14047,52,1,72,C19B4776,True,14047,531897,0,0,1.503620,0.000000,1953658211,4,F
4815,513196,14048,52,1,72,415B3D3E,True,14048,531899,0,0,1.003270,0.000000,1953658211,4,F
4816,513268,14049,52,1,72,1C9A95AE,True,14049,531901,0,0,1.992460,0.000000,1953658211,4,F
4817,513340,14050,52,1,72,E5416F49,True,14050,531903,0,0,1.499130,0.000000,1953658211,4,F
4818,513412,14051,52,1,72,287E5327,True,14051,531905,0,0,0.997020,0.000000,1953658211,4,F
4819,513484,14052,52,1,72,E451328B,True,14052,531907,0,0,1.026530,0.000000,1953658211,4,F
4820,513556,14053,52,1,72,0A145115,True,14053,531909,0,0,0.511839,0.000000,1953658211,4,F
4821,513628,14054,52,1,72,37D0EDA9,True,14054,531895,0,0,2.007530,0.000000,1953658211,4,F
4822,513700,14055,52,1,72,D0ECAEBC,True,14055,531897,0,0,1.503620,0.000000,1953658211,4,F
4823,513772,14056,52,1,72,2EA3B44B,True,14056,531899,0,0,1.003270,0.000000,1953658211,4,F
4824,513844,14057,52,1,72,73621CDB,True,14057,531901,0,0,1.992460,0.000000,1953658211,4,F
4825,513916,14058,52,1,72,8AB9E63C,True,14058,531903,0,0,1.499130,0.000000,1953658211,4,F
4826,513988,14059,52,1,72,4786DA52,True,14059,531905,0,0,0.997020,0.000000,1953658211,4,F
4827,514060,14060,52,1,72,8BA9BBFE,True,14060,531907,0,0,1.026530,0.000000,1953658211,4,F
4828,514132,14061,52,1,72,65ECD860,True,14061,531909,0,0,0.511839,0.000000,1953658211,4,F
4829,514204,14062,52,1,72,20976A7D,True,14062,531895,0,0,2.007530,0.000000,1953658211,4,F
4830,514276,14063,52,1,72,C7AB2968,True,14063,531897,0,0,1.503620,0.000000,1953658211,4,F
4831,514348,14064,52,1,72,139EEC0A,True,14064,531899,0,0,1.003270,0.000000,1953658211,4,F
4832,514420,14065,52,1,72,4E5F449A,True,14065,531901,0,0,1.992460,0.000000,1953658211,4,F
4833,514492,14066,52,1,72,B784BE7D,True,14066,531903,0,0,1.499130,0.000000,1953658211,4,F
4834,514564,14067,52,1,72,7ABB8213,True,14067,531905,0,0,0.997020,0.000000,1953658211,4,F
4835,514636,14068,52,1,72,B694E3BF,True,14068,531907,0,0,1.026530,0.000000,1953658211,4,F
4836,514708,14069,52,1,72,58D18021,True,14069,531909,0,0,0.511839,0.000000,1953658211,4,F
4837,514780,14070,28,1,72,D2AC9A95,True,14070,531895,0,0,2.007530,0.000000,0,28,F
4838,514852,14071,28,1,72,7DBC9ED4,True,14071,531897,0,0,1.503620,0.000000,0,28,F
4839,514924,14072,28,1,72,241BE816,True,14072,531899,0,0,1.003270,0.000000,0,28,F
4840,514996,14073,28,1,72,96EA8BF6,True,14073,531901,0,0,1.992460,0.000000,0,28,F
4841,515068,14074,28,1,72,BB7EE181,True,14074,531903,0,0,1.499130,0.000000,0,28,F
4842,515140,14075,28,1,72,21112B2D,True,14075,531905,0,0,0.997020,0.000000,0,28,F
4843,515212,14076,28,1,72,510E06B0,True,14076,531907,0,0,1.026530,0.000000,0,28,F
4844,515284,14077,28,1,72,0E4D3F6E,True,14077,531909,0,0,0.511839,0.000000,0,28,F
4845,515356,14467,64,1,108,3D0397A7,True,14467,531895,0,0,2.007530,0.000000,1051416248,28,F
4846,515464,14468,88,1,108,6CB0A1ED,True,14468,531895,0,0,2.007530,0.000000,1953658211,4,F
4847,515572,14469,88,1,108,580DD1BA,True,14469,531895,0,0,2.007530,0.000000,1953658211,4,F
4848,515680,14470,88,1,108,DF8B9202,True,14470,531895,0,0,2.007530,0.000000,1953658211,4,F
4849,515788,14471,88,1,108,656842D3,True,14471,531895,0,0,2.007530,0.000000,1953658211,4,F
4850,515896,14472,64,1,108,AD1ED874,True,14472,531897,0,0,1.503620,0.000000,1051416248,28,F
4851,516004,14473,88,1,108,5AEE1846,True,14473,531897,0,0,1.503620,0.000000,1953658211,4,F
4852,516112,14474,88,1,108,C1D9F823,True,14474,531897,0,0,1.503620,0.000000,1953658211,4,F
4853,516220,14475,88,1,108,E9D52BA9,True,14475,531897,0,0,1.503620,0.000000,1953658211,4,F
4854,516328,14476,88,1,108,6A6DE281,True,14476,531897,0,0,1.503620,0.000000,1953658211,4,F
4855,516436,14477,64,1,108,874323C0,True,14477,531899,0,0,1.003270,0.000000,1051416248,28,F
4856,516544,14478,88,1,108,EC7E2C0C,True,14478,531899,0,0,1.003270,0.000000,1953658211,4,F
4857,516652,14479,88,1,108,D8C35C5B,True,14479,531899,0,0,1.003270,0.000000,1953658211,4,F
4858,516760,14480,88,1,108,749BE19A,True,14480,531899,0,0,1.003270,0.000000,1953658211,4,F
4859,516868,14481,88,1,108,CE78314B,True,14481,531899,0,0,1.003270,0.000000,1953658211,4,F
4860,516976,14482,64,1,108,1CFE55A0,True,14482,531901,0,0,1.992460,0.000000,1051416248,28,F
4861,517084,14483,88,1,108,CB9D1538,True,14483,531901,0,0,1.992460,0.000000,1953658211,4,F
4862,517192,14484,88,1,108,D4CED378,True,14484,531901,0,0,1.992460,0.000000,1953658211,4,F
4863,517300,14485,88,1,108,FCC200F2,True,14485,531901,0,0,1.992460,0.000000,1953658211,4,F
4864,517408,14486,88,1,108,E9AB4011,True,14486,531901,0,0,1.992460,0.000000,1953658211,4,F
4865,517516,14487,64,1,108,426760AC,True,14487,531903,0,0,1.499130,0.000000,1051416248,28,F
4866,517624,14488,88,1,108,34C290B5,True,14488,531903,0,0,1.499130,0.000000,1953658211,4,F
4867,517732,14489,88,1,108,007FE0E2,True,14489,531903,0,0,1.499130,0.000000,1953658211,4,F
4868,517840,14490,88,1,108,87F9A35A,True,14490,531903,0,0,1.499130,0.000000,1953658211,4,F
4869,517948,14491,88,1,108,3D1A738B,True,14491,531903,0,0,1.499130,0.000000,1953658211,4,F
4870,518056,14492,64,1,108,16901F8E,True,14492,531905,0,0,0.997020,0.000000,1051416248,28,F
4871,518164,14493,88,1,108,F7CBC9DC,True,14493,531905,0,0,0.997020,0.000000,1953658211,4,F
4872,518272,14494,88,1,108,6CFC29B9,True,14494,531905,0,0,0.997020,0.000000,1953658211,4,F
4873,518380,14495,88,1,108,44F0FA33,True,14495,531905,0,0,0.997020,0.000000,1953658211,4,F
4874,518488,14496,88,1,108,82406007,True,14496,531905,0,0,0.997020,0.000000,1953658211,4,F
4875,518596,14497,64,1,108,04C639CD,True,14497,531907,0,0,1.026530,0.000000,1051416248,28,F
4876,518704,14498,88,1,108,77C45406,True,14498,531907,0,0,1.026530,0.000000,1953658211,4,F
4877,518812,14499,88,1,108,43792451,True,14499,531907,0,0,1.026530,0.000000,1953658211,4,F
4878,518920,14500,64,1,108,C8010721,True,14500,531907,0,0,1.026530,0.000000,1051416248,28,F
4879,519028,14501,88,1,108,FA78911D,True,14501,531907,0,0,1.026530,0.000000,1953658211,4,F
4880,519136,14502,64,1,108,5625EF97,True,14502,531909,0,0,0.511839,0.000000,1051416248,28,F
4881,519244,14503,88,1,108,07AC6D80,True,14503,531909,0,0,0.511839,0.000000,1953658211,4,F
4882,519352,14504,88,1,108,CB46E1CB,True,14504,531909,0,0,0.511839,0.000000,1953658211,4,F
4883,519460,14505,64,1,108,FD76F53E,True,14505,531909,0,0,0.511839,0.000000,1051416248,28,F
4884,519568,14506,88,1,108,F62372A2,True,14506,531909,0,0,0.511839,0.000000,1953658211,4,F
4885,519676,13243,28,1,72,B2AD7B61,True,13243,471896,471899,0,1.909950,0.000000,0,28,F
4886,519748,13245,28,1,72,9418C6CB,True,13245,471897,471904,0,2.133250,0.000000,0,28,F
4887,519820,13247,28,1,72,A2627CD5,True,13247,471898,471907,0,2.811300,0.000000,0,28,F
4888,519892,14458,64,1,108,2D52D9E7,True,14458,528035,528036,0,1.407270,0.000000,1061522206,28,F
4889,520000,14459,64,1,108,9B41C7DA,True,14459,527984,527985,0,2.599690,0.000000,1061522206,28,F
4890,520108,14460,64,1,108,391EDC43,True,14460,528004,528005,0,2.558930,0.000000,1061522206,28,F
4891,520216,14461,64,1,108,47C5A14B,True,14461,527996,527997,0,2.120360,0.000000,1061522206,28,F
4892,520324,14462,64,1,108,BCE13018,True,14462,528015,528016,0,2.904420,0.000000,1061522206,28,F
4893,520432,14435,64,1,108,7F35031F,True,14435,503514,503517,0,0.864695,0.000000,1061522206,28,F
4894,520540,14436,64,1,108,E7269A05,True,14436,503515,503520,0,1.191200,0.000000,1061522206,28,F
4895,520648,14437,64,1,108,FE63E347,True,14437,503516,503523,0,1.594480,0.000000,1061522206,28,F
4896,520756,16248,28,1,72,B808A8B8,True,16248,591631,591632,0,0.656002,0.000000,0,28,F
4897,520828,13269,28,1,72,6A94F134,True,13269,493124,493125,0,0.592525,0.000000,0,28,F
4898,520900,13271,28,1,72,329C5879,True,13271,493131,493132,0,0.560168,0.000000,0,28,F
4899,520972,13273,28,1,72,B7ECD111,True,13273,493137,493138,0,0.560168,0.000000,0,28,F
4900,521044,14449,64,1,108,DBB74952,True,14449,503501,503511,0,0.376953,0.000000,1061522206,28,F
4901,521152,14450,64,1,108,65C06BE8,True,14450,503502,503508,0,0.406631,0.000000,1061522206,28,F
4902,521260,14451,64,1,108,B8EAC6A8,True,14451,503503,503504,0,0.402535,0.000000,1061522206,28,F
4903,521368,13095,28,1,72,EABD05F9,True,13095,395864,395865,0,1.271430,0.000000,0,28,F
4904,521440,13109,28,1,72,0189920C,True,13109,406999,0,0,0.523036,0.000000,0,28,F
4905,521512,13111,28,1,72,C9CDBE4D,True,13111,407006,0,0,0.355344,0.000000,0,28,F
4906,521584,13113,28,1,72,CC16E2A0,True,13113,407009,0,0,0.342833,0.000000,0,28,F
4907,521656,13115,28,1,72,C9858FE5,True,13115,407012,0,0,0.334961,0.000000,0,28,F
4908,521728,13183,28,1,72,C03F38FC,True,13183,461019,461204,0,1.601390,0.000000,0,28,F
4909,521800,13185,28,1,72,3154700B,True,13185,461020,461205,0,2.252500,0.000000,0,28,F
4910,521872,13187,28,1,72,346626D0,True,13187,461138,461432,0,0.586256,0.000000,0,28,F
4911,521944,13251,28,1,72,DF2772D1,True,13251,490686,490687,0,0.677169,0.000000,0,28,F
4912,522016,13275,28,1,72,D704541C,True,13275,493318,0,0,0.179518,0.000000,0,28,F
4913,522088,13276,28,1,72,BFD3ED95,True,13276,493327,0,0,0.303801,0.000000,0,28,F
4914,522160,13277,28,1,72,34FA5AF6,True,13277,493328,0,0,0.235808,0.000000,0,28,F
4915,522232,13394,28,1,72,81CA304E,True,13394,493957,493958,0,0.561942,0.000000,0,28,F
4916,522304,13395,54,1,72,E8CCE3DD,True,13395,493957,493958,0,0.561942,0.000000,1198482759,2,F
4917,522376,13396,54,1,72,0E68A4A6,True,13396,493957,493958,0,0.561942,0.000000,1198482759,2,F
4918,522448,13444,28,1,72,78C11328,True,13444,507028,0,0,0.819047,0.000000,0,28,F
4919,522520,13450,28,1,72,DBF72A94,True,13450,511003,0,0,0.384750,0.000000,0,28,F
4920,522592,13452,28,1,72,EE8E4A04,True,13452,511066,0,0,0.185488,0.000000,0,28,F
4921,522664,13454,28,1,72,F81C6EF3,True,13454,511073,0,0,0.087260,0.000000,0,28,F
4922,522736,13456,28,1,72,D653425C,True,13456,511084,0,0,0.120049,0.000000,0,28,F
4923,522808,13458,28,1,72,6F008203,True,13458,511090,0,0,0.051629,0.000000,0,28,F
4924,522880,13460,28,1,72,F6A49F09,True,13460,511229,0,0,0.098572,0.000000,0,28,F
4925,522952,13462,28,1,72,92660B5D,True,13462,511284,0,0,0.130068,0.000000,0,28,F
4926,523024,13476,28,1,72,34ECEF54,True,13476,469322,0,0,0.612652,0.000000,0,28,F
4927,523096,13478,28,1,72,29A52BC8,True,13478,469325,469326,0,0.290881,0.000000,0,28,F
4928,523168,13480,28,1,72,31DC56FA,True,13480,469329,469330,0,0.348671,0.000000,0,28,F
4929,523240,13482,28,1,72,E04A57D8,True,13482,469333,469334,0,0.240753,0.000000,0,28,F
4930,523312,13484,28,1,72,AA08DFF2,True,13484,469354,0,0,0.209020,0.000000,0,28,F
4931,523384,13486,28,1,72,BECC4CC3,True,13486,469343,0,0,0.269511,0.000000,0,28,F
4932,523456,13488,28,1,72,46422BFA,True,13488,469348,0,0,0.267832,0.000000,0,28,F
4933,523528,13490,28,1,72,3D7ADAF6,True,13490,469351,0,0,0.565127,0.000000,0,28,F
4934,523600,13492,28,1,72,CA5D52D3,True,13492,469372,0,0,0.563941,0.000000,0,28,F
4935,523672,13494,28,1,72,0A36AD77,True,13494,493293,0,0,0.774802,0.000000,0,28,F
4936,523744,13496,28,1,72,6FF5CDF9,True,13496,493298,0,0,0.424847,0.000000,0,28,F
4937,523816,13506,28,1,72,CC2D473D,True,13506,469318,0,0,0.370612,0.000000,0,28,F
4938,523888,13538,28,1,72,481AFBAD,True,13538,534390,0,0,1.008880,0.000000,0,28,F
4939,523960,14079,28,1,72,38F89A07,True,14079,280677,0,0,0.603873,0.000000,0,28,F
4940,524032,14080,28,1,72,23CC1944,True,14080,280687,0,0,0.625484,0.000000,0,28,F
4941,524104,16253,28,1,72,D1BB9085,True,16253,591683,591684,0,1.118310,0.000000,0,28,F
4942,524176,16259,64,1,108,E7F560C3,True,16259,591690,592534,0,1.461690,0.000000,1056964608,28,F
4943,524284,16267,28,1,72,9BB1F3D1,True,16267,591666,591667,0,1.005220,0.000000,0,28,F
4944,524356,16268,28,1,72,A4A0C6F3,True,16268,591614,591621,0,2.316860,0.000000,0,28,F
4945,524428,16269,28,1,72,8CB8B75F,True,16269,591668,592601,0,1.125720,0.000000,0,28,F
4946,524500,16338,64,1,108,BF09FA33,True,16338,592328,592478,0,0.638509,0.000000,1056964608,28,F
4947,524608,16339,64,1,108,A3EA75B8,True,16339,592353,592487,0,1.329540,0.000000,1056964608,28,F
4948,524716,16340,64,1,108,AFC5B1A7,True,16340,592314,592514,0,0.358193,0.000000,1056964608,28,F
4949,524824,16342,64,1,108,4AAB4B9D,True,16342,592338,592482,0,1.099470,0.000000,1056964608,28,F
4950,524932,16343,64,1,108,36C95B21,True,16343,592341,592483,0,0.973079,0.000000,1056964608,28,F
4951,525040,16344,64,1,108,EA437333,True,16344,592344,592484,0,1.035660,0.000000,1056964608,28,F
4952,525148,16345,64,1,108,39D5B945,True,16345,592347,592485,0,0.967852,0.000000,1056964608,28,F
4953,525256,16346,64,1,108,14CEC764,True,16346,592350,592486,0,0.854004,0.000000,1056964608,28,F
4954,525364,16347,64,1,108,CF211752,True,16347,592359,592489,0,0.649276,0.000000,1056964608,28,F
4955,525472,16348,64,1,108,20645167,True,16348,592362,592490,0,0.607541,0.000000,1056964608,28,F
4956,525580,16349,28,1,72,5461BC1C,True,16349,592368,0,0,0.327466,0.000000,0,28,F
4957,525652,16351,64,1,108,4C3A4810,True,16351,592329,592479,0,5.117100,0.000000,1056964608,28,F
4958,525760,16357,28,1,72,17BA9E89,True,16357,592365,592491,0,0.652632,0.000000,0,28,F
4959,525832,16359,28,1,72,14C10E8A,True,16359,592373,0,0,0.441083,0.000000,0,28,F
4960,525904,16370,28,1,72,E9F8B43F,True,16370,592560,0,0,0.217827,0.000000,0,28,F
4961,525976,16371,28,1,72,ED2A0CC0,True,16371,592561,0,0,0.217823,0.000000,0,28,F
4962,526048,16361,28,1,72,2DDEE9F4,True,16361,592317,0,0,0.098348,0.000000,0,28,F
4963,526120,16362,28,1,72,BA0CA516,True,16362,592378,0,0,0.420048,0.000000,0,28,F
4964,526192,16364,28,1,72,3DB2B2E6,True,16364,592381,0,0,0.155024,0.000000,0,28,F
4965,526264,16365,28,1,72,27F19890,True,16365,592384,0,0,0.085668,0.000000,0,28,F
4966,526336,16367,28,1,72,574C3754,True,16367,592320,0,0,0.795751,0.000000,0,28,F
4967,526408,13413,28,1,72,2DE42FAE,True,13413,500857,0,0,0.289717,0.000000,0,28,F
4968,526480,13414,28,1,72,F877BD27,True,13414,500858,0,0,0.705054,0.000000,0,28,F
4969,526552,13415,28,1,72,8D1A173F,True,13415,500859,0,0,0.746123,0.000000,0,28,F
4970,526624,13416,28,1,72,86639E92,True,13416,500860,0,0,1.074710,0.000000,0,28,F
4971,526696,13417,28,1,72,22B45F88,True,13417,500861,0,0,1.271460,0.000000,0,28,F
4972,526768,13419,28,1,72,0D198EF8,True,13419,500836,0,0,0.323062,0.000000,0,28,F
4973,526840,13420,28,1,72,C82A6CB3,True,13420,500845,0,0,0.762765,0.000000,0,28,F
4974,526912,13421,28,1,72,C266BCA1,True,13421,500846,0,0,0.825039,0.000000,0,28,F
4975,526984,13422,28,1,72,FA9ACB04,True,13422,500847,0,0,1.154170,0.000000,0,28,F
4976,527056,13423,28,1,72,4F5DCF39,True,13423,500848,0,0,1.384860,0.000000,0,28,F
4977,527128,11606,28,1,72,D12F1F0A,True,11606,407173,407174,0,1.698890,0.000000,0,28,F
4978,527200,11607,28,1,72,543B5C8D,True,11607,407178,407179,0,1.674530,0.000000,0,28,F
4979,527272,11860,28,1,72,CE493FA7,True,11860,469516,469517,0,1.580600,0.000000,0,28,F
4980,527344,13083,28,1,72,9B46ED0B,True,13083,395700,395701,0,0.839093,0.000000,0,28,F
4981,527416,13085,28,1,72,7D5C78F4,True,13085,395706,0,0,0.540686,0.000000,0,28,F
4982,527488,13087,28,1,72,FFE48C1B,True,13087,395707,395712,0,0.387073,0.000000,0,28,F
4983,527560,13205,28,1,72,C3DF72B8,True,13205,469511,469512,0,2.347970,0.000000,0,28,F
4984,527632,13249,28,1,72,70064298,True,13249,472870,472871,0,0.533522,0.000000,0,28,F
4985,527704,13253,28,1,72,512505CC,True,13253,490918,0,0,0.300039,0.000000,0,28,F
4986,527776,13255,28,1,72,D93EE39A,True,13255,490920,0,0,0.564172,0.000000,0,28,F
4987,527848,13257,28,1,72,D57D8816,True,13257,490976,0,0,0.313356,0.000000,0,28,F
4988,527920,13536,28,1,72,1E69C7F5,True,13536,534376,534387,0,0.868768,0.000000,0,28,F
4989,527992,16255,28,1,72,0ACA8037,True,16255,591676,592683,0,1.140760,0.000000,0,28,F
4990,528064,16310,28,1,72,7870186B,True,16310,592046,592717,0,0.950648,0.000000,0,28,F
4991,528136,16328,28,1,72,B59416DD,True,16328,592157,592135,0,0.694477,0.000000,0,28,F
4992,528208,16329,28,1,72,8E60BC29,True,16329,592141,592701,0,0.475467,0.000000,0,28,F
4993,528280,16330,28,1,72,E4AED6DD,True,16330,592130,592703,0,0.723950,0.000000,0,28,F
4994,528352,16332,28,1,72,8B78AAAB,True,16332,592152,592698,0,0.737934,0.000000,0,28,F
4995,528424,13407,28,1,72,3332D66E,True,13407,500785,500786,0,0.648296,0.000000,0,28,F
4996,528496,13409,28,1,72,1EF28733,True,13409,500807,500808,0,0.499943,0.000000,0,28,F
4997,528568,13411,28,1,72,5C382CD1,True,13411,500815,500816,0,0.452070,0.000000,0,28,F
4998,528640,13514,28,1,72,CFD6576D,True,13514,528043,528044,0,0.267814,0.000000,0,28,F
4999,528712,13516,28,1,72,D85DAFE8,True,13516,528046,528047,0,0.384872,0.000000,0,28,F
5000,528784,13518,28,1,72,F07F73E0,True,13518,526926,526927,0,0.333777,0.000000,0,28,F
5001,528856,13520,28,1,72,CA073406,True,13520,526932,526933,0,0.168115,0.000000,0,28,F
5002,528928,13522,28,1,72,9485ABF4,True,13522,526939,526940,0,0.248305,0.000000,0,28,F
5003,529000,13089,28,1,72,3182E2A0,True,13089,395790,395791,0,0.387427,0.000000,0,28,F
5004,529072,13091,28,1,72,EF2787B4,True,13091,395794,395795,0,0.749995,0.000000,0,28,F
5005,529144,13093,28,1,72,742A5E2A,True,13093,395798,395799,0,0.560270,0.000000,0,28,F
5006,529216,13103,28,1,72,D336530E,True,13103,407156,407157,0,1.108240,0.000000,0,28,F
5007,529288,13293,28,1,72,B1F9106B,True,13293,493664,493665,0,0.637102,0.000000,0,28,F
5008,529360,13295,28,1,72,F8E27F90,True,13295,493676,493677,0,0.489743,0.000000,0,28,F
5009,529432,13297,28,1,72,0344633D,True,13297,493680,493681,0,1.084690,0.000000,0,28,F
5010,529504,13299,28,1,72,FE1B0D2B,True,13299,493684,493685,0,0.505664,0.000000,0,28,F
5011,529576,13301,28,1,72,70FD5A6E,True,13301,493688,493689,0,0.625987,0.000000,0,28,F
5012,529648,13303,28,1,72,18144698,True,13303,493692,493693,0,0.736646,0.000000,0,28,F
5013,529720,13305,28,1,72,947E1329,True,13305,493696,493697,0,0.835536,0.000000,0,28,F
5014,529792,13151,28,1,72,1211A391,True,13151,406964,406965,0,0.702122,0.000000,0,28,F
5015,529864,13153,28,1,72,CD7C1351,True,13153,406955,406956,0,0.719722,0.000000,0,28,F
5016,529936,13195,28,1,72,A25E8A81,True,13195,469444,470093,0,0.725637,0.000000,0,28,F
5017,530008,13197,28,1,72,2DB6DC4F,True,13197,469438,470102,0,0.654769,0.000000,0,28,F
5018,530080,13199,28,1,72,4B63C3F8,True,13199,469431,470095,0,0.628201,0.000000,0,28,F
5019,530152,13201,28,1,72,87EAAE91,True,13201,469424,470107,0,0.589458,0.000000,0,28,F
5020,530224,13203,28,1,72,78BCAE96,True,13203,469411,470103,0,1.051050,0.000000,0,28,F
5021,530296,16250,28,1,72,9C7CCBCD,True,16250,591669,592522,0,0.960314,0.000000,0,28,F
5022,530368,16251,28,1,72,5AA44706,True,16251,591660,591661,0,0.989550,0.000000,0,28,F
5023,530440,16354,64,1,108,68B01C35,True,16354,592335,592481,0,0.656902,0.000000,1056964608,28,F
5024,530548,14507,64,1,108,574E424A,True,14507,377928,0,0,0.401567,0.000000,1056964608,28,F
5025,530656,14508,64,1,108,92729308,True,14508,588466,0,0,0.217906,0.000000,1056964608,28,F
5026,530764,14509,64,1,108,2EB38913,True,14509,588469,0,0,0.416130,0.000000,1056964608,28,F
5027,530872,14511,64,1,108,261F4841,True,14511,503197,0,0,0.858271,0.000000,1056964608,28,F
5028,530980,14516,64,1,108,32FF881A,True,14516,507141,0,0,1.270450,0.000000,1056964608,28,F
5029,531088,15895,28,1,72,09D62F4D,True,15895,585050,0,0,0.299941,0.000000,0,28,F
5030,531160,11841,28,1,72,C280E910,True,11841,172608,0,0,0.330354,0.000000,0,28,F
5031,531232,11856,28,1,72,1EAF517E,True,11856,176573,0,0,0.285903,0.000000,0,28,F
5032,531304,11858,28,1,72,7817AD0A,True,11858,176587,0,0,0.046711,0.000000,0,28,F
5033,531376,11969,28,1,72,CF7BE99D,True,11969,182588,0,0,0.039469,0.000000,0,28,F
5034,531448,12440,28,1,72,844DD1A5,True,12440,176595,0,0,0.239884,0.000000,0,28,F
5035,531520,12442,28,1,72,0A7D1AA2,True,12442,176583,0,0,0.358788,0.000000,0,28,F
5036,531592,12444,28,1,72,981D1A73,True,12444,176580,0,0,0.222053,0.000000,0,28,F
5037,531664,12446,28,1,72,84C4281E,True,12446,172639,0,0,0.534714,0.000000,0,28,F
5038,531736,12448,28,1,72,62F09289,True,12448,175658,0,0,0.255393,0.000000,0,28,F
5039,531808,12766,28,1,72,465D10E3,True,12766,171193,0,0,0.121804,0.000000,0,28,F
5040,531880,12768,28,1,72,879F4D4D,True,12768,170157,0,0,0.159485,0.000000,0,28,F
5041,531952,12770,28,1,72,05017530,True,12770,171296,0,0,0.118445,0.000000,0,28,F
5042,532024,12773,28,1,72,CDED611B,True,12773,171503,0,0,0.133506,0.000000,0,28,F
5043,532096,12776,28,1,72,D0186447,True,12776,171498,0,0,0.131346,0.000000,0,28,F
5044,532168,12778,28,1,72,3136BD3F,True,12778,171673,0,0,0.050483,0.000000,0,28,F
5045,532240,12780,28,1,72,D75471DF,True,12780,171549,0,0,0.298799,0.000000,0,28,F
5046,532312,12782,28,1,72,6FDC8067,True,12782,170151,0,0,0.080194,0.000000,0,28,F
5047,532384,12784,28,1,72,80AFC380,True,12784,170714,0,0,0.518730,0.000000,0,28,F
5048,532456,12786,28,1,72,444F9C0D,True,12786,169850,0,0,0.466894,0.000000,0,28,F
5049,532528,12788,28,1,72,CC267FD4,True,12788,170721,0,0,0.616546,0.000000,0,28,F
5050,532600,12790,28,1,72,36C066CE,True,12790,170725,0,0,0.225376,0.000000,0,28,F
5051,532672,12792,28,1,72,84CD1480,True,12792,171647,0,0,0.111601,0.000000,0,28,F
5052,532744,12794,28,1,72,E4B84675,True,12794,172201,0,0,0.125456,0.000000,0,28,F
5053,532816,12796,28,1,72,0F2F0963,True,12796,174146,0,0,0.195883,0.000000,0,28,F
5054,532888,12798,28,1,72,868FD576,True,12798,174156,0,0,0.076797,0.000000,0,28,F
5055,532960,12800,28,1,72,70E41E91,True,12800,175002,0,0,0.048078,0.000000,0,28,F
5056,533032,12802,28,1,72,04B73309,True,12802,175059,0,0,0.155941,0.000000,0,28,F
5057,533104,12858,28,1,72,EFE33993,True,12858,426763,0,0,0.208275,0.000000,0,28,F
5058,533176,12860,28,1,72,1E097774,True,12860,427165,0,0,0.208275,0.000000,0,28,F
5059,533248,12862,28,1,72,128DF79A,True,12862,427179,0,0,0.121155,0.000000,0,28,F
5060,533320,12864,28,1,72,60B833CF,True,12864,427182,0,0,0.058950,0.000000,0,28,F
5061,533392,12866,28,1,72,457817A6,True,12866,427183,0,0,0.137213,0.000000,0,28,F
5062,533464,12868,28,1,72,27112A41,True,12868,427184,0,0,0.134553,0.000000,0,28,F
5063,533536,12870,28,1,72,2ECB09D0,True,12870,427188,0,0,0.026330,0.000000,0,28,F
5064,533608,12872,28,1,72,749A74F4,True,12872,427189,0,0,0.208275,0.000000,0,28,F
5065,533680,12874,28,1,72,7CF3D715,True,12874,427190,0,0,0.094237,0.000000,0,28,F
5066,533752,12876,28,1,72,E47BC207,True,12876,427191,0,0,0.136835,0.000000,0,28,F
5067,533824,12892,28,1,72,C104CEA5,True,12892,501038,0,0,0.538294,0.000000,0,28,F
5068,533896,12894,28,1,72,9A41A6E6,True,12894,500714,0,0,0.333432,0.000000,0,28,F
5069,533968,12896,28,1,72,FEA2A23D,True,12896,500724,0,0,0.266007,0.000000,0,28,F
5070,534040,12898,28,1,72,6B83A3E4,True,12898,500728,0,0,0.060834,0.000000,0,28,F
5071,534112,12900,28,1,72,8DE9E42B,True,12900,500727,0,0,0.060636,0.000000,0,28,F
5072,534184,12902,28,1,72,12CF1EC5,True,12902,500726,0,0,0.097083,0.000000,0,28,F
5073,534256,12904,28,1,72,EA3199F7,True,12904,500725,0,0,0.351801,0.000000,0,28,F
5074,534328,12906,28,1,72,388F1A3E,True,12906,500723,0,0,0.195620,0.000000,0,28,F
5075,534400,12908,28,1,72,5271D876,True,12908,500722,0,0,0.091821,0.000000,0,28,F
5076,534472,12910,28,1,72,0A6CE79B,True,12910,500721,0,0,0.706660,0.000000,0,28,F
5077,534544,12912,28,1,72,B0F623EF,True,12912,500720,0,0,0.108372,0.000000,0,28,F
5078,534616,12914,28,1,72,0C7F0C68,True,12914,500719,0,0,0.841877,0.000000,0,28,F
5079,534688,12916,28,1,72,54951D4D,True,12916,500717,0,0,0.305043,0.000000,0,28,F
5080,534760,12918,28,1,72,7002885E,True,12918,500718,0,0,0.262728,0.000000,0,28,F
5081,534832,12935,28,1,72,785B2069,True,12935,508963,0,0,1.059820,0.000000,0,28,F
5082,534904,12937,28,1,72,1FB17F34,True,12937,508968,0,0,0.349939,0.000000,0,28,F
5083,534976,12939,28,1,72,4FEA4392,True,12939,508973,0,0,1.245500,0.000000,0,28,F
5084,535048,12941,28,1,72,815CD53F,True,12941,508978,0,0,0.600003,0.000000,0,28,F
5085,535120,12943,28,1,72,DF2CA6BF,True,12943,508984,0,0,0.913631,0.000000,0,28,F
5086,535192,12945,28,1,72,0C1393CD,True,12945,508999,0,0,1.319110,0.000000,0,28,F
5087,535264,12947,28,1,72,364DD808,True,12947,509003,0,0,0.261099,0.000000,0,28,F
5088,535336,12949,28,1,72,ECC30798,True,12949,509007,0,0,0.283351,0.000000,0,28,F
5089,535408,12951,28,1,72,2820A660,True,12951,509012,0,0,0.108397,0.000000,0,28,F
5090,535480,12953,28,1,72,3207C70E,True,12953,509017,0,0,0.741093,0.000000,0,28,F
5091,535552,12955,28,1,72,BD5DE46E,True,12955,509042,0,0,0.936135,0.000000,0,28,F
5092,535624,12957,28,1,72,7F4A59AC,True,12957,509047,0,0,0.550685,0.000000,0,28,F
5093,535696,12959,28,1,72,2034F034,True,12959,509052,0,0,0.856781,0.000000,0,28,F
5094,535768,12961,28,1,72,75DDAEFE,True,12961,509057,0,0,0.202183,0.000000,0,28,F
5095,535840,12963,28,1,72,AB604721,True,12963,509062,0,0,1.580950,0.000000,0,28,F
5096,535912,12965,28,1,72,30E6748B,True,12965,509067,0,0,0.254027,0.000000,0,28,F
5097,535984,12967,28,1,72,A1BA7190,True,12967,509072,0,0,0.028440,0.000000,0,28,F
5098,536056,12969,28,1,72,0B5F8079,True,12969,509077,0,0,0.284583,0.000000,0,28,F
5099,536128,12971,28,1,72,ED3BA245,True,12971,509082,0,0,0.501843,0.000000,0,28,F
5100,536200,12973,28,1,72,171D15BD,True,12973,509087,0,0,0.125921,0.000000,0,28,F
5101,536272,12975,28,1,72,16D67455,True,12975,510631,0,0,0.113192,0.000000,0,28,F
5102,536344,12977,28,1,72,25AC49A0,True,12977,510644,0,0,0.031792,0.000000,0,28,F
5103,536416,12979,28,1,72,AA812E7A,True,12979,510653,0,0,0.112593,0.000000,0,28,F
5104,536488,12981,28,1,72,C6A41523,True,12981,524062,0,0,0.430410,0.000000,0,28,F
5105,536560,12983,28,1,72,D5EF4573,True,12983,524127,0,0,1.300250,0.000000,0,28,F
5106,536632,12985,28,1,72,A42A6893,True,12985,524134,0,0,0.341892,0.000000,0,28,F
5107,536704,12994,28,1,72,01C116B0,True,12994,525707,0,0,0.511655,0.000000,0,28,F
5108,536776,12996,28,1,72,109C8634,True,12996,525711,0,0,0.513590,0.000000,0,28,F
5109,536848,12998,28,1,72,ECDAFEDE,True,12998,525715,0,0,0.250048,0.000000,0,28,F
5110,536920,13000,28,1,72,D1C52318,True,13000,525719,0,0,0.396423,0.000000,0,28,F
5111,536992,13002,28,1,72,237D252B,True,13002,525743,0,0,0.463244,0.000000,0,28,F
5112,537064,13004,28,1,72,0E6BD740,True,13004,525727,0,0,0.361245,0.000000,0,28,F
5113,537136,13006,28,1,72,FA20C773,True,13006,525723,0,0,1.163140,0.000000,0,28,F
5114,537208,13008,28,1,72,1110CE94,True,13008,525749,0,0,0.615260,0.000000,0,28,F
5115,537280,13010,28,1,72,8DD35861,True,13010,525763,0,0,0.971448,0.000000,0,28,F
5116,537352,13012,28,1,72,4F5B663E,True,13012,525766,0,0,0.318603,0.000000,0,28,F
5117,537424,13014,28,1,72,231882C1,True,13014,525873,0,0,0.269644,0.000000,0,28,F
5118,537496,13016,28,1,72,A5740084,True,13016,525775,0,0,0.554056,0.000000,0,28,F
5119,537568,13018,28,1,72,C1B12E7F,True,13018,525877,0,0,0.671344,0.000000,0,28,F
5120,537640,13020,28,1,72,D124D52B,True,13020,532597,0,0,0.506148,0.000000,0,28,F
5121,537712,13022,28,1,72,A1BEB9F8,True,13022,532600,0,0,0.943160,0.000000,0,28,F
5122,537784,13026,28,1,72,DD51C02E,True,13026,175525,0,0,0.864591,0.000000,0,28,F
5123,537856,13028,28,1,72,D96C8201,True,13028,175793,0,0,0.245980,0.000000,0,28,F
5124,537928,13036,28,1,72,05A6413A,True,13036,168385,0,0,0.116956,0.000000,0,28,F
5125,538000,13038,28,1,72,9054935E,True,13038,168533,0,0,0.287604,0.000000,0,28,F
5126,538072,13040,28,1,72,153047CE,True,13040,168546,0,0,0.168495,0.000000,0,28,F
5127,538144,13042,28,1,72,BC619062,True,13042,168512,0,0,0.208749,0.000000,0,28,F
5128,538216,13044,28,1,72,F0BCD681,True,13044,168555,0,0,0.177547,0.000000,0,28,F
5129,538288,13046,28,1,72,BE0D0C42,True,13046,171671,0,0,0.144667,0.000000,0,28,F
5130,538360,13052,28,1,72,75BFC38E,True,13052,169511,0,0,0.151970,0.000000,0,28,F
5131,538432,13054,28,1,72,A9FA1176,True,13054,170160,0,0,0.374175,0.000000,0,28,F
5132,538504,13056,28,1,72,27BAAE31,True,13056,170623,0,0,0.710261,0.000000,0,28,F
5133,538576,13058,28,1,72,4A73D0F8,True,13058,170717,0,0,0.860968,0.000000,0,28,F
5134,538648,13060,28,1,72,CAA2FD38,True,13060,171594,0,0,0.771028,0.000000,0,28,F
5135,538720,13074,28,1,72,4639D4AE,True,13074,174999,0,0,0.203226,0.000000,0,28,F
5136,538792,13076,28,1,72,455E565E,True,13076,174995,0,0,0.203471,0.000000,0,28,F
5137,538864,13125,28,1,72,4DC869D0,True,13125,417846,0,0,0.304430,0.000000,0,28,F
5138,538936,13127,28,1,72,4E96CFEF,True,13127,417862,0,0,0.883718,0.000000,0,28,F
5139,539008,13129,28,1,72,5E3CE5D4,True,13129,417881,417882,0,0.722156,0.000000,0,28,F
5140,539080,13131,28,1,72,C17F4A6D,True,13131,417906,0,0,0.805348,0.000000,0,28,F
5141,539152,13133,28,1,72,4CE1898D,True,13133,417924,0,0,0.326874,0.000000,0,28,F
5142,539224,13135,28,1,72,E2547AEA,True,13135,417962,0,0,0.946576,0.000000,0,28,F
5143,539296,13137,28,1,72,97507A84,True,13137,417946,0,0,0.267085,0.000000,0,28,F
5144,539368,13139,28,1,72,4843DB03,True,13139,417991,0,0,1.239540,0.000000,0,28,F
5145,539440,13141,28,1,72,2538F648,True,13141,418028,0,0,1.079660,0.000000,0,28,F
5146,539512,13143,28,1,72,E11ACD8F,True,13143,418118,0,0,0.848142,0.000000,0,28,F
5147,539584,13145,28,1,72,80AC0BDD,True,13145,418146,0,0,0.522969,0.000000,0,28,F
5148,539656,13147,28,1,72,D938D147,True,13147,418162,0,0,0.518417,0.000000,0,28,F
5149,539728,13149,28,1,72,FA61D8F3,True,13149,461622,0,0,0.584275,0.000000,0,28,F
5150,539800,13448,28,1,72,B6E31921,True,13448,510849,0,0,0.606391,0.000000,0,28,F
5151,539872,16336,28,1,72,1B8902B2,True,16336,592305,592323,0,0.604924,0.000000,0,28,F
5152,539944,16373,28,1,72,1E29E275,True,16373,592517,0,0,0.207054,0.000000,0,28,F
5153,540016,11977,49,1,72,5447A3AC,True,11977,68336,0,0,0.166916,0.000000,1701603696,7,F
5154,540088,11978,28,1,72,0CE35B3D,True,11978,68336,0,0,0.166916,0.000000,0,28,F
5155,540160,12263,28,1,72,405AF134,True,12263,396349,396950,0,0.542427,0.000000,0,28,F
5156,540232,12265,28,1,72,6B9E0AA6,True,12265,397629,397630,0,0.561527,0.000000,0,28,F
5157,540304,12278,28,1,72,6F7BF98D,True,12278,406686,0,0,0.145219,0.000000,0,28,F
5158,540376,12356,28,1,72,ABEE63BF,True,12356,472845,0,0,0.226635,0.000000,0,28,F
5159,540448,12358,28,1,72,78CF94C6,True,12358,472836,0,0,0.476936,0.000000,0,28,F
5160,540520,12360,28,1,72,8DE49147,True,12360,472950,0,0,0.226635,0.000000,0,28,F
5161,540592,12398,28,1,72,958DEB98,True,12398,536062,0,0,0.255856,0.000000,0,28,F
5162,540664,12677,28,1,72,1D43D96A,True,12677,240338,0,0,0.294175,0.000000,0,28,F
5163,540736,12678,28,1,72,6C689561,True,12678,240347,0,0,0.270986,0.000000,0,28,F
5164,540808,12679,28,1,72,E143F39E,True,12679,240327,0,0,0.304188,0.000000,0,28,F
5165,540880,12681,28,1,72,A986F225,True,12681,239256,0,0,0.173381,0.000000,0,28,F
5166,540952,12682,28,1,72,653B3570,True,12682,240121,0,0,0.159054,0.000000,0,28,F
5167,541024,12683,28,1,72,585CCE15,True,12683,240352,0,0,0.105058,0.000000,0,28,F
5168,541096,12684,28,1,72,53ECFED7,True,12684,240314,0,0,0.290497,0.000000,0,28,F
5169,541168,12685,28,1,72,C65E1FFE,True,12685,239249,0,0,0.147503,0.000000,0,28,F
5170,541240,12686,28,1,72,075C37BB,True,12686,238492,0,0,0.161976,0.000000,0,28,F
5171,541312,12689,28,1,72,1D716257,True,12689,246081,0,0,0.128644,0.000000,0,28,F
5172,541384,12690,28,1,72,BE3ED92D,True,12690,246065,0,0,0.187658,0.000000,0,28,F
5173,541456,12691,28,1,72,1F68F145,True,12691,246023,0,0,0.189768,0.000000,0,28,F
5174,541528,12692,28,1,72,6CDEADD0,True,12692,246019,0,0,0.244487,0.000000,0,28,F
5175,541600,12693,28,1,72,55D8CB77,True,12693,246026,0,0,0.270987,0.000000,0,28,F
5176,541672,12694,28,1,72,5535F4D7,True,12694,240411,0,0,0.139653,0.000000,0,28,F
5177,541744,12695,28,1,72,48C92C9F,True,12695,240419,0,0,0.311062,0.000000,0,28,F
5178,541816,12696,28,1,72,82BE8080,True,12696,246084,0,0,0.122749,0.000000,0,28,F
5179,541888,12697,28,1,72,BE317FD6,True,12697,246089,0,0,0.101576,0.000000,0,28,F
5180,541960,12698,28,1,72,5C647737,True,12698,240404,0,0,0.175471,0.000000,0,28,F
5181,542032,12699,28,1,72,05A2792E,True,12699,240422,0,0,0.211428,0.000000,0,28,F
5182,542104,12700,28,1,72,306DE827,True,12700,246057,0,0,0.184862,0.000000,0,28,F
5183,542176,12705,28,1,72,CEC68F0B,True,12705,246524,0,0,0.224662,0.000000,0,28,F
5184,542248,12706,28,1,72,C35CFE15,True,12706,246445,0,0,0.129240,0.000000,0,28,F
5185,542320,12707,28,1,72,284B8AA8,True,12707,247788,0,0,0.131474,0.000000,0,28,F
5186,542392,12708,28,1,72,AD6C8D8E,True,12708,246497,0,0,0.175285,0.000000,0,28,F
5187,542464,12709,28,1,72,9529987D,True,12709,246500,0,0,0.171209,0.000000,0,28,F
5188,542536,12710,28,1,72,E7E09357,True,12710,246548,0,0,0.188905,0.000000,0,28,F
5189,542608,12711,28,1,72,BC23500F,True,12711,246535,0,0,0.215708,0.000000,0,28,F
5190,542680,12712,28,1,72,653789A7,True,12712,246468,0,0,0.214191,0.000000,0,28,F
5191,542752,12713,28,1,72,98A71F88,True,12713,246465,0,0,0.235500,0.000000,0,28,F
5192,542824,12714,28,1,72,8EFE6AAD,True,12714,246505,0,0,0.181409,0.000000,0,28,F
5193,542896,12715,28,1,72,530C5821,True,12715,246519,0,0,0.120374,0.000000,0,28,F
5194,542968,12878,28,1,72,0F163730,True,12878,41816,0,0,0.297604,0.000000,0,28,F
5195,543040,12880,28,1,72,D3D248C9,True,12880,471529,0,0,0.297604,0.000000,0,28,F
5196,543112,15061,28,1,72,85FA50FF,True,15061,41719,0,0,0.201864,0.000000,0,28,F
5197,543184,15062,28,1,72,FD571582,True,15062,41728,0,0,0.236666,0.000000,0,28,F
5198,543256,15063,28,1,72,5805461E,True,15063,470708,0,0,0.382875,0.000000,0,28,F
5199,543328,12886,28,1,72,3C6EFC17,True,12886,500913,0,0,0.148088,0.000000,0,28,F
5200,543400,12887,55,1,72,1976B169,True,12887,500913,0,0,0.148088,0.000000,1768716611,1,F
5201,543472,12888,55,1,72,D3D25DE6,True,12888,500913,0,0,0.148088,0.000000,1768716611,1,F
5202,543544,12889,55,1,72,1AE655F5,True,12889,500913,0,0,0.148088,0.000000,1768716611,1,F
5203,543616,12890,55,1,72,9320EBFB,True,12890,500913,0,0,0.148088,0.000000,1768716611,1,F
5204,543688,13078,75,1,108,04CB4687,True,13078,169725,0,0,0.132004,0.000000,1399809351,17,F
5205,543796,13079,75,1,108,4059A2E6,True,13079,169725,0,0,0.132004,0.000000,1399809351,17,F
5206,543904,13080,75,1,108,2F01614A,True,13080,169725,0,0,0.132004,0.000000,1399809351,17,F
5207,544012,13081,75,1,108,A54F4C6B,True,13081,169725,0,0,0.132004,0.000000,1399809351,17,F
5208,544120,13097,28,1,72,418BEF75,True,13097,397004,397005,0,1.250470,0.000000,0,28,F
5209,544192,13099,28,1,72,D0C1ACE8,True,13099,397022,397023,0,1.172710,0.000000,0,28,F
5210,544264,13101,28,1,72,6496B3CE,True,13101,398183,0,0,0.120401,0.000000,0,28,F
5211,544336,13105,28,1,72,D30D2366,True,13105,406982,0,0,0.162274,0.000000,0,28,F
5212,544408,13107,28,1,72,834E80C5,True,13107,406991,0,0,0.162274,0.000000,0,28,F
5213,544480,13404,28,1,72,06E6E3E0,True,13404,169725,0,0,0.132004,0.000000,0,28,F
5214,544552,13405,75,1,108,AE3BDAFF,True,13405,169725,0,0,0.132004,0.000000,1399809351,17,F
5215,544660,13425,28,1,72,392CAC87,True,13425,500939,0,0,0.024738,0.000000,0,28,F
5216,544732,13427,28,1,72,FF6B2C9A,True,13427,500945,0,0,0.021935,0.000000,0,28,F
5217,544804,13429,28,1,72,68346E42,True,13429,500950,0,0,0.203301,0.000000,0,28,F
5218,544876,13431,28,1,72,063B94FE,True,13431,504623,0,0,0.627982,0.000000,0,28,F
5219,544948,13432,51,1,72,69F42B50,True,13432,504623,0,0,0.627982,0.000000,1701470799,5,F
5220,545020,13433,51,1,72,4C08B3FD,True,13433,504623,0,0,0.627982,0.000000,1701470799,5,F
5221,545092,13434,51,1,72,220D1A0A,True,13434,504623,0,0,0.627982,0.000000,1701470799,5,F
5222,545164,13436,28,1,72,1AFB7E2B,True,13436,504827,0,0,0.639026,0.000000,0,28,F
5223,545236,13438,28,1,72,0A2E5C81,True,13438,504678,0,0,0.299168,0.000000,0,28,F
5224,545308,13442,28,1,72,0F163D4A,True,13442,506995,0,0,0.058348,0.000000,0,28,F
5225,545380,13498,28,1,72,756BE7A0,True,13498,469363,0,0,0.276941,0.000000,0,28,F
5226,545452,13500,28,1,72,7545C30D,True,13500,469367,0,0,0.541461,0.000000,0,28,F
5227,545524,13502,28,1,72,B7B01FE1,True,13502,469360,0,0,0.829950,0.000000,0,28,F
5228,545596,13504,28,1,72,420C2530,True,13504,469357,0,0,0.157048,0.000000,0,28,F
5229,545668,13508,28,1,72,28E7F340,True,13508,469337,0,0,0.271707,0.000000,0,28,F
5230,545740,13510,28,1,72,AF32C01E,True,13510,523664,0,0,0.075695,0.000000,0,28,F
5231,545812,13512,28,1,72,C1E8BF6B,True,13512,523669,0,0,0.074776,0.000000,0,28,F
5232,545884,13540,28,1,72,42C8137F,True,13540,547010,547019,0,0.500388,0.000000,0,28,F
5233,545956,13542,55,1,72,2A4B7377,True,13542,547010,547019,0,0.500388,0.000000,1768716611,1,F
5234,546028,13544,55,1,72,C619FCD5,True,13544,547010,547019,0,0.500388,0.000000,1768716611,1,F
5235,546100,13546,75,1,108,A73C898F,True,13546,169725,0,0,0.132004,0.000000,1399809351,17,F
5236,546208,15009,28,1,72,B578436E,True,15009,504401,0,0,1.126010,0.000000,0,28,F
5237,546280,15458,28,1,72,3EEED0C8,True,15458,581205,0,0,0.199305,0.000000,0,28,F
5238,546352,15459,28,1,72,3BEB6A1B,True,15459,581212,0,0,0.245063,0.000000,0,28,F
5239,546424,15460,28,1,72,0554BAEE,True,15460,581216,0,0,0.245063,0.000000,0,28,F
5240,546496,15461,28,1,72,6DE7D9AC,True,15461,581220,0,0,0.245063,0.000000,0,28,F
5241,546568,15462,28,1,72,D4327C6A,True,15462,581224,0,0,0.245063,0.000000,0,28,F
5242,546640,15463,28,1,72,EB19017F,True,15463,581228,0,0,0.199305,0.000000,0,28,F
5243,546712,15464,28,1,72,7147D94F,True,15464,581232,0,0,0.245063,0.000000,0,28,F
5244,546784,15465,28,1,72,19F4BA0D,True,15465,581236,0,0,0.245063,0.000000,0,28,F
5245,546856,15466,28,1,72,A0211FCB,True,15466,581240,0,0,0.245063,0.000000,0,28,F
5246,546928,15467,28,1,72,C8927C89,True,15467,581244,0,0,0.245063,0.000000,0,28,F
5247,547000,15468,28,1,72,9D48A3A3,True,15468,581248,0,0,0.245063,0.000000,0,28,F
5248,547072,15469,28,1,72,F5FBC0E1,True,15469,581252,0,0,0.245063,0.000000,0,28,F
5249,547144,15470,28,1,72,4C2E6527,True,15470,581256,0,0,0.245063,0.000000,0,28,F
5250,547216,15471,28,1,72,249D0665,True,15471,581260,0,0,0.245063,0.000000,0,28,F
5251,547288,15472,28,1,72,F20411D2,True,15472,581264,0,0,0.245063,0.000000,0,28,F
5252,547360,15659,28,1,72,A33F9134,True,15659,582791,0,0,0.622491,0.000000,0,28,F
5253,547432,15658,28,1,72,DB7FE632,True,15658,582796,0,0,0.197066,0.000000,0,28,F
5254,547504,16226,28,1,72,7799E6FA,True,16226,591379,0,0,0.015102,0.000000,0,28,F
5255,547576,16399,28,1,72,F44BAD78,True,16399,592602,0,0,0.202592,0.000000,0,28,F
5256,547648,13030,28,1,72,38B2E530,True,13030,176570,0,0,0.482726,0.000000,0,28,F
5257,547720,13032,28,1,72,1B44C290,True,13032,182456,0,0,0.117664,0.000000,0,28,F
5258,547792,13034,28,1,72,9EE89400,True,13034,182447,0,0,0.151818,0.000000,0,28,F
5259,547864,13048,28,1,72,122E7C69,True,13048,169583,0,0,0.168415,0.000000,0,28,F
5260,547936,13050,28,1,72,41550B5D,True,13050,169591,0,0,0.225053,0.000000,0,28,F
5261,548008,13062,28,1,72,1A09CCBD,True,13062,175376,0,0,0.300480,0.000000,0,28,F
5262,548080,13064,28,1,72,FD85D3F6,True,13064,175131,543628,0,0.627082,0.000000,0,28,F
5263,548152,13066,28,1,72,4794ECAB,True,13066,175144,0,0,0.536138,0.000000,0,28,F
5264,548224,13068,28,1,72,52F2C7AB,True,13068,175156,543627,0,0.356713,0.000000,0,28,F
5265,548296,13070,28,1,72,A805F942,True,13070,175323,0,0,0.205051,0.000000,0,28,F
5266,548368,13072,28,1,72,A7008FDB,True,13072,175481,0,0,0.172090,0.000000,0,28,F
5267,548440,13259,28,1,72,45B71021,True,13259,491092,0,0,0.949710,0.000000,0,28,F
5268,548512,13261,28,1,72,D5675BA4,True,13261,491098,491099,0,0.725852,0.000000,0,28,F
5269,548584,13263,28,1,72,E79C08C3,True,13263,491106,0,0,0.236862,0.000000,0,28,F
5270,548656,13265,28,1,72,0054A10A,True,13265,491113,0,0,0.162182,0.000000,0,28,F
5271,548728,13267,28,1,72,ABDE9FE3,True,13267,491120,0,0,0.457268,0.000000,0,28,F
5272,548800,14510,64,1,108,857CE247,True,14510,503185,0,0,0.567793,0.000000,1056964608,28,F
5273,548908,15094,28,1,72,00CD268E,True,15094,30451,0,0,0.055947,0.000000,0,28,F
5274,548980,11609,28,1,72,C20A6373,True,11609,180588,0,0,1.222890,0.000000,0,28,F
5275,549052,13548,28,1,72,48D787B9,True,13548,511,0,0,1.799090,0.000000,0,28,F
5276,549124,13550,28,1,72,6C7F7C52,True,13550,146483,0,0,8.522580,0.000000,0,28,F
5277,549196,13552,28,1,72,89B5A4B9,True,13552,493,0,0,1.200150,0.000000,0,28,F
5278,549268,13554,28,1,72,428084F4,True,13554,147470,0,0,1.904840,0.000000,0,28,F
5279,549340,13556,28,1,72,0FC338D9,True,13556,334662,0,0,3.246300,0.000000,0,28,F
5280,549412,13557,28,1,72,4258E456,True,13557,31489,0,0,0.970845,0.000000,0,28,F
5281,549484,13558,28,1,72,81F444EE,True,13558,14641,0,0,2.649340,0.000000,0,28,F
5282,549556,13559,28,1,72,5AB64726,True,13559,23269,530507,0,2.671500,0.000000,0,28,F
5283,549628,13560,28,1,72,825DA0F9,True,13560,472484,537138,0,2.214080,0.000000,0,28,F
5284,549700,13561,28,1,72,F6C2E8F0,True,13561,108804,0,0,2.555900,0.000000,0,28,F
5285,549772,13562,28,1,72,F0547511,True,13562,146511,0,0,3.268220,0.000000,0,28,F
5286,549844,13563,28,1,72,CA5892EE,True,13563,53,0,0,1.878130,0.000000,0,28,F
5287,549916,13564,28,1,72,5633082F,True,13564,31042,0,0,3.085520,0.000000,0,28,F
5288,549988,13565,28,1,72,F033FB6C,True,13565,14725,544445,0,1.896940,0.000000,0,28,F
5289,550060,13566,28,1,72,3B7AD27D,True,13566,21835,0,0,1.069360,0.000000,0,28,F
5290,550132,13567,28,1,72,B5B36587,True,13567,147158,0,0,3.849120,0.000000,0,28,F
5291,550204,13568,28,1,72,70F608FF,True,13568,31079,0,0,0.570971,0.000000,0,28,F
5292,550276,13569,28,1,72,67133BC4,True,13569,147553,0,0,2.805220,0.000000,0,28,F
5293,550348,13570,28,1,72,6C3438D9,True,13570,147486,0,0,3.142570,0.000000,0,28,F
5294,550420,13571,28,1,72,0FE7B40E,True,13571,147502,530505,0,0.650712,0.000000,0,28,F
5295,550492,13572,28,1,72,9363422E,True,13572,11708,0,0,1.301820,0.000000,0,28,F
5296,550564,13700,28,1,72,2612939E,True,13700,24798,530506,0,3.114830,0.000000,0,28,F
5297,550636,13701,28,1,72,B73463C8,True,13701,23273,530570,0,1.999050,0.000000,0,28,F
5298,550708,13702,28,1,72,BB95F09D,True,13702,31119,0,0,2.102300,0.000000,0,28,F
5299,550780,13703,28,1,72,43B566CC,True,13703,31134,0,0,1.808180,0.000000,0,28,F
5300,550852,13704,28,1,72,7114CE3E,True,13704,31094,0,0,1.161190,0.000000,0,28,F
5301,550924,13705,28,1,72,3F8267E6,True,13705,328852,0,0,2.092720,0.000000,0,28,F
5302,550996,13706,28,1,72,8693CA7E,True,13706,33213,0,0,1.715970,0.000000,0,28,F
5303,551068,13707,28,1,72,77A884C1,True,13707,17994,0,0,1.900150,0.000000,0,28,F
5304,551140,13708,28,1,72,32E961F7,True,13708,30906,0,0,1.194640,0.000000,0,28,F
5305,551212,13709,28,1,72,D7CA3B14,True,13709,1054,539866,0,2.087380,0.000000,0,28,F
5306,551284,13710,28,1,72,3ADBFC79,True,13710,137767,0,0,0.662713,0.000000,0,28,F
5307,551356,13711,28,1,72,C100FF60,True,13711,37864,0,0,0.572492,0.000000,0,28,F
5308,551428,13712,28,1,72,0BF15CB3,True,13712,34762,0,0,0.108007,0.000000,0,28,F
5309,551500,13713,28,1,72,AC287F0E,True,13713,34763,0,0,0.353445,0.000000,0,28,F
5310,551572,13714,28,1,72,AB73C69E,True,13714,34758,0,0,0.118639,0.000000,0,28,F
5311,551644,13715,28,1,72,917666F5,True,13715,205540,0,0,0.190403,0.000000,0,28,F
5312,551716,13716,28,1,72,B5F6CC44,True,13716,416402,0,0,1.138570,0.000000,0,28,F
5313,551788,13717,28,1,72,4675358F,True,13717,205671,0,0,1.361970,0.000000,0,28,F
5314,551860,13718,28,1,72,4C0CDF30,True,13718,205704,0,0,2.194790,0.000000,0,28,F
5315,551932,13719,28,1,72,F18F6DFA,True,13719,146562,0,0,2.815260,0.000000,0,28,F
5316,552004,13720,28,1,72,805FE4DF,True,13720,205724,0,0,2.338040,0.000000,0,28,F
5317,552076,13721,28,1,72,C504A5B7,True,13721,205566,0,0,0.482448,0.000000,0,28,F
5318,552148,13722,28,1,72,57EAFB63,True,13722,524934,0,0,14.937600,0.000000,0,28,F
5319,552220,13723,28,1,72,1224C6D4,True,13723,205644,0,0,1.880150,0.000000,0,28,F
5320,552292,13724,28,1,72,396F313B,True,13724,205850,0,0,0.651666,0.000000,0,28,F
5321,552364,13725,28,1,72,E6A7F213,True,13725,208226,0,0,1.120950,0.000000,0,28,F
5322,552436,13726,28,1,72,07EAE72C,True,13726,77992,0,0,1.317400,0.000000,0,28,F
5323,552508,13727,28,1,72,F5ABE056,True,13727,78012,0,0,1.040680,0.000000,0,28,F
5324,552580,13728,28,1,72,3643BEED,True,13728,91771,0,0,1.290900,0.000000,0,28,F
5325,552652,13729,28,1,72,A59F514A,True,13729,130077,0,0,0.296329,0.000000,0,28,F
5326,552724,13730,28,1,72,695E3A6E,True,13730,137240,0,0,0.972421,0.000000,0,28,F
5327,552796,13731,28,1,72,4D8E3CD0,True,13731,137304,0,0,1.758280,0.000000,0,28,F
5328,552868,13732,28,1,72,F30BFA19,True,13732,136983,0,0,2.374060,0.000000,0,28,F
5329,552940,13733,28,1,72,F2F63426,True,13733,137260,0,0,3.746920,0.000000,0,28,F
5330,553012,13734,28,1,72,AD3178F7,True,13734,137734,0,0,1.876620,0.000000,0,28,F
5331,553084,13735,28,1,72,809C52AB,True,13735,139058,0,0,1.869410,0.000000,0,28,F
5332,553156,13736,28,1,72,E1317479,True,13736,137751,0,0,8.735770,0.000000,0,28,F
5333,553228,13737,28,1,72,BCE5EFF2,True,13737,146746,0,0,0.232731,0.000000,0,28,F
5334,553300,13738,28,1,72,24A86278,True,13738,146709,0,0,0.182856,0.000000,0,28,F
5335,553372,13739,28,1,72,752AA2C7,True,13739,35044,0,0,0.484296,0.000000,0,28,F
5336,553444,13740,28,1,72,D1D38C62,True,13740,205879,0,0,1.678550,0.000000,0,28,F
5337,553516,13741,28,1,72,0BFB5BF6,True,13741,147231,0,0,6.207270,0.000000,0,28,F
5338,553588,13742,28,1,72,4E70B21B,True,13742,352832,0,0,0.902089,0.000000,0,28,F
5339,553660,13743,28,1,72,E10B6155,True,13743,353140,0,0,1.391140,0.000000,0,28,F
5340,553732,13744,28,1,72,7996913D,True,13744,346962,0,0,1.113730,0.000000,0,28,F
5341,553804,13745,28,1,72,1CC94C18,True,13745,400526,0,0,2.818260,0.000000,0,28,F
5342,553876,13746,28,1,72,8E43F099,True,13746,208351,0,0,1.420310,0.000000,0,28,F
5343,553948,13747,28,1,72,27626760,True,13747,400576,0,0,1.715630,0.000000,0,28,F
5344,554020,13748,28,1,72,FBB79F31,True,13748,400679,0,0,2.037320,0.000000,0,28,F
5345,554092,13749,28,1,72,0D342E69,True,13749,147126,530513,0,7.309850,0.000000,0,28,F
5346,554164,13750,28,1,72,766BF566,True,13750,204828,0,0,3.993810,0.000000,0,28,F
5347,554236,13751,28,1,72,5248D530,True,13751,35043,0,0,7.789430,0.000000,0,28,F
5348,554308,13752,28,1,72,694F81DA,True,13752,416992,0,0,0.710868,0.000000,0,28,F
5349,554380,13753,28,1,72,741C23CB,True,13753,417135,0,0,1.311510,0.000000,0,28,F
5350,554452,13754,28,1,72,26A544DB,True,13754,417259,0,0,3.362030,0.000000,0,28,F
5351,554524,13755,28,1,72,D7A7FC23,True,13755,459889,0,0,0.722818,0.000000,0,28,F
5352,554596,13756,28,1,72,5D0968BA,True,13756,421368,0,0,2.355130,0.000000,0,28,F
5353,554668,13757,28,1,72,FB48E49E,True,13757,424644,0,0,0.749896,0.000000,0,28,F
5354,554740,13758,28,1,72,260A06D5,True,13758,427810,0,0,2.026930,0.000000,0,28,F
5355,554812,13759,28,1,72,6E3230D8,True,13759,427839,0,0,3.676200,0.000000,0,28,F
5356,554884,13760,28,1,72,4836F393,True,13760,428005,0,0,7.608780,0.000000,0,28,F
5357,554956,13761,28,1,72,96AFA7F3,True,13761,460048,0,0,1.595130,0.000000,0,28,F
5358,555028,13762,28,1,72,F8F7ABFC,True,13762,460047,0,0,1.622710,0.000000,0,28,F
5359,555100,13763,28,1,72,7A85A793,True,13763,464192,0,0,5.156340,0.000000,0,28,F
5360,555172,13764,28,1,72,191885D0,True,13764,465395,0,0,1.165640,0.000000,0,28,F
5361,555244,13765,28,1,72,93EF2552,True,13765,469156,0,0,1.134370,0.000000,0,28,F
5362,555316,13766,28,1,72,12147420,True,13766,472235,0,0,0.246204,0.000000,0,28,F
5363,555388,13767,28,1,72,C6222B37,True,13767,159489,0,0,6.420670,0.000000,0,28,F
5364,555460,13768,28,1,72,74767FF2,True,13768,77992,0,0,1.317400,0.000000,0,28,F
5365,555532,13769,28,1,72,517FE268,True,13769,500459,0,0,2.230740,0.000000,0,28,F
5366,555604,13770,28,1,72,CD2D6916,True,13770,500070,530510,0,2.720490,0.000000,0,28,F
5367,555676,13771,28,1,72,A5D79DA7,True,13771,500634,0,0,2.690650,0.000000,0,28,F
5368,555748,13772,28,1,72,DF888BF8,True,13772,501549,0,0,1.934620,0.000000,0,28,F
5369,555820,13773,28,1,72,120A3790,True,13773,501634,0,0,5.866170,0.000000,0,28,F
5370,555892,13774,28,1,72,9B7F7ECB,True,13774,524016,0,0,1.042910,0.000000,0,28,F
5371,555964,13775,28,1,72,C8FD4FFC,True,13775,524068,530551,0,3.389590,0.000000,0,28,F
5372,556036,13776,28,1,72,2778C397,True,13776,591258,0,0,3.320450,0.000000,0,28,F
5373,556108,13777,28,1,72,B6C97FE4,True,13777,524104,0,0,4.415350,0.000000,0,28,F
5374,556180,13778,28,1,72,EBCF14A7,True,13778,524417,0,0,5.267880,0.000000,0,28,F
5375,556252,13779,28,1,72,4742C64A,True,13779,524934,0,0,8.955760,0.000000,0,28,F
5376,556324,13782,28,1,72,5D82BCAF,True,13782,526176,0,0,1.125330,0.000000,0,28,F
5377,556396,13783,28,1,72,2412C8C7,True,13783,530883,0,0,0.845684,0.000000,0,28,F
5378,556468,13784,28,1,72,C7520E22,True,13784,530919,0,0,0.836642,0.000000,0,28,F
5379,556540,13785,28,1,72,AC2AB788,True,13785,535779,0,0,5.359130,0.000000,0,28,F
5380,556612,13786,28,1,72,D987A5EE,True,13786,535818,0,0,1.701570,0.000000,0,28,F
5381,556684,13787,28,1,72,D8798C62,True,13787,536178,0,0,2.136930,0.000000,0,28,F
5382,556756,13788,28,1,72,43C94C4E,True,13788,544708,0,0,1.128550,0.000000,0,28,F
5383,556828,13789,28,1,72,807BBF51,True,13789,544706,0,0,1.142680,0.000000,0,28,F
5384,556900,13790,28,1,72,87DA85A8,True,13790,545620,0,0,0.545727,0.000000,0,28,F
5385,556972,13791,28,1,72,CB5BECF4,True,13791,545688,0,0,3.347530,0.000000,0,28,F
5386,557044,13792,28,1,72,8B41D670,True,13792,545691,0,0,1.490680,0.000000,0,28,F
5387,557116,13793,28,1,72,53A71013,True,13793,546608,0,0,11.602400,0.000000,0,28,F
5388,557188,16304,28,1,72,77D513C6,True,16304,591999,0,0,3.900850,0.000000,0,28,F
5389,557260,16308,28,1,72,68B48B99,True,16308,592031,0,0,2.024890,0.000000,0,28,F
5390,557332,5023,28,1,72,81A2ADAF,True,5023,137275,0,0,0.000000,0.000000,0,28,F
5391,557404,5026,28,1,72,0C8FC753,True,5026,137296,0,0,0.042378,0.000000,0,28,F
5392,557476,6164,28,1,72,8DF93245,True,6164,591382,0,0,0.000000,0.000000,0,28,F
5393,557548,11998,28,1,72,AEDC80B0,True,11998,472913,0,0,0.043239,0.000000,0,28,F
5394,557620,11999,28,1,72,F5741F7C,True,11999,394580,0,0,1.563830,0.000000,0,28,F
5395,557692,12000,28,1,72,39385EAE,True,12000,7023,0,0,0.434815,0.000000,0,28,F
5396,557764,12001,28,1,72,7BB3997C,True,12001,137286,0,0,0.000000,0.000000,0,28,F
5397,557836,12002,28,1,72,41F388A0,True,12002,268807,0,0,0.000000,0.000000,0,28,F
5398,557908,12003,28,1,72,7D330DC3,True,12003,122681,0,0,0.000000,0.000000,0,28,F
5399,557980,12004,28,1,72,EBD98AA8,True,12004,158743,0,0,0.072279,0.000000,0,28,F
5400,558052,12005,28,1,72,2FFD914B,True,12005,260149,0,0,0.434815,0.000000,0,28,F
5401,558124,12006,28,1,72,332120C8,True,12006,260704,0,0,0.391692,0.000000,0,28,F
5402,558196,12007,28,1,72,6DF3DDE7,True,12007,494425,0,0,8.382640,0.000000,0,28,F
5403,558268,14893,28,1,72,6983D7D9,True,14893,390832,0,0,1.607340,0.000000,0,28,F
5404,558340,14894,28,1,72,BE4BFC8C,True,14894,390098,0,0,0.000000,0.000000,0,28,F
5405,558412,14895,28,1,72,3EDB64B6,True,14895,390099,0,0,0.000000,0.000000,0,28,F
5406,558484,14896,28,1,72,EC4115F2,True,14896,390774,0,0,0.000000,0.000000,0,28,F
5407,558556,14898,28,1,72,CF5AA1D0,True,14898,411153,0,0,0.042378,0.000000,0,28,F
5408,558628,14899,28,1,72,8DFD9678,True,14899,411165,0,0,0.000000,0.000000,0,28,F
5409,558700,14900,28,1,72,9274F7D9,True,14900,394570,0,0,0.000000,0.000000,0,28,F
5410,558772,14901,28,1,72,35095D96,True,14901,394601,0,0,0.000000,0.000000,0,28,F
5411,558844,14903,28,1,72,B9F8E85B,True,14903,411277,0,0,0.000000,0.000000,0,28,F
5412,558916,14905,28,1,72,F4AEB606,True,14905,411280,0,0,0.000000,0.000000,0,28,F
5413,558988,14908,28,1,72,B62A0FC8,True,14908,390096,0,0,2.485360,0.000000,0,28,F
5414,559060,14909,28,1,72,E9AEC528,True,14909,390097,0,0,1.872320,0.000000,0,28,F
5415,559132,14910,28,1,72,992D46EE,True,14910,390809,0,0,3.425800,0.000000,0,28,F
5416,559204,14912,28,1,72,F775E91C,True,14912,390856,0,0,4.181170,0.000000,0,28,F
5417,559276,14915,28,1,72,A12B4722,True,14915,394604,0,0,0.516728,0.000000,0,28,F
5418,559348,14917,28,1,72,A9A912CE,True,14917,473022,0,0,0.000000,0.000000,0,28,F
5419,559420,14918,28,1,72,B62C043A,True,14918,472992,0,0,0.000000,0.000000,0,28,F
5420,559492,14919,28,1,72,DB33E2A0,True,14919,411170,0,0,2.945050,0.000000,0,28,F
5421,559564,14920,28,1,72,72BEAABA,True,14920,486775,0,0,0.000000,0.000000,0,28,F
5422,559636,14921,28,1,72,1D62BE12,True,14921,488511,0,0,0.000000,0.000000,0,28,F
5423,559708,14922,28,1,72,82F30501,True,14922,488514,0,0,0.000000,0.000000,0,28,F
5424,559780,15123,28,1,72,75E45950,True,15123,390091,0,0,0.144511,0.000000,0,28,F
5425,559852,15321,28,1,72,0C871057,True,15321,259540,0,0,0.580676,0.000000,0,28,F
5426,559924,15322,28,1,72,A656AD2C,True,15322,261773,0,0,0.206998,0.000000,0,28,F
5427,559996,15323,28,1,72,B58C08DE,True,15323,153742,0,0,0.000000,0.000000,0,28,F
5428,560068,16081,28,1,72,BD57CCEA,True,16081,410628,0,0,1.222650,0.000000,0,28,F
5429,560140,16082,28,1,72,4011E575,True,16082,410614,0,0,0.106420,0.000000,0,28,F
5430,560212,16083,28,1,72,82A125AB,True,16083,410620,0,0,0.499501,0.000000,0,28,F
5431,560284,16084,28,1,72,6730ADEB,True,16084,428573,0,0,0.000000,0.000000,0,28,F
5432,560356,16085,28,1,72,B901A480,True,16085,460204,0,0,0.042378,0.000000,0,28,F
5433,560428,16086,28,1,72,AAD950C9,True,16086,427625,0,0,0.000000,0.000000,0,28,F
5434,560500,16087,28,1,72,65C9D9CB,True,16087,410621,0,0,0.000000,0.000000,0,28,F
5435,560572,16088,28,1,72,75D3C182,True,16088,425677,0,0,0.000000,0.000000,0,28,F
5436,560644,16089,28,1,72,36B15B70,True,16089,143357,0,0,0.000000,0.000000,0,28,F
5437,560716,16098,28,1,72,544A086C,True,16098,159853,0,0,0.000000,0.000000,0,28,F
