model_id,era,edge,slot,texture_name,container_entry,dispositions
192374,CD_2003,SHAPE#7(Box01:0)->TEXTURE_CHAIN,ANY,,,"UNTEXTURED_PROXY_MESH: 0 NiTexturingProperty, 0 NiSourceTexture, NiArkTextureExtraData numTex=0, 0 UV sets - explicit visual fallback, NOT a textured PASS"
192374,CD_2003,SHAPE#7(Box01:0)->NIMATERIALPROPERTY,MATERIAL,,,"REFERENCE_CONFIRMED (block 8); MATERIAL_APPLIED=YES (NiMaterialProperty diffuse color APPLIED to this shape's material in the /catalog preview — real-browser PIXEL_RENDER observed; per-model PNG SHA256 266fc5dca84fb30f22f8244d071b23b042dbefe557a4ab96340610c563839b7a); BROWSER_OBSERVED=PIXEL_RENDER (headless Edge screenshot, non-triviality gate PASS)"
192374,CD_2003,SHAPE#11(MSC:0)->TEXTURE_CHAIN,ANY,,,"UNTEXTURED_PROXY_MESH: 0 NiTexturingProperty, 0 NiSourceTexture, NiArkTextureExtraData numTex=0, 0 UV sets - explicit visual fallback, NOT a textured PASS"
192374,CD_2003,SHAPE#11(MSC:0)->NIMATERIALPROPERTY,MATERIAL,,,"REFERENCE_CONFIRMED (block 12); MATERIAL_APPLIED=YES (NiMaterialProperty diffuse color APPLIED to this shape's material in the /catalog preview — real-browser PIXEL_RENDER observed; per-model PNG SHA256 266fc5dca84fb30f22f8244d071b23b042dbefe557a4ab96340610c563839b7a); BROWSER_OBSERVED=PIXEL_RENDER (headless Edge screenshot, non-triviality gate PASS)"
192374,CD_2003,SHAPE#15(MAC:0)->TEXTURE_CHAIN,ANY,,,"UNTEXTURED_PROXY_MESH: 0 NiTexturingProperty, 0 NiSourceTexture, NiArkTextureExtraData numTex=0, 0 UV sets - explicit visual fallback, NOT a textured PASS"
192374,CD_2003,SHAPE#15(MAC:0)->NIMATERIALPROPERTY,MATERIAL,,,"REFERENCE_CONFIRMED (block 16); MATERIAL_APPLIED=YES (NiMaterialProperty diffuse color APPLIED to this shape's material in the /catalog preview — real-browser PIXEL_RENDER observed; per-model PNG SHA256 266fc5dca84fb30f22f8244d071b23b042dbefe557a4ab96340610c563839b7a); BROWSER_OBSERVED=PIXEL_RENDER (headless Edge screenshot, non-triviality gate PASS)"
192374,CD_2003,SHAPE#19(signs:0)->TEXTURE_CHAIN,ANY,,,"UNTEXTURED_PROXY_MESH: 0 NiTexturingProperty, 0 NiSourceTexture, NiArkTextureExtraData numTex=0, 0 UV sets - explicit visual fallback, NOT a textured PASS"
192374,CD_2003,SHAPE#19(signs:0)->NIMATERIALPROPERTY,MATERIAL,,,"REFERENCE_CONFIRMED (block 20); MATERIAL_APPLIED=YES (NiMaterialProperty diffuse color APPLIED to this shape's material in the /catalog preview — real-browser PIXEL_RENDER observed; per-model PNG SHA256 266fc5dca84fb30f22f8244d071b23b042dbefe557a4ab96340610c563839b7a); BROWSER_OBSERVED=PIXEL_RENDER (headless Edge screenshot, non-triviality gate PASS)"
192374,CD_2003,ROOT->STATE_PROPERTIES,STATE,,,"REFERENCE_CONFIRMED (5|4: NiVertexColorProperty + NiZBufferProperty - state properties, no texture chain)"
193207,CD_2003,SHAPE#7(Box06:0)->TEXTURE_CHAIN,ANY,,,"UNTEXTURED_PROXY_MESH: 0 NiTexturingProperty, 0 NiSourceTexture, NiArkTextureExtraData numTex=0, 0 UV sets - explicit visual fallback, NOT a textured PASS"
193207,CD_2003,SHAPE#7(Box06:0)->NIMATERIALPROPERTY,MATERIAL,,,"REFERENCE_CONFIRMED (block 8); MATERIAL_APPLIED=YES (NiMaterialProperty diffuse color APPLIED to this shape's material in the /catalog preview — real-browser PIXEL_RENDER observed; per-model PNG SHA256 dc3e58df71834818e2bed233de549ee7b1875faef34fadff92073ce01a7cbf7f); BROWSER_OBSERVED=PIXEL_RENDER (headless Edge screenshot, non-triviality gate PASS)"
193207,CD_2003,SHAPE#11(Object01:0)->TEXTURE_CHAIN,ANY,,,"UNTEXTURED_PROXY_MESH: 0 NiTexturingProperty, 0 NiSourceTexture, NiArkTextureExtraData numTex=0, 0 UV sets - explicit visual fallback, NOT a textured PASS"
193207,CD_2003,SHAPE#11(Object01:0)->NIMATERIALPROPERTY,MATERIAL,,,"REFERENCE_CONFIRMED (block 12); MATERIAL_APPLIED=YES (NiMaterialProperty diffuse color APPLIED to this shape's material in the /catalog preview — real-browser PIXEL_RENDER observed; per-model PNG SHA256 dc3e58df71834818e2bed233de549ee7b1875faef34fadff92073ce01a7cbf7f); BROWSER_OBSERVED=PIXEL_RENDER (headless Edge screenshot, non-triviality gate PASS)"
193207,CD_2003,ROOT->STATE_PROPERTIES,STATE,,,"REFERENCE_CONFIRMED (5|4: NiVertexColorProperty + NiZBufferProperty - state properties, no texture chain)"
193313,CD_2003,SHAPE#7(Outpost39_proxymesh:0)->TEXTURE_CHAIN,ANY,,,"UNTEXTURED_PROXY_MESH: 0 NiTexturingProperty, 0 NiSourceTexture, NiArkTextureExtraData numTex=0, 0 UV sets - explicit visual fallback, NOT a textured PASS"
193313,CD_2003,SHAPE#7(Outpost39_proxymesh:0)->NIMATERIALPROPERTY,MATERIAL,,,"REFERENCE_CONFIRMED (block 8); MATERIAL_APPLIED=YES (NiMaterialProperty diffuse color APPLIED to this shape's material in the /catalog preview — real-browser PIXEL_RENDER observed; per-model PNG SHA256 7304a59c5485ed8f8e0e9dec579522ed2d9975043d9c0da6215b29fee8e7207a); BROWSER_OBSERVED=PIXEL_RENDER (headless Edge screenshot, non-triviality gate PASS)"
193313,CD_2003,SHAPE#11(MSC:0)->TEXTURE_CHAIN,ANY,,,"UNTEXTURED_PROXY_MESH: 0 NiTexturingProperty, 0 NiSourceTexture, NiArkTextureExtraData numTex=0, 0 UV sets - explicit visual fallback, NOT a textured PASS"
193313,CD_2003,SHAPE#11(MSC:0)->NIMATERIALPROPERTY,MATERIAL,,,"REFERENCE_CONFIRMED (block 12); MATERIAL_APPLIED=YES (NiMaterialProperty diffuse color APPLIED to this shape's material in the /catalog preview — real-browser PIXEL_RENDER observed; per-model PNG SHA256 7304a59c5485ed8f8e0e9dec579522ed2d9975043d9c0da6215b29fee8e7207a); BROWSER_OBSERVED=PIXEL_RENDER (headless Edge screenshot, non-triviality gate PASS)"
193313,CD_2003,SHAPE#15(signs:0)->TEXTURE_CHAIN,ANY,,,"UNTEXTURED_PROXY_MESH: 0 NiTexturingProperty, 0 NiSourceTexture, NiArkTextureExtraData numTex=0, 0 UV sets - explicit visual fallback, NOT a textured PASS"
193313,CD_2003,SHAPE#15(signs:0)->NIMATERIALPROPERTY,MATERIAL,,,"REFERENCE_CONFIRMED (block 16); MATERIAL_APPLIED=YES (NiMaterialProperty diffuse color APPLIED to this shape's material in the /catalog preview — real-browser PIXEL_RENDER observed; per-model PNG SHA256 7304a59c5485ed8f8e0e9dec579522ed2d9975043d9c0da6215b29fee8e7207a); BROWSER_OBSERVED=PIXEL_RENDER (headless Edge screenshot, non-triviality gate PASS)"
193313,CD_2003,SHAPE#19(build:0)->TEXTURE_CHAIN,ANY,,,"UNTEXTURED_PROXY_MESH: 0 NiTexturingProperty, 0 NiSourceTexture, NiArkTextureExtraData numTex=0, 0 UV sets - explicit visual fallback, NOT a textured PASS"
193313,CD_2003,SHAPE#19(build:0)->NIMATERIALPROPERTY,MATERIAL,,,"REFERENCE_CONFIRMED (block 20); MATERIAL_APPLIED=YES (NiMaterialProperty diffuse color APPLIED to this shape's material in the /catalog preview — real-browser PIXEL_RENDER observed; per-model PNG SHA256 7304a59c5485ed8f8e0e9dec579522ed2d9975043d9c0da6215b29fee8e7207a); BROWSER_OBSERVED=PIXEL_RENDER (headless Edge screenshot, non-triviality gate PASS)"
193313,CD_2003,SHAPE#23(MAC:0)->TEXTURE_CHAIN,ANY,,,"UNTEXTURED_PROXY_MESH: 0 NiTexturingProperty, 0 NiSourceTexture, NiArkTextureExtraData numTex=0, 0 UV sets - explicit visual fallback, NOT a textured PASS"
193313,CD_2003,SHAPE#23(MAC:0)->NIMATERIALPROPERTY,MATERIAL,,,"REFERENCE_CONFIRMED (block 24); MATERIAL_APPLIED=YES (NiMaterialProperty diffuse color APPLIED to this shape's material in the /catalog preview — real-browser PIXEL_RENDER observed; per-model PNG SHA256 7304a59c5485ed8f8e0e9dec579522ed2d9975043d9c0da6215b29fee8e7207a); BROWSER_OBSERVED=PIXEL_RENDER (headless Edge screenshot, non-triviality gate PASS)"
193313,CD_2003,ROOT->STATE_PROPERTIES,STATE,,,"REFERENCE_CONFIRMED (5|4: NiVertexColorProperty + NiZBufferProperty - state properties, no texture chain)"
193684,CD_2003,SHAPE#7(signs:0)->TEXTURE_CHAIN,ANY,,,"UNTEXTURED_PROXY_MESH: 0 NiTexturingProperty, 0 NiSourceTexture, NiArkTextureExtraData numTex=0, 0 UV sets - explicit visual fallback, NOT a textured PASS"
193684,CD_2003,SHAPE#7(signs:0)->NIMATERIALPROPERTY,MATERIAL,,,"REFERENCE_CONFIRMED (block 8); MATERIAL_APPLIED=YES (NiMaterialProperty diffuse color APPLIED to this shape's material in the /catalog preview — real-browser PIXEL_RENDER observed; per-model PNG SHA256 98861d87026fd755e22425b091642773c790a8ed3b01adad7058b7d1cc17fb96); BROWSER_OBSERVED=PIXEL_RENDER (headless Edge screenshot, non-triviality gate PASS)"
193684,CD_2003,SHAPE#11(mlti:0)->TEXTURE_CHAIN,ANY,,,"UNTEXTURED_PROXY_MESH: 0 NiTexturingProperty, 0 NiSourceTexture, NiArkTextureExtraData numTex=0, 0 UV sets - explicit visual fallback, NOT a textured PASS"
193684,CD_2003,SHAPE#11(mlti:0)->NIMATERIALPROPERTY,MATERIAL,,,"REFERENCE_CONFIRMED (block 12); MATERIAL_APPLIED=YES (NiMaterialProperty diffuse color APPLIED to this shape's material in the /catalog preview — real-browser PIXEL_RENDER observed; per-model PNG SHA256 98861d87026fd755e22425b091642773c790a8ed3b01adad7058b7d1cc17fb96); BROWSER_OBSERVED=PIXEL_RENDER (headless Edge screenshot, non-triviality gate PASS)"
193684,CD_2003,SHAPE#15(wall:0)->TEXTURE_CHAIN,ANY,,,"UNTEXTURED_PROXY_MESH: 0 NiTexturingProperty, 0 NiSourceTexture, NiArkTextureExtraData numTex=0, 0 UV sets - explicit visual fallback, NOT a textured PASS"
193684,CD_2003,SHAPE#15(wall:0)->NIMATERIALPROPERTY,MATERIAL,,,"REFERENCE_CONFIRMED (block 16); MATERIAL_APPLIED=YES (NiMaterialProperty diffuse color APPLIED to this shape's material in the /catalog preview — real-browser PIXEL_RENDER observed; per-model PNG SHA256 98861d87026fd755e22425b091642773c790a8ed3b01adad7058b7d1cc17fb96); BROWSER_OBSERVED=PIXEL_RENDER (headless Edge screenshot, non-triviality gate PASS)"
193684,CD_2003,SHAPE#19(signs01:0)->TEXTURE_CHAIN,ANY,,,"UNTEXTURED_PROXY_MESH: 0 NiTexturingProperty, 0 NiSourceTexture, NiArkTextureExtraData numTex=0, 0 UV sets - explicit visual fallback, NOT a textured PASS"
193684,CD_2003,SHAPE#19(signs01:0)->NIMATERIALPROPERTY,MATERIAL,,,"REFERENCE_CONFIRMED (block 20); MATERIAL_APPLIED=YES (NiMaterialProperty diffuse color APPLIED to this shape's material in the /catalog preview — real-browser PIXEL_RENDER observed; per-model PNG SHA256 98861d87026fd755e22425b091642773c790a8ed3b01adad7058b7d1cc17fb96); BROWSER_OBSERVED=PIXEL_RENDER (headless Edge screenshot, non-triviality gate PASS)"
193684,CD_2003,SHAPE#23(mac:0)->TEXTURE_CHAIN,ANY,,,"UNTEXTURED_PROXY_MESH: 0 NiTexturingProperty, 0 NiSourceTexture, NiArkTextureExtraData numTex=0, 0 UV sets - explicit visual fallback, NOT a textured PASS"
193684,CD_2003,SHAPE#23(mac:0)->NIMATERIALPROPERTY,MATERIAL,,,"REFERENCE_CONFIRMED (block 24); MATERIAL_APPLIED=YES (NiMaterialProperty diffuse color APPLIED to this shape's material in the /catalog preview — real-browser PIXEL_RENDER observed; per-model PNG SHA256 98861d87026fd755e22425b091642773c790a8ed3b01adad7058b7d1cc17fb96); BROWSER_OBSERVED=PIXEL_RENDER (headless Edge screenshot, non-triviality gate PASS)"
193684,CD_2003,SHAPE#27(build:0)->TEXTURE_CHAIN,ANY,,,"UNTEXTURED_PROXY_MESH: 0 NiTexturingProperty, 0 NiSourceTexture, NiArkTextureExtraData numTex=0, 0 UV sets - explicit visual fallback, NOT a textured PASS"
193684,CD_2003,SHAPE#27(build:0)->NIMATERIALPROPERTY,MATERIAL,,,"REFERENCE_CONFIRMED (block 28); MATERIAL_APPLIED=YES (NiMaterialProperty diffuse color APPLIED to this shape's material in the /catalog preview — real-browser PIXEL_RENDER observed; per-model PNG SHA256 98861d87026fd755e22425b091642773c790a8ed3b01adad7058b7d1cc17fb96); BROWSER_OBSERVED=PIXEL_RENDER (headless Edge screenshot, non-triviality gate PASS)"
193684,CD_2003,SHAPE#31(cont:0)->TEXTURE_CHAIN,ANY,,,"UNTEXTURED_PROXY_MESH: 0 NiTexturingProperty, 0 NiSourceTexture, NiArkTextureExtraData numTex=0, 0 UV sets - explicit visual fallback, NOT a textured PASS"
193684,CD_2003,SHAPE#31(cont:0)->NIMATERIALPROPERTY,MATERIAL,,,"REFERENCE_CONFIRMED (block 32); MATERIAL_APPLIED=YES (NiMaterialProperty diffuse color APPLIED to this shape's material in the /catalog preview — real-browser PIXEL_RENDER observed; per-model PNG SHA256 98861d87026fd755e22425b091642773c790a8ed3b01adad7058b7d1cc17fb96); BROWSER_OBSERVED=PIXEL_RENDER (headless Edge screenshot, non-triviality gate PASS)"
193684,CD_2003,SHAPE#35(forts:0)->TEXTURE_CHAIN,ANY,,,"UNTEXTURED_PROXY_MESH: 0 NiTexturingProperty, 0 NiSourceTexture, NiArkTextureExtraData numTex=0, 0 UV sets - explicit visual fallback, NOT a textured PASS"
193684,CD_2003,SHAPE#35(forts:0)->NIMATERIALPROPERTY,MATERIAL,,,"REFERENCE_CONFIRMED (block 36); MATERIAL_APPLIED=YES (NiMaterialProperty diffuse color APPLIED to this shape's material in the /catalog preview — real-browser PIXEL_RENDER observed; per-model PNG SHA256 98861d87026fd755e22425b091642773c790a8ed3b01adad7058b7d1cc17fb96); BROWSER_OBSERVED=PIXEL_RENDER (headless Edge screenshot, non-triviality gate PASS)"
193684,CD_2003,ROOT->STATE_PROPERTIES,STATE,,,"REFERENCE_CONFIRMED (5|4: NiVertexColorProperty + NiZBufferProperty - state properties, no texture chain)"
101358,PCG_9_3_5,SHAPE->NITEXTURINGPROPERTY->ARKTEXTURE_ENTRY (aggregated),BASE/DARK/etc,see private JSONL,"Textures.bnt (8,381 entries)","NAME_FOUND_EXACT=0; NAME_BASE_MATCH_EXTENSION_DIFF=0; NAME_NOT_FOUND=9; MATERIAL_REFERENCE_CONFIRMED=4; MATERIAL_APPLIED=0;BROWSER_OBSERVED=0; CONTAINER_ENTRY_RESOLVED=0;IMAGE_DECODED=0; ARK_TAIL=RAW_ONLY(218757 retraction stands)"
101374,PCG_9_3_5,SHAPE->NITEXTURINGPROPERTY->ARKTEXTURE_ENTRY (aggregated),BASE/DARK/etc,see private JSONL,"Textures.bnt (8,381 entries)","NAME_FOUND_EXACT=0; NAME_BASE_MATCH_EXTENSION_DIFF=0; NAME_NOT_FOUND=9; MATERIAL_REFERENCE_CONFIRMED=4; MATERIAL_APPLIED=0;BROWSER_OBSERVED=0; CONTAINER_ENTRY_RESOLVED=0;IMAGE_DECODED=0; ARK_TAIL=RAW_ONLY(218757 retraction stands)"
103241,PCG_9_3_5,SHAPE->NITEXTURINGPROPERTY->ARKTEXTURE_ENTRY (aggregated),BASE/DARK/etc,see private JSONL,"Textures.bnt (8,381 entries)","NAME_FOUND_EXACT=0; NAME_BASE_MATCH_EXTENSION_DIFF=0; NAME_NOT_FOUND=1; MATERIAL_REFERENCE_CONFIRMED=0; MATERIAL_APPLIED=0;BROWSER_OBSERVED=0; CONTAINER_ENTRY_RESOLVED=0;IMAGE_DECODED=0; ARK_TAIL=RAW_ONLY(218757 retraction stands)"
103247,PCG_9_3_5,SHAPE->NITEXTURINGPROPERTY->ARKTEXTURE_ENTRY (aggregated),BASE/DARK/etc,see private JSONL,"Textures.bnt (8,381 entries)","NAME_FOUND_EXACT=0; NAME_BASE_MATCH_EXTENSION_DIFF=0; NAME_NOT_FOUND=1; MATERIAL_REFERENCE_CONFIRMED=0; MATERIAL_APPLIED=0;BROWSER_OBSERVED=0; CONTAINER_ENTRY_RESOLVED=0;IMAGE_DECODED=0; ARK_TAIL=RAW_ONLY(218757 retraction stands)"
103278,PCG_9_3_5,SHAPE->NITEXTURINGPROPERTY->ARKTEXTURE_ENTRY (aggregated),BASE/DARK/etc,see private JSONL,"Textures.bnt (8,381 entries)","NAME_FOUND_EXACT=0; NAME_BASE_MATCH_EXTENSION_DIFF=0; NAME_NOT_FOUND=2; MATERIAL_REFERENCE_CONFIRMED=0; MATERIAL_APPLIED=0;BROWSER_OBSERVED=0; CONTAINER_ENTRY_RESOLVED=0;IMAGE_DECODED=0; ARK_TAIL=RAW_ONLY(218757 retraction stands)"
103296,PCG_9_3_5,SHAPE->NITEXTURINGPROPERTY->ARKTEXTURE_ENTRY (aggregated),BASE/DARK/etc,see private JSONL,"Textures.bnt (8,381 entries)","NAME_FOUND_EXACT=0; NAME_BASE_MATCH_EXTENSION_DIFF=0; NAME_NOT_FOUND=1; MATERIAL_REFERENCE_CONFIRMED=0; MATERIAL_APPLIED=0;BROWSER_OBSERVED=0; CONTAINER_ENTRY_RESOLVED=0;IMAGE_DECODED=0; ARK_TAIL=RAW_ONLY(218757 retraction stands)"
103370,PCG_9_3_5,SHAPE->NITEXTURINGPROPERTY->ARKTEXTURE_ENTRY (aggregated),BASE/DARK/etc,see private JSONL,"Textures.bnt (8,381 entries)","NAME_FOUND_EXACT=0; NAME_BASE_MATCH_EXTENSION_DIFF=0; NAME_NOT_FOUND=1; MATERIAL_REFERENCE_CONFIRMED=0; MATERIAL_APPLIED=0;BROWSER_OBSERVED=0; CONTAINER_ENTRY_RESOLVED=0;IMAGE_DECODED=0; ARK_TAIL=RAW_ONLY(218757 retraction stands)"
104154,PCG_9_3_5,SHAPE->NITEXTURINGPROPERTY->ARKTEXTURE_ENTRY (aggregated),BASE/DARK/etc,see private JSONL,"Textures.bnt (8,381 entries)","NAME_FOUND_EXACT=0; NAME_BASE_MATCH_EXTENSION_DIFF=0; NAME_NOT_FOUND=1; MATERIAL_REFERENCE_CONFIRMED=0; MATERIAL_APPLIED=0;BROWSER_OBSERVED=0; CONTAINER_ENTRY_RESOLVED=0;IMAGE_DECODED=0; ARK_TAIL=RAW_ONLY(218757 retraction stands)"
104176,PCG_9_3_5,SHAPE->NITEXTURINGPROPERTY->ARKTEXTURE_ENTRY (aggregated),BASE/DARK/etc,see private JSONL,"Textures.bnt (8,381 entries)","NAME_FOUND_EXACT=0; NAME_BASE_MATCH_EXTENSION_DIFF=0; NAME_NOT_FOUND=1; MATERIAL_REFERENCE_CONFIRMED=0; MATERIAL_APPLIED=0;BROWSER_OBSERVED=0; CONTAINER_ENTRY_RESOLVED=0;IMAGE_DECODED=0; ARK_TAIL=RAW_ONLY(218757 retraction stands)"
104197,PCG_9_3_5,SHAPE->NITEXTURINGPROPERTY->ARKTEXTURE_ENTRY (aggregated),BASE/DARK/etc,see private JSONL,"Textures.bnt (8,381 entries)","NAME_FOUND_EXACT=0; NAME_BASE_MATCH_EXTENSION_DIFF=0; NAME_NOT_FOUND=1; MATERIAL_REFERENCE_CONFIRMED=0; MATERIAL_APPLIED=0;BROWSER_OBSERVED=0; CONTAINER_ENTRY_RESOLVED=0;IMAGE_DECODED=0; ARK_TAIL=RAW_ONLY(218757 retraction stands)"
104213,PCG_9_3_5,SHAPE->NITEXTURINGPROPERTY->ARKTEXTURE_ENTRY (aggregated),BASE/DARK/etc,see private JSONL,"Textures.bnt (8,381 entries)","NAME_FOUND_EXACT=0; NAME_BASE_MATCH_EXTENSION_DIFF=0; NAME_NOT_FOUND=1; MATERIAL_REFERENCE_CONFIRMED=0; MATERIAL_APPLIED=0;BROWSER_OBSERVED=0; CONTAINER_ENTRY_RESOLVED=0;IMAGE_DECODED=0; ARK_TAIL=RAW_ONLY(218757 retraction stands)"
104229,PCG_9_3_5,SHAPE->NITEXTURINGPROPERTY->ARKTEXTURE_ENTRY (aggregated),BASE/DARK/etc,see private JSONL,"Textures.bnt (8,381 entries)","NAME_FOUND_EXACT=0; NAME_BASE_MATCH_EXTENSION_DIFF=0; NAME_NOT_FOUND=1; MATERIAL_REFERENCE_CONFIRMED=0; MATERIAL_APPLIED=0;BROWSER_OBSERVED=0; CONTAINER_ENTRY_RESOLVED=0;IMAGE_DECODED=0; ARK_TAIL=RAW_ONLY(218757 retraction stands)"
105623,PCG_9_3_5,SHAPE->NITEXTURINGPROPERTY->ARKTEXTURE_ENTRY (aggregated),BASE/DARK/etc,see private JSONL,"Textures.bnt (8,381 entries)","NAME_FOUND_EXACT=0; NAME_BASE_MATCH_EXTENSION_DIFF=0; NAME_NOT_FOUND=1; MATERIAL_REFERENCE_CONFIRMED=0; MATERIAL_APPLIED=0;BROWSER_OBSERVED=0; CONTAINER_ENTRY_RESOLVED=0;IMAGE_DECODED=0; ARK_TAIL=RAW_ONLY(218757 retraction stands)"
105726,PCG_9_3_5,SHAPE->NITEXTURINGPROPERTY->ARKTEXTURE_ENTRY (aggregated),BASE/DARK/etc,see private JSONL,"Textures.bnt (8,381 entries)","NAME_FOUND_EXACT=0; NAME_BASE_MATCH_EXTENSION_DIFF=0; NAME_NOT_FOUND=1; MATERIAL_REFERENCE_CONFIRMED=0; MATERIAL_APPLIED=0;BROWSER_OBSERVED=0; CONTAINER_ENTRY_RESOLVED=0;IMAGE_DECODED=0; ARK_TAIL=RAW_ONLY(218757 retraction stands)"
105746,PCG_9_3_5,SHAPE->NITEXTURINGPROPERTY->ARKTEXTURE_ENTRY (aggregated),BASE/DARK/etc,see private JSONL,"Textures.bnt (8,381 entries)","NAME_FOUND_EXACT=0; NAME_BASE_MATCH_EXTENSION_DIFF=0; NAME_NOT_FOUND=1; MATERIAL_REFERENCE_CONFIRMED=0; MATERIAL_APPLIED=0;BROWSER_OBSERVED=0; CONTAINER_ENTRY_RESOLVED=0;IMAGE_DECODED=0; ARK_TAIL=RAW_ONLY(218757 retraction stands)"
105762,PCG_9_3_5,SHAPE->NITEXTURINGPROPERTY->ARKTEXTURE_ENTRY (aggregated),BASE/DARK/etc,see private JSONL,"Textures.bnt (8,381 entries)","NAME_FOUND_EXACT=0; NAME_BASE_MATCH_EXTENSION_DIFF=0; NAME_NOT_FOUND=1; MATERIAL_REFERENCE_CONFIRMED=0; MATERIAL_APPLIED=0;BROWSER_OBSERVED=0; CONTAINER_ENTRY_RESOLVED=0;IMAGE_DECODED=0; ARK_TAIL=RAW_ONLY(218757 retraction stands)"
105778,PCG_9_3_5,SHAPE->NITEXTURINGPROPERTY->ARKTEXTURE_ENTRY (aggregated),BASE/DARK/etc,see private JSONL,"Textures.bnt (8,381 entries)","NAME_FOUND_EXACT=0; NAME_BASE_MATCH_EXTENSION_DIFF=0; NAME_NOT_FOUND=1; MATERIAL_REFERENCE_CONFIRMED=0; MATERIAL_APPLIED=0;BROWSER_OBSERVED=0; CONTAINER_ENTRY_RESOLVED=0;IMAGE_DECODED=0; ARK_TAIL=RAW_ONLY(218757 retraction stands)"
105794,PCG_9_3_5,SHAPE->NITEXTURINGPROPERTY->ARKTEXTURE_ENTRY (aggregated),BASE/DARK/etc,see private JSONL,"Textures.bnt (8,381 entries)","NAME_FOUND_EXACT=0; NAME_BASE_MATCH_EXTENSION_DIFF=0; NAME_NOT_FOUND=1; MATERIAL_REFERENCE_CONFIRMED=0; MATERIAL_APPLIED=0;BROWSER_OBSERVED=0; CONTAINER_ENTRY_RESOLVED=0;IMAGE_DECODED=0; ARK_TAIL=RAW_ONLY(218757 retraction stands)"
105811,PCG_9_3_5,SHAPE->NITEXTURINGPROPERTY->ARKTEXTURE_ENTRY (aggregated),BASE/DARK/etc,see private JSONL,"Textures.bnt (8,381 entries)","NAME_FOUND_EXACT=0; NAME_BASE_MATCH_EXTENSION_DIFF=0; NAME_NOT_FOUND=1; MATERIAL_REFERENCE_CONFIRMED=0; MATERIAL_APPLIED=0;BROWSER_OBSERVED=0; CONTAINER_ENTRY_RESOLVED=0;IMAGE_DECODED=0; ARK_TAIL=RAW_ONLY(218757 retraction stands)"
105828,PCG_9_3_5,SHAPE->NITEXTURINGPROPERTY->ARKTEXTURE_ENTRY (aggregated),BASE/DARK/etc,see private JSONL,"Textures.bnt (8,381 entries)","NAME_FOUND_EXACT=0; NAME_BASE_MATCH_EXTENSION_DIFF=0; NAME_NOT_FOUND=1; MATERIAL_REFERENCE_CONFIRMED=0; MATERIAL_APPLIED=0;BROWSER_OBSERVED=0; CONTAINER_ENTRY_RESOLVED=0;IMAGE_DECODED=0; ARK_TAIL=RAW_ONLY(218757 retraction stands)"
105844,PCG_9_3_5,SHAPE->NITEXTURINGPROPERTY->ARKTEXTURE_ENTRY (aggregated),BASE/DARK/etc,see private JSONL,"Textures.bnt (8,381 entries)","NAME_FOUND_EXACT=0; NAME_BASE_MATCH_EXTENSION_DIFF=0; NAME_NOT_FOUND=1; MATERIAL_REFERENCE_CONFIRMED=0; MATERIAL_APPLIED=0;BROWSER_OBSERVED=0; CONTAINER_ENTRY_RESOLVED=0;IMAGE_DECODED=0; ARK_TAIL=RAW_ONLY(218757 retraction stands)"
105860,PCG_9_3_5,SHAPE->NITEXTURINGPROPERTY->ARKTEXTURE_ENTRY (aggregated),BASE/DARK/etc,see private JSONL,"Textures.bnt (8,381 entries)","NAME_FOUND_EXACT=0; NAME_BASE_MATCH_EXTENSION_DIFF=0; NAME_NOT_FOUND=1; MATERIAL_REFERENCE_CONFIRMED=0; MATERIAL_APPLIED=0;BROWSER_OBSERVED=0; CONTAINER_ENTRY_RESOLVED=0;IMAGE_DECODED=0; ARK_TAIL=RAW_ONLY(218757 retraction stands)"
105876,PCG_9_3_5,SHAPE->NITEXTURINGPROPERTY->ARKTEXTURE_ENTRY (aggregated),BASE/DARK/etc,see private JSONL,"Textures.bnt (8,381 entries)","NAME_FOUND_EXACT=0; NAME_BASE_MATCH_EXTENSION_DIFF=0; NAME_NOT_FOUND=1; MATERIAL_REFERENCE_CONFIRMED=0; MATERIAL_APPLIED=0;BROWSER_OBSERVED=0; CONTAINER_ENTRY_RESOLVED=0;IMAGE_DECODED=0; ARK_TAIL=RAW_ONLY(218757 retraction stands)"
105894,PCG_9_3_5,SHAPE->NITEXTURINGPROPERTY->ARKTEXTURE_ENTRY (aggregated),BASE/DARK/etc,see private JSONL,"Textures.bnt (8,381 entries)","NAME_FOUND_EXACT=0; NAME_BASE_MATCH_EXTENSION_DIFF=0; NAME_NOT_FOUND=1; MATERIAL_REFERENCE_CONFIRMED=0; MATERIAL_APPLIED=0;BROWSER_OBSERVED=0; CONTAINER_ENTRY_RESOLVED=0;IMAGE_DECODED=0; ARK_TAIL=RAW_ONLY(218757 retraction stands)"
105911,PCG_9_3_5,SHAPE->NITEXTURINGPROPERTY->ARKTEXTURE_ENTRY (aggregated),BASE/DARK/etc,see private JSONL,"Textures.bnt (8,381 entries)","NAME_FOUND_EXACT=0; NAME_BASE_MATCH_EXTENSION_DIFF=0; NAME_NOT_FOUND=1; MATERIAL_REFERENCE_CONFIRMED=0; MATERIAL_APPLIED=0;BROWSER_OBSERVED=0; CONTAINER_ENTRY_RESOLVED=0;IMAGE_DECODED=0; ARK_TAIL=RAW_ONLY(218757 retraction stands)"
105927,PCG_9_3_5,SHAPE->NITEXTURINGPROPERTY->ARKTEXTURE_ENTRY (aggregated),BASE/DARK/etc,see private JSONL,"Textures.bnt (8,381 entries)","NAME_FOUND_EXACT=0; NAME_BASE_MATCH_EXTENSION_DIFF=0; NAME_NOT_FOUND=1; MATERIAL_REFERENCE_CONFIRMED=0; MATERIAL_APPLIED=0;BROWSER_OBSERVED=0; CONTAINER_ENTRY_RESOLVED=0;IMAGE_DECODED=0; ARK_TAIL=RAW_ONLY(218757 retraction stands)"
108587,PCG_9_3_5,SHAPE->NITEXTURINGPROPERTY->ARKTEXTURE_ENTRY (aggregated),BASE/DARK/etc,see private JSONL,"Textures.bnt (8,381 entries)","NAME_FOUND_EXACT=0; NAME_BASE_MATCH_EXTENSION_DIFF=0; NAME_NOT_FOUND=1; MATERIAL_REFERENCE_CONFIRMED=0; MATERIAL_APPLIED=0;BROWSER_OBSERVED=0; CONTAINER_ENTRY_RESOLVED=0;IMAGE_DECODED=0; ARK_TAIL=RAW_ONLY(218757 retraction stands)"
108592,PCG_9_3_5,SHAPE->NITEXTURINGPROPERTY->ARKTEXTURE_ENTRY (aggregated),BASE/DARK/etc,see private JSONL,"Textures.bnt (8,381 entries)","NAME_FOUND_EXACT=0; NAME_BASE_MATCH_EXTENSION_DIFF=0; NAME_NOT_FOUND=1; MATERIAL_REFERENCE_CONFIRMED=0; MATERIAL_APPLIED=0;BROWSER_OBSERVED=0; CONTAINER_ENTRY_RESOLVED=0;IMAGE_DECODED=0; ARK_TAIL=RAW_ONLY(218757 retraction stands)"
108597,PCG_9_3_5,SHAPE->NITEXTURINGPROPERTY->ARKTEXTURE_ENTRY (aggregated),BASE/DARK/etc,see private JSONL,"Textures.bnt (8,381 entries)","NAME_FOUND_EXACT=0; NAME_BASE_MATCH_EXTENSION_DIFF=0; NAME_NOT_FOUND=1; MATERIAL_REFERENCE_CONFIRMED=0; MATERIAL_APPLIED=0;BROWSER_OBSERVED=0; CONTAINER_ENTRY_RESOLVED=0;IMAGE_DECODED=0; ARK_TAIL=RAW_ONLY(218757 retraction stands)"
108601,PCG_9_3_5,SHAPE->NITEXTURINGPROPERTY->ARKTEXTURE_ENTRY (aggregated),BASE/DARK/etc,see private JSONL,"Textures.bnt (8,381 entries)","NAME_FOUND_EXACT=0; NAME_BASE_MATCH_EXTENSION_DIFF=0; NAME_NOT_FOUND=1; MATERIAL_REFERENCE_CONFIRMED=0; MATERIAL_APPLIED=0;BROWSER_OBSERVED=0; CONTAINER_ENTRY_RESOLVED=0;IMAGE_DECODED=0; ARK_TAIL=RAW_ONLY(218757 retraction stands)"
108605,PCG_9_3_5,SHAPE->NITEXTURINGPROPERTY->ARKTEXTURE_ENTRY (aggregated),BASE/DARK/etc,see private JSONL,"Textures.bnt (8,381 entries)","NAME_FOUND_EXACT=0; NAME_BASE_MATCH_EXTENSION_DIFF=0; NAME_NOT_FOUND=1; MATERIAL_REFERENCE_CONFIRMED=0; MATERIAL_APPLIED=0;BROWSER_OBSERVED=0; CONTAINER_ENTRY_RESOLVED=0;IMAGE_DECODED=0; ARK_TAIL=RAW_ONLY(218757 retraction stands)"
108674,PCG_9_3_5,SHAPE->NITEXTURINGPROPERTY->ARKTEXTURE_ENTRY (aggregated),BASE/DARK/etc,see private JSONL,"Textures.bnt (8,381 entries)","NAME_FOUND_EXACT=0; NAME_BASE_MATCH_EXTENSION_DIFF=0; NAME_NOT_FOUND=1; MATERIAL_REFERENCE_CONFIRMED=0; MATERIAL_APPLIED=0;BROWSER_OBSERVED=0; CONTAINER_ENTRY_RESOLVED=0;IMAGE_DECODED=0; ARK_TAIL=RAW_ONLY(218757 retraction stands)"
109106,PCG_9_3_5,SHAPE->NITEXTURINGPROPERTY->ARKTEXTURE_ENTRY (aggregated),BASE/DARK/etc,see private JSONL,"Textures.bnt (8,381 entries)","NAME_FOUND_EXACT=0; NAME_BASE_MATCH_EXTENSION_DIFF=0; NAME_NOT_FOUND=1; MATERIAL_REFERENCE_CONFIRMED=0; MATERIAL_APPLIED=0;BROWSER_OBSERVED=0; CONTAINER_ENTRY_RESOLVED=0;IMAGE_DECODED=0; ARK_TAIL=RAW_ONLY(218757 retraction stands)"
109147,PCG_9_3_5,SHAPE->NITEXTURINGPROPERTY->ARKTEXTURE_ENTRY (aggregated),BASE/DARK/etc,see private JSONL,"Textures.bnt (8,381 entries)","NAME_FOUND_EXACT=0; NAME_BASE_MATCH_EXTENSION_DIFF=0; NAME_NOT_FOUND=1; MATERIAL_REFERENCE_CONFIRMED=0; MATERIAL_APPLIED=0;BROWSER_OBSERVED=0; CONTAINER_ENTRY_RESOLVED=0;IMAGE_DECODED=0; ARK_TAIL=RAW_ONLY(218757 retraction stands)"
109163,PCG_9_3_5,SHAPE->NITEXTURINGPROPERTY->ARKTEXTURE_ENTRY (aggregated),BASE/DARK/etc,see private JSONL,"Textures.bnt (8,381 entries)","NAME_FOUND_EXACT=0; NAME_BASE_MATCH_EXTENSION_DIFF=0; NAME_NOT_FOUND=1; MATERIAL_REFERENCE_CONFIRMED=0; MATERIAL_APPLIED=0;BROWSER_OBSERVED=0; CONTAINER_ENTRY_RESOLVED=0;IMAGE_DECODED=0; ARK_TAIL=RAW_ONLY(218757 retraction stands)"
109179,PCG_9_3_5,SHAPE->NITEXTURINGPROPERTY->ARKTEXTURE_ENTRY (aggregated),BASE/DARK/etc,see private JSONL,"Textures.bnt (8,381 entries)","NAME_FOUND_EXACT=0; NAME_BASE_MATCH_EXTENSION_DIFF=0; NAME_NOT_FOUND=1; MATERIAL_REFERENCE_CONFIRMED=0; MATERIAL_APPLIED=0;BROWSER_OBSERVED=0; CONTAINER_ENTRY_RESOLVED=0;IMAGE_DECODED=0; ARK_TAIL=RAW_ONLY(218757 retraction stands)"
109240,PCG_9_3_5,SHAPE->NITEXTURINGPROPERTY->ARKTEXTURE_ENTRY (aggregated),BASE/DARK/etc,see private JSONL,"Textures.bnt (8,381 entries)","NAME_FOUND_EXACT=0; NAME_BASE_MATCH_EXTENSION_DIFF=0; NAME_NOT_FOUND=1; MATERIAL_REFERENCE_CONFIRMED=0; MATERIAL_APPLIED=0;BROWSER_OBSERVED=0; CONTAINER_ENTRY_RESOLVED=0;IMAGE_DECODED=0; ARK_TAIL=RAW_ONLY(218757 retraction stands)"
109378,PCG_9_3_5,SHAPE->NITEXTURINGPROPERTY->ARKTEXTURE_ENTRY (aggregated),BASE/DARK/etc,see private JSONL,"Textures.bnt (8,381 entries)","NAME_FOUND_EXACT=0; NAME_BASE_MATCH_EXTENSION_DIFF=0; NAME_NOT_FOUND=1; MATERIAL_REFERENCE_CONFIRMED=0; MATERIAL_APPLIED=0;BROWSER_OBSERVED=0; CONTAINER_ENTRY_RESOLVED=0;IMAGE_DECODED=0; ARK_TAIL=RAW_ONLY(218757 retraction stands)"
109386,PCG_9_3_5,SHAPE->NITEXTURINGPROPERTY->ARKTEXTURE_ENTRY (aggregated),BASE/DARK/etc,see private JSONL,"Textures.bnt (8,381 entries)","NAME_FOUND_EXACT=0; NAME_BASE_MATCH_EXTENSION_DIFF=0; NAME_NOT_FOUND=1; MATERIAL_REFERENCE_CONFIRMED=0; MATERIAL_APPLIED=0;BROWSER_OBSERVED=0; CONTAINER_ENTRY_RESOLVED=0;IMAGE_DECODED=0; ARK_TAIL=RAW_ONLY(218757 retraction stands)"
109487,PCG_9_3_5,SHAPE->NITEXTURINGPROPERTY->ARKTEXTURE_ENTRY (aggregated),BASE/DARK/etc,see private JSONL,"Textures.bnt (8,381 entries)","NAME_FOUND_EXACT=0; NAME_BASE_MATCH_EXTENSION_DIFF=0; NAME_NOT_FOUND=1; MATERIAL_REFERENCE_CONFIRMED=0; MATERIAL_APPLIED=0;BROWSER_OBSERVED=0; CONTAINER_ENTRY_RESOLVED=0;IMAGE_DECODED=0; ARK_TAIL=RAW_ONLY(218757 retraction stands)"
109491,PCG_9_3_5,SHAPE->NITEXTURINGPROPERTY->ARKTEXTURE_ENTRY (aggregated),BASE/DARK/etc,see private JSONL,"Textures.bnt (8,381 entries)","NAME_FOUND_EXACT=0; NAME_BASE_MATCH_EXTENSION_DIFF=0; NAME_NOT_FOUND=1; MATERIAL_REFERENCE_CONFIRMED=0; MATERIAL_APPLIED=0;BROWSER_OBSERVED=0; CONTAINER_ENTRY_RESOLVED=0;IMAGE_DECODED=0; ARK_TAIL=RAW_ONLY(218757 retraction stands)"
109495,PCG_9_3_5,SHAPE->NITEXTURINGPROPERTY->ARKTEXTURE_ENTRY (aggregated),BASE/DARK/etc,see private JSONL,"Textures.bnt (8,381 entries)","NAME_FOUND_EXACT=0; NAME_BASE_MATCH_EXTENSION_DIFF=0; NAME_NOT_FOUND=1; MATERIAL_REFERENCE_CONFIRMED=0; MATERIAL_APPLIED=0;BROWSER_OBSERVED=0; CONTAINER_ENTRY_RESOLVED=0;IMAGE_DECODED=0; ARK_TAIL=RAW_ONLY(218757 retraction stands)"
111124,PCG_9_3_5,SHAPE->NITEXTURINGPROPERTY->ARKTEXTURE_ENTRY (aggregated),BASE/DARK/etc,see private JSONL,"Textures.bnt (8,381 entries)","NAME_FOUND_EXACT=0; NAME_BASE_MATCH_EXTENSION_DIFF=0; NAME_NOT_FOUND=1; MATERIAL_REFERENCE_CONFIRMED=0; MATERIAL_APPLIED=0;BROWSER_OBSERVED=0; CONTAINER_ENTRY_RESOLVED=0;IMAGE_DECODED=0; ARK_TAIL=RAW_ONLY(218757 retraction stands)"
111143,PCG_9_3_5,SHAPE->NITEXTURINGPROPERTY->ARKTEXTURE_ENTRY (aggregated),BASE/DARK/etc,see private JSONL,"Textures.bnt (8,381 entries)","NAME_FOUND_EXACT=0; NAME_BASE_MATCH_EXTENSION_DIFF=0; NAME_NOT_FOUND=1; MATERIAL_REFERENCE_CONFIRMED=0; MATERIAL_APPLIED=0;BROWSER_OBSERVED=0; CONTAINER_ENTRY_RESOLVED=0;IMAGE_DECODED=0; ARK_TAIL=RAW_ONLY(218757 retraction stands)"
111160,PCG_9_3_5,SHAPE->NITEXTURINGPROPERTY->ARKTEXTURE_ENTRY (aggregated),BASE/DARK/etc,see private JSONL,"Textures.bnt (8,381 entries)","NAME_FOUND_EXACT=0; NAME_BASE_MATCH_EXTENSION_DIFF=0; NAME_NOT_FOUND=1; MATERIAL_REFERENCE_CONFIRMED=0; MATERIAL_APPLIED=0;BROWSER_OBSERVED=0; CONTAINER_ENTRY_RESOLVED=0;IMAGE_DECODED=0; ARK_TAIL=RAW_ONLY(218757 retraction stands)"
112372,PCG_9_3_5,SHAPE->NITEXTURINGPROPERTY->ARKTEXTURE_ENTRY (aggregated),BASE/DARK/etc,see private JSONL,"Textures.bnt (8,381 entries)","NAME_FOUND_EXACT=0; NAME_BASE_MATCH_EXTENSION_DIFF=0; NAME_NOT_FOUND=1; MATERIAL_REFERENCE_CONFIRMED=0; MATERIAL_APPLIED=0;BROWSER_OBSERVED=0; CONTAINER_ENTRY_RESOLVED=0;IMAGE_DECODED=0; ARK_TAIL=RAW_ONLY(218757 retraction stands)"
112894,PCG_9_3_5,SHAPE->NITEXTURINGPROPERTY->ARKTEXTURE_ENTRY (aggregated),BASE/DARK/etc,see private JSONL,"Textures.bnt (8,381 entries)","NAME_FOUND_EXACT=0; NAME_BASE_MATCH_EXTENSION_DIFF=0; NAME_NOT_FOUND=1; MATERIAL_REFERENCE_CONFIRMED=0; MATERIAL_APPLIED=0;BROWSER_OBSERVED=0; CONTAINER_ENTRY_RESOLVED=0;IMAGE_DECODED=0; ARK_TAIL=RAW_ONLY(218757 retraction stands)"
11692,PCG_9_3_5,SHAPE->NITEXTURINGPROPERTY->ARKTEXTURE_ENTRY (aggregated),BASE/DARK/etc,see private JSONL,"Textures.bnt (8,381 entries)","NAME_FOUND_EXACT=0; NAME_BASE_MATCH_EXTENSION_DIFF=0; NAME_NOT_FOUND=3; MATERIAL_REFERENCE_CONFIRMED=0; MATERIAL_APPLIED=0;BROWSER_OBSERVED=0; CONTAINER_ENTRY_RESOLVED=0;IMAGE_DECODED=0; ARK_TAIL=RAW_ONLY(218757 retraction stands)"
117224,PCG_9_3_5,SHAPE->NITEXTURINGPROPERTY->ARKTEXTURE_ENTRY (aggregated),BASE/DARK/etc,see private JSONL,"Textures.bnt (8,381 entries)","NAME_FOUND_EXACT=0; NAME_BASE_MATCH_EXTENSION_DIFF=0; NAME_NOT_FOUND=1; MATERIAL_REFERENCE_CONFIRMED=0; MATERIAL_APPLIED=0;BROWSER_OBSERVED=0; CONTAINER_ENTRY_RESOLVED=0;IMAGE_DECODED=0; ARK_TAIL=RAW_ONLY(218757 retraction stands)"
1294,PCG_9_3_5,SHAPE->NITEXTURINGPROPERTY->ARKTEXTURE_ENTRY (aggregated),BASE/DARK/etc,see private JSONL,"Textures.bnt (8,381 entries)","NAME_FOUND_EXACT=0; NAME_BASE_MATCH_EXTENSION_DIFF=0; NAME_NOT_FOUND=1; MATERIAL_REFERENCE_CONFIRMED=0; MATERIAL_APPLIED=0;BROWSER_OBSERVED=0; CONTAINER_ENTRY_RESOLVED=0;IMAGE_DECODED=0; ARK_TAIL=RAW_ONLY(218757 retraction stands)"
130198,PCG_9_3_5,SHAPE->NITEXTURINGPROPERTY->ARKTEXTURE_ENTRY (aggregated),BASE/DARK/etc,see private JSONL,"Textures.bnt (8,381 entries)","NAME_FOUND_EXACT=0; NAME_BASE_MATCH_EXTENSION_DIFF=0; NAME_NOT_FOUND=2; MATERIAL_REFERENCE_CONFIRMED=0; MATERIAL_APPLIED=0;BROWSER_OBSERVED=0; CONTAINER_ENTRY_RESOLVED=0;IMAGE_DECODED=0; ARK_TAIL=RAW_ONLY(218757 retraction stands)"
130553,PCG_9_3_5,SHAPE->NITEXTURINGPROPERTY->ARKTEXTURE_ENTRY (aggregated),BASE/DARK/etc,see private JSONL,"Textures.bnt (8,381 entries)","NAME_FOUND_EXACT=0; NAME_BASE_MATCH_EXTENSION_DIFF=0; NAME_NOT_FOUND=2; MATERIAL_REFERENCE_CONFIRMED=0; MATERIAL_APPLIED=0;BROWSER_OBSERVED=0; CONTAINER_ENTRY_RESOLVED=0;IMAGE_DECODED=0; ARK_TAIL=RAW_ONLY(218757 retraction stands)"
130582,PCG_9_3_5,SHAPE->NITEXTURINGPROPERTY->ARKTEXTURE_ENTRY (aggregated),BASE/DARK/etc,see private JSONL,"Textures.bnt (8,381 entries)","NAME_FOUND_EXACT=0; NAME_BASE_MATCH_EXTENSION_DIFF=0; NAME_NOT_FOUND=2; MATERIAL_REFERENCE_CONFIRMED=0; MATERIAL_APPLIED=0;BROWSER_OBSERVED=0; CONTAINER_ENTRY_RESOLVED=0;IMAGE_DECODED=0; ARK_TAIL=RAW_ONLY(218757 retraction stands)"
130637,PCG_9_3_5,SHAPE->NITEXTURINGPROPERTY->ARKTEXTURE_ENTRY (aggregated),BASE/DARK/etc,see private JSONL,"Textures.bnt (8,381 entries)","NAME_FOUND_EXACT=0; NAME_BASE_MATCH_EXTENSION_DIFF=0; NAME_NOT_FOUND=2; MATERIAL_REFERENCE_CONFIRMED=0; MATERIAL_APPLIED=0;BROWSER_OBSERVED=0; CONTAINER_ENTRY_RESOLVED=0;IMAGE_DECODED=0; ARK_TAIL=RAW_ONLY(218757 retraction stands)"
130659,PCG_9_3_5,SHAPE->NITEXTURINGPROPERTY->ARKTEXTURE_ENTRY (aggregated),BASE/DARK/etc,see private JSONL,"Textures.bnt (8,381 entries)","NAME_FOUND_EXACT=0; NAME_BASE_MATCH_EXTENSION_DIFF=0; NAME_NOT_FOUND=2; MATERIAL_REFERENCE_CONFIRMED=0; MATERIAL_APPLIED=0;BROWSER_OBSERVED=0; CONTAINER_ENTRY_RESOLVED=0;IMAGE_DECODED=0; ARK_TAIL=RAW_ONLY(218757 retraction stands)"
130681,PCG_9_3_5,SHAPE->NITEXTURINGPROPERTY->ARKTEXTURE_ENTRY (aggregated),BASE/DARK/etc,see private JSONL,"Textures.bnt (8,381 entries)","NAME_FOUND_EXACT=0; NAME_BASE_MATCH_EXTENSION_DIFF=0; NAME_NOT_FOUND=2; MATERIAL_REFERENCE_CONFIRMED=0; MATERIAL_APPLIED=0;BROWSER_OBSERVED=0; CONTAINER_ENTRY_RESOLVED=0;IMAGE_DECODED=0; ARK_TAIL=RAW_ONLY(218757 retraction stands)"
130702,PCG_9_3_5,SHAPE->NITEXTURINGPROPERTY->ARKTEXTURE_ENTRY (aggregated),BASE/DARK/etc,see private JSONL,"Textures.bnt (8,381 entries)","NAME_FOUND_EXACT=0; NAME_BASE_MATCH_EXTENSION_DIFF=0; NAME_NOT_FOUND=1; MATERIAL_REFERENCE_CONFIRMED=0; MATERIAL_APPLIED=0;BROWSER_OBSERVED=0; CONTAINER_ENTRY_RESOLVED=0;IMAGE_DECODED=0; ARK_TAIL=RAW_ONLY(218757 retraction stands)"
130750,PCG_9_3_5,SHAPE->NITEXTURINGPROPERTY->ARKTEXTURE_ENTRY (aggregated),BASE/DARK/etc,see private JSONL,"Textures.bnt (8,381 entries)","NAME_FOUND_EXACT=0; NAME_BASE_MATCH_EXTENSION_DIFF=0; NAME_NOT_FOUND=1; MATERIAL_REFERENCE_CONFIRMED=0; MATERIAL_APPLIED=0;BROWSER_OBSERVED=0; CONTAINER_ENTRY_RESOLVED=0;IMAGE_DECODED=0; ARK_TAIL=RAW_ONLY(218757 retraction stands)"
130801,PCG_9_3_5,SHAPE->NITEXTURINGPROPERTY->ARKTEXTURE_ENTRY (aggregated),BASE/DARK/etc,see private JSONL,"Textures.bnt (8,381 entries)","NAME_FOUND_EXACT=0; NAME_BASE_MATCH_EXTENSION_DIFF=0; NAME_NOT_FOUND=1; MATERIAL_REFERENCE_CONFIRMED=0; MATERIAL_APPLIED=0;BROWSER_OBSERVED=0; CONTAINER_ENTRY_RESOLVED=0;IMAGE_DECODED=0; ARK_TAIL=RAW_ONLY(218757 retraction stands)"
130850,PCG_9_3_5,SHAPE->NITEXTURINGPROPERTY->ARKTEXTURE_ENTRY (aggregated),BASE/DARK/etc,see private JSONL,"Textures.bnt (8,381 entries)","NAME_FOUND_EXACT=0; NAME_BASE_MATCH_EXTENSION_DIFF=0; NAME_NOT_FOUND=1; MATERIAL_REFERENCE_CONFIRMED=0; MATERIAL_APPLIED=0;BROWSER_OBSERVED=0; CONTAINER_ENTRY_RESOLVED=0;IMAGE_DECODED=0; ARK_TAIL=RAW_ONLY(218757 retraction stands)"
130867,PCG_9_3_5,SHAPE->NITEXTURINGPROPERTY->ARKTEXTURE_ENTRY (aggregated),BASE/DARK/etc,see private JSONL,"Textures.bnt (8,381 entries)","NAME_FOUND_EXACT=0; NAME_BASE_MATCH_EXTENSION_DIFF=0; NAME_NOT_FOUND=1; MATERIAL_REFERENCE_CONFIRMED=0; MATERIAL_APPLIED=0;BROWSER_OBSERVED=0; CONTAINER_ENTRY_RESOLVED=0;IMAGE_DECODED=0; ARK_TAIL=RAW_ONLY(218757 retraction stands)"
131221,PCG_9_3_5,SHAPE->NITEXTURINGPROPERTY->ARKTEXTURE_ENTRY (aggregated),BASE/DARK/etc,see private JSONL,"Textures.bnt (8,381 entries)","NAME_FOUND_EXACT=0; NAME_BASE_MATCH_EXTENSION_DIFF=0; NAME_NOT_FOUND=2; MATERIAL_REFERENCE_CONFIRMED=0; MATERIAL_APPLIED=0;BROWSER_OBSERVED=0; CONTAINER_ENTRY_RESOLVED=0;IMAGE_DECODED=0; ARK_TAIL=RAW_ONLY(218757 retraction stands)"
131242,PCG_9_3_5,SHAPE->NITEXTURINGPROPERTY->ARKTEXTURE_ENTRY (aggregated),BASE/DARK/etc,see private JSONL,"Textures.bnt (8,381 entries)","NAME_FOUND_EXACT=0; NAME_BASE_MATCH_EXTENSION_DIFF=0; NAME_NOT_FOUND=2; MATERIAL_REFERENCE_CONFIRMED=0; MATERIAL_APPLIED=0;BROWSER_OBSERVED=0; CONTAINER_ENTRY_RESOLVED=0;IMAGE_DECODED=0; ARK_TAIL=RAW_ONLY(218757 retraction stands)"
131263,PCG_9_3_5,SHAPE->NITEXTURINGPROPERTY->ARKTEXTURE_ENTRY (aggregated),BASE/DARK/etc,see private JSONL,"Textures.bnt (8,381 entries)","NAME_FOUND_EXACT=0; NAME_BASE_MATCH_EXTENSION_DIFF=0; NAME_NOT_FOUND=1; MATERIAL_REFERENCE_CONFIRMED=0; MATERIAL_APPLIED=0;BROWSER_OBSERVED=0; CONTAINER_ENTRY_RESOLVED=0;IMAGE_DECODED=0; ARK_TAIL=RAW_ONLY(218757 retraction stands)"
131834,PCG_9_3_5,SHAPE->NITEXTURINGPROPERTY->ARKTEXTURE_ENTRY (aggregated),BASE/DARK/etc,see private JSONL,"Textures.bnt (8,381 entries)","NAME_FOUND_EXACT=0; NAME_BASE_MATCH_EXTENSION_DIFF=0; NAME_NOT_FOUND=1; MATERIAL_REFERENCE_CONFIRMED=0; MATERIAL_APPLIED=0;BROWSER_OBSERVED=0; CONTAINER_ENTRY_RESOLVED=0;IMAGE_DECODED=0; ARK_TAIL=RAW_ONLY(218757 retraction stands)"
131879,PCG_9_3_5,SHAPE->NITEXTURINGPROPERTY->ARKTEXTURE_ENTRY (aggregated),BASE/DARK/etc,see private JSONL,"Textures.bnt (8,381 entries)","NAME_FOUND_EXACT=0; NAME_BASE_MATCH_EXTENSION_DIFF=0; NAME_NOT_FOUND=1; MATERIAL_REFERENCE_CONFIRMED=0; MATERIAL_APPLIED=0;BROWSER_OBSERVED=0; CONTAINER_ENTRY_RESOLVED=0;IMAGE_DECODED=0; ARK_TAIL=RAW_ONLY(218757 retraction stands)"
131895,PCG_9_3_5,SHAPE->NITEXTURINGPROPERTY->ARKTEXTURE_ENTRY (aggregated),BASE/DARK/etc,see private JSONL,"Textures.bnt (8,381 entries)","NAME_FOUND_EXACT=0; NAME_BASE_MATCH_EXTENSION_DIFF=0; NAME_NOT_FOUND=1; MATERIAL_REFERENCE_CONFIRMED=0; MATERIAL_APPLIED=0;BROWSER_OBSERVED=0; CONTAINER_ENTRY_RESOLVED=0;IMAGE_DECODED=0; ARK_TAIL=RAW_ONLY(218757 retraction stands)"
131911,PCG_9_3_5,SHAPE->NITEXTURINGPROPERTY->ARKTEXTURE_ENTRY (aggregated),BASE/DARK/etc,see private JSONL,"Textures.bnt (8,381 entries)","NAME_FOUND_EXACT=0; NAME_BASE_MATCH_EXTENSION_DIFF=0; NAME_NOT_FOUND=1; MATERIAL_REFERENCE_CONFIRMED=0; MATERIAL_APPLIED=0;BROWSER_OBSERVED=0; CONTAINER_ENTRY_RESOLVED=0;IMAGE_DECODED=0; ARK_TAIL=RAW_ONLY(218757 retraction stands)"
131929,PCG_9_3_5,SHAPE->NITEXTURINGPROPERTY->ARKTEXTURE_ENTRY (aggregated),BASE/DARK/etc,see private JSONL,"Textures.bnt (8,381 entries)","NAME_FOUND_EXACT=0; NAME_BASE_MATCH_EXTENSION_DIFF=0; NAME_NOT_FOUND=1; MATERIAL_REFERENCE_CONFIRMED=0; MATERIAL_APPLIED=0;BROWSER_OBSERVED=0; CONTAINER_ENTRY_RESOLVED=0;IMAGE_DECODED=0; ARK_TAIL=RAW_ONLY(218757 retraction stands)"
131945,PCG_9_3_5,SHAPE->NITEXTURINGPROPERTY->ARKTEXTURE_ENTRY (aggregated),BASE/DARK/etc,see private JSONL,"Textures.bnt (8,381 entries)","NAME_FOUND_EXACT=0; NAME_BASE_MATCH_EXTENSION_DIFF=0; NAME_NOT_FOUND=1; MATERIAL_REFERENCE_CONFIRMED=0; MATERIAL_APPLIED=0;BROWSER_OBSERVED=0; CONTAINER_ENTRY_RESOLVED=0;IMAGE_DECODED=0; ARK_TAIL=RAW_ONLY(218757 retraction stands)"
131960,PCG_9_3_5,SHAPE->NITEXTURINGPROPERTY->ARKTEXTURE_ENTRY (aggregated),BASE/DARK/etc,see private JSONL,"Textures.bnt (8,381 entries)","NAME_FOUND_EXACT=0; NAME_BASE_MATCH_EXTENSION_DIFF=0; NAME_NOT_FOUND=1; MATERIAL_REFERENCE_CONFIRMED=0; MATERIAL_APPLIED=0;BROWSER_OBSERVED=0; CONTAINER_ENTRY_RESOLVED=0;IMAGE_DECODED=0; ARK_TAIL=RAW_ONLY(218757 retraction stands)"
131979,PCG_9_3_5,SHAPE->NITEXTURINGPROPERTY->ARKTEXTURE_ENTRY (aggregated),BASE/DARK/etc,see private JSONL,"Textures.bnt (8,381 entries)","NAME_FOUND_EXACT=0; NAME_BASE_MATCH_EXTENSION_DIFF=0; NAME_NOT_FOUND=1; MATERIAL_REFERENCE_CONFIRMED=0; MATERIAL_APPLIED=0;BROWSER_OBSERVED=0; CONTAINER_ENTRY_RESOLVED=0;IMAGE_DECODED=0; ARK_TAIL=RAW_ONLY(218757 retraction stands)"
132012,PCG_9_3_5,SHAPE->NITEXTURINGPROPERTY->ARKTEXTURE_ENTRY (aggregated),BASE/DARK/etc,see private JSONL,"Textures.bnt (8,381 entries)","NAME_FOUND_EXACT=0; NAME_BASE_MATCH_EXTENSION_DIFF=0; NAME_NOT_FOUND=1; MATERIAL_REFERENCE_CONFIRMED=0; MATERIAL_APPLIED=0;BROWSER_OBSERVED=0; CONTAINER_ENTRY_RESOLVED=0;IMAGE_DECODED=0; ARK_TAIL=RAW_ONLY(218757 retraction stands)"
136182,PCG_9_3_5,SHAPE->NITEXTURINGPROPERTY->ARKTEXTURE_ENTRY (aggregated),BASE/DARK/etc,see private JSONL,"Textures.bnt (8,381 entries)","NAME_FOUND_EXACT=0; NAME_BASE_MATCH_EXTENSION_DIFF=0; NAME_NOT_FOUND=6; MATERIAL_REFERENCE_CONFIRMED=0; MATERIAL_APPLIED=0;BROWSER_OBSERVED=0; CONTAINER_ENTRY_RESOLVED=0;IMAGE_DECODED=0; ARK_TAIL=RAW_ONLY(218757 retraction stands)"
136191,PCG_9_3_5,SHAPE->NITEXTURINGPROPERTY->ARKTEXTURE_ENTRY (aggregated),BASE/DARK/etc,see private JSONL,"Textures.bnt (8,381 entries)","NAME_FOUND_EXACT=0; NAME_BASE_MATCH_EXTENSION_DIFF=0; NAME_NOT_FOUND=1; MATERIAL_REFERENCE_CONFIRMED=0; MATERIAL_APPLIED=0;BROWSER_OBSERVED=0; CONTAINER_ENTRY_RESOLVED=0;IMAGE_DECODED=0; ARK_TAIL=RAW_ONLY(218757 retraction stands)"
146571,PCG_9_3_5,SHAPE->NITEXTURINGPROPERTY->ARKTEXTURE_ENTRY (aggregated),BASE/DARK/etc,see private JSONL,"Textures.bnt (8,381 entries)","NAME_FOUND_EXACT=0; NAME_BASE_MATCH_EXTENSION_DIFF=0; NAME_NOT_FOUND=38; MATERIAL_REFERENCE_CONFIRMED=27; MATERIAL_APPLIED=0;BROWSER_OBSERVED=0; CONTAINER_ENTRY_RESOLVED=0;IMAGE_DECODED=0; ARK_TAIL=RAW_ONLY(218757 retraction stands)"
155495,PCG_9_3_5,SHAPE->NITEXTURINGPROPERTY->ARKTEXTURE_ENTRY (aggregated),BASE/DARK/etc,see private JSONL,"Textures.bnt (8,381 entries)","NAME_FOUND_EXACT=0; NAME_BASE_MATCH_EXTENSION_DIFF=0; NAME_NOT_FOUND=13; MATERIAL_REFERENCE_CONFIRMED=3; MATERIAL_APPLIED=0;BROWSER_OBSERVED=0; CONTAINER_ENTRY_RESOLVED=0;IMAGE_DECODED=0; ARK_TAIL=RAW_ONLY(218757 retraction stands)"
16161,PCG_9_3_5,SHAPE->NITEXTURINGPROPERTY->ARKTEXTURE_ENTRY (aggregated),BASE/DARK/etc,see private JSONL,"Textures.bnt (8,381 entries)","NAME_FOUND_EXACT=0; NAME_BASE_MATCH_EXTENSION_DIFF=0; NAME_NOT_FOUND=2; MATERIAL_REFERENCE_CONFIRMED=0; MATERIAL_APPLIED=0;BROWSER_OBSERVED=0; CONTAINER_ENTRY_RESOLVED=0;IMAGE_DECODED=0; ARK_TAIL=RAW_ONLY(218757 retraction stands)"
16163,PCG_9_3_5,SHAPE->NITEXTURINGPROPERTY->ARKTEXTURE_ENTRY (aggregated),BASE/DARK/etc,see private JSONL,"Textures.bnt (8,381 entries)","NAME_FOUND_EXACT=0; NAME_BASE_MATCH_EXTENSION_DIFF=0; NAME_NOT_FOUND=2; MATERIAL_REFERENCE_CONFIRMED=0; MATERIAL_APPLIED=0;BROWSER_OBSERVED=0; CONTAINER_ENTRY_RESOLVED=0;IMAGE_DECODED=0; ARK_TAIL=RAW_ONLY(218757 retraction stands)"
16178,PCG_9_3_5,SHAPE->NITEXTURINGPROPERTY->ARKTEXTURE_ENTRY (aggregated),BASE/DARK/etc,see private JSONL,"Textures.bnt (8,381 entries)","NAME_FOUND_EXACT=0; NAME_BASE_MATCH_EXTENSION_DIFF=0; NAME_NOT_FOUND=2; MATERIAL_REFERENCE_CONFIRMED=0; MATERIAL_APPLIED=0;BROWSER_OBSERVED=0; CONTAINER_ENTRY_RESOLVED=0;IMAGE_DECODED=0; ARK_TAIL=RAW_ONLY(218757 retraction stands)"
16180,PCG_9_3_5,SHAPE->NITEXTURINGPROPERTY->ARKTEXTURE_ENTRY (aggregated),BASE/DARK/etc,see private JSONL,"Textures.bnt (8,381 entries)","NAME_FOUND_EXACT=0; NAME_BASE_MATCH_EXTENSION_DIFF=0; NAME_NOT_FOUND=2; MATERIAL_REFERENCE_CONFIRMED=0; MATERIAL_APPLIED=0;BROWSER_OBSERVED=0; CONTAINER_ENTRY_RESOLVED=0;IMAGE_DECODED=0; ARK_TAIL=RAW_ONLY(218757 retraction stands)"
16182,PCG_9_3_5,SHAPE->NITEXTURINGPROPERTY->ARKTEXTURE_ENTRY (aggregated),BASE/DARK/etc,see private JSONL,"Textures.bnt (8,381 entries)","NAME_FOUND_EXACT=0; NAME_BASE_MATCH_EXTENSION_DIFF=0; NAME_NOT_FOUND=2; MATERIAL_REFERENCE_CONFIRMED=0; MATERIAL_APPLIED=0;BROWSER_OBSERVED=0; CONTAINER_ENTRY_RESOLVED=0;IMAGE_DECODED=0; ARK_TAIL=RAW_ONLY(218757 retraction stands)"
16201,PCG_9_3_5,SHAPE->NITEXTURINGPROPERTY->ARKTEXTURE_ENTRY (aggregated),BASE/DARK/etc,see private JSONL,"Textures.bnt (8,381 entries)","NAME_FOUND_EXACT=0; NAME_BASE_MATCH_EXTENSION_DIFF=0; NAME_NOT_FOUND=2; MATERIAL_REFERENCE_CONFIRMED=0; MATERIAL_APPLIED=0;BROWSER_OBSERVED=0; CONTAINER_ENTRY_RESOLVED=0;IMAGE_DECODED=0; ARK_TAIL=RAW_ONLY(218757 retraction stands)"
16231,PCG_9_3_5,SHAPE->NITEXTURINGPROPERTY->ARKTEXTURE_ENTRY (aggregated),BASE/DARK/etc,see private JSONL,"Textures.bnt (8,381 entries)","NAME_FOUND_EXACT=0; NAME_BASE_MATCH_EXTENSION_DIFF=0; NAME_NOT_FOUND=2; MATERIAL_REFERENCE_CONFIRMED=0; MATERIAL_APPLIED=0;BROWSER_OBSERVED=0; CONTAINER_ENTRY_RESOLVED=0;IMAGE_DECODED=0; ARK_TAIL=RAW_ONLY(218757 retraction stands)"
16233,PCG_9_3_5,SHAPE->NITEXTURINGPROPERTY->ARKTEXTURE_ENTRY (aggregated),BASE/DARK/etc,see private JSONL,"Textures.bnt (8,381 entries)","NAME_FOUND_EXACT=0; NAME_BASE_MATCH_EXTENSION_DIFF=0; NAME_NOT_FOUND=2; MATERIAL_REFERENCE_CONFIRMED=0; MATERIAL_APPLIED=0;BROWSER_OBSERVED=0; CONTAINER_ENTRY_RESOLVED=0;IMAGE_DECODED=0; ARK_TAIL=RAW_ONLY(218757 retraction stands)"
16263,PCG_9_3_5,SHAPE->NITEXTURINGPROPERTY->ARKTEXTURE_ENTRY (aggregated),BASE/DARK/etc,see private JSONL,"Textures.bnt (8,381 entries)","NAME_FOUND_EXACT=0; NAME_BASE_MATCH_EXTENSION_DIFF=0; NAME_NOT_FOUND=2; MATERIAL_REFERENCE_CONFIRMED=0; MATERIAL_APPLIED=0;BROWSER_OBSERVED=0; CONTAINER_ENTRY_RESOLVED=0;IMAGE_DECODED=0; ARK_TAIL=RAW_ONLY(218757 retraction stands)"
16265,PCG_9_3_5,SHAPE->NITEXTURINGPROPERTY->ARKTEXTURE_ENTRY (aggregated),BASE/DARK/etc,see private JSONL,"Textures.bnt (8,381 entries)","NAME_FOUND_EXACT=0; NAME_BASE_MATCH_EXTENSION_DIFF=0; NAME_NOT_FOUND=2; MATERIAL_REFERENCE_CONFIRMED=0; MATERIAL_APPLIED=0;BROWSER_OBSERVED=0; CONTAINER_ENTRY_RESOLVED=0;IMAGE_DECODED=0; ARK_TAIL=RAW_ONLY(218757 retraction stands)"
165196,PCG_9_3_5,SHAPE->NITEXTURINGPROPERTY->ARKTEXTURE_ENTRY (aggregated),BASE/DARK/etc,see private JSONL,"Textures.bnt (8,381 entries)","NAME_FOUND_EXACT=0; NAME_BASE_MATCH_EXTENSION_DIFF=0; NAME_NOT_FOUND=1; MATERIAL_REFERENCE_CONFIRMED=0; MATERIAL_APPLIED=0;BROWSER_OBSERVED=0; CONTAINER_ENTRY_RESOLVED=0;IMAGE_DECODED=0; ARK_TAIL=RAW_ONLY(218757 retraction stands)"
165263,PCG_9_3_5,SHAPE->NITEXTURINGPROPERTY->ARKTEXTURE_ENTRY (aggregated),BASE/DARK/etc,see private JSONL,"Textures.bnt (8,381 entries)","NAME_FOUND_EXACT=0; NAME_BASE_MATCH_EXTENSION_DIFF=0; NAME_NOT_FOUND=1; MATERIAL_REFERENCE_CONFIRMED=0; MATERIAL_APPLIED=0;BROWSER_OBSERVED=0; CONTAINER_ENTRY_RESOLVED=0;IMAGE_DECODED=0; ARK_TAIL=RAW_ONLY(218757 retraction stands)"
165280,PCG_9_3_5,SHAPE->NITEXTURINGPROPERTY->ARKTEXTURE_ENTRY (aggregated),BASE/DARK/etc,see private JSONL,"Textures.bnt (8,381 entries)","NAME_FOUND_EXACT=0; NAME_BASE_MATCH_EXTENSION_DIFF=0; NAME_NOT_FOUND=1; MATERIAL_REFERENCE_CONFIRMED=0; MATERIAL_APPLIED=0;BROWSER_OBSERVED=0; CONTAINER_ENTRY_RESOLVED=0;IMAGE_DECODED=0; ARK_TAIL=RAW_ONLY(218757 retraction stands)"
165296,PCG_9_3_5,SHAPE->NITEXTURINGPROPERTY->ARKTEXTURE_ENTRY (aggregated),BASE/DARK/etc,see private JSONL,"Textures.bnt (8,381 entries)","NAME_FOUND_EXACT=0; NAME_BASE_MATCH_EXTENSION_DIFF=0; NAME_NOT_FOUND=1; MATERIAL_REFERENCE_CONFIRMED=0; MATERIAL_APPLIED=0;BROWSER_OBSERVED=0; CONTAINER_ENTRY_RESOLVED=0;IMAGE_DECODED=0; ARK_TAIL=RAW_ONLY(218757 retraction stands)"
165314,PCG_9_3_5,SHAPE->NITEXTURINGPROPERTY->ARKTEXTURE_ENTRY (aggregated),BASE/DARK/etc,see private JSONL,"Textures.bnt (8,381 entries)","NAME_FOUND_EXACT=0; NAME_BASE_MATCH_EXTENSION_DIFF=0; NAME_NOT_FOUND=1; MATERIAL_REFERENCE_CONFIRMED=0; MATERIAL_APPLIED=0;BROWSER_OBSERVED=0; CONTAINER_ENTRY_RESOLVED=0;IMAGE_DECODED=0; ARK_TAIL=RAW_ONLY(218757 retraction stands)"
165330,PCG_9_3_5,SHAPE->NITEXTURINGPROPERTY->ARKTEXTURE_ENTRY (aggregated),BASE/DARK/etc,see private JSONL,"Textures.bnt (8,381 entries)","NAME_FOUND_EXACT=0; NAME_BASE_MATCH_EXTENSION_DIFF=0; NAME_NOT_FOUND=1; MATERIAL_REFERENCE_CONFIRMED=0; MATERIAL_APPLIED=0;BROWSER_OBSERVED=0; CONTAINER_ENTRY_RESOLVED=0;IMAGE_DECODED=0; ARK_TAIL=RAW_ONLY(218757 retraction stands)"
165347,PCG_9_3_5,SHAPE->NITEXTURINGPROPERTY->ARKTEXTURE_ENTRY (aggregated),BASE/DARK/etc,see private JSONL,"Textures.bnt (8,381 entries)","NAME_FOUND_EXACT=0; NAME_BASE_MATCH_EXTENSION_DIFF=0; NAME_NOT_FOUND=1; MATERIAL_REFERENCE_CONFIRMED=0; MATERIAL_APPLIED=0;BROWSER_OBSERVED=0; CONTAINER_ENTRY_RESOLVED=0;IMAGE_DECODED=0; ARK_TAIL=RAW_ONLY(218757 retraction stands)"
165363,PCG_9_3_5,SHAPE->NITEXTURINGPROPERTY->ARKTEXTURE_ENTRY (aggregated),BASE/DARK/etc,see private JSONL,"Textures.bnt (8,381 entries)","NAME_FOUND_EXACT=0; NAME_BASE_MATCH_EXTENSION_DIFF=0; NAME_NOT_FOUND=1; MATERIAL_REFERENCE_CONFIRMED=0; MATERIAL_APPLIED=0;BROWSER_OBSERVED=0; CONTAINER_ENTRY_RESOLVED=0;IMAGE_DECODED=0; ARK_TAIL=RAW_ONLY(218757 retraction stands)"
165381,PCG_9_3_5,SHAPE->NITEXTURINGPROPERTY->ARKTEXTURE_ENTRY (aggregated),BASE/DARK/etc,see private JSONL,"Textures.bnt (8,381 entries)","NAME_FOUND_EXACT=0; NAME_BASE_MATCH_EXTENSION_DIFF=0; NAME_NOT_FOUND=1; MATERIAL_REFERENCE_CONFIRMED=0; MATERIAL_APPLIED=0;BROWSER_OBSERVED=0; CONTAINER_ENTRY_RESOLVED=0;IMAGE_DECODED=0; ARK_TAIL=RAW_ONLY(218757 retraction stands)"
165398,PCG_9_3_5,SHAPE->NITEXTURINGPROPERTY->ARKTEXTURE_ENTRY (aggregated),BASE/DARK/etc,see private JSONL,"Textures.bnt (8,381 entries)","NAME_FOUND_EXACT=0; NAME_BASE_MATCH_EXTENSION_DIFF=0; NAME_NOT_FOUND=1; MATERIAL_REFERENCE_CONFIRMED=0; MATERIAL_APPLIED=0;BROWSER_OBSERVED=0; CONTAINER_ENTRY_RESOLVED=0;IMAGE_DECODED=0; ARK_TAIL=RAW_ONLY(218757 retraction stands)"
165414,PCG_9_3_5,SHAPE->NITEXTURINGPROPERTY->ARKTEXTURE_ENTRY (aggregated),BASE/DARK/etc,see private JSONL,"Textures.bnt (8,381 entries)","NAME_FOUND_EXACT=0; NAME_BASE_MATCH_EXTENSION_DIFF=0; NAME_NOT_FOUND=1; MATERIAL_REFERENCE_CONFIRMED=0; MATERIAL_APPLIED=0;BROWSER_OBSERVED=0; CONTAINER_ENTRY_RESOLVED=0;IMAGE_DECODED=0; ARK_TAIL=RAW_ONLY(218757 retraction stands)"
165431,PCG_9_3_5,SHAPE->NITEXTURINGPROPERTY->ARKTEXTURE_ENTRY (aggregated),BASE/DARK/etc,see private JSONL,"Textures.bnt (8,381 entries)","NAME_FOUND_EXACT=0; NAME_BASE_MATCH_EXTENSION_DIFF=0; NAME_NOT_FOUND=2; MATERIAL_REFERENCE_CONFIRMED=0; MATERIAL_APPLIED=0;BROWSER_OBSERVED=0; CONTAINER_ENTRY_RESOLVED=0;IMAGE_DECODED=0; ARK_TAIL=RAW_ONLY(218757 retraction stands)"
165452,PCG_9_3_5,SHAPE->NITEXTURINGPROPERTY->ARKTEXTURE_ENTRY (aggregated),BASE/DARK/etc,see private JSONL,"Textures.bnt (8,381 entries)","NAME_FOUND_EXACT=0; NAME_BASE_MATCH_EXTENSION_DIFF=0; NAME_NOT_FOUND=1; MATERIAL_REFERENCE_CONFIRMED=0; MATERIAL_APPLIED=0;BROWSER_OBSERVED=0; CONTAINER_ENTRY_RESOLVED=0;IMAGE_DECODED=0; ARK_TAIL=RAW_ONLY(218757 retraction stands)"
165468,PCG_9_3_5,SHAPE->NITEXTURINGPROPERTY->ARKTEXTURE_ENTRY (aggregated),BASE/DARK/etc,see private JSONL,"Textures.bnt (8,381 entries)","NAME_FOUND_EXACT=0; NAME_BASE_MATCH_EXTENSION_DIFF=0; NAME_NOT_FOUND=1; MATERIAL_REFERENCE_CONFIRMED=0; MATERIAL_APPLIED=0;BROWSER_OBSERVED=0; CONTAINER_ENTRY_RESOLVED=0;IMAGE_DECODED=0; ARK_TAIL=RAW_ONLY(218757 retraction stands)"
165485,PCG_9_3_5,SHAPE->NITEXTURINGPROPERTY->ARKTEXTURE_ENTRY (aggregated),BASE/DARK/etc,see private JSONL,"Textures.bnt (8,381 entries)","NAME_FOUND_EXACT=0; NAME_BASE_MATCH_EXTENSION_DIFF=0; NAME_NOT_FOUND=1; MATERIAL_REFERENCE_CONFIRMED=0; MATERIAL_APPLIED=0;BROWSER_OBSERVED=0; CONTAINER_ENTRY_RESOLVED=0;IMAGE_DECODED=0; ARK_TAIL=RAW_ONLY(218757 retraction stands)"
166405,PCG_9_3_5,SHAPE->NITEXTURINGPROPERTY->ARKTEXTURE_ENTRY (aggregated),BASE/DARK/etc,see private JSONL,"Textures.bnt (8,381 entries)","NAME_FOUND_EXACT=0; NAME_BASE_MATCH_EXTENSION_DIFF=0; NAME_NOT_FOUND=1; MATERIAL_REFERENCE_CONFIRMED=0; MATERIAL_APPLIED=0;BROWSER_OBSERVED=0; CONTAINER_ENTRY_RESOLVED=0;IMAGE_DECODED=0; ARK_TAIL=RAW_ONLY(218757 retraction stands)"
166421,PCG_9_3_5,SHAPE->NITEXTURINGPROPERTY->ARKTEXTURE_ENTRY (aggregated),BASE/DARK/etc,see private JSONL,"Textures.bnt (8,381 entries)","NAME_FOUND_EXACT=0; NAME_BASE_MATCH_EXTENSION_DIFF=0; NAME_NOT_FOUND=1; MATERIAL_REFERENCE_CONFIRMED=0; MATERIAL_APPLIED=0;BROWSER_OBSERVED=0; CONTAINER_ENTRY_RESOLVED=0;IMAGE_DECODED=0; ARK_TAIL=RAW_ONLY(218757 retraction stands)"
166705,PCG_9_3_5,SHAPE->NITEXTURINGPROPERTY->ARKTEXTURE_ENTRY (aggregated),BASE/DARK/etc,see private JSONL,"Textures.bnt (8,381 entries)","NAME_FOUND_EXACT=0; NAME_BASE_MATCH_EXTENSION_DIFF=0; NAME_NOT_FOUND=2; MATERIAL_REFERENCE_CONFIRMED=0; MATERIAL_APPLIED=0;BROWSER_OBSERVED=0; CONTAINER_ENTRY_RESOLVED=0;IMAGE_DECODED=0; ARK_TAIL=RAW_ONLY(218757 retraction stands)"
166723,PCG_9_3_5,SHAPE->NITEXTURINGPROPERTY->ARKTEXTURE_ENTRY (aggregated),BASE/DARK/etc,see private JSONL,"Textures.bnt (8,381 entries)","NAME_FOUND_EXACT=0; NAME_BASE_MATCH_EXTENSION_DIFF=0; NAME_NOT_FOUND=2; MATERIAL_REFERENCE_CONFIRMED=0; MATERIAL_APPLIED=0;BROWSER_OBSERVED=0; CONTAINER_ENTRY_RESOLVED=0;IMAGE_DECODED=0; ARK_TAIL=RAW_ONLY(218757 retraction stands)"
166741,PCG_9_3_5,SHAPE->NITEXTURINGPROPERTY->ARKTEXTURE_ENTRY (aggregated),BASE/DARK/etc,see private JSONL,"Textures.bnt (8,381 entries)","NAME_FOUND_EXACT=0; NAME_BASE_MATCH_EXTENSION_DIFF=0; NAME_NOT_FOUND=1; MATERIAL_REFERENCE_CONFIRMED=0; MATERIAL_APPLIED=0;BROWSER_OBSERVED=0; CONTAINER_ENTRY_RESOLVED=0;IMAGE_DECODED=0; ARK_TAIL=RAW_ONLY(218757 retraction stands)"
166758,PCG_9_3_5,SHAPE->NITEXTURINGPROPERTY->ARKTEXTURE_ENTRY (aggregated),BASE/DARK/etc,see private JSONL,"Textures.bnt (8,381 entries)","NAME_FOUND_EXACT=0; NAME_BASE_MATCH_EXTENSION_DIFF=0; NAME_NOT_FOUND=1; MATERIAL_REFERENCE_CONFIRMED=0; MATERIAL_APPLIED=0;BROWSER_OBSERVED=0; CONTAINER_ENTRY_RESOLVED=0;IMAGE_DECODED=0; ARK_TAIL=RAW_ONLY(218757 retraction stands)"
166774,PCG_9_3_5,SHAPE->NITEXTURINGPROPERTY->ARKTEXTURE_ENTRY (aggregated),BASE/DARK/etc,see private JSONL,"Textures.bnt (8,381 entries)","NAME_FOUND_EXACT=0; NAME_BASE_MATCH_EXTENSION_DIFF=0; NAME_NOT_FOUND=1; MATERIAL_REFERENCE_CONFIRMED=0; MATERIAL_APPLIED=0;BROWSER_OBSERVED=0; CONTAINER_ENTRY_RESOLVED=0;IMAGE_DECODED=0; ARK_TAIL=RAW_ONLY(218757 retraction stands)"
166790,PCG_9_3_5,SHAPE->NITEXTURINGPROPERTY->ARKTEXTURE_ENTRY (aggregated),BASE/DARK/etc,see private JSONL,"Textures.bnt (8,381 entries)","NAME_FOUND_EXACT=0; NAME_BASE_MATCH_EXTENSION_DIFF=0; NAME_NOT_FOUND=1; MATERIAL_REFERENCE_CONFIRMED=0; MATERIAL_APPLIED=0;BROWSER_OBSERVED=0; CONTAINER_ENTRY_RESOLVED=0;IMAGE_DECODED=0; ARK_TAIL=RAW_ONLY(218757 retraction stands)"
166806,PCG_9_3_5,SHAPE->NITEXTURINGPROPERTY->ARKTEXTURE_ENTRY (aggregated),BASE/DARK/etc,see private JSONL,"Textures.bnt (8,381 entries)","NAME_FOUND_EXACT=0; NAME_BASE_MATCH_EXTENSION_DIFF=0; NAME_NOT_FOUND=1; MATERIAL_REFERENCE_CONFIRMED=0; MATERIAL_APPLIED=0;BROWSER_OBSERVED=0; CONTAINER_ENTRY_RESOLVED=0;IMAGE_DECODED=0; ARK_TAIL=RAW_ONLY(218757 retraction stands)"
166823,PCG_9_3_5,SHAPE->NITEXTURINGPROPERTY->ARKTEXTURE_ENTRY (aggregated),BASE/DARK/etc,see private JSONL,"Textures.bnt (8,381 entries)","NAME_FOUND_EXACT=0; NAME_BASE_MATCH_EXTENSION_DIFF=0; NAME_NOT_FOUND=1; MATERIAL_REFERENCE_CONFIRMED=0; MATERIAL_APPLIED=0;BROWSER_OBSERVED=0; CONTAINER_ENTRY_RESOLVED=0;IMAGE_DECODED=0; ARK_TAIL=RAW_ONLY(218757 retraction stands)"
166864,PCG_9_3_5,SHAPE->NITEXTURINGPROPERTY->ARKTEXTURE_ENTRY (aggregated),BASE/DARK/etc,see private JSONL,"Textures.bnt (8,381 entries)","NAME_FOUND_EXACT=0; NAME_BASE_MATCH_EXTENSION_DIFF=0; NAME_NOT_FOUND=1; MATERIAL_REFERENCE_CONFIRMED=1; MATERIAL_APPLIED=0;BROWSER_OBSERVED=0; CONTAINER_ENTRY_RESOLVED=0;IMAGE_DECODED=0; ARK_TAIL=RAW_ONLY(218757 retraction stands)"
166878,PCG_9_3_5,SHAPE->NITEXTURINGPROPERTY->ARKTEXTURE_ENTRY (aggregated),BASE/DARK/etc,see private JSONL,"Textures.bnt (8,381 entries)","NAME_FOUND_EXACT=0; NAME_BASE_MATCH_EXTENSION_DIFF=0; NAME_NOT_FOUND=3; MATERIAL_REFERENCE_CONFIRMED=0; MATERIAL_APPLIED=0;BROWSER_OBSERVED=0; CONTAINER_ENTRY_RESOLVED=0;IMAGE_DECODED=0; ARK_TAIL=RAW_ONLY(218757 retraction stands)"
166897,PCG_9_3_5,SHAPE->NITEXTURINGPROPERTY->ARKTEXTURE_ENTRY (aggregated),BASE/DARK/etc,see private JSONL,"Textures.bnt (8,381 entries)","NAME_FOUND_EXACT=0; NAME_BASE_MATCH_EXTENSION_DIFF=0; NAME_NOT_FOUND=1; MATERIAL_REFERENCE_CONFIRMED=0; MATERIAL_APPLIED=0;BROWSER_OBSERVED=0; CONTAINER_ENTRY_RESOLVED=0;IMAGE_DECODED=0; ARK_TAIL=RAW_ONLY(218757 retraction stands)"
167130,PCG_9_3_5,SHAPE->NITEXTURINGPROPERTY->ARKTEXTURE_ENTRY (aggregated),BASE/DARK/etc,see private JSONL,"Textures.bnt (8,381 entries)","NAME_FOUND_EXACT=0; NAME_BASE_MATCH_EXTENSION_DIFF=0; NAME_NOT_FOUND=1; MATERIAL_REFERENCE_CONFIRMED=0; MATERIAL_APPLIED=0;BROWSER_OBSERVED=0; CONTAINER_ENTRY_RESOLVED=0;IMAGE_DECODED=0; ARK_TAIL=RAW_ONLY(218757 retraction stands)"
167211,PCG_9_3_5,SHAPE->NITEXTURINGPROPERTY->ARKTEXTURE_ENTRY (aggregated),BASE/DARK/etc,see private JSONL,"Textures.bnt (8,381 entries)","NAME_FOUND_EXACT=0; NAME_BASE_MATCH_EXTENSION_DIFF=0; NAME_NOT_FOUND=1; MATERIAL_REFERENCE_CONFIRMED=0; MATERIAL_APPLIED=0;BROWSER_OBSERVED=0; CONTAINER_ENTRY_RESOLVED=0;IMAGE_DECODED=0; ARK_TAIL=RAW_ONLY(218757 retraction stands)"
167222,PCG_9_3_5,SHAPE->NITEXTURINGPROPERTY->ARKTEXTURE_ENTRY (aggregated),BASE/DARK/etc,see private JSONL,"Textures.bnt (8,381 entries)","NAME_FOUND_EXACT=0; NAME_BASE_MATCH_EXTENSION_DIFF=0; NAME_NOT_FOUND=1; MATERIAL_REFERENCE_CONFIRMED=0; MATERIAL_APPLIED=0;BROWSER_OBSERVED=0; CONTAINER_ENTRY_RESOLVED=0;IMAGE_DECODED=0; ARK_TAIL=RAW_ONLY(218757 retraction stands)"
167237,PCG_9_3_5,SHAPE->NITEXTURINGPROPERTY->ARKTEXTURE_ENTRY (aggregated),BASE/DARK/etc,see private JSONL,"Textures.bnt (8,381 entries)","NAME_FOUND_EXACT=0; NAME_BASE_MATCH_EXTENSION_DIFF=0; NAME_NOT_FOUND=1; MATERIAL_REFERENCE_CONFIRMED=0; MATERIAL_APPLIED=0;BROWSER_OBSERVED=0; CONTAINER_ENTRY_RESOLVED=0;IMAGE_DECODED=0; ARK_TAIL=RAW_ONLY(218757 retraction stands)"
167252,PCG_9_3_5,SHAPE->NITEXTURINGPROPERTY->ARKTEXTURE_ENTRY (aggregated),BASE/DARK/etc,see private JSONL,"Textures.bnt (8,381 entries)","NAME_FOUND_EXACT=0; NAME_BASE_MATCH_EXTENSION_DIFF=0; NAME_NOT_FOUND=1; MATERIAL_REFERENCE_CONFIRMED=0; MATERIAL_APPLIED=0;BROWSER_OBSERVED=0; CONTAINER_ENTRY_RESOLVED=0;IMAGE_DECODED=0; ARK_TAIL=RAW_ONLY(218757 retraction stands)"
167267,PCG_9_3_5,SHAPE->NITEXTURINGPROPERTY->ARKTEXTURE_ENTRY (aggregated),BASE/DARK/etc,see private JSONL,"Textures.bnt (8,381 entries)","NAME_FOUND_EXACT=0; NAME_BASE_MATCH_EXTENSION_DIFF=0; NAME_NOT_FOUND=1; MATERIAL_REFERENCE_CONFIRMED=0; MATERIAL_APPLIED=0;BROWSER_OBSERVED=0; CONTAINER_ENTRY_RESOLVED=0;IMAGE_DECODED=0; ARK_TAIL=RAW_ONLY(218757 retraction stands)"
168385,PCG_9_3_5,SHAPE->NITEXTURINGPROPERTY->ARKTEXTURE_ENTRY (aggregated),BASE/DARK/etc,see private JSONL,"Textures.bnt (8,381 entries)","NAME_FOUND_EXACT=0; NAME_BASE_MATCH_EXTENSION_DIFF=0; NAME_NOT_FOUND=1; MATERIAL_REFERENCE_CONFIRMED=1; MATERIAL_APPLIED=0;BROWSER_OBSERVED=0; CONTAINER_ENTRY_RESOLVED=0;IMAGE_DECODED=0; ARK_TAIL=RAW_ONLY(218757 retraction stands)"
168512,PCG_9_3_5,SHAPE->NITEXTURINGPROPERTY->ARKTEXTURE_ENTRY (aggregated),BASE/DARK/etc,see private JSONL,"Textures.bnt (8,381 entries)","NAME_FOUND_EXACT=0; NAME_BASE_MATCH_EXTENSION_DIFF=0; NAME_NOT_FOUND=1; MATERIAL_REFERENCE_CONFIRMED=1; MATERIAL_APPLIED=0;BROWSER_OBSERVED=0; CONTAINER_ENTRY_RESOLVED=0;IMAGE_DECODED=0; ARK_TAIL=RAW_ONLY(218757 retraction stands)"
168523,PCG_9_3_5,SHAPE->NITEXTURINGPROPERTY->ARKTEXTURE_ENTRY (aggregated),BASE/DARK/etc,see private JSONL,"Textures.bnt (8,381 entries)","NAME_FOUND_EXACT=0; NAME_BASE_MATCH_EXTENSION_DIFF=0; NAME_NOT_FOUND=1; MATERIAL_REFERENCE_CONFIRMED=0; MATERIAL_APPLIED=0;BROWSER_OBSERVED=0; CONTAINER_ENTRY_RESOLVED=0;IMAGE_DECODED=0; ARK_TAIL=RAW_ONLY(218757 retraction stands)"
168533,PCG_9_3_5,SHAPE->NITEXTURINGPROPERTY->ARKTEXTURE_ENTRY (aggregated),BASE/DARK/etc,see private JSONL,"Textures.bnt (8,381 entries)","NAME_FOUND_EXACT=0; NAME_BASE_MATCH_EXTENSION_DIFF=0; NAME_NOT_FOUND=1; MATERIAL_REFERENCE_CONFIRMED=1; MATERIAL_APPLIED=0;BROWSER_OBSERVED=0; CONTAINER_ENTRY_RESOLVED=0;IMAGE_DECODED=0; ARK_TAIL=RAW_ONLY(218757 retraction stands)"
168546,PCG_9_3_5,SHAPE->NITEXTURINGPROPERTY->ARKTEXTURE_ENTRY (aggregated),BASE/DARK/etc,see private JSONL,"Textures.bnt (8,381 entries)","NAME_FOUND_EXACT=0; NAME_BASE_MATCH_EXTENSION_DIFF=0; NAME_NOT_FOUND=1; MATERIAL_REFERENCE_CONFIRMED=1; MATERIAL_APPLIED=0;BROWSER_OBSERVED=0; CONTAINER_ENTRY_RESOLVED=0;IMAGE_DECODED=0; ARK_TAIL=RAW_ONLY(218757 retraction stands)"
168553,PCG_9_3_5,SHAPE->NITEXTURINGPROPERTY->ARKTEXTURE_ENTRY (aggregated),BASE/DARK/etc,see private JSONL,"Textures.bnt (8,381 entries)","NAME_FOUND_EXACT=0; NAME_BASE_MATCH_EXTENSION_DIFF=0; NAME_NOT_FOUND=1; MATERIAL_REFERENCE_CONFIRMED=0; MATERIAL_APPLIED=0;BROWSER_OBSERVED=0; CONTAINER_ENTRY_RESOLVED=0;IMAGE_DECODED=0; ARK_TAIL=RAW_ONLY(218757 retraction stands)"
168555,PCG_9_3_5,SHAPE->NITEXTURINGPROPERTY->ARKTEXTURE_ENTRY (aggregated),BASE/DARK/etc,see private JSONL,"Textures.bnt (8,381 entries)","NAME_FOUND_EXACT=0; NAME_BASE_MATCH_EXTENSION_DIFF=0; NAME_NOT_FOUND=1; MATERIAL_REFERENCE_CONFIRMED=1; MATERIAL_APPLIED=0;BROWSER_OBSERVED=0; CONTAINER_ENTRY_RESOLVED=0;IMAGE_DECODED=0; ARK_TAIL=RAW_ONLY(218757 retraction stands)"
169511,PCG_9_3_5,SHAPE->NITEXTURINGPROPERTY->ARKTEXTURE_ENTRY (aggregated),BASE/DARK/etc,see private JSONL,"Textures.bnt (8,381 entries)","NAME_FOUND_EXACT=0; NAME_BASE_MATCH_EXTENSION_DIFF=0; NAME_NOT_FOUND=1; MATERIAL_REFERENCE_CONFIRMED=1; MATERIAL_APPLIED=0;BROWSER_OBSERVED=0; CONTAINER_ENTRY_RESOLVED=0;IMAGE_DECODED=0; ARK_TAIL=RAW_ONLY(218757 retraction stands)"
169583,PCG_9_3_5,SHAPE->NITEXTURINGPROPERTY->ARKTEXTURE_ENTRY (aggregated),BASE/DARK/etc,see private JSONL,"Textures.bnt (8,381 entries)","NAME_FOUND_EXACT=0; NAME_BASE_MATCH_EXTENSION_DIFF=0; NAME_NOT_FOUND=1; MATERIAL_REFERENCE_CONFIRMED=1; MATERIAL_APPLIED=0;BROWSER_OBSERVED=0; CONTAINER_ENTRY_RESOLVED=0;IMAGE_DECODED=0; ARK_TAIL=RAW_ONLY(218757 retraction stands)"
169591,PCG_9_3_5,SHAPE->NITEXTURINGPROPERTY->ARKTEXTURE_ENTRY (aggregated),BASE/DARK/etc,see private JSONL,"Textures.bnt (8,381 entries)","NAME_FOUND_EXACT=0; NAME_BASE_MATCH_EXTENSION_DIFF=0; NAME_NOT_FOUND=5; MATERIAL_REFERENCE_CONFIRMED=0; MATERIAL_APPLIED=0;BROWSER_OBSERVED=0; CONTAINER_ENTRY_RESOLVED=0;IMAGE_DECODED=0; ARK_TAIL=RAW_ONLY(218757 retraction stands)"
169725,PCG_9_3_5,SHAPE->NITEXTURINGPROPERTY->ARKTEXTURE_ENTRY (aggregated),BASE/DARK/etc,see private JSONL,"Textures.bnt (8,381 entries)","NAME_FOUND_EXACT=0; NAME_BASE_MATCH_EXTENSION_DIFF=0; NAME_NOT_FOUND=2; MATERIAL_REFERENCE_CONFIRMED=0; MATERIAL_APPLIED=0;BROWSER_OBSERVED=0; CONTAINER_ENTRY_RESOLVED=0;IMAGE_DECODED=0; ARK_TAIL=RAW_ONLY(218757 retraction stands)"
169850,PCG_9_3_5,SHAPE->NITEXTURINGPROPERTY->ARKTEXTURE_ENTRY (aggregated),BASE/DARK/etc,see private JSONL,"Textures.bnt (8,381 entries)","NAME_FOUND_EXACT=0; NAME_BASE_MATCH_EXTENSION_DIFF=0; NAME_NOT_FOUND=1; MATERIAL_REFERENCE_CONFIRMED=1; MATERIAL_APPLIED=0;BROWSER_OBSERVED=0; CONTAINER_ENTRY_RESOLVED=0;IMAGE_DECODED=0; ARK_TAIL=RAW_ONLY(218757 retraction stands)"
170151,PCG_9_3_5,SHAPE->NITEXTURINGPROPERTY->ARKTEXTURE_ENTRY (aggregated),BASE/DARK/etc,see private JSONL,"Textures.bnt (8,381 entries)","NAME_FOUND_EXACT=0; NAME_BASE_MATCH_EXTENSION_DIFF=0; NAME_NOT_FOUND=1; MATERIAL_REFERENCE_CONFIRMED=1; MATERIAL_APPLIED=0;BROWSER_OBSERVED=0; CONTAINER_ENTRY_RESOLVED=0;IMAGE_DECODED=0; ARK_TAIL=RAW_ONLY(218757 retraction stands)"
170157,PCG_9_3_5,SHAPE->NITEXTURINGPROPERTY->ARKTEXTURE_ENTRY (aggregated),BASE/DARK/etc,see private JSONL,"Textures.bnt (8,381 entries)","NAME_FOUND_EXACT=0; NAME_BASE_MATCH_EXTENSION_DIFF=0; NAME_NOT_FOUND=1; MATERIAL_REFERENCE_CONFIRMED=1; MATERIAL_APPLIED=0;BROWSER_OBSERVED=0; CONTAINER_ENTRY_RESOLVED=0;IMAGE_DECODED=0; ARK_TAIL=RAW_ONLY(218757 retraction stands)"
170623,PCG_9_3_5,SHAPE->NITEXTURINGPROPERTY->ARKTEXTURE_ENTRY (aggregated),BASE/DARK/etc,see private JSONL,"Textures.bnt (8,381 entries)","NAME_FOUND_EXACT=0; NAME_BASE_MATCH_EXTENSION_DIFF=0; NAME_NOT_FOUND=1; MATERIAL_REFERENCE_CONFIRMED=1; MATERIAL_APPLIED=0;BROWSER_OBSERVED=0; CONTAINER_ENTRY_RESOLVED=0;IMAGE_DECODED=0; ARK_TAIL=RAW_ONLY(218757 retraction stands)"
170714,PCG_9_3_5,SHAPE->NITEXTURINGPROPERTY->ARKTEXTURE_ENTRY (aggregated),BASE/DARK/etc,see private JSONL,"Textures.bnt (8,381 entries)","NAME_FOUND_EXACT=0; NAME_BASE_MATCH_EXTENSION_DIFF=0; NAME_NOT_FOUND=1; MATERIAL_REFERENCE_CONFIRMED=1; MATERIAL_APPLIED=0;BROWSER_OBSERVED=0; CONTAINER_ENTRY_RESOLVED=0;IMAGE_DECODED=0; ARK_TAIL=RAW_ONLY(218757 retraction stands)"
170717,PCG_9_3_5,SHAPE->NITEXTURINGPROPERTY->ARKTEXTURE_ENTRY (aggregated),BASE/DARK/etc,see private JSONL,"Textures.bnt (8,381 entries)","NAME_FOUND_EXACT=0; NAME_BASE_MATCH_EXTENSION_DIFF=0; NAME_NOT_FOUND=1; MATERIAL_REFERENCE_CONFIRMED=0; MATERIAL_APPLIED=0;BROWSER_OBSERVED=0; CONTAINER_ENTRY_RESOLVED=0;IMAGE_DECODED=0; ARK_TAIL=RAW_ONLY(218757 retraction stands)"
170721,PCG_9_3_5,SHAPE->NITEXTURINGPROPERTY->ARKTEXTURE_ENTRY (aggregated),BASE/DARK/etc,see private JSONL,"Textures.bnt (8,381 entries)","NAME_FOUND_EXACT=0; NAME_BASE_MATCH_EXTENSION_DIFF=0; NAME_NOT_FOUND=1; MATERIAL_REFERENCE_CONFIRMED=1; MATERIAL_APPLIED=0;BROWSER_OBSERVED=0; CONTAINER_ENTRY_RESOLVED=0;IMAGE_DECODED=0; ARK_TAIL=RAW_ONLY(218757 retraction stands)"
170725,PCG_9_3_5,SHAPE->NITEXTURINGPROPERTY->ARKTEXTURE_ENTRY (aggregated),BASE/DARK/etc,see private JSONL,"Textures.bnt (8,381 entries)","NAME_FOUND_EXACT=0; NAME_BASE_MATCH_EXTENSION_DIFF=0; NAME_NOT_FOUND=1; MATERIAL_REFERENCE_CONFIRMED=1; MATERIAL_APPLIED=0;BROWSER_OBSERVED=0; CONTAINER_ENTRY_RESOLVED=0;IMAGE_DECODED=0; ARK_TAIL=RAW_ONLY(218757 retraction stands)"
171193,PCG_9_3_5,SHAPE->NITEXTURINGPROPERTY->ARKTEXTURE_ENTRY (aggregated),BASE/DARK/etc,see private JSONL,"Textures.bnt (8,381 entries)","NAME_FOUND_EXACT=0; NAME_BASE_MATCH_EXTENSION_DIFF=0; NAME_NOT_FOUND=1; MATERIAL_REFERENCE_CONFIRMED=1; MATERIAL_APPLIED=0;BROWSER_OBSERVED=0; CONTAINER_ENTRY_RESOLVED=0;IMAGE_DECODED=0; ARK_TAIL=RAW_ONLY(218757 retraction stands)"
171296,PCG_9_3_5,SHAPE->NITEXTURINGPROPERTY->ARKTEXTURE_ENTRY (aggregated),BASE/DARK/etc,see private JSONL,"Textures.bnt (8,381 entries)","NAME_FOUND_EXACT=0; NAME_BASE_MATCH_EXTENSION_DIFF=0; NAME_NOT_FOUND=1; MATERIAL_REFERENCE_CONFIRMED=1; MATERIAL_APPLIED=0;BROWSER_OBSERVED=0; CONTAINER_ENTRY_RESOLVED=0;IMAGE_DECODED=0; ARK_TAIL=RAW_ONLY(218757 retraction stands)"
171498,PCG_9_3_5,SHAPE->NITEXTURINGPROPERTY->ARKTEXTURE_ENTRY (aggregated),BASE/DARK/etc,see private JSONL,"Textures.bnt (8,381 entries)","NAME_FOUND_EXACT=0; NAME_BASE_MATCH_EXTENSION_DIFF=0; NAME_NOT_FOUND=1; MATERIAL_REFERENCE_CONFIRMED=1; MATERIAL_APPLIED=0;BROWSER_OBSERVED=0; CONTAINER_ENTRY_RESOLVED=0;IMAGE_DECODED=0; ARK_TAIL=RAW_ONLY(218757 retraction stands)"
171503,PCG_9_3_5,SHAPE->NITEXTURINGPROPERTY->ARKTEXTURE_ENTRY (aggregated),BASE/DARK/etc,see private JSONL,"Textures.bnt (8,381 entries)","NAME_FOUND_EXACT=0; NAME_BASE_MATCH_EXTENSION_DIFF=0; NAME_NOT_FOUND=1; MATERIAL_REFERENCE_CONFIRMED=1; MATERIAL_APPLIED=0;BROWSER_OBSERVED=0; CONTAINER_ENTRY_RESOLVED=0;IMAGE_DECODED=0; ARK_TAIL=RAW_ONLY(218757 retraction stands)"
171549,PCG_9_3_5,SHAPE->NITEXTURINGPROPERTY->ARKTEXTURE_ENTRY (aggregated),BASE/DARK/etc,see private JSONL,"Textures.bnt (8,381 entries)","NAME_FOUND_EXACT=0; NAME_BASE_MATCH_EXTENSION_DIFF=0; NAME_NOT_FOUND=1; MATERIAL_REFERENCE_CONFIRMED=1; MATERIAL_APPLIED=0;BROWSER_OBSERVED=0; CONTAINER_ENTRY_RESOLVED=0;IMAGE_DECODED=0; ARK_TAIL=RAW_ONLY(218757 retraction stands)"
171594,PCG_9_3_5,SHAPE->NITEXTURINGPROPERTY->ARKTEXTURE_ENTRY (aggregated),BASE/DARK/etc,see private JSONL,"Textures.bnt (8,381 entries)","NAME_FOUND_EXACT=0; NAME_BASE_MATCH_EXTENSION_DIFF=0; NAME_NOT_FOUND=1; MATERIAL_REFERENCE_CONFIRMED=1; MATERIAL_APPLIED=0;BROWSER_OBSERVED=0; CONTAINER_ENTRY_RESOLVED=0;IMAGE_DECODED=0; ARK_TAIL=RAW_ONLY(218757 retraction stands)"
171647,PCG_9_3_5,SHAPE->NITEXTURINGPROPERTY->ARKTEXTURE_ENTRY (aggregated),BASE/DARK/etc,see private JSONL,"Textures.bnt (8,381 entries)","NAME_FOUND_EXACT=0; NAME_BASE_MATCH_EXTENSION_DIFF=0; NAME_NOT_FOUND=1; MATERIAL_REFERENCE_CONFIRMED=1; MATERIAL_APPLIED=0;BROWSER_OBSERVED=0; CONTAINER_ENTRY_RESOLVED=0;IMAGE_DECODED=0; ARK_TAIL=RAW_ONLY(218757 retraction stands)"
171671,PCG_9_3_5,SHAPE->NITEXTURINGPROPERTY->ARKTEXTURE_ENTRY (aggregated),BASE/DARK/etc,see private JSONL,"Textures.bnt (8,381 entries)","NAME_FOUND_EXACT=0; NAME_BASE_MATCH_EXTENSION_DIFF=0; NAME_NOT_FOUND=1; MATERIAL_REFERENCE_CONFIRMED=1; MATERIAL_APPLIED=0;BROWSER_OBSERVED=0; CONTAINER_ENTRY_RESOLVED=0;IMAGE_DECODED=0; ARK_TAIL=RAW_ONLY(218757 retraction stands)"
171673,PCG_9_3_5,SHAPE->NITEXTURINGPROPERTY->ARKTEXTURE_ENTRY (aggregated),BASE/DARK/etc,see private JSONL,"Textures.bnt (8,381 entries)","NAME_FOUND_EXACT=0; NAME_BASE_MATCH_EXTENSION_DIFF=0; NAME_NOT_FOUND=1; MATERIAL_REFERENCE_CONFIRMED=1; MATERIAL_APPLIED=0;BROWSER_OBSERVED=0; CONTAINER_ENTRY_RESOLVED=0;IMAGE_DECODED=0; ARK_TAIL=RAW_ONLY(218757 retraction stands)"
172201,PCG_9_3_5,SHAPE->NITEXTURINGPROPERTY->ARKTEXTURE_ENTRY (aggregated),BASE/DARK/etc,see private JSONL,"Textures.bnt (8,381 entries)","NAME_FOUND_EXACT=0; NAME_BASE_MATCH_EXTENSION_DIFF=0; NAME_NOT_FOUND=1; MATERIAL_REFERENCE_CONFIRMED=1; MATERIAL_APPLIED=0;BROWSER_OBSERVED=0; CONTAINER_ENTRY_RESOLVED=0;IMAGE_DECODED=0; ARK_TAIL=RAW_ONLY(218757 retraction stands)"
172608,PCG_9_3_5,SHAPE->NITEXTURINGPROPERTY->ARKTEXTURE_ENTRY (aggregated),BASE/DARK/etc,see private JSONL,"Textures.bnt (8,381 entries)","NAME_FOUND_EXACT=0; NAME_BASE_MATCH_EXTENSION_DIFF=0; NAME_NOT_FOUND=1; MATERIAL_REFERENCE_CONFIRMED=1; MATERIAL_APPLIED=0;BROWSER_OBSERVED=0; CONTAINER_ENTRY_RESOLVED=0;IMAGE_DECODED=0; ARK_TAIL=RAW_ONLY(218757 retraction stands)"
174156,PCG_9_3_5,SHAPE->NITEXTURINGPROPERTY->ARKTEXTURE_ENTRY (aggregated),BASE/DARK/etc,see private JSONL,"Textures.bnt (8,381 entries)","NAME_FOUND_EXACT=0; NAME_BASE_MATCH_EXTENSION_DIFF=0; NAME_NOT_FOUND=1; MATERIAL_REFERENCE_CONFIRMED=1; MATERIAL_APPLIED=0;BROWSER_OBSERVED=0; CONTAINER_ENTRY_RESOLVED=0;IMAGE_DECODED=0; ARK_TAIL=RAW_ONLY(218757 retraction stands)"
175059,PCG_9_3_5,SHAPE->NITEXTURINGPROPERTY->ARKTEXTURE_ENTRY (aggregated),BASE/DARK/etc,see private JSONL,"Textures.bnt (8,381 entries)","NAME_FOUND_EXACT=0; NAME_BASE_MATCH_EXTENSION_DIFF=0; NAME_NOT_FOUND=1; MATERIAL_REFERENCE_CONFIRMED=1; MATERIAL_APPLIED=0;BROWSER_OBSERVED=0; CONTAINER_ENTRY_RESOLVED=0;IMAGE_DECODED=0; ARK_TAIL=RAW_ONLY(218757 retraction stands)"
175355,PCG_9_3_5,SHAPE->NITEXTURINGPROPERTY->ARKTEXTURE_ENTRY (aggregated),BASE/DARK/etc,see private JSONL,"Textures.bnt (8,381 entries)","NAME_FOUND_EXACT=0; NAME_BASE_MATCH_EXTENSION_DIFF=0; NAME_NOT_FOUND=2; MATERIAL_REFERENCE_CONFIRMED=1; MATERIAL_APPLIED=0;BROWSER_OBSERVED=0; CONTAINER_ENTRY_RESOLVED=0;IMAGE_DECODED=0; ARK_TAIL=RAW_ONLY(218757 retraction stands)"
175357,PCG_9_3_5,SHAPE->NITEXTURINGPROPERTY->ARKTEXTURE_ENTRY (aggregated),BASE/DARK/etc,see private JSONL,"Textures.bnt (8,381 entries)","NAME_FOUND_EXACT=0; NAME_BASE_MATCH_EXTENSION_DIFF=0; NAME_NOT_FOUND=2; MATERIAL_REFERENCE_CONFIRMED=1; MATERIAL_APPLIED=0;BROWSER_OBSERVED=0; CONTAINER_ENTRY_RESOLVED=0;IMAGE_DECODED=0; ARK_TAIL=RAW_ONLY(218757 retraction stands)"
175364,PCG_9_3_5,SHAPE->NITEXTURINGPROPERTY->ARKTEXTURE_ENTRY (aggregated),BASE/DARK/etc,see private JSONL,"Textures.bnt (8,381 entries)","NAME_FOUND_EXACT=0; NAME_BASE_MATCH_EXTENSION_DIFF=0; NAME_NOT_FOUND=2; MATERIAL_REFERENCE_CONFIRMED=1; MATERIAL_APPLIED=0;BROWSER_OBSERVED=0; CONTAINER_ENTRY_RESOLVED=0;IMAGE_DECODED=0; ARK_TAIL=RAW_ONLY(218757 retraction stands)"
175367,PCG_9_3_5,SHAPE->NITEXTURINGPROPERTY->ARKTEXTURE_ENTRY (aggregated),BASE/DARK/etc,see private JSONL,"Textures.bnt (8,381 entries)","NAME_FOUND_EXACT=0; NAME_BASE_MATCH_EXTENSION_DIFF=0; NAME_NOT_FOUND=2; MATERIAL_REFERENCE_CONFIRMED=1; MATERIAL_APPLIED=0;BROWSER_OBSERVED=0; CONTAINER_ENTRY_RESOLVED=0;IMAGE_DECODED=0; ARK_TAIL=RAW_ONLY(218757 retraction stands)"
175376,PCG_9_3_5,SHAPE->NITEXTURINGPROPERTY->ARKTEXTURE_ENTRY (aggregated),BASE/DARK/etc,see private JSONL,"Textures.bnt (8,381 entries)","NAME_FOUND_EXACT=0; NAME_BASE_MATCH_EXTENSION_DIFF=0; NAME_NOT_FOUND=1; MATERIAL_REFERENCE_CONFIRMED=1; MATERIAL_APPLIED=0;BROWSER_OBSERVED=0; CONTAINER_ENTRY_RESOLVED=0;IMAGE_DECODED=0; ARK_TAIL=RAW_ONLY(218757 retraction stands)"
175481,PCG_9_3_5,SHAPE->NITEXTURINGPROPERTY->ARKTEXTURE_ENTRY (aggregated),BASE/DARK/etc,see private JSONL,"Textures.bnt (8,381 entries)","NAME_FOUND_EXACT=0; NAME_BASE_MATCH_EXTENSION_DIFF=0; NAME_NOT_FOUND=2; MATERIAL_REFERENCE_CONFIRMED=2; MATERIAL_APPLIED=0;BROWSER_OBSERVED=0; CONTAINER_ENTRY_RESOLVED=0;IMAGE_DECODED=0; ARK_TAIL=RAW_ONLY(218757 retraction stands)"
175525,PCG_9_3_5,SHAPE->NITEXTURINGPROPERTY->ARKTEXTURE_ENTRY (aggregated),BASE/DARK/etc,see private JSONL,"Textures.bnt (8,381 entries)","NAME_FOUND_EXACT=0; NAME_BASE_MATCH_EXTENSION_DIFF=0; NAME_NOT_FOUND=1; MATERIAL_REFERENCE_CONFIRMED=1; MATERIAL_APPLIED=0;BROWSER_OBSERVED=0; CONTAINER_ENTRY_RESOLVED=0;IMAGE_DECODED=0; ARK_TAIL=RAW_ONLY(218757 retraction stands)"
175658,PCG_9_3_5,SHAPE->NITEXTURINGPROPERTY->ARKTEXTURE_ENTRY (aggregated),BASE/DARK/etc,see private JSONL,"Textures.bnt (8,381 entries)","NAME_FOUND_EXACT=0; NAME_BASE_MATCH_EXTENSION_DIFF=0; NAME_NOT_FOUND=1; MATERIAL_REFERENCE_CONFIRMED=1; MATERIAL_APPLIED=0;BROWSER_OBSERVED=0; CONTAINER_ENTRY_RESOLVED=0;IMAGE_DECODED=0; ARK_TAIL=RAW_ONLY(218757 retraction stands)"
176570,PCG_9_3_5,SHAPE->NITEXTURINGPROPERTY->ARKTEXTURE_ENTRY (aggregated),BASE/DARK/etc,see private JSONL,"Textures.bnt (8,381 entries)","NAME_FOUND_EXACT=0; NAME_BASE_MATCH_EXTENSION_DIFF=0; NAME_NOT_FOUND=12; MATERIAL_REFERENCE_CONFIRMED=0; MATERIAL_APPLIED=0;BROWSER_OBSERVED=0; CONTAINER_ENTRY_RESOLVED=0;IMAGE_DECODED=0; ARK_TAIL=RAW_ONLY(218757 retraction stands)"
176573,PCG_9_3_5,SHAPE->NITEXTURINGPROPERTY->ARKTEXTURE_ENTRY (aggregated),BASE/DARK/etc,see private JSONL,"Textures.bnt (8,381 entries)","NAME_FOUND_EXACT=0; NAME_BASE_MATCH_EXTENSION_DIFF=0; NAME_NOT_FOUND=1; MATERIAL_REFERENCE_CONFIRMED=1; MATERIAL_APPLIED=0;BROWSER_OBSERVED=0; CONTAINER_ENTRY_RESOLVED=0;IMAGE_DECODED=0; ARK_TAIL=RAW_ONLY(218757 retraction stands)"
176580,PCG_9_3_5,SHAPE->NITEXTURINGPROPERTY->ARKTEXTURE_ENTRY (aggregated),BASE/DARK/etc,see private JSONL,"Textures.bnt (8,381 entries)","NAME_FOUND_EXACT=0; NAME_BASE_MATCH_EXTENSION_DIFF=0; NAME_NOT_FOUND=1; MATERIAL_REFERENCE_CONFIRMED=1; MATERIAL_APPLIED=0;BROWSER_OBSERVED=0; CONTAINER_ENTRY_RESOLVED=0;IMAGE_DECODED=0; ARK_TAIL=RAW_ONLY(218757 retraction stands)"
176583,PCG_9_3_5,SHAPE->NITEXTURINGPROPERTY->ARKTEXTURE_ENTRY (aggregated),BASE/DARK/etc,see private JSONL,"Textures.bnt (8,381 entries)","NAME_FOUND_EXACT=0; NAME_BASE_MATCH_EXTENSION_DIFF=0; NAME_NOT_FOUND=1; MATERIAL_REFERENCE_CONFIRMED=1; MATERIAL_APPLIED=0;BROWSER_OBSERVED=0; CONTAINER_ENTRY_RESOLVED=0;IMAGE_DECODED=0; ARK_TAIL=RAW_ONLY(218757 retraction stands)"
176587,PCG_9_3_5,SHAPE->NITEXTURINGPROPERTY->ARKTEXTURE_ENTRY (aggregated),BASE/DARK/etc,see private JSONL,"Textures.bnt (8,381 entries)","NAME_FOUND_EXACT=0; NAME_BASE_MATCH_EXTENSION_DIFF=0; NAME_NOT_FOUND=1; MATERIAL_REFERENCE_CONFIRMED=1; MATERIAL_APPLIED=0;BROWSER_OBSERVED=0; CONTAINER_ENTRY_RESOLVED=0;IMAGE_DECODED=0; ARK_TAIL=RAW_ONLY(218757 retraction stands)"
176595,PCG_9_3_5,SHAPE->NITEXTURINGPROPERTY->ARKTEXTURE_ENTRY (aggregated),BASE/DARK/etc,see private JSONL,"Textures.bnt (8,381 entries)","NAME_FOUND_EXACT=0; NAME_BASE_MATCH_EXTENSION_DIFF=0; NAME_NOT_FOUND=1; MATERIAL_REFERENCE_CONFIRMED=1; MATERIAL_APPLIED=0;BROWSER_OBSERVED=0; CONTAINER_ENTRY_RESOLVED=0;IMAGE_DECODED=0; ARK_TAIL=RAW_ONLY(218757 retraction stands)"
18082,PCG_9_3_5,SHAPE->NITEXTURINGPROPERTY->ARKTEXTURE_ENTRY (aggregated),BASE/DARK/etc,see private JSONL,"Textures.bnt (8,381 entries)","NAME_FOUND_EXACT=0; NAME_BASE_MATCH_EXTENSION_DIFF=0; NAME_NOT_FOUND=2; MATERIAL_REFERENCE_CONFIRMED=0; MATERIAL_APPLIED=0;BROWSER_OBSERVED=0; CONTAINER_ENTRY_RESOLVED=0;IMAGE_DECODED=0; ARK_TAIL=RAW_ONLY(218757 retraction stands)"
181191,PCG_9_3_5,SHAPE->NITEXTURINGPROPERTY->ARKTEXTURE_ENTRY (aggregated),BASE/DARK/etc,see private JSONL,"Textures.bnt (8,381 entries)","NAME_FOUND_EXACT=0; NAME_BASE_MATCH_EXTENSION_DIFF=0; NAME_NOT_FOUND=1; MATERIAL_REFERENCE_CONFIRMED=0; MATERIAL_APPLIED=0;BROWSER_OBSERVED=0; CONTAINER_ENTRY_RESOLVED=0;IMAGE_DECODED=0; ARK_TAIL=RAW_ONLY(218757 retraction stands)"
181936,PCG_9_3_5,SHAPE->NITEXTURINGPROPERTY->ARKTEXTURE_ENTRY (aggregated),BASE/DARK/etc,see private JSONL,"Textures.bnt (8,381 entries)","NAME_FOUND_EXACT=0; NAME_BASE_MATCH_EXTENSION_DIFF=0; NAME_NOT_FOUND=1; MATERIAL_REFERENCE_CONFIRMED=0; MATERIAL_APPLIED=0;BROWSER_OBSERVED=0; CONTAINER_ENTRY_RESOLVED=0;IMAGE_DECODED=0; ARK_TAIL=RAW_ONLY(218757 retraction stands)"
182024,PCG_9_3_5,SHAPE->NITEXTURINGPROPERTY->ARKTEXTURE_ENTRY (aggregated),BASE/DARK/etc,see private JSONL,"Textures.bnt (8,381 entries)","NAME_FOUND_EXACT=0; NAME_BASE_MATCH_EXTENSION_DIFF=0; NAME_NOT_FOUND=1; MATERIAL_REFERENCE_CONFIRMED=0; MATERIAL_APPLIED=0;BROWSER_OBSERVED=0; CONTAINER_ENTRY_RESOLVED=0;IMAGE_DECODED=0; ARK_TAIL=RAW_ONLY(218757 retraction stands)"
182048,PCG_9_3_5,SHAPE->NITEXTURINGPROPERTY->ARKTEXTURE_ENTRY (aggregated),BASE/DARK/etc,see private JSONL,"Textures.bnt (8,381 entries)","NAME_FOUND_EXACT=0; NAME_BASE_MATCH_EXTENSION_DIFF=0; NAME_NOT_FOUND=1; MATERIAL_REFERENCE_CONFIRMED=0; MATERIAL_APPLIED=0;BROWSER_OBSERVED=0; CONTAINER_ENTRY_RESOLVED=0;IMAGE_DECODED=0; ARK_TAIL=RAW_ONLY(218757 retraction stands)"
182081,PCG_9_3_5,SHAPE->NITEXTURINGPROPERTY->ARKTEXTURE_ENTRY (aggregated),BASE/DARK/etc,see private JSONL,"Textures.bnt (8,381 entries)","NAME_FOUND_EXACT=0; NAME_BASE_MATCH_EXTENSION_DIFF=0; NAME_NOT_FOUND=1; MATERIAL_REFERENCE_CONFIRMED=0; MATERIAL_APPLIED=0;BROWSER_OBSERVED=0; CONTAINER_ENTRY_RESOLVED=0;IMAGE_DECODED=0; ARK_TAIL=RAW_ONLY(218757 retraction stands)"
182100,PCG_9_3_5,SHAPE->NITEXTURINGPROPERTY->ARKTEXTURE_ENTRY (aggregated),BASE/DARK/etc,see private JSONL,"Textures.bnt (8,381 entries)","NAME_FOUND_EXACT=0; NAME_BASE_MATCH_EXTENSION_DIFF=0; NAME_NOT_FOUND=1; MATERIAL_REFERENCE_CONFIRMED=0; MATERIAL_APPLIED=0;BROWSER_OBSERVED=0; CONTAINER_ENTRY_RESOLVED=0;IMAGE_DECODED=0; ARK_TAIL=RAW_ONLY(218757 retraction stands)"
182327,PCG_9_3_5,SHAPE->NITEXTURINGPROPERTY->ARKTEXTURE_ENTRY (aggregated),BASE/DARK/etc,see private JSONL,"Textures.bnt (8,381 entries)","NAME_FOUND_EXACT=0; NAME_BASE_MATCH_EXTENSION_DIFF=0; NAME_NOT_FOUND=1; MATERIAL_REFERENCE_CONFIRMED=0; MATERIAL_APPLIED=0;BROWSER_OBSERVED=0; CONTAINER_ENTRY_RESOLVED=0;IMAGE_DECODED=0; ARK_TAIL=RAW_ONLY(218757 retraction stands)"
182351,PCG_9_3_5,SHAPE->NITEXTURINGPROPERTY->ARKTEXTURE_ENTRY (aggregated),BASE/DARK/etc,see private JSONL,"Textures.bnt (8,381 entries)","NAME_FOUND_EXACT=0; NAME_BASE_MATCH_EXTENSION_DIFF=0; NAME_NOT_FOUND=1; MATERIAL_REFERENCE_CONFIRMED=0; MATERIAL_APPLIED=0;BROWSER_OBSERVED=0; CONTAINER_ENTRY_RESOLVED=0;IMAGE_DECODED=0; ARK_TAIL=RAW_ONLY(218757 retraction stands)"
182369,PCG_9_3_5,SHAPE->NITEXTURINGPROPERTY->ARKTEXTURE_ENTRY (aggregated),BASE/DARK/etc,see private JSONL,"Textures.bnt (8,381 entries)","NAME_FOUND_EXACT=0; NAME_BASE_MATCH_EXTENSION_DIFF=0; NAME_NOT_FOUND=1; MATERIAL_REFERENCE_CONFIRMED=0; MATERIAL_APPLIED=0;BROWSER_OBSERVED=0; CONTAINER_ENTRY_RESOLVED=0;IMAGE_DECODED=0; ARK_TAIL=RAW_ONLY(218757 retraction stands)"
182447,PCG_9_3_5,SHAPE->NITEXTURINGPROPERTY->ARKTEXTURE_ENTRY (aggregated),BASE/DARK/etc,see private JSONL,"Textures.bnt (8,381 entries)","NAME_FOUND_EXACT=0; NAME_BASE_MATCH_EXTENSION_DIFF=0; NAME_NOT_FOUND=2; MATERIAL_REFERENCE_CONFIRMED=1; MATERIAL_APPLIED=0;BROWSER_OBSERVED=0; CONTAINER_ENTRY_RESOLVED=0;IMAGE_DECODED=0; ARK_TAIL=RAW_ONLY(218757 retraction stands)"
182456,PCG_9_3_5,SHAPE->NITEXTURINGPROPERTY->ARKTEXTURE_ENTRY (aggregated),BASE/DARK/etc,see private JSONL,"Textures.bnt (8,381 entries)","NAME_FOUND_EXACT=0; NAME_BASE_MATCH_EXTENSION_DIFF=0; NAME_NOT_FOUND=1; MATERIAL_REFERENCE_CONFIRMED=1; MATERIAL_APPLIED=0;BROWSER_OBSERVED=0; CONTAINER_ENTRY_RESOLVED=0;IMAGE_DECODED=0; ARK_TAIL=RAW_ONLY(218757 retraction stands)"
182588,PCG_9_3_5,SHAPE->NITEXTURINGPROPERTY->ARKTEXTURE_ENTRY (aggregated),BASE/DARK/etc,see private JSONL,"Textures.bnt (8,381 entries)","NAME_FOUND_EXACT=0; NAME_BASE_MATCH_EXTENSION_DIFF=0; NAME_NOT_FOUND=1; MATERIAL_REFERENCE_CONFIRMED=1; MATERIAL_APPLIED=0;BROWSER_OBSERVED=0; CONTAINER_ENTRY_RESOLVED=0;IMAGE_DECODED=0; ARK_TAIL=RAW_ONLY(218757 retraction stands)"
183540,PCG_9_3_5,SHAPE->NITEXTURINGPROPERTY->ARKTEXTURE_ENTRY (aggregated),BASE/DARK/etc,see private JSONL,"Textures.bnt (8,381 entries)","NAME_FOUND_EXACT=0; NAME_BASE_MATCH_EXTENSION_DIFF=0; NAME_NOT_FOUND=1; MATERIAL_REFERENCE_CONFIRMED=0; MATERIAL_APPLIED=0;BROWSER_OBSERVED=0; CONTAINER_ENTRY_RESOLVED=0;IMAGE_DECODED=0; ARK_TAIL=RAW_ONLY(218757 retraction stands)"
183563,PCG_9_3_5,SHAPE->NITEXTURINGPROPERTY->ARKTEXTURE_ENTRY (aggregated),BASE/DARK/etc,see private JSONL,"Textures.bnt (8,381 entries)","NAME_FOUND_EXACT=0; NAME_BASE_MATCH_EXTENSION_DIFF=0; NAME_NOT_FOUND=1; MATERIAL_REFERENCE_CONFIRMED=0; MATERIAL_APPLIED=0;BROWSER_OBSERVED=0; CONTAINER_ENTRY_RESOLVED=0;IMAGE_DECODED=0; ARK_TAIL=RAW_ONLY(218757 retraction stands)"
183920,PCG_9_3_5,SHAPE->NITEXTURINGPROPERTY->ARKTEXTURE_ENTRY (aggregated),BASE/DARK/etc,see private JSONL,"Textures.bnt (8,381 entries)","NAME_FOUND_EXACT=0; NAME_BASE_MATCH_EXTENSION_DIFF=0; NAME_NOT_FOUND=1; MATERIAL_REFERENCE_CONFIRMED=0; MATERIAL_APPLIED=0;BROWSER_OBSERVED=0; CONTAINER_ENTRY_RESOLVED=0;IMAGE_DECODED=0; ARK_TAIL=RAW_ONLY(218757 retraction stands)"
184015,PCG_9_3_5,SHAPE->NITEXTURINGPROPERTY->ARKTEXTURE_ENTRY (aggregated),BASE/DARK/etc,see private JSONL,"Textures.bnt (8,381 entries)","NAME_FOUND_EXACT=0; NAME_BASE_MATCH_EXTENSION_DIFF=0; NAME_NOT_FOUND=1; MATERIAL_REFERENCE_CONFIRMED=0; MATERIAL_APPLIED=0;BROWSER_OBSERVED=0; CONTAINER_ENTRY_RESOLVED=0;IMAGE_DECODED=0; ARK_TAIL=RAW_ONLY(218757 retraction stands)"
185254,PCG_9_3_5,SHAPE->NITEXTURINGPROPERTY->ARKTEXTURE_ENTRY (aggregated),BASE/DARK/etc,see private JSONL,"Textures.bnt (8,381 entries)","NAME_FOUND_EXACT=0; NAME_BASE_MATCH_EXTENSION_DIFF=0; NAME_NOT_FOUND=4; MATERIAL_REFERENCE_CONFIRMED=2; MATERIAL_APPLIED=0;BROWSER_OBSERVED=0; CONTAINER_ENTRY_RESOLVED=0;IMAGE_DECODED=0; ARK_TAIL=RAW_ONLY(218757 retraction stands)"
186156,PCG_9_3_5,SHAPE->NITEXTURINGPROPERTY->ARKTEXTURE_ENTRY (aggregated),BASE/DARK/etc,see private JSONL,"Textures.bnt (8,381 entries)","NAME_FOUND_EXACT=0; NAME_BASE_MATCH_EXTENSION_DIFF=0; NAME_NOT_FOUND=1; MATERIAL_REFERENCE_CONFIRMED=0; MATERIAL_APPLIED=0;BROWSER_OBSERVED=0; CONTAINER_ENTRY_RESOLVED=0;IMAGE_DECODED=0; ARK_TAIL=RAW_ONLY(218757 retraction stands)"
186315,PCG_9_3_5,SHAPE->NITEXTURINGPROPERTY->ARKTEXTURE_ENTRY (aggregated),BASE/DARK/etc,see private JSONL,"Textures.bnt (8,381 entries)","NAME_FOUND_EXACT=0; NAME_BASE_MATCH_EXTENSION_DIFF=0; NAME_NOT_FOUND=1; MATERIAL_REFERENCE_CONFIRMED=0; MATERIAL_APPLIED=0;BROWSER_OBSERVED=0; CONTAINER_ENTRY_RESOLVED=0;IMAGE_DECODED=0; ARK_TAIL=RAW_ONLY(218757 retraction stands)"
186448,PCG_9_3_5,SHAPE->NITEXTURINGPROPERTY->ARKTEXTURE_ENTRY (aggregated),BASE/DARK/etc,see private JSONL,"Textures.bnt (8,381 entries)","NAME_FOUND_EXACT=0; NAME_BASE_MATCH_EXTENSION_DIFF=0; NAME_NOT_FOUND=1; MATERIAL_REFERENCE_CONFIRMED=0; MATERIAL_APPLIED=0;BROWSER_OBSERVED=0; CONTAINER_ENTRY_RESOLVED=0;IMAGE_DECODED=0; ARK_TAIL=RAW_ONLY(218757 retraction stands)"
186480,PCG_9_3_5,SHAPE->NITEXTURINGPROPERTY->ARKTEXTURE_ENTRY (aggregated),BASE/DARK/etc,see private JSONL,"Textures.bnt (8,381 entries)","NAME_FOUND_EXACT=0; NAME_BASE_MATCH_EXTENSION_DIFF=0; NAME_NOT_FOUND=1; MATERIAL_REFERENCE_CONFIRMED=0; MATERIAL_APPLIED=0;BROWSER_OBSERVED=0; CONTAINER_ENTRY_RESOLVED=0;IMAGE_DECODED=0; ARK_TAIL=RAW_ONLY(218757 retraction stands)"
186702,PCG_9_3_5,SHAPE->NITEXTURINGPROPERTY->ARKTEXTURE_ENTRY (aggregated),BASE/DARK/etc,see private JSONL,"Textures.bnt (8,381 entries)","NAME_FOUND_EXACT=0; NAME_BASE_MATCH_EXTENSION_DIFF=0; NAME_NOT_FOUND=1; MATERIAL_REFERENCE_CONFIRMED=0; MATERIAL_APPLIED=0;BROWSER_OBSERVED=0; CONTAINER_ENTRY_RESOLVED=0;IMAGE_DECODED=0; ARK_TAIL=RAW_ONLY(218757 retraction stands)"
186733,PCG_9_3_5,SHAPE->NITEXTURINGPROPERTY->ARKTEXTURE_ENTRY (aggregated),BASE/DARK/etc,see private JSONL,"Textures.bnt (8,381 entries)","NAME_FOUND_EXACT=0; NAME_BASE_MATCH_EXTENSION_DIFF=0; NAME_NOT_FOUND=2; MATERIAL_REFERENCE_CONFIRMED=0; MATERIAL_APPLIED=0;BROWSER_OBSERVED=0; CONTAINER_ENTRY_RESOLVED=0;IMAGE_DECODED=0; ARK_TAIL=RAW_ONLY(218757 retraction stands)"
189767,PCG_9_3_5,SHAPE->NITEXTURINGPROPERTY->ARKTEXTURE_ENTRY (aggregated),BASE/DARK/etc,see private JSONL,"Textures.bnt (8,381 entries)","NAME_FOUND_EXACT=0; NAME_BASE_MATCH_EXTENSION_DIFF=0; NAME_NOT_FOUND=1; MATERIAL_REFERENCE_CONFIRMED=0; MATERIAL_APPLIED=0;BROWSER_OBSERVED=0; CONTAINER_ENTRY_RESOLVED=0;IMAGE_DECODED=0; ARK_TAIL=RAW_ONLY(218757 retraction stands)"
189771,PCG_9_3_5,SHAPE->NITEXTURINGPROPERTY->ARKTEXTURE_ENTRY (aggregated),BASE/DARK/etc,see private JSONL,"Textures.bnt (8,381 entries)","NAME_FOUND_EXACT=0; NAME_BASE_MATCH_EXTENSION_DIFF=0; NAME_NOT_FOUND=1; MATERIAL_REFERENCE_CONFIRMED=0; MATERIAL_APPLIED=0;BROWSER_OBSERVED=0; CONTAINER_ENTRY_RESOLVED=0;IMAGE_DECODED=0; ARK_TAIL=RAW_ONLY(218757 retraction stands)"
189774,PCG_9_3_5,SHAPE->NITEXTURINGPROPERTY->ARKTEXTURE_ENTRY (aggregated),BASE/DARK/etc,see private JSONL,"Textures.bnt (8,381 entries)","NAME_FOUND_EXACT=0; NAME_BASE_MATCH_EXTENSION_DIFF=0; NAME_NOT_FOUND=1; MATERIAL_REFERENCE_CONFIRMED=0; MATERIAL_APPLIED=0;BROWSER_OBSERVED=0; CONTAINER_ENTRY_RESOLVED=0;IMAGE_DECODED=0; ARK_TAIL=RAW_ONLY(218757 retraction stands)"
189813,PCG_9_3_5,SHAPE->NITEXTURINGPROPERTY->ARKTEXTURE_ENTRY (aggregated),BASE/DARK/etc,see private JSONL,"Textures.bnt (8,381 entries)","NAME_FOUND_EXACT=0; NAME_BASE_MATCH_EXTENSION_DIFF=0; NAME_NOT_FOUND=1; MATERIAL_REFERENCE_CONFIRMED=0; MATERIAL_APPLIED=0;BROWSER_OBSERVED=0; CONTAINER_ENTRY_RESOLVED=0;IMAGE_DECODED=0; ARK_TAIL=RAW_ONLY(218757 retraction stands)"
189817,PCG_9_3_5,SHAPE->NITEXTURINGPROPERTY->ARKTEXTURE_ENTRY (aggregated),BASE/DARK/etc,see private JSONL,"Textures.bnt (8,381 entries)","NAME_FOUND_EXACT=0; NAME_BASE_MATCH_EXTENSION_DIFF=0; NAME_NOT_FOUND=1; MATERIAL_REFERENCE_CONFIRMED=0; MATERIAL_APPLIED=0;BROWSER_OBSERVED=0; CONTAINER_ENTRY_RESOLVED=0;IMAGE_DECODED=0; ARK_TAIL=RAW_ONLY(218757 retraction stands)"
189844,PCG_9_3_5,SHAPE->NITEXTURINGPROPERTY->ARKTEXTURE_ENTRY (aggregated),BASE/DARK/etc,see private JSONL,"Textures.bnt (8,381 entries)","NAME_FOUND_EXACT=0; NAME_BASE_MATCH_EXTENSION_DIFF=0; NAME_NOT_FOUND=1; MATERIAL_REFERENCE_CONFIRMED=0; MATERIAL_APPLIED=0;BROWSER_OBSERVED=0; CONTAINER_ENTRY_RESOLVED=0;IMAGE_DECODED=0; ARK_TAIL=RAW_ONLY(218757 retraction stands)"
189848,PCG_9_3_5,SHAPE->NITEXTURINGPROPERTY->ARKTEXTURE_ENTRY (aggregated),BASE/DARK/etc,see private JSONL,"Textures.bnt (8,381 entries)","NAME_FOUND_EXACT=0; NAME_BASE_MATCH_EXTENSION_DIFF=0; NAME_NOT_FOUND=1; MATERIAL_REFERENCE_CONFIRMED=0; MATERIAL_APPLIED=0;BROWSER_OBSERVED=0; CONTAINER_ENTRY_RESOLVED=0;IMAGE_DECODED=0; ARK_TAIL=RAW_ONLY(218757 retraction stands)"
189877,PCG_9_3_5,SHAPE->NITEXTURINGPROPERTY->ARKTEXTURE_ENTRY (aggregated),BASE/DARK/etc,see private JSONL,"Textures.bnt (8,381 entries)","NAME_FOUND_EXACT=0; NAME_BASE_MATCH_EXTENSION_DIFF=0; NAME_NOT_FOUND=1; MATERIAL_REFERENCE_CONFIRMED=0; MATERIAL_APPLIED=0;BROWSER_OBSERVED=0; CONTAINER_ENTRY_RESOLVED=0;IMAGE_DECODED=0; ARK_TAIL=RAW_ONLY(218757 retraction stands)"
189881,PCG_9_3_5,SHAPE->NITEXTURINGPROPERTY->ARKTEXTURE_ENTRY (aggregated),BASE/DARK/etc,see private JSONL,"Textures.bnt (8,381 entries)","NAME_FOUND_EXACT=0; NAME_BASE_MATCH_EXTENSION_DIFF=0; NAME_NOT_FOUND=1; MATERIAL_REFERENCE_CONFIRMED=0; MATERIAL_APPLIED=0;BROWSER_OBSERVED=0; CONTAINER_ENTRY_RESOLVED=0;IMAGE_DECODED=0; ARK_TAIL=RAW_ONLY(218757 retraction stands)"
189884,PCG_9_3_5,SHAPE->NITEXTURINGPROPERTY->ARKTEXTURE_ENTRY (aggregated),BASE/DARK/etc,see private JSONL,"Textures.bnt (8,381 entries)","NAME_FOUND_EXACT=0; NAME_BASE_MATCH_EXTENSION_DIFF=0; NAME_NOT_FOUND=1; MATERIAL_REFERENCE_CONFIRMED=0; MATERIAL_APPLIED=0;BROWSER_OBSERVED=0; CONTAINER_ENTRY_RESOLVED=0;IMAGE_DECODED=0; ARK_TAIL=RAW_ONLY(218757 retraction stands)"
189926,PCG_9_3_5,SHAPE->NITEXTURINGPROPERTY->ARKTEXTURE_ENTRY (aggregated),BASE/DARK/etc,see private JSONL,"Textures.bnt (8,381 entries)","NAME_FOUND_EXACT=0; NAME_BASE_MATCH_EXTENSION_DIFF=0; NAME_NOT_FOUND=1; MATERIAL_REFERENCE_CONFIRMED=0; MATERIAL_APPLIED=0;BROWSER_OBSERVED=0; CONTAINER_ENTRY_RESOLVED=0;IMAGE_DECODED=0; ARK_TAIL=RAW_ONLY(218757 retraction stands)"
189930,PCG_9_3_5,SHAPE->NITEXTURINGPROPERTY->ARKTEXTURE_ENTRY (aggregated),BASE/DARK/etc,see private JSONL,"Textures.bnt (8,381 entries)","NAME_FOUND_EXACT=0; NAME_BASE_MATCH_EXTENSION_DIFF=0; NAME_NOT_FOUND=1; MATERIAL_REFERENCE_CONFIRMED=0; MATERIAL_APPLIED=0;BROWSER_OBSERVED=0; CONTAINER_ENTRY_RESOLVED=0;IMAGE_DECODED=0; ARK_TAIL=RAW_ONLY(218757 retraction stands)"
189957,PCG_9_3_5,SHAPE->NITEXTURINGPROPERTY->ARKTEXTURE_ENTRY (aggregated),BASE/DARK/etc,see private JSONL,"Textures.bnt (8,381 entries)","NAME_FOUND_EXACT=0; NAME_BASE_MATCH_EXTENSION_DIFF=0; NAME_NOT_FOUND=1; MATERIAL_REFERENCE_CONFIRMED=0; MATERIAL_APPLIED=0;BROWSER_OBSERVED=0; CONTAINER_ENTRY_RESOLVED=0;IMAGE_DECODED=0; ARK_TAIL=RAW_ONLY(218757 retraction stands)"
189962,PCG_9_3_5,SHAPE->NITEXTURINGPROPERTY->ARKTEXTURE_ENTRY (aggregated),BASE/DARK/etc,see private JSONL,"Textures.bnt (8,381 entries)","NAME_FOUND_EXACT=0; NAME_BASE_MATCH_EXTENSION_DIFF=0; NAME_NOT_FOUND=1; MATERIAL_REFERENCE_CONFIRMED=0; MATERIAL_APPLIED=0;BROWSER_OBSERVED=0; CONTAINER_ENTRY_RESOLVED=0;IMAGE_DECODED=0; ARK_TAIL=RAW_ONLY(218757 retraction stands)"
189966,PCG_9_3_5,SHAPE->NITEXTURINGPROPERTY->ARKTEXTURE_ENTRY (aggregated),BASE/DARK/etc,see private JSONL,"Textures.bnt (8,381 entries)","NAME_FOUND_EXACT=0; NAME_BASE_MATCH_EXTENSION_DIFF=0; NAME_NOT_FOUND=1; MATERIAL_REFERENCE_CONFIRMED=0; MATERIAL_APPLIED=0;BROWSER_OBSERVED=0; CONTAINER_ENTRY_RESOLVED=0;IMAGE_DECODED=0; ARK_TAIL=RAW_ONLY(218757 retraction stands)"
190012,PCG_9_3_5,SHAPE->NITEXTURINGPROPERTY->ARKTEXTURE_ENTRY (aggregated),BASE/DARK/etc,see private JSONL,"Textures.bnt (8,381 entries)","NAME_FOUND_EXACT=0; NAME_BASE_MATCH_EXTENSION_DIFF=0; NAME_NOT_FOUND=1; MATERIAL_REFERENCE_CONFIRMED=0; MATERIAL_APPLIED=0;BROWSER_OBSERVED=0; CONTAINER_ENTRY_RESOLVED=0;IMAGE_DECODED=0; ARK_TAIL=RAW_ONLY(218757 retraction stands)"
190017,PCG_9_3_5,SHAPE->NITEXTURINGPROPERTY->ARKTEXTURE_ENTRY (aggregated),BASE/DARK/etc,see private JSONL,"Textures.bnt (8,381 entries)","NAME_FOUND_EXACT=0; NAME_BASE_MATCH_EXTENSION_DIFF=0; NAME_NOT_FOUND=1; MATERIAL_REFERENCE_CONFIRMED=0; MATERIAL_APPLIED=0;BROWSER_OBSERVED=0; CONTAINER_ENTRY_RESOLVED=0;IMAGE_DECODED=0; ARK_TAIL=RAW_ONLY(218757 retraction stands)"
190049,PCG_9_3_5,SHAPE->NITEXTURINGPROPERTY->ARKTEXTURE_ENTRY (aggregated),BASE/DARK/etc,see private JSONL,"Textures.bnt (8,381 entries)","NAME_FOUND_EXACT=0; NAME_BASE_MATCH_EXTENSION_DIFF=0; NAME_NOT_FOUND=1; MATERIAL_REFERENCE_CONFIRMED=0; MATERIAL_APPLIED=0;BROWSER_OBSERVED=0; CONTAINER_ENTRY_RESOLVED=0;IMAGE_DECODED=0; ARK_TAIL=RAW_ONLY(218757 retraction stands)"
190056,PCG_9_3_5,SHAPE->NITEXTURINGPROPERTY->ARKTEXTURE_ENTRY (aggregated),BASE/DARK/etc,see private JSONL,"Textures.bnt (8,381 entries)","NAME_FOUND_EXACT=0; NAME_BASE_MATCH_EXTENSION_DIFF=0; NAME_NOT_FOUND=1; MATERIAL_REFERENCE_CONFIRMED=0; MATERIAL_APPLIED=0;BROWSER_OBSERVED=0; CONTAINER_ENTRY_RESOLVED=0;IMAGE_DECODED=0; ARK_TAIL=RAW_ONLY(218757 retraction stands)"
190059,PCG_9_3_5,SHAPE->NITEXTURINGPROPERTY->ARKTEXTURE_ENTRY (aggregated),BASE/DARK/etc,see private JSONL,"Textures.bnt (8,381 entries)","NAME_FOUND_EXACT=0; NAME_BASE_MATCH_EXTENSION_DIFF=0; NAME_NOT_FOUND=1; MATERIAL_REFERENCE_CONFIRMED=0; MATERIAL_APPLIED=0;BROWSER_OBSERVED=0; CONTAINER_ENTRY_RESOLVED=0;IMAGE_DECODED=0; ARK_TAIL=RAW_ONLY(218757 retraction stands)"
190107,PCG_9_3_5,SHAPE->NITEXTURINGPROPERTY->ARKTEXTURE_ENTRY (aggregated),BASE/DARK/etc,see private JSONL,"Textures.bnt (8,381 entries)","NAME_FOUND_EXACT=0; NAME_BASE_MATCH_EXTENSION_DIFF=0; NAME_NOT_FOUND=1; MATERIAL_REFERENCE_CONFIRMED=0; MATERIAL_APPLIED=0;BROWSER_OBSERVED=0; CONTAINER_ENTRY_RESOLVED=0;IMAGE_DECODED=0; ARK_TAIL=RAW_ONLY(218757 retraction stands)"
190113,PCG_9_3_5,SHAPE->NITEXTURINGPROPERTY->ARKTEXTURE_ENTRY (aggregated),BASE/DARK/etc,see private JSONL,"Textures.bnt (8,381 entries)","NAME_FOUND_EXACT=0; NAME_BASE_MATCH_EXTENSION_DIFF=0; NAME_NOT_FOUND=1; MATERIAL_REFERENCE_CONFIRMED=0; MATERIAL_APPLIED=0;BROWSER_OBSERVED=0; CONTAINER_ENTRY_RESOLVED=0;IMAGE_DECODED=0; ARK_TAIL=RAW_ONLY(218757 retraction stands)"
190116,PCG_9_3_5,SHAPE->NITEXTURINGPROPERTY->ARKTEXTURE_ENTRY (aggregated),BASE/DARK/etc,see private JSONL,"Textures.bnt (8,381 entries)","NAME_FOUND_EXACT=0; NAME_BASE_MATCH_EXTENSION_DIFF=0; NAME_NOT_FOUND=1; MATERIAL_REFERENCE_CONFIRMED=0; MATERIAL_APPLIED=0;BROWSER_OBSERVED=0; CONTAINER_ENTRY_RESOLVED=0;IMAGE_DECODED=0; ARK_TAIL=RAW_ONLY(218757 retraction stands)"
190166,PCG_9_3_5,SHAPE->NITEXTURINGPROPERTY->ARKTEXTURE_ENTRY (aggregated),BASE/DARK/etc,see private JSONL,"Textures.bnt (8,381 entries)","NAME_FOUND_EXACT=0; NAME_BASE_MATCH_EXTENSION_DIFF=0; NAME_NOT_FOUND=2; MATERIAL_REFERENCE_CONFIRMED=0; MATERIAL_APPLIED=0;BROWSER_OBSERVED=0; CONTAINER_ENTRY_RESOLVED=0;IMAGE_DECODED=0; ARK_TAIL=RAW_ONLY(218757 retraction stands)"
190171,PCG_9_3_5,SHAPE->NITEXTURINGPROPERTY->ARKTEXTURE_ENTRY (aggregated),BASE/DARK/etc,see private JSONL,"Textures.bnt (8,381 entries)","NAME_FOUND_EXACT=0; NAME_BASE_MATCH_EXTENSION_DIFF=0; NAME_NOT_FOUND=1; MATERIAL_REFERENCE_CONFIRMED=0; MATERIAL_APPLIED=0;BROWSER_OBSERVED=0; CONTAINER_ENTRY_RESOLVED=0;IMAGE_DECODED=0; ARK_TAIL=RAW_ONLY(218757 retraction stands)"
190175,PCG_9_3_5,SHAPE->NITEXTURINGPROPERTY->ARKTEXTURE_ENTRY (aggregated),BASE/DARK/etc,see private JSONL,"Textures.bnt (8,381 entries)","NAME_FOUND_EXACT=0; NAME_BASE_MATCH_EXTENSION_DIFF=0; NAME_NOT_FOUND=1; MATERIAL_REFERENCE_CONFIRMED=0; MATERIAL_APPLIED=0;BROWSER_OBSERVED=0; CONTAINER_ENTRY_RESOLVED=0;IMAGE_DECODED=0; ARK_TAIL=RAW_ONLY(218757 retraction stands)"
190221,PCG_9_3_5,SHAPE->NITEXTURINGPROPERTY->ARKTEXTURE_ENTRY (aggregated),BASE/DARK/etc,see private JSONL,"Textures.bnt (8,381 entries)","NAME_FOUND_EXACT=0; NAME_BASE_MATCH_EXTENSION_DIFF=0; NAME_NOT_FOUND=1; MATERIAL_REFERENCE_CONFIRMED=0; MATERIAL_APPLIED=0;BROWSER_OBSERVED=0; CONTAINER_ENTRY_RESOLVED=0;IMAGE_DECODED=0; ARK_TAIL=RAW_ONLY(218757 retraction stands)"
190225,PCG_9_3_5,SHAPE->NITEXTURINGPROPERTY->ARKTEXTURE_ENTRY (aggregated),BASE/DARK/etc,see private JSONL,"Textures.bnt (8,381 entries)","NAME_FOUND_EXACT=0; NAME_BASE_MATCH_EXTENSION_DIFF=0; NAME_NOT_FOUND=1; MATERIAL_REFERENCE_CONFIRMED=0; MATERIAL_APPLIED=0;BROWSER_OBSERVED=0; CONTAINER_ENTRY_RESOLVED=0;IMAGE_DECODED=0; ARK_TAIL=RAW_ONLY(218757 retraction stands)"
190277,PCG_9_3_5,SHAPE->NITEXTURINGPROPERTY->ARKTEXTURE_ENTRY (aggregated),BASE/DARK/etc,see private JSONL,"Textures.bnt (8,381 entries)","NAME_FOUND_EXACT=0; NAME_BASE_MATCH_EXTENSION_DIFF=0; NAME_NOT_FOUND=1; MATERIAL_REFERENCE_CONFIRMED=0; MATERIAL_APPLIED=0;BROWSER_OBSERVED=0; CONTAINER_ENTRY_RESOLVED=0;IMAGE_DECODED=0; ARK_TAIL=RAW_ONLY(218757 retraction stands)"
190282,PCG_9_3_5,SHAPE->NITEXTURINGPROPERTY->ARKTEXTURE_ENTRY (aggregated),BASE/DARK/etc,see private JSONL,"Textures.bnt (8,381 entries)","NAME_FOUND_EXACT=0; NAME_BASE_MATCH_EXTENSION_DIFF=0; NAME_NOT_FOUND=1; MATERIAL_REFERENCE_CONFIRMED=0; MATERIAL_APPLIED=0;BROWSER_OBSERVED=0; CONTAINER_ENTRY_RESOLVED=0;IMAGE_DECODED=0; ARK_TAIL=RAW_ONLY(218757 retraction stands)"
190287,PCG_9_3_5,SHAPE->NITEXTURINGPROPERTY->ARKTEXTURE_ENTRY (aggregated),BASE/DARK/etc,see private JSONL,"Textures.bnt (8,381 entries)","NAME_FOUND_EXACT=0; NAME_BASE_MATCH_EXTENSION_DIFF=0; NAME_NOT_FOUND=1; MATERIAL_REFERENCE_CONFIRMED=0; MATERIAL_APPLIED=0;BROWSER_OBSERVED=0; CONTAINER_ENTRY_RESOLVED=0;IMAGE_DECODED=0; ARK_TAIL=RAW_ONLY(218757 retraction stands)"
190292,PCG_9_3_5,SHAPE->NITEXTURINGPROPERTY->ARKTEXTURE_ENTRY (aggregated),BASE/DARK/etc,see private JSONL,"Textures.bnt (8,381 entries)","NAME_FOUND_EXACT=0; NAME_BASE_MATCH_EXTENSION_DIFF=0; NAME_NOT_FOUND=1; MATERIAL_REFERENCE_CONFIRMED=0; MATERIAL_APPLIED=0;BROWSER_OBSERVED=0; CONTAINER_ENTRY_RESOLVED=0;IMAGE_DECODED=0; ARK_TAIL=RAW_ONLY(218757 retraction stands)"
190297,PCG_9_3_5,SHAPE->NITEXTURINGPROPERTY->ARKTEXTURE_ENTRY (aggregated),BASE/DARK/etc,see private JSONL,"Textures.bnt (8,381 entries)","NAME_FOUND_EXACT=0; NAME_BASE_MATCH_EXTENSION_DIFF=0; NAME_NOT_FOUND=1; MATERIAL_REFERENCE_CONFIRMED=0; MATERIAL_APPLIED=0;BROWSER_OBSERVED=0; CONTAINER_ENTRY_RESOLVED=0;IMAGE_DECODED=0; ARK_TAIL=RAW_ONLY(218757 retraction stands)"
190302,PCG_9_3_5,SHAPE->NITEXTURINGPROPERTY->ARKTEXTURE_ENTRY (aggregated),BASE/DARK/etc,see private JSONL,"Textures.bnt (8,381 entries)","NAME_FOUND_EXACT=0; NAME_BASE_MATCH_EXTENSION_DIFF=0; NAME_NOT_FOUND=1; MATERIAL_REFERENCE_CONFIRMED=0; MATERIAL_APPLIED=0;BROWSER_OBSERVED=0; CONTAINER_ENTRY_RESOLVED=0;IMAGE_DECODED=0; ARK_TAIL=RAW_ONLY(218757 retraction stands)"
190307,PCG_9_3_5,SHAPE->NITEXTURINGPROPERTY->ARKTEXTURE_ENTRY (aggregated),BASE/DARK/etc,see private JSONL,"Textures.bnt (8,381 entries)","NAME_FOUND_EXACT=0; NAME_BASE_MATCH_EXTENSION_DIFF=0; NAME_NOT_FOUND=1; MATERIAL_REFERENCE_CONFIRMED=0; MATERIAL_APPLIED=0;BROWSER_OBSERVED=0; CONTAINER_ENTRY_RESOLVED=0;IMAGE_DECODED=0; ARK_TAIL=RAW_ONLY(218757 retraction stands)"
190410,PCG_9_3_5,SHAPE->NITEXTURINGPROPERTY->ARKTEXTURE_ENTRY (aggregated),BASE/DARK/etc,see private JSONL,"Textures.bnt (8,381 entries)","NAME_FOUND_EXACT=0; NAME_BASE_MATCH_EXTENSION_DIFF=0; NAME_NOT_FOUND=1; MATERIAL_REFERENCE_CONFIRMED=0; MATERIAL_APPLIED=0;BROWSER_OBSERVED=0; CONTAINER_ENTRY_RESOLVED=0;IMAGE_DECODED=0; ARK_TAIL=RAW_ONLY(218757 retraction stands)"
190415,PCG_9_3_5,SHAPE->NITEXTURINGPROPERTY->ARKTEXTURE_ENTRY (aggregated),BASE/DARK/etc,see private JSONL,"Textures.bnt (8,381 entries)","NAME_FOUND_EXACT=0; NAME_BASE_MATCH_EXTENSION_DIFF=0; NAME_NOT_FOUND=1; MATERIAL_REFERENCE_CONFIRMED=0; MATERIAL_APPLIED=0;BROWSER_OBSERVED=0; CONTAINER_ENTRY_RESOLVED=0;IMAGE_DECODED=0; ARK_TAIL=RAW_ONLY(218757 retraction stands)"
190420,PCG_9_3_5,SHAPE->NITEXTURINGPROPERTY->ARKTEXTURE_ENTRY (aggregated),BASE/DARK/etc,see private JSONL,"Textures.bnt (8,381 entries)","NAME_FOUND_EXACT=0; NAME_BASE_MATCH_EXTENSION_DIFF=0; NAME_NOT_FOUND=1; MATERIAL_REFERENCE_CONFIRMED=0; MATERIAL_APPLIED=0;BROWSER_OBSERVED=0; CONTAINER_ENTRY_RESOLVED=0;IMAGE_DECODED=0; ARK_TAIL=RAW_ONLY(218757 retraction stands)"
190425,PCG_9_3_5,SHAPE->NITEXTURINGPROPERTY->ARKTEXTURE_ENTRY (aggregated),BASE/DARK/etc,see private JSONL,"Textures.bnt (8,381 entries)","NAME_FOUND_EXACT=0; NAME_BASE_MATCH_EXTENSION_DIFF=0; NAME_NOT_FOUND=1; MATERIAL_REFERENCE_CONFIRMED=0; MATERIAL_APPLIED=0;BROWSER_OBSERVED=0; CONTAINER_ENTRY_RESOLVED=0;IMAGE_DECODED=0; ARK_TAIL=RAW_ONLY(218757 retraction stands)"
190430,PCG_9_3_5,SHAPE->NITEXTURINGPROPERTY->ARKTEXTURE_ENTRY (aggregated),BASE/DARK/etc,see private JSONL,"Textures.bnt (8,381 entries)","NAME_FOUND_EXACT=0; NAME_BASE_MATCH_EXTENSION_DIFF=0; NAME_NOT_FOUND=1; MATERIAL_REFERENCE_CONFIRMED=0; MATERIAL_APPLIED=0;BROWSER_OBSERVED=0; CONTAINER_ENTRY_RESOLVED=0;IMAGE_DECODED=0; ARK_TAIL=RAW_ONLY(218757 retraction stands)"
190505,PCG_9_3_5,SHAPE->NITEXTURINGPROPERTY->ARKTEXTURE_ENTRY (aggregated),BASE/DARK/etc,see private JSONL,"Textures.bnt (8,381 entries)","NAME_FOUND_EXACT=0; NAME_BASE_MATCH_EXTENSION_DIFF=0; NAME_NOT_FOUND=1; MATERIAL_REFERENCE_CONFIRMED=0; MATERIAL_APPLIED=0;BROWSER_OBSERVED=0; CONTAINER_ENTRY_RESOLVED=0;IMAGE_DECODED=0; ARK_TAIL=RAW_ONLY(218757 retraction stands)"
190509,PCG_9_3_5,SHAPE->NITEXTURINGPROPERTY->ARKTEXTURE_ENTRY (aggregated),BASE/DARK/etc,see private JSONL,"Textures.bnt (8,381 entries)","NAME_FOUND_EXACT=0; NAME_BASE_MATCH_EXTENSION_DIFF=0; NAME_NOT_FOUND=1; MATERIAL_REFERENCE_CONFIRMED=0; MATERIAL_APPLIED=0;BROWSER_OBSERVED=0; CONTAINER_ENTRY_RESOLVED=0;IMAGE_DECODED=0; ARK_TAIL=RAW_ONLY(218757 retraction stands)"
190512,PCG_9_3_5,SHAPE->NITEXTURINGPROPERTY->ARKTEXTURE_ENTRY (aggregated),BASE/DARK/etc,see private JSONL,"Textures.bnt (8,381 entries)","NAME_FOUND_EXACT=0; NAME_BASE_MATCH_EXTENSION_DIFF=0; NAME_NOT_FOUND=1; MATERIAL_REFERENCE_CONFIRMED=0; MATERIAL_APPLIED=0;BROWSER_OBSERVED=0; CONTAINER_ENTRY_RESOLVED=0;IMAGE_DECODED=0; ARK_TAIL=RAW_ONLY(218757 retraction stands)"
191417,PCG_9_3_5,SHAPE->NITEXTURINGPROPERTY->ARKTEXTURE_ENTRY (aggregated),BASE/DARK/etc,see private JSONL,"Textures.bnt (8,381 entries)","NAME_FOUND_EXACT=0; NAME_BASE_MATCH_EXTENSION_DIFF=0; NAME_NOT_FOUND=4; MATERIAL_REFERENCE_CONFIRMED=3; MATERIAL_APPLIED=0;BROWSER_OBSERVED=0; CONTAINER_ENTRY_RESOLVED=0;IMAGE_DECODED=0; ARK_TAIL=RAW_ONLY(218757 retraction stands)"
191758,PCG_9_3_5,SHAPE->NITEXTURINGPROPERTY->ARKTEXTURE_ENTRY (aggregated),BASE/DARK/etc,see private JSONL,"Textures.bnt (8,381 entries)","NAME_FOUND_EXACT=0; NAME_BASE_MATCH_EXTENSION_DIFF=0; NAME_NOT_FOUND=1; MATERIAL_REFERENCE_CONFIRMED=0; MATERIAL_APPLIED=0;BROWSER_OBSERVED=0; CONTAINER_ENTRY_RESOLVED=0;IMAGE_DECODED=0; ARK_TAIL=RAW_ONLY(218757 retraction stands)"
203563,PCG_9_3_5,SHAPE->NITEXTURINGPROPERTY->ARKTEXTURE_ENTRY (aggregated),BASE/DARK/etc,see private JSONL,"Textures.bnt (8,381 entries)","NAME_FOUND_EXACT=0; NAME_BASE_MATCH_EXTENSION_DIFF=0; NAME_NOT_FOUND=1; MATERIAL_REFERENCE_CONFIRMED=0; MATERIAL_APPLIED=0;BROWSER_OBSERVED=0; CONTAINER_ENTRY_RESOLVED=0;IMAGE_DECODED=0; ARK_TAIL=RAW_ONLY(218757 retraction stands)"
209586,PCG_9_3_5,SHAPE->NITEXTURINGPROPERTY->ARKTEXTURE_ENTRY (aggregated),BASE/DARK/etc,see private JSONL,"Textures.bnt (8,381 entries)","NAME_FOUND_EXACT=0; NAME_BASE_MATCH_EXTENSION_DIFF=0; NAME_NOT_FOUND=4; MATERIAL_REFERENCE_CONFIRMED=0; MATERIAL_APPLIED=0;BROWSER_OBSERVED=0; CONTAINER_ENTRY_RESOLVED=0;IMAGE_DECODED=0; ARK_TAIL=RAW_ONLY(218757 retraction stands)"
210182,PCG_9_3_5,SHAPE->NITEXTURINGPROPERTY->ARKTEXTURE_ENTRY (aggregated),BASE/DARK/etc,see private JSONL,"Textures.bnt (8,381 entries)","NAME_FOUND_EXACT=0; NAME_BASE_MATCH_EXTENSION_DIFF=0; NAME_NOT_FOUND=1; MATERIAL_REFERENCE_CONFIRMED=0; MATERIAL_APPLIED=0;BROWSER_OBSERVED=0; CONTAINER_ENTRY_RESOLVED=0;IMAGE_DECODED=0; ARK_TAIL=RAW_ONLY(218757 retraction stands)"
210203,PCG_9_3_5,SHAPE->NITEXTURINGPROPERTY->ARKTEXTURE_ENTRY (aggregated),BASE/DARK/etc,see private JSONL,"Textures.bnt (8,381 entries)","NAME_FOUND_EXACT=0; NAME_BASE_MATCH_EXTENSION_DIFF=0; NAME_NOT_FOUND=1; MATERIAL_REFERENCE_CONFIRMED=0; MATERIAL_APPLIED=0;BROWSER_OBSERVED=0; CONTAINER_ENTRY_RESOLVED=0;IMAGE_DECODED=0; ARK_TAIL=RAW_ONLY(218757 retraction stands)"
210232,PCG_9_3_5,SHAPE->NITEXTURINGPROPERTY->ARKTEXTURE_ENTRY (aggregated),BASE/DARK/etc,see private JSONL,"Textures.bnt (8,381 entries)","NAME_FOUND_EXACT=0; NAME_BASE_MATCH_EXTENSION_DIFF=0; NAME_NOT_FOUND=1; MATERIAL_REFERENCE_CONFIRMED=0; MATERIAL_APPLIED=0;BROWSER_OBSERVED=0; CONTAINER_ENTRY_RESOLVED=0;IMAGE_DECODED=0; ARK_TAIL=RAW_ONLY(218757 retraction stands)"
211481,PCG_9_3_5,SHAPE->NITEXTURINGPROPERTY->ARKTEXTURE_ENTRY (aggregated),BASE/DARK/etc,see private JSONL,"Textures.bnt (8,381 entries)","NAME_FOUND_EXACT=0; NAME_BASE_MATCH_EXTENSION_DIFF=0; NAME_NOT_FOUND=1; MATERIAL_REFERENCE_CONFIRMED=0; MATERIAL_APPLIED=0;BROWSER_OBSERVED=0; CONTAINER_ENTRY_RESOLVED=0;IMAGE_DECODED=0; ARK_TAIL=RAW_ONLY(218757 retraction stands)"
216909,PCG_9_3_5,SHAPE->NITEXTURINGPROPERTY->ARKTEXTURE_ENTRY (aggregated),BASE/DARK/etc,see private JSONL,"Textures.bnt (8,381 entries)","NAME_FOUND_EXACT=0; NAME_BASE_MATCH_EXTENSION_DIFF=0; NAME_NOT_FOUND=1; MATERIAL_REFERENCE_CONFIRMED=0; MATERIAL_APPLIED=0;BROWSER_OBSERVED=0; CONTAINER_ENTRY_RESOLVED=0;IMAGE_DECODED=0; ARK_TAIL=RAW_ONLY(218757 retraction stands)"
217060,PCG_9_3_5,SHAPE->NITEXTURINGPROPERTY->ARKTEXTURE_ENTRY (aggregated),BASE/DARK/etc,see private JSONL,"Textures.bnt (8,381 entries)","NAME_FOUND_EXACT=0; NAME_BASE_MATCH_EXTENSION_DIFF=0; NAME_NOT_FOUND=2; MATERIAL_REFERENCE_CONFIRMED=0; MATERIAL_APPLIED=0;BROWSER_OBSERVED=0; CONTAINER_ENTRY_RESOLVED=0;IMAGE_DECODED=0; ARK_TAIL=RAW_ONLY(218757 retraction stands)"
217103,PCG_9_3_5,SHAPE->NITEXTURINGPROPERTY->ARKTEXTURE_ENTRY (aggregated),BASE/DARK/etc,see private JSONL,"Textures.bnt (8,381 entries)","NAME_FOUND_EXACT=0; NAME_BASE_MATCH_EXTENSION_DIFF=0; NAME_NOT_FOUND=1; MATERIAL_REFERENCE_CONFIRMED=0; MATERIAL_APPLIED=0;BROWSER_OBSERVED=0; CONTAINER_ENTRY_RESOLVED=0;IMAGE_DECODED=0; ARK_TAIL=RAW_ONLY(218757 retraction stands)"
218757,PCG_9_3_5,SHAPE->NITEXTURINGPROPERTY->ARKTEXTURE_ENTRY (aggregated),BASE/DARK/etc,see private JSONL,"Textures.bnt (8,381 entries)","NAME_FOUND_EXACT=0; NAME_BASE_MATCH_EXTENSION_DIFF=0; NAME_NOT_FOUND=18; MATERIAL_REFERENCE_CONFIRMED=8; MATERIAL_APPLIED=0;BROWSER_OBSERVED=0; CONTAINER_ENTRY_RESOLVED=0;IMAGE_DECODED=0; ARK_TAIL=RAW_ONLY(218757 retraction stands)"
219618,PCG_9_3_5,SHAPE->NITEXTURINGPROPERTY->ARKTEXTURE_ENTRY (aggregated),BASE/DARK/etc,see private JSONL,"Textures.bnt (8,381 entries)","NAME_FOUND_EXACT=0; NAME_BASE_MATCH_EXTENSION_DIFF=0; NAME_NOT_FOUND=1; MATERIAL_REFERENCE_CONFIRMED=0; MATERIAL_APPLIED=0;BROWSER_OBSERVED=0; CONTAINER_ENTRY_RESOLVED=0;IMAGE_DECODED=0; ARK_TAIL=RAW_ONLY(218757 retraction stands)"
219623,PCG_9_3_5,SHAPE->NITEXTURINGPROPERTY->ARKTEXTURE_ENTRY (aggregated),BASE/DARK/etc,see private JSONL,"Textures.bnt (8,381 entries)","NAME_FOUND_EXACT=0; NAME_BASE_MATCH_EXTENSION_DIFF=0; NAME_NOT_FOUND=1; MATERIAL_REFERENCE_CONFIRMED=0; MATERIAL_APPLIED=0;BROWSER_OBSERVED=0; CONTAINER_ENTRY_RESOLVED=0;IMAGE_DECODED=0; ARK_TAIL=RAW_ONLY(218757 retraction stands)"
219626,PCG_9_3_5,SHAPE->NITEXTURINGPROPERTY->ARKTEXTURE_ENTRY (aggregated),BASE/DARK/etc,see private JSONL,"Textures.bnt (8,381 entries)","NAME_FOUND_EXACT=0; NAME_BASE_MATCH_EXTENSION_DIFF=0; NAME_NOT_FOUND=1; MATERIAL_REFERENCE_CONFIRMED=0; MATERIAL_APPLIED=0;BROWSER_OBSERVED=0; CONTAINER_ENTRY_RESOLVED=0;IMAGE_DECODED=0; ARK_TAIL=RAW_ONLY(218757 retraction stands)"
219629,PCG_9_3_5,SHAPE->NITEXTURINGPROPERTY->ARKTEXTURE_ENTRY (aggregated),BASE/DARK/etc,see private JSONL,"Textures.bnt (8,381 entries)","NAME_FOUND_EXACT=0; NAME_BASE_MATCH_EXTENSION_DIFF=0; NAME_NOT_FOUND=1; MATERIAL_REFERENCE_CONFIRMED=0; MATERIAL_APPLIED=0;BROWSER_OBSERVED=0; CONTAINER_ENTRY_RESOLVED=0;IMAGE_DECODED=0; ARK_TAIL=RAW_ONLY(218757 retraction stands)"
220223,PCG_9_3_5,SHAPE->NITEXTURINGPROPERTY->ARKTEXTURE_ENTRY (aggregated),BASE/DARK/etc,see private JSONL,"Textures.bnt (8,381 entries)","NAME_FOUND_EXACT=0; NAME_BASE_MATCH_EXTENSION_DIFF=0; NAME_NOT_FOUND=2; MATERIAL_REFERENCE_CONFIRMED=0; MATERIAL_APPLIED=0;BROWSER_OBSERVED=0; CONTAINER_ENTRY_RESOLVED=0;IMAGE_DECODED=0; ARK_TAIL=RAW_ONLY(218757 retraction stands)"
220248,PCG_9_3_5,SHAPE->NITEXTURINGPROPERTY->ARKTEXTURE_ENTRY (aggregated),BASE/DARK/etc,see private JSONL,"Textures.bnt (8,381 entries)","NAME_FOUND_EXACT=0; NAME_BASE_MATCH_EXTENSION_DIFF=0; NAME_NOT_FOUND=2; MATERIAL_REFERENCE_CONFIRMED=0; MATERIAL_APPLIED=0;BROWSER_OBSERVED=0; CONTAINER_ENTRY_RESOLVED=0;IMAGE_DECODED=0; ARK_TAIL=RAW_ONLY(218757 retraction stands)"
221409,PCG_9_3_5,SHAPE->NITEXTURINGPROPERTY->ARKTEXTURE_ENTRY (aggregated),BASE/DARK/etc,see private JSONL,"Textures.bnt (8,381 entries)","NAME_FOUND_EXACT=0; NAME_BASE_MATCH_EXTENSION_DIFF=0; NAME_NOT_FOUND=2; MATERIAL_REFERENCE_CONFIRMED=0; MATERIAL_APPLIED=0;BROWSER_OBSERVED=0; CONTAINER_ENTRY_RESOLVED=0;IMAGE_DECODED=0; ARK_TAIL=RAW_ONLY(218757 retraction stands)"
221464,PCG_9_3_5,SHAPE->NITEXTURINGPROPERTY->ARKTEXTURE_ENTRY (aggregated),BASE/DARK/etc,see private JSONL,"Textures.bnt (8,381 entries)","NAME_FOUND_EXACT=0; NAME_BASE_MATCH_EXTENSION_DIFF=0; NAME_NOT_FOUND=2; MATERIAL_REFERENCE_CONFIRMED=0; MATERIAL_APPLIED=0;BROWSER_OBSERVED=0; CONTAINER_ENTRY_RESOLVED=0;IMAGE_DECODED=0; ARK_TAIL=RAW_ONLY(218757 retraction stands)"
221465,PCG_9_3_5,SHAPE->NITEXTURINGPROPERTY->ARKTEXTURE_ENTRY (aggregated),BASE/DARK/etc,see private JSONL,"Textures.bnt (8,381 entries)","NAME_FOUND_EXACT=0; NAME_BASE_MATCH_EXTENSION_DIFF=0; NAME_NOT_FOUND=2; MATERIAL_REFERENCE_CONFIRMED=0; MATERIAL_APPLIED=0;BROWSER_OBSERVED=0; CONTAINER_ENTRY_RESOLVED=0;IMAGE_DECODED=0; ARK_TAIL=RAW_ONLY(218757 retraction stands)"
221466,PCG_9_3_5,SHAPE->NITEXTURINGPROPERTY->ARKTEXTURE_ENTRY (aggregated),BASE/DARK/etc,see private JSONL,"Textures.bnt (8,381 entries)","NAME_FOUND_EXACT=0; NAME_BASE_MATCH_EXTENSION_DIFF=0; NAME_NOT_FOUND=2; MATERIAL_REFERENCE_CONFIRMED=0; MATERIAL_APPLIED=0;BROWSER_OBSERVED=0; CONTAINER_ENTRY_RESOLVED=0;IMAGE_DECODED=0; ARK_TAIL=RAW_ONLY(218757 retraction stands)"
221467,PCG_9_3_5,SHAPE->NITEXTURINGPROPERTY->ARKTEXTURE_ENTRY (aggregated),BASE/DARK/etc,see private JSONL,"Textures.bnt (8,381 entries)","NAME_FOUND_EXACT=0; NAME_BASE_MATCH_EXTENSION_DIFF=0; NAME_NOT_FOUND=2; MATERIAL_REFERENCE_CONFIRMED=0; MATERIAL_APPLIED=0;BROWSER_OBSERVED=0; CONTAINER_ENTRY_RESOLVED=0;IMAGE_DECODED=0; ARK_TAIL=RAW_ONLY(218757 retraction stands)"
22975,PCG_9_3_5,SHAPE->NITEXTURINGPROPERTY->ARKTEXTURE_ENTRY (aggregated),BASE/DARK/etc,see private JSONL,"Textures.bnt (8,381 entries)","NAME_FOUND_EXACT=0; NAME_BASE_MATCH_EXTENSION_DIFF=0; NAME_NOT_FOUND=1; MATERIAL_REFERENCE_CONFIRMED=0; MATERIAL_APPLIED=0;BROWSER_OBSERVED=0; CONTAINER_ENTRY_RESOLVED=0;IMAGE_DECODED=0; ARK_TAIL=RAW_ONLY(218757 retraction stands)"
22979,PCG_9_3_5,SHAPE->NITEXTURINGPROPERTY->ARKTEXTURE_ENTRY (aggregated),BASE/DARK/etc,see private JSONL,"Textures.bnt (8,381 entries)","NAME_FOUND_EXACT=0; NAME_BASE_MATCH_EXTENSION_DIFF=0; NAME_NOT_FOUND=1; MATERIAL_REFERENCE_CONFIRMED=0; MATERIAL_APPLIED=0;BROWSER_OBSERVED=0; CONTAINER_ENTRY_RESOLVED=0;IMAGE_DECODED=0; ARK_TAIL=RAW_ONLY(218757 retraction stands)"
22996,PCG_9_3_5,SHAPE->NITEXTURINGPROPERTY->ARKTEXTURE_ENTRY (aggregated),BASE/DARK/etc,see private JSONL,"Textures.bnt (8,381 entries)","NAME_FOUND_EXACT=0; NAME_BASE_MATCH_EXTENSION_DIFF=0; NAME_NOT_FOUND=1; MATERIAL_REFERENCE_CONFIRMED=0; MATERIAL_APPLIED=0;BROWSER_OBSERVED=0; CONTAINER_ENTRY_RESOLVED=0;IMAGE_DECODED=0; ARK_TAIL=RAW_ONLY(218757 retraction stands)"
23096,PCG_9_3_5,SHAPE->NITEXTURINGPROPERTY->ARKTEXTURE_ENTRY (aggregated),BASE/DARK/etc,see private JSONL,"Textures.bnt (8,381 entries)","NAME_FOUND_EXACT=0; NAME_BASE_MATCH_EXTENSION_DIFF=0; NAME_NOT_FOUND=1; MATERIAL_REFERENCE_CONFIRMED=0; MATERIAL_APPLIED=0;BROWSER_OBSERVED=0; CONTAINER_ENTRY_RESOLVED=0;IMAGE_DECODED=0; ARK_TAIL=RAW_ONLY(218757 retraction stands)"
23098,PCG_9_3_5,SHAPE->NITEXTURINGPROPERTY->ARKTEXTURE_ENTRY (aggregated),BASE/DARK/etc,see private JSONL,"Textures.bnt (8,381 entries)","NAME_FOUND_EXACT=0; NAME_BASE_MATCH_EXTENSION_DIFF=0; NAME_NOT_FOUND=1; MATERIAL_REFERENCE_CONFIRMED=0; MATERIAL_APPLIED=0;BROWSER_OBSERVED=0; CONTAINER_ENTRY_RESOLVED=0;IMAGE_DECODED=0; ARK_TAIL=RAW_ONLY(218757 retraction stands)"
23113,PCG_9_3_5,SHAPE->NITEXTURINGPROPERTY->ARKTEXTURE_ENTRY (aggregated),BASE/DARK/etc,see private JSONL,"Textures.bnt (8,381 entries)","NAME_FOUND_EXACT=0; NAME_BASE_MATCH_EXTENSION_DIFF=0; NAME_NOT_FOUND=1; MATERIAL_REFERENCE_CONFIRMED=0; MATERIAL_APPLIED=0;BROWSER_OBSERVED=0; CONTAINER_ENTRY_RESOLVED=0;IMAGE_DECODED=0; ARK_TAIL=RAW_ONLY(218757 retraction stands)"
23182,PCG_9_3_5,SHAPE->NITEXTURINGPROPERTY->ARKTEXTURE_ENTRY (aggregated),BASE/DARK/etc,see private JSONL,"Textures.bnt (8,381 entries)","NAME_FOUND_EXACT=0; NAME_BASE_MATCH_EXTENSION_DIFF=0; NAME_NOT_FOUND=1; MATERIAL_REFERENCE_CONFIRMED=0; MATERIAL_APPLIED=0;BROWSER_OBSERVED=0; CONTAINER_ENTRY_RESOLVED=0;IMAGE_DECODED=0; ARK_TAIL=RAW_ONLY(218757 retraction stands)"
23184,PCG_9_3_5,SHAPE->NITEXTURINGPROPERTY->ARKTEXTURE_ENTRY (aggregated),BASE/DARK/etc,see private JSONL,"Textures.bnt (8,381 entries)","NAME_FOUND_EXACT=0; NAME_BASE_MATCH_EXTENSION_DIFF=0; NAME_NOT_FOUND=2; MATERIAL_REFERENCE_CONFIRMED=0; MATERIAL_APPLIED=0;BROWSER_OBSERVED=0; CONTAINER_ENTRY_RESOLVED=0;IMAGE_DECODED=0; ARK_TAIL=RAW_ONLY(218757 retraction stands)"
23199,PCG_9_3_5,SHAPE->NITEXTURINGPROPERTY->ARKTEXTURE_ENTRY (aggregated),BASE/DARK/etc,see private JSONL,"Textures.bnt (8,381 entries)","NAME_FOUND_EXACT=0; NAME_BASE_MATCH_EXTENSION_DIFF=0; NAME_NOT_FOUND=1; MATERIAL_REFERENCE_CONFIRMED=0; MATERIAL_APPLIED=0;BROWSER_OBSERVED=0; CONTAINER_ENTRY_RESOLVED=0;IMAGE_DECODED=0; ARK_TAIL=RAW_ONLY(218757 retraction stands)"
23639,PCG_9_3_5,SHAPE->NITEXTURINGPROPERTY->ARKTEXTURE_ENTRY (aggregated),BASE/DARK/etc,see private JSONL,"Textures.bnt (8,381 entries)","NAME_FOUND_EXACT=0; NAME_BASE_MATCH_EXTENSION_DIFF=0; NAME_NOT_FOUND=1; MATERIAL_REFERENCE_CONFIRMED=0; MATERIAL_APPLIED=0;BROWSER_OBSERVED=0; CONTAINER_ENTRY_RESOLVED=0;IMAGE_DECODED=0; ARK_TAIL=RAW_ONLY(218757 retraction stands)"
238492,PCG_9_3_5,SHAPE->NITEXTURINGPROPERTY->ARKTEXTURE_ENTRY (aggregated),BASE/DARK/etc,see private JSONL,"Textures.bnt (8,381 entries)","NAME_FOUND_EXACT=0; NAME_BASE_MATCH_EXTENSION_DIFF=0; NAME_NOT_FOUND=1; MATERIAL_REFERENCE_CONFIRMED=1; MATERIAL_APPLIED=0;BROWSER_OBSERVED=0; CONTAINER_ENTRY_RESOLVED=0;IMAGE_DECODED=0; ARK_TAIL=RAW_ONLY(218757 retraction stands)"
238702,PCG_9_3_5,SHAPE->NITEXTURINGPROPERTY->ARKTEXTURE_ENTRY (aggregated),BASE/DARK/etc,see private JSONL,"Textures.bnt (8,381 entries)","NAME_FOUND_EXACT=0; NAME_BASE_MATCH_EXTENSION_DIFF=0; NAME_NOT_FOUND=1; MATERIAL_REFERENCE_CONFIRMED=1; MATERIAL_APPLIED=0;BROWSER_OBSERVED=0; CONTAINER_ENTRY_RESOLVED=0;IMAGE_DECODED=0; ARK_TAIL=RAW_ONLY(218757 retraction stands)"
23893,PCG_9_3_5,SHAPE->NITEXTURINGPROPERTY->ARKTEXTURE_ENTRY (aggregated),BASE/DARK/etc,see private JSONL,"Textures.bnt (8,381 entries)","NAME_FOUND_EXACT=0; NAME_BASE_MATCH_EXTENSION_DIFF=0; NAME_NOT_FOUND=1; MATERIAL_REFERENCE_CONFIRMED=0; MATERIAL_APPLIED=0;BROWSER_OBSERVED=0; CONTAINER_ENTRY_RESOLVED=0;IMAGE_DECODED=0; ARK_TAIL=RAW_ONLY(218757 retraction stands)"
23895,PCG_9_3_5,SHAPE->NITEXTURINGPROPERTY->ARKTEXTURE_ENTRY (aggregated),BASE/DARK/etc,see private JSONL,"Textures.bnt (8,381 entries)","NAME_FOUND_EXACT=0; NAME_BASE_MATCH_EXTENSION_DIFF=0; NAME_NOT_FOUND=1; MATERIAL_REFERENCE_CONFIRMED=0; MATERIAL_APPLIED=0;BROWSER_OBSERVED=0; CONTAINER_ENTRY_RESOLVED=0;IMAGE_DECODED=0; ARK_TAIL=RAW_ONLY(218757 retraction stands)"
23897,PCG_9_3_5,SHAPE->NITEXTURINGPROPERTY->ARKTEXTURE_ENTRY (aggregated),BASE/DARK/etc,see private JSONL,"Textures.bnt (8,381 entries)","NAME_FOUND_EXACT=0; NAME_BASE_MATCH_EXTENSION_DIFF=0; NAME_NOT_FOUND=1; MATERIAL_REFERENCE_CONFIRMED=0; MATERIAL_APPLIED=0;BROWSER_OBSERVED=0; CONTAINER_ENTRY_RESOLVED=0;IMAGE_DECODED=0; ARK_TAIL=RAW_ONLY(218757 retraction stands)"
239245,PCG_9_3_5,SHAPE->NITEXTURINGPROPERTY->ARKTEXTURE_ENTRY (aggregated),BASE/DARK/etc,see private JSONL,"Textures.bnt (8,381 entries)","NAME_FOUND_EXACT=0; NAME_BASE_MATCH_EXTENSION_DIFF=0; NAME_NOT_FOUND=1; MATERIAL_REFERENCE_CONFIRMED=1; MATERIAL_APPLIED=0;BROWSER_OBSERVED=0; CONTAINER_ENTRY_RESOLVED=0;IMAGE_DECODED=0; ARK_TAIL=RAW_ONLY(218757 retraction stands)"
239249,PCG_9_3_5,SHAPE->NITEXTURINGPROPERTY->ARKTEXTURE_ENTRY (aggregated),BASE/DARK/etc,see private JSONL,"Textures.bnt (8,381 entries)","NAME_FOUND_EXACT=0; NAME_BASE_MATCH_EXTENSION_DIFF=0; NAME_NOT_FOUND=1; MATERIAL_REFERENCE_CONFIRMED=1; MATERIAL_APPLIED=0;BROWSER_OBSERVED=0; CONTAINER_ENTRY_RESOLVED=0;IMAGE_DECODED=0; ARK_TAIL=RAW_ONLY(218757 retraction stands)"
239256,PCG_9_3_5,SHAPE->NITEXTURINGPROPERTY->ARKTEXTURE_ENTRY (aggregated),BASE/DARK/etc,see private JSONL,"Textures.bnt (8,381 entries)","NAME_FOUND_EXACT=0; NAME_BASE_MATCH_EXTENSION_DIFF=0; NAME_NOT_FOUND=1; MATERIAL_REFERENCE_CONFIRMED=1; MATERIAL_APPLIED=0;BROWSER_OBSERVED=0; CONTAINER_ENTRY_RESOLVED=0;IMAGE_DECODED=0; ARK_TAIL=RAW_ONLY(218757 retraction stands)"
239259,PCG_9_3_5,SHAPE->NITEXTURINGPROPERTY->ARKTEXTURE_ENTRY (aggregated),BASE/DARK/etc,see private JSONL,"Textures.bnt (8,381 entries)","NAME_FOUND_EXACT=0; NAME_BASE_MATCH_EXTENSION_DIFF=0; NAME_NOT_FOUND=1; MATERIAL_REFERENCE_CONFIRMED=1; MATERIAL_APPLIED=0;BROWSER_OBSERVED=0; CONTAINER_ENTRY_RESOLVED=0;IMAGE_DECODED=0; ARK_TAIL=RAW_ONLY(218757 retraction stands)"
239260,PCG_9_3_5,SHAPE->NITEXTURINGPROPERTY->ARKTEXTURE_ENTRY (aggregated),BASE/DARK/etc,see private JSONL,"Textures.bnt (8,381 entries)","NAME_FOUND_EXACT=0; NAME_BASE_MATCH_EXTENSION_DIFF=0; NAME_NOT_FOUND=1; MATERIAL_REFERENCE_CONFIRMED=1; MATERIAL_APPLIED=0;BROWSER_OBSERVED=0; CONTAINER_ENTRY_RESOLVED=0;IMAGE_DECODED=0; ARK_TAIL=RAW_ONLY(218757 retraction stands)"
239263,PCG_9_3_5,SHAPE->NITEXTURINGPROPERTY->ARKTEXTURE_ENTRY (aggregated),BASE/DARK/etc,see private JSONL,"Textures.bnt (8,381 entries)","NAME_FOUND_EXACT=0; NAME_BASE_MATCH_EXTENSION_DIFF=0; NAME_NOT_FOUND=1; MATERIAL_REFERENCE_CONFIRMED=1; MATERIAL_APPLIED=0;BROWSER_OBSERVED=0; CONTAINER_ENTRY_RESOLVED=0;IMAGE_DECODED=0; ARK_TAIL=RAW_ONLY(218757 retraction stands)"
239282,PCG_9_3_5,SHAPE->NITEXTURINGPROPERTY->ARKTEXTURE_ENTRY (aggregated),BASE/DARK/etc,see private JSONL,"Textures.bnt (8,381 entries)","NAME_FOUND_EXACT=0; NAME_BASE_MATCH_EXTENSION_DIFF=0; NAME_NOT_FOUND=1; MATERIAL_REFERENCE_CONFIRMED=1; MATERIAL_APPLIED=0;BROWSER_OBSERVED=0; CONTAINER_ENTRY_RESOLVED=0;IMAGE_DECODED=0; ARK_TAIL=RAW_ONLY(218757 retraction stands)"
239338,PCG_9_3_5,SHAPE->NITEXTURINGPROPERTY->ARKTEXTURE_ENTRY (aggregated),BASE/DARK/etc,see private JSONL,"Textures.bnt (8,381 entries)","NAME_FOUND_EXACT=0; NAME_BASE_MATCH_EXTENSION_DIFF=0; NAME_NOT_FOUND=1; MATERIAL_REFERENCE_CONFIRMED=1; MATERIAL_APPLIED=0;BROWSER_OBSERVED=0; CONTAINER_ENTRY_RESOLVED=0;IMAGE_DECODED=0; ARK_TAIL=RAW_ONLY(218757 retraction stands)"
239341,PCG_9_3_5,SHAPE->NITEXTURINGPROPERTY->ARKTEXTURE_ENTRY (aggregated),BASE/DARK/etc,see private JSONL,"Textures.bnt (8,381 entries)","NAME_FOUND_EXACT=0; NAME_BASE_MATCH_EXTENSION_DIFF=0; NAME_NOT_FOUND=1; MATERIAL_REFERENCE_CONFIRMED=1; MATERIAL_APPLIED=0;BROWSER_OBSERVED=0; CONTAINER_ENTRY_RESOLVED=0;IMAGE_DECODED=0; ARK_TAIL=RAW_ONLY(218757 retraction stands)"
239344,PCG_9_3_5,SHAPE->NITEXTURINGPROPERTY->ARKTEXTURE_ENTRY (aggregated),BASE/DARK/etc,see private JSONL,"Textures.bnt (8,381 entries)","NAME_FOUND_EXACT=0; NAME_BASE_MATCH_EXTENSION_DIFF=0; NAME_NOT_FOUND=1; MATERIAL_REFERENCE_CONFIRMED=1; MATERIAL_APPLIED=0;BROWSER_OBSERVED=0; CONTAINER_ENTRY_RESOLVED=0;IMAGE_DECODED=0; ARK_TAIL=RAW_ONLY(218757 retraction stands)"
239347,PCG_9_3_5,SHAPE->NITEXTURINGPROPERTY->ARKTEXTURE_ENTRY (aggregated),BASE/DARK/etc,see private JSONL,"Textures.bnt (8,381 entries)","NAME_FOUND_EXACT=0; NAME_BASE_MATCH_EXTENSION_DIFF=0; NAME_NOT_FOUND=2; MATERIAL_REFERENCE_CONFIRMED=1; MATERIAL_APPLIED=0;BROWSER_OBSERVED=0; CONTAINER_ENTRY_RESOLVED=0;IMAGE_DECODED=0; ARK_TAIL=RAW_ONLY(218757 retraction stands)"
240121,PCG_9_3_5,SHAPE->NITEXTURINGPROPERTY->ARKTEXTURE_ENTRY (aggregated),BASE/DARK/etc,see private JSONL,"Textures.bnt (8,381 entries)","NAME_FOUND_EXACT=0; NAME_BASE_MATCH_EXTENSION_DIFF=0; NAME_NOT_FOUND=1; MATERIAL_REFERENCE_CONFIRMED=1; MATERIAL_APPLIED=0;BROWSER_OBSERVED=0; CONTAINER_ENTRY_RESOLVED=0;IMAGE_DECODED=0; ARK_TAIL=RAW_ONLY(218757 retraction stands)"
240310,PCG_9_3_5,SHAPE->NITEXTURINGPROPERTY->ARKTEXTURE_ENTRY (aggregated),BASE/DARK/etc,see private JSONL,"Textures.bnt (8,381 entries)","NAME_FOUND_EXACT=0; NAME_BASE_MATCH_EXTENSION_DIFF=0; NAME_NOT_FOUND=1; MATERIAL_REFERENCE_CONFIRMED=1; MATERIAL_APPLIED=0;BROWSER_OBSERVED=0; CONTAINER_ENTRY_RESOLVED=0;IMAGE_DECODED=0; ARK_TAIL=RAW_ONLY(218757 retraction stands)"
240314,PCG_9_3_5,SHAPE->NITEXTURINGPROPERTY->ARKTEXTURE_ENTRY (aggregated),BASE/DARK/etc,see private JSONL,"Textures.bnt (8,381 entries)","NAME_FOUND_EXACT=0; NAME_BASE_MATCH_EXTENSION_DIFF=0; NAME_NOT_FOUND=1; MATERIAL_REFERENCE_CONFIRMED=1; MATERIAL_APPLIED=0;BROWSER_OBSERVED=0; CONTAINER_ENTRY_RESOLVED=0;IMAGE_DECODED=0; ARK_TAIL=RAW_ONLY(218757 retraction stands)"
240317,PCG_9_3_5,SHAPE->NITEXTURINGPROPERTY->ARKTEXTURE_ENTRY (aggregated),BASE/DARK/etc,see private JSONL,"Textures.bnt (8,381 entries)","NAME_FOUND_EXACT=0; NAME_BASE_MATCH_EXTENSION_DIFF=0; NAME_NOT_FOUND=1; MATERIAL_REFERENCE_CONFIRMED=1; MATERIAL_APPLIED=0;BROWSER_OBSERVED=0; CONTAINER_ENTRY_RESOLVED=0;IMAGE_DECODED=0; ARK_TAIL=RAW_ONLY(218757 retraction stands)"
240324,PCG_9_3_5,SHAPE->NITEXTURINGPROPERTY->ARKTEXTURE_ENTRY (aggregated),BASE/DARK/etc,see private JSONL,"Textures.bnt (8,381 entries)","NAME_FOUND_EXACT=0; NAME_BASE_MATCH_EXTENSION_DIFF=0; NAME_NOT_FOUND=1; MATERIAL_REFERENCE_CONFIRMED=1; MATERIAL_APPLIED=0;BROWSER_OBSERVED=0; CONTAINER_ENTRY_RESOLVED=0;IMAGE_DECODED=0; ARK_TAIL=RAW_ONLY(218757 retraction stands)"
240327,PCG_9_3_5,SHAPE->NITEXTURINGPROPERTY->ARKTEXTURE_ENTRY (aggregated),BASE/DARK/etc,see private JSONL,"Textures.bnt (8,381 entries)","NAME_FOUND_EXACT=0; NAME_BASE_MATCH_EXTENSION_DIFF=0; NAME_NOT_FOUND=1; MATERIAL_REFERENCE_CONFIRMED=1; MATERIAL_APPLIED=0;BROWSER_OBSERVED=0; CONTAINER_ENTRY_RESOLVED=0;IMAGE_DECODED=0; ARK_TAIL=RAW_ONLY(218757 retraction stands)"
240332,PCG_9_3_5,SHAPE->NITEXTURINGPROPERTY->ARKTEXTURE_ENTRY (aggregated),BASE/DARK/etc,see private JSONL,"Textures.bnt (8,381 entries)","NAME_FOUND_EXACT=0; NAME_BASE_MATCH_EXTENSION_DIFF=0; NAME_NOT_FOUND=1; MATERIAL_REFERENCE_CONFIRMED=1; MATERIAL_APPLIED=0;BROWSER_OBSERVED=0; CONTAINER_ENTRY_RESOLVED=0;IMAGE_DECODED=0; ARK_TAIL=RAW_ONLY(218757 retraction stands)"
240338,PCG_9_3_5,SHAPE->NITEXTURINGPROPERTY->ARKTEXTURE_ENTRY (aggregated),BASE/DARK/etc,see private JSONL,"Textures.bnt (8,381 entries)","NAME_FOUND_EXACT=0; NAME_BASE_MATCH_EXTENSION_DIFF=0; NAME_NOT_FOUND=1; MATERIAL_REFERENCE_CONFIRMED=2; MATERIAL_APPLIED=0;BROWSER_OBSERVED=0; CONTAINER_ENTRY_RESOLVED=0;IMAGE_DECODED=0; ARK_TAIL=RAW_ONLY(218757 retraction stands)"
240343,PCG_9_3_5,SHAPE->NITEXTURINGPROPERTY->ARKTEXTURE_ENTRY (aggregated),BASE/DARK/etc,see private JSONL,"Textures.bnt (8,381 entries)","NAME_FOUND_EXACT=0; NAME_BASE_MATCH_EXTENSION_DIFF=0; NAME_NOT_FOUND=1; MATERIAL_REFERENCE_CONFIRMED=1; MATERIAL_APPLIED=0;BROWSER_OBSERVED=0; CONTAINER_ENTRY_RESOLVED=0;IMAGE_DECODED=0; ARK_TAIL=RAW_ONLY(218757 retraction stands)"
240347,PCG_9_3_5,SHAPE->NITEXTURINGPROPERTY->ARKTEXTURE_ENTRY (aggregated),BASE/DARK/etc,see private JSONL,"Textures.bnt (8,381 entries)","NAME_FOUND_EXACT=0; NAME_BASE_MATCH_EXTENSION_DIFF=0; NAME_NOT_FOUND=1; MATERIAL_REFERENCE_CONFIRMED=1; MATERIAL_APPLIED=0;BROWSER_OBSERVED=0; CONTAINER_ENTRY_RESOLVED=0;IMAGE_DECODED=0; ARK_TAIL=RAW_ONLY(218757 retraction stands)"
240352,PCG_9_3_5,SHAPE->NITEXTURINGPROPERTY->ARKTEXTURE_ENTRY (aggregated),BASE/DARK/etc,see private JSONL,"Textures.bnt (8,381 entries)","NAME_FOUND_EXACT=0; NAME_BASE_MATCH_EXTENSION_DIFF=0; NAME_NOT_FOUND=1; MATERIAL_REFERENCE_CONFIRMED=1; MATERIAL_APPLIED=0;BROWSER_OBSERVED=0; CONTAINER_ENTRY_RESOLVED=0;IMAGE_DECODED=0; ARK_TAIL=RAW_ONLY(218757 retraction stands)"
240383,PCG_9_3_5,SHAPE->NITEXTURINGPROPERTY->ARKTEXTURE_ENTRY (aggregated),BASE/DARK/etc,see private JSONL,"Textures.bnt (8,381 entries)","NAME_FOUND_EXACT=0; NAME_BASE_MATCH_EXTENSION_DIFF=0; NAME_NOT_FOUND=1; MATERIAL_REFERENCE_CONFIRMED=1; MATERIAL_APPLIED=0;BROWSER_OBSERVED=0; CONTAINER_ENTRY_RESOLVED=0;IMAGE_DECODED=0; ARK_TAIL=RAW_ONLY(218757 retraction stands)"
240404,PCG_9_3_5,SHAPE->NITEXTURINGPROPERTY->ARKTEXTURE_ENTRY (aggregated),BASE/DARK/etc,see private JSONL,"Textures.bnt (8,381 entries)","NAME_FOUND_EXACT=0; NAME_BASE_MATCH_EXTENSION_DIFF=0; NAME_NOT_FOUND=1; MATERIAL_REFERENCE_CONFIRMED=1; MATERIAL_APPLIED=0;BROWSER_OBSERVED=0; CONTAINER_ENTRY_RESOLVED=0;IMAGE_DECODED=0; ARK_TAIL=RAW_ONLY(218757 retraction stands)"
240411,PCG_9_3_5,SHAPE->NITEXTURINGPROPERTY->ARKTEXTURE_ENTRY (aggregated),BASE/DARK/etc,see private JSONL,"Textures.bnt (8,381 entries)","NAME_FOUND_EXACT=0; NAME_BASE_MATCH_EXTENSION_DIFF=0; NAME_NOT_FOUND=1; MATERIAL_REFERENCE_CONFIRMED=1; MATERIAL_APPLIED=0;BROWSER_OBSERVED=0; CONTAINER_ENTRY_RESOLVED=0;IMAGE_DECODED=0; ARK_TAIL=RAW_ONLY(218757 retraction stands)"
240416,PCG_9_3_5,SHAPE->NITEXTURINGPROPERTY->ARKTEXTURE_ENTRY (aggregated),BASE/DARK/etc,see private JSONL,"Textures.bnt (8,381 entries)","NAME_FOUND_EXACT=0; NAME_BASE_MATCH_EXTENSION_DIFF=0; NAME_NOT_FOUND=1; MATERIAL_REFERENCE_CONFIRMED=1; MATERIAL_APPLIED=0;BROWSER_OBSERVED=0; CONTAINER_ENTRY_RESOLVED=0;IMAGE_DECODED=0; ARK_TAIL=RAW_ONLY(218757 retraction stands)"
240419,PCG_9_3_5,SHAPE->NITEXTURINGPROPERTY->ARKTEXTURE_ENTRY (aggregated),BASE/DARK/etc,see private JSONL,"Textures.bnt (8,381 entries)","NAME_FOUND_EXACT=0; NAME_BASE_MATCH_EXTENSION_DIFF=0; NAME_NOT_FOUND=1; MATERIAL_REFERENCE_CONFIRMED=1; MATERIAL_APPLIED=0;BROWSER_OBSERVED=0; CONTAINER_ENTRY_RESOLVED=0;IMAGE_DECODED=0; ARK_TAIL=RAW_ONLY(218757 retraction stands)"
240422,PCG_9_3_5,SHAPE->NITEXTURINGPROPERTY->ARKTEXTURE_ENTRY (aggregated),BASE/DARK/etc,see private JSONL,"Textures.bnt (8,381 entries)","NAME_FOUND_EXACT=0; NAME_BASE_MATCH_EXTENSION_DIFF=0; NAME_NOT_FOUND=1; MATERIAL_REFERENCE_CONFIRMED=1; MATERIAL_APPLIED=0;BROWSER_OBSERVED=0; CONTAINER_ENTRY_RESOLVED=0;IMAGE_DECODED=0; ARK_TAIL=RAW_ONLY(218757 retraction stands)"
240751,PCG_9_3_5,SHAPE->NITEXTURINGPROPERTY->ARKTEXTURE_ENTRY (aggregated),BASE/DARK/etc,see private JSONL,"Textures.bnt (8,381 entries)","NAME_FOUND_EXACT=0; NAME_BASE_MATCH_EXTENSION_DIFF=0; NAME_NOT_FOUND=1; MATERIAL_REFERENCE_CONFIRMED=1; MATERIAL_APPLIED=0;BROWSER_OBSERVED=0; CONTAINER_ENTRY_RESOLVED=0;IMAGE_DECODED=0; ARK_TAIL=RAW_ONLY(218757 retraction stands)"
240761,PCG_9_3_5,SHAPE->NITEXTURINGPROPERTY->ARKTEXTURE_ENTRY (aggregated),BASE/DARK/etc,see private JSONL,"Textures.bnt (8,381 entries)","NAME_FOUND_EXACT=0; NAME_BASE_MATCH_EXTENSION_DIFF=0; NAME_NOT_FOUND=1; MATERIAL_REFERENCE_CONFIRMED=1; MATERIAL_APPLIED=0;BROWSER_OBSERVED=0; CONTAINER_ENTRY_RESOLVED=0;IMAGE_DECODED=0; ARK_TAIL=RAW_ONLY(218757 retraction stands)"
241652,PCG_9_3_5,SHAPE->NITEXTURINGPROPERTY->ARKTEXTURE_ENTRY (aggregated),BASE/DARK/etc,see private JSONL,"Textures.bnt (8,381 entries)","NAME_FOUND_EXACT=0; NAME_BASE_MATCH_EXTENSION_DIFF=0; NAME_NOT_FOUND=2; MATERIAL_REFERENCE_CONFIRMED=1; MATERIAL_APPLIED=0;BROWSER_OBSERVED=0; CONTAINER_ENTRY_RESOLVED=0;IMAGE_DECODED=0; ARK_TAIL=RAW_ONLY(218757 retraction stands)"
241691,PCG_9_3_5,SHAPE->NITEXTURINGPROPERTY->ARKTEXTURE_ENTRY (aggregated),BASE/DARK/etc,see private JSONL,"Textures.bnt (8,381 entries)","NAME_FOUND_EXACT=0; NAME_BASE_MATCH_EXTENSION_DIFF=0; NAME_NOT_FOUND=1; MATERIAL_REFERENCE_CONFIRMED=1; MATERIAL_APPLIED=0;BROWSER_OBSERVED=0; CONTAINER_ENTRY_RESOLVED=0;IMAGE_DECODED=0; ARK_TAIL=RAW_ONLY(218757 retraction stands)"
241721,PCG_9_3_5,SHAPE->NITEXTURINGPROPERTY->ARKTEXTURE_ENTRY (aggregated),BASE/DARK/etc,see private JSONL,"Textures.bnt (8,381 entries)","NAME_FOUND_EXACT=0; NAME_BASE_MATCH_EXTENSION_DIFF=0; NAME_NOT_FOUND=1; MATERIAL_REFERENCE_CONFIRMED=1; MATERIAL_APPLIED=0;BROWSER_OBSERVED=0; CONTAINER_ENTRY_RESOLVED=0;IMAGE_DECODED=0; ARK_TAIL=RAW_ONLY(218757 retraction stands)"
241724,PCG_9_3_5,SHAPE->NITEXTURINGPROPERTY->ARKTEXTURE_ENTRY (aggregated),BASE/DARK/etc,see private JSONL,"Textures.bnt (8,381 entries)","NAME_FOUND_EXACT=0; NAME_BASE_MATCH_EXTENSION_DIFF=0; NAME_NOT_FOUND=1; MATERIAL_REFERENCE_CONFIRMED=1; MATERIAL_APPLIED=0;BROWSER_OBSERVED=0; CONTAINER_ENTRY_RESOLVED=0;IMAGE_DECODED=0; ARK_TAIL=RAW_ONLY(218757 retraction stands)"
241742,PCG_9_3_5,SHAPE->NITEXTURINGPROPERTY->ARKTEXTURE_ENTRY (aggregated),BASE/DARK/etc,see private JSONL,"Textures.bnt (8,381 entries)","NAME_FOUND_EXACT=0; NAME_BASE_MATCH_EXTENSION_DIFF=0; NAME_NOT_FOUND=1; MATERIAL_REFERENCE_CONFIRMED=1; MATERIAL_APPLIED=0;BROWSER_OBSERVED=0; CONTAINER_ENTRY_RESOLVED=0;IMAGE_DECODED=0; ARK_TAIL=RAW_ONLY(218757 retraction stands)"
241756,PCG_9_3_5,SHAPE->NITEXTURINGPROPERTY->ARKTEXTURE_ENTRY (aggregated),BASE/DARK/etc,see private JSONL,"Textures.bnt (8,381 entries)","NAME_FOUND_EXACT=0; NAME_BASE_MATCH_EXTENSION_DIFF=0; NAME_NOT_FOUND=1; MATERIAL_REFERENCE_CONFIRMED=2; MATERIAL_APPLIED=0;BROWSER_OBSERVED=0; CONTAINER_ENTRY_RESOLVED=0;IMAGE_DECODED=0; ARK_TAIL=RAW_ONLY(218757 retraction stands)"
245902,PCG_9_3_5,SHAPE->NITEXTURINGPROPERTY->ARKTEXTURE_ENTRY (aggregated),BASE/DARK/etc,see private JSONL,"Textures.bnt (8,381 entries)","NAME_FOUND_EXACT=0; NAME_BASE_MATCH_EXTENSION_DIFF=0; NAME_NOT_FOUND=1; MATERIAL_REFERENCE_CONFIRMED=1; MATERIAL_APPLIED=0;BROWSER_OBSERVED=0; CONTAINER_ENTRY_RESOLVED=0;IMAGE_DECODED=0; ARK_TAIL=RAW_ONLY(218757 retraction stands)"
245945,PCG_9_3_5,SHAPE->NITEXTURINGPROPERTY->ARKTEXTURE_ENTRY (aggregated),BASE/DARK/etc,see private JSONL,"Textures.bnt (8,381 entries)","NAME_FOUND_EXACT=0; NAME_BASE_MATCH_EXTENSION_DIFF=0; NAME_NOT_FOUND=1; MATERIAL_REFERENCE_CONFIRMED=1; MATERIAL_APPLIED=0;BROWSER_OBSERVED=0; CONTAINER_ENTRY_RESOLVED=0;IMAGE_DECODED=0; ARK_TAIL=RAW_ONLY(218757 retraction stands)"
245966,PCG_9_3_5,SHAPE->NITEXTURINGPROPERTY->ARKTEXTURE_ENTRY (aggregated),BASE/DARK/etc,see private JSONL,"Textures.bnt (8,381 entries)","NAME_FOUND_EXACT=0; NAME_BASE_MATCH_EXTENSION_DIFF=0; NAME_NOT_FOUND=1; MATERIAL_REFERENCE_CONFIRMED=1; MATERIAL_APPLIED=0;BROWSER_OBSERVED=0; CONTAINER_ENTRY_RESOLVED=0;IMAGE_DECODED=0; ARK_TAIL=RAW_ONLY(218757 retraction stands)"
245996,PCG_9_3_5,SHAPE->NITEXTURINGPROPERTY->ARKTEXTURE_ENTRY (aggregated),BASE/DARK/etc,see private JSONL,"Textures.bnt (8,381 entries)","NAME_FOUND_EXACT=0; NAME_BASE_MATCH_EXTENSION_DIFF=0; NAME_NOT_FOUND=1; MATERIAL_REFERENCE_CONFIRMED=1; MATERIAL_APPLIED=0;BROWSER_OBSERVED=0; CONTAINER_ENTRY_RESOLVED=0;IMAGE_DECODED=0; ARK_TAIL=RAW_ONLY(218757 retraction stands)"
246009,PCG_9_3_5,SHAPE->NITEXTURINGPROPERTY->ARKTEXTURE_ENTRY (aggregated),BASE/DARK/etc,see private JSONL,"Textures.bnt (8,381 entries)","NAME_FOUND_EXACT=0; NAME_BASE_MATCH_EXTENSION_DIFF=0; NAME_NOT_FOUND=1; MATERIAL_REFERENCE_CONFIRMED=1; MATERIAL_APPLIED=0;BROWSER_OBSERVED=0; CONTAINER_ENTRY_RESOLVED=0;IMAGE_DECODED=0; ARK_TAIL=RAW_ONLY(218757 retraction stands)"
246019,PCG_9_3_5,SHAPE->NITEXTURINGPROPERTY->ARKTEXTURE_ENTRY (aggregated),BASE/DARK/etc,see private JSONL,"Textures.bnt (8,381 entries)","NAME_FOUND_EXACT=0; NAME_BASE_MATCH_EXTENSION_DIFF=0; NAME_NOT_FOUND=1; MATERIAL_REFERENCE_CONFIRMED=1; MATERIAL_APPLIED=0;BROWSER_OBSERVED=0; CONTAINER_ENTRY_RESOLVED=0;IMAGE_DECODED=0; ARK_TAIL=RAW_ONLY(218757 retraction stands)"
246023,PCG_9_3_5,SHAPE->NITEXTURINGPROPERTY->ARKTEXTURE_ENTRY (aggregated),BASE/DARK/etc,see private JSONL,"Textures.bnt (8,381 entries)","NAME_FOUND_EXACT=0; NAME_BASE_MATCH_EXTENSION_DIFF=0; NAME_NOT_FOUND=1; MATERIAL_REFERENCE_CONFIRMED=1; MATERIAL_APPLIED=0;BROWSER_OBSERVED=0; CONTAINER_ENTRY_RESOLVED=0;IMAGE_DECODED=0; ARK_TAIL=RAW_ONLY(218757 retraction stands)"
246026,PCG_9_3_5,SHAPE->NITEXTURINGPROPERTY->ARKTEXTURE_ENTRY (aggregated),BASE/DARK/etc,see private JSONL,"Textures.bnt (8,381 entries)","NAME_FOUND_EXACT=0; NAME_BASE_MATCH_EXTENSION_DIFF=0; NAME_NOT_FOUND=1; MATERIAL_REFERENCE_CONFIRMED=1; MATERIAL_APPLIED=0;BROWSER_OBSERVED=0; CONTAINER_ENTRY_RESOLVED=0;IMAGE_DECODED=0; ARK_TAIL=RAW_ONLY(218757 retraction stands)"
246042,PCG_9_3_5,SHAPE->NITEXTURINGPROPERTY->ARKTEXTURE_ENTRY (aggregated),BASE/DARK/etc,see private JSONL,"Textures.bnt (8,381 entries)","NAME_FOUND_EXACT=0; NAME_BASE_MATCH_EXTENSION_DIFF=0; NAME_NOT_FOUND=1; MATERIAL_REFERENCE_CONFIRMED=1; MATERIAL_APPLIED=0;BROWSER_OBSERVED=0; CONTAINER_ENTRY_RESOLVED=0;IMAGE_DECODED=0; ARK_TAIL=RAW_ONLY(218757 retraction stands)"
246050,PCG_9_3_5,SHAPE->NITEXTURINGPROPERTY->ARKTEXTURE_ENTRY (aggregated),BASE/DARK/etc,see private JSONL,"Textures.bnt (8,381 entries)","NAME_FOUND_EXACT=0; NAME_BASE_MATCH_EXTENSION_DIFF=0; NAME_NOT_FOUND=1; MATERIAL_REFERENCE_CONFIRMED=1; MATERIAL_APPLIED=0;BROWSER_OBSERVED=0; CONTAINER_ENTRY_RESOLVED=0;IMAGE_DECODED=0; ARK_TAIL=RAW_ONLY(218757 retraction stands)"
246057,PCG_9_3_5,SHAPE->NITEXTURINGPROPERTY->ARKTEXTURE_ENTRY (aggregated),BASE/DARK/etc,see private JSONL,"Textures.bnt (8,381 entries)","NAME_FOUND_EXACT=0; NAME_BASE_MATCH_EXTENSION_DIFF=0; NAME_NOT_FOUND=1; MATERIAL_REFERENCE_CONFIRMED=1; MATERIAL_APPLIED=0;BROWSER_OBSERVED=0; CONTAINER_ENTRY_RESOLVED=0;IMAGE_DECODED=0; ARK_TAIL=RAW_ONLY(218757 retraction stands)"
246065,PCG_9_3_5,SHAPE->NITEXTURINGPROPERTY->ARKTEXTURE_ENTRY (aggregated),BASE/DARK/etc,see private JSONL,"Textures.bnt (8,381 entries)","NAME_FOUND_EXACT=0; NAME_BASE_MATCH_EXTENSION_DIFF=0; NAME_NOT_FOUND=1; MATERIAL_REFERENCE_CONFIRMED=1; MATERIAL_APPLIED=0;BROWSER_OBSERVED=0; CONTAINER_ENTRY_RESOLVED=0;IMAGE_DECODED=0; ARK_TAIL=RAW_ONLY(218757 retraction stands)"
246069,PCG_9_3_5,SHAPE->NITEXTURINGPROPERTY->ARKTEXTURE_ENTRY (aggregated),BASE/DARK/etc,see private JSONL,"Textures.bnt (8,381 entries)","NAME_FOUND_EXACT=0; NAME_BASE_MATCH_EXTENSION_DIFF=0; NAME_NOT_FOUND=1; MATERIAL_REFERENCE_CONFIRMED=1; MATERIAL_APPLIED=0;BROWSER_OBSERVED=0; CONTAINER_ENTRY_RESOLVED=0;IMAGE_DECODED=0; ARK_TAIL=RAW_ONLY(218757 retraction stands)"
246081,PCG_9_3_5,SHAPE->NITEXTURINGPROPERTY->ARKTEXTURE_ENTRY (aggregated),BASE/DARK/etc,see private JSONL,"Textures.bnt (8,381 entries)","NAME_FOUND_EXACT=0; NAME_BASE_MATCH_EXTENSION_DIFF=0; NAME_NOT_FOUND=1; MATERIAL_REFERENCE_CONFIRMED=1; MATERIAL_APPLIED=0;BROWSER_OBSERVED=0; CONTAINER_ENTRY_RESOLVED=0;IMAGE_DECODED=0; ARK_TAIL=RAW_ONLY(218757 retraction stands)"
246084,PCG_9_3_5,SHAPE->NITEXTURINGPROPERTY->ARKTEXTURE_ENTRY (aggregated),BASE/DARK/etc,see private JSONL,"Textures.bnt (8,381 entries)","NAME_FOUND_EXACT=0; NAME_BASE_MATCH_EXTENSION_DIFF=0; NAME_NOT_FOUND=1; MATERIAL_REFERENCE_CONFIRMED=1; MATERIAL_APPLIED=0;BROWSER_OBSERVED=0; CONTAINER_ENTRY_RESOLVED=0;IMAGE_DECODED=0; ARK_TAIL=RAW_ONLY(218757 retraction stands)"
246089,PCG_9_3_5,SHAPE->NITEXTURINGPROPERTY->ARKTEXTURE_ENTRY (aggregated),BASE/DARK/etc,see private JSONL,"Textures.bnt (8,381 entries)","NAME_FOUND_EXACT=0; NAME_BASE_MATCH_EXTENSION_DIFF=0; NAME_NOT_FOUND=1; MATERIAL_REFERENCE_CONFIRMED=1; MATERIAL_APPLIED=0;BROWSER_OBSERVED=0; CONTAINER_ENTRY_RESOLVED=0;IMAGE_DECODED=0; ARK_TAIL=RAW_ONLY(218757 retraction stands)"
246445,PCG_9_3_5,SHAPE->NITEXTURINGPROPERTY->ARKTEXTURE_ENTRY (aggregated),BASE/DARK/etc,see private JSONL,"Textures.bnt (8,381 entries)","NAME_FOUND_EXACT=0; NAME_BASE_MATCH_EXTENSION_DIFF=0; NAME_NOT_FOUND=1; MATERIAL_REFERENCE_CONFIRMED=1; MATERIAL_APPLIED=0;BROWSER_OBSERVED=0; CONTAINER_ENTRY_RESOLVED=0;IMAGE_DECODED=0; ARK_TAIL=RAW_ONLY(218757 retraction stands)"
246453,PCG_9_3_5,SHAPE->NITEXTURINGPROPERTY->ARKTEXTURE_ENTRY (aggregated),BASE/DARK/etc,see private JSONL,"Textures.bnt (8,381 entries)","NAME_FOUND_EXACT=0; NAME_BASE_MATCH_EXTENSION_DIFF=0; NAME_NOT_FOUND=1; MATERIAL_REFERENCE_CONFIRMED=1; MATERIAL_APPLIED=0;BROWSER_OBSERVED=0; CONTAINER_ENTRY_RESOLVED=0;IMAGE_DECODED=0; ARK_TAIL=RAW_ONLY(218757 retraction stands)"
246458,PCG_9_3_5,SHAPE->NITEXTURINGPROPERTY->ARKTEXTURE_ENTRY (aggregated),BASE/DARK/etc,see private JSONL,"Textures.bnt (8,381 entries)","NAME_FOUND_EXACT=0; NAME_BASE_MATCH_EXTENSION_DIFF=0; NAME_NOT_FOUND=1; MATERIAL_REFERENCE_CONFIRMED=1; MATERIAL_APPLIED=0;BROWSER_OBSERVED=0; CONTAINER_ENTRY_RESOLVED=0;IMAGE_DECODED=0; ARK_TAIL=RAW_ONLY(218757 retraction stands)"
246465,PCG_9_3_5,SHAPE->NITEXTURINGPROPERTY->ARKTEXTURE_ENTRY (aggregated),BASE/DARK/etc,see private JSONL,"Textures.bnt (8,381 entries)","NAME_FOUND_EXACT=0; NAME_BASE_MATCH_EXTENSION_DIFF=0; NAME_NOT_FOUND=1; MATERIAL_REFERENCE_CONFIRMED=1; MATERIAL_APPLIED=0;BROWSER_OBSERVED=0; CONTAINER_ENTRY_RESOLVED=0;IMAGE_DECODED=0; ARK_TAIL=RAW_ONLY(218757 retraction stands)"
246468,PCG_9_3_5,SHAPE->NITEXTURINGPROPERTY->ARKTEXTURE_ENTRY (aggregated),BASE/DARK/etc,see private JSONL,"Textures.bnt (8,381 entries)","NAME_FOUND_EXACT=0; NAME_BASE_MATCH_EXTENSION_DIFF=0; NAME_NOT_FOUND=1; MATERIAL_REFERENCE_CONFIRMED=1; MATERIAL_APPLIED=0;BROWSER_OBSERVED=0; CONTAINER_ENTRY_RESOLVED=0;IMAGE_DECODED=0; ARK_TAIL=RAW_ONLY(218757 retraction stands)"
246500,PCG_9_3_5,SHAPE->NITEXTURINGPROPERTY->ARKTEXTURE_ENTRY (aggregated),BASE/DARK/etc,see private JSONL,"Textures.bnt (8,381 entries)","NAME_FOUND_EXACT=0; NAME_BASE_MATCH_EXTENSION_DIFF=0; NAME_NOT_FOUND=1; MATERIAL_REFERENCE_CONFIRMED=1; MATERIAL_APPLIED=0;BROWSER_OBSERVED=0; CONTAINER_ENTRY_RESOLVED=0;IMAGE_DECODED=0; ARK_TAIL=RAW_ONLY(218757 retraction stands)"
246505,PCG_9_3_5,SHAPE->NITEXTURINGPROPERTY->ARKTEXTURE_ENTRY (aggregated),BASE/DARK/etc,see private JSONL,"Textures.bnt (8,381 entries)","NAME_FOUND_EXACT=0; NAME_BASE_MATCH_EXTENSION_DIFF=0; NAME_NOT_FOUND=1; MATERIAL_REFERENCE_CONFIRMED=1; MATERIAL_APPLIED=0;BROWSER_OBSERVED=0; CONTAINER_ENTRY_RESOLVED=0;IMAGE_DECODED=0; ARK_TAIL=RAW_ONLY(218757 retraction stands)"
246508,PCG_9_3_5,SHAPE->NITEXTURINGPROPERTY->ARKTEXTURE_ENTRY (aggregated),BASE/DARK/etc,see private JSONL,"Textures.bnt (8,381 entries)","NAME_FOUND_EXACT=0; NAME_BASE_MATCH_EXTENSION_DIFF=0; NAME_NOT_FOUND=1; MATERIAL_REFERENCE_CONFIRMED=1; MATERIAL_APPLIED=0;BROWSER_OBSERVED=0; CONTAINER_ENTRY_RESOLVED=0;IMAGE_DECODED=0; ARK_TAIL=RAW_ONLY(218757 retraction stands)"
246519,PCG_9_3_5,SHAPE->NITEXTURINGPROPERTY->ARKTEXTURE_ENTRY (aggregated),BASE/DARK/etc,see private JSONL,"Textures.bnt (8,381 entries)","NAME_FOUND_EXACT=0; NAME_BASE_MATCH_EXTENSION_DIFF=0; NAME_NOT_FOUND=1; MATERIAL_REFERENCE_CONFIRMED=1; MATERIAL_APPLIED=0;BROWSER_OBSERVED=0; CONTAINER_ENTRY_RESOLVED=0;IMAGE_DECODED=0; ARK_TAIL=RAW_ONLY(218757 retraction stands)"
246524,PCG_9_3_5,SHAPE->NITEXTURINGPROPERTY->ARKTEXTURE_ENTRY (aggregated),BASE/DARK/etc,see private JSONL,"Textures.bnt (8,381 entries)","NAME_FOUND_EXACT=0; NAME_BASE_MATCH_EXTENSION_DIFF=0; NAME_NOT_FOUND=1; MATERIAL_REFERENCE_CONFIRMED=1; MATERIAL_APPLIED=0;BROWSER_OBSERVED=0; CONTAINER_ENTRY_RESOLVED=0;IMAGE_DECODED=0; ARK_TAIL=RAW_ONLY(218757 retraction stands)"
246532,PCG_9_3_5,SHAPE->NITEXTURINGPROPERTY->ARKTEXTURE_ENTRY (aggregated),BASE/DARK/etc,see private JSONL,"Textures.bnt (8,381 entries)","NAME_FOUND_EXACT=0; NAME_BASE_MATCH_EXTENSION_DIFF=0; NAME_NOT_FOUND=1; MATERIAL_REFERENCE_CONFIRMED=1; MATERIAL_APPLIED=0;BROWSER_OBSERVED=0; CONTAINER_ENTRY_RESOLVED=0;IMAGE_DECODED=0; ARK_TAIL=RAW_ONLY(218757 retraction stands)"
246535,PCG_9_3_5,SHAPE->NITEXTURINGPROPERTY->ARKTEXTURE_ENTRY (aggregated),BASE/DARK/etc,see private JSONL,"Textures.bnt (8,381 entries)","NAME_FOUND_EXACT=0; NAME_BASE_MATCH_EXTENSION_DIFF=0; NAME_NOT_FOUND=1; MATERIAL_REFERENCE_CONFIRMED=1; MATERIAL_APPLIED=0;BROWSER_OBSERVED=0; CONTAINER_ENTRY_RESOLVED=0;IMAGE_DECODED=0; ARK_TAIL=RAW_ONLY(218757 retraction stands)"
246538,PCG_9_3_5,SHAPE->NITEXTURINGPROPERTY->ARKTEXTURE_ENTRY (aggregated),BASE/DARK/etc,see private JSONL,"Textures.bnt (8,381 entries)","NAME_FOUND_EXACT=0; NAME_BASE_MATCH_EXTENSION_DIFF=0; NAME_NOT_FOUND=1; MATERIAL_REFERENCE_CONFIRMED=1; MATERIAL_APPLIED=0;BROWSER_OBSERVED=0; CONTAINER_ENTRY_RESOLVED=0;IMAGE_DECODED=0; ARK_TAIL=RAW_ONLY(218757 retraction stands)"
246548,PCG_9_3_5,SHAPE->NITEXTURINGPROPERTY->ARKTEXTURE_ENTRY (aggregated),BASE/DARK/etc,see private JSONL,"Textures.bnt (8,381 entries)","NAME_FOUND_EXACT=0; NAME_BASE_MATCH_EXTENSION_DIFF=0; NAME_NOT_FOUND=1; MATERIAL_REFERENCE_CONFIRMED=1; MATERIAL_APPLIED=0;BROWSER_OBSERVED=0; CONTAINER_ENTRY_RESOLVED=0;IMAGE_DECODED=0; ARK_TAIL=RAW_ONLY(218757 retraction stands)"
246642,PCG_9_3_5,SHAPE->NITEXTURINGPROPERTY->ARKTEXTURE_ENTRY (aggregated),BASE/DARK/etc,see private JSONL,"Textures.bnt (8,381 entries)","NAME_FOUND_EXACT=0; NAME_BASE_MATCH_EXTENSION_DIFF=0; NAME_NOT_FOUND=1; MATERIAL_REFERENCE_CONFIRMED=1; MATERIAL_APPLIED=0;BROWSER_OBSERVED=0; CONTAINER_ENTRY_RESOLVED=0;IMAGE_DECODED=0; ARK_TAIL=RAW_ONLY(218757 retraction stands)"
246693,PCG_9_3_5,SHAPE->NITEXTURINGPROPERTY->ARKTEXTURE_ENTRY (aggregated),BASE/DARK/etc,see private JSONL,"Textures.bnt (8,381 entries)","NAME_FOUND_EXACT=0; NAME_BASE_MATCH_EXTENSION_DIFF=0; NAME_NOT_FOUND=1; MATERIAL_REFERENCE_CONFIRMED=1; MATERIAL_APPLIED=0;BROWSER_OBSERVED=0; CONTAINER_ENTRY_RESOLVED=0;IMAGE_DECODED=0; ARK_TAIL=RAW_ONLY(218757 retraction stands)"
246702,PCG_9_3_5,SHAPE->NITEXTURINGPROPERTY->ARKTEXTURE_ENTRY (aggregated),BASE/DARK/etc,see private JSONL,"Textures.bnt (8,381 entries)","NAME_FOUND_EXACT=0; NAME_BASE_MATCH_EXTENSION_DIFF=0; NAME_NOT_FOUND=1; MATERIAL_REFERENCE_CONFIRMED=1; MATERIAL_APPLIED=0;BROWSER_OBSERVED=0; CONTAINER_ENTRY_RESOLVED=0;IMAGE_DECODED=0; ARK_TAIL=RAW_ONLY(218757 retraction stands)"
246708,PCG_9_3_5,SHAPE->NITEXTURINGPROPERTY->ARKTEXTURE_ENTRY (aggregated),BASE/DARK/etc,see private JSONL,"Textures.bnt (8,381 entries)","NAME_FOUND_EXACT=0; NAME_BASE_MATCH_EXTENSION_DIFF=0; NAME_NOT_FOUND=1; MATERIAL_REFERENCE_CONFIRMED=1; MATERIAL_APPLIED=0;BROWSER_OBSERVED=0; CONTAINER_ENTRY_RESOLVED=0;IMAGE_DECODED=0; ARK_TAIL=RAW_ONLY(218757 retraction stands)"
246711,PCG_9_3_5,SHAPE->NITEXTURINGPROPERTY->ARKTEXTURE_ENTRY (aggregated),BASE/DARK/etc,see private JSONL,"Textures.bnt (8,381 entries)","NAME_FOUND_EXACT=0; NAME_BASE_MATCH_EXTENSION_DIFF=0; NAME_NOT_FOUND=1; MATERIAL_REFERENCE_CONFIRMED=1; MATERIAL_APPLIED=0;BROWSER_OBSERVED=0; CONTAINER_ENTRY_RESOLVED=0;IMAGE_DECODED=0; ARK_TAIL=RAW_ONLY(218757 retraction stands)"
246761,PCG_9_3_5,SHAPE->NITEXTURINGPROPERTY->ARKTEXTURE_ENTRY (aggregated),BASE/DARK/etc,see private JSONL,"Textures.bnt (8,381 entries)","NAME_FOUND_EXACT=0; NAME_BASE_MATCH_EXTENSION_DIFF=0; NAME_NOT_FOUND=1; MATERIAL_REFERENCE_CONFIRMED=1; MATERIAL_APPLIED=0;BROWSER_OBSERVED=0; CONTAINER_ENTRY_RESOLVED=0;IMAGE_DECODED=0; ARK_TAIL=RAW_ONLY(218757 retraction stands)"
246766,PCG_9_3_5,SHAPE->NITEXTURINGPROPERTY->ARKTEXTURE_ENTRY (aggregated),BASE/DARK/etc,see private JSONL,"Textures.bnt (8,381 entries)","NAME_FOUND_EXACT=0; NAME_BASE_MATCH_EXTENSION_DIFF=0; NAME_NOT_FOUND=1; MATERIAL_REFERENCE_CONFIRMED=1; MATERIAL_APPLIED=0;BROWSER_OBSERVED=0; CONTAINER_ENTRY_RESOLVED=0;IMAGE_DECODED=0; ARK_TAIL=RAW_ONLY(218757 retraction stands)"
246771,PCG_9_3_5,SHAPE->NITEXTURINGPROPERTY->ARKTEXTURE_ENTRY (aggregated),BASE/DARK/etc,see private JSONL,"Textures.bnt (8,381 entries)","NAME_FOUND_EXACT=0; NAME_BASE_MATCH_EXTENSION_DIFF=0; NAME_NOT_FOUND=1; MATERIAL_REFERENCE_CONFIRMED=1; MATERIAL_APPLIED=0;BROWSER_OBSERVED=0; CONTAINER_ENTRY_RESOLVED=0;IMAGE_DECODED=0; ARK_TAIL=RAW_ONLY(218757 retraction stands)"
246774,PCG_9_3_5,SHAPE->NITEXTURINGPROPERTY->ARKTEXTURE_ENTRY (aggregated),BASE/DARK/etc,see private JSONL,"Textures.bnt (8,381 entries)","NAME_FOUND_EXACT=0; NAME_BASE_MATCH_EXTENSION_DIFF=0; NAME_NOT_FOUND=1; MATERIAL_REFERENCE_CONFIRMED=1; MATERIAL_APPLIED=0;BROWSER_OBSERVED=0; CONTAINER_ENTRY_RESOLVED=0;IMAGE_DECODED=0; ARK_TAIL=RAW_ONLY(218757 retraction stands)"
246784,PCG_9_3_5,SHAPE->NITEXTURINGPROPERTY->ARKTEXTURE_ENTRY (aggregated),BASE/DARK/etc,see private JSONL,"Textures.bnt (8,381 entries)","NAME_FOUND_EXACT=0; NAME_BASE_MATCH_EXTENSION_DIFF=0; NAME_NOT_FOUND=1; MATERIAL_REFERENCE_CONFIRMED=1; MATERIAL_APPLIED=0;BROWSER_OBSERVED=0; CONTAINER_ENTRY_RESOLVED=0;IMAGE_DECODED=0; ARK_TAIL=RAW_ONLY(218757 retraction stands)"
246791,PCG_9_3_5,SHAPE->NITEXTURINGPROPERTY->ARKTEXTURE_ENTRY (aggregated),BASE/DARK/etc,see private JSONL,"Textures.bnt (8,381 entries)","NAME_FOUND_EXACT=0; NAME_BASE_MATCH_EXTENSION_DIFF=0; NAME_NOT_FOUND=1; MATERIAL_REFERENCE_CONFIRMED=1; MATERIAL_APPLIED=0;BROWSER_OBSERVED=0; CONTAINER_ENTRY_RESOLVED=0;IMAGE_DECODED=0; ARK_TAIL=RAW_ONLY(218757 retraction stands)"
246804,PCG_9_3_5,SHAPE->NITEXTURINGPROPERTY->ARKTEXTURE_ENTRY (aggregated),BASE/DARK/etc,see private JSONL,"Textures.bnt (8,381 entries)","NAME_FOUND_EXACT=0; NAME_BASE_MATCH_EXTENSION_DIFF=0; NAME_NOT_FOUND=1; MATERIAL_REFERENCE_CONFIRMED=1; MATERIAL_APPLIED=0;BROWSER_OBSERVED=0; CONTAINER_ENTRY_RESOLVED=0;IMAGE_DECODED=0; ARK_TAIL=RAW_ONLY(218757 retraction stands)"
246809,PCG_9_3_5,SHAPE->NITEXTURINGPROPERTY->ARKTEXTURE_ENTRY (aggregated),BASE/DARK/etc,see private JSONL,"Textures.bnt (8,381 entries)","NAME_FOUND_EXACT=0; NAME_BASE_MATCH_EXTENSION_DIFF=0; NAME_NOT_FOUND=1; MATERIAL_REFERENCE_CONFIRMED=1; MATERIAL_APPLIED=0;BROWSER_OBSERVED=0; CONTAINER_ENTRY_RESOLVED=0;IMAGE_DECODED=0; ARK_TAIL=RAW_ONLY(218757 retraction stands)"
246812,PCG_9_3_5,SHAPE->NITEXTURINGPROPERTY->ARKTEXTURE_ENTRY (aggregated),BASE/DARK/etc,see private JSONL,"Textures.bnt (8,381 entries)","NAME_FOUND_EXACT=0; NAME_BASE_MATCH_EXTENSION_DIFF=0; NAME_NOT_FOUND=1; MATERIAL_REFERENCE_CONFIRMED=1; MATERIAL_APPLIED=0;BROWSER_OBSERVED=0; CONTAINER_ENTRY_RESOLVED=0;IMAGE_DECODED=0; ARK_TAIL=RAW_ONLY(218757 retraction stands)"
246817,PCG_9_3_5,SHAPE->NITEXTURINGPROPERTY->ARKTEXTURE_ENTRY (aggregated),BASE/DARK/etc,see private JSONL,"Textures.bnt (8,381 entries)","NAME_FOUND_EXACT=0; NAME_BASE_MATCH_EXTENSION_DIFF=0; NAME_NOT_FOUND=1; MATERIAL_REFERENCE_CONFIRMED=1; MATERIAL_APPLIED=0;BROWSER_OBSERVED=0; CONTAINER_ENTRY_RESOLVED=0;IMAGE_DECODED=0; ARK_TAIL=RAW_ONLY(218757 retraction stands)"
246822,PCG_9_3_5,SHAPE->NITEXTURINGPROPERTY->ARKTEXTURE_ENTRY (aggregated),BASE/DARK/etc,see private JSONL,"Textures.bnt (8,381 entries)","NAME_FOUND_EXACT=0; NAME_BASE_MATCH_EXTENSION_DIFF=0; NAME_NOT_FOUND=1; MATERIAL_REFERENCE_CONFIRMED=1; MATERIAL_APPLIED=0;BROWSER_OBSERVED=0; CONTAINER_ENTRY_RESOLVED=0;IMAGE_DECODED=0; ARK_TAIL=RAW_ONLY(218757 retraction stands)"
246828,PCG_9_3_5,SHAPE->NITEXTURINGPROPERTY->ARKTEXTURE_ENTRY (aggregated),BASE/DARK/etc,see private JSONL,"Textures.bnt (8,381 entries)","NAME_FOUND_EXACT=0; NAME_BASE_MATCH_EXTENSION_DIFF=0; NAME_NOT_FOUND=1; MATERIAL_REFERENCE_CONFIRMED=1; MATERIAL_APPLIED=0;BROWSER_OBSERVED=0; CONTAINER_ENTRY_RESOLVED=0;IMAGE_DECODED=0; ARK_TAIL=RAW_ONLY(218757 retraction stands)"
246833,PCG_9_3_5,SHAPE->NITEXTURINGPROPERTY->ARKTEXTURE_ENTRY (aggregated),BASE/DARK/etc,see private JSONL,"Textures.bnt (8,381 entries)","NAME_FOUND_EXACT=0; NAME_BASE_MATCH_EXTENSION_DIFF=0; NAME_NOT_FOUND=1; MATERIAL_REFERENCE_CONFIRMED=1; MATERIAL_APPLIED=0;BROWSER_OBSERVED=0; CONTAINER_ENTRY_RESOLVED=0;IMAGE_DECODED=0; ARK_TAIL=RAW_ONLY(218757 retraction stands)"
246836,PCG_9_3_5,SHAPE->NITEXTURINGPROPERTY->ARKTEXTURE_ENTRY (aggregated),BASE/DARK/etc,see private JSONL,"Textures.bnt (8,381 entries)","NAME_FOUND_EXACT=0; NAME_BASE_MATCH_EXTENSION_DIFF=0; NAME_NOT_FOUND=1; MATERIAL_REFERENCE_CONFIRMED=1; MATERIAL_APPLIED=0;BROWSER_OBSERVED=0; CONTAINER_ENTRY_RESOLVED=0;IMAGE_DECODED=0; ARK_TAIL=RAW_ONLY(218757 retraction stands)"
246839,PCG_9_3_5,SHAPE->NITEXTURINGPROPERTY->ARKTEXTURE_ENTRY (aggregated),BASE/DARK/etc,see private JSONL,"Textures.bnt (8,381 entries)","NAME_FOUND_EXACT=0; NAME_BASE_MATCH_EXTENSION_DIFF=0; NAME_NOT_FOUND=1; MATERIAL_REFERENCE_CONFIRMED=1; MATERIAL_APPLIED=0;BROWSER_OBSERVED=0; CONTAINER_ENTRY_RESOLVED=0;IMAGE_DECODED=0; ARK_TAIL=RAW_ONLY(218757 retraction stands)"
246842,PCG_9_3_5,SHAPE->NITEXTURINGPROPERTY->ARKTEXTURE_ENTRY (aggregated),BASE/DARK/etc,see private JSONL,"Textures.bnt (8,381 entries)","NAME_FOUND_EXACT=0; NAME_BASE_MATCH_EXTENSION_DIFF=0; NAME_NOT_FOUND=1; MATERIAL_REFERENCE_CONFIRMED=1; MATERIAL_APPLIED=0;BROWSER_OBSERVED=0; CONTAINER_ENTRY_RESOLVED=0;IMAGE_DECODED=0; ARK_TAIL=RAW_ONLY(218757 retraction stands)"
246845,PCG_9_3_5,SHAPE->NITEXTURINGPROPERTY->ARKTEXTURE_ENTRY (aggregated),BASE/DARK/etc,see private JSONL,"Textures.bnt (8,381 entries)","NAME_FOUND_EXACT=0; NAME_BASE_MATCH_EXTENSION_DIFF=0; NAME_NOT_FOUND=1; MATERIAL_REFERENCE_CONFIRMED=1; MATERIAL_APPLIED=0;BROWSER_OBSERVED=0; CONTAINER_ENTRY_RESOLVED=0;IMAGE_DECODED=0; ARK_TAIL=RAW_ONLY(218757 retraction stands)"
247785,PCG_9_3_5,SHAPE->NITEXTURINGPROPERTY->ARKTEXTURE_ENTRY (aggregated),BASE/DARK/etc,see private JSONL,"Textures.bnt (8,381 entries)","NAME_FOUND_EXACT=0; NAME_BASE_MATCH_EXTENSION_DIFF=0; NAME_NOT_FOUND=1; MATERIAL_REFERENCE_CONFIRMED=1; MATERIAL_APPLIED=0;BROWSER_OBSERVED=0; CONTAINER_ENTRY_RESOLVED=0;IMAGE_DECODED=0; ARK_TAIL=RAW_ONLY(218757 retraction stands)"
247788,PCG_9_3_5,SHAPE->NITEXTURINGPROPERTY->ARKTEXTURE_ENTRY (aggregated),BASE/DARK/etc,see private JSONL,"Textures.bnt (8,381 entries)","NAME_FOUND_EXACT=0; NAME_BASE_MATCH_EXTENSION_DIFF=0; NAME_NOT_FOUND=1; MATERIAL_REFERENCE_CONFIRMED=1; MATERIAL_APPLIED=0;BROWSER_OBSERVED=0; CONTAINER_ENTRY_RESOLVED=0;IMAGE_DECODED=0; ARK_TAIL=RAW_ONLY(218757 retraction stands)"
25081,PCG_9_3_5,SHAPE->NITEXTURINGPROPERTY->ARKTEXTURE_ENTRY (aggregated),BASE/DARK/etc,see private JSONL,"Textures.bnt (8,381 entries)","NAME_FOUND_EXACT=0; NAME_BASE_MATCH_EXTENSION_DIFF=0; NAME_NOT_FOUND=2; MATERIAL_REFERENCE_CONFIRMED=0; MATERIAL_APPLIED=0;BROWSER_OBSERVED=0; CONTAINER_ENTRY_RESOLVED=0;IMAGE_DECODED=0; ARK_TAIL=RAW_ONLY(218757 retraction stands)"
255896,PCG_9_3_5,SHAPE->NITEXTURINGPROPERTY->ARKTEXTURE_ENTRY (aggregated),BASE/DARK/etc,see private JSONL,"Textures.bnt (8,381 entries)","NAME_FOUND_EXACT=0; NAME_BASE_MATCH_EXTENSION_DIFF=0; NAME_NOT_FOUND=18; MATERIAL_REFERENCE_CONFIRMED=4; MATERIAL_APPLIED=0;BROWSER_OBSERVED=0; CONTAINER_ENTRY_RESOLVED=0;IMAGE_DECODED=0; ARK_TAIL=RAW_ONLY(218757 retraction stands)"
262025,PCG_9_3_5,SHAPE->NITEXTURINGPROPERTY->ARKTEXTURE_ENTRY (aggregated),BASE/DARK/etc,see private JSONL,"Textures.bnt (8,381 entries)","NAME_FOUND_EXACT=0; NAME_BASE_MATCH_EXTENSION_DIFF=0; NAME_NOT_FOUND=1; MATERIAL_REFERENCE_CONFIRMED=0; MATERIAL_APPLIED=0;BROWSER_OBSERVED=0; CONTAINER_ENTRY_RESOLVED=0;IMAGE_DECODED=0; ARK_TAIL=RAW_ONLY(218757 retraction stands)"
262056,PCG_9_3_5,SHAPE->NITEXTURINGPROPERTY->ARKTEXTURE_ENTRY (aggregated),BASE/DARK/etc,see private JSONL,"Textures.bnt (8,381 entries)","NAME_FOUND_EXACT=0; NAME_BASE_MATCH_EXTENSION_DIFF=0; NAME_NOT_FOUND=1; MATERIAL_REFERENCE_CONFIRMED=0; MATERIAL_APPLIED=0;BROWSER_OBSERVED=0; CONTAINER_ENTRY_RESOLVED=0;IMAGE_DECODED=0; ARK_TAIL=RAW_ONLY(218757 retraction stands)"
26382,PCG_9_3_5,SHAPE->NITEXTURINGPROPERTY->ARKTEXTURE_ENTRY (aggregated),BASE/DARK/etc,see private JSONL,"Textures.bnt (8,381 entries)","NAME_FOUND_EXACT=0; NAME_BASE_MATCH_EXTENSION_DIFF=0; NAME_NOT_FOUND=2; MATERIAL_REFERENCE_CONFIRMED=0; MATERIAL_APPLIED=0;BROWSER_OBSERVED=0; CONTAINER_ENTRY_RESOLVED=0;IMAGE_DECODED=0; ARK_TAIL=RAW_ONLY(218757 retraction stands)"
267116,PCG_9_3_5,SHAPE->NITEXTURINGPROPERTY->ARKTEXTURE_ENTRY (aggregated),BASE/DARK/etc,see private JSONL,"Textures.bnt (8,381 entries)","NAME_FOUND_EXACT=0; NAME_BASE_MATCH_EXTENSION_DIFF=0; NAME_NOT_FOUND=1; MATERIAL_REFERENCE_CONFIRMED=0; MATERIAL_APPLIED=0;BROWSER_OBSERVED=0; CONTAINER_ENTRY_RESOLVED=0;IMAGE_DECODED=0; ARK_TAIL=RAW_ONLY(218757 retraction stands)"
27667,PCG_9_3_5,SHAPE->NITEXTURINGPROPERTY->ARKTEXTURE_ENTRY (aggregated),BASE/DARK/etc,see private JSONL,"Textures.bnt (8,381 entries)","NAME_FOUND_EXACT=0; NAME_BASE_MATCH_EXTENSION_DIFF=0; NAME_NOT_FOUND=1; MATERIAL_REFERENCE_CONFIRMED=0; MATERIAL_APPLIED=0;BROWSER_OBSERVED=0; CONTAINER_ENTRY_RESOLVED=0;IMAGE_DECODED=0; ARK_TAIL=RAW_ONLY(218757 retraction stands)"
27856,PCG_9_3_5,SHAPE->NITEXTURINGPROPERTY->ARKTEXTURE_ENTRY (aggregated),BASE/DARK/etc,see private JSONL,"Textures.bnt (8,381 entries)","NAME_FOUND_EXACT=0; NAME_BASE_MATCH_EXTENSION_DIFF=0; NAME_NOT_FOUND=2; MATERIAL_REFERENCE_CONFIRMED=0; MATERIAL_APPLIED=0;BROWSER_OBSERVED=0; CONTAINER_ENTRY_RESOLVED=0;IMAGE_DECODED=0; ARK_TAIL=RAW_ONLY(218757 retraction stands)"
27875,PCG_9_3_5,SHAPE->NITEXTURINGPROPERTY->ARKTEXTURE_ENTRY (aggregated),BASE/DARK/etc,see private JSONL,"Textures.bnt (8,381 entries)","NAME_FOUND_EXACT=0; NAME_BASE_MATCH_EXTENSION_DIFF=0; NAME_NOT_FOUND=2; MATERIAL_REFERENCE_CONFIRMED=0; MATERIAL_APPLIED=0;BROWSER_OBSERVED=0; CONTAINER_ENTRY_RESOLVED=0;IMAGE_DECODED=0; ARK_TAIL=RAW_ONLY(218757 retraction stands)"
27879,PCG_9_3_5,SHAPE->NITEXTURINGPROPERTY->ARKTEXTURE_ENTRY (aggregated),BASE/DARK/etc,see private JSONL,"Textures.bnt (8,381 entries)","NAME_FOUND_EXACT=0; NAME_BASE_MATCH_EXTENSION_DIFF=0; NAME_NOT_FOUND=1; MATERIAL_REFERENCE_CONFIRMED=0; MATERIAL_APPLIED=0;BROWSER_OBSERVED=0; CONTAINER_ENTRY_RESOLVED=0;IMAGE_DECODED=0; ARK_TAIL=RAW_ONLY(218757 retraction stands)"
27880,PCG_9_3_5,SHAPE->NITEXTURINGPROPERTY->ARKTEXTURE_ENTRY (aggregated),BASE/DARK/etc,see private JSONL,"Textures.bnt (8,381 entries)","NAME_FOUND_EXACT=0; NAME_BASE_MATCH_EXTENSION_DIFF=0; NAME_NOT_FOUND=1; MATERIAL_REFERENCE_CONFIRMED=0; MATERIAL_APPLIED=0;BROWSER_OBSERVED=0; CONTAINER_ENTRY_RESOLVED=0;IMAGE_DECODED=0; ARK_TAIL=RAW_ONLY(218757 retraction stands)"
27881,PCG_9_3_5,SHAPE->NITEXTURINGPROPERTY->ARKTEXTURE_ENTRY (aggregated),BASE/DARK/etc,see private JSONL,"Textures.bnt (8,381 entries)","NAME_FOUND_EXACT=0; NAME_BASE_MATCH_EXTENSION_DIFF=0; NAME_NOT_FOUND=2; MATERIAL_REFERENCE_CONFIRMED=0; MATERIAL_APPLIED=0;BROWSER_OBSERVED=0; CONTAINER_ENTRY_RESOLVED=0;IMAGE_DECODED=0; ARK_TAIL=RAW_ONLY(218757 retraction stands)"
27882,PCG_9_3_5,SHAPE->NITEXTURINGPROPERTY->ARKTEXTURE_ENTRY (aggregated),BASE/DARK/etc,see private JSONL,"Textures.bnt (8,381 entries)","NAME_FOUND_EXACT=0; NAME_BASE_MATCH_EXTENSION_DIFF=0; NAME_NOT_FOUND=1; MATERIAL_REFERENCE_CONFIRMED=0; MATERIAL_APPLIED=0;BROWSER_OBSERVED=0; CONTAINER_ENTRY_RESOLVED=0;IMAGE_DECODED=0; ARK_TAIL=RAW_ONLY(218757 retraction stands)"
27883,PCG_9_3_5,SHAPE->NITEXTURINGPROPERTY->ARKTEXTURE_ENTRY (aggregated),BASE/DARK/etc,see private JSONL,"Textures.bnt (8,381 entries)","NAME_FOUND_EXACT=0; NAME_BASE_MATCH_EXTENSION_DIFF=0; NAME_NOT_FOUND=2; MATERIAL_REFERENCE_CONFIRMED=0; MATERIAL_APPLIED=0;BROWSER_OBSERVED=0; CONTAINER_ENTRY_RESOLVED=0;IMAGE_DECODED=0; ARK_TAIL=RAW_ONLY(218757 retraction stands)"
27884,PCG_9_3_5,SHAPE->NITEXTURINGPROPERTY->ARKTEXTURE_ENTRY (aggregated),BASE/DARK/etc,see private JSONL,"Textures.bnt (8,381 entries)","NAME_FOUND_EXACT=0; NAME_BASE_MATCH_EXTENSION_DIFF=0; NAME_NOT_FOUND=2; MATERIAL_REFERENCE_CONFIRMED=0; MATERIAL_APPLIED=0;BROWSER_OBSERVED=0; CONTAINER_ENTRY_RESOLVED=0;IMAGE_DECODED=0; ARK_TAIL=RAW_ONLY(218757 retraction stands)"
27888,PCG_9_3_5,SHAPE->NITEXTURINGPROPERTY->ARKTEXTURE_ENTRY (aggregated),BASE/DARK/etc,see private JSONL,"Textures.bnt (8,381 entries)","NAME_FOUND_EXACT=0; NAME_BASE_MATCH_EXTENSION_DIFF=0; NAME_NOT_FOUND=2; MATERIAL_REFERENCE_CONFIRMED=0; MATERIAL_APPLIED=0;BROWSER_OBSERVED=0; CONTAINER_ENTRY_RESOLVED=0;IMAGE_DECODED=0; ARK_TAIL=RAW_ONLY(218757 retraction stands)"
27893,PCG_9_3_5,SHAPE->NITEXTURINGPROPERTY->ARKTEXTURE_ENTRY (aggregated),BASE/DARK/etc,see private JSONL,"Textures.bnt (8,381 entries)","NAME_FOUND_EXACT=0; NAME_BASE_MATCH_EXTENSION_DIFF=0; NAME_NOT_FOUND=1; MATERIAL_REFERENCE_CONFIRMED=0; MATERIAL_APPLIED=0;BROWSER_OBSERVED=0; CONTAINER_ENTRY_RESOLVED=0;IMAGE_DECODED=0; ARK_TAIL=RAW_ONLY(218757 retraction stands)"
27894,PCG_9_3_5,SHAPE->NITEXTURINGPROPERTY->ARKTEXTURE_ENTRY (aggregated),BASE/DARK/etc,see private JSONL,"Textures.bnt (8,381 entries)","NAME_FOUND_EXACT=0; NAME_BASE_MATCH_EXTENSION_DIFF=0; NAME_NOT_FOUND=1; MATERIAL_REFERENCE_CONFIRMED=0; MATERIAL_APPLIED=0;BROWSER_OBSERVED=0; CONTAINER_ENTRY_RESOLVED=0;IMAGE_DECODED=0; ARK_TAIL=RAW_ONLY(218757 retraction stands)"
27896,PCG_9_3_5,SHAPE->NITEXTURINGPROPERTY->ARKTEXTURE_ENTRY (aggregated),BASE/DARK/etc,see private JSONL,"Textures.bnt (8,381 entries)","NAME_FOUND_EXACT=0; NAME_BASE_MATCH_EXTENSION_DIFF=0; NAME_NOT_FOUND=1; MATERIAL_REFERENCE_CONFIRMED=0; MATERIAL_APPLIED=0;BROWSER_OBSERVED=0; CONTAINER_ENTRY_RESOLVED=0;IMAGE_DECODED=0; ARK_TAIL=RAW_ONLY(218757 retraction stands)"
27897,PCG_9_3_5,SHAPE->NITEXTURINGPROPERTY->ARKTEXTURE_ENTRY (aggregated),BASE/DARK/etc,see private JSONL,"Textures.bnt (8,381 entries)","NAME_FOUND_EXACT=0; NAME_BASE_MATCH_EXTENSION_DIFF=0; NAME_NOT_FOUND=1; MATERIAL_REFERENCE_CONFIRMED=0; MATERIAL_APPLIED=0;BROWSER_OBSERVED=0; CONTAINER_ENTRY_RESOLVED=0;IMAGE_DECODED=0; ARK_TAIL=RAW_ONLY(218757 retraction stands)"
27898,PCG_9_3_5,SHAPE->NITEXTURINGPROPERTY->ARKTEXTURE_ENTRY (aggregated),BASE/DARK/etc,see private JSONL,"Textures.bnt (8,381 entries)","NAME_FOUND_EXACT=0; NAME_BASE_MATCH_EXTENSION_DIFF=0; NAME_NOT_FOUND=1; MATERIAL_REFERENCE_CONFIRMED=0; MATERIAL_APPLIED=0;BROWSER_OBSERVED=0; CONTAINER_ENTRY_RESOLVED=0;IMAGE_DECODED=0; ARK_TAIL=RAW_ONLY(218757 retraction stands)"
27899,PCG_9_3_5,SHAPE->NITEXTURINGPROPERTY->ARKTEXTURE_ENTRY (aggregated),BASE/DARK/etc,see private JSONL,"Textures.bnt (8,381 entries)","NAME_FOUND_EXACT=0; NAME_BASE_MATCH_EXTENSION_DIFF=0; NAME_NOT_FOUND=1; MATERIAL_REFERENCE_CONFIRMED=0; MATERIAL_APPLIED=0;BROWSER_OBSERVED=0; CONTAINER_ENTRY_RESOLVED=0;IMAGE_DECODED=0; ARK_TAIL=RAW_ONLY(218757 retraction stands)"
27900,PCG_9_3_5,SHAPE->NITEXTURINGPROPERTY->ARKTEXTURE_ENTRY (aggregated),BASE/DARK/etc,see private JSONL,"Textures.bnt (8,381 entries)","NAME_FOUND_EXACT=0; NAME_BASE_MATCH_EXTENSION_DIFF=0; NAME_NOT_FOUND=1; MATERIAL_REFERENCE_CONFIRMED=0; MATERIAL_APPLIED=0;BROWSER_OBSERVED=0; CONTAINER_ENTRY_RESOLVED=0;IMAGE_DECODED=0; ARK_TAIL=RAW_ONLY(218757 retraction stands)"
279182,PCG_9_3_5,SHAPE->NITEXTURINGPROPERTY->ARKTEXTURE_ENTRY (aggregated),BASE/DARK/etc,see private JSONL,"Textures.bnt (8,381 entries)","NAME_FOUND_EXACT=0; NAME_BASE_MATCH_EXTENSION_DIFF=0; NAME_NOT_FOUND=4; MATERIAL_REFERENCE_CONFIRMED=1; MATERIAL_APPLIED=0;BROWSER_OBSERVED=0; CONTAINER_ENTRY_RESOLVED=0;IMAGE_DECODED=0; ARK_TAIL=RAW_ONLY(218757 retraction stands)"
279184,PCG_9_3_5,SHAPE->NITEXTURINGPROPERTY->ARKTEXTURE_ENTRY (aggregated),BASE/DARK/etc,see private JSONL,"Textures.bnt (8,381 entries)","NAME_FOUND_EXACT=0; NAME_BASE_MATCH_EXTENSION_DIFF=0; NAME_NOT_FOUND=4; MATERIAL_REFERENCE_CONFIRMED=1; MATERIAL_APPLIED=0;BROWSER_OBSERVED=0; CONTAINER_ENTRY_RESOLVED=0;IMAGE_DECODED=0; ARK_TAIL=RAW_ONLY(218757 retraction stands)"
279191,PCG_9_3_5,SHAPE->NITEXTURINGPROPERTY->ARKTEXTURE_ENTRY (aggregated),BASE/DARK/etc,see private JSONL,"Textures.bnt (8,381 entries)","NAME_FOUND_EXACT=0; NAME_BASE_MATCH_EXTENSION_DIFF=0; NAME_NOT_FOUND=4; MATERIAL_REFERENCE_CONFIRMED=1; MATERIAL_APPLIED=0;BROWSER_OBSERVED=0; CONTAINER_ENTRY_RESOLVED=0;IMAGE_DECODED=0; ARK_TAIL=RAW_ONLY(218757 retraction stands)"
279193,PCG_9_3_5,SHAPE->NITEXTURINGPROPERTY->ARKTEXTURE_ENTRY (aggregated),BASE/DARK/etc,see private JSONL,"Textures.bnt (8,381 entries)","NAME_FOUND_EXACT=0; NAME_BASE_MATCH_EXTENSION_DIFF=0; NAME_NOT_FOUND=4; MATERIAL_REFERENCE_CONFIRMED=1; MATERIAL_APPLIED=0;BROWSER_OBSERVED=0; CONTAINER_ENTRY_RESOLVED=0;IMAGE_DECODED=0; ARK_TAIL=RAW_ONLY(218757 retraction stands)"
279194,PCG_9_3_5,SHAPE->NITEXTURINGPROPERTY->ARKTEXTURE_ENTRY (aggregated),BASE/DARK/etc,see private JSONL,"Textures.bnt (8,381 entries)","NAME_FOUND_EXACT=0; NAME_BASE_MATCH_EXTENSION_DIFF=0; NAME_NOT_FOUND=4; MATERIAL_REFERENCE_CONFIRMED=1; MATERIAL_APPLIED=0;BROWSER_OBSERVED=0; CONTAINER_ENTRY_RESOLVED=0;IMAGE_DECODED=0; ARK_TAIL=RAW_ONLY(218757 retraction stands)"
279195,PCG_9_3_5,SHAPE->NITEXTURINGPROPERTY->ARKTEXTURE_ENTRY (aggregated),BASE/DARK/etc,see private JSONL,"Textures.bnt (8,381 entries)","NAME_FOUND_EXACT=0; NAME_BASE_MATCH_EXTENSION_DIFF=0; NAME_NOT_FOUND=4; MATERIAL_REFERENCE_CONFIRMED=1; MATERIAL_APPLIED=0;BROWSER_OBSERVED=0; CONTAINER_ENTRY_RESOLVED=0;IMAGE_DECODED=0; ARK_TAIL=RAW_ONLY(218757 retraction stands)"
279196,PCG_9_3_5,SHAPE->NITEXTURINGPROPERTY->ARKTEXTURE_ENTRY (aggregated),BASE/DARK/etc,see private JSONL,"Textures.bnt (8,381 entries)","NAME_FOUND_EXACT=0; NAME_BASE_MATCH_EXTENSION_DIFF=0; NAME_NOT_FOUND=4; MATERIAL_REFERENCE_CONFIRMED=1; MATERIAL_APPLIED=0;BROWSER_OBSERVED=0; CONTAINER_ENTRY_RESOLVED=0;IMAGE_DECODED=0; ARK_TAIL=RAW_ONLY(218757 retraction stands)"
279198,PCG_9_3_5,SHAPE->NITEXTURINGPROPERTY->ARKTEXTURE_ENTRY (aggregated),BASE/DARK/etc,see private JSONL,"Textures.bnt (8,381 entries)","NAME_FOUND_EXACT=0; NAME_BASE_MATCH_EXTENSION_DIFF=0; NAME_NOT_FOUND=4; MATERIAL_REFERENCE_CONFIRMED=1; MATERIAL_APPLIED=0;BROWSER_OBSERVED=0; CONTAINER_ENTRY_RESOLVED=0;IMAGE_DECODED=0; ARK_TAIL=RAW_ONLY(218757 retraction stands)"
279199,PCG_9_3_5,SHAPE->NITEXTURINGPROPERTY->ARKTEXTURE_ENTRY (aggregated),BASE/DARK/etc,see private JSONL,"Textures.bnt (8,381 entries)","NAME_FOUND_EXACT=0; NAME_BASE_MATCH_EXTENSION_DIFF=0; NAME_NOT_FOUND=4; MATERIAL_REFERENCE_CONFIRMED=1; MATERIAL_APPLIED=0;BROWSER_OBSERVED=0; CONTAINER_ENTRY_RESOLVED=0;IMAGE_DECODED=0; ARK_TAIL=RAW_ONLY(218757 retraction stands)"
279200,PCG_9_3_5,SHAPE->NITEXTURINGPROPERTY->ARKTEXTURE_ENTRY (aggregated),BASE/DARK/etc,see private JSONL,"Textures.bnt (8,381 entries)","NAME_FOUND_EXACT=0; NAME_BASE_MATCH_EXTENSION_DIFF=0; NAME_NOT_FOUND=4; MATERIAL_REFERENCE_CONFIRMED=1; MATERIAL_APPLIED=0;BROWSER_OBSERVED=0; CONTAINER_ENTRY_RESOLVED=0;IMAGE_DECODED=0; ARK_TAIL=RAW_ONLY(218757 retraction stands)"
291482,PCG_9_3_5,SHAPE->NITEXTURINGPROPERTY->ARKTEXTURE_ENTRY (aggregated),BASE/DARK/etc,see private JSONL,"Textures.bnt (8,381 entries)","NAME_FOUND_EXACT=0; NAME_BASE_MATCH_EXTENSION_DIFF=0; NAME_NOT_FOUND=1; MATERIAL_REFERENCE_CONFIRMED=0; MATERIAL_APPLIED=0;BROWSER_OBSERVED=0; CONTAINER_ENTRY_RESOLVED=0;IMAGE_DECODED=0; ARK_TAIL=RAW_ONLY(218757 retraction stands)"
291488,PCG_9_3_5,SHAPE->NITEXTURINGPROPERTY->ARKTEXTURE_ENTRY (aggregated),BASE/DARK/etc,see private JSONL,"Textures.bnt (8,381 entries)","NAME_FOUND_EXACT=0; NAME_BASE_MATCH_EXTENSION_DIFF=0; NAME_NOT_FOUND=1; MATERIAL_REFERENCE_CONFIRMED=0; MATERIAL_APPLIED=0;BROWSER_OBSERVED=0; CONTAINER_ENTRY_RESOLVED=0;IMAGE_DECODED=0; ARK_TAIL=RAW_ONLY(218757 retraction stands)"
291667,PCG_9_3_5,SHAPE->NITEXTURINGPROPERTY->ARKTEXTURE_ENTRY (aggregated),BASE/DARK/etc,see private JSONL,"Textures.bnt (8,381 entries)","NAME_FOUND_EXACT=0; NAME_BASE_MATCH_EXTENSION_DIFF=0; NAME_NOT_FOUND=1; MATERIAL_REFERENCE_CONFIRMED=0; MATERIAL_APPLIED=0;BROWSER_OBSERVED=0; CONTAINER_ENTRY_RESOLVED=0;IMAGE_DECODED=0; ARK_TAIL=RAW_ONLY(218757 retraction stands)"
291672,PCG_9_3_5,SHAPE->NITEXTURINGPROPERTY->ARKTEXTURE_ENTRY (aggregated),BASE/DARK/etc,see private JSONL,"Textures.bnt (8,381 entries)","NAME_FOUND_EXACT=0; NAME_BASE_MATCH_EXTENSION_DIFF=0; NAME_NOT_FOUND=1; MATERIAL_REFERENCE_CONFIRMED=0; MATERIAL_APPLIED=0;BROWSER_OBSERVED=0; CONTAINER_ENTRY_RESOLVED=0;IMAGE_DECODED=0; ARK_TAIL=RAW_ONLY(218757 retraction stands)"
291724,PCG_9_3_5,SHAPE->NITEXTURINGPROPERTY->ARKTEXTURE_ENTRY (aggregated),BASE/DARK/etc,see private JSONL,"Textures.bnt (8,381 entries)","NAME_FOUND_EXACT=0; NAME_BASE_MATCH_EXTENSION_DIFF=0; NAME_NOT_FOUND=1; MATERIAL_REFERENCE_CONFIRMED=0; MATERIAL_APPLIED=0;BROWSER_OBSERVED=0; CONTAINER_ENTRY_RESOLVED=0;IMAGE_DECODED=0; ARK_TAIL=RAW_ONLY(218757 retraction stands)"
291733,PCG_9_3_5,SHAPE->NITEXTURINGPROPERTY->ARKTEXTURE_ENTRY (aggregated),BASE/DARK/etc,see private JSONL,"Textures.bnt (8,381 entries)","NAME_FOUND_EXACT=0; NAME_BASE_MATCH_EXTENSION_DIFF=0; NAME_NOT_FOUND=1; MATERIAL_REFERENCE_CONFIRMED=0; MATERIAL_APPLIED=0;BROWSER_OBSERVED=0; CONTAINER_ENTRY_RESOLVED=0;IMAGE_DECODED=0; ARK_TAIL=RAW_ONLY(218757 retraction stands)"
291737,PCG_9_3_5,SHAPE->NITEXTURINGPROPERTY->ARKTEXTURE_ENTRY (aggregated),BASE/DARK/etc,see private JSONL,"Textures.bnt (8,381 entries)","NAME_FOUND_EXACT=0; NAME_BASE_MATCH_EXTENSION_DIFF=0; NAME_NOT_FOUND=1; MATERIAL_REFERENCE_CONFIRMED=0; MATERIAL_APPLIED=0;BROWSER_OBSERVED=0; CONTAINER_ENTRY_RESOLVED=0;IMAGE_DECODED=0; ARK_TAIL=RAW_ONLY(218757 retraction stands)"
291785,PCG_9_3_5,SHAPE->NITEXTURINGPROPERTY->ARKTEXTURE_ENTRY (aggregated),BASE/DARK/etc,see private JSONL,"Textures.bnt (8,381 entries)","NAME_FOUND_EXACT=0; NAME_BASE_MATCH_EXTENSION_DIFF=0; NAME_NOT_FOUND=1; MATERIAL_REFERENCE_CONFIRMED=0; MATERIAL_APPLIED=0;BROWSER_OBSERVED=0; CONTAINER_ENTRY_RESOLVED=0;IMAGE_DECODED=0; ARK_TAIL=RAW_ONLY(218757 retraction stands)"
291790,PCG_9_3_5,SHAPE->NITEXTURINGPROPERTY->ARKTEXTURE_ENTRY (aggregated),BASE/DARK/etc,see private JSONL,"Textures.bnt (8,381 entries)","NAME_FOUND_EXACT=0; NAME_BASE_MATCH_EXTENSION_DIFF=0; NAME_NOT_FOUND=1; MATERIAL_REFERENCE_CONFIRMED=0; MATERIAL_APPLIED=0;BROWSER_OBSERVED=0; CONTAINER_ENTRY_RESOLVED=0;IMAGE_DECODED=0; ARK_TAIL=RAW_ONLY(218757 retraction stands)"
295874,PCG_9_3_5,SHAPE->NITEXTURINGPROPERTY->ARKTEXTURE_ENTRY (aggregated),BASE/DARK/etc,see private JSONL,"Textures.bnt (8,381 entries)","NAME_FOUND_EXACT=0; NAME_BASE_MATCH_EXTENSION_DIFF=0; NAME_NOT_FOUND=1; MATERIAL_REFERENCE_CONFIRMED=0; MATERIAL_APPLIED=0;BROWSER_OBSERVED=0; CONTAINER_ENTRY_RESOLVED=0;IMAGE_DECODED=0; ARK_TAIL=RAW_ONLY(218757 retraction stands)"
295879,PCG_9_3_5,SHAPE->NITEXTURINGPROPERTY->ARKTEXTURE_ENTRY (aggregated),BASE/DARK/etc,see private JSONL,"Textures.bnt (8,381 entries)","NAME_FOUND_EXACT=0; NAME_BASE_MATCH_EXTENSION_DIFF=0; NAME_NOT_FOUND=1; MATERIAL_REFERENCE_CONFIRMED=0; MATERIAL_APPLIED=0;BROWSER_OBSERVED=0; CONTAINER_ENTRY_RESOLVED=0;IMAGE_DECODED=0; ARK_TAIL=RAW_ONLY(218757 retraction stands)"
295932,PCG_9_3_5,SHAPE->NITEXTURINGPROPERTY->ARKTEXTURE_ENTRY (aggregated),BASE/DARK/etc,see private JSONL,"Textures.bnt (8,381 entries)","NAME_FOUND_EXACT=0; NAME_BASE_MATCH_EXTENSION_DIFF=0; NAME_NOT_FOUND=1; MATERIAL_REFERENCE_CONFIRMED=0; MATERIAL_APPLIED=0;BROWSER_OBSERVED=0; CONTAINER_ENTRY_RESOLVED=0;IMAGE_DECODED=0; ARK_TAIL=RAW_ONLY(218757 retraction stands)"
295937,PCG_9_3_5,SHAPE->NITEXTURINGPROPERTY->ARKTEXTURE_ENTRY (aggregated),BASE/DARK/etc,see private JSONL,"Textures.bnt (8,381 entries)","NAME_FOUND_EXACT=0; NAME_BASE_MATCH_EXTENSION_DIFF=0; NAME_NOT_FOUND=1; MATERIAL_REFERENCE_CONFIRMED=0; MATERIAL_APPLIED=0;BROWSER_OBSERVED=0; CONTAINER_ENTRY_RESOLVED=0;IMAGE_DECODED=0; ARK_TAIL=RAW_ONLY(218757 retraction stands)"
295984,PCG_9_3_5,SHAPE->NITEXTURINGPROPERTY->ARKTEXTURE_ENTRY (aggregated),BASE/DARK/etc,see private JSONL,"Textures.bnt (8,381 entries)","NAME_FOUND_EXACT=0; NAME_BASE_MATCH_EXTENSION_DIFF=0; NAME_NOT_FOUND=1; MATERIAL_REFERENCE_CONFIRMED=0; MATERIAL_APPLIED=0;BROWSER_OBSERVED=0; CONTAINER_ENTRY_RESOLVED=0;IMAGE_DECODED=0; ARK_TAIL=RAW_ONLY(218757 retraction stands)"
296003,PCG_9_3_5,SHAPE->NITEXTURINGPROPERTY->ARKTEXTURE_ENTRY (aggregated),BASE/DARK/etc,see private JSONL,"Textures.bnt (8,381 entries)","NAME_FOUND_EXACT=0; NAME_BASE_MATCH_EXTENSION_DIFF=0; NAME_NOT_FOUND=1; MATERIAL_REFERENCE_CONFIRMED=0; MATERIAL_APPLIED=0;BROWSER_OBSERVED=0; CONTAINER_ENTRY_RESOLVED=0;IMAGE_DECODED=0; ARK_TAIL=RAW_ONLY(218757 retraction stands)"
296222,PCG_9_3_5,SHAPE->NITEXTURINGPROPERTY->ARKTEXTURE_ENTRY (aggregated),BASE/DARK/etc,see private JSONL,"Textures.bnt (8,381 entries)","NAME_FOUND_EXACT=0; NAME_BASE_MATCH_EXTENSION_DIFF=0; NAME_NOT_FOUND=1; MATERIAL_REFERENCE_CONFIRMED=0; MATERIAL_APPLIED=0;BROWSER_OBSERVED=0; CONTAINER_ENTRY_RESOLVED=0;IMAGE_DECODED=0; ARK_TAIL=RAW_ONLY(218757 retraction stands)"
296225,PCG_9_3_5,SHAPE->NITEXTURINGPROPERTY->ARKTEXTURE_ENTRY (aggregated),BASE/DARK/etc,see private JSONL,"Textures.bnt (8,381 entries)","NAME_FOUND_EXACT=0; NAME_BASE_MATCH_EXTENSION_DIFF=0; NAME_NOT_FOUND=1; MATERIAL_REFERENCE_CONFIRMED=0; MATERIAL_APPLIED=0;BROWSER_OBSERVED=0; CONTAINER_ENTRY_RESOLVED=0;IMAGE_DECODED=0; ARK_TAIL=RAW_ONLY(218757 retraction stands)"
296228,PCG_9_3_5,SHAPE->NITEXTURINGPROPERTY->ARKTEXTURE_ENTRY (aggregated),BASE/DARK/etc,see private JSONL,"Textures.bnt (8,381 entries)","NAME_FOUND_EXACT=0; NAME_BASE_MATCH_EXTENSION_DIFF=0; NAME_NOT_FOUND=1; MATERIAL_REFERENCE_CONFIRMED=0; MATERIAL_APPLIED=0;BROWSER_OBSERVED=0; CONTAINER_ENTRY_RESOLVED=0;IMAGE_DECODED=0; ARK_TAIL=RAW_ONLY(218757 retraction stands)"
296490,PCG_9_3_5,SHAPE->NITEXTURINGPROPERTY->ARKTEXTURE_ENTRY (aggregated),BASE/DARK/etc,see private JSONL,"Textures.bnt (8,381 entries)","NAME_FOUND_EXACT=0; NAME_BASE_MATCH_EXTENSION_DIFF=0; NAME_NOT_FOUND=1; MATERIAL_REFERENCE_CONFIRMED=0; MATERIAL_APPLIED=0;BROWSER_OBSERVED=0; CONTAINER_ENTRY_RESOLVED=0;IMAGE_DECODED=0; ARK_TAIL=RAW_ONLY(218757 retraction stands)"
296508,PCG_9_3_5,SHAPE->NITEXTURINGPROPERTY->ARKTEXTURE_ENTRY (aggregated),BASE/DARK/etc,see private JSONL,"Textures.bnt (8,381 entries)","NAME_FOUND_EXACT=0; NAME_BASE_MATCH_EXTENSION_DIFF=0; NAME_NOT_FOUND=1; MATERIAL_REFERENCE_CONFIRMED=0; MATERIAL_APPLIED=0;BROWSER_OBSERVED=0; CONTAINER_ENTRY_RESOLVED=0;IMAGE_DECODED=0; ARK_TAIL=RAW_ONLY(218757 retraction stands)"
296720,PCG_9_3_5,SHAPE->NITEXTURINGPROPERTY->ARKTEXTURE_ENTRY (aggregated),BASE/DARK/etc,see private JSONL,"Textures.bnt (8,381 entries)","NAME_FOUND_EXACT=0; NAME_BASE_MATCH_EXTENSION_DIFF=0; NAME_NOT_FOUND=1; MATERIAL_REFERENCE_CONFIRMED=0; MATERIAL_APPLIED=0;BROWSER_OBSERVED=0; CONTAINER_ENTRY_RESOLVED=0;IMAGE_DECODED=0; ARK_TAIL=RAW_ONLY(218757 retraction stands)"
296737,PCG_9_3_5,SHAPE->NITEXTURINGPROPERTY->ARKTEXTURE_ENTRY (aggregated),BASE/DARK/etc,see private JSONL,"Textures.bnt (8,381 entries)","NAME_FOUND_EXACT=0; NAME_BASE_MATCH_EXTENSION_DIFF=0; NAME_NOT_FOUND=1; MATERIAL_REFERENCE_CONFIRMED=0; MATERIAL_APPLIED=0;BROWSER_OBSERVED=0; CONTAINER_ENTRY_RESOLVED=0;IMAGE_DECODED=0; ARK_TAIL=RAW_ONLY(218757 retraction stands)"
296755,PCG_9_3_5,SHAPE->NITEXTURINGPROPERTY->ARKTEXTURE_ENTRY (aggregated),BASE/DARK/etc,see private JSONL,"Textures.bnt (8,381 entries)","NAME_FOUND_EXACT=0; NAME_BASE_MATCH_EXTENSION_DIFF=0; NAME_NOT_FOUND=1; MATERIAL_REFERENCE_CONFIRMED=0; MATERIAL_APPLIED=0;BROWSER_OBSERVED=0; CONTAINER_ENTRY_RESOLVED=0;IMAGE_DECODED=0; ARK_TAIL=RAW_ONLY(218757 retraction stands)"
296773,PCG_9_3_5,SHAPE->NITEXTURINGPROPERTY->ARKTEXTURE_ENTRY (aggregated),BASE/DARK/etc,see private JSONL,"Textures.bnt (8,381 entries)","NAME_FOUND_EXACT=0; NAME_BASE_MATCH_EXTENSION_DIFF=0; NAME_NOT_FOUND=1; MATERIAL_REFERENCE_CONFIRMED=0; MATERIAL_APPLIED=0;BROWSER_OBSERVED=0; CONTAINER_ENTRY_RESOLVED=0;IMAGE_DECODED=0; ARK_TAIL=RAW_ONLY(218757 retraction stands)"
297139,PCG_9_3_5,SHAPE->NITEXTURINGPROPERTY->ARKTEXTURE_ENTRY (aggregated),BASE/DARK/etc,see private JSONL,"Textures.bnt (8,381 entries)","NAME_FOUND_EXACT=0; NAME_BASE_MATCH_EXTENSION_DIFF=0; NAME_NOT_FOUND=1; MATERIAL_REFERENCE_CONFIRMED=0; MATERIAL_APPLIED=0;BROWSER_OBSERVED=0; CONTAINER_ENTRY_RESOLVED=0;IMAGE_DECODED=0; ARK_TAIL=RAW_ONLY(218757 retraction stands)"
297328,PCG_9_3_5,SHAPE->NITEXTURINGPROPERTY->ARKTEXTURE_ENTRY (aggregated),BASE/DARK/etc,see private JSONL,"Textures.bnt (8,381 entries)","NAME_FOUND_EXACT=0; NAME_BASE_MATCH_EXTENSION_DIFF=0; NAME_NOT_FOUND=1; MATERIAL_REFERENCE_CONFIRMED=0; MATERIAL_APPLIED=0;BROWSER_OBSERVED=0; CONTAINER_ENTRY_RESOLVED=0;IMAGE_DECODED=0; ARK_TAIL=RAW_ONLY(218757 retraction stands)"
297336,PCG_9_3_5,SHAPE->NITEXTURINGPROPERTY->ARKTEXTURE_ENTRY (aggregated),BASE/DARK/etc,see private JSONL,"Textures.bnt (8,381 entries)","NAME_FOUND_EXACT=0; NAME_BASE_MATCH_EXTENSION_DIFF=0; NAME_NOT_FOUND=1; MATERIAL_REFERENCE_CONFIRMED=0; MATERIAL_APPLIED=0;BROWSER_OBSERVED=0; CONTAINER_ENTRY_RESOLVED=0;IMAGE_DECODED=0; ARK_TAIL=RAW_ONLY(218757 retraction stands)"
297339,PCG_9_3_5,SHAPE->NITEXTURINGPROPERTY->ARKTEXTURE_ENTRY (aggregated),BASE/DARK/etc,see private JSONL,"Textures.bnt (8,381 entries)","NAME_FOUND_EXACT=0; NAME_BASE_MATCH_EXTENSION_DIFF=0; NAME_NOT_FOUND=1; MATERIAL_REFERENCE_CONFIRMED=0; MATERIAL_APPLIED=0;BROWSER_OBSERVED=0; CONTAINER_ENTRY_RESOLVED=0;IMAGE_DECODED=0; ARK_TAIL=RAW_ONLY(218757 retraction stands)"
297382,PCG_9_3_5,SHAPE->NITEXTURINGPROPERTY->ARKTEXTURE_ENTRY (aggregated),BASE/DARK/etc,see private JSONL,"Textures.bnt (8,381 entries)","NAME_FOUND_EXACT=0; NAME_BASE_MATCH_EXTENSION_DIFF=0; NAME_NOT_FOUND=1; MATERIAL_REFERENCE_CONFIRMED=0; MATERIAL_APPLIED=0;BROWSER_OBSERVED=0; CONTAINER_ENTRY_RESOLVED=0;IMAGE_DECODED=0; ARK_TAIL=RAW_ONLY(218757 retraction stands)"
297389,PCG_9_3_5,SHAPE->NITEXTURINGPROPERTY->ARKTEXTURE_ENTRY (aggregated),BASE/DARK/etc,see private JSONL,"Textures.bnt (8,381 entries)","NAME_FOUND_EXACT=0; NAME_BASE_MATCH_EXTENSION_DIFF=0; NAME_NOT_FOUND=1; MATERIAL_REFERENCE_CONFIRMED=0; MATERIAL_APPLIED=0;BROWSER_OBSERVED=0; CONTAINER_ENTRY_RESOLVED=0;IMAGE_DECODED=0; ARK_TAIL=RAW_ONLY(218757 retraction stands)"
297728,PCG_9_3_5,SHAPE->NITEXTURINGPROPERTY->ARKTEXTURE_ENTRY (aggregated),BASE/DARK/etc,see private JSONL,"Textures.bnt (8,381 entries)","NAME_FOUND_EXACT=0; NAME_BASE_MATCH_EXTENSION_DIFF=0; NAME_NOT_FOUND=1; MATERIAL_REFERENCE_CONFIRMED=0; MATERIAL_APPLIED=0;BROWSER_OBSERVED=0; CONTAINER_ENTRY_RESOLVED=0;IMAGE_DECODED=0; ARK_TAIL=RAW_ONLY(218757 retraction stands)"
297734,PCG_9_3_5,SHAPE->NITEXTURINGPROPERTY->ARKTEXTURE_ENTRY (aggregated),BASE/DARK/etc,see private JSONL,"Textures.bnt (8,381 entries)","NAME_FOUND_EXACT=0; NAME_BASE_MATCH_EXTENSION_DIFF=0; NAME_NOT_FOUND=1; MATERIAL_REFERENCE_CONFIRMED=0; MATERIAL_APPLIED=0;BROWSER_OBSERVED=0; CONTAINER_ENTRY_RESOLVED=0;IMAGE_DECODED=0; ARK_TAIL=RAW_ONLY(218757 retraction stands)"
298441,PCG_9_3_5,SHAPE->NITEXTURINGPROPERTY->ARKTEXTURE_ENTRY (aggregated),BASE/DARK/etc,see private JSONL,"Textures.bnt (8,381 entries)","NAME_FOUND_EXACT=0; NAME_BASE_MATCH_EXTENSION_DIFF=0; NAME_NOT_FOUND=1; MATERIAL_REFERENCE_CONFIRMED=0; MATERIAL_APPLIED=0;BROWSER_OBSERVED=0; CONTAINER_ENTRY_RESOLVED=0;IMAGE_DECODED=0; ARK_TAIL=RAW_ONLY(218757 retraction stands)"
298595,PCG_9_3_5,SHAPE->NITEXTURINGPROPERTY->ARKTEXTURE_ENTRY (aggregated),BASE/DARK/etc,see private JSONL,"Textures.bnt (8,381 entries)","NAME_FOUND_EXACT=0; NAME_BASE_MATCH_EXTENSION_DIFF=0; NAME_NOT_FOUND=1; MATERIAL_REFERENCE_CONFIRMED=0; MATERIAL_APPLIED=0;BROWSER_OBSERVED=0; CONTAINER_ENTRY_RESOLVED=0;IMAGE_DECODED=0; ARK_TAIL=RAW_ONLY(218757 retraction stands)"
298599,PCG_9_3_5,SHAPE->NITEXTURINGPROPERTY->ARKTEXTURE_ENTRY (aggregated),BASE/DARK/etc,see private JSONL,"Textures.bnt (8,381 entries)","NAME_FOUND_EXACT=0; NAME_BASE_MATCH_EXTENSION_DIFF=0; NAME_NOT_FOUND=1; MATERIAL_REFERENCE_CONFIRMED=0; MATERIAL_APPLIED=0;BROWSER_OBSERVED=0; CONTAINER_ENTRY_RESOLVED=0;IMAGE_DECODED=0; ARK_TAIL=RAW_ONLY(218757 retraction stands)"
298603,PCG_9_3_5,SHAPE->NITEXTURINGPROPERTY->ARKTEXTURE_ENTRY (aggregated),BASE/DARK/etc,see private JSONL,"Textures.bnt (8,381 entries)","NAME_FOUND_EXACT=0; NAME_BASE_MATCH_EXTENSION_DIFF=0; NAME_NOT_FOUND=1; MATERIAL_REFERENCE_CONFIRMED=0; MATERIAL_APPLIED=0;BROWSER_OBSERVED=0; CONTAINER_ENTRY_RESOLVED=0;IMAGE_DECODED=0; ARK_TAIL=RAW_ONLY(218757 retraction stands)"
298607,PCG_9_3_5,SHAPE->NITEXTURINGPROPERTY->ARKTEXTURE_ENTRY (aggregated),BASE/DARK/etc,see private JSONL,"Textures.bnt (8,381 entries)","NAME_FOUND_EXACT=0; NAME_BASE_MATCH_EXTENSION_DIFF=0; NAME_NOT_FOUND=1; MATERIAL_REFERENCE_CONFIRMED=0; MATERIAL_APPLIED=0;BROWSER_OBSERVED=0; CONTAINER_ENTRY_RESOLVED=0;IMAGE_DECODED=0; ARK_TAIL=RAW_ONLY(218757 retraction stands)"
298611,PCG_9_3_5,SHAPE->NITEXTURINGPROPERTY->ARKTEXTURE_ENTRY (aggregated),BASE/DARK/etc,see private JSONL,"Textures.bnt (8,381 entries)","NAME_FOUND_EXACT=0; NAME_BASE_MATCH_EXTENSION_DIFF=0; NAME_NOT_FOUND=1; MATERIAL_REFERENCE_CONFIRMED=0; MATERIAL_APPLIED=0;BROWSER_OBSERVED=0; CONTAINER_ENTRY_RESOLVED=0;IMAGE_DECODED=0; ARK_TAIL=RAW_ONLY(218757 retraction stands)"
298618,PCG_9_3_5,SHAPE->NITEXTURINGPROPERTY->ARKTEXTURE_ENTRY (aggregated),BASE/DARK/etc,see private JSONL,"Textures.bnt (8,381 entries)","NAME_FOUND_EXACT=0; NAME_BASE_MATCH_EXTENSION_DIFF=0; NAME_NOT_FOUND=1; MATERIAL_REFERENCE_CONFIRMED=0; MATERIAL_APPLIED=0;BROWSER_OBSERVED=0; CONTAINER_ENTRY_RESOLVED=0;IMAGE_DECODED=0; ARK_TAIL=RAW_ONLY(218757 retraction stands)"
298631,PCG_9_3_5,SHAPE->NITEXTURINGPROPERTY->ARKTEXTURE_ENTRY (aggregated),BASE/DARK/etc,see private JSONL,"Textures.bnt (8,381 entries)","NAME_FOUND_EXACT=0; NAME_BASE_MATCH_EXTENSION_DIFF=0; NAME_NOT_FOUND=1; MATERIAL_REFERENCE_CONFIRMED=0; MATERIAL_APPLIED=0;BROWSER_OBSERVED=0; CONTAINER_ENTRY_RESOLVED=0;IMAGE_DECODED=0; ARK_TAIL=RAW_ONLY(218757 retraction stands)"
298743,PCG_9_3_5,SHAPE->NITEXTURINGPROPERTY->ARKTEXTURE_ENTRY (aggregated),BASE/DARK/etc,see private JSONL,"Textures.bnt (8,381 entries)","NAME_FOUND_EXACT=0; NAME_BASE_MATCH_EXTENSION_DIFF=0; NAME_NOT_FOUND=1; MATERIAL_REFERENCE_CONFIRMED=0; MATERIAL_APPLIED=0;BROWSER_OBSERVED=0; CONTAINER_ENTRY_RESOLVED=0;IMAGE_DECODED=0; ARK_TAIL=RAW_ONLY(218757 retraction stands)"
298746,PCG_9_3_5,SHAPE->NITEXTURINGPROPERTY->ARKTEXTURE_ENTRY (aggregated),BASE/DARK/etc,see private JSONL,"Textures.bnt (8,381 entries)","NAME_FOUND_EXACT=0; NAME_BASE_MATCH_EXTENSION_DIFF=0; NAME_NOT_FOUND=1; MATERIAL_REFERENCE_CONFIRMED=0; MATERIAL_APPLIED=0;BROWSER_OBSERVED=0; CONTAINER_ENTRY_RESOLVED=0;IMAGE_DECODED=0; ARK_TAIL=RAW_ONLY(218757 retraction stands)"
298748,PCG_9_3_5,SHAPE->NITEXTURINGPROPERTY->ARKTEXTURE_ENTRY (aggregated),BASE/DARK/etc,see private JSONL,"Textures.bnt (8,381 entries)","NAME_FOUND_EXACT=0; NAME_BASE_MATCH_EXTENSION_DIFF=0; NAME_NOT_FOUND=1; MATERIAL_REFERENCE_CONFIRMED=0; MATERIAL_APPLIED=0;BROWSER_OBSERVED=0; CONTAINER_ENTRY_RESOLVED=0;IMAGE_DECODED=0; ARK_TAIL=RAW_ONLY(218757 retraction stands)"
298756,PCG_9_3_5,SHAPE->NITEXTURINGPROPERTY->ARKTEXTURE_ENTRY (aggregated),BASE/DARK/etc,see private JSONL,"Textures.bnt (8,381 entries)","NAME_FOUND_EXACT=0; NAME_BASE_MATCH_EXTENSION_DIFF=0; NAME_NOT_FOUND=1; MATERIAL_REFERENCE_CONFIRMED=0; MATERIAL_APPLIED=0;BROWSER_OBSERVED=0; CONTAINER_ENTRY_RESOLVED=0;IMAGE_DECODED=0; ARK_TAIL=RAW_ONLY(218757 retraction stands)"
298799,PCG_9_3_5,SHAPE->NITEXTURINGPROPERTY->ARKTEXTURE_ENTRY (aggregated),BASE/DARK/etc,see private JSONL,"Textures.bnt (8,381 entries)","NAME_FOUND_EXACT=0; NAME_BASE_MATCH_EXTENSION_DIFF=0; NAME_NOT_FOUND=1; MATERIAL_REFERENCE_CONFIRMED=0; MATERIAL_APPLIED=0;BROWSER_OBSERVED=0; CONTAINER_ENTRY_RESOLVED=0;IMAGE_DECODED=0; ARK_TAIL=RAW_ONLY(218757 retraction stands)"
298803,PCG_9_3_5,SHAPE->NITEXTURINGPROPERTY->ARKTEXTURE_ENTRY (aggregated),BASE/DARK/etc,see private JSONL,"Textures.bnt (8,381 entries)","NAME_FOUND_EXACT=0; NAME_BASE_MATCH_EXTENSION_DIFF=0; NAME_NOT_FOUND=1; MATERIAL_REFERENCE_CONFIRMED=0; MATERIAL_APPLIED=0;BROWSER_OBSERVED=0; CONTAINER_ENTRY_RESOLVED=0;IMAGE_DECODED=0; ARK_TAIL=RAW_ONLY(218757 retraction stands)"
298945,PCG_9_3_5,SHAPE->NITEXTURINGPROPERTY->ARKTEXTURE_ENTRY (aggregated),BASE/DARK/etc,see private JSONL,"Textures.bnt (8,381 entries)","NAME_FOUND_EXACT=0; NAME_BASE_MATCH_EXTENSION_DIFF=0; NAME_NOT_FOUND=1; MATERIAL_REFERENCE_CONFIRMED=0; MATERIAL_APPLIED=0;BROWSER_OBSERVED=0; CONTAINER_ENTRY_RESOLVED=0;IMAGE_DECODED=0; ARK_TAIL=RAW_ONLY(218757 retraction stands)"
298949,PCG_9_3_5,SHAPE->NITEXTURINGPROPERTY->ARKTEXTURE_ENTRY (aggregated),BASE/DARK/etc,see private JSONL,"Textures.bnt (8,381 entries)","NAME_FOUND_EXACT=0; NAME_BASE_MATCH_EXTENSION_DIFF=0; NAME_NOT_FOUND=1; MATERIAL_REFERENCE_CONFIRMED=0; MATERIAL_APPLIED=0;BROWSER_OBSERVED=0; CONTAINER_ENTRY_RESOLVED=0;IMAGE_DECODED=0; ARK_TAIL=RAW_ONLY(218757 retraction stands)"
299115,PCG_9_3_5,SHAPE->NITEXTURINGPROPERTY->ARKTEXTURE_ENTRY (aggregated),BASE/DARK/etc,see private JSONL,"Textures.bnt (8,381 entries)","NAME_FOUND_EXACT=0; NAME_BASE_MATCH_EXTENSION_DIFF=0; NAME_NOT_FOUND=1; MATERIAL_REFERENCE_CONFIRMED=0; MATERIAL_APPLIED=0;BROWSER_OBSERVED=0; CONTAINER_ENTRY_RESOLVED=0;IMAGE_DECODED=0; ARK_TAIL=RAW_ONLY(218757 retraction stands)"
299120,PCG_9_3_5,SHAPE->NITEXTURINGPROPERTY->ARKTEXTURE_ENTRY (aggregated),BASE/DARK/etc,see private JSONL,"Textures.bnt (8,381 entries)","NAME_FOUND_EXACT=0; NAME_BASE_MATCH_EXTENSION_DIFF=0; NAME_NOT_FOUND=1; MATERIAL_REFERENCE_CONFIRMED=0; MATERIAL_APPLIED=0;BROWSER_OBSERVED=0; CONTAINER_ENTRY_RESOLVED=0;IMAGE_DECODED=0; ARK_TAIL=RAW_ONLY(218757 retraction stands)"
299125,PCG_9_3_5,SHAPE->NITEXTURINGPROPERTY->ARKTEXTURE_ENTRY (aggregated),BASE/DARK/etc,see private JSONL,"Textures.bnt (8,381 entries)","NAME_FOUND_EXACT=0; NAME_BASE_MATCH_EXTENSION_DIFF=0; NAME_NOT_FOUND=1; MATERIAL_REFERENCE_CONFIRMED=0; MATERIAL_APPLIED=0;BROWSER_OBSERVED=0; CONTAINER_ENTRY_RESOLVED=0;IMAGE_DECODED=0; ARK_TAIL=RAW_ONLY(218757 retraction stands)"
299833,PCG_9_3_5,SHAPE->NITEXTURINGPROPERTY->ARKTEXTURE_ENTRY (aggregated),BASE/DARK/etc,see private JSONL,"Textures.bnt (8,381 entries)","NAME_FOUND_EXACT=0; NAME_BASE_MATCH_EXTENSION_DIFF=0; NAME_NOT_FOUND=1; MATERIAL_REFERENCE_CONFIRMED=0; MATERIAL_APPLIED=0;BROWSER_OBSERVED=0; CONTAINER_ENTRY_RESOLVED=0;IMAGE_DECODED=0; ARK_TAIL=RAW_ONLY(218757 retraction stands)"
300179,PCG_9_3_5,SHAPE->NITEXTURINGPROPERTY->ARKTEXTURE_ENTRY (aggregated),BASE/DARK/etc,see private JSONL,"Textures.bnt (8,381 entries)","NAME_FOUND_EXACT=0; NAME_BASE_MATCH_EXTENSION_DIFF=0; NAME_NOT_FOUND=1; MATERIAL_REFERENCE_CONFIRMED=0; MATERIAL_APPLIED=0;BROWSER_OBSERVED=0; CONTAINER_ENTRY_RESOLVED=0;IMAGE_DECODED=0; ARK_TAIL=RAW_ONLY(218757 retraction stands)"
300207,PCG_9_3_5,SHAPE->NITEXTURINGPROPERTY->ARKTEXTURE_ENTRY (aggregated),BASE/DARK/etc,see private JSONL,"Textures.bnt (8,381 entries)","NAME_FOUND_EXACT=0; NAME_BASE_MATCH_EXTENSION_DIFF=0; NAME_NOT_FOUND=1; MATERIAL_REFERENCE_CONFIRMED=0; MATERIAL_APPLIED=0;BROWSER_OBSERVED=0; CONTAINER_ENTRY_RESOLVED=0;IMAGE_DECODED=0; ARK_TAIL=RAW_ONLY(218757 retraction stands)"
302440,PCG_9_3_5,SHAPE->NITEXTURINGPROPERTY->ARKTEXTURE_ENTRY (aggregated),BASE/DARK/etc,see private JSONL,"Textures.bnt (8,381 entries)","NAME_FOUND_EXACT=0; NAME_BASE_MATCH_EXTENSION_DIFF=0; NAME_NOT_FOUND=1; MATERIAL_REFERENCE_CONFIRMED=0; MATERIAL_APPLIED=0;BROWSER_OBSERVED=0; CONTAINER_ENTRY_RESOLVED=0;IMAGE_DECODED=0; ARK_TAIL=RAW_ONLY(218757 retraction stands)"
302501,PCG_9_3_5,SHAPE->NITEXTURINGPROPERTY->ARKTEXTURE_ENTRY (aggregated),BASE/DARK/etc,see private JSONL,"Textures.bnt (8,381 entries)","NAME_FOUND_EXACT=0; NAME_BASE_MATCH_EXTENSION_DIFF=0; NAME_NOT_FOUND=1; MATERIAL_REFERENCE_CONFIRMED=0; MATERIAL_APPLIED=0;BROWSER_OBSERVED=0; CONTAINER_ENTRY_RESOLVED=0;IMAGE_DECODED=0; ARK_TAIL=RAW_ONLY(218757 retraction stands)"
302507,PCG_9_3_5,SHAPE->NITEXTURINGPROPERTY->ARKTEXTURE_ENTRY (aggregated),BASE/DARK/etc,see private JSONL,"Textures.bnt (8,381 entries)","NAME_FOUND_EXACT=0; NAME_BASE_MATCH_EXTENSION_DIFF=0; NAME_NOT_FOUND=1; MATERIAL_REFERENCE_CONFIRMED=0; MATERIAL_APPLIED=0;BROWSER_OBSERVED=0; CONTAINER_ENTRY_RESOLVED=0;IMAGE_DECODED=0; ARK_TAIL=RAW_ONLY(218757 retraction stands)"
302512,PCG_9_3_5,SHAPE->NITEXTURINGPROPERTY->ARKTEXTURE_ENTRY (aggregated),BASE/DARK/etc,see private JSONL,"Textures.bnt (8,381 entries)","NAME_FOUND_EXACT=0; NAME_BASE_MATCH_EXTENSION_DIFF=0; NAME_NOT_FOUND=1; MATERIAL_REFERENCE_CONFIRMED=0; MATERIAL_APPLIED=0;BROWSER_OBSERVED=0; CONTAINER_ENTRY_RESOLVED=0;IMAGE_DECODED=0; ARK_TAIL=RAW_ONLY(218757 retraction stands)"
302517,PCG_9_3_5,SHAPE->NITEXTURINGPROPERTY->ARKTEXTURE_ENTRY (aggregated),BASE/DARK/etc,see private JSONL,"Textures.bnt (8,381 entries)","NAME_FOUND_EXACT=0; NAME_BASE_MATCH_EXTENSION_DIFF=0; NAME_NOT_FOUND=1; MATERIAL_REFERENCE_CONFIRMED=0; MATERIAL_APPLIED=0;BROWSER_OBSERVED=0; CONTAINER_ENTRY_RESOLVED=0;IMAGE_DECODED=0; ARK_TAIL=RAW_ONLY(218757 retraction stands)"
302520,PCG_9_3_5,SHAPE->NITEXTURINGPROPERTY->ARKTEXTURE_ENTRY (aggregated),BASE/DARK/etc,see private JSONL,"Textures.bnt (8,381 entries)","NAME_FOUND_EXACT=0; NAME_BASE_MATCH_EXTENSION_DIFF=0; NAME_NOT_FOUND=1; MATERIAL_REFERENCE_CONFIRMED=0; MATERIAL_APPLIED=0;BROWSER_OBSERVED=0; CONTAINER_ENTRY_RESOLVED=0;IMAGE_DECODED=0; ARK_TAIL=RAW_ONLY(218757 retraction stands)"
302523,PCG_9_3_5,SHAPE->NITEXTURINGPROPERTY->ARKTEXTURE_ENTRY (aggregated),BASE/DARK/etc,see private JSONL,"Textures.bnt (8,381 entries)","NAME_FOUND_EXACT=0; NAME_BASE_MATCH_EXTENSION_DIFF=0; NAME_NOT_FOUND=1; MATERIAL_REFERENCE_CONFIRMED=0; MATERIAL_APPLIED=0;BROWSER_OBSERVED=0; CONTAINER_ENTRY_RESOLVED=0;IMAGE_DECODED=0; ARK_TAIL=RAW_ONLY(218757 retraction stands)"
302526,PCG_9_3_5,SHAPE->NITEXTURINGPROPERTY->ARKTEXTURE_ENTRY (aggregated),BASE/DARK/etc,see private JSONL,"Textures.bnt (8,381 entries)","NAME_FOUND_EXACT=0; NAME_BASE_MATCH_EXTENSION_DIFF=0; NAME_NOT_FOUND=1; MATERIAL_REFERENCE_CONFIRMED=0; MATERIAL_APPLIED=0;BROWSER_OBSERVED=0; CONTAINER_ENTRY_RESOLVED=0;IMAGE_DECODED=0; ARK_TAIL=RAW_ONLY(218757 retraction stands)"
302530,PCG_9_3_5,SHAPE->NITEXTURINGPROPERTY->ARKTEXTURE_ENTRY (aggregated),BASE/DARK/etc,see private JSONL,"Textures.bnt (8,381 entries)","NAME_FOUND_EXACT=0; NAME_BASE_MATCH_EXTENSION_DIFF=0; NAME_NOT_FOUND=1; MATERIAL_REFERENCE_CONFIRMED=0; MATERIAL_APPLIED=0;BROWSER_OBSERVED=0; CONTAINER_ENTRY_RESOLVED=0;IMAGE_DECODED=0; ARK_TAIL=RAW_ONLY(218757 retraction stands)"
302535,PCG_9_3_5,SHAPE->NITEXTURINGPROPERTY->ARKTEXTURE_ENTRY (aggregated),BASE/DARK/etc,see private JSONL,"Textures.bnt (8,381 entries)","NAME_FOUND_EXACT=0; NAME_BASE_MATCH_EXTENSION_DIFF=0; NAME_NOT_FOUND=1; MATERIAL_REFERENCE_CONFIRMED=0; MATERIAL_APPLIED=0;BROWSER_OBSERVED=0; CONTAINER_ENTRY_RESOLVED=0;IMAGE_DECODED=0; ARK_TAIL=RAW_ONLY(218757 retraction stands)"
30269,PCG_9_3_5,SHAPE->NITEXTURINGPROPERTY->ARKTEXTURE_ENTRY (aggregated),BASE/DARK/etc,see private JSONL,"Textures.bnt (8,381 entries)","NAME_FOUND_EXACT=0; NAME_BASE_MATCH_EXTENSION_DIFF=0; NAME_NOT_FOUND=2; MATERIAL_REFERENCE_CONFIRMED=0; MATERIAL_APPLIED=0;BROWSER_OBSERVED=0; CONTAINER_ENTRY_RESOLVED=0;IMAGE_DECODED=0; ARK_TAIL=RAW_ONLY(218757 retraction stands)"
303163,PCG_9_3_5,SHAPE->NITEXTURINGPROPERTY->ARKTEXTURE_ENTRY (aggregated),BASE/DARK/etc,see private JSONL,"Textures.bnt (8,381 entries)","NAME_FOUND_EXACT=0; NAME_BASE_MATCH_EXTENSION_DIFF=0; NAME_NOT_FOUND=1; MATERIAL_REFERENCE_CONFIRMED=0; MATERIAL_APPLIED=0;BROWSER_OBSERVED=0; CONTAINER_ENTRY_RESOLVED=0;IMAGE_DECODED=0; ARK_TAIL=RAW_ONLY(218757 retraction stands)"
303195,PCG_9_3_5,SHAPE->NITEXTURINGPROPERTY->ARKTEXTURE_ENTRY (aggregated),BASE/DARK/etc,see private JSONL,"Textures.bnt (8,381 entries)","NAME_FOUND_EXACT=0; NAME_BASE_MATCH_EXTENSION_DIFF=0; NAME_NOT_FOUND=1; MATERIAL_REFERENCE_CONFIRMED=0; MATERIAL_APPLIED=0;BROWSER_OBSERVED=0; CONTAINER_ENTRY_RESOLVED=0;IMAGE_DECODED=0; ARK_TAIL=RAW_ONLY(218757 retraction stands)"
303202,PCG_9_3_5,SHAPE->NITEXTURINGPROPERTY->ARKTEXTURE_ENTRY (aggregated),BASE/DARK/etc,see private JSONL,"Textures.bnt (8,381 entries)","NAME_FOUND_EXACT=0; NAME_BASE_MATCH_EXTENSION_DIFF=0; NAME_NOT_FOUND=1; MATERIAL_REFERENCE_CONFIRMED=0; MATERIAL_APPLIED=0;BROWSER_OBSERVED=0; CONTAINER_ENTRY_RESOLVED=0;IMAGE_DECODED=0; ARK_TAIL=RAW_ONLY(218757 retraction stands)"
303670,PCG_9_3_5,SHAPE->NITEXTURINGPROPERTY->ARKTEXTURE_ENTRY (aggregated),BASE/DARK/etc,see private JSONL,"Textures.bnt (8,381 entries)","NAME_FOUND_EXACT=0; NAME_BASE_MATCH_EXTENSION_DIFF=0; NAME_NOT_FOUND=1; MATERIAL_REFERENCE_CONFIRMED=0; MATERIAL_APPLIED=0;BROWSER_OBSERVED=0; CONTAINER_ENTRY_RESOLVED=0;IMAGE_DECODED=0; ARK_TAIL=RAW_ONLY(218757 retraction stands)"
303673,PCG_9_3_5,SHAPE->NITEXTURINGPROPERTY->ARKTEXTURE_ENTRY (aggregated),BASE/DARK/etc,see private JSONL,"Textures.bnt (8,381 entries)","NAME_FOUND_EXACT=0; NAME_BASE_MATCH_EXTENSION_DIFF=0; NAME_NOT_FOUND=1; MATERIAL_REFERENCE_CONFIRMED=0; MATERIAL_APPLIED=0;BROWSER_OBSERVED=0; CONTAINER_ENTRY_RESOLVED=0;IMAGE_DECODED=0; ARK_TAIL=RAW_ONLY(218757 retraction stands)"
30451,PCG_9_3_5,SHAPE->NITEXTURINGPROPERTY->ARKTEXTURE_ENTRY (aggregated),BASE/DARK/etc,see private JSONL,"Textures.bnt (8,381 entries)","NAME_FOUND_EXACT=0; NAME_BASE_MATCH_EXTENSION_DIFF=0; NAME_NOT_FOUND=2; MATERIAL_REFERENCE_CONFIRMED=1; MATERIAL_APPLIED=0;BROWSER_OBSERVED=0; CONTAINER_ENTRY_RESOLVED=0;IMAGE_DECODED=0; ARK_TAIL=RAW_ONLY(218757 retraction stands)"
30493,PCG_9_3_5,SHAPE->NITEXTURINGPROPERTY->ARKTEXTURE_ENTRY (aggregated),BASE/DARK/etc,see private JSONL,"Textures.bnt (8,381 entries)","NAME_FOUND_EXACT=0; NAME_BASE_MATCH_EXTENSION_DIFF=0; NAME_NOT_FOUND=1; MATERIAL_REFERENCE_CONFIRMED=0; MATERIAL_APPLIED=0;BROWSER_OBSERVED=0; CONTAINER_ENTRY_RESOLVED=0;IMAGE_DECODED=0; ARK_TAIL=RAW_ONLY(218757 retraction stands)"
305165,PCG_9_3_5,SHAPE->NITEXTURINGPROPERTY->ARKTEXTURE_ENTRY (aggregated),BASE/DARK/etc,see private JSONL,"Textures.bnt (8,381 entries)","NAME_FOUND_EXACT=0; NAME_BASE_MATCH_EXTENSION_DIFF=0; NAME_NOT_FOUND=1; MATERIAL_REFERENCE_CONFIRMED=0; MATERIAL_APPLIED=0;BROWSER_OBSERVED=0; CONTAINER_ENTRY_RESOLVED=0;IMAGE_DECODED=0; ARK_TAIL=RAW_ONLY(218757 retraction stands)"
305169,PCG_9_3_5,SHAPE->NITEXTURINGPROPERTY->ARKTEXTURE_ENTRY (aggregated),BASE/DARK/etc,see private JSONL,"Textures.bnt (8,381 entries)","NAME_FOUND_EXACT=0; NAME_BASE_MATCH_EXTENSION_DIFF=0; NAME_NOT_FOUND=1; MATERIAL_REFERENCE_CONFIRMED=0; MATERIAL_APPLIED=0;BROWSER_OBSERVED=0; CONTAINER_ENTRY_RESOLVED=0;IMAGE_DECODED=0; ARK_TAIL=RAW_ONLY(218757 retraction stands)"
305172,PCG_9_3_5,SHAPE->NITEXTURINGPROPERTY->ARKTEXTURE_ENTRY (aggregated),BASE/DARK/etc,see private JSONL,"Textures.bnt (8,381 entries)","NAME_FOUND_EXACT=0; NAME_BASE_MATCH_EXTENSION_DIFF=0; NAME_NOT_FOUND=1; MATERIAL_REFERENCE_CONFIRMED=0; MATERIAL_APPLIED=0;BROWSER_OBSERVED=0; CONTAINER_ENTRY_RESOLVED=0;IMAGE_DECODED=0; ARK_TAIL=RAW_ONLY(218757 retraction stands)"
306151,PCG_9_3_5,SHAPE->NITEXTURINGPROPERTY->ARKTEXTURE_ENTRY (aggregated),BASE/DARK/etc,see private JSONL,"Textures.bnt (8,381 entries)","NAME_FOUND_EXACT=0; NAME_BASE_MATCH_EXTENSION_DIFF=0; NAME_NOT_FOUND=1; MATERIAL_REFERENCE_CONFIRMED=0; MATERIAL_APPLIED=0;BROWSER_OBSERVED=0; CONTAINER_ENTRY_RESOLVED=0;IMAGE_DECODED=0; ARK_TAIL=RAW_ONLY(218757 retraction stands)"
306156,PCG_9_3_5,SHAPE->NITEXTURINGPROPERTY->ARKTEXTURE_ENTRY (aggregated),BASE/DARK/etc,see private JSONL,"Textures.bnt (8,381 entries)","NAME_FOUND_EXACT=0; NAME_BASE_MATCH_EXTENSION_DIFF=0; NAME_NOT_FOUND=1; MATERIAL_REFERENCE_CONFIRMED=0; MATERIAL_APPLIED=0;BROWSER_OBSERVED=0; CONTAINER_ENTRY_RESOLVED=0;IMAGE_DECODED=0; ARK_TAIL=RAW_ONLY(218757 retraction stands)"
306161,PCG_9_3_5,SHAPE->NITEXTURINGPROPERTY->ARKTEXTURE_ENTRY (aggregated),BASE/DARK/etc,see private JSONL,"Textures.bnt (8,381 entries)","NAME_FOUND_EXACT=0; NAME_BASE_MATCH_EXTENSION_DIFF=0; NAME_NOT_FOUND=1; MATERIAL_REFERENCE_CONFIRMED=0; MATERIAL_APPLIED=0;BROWSER_OBSERVED=0; CONTAINER_ENTRY_RESOLVED=0;IMAGE_DECODED=0; ARK_TAIL=RAW_ONLY(218757 retraction stands)"
306166,PCG_9_3_5,SHAPE->NITEXTURINGPROPERTY->ARKTEXTURE_ENTRY (aggregated),BASE/DARK/etc,see private JSONL,"Textures.bnt (8,381 entries)","NAME_FOUND_EXACT=0; NAME_BASE_MATCH_EXTENSION_DIFF=0; NAME_NOT_FOUND=1; MATERIAL_REFERENCE_CONFIRMED=0; MATERIAL_APPLIED=0;BROWSER_OBSERVED=0; CONTAINER_ENTRY_RESOLVED=0;IMAGE_DECODED=0; ARK_TAIL=RAW_ONLY(218757 retraction stands)"
306171,PCG_9_3_5,SHAPE->NITEXTURINGPROPERTY->ARKTEXTURE_ENTRY (aggregated),BASE/DARK/etc,see private JSONL,"Textures.bnt (8,381 entries)","NAME_FOUND_EXACT=0; NAME_BASE_MATCH_EXTENSION_DIFF=0; NAME_NOT_FOUND=1; MATERIAL_REFERENCE_CONFIRMED=0; MATERIAL_APPLIED=0;BROWSER_OBSERVED=0; CONTAINER_ENTRY_RESOLVED=0;IMAGE_DECODED=0; ARK_TAIL=RAW_ONLY(218757 retraction stands)"
306176,PCG_9_3_5,SHAPE->NITEXTURINGPROPERTY->ARKTEXTURE_ENTRY (aggregated),BASE/DARK/etc,see private JSONL,"Textures.bnt (8,381 entries)","NAME_FOUND_EXACT=0; NAME_BASE_MATCH_EXTENSION_DIFF=0; NAME_NOT_FOUND=1; MATERIAL_REFERENCE_CONFIRMED=0; MATERIAL_APPLIED=0;BROWSER_OBSERVED=0; CONTAINER_ENTRY_RESOLVED=0;IMAGE_DECODED=0; ARK_TAIL=RAW_ONLY(218757 retraction stands)"
306181,PCG_9_3_5,SHAPE->NITEXTURINGPROPERTY->ARKTEXTURE_ENTRY (aggregated),BASE/DARK/etc,see private JSONL,"Textures.bnt (8,381 entries)","NAME_FOUND_EXACT=0; NAME_BASE_MATCH_EXTENSION_DIFF=0; NAME_NOT_FOUND=1; MATERIAL_REFERENCE_CONFIRMED=0; MATERIAL_APPLIED=0;BROWSER_OBSERVED=0; CONTAINER_ENTRY_RESOLVED=0;IMAGE_DECODED=0; ARK_TAIL=RAW_ONLY(218757 retraction stands)"
306186,PCG_9_3_5,SHAPE->NITEXTURINGPROPERTY->ARKTEXTURE_ENTRY (aggregated),BASE/DARK/etc,see private JSONL,"Textures.bnt (8,381 entries)","NAME_FOUND_EXACT=0; NAME_BASE_MATCH_EXTENSION_DIFF=0; NAME_NOT_FOUND=1; MATERIAL_REFERENCE_CONFIRMED=0; MATERIAL_APPLIED=0;BROWSER_OBSERVED=0; CONTAINER_ENTRY_RESOLVED=0;IMAGE_DECODED=0; ARK_TAIL=RAW_ONLY(218757 retraction stands)"
306191,PCG_9_3_5,SHAPE->NITEXTURINGPROPERTY->ARKTEXTURE_ENTRY (aggregated),BASE/DARK/etc,see private JSONL,"Textures.bnt (8,381 entries)","NAME_FOUND_EXACT=0; NAME_BASE_MATCH_EXTENSION_DIFF=0; NAME_NOT_FOUND=1; MATERIAL_REFERENCE_CONFIRMED=0; MATERIAL_APPLIED=0;BROWSER_OBSERVED=0; CONTAINER_ENTRY_RESOLVED=0;IMAGE_DECODED=0; ARK_TAIL=RAW_ONLY(218757 retraction stands)"
30671,PCG_9_3_5,SHAPE->NITEXTURINGPROPERTY->ARKTEXTURE_ENTRY (aggregated),BASE/DARK/etc,see private JSONL,"Textures.bnt (8,381 entries)","NAME_FOUND_EXACT=0; NAME_BASE_MATCH_EXTENSION_DIFF=0; NAME_NOT_FOUND=1; MATERIAL_REFERENCE_CONFIRMED=0; MATERIAL_APPLIED=0;BROWSER_OBSERVED=0; CONTAINER_ENTRY_RESOLVED=0;IMAGE_DECODED=0; ARK_TAIL=RAW_ONLY(218757 retraction stands)"
307336,PCG_9_3_5,SHAPE->NITEXTURINGPROPERTY->ARKTEXTURE_ENTRY (aggregated),BASE/DARK/etc,see private JSONL,"Textures.bnt (8,381 entries)","NAME_FOUND_EXACT=0; NAME_BASE_MATCH_EXTENSION_DIFF=0; NAME_NOT_FOUND=1; MATERIAL_REFERENCE_CONFIRMED=0; MATERIAL_APPLIED=0;BROWSER_OBSERVED=0; CONTAINER_ENTRY_RESOLVED=0;IMAGE_DECODED=0; ARK_TAIL=RAW_ONLY(218757 retraction stands)"
307341,PCG_9_3_5,SHAPE->NITEXTURINGPROPERTY->ARKTEXTURE_ENTRY (aggregated),BASE/DARK/etc,see private JSONL,"Textures.bnt (8,381 entries)","NAME_FOUND_EXACT=0; NAME_BASE_MATCH_EXTENSION_DIFF=0; NAME_NOT_FOUND=1; MATERIAL_REFERENCE_CONFIRMED=0; MATERIAL_APPLIED=0;BROWSER_OBSERVED=0; CONTAINER_ENTRY_RESOLVED=0;IMAGE_DECODED=0; ARK_TAIL=RAW_ONLY(218757 retraction stands)"
307343,PCG_9_3_5,SHAPE->NITEXTURINGPROPERTY->ARKTEXTURE_ENTRY (aggregated),BASE/DARK/etc,see private JSONL,"Textures.bnt (8,381 entries)","NAME_FOUND_EXACT=0; NAME_BASE_MATCH_EXTENSION_DIFF=0; NAME_NOT_FOUND=1; MATERIAL_REFERENCE_CONFIRMED=0; MATERIAL_APPLIED=0;BROWSER_OBSERVED=0; CONTAINER_ENTRY_RESOLVED=0;IMAGE_DECODED=0; ARK_TAIL=RAW_ONLY(218757 retraction stands)"
308902,PCG_9_3_5,SHAPE->NITEXTURINGPROPERTY->ARKTEXTURE_ENTRY (aggregated),BASE/DARK/etc,see private JSONL,"Textures.bnt (8,381 entries)","NAME_FOUND_EXACT=0; NAME_BASE_MATCH_EXTENSION_DIFF=0; NAME_NOT_FOUND=9; MATERIAL_REFERENCE_CONFIRMED=4; MATERIAL_APPLIED=0;BROWSER_OBSERVED=0; CONTAINER_ENTRY_RESOLVED=0;IMAGE_DECODED=0; ARK_TAIL=RAW_ONLY(218757 retraction stands)"
30921,PCG_9_3_5,SHAPE->NITEXTURINGPROPERTY->ARKTEXTURE_ENTRY (aggregated),BASE/DARK/etc,see private JSONL,"Textures.bnt (8,381 entries)","NAME_FOUND_EXACT=0; NAME_BASE_MATCH_EXTENSION_DIFF=0; NAME_NOT_FOUND=1; MATERIAL_REFERENCE_CONFIRMED=0; MATERIAL_APPLIED=0;BROWSER_OBSERVED=0; CONTAINER_ENTRY_RESOLVED=0;IMAGE_DECODED=0; ARK_TAIL=RAW_ONLY(218757 retraction stands)"
3109,PCG_9_3_5,SHAPE->NITEXTURINGPROPERTY->ARKTEXTURE_ENTRY (aggregated),BASE/DARK/etc,see private JSONL,"Textures.bnt (8,381 entries)","NAME_FOUND_EXACT=0; NAME_BASE_MATCH_EXTENSION_DIFF=0; NAME_NOT_FOUND=2; MATERIAL_REFERENCE_CONFIRMED=1; MATERIAL_APPLIED=0;BROWSER_OBSERVED=0; CONTAINER_ENTRY_RESOLVED=0;IMAGE_DECODED=0; ARK_TAIL=RAW_ONLY(218757 retraction stands)"
31654,PCG_9_3_5,SHAPE->NITEXTURINGPROPERTY->ARKTEXTURE_ENTRY (aggregated),BASE/DARK/etc,see private JSONL,"Textures.bnt (8,381 entries)","NAME_FOUND_EXACT=0; NAME_BASE_MATCH_EXTENSION_DIFF=0; NAME_NOT_FOUND=1; MATERIAL_REFERENCE_CONFIRMED=0; MATERIAL_APPLIED=0;BROWSER_OBSERVED=0; CONTAINER_ENTRY_RESOLVED=0;IMAGE_DECODED=0; ARK_TAIL=RAW_ONLY(218757 retraction stands)"
31657,PCG_9_3_5,SHAPE->NITEXTURINGPROPERTY->ARKTEXTURE_ENTRY (aggregated),BASE/DARK/etc,see private JSONL,"Textures.bnt (8,381 entries)","NAME_FOUND_EXACT=0; NAME_BASE_MATCH_EXTENSION_DIFF=0; NAME_NOT_FOUND=1; MATERIAL_REFERENCE_CONFIRMED=0; MATERIAL_APPLIED=0;BROWSER_OBSERVED=0; CONTAINER_ENTRY_RESOLVED=0;IMAGE_DECODED=0; ARK_TAIL=RAW_ONLY(218757 retraction stands)"
317828,PCG_9_3_5,SHAPE->NITEXTURINGPROPERTY->ARKTEXTURE_ENTRY (aggregated),BASE/DARK/etc,see private JSONL,"Textures.bnt (8,381 entries)","NAME_FOUND_EXACT=0; NAME_BASE_MATCH_EXTENSION_DIFF=0; NAME_NOT_FOUND=4; MATERIAL_REFERENCE_CONFIRMED=1; MATERIAL_APPLIED=0;BROWSER_OBSERVED=0; CONTAINER_ENTRY_RESOLVED=0;IMAGE_DECODED=0; ARK_TAIL=RAW_ONLY(218757 retraction stands)"
3234,PCG_9_3_5,SHAPE->NITEXTURINGPROPERTY->ARKTEXTURE_ENTRY (aggregated),BASE/DARK/etc,see private JSONL,"Textures.bnt (8,381 entries)","NAME_FOUND_EXACT=0; NAME_BASE_MATCH_EXTENSION_DIFF=0; NAME_NOT_FOUND=1; MATERIAL_REFERENCE_CONFIRMED=0; MATERIAL_APPLIED=0;BROWSER_OBSERVED=0; CONTAINER_ENTRY_RESOLVED=0;IMAGE_DECODED=0; ARK_TAIL=RAW_ONLY(218757 retraction stands)"
3236,PCG_9_3_5,SHAPE->NITEXTURINGPROPERTY->ARKTEXTURE_ENTRY (aggregated),BASE/DARK/etc,see private JSONL,"Textures.bnt (8,381 entries)","NAME_FOUND_EXACT=0; NAME_BASE_MATCH_EXTENSION_DIFF=0; NAME_NOT_FOUND=1; MATERIAL_REFERENCE_CONFIRMED=0; MATERIAL_APPLIED=0;BROWSER_OBSERVED=0; CONTAINER_ENTRY_RESOLVED=0;IMAGE_DECODED=0; ARK_TAIL=RAW_ONLY(218757 retraction stands)"
327975,PCG_9_3_5,SHAPE->NITEXTURINGPROPERTY->ARKTEXTURE_ENTRY (aggregated),BASE/DARK/etc,see private JSONL,"Textures.bnt (8,381 entries)","NAME_FOUND_EXACT=0; NAME_BASE_MATCH_EXTENSION_DIFF=0; NAME_NOT_FOUND=1; MATERIAL_REFERENCE_CONFIRMED=1; MATERIAL_APPLIED=0;BROWSER_OBSERVED=0; CONTAINER_ENTRY_RESOLVED=0;IMAGE_DECODED=0; ARK_TAIL=RAW_ONLY(218757 retraction stands)"
327980,PCG_9_3_5,SHAPE->NITEXTURINGPROPERTY->ARKTEXTURE_ENTRY (aggregated),BASE/DARK/etc,see private JSONL,"Textures.bnt (8,381 entries)","NAME_FOUND_EXACT=0; NAME_BASE_MATCH_EXTENSION_DIFF=0; NAME_NOT_FOUND=4; MATERIAL_REFERENCE_CONFIRMED=0; MATERIAL_APPLIED=0;BROWSER_OBSERVED=0; CONTAINER_ENTRY_RESOLVED=0;IMAGE_DECODED=0; ARK_TAIL=RAW_ONLY(218757 retraction stands)"
328004,PCG_9_3_5,SHAPE->NITEXTURINGPROPERTY->ARKTEXTURE_ENTRY (aggregated),BASE/DARK/etc,see private JSONL,"Textures.bnt (8,381 entries)","NAME_FOUND_EXACT=0; NAME_BASE_MATCH_EXTENSION_DIFF=0; NAME_NOT_FOUND=1; MATERIAL_REFERENCE_CONFIRMED=1; MATERIAL_APPLIED=0;BROWSER_OBSERVED=0; CONTAINER_ENTRY_RESOLVED=0;IMAGE_DECODED=0; ARK_TAIL=RAW_ONLY(218757 retraction stands)"
328012,PCG_9_3_5,SHAPE->NITEXTURINGPROPERTY->ARKTEXTURE_ENTRY (aggregated),BASE/DARK/etc,see private JSONL,"Textures.bnt (8,381 entries)","NAME_FOUND_EXACT=0; NAME_BASE_MATCH_EXTENSION_DIFF=0; NAME_NOT_FOUND=1; MATERIAL_REFERENCE_CONFIRMED=1; MATERIAL_APPLIED=0;BROWSER_OBSERVED=0; CONTAINER_ENTRY_RESOLVED=0;IMAGE_DECODED=0; ARK_TAIL=RAW_ONLY(218757 retraction stands)"
328016,PCG_9_3_5,SHAPE->NITEXTURINGPROPERTY->ARKTEXTURE_ENTRY (aggregated),BASE/DARK/etc,see private JSONL,"Textures.bnt (8,381 entries)","NAME_FOUND_EXACT=0; NAME_BASE_MATCH_EXTENSION_DIFF=0; NAME_NOT_FOUND=1; MATERIAL_REFERENCE_CONFIRMED=1; MATERIAL_APPLIED=0;BROWSER_OBSERVED=0; CONTAINER_ENTRY_RESOLVED=0;IMAGE_DECODED=0; ARK_TAIL=RAW_ONLY(218757 retraction stands)"
328028,PCG_9_3_5,SHAPE->NITEXTURINGPROPERTY->ARKTEXTURE_ENTRY (aggregated),BASE/DARK/etc,see private JSONL,"Textures.bnt (8,381 entries)","NAME_FOUND_EXACT=0; NAME_BASE_MATCH_EXTENSION_DIFF=0; NAME_NOT_FOUND=1; MATERIAL_REFERENCE_CONFIRMED=1; MATERIAL_APPLIED=0;BROWSER_OBSERVED=0; CONTAINER_ENTRY_RESOLVED=0;IMAGE_DECODED=0; ARK_TAIL=RAW_ONLY(218757 retraction stands)"
328852,PCG_9_3_5,SHAPE->NITEXTURINGPROPERTY->ARKTEXTURE_ENTRY (aggregated),BASE/DARK/etc,see private JSONL,"Textures.bnt (8,381 entries)","NAME_FOUND_EXACT=0; NAME_BASE_MATCH_EXTENSION_DIFF=0; NAME_NOT_FOUND=12; MATERIAL_REFERENCE_CONFIRMED=0; MATERIAL_APPLIED=0;BROWSER_OBSERVED=0; CONTAINER_ENTRY_RESOLVED=0;IMAGE_DECODED=0; ARK_TAIL=RAW_ONLY(218757 retraction stands)"
329635,PCG_9_3_5,SHAPE->NITEXTURINGPROPERTY->ARKTEXTURE_ENTRY (aggregated),BASE/DARK/etc,see private JSONL,"Textures.bnt (8,381 entries)","NAME_FOUND_EXACT=0; NAME_BASE_MATCH_EXTENSION_DIFF=0; NAME_NOT_FOUND=2; MATERIAL_REFERENCE_CONFIRMED=1; MATERIAL_APPLIED=0;BROWSER_OBSERVED=0; CONTAINER_ENTRY_RESOLVED=0;IMAGE_DECODED=0; ARK_TAIL=RAW_ONLY(218757 retraction stands)"
33355,PCG_9_3_5,SHAPE->NITEXTURINGPROPERTY->ARKTEXTURE_ENTRY (aggregated),BASE/DARK/etc,see private JSONL,"Textures.bnt (8,381 entries)","NAME_FOUND_EXACT=0; NAME_BASE_MATCH_EXTENSION_DIFF=0; NAME_NOT_FOUND=1; MATERIAL_REFERENCE_CONFIRMED=0; MATERIAL_APPLIED=0;BROWSER_OBSERVED=0; CONTAINER_ENTRY_RESOLVED=0;IMAGE_DECODED=0; ARK_TAIL=RAW_ONLY(218757 retraction stands)"
34345,PCG_9_3_5,SHAPE->NITEXTURINGPROPERTY->ARKTEXTURE_ENTRY (aggregated),BASE/DARK/etc,see private JSONL,"Textures.bnt (8,381 entries)","NAME_FOUND_EXACT=0; NAME_BASE_MATCH_EXTENSION_DIFF=0; NAME_NOT_FOUND=1; MATERIAL_REFERENCE_CONFIRMED=0; MATERIAL_APPLIED=0;BROWSER_OBSERVED=0; CONTAINER_ENTRY_RESOLVED=0;IMAGE_DECODED=0; ARK_TAIL=RAW_ONLY(218757 retraction stands)"
34366,PCG_9_3_5,SHAPE->NITEXTURINGPROPERTY->ARKTEXTURE_ENTRY (aggregated),BASE/DARK/etc,see private JSONL,"Textures.bnt (8,381 entries)","NAME_FOUND_EXACT=0; NAME_BASE_MATCH_EXTENSION_DIFF=0; NAME_NOT_FOUND=1; MATERIAL_REFERENCE_CONFIRMED=0; MATERIAL_APPLIED=0;BROWSER_OBSERVED=0; CONTAINER_ENTRY_RESOLVED=0;IMAGE_DECODED=0; ARK_TAIL=RAW_ONLY(218757 retraction stands)"
344806,PCG_9_3_5,SHAPE->NITEXTURINGPROPERTY->ARKTEXTURE_ENTRY (aggregated),BASE/DARK/etc,see private JSONL,"Textures.bnt (8,381 entries)","NAME_FOUND_EXACT=0; NAME_BASE_MATCH_EXTENSION_DIFF=0; NAME_NOT_FOUND=1; MATERIAL_REFERENCE_CONFIRMED=0; MATERIAL_APPLIED=0;BROWSER_OBSERVED=0; CONTAINER_ENTRY_RESOLVED=0;IMAGE_DECODED=0; ARK_TAIL=RAW_ONLY(218757 retraction stands)"
344825,PCG_9_3_5,SHAPE->NITEXTURINGPROPERTY->ARKTEXTURE_ENTRY (aggregated),BASE/DARK/etc,see private JSONL,"Textures.bnt (8,381 entries)","NAME_FOUND_EXACT=0; NAME_BASE_MATCH_EXTENSION_DIFF=0; NAME_NOT_FOUND=1; MATERIAL_REFERENCE_CONFIRMED=0; MATERIAL_APPLIED=0;BROWSER_OBSERVED=0; CONTAINER_ENTRY_RESOLVED=0;IMAGE_DECODED=0; ARK_TAIL=RAW_ONLY(218757 retraction stands)"
344829,PCG_9_3_5,SHAPE->NITEXTURINGPROPERTY->ARKTEXTURE_ENTRY (aggregated),BASE/DARK/etc,see private JSONL,"Textures.bnt (8,381 entries)","NAME_FOUND_EXACT=0; NAME_BASE_MATCH_EXTENSION_DIFF=0; NAME_NOT_FOUND=1; MATERIAL_REFERENCE_CONFIRMED=0; MATERIAL_APPLIED=0;BROWSER_OBSERVED=0; CONTAINER_ENTRY_RESOLVED=0;IMAGE_DECODED=0; ARK_TAIL=RAW_ONLY(218757 retraction stands)"
344832,PCG_9_3_5,SHAPE->NITEXTURINGPROPERTY->ARKTEXTURE_ENTRY (aggregated),BASE/DARK/etc,see private JSONL,"Textures.bnt (8,381 entries)","NAME_FOUND_EXACT=0; NAME_BASE_MATCH_EXTENSION_DIFF=0; NAME_NOT_FOUND=1; MATERIAL_REFERENCE_CONFIRMED=0; MATERIAL_APPLIED=0;BROWSER_OBSERVED=0; CONTAINER_ENTRY_RESOLVED=0;IMAGE_DECODED=0; ARK_TAIL=RAW_ONLY(218757 retraction stands)"
344876,PCG_9_3_5,SHAPE->NITEXTURINGPROPERTY->ARKTEXTURE_ENTRY (aggregated),BASE/DARK/etc,see private JSONL,"Textures.bnt (8,381 entries)","NAME_FOUND_EXACT=0; NAME_BASE_MATCH_EXTENSION_DIFF=0; NAME_NOT_FOUND=1; MATERIAL_REFERENCE_CONFIRMED=0; MATERIAL_APPLIED=0;BROWSER_OBSERVED=0; CONTAINER_ENTRY_RESOLVED=0;IMAGE_DECODED=0; ARK_TAIL=RAW_ONLY(218757 retraction stands)"
344878,PCG_9_3_5,SHAPE->NITEXTURINGPROPERTY->ARKTEXTURE_ENTRY (aggregated),BASE/DARK/etc,see private JSONL,"Textures.bnt (8,381 entries)","NAME_FOUND_EXACT=0; NAME_BASE_MATCH_EXTENSION_DIFF=0; NAME_NOT_FOUND=1; MATERIAL_REFERENCE_CONFIRMED=0; MATERIAL_APPLIED=0;BROWSER_OBSERVED=0; CONTAINER_ENTRY_RESOLVED=0;IMAGE_DECODED=0; ARK_TAIL=RAW_ONLY(218757 retraction stands)"
344887,PCG_9_3_5,SHAPE->NITEXTURINGPROPERTY->ARKTEXTURE_ENTRY (aggregated),BASE/DARK/etc,see private JSONL,"Textures.bnt (8,381 entries)","NAME_FOUND_EXACT=0; NAME_BASE_MATCH_EXTENSION_DIFF=0; NAME_NOT_FOUND=1; MATERIAL_REFERENCE_CONFIRMED=0; MATERIAL_APPLIED=0;BROWSER_OBSERVED=0; CONTAINER_ENTRY_RESOLVED=0;IMAGE_DECODED=0; ARK_TAIL=RAW_ONLY(218757 retraction stands)"
34522,PCG_9_3_5,SHAPE->NITEXTURINGPROPERTY->ARKTEXTURE_ENTRY (aggregated),BASE/DARK/etc,see private JSONL,"Textures.bnt (8,381 entries)","NAME_FOUND_EXACT=0; NAME_BASE_MATCH_EXTENSION_DIFF=0; NAME_NOT_FOUND=1; MATERIAL_REFERENCE_CONFIRMED=0; MATERIAL_APPLIED=0;BROWSER_OBSERVED=0; CONTAINER_ENTRY_RESOLVED=0;IMAGE_DECODED=0; ARK_TAIL=RAW_ONLY(218757 retraction stands)"
34532,PCG_9_3_5,SHAPE->NITEXTURINGPROPERTY->ARKTEXTURE_ENTRY (aggregated),BASE/DARK/etc,see private JSONL,"Textures.bnt (8,381 entries)","NAME_FOUND_EXACT=0; NAME_BASE_MATCH_EXTENSION_DIFF=0; NAME_NOT_FOUND=1; MATERIAL_REFERENCE_CONFIRMED=0; MATERIAL_APPLIED=0;BROWSER_OBSERVED=0; CONTAINER_ENTRY_RESOLVED=0;IMAGE_DECODED=0; ARK_TAIL=RAW_ONLY(218757 retraction stands)"
34536,PCG_9_3_5,SHAPE->NITEXTURINGPROPERTY->ARKTEXTURE_ENTRY (aggregated),BASE/DARK/etc,see private JSONL,"Textures.bnt (8,381 entries)","NAME_FOUND_EXACT=0; NAME_BASE_MATCH_EXTENSION_DIFF=0; NAME_NOT_FOUND=1; MATERIAL_REFERENCE_CONFIRMED=0; MATERIAL_APPLIED=0;BROWSER_OBSERVED=0; CONTAINER_ENTRY_RESOLVED=0;IMAGE_DECODED=0; ARK_TAIL=RAW_ONLY(218757 retraction stands)"
34542,PCG_9_3_5,SHAPE->NITEXTURINGPROPERTY->ARKTEXTURE_ENTRY (aggregated),BASE/DARK/etc,see private JSONL,"Textures.bnt (8,381 entries)","NAME_FOUND_EXACT=0; NAME_BASE_MATCH_EXTENSION_DIFF=0; NAME_NOT_FOUND=1; MATERIAL_REFERENCE_CONFIRMED=0; MATERIAL_APPLIED=0;BROWSER_OBSERVED=0; CONTAINER_ENTRY_RESOLVED=0;IMAGE_DECODED=0; ARK_TAIL=RAW_ONLY(218757 retraction stands)"
346215,PCG_9_3_5,SHAPE->NITEXTURINGPROPERTY->ARKTEXTURE_ENTRY (aggregated),BASE/DARK/etc,see private JSONL,"Textures.bnt (8,381 entries)","NAME_FOUND_EXACT=0; NAME_BASE_MATCH_EXTENSION_DIFF=0; NAME_NOT_FOUND=1; MATERIAL_REFERENCE_CONFIRMED=0; MATERIAL_APPLIED=0;BROWSER_OBSERVED=0; CONTAINER_ENTRY_RESOLVED=0;IMAGE_DECODED=0; ARK_TAIL=RAW_ONLY(218757 retraction stands)"
346233,PCG_9_3_5,SHAPE->NITEXTURINGPROPERTY->ARKTEXTURE_ENTRY (aggregated),BASE/DARK/etc,see private JSONL,"Textures.bnt (8,381 entries)","NAME_FOUND_EXACT=0; NAME_BASE_MATCH_EXTENSION_DIFF=0; NAME_NOT_FOUND=1; MATERIAL_REFERENCE_CONFIRMED=0; MATERIAL_APPLIED=0;BROWSER_OBSERVED=0; CONTAINER_ENTRY_RESOLVED=0;IMAGE_DECODED=0; ARK_TAIL=RAW_ONLY(218757 retraction stands)"
346236,PCG_9_3_5,SHAPE->NITEXTURINGPROPERTY->ARKTEXTURE_ENTRY (aggregated),BASE/DARK/etc,see private JSONL,"Textures.bnt (8,381 entries)","NAME_FOUND_EXACT=0; NAME_BASE_MATCH_EXTENSION_DIFF=0; NAME_NOT_FOUND=1; MATERIAL_REFERENCE_CONFIRMED=0; MATERIAL_APPLIED=0;BROWSER_OBSERVED=0; CONTAINER_ENTRY_RESOLVED=0;IMAGE_DECODED=0; ARK_TAIL=RAW_ONLY(218757 retraction stands)"
346239,PCG_9_3_5,SHAPE->NITEXTURINGPROPERTY->ARKTEXTURE_ENTRY (aggregated),BASE/DARK/etc,see private JSONL,"Textures.bnt (8,381 entries)","NAME_FOUND_EXACT=0; NAME_BASE_MATCH_EXTENSION_DIFF=0; NAME_NOT_FOUND=1; MATERIAL_REFERENCE_CONFIRMED=0; MATERIAL_APPLIED=0;BROWSER_OBSERVED=0; CONTAINER_ENTRY_RESOLVED=0;IMAGE_DECODED=0; ARK_TAIL=RAW_ONLY(218757 retraction stands)"
346242,PCG_9_3_5,SHAPE->NITEXTURINGPROPERTY->ARKTEXTURE_ENTRY (aggregated),BASE/DARK/etc,see private JSONL,"Textures.bnt (8,381 entries)","NAME_FOUND_EXACT=0; NAME_BASE_MATCH_EXTENSION_DIFF=0; NAME_NOT_FOUND=1; MATERIAL_REFERENCE_CONFIRMED=0; MATERIAL_APPLIED=0;BROWSER_OBSERVED=0; CONTAINER_ENTRY_RESOLVED=0;IMAGE_DECODED=0; ARK_TAIL=RAW_ONLY(218757 retraction stands)"
347317,PCG_9_3_5,SHAPE->NITEXTURINGPROPERTY->ARKTEXTURE_ENTRY (aggregated),BASE/DARK/etc,see private JSONL,"Textures.bnt (8,381 entries)","NAME_FOUND_EXACT=0; NAME_BASE_MATCH_EXTENSION_DIFF=0; NAME_NOT_FOUND=16; MATERIAL_REFERENCE_CONFIRMED=4; MATERIAL_APPLIED=0;BROWSER_OBSERVED=0; CONTAINER_ENTRY_RESOLVED=0;IMAGE_DECODED=0; ARK_TAIL=RAW_ONLY(218757 retraction stands)"
347707,PCG_9_3_5,SHAPE->NITEXTURINGPROPERTY->ARKTEXTURE_ENTRY (aggregated),BASE/DARK/etc,see private JSONL,"Textures.bnt (8,381 entries)","NAME_FOUND_EXACT=0; NAME_BASE_MATCH_EXTENSION_DIFF=0; NAME_NOT_FOUND=9; MATERIAL_REFERENCE_CONFIRMED=3; MATERIAL_APPLIED=0;BROWSER_OBSERVED=0; CONTAINER_ENTRY_RESOLVED=0;IMAGE_DECODED=0; ARK_TAIL=RAW_ONLY(218757 retraction stands)"
349977,PCG_9_3_5,SHAPE->NITEXTURINGPROPERTY->ARKTEXTURE_ENTRY (aggregated),BASE/DARK/etc,see private JSONL,"Textures.bnt (8,381 entries)","NAME_FOUND_EXACT=0; NAME_BASE_MATCH_EXTENSION_DIFF=0; NAME_NOT_FOUND=1; MATERIAL_REFERENCE_CONFIRMED=0; MATERIAL_APPLIED=0;BROWSER_OBSERVED=0; CONTAINER_ENTRY_RESOLVED=0;IMAGE_DECODED=0; ARK_TAIL=RAW_ONLY(218757 retraction stands)"
355260,PCG_9_3_5,SHAPE->NITEXTURINGPROPERTY->ARKTEXTURE_ENTRY (aggregated),BASE/DARK/etc,see private JSONL,"Textures.bnt (8,381 entries)","NAME_FOUND_EXACT=0; NAME_BASE_MATCH_EXTENSION_DIFF=0; NAME_NOT_FOUND=1; MATERIAL_REFERENCE_CONFIRMED=1; MATERIAL_APPLIED=0;BROWSER_OBSERVED=0; CONTAINER_ENTRY_RESOLVED=0;IMAGE_DECODED=0; ARK_TAIL=RAW_ONLY(218757 retraction stands)"
35527,PCG_9_3_5,SHAPE->NITEXTURINGPROPERTY->ARKTEXTURE_ENTRY (aggregated),BASE/DARK/etc,see private JSONL,"Textures.bnt (8,381 entries)","NAME_FOUND_EXACT=0; NAME_BASE_MATCH_EXTENSION_DIFF=0; NAME_NOT_FOUND=2; MATERIAL_REFERENCE_CONFIRMED=0; MATERIAL_APPLIED=0;BROWSER_OBSERVED=0; CONTAINER_ENTRY_RESOLVED=0;IMAGE_DECODED=0; ARK_TAIL=RAW_ONLY(218757 retraction stands)"
355272,PCG_9_3_5,SHAPE->NITEXTURINGPROPERTY->ARKTEXTURE_ENTRY (aggregated),BASE/DARK/etc,see private JSONL,"Textures.bnt (8,381 entries)","NAME_FOUND_EXACT=0; NAME_BASE_MATCH_EXTENSION_DIFF=0; NAME_NOT_FOUND=4; MATERIAL_REFERENCE_CONFIRMED=1; MATERIAL_APPLIED=0;BROWSER_OBSERVED=0; CONTAINER_ENTRY_RESOLVED=0;IMAGE_DECODED=0; ARK_TAIL=RAW_ONLY(218757 retraction stands)"
355276,PCG_9_3_5,SHAPE->NITEXTURINGPROPERTY->ARKTEXTURE_ENTRY (aggregated),BASE/DARK/etc,see private JSONL,"Textures.bnt (8,381 entries)","NAME_FOUND_EXACT=0; NAME_BASE_MATCH_EXTENSION_DIFF=0; NAME_NOT_FOUND=2; MATERIAL_REFERENCE_CONFIRMED=0; MATERIAL_APPLIED=0;BROWSER_OBSERVED=0; CONTAINER_ENTRY_RESOLVED=0;IMAGE_DECODED=0; ARK_TAIL=RAW_ONLY(218757 retraction stands)"
355279,PCG_9_3_5,SHAPE->NITEXTURINGPROPERTY->ARKTEXTURE_ENTRY (aggregated),BASE/DARK/etc,see private JSONL,"Textures.bnt (8,381 entries)","NAME_FOUND_EXACT=0; NAME_BASE_MATCH_EXTENSION_DIFF=0; NAME_NOT_FOUND=4; MATERIAL_REFERENCE_CONFIRMED=0; MATERIAL_APPLIED=0;BROWSER_OBSERVED=0; CONTAINER_ENTRY_RESOLVED=0;IMAGE_DECODED=0; ARK_TAIL=RAW_ONLY(218757 retraction stands)"
355492,PCG_9_3_5,SHAPE->NITEXTURINGPROPERTY->ARKTEXTURE_ENTRY (aggregated),BASE/DARK/etc,see private JSONL,"Textures.bnt (8,381 entries)","NAME_FOUND_EXACT=0; NAME_BASE_MATCH_EXTENSION_DIFF=0; NAME_NOT_FOUND=13; MATERIAL_REFERENCE_CONFIRMED=6; MATERIAL_APPLIED=0;BROWSER_OBSERVED=0; CONTAINER_ENTRY_RESOLVED=0;IMAGE_DECODED=0; ARK_TAIL=RAW_ONLY(218757 retraction stands)"
355493,PCG_9_3_5,SHAPE->NITEXTURINGPROPERTY->ARKTEXTURE_ENTRY (aggregated),BASE/DARK/etc,see private JSONL,"Textures.bnt (8,381 entries)","NAME_FOUND_EXACT=0; NAME_BASE_MATCH_EXTENSION_DIFF=0; NAME_NOT_FOUND=3; MATERIAL_REFERENCE_CONFIRMED=3; MATERIAL_APPLIED=0;BROWSER_OBSERVED=0; CONTAINER_ENTRY_RESOLVED=0;IMAGE_DECODED=0; ARK_TAIL=RAW_ONLY(218757 retraction stands)"
355496,PCG_9_3_5,SHAPE->NITEXTURINGPROPERTY->ARKTEXTURE_ENTRY (aggregated),BASE/DARK/etc,see private JSONL,"Textures.bnt (8,381 entries)","NAME_FOUND_EXACT=0; NAME_BASE_MATCH_EXTENSION_DIFF=0; NAME_NOT_FOUND=10; MATERIAL_REFERENCE_CONFIRMED=4; MATERIAL_APPLIED=0;BROWSER_OBSERVED=0; CONTAINER_ENTRY_RESOLVED=0;IMAGE_DECODED=0; ARK_TAIL=RAW_ONLY(218757 retraction stands)"
355504,PCG_9_3_5,SHAPE->NITEXTURINGPROPERTY->ARKTEXTURE_ENTRY (aggregated),BASE/DARK/etc,see private JSONL,"Textures.bnt (8,381 entries)","NAME_FOUND_EXACT=0; NAME_BASE_MATCH_EXTENSION_DIFF=0; NAME_NOT_FOUND=7; MATERIAL_REFERENCE_CONFIRMED=4; MATERIAL_APPLIED=0;BROWSER_OBSERVED=0; CONTAINER_ENTRY_RESOLVED=0;IMAGE_DECODED=0; ARK_TAIL=RAW_ONLY(218757 retraction stands)"
356328,PCG_9_3_5,SHAPE->NITEXTURINGPROPERTY->ARKTEXTURE_ENTRY (aggregated),BASE/DARK/etc,see private JSONL,"Textures.bnt (8,381 entries)","NAME_FOUND_EXACT=0; NAME_BASE_MATCH_EXTENSION_DIFF=0; NAME_NOT_FOUND=2; MATERIAL_REFERENCE_CONFIRMED=0; MATERIAL_APPLIED=0;BROWSER_OBSERVED=0; CONTAINER_ENTRY_RESOLVED=0;IMAGE_DECODED=0; ARK_TAIL=RAW_ONLY(218757 retraction stands)"
356330,PCG_9_3_5,SHAPE->NITEXTURINGPROPERTY->ARKTEXTURE_ENTRY (aggregated),BASE/DARK/etc,see private JSONL,"Textures.bnt (8,381 entries)","NAME_FOUND_EXACT=0; NAME_BASE_MATCH_EXTENSION_DIFF=0; NAME_NOT_FOUND=2; MATERIAL_REFERENCE_CONFIRMED=0; MATERIAL_APPLIED=0;BROWSER_OBSERVED=0; CONTAINER_ENTRY_RESOLVED=0;IMAGE_DECODED=0; ARK_TAIL=RAW_ONLY(218757 retraction stands)"
356331,PCG_9_3_5,SHAPE->NITEXTURINGPROPERTY->ARKTEXTURE_ENTRY (aggregated),BASE/DARK/etc,see private JSONL,"Textures.bnt (8,381 entries)","NAME_FOUND_EXACT=0; NAME_BASE_MATCH_EXTENSION_DIFF=0; NAME_NOT_FOUND=2; MATERIAL_REFERENCE_CONFIRMED=0; MATERIAL_APPLIED=0;BROWSER_OBSERVED=0; CONTAINER_ENTRY_RESOLVED=0;IMAGE_DECODED=0; ARK_TAIL=RAW_ONLY(218757 retraction stands)"
356384,PCG_9_3_5,SHAPE->NITEXTURINGPROPERTY->ARKTEXTURE_ENTRY (aggregated),BASE/DARK/etc,see private JSONL,"Textures.bnt (8,381 entries)","NAME_FOUND_EXACT=0; NAME_BASE_MATCH_EXTENSION_DIFF=0; NAME_NOT_FOUND=2; MATERIAL_REFERENCE_CONFIRMED=0; MATERIAL_APPLIED=0;BROWSER_OBSERVED=0; CONTAINER_ENTRY_RESOLVED=0;IMAGE_DECODED=0; ARK_TAIL=RAW_ONLY(218757 retraction stands)"
358253,PCG_9_3_5,SHAPE->NITEXTURINGPROPERTY->ARKTEXTURE_ENTRY (aggregated),BASE/DARK/etc,see private JSONL,"Textures.bnt (8,381 entries)","NAME_FOUND_EXACT=0; NAME_BASE_MATCH_EXTENSION_DIFF=0; NAME_NOT_FOUND=8; MATERIAL_REFERENCE_CONFIRMED=0; MATERIAL_APPLIED=0;BROWSER_OBSERVED=0; CONTAINER_ENTRY_RESOLVED=0;IMAGE_DECODED=0; ARK_TAIL=RAW_ONLY(218757 retraction stands)"
360748,PCG_9_3_5,SHAPE->NITEXTURINGPROPERTY->ARKTEXTURE_ENTRY (aggregated),BASE/DARK/etc,see private JSONL,"Textures.bnt (8,381 entries)","NAME_FOUND_EXACT=0; NAME_BASE_MATCH_EXTENSION_DIFF=0; NAME_NOT_FOUND=1; MATERIAL_REFERENCE_CONFIRMED=0; MATERIAL_APPLIED=0;BROWSER_OBSERVED=0; CONTAINER_ENTRY_RESOLVED=0;IMAGE_DECODED=0; ARK_TAIL=RAW_ONLY(218757 retraction stands)"
360756,PCG_9_3_5,SHAPE->NITEXTURINGPROPERTY->ARKTEXTURE_ENTRY (aggregated),BASE/DARK/etc,see private JSONL,"Textures.bnt (8,381 entries)","NAME_FOUND_EXACT=0; NAME_BASE_MATCH_EXTENSION_DIFF=0; NAME_NOT_FOUND=1; MATERIAL_REFERENCE_CONFIRMED=0; MATERIAL_APPLIED=0;BROWSER_OBSERVED=0; CONTAINER_ENTRY_RESOLVED=0;IMAGE_DECODED=0; ARK_TAIL=RAW_ONLY(218757 retraction stands)"
362453,PCG_9_3_5,SHAPE->NITEXTURINGPROPERTY->ARKTEXTURE_ENTRY (aggregated),BASE/DARK/etc,see private JSONL,"Textures.bnt (8,381 entries)","NAME_FOUND_EXACT=0; NAME_BASE_MATCH_EXTENSION_DIFF=0; NAME_NOT_FOUND=1; MATERIAL_REFERENCE_CONFIRMED=0; MATERIAL_APPLIED=0;BROWSER_OBSERVED=0; CONTAINER_ENTRY_RESOLVED=0;IMAGE_DECODED=0; ARK_TAIL=RAW_ONLY(218757 retraction stands)"
362458,PCG_9_3_5,SHAPE->NITEXTURINGPROPERTY->ARKTEXTURE_ENTRY (aggregated),BASE/DARK/etc,see private JSONL,"Textures.bnt (8,381 entries)","NAME_FOUND_EXACT=0; NAME_BASE_MATCH_EXTENSION_DIFF=0; NAME_NOT_FOUND=1; MATERIAL_REFERENCE_CONFIRMED=0; MATERIAL_APPLIED=0;BROWSER_OBSERVED=0; CONTAINER_ENTRY_RESOLVED=0;IMAGE_DECODED=0; ARK_TAIL=RAW_ONLY(218757 retraction stands)"
37551,PCG_9_3_5,SHAPE->NITEXTURINGPROPERTY->ARKTEXTURE_ENTRY (aggregated),BASE/DARK/etc,see private JSONL,"Textures.bnt (8,381 entries)","NAME_FOUND_EXACT=0; NAME_BASE_MATCH_EXTENSION_DIFF=0; NAME_NOT_FOUND=2; MATERIAL_REFERENCE_CONFIRMED=0; MATERIAL_APPLIED=0;BROWSER_OBSERVED=0; CONTAINER_ENTRY_RESOLVED=0;IMAGE_DECODED=0; ARK_TAIL=RAW_ONLY(218757 retraction stands)"
377928,PCG_9_3_5,SHAPE->NITEXTURINGPROPERTY->ARKTEXTURE_ENTRY (aggregated),BASE/DARK/etc,see private JSONL,"Textures.bnt (8,381 entries)","NAME_FOUND_EXACT=0; NAME_BASE_MATCH_EXTENSION_DIFF=0; NAME_NOT_FOUND=14; MATERIAL_REFERENCE_CONFIRMED=0; MATERIAL_APPLIED=0;BROWSER_OBSERVED=0; CONTAINER_ENTRY_RESOLVED=0;IMAGE_DECODED=0; ARK_TAIL=RAW_ONLY(218757 retraction stands)"
380670,PCG_9_3_5,SHAPE->NITEXTURINGPROPERTY->ARKTEXTURE_ENTRY (aggregated),BASE/DARK/etc,see private JSONL,"Textures.bnt (8,381 entries)","NAME_FOUND_EXACT=0; NAME_BASE_MATCH_EXTENSION_DIFF=0; NAME_NOT_FOUND=2; MATERIAL_REFERENCE_CONFIRMED=1; MATERIAL_APPLIED=0;BROWSER_OBSERVED=0; CONTAINER_ENTRY_RESOLVED=0;IMAGE_DECODED=0; ARK_TAIL=RAW_ONLY(218757 retraction stands)"
380699,PCG_9_3_5,SHAPE->NITEXTURINGPROPERTY->ARKTEXTURE_ENTRY (aggregated),BASE/DARK/etc,see private JSONL,"Textures.bnt (8,381 entries)","NAME_FOUND_EXACT=0; NAME_BASE_MATCH_EXTENSION_DIFF=0; NAME_NOT_FOUND=1; MATERIAL_REFERENCE_CONFIRMED=1; MATERIAL_APPLIED=0;BROWSER_OBSERVED=0; CONTAINER_ENTRY_RESOLVED=0;IMAGE_DECODED=0; ARK_TAIL=RAW_ONLY(218757 retraction stands)"
380702,PCG_9_3_5,SHAPE->NITEXTURINGPROPERTY->ARKTEXTURE_ENTRY (aggregated),BASE/DARK/etc,see private JSONL,"Textures.bnt (8,381 entries)","NAME_FOUND_EXACT=0; NAME_BASE_MATCH_EXTENSION_DIFF=0; NAME_NOT_FOUND=2; MATERIAL_REFERENCE_CONFIRMED=1; MATERIAL_APPLIED=0;BROWSER_OBSERVED=0; CONTAINER_ENTRY_RESOLVED=0;IMAGE_DECODED=0; ARK_TAIL=RAW_ONLY(218757 retraction stands)"
380866,PCG_9_3_5,SHAPE->NITEXTURINGPROPERTY->ARKTEXTURE_ENTRY (aggregated),BASE/DARK/etc,see private JSONL,"Textures.bnt (8,381 entries)","NAME_FOUND_EXACT=0; NAME_BASE_MATCH_EXTENSION_DIFF=0; NAME_NOT_FOUND=1; MATERIAL_REFERENCE_CONFIRMED=1; MATERIAL_APPLIED=0;BROWSER_OBSERVED=0; CONTAINER_ENTRY_RESOLVED=0;IMAGE_DECODED=0; ARK_TAIL=RAW_ONLY(218757 retraction stands)"
380867,PCG_9_3_5,SHAPE->NITEXTURINGPROPERTY->ARKTEXTURE_ENTRY (aggregated),BASE/DARK/etc,see private JSONL,"Textures.bnt (8,381 entries)","NAME_FOUND_EXACT=0; NAME_BASE_MATCH_EXTENSION_DIFF=0; NAME_NOT_FOUND=1; MATERIAL_REFERENCE_CONFIRMED=1; MATERIAL_APPLIED=0;BROWSER_OBSERVED=0; CONTAINER_ENTRY_RESOLVED=0;IMAGE_DECODED=0; ARK_TAIL=RAW_ONLY(218757 retraction stands)"
380869,PCG_9_3_5,SHAPE->NITEXTURINGPROPERTY->ARKTEXTURE_ENTRY (aggregated),BASE/DARK/etc,see private JSONL,"Textures.bnt (8,381 entries)","NAME_FOUND_EXACT=0; NAME_BASE_MATCH_EXTENSION_DIFF=0; NAME_NOT_FOUND=1; MATERIAL_REFERENCE_CONFIRMED=1; MATERIAL_APPLIED=0;BROWSER_OBSERVED=0; CONTAINER_ENTRY_RESOLVED=0;IMAGE_DECODED=0; ARK_TAIL=RAW_ONLY(218757 retraction stands)"
380871,PCG_9_3_5,SHAPE->NITEXTURINGPROPERTY->ARKTEXTURE_ENTRY (aggregated),BASE/DARK/etc,see private JSONL,"Textures.bnt (8,381 entries)","NAME_FOUND_EXACT=0; NAME_BASE_MATCH_EXTENSION_DIFF=0; NAME_NOT_FOUND=1; MATERIAL_REFERENCE_CONFIRMED=1; MATERIAL_APPLIED=0;BROWSER_OBSERVED=0; CONTAINER_ENTRY_RESOLVED=0;IMAGE_DECODED=0; ARK_TAIL=RAW_ONLY(218757 retraction stands)"
380943,PCG_9_3_5,SHAPE->NITEXTURINGPROPERTY->ARKTEXTURE_ENTRY (aggregated),BASE/DARK/etc,see private JSONL,"Textures.bnt (8,381 entries)","NAME_FOUND_EXACT=0; NAME_BASE_MATCH_EXTENSION_DIFF=0; NAME_NOT_FOUND=1; MATERIAL_REFERENCE_CONFIRMED=1; MATERIAL_APPLIED=0;BROWSER_OBSERVED=0; CONTAINER_ENTRY_RESOLVED=0;IMAGE_DECODED=0; ARK_TAIL=RAW_ONLY(218757 retraction stands)"
381081,PCG_9_3_5,SHAPE->NITEXTURINGPROPERTY->ARKTEXTURE_ENTRY (aggregated),BASE/DARK/etc,see private JSONL,"Textures.bnt (8,381 entries)","NAME_FOUND_EXACT=0; NAME_BASE_MATCH_EXTENSION_DIFF=0; NAME_NOT_FOUND=1; MATERIAL_REFERENCE_CONFIRMED=1; MATERIAL_APPLIED=0;BROWSER_OBSERVED=0; CONTAINER_ENTRY_RESOLVED=0;IMAGE_DECODED=0; ARK_TAIL=RAW_ONLY(218757 retraction stands)"
381093,PCG_9_3_5,SHAPE->NITEXTURINGPROPERTY->ARKTEXTURE_ENTRY (aggregated),BASE/DARK/etc,see private JSONL,"Textures.bnt (8,381 entries)","NAME_FOUND_EXACT=0; NAME_BASE_MATCH_EXTENSION_DIFF=0; NAME_NOT_FOUND=1; MATERIAL_REFERENCE_CONFIRMED=1; MATERIAL_APPLIED=0;BROWSER_OBSERVED=0; CONTAINER_ENTRY_RESOLVED=0;IMAGE_DECODED=0; ARK_TAIL=RAW_ONLY(218757 retraction stands)"
381096,PCG_9_3_5,SHAPE->NITEXTURINGPROPERTY->ARKTEXTURE_ENTRY (aggregated),BASE/DARK/etc,see private JSONL,"Textures.bnt (8,381 entries)","NAME_FOUND_EXACT=0; NAME_BASE_MATCH_EXTENSION_DIFF=0; NAME_NOT_FOUND=1; MATERIAL_REFERENCE_CONFIRMED=1; MATERIAL_APPLIED=0;BROWSER_OBSERVED=0; CONTAINER_ENTRY_RESOLVED=0;IMAGE_DECODED=0; ARK_TAIL=RAW_ONLY(218757 retraction stands)"
381102,PCG_9_3_5,SHAPE->NITEXTURINGPROPERTY->ARKTEXTURE_ENTRY (aggregated),BASE/DARK/etc,see private JSONL,"Textures.bnt (8,381 entries)","NAME_FOUND_EXACT=0; NAME_BASE_MATCH_EXTENSION_DIFF=0; NAME_NOT_FOUND=1; MATERIAL_REFERENCE_CONFIRMED=1; MATERIAL_APPLIED=0;BROWSER_OBSERVED=0; CONTAINER_ENTRY_RESOLVED=0;IMAGE_DECODED=0; ARK_TAIL=RAW_ONLY(218757 retraction stands)"
38117,PCG_9_3_5,SHAPE->NITEXTURINGPROPERTY->ARKTEXTURE_ENTRY (aggregated),BASE/DARK/etc,see private JSONL,"Textures.bnt (8,381 entries)","NAME_FOUND_EXACT=0; NAME_BASE_MATCH_EXTENSION_DIFF=0; NAME_NOT_FOUND=1; MATERIAL_REFERENCE_CONFIRMED=0; MATERIAL_APPLIED=0;BROWSER_OBSERVED=0; CONTAINER_ENTRY_RESOLVED=0;IMAGE_DECODED=0; ARK_TAIL=RAW_ONLY(218757 retraction stands)"
38118,PCG_9_3_5,SHAPE->NITEXTURINGPROPERTY->ARKTEXTURE_ENTRY (aggregated),BASE/DARK/etc,see private JSONL,"Textures.bnt (8,381 entries)","NAME_FOUND_EXACT=0; NAME_BASE_MATCH_EXTENSION_DIFF=0; NAME_NOT_FOUND=1; MATERIAL_REFERENCE_CONFIRMED=0; MATERIAL_APPLIED=0;BROWSER_OBSERVED=0; CONTAINER_ENTRY_RESOLVED=0;IMAGE_DECODED=0; ARK_TAIL=RAW_ONLY(218757 retraction stands)"
381331,PCG_9_3_5,SHAPE->NITEXTURINGPROPERTY->ARKTEXTURE_ENTRY (aggregated),BASE/DARK/etc,see private JSONL,"Textures.bnt (8,381 entries)","NAME_FOUND_EXACT=0; NAME_BASE_MATCH_EXTENSION_DIFF=0; NAME_NOT_FOUND=1; MATERIAL_REFERENCE_CONFIRMED=1; MATERIAL_APPLIED=0;BROWSER_OBSERVED=0; CONTAINER_ENTRY_RESOLVED=0;IMAGE_DECODED=0; ARK_TAIL=RAW_ONLY(218757 retraction stands)"
38166,PCG_9_3_5,SHAPE->NITEXTURINGPROPERTY->ARKTEXTURE_ENTRY (aggregated),BASE/DARK/etc,see private JSONL,"Textures.bnt (8,381 entries)","NAME_FOUND_EXACT=0; NAME_BASE_MATCH_EXTENSION_DIFF=0; NAME_NOT_FOUND=1; MATERIAL_REFERENCE_CONFIRMED=0; MATERIAL_APPLIED=0;BROWSER_OBSERVED=0; CONTAINER_ENTRY_RESOLVED=0;IMAGE_DECODED=0; ARK_TAIL=RAW_ONLY(218757 retraction stands)"
38167,PCG_9_3_5,SHAPE->NITEXTURINGPROPERTY->ARKTEXTURE_ENTRY (aggregated),BASE/DARK/etc,see private JSONL,"Textures.bnt (8,381 entries)","NAME_FOUND_EXACT=0; NAME_BASE_MATCH_EXTENSION_DIFF=0; NAME_NOT_FOUND=1; MATERIAL_REFERENCE_CONFIRMED=0; MATERIAL_APPLIED=0;BROWSER_OBSERVED=0; CONTAINER_ENTRY_RESOLVED=0;IMAGE_DECODED=0; ARK_TAIL=RAW_ONLY(218757 retraction stands)"
38168,PCG_9_3_5,SHAPE->NITEXTURINGPROPERTY->ARKTEXTURE_ENTRY (aggregated),BASE/DARK/etc,see private JSONL,"Textures.bnt (8,381 entries)","NAME_FOUND_EXACT=0; NAME_BASE_MATCH_EXTENSION_DIFF=0; NAME_NOT_FOUND=1; MATERIAL_REFERENCE_CONFIRMED=0; MATERIAL_APPLIED=0;BROWSER_OBSERVED=0; CONTAINER_ENTRY_RESOLVED=0;IMAGE_DECODED=0; ARK_TAIL=RAW_ONLY(218757 retraction stands)"
38169,PCG_9_3_5,SHAPE->NITEXTURINGPROPERTY->ARKTEXTURE_ENTRY (aggregated),BASE/DARK/etc,see private JSONL,"Textures.bnt (8,381 entries)","NAME_FOUND_EXACT=0; NAME_BASE_MATCH_EXTENSION_DIFF=0; NAME_NOT_FOUND=1; MATERIAL_REFERENCE_CONFIRMED=0; MATERIAL_APPLIED=0;BROWSER_OBSERVED=0; CONTAINER_ENTRY_RESOLVED=0;IMAGE_DECODED=0; ARK_TAIL=RAW_ONLY(218757 retraction stands)"
38170,PCG_9_3_5,SHAPE->NITEXTURINGPROPERTY->ARKTEXTURE_ENTRY (aggregated),BASE/DARK/etc,see private JSONL,"Textures.bnt (8,381 entries)","NAME_FOUND_EXACT=0; NAME_BASE_MATCH_EXTENSION_DIFF=0; NAME_NOT_FOUND=1; MATERIAL_REFERENCE_CONFIRMED=0; MATERIAL_APPLIED=0;BROWSER_OBSERVED=0; CONTAINER_ENTRY_RESOLVED=0;IMAGE_DECODED=0; ARK_TAIL=RAW_ONLY(218757 retraction stands)"
38171,PCG_9_3_5,SHAPE->NITEXTURINGPROPERTY->ARKTEXTURE_ENTRY (aggregated),BASE/DARK/etc,see private JSONL,"Textures.bnt (8,381 entries)","NAME_FOUND_EXACT=0; NAME_BASE_MATCH_EXTENSION_DIFF=0; NAME_NOT_FOUND=1; MATERIAL_REFERENCE_CONFIRMED=0; MATERIAL_APPLIED=0;BROWSER_OBSERVED=0; CONTAINER_ENTRY_RESOLVED=0;IMAGE_DECODED=0; ARK_TAIL=RAW_ONLY(218757 retraction stands)"
38172,PCG_9_3_5,SHAPE->NITEXTURINGPROPERTY->ARKTEXTURE_ENTRY (aggregated),BASE/DARK/etc,see private JSONL,"Textures.bnt (8,381 entries)","NAME_FOUND_EXACT=0; NAME_BASE_MATCH_EXTENSION_DIFF=0; NAME_NOT_FOUND=1; MATERIAL_REFERENCE_CONFIRMED=0; MATERIAL_APPLIED=0;BROWSER_OBSERVED=0; CONTAINER_ENTRY_RESOLVED=0;IMAGE_DECODED=0; ARK_TAIL=RAW_ONLY(218757 retraction stands)"
384415,PCG_9_3_5,SHAPE->NITEXTURINGPROPERTY->ARKTEXTURE_ENTRY (aggregated),BASE/DARK/etc,see private JSONL,"Textures.bnt (8,381 entries)","NAME_FOUND_EXACT=0; NAME_BASE_MATCH_EXTENSION_DIFF=0; NAME_NOT_FOUND=1; MATERIAL_REFERENCE_CONFIRMED=0; MATERIAL_APPLIED=0;BROWSER_OBSERVED=0; CONTAINER_ENTRY_RESOLVED=0;IMAGE_DECODED=0; ARK_TAIL=RAW_ONLY(218757 retraction stands)"
385021,PCG_9_3_5,SHAPE->NITEXTURINGPROPERTY->ARKTEXTURE_ENTRY (aggregated),BASE/DARK/etc,see private JSONL,"Textures.bnt (8,381 entries)","NAME_FOUND_EXACT=0; NAME_BASE_MATCH_EXTENSION_DIFF=0; NAME_NOT_FOUND=10; MATERIAL_REFERENCE_CONFIRMED=2; MATERIAL_APPLIED=0;BROWSER_OBSERVED=0; CONTAINER_ENTRY_RESOLVED=0;IMAGE_DECODED=0; ARK_TAIL=RAW_ONLY(218757 retraction stands)"
38505,PCG_9_3_5,SHAPE->NITEXTURINGPROPERTY->ARKTEXTURE_ENTRY (aggregated),BASE/DARK/etc,see private JSONL,"Textures.bnt (8,381 entries)","NAME_FOUND_EXACT=0; NAME_BASE_MATCH_EXTENSION_DIFF=0; NAME_NOT_FOUND=2; MATERIAL_REFERENCE_CONFIRMED=0; MATERIAL_APPLIED=0;BROWSER_OBSERVED=0; CONTAINER_ENTRY_RESOLVED=0;IMAGE_DECODED=0; ARK_TAIL=RAW_ONLY(218757 retraction stands)"
38506,PCG_9_3_5,SHAPE->NITEXTURINGPROPERTY->ARKTEXTURE_ENTRY (aggregated),BASE/DARK/etc,see private JSONL,"Textures.bnt (8,381 entries)","NAME_FOUND_EXACT=0; NAME_BASE_MATCH_EXTENSION_DIFF=0; NAME_NOT_FOUND=1; MATERIAL_REFERENCE_CONFIRMED=0; MATERIAL_APPLIED=0;BROWSER_OBSERVED=0; CONTAINER_ENTRY_RESOLVED=0;IMAGE_DECODED=0; ARK_TAIL=RAW_ONLY(218757 retraction stands)"
38507,PCG_9_3_5,SHAPE->NITEXTURINGPROPERTY->ARKTEXTURE_ENTRY (aggregated),BASE/DARK/etc,see private JSONL,"Textures.bnt (8,381 entries)","NAME_FOUND_EXACT=0; NAME_BASE_MATCH_EXTENSION_DIFF=0; NAME_NOT_FOUND=1; MATERIAL_REFERENCE_CONFIRMED=0; MATERIAL_APPLIED=0;BROWSER_OBSERVED=0; CONTAINER_ENTRY_RESOLVED=0;IMAGE_DECODED=0; ARK_TAIL=RAW_ONLY(218757 retraction stands)"
385072,PCG_9_3_5,SHAPE->NITEXTURINGPROPERTY->ARKTEXTURE_ENTRY (aggregated),BASE/DARK/etc,see private JSONL,"Textures.bnt (8,381 entries)","NAME_FOUND_EXACT=0; NAME_BASE_MATCH_EXTENSION_DIFF=0; NAME_NOT_FOUND=10; MATERIAL_REFERENCE_CONFIRMED=1; MATERIAL_APPLIED=0;BROWSER_OBSERVED=0; CONTAINER_ENTRY_RESOLVED=0;IMAGE_DECODED=0; ARK_TAIL=RAW_ONLY(218757 retraction stands)"
38508,PCG_9_3_5,SHAPE->NITEXTURINGPROPERTY->ARKTEXTURE_ENTRY (aggregated),BASE/DARK/etc,see private JSONL,"Textures.bnt (8,381 entries)","NAME_FOUND_EXACT=0; NAME_BASE_MATCH_EXTENSION_DIFF=0; NAME_NOT_FOUND=1; MATERIAL_REFERENCE_CONFIRMED=0; MATERIAL_APPLIED=0;BROWSER_OBSERVED=0; CONTAINER_ENTRY_RESOLVED=0;IMAGE_DECODED=0; ARK_TAIL=RAW_ONLY(218757 retraction stands)"
38509,PCG_9_3_5,SHAPE->NITEXTURINGPROPERTY->ARKTEXTURE_ENTRY (aggregated),BASE/DARK/etc,see private JSONL,"Textures.bnt (8,381 entries)","NAME_FOUND_EXACT=0; NAME_BASE_MATCH_EXTENSION_DIFF=0; NAME_NOT_FOUND=1; MATERIAL_REFERENCE_CONFIRMED=0; MATERIAL_APPLIED=0;BROWSER_OBSERVED=0; CONTAINER_ENTRY_RESOLVED=0;IMAGE_DECODED=0; ARK_TAIL=RAW_ONLY(218757 retraction stands)"
38510,PCG_9_3_5,SHAPE->NITEXTURINGPROPERTY->ARKTEXTURE_ENTRY (aggregated),BASE/DARK/etc,see private JSONL,"Textures.bnt (8,381 entries)","NAME_FOUND_EXACT=0; NAME_BASE_MATCH_EXTENSION_DIFF=0; NAME_NOT_FOUND=1; MATERIAL_REFERENCE_CONFIRMED=0; MATERIAL_APPLIED=0;BROWSER_OBSERVED=0; CONTAINER_ENTRY_RESOLVED=0;IMAGE_DECODED=0; ARK_TAIL=RAW_ONLY(218757 retraction stands)"
38511,PCG_9_3_5,SHAPE->NITEXTURINGPROPERTY->ARKTEXTURE_ENTRY (aggregated),BASE/DARK/etc,see private JSONL,"Textures.bnt (8,381 entries)","NAME_FOUND_EXACT=0; NAME_BASE_MATCH_EXTENSION_DIFF=0; NAME_NOT_FOUND=1; MATERIAL_REFERENCE_CONFIRMED=0; MATERIAL_APPLIED=0;BROWSER_OBSERVED=0; CONTAINER_ENTRY_RESOLVED=0;IMAGE_DECODED=0; ARK_TAIL=RAW_ONLY(218757 retraction stands)"
385456,PCG_9_3_5,SHAPE->NITEXTURINGPROPERTY->ARKTEXTURE_ENTRY (aggregated),BASE/DARK/etc,see private JSONL,"Textures.bnt (8,381 entries)","NAME_FOUND_EXACT=0; NAME_BASE_MATCH_EXTENSION_DIFF=0; NAME_NOT_FOUND=4; MATERIAL_REFERENCE_CONFIRMED=2; MATERIAL_APPLIED=0;BROWSER_OBSERVED=0; CONTAINER_ENTRY_RESOLVED=0;IMAGE_DECODED=0; ARK_TAIL=RAW_ONLY(218757 retraction stands)"
38555,PCG_9_3_5,SHAPE->NITEXTURINGPROPERTY->ARKTEXTURE_ENTRY (aggregated),BASE/DARK/etc,see private JSONL,"Textures.bnt (8,381 entries)","NAME_FOUND_EXACT=0; NAME_BASE_MATCH_EXTENSION_DIFF=0; NAME_NOT_FOUND=2; MATERIAL_REFERENCE_CONFIRMED=0; MATERIAL_APPLIED=0;BROWSER_OBSERVED=0; CONTAINER_ENTRY_RESOLVED=0;IMAGE_DECODED=0; ARK_TAIL=RAW_ONLY(218757 retraction stands)"
38556,PCG_9_3_5,SHAPE->NITEXTURINGPROPERTY->ARKTEXTURE_ENTRY (aggregated),BASE/DARK/etc,see private JSONL,"Textures.bnt (8,381 entries)","NAME_FOUND_EXACT=0; NAME_BASE_MATCH_EXTENSION_DIFF=0; NAME_NOT_FOUND=1; MATERIAL_REFERENCE_CONFIRMED=0; MATERIAL_APPLIED=0;BROWSER_OBSERVED=0; CONTAINER_ENTRY_RESOLVED=0;IMAGE_DECODED=0; ARK_TAIL=RAW_ONLY(218757 retraction stands)"
38557,PCG_9_3_5,SHAPE->NITEXTURINGPROPERTY->ARKTEXTURE_ENTRY (aggregated),BASE/DARK/etc,see private JSONL,"Textures.bnt (8,381 entries)","NAME_FOUND_EXACT=0; NAME_BASE_MATCH_EXTENSION_DIFF=0; NAME_NOT_FOUND=5; MATERIAL_REFERENCE_CONFIRMED=0; MATERIAL_APPLIED=0;BROWSER_OBSERVED=0; CONTAINER_ENTRY_RESOLVED=0;IMAGE_DECODED=0; ARK_TAIL=RAW_ONLY(218757 retraction stands)"
38558,PCG_9_3_5,SHAPE->NITEXTURINGPROPERTY->ARKTEXTURE_ENTRY (aggregated),BASE/DARK/etc,see private JSONL,"Textures.bnt (8,381 entries)","NAME_FOUND_EXACT=0; NAME_BASE_MATCH_EXTENSION_DIFF=0; NAME_NOT_FOUND=1; MATERIAL_REFERENCE_CONFIRMED=0; MATERIAL_APPLIED=0;BROWSER_OBSERVED=0; CONTAINER_ENTRY_RESOLVED=0;IMAGE_DECODED=0; ARK_TAIL=RAW_ONLY(218757 retraction stands)"
386355,PCG_9_3_5,SHAPE->NITEXTURINGPROPERTY->ARKTEXTURE_ENTRY (aggregated),BASE/DARK/etc,see private JSONL,"Textures.bnt (8,381 entries)","NAME_FOUND_EXACT=0; NAME_BASE_MATCH_EXTENSION_DIFF=0; NAME_NOT_FOUND=1; MATERIAL_REFERENCE_CONFIRMED=1; MATERIAL_APPLIED=0;BROWSER_OBSERVED=0; CONTAINER_ENTRY_RESOLVED=0;IMAGE_DECODED=0; ARK_TAIL=RAW_ONLY(218757 retraction stands)"
386590,PCG_9_3_5,SHAPE->NITEXTURINGPROPERTY->ARKTEXTURE_ENTRY (aggregated),BASE/DARK/etc,see private JSONL,"Textures.bnt (8,381 entries)","NAME_FOUND_EXACT=0; NAME_BASE_MATCH_EXTENSION_DIFF=0; NAME_NOT_FOUND=1; MATERIAL_REFERENCE_CONFIRMED=0; MATERIAL_APPLIED=0;BROWSER_OBSERVED=0; CONTAINER_ENTRY_RESOLVED=0;IMAGE_DECODED=0; ARK_TAIL=RAW_ONLY(218757 retraction stands)"
386629,PCG_9_3_5,SHAPE->NITEXTURINGPROPERTY->ARKTEXTURE_ENTRY (aggregated),BASE/DARK/etc,see private JSONL,"Textures.bnt (8,381 entries)","NAME_FOUND_EXACT=0; NAME_BASE_MATCH_EXTENSION_DIFF=0; NAME_NOT_FOUND=1; MATERIAL_REFERENCE_CONFIRMED=0; MATERIAL_APPLIED=0;BROWSER_OBSERVED=0; CONTAINER_ENTRY_RESOLVED=0;IMAGE_DECODED=0; ARK_TAIL=RAW_ONLY(218757 retraction stands)"
386950,PCG_9_3_5,SHAPE->NITEXTURINGPROPERTY->ARKTEXTURE_ENTRY (aggregated),BASE/DARK/etc,see private JSONL,"Textures.bnt (8,381 entries)","NAME_FOUND_EXACT=0; NAME_BASE_MATCH_EXTENSION_DIFF=0; NAME_NOT_FOUND=1; MATERIAL_REFERENCE_CONFIRMED=1; MATERIAL_APPLIED=0;BROWSER_OBSERVED=0; CONTAINER_ENTRY_RESOLVED=0;IMAGE_DECODED=0; ARK_TAIL=RAW_ONLY(218757 retraction stands)"
386951,PCG_9_3_5,SHAPE->NITEXTURINGPROPERTY->ARKTEXTURE_ENTRY (aggregated),BASE/DARK/etc,see private JSONL,"Textures.bnt (8,381 entries)","NAME_FOUND_EXACT=0; NAME_BASE_MATCH_EXTENSION_DIFF=0; NAME_NOT_FOUND=1; MATERIAL_REFERENCE_CONFIRMED=1; MATERIAL_APPLIED=0;BROWSER_OBSERVED=0; CONTAINER_ENTRY_RESOLVED=0;IMAGE_DECODED=0; ARK_TAIL=RAW_ONLY(218757 retraction stands)"
386952,PCG_9_3_5,SHAPE->NITEXTURINGPROPERTY->ARKTEXTURE_ENTRY (aggregated),BASE/DARK/etc,see private JSONL,"Textures.bnt (8,381 entries)","NAME_FOUND_EXACT=0; NAME_BASE_MATCH_EXTENSION_DIFF=0; NAME_NOT_FOUND=8; MATERIAL_REFERENCE_CONFIRMED=0; MATERIAL_APPLIED=0;BROWSER_OBSERVED=0; CONTAINER_ENTRY_RESOLVED=0;IMAGE_DECODED=0; ARK_TAIL=RAW_ONLY(218757 retraction stands)"
387337,PCG_9_3_5,SHAPE->NITEXTURINGPROPERTY->ARKTEXTURE_ENTRY (aggregated),BASE/DARK/etc,see private JSONL,"Textures.bnt (8,381 entries)","NAME_FOUND_EXACT=0; NAME_BASE_MATCH_EXTENSION_DIFF=0; NAME_NOT_FOUND=2; MATERIAL_REFERENCE_CONFIRMED=1; MATERIAL_APPLIED=0;BROWSER_OBSERVED=0; CONTAINER_ENTRY_RESOLVED=0;IMAGE_DECODED=0; ARK_TAIL=RAW_ONLY(218757 retraction stands)"
387348,PCG_9_3_5,SHAPE->NITEXTURINGPROPERTY->ARKTEXTURE_ENTRY (aggregated),BASE/DARK/etc,see private JSONL,"Textures.bnt (8,381 entries)","NAME_FOUND_EXACT=0; NAME_BASE_MATCH_EXTENSION_DIFF=0; NAME_NOT_FOUND=1; MATERIAL_REFERENCE_CONFIRMED=1; MATERIAL_APPLIED=0;BROWSER_OBSERVED=0; CONTAINER_ENTRY_RESOLVED=0;IMAGE_DECODED=0; ARK_TAIL=RAW_ONLY(218757 retraction stands)"
38750,PCG_9_3_5,SHAPE->NITEXTURINGPROPERTY->ARKTEXTURE_ENTRY (aggregated),BASE/DARK/etc,see private JSONL,"Textures.bnt (8,381 entries)","NAME_FOUND_EXACT=0; NAME_BASE_MATCH_EXTENSION_DIFF=0; NAME_NOT_FOUND=3; MATERIAL_REFERENCE_CONFIRMED=0; MATERIAL_APPLIED=0;BROWSER_OBSERVED=0; CONTAINER_ENTRY_RESOLVED=0;IMAGE_DECODED=0; ARK_TAIL=RAW_ONLY(218757 retraction stands)"
38751,PCG_9_3_5,SHAPE->NITEXTURINGPROPERTY->ARKTEXTURE_ENTRY (aggregated),BASE/DARK/etc,see private JSONL,"Textures.bnt (8,381 entries)","NAME_FOUND_EXACT=0; NAME_BASE_MATCH_EXTENSION_DIFF=0; NAME_NOT_FOUND=3; MATERIAL_REFERENCE_CONFIRMED=0; MATERIAL_APPLIED=0;BROWSER_OBSERVED=0; CONTAINER_ENTRY_RESOLVED=0;IMAGE_DECODED=0; ARK_TAIL=RAW_ONLY(218757 retraction stands)"
38762,PCG_9_3_5,SHAPE->NITEXTURINGPROPERTY->ARKTEXTURE_ENTRY (aggregated),BASE/DARK/etc,see private JSONL,"Textures.bnt (8,381 entries)","NAME_FOUND_EXACT=0; NAME_BASE_MATCH_EXTENSION_DIFF=0; NAME_NOT_FOUND=5; MATERIAL_REFERENCE_CONFIRMED=0; MATERIAL_APPLIED=0;BROWSER_OBSERVED=0; CONTAINER_ENTRY_RESOLVED=0;IMAGE_DECODED=0; ARK_TAIL=RAW_ONLY(218757 retraction stands)"
38763,PCG_9_3_5,SHAPE->NITEXTURINGPROPERTY->ARKTEXTURE_ENTRY (aggregated),BASE/DARK/etc,see private JSONL,"Textures.bnt (8,381 entries)","NAME_FOUND_EXACT=0; NAME_BASE_MATCH_EXTENSION_DIFF=0; NAME_NOT_FOUND=6; MATERIAL_REFERENCE_CONFIRMED=0; MATERIAL_APPLIED=0;BROWSER_OBSERVED=0; CONTAINER_ENTRY_RESOLVED=0;IMAGE_DECODED=0; ARK_TAIL=RAW_ONLY(218757 retraction stands)"
38764,PCG_9_3_5,SHAPE->NITEXTURINGPROPERTY->ARKTEXTURE_ENTRY (aggregated),BASE/DARK/etc,see private JSONL,"Textures.bnt (8,381 entries)","NAME_FOUND_EXACT=0; NAME_BASE_MATCH_EXTENSION_DIFF=0; NAME_NOT_FOUND=6; MATERIAL_REFERENCE_CONFIRMED=0; MATERIAL_APPLIED=0;BROWSER_OBSERVED=0; CONTAINER_ENTRY_RESOLVED=0;IMAGE_DECODED=0; ARK_TAIL=RAW_ONLY(218757 retraction stands)"
38765,PCG_9_3_5,SHAPE->NITEXTURINGPROPERTY->ARKTEXTURE_ENTRY (aggregated),BASE/DARK/etc,see private JSONL,"Textures.bnt (8,381 entries)","NAME_FOUND_EXACT=0; NAME_BASE_MATCH_EXTENSION_DIFF=0; NAME_NOT_FOUND=8; MATERIAL_REFERENCE_CONFIRMED=0; MATERIAL_APPLIED=0;BROWSER_OBSERVED=0; CONTAINER_ENTRY_RESOLVED=0;IMAGE_DECODED=0; ARK_TAIL=RAW_ONLY(218757 retraction stands)"
38766,PCG_9_3_5,SHAPE->NITEXTURINGPROPERTY->ARKTEXTURE_ENTRY (aggregated),BASE/DARK/etc,see private JSONL,"Textures.bnt (8,381 entries)","NAME_FOUND_EXACT=0; NAME_BASE_MATCH_EXTENSION_DIFF=0; NAME_NOT_FOUND=10; MATERIAL_REFERENCE_CONFIRMED=0; MATERIAL_APPLIED=0;BROWSER_OBSERVED=0; CONTAINER_ENTRY_RESOLVED=0;IMAGE_DECODED=0; ARK_TAIL=RAW_ONLY(218757 retraction stands)"
38767,PCG_9_3_5,SHAPE->NITEXTURINGPROPERTY->ARKTEXTURE_ENTRY (aggregated),BASE/DARK/etc,see private JSONL,"Textures.bnt (8,381 entries)","NAME_FOUND_EXACT=0; NAME_BASE_MATCH_EXTENSION_DIFF=0; NAME_NOT_FOUND=8; MATERIAL_REFERENCE_CONFIRMED=0; MATERIAL_APPLIED=0;BROWSER_OBSERVED=0; CONTAINER_ENTRY_RESOLVED=0;IMAGE_DECODED=0; ARK_TAIL=RAW_ONLY(218757 retraction stands)"
38768,PCG_9_3_5,SHAPE->NITEXTURINGPROPERTY->ARKTEXTURE_ENTRY (aggregated),BASE/DARK/etc,see private JSONL,"Textures.bnt (8,381 entries)","NAME_FOUND_EXACT=0; NAME_BASE_MATCH_EXTENSION_DIFF=0; NAME_NOT_FOUND=1; MATERIAL_REFERENCE_CONFIRMED=0; MATERIAL_APPLIED=0;BROWSER_OBSERVED=0; CONTAINER_ENTRY_RESOLVED=0;IMAGE_DECODED=0; ARK_TAIL=RAW_ONLY(218757 retraction stands)"
38769,PCG_9_3_5,SHAPE->NITEXTURINGPROPERTY->ARKTEXTURE_ENTRY (aggregated),BASE/DARK/etc,see private JSONL,"Textures.bnt (8,381 entries)","NAME_FOUND_EXACT=0; NAME_BASE_MATCH_EXTENSION_DIFF=0; NAME_NOT_FOUND=6; MATERIAL_REFERENCE_CONFIRMED=0; MATERIAL_APPLIED=0;BROWSER_OBSERVED=0; CONTAINER_ENTRY_RESOLVED=0;IMAGE_DECODED=0; ARK_TAIL=RAW_ONLY(218757 retraction stands)"
387790,PCG_9_3_5,SHAPE->NITEXTURINGPROPERTY->ARKTEXTURE_ENTRY (aggregated),BASE/DARK/etc,see private JSONL,"Textures.bnt (8,381 entries)","NAME_FOUND_EXACT=0; NAME_BASE_MATCH_EXTENSION_DIFF=0; NAME_NOT_FOUND=13; MATERIAL_REFERENCE_CONFIRMED=1; MATERIAL_APPLIED=0;BROWSER_OBSERVED=0; CONTAINER_ENTRY_RESOLVED=0;IMAGE_DECODED=0; ARK_TAIL=RAW_ONLY(218757 retraction stands)"
387957,PCG_9_3_5,SHAPE->NITEXTURINGPROPERTY->ARKTEXTURE_ENTRY (aggregated),BASE/DARK/etc,see private JSONL,"Textures.bnt (8,381 entries)","NAME_FOUND_EXACT=0; NAME_BASE_MATCH_EXTENSION_DIFF=0; NAME_NOT_FOUND=3; MATERIAL_REFERENCE_CONFIRMED=1; MATERIAL_APPLIED=0;BROWSER_OBSERVED=0; CONTAINER_ENTRY_RESOLVED=0;IMAGE_DECODED=0; ARK_TAIL=RAW_ONLY(218757 retraction stands)"
387961,PCG_9_3_5,SHAPE->NITEXTURINGPROPERTY->ARKTEXTURE_ENTRY (aggregated),BASE/DARK/etc,see private JSONL,"Textures.bnt (8,381 entries)","NAME_FOUND_EXACT=0; NAME_BASE_MATCH_EXTENSION_DIFF=0; NAME_NOT_FOUND=3; MATERIAL_REFERENCE_CONFIRMED=0; MATERIAL_APPLIED=0;BROWSER_OBSERVED=0; CONTAINER_ENTRY_RESOLVED=0;IMAGE_DECODED=0; ARK_TAIL=RAW_ONLY(218757 retraction stands)"
387967,PCG_9_3_5,SHAPE->NITEXTURINGPROPERTY->ARKTEXTURE_ENTRY (aggregated),BASE/DARK/etc,see private JSONL,"Textures.bnt (8,381 entries)","NAME_FOUND_EXACT=0; NAME_BASE_MATCH_EXTENSION_DIFF=0; NAME_NOT_FOUND=1; MATERIAL_REFERENCE_CONFIRMED=1; MATERIAL_APPLIED=0;BROWSER_OBSERVED=0; CONTAINER_ENTRY_RESOLVED=0;IMAGE_DECODED=0; ARK_TAIL=RAW_ONLY(218757 retraction stands)"
387971,PCG_9_3_5,SHAPE->NITEXTURINGPROPERTY->ARKTEXTURE_ENTRY (aggregated),BASE/DARK/etc,see private JSONL,"Textures.bnt (8,381 entries)","NAME_FOUND_EXACT=0; NAME_BASE_MATCH_EXTENSION_DIFF=0; NAME_NOT_FOUND=5; MATERIAL_REFERENCE_CONFIRMED=0; MATERIAL_APPLIED=0;BROWSER_OBSERVED=0; CONTAINER_ENTRY_RESOLVED=0;IMAGE_DECODED=0; ARK_TAIL=RAW_ONLY(218757 retraction stands)"
387977,PCG_9_3_5,SHAPE->NITEXTURINGPROPERTY->ARKTEXTURE_ENTRY (aggregated),BASE/DARK/etc,see private JSONL,"Textures.bnt (8,381 entries)","NAME_FOUND_EXACT=0; NAME_BASE_MATCH_EXTENSION_DIFF=0; NAME_NOT_FOUND=3; MATERIAL_REFERENCE_CONFIRMED=1; MATERIAL_APPLIED=0;BROWSER_OBSERVED=0; CONTAINER_ENTRY_RESOLVED=0;IMAGE_DECODED=0; ARK_TAIL=RAW_ONLY(218757 retraction stands)"
387982,PCG_9_3_5,SHAPE->NITEXTURINGPROPERTY->ARKTEXTURE_ENTRY (aggregated),BASE/DARK/etc,see private JSONL,"Textures.bnt (8,381 entries)","NAME_FOUND_EXACT=0; NAME_BASE_MATCH_EXTENSION_DIFF=0; NAME_NOT_FOUND=3; MATERIAL_REFERENCE_CONFIRMED=1; MATERIAL_APPLIED=0;BROWSER_OBSERVED=0; CONTAINER_ENTRY_RESOLVED=0;IMAGE_DECODED=0; ARK_TAIL=RAW_ONLY(218757 retraction stands)"
387987,PCG_9_3_5,SHAPE->NITEXTURINGPROPERTY->ARKTEXTURE_ENTRY (aggregated),BASE/DARK/etc,see private JSONL,"Textures.bnt (8,381 entries)","NAME_FOUND_EXACT=0; NAME_BASE_MATCH_EXTENSION_DIFF=0; NAME_NOT_FOUND=3; MATERIAL_REFERENCE_CONFIRMED=1; MATERIAL_APPLIED=0;BROWSER_OBSERVED=0; CONTAINER_ENTRY_RESOLVED=0;IMAGE_DECODED=0; ARK_TAIL=RAW_ONLY(218757 retraction stands)"
388084,PCG_9_3_5,SHAPE->NITEXTURINGPROPERTY->ARKTEXTURE_ENTRY (aggregated),BASE/DARK/etc,see private JSONL,"Textures.bnt (8,381 entries)","NAME_FOUND_EXACT=0; NAME_BASE_MATCH_EXTENSION_DIFF=0; NAME_NOT_FOUND=1; MATERIAL_REFERENCE_CONFIRMED=1; MATERIAL_APPLIED=0;BROWSER_OBSERVED=0; CONTAINER_ENTRY_RESOLVED=0;IMAGE_DECODED=0; ARK_TAIL=RAW_ONLY(218757 retraction stands)"
389626,PCG_9_3_5,SHAPE->NITEXTURINGPROPERTY->ARKTEXTURE_ENTRY (aggregated),BASE/DARK/etc,see private JSONL,"Textures.bnt (8,381 entries)","NAME_FOUND_EXACT=0; NAME_BASE_MATCH_EXTENSION_DIFF=0; NAME_NOT_FOUND=2; MATERIAL_REFERENCE_CONFIRMED=0; MATERIAL_APPLIED=0;BROWSER_OBSERVED=0; CONTAINER_ENTRY_RESOLVED=0;IMAGE_DECODED=0; ARK_TAIL=RAW_ONLY(218757 retraction stands)"
393941,PCG_9_3_5,SHAPE->NITEXTURINGPROPERTY->ARKTEXTURE_ENTRY (aggregated),BASE/DARK/etc,see private JSONL,"Textures.bnt (8,381 entries)","NAME_FOUND_EXACT=0; NAME_BASE_MATCH_EXTENSION_DIFF=0; NAME_NOT_FOUND=2; MATERIAL_REFERENCE_CONFIRMED=2; MATERIAL_APPLIED=0;BROWSER_OBSERVED=0; CONTAINER_ENTRY_RESOLVED=0;IMAGE_DECODED=0; ARK_TAIL=RAW_ONLY(218757 retraction stands)"
394756,PCG_9_3_5,SHAPE->NITEXTURINGPROPERTY->ARKTEXTURE_ENTRY (aggregated),BASE/DARK/etc,see private JSONL,"Textures.bnt (8,381 entries)","NAME_FOUND_EXACT=0; NAME_BASE_MATCH_EXTENSION_DIFF=0; NAME_NOT_FOUND=2; MATERIAL_REFERENCE_CONFIRMED=0; MATERIAL_APPLIED=0;BROWSER_OBSERVED=0; CONTAINER_ENTRY_RESOLVED=0;IMAGE_DECODED=0; ARK_TAIL=RAW_ONLY(218757 retraction stands)"
394859,PCG_9_3_5,SHAPE->NITEXTURINGPROPERTY->ARKTEXTURE_ENTRY (aggregated),BASE/DARK/etc,see private JSONL,"Textures.bnt (8,381 entries)","NAME_FOUND_EXACT=0; NAME_BASE_MATCH_EXTENSION_DIFF=0; NAME_NOT_FOUND=4; MATERIAL_REFERENCE_CONFIRMED=2; MATERIAL_APPLIED=0;BROWSER_OBSERVED=0; CONTAINER_ENTRY_RESOLVED=0;IMAGE_DECODED=0; ARK_TAIL=RAW_ONLY(218757 retraction stands)"
395240,PCG_9_3_5,SHAPE->NITEXTURINGPROPERTY->ARKTEXTURE_ENTRY (aggregated),BASE/DARK/etc,see private JSONL,"Textures.bnt (8,381 entries)","NAME_FOUND_EXACT=0; NAME_BASE_MATCH_EXTENSION_DIFF=0; NAME_NOT_FOUND=4; MATERIAL_REFERENCE_CONFIRMED=0; MATERIAL_APPLIED=0;BROWSER_OBSERVED=0; CONTAINER_ENTRY_RESOLVED=0;IMAGE_DECODED=0; ARK_TAIL=RAW_ONLY(218757 retraction stands)"
395288,PCG_9_3_5,SHAPE->NITEXTURINGPROPERTY->ARKTEXTURE_ENTRY (aggregated),BASE/DARK/etc,see private JSONL,"Textures.bnt (8,381 entries)","NAME_FOUND_EXACT=0; NAME_BASE_MATCH_EXTENSION_DIFF=0; NAME_NOT_FOUND=5; MATERIAL_REFERENCE_CONFIRMED=0; MATERIAL_APPLIED=0;BROWSER_OBSERVED=0; CONTAINER_ENTRY_RESOLVED=0;IMAGE_DECODED=0; ARK_TAIL=RAW_ONLY(218757 retraction stands)"
395345,PCG_9_3_5,SHAPE->NITEXTURINGPROPERTY->ARKTEXTURE_ENTRY (aggregated),BASE/DARK/etc,see private JSONL,"Textures.bnt (8,381 entries)","NAME_FOUND_EXACT=0; NAME_BASE_MATCH_EXTENSION_DIFF=0; NAME_NOT_FOUND=4; MATERIAL_REFERENCE_CONFIRMED=0; MATERIAL_APPLIED=0;BROWSER_OBSERVED=0; CONTAINER_ENTRY_RESOLVED=0;IMAGE_DECODED=0; ARK_TAIL=RAW_ONLY(218757 retraction stands)"
395351,PCG_9_3_5,SHAPE->NITEXTURINGPROPERTY->ARKTEXTURE_ENTRY (aggregated),BASE/DARK/etc,see private JSONL,"Textures.bnt (8,381 entries)","NAME_FOUND_EXACT=0; NAME_BASE_MATCH_EXTENSION_DIFF=0; NAME_NOT_FOUND=7; MATERIAL_REFERENCE_CONFIRMED=0; MATERIAL_APPLIED=0;BROWSER_OBSERVED=0; CONTAINER_ENTRY_RESOLVED=0;IMAGE_DECODED=0; ARK_TAIL=RAW_ONLY(218757 retraction stands)"
395391,PCG_9_3_5,SHAPE->NITEXTURINGPROPERTY->ARKTEXTURE_ENTRY (aggregated),BASE/DARK/etc,see private JSONL,"Textures.bnt (8,381 entries)","NAME_FOUND_EXACT=0; NAME_BASE_MATCH_EXTENSION_DIFF=0; NAME_NOT_FOUND=5; MATERIAL_REFERENCE_CONFIRMED=0; MATERIAL_APPLIED=0;BROWSER_OBSERVED=0; CONTAINER_ENTRY_RESOLVED=0;IMAGE_DECODED=0; ARK_TAIL=RAW_ONLY(218757 retraction stands)"
395493,PCG_9_3_5,SHAPE->NITEXTURINGPROPERTY->ARKTEXTURE_ENTRY (aggregated),BASE/DARK/etc,see private JSONL,"Textures.bnt (8,381 entries)","NAME_FOUND_EXACT=0; NAME_BASE_MATCH_EXTENSION_DIFF=0; NAME_NOT_FOUND=9; MATERIAL_REFERENCE_CONFIRMED=1; MATERIAL_APPLIED=0;BROWSER_OBSERVED=0; CONTAINER_ENTRY_RESOLVED=0;IMAGE_DECODED=0; ARK_TAIL=RAW_ONLY(218757 retraction stands)"
395532,PCG_9_3_5,SHAPE->NITEXTURINGPROPERTY->ARKTEXTURE_ENTRY (aggregated),BASE/DARK/etc,see private JSONL,"Textures.bnt (8,381 entries)","NAME_FOUND_EXACT=0; NAME_BASE_MATCH_EXTENSION_DIFF=0; NAME_NOT_FOUND=14; MATERIAL_REFERENCE_CONFIRMED=4; MATERIAL_APPLIED=0;BROWSER_OBSERVED=0; CONTAINER_ENTRY_RESOLVED=0;IMAGE_DECODED=0; ARK_TAIL=RAW_ONLY(218757 retraction stands)"
395635,PCG_9_3_5,SHAPE->NITEXTURINGPROPERTY->ARKTEXTURE_ENTRY (aggregated),BASE/DARK/etc,see private JSONL,"Textures.bnt (8,381 entries)","NAME_FOUND_EXACT=0; NAME_BASE_MATCH_EXTENSION_DIFF=0; NAME_NOT_FOUND=6; MATERIAL_REFERENCE_CONFIRMED=0; MATERIAL_APPLIED=0;BROWSER_OBSERVED=0; CONTAINER_ENTRY_RESOLVED=0;IMAGE_DECODED=0; ARK_TAIL=RAW_ONLY(218757 retraction stands)"
395651,PCG_9_3_5,SHAPE->NITEXTURINGPROPERTY->ARKTEXTURE_ENTRY (aggregated),BASE/DARK/etc,see private JSONL,"Textures.bnt (8,381 entries)","NAME_FOUND_EXACT=0; NAME_BASE_MATCH_EXTENSION_DIFF=0; NAME_NOT_FOUND=6; MATERIAL_REFERENCE_CONFIRMED=0; MATERIAL_APPLIED=0;BROWSER_OBSERVED=0; CONTAINER_ENTRY_RESOLVED=0;IMAGE_DECODED=0; ARK_TAIL=RAW_ONLY(218757 retraction stands)"
395700,PCG_9_3_5,SHAPE->NITEXTURINGPROPERTY->ARKTEXTURE_ENTRY (aggregated),BASE/DARK/etc,see private JSONL,"Textures.bnt (8,381 entries)","NAME_FOUND_EXACT=0; NAME_BASE_MATCH_EXTENSION_DIFF=0; NAME_NOT_FOUND=1; MATERIAL_REFERENCE_CONFIRMED=1; MATERIAL_APPLIED=0;BROWSER_OBSERVED=0; CONTAINER_ENTRY_RESOLVED=0;IMAGE_DECODED=0; ARK_TAIL=RAW_ONLY(218757 retraction stands)"
395790,PCG_9_3_5,SHAPE->NITEXTURINGPROPERTY->ARKTEXTURE_ENTRY (aggregated),BASE/DARK/etc,see private JSONL,"Textures.bnt (8,381 entries)","NAME_FOUND_EXACT=0; NAME_BASE_MATCH_EXTENSION_DIFF=0; NAME_NOT_FOUND=1; MATERIAL_REFERENCE_CONFIRMED=1; MATERIAL_APPLIED=0;BROWSER_OBSERVED=0; CONTAINER_ENTRY_RESOLVED=0;IMAGE_DECODED=0; ARK_TAIL=RAW_ONLY(218757 retraction stands)"
395794,PCG_9_3_5,SHAPE->NITEXTURINGPROPERTY->ARKTEXTURE_ENTRY (aggregated),BASE/DARK/etc,see private JSONL,"Textures.bnt (8,381 entries)","NAME_FOUND_EXACT=0; NAME_BASE_MATCH_EXTENSION_DIFF=0; NAME_NOT_FOUND=1; MATERIAL_REFERENCE_CONFIRMED=1; MATERIAL_APPLIED=0;BROWSER_OBSERVED=0; CONTAINER_ENTRY_RESOLVED=0;IMAGE_DECODED=0; ARK_TAIL=RAW_ONLY(218757 retraction stands)"
395798,PCG_9_3_5,SHAPE->NITEXTURINGPROPERTY->ARKTEXTURE_ENTRY (aggregated),BASE/DARK/etc,see private JSONL,"Textures.bnt (8,381 entries)","NAME_FOUND_EXACT=0; NAME_BASE_MATCH_EXTENSION_DIFF=0; NAME_NOT_FOUND=3; MATERIAL_REFERENCE_CONFIRMED=0; MATERIAL_APPLIED=0;BROWSER_OBSERVED=0; CONTAINER_ENTRY_RESOLVED=0;IMAGE_DECODED=0; ARK_TAIL=RAW_ONLY(218757 retraction stands)"
395900,PCG_9_3_5,SHAPE->NITEXTURINGPROPERTY->ARKTEXTURE_ENTRY (aggregated),BASE/DARK/etc,see private JSONL,"Textures.bnt (8,381 entries)","NAME_FOUND_EXACT=0; NAME_BASE_MATCH_EXTENSION_DIFF=0; NAME_NOT_FOUND=2; MATERIAL_REFERENCE_CONFIRMED=1; MATERIAL_APPLIED=0;BROWSER_OBSERVED=0; CONTAINER_ENTRY_RESOLVED=0;IMAGE_DECODED=0; ARK_TAIL=RAW_ONLY(218757 retraction stands)"
395926,PCG_9_3_5,SHAPE->NITEXTURINGPROPERTY->ARKTEXTURE_ENTRY (aggregated),BASE/DARK/etc,see private JSONL,"Textures.bnt (8,381 entries)","NAME_FOUND_EXACT=0; NAME_BASE_MATCH_EXTENSION_DIFF=0; NAME_NOT_FOUND=2; MATERIAL_REFERENCE_CONFIRMED=1; MATERIAL_APPLIED=0;BROWSER_OBSERVED=0; CONTAINER_ENTRY_RESOLVED=0;IMAGE_DECODED=0; ARK_TAIL=RAW_ONLY(218757 retraction stands)"
396274,PCG_9_3_5,SHAPE->NITEXTURINGPROPERTY->ARKTEXTURE_ENTRY (aggregated),BASE/DARK/etc,see private JSONL,"Textures.bnt (8,381 entries)","NAME_FOUND_EXACT=0; NAME_BASE_MATCH_EXTENSION_DIFF=0; NAME_NOT_FOUND=6; MATERIAL_REFERENCE_CONFIRMED=0; MATERIAL_APPLIED=0;BROWSER_OBSERVED=0; CONTAINER_ENTRY_RESOLVED=0;IMAGE_DECODED=0; ARK_TAIL=RAW_ONLY(218757 retraction stands)"
396282,PCG_9_3_5,SHAPE->NITEXTURINGPROPERTY->ARKTEXTURE_ENTRY (aggregated),BASE/DARK/etc,see private JSONL,"Textures.bnt (8,381 entries)","NAME_FOUND_EXACT=0; NAME_BASE_MATCH_EXTENSION_DIFF=0; NAME_NOT_FOUND=6; MATERIAL_REFERENCE_CONFIRMED=0; MATERIAL_APPLIED=0;BROWSER_OBSERVED=0; CONTAINER_ENTRY_RESOLVED=0;IMAGE_DECODED=0; ARK_TAIL=RAW_ONLY(218757 retraction stands)"
396349,PCG_9_3_5,SHAPE->NITEXTURINGPROPERTY->ARKTEXTURE_ENTRY (aggregated),BASE/DARK/etc,see private JSONL,"Textures.bnt (8,381 entries)","NAME_FOUND_EXACT=0; NAME_BASE_MATCH_EXTENSION_DIFF=0; NAME_NOT_FOUND=1; MATERIAL_REFERENCE_CONFIRMED=1; MATERIAL_APPLIED=0;BROWSER_OBSERVED=0; CONTAINER_ENTRY_RESOLVED=0;IMAGE_DECODED=0; ARK_TAIL=RAW_ONLY(218757 retraction stands)"
396484,PCG_9_3_5,SHAPE->NITEXTURINGPROPERTY->ARKTEXTURE_ENTRY (aggregated),BASE/DARK/etc,see private JSONL,"Textures.bnt (8,381 entries)","NAME_FOUND_EXACT=0; NAME_BASE_MATCH_EXTENSION_DIFF=0; NAME_NOT_FOUND=2; MATERIAL_REFERENCE_CONFIRMED=0; MATERIAL_APPLIED=0;BROWSER_OBSERVED=0; CONTAINER_ENTRY_RESOLVED=0;IMAGE_DECODED=0; ARK_TAIL=RAW_ONLY(218757 retraction stands)"
396551,PCG_9_3_5,SHAPE->NITEXTURINGPROPERTY->ARKTEXTURE_ENTRY (aggregated),BASE/DARK/etc,see private JSONL,"Textures.bnt (8,381 entries)","NAME_FOUND_EXACT=0; NAME_BASE_MATCH_EXTENSION_DIFF=0; NAME_NOT_FOUND=1; MATERIAL_REFERENCE_CONFIRMED=1; MATERIAL_APPLIED=0;BROWSER_OBSERVED=0; CONTAINER_ENTRY_RESOLVED=0;IMAGE_DECODED=0; ARK_TAIL=RAW_ONLY(218757 retraction stands)"
396552,PCG_9_3_5,SHAPE->NITEXTURINGPROPERTY->ARKTEXTURE_ENTRY (aggregated),BASE/DARK/etc,see private JSONL,"Textures.bnt (8,381 entries)","NAME_FOUND_EXACT=0; NAME_BASE_MATCH_EXTENSION_DIFF=0; NAME_NOT_FOUND=2; MATERIAL_REFERENCE_CONFIRMED=1; MATERIAL_APPLIED=0;BROWSER_OBSERVED=0; CONTAINER_ENTRY_RESOLVED=0;IMAGE_DECODED=0; ARK_TAIL=RAW_ONLY(218757 retraction stands)"
396574,PCG_9_3_5,SHAPE->NITEXTURINGPROPERTY->ARKTEXTURE_ENTRY (aggregated),BASE/DARK/etc,see private JSONL,"Textures.bnt (8,381 entries)","NAME_FOUND_EXACT=0; NAME_BASE_MATCH_EXTENSION_DIFF=0; NAME_NOT_FOUND=1; MATERIAL_REFERENCE_CONFIRMED=1; MATERIAL_APPLIED=0;BROWSER_OBSERVED=0; CONTAINER_ENTRY_RESOLVED=0;IMAGE_DECODED=0; ARK_TAIL=RAW_ONLY(218757 retraction stands)"
396756,PCG_9_3_5,SHAPE->NITEXTURINGPROPERTY->ARKTEXTURE_ENTRY (aggregated),BASE/DARK/etc,see private JSONL,"Textures.bnt (8,381 entries)","NAME_FOUND_EXACT=0; NAME_BASE_MATCH_EXTENSION_DIFF=0; NAME_NOT_FOUND=6; MATERIAL_REFERENCE_CONFIRMED=0; MATERIAL_APPLIED=0;BROWSER_OBSERVED=0; CONTAINER_ENTRY_RESOLVED=0;IMAGE_DECODED=0; ARK_TAIL=RAW_ONLY(218757 retraction stands)"
397118,PCG_9_3_5,SHAPE->NITEXTURINGPROPERTY->ARKTEXTURE_ENTRY (aggregated),BASE/DARK/etc,see private JSONL,"Textures.bnt (8,381 entries)","NAME_FOUND_EXACT=0; NAME_BASE_MATCH_EXTENSION_DIFF=0; NAME_NOT_FOUND=12; MATERIAL_REFERENCE_CONFIRMED=1; MATERIAL_APPLIED=0;BROWSER_OBSERVED=0; CONTAINER_ENTRY_RESOLVED=0;IMAGE_DECODED=0; ARK_TAIL=RAW_ONLY(218757 retraction stands)"
397629,PCG_9_3_5,SHAPE->NITEXTURINGPROPERTY->ARKTEXTURE_ENTRY (aggregated),BASE/DARK/etc,see private JSONL,"Textures.bnt (8,381 entries)","NAME_FOUND_EXACT=0; NAME_BASE_MATCH_EXTENSION_DIFF=0; NAME_NOT_FOUND=1; MATERIAL_REFERENCE_CONFIRMED=1; MATERIAL_APPLIED=0;BROWSER_OBSERVED=0; CONTAINER_ENTRY_RESOLVED=0;IMAGE_DECODED=0; ARK_TAIL=RAW_ONLY(218757 retraction stands)"
398007,PCG_9_3_5,SHAPE->NITEXTURINGPROPERTY->ARKTEXTURE_ENTRY (aggregated),BASE/DARK/etc,see private JSONL,"Textures.bnt (8,381 entries)","NAME_FOUND_EXACT=0; NAME_BASE_MATCH_EXTENSION_DIFF=0; NAME_NOT_FOUND=10; MATERIAL_REFERENCE_CONFIRMED=0; MATERIAL_APPLIED=0;BROWSER_OBSERVED=0; CONTAINER_ENTRY_RESOLVED=0;IMAGE_DECODED=0; ARK_TAIL=RAW_ONLY(218757 retraction stands)"
398183,PCG_9_3_5,SHAPE->NITEXTURINGPROPERTY->ARKTEXTURE_ENTRY (aggregated),BASE/DARK/etc,see private JSONL,"Textures.bnt (8,381 entries)","NAME_FOUND_EXACT=0; NAME_BASE_MATCH_EXTENSION_DIFF=0; NAME_NOT_FOUND=4; MATERIAL_REFERENCE_CONFIRMED=0; MATERIAL_APPLIED=0;BROWSER_OBSERVED=0; CONTAINER_ENTRY_RESOLVED=0;IMAGE_DECODED=0; ARK_TAIL=RAW_ONLY(218757 retraction stands)"
406003,PCG_9_3_5,SHAPE->NITEXTURINGPROPERTY->ARKTEXTURE_ENTRY (aggregated),BASE/DARK/etc,see private JSONL,"Textures.bnt (8,381 entries)","NAME_FOUND_EXACT=0; NAME_BASE_MATCH_EXTENSION_DIFF=0; NAME_NOT_FOUND=1; MATERIAL_REFERENCE_CONFIRMED=1; MATERIAL_APPLIED=0;BROWSER_OBSERVED=0; CONTAINER_ENTRY_RESOLVED=0;IMAGE_DECODED=0; ARK_TAIL=RAW_ONLY(218757 retraction stands)"
406551,PCG_9_3_5,SHAPE->NITEXTURINGPROPERTY->ARKTEXTURE_ENTRY (aggregated),BASE/DARK/etc,see private JSONL,"Textures.bnt (8,381 entries)","NAME_FOUND_EXACT=0; NAME_BASE_MATCH_EXTENSION_DIFF=0; NAME_NOT_FOUND=2; MATERIAL_REFERENCE_CONFIRMED=1; MATERIAL_APPLIED=0;BROWSER_OBSERVED=0; CONTAINER_ENTRY_RESOLVED=0;IMAGE_DECODED=0; ARK_TAIL=RAW_ONLY(218757 retraction stands)"
406562,PCG_9_3_5,SHAPE->NITEXTURINGPROPERTY->ARKTEXTURE_ENTRY (aggregated),BASE/DARK/etc,see private JSONL,"Textures.bnt (8,381 entries)","NAME_FOUND_EXACT=0; NAME_BASE_MATCH_EXTENSION_DIFF=0; NAME_NOT_FOUND=1; MATERIAL_REFERENCE_CONFIRMED=2; MATERIAL_APPLIED=0;BROWSER_OBSERVED=0; CONTAINER_ENTRY_RESOLVED=0;IMAGE_DECODED=0; ARK_TAIL=RAW_ONLY(218757 retraction stands)"
406564,PCG_9_3_5,SHAPE->NITEXTURINGPROPERTY->ARKTEXTURE_ENTRY (aggregated),BASE/DARK/etc,see private JSONL,"Textures.bnt (8,381 entries)","NAME_FOUND_EXACT=0; NAME_BASE_MATCH_EXTENSION_DIFF=0; NAME_NOT_FOUND=2; MATERIAL_REFERENCE_CONFIRMED=1; MATERIAL_APPLIED=0;BROWSER_OBSERVED=0; CONTAINER_ENTRY_RESOLVED=0;IMAGE_DECODED=0; ARK_TAIL=RAW_ONLY(218757 retraction stands)"
406567,PCG_9_3_5,SHAPE->NITEXTURINGPROPERTY->ARKTEXTURE_ENTRY (aggregated),BASE/DARK/etc,see private JSONL,"Textures.bnt (8,381 entries)","NAME_FOUND_EXACT=0; NAME_BASE_MATCH_EXTENSION_DIFF=0; NAME_NOT_FOUND=2; MATERIAL_REFERENCE_CONFIRMED=1; MATERIAL_APPLIED=0;BROWSER_OBSERVED=0; CONTAINER_ENTRY_RESOLVED=0;IMAGE_DECODED=0; ARK_TAIL=RAW_ONLY(218757 retraction stands)"
406601,PCG_9_3_5,SHAPE->NITEXTURINGPROPERTY->ARKTEXTURE_ENTRY (aggregated),BASE/DARK/etc,see private JSONL,"Textures.bnt (8,381 entries)","NAME_FOUND_EXACT=0; NAME_BASE_MATCH_EXTENSION_DIFF=0; NAME_NOT_FOUND=1; MATERIAL_REFERENCE_CONFIRMED=1; MATERIAL_APPLIED=0;BROWSER_OBSERVED=0; CONTAINER_ENTRY_RESOLVED=0;IMAGE_DECODED=0; ARK_TAIL=RAW_ONLY(218757 retraction stands)"
406603,PCG_9_3_5,SHAPE->NITEXTURINGPROPERTY->ARKTEXTURE_ENTRY (aggregated),BASE/DARK/etc,see private JSONL,"Textures.bnt (8,381 entries)","NAME_FOUND_EXACT=0; NAME_BASE_MATCH_EXTENSION_DIFF=0; NAME_NOT_FOUND=2; MATERIAL_REFERENCE_CONFIRMED=1; MATERIAL_APPLIED=0;BROWSER_OBSERVED=0; CONTAINER_ENTRY_RESOLVED=0;IMAGE_DECODED=0; ARK_TAIL=RAW_ONLY(218757 retraction stands)"
406606,PCG_9_3_5,SHAPE->NITEXTURINGPROPERTY->ARKTEXTURE_ENTRY (aggregated),BASE/DARK/etc,see private JSONL,"Textures.bnt (8,381 entries)","NAME_FOUND_EXACT=0; NAME_BASE_MATCH_EXTENSION_DIFF=0; NAME_NOT_FOUND=2; MATERIAL_REFERENCE_CONFIRMED=1; MATERIAL_APPLIED=0;BROWSER_OBSERVED=0; CONTAINER_ENTRY_RESOLVED=0;IMAGE_DECODED=0; ARK_TAIL=RAW_ONLY(218757 retraction stands)"
406608,PCG_9_3_5,SHAPE->NITEXTURINGPROPERTY->ARKTEXTURE_ENTRY (aggregated),BASE/DARK/etc,see private JSONL,"Textures.bnt (8,381 entries)","NAME_FOUND_EXACT=0; NAME_BASE_MATCH_EXTENSION_DIFF=0; NAME_NOT_FOUND=9; MATERIAL_REFERENCE_CONFIRMED=0; MATERIAL_APPLIED=0;BROWSER_OBSERVED=0; CONTAINER_ENTRY_RESOLVED=0;IMAGE_DECODED=0; ARK_TAIL=RAW_ONLY(218757 retraction stands)"
406635,PCG_9_3_5,SHAPE->NITEXTURINGPROPERTY->ARKTEXTURE_ENTRY (aggregated),BASE/DARK/etc,see private JSONL,"Textures.bnt (8,381 entries)","NAME_FOUND_EXACT=0; NAME_BASE_MATCH_EXTENSION_DIFF=0; NAME_NOT_FOUND=2; MATERIAL_REFERENCE_CONFIRMED=1; MATERIAL_APPLIED=0;BROWSER_OBSERVED=0; CONTAINER_ENTRY_RESOLVED=0;IMAGE_DECODED=0; ARK_TAIL=RAW_ONLY(218757 retraction stands)"
406686,PCG_9_3_5,SHAPE->NITEXTURINGPROPERTY->ARKTEXTURE_ENTRY (aggregated),BASE/DARK/etc,see private JSONL,"Textures.bnt (8,381 entries)","NAME_FOUND_EXACT=0; NAME_BASE_MATCH_EXTENSION_DIFF=0; NAME_NOT_FOUND=1; MATERIAL_REFERENCE_CONFIRMED=1; MATERIAL_APPLIED=0;BROWSER_OBSERVED=0; CONTAINER_ENTRY_RESOLVED=0;IMAGE_DECODED=0; ARK_TAIL=RAW_ONLY(218757 retraction stands)"
406916,PCG_9_3_5,SHAPE->NITEXTURINGPROPERTY->ARKTEXTURE_ENTRY (aggregated),BASE/DARK/etc,see private JSONL,"Textures.bnt (8,381 entries)","NAME_FOUND_EXACT=0; NAME_BASE_MATCH_EXTENSION_DIFF=0; NAME_NOT_FOUND=2; MATERIAL_REFERENCE_CONFIRMED=0; MATERIAL_APPLIED=0;BROWSER_OBSERVED=0; CONTAINER_ENTRY_RESOLVED=0;IMAGE_DECODED=0; ARK_TAIL=RAW_ONLY(218757 retraction stands)"
406947,PCG_9_3_5,SHAPE->NITEXTURINGPROPERTY->ARKTEXTURE_ENTRY (aggregated),BASE/DARK/etc,see private JSONL,"Textures.bnt (8,381 entries)","NAME_FOUND_EXACT=0; NAME_BASE_MATCH_EXTENSION_DIFF=0; NAME_NOT_FOUND=1; MATERIAL_REFERENCE_CONFIRMED=0; MATERIAL_APPLIED=0;BROWSER_OBSERVED=0; CONTAINER_ENTRY_RESOLVED=0;IMAGE_DECODED=0; ARK_TAIL=RAW_ONLY(218757 retraction stands)"
406982,PCG_9_3_5,SHAPE->NITEXTURINGPROPERTY->ARKTEXTURE_ENTRY (aggregated),BASE/DARK/etc,see private JSONL,"Textures.bnt (8,381 entries)","NAME_FOUND_EXACT=0; NAME_BASE_MATCH_EXTENSION_DIFF=0; NAME_NOT_FOUND=1; MATERIAL_REFERENCE_CONFIRMED=1; MATERIAL_APPLIED=0;BROWSER_OBSERVED=0; CONTAINER_ENTRY_RESOLVED=0;IMAGE_DECODED=0; ARK_TAIL=RAW_ONLY(218757 retraction stands)"
406999,PCG_9_3_5,SHAPE->NITEXTURINGPROPERTY->ARKTEXTURE_ENTRY (aggregated),BASE/DARK/etc,see private JSONL,"Textures.bnt (8,381 entries)","NAME_FOUND_EXACT=0; NAME_BASE_MATCH_EXTENSION_DIFF=0; NAME_NOT_FOUND=1; MATERIAL_REFERENCE_CONFIRMED=1; MATERIAL_APPLIED=0;BROWSER_OBSERVED=0; CONTAINER_ENTRY_RESOLVED=0;IMAGE_DECODED=0; ARK_TAIL=RAW_ONLY(218757 retraction stands)"
407006,PCG_9_3_5,SHAPE->NITEXTURINGPROPERTY->ARKTEXTURE_ENTRY (aggregated),BASE/DARK/etc,see private JSONL,"Textures.bnt (8,381 entries)","NAME_FOUND_EXACT=0; NAME_BASE_MATCH_EXTENSION_DIFF=0; NAME_NOT_FOUND=1; MATERIAL_REFERENCE_CONFIRMED=1; MATERIAL_APPLIED=0;BROWSER_OBSERVED=0; CONTAINER_ENTRY_RESOLVED=0;IMAGE_DECODED=0; ARK_TAIL=RAW_ONLY(218757 retraction stands)"
407009,PCG_9_3_5,SHAPE->NITEXTURINGPROPERTY->ARKTEXTURE_ENTRY (aggregated),BASE/DARK/etc,see private JSONL,"Textures.bnt (8,381 entries)","NAME_FOUND_EXACT=0; NAME_BASE_MATCH_EXTENSION_DIFF=0; NAME_NOT_FOUND=1; MATERIAL_REFERENCE_CONFIRMED=1; MATERIAL_APPLIED=0;BROWSER_OBSERVED=0; CONTAINER_ENTRY_RESOLVED=0;IMAGE_DECODED=0; ARK_TAIL=RAW_ONLY(218757 retraction stands)"
407012,PCG_9_3_5,SHAPE->NITEXTURINGPROPERTY->ARKTEXTURE_ENTRY (aggregated),BASE/DARK/etc,see private JSONL,"Textures.bnt (8,381 entries)","NAME_FOUND_EXACT=0; NAME_BASE_MATCH_EXTENSION_DIFF=0; NAME_NOT_FOUND=1; MATERIAL_REFERENCE_CONFIRMED=1; MATERIAL_APPLIED=0;BROWSER_OBSERVED=0; CONTAINER_ENTRY_RESOLVED=0;IMAGE_DECODED=0; ARK_TAIL=RAW_ONLY(218757 retraction stands)"
407140,PCG_9_3_5,SHAPE->NITEXTURINGPROPERTY->ARKTEXTURE_ENTRY (aggregated),BASE/DARK/etc,see private JSONL,"Textures.bnt (8,381 entries)","NAME_FOUND_EXACT=0; NAME_BASE_MATCH_EXTENSION_DIFF=0; NAME_NOT_FOUND=2; MATERIAL_REFERENCE_CONFIRMED=0; MATERIAL_APPLIED=0;BROWSER_OBSERVED=0; CONTAINER_ENTRY_RESOLVED=0;IMAGE_DECODED=0; ARK_TAIL=RAW_ONLY(218757 retraction stands)"
407144,PCG_9_3_5,SHAPE->NITEXTURINGPROPERTY->ARKTEXTURE_ENTRY (aggregated),BASE/DARK/etc,see private JSONL,"Textures.bnt (8,381 entries)","NAME_FOUND_EXACT=0; NAME_BASE_MATCH_EXTENSION_DIFF=0; NAME_NOT_FOUND=2; MATERIAL_REFERENCE_CONFIRMED=0; MATERIAL_APPLIED=0;BROWSER_OBSERVED=0; CONTAINER_ENTRY_RESOLVED=0;IMAGE_DECODED=0; ARK_TAIL=RAW_ONLY(218757 retraction stands)"
407156,PCG_9_3_5,SHAPE->NITEXTURINGPROPERTY->ARKTEXTURE_ENTRY (aggregated),BASE/DARK/etc,see private JSONL,"Textures.bnt (8,381 entries)","NAME_FOUND_EXACT=0; NAME_BASE_MATCH_EXTENSION_DIFF=0; NAME_NOT_FOUND=2; MATERIAL_REFERENCE_CONFIRMED=2; MATERIAL_APPLIED=0;BROWSER_OBSERVED=0; CONTAINER_ENTRY_RESOLVED=0;IMAGE_DECODED=0; ARK_TAIL=RAW_ONLY(218757 retraction stands)"
407173,PCG_9_3_5,SHAPE->NITEXTURINGPROPERTY->ARKTEXTURE_ENTRY (aggregated),BASE/DARK/etc,see private JSONL,"Textures.bnt (8,381 entries)","NAME_FOUND_EXACT=0; NAME_BASE_MATCH_EXTENSION_DIFF=0; NAME_NOT_FOUND=1; MATERIAL_REFERENCE_CONFIRMED=1; MATERIAL_APPLIED=0;BROWSER_OBSERVED=0; CONTAINER_ENTRY_RESOLVED=0;IMAGE_DECODED=0; ARK_TAIL=RAW_ONLY(218757 retraction stands)"
407178,PCG_9_3_5,SHAPE->NITEXTURINGPROPERTY->ARKTEXTURE_ENTRY (aggregated),BASE/DARK/etc,see private JSONL,"Textures.bnt (8,381 entries)","NAME_FOUND_EXACT=0; NAME_BASE_MATCH_EXTENSION_DIFF=0; NAME_NOT_FOUND=1; MATERIAL_REFERENCE_CONFIRMED=1; MATERIAL_APPLIED=0;BROWSER_OBSERVED=0; CONTAINER_ENTRY_RESOLVED=0;IMAGE_DECODED=0; ARK_TAIL=RAW_ONLY(218757 retraction stands)"
407416,PCG_9_3_5,SHAPE->NITEXTURINGPROPERTY->ARKTEXTURE_ENTRY (aggregated),BASE/DARK/etc,see private JSONL,"Textures.bnt (8,381 entries)","NAME_FOUND_EXACT=0; NAME_BASE_MATCH_EXTENSION_DIFF=0; NAME_NOT_FOUND=4; MATERIAL_REFERENCE_CONFIRMED=0; MATERIAL_APPLIED=0;BROWSER_OBSERVED=0; CONTAINER_ENTRY_RESOLVED=0;IMAGE_DECODED=0; ARK_TAIL=RAW_ONLY(218757 retraction stands)"
41076,PCG_9_3_5,SHAPE->NITEXTURINGPROPERTY->ARKTEXTURE_ENTRY (aggregated),BASE/DARK/etc,see private JSONL,"Textures.bnt (8,381 entries)","NAME_FOUND_EXACT=0; NAME_BASE_MATCH_EXTENSION_DIFF=0; NAME_NOT_FOUND=9; MATERIAL_REFERENCE_CONFIRMED=0; MATERIAL_APPLIED=0;BROWSER_OBSERVED=0; CONTAINER_ENTRY_RESOLVED=0;IMAGE_DECODED=0; ARK_TAIL=RAW_ONLY(218757 retraction stands)"
411802,PCG_9_3_5,SHAPE->NITEXTURINGPROPERTY->ARKTEXTURE_ENTRY (aggregated),BASE/DARK/etc,see private JSONL,"Textures.bnt (8,381 entries)","NAME_FOUND_EXACT=0; NAME_BASE_MATCH_EXTENSION_DIFF=0; NAME_NOT_FOUND=23; MATERIAL_REFERENCE_CONFIRMED=6; MATERIAL_APPLIED=0;BROWSER_OBSERVED=0; CONTAINER_ENTRY_RESOLVED=0;IMAGE_DECODED=0; ARK_TAIL=RAW_ONLY(218757 retraction stands)"
4123,PCG_9_3_5,SHAPE->NITEXTURINGPROPERTY->ARKTEXTURE_ENTRY (aggregated),BASE/DARK/etc,see private JSONL,"Textures.bnt (8,381 entries)","NAME_FOUND_EXACT=0; NAME_BASE_MATCH_EXTENSION_DIFF=0; NAME_NOT_FOUND=1; MATERIAL_REFERENCE_CONFIRMED=0; MATERIAL_APPLIED=0;BROWSER_OBSERVED=0; CONTAINER_ENTRY_RESOLVED=0;IMAGE_DECODED=0; ARK_TAIL=RAW_ONLY(218757 retraction stands)"
41719,PCG_9_3_5,SHAPE->NITEXTURINGPROPERTY->ARKTEXTURE_ENTRY (aggregated),BASE/DARK/etc,see private JSONL,"Textures.bnt (8,381 entries)","NAME_FOUND_EXACT=0; NAME_BASE_MATCH_EXTENSION_DIFF=0; NAME_NOT_FOUND=1; MATERIAL_REFERENCE_CONFIRMED=0; MATERIAL_APPLIED=0;BROWSER_OBSERVED=0; CONTAINER_ENTRY_RESOLVED=0;IMAGE_DECODED=0; ARK_TAIL=RAW_ONLY(218757 retraction stands)"
41728,PCG_9_3_5,SHAPE->NITEXTURINGPROPERTY->ARKTEXTURE_ENTRY (aggregated),BASE/DARK/etc,see private JSONL,"Textures.bnt (8,381 entries)","NAME_FOUND_EXACT=0; NAME_BASE_MATCH_EXTENSION_DIFF=0; NAME_NOT_FOUND=1; MATERIAL_REFERENCE_CONFIRMED=0; MATERIAL_APPLIED=0;BROWSER_OBSERVED=0; CONTAINER_ENTRY_RESOLVED=0;IMAGE_DECODED=0; ARK_TAIL=RAW_ONLY(218757 retraction stands)"
417862,PCG_9_3_5,SHAPE->NITEXTURINGPROPERTY->ARKTEXTURE_ENTRY (aggregated),BASE/DARK/etc,see private JSONL,"Textures.bnt (8,381 entries)","NAME_FOUND_EXACT=0; NAME_BASE_MATCH_EXTENSION_DIFF=0; NAME_NOT_FOUND=1; MATERIAL_REFERENCE_CONFIRMED=1; MATERIAL_APPLIED=0;BROWSER_OBSERVED=0; CONTAINER_ENTRY_RESOLVED=0;IMAGE_DECODED=0; ARK_TAIL=RAW_ONLY(218757 retraction stands)"
417881,PCG_9_3_5,SHAPE->NITEXTURINGPROPERTY->ARKTEXTURE_ENTRY (aggregated),BASE/DARK/etc,see private JSONL,"Textures.bnt (8,381 entries)","NAME_FOUND_EXACT=0; NAME_BASE_MATCH_EXTENSION_DIFF=0; NAME_NOT_FOUND=1; MATERIAL_REFERENCE_CONFIRMED=1; MATERIAL_APPLIED=0;BROWSER_OBSERVED=0; CONTAINER_ENTRY_RESOLVED=0;IMAGE_DECODED=0; ARK_TAIL=RAW_ONLY(218757 retraction stands)"
417962,PCG_9_3_5,SHAPE->NITEXTURINGPROPERTY->ARKTEXTURE_ENTRY (aggregated),BASE/DARK/etc,see private JSONL,"Textures.bnt (8,381 entries)","NAME_FOUND_EXACT=0; NAME_BASE_MATCH_EXTENSION_DIFF=0; NAME_NOT_FOUND=1; MATERIAL_REFERENCE_CONFIRMED=0; MATERIAL_APPLIED=0;BROWSER_OBSERVED=0; CONTAINER_ENTRY_RESOLVED=0;IMAGE_DECODED=0; ARK_TAIL=RAW_ONLY(218757 retraction stands)"
418028,PCG_9_3_5,SHAPE->NITEXTURINGPROPERTY->ARKTEXTURE_ENTRY (aggregated),BASE/DARK/etc,see private JSONL,"Textures.bnt (8,381 entries)","NAME_FOUND_EXACT=0; NAME_BASE_MATCH_EXTENSION_DIFF=0; NAME_NOT_FOUND=1; MATERIAL_REFERENCE_CONFIRMED=1; MATERIAL_APPLIED=0;BROWSER_OBSERVED=0; CONTAINER_ENTRY_RESOLVED=0;IMAGE_DECODED=0; ARK_TAIL=RAW_ONLY(218757 retraction stands)"
418118,PCG_9_3_5,SHAPE->NITEXTURINGPROPERTY->ARKTEXTURE_ENTRY (aggregated),BASE/DARK/etc,see private JSONL,"Textures.bnt (8,381 entries)","NAME_FOUND_EXACT=0; NAME_BASE_MATCH_EXTENSION_DIFF=0; NAME_NOT_FOUND=1; MATERIAL_REFERENCE_CONFIRMED=1; MATERIAL_APPLIED=0;BROWSER_OBSERVED=0; CONTAINER_ENTRY_RESOLVED=0;IMAGE_DECODED=0; ARK_TAIL=RAW_ONLY(218757 retraction stands)"
418146,PCG_9_3_5,SHAPE->NITEXTURINGPROPERTY->ARKTEXTURE_ENTRY (aggregated),BASE/DARK/etc,see private JSONL,"Textures.bnt (8,381 entries)","NAME_FOUND_EXACT=0; NAME_BASE_MATCH_EXTENSION_DIFF=0; NAME_NOT_FOUND=1; MATERIAL_REFERENCE_CONFIRMED=1; MATERIAL_APPLIED=0;BROWSER_OBSERVED=0; CONTAINER_ENTRY_RESOLVED=0;IMAGE_DECODED=0; ARK_TAIL=RAW_ONLY(218757 retraction stands)"
41816,PCG_9_3_5,SHAPE->NITEXTURINGPROPERTY->ARKTEXTURE_ENTRY (aggregated),BASE/DARK/etc,see private JSONL,"Textures.bnt (8,381 entries)","NAME_FOUND_EXACT=0; NAME_BASE_MATCH_EXTENSION_DIFF=0; NAME_NOT_FOUND=1; MATERIAL_REFERENCE_CONFIRMED=0; MATERIAL_APPLIED=0;BROWSER_OBSERVED=0; CONTAINER_ENTRY_RESOLVED=0;IMAGE_DECODED=0; ARK_TAIL=RAW_ONLY(218757 retraction stands)"
418162,PCG_9_3_5,SHAPE->NITEXTURINGPROPERTY->ARKTEXTURE_ENTRY (aggregated),BASE/DARK/etc,see private JSONL,"Textures.bnt (8,381 entries)","NAME_FOUND_EXACT=0; NAME_BASE_MATCH_EXTENSION_DIFF=0; NAME_NOT_FOUND=1; MATERIAL_REFERENCE_CONFIRMED=1; MATERIAL_APPLIED=0;BROWSER_OBSERVED=0; CONTAINER_ENTRY_RESOLVED=0;IMAGE_DECODED=0; ARK_TAIL=RAW_ONLY(218757 retraction stands)"
418210,PCG_9_3_5,SHAPE->NITEXTURINGPROPERTY->ARKTEXTURE_ENTRY (aggregated),BASE/DARK/etc,see private JSONL,"Textures.bnt (8,381 entries)","NAME_FOUND_EXACT=0; NAME_BASE_MATCH_EXTENSION_DIFF=0; NAME_NOT_FOUND=10; MATERIAL_REFERENCE_CONFIRMED=0; MATERIAL_APPLIED=0;BROWSER_OBSERVED=0; CONTAINER_ENTRY_RESOLVED=0;IMAGE_DECODED=0; ARK_TAIL=RAW_ONLY(218757 retraction stands)"
419428,PCG_9_3_5,SHAPE->NITEXTURINGPROPERTY->ARKTEXTURE_ENTRY (aggregated),BASE/DARK/etc,see private JSONL,"Textures.bnt (8,381 entries)","NAME_FOUND_EXACT=0; NAME_BASE_MATCH_EXTENSION_DIFF=0; NAME_NOT_FOUND=9; MATERIAL_REFERENCE_CONFIRMED=0; MATERIAL_APPLIED=0;BROWSER_OBSERVED=0; CONTAINER_ENTRY_RESOLVED=0;IMAGE_DECODED=0; ARK_TAIL=RAW_ONLY(218757 retraction stands)"
419625,PCG_9_3_5,SHAPE->NITEXTURINGPROPERTY->ARKTEXTURE_ENTRY (aggregated),BASE/DARK/etc,see private JSONL,"Textures.bnt (8,381 entries)","NAME_FOUND_EXACT=0; NAME_BASE_MATCH_EXTENSION_DIFF=0; NAME_NOT_FOUND=2; MATERIAL_REFERENCE_CONFIRMED=1; MATERIAL_APPLIED=0;BROWSER_OBSERVED=0; CONTAINER_ENTRY_RESOLVED=0;IMAGE_DECODED=0; ARK_TAIL=RAW_ONLY(218757 retraction stands)"
419647,PCG_9_3_5,SHAPE->NITEXTURINGPROPERTY->ARKTEXTURE_ENTRY (aggregated),BASE/DARK/etc,see private JSONL,"Textures.bnt (8,381 entries)","NAME_FOUND_EXACT=0; NAME_BASE_MATCH_EXTENSION_DIFF=0; NAME_NOT_FOUND=2; MATERIAL_REFERENCE_CONFIRMED=1; MATERIAL_APPLIED=0;BROWSER_OBSERVED=0; CONTAINER_ENTRY_RESOLVED=0;IMAGE_DECODED=0; ARK_TAIL=RAW_ONLY(218757 retraction stands)"
419655,PCG_9_3_5,SHAPE->NITEXTURINGPROPERTY->ARKTEXTURE_ENTRY (aggregated),BASE/DARK/etc,see private JSONL,"Textures.bnt (8,381 entries)","NAME_FOUND_EXACT=0; NAME_BASE_MATCH_EXTENSION_DIFF=0; NAME_NOT_FOUND=2; MATERIAL_REFERENCE_CONFIRMED=1; MATERIAL_APPLIED=0;BROWSER_OBSERVED=0; CONTAINER_ENTRY_RESOLVED=0;IMAGE_DECODED=0; ARK_TAIL=RAW_ONLY(218757 retraction stands)"
419709,PCG_9_3_5,SHAPE->NITEXTURINGPROPERTY->ARKTEXTURE_ENTRY (aggregated),BASE/DARK/etc,see private JSONL,"Textures.bnt (8,381 entries)","NAME_FOUND_EXACT=0; NAME_BASE_MATCH_EXTENSION_DIFF=0; NAME_NOT_FOUND=2; MATERIAL_REFERENCE_CONFIRMED=0; MATERIAL_APPLIED=0;BROWSER_OBSERVED=0; CONTAINER_ENTRY_RESOLVED=0;IMAGE_DECODED=0; ARK_TAIL=RAW_ONLY(218757 retraction stands)"
419719,PCG_9_3_5,SHAPE->NITEXTURINGPROPERTY->ARKTEXTURE_ENTRY (aggregated),BASE/DARK/etc,see private JSONL,"Textures.bnt (8,381 entries)","NAME_FOUND_EXACT=0; NAME_BASE_MATCH_EXTENSION_DIFF=0; NAME_NOT_FOUND=2; MATERIAL_REFERENCE_CONFIRMED=1; MATERIAL_APPLIED=0;BROWSER_OBSERVED=0; CONTAINER_ENTRY_RESOLVED=0;IMAGE_DECODED=0; ARK_TAIL=RAW_ONLY(218757 retraction stands)"
420948,PCG_9_3_5,SHAPE->NITEXTURINGPROPERTY->ARKTEXTURE_ENTRY (aggregated),BASE/DARK/etc,see private JSONL,"Textures.bnt (8,381 entries)","NAME_FOUND_EXACT=0; NAME_BASE_MATCH_EXTENSION_DIFF=0; NAME_NOT_FOUND=1; MATERIAL_REFERENCE_CONFIRMED=0; MATERIAL_APPLIED=0;BROWSER_OBSERVED=0; CONTAINER_ENTRY_RESOLVED=0;IMAGE_DECODED=0; ARK_TAIL=RAW_ONLY(218757 retraction stands)"
420958,PCG_9_3_5,SHAPE->NITEXTURINGPROPERTY->ARKTEXTURE_ENTRY (aggregated),BASE/DARK/etc,see private JSONL,"Textures.bnt (8,381 entries)","NAME_FOUND_EXACT=0; NAME_BASE_MATCH_EXTENSION_DIFF=0; NAME_NOT_FOUND=1; MATERIAL_REFERENCE_CONFIRMED=1; MATERIAL_APPLIED=0;BROWSER_OBSERVED=0; CONTAINER_ENTRY_RESOLVED=0;IMAGE_DECODED=0; ARK_TAIL=RAW_ONLY(218757 retraction stands)"
423167,PCG_9_3_5,SHAPE->NITEXTURINGPROPERTY->ARKTEXTURE_ENTRY (aggregated),BASE/DARK/etc,see private JSONL,"Textures.bnt (8,381 entries)","NAME_FOUND_EXACT=0; NAME_BASE_MATCH_EXTENSION_DIFF=0; NAME_NOT_FOUND=1; MATERIAL_REFERENCE_CONFIRMED=0; MATERIAL_APPLIED=0;BROWSER_OBSERVED=0; CONTAINER_ENTRY_RESOLVED=0;IMAGE_DECODED=0; ARK_TAIL=RAW_ONLY(218757 retraction stands)"
424512,PCG_9_3_5,SHAPE->NITEXTURINGPROPERTY->ARKTEXTURE_ENTRY (aggregated),BASE/DARK/etc,see private JSONL,"Textures.bnt (8,381 entries)","NAME_FOUND_EXACT=0; NAME_BASE_MATCH_EXTENSION_DIFF=0; NAME_NOT_FOUND=2; MATERIAL_REFERENCE_CONFIRMED=1; MATERIAL_APPLIED=0;BROWSER_OBSERVED=0; CONTAINER_ENTRY_RESOLVED=0;IMAGE_DECODED=0; ARK_TAIL=RAW_ONLY(218757 retraction stands)"
424791,PCG_9_3_5,SHAPE->NITEXTURINGPROPERTY->ARKTEXTURE_ENTRY (aggregated),BASE/DARK/etc,see private JSONL,"Textures.bnt (8,381 entries)","NAME_FOUND_EXACT=0; NAME_BASE_MATCH_EXTENSION_DIFF=0; NAME_NOT_FOUND=1; MATERIAL_REFERENCE_CONFIRMED=1; MATERIAL_APPLIED=0;BROWSER_OBSERVED=0; CONTAINER_ENTRY_RESOLVED=0;IMAGE_DECODED=0; ARK_TAIL=RAW_ONLY(218757 retraction stands)"
424943,PCG_9_3_5,SHAPE->NITEXTURINGPROPERTY->ARKTEXTURE_ENTRY (aggregated),BASE/DARK/etc,see private JSONL,"Textures.bnt (8,381 entries)","NAME_FOUND_EXACT=0; NAME_BASE_MATCH_EXTENSION_DIFF=0; NAME_NOT_FOUND=1; MATERIAL_REFERENCE_CONFIRMED=0; MATERIAL_APPLIED=0;BROWSER_OBSERVED=0; CONTAINER_ENTRY_RESOLVED=0;IMAGE_DECODED=0; ARK_TAIL=RAW_ONLY(218757 retraction stands)"
424963,PCG_9_3_5,SHAPE->NITEXTURINGPROPERTY->ARKTEXTURE_ENTRY (aggregated),BASE/DARK/etc,see private JSONL,"Textures.bnt (8,381 entries)","NAME_FOUND_EXACT=0; NAME_BASE_MATCH_EXTENSION_DIFF=0; NAME_NOT_FOUND=1; MATERIAL_REFERENCE_CONFIRMED=0; MATERIAL_APPLIED=0;BROWSER_OBSERVED=0; CONTAINER_ENTRY_RESOLVED=0;IMAGE_DECODED=0; ARK_TAIL=RAW_ONLY(218757 retraction stands)"
424972,PCG_9_3_5,SHAPE->NITEXTURINGPROPERTY->ARKTEXTURE_ENTRY (aggregated),BASE/DARK/etc,see private JSONL,"Textures.bnt (8,381 entries)","NAME_FOUND_EXACT=0; NAME_BASE_MATCH_EXTENSION_DIFF=0; NAME_NOT_FOUND=1; MATERIAL_REFERENCE_CONFIRMED=0; MATERIAL_APPLIED=0;BROWSER_OBSERVED=0; CONTAINER_ENTRY_RESOLVED=0;IMAGE_DECODED=0; ARK_TAIL=RAW_ONLY(218757 retraction stands)"
424982,PCG_9_3_5,SHAPE->NITEXTURINGPROPERTY->ARKTEXTURE_ENTRY (aggregated),BASE/DARK/etc,see private JSONL,"Textures.bnt (8,381 entries)","NAME_FOUND_EXACT=0; NAME_BASE_MATCH_EXTENSION_DIFF=0; NAME_NOT_FOUND=1; MATERIAL_REFERENCE_CONFIRMED=0; MATERIAL_APPLIED=0;BROWSER_OBSERVED=0; CONTAINER_ENTRY_RESOLVED=0;IMAGE_DECODED=0; ARK_TAIL=RAW_ONLY(218757 retraction stands)"
424994,PCG_9_3_5,SHAPE->NITEXTURINGPROPERTY->ARKTEXTURE_ENTRY (aggregated),BASE/DARK/etc,see private JSONL,"Textures.bnt (8,381 entries)","NAME_FOUND_EXACT=0; NAME_BASE_MATCH_EXTENSION_DIFF=0; NAME_NOT_FOUND=1; MATERIAL_REFERENCE_CONFIRMED=0; MATERIAL_APPLIED=0;BROWSER_OBSERVED=0; CONTAINER_ENTRY_RESOLVED=0;IMAGE_DECODED=0; ARK_TAIL=RAW_ONLY(218757 retraction stands)"
424999,PCG_9_3_5,SHAPE->NITEXTURINGPROPERTY->ARKTEXTURE_ENTRY (aggregated),BASE/DARK/etc,see private JSONL,"Textures.bnt (8,381 entries)","NAME_FOUND_EXACT=0; NAME_BASE_MATCH_EXTENSION_DIFF=0; NAME_NOT_FOUND=1; MATERIAL_REFERENCE_CONFIRMED=0; MATERIAL_APPLIED=0;BROWSER_OBSERVED=0; CONTAINER_ENTRY_RESOLVED=0;IMAGE_DECODED=0; ARK_TAIL=RAW_ONLY(218757 retraction stands)"
425004,PCG_9_3_5,SHAPE->NITEXTURINGPROPERTY->ARKTEXTURE_ENTRY (aggregated),BASE/DARK/etc,see private JSONL,"Textures.bnt (8,381 entries)","NAME_FOUND_EXACT=0; NAME_BASE_MATCH_EXTENSION_DIFF=0; NAME_NOT_FOUND=1; MATERIAL_REFERENCE_CONFIRMED=0; MATERIAL_APPLIED=0;BROWSER_OBSERVED=0; CONTAINER_ENTRY_RESOLVED=0;IMAGE_DECODED=0; ARK_TAIL=RAW_ONLY(218757 retraction stands)"
425009,PCG_9_3_5,SHAPE->NITEXTURINGPROPERTY->ARKTEXTURE_ENTRY (aggregated),BASE/DARK/etc,see private JSONL,"Textures.bnt (8,381 entries)","NAME_FOUND_EXACT=0; NAME_BASE_MATCH_EXTENSION_DIFF=0; NAME_NOT_FOUND=1; MATERIAL_REFERENCE_CONFIRMED=0; MATERIAL_APPLIED=0;BROWSER_OBSERVED=0; CONTAINER_ENTRY_RESOLVED=0;IMAGE_DECODED=0; ARK_TAIL=RAW_ONLY(218757 retraction stands)"
425035,PCG_9_3_5,SHAPE->NITEXTURINGPROPERTY->ARKTEXTURE_ENTRY (aggregated),BASE/DARK/etc,see private JSONL,"Textures.bnt (8,381 entries)","NAME_FOUND_EXACT=0; NAME_BASE_MATCH_EXTENSION_DIFF=0; NAME_NOT_FOUND=1; MATERIAL_REFERENCE_CONFIRMED=0; MATERIAL_APPLIED=0;BROWSER_OBSERVED=0; CONTAINER_ENTRY_RESOLVED=0;IMAGE_DECODED=0; ARK_TAIL=RAW_ONLY(218757 retraction stands)"
425040,PCG_9_3_5,SHAPE->NITEXTURINGPROPERTY->ARKTEXTURE_ENTRY (aggregated),BASE/DARK/etc,see private JSONL,"Textures.bnt (8,381 entries)","NAME_FOUND_EXACT=0; NAME_BASE_MATCH_EXTENSION_DIFF=0; NAME_NOT_FOUND=1; MATERIAL_REFERENCE_CONFIRMED=0; MATERIAL_APPLIED=0;BROWSER_OBSERVED=0; CONTAINER_ENTRY_RESOLVED=0;IMAGE_DECODED=0; ARK_TAIL=RAW_ONLY(218757 retraction stands)"
425045,PCG_9_3_5,SHAPE->NITEXTURINGPROPERTY->ARKTEXTURE_ENTRY (aggregated),BASE/DARK/etc,see private JSONL,"Textures.bnt (8,381 entries)","NAME_FOUND_EXACT=0; NAME_BASE_MATCH_EXTENSION_DIFF=0; NAME_NOT_FOUND=1; MATERIAL_REFERENCE_CONFIRMED=0; MATERIAL_APPLIED=0;BROWSER_OBSERVED=0; CONTAINER_ENTRY_RESOLVED=0;IMAGE_DECODED=0; ARK_TAIL=RAW_ONLY(218757 retraction stands)"
425050,PCG_9_3_5,SHAPE->NITEXTURINGPROPERTY->ARKTEXTURE_ENTRY (aggregated),BASE/DARK/etc,see private JSONL,"Textures.bnt (8,381 entries)","NAME_FOUND_EXACT=0; NAME_BASE_MATCH_EXTENSION_DIFF=0; NAME_NOT_FOUND=1; MATERIAL_REFERENCE_CONFIRMED=0; MATERIAL_APPLIED=0;BROWSER_OBSERVED=0; CONTAINER_ENTRY_RESOLVED=0;IMAGE_DECODED=0; ARK_TAIL=RAW_ONLY(218757 retraction stands)"
425830,PCG_9_3_5,SHAPE->NITEXTURINGPROPERTY->ARKTEXTURE_ENTRY (aggregated),BASE/DARK/etc,see private JSONL,"Textures.bnt (8,381 entries)","NAME_FOUND_EXACT=0; NAME_BASE_MATCH_EXTENSION_DIFF=0; NAME_NOT_FOUND=3; MATERIAL_REFERENCE_CONFIRMED=0; MATERIAL_APPLIED=0;BROWSER_OBSERVED=0; CONTAINER_ENTRY_RESOLVED=0;IMAGE_DECODED=0; ARK_TAIL=RAW_ONLY(218757 retraction stands)"
427165,PCG_9_3_5,SHAPE->NITEXTURINGPROPERTY->ARKTEXTURE_ENTRY (aggregated),BASE/DARK/etc,see private JSONL,"Textures.bnt (8,381 entries)","NAME_FOUND_EXACT=0; NAME_BASE_MATCH_EXTENSION_DIFF=0; NAME_NOT_FOUND=1; MATERIAL_REFERENCE_CONFIRMED=0; MATERIAL_APPLIED=0;BROWSER_OBSERVED=0; CONTAINER_ENTRY_RESOLVED=0;IMAGE_DECODED=0; ARK_TAIL=RAW_ONLY(218757 retraction stands)"
427188,PCG_9_3_5,SHAPE->NITEXTURINGPROPERTY->ARKTEXTURE_ENTRY (aggregated),BASE/DARK/etc,see private JSONL,"Textures.bnt (8,381 entries)","NAME_FOUND_EXACT=0; NAME_BASE_MATCH_EXTENSION_DIFF=0; NAME_NOT_FOUND=1; MATERIAL_REFERENCE_CONFIRMED=0; MATERIAL_APPLIED=0;BROWSER_OBSERVED=0; CONTAINER_ENTRY_RESOLVED=0;IMAGE_DECODED=0; ARK_TAIL=RAW_ONLY(218757 retraction stands)"
430324,PCG_9_3_5,SHAPE->NITEXTURINGPROPERTY->ARKTEXTURE_ENTRY (aggregated),BASE/DARK/etc,see private JSONL,"Textures.bnt (8,381 entries)","NAME_FOUND_EXACT=0; NAME_BASE_MATCH_EXTENSION_DIFF=0; NAME_NOT_FOUND=2; MATERIAL_REFERENCE_CONFIRMED=1; MATERIAL_APPLIED=0;BROWSER_OBSERVED=0; CONTAINER_ENTRY_RESOLVED=0;IMAGE_DECODED=0; ARK_TAIL=RAW_ONLY(218757 retraction stands)"
430325,PCG_9_3_5,SHAPE->NITEXTURINGPROPERTY->ARKTEXTURE_ENTRY (aggregated),BASE/DARK/etc,see private JSONL,"Textures.bnt (8,381 entries)","NAME_FOUND_EXACT=0; NAME_BASE_MATCH_EXTENSION_DIFF=0; NAME_NOT_FOUND=2; MATERIAL_REFERENCE_CONFIRMED=1; MATERIAL_APPLIED=0;BROWSER_OBSERVED=0; CONTAINER_ENTRY_RESOLVED=0;IMAGE_DECODED=0; ARK_TAIL=RAW_ONLY(218757 retraction stands)"
430326,PCG_9_3_5,SHAPE->NITEXTURINGPROPERTY->ARKTEXTURE_ENTRY (aggregated),BASE/DARK/etc,see private JSONL,"Textures.bnt (8,381 entries)","NAME_FOUND_EXACT=0; NAME_BASE_MATCH_EXTENSION_DIFF=0; NAME_NOT_FOUND=2; MATERIAL_REFERENCE_CONFIRMED=1; MATERIAL_APPLIED=0;BROWSER_OBSERVED=0; CONTAINER_ENTRY_RESOLVED=0;IMAGE_DECODED=0; ARK_TAIL=RAW_ONLY(218757 retraction stands)"
430327,PCG_9_3_5,SHAPE->NITEXTURINGPROPERTY->ARKTEXTURE_ENTRY (aggregated),BASE/DARK/etc,see private JSONL,"Textures.bnt (8,381 entries)","NAME_FOUND_EXACT=0; NAME_BASE_MATCH_EXTENSION_DIFF=0; NAME_NOT_FOUND=2; MATERIAL_REFERENCE_CONFIRMED=1; MATERIAL_APPLIED=0;BROWSER_OBSERVED=0; CONTAINER_ENTRY_RESOLVED=0;IMAGE_DECODED=0; ARK_TAIL=RAW_ONLY(218757 retraction stands)"
432073,PCG_9_3_5,SHAPE->NITEXTURINGPROPERTY->ARKTEXTURE_ENTRY (aggregated),BASE/DARK/etc,see private JSONL,"Textures.bnt (8,381 entries)","NAME_FOUND_EXACT=0; NAME_BASE_MATCH_EXTENSION_DIFF=0; NAME_NOT_FOUND=0; MATERIAL_REFERENCE_CONFIRMED=3; MATERIAL_APPLIED=0;BROWSER_OBSERVED=0; CONTAINER_ENTRY_RESOLVED=0;IMAGE_DECODED=0; ARK_TAIL=RAW_ONLY(218757 retraction stands)"
436223,PCG_9_3_5,SHAPE->NITEXTURINGPROPERTY->ARKTEXTURE_ENTRY (aggregated),BASE/DARK/etc,see private JSONL,"Textures.bnt (8,381 entries)","NAME_FOUND_EXACT=0; NAME_BASE_MATCH_EXTENSION_DIFF=0; NAME_NOT_FOUND=1; MATERIAL_REFERENCE_CONFIRMED=0; MATERIAL_APPLIED=0;BROWSER_OBSERVED=0; CONTAINER_ENTRY_RESOLVED=0;IMAGE_DECODED=0; ARK_TAIL=RAW_ONLY(218757 retraction stands)"
436236,PCG_9_3_5,SHAPE->NITEXTURINGPROPERTY->ARKTEXTURE_ENTRY (aggregated),BASE/DARK/etc,see private JSONL,"Textures.bnt (8,381 entries)","NAME_FOUND_EXACT=0; NAME_BASE_MATCH_EXTENSION_DIFF=0; NAME_NOT_FOUND=1; MATERIAL_REFERENCE_CONFIRMED=0; MATERIAL_APPLIED=0;BROWSER_OBSERVED=0; CONTAINER_ENTRY_RESOLVED=0;IMAGE_DECODED=0; ARK_TAIL=RAW_ONLY(218757 retraction stands)"
436293,PCG_9_3_5,SHAPE->NITEXTURINGPROPERTY->ARKTEXTURE_ENTRY (aggregated),BASE/DARK/etc,see private JSONL,"Textures.bnt (8,381 entries)","NAME_FOUND_EXACT=0; NAME_BASE_MATCH_EXTENSION_DIFF=0; NAME_NOT_FOUND=1; MATERIAL_REFERENCE_CONFIRMED=0; MATERIAL_APPLIED=0;BROWSER_OBSERVED=0; CONTAINER_ENTRY_RESOLVED=0;IMAGE_DECODED=0; ARK_TAIL=RAW_ONLY(218757 retraction stands)"
436300,PCG_9_3_5,SHAPE->NITEXTURINGPROPERTY->ARKTEXTURE_ENTRY (aggregated),BASE/DARK/etc,see private JSONL,"Textures.bnt (8,381 entries)","NAME_FOUND_EXACT=0; NAME_BASE_MATCH_EXTENSION_DIFF=0; NAME_NOT_FOUND=1; MATERIAL_REFERENCE_CONFIRMED=0; MATERIAL_APPLIED=0;BROWSER_OBSERVED=0; CONTAINER_ENTRY_RESOLVED=0;IMAGE_DECODED=0; ARK_TAIL=RAW_ONLY(218757 retraction stands)"
436345,PCG_9_3_5,SHAPE->NITEXTURINGPROPERTY->ARKTEXTURE_ENTRY (aggregated),BASE/DARK/etc,see private JSONL,"Textures.bnt (8,381 entries)","NAME_FOUND_EXACT=0; NAME_BASE_MATCH_EXTENSION_DIFF=0; NAME_NOT_FOUND=1; MATERIAL_REFERENCE_CONFIRMED=0; MATERIAL_APPLIED=0;BROWSER_OBSERVED=0; CONTAINER_ENTRY_RESOLVED=0;IMAGE_DECODED=0; ARK_TAIL=RAW_ONLY(218757 retraction stands)"
436351,PCG_9_3_5,SHAPE->NITEXTURINGPROPERTY->ARKTEXTURE_ENTRY (aggregated),BASE/DARK/etc,see private JSONL,"Textures.bnt (8,381 entries)","NAME_FOUND_EXACT=0; NAME_BASE_MATCH_EXTENSION_DIFF=0; NAME_NOT_FOUND=1; MATERIAL_REFERENCE_CONFIRMED=0; MATERIAL_APPLIED=0;BROWSER_OBSERVED=0; CONTAINER_ENTRY_RESOLVED=0;IMAGE_DECODED=0; ARK_TAIL=RAW_ONLY(218757 retraction stands)"
437491,PCG_9_3_5,SHAPE->NITEXTURINGPROPERTY->ARKTEXTURE_ENTRY (aggregated),BASE/DARK/etc,see private JSONL,"Textures.bnt (8,381 entries)","NAME_FOUND_EXACT=0; NAME_BASE_MATCH_EXTENSION_DIFF=0; NAME_NOT_FOUND=1; MATERIAL_REFERENCE_CONFIRMED=0; MATERIAL_APPLIED=0;BROWSER_OBSERVED=0; CONTAINER_ENTRY_RESOLVED=0;IMAGE_DECODED=0; ARK_TAIL=RAW_ONLY(218757 retraction stands)"
437506,PCG_9_3_5,SHAPE->NITEXTURINGPROPERTY->ARKTEXTURE_ENTRY (aggregated),BASE/DARK/etc,see private JSONL,"Textures.bnt (8,381 entries)","NAME_FOUND_EXACT=0; NAME_BASE_MATCH_EXTENSION_DIFF=0; NAME_NOT_FOUND=1; MATERIAL_REFERENCE_CONFIRMED=0; MATERIAL_APPLIED=0;BROWSER_OBSERVED=0; CONTAINER_ENTRY_RESOLVED=0;IMAGE_DECODED=0; ARK_TAIL=RAW_ONLY(218757 retraction stands)"
437693,PCG_9_3_5,SHAPE->NITEXTURINGPROPERTY->ARKTEXTURE_ENTRY (aggregated),BASE/DARK/etc,see private JSONL,"Textures.bnt (8,381 entries)","NAME_FOUND_EXACT=0; NAME_BASE_MATCH_EXTENSION_DIFF=0; NAME_NOT_FOUND=1; MATERIAL_REFERENCE_CONFIRMED=0; MATERIAL_APPLIED=0;BROWSER_OBSERVED=0; CONTAINER_ENTRY_RESOLVED=0;IMAGE_DECODED=0; ARK_TAIL=RAW_ONLY(218757 retraction stands)"
437696,PCG_9_3_5,SHAPE->NITEXTURINGPROPERTY->ARKTEXTURE_ENTRY (aggregated),BASE/DARK/etc,see private JSONL,"Textures.bnt (8,381 entries)","NAME_FOUND_EXACT=0; NAME_BASE_MATCH_EXTENSION_DIFF=0; NAME_NOT_FOUND=1; MATERIAL_REFERENCE_CONFIRMED=0; MATERIAL_APPLIED=0;BROWSER_OBSERVED=0; CONTAINER_ENTRY_RESOLVED=0;IMAGE_DECODED=0; ARK_TAIL=RAW_ONLY(218757 retraction stands)"
437699,PCG_9_3_5,SHAPE->NITEXTURINGPROPERTY->ARKTEXTURE_ENTRY (aggregated),BASE/DARK/etc,see private JSONL,"Textures.bnt (8,381 entries)","NAME_FOUND_EXACT=0; NAME_BASE_MATCH_EXTENSION_DIFF=0; NAME_NOT_FOUND=1; MATERIAL_REFERENCE_CONFIRMED=0; MATERIAL_APPLIED=0;BROWSER_OBSERVED=0; CONTAINER_ENTRY_RESOLVED=0;IMAGE_DECODED=0; ARK_TAIL=RAW_ONLY(218757 retraction stands)"
43828,PCG_9_3_5,SHAPE->NITEXTURINGPROPERTY->ARKTEXTURE_ENTRY (aggregated),BASE/DARK/etc,see private JSONL,"Textures.bnt (8,381 entries)","NAME_FOUND_EXACT=0; NAME_BASE_MATCH_EXTENSION_DIFF=0; NAME_NOT_FOUND=54; MATERIAL_REFERENCE_CONFIRMED=18; MATERIAL_APPLIED=0;BROWSER_OBSERVED=0; CONTAINER_ENTRY_RESOLVED=0;IMAGE_DECODED=0; ARK_TAIL=RAW_ONLY(218757 retraction stands)"
447381,PCG_9_3_5,SHAPE->NITEXTURINGPROPERTY->ARKTEXTURE_ENTRY (aggregated),BASE/DARK/etc,see private JSONL,"Textures.bnt (8,381 entries)","NAME_FOUND_EXACT=0; NAME_BASE_MATCH_EXTENSION_DIFF=0; NAME_NOT_FOUND=1; MATERIAL_REFERENCE_CONFIRMED=0; MATERIAL_APPLIED=0;BROWSER_OBSERVED=0; CONTAINER_ENTRY_RESOLVED=0;IMAGE_DECODED=0; ARK_TAIL=RAW_ONLY(218757 retraction stands)"
447385,PCG_9_3_5,SHAPE->NITEXTURINGPROPERTY->ARKTEXTURE_ENTRY (aggregated),BASE/DARK/etc,see private JSONL,"Textures.bnt (8,381 entries)","NAME_FOUND_EXACT=0; NAME_BASE_MATCH_EXTENSION_DIFF=0; NAME_NOT_FOUND=1; MATERIAL_REFERENCE_CONFIRMED=0; MATERIAL_APPLIED=0;BROWSER_OBSERVED=0; CONTAINER_ENTRY_RESOLVED=0;IMAGE_DECODED=0; ARK_TAIL=RAW_ONLY(218757 retraction stands)"
45052,PCG_9_3_5,SHAPE->NITEXTURINGPROPERTY->ARKTEXTURE_ENTRY (aggregated),BASE/DARK/etc,see private JSONL,"Textures.bnt (8,381 entries)","NAME_FOUND_EXACT=0; NAME_BASE_MATCH_EXTENSION_DIFF=0; NAME_NOT_FOUND=1; MATERIAL_REFERENCE_CONFIRMED=0; MATERIAL_APPLIED=0;BROWSER_OBSERVED=0; CONTAINER_ENTRY_RESOLVED=0;IMAGE_DECODED=0; ARK_TAIL=RAW_ONLY(218757 retraction stands)"
45080,PCG_9_3_5,SHAPE->NITEXTURINGPROPERTY->ARKTEXTURE_ENTRY (aggregated),BASE/DARK/etc,see private JSONL,"Textures.bnt (8,381 entries)","NAME_FOUND_EXACT=0; NAME_BASE_MATCH_EXTENSION_DIFF=0; NAME_NOT_FOUND=1; MATERIAL_REFERENCE_CONFIRMED=0; MATERIAL_APPLIED=0;BROWSER_OBSERVED=0; CONTAINER_ENTRY_RESOLVED=0;IMAGE_DECODED=0; ARK_TAIL=RAW_ONLY(218757 retraction stands)"
45233,PCG_9_3_5,SHAPE->NITEXTURINGPROPERTY->ARKTEXTURE_ENTRY (aggregated),BASE/DARK/etc,see private JSONL,"Textures.bnt (8,381 entries)","NAME_FOUND_EXACT=0; NAME_BASE_MATCH_EXTENSION_DIFF=0; NAME_NOT_FOUND=1; MATERIAL_REFERENCE_CONFIRMED=0; MATERIAL_APPLIED=0;BROWSER_OBSERVED=0; CONTAINER_ENTRY_RESOLVED=0;IMAGE_DECODED=0; ARK_TAIL=RAW_ONLY(218757 retraction stands)"
45244,PCG_9_3_5,SHAPE->NITEXTURINGPROPERTY->ARKTEXTURE_ENTRY (aggregated),BASE/DARK/etc,see private JSONL,"Textures.bnt (8,381 entries)","NAME_FOUND_EXACT=0; NAME_BASE_MATCH_EXTENSION_DIFF=0; NAME_NOT_FOUND=1; MATERIAL_REFERENCE_CONFIRMED=0; MATERIAL_APPLIED=0;BROWSER_OBSERVED=0; CONTAINER_ENTRY_RESOLVED=0;IMAGE_DECODED=0; ARK_TAIL=RAW_ONLY(218757 retraction stands)"
45255,PCG_9_3_5,SHAPE->NITEXTURINGPROPERTY->ARKTEXTURE_ENTRY (aggregated),BASE/DARK/etc,see private JSONL,"Textures.bnt (8,381 entries)","NAME_FOUND_EXACT=0; NAME_BASE_MATCH_EXTENSION_DIFF=0; NAME_NOT_FOUND=1; MATERIAL_REFERENCE_CONFIRMED=0; MATERIAL_APPLIED=0;BROWSER_OBSERVED=0; CONTAINER_ENTRY_RESOLVED=0;IMAGE_DECODED=0; ARK_TAIL=RAW_ONLY(218757 retraction stands)"
45312,PCG_9_3_5,SHAPE->NITEXTURINGPROPERTY->ARKTEXTURE_ENTRY (aggregated),BASE/DARK/etc,see private JSONL,"Textures.bnt (8,381 entries)","NAME_FOUND_EXACT=0; NAME_BASE_MATCH_EXTENSION_DIFF=0; NAME_NOT_FOUND=2; MATERIAL_REFERENCE_CONFIRMED=0; MATERIAL_APPLIED=0;BROWSER_OBSERVED=0; CONTAINER_ENTRY_RESOLVED=0;IMAGE_DECODED=0; ARK_TAIL=RAW_ONLY(218757 retraction stands)"
45326,PCG_9_3_5,SHAPE->NITEXTURINGPROPERTY->ARKTEXTURE_ENTRY (aggregated),BASE/DARK/etc,see private JSONL,"Textures.bnt (8,381 entries)","NAME_FOUND_EXACT=0; NAME_BASE_MATCH_EXTENSION_DIFF=0; NAME_NOT_FOUND=2; MATERIAL_REFERENCE_CONFIRMED=0; MATERIAL_APPLIED=0;BROWSER_OBSERVED=0; CONTAINER_ENTRY_RESOLVED=0;IMAGE_DECODED=0; ARK_TAIL=RAW_ONLY(218757 retraction stands)"
45350,PCG_9_3_5,SHAPE->NITEXTURINGPROPERTY->ARKTEXTURE_ENTRY (aggregated),BASE/DARK/etc,see private JSONL,"Textures.bnt (8,381 entries)","NAME_FOUND_EXACT=0; NAME_BASE_MATCH_EXTENSION_DIFF=0; NAME_NOT_FOUND=2; MATERIAL_REFERENCE_CONFIRMED=0; MATERIAL_APPLIED=0;BROWSER_OBSERVED=0; CONTAINER_ENTRY_RESOLVED=0;IMAGE_DECODED=0; ARK_TAIL=RAW_ONLY(218757 retraction stands)"
45388,PCG_9_3_5,SHAPE->NITEXTURINGPROPERTY->ARKTEXTURE_ENTRY (aggregated),BASE/DARK/etc,see private JSONL,"Textures.bnt (8,381 entries)","NAME_FOUND_EXACT=0; NAME_BASE_MATCH_EXTENSION_DIFF=0; NAME_NOT_FOUND=1; MATERIAL_REFERENCE_CONFIRMED=0; MATERIAL_APPLIED=0;BROWSER_OBSERVED=0; CONTAINER_ENTRY_RESOLVED=0;IMAGE_DECODED=0; ARK_TAIL=RAW_ONLY(218757 retraction stands)"
45547,PCG_9_3_5,SHAPE->NITEXTURINGPROPERTY->ARKTEXTURE_ENTRY (aggregated),BASE/DARK/etc,see private JSONL,"Textures.bnt (8,381 entries)","NAME_FOUND_EXACT=0; NAME_BASE_MATCH_EXTENSION_DIFF=0; NAME_NOT_FOUND=1; MATERIAL_REFERENCE_CONFIRMED=0; MATERIAL_APPLIED=0;BROWSER_OBSERVED=0; CONTAINER_ENTRY_RESOLVED=0;IMAGE_DECODED=0; ARK_TAIL=RAW_ONLY(218757 retraction stands)"
45561,PCG_9_3_5,SHAPE->NITEXTURINGPROPERTY->ARKTEXTURE_ENTRY (aggregated),BASE/DARK/etc,see private JSONL,"Textures.bnt (8,381 entries)","NAME_FOUND_EXACT=0; NAME_BASE_MATCH_EXTENSION_DIFF=0; NAME_NOT_FOUND=1; MATERIAL_REFERENCE_CONFIRMED=0; MATERIAL_APPLIED=0;BROWSER_OBSERVED=0; CONTAINER_ENTRY_RESOLVED=0;IMAGE_DECODED=0; ARK_TAIL=RAW_ONLY(218757 retraction stands)"
45570,PCG_9_3_5,SHAPE->NITEXTURINGPROPERTY->ARKTEXTURE_ENTRY (aggregated),BASE/DARK/etc,see private JSONL,"Textures.bnt (8,381 entries)","NAME_FOUND_EXACT=0; NAME_BASE_MATCH_EXTENSION_DIFF=0; NAME_NOT_FOUND=4; MATERIAL_REFERENCE_CONFIRMED=1; MATERIAL_APPLIED=0;BROWSER_OBSERVED=0; CONTAINER_ENTRY_RESOLVED=0;IMAGE_DECODED=0; ARK_TAIL=RAW_ONLY(218757 retraction stands)"
45659,PCG_9_3_5,SHAPE->NITEXTURINGPROPERTY->ARKTEXTURE_ENTRY (aggregated),BASE/DARK/etc,see private JSONL,"Textures.bnt (8,381 entries)","NAME_FOUND_EXACT=0; NAME_BASE_MATCH_EXTENSION_DIFF=0; NAME_NOT_FOUND=1; MATERIAL_REFERENCE_CONFIRMED=0; MATERIAL_APPLIED=0;BROWSER_OBSERVED=0; CONTAINER_ENTRY_RESOLVED=0;IMAGE_DECODED=0; ARK_TAIL=RAW_ONLY(218757 retraction stands)"
45661,PCG_9_3_5,SHAPE->NITEXTURINGPROPERTY->ARKTEXTURE_ENTRY (aggregated),BASE/DARK/etc,see private JSONL,"Textures.bnt (8,381 entries)","NAME_FOUND_EXACT=0; NAME_BASE_MATCH_EXTENSION_DIFF=0; NAME_NOT_FOUND=1; MATERIAL_REFERENCE_CONFIRMED=0; MATERIAL_APPLIED=0;BROWSER_OBSERVED=0; CONTAINER_ENTRY_RESOLVED=0;IMAGE_DECODED=0; ARK_TAIL=RAW_ONLY(218757 retraction stands)"
45663,PCG_9_3_5,SHAPE->NITEXTURINGPROPERTY->ARKTEXTURE_ENTRY (aggregated),BASE/DARK/etc,see private JSONL,"Textures.bnt (8,381 entries)","NAME_FOUND_EXACT=0; NAME_BASE_MATCH_EXTENSION_DIFF=0; NAME_NOT_FOUND=1; MATERIAL_REFERENCE_CONFIRMED=0; MATERIAL_APPLIED=0;BROWSER_OBSERVED=0; CONTAINER_ENTRY_RESOLVED=0;IMAGE_DECODED=0; ARK_TAIL=RAW_ONLY(218757 retraction stands)"
45674,PCG_9_3_5,SHAPE->NITEXTURINGPROPERTY->ARKTEXTURE_ENTRY (aggregated),BASE/DARK/etc,see private JSONL,"Textures.bnt (8,381 entries)","NAME_FOUND_EXACT=0; NAME_BASE_MATCH_EXTENSION_DIFF=0; NAME_NOT_FOUND=1; MATERIAL_REFERENCE_CONFIRMED=0; MATERIAL_APPLIED=0;BROWSER_OBSERVED=0; CONTAINER_ENTRY_RESOLVED=0;IMAGE_DECODED=0; ARK_TAIL=RAW_ONLY(218757 retraction stands)"
456835,PCG_9_3_5,SHAPE->NITEXTURINGPROPERTY->ARKTEXTURE_ENTRY (aggregated),BASE/DARK/etc,see private JSONL,"Textures.bnt (8,381 entries)","NAME_FOUND_EXACT=0; NAME_BASE_MATCH_EXTENSION_DIFF=0; NAME_NOT_FOUND=1; MATERIAL_REFERENCE_CONFIRMED=0; MATERIAL_APPLIED=0;BROWSER_OBSERVED=0; CONTAINER_ENTRY_RESOLVED=0;IMAGE_DECODED=0; ARK_TAIL=RAW_ONLY(218757 retraction stands)"
45689,PCG_9_3_5,SHAPE->NITEXTURINGPROPERTY->ARKTEXTURE_ENTRY (aggregated),BASE/DARK/etc,see private JSONL,"Textures.bnt (8,381 entries)","NAME_FOUND_EXACT=0; NAME_BASE_MATCH_EXTENSION_DIFF=0; NAME_NOT_FOUND=1; MATERIAL_REFERENCE_CONFIRMED=0; MATERIAL_APPLIED=0;BROWSER_OBSERVED=0; CONTAINER_ENTRY_RESOLVED=0;IMAGE_DECODED=0; ARK_TAIL=RAW_ONLY(218757 retraction stands)"
45701,PCG_9_3_5,SHAPE->NITEXTURINGPROPERTY->ARKTEXTURE_ENTRY (aggregated),BASE/DARK/etc,see private JSONL,"Textures.bnt (8,381 entries)","NAME_FOUND_EXACT=0; NAME_BASE_MATCH_EXTENSION_DIFF=0; NAME_NOT_FOUND=1; MATERIAL_REFERENCE_CONFIRMED=0; MATERIAL_APPLIED=0;BROWSER_OBSERVED=0; CONTAINER_ENTRY_RESOLVED=0;IMAGE_DECODED=0; ARK_TAIL=RAW_ONLY(218757 retraction stands)"
457479,PCG_9_3_5,SHAPE->NITEXTURINGPROPERTY->ARKTEXTURE_ENTRY (aggregated),BASE/DARK/etc,see private JSONL,"Textures.bnt (8,381 entries)","NAME_FOUND_EXACT=0; NAME_BASE_MATCH_EXTENSION_DIFF=0; NAME_NOT_FOUND=1; MATERIAL_REFERENCE_CONFIRMED=0; MATERIAL_APPLIED=0;BROWSER_OBSERVED=0; CONTAINER_ENTRY_RESOLVED=0;IMAGE_DECODED=0; ARK_TAIL=RAW_ONLY(218757 retraction stands)"
457485,PCG_9_3_5,SHAPE->NITEXTURINGPROPERTY->ARKTEXTURE_ENTRY (aggregated),BASE/DARK/etc,see private JSONL,"Textures.bnt (8,381 entries)","NAME_FOUND_EXACT=0; NAME_BASE_MATCH_EXTENSION_DIFF=0; NAME_NOT_FOUND=1; MATERIAL_REFERENCE_CONFIRMED=0; MATERIAL_APPLIED=0;BROWSER_OBSERVED=0; CONTAINER_ENTRY_RESOLVED=0;IMAGE_DECODED=0; ARK_TAIL=RAW_ONLY(218757 retraction stands)"
457501,PCG_9_3_5,SHAPE->NITEXTURINGPROPERTY->ARKTEXTURE_ENTRY (aggregated),BASE/DARK/etc,see private JSONL,"Textures.bnt (8,381 entries)","NAME_FOUND_EXACT=0; NAME_BASE_MATCH_EXTENSION_DIFF=0; NAME_NOT_FOUND=1; MATERIAL_REFERENCE_CONFIRMED=0; MATERIAL_APPLIED=0;BROWSER_OBSERVED=0; CONTAINER_ENTRY_RESOLVED=0;IMAGE_DECODED=0; ARK_TAIL=RAW_ONLY(218757 retraction stands)"
457504,PCG_9_3_5,SHAPE->NITEXTURINGPROPERTY->ARKTEXTURE_ENTRY (aggregated),BASE/DARK/etc,see private JSONL,"Textures.bnt (8,381 entries)","NAME_FOUND_EXACT=0; NAME_BASE_MATCH_EXTENSION_DIFF=0; NAME_NOT_FOUND=1; MATERIAL_REFERENCE_CONFIRMED=0; MATERIAL_APPLIED=0;BROWSER_OBSERVED=0; CONTAINER_ENTRY_RESOLVED=0;IMAGE_DECODED=0; ARK_TAIL=RAW_ONLY(218757 retraction stands)"
457523,PCG_9_3_5,SHAPE->NITEXTURINGPROPERTY->ARKTEXTURE_ENTRY (aggregated),BASE/DARK/etc,see private JSONL,"Textures.bnt (8,381 entries)","NAME_FOUND_EXACT=0; NAME_BASE_MATCH_EXTENSION_DIFF=0; NAME_NOT_FOUND=1; MATERIAL_REFERENCE_CONFIRMED=1; MATERIAL_APPLIED=0;BROWSER_OBSERVED=0; CONTAINER_ENTRY_RESOLVED=0;IMAGE_DECODED=0; ARK_TAIL=RAW_ONLY(218757 retraction stands)"
457532,PCG_9_3_5,SHAPE->NITEXTURINGPROPERTY->ARKTEXTURE_ENTRY (aggregated),BASE/DARK/etc,see private JSONL,"Textures.bnt (8,381 entries)","NAME_FOUND_EXACT=0; NAME_BASE_MATCH_EXTENSION_DIFF=0; NAME_NOT_FOUND=1; MATERIAL_REFERENCE_CONFIRMED=0; MATERIAL_APPLIED=0;BROWSER_OBSERVED=0; CONTAINER_ENTRY_RESOLVED=0;IMAGE_DECODED=0; ARK_TAIL=RAW_ONLY(218757 retraction stands)"
457579,PCG_9_3_5,SHAPE->NITEXTURINGPROPERTY->ARKTEXTURE_ENTRY (aggregated),BASE/DARK/etc,see private JSONL,"Textures.bnt (8,381 entries)","NAME_FOUND_EXACT=0; NAME_BASE_MATCH_EXTENSION_DIFF=0; NAME_NOT_FOUND=1; MATERIAL_REFERENCE_CONFIRMED=0; MATERIAL_APPLIED=0;BROWSER_OBSERVED=0; CONTAINER_ENTRY_RESOLVED=0;IMAGE_DECODED=0; ARK_TAIL=RAW_ONLY(218757 retraction stands)"
457582,PCG_9_3_5,SHAPE->NITEXTURINGPROPERTY->ARKTEXTURE_ENTRY (aggregated),BASE/DARK/etc,see private JSONL,"Textures.bnt (8,381 entries)","NAME_FOUND_EXACT=0; NAME_BASE_MATCH_EXTENSION_DIFF=0; NAME_NOT_FOUND=1; MATERIAL_REFERENCE_CONFIRMED=0; MATERIAL_APPLIED=0;BROWSER_OBSERVED=0; CONTAINER_ENTRY_RESOLVED=0;IMAGE_DECODED=0; ARK_TAIL=RAW_ONLY(218757 retraction stands)"
457595,PCG_9_3_5,SHAPE->NITEXTURINGPROPERTY->ARKTEXTURE_ENTRY (aggregated),BASE/DARK/etc,see private JSONL,"Textures.bnt (8,381 entries)","NAME_FOUND_EXACT=0; NAME_BASE_MATCH_EXTENSION_DIFF=0; NAME_NOT_FOUND=1; MATERIAL_REFERENCE_CONFIRMED=0; MATERIAL_APPLIED=0;BROWSER_OBSERVED=0; CONTAINER_ENTRY_RESOLVED=0;IMAGE_DECODED=0; ARK_TAIL=RAW_ONLY(218757 retraction stands)"
457641,PCG_9_3_5,SHAPE->NITEXTURINGPROPERTY->ARKTEXTURE_ENTRY (aggregated),BASE/DARK/etc,see private JSONL,"Textures.bnt (8,381 entries)","NAME_FOUND_EXACT=0; NAME_BASE_MATCH_EXTENSION_DIFF=0; NAME_NOT_FOUND=1; MATERIAL_REFERENCE_CONFIRMED=0; MATERIAL_APPLIED=0;BROWSER_OBSERVED=0; CONTAINER_ENTRY_RESOLVED=0;IMAGE_DECODED=0; ARK_TAIL=RAW_ONLY(218757 retraction stands)"
457652,PCG_9_3_5,SHAPE->NITEXTURINGPROPERTY->ARKTEXTURE_ENTRY (aggregated),BASE/DARK/etc,see private JSONL,"Textures.bnt (8,381 entries)","NAME_FOUND_EXACT=0; NAME_BASE_MATCH_EXTENSION_DIFF=0; NAME_NOT_FOUND=1; MATERIAL_REFERENCE_CONFIRMED=0; MATERIAL_APPLIED=0;BROWSER_OBSERVED=0; CONTAINER_ENTRY_RESOLVED=0;IMAGE_DECODED=0; ARK_TAIL=RAW_ONLY(218757 retraction stands)"
457699,PCG_9_3_5,SHAPE->NITEXTURINGPROPERTY->ARKTEXTURE_ENTRY (aggregated),BASE/DARK/etc,see private JSONL,"Textures.bnt (8,381 entries)","NAME_FOUND_EXACT=0; NAME_BASE_MATCH_EXTENSION_DIFF=0; NAME_NOT_FOUND=1; MATERIAL_REFERENCE_CONFIRMED=0; MATERIAL_APPLIED=0;BROWSER_OBSERVED=0; CONTAINER_ENTRY_RESOLVED=0;IMAGE_DECODED=0; ARK_TAIL=RAW_ONLY(218757 retraction stands)"
457706,PCG_9_3_5,SHAPE->NITEXTURINGPROPERTY->ARKTEXTURE_ENTRY (aggregated),BASE/DARK/etc,see private JSONL,"Textures.bnt (8,381 entries)","NAME_FOUND_EXACT=0; NAME_BASE_MATCH_EXTENSION_DIFF=0; NAME_NOT_FOUND=1; MATERIAL_REFERENCE_CONFIRMED=0; MATERIAL_APPLIED=0;BROWSER_OBSERVED=0; CONTAINER_ENTRY_RESOLVED=0;IMAGE_DECODED=0; ARK_TAIL=RAW_ONLY(218757 retraction stands)"
457709,PCG_9_3_5,SHAPE->NITEXTURINGPROPERTY->ARKTEXTURE_ENTRY (aggregated),BASE/DARK/etc,see private JSONL,"Textures.bnt (8,381 entries)","NAME_FOUND_EXACT=0; NAME_BASE_MATCH_EXTENSION_DIFF=0; NAME_NOT_FOUND=1; MATERIAL_REFERENCE_CONFIRMED=0; MATERIAL_APPLIED=0;BROWSER_OBSERVED=0; CONTAINER_ENTRY_RESOLVED=0;IMAGE_DECODED=0; ARK_TAIL=RAW_ONLY(218757 retraction stands)"
457711,PCG_9_3_5,SHAPE->NITEXTURINGPROPERTY->ARKTEXTURE_ENTRY (aggregated),BASE/DARK/etc,see private JSONL,"Textures.bnt (8,381 entries)","NAME_FOUND_EXACT=0; NAME_BASE_MATCH_EXTENSION_DIFF=0; NAME_NOT_FOUND=1; MATERIAL_REFERENCE_CONFIRMED=0; MATERIAL_APPLIED=0;BROWSER_OBSERVED=0; CONTAINER_ENTRY_RESOLVED=0;IMAGE_DECODED=0; ARK_TAIL=RAW_ONLY(218757 retraction stands)"
457715,PCG_9_3_5,SHAPE->NITEXTURINGPROPERTY->ARKTEXTURE_ENTRY (aggregated),BASE/DARK/etc,see private JSONL,"Textures.bnt (8,381 entries)","NAME_FOUND_EXACT=0; NAME_BASE_MATCH_EXTENSION_DIFF=0; NAME_NOT_FOUND=1; MATERIAL_REFERENCE_CONFIRMED=0; MATERIAL_APPLIED=0;BROWSER_OBSERVED=0; CONTAINER_ENTRY_RESOLVED=0;IMAGE_DECODED=0; ARK_TAIL=RAW_ONLY(218757 retraction stands)"
457730,PCG_9_3_5,SHAPE->NITEXTURINGPROPERTY->ARKTEXTURE_ENTRY (aggregated),BASE/DARK/etc,see private JSONL,"Textures.bnt (8,381 entries)","NAME_FOUND_EXACT=0; NAME_BASE_MATCH_EXTENSION_DIFF=0; NAME_NOT_FOUND=1; MATERIAL_REFERENCE_CONFIRMED=0; MATERIAL_APPLIED=0;BROWSER_OBSERVED=0; CONTAINER_ENTRY_RESOLVED=0;IMAGE_DECODED=0; ARK_TAIL=RAW_ONLY(218757 retraction stands)"
457739,PCG_9_3_5,SHAPE->NITEXTURINGPROPERTY->ARKTEXTURE_ENTRY (aggregated),BASE/DARK/etc,see private JSONL,"Textures.bnt (8,381 entries)","NAME_FOUND_EXACT=0; NAME_BASE_MATCH_EXTENSION_DIFF=0; NAME_NOT_FOUND=1; MATERIAL_REFERENCE_CONFIRMED=0; MATERIAL_APPLIED=0;BROWSER_OBSERVED=0; CONTAINER_ENTRY_RESOLVED=0;IMAGE_DECODED=0; ARK_TAIL=RAW_ONLY(218757 retraction stands)"
457743,PCG_9_3_5,SHAPE->NITEXTURINGPROPERTY->ARKTEXTURE_ENTRY (aggregated),BASE/DARK/etc,see private JSONL,"Textures.bnt (8,381 entries)","NAME_FOUND_EXACT=0; NAME_BASE_MATCH_EXTENSION_DIFF=0; NAME_NOT_FOUND=1; MATERIAL_REFERENCE_CONFIRMED=0; MATERIAL_APPLIED=0;BROWSER_OBSERVED=0; CONTAINER_ENTRY_RESOLVED=0;IMAGE_DECODED=0; ARK_TAIL=RAW_ONLY(218757 retraction stands)"
457749,PCG_9_3_5,SHAPE->NITEXTURINGPROPERTY->ARKTEXTURE_ENTRY (aggregated),BASE/DARK/etc,see private JSONL,"Textures.bnt (8,381 entries)","NAME_FOUND_EXACT=0; NAME_BASE_MATCH_EXTENSION_DIFF=0; NAME_NOT_FOUND=1; MATERIAL_REFERENCE_CONFIRMED=0; MATERIAL_APPLIED=0;BROWSER_OBSERVED=0; CONTAINER_ENTRY_RESOLVED=0;IMAGE_DECODED=0; ARK_TAIL=RAW_ONLY(218757 retraction stands)"
457755,PCG_9_3_5,SHAPE->NITEXTURINGPROPERTY->ARKTEXTURE_ENTRY (aggregated),BASE/DARK/etc,see private JSONL,"Textures.bnt (8,381 entries)","NAME_FOUND_EXACT=0; NAME_BASE_MATCH_EXTENSION_DIFF=0; NAME_NOT_FOUND=1; MATERIAL_REFERENCE_CONFIRMED=0; MATERIAL_APPLIED=0;BROWSER_OBSERVED=0; CONTAINER_ENTRY_RESOLVED=0;IMAGE_DECODED=0; ARK_TAIL=RAW_ONLY(218757 retraction stands)"
457758,PCG_9_3_5,SHAPE->NITEXTURINGPROPERTY->ARKTEXTURE_ENTRY (aggregated),BASE/DARK/etc,see private JSONL,"Textures.bnt (8,381 entries)","NAME_FOUND_EXACT=0; NAME_BASE_MATCH_EXTENSION_DIFF=0; NAME_NOT_FOUND=1; MATERIAL_REFERENCE_CONFIRMED=0; MATERIAL_APPLIED=0;BROWSER_OBSERVED=0; CONTAINER_ENTRY_RESOLVED=0;IMAGE_DECODED=0; ARK_TAIL=RAW_ONLY(218757 retraction stands)"
457760,PCG_9_3_5,SHAPE->NITEXTURINGPROPERTY->ARKTEXTURE_ENTRY (aggregated),BASE/DARK/etc,see private JSONL,"Textures.bnt (8,381 entries)","NAME_FOUND_EXACT=0; NAME_BASE_MATCH_EXTENSION_DIFF=0; NAME_NOT_FOUND=1; MATERIAL_REFERENCE_CONFIRMED=0; MATERIAL_APPLIED=0;BROWSER_OBSERVED=0; CONTAINER_ENTRY_RESOLVED=0;IMAGE_DECODED=0; ARK_TAIL=RAW_ONLY(218757 retraction stands)"
457793,PCG_9_3_5,SHAPE->NITEXTURINGPROPERTY->ARKTEXTURE_ENTRY (aggregated),BASE/DARK/etc,see private JSONL,"Textures.bnt (8,381 entries)","NAME_FOUND_EXACT=0; NAME_BASE_MATCH_EXTENSION_DIFF=0; NAME_NOT_FOUND=1; MATERIAL_REFERENCE_CONFIRMED=0; MATERIAL_APPLIED=0;BROWSER_OBSERVED=0; CONTAINER_ENTRY_RESOLVED=0;IMAGE_DECODED=0; ARK_TAIL=RAW_ONLY(218757 retraction stands)"
457796,PCG_9_3_5,SHAPE->NITEXTURINGPROPERTY->ARKTEXTURE_ENTRY (aggregated),BASE/DARK/etc,see private JSONL,"Textures.bnt (8,381 entries)","NAME_FOUND_EXACT=0; NAME_BASE_MATCH_EXTENSION_DIFF=0; NAME_NOT_FOUND=1; MATERIAL_REFERENCE_CONFIRMED=0; MATERIAL_APPLIED=0;BROWSER_OBSERVED=0; CONTAINER_ENTRY_RESOLVED=0;IMAGE_DECODED=0; ARK_TAIL=RAW_ONLY(218757 retraction stands)"
457799,PCG_9_3_5,SHAPE->NITEXTURINGPROPERTY->ARKTEXTURE_ENTRY (aggregated),BASE/DARK/etc,see private JSONL,"Textures.bnt (8,381 entries)","NAME_FOUND_EXACT=0; NAME_BASE_MATCH_EXTENSION_DIFF=0; NAME_NOT_FOUND=1; MATERIAL_REFERENCE_CONFIRMED=0; MATERIAL_APPLIED=0;BROWSER_OBSERVED=0; CONTAINER_ENTRY_RESOLVED=0;IMAGE_DECODED=0; ARK_TAIL=RAW_ONLY(218757 retraction stands)"
457812,PCG_9_3_5,SHAPE->NITEXTURINGPROPERTY->ARKTEXTURE_ENTRY (aggregated),BASE/DARK/etc,see private JSONL,"Textures.bnt (8,381 entries)","NAME_FOUND_EXACT=0; NAME_BASE_MATCH_EXTENSION_DIFF=0; NAME_NOT_FOUND=1; MATERIAL_REFERENCE_CONFIRMED=0; MATERIAL_APPLIED=0;BROWSER_OBSERVED=0; CONTAINER_ENTRY_RESOLVED=0;IMAGE_DECODED=0; ARK_TAIL=RAW_ONLY(218757 retraction stands)"
457826,PCG_9_3_5,SHAPE->NITEXTURINGPROPERTY->ARKTEXTURE_ENTRY (aggregated),BASE/DARK/etc,see private JSONL,"Textures.bnt (8,381 entries)","NAME_FOUND_EXACT=0; NAME_BASE_MATCH_EXTENSION_DIFF=0; NAME_NOT_FOUND=1; MATERIAL_REFERENCE_CONFIRMED=0; MATERIAL_APPLIED=0;BROWSER_OBSERVED=0; CONTAINER_ENTRY_RESOLVED=0;IMAGE_DECODED=0; ARK_TAIL=RAW_ONLY(218757 retraction stands)"
45814,PCG_9_3_5,SHAPE->NITEXTURINGPROPERTY->ARKTEXTURE_ENTRY (aggregated),BASE/DARK/etc,see private JSONL,"Textures.bnt (8,381 entries)","NAME_FOUND_EXACT=0; NAME_BASE_MATCH_EXTENSION_DIFF=0; NAME_NOT_FOUND=1; MATERIAL_REFERENCE_CONFIRMED=0; MATERIAL_APPLIED=0;BROWSER_OBSERVED=0; CONTAINER_ENTRY_RESOLVED=0;IMAGE_DECODED=0; ARK_TAIL=RAW_ONLY(218757 retraction stands)"
458344,PCG_9_3_5,SHAPE->NITEXTURINGPROPERTY->ARKTEXTURE_ENTRY (aggregated),BASE/DARK/etc,see private JSONL,"Textures.bnt (8,381 entries)","NAME_FOUND_EXACT=0; NAME_BASE_MATCH_EXTENSION_DIFF=0; NAME_NOT_FOUND=1; MATERIAL_REFERENCE_CONFIRMED=0; MATERIAL_APPLIED=0;BROWSER_OBSERVED=0; CONTAINER_ENTRY_RESOLVED=0;IMAGE_DECODED=0; ARK_TAIL=RAW_ONLY(218757 retraction stands)"
45878,PCG_9_3_5,SHAPE->NITEXTURINGPROPERTY->ARKTEXTURE_ENTRY (aggregated),BASE/DARK/etc,see private JSONL,"Textures.bnt (8,381 entries)","NAME_FOUND_EXACT=0; NAME_BASE_MATCH_EXTENSION_DIFF=0; NAME_NOT_FOUND=1; MATERIAL_REFERENCE_CONFIRMED=0; MATERIAL_APPLIED=0;BROWSER_OBSERVED=0; CONTAINER_ENTRY_RESOLVED=0;IMAGE_DECODED=0; ARK_TAIL=RAW_ONLY(218757 retraction stands)"
458840,PCG_9_3_5,SHAPE->NITEXTURINGPROPERTY->ARKTEXTURE_ENTRY (aggregated),BASE/DARK/etc,see private JSONL,"Textures.bnt (8,381 entries)","NAME_FOUND_EXACT=0; NAME_BASE_MATCH_EXTENSION_DIFF=0; NAME_NOT_FOUND=1; MATERIAL_REFERENCE_CONFIRMED=0; MATERIAL_APPLIED=0;BROWSER_OBSERVED=0; CONTAINER_ENTRY_RESOLVED=0;IMAGE_DECODED=0; ARK_TAIL=RAW_ONLY(218757 retraction stands)"
459186,PCG_9_3_5,SHAPE->NITEXTURINGPROPERTY->ARKTEXTURE_ENTRY (aggregated),BASE/DARK/etc,see private JSONL,"Textures.bnt (8,381 entries)","NAME_FOUND_EXACT=0; NAME_BASE_MATCH_EXTENSION_DIFF=0; NAME_NOT_FOUND=1; MATERIAL_REFERENCE_CONFIRMED=1; MATERIAL_APPLIED=0;BROWSER_OBSERVED=0; CONTAINER_ENTRY_RESOLVED=0;IMAGE_DECODED=0; ARK_TAIL=RAW_ONLY(218757 retraction stands)"
461622,PCG_9_3_5,SHAPE->NITEXTURINGPROPERTY->ARKTEXTURE_ENTRY (aggregated),BASE/DARK/etc,see private JSONL,"Textures.bnt (8,381 entries)","NAME_FOUND_EXACT=0; NAME_BASE_MATCH_EXTENSION_DIFF=0; NAME_NOT_FOUND=1; MATERIAL_REFERENCE_CONFIRMED=1; MATERIAL_APPLIED=0;BROWSER_OBSERVED=0; CONTAINER_ENTRY_RESOLVED=0;IMAGE_DECODED=0; ARK_TAIL=RAW_ONLY(218757 retraction stands)"
465920,PCG_9_3_5,SHAPE->NITEXTURINGPROPERTY->ARKTEXTURE_ENTRY (aggregated),BASE/DARK/etc,see private JSONL,"Textures.bnt (8,381 entries)","NAME_FOUND_EXACT=0; NAME_BASE_MATCH_EXTENSION_DIFF=0; NAME_NOT_FOUND=1; MATERIAL_REFERENCE_CONFIRMED=1; MATERIAL_APPLIED=0;BROWSER_OBSERVED=0; CONTAINER_ENTRY_RESOLVED=0;IMAGE_DECODED=0; ARK_TAIL=RAW_ONLY(218757 retraction stands)"
465924,PCG_9_3_5,SHAPE->NITEXTURINGPROPERTY->ARKTEXTURE_ENTRY (aggregated),BASE/DARK/etc,see private JSONL,"Textures.bnt (8,381 entries)","NAME_FOUND_EXACT=0; NAME_BASE_MATCH_EXTENSION_DIFF=0; NAME_NOT_FOUND=1; MATERIAL_REFERENCE_CONFIRMED=1; MATERIAL_APPLIED=0;BROWSER_OBSERVED=0; CONTAINER_ENTRY_RESOLVED=0;IMAGE_DECODED=0; ARK_TAIL=RAW_ONLY(218757 retraction stands)"
465925,PCG_9_3_5,SHAPE->NITEXTURINGPROPERTY->ARKTEXTURE_ENTRY (aggregated),BASE/DARK/etc,see private JSONL,"Textures.bnt (8,381 entries)","NAME_FOUND_EXACT=0; NAME_BASE_MATCH_EXTENSION_DIFF=0; NAME_NOT_FOUND=1; MATERIAL_REFERENCE_CONFIRMED=1; MATERIAL_APPLIED=0;BROWSER_OBSERVED=0; CONTAINER_ENTRY_RESOLVED=0;IMAGE_DECODED=0; ARK_TAIL=RAW_ONLY(218757 retraction stands)"
466348,PCG_9_3_5,SHAPE->NITEXTURINGPROPERTY->ARKTEXTURE_ENTRY (aggregated),BASE/DARK/etc,see private JSONL,"Textures.bnt (8,381 entries)","NAME_FOUND_EXACT=0; NAME_BASE_MATCH_EXTENSION_DIFF=0; NAME_NOT_FOUND=1; MATERIAL_REFERENCE_CONFIRMED=1; MATERIAL_APPLIED=0;BROWSER_OBSERVED=0; CONTAINER_ENTRY_RESOLVED=0;IMAGE_DECODED=0; ARK_TAIL=RAW_ONLY(218757 retraction stands)"
469325,PCG_9_3_5,SHAPE->NITEXTURINGPROPERTY->ARKTEXTURE_ENTRY (aggregated),BASE/DARK/etc,see private JSONL,"Textures.bnt (8,381 entries)","NAME_FOUND_EXACT=0; NAME_BASE_MATCH_EXTENSION_DIFF=0; NAME_NOT_FOUND=2; MATERIAL_REFERENCE_CONFIRMED=0; MATERIAL_APPLIED=0;BROWSER_OBSERVED=0; CONTAINER_ENTRY_RESOLVED=0;IMAGE_DECODED=0; ARK_TAIL=RAW_ONLY(218757 retraction stands)"
469329,PCG_9_3_5,SHAPE->NITEXTURINGPROPERTY->ARKTEXTURE_ENTRY (aggregated),BASE/DARK/etc,see private JSONL,"Textures.bnt (8,381 entries)","NAME_FOUND_EXACT=0; NAME_BASE_MATCH_EXTENSION_DIFF=0; NAME_NOT_FOUND=1; MATERIAL_REFERENCE_CONFIRMED=1; MATERIAL_APPLIED=0;BROWSER_OBSERVED=0; CONTAINER_ENTRY_RESOLVED=0;IMAGE_DECODED=0; ARK_TAIL=RAW_ONLY(218757 retraction stands)"
469333,PCG_9_3_5,SHAPE->NITEXTURINGPROPERTY->ARKTEXTURE_ENTRY (aggregated),BASE/DARK/etc,see private JSONL,"Textures.bnt (8,381 entries)","NAME_FOUND_EXACT=0; NAME_BASE_MATCH_EXTENSION_DIFF=0; NAME_NOT_FOUND=1; MATERIAL_REFERENCE_CONFIRMED=1; MATERIAL_APPLIED=0;BROWSER_OBSERVED=0; CONTAINER_ENTRY_RESOLVED=0;IMAGE_DECODED=0; ARK_TAIL=RAW_ONLY(218757 retraction stands)"
469343,PCG_9_3_5,SHAPE->NITEXTURINGPROPERTY->ARKTEXTURE_ENTRY (aggregated),BASE/DARK/etc,see private JSONL,"Textures.bnt (8,381 entries)","NAME_FOUND_EXACT=0; NAME_BASE_MATCH_EXTENSION_DIFF=0; NAME_NOT_FOUND=1; MATERIAL_REFERENCE_CONFIRMED=1; MATERIAL_APPLIED=0;BROWSER_OBSERVED=0; CONTAINER_ENTRY_RESOLVED=0;IMAGE_DECODED=0; ARK_TAIL=RAW_ONLY(218757 retraction stands)"
469348,PCG_9_3_5,SHAPE->NITEXTURINGPROPERTY->ARKTEXTURE_ENTRY (aggregated),BASE/DARK/etc,see private JSONL,"Textures.bnt (8,381 entries)","NAME_FOUND_EXACT=0; NAME_BASE_MATCH_EXTENSION_DIFF=0; NAME_NOT_FOUND=1; MATERIAL_REFERENCE_CONFIRMED=1; MATERIAL_APPLIED=0;BROWSER_OBSERVED=0; CONTAINER_ENTRY_RESOLVED=0;IMAGE_DECODED=0; ARK_TAIL=RAW_ONLY(218757 retraction stands)"
469351,PCG_9_3_5,SHAPE->NITEXTURINGPROPERTY->ARKTEXTURE_ENTRY (aggregated),BASE/DARK/etc,see private JSONL,"Textures.bnt (8,381 entries)","NAME_FOUND_EXACT=0; NAME_BASE_MATCH_EXTENSION_DIFF=0; NAME_NOT_FOUND=1; MATERIAL_REFERENCE_CONFIRMED=1; MATERIAL_APPLIED=0;BROWSER_OBSERVED=0; CONTAINER_ENTRY_RESOLVED=0;IMAGE_DECODED=0; ARK_TAIL=RAW_ONLY(218757 retraction stands)"
469354,PCG_9_3_5,SHAPE->NITEXTURINGPROPERTY->ARKTEXTURE_ENTRY (aggregated),BASE/DARK/etc,see private JSONL,"Textures.bnt (8,381 entries)","NAME_FOUND_EXACT=0; NAME_BASE_MATCH_EXTENSION_DIFF=0; NAME_NOT_FOUND=1; MATERIAL_REFERENCE_CONFIRMED=1; MATERIAL_APPLIED=0;BROWSER_OBSERVED=0; CONTAINER_ENTRY_RESOLVED=0;IMAGE_DECODED=0; ARK_TAIL=RAW_ONLY(218757 retraction stands)"
469357,PCG_9_3_5,SHAPE->NITEXTURINGPROPERTY->ARKTEXTURE_ENTRY (aggregated),BASE/DARK/etc,see private JSONL,"Textures.bnt (8,381 entries)","NAME_FOUND_EXACT=0; NAME_BASE_MATCH_EXTENSION_DIFF=0; NAME_NOT_FOUND=1; MATERIAL_REFERENCE_CONFIRMED=1; MATERIAL_APPLIED=0;BROWSER_OBSERVED=0; CONTAINER_ENTRY_RESOLVED=0;IMAGE_DECODED=0; ARK_TAIL=RAW_ONLY(218757 retraction stands)"
469360,PCG_9_3_5,SHAPE->NITEXTURINGPROPERTY->ARKTEXTURE_ENTRY (aggregated),BASE/DARK/etc,see private JSONL,"Textures.bnt (8,381 entries)","NAME_FOUND_EXACT=0; NAME_BASE_MATCH_EXTENSION_DIFF=0; NAME_NOT_FOUND=1; MATERIAL_REFERENCE_CONFIRMED=1; MATERIAL_APPLIED=0;BROWSER_OBSERVED=0; CONTAINER_ENTRY_RESOLVED=0;IMAGE_DECODED=0; ARK_TAIL=RAW_ONLY(218757 retraction stands)"
469363,PCG_9_3_5,SHAPE->NITEXTURINGPROPERTY->ARKTEXTURE_ENTRY (aggregated),BASE/DARK/etc,see private JSONL,"Textures.bnt (8,381 entries)","NAME_FOUND_EXACT=0; NAME_BASE_MATCH_EXTENSION_DIFF=0; NAME_NOT_FOUND=1; MATERIAL_REFERENCE_CONFIRMED=1; MATERIAL_APPLIED=0;BROWSER_OBSERVED=0; CONTAINER_ENTRY_RESOLVED=0;IMAGE_DECODED=0; ARK_TAIL=RAW_ONLY(218757 retraction stands)"
469367,PCG_9_3_5,SHAPE->NITEXTURINGPROPERTY->ARKTEXTURE_ENTRY (aggregated),BASE/DARK/etc,see private JSONL,"Textures.bnt (8,381 entries)","NAME_FOUND_EXACT=0; NAME_BASE_MATCH_EXTENSION_DIFF=0; NAME_NOT_FOUND=1; MATERIAL_REFERENCE_CONFIRMED=1; MATERIAL_APPLIED=0;BROWSER_OBSERVED=0; CONTAINER_ENTRY_RESOLVED=0;IMAGE_DECODED=0; ARK_TAIL=RAW_ONLY(218757 retraction stands)"
469411,PCG_9_3_5,SHAPE->NITEXTURINGPROPERTY->ARKTEXTURE_ENTRY (aggregated),BASE/DARK/etc,see private JSONL,"Textures.bnt (8,381 entries)","NAME_FOUND_EXACT=0; NAME_BASE_MATCH_EXTENSION_DIFF=0; NAME_NOT_FOUND=3; MATERIAL_REFERENCE_CONFIRMED=0; MATERIAL_APPLIED=0;BROWSER_OBSERVED=0; CONTAINER_ENTRY_RESOLVED=0;IMAGE_DECODED=0; ARK_TAIL=RAW_ONLY(218757 retraction stands)"
469424,PCG_9_3_5,SHAPE->NITEXTURINGPROPERTY->ARKTEXTURE_ENTRY (aggregated),BASE/DARK/etc,see private JSONL,"Textures.bnt (8,381 entries)","NAME_FOUND_EXACT=0; NAME_BASE_MATCH_EXTENSION_DIFF=0; NAME_NOT_FOUND=3; MATERIAL_REFERENCE_CONFIRMED=0; MATERIAL_APPLIED=0;BROWSER_OBSERVED=0; CONTAINER_ENTRY_RESOLVED=0;IMAGE_DECODED=0; ARK_TAIL=RAW_ONLY(218757 retraction stands)"
469431,PCG_9_3_5,SHAPE->NITEXTURINGPROPERTY->ARKTEXTURE_ENTRY (aggregated),BASE/DARK/etc,see private JSONL,"Textures.bnt (8,381 entries)","NAME_FOUND_EXACT=0; NAME_BASE_MATCH_EXTENSION_DIFF=0; NAME_NOT_FOUND=3; MATERIAL_REFERENCE_CONFIRMED=0; MATERIAL_APPLIED=0;BROWSER_OBSERVED=0; CONTAINER_ENTRY_RESOLVED=0;IMAGE_DECODED=0; ARK_TAIL=RAW_ONLY(218757 retraction stands)"
469438,PCG_9_3_5,SHAPE->NITEXTURINGPROPERTY->ARKTEXTURE_ENTRY (aggregated),BASE/DARK/etc,see private JSONL,"Textures.bnt (8,381 entries)","NAME_FOUND_EXACT=0; NAME_BASE_MATCH_EXTENSION_DIFF=0; NAME_NOT_FOUND=3; MATERIAL_REFERENCE_CONFIRMED=1; MATERIAL_APPLIED=0;BROWSER_OBSERVED=0; CONTAINER_ENTRY_RESOLVED=0;IMAGE_DECODED=0; ARK_TAIL=RAW_ONLY(218757 retraction stands)"
469444,PCG_9_3_5,SHAPE->NITEXTURINGPROPERTY->ARKTEXTURE_ENTRY (aggregated),BASE/DARK/etc,see private JSONL,"Textures.bnt (8,381 entries)","NAME_FOUND_EXACT=0; NAME_BASE_MATCH_EXTENSION_DIFF=0; NAME_NOT_FOUND=3; MATERIAL_REFERENCE_CONFIRMED=0; MATERIAL_APPLIED=0;BROWSER_OBSERVED=0; CONTAINER_ENTRY_RESOLVED=0;IMAGE_DECODED=0; ARK_TAIL=RAW_ONLY(218757 retraction stands)"
469511,PCG_9_3_5,SHAPE->NITEXTURINGPROPERTY->ARKTEXTURE_ENTRY (aggregated),BASE/DARK/etc,see private JSONL,"Textures.bnt (8,381 entries)","NAME_FOUND_EXACT=0; NAME_BASE_MATCH_EXTENSION_DIFF=0; NAME_NOT_FOUND=1; MATERIAL_REFERENCE_CONFIRMED=1; MATERIAL_APPLIED=0;BROWSER_OBSERVED=0; CONTAINER_ENTRY_RESOLVED=0;IMAGE_DECODED=0; ARK_TAIL=RAW_ONLY(218757 retraction stands)"
469516,PCG_9_3_5,SHAPE->NITEXTURINGPROPERTY->ARKTEXTURE_ENTRY (aggregated),BASE/DARK/etc,see private JSONL,"Textures.bnt (8,381 entries)","NAME_FOUND_EXACT=0; NAME_BASE_MATCH_EXTENSION_DIFF=0; NAME_NOT_FOUND=1; MATERIAL_REFERENCE_CONFIRMED=1; MATERIAL_APPLIED=0;BROWSER_OBSERVED=0; CONTAINER_ENTRY_RESOLVED=0;IMAGE_DECODED=0; ARK_TAIL=RAW_ONLY(218757 retraction stands)"
469575,PCG_9_3_5,SHAPE->NITEXTURINGPROPERTY->ARKTEXTURE_ENTRY (aggregated),BASE/DARK/etc,see private JSONL,"Textures.bnt (8,381 entries)","NAME_FOUND_EXACT=0; NAME_BASE_MATCH_EXTENSION_DIFF=0; NAME_NOT_FOUND=2; MATERIAL_REFERENCE_CONFIRMED=1; MATERIAL_APPLIED=0;BROWSER_OBSERVED=0; CONTAINER_ENTRY_RESOLVED=0;IMAGE_DECODED=0; ARK_TAIL=RAW_ONLY(218757 retraction stands)"
469595,PCG_9_3_5,SHAPE->NITEXTURINGPROPERTY->ARKTEXTURE_ENTRY (aggregated),BASE/DARK/etc,see private JSONL,"Textures.bnt (8,381 entries)","NAME_FOUND_EXACT=0; NAME_BASE_MATCH_EXTENSION_DIFF=0; NAME_NOT_FOUND=1; MATERIAL_REFERENCE_CONFIRMED=0; MATERIAL_APPLIED=0;BROWSER_OBSERVED=0; CONTAINER_ENTRY_RESOLVED=0;IMAGE_DECODED=0; ARK_TAIL=RAW_ONLY(218757 retraction stands)"
469613,PCG_9_3_5,SHAPE->NITEXTURINGPROPERTY->ARKTEXTURE_ENTRY (aggregated),BASE/DARK/etc,see private JSONL,"Textures.bnt (8,381 entries)","NAME_FOUND_EXACT=0; NAME_BASE_MATCH_EXTENSION_DIFF=0; NAME_NOT_FOUND=1; MATERIAL_REFERENCE_CONFIRMED=0; MATERIAL_APPLIED=0;BROWSER_OBSERVED=0; CONTAINER_ENTRY_RESOLVED=0;IMAGE_DECODED=0; ARK_TAIL=RAW_ONLY(218757 retraction stands)"
469623,PCG_9_3_5,SHAPE->NITEXTURINGPROPERTY->ARKTEXTURE_ENTRY (aggregated),BASE/DARK/etc,see private JSONL,"Textures.bnt (8,381 entries)","NAME_FOUND_EXACT=0; NAME_BASE_MATCH_EXTENSION_DIFF=0; NAME_NOT_FOUND=1; MATERIAL_REFERENCE_CONFIRMED=0; MATERIAL_APPLIED=0;BROWSER_OBSERVED=0; CONTAINER_ENTRY_RESOLVED=0;IMAGE_DECODED=0; ARK_TAIL=RAW_ONLY(218757 retraction stands)"
469629,PCG_9_3_5,SHAPE->NITEXTURINGPROPERTY->ARKTEXTURE_ENTRY (aggregated),BASE/DARK/etc,see private JSONL,"Textures.bnt (8,381 entries)","NAME_FOUND_EXACT=0; NAME_BASE_MATCH_EXTENSION_DIFF=0; NAME_NOT_FOUND=1; MATERIAL_REFERENCE_CONFIRMED=0; MATERIAL_APPLIED=0;BROWSER_OBSERVED=0; CONTAINER_ENTRY_RESOLVED=0;IMAGE_DECODED=0; ARK_TAIL=RAW_ONLY(218757 retraction stands)"
469633,PCG_9_3_5,SHAPE->NITEXTURINGPROPERTY->ARKTEXTURE_ENTRY (aggregated),BASE/DARK/etc,see private JSONL,"Textures.bnt (8,381 entries)","NAME_FOUND_EXACT=0; NAME_BASE_MATCH_EXTENSION_DIFF=0; NAME_NOT_FOUND=1; MATERIAL_REFERENCE_CONFIRMED=0; MATERIAL_APPLIED=0;BROWSER_OBSERVED=0; CONTAINER_ENTRY_RESOLVED=0;IMAGE_DECODED=0; ARK_TAIL=RAW_ONLY(218757 retraction stands)"
469637,PCG_9_3_5,SHAPE->NITEXTURINGPROPERTY->ARKTEXTURE_ENTRY (aggregated),BASE/DARK/etc,see private JSONL,"Textures.bnt (8,381 entries)","NAME_FOUND_EXACT=0; NAME_BASE_MATCH_EXTENSION_DIFF=0; NAME_NOT_FOUND=1; MATERIAL_REFERENCE_CONFIRMED=0; MATERIAL_APPLIED=0;BROWSER_OBSERVED=0; CONTAINER_ENTRY_RESOLVED=0;IMAGE_DECODED=0; ARK_TAIL=RAW_ONLY(218757 retraction stands)"
470068,PCG_9_3_5,SHAPE->NITEXTURINGPROPERTY->ARKTEXTURE_ENTRY (aggregated),BASE/DARK/etc,see private JSONL,"Textures.bnt (8,381 entries)","NAME_FOUND_EXACT=0; NAME_BASE_MATCH_EXTENSION_DIFF=0; NAME_NOT_FOUND=12; MATERIAL_REFERENCE_CONFIRMED=5; MATERIAL_APPLIED=0;BROWSER_OBSERVED=0; CONTAINER_ENTRY_RESOLVED=0;IMAGE_DECODED=0; ARK_TAIL=RAW_ONLY(218757 retraction stands)"
470082,PCG_9_3_5,SHAPE->NITEXTURINGPROPERTY->ARKTEXTURE_ENTRY (aggregated),BASE/DARK/etc,see private JSONL,"Textures.bnt (8,381 entries)","NAME_FOUND_EXACT=0; NAME_BASE_MATCH_EXTENSION_DIFF=0; NAME_NOT_FOUND=7; MATERIAL_REFERENCE_CONFIRMED=1; MATERIAL_APPLIED=0;BROWSER_OBSERVED=0; CONTAINER_ENTRY_RESOLVED=0;IMAGE_DECODED=0; ARK_TAIL=RAW_ONLY(218757 retraction stands)"
470632,PCG_9_3_5,SHAPE->NITEXTURINGPROPERTY->ARKTEXTURE_ENTRY (aggregated),BASE/DARK/etc,see private JSONL,"Textures.bnt (8,381 entries)","NAME_FOUND_EXACT=0; NAME_BASE_MATCH_EXTENSION_DIFF=0; NAME_NOT_FOUND=1; MATERIAL_REFERENCE_CONFIRMED=1; MATERIAL_APPLIED=0;BROWSER_OBSERVED=0; CONTAINER_ENTRY_RESOLVED=0;IMAGE_DECODED=0; ARK_TAIL=RAW_ONLY(218757 retraction stands)"
470635,PCG_9_3_5,SHAPE->NITEXTURINGPROPERTY->ARKTEXTURE_ENTRY (aggregated),BASE/DARK/etc,see private JSONL,"Textures.bnt (8,381 entries)","NAME_FOUND_EXACT=0; NAME_BASE_MATCH_EXTENSION_DIFF=0; NAME_NOT_FOUND=1; MATERIAL_REFERENCE_CONFIRMED=2; MATERIAL_APPLIED=0;BROWSER_OBSERVED=0; CONTAINER_ENTRY_RESOLVED=0;IMAGE_DECODED=0; ARK_TAIL=RAW_ONLY(218757 retraction stands)"
470637,PCG_9_3_5,SHAPE->NITEXTURINGPROPERTY->ARKTEXTURE_ENTRY (aggregated),BASE/DARK/etc,see private JSONL,"Textures.bnt (8,381 entries)","NAME_FOUND_EXACT=0; NAME_BASE_MATCH_EXTENSION_DIFF=0; NAME_NOT_FOUND=1; MATERIAL_REFERENCE_CONFIRMED=1; MATERIAL_APPLIED=0;BROWSER_OBSERVED=0; CONTAINER_ENTRY_RESOLVED=0;IMAGE_DECODED=0; ARK_TAIL=RAW_ONLY(218757 retraction stands)"
470708,PCG_9_3_5,SHAPE->NITEXTURINGPROPERTY->ARKTEXTURE_ENTRY (aggregated),BASE/DARK/etc,see private JSONL,"Textures.bnt (8,381 entries)","NAME_FOUND_EXACT=0; NAME_BASE_MATCH_EXTENSION_DIFF=0; NAME_NOT_FOUND=1; MATERIAL_REFERENCE_CONFIRMED=0; MATERIAL_APPLIED=0;BROWSER_OBSERVED=0; CONTAINER_ENTRY_RESOLVED=0;IMAGE_DECODED=0; ARK_TAIL=RAW_ONLY(218757 retraction stands)"
470789,PCG_9_3_5,SHAPE->NITEXTURINGPROPERTY->ARKTEXTURE_ENTRY (aggregated),BASE/DARK/etc,see private JSONL,"Textures.bnt (8,381 entries)","NAME_FOUND_EXACT=0; NAME_BASE_MATCH_EXTENSION_DIFF=0; NAME_NOT_FOUND=5; MATERIAL_REFERENCE_CONFIRMED=0; MATERIAL_APPLIED=0;BROWSER_OBSERVED=0; CONTAINER_ENTRY_RESOLVED=0;IMAGE_DECODED=0; ARK_TAIL=RAW_ONLY(218757 retraction stands)"
470844,PCG_9_3_5,SHAPE->NITEXTURINGPROPERTY->ARKTEXTURE_ENTRY (aggregated),BASE/DARK/etc,see private JSONL,"Textures.bnt (8,381 entries)","NAME_FOUND_EXACT=0; NAME_BASE_MATCH_EXTENSION_DIFF=0; NAME_NOT_FOUND=5; MATERIAL_REFERENCE_CONFIRMED=0; MATERIAL_APPLIED=0;BROWSER_OBSERVED=0; CONTAINER_ENTRY_RESOLVED=0;IMAGE_DECODED=0; ARK_TAIL=RAW_ONLY(218757 retraction stands)"
471361,PCG_9_3_5,SHAPE->NITEXTURINGPROPERTY->ARKTEXTURE_ENTRY (aggregated),BASE/DARK/etc,see private JSONL,"Textures.bnt (8,381 entries)","NAME_FOUND_EXACT=0; NAME_BASE_MATCH_EXTENSION_DIFF=0; NAME_NOT_FOUND=4; MATERIAL_REFERENCE_CONFIRMED=0; MATERIAL_APPLIED=0;BROWSER_OBSERVED=0; CONTAINER_ENTRY_RESOLVED=0;IMAGE_DECODED=0; ARK_TAIL=RAW_ONLY(218757 retraction stands)"
471371,PCG_9_3_5,SHAPE->NITEXTURINGPROPERTY->ARKTEXTURE_ENTRY (aggregated),BASE/DARK/etc,see private JSONL,"Textures.bnt (8,381 entries)","NAME_FOUND_EXACT=0; NAME_BASE_MATCH_EXTENSION_DIFF=0; NAME_NOT_FOUND=5; MATERIAL_REFERENCE_CONFIRMED=0; MATERIAL_APPLIED=0;BROWSER_OBSERVED=0; CONTAINER_ENTRY_RESOLVED=0;IMAGE_DECODED=0; ARK_TAIL=RAW_ONLY(218757 retraction stands)"
471381,PCG_9_3_5,SHAPE->NITEXTURINGPROPERTY->ARKTEXTURE_ENTRY (aggregated),BASE/DARK/etc,see private JSONL,"Textures.bnt (8,381 entries)","NAME_FOUND_EXACT=0; NAME_BASE_MATCH_EXTENSION_DIFF=0; NAME_NOT_FOUND=5; MATERIAL_REFERENCE_CONFIRMED=0; MATERIAL_APPLIED=0;BROWSER_OBSERVED=0; CONTAINER_ENTRY_RESOLVED=0;IMAGE_DECODED=0; ARK_TAIL=RAW_ONLY(218757 retraction stands)"
471529,PCG_9_3_5,SHAPE->NITEXTURINGPROPERTY->ARKTEXTURE_ENTRY (aggregated),BASE/DARK/etc,see private JSONL,"Textures.bnt (8,381 entries)","NAME_FOUND_EXACT=0; NAME_BASE_MATCH_EXTENSION_DIFF=0; NAME_NOT_FOUND=1; MATERIAL_REFERENCE_CONFIRMED=1; MATERIAL_APPLIED=0;BROWSER_OBSERVED=0; CONTAINER_ENTRY_RESOLVED=0;IMAGE_DECODED=0; ARK_TAIL=RAW_ONLY(218757 retraction stands)"
471628,PCG_9_3_5,SHAPE->NITEXTURINGPROPERTY->ARKTEXTURE_ENTRY (aggregated),BASE/DARK/etc,see private JSONL,"Textures.bnt (8,381 entries)","NAME_FOUND_EXACT=0; NAME_BASE_MATCH_EXTENSION_DIFF=0; NAME_NOT_FOUND=4; MATERIAL_REFERENCE_CONFIRMED=0; MATERIAL_APPLIED=0;BROWSER_OBSERVED=0; CONTAINER_ENTRY_RESOLVED=0;IMAGE_DECODED=0; ARK_TAIL=RAW_ONLY(218757 retraction stands)"
471632,PCG_9_3_5,SHAPE->NITEXTURINGPROPERTY->ARKTEXTURE_ENTRY (aggregated),BASE/DARK/etc,see private JSONL,"Textures.bnt (8,381 entries)","NAME_FOUND_EXACT=0; NAME_BASE_MATCH_EXTENSION_DIFF=0; NAME_NOT_FOUND=5; MATERIAL_REFERENCE_CONFIRMED=0; MATERIAL_APPLIED=0;BROWSER_OBSERVED=0; CONTAINER_ENTRY_RESOLVED=0;IMAGE_DECODED=0; ARK_TAIL=RAW_ONLY(218757 retraction stands)"
471694,PCG_9_3_5,SHAPE->NITEXTURINGPROPERTY->ARKTEXTURE_ENTRY (aggregated),BASE/DARK/etc,see private JSONL,"Textures.bnt (8,381 entries)","NAME_FOUND_EXACT=0; NAME_BASE_MATCH_EXTENSION_DIFF=0; NAME_NOT_FOUND=3; MATERIAL_REFERENCE_CONFIRMED=0; MATERIAL_APPLIED=0;BROWSER_OBSERVED=0; CONTAINER_ENTRY_RESOLVED=0;IMAGE_DECODED=0; ARK_TAIL=RAW_ONLY(218757 retraction stands)"
471896,PCG_9_3_5,SHAPE->NITEXTURINGPROPERTY->ARKTEXTURE_ENTRY (aggregated),BASE/DARK/etc,see private JSONL,"Textures.bnt (8,381 entries)","NAME_FOUND_EXACT=0; NAME_BASE_MATCH_EXTENSION_DIFF=0; NAME_NOT_FOUND=2; MATERIAL_REFERENCE_CONFIRMED=0; MATERIAL_APPLIED=0;BROWSER_OBSERVED=0; CONTAINER_ENTRY_RESOLVED=0;IMAGE_DECODED=0; ARK_TAIL=RAW_ONLY(218757 retraction stands)"
471897,PCG_9_3_5,SHAPE->NITEXTURINGPROPERTY->ARKTEXTURE_ENTRY (aggregated),BASE/DARK/etc,see private JSONL,"Textures.bnt (8,381 entries)","NAME_FOUND_EXACT=0; NAME_BASE_MATCH_EXTENSION_DIFF=0; NAME_NOT_FOUND=2; MATERIAL_REFERENCE_CONFIRMED=0; MATERIAL_APPLIED=0;BROWSER_OBSERVED=0; CONTAINER_ENTRY_RESOLVED=0;IMAGE_DECODED=0; ARK_TAIL=RAW_ONLY(218757 retraction stands)"
471898,PCG_9_3_5,SHAPE->NITEXTURINGPROPERTY->ARKTEXTURE_ENTRY (aggregated),BASE/DARK/etc,see private JSONL,"Textures.bnt (8,381 entries)","NAME_FOUND_EXACT=0; NAME_BASE_MATCH_EXTENSION_DIFF=0; NAME_NOT_FOUND=6; MATERIAL_REFERENCE_CONFIRMED=0; MATERIAL_APPLIED=0;BROWSER_OBSERVED=0; CONTAINER_ENTRY_RESOLVED=0;IMAGE_DECODED=0; ARK_TAIL=RAW_ONLY(218757 retraction stands)"
471919,PCG_9_3_5,SHAPE->NITEXTURINGPROPERTY->ARKTEXTURE_ENTRY (aggregated),BASE/DARK/etc,see private JSONL,"Textures.bnt (8,381 entries)","NAME_FOUND_EXACT=0; NAME_BASE_MATCH_EXTENSION_DIFF=0; NAME_NOT_FOUND=1; MATERIAL_REFERENCE_CONFIRMED=0; MATERIAL_APPLIED=0;BROWSER_OBSERVED=0; CONTAINER_ENTRY_RESOLVED=0;IMAGE_DECODED=0; ARK_TAIL=RAW_ONLY(218757 retraction stands)"
471920,PCG_9_3_5,SHAPE->NITEXTURINGPROPERTY->ARKTEXTURE_ENTRY (aggregated),BASE/DARK/etc,see private JSONL,"Textures.bnt (8,381 entries)","NAME_FOUND_EXACT=0; NAME_BASE_MATCH_EXTENSION_DIFF=0; NAME_NOT_FOUND=1; MATERIAL_REFERENCE_CONFIRMED=0; MATERIAL_APPLIED=0;BROWSER_OBSERVED=0; CONTAINER_ENTRY_RESOLVED=0;IMAGE_DECODED=0; ARK_TAIL=RAW_ONLY(218757 retraction stands)"
471921,PCG_9_3_5,SHAPE->NITEXTURINGPROPERTY->ARKTEXTURE_ENTRY (aggregated),BASE/DARK/etc,see private JSONL,"Textures.bnt (8,381 entries)","NAME_FOUND_EXACT=0; NAME_BASE_MATCH_EXTENSION_DIFF=0; NAME_NOT_FOUND=1; MATERIAL_REFERENCE_CONFIRMED=0; MATERIAL_APPLIED=0;BROWSER_OBSERVED=0; CONTAINER_ENTRY_RESOLVED=0;IMAGE_DECODED=0; ARK_TAIL=RAW_ONLY(218757 retraction stands)"
472845,PCG_9_3_5,SHAPE->NITEXTURINGPROPERTY->ARKTEXTURE_ENTRY (aggregated),BASE/DARK/etc,see private JSONL,"Textures.bnt (8,381 entries)","NAME_FOUND_EXACT=0; NAME_BASE_MATCH_EXTENSION_DIFF=0; NAME_NOT_FOUND=1; MATERIAL_REFERENCE_CONFIRMED=1; MATERIAL_APPLIED=0;BROWSER_OBSERVED=0; CONTAINER_ENTRY_RESOLVED=0;IMAGE_DECODED=0; ARK_TAIL=RAW_ONLY(218757 retraction stands)"
472950,PCG_9_3_5,SHAPE->NITEXTURINGPROPERTY->ARKTEXTURE_ENTRY (aggregated),BASE/DARK/etc,see private JSONL,"Textures.bnt (8,381 entries)","NAME_FOUND_EXACT=0; NAME_BASE_MATCH_EXTENSION_DIFF=0; NAME_NOT_FOUND=1; MATERIAL_REFERENCE_CONFIRMED=1; MATERIAL_APPLIED=0;BROWSER_OBSERVED=0; CONTAINER_ENTRY_RESOLVED=0;IMAGE_DECODED=0; ARK_TAIL=RAW_ONLY(218757 retraction stands)"
473970,PCG_9_3_5,SHAPE->NITEXTURINGPROPERTY->ARKTEXTURE_ENTRY (aggregated),BASE/DARK/etc,see private JSONL,"Textures.bnt (8,381 entries)","NAME_FOUND_EXACT=0; NAME_BASE_MATCH_EXTENSION_DIFF=0; NAME_NOT_FOUND=0; MATERIAL_REFERENCE_CONFIRMED=2; MATERIAL_APPLIED=0;BROWSER_OBSERVED=0; CONTAINER_ENTRY_RESOLVED=0;IMAGE_DECODED=0; ARK_TAIL=RAW_ONLY(218757 retraction stands)"
474333,PCG_9_3_5,SHAPE->NITEXTURINGPROPERTY->ARKTEXTURE_ENTRY (aggregated),BASE/DARK/etc,see private JSONL,"Textures.bnt (8,381 entries)","NAME_FOUND_EXACT=0; NAME_BASE_MATCH_EXTENSION_DIFF=0; NAME_NOT_FOUND=2; MATERIAL_REFERENCE_CONFIRMED=0; MATERIAL_APPLIED=0;BROWSER_OBSERVED=0; CONTAINER_ENTRY_RESOLVED=0;IMAGE_DECODED=0; ARK_TAIL=RAW_ONLY(218757 retraction stands)"
4750,PCG_9_3_5,SHAPE->NITEXTURINGPROPERTY->ARKTEXTURE_ENTRY (aggregated),BASE/DARK/etc,see private JSONL,"Textures.bnt (8,381 entries)","NAME_FOUND_EXACT=0; NAME_BASE_MATCH_EXTENSION_DIFF=0; NAME_NOT_FOUND=1; MATERIAL_REFERENCE_CONFIRMED=0; MATERIAL_APPLIED=0;BROWSER_OBSERVED=0; CONTAINER_ENTRY_RESOLVED=0;IMAGE_DECODED=0; ARK_TAIL=RAW_ONLY(218757 retraction stands)"
475017,PCG_9_3_5,SHAPE->NITEXTURINGPROPERTY->ARKTEXTURE_ENTRY (aggregated),BASE/DARK/etc,see private JSONL,"Textures.bnt (8,381 entries)","NAME_FOUND_EXACT=0; NAME_BASE_MATCH_EXTENSION_DIFF=0; NAME_NOT_FOUND=1; MATERIAL_REFERENCE_CONFIRMED=0; MATERIAL_APPLIED=0;BROWSER_OBSERVED=0; CONTAINER_ENTRY_RESOLVED=0;IMAGE_DECODED=0; ARK_TAIL=RAW_ONLY(218757 retraction stands)"
475022,PCG_9_3_5,SHAPE->NITEXTURINGPROPERTY->ARKTEXTURE_ENTRY (aggregated),BASE/DARK/etc,see private JSONL,"Textures.bnt (8,381 entries)","NAME_FOUND_EXACT=0; NAME_BASE_MATCH_EXTENSION_DIFF=0; NAME_NOT_FOUND=1; MATERIAL_REFERENCE_CONFIRMED=0; MATERIAL_APPLIED=0;BROWSER_OBSERVED=0; CONTAINER_ENTRY_RESOLVED=0;IMAGE_DECODED=0; ARK_TAIL=RAW_ONLY(218757 retraction stands)"
475029,PCG_9_3_5,SHAPE->NITEXTURINGPROPERTY->ARKTEXTURE_ENTRY (aggregated),BASE/DARK/etc,see private JSONL,"Textures.bnt (8,381 entries)","NAME_FOUND_EXACT=0; NAME_BASE_MATCH_EXTENSION_DIFF=0; NAME_NOT_FOUND=2; MATERIAL_REFERENCE_CONFIRMED=0; MATERIAL_APPLIED=0;BROWSER_OBSERVED=0; CONTAINER_ENTRY_RESOLVED=0;IMAGE_DECODED=0; ARK_TAIL=RAW_ONLY(218757 retraction stands)"
475035,PCG_9_3_5,SHAPE->NITEXTURINGPROPERTY->ARKTEXTURE_ENTRY (aggregated),BASE/DARK/etc,see private JSONL,"Textures.bnt (8,381 entries)","NAME_FOUND_EXACT=0; NAME_BASE_MATCH_EXTENSION_DIFF=0; NAME_NOT_FOUND=1; MATERIAL_REFERENCE_CONFIRMED=0; MATERIAL_APPLIED=0;BROWSER_OBSERVED=0; CONTAINER_ENTRY_RESOLVED=0;IMAGE_DECODED=0; ARK_TAIL=RAW_ONLY(218757 retraction stands)"
475041,PCG_9_3_5,SHAPE->NITEXTURINGPROPERTY->ARKTEXTURE_ENTRY (aggregated),BASE/DARK/etc,see private JSONL,"Textures.bnt (8,381 entries)","NAME_FOUND_EXACT=0; NAME_BASE_MATCH_EXTENSION_DIFF=0; NAME_NOT_FOUND=7; MATERIAL_REFERENCE_CONFIRMED=2; MATERIAL_APPLIED=0;BROWSER_OBSERVED=0; CONTAINER_ENTRY_RESOLVED=0;IMAGE_DECODED=0; ARK_TAIL=RAW_ONLY(218757 retraction stands)"
475059,PCG_9_3_5,SHAPE->NITEXTURINGPROPERTY->ARKTEXTURE_ENTRY (aggregated),BASE/DARK/etc,see private JSONL,"Textures.bnt (8,381 entries)","NAME_FOUND_EXACT=0; NAME_BASE_MATCH_EXTENSION_DIFF=0; NAME_NOT_FOUND=8; MATERIAL_REFERENCE_CONFIRMED=2; MATERIAL_APPLIED=0;BROWSER_OBSERVED=0; CONTAINER_ENTRY_RESOLVED=0;IMAGE_DECODED=0; ARK_TAIL=RAW_ONLY(218757 retraction stands)"
488540,PCG_9_3_5,SHAPE->NITEXTURINGPROPERTY->ARKTEXTURE_ENTRY (aggregated),BASE/DARK/etc,see private JSONL,"Textures.bnt (8,381 entries)","NAME_FOUND_EXACT=0; NAME_BASE_MATCH_EXTENSION_DIFF=0; NAME_NOT_FOUND=6; MATERIAL_REFERENCE_CONFIRMED=3; MATERIAL_APPLIED=0;BROWSER_OBSERVED=0; CONTAINER_ENTRY_RESOLVED=0;IMAGE_DECODED=0; ARK_TAIL=RAW_ONLY(218757 retraction stands)"
488579,PCG_9_3_5,SHAPE->NITEXTURINGPROPERTY->ARKTEXTURE_ENTRY (aggregated),BASE/DARK/etc,see private JSONL,"Textures.bnt (8,381 entries)","NAME_FOUND_EXACT=0; NAME_BASE_MATCH_EXTENSION_DIFF=0; NAME_NOT_FOUND=2; MATERIAL_REFERENCE_CONFIRMED=0; MATERIAL_APPLIED=0;BROWSER_OBSERVED=0; CONTAINER_ENTRY_RESOLVED=0;IMAGE_DECODED=0; ARK_TAIL=RAW_ONLY(218757 retraction stands)"
488661,PCG_9_3_5,SHAPE->NITEXTURINGPROPERTY->ARKTEXTURE_ENTRY (aggregated),BASE/DARK/etc,see private JSONL,"Textures.bnt (8,381 entries)","NAME_FOUND_EXACT=0; NAME_BASE_MATCH_EXTENSION_DIFF=0; NAME_NOT_FOUND=8; MATERIAL_REFERENCE_CONFIRMED=0; MATERIAL_APPLIED=0;BROWSER_OBSERVED=0; CONTAINER_ENTRY_RESOLVED=0;IMAGE_DECODED=0; ARK_TAIL=RAW_ONLY(218757 retraction stands)"
488759,PCG_9_3_5,SHAPE->NITEXTURINGPROPERTY->ARKTEXTURE_ENTRY (aggregated),BASE/DARK/etc,see private JSONL,"Textures.bnt (8,381 entries)","NAME_FOUND_EXACT=0; NAME_BASE_MATCH_EXTENSION_DIFF=0; NAME_NOT_FOUND=2; MATERIAL_REFERENCE_CONFIRMED=1; MATERIAL_APPLIED=0;BROWSER_OBSERVED=0; CONTAINER_ENTRY_RESOLVED=0;IMAGE_DECODED=0; ARK_TAIL=RAW_ONLY(218757 retraction stands)"
488765,PCG_9_3_5,SHAPE->NITEXTURINGPROPERTY->ARKTEXTURE_ENTRY (aggregated),BASE/DARK/etc,see private JSONL,"Textures.bnt (8,381 entries)","NAME_FOUND_EXACT=0; NAME_BASE_MATCH_EXTENSION_DIFF=0; NAME_NOT_FOUND=3; MATERIAL_REFERENCE_CONFIRMED=0; MATERIAL_APPLIED=0;BROWSER_OBSERVED=0; CONTAINER_ENTRY_RESOLVED=0;IMAGE_DECODED=0; ARK_TAIL=RAW_ONLY(218757 retraction stands)"
488943,PCG_9_3_5,SHAPE->NITEXTURINGPROPERTY->ARKTEXTURE_ENTRY (aggregated),BASE/DARK/etc,see private JSONL,"Textures.bnt (8,381 entries)","NAME_FOUND_EXACT=0; NAME_BASE_MATCH_EXTENSION_DIFF=0; NAME_NOT_FOUND=4; MATERIAL_REFERENCE_CONFIRMED=2; MATERIAL_APPLIED=0;BROWSER_OBSERVED=0; CONTAINER_ENTRY_RESOLVED=0;IMAGE_DECODED=0; ARK_TAIL=RAW_ONLY(218757 retraction stands)"
488986,PCG_9_3_5,SHAPE->NITEXTURINGPROPERTY->ARKTEXTURE_ENTRY (aggregated),BASE/DARK/etc,see private JSONL,"Textures.bnt (8,381 entries)","NAME_FOUND_EXACT=0; NAME_BASE_MATCH_EXTENSION_DIFF=0; NAME_NOT_FOUND=1; MATERIAL_REFERENCE_CONFIRMED=1; MATERIAL_APPLIED=0;BROWSER_OBSERVED=0; CONTAINER_ENTRY_RESOLVED=0;IMAGE_DECODED=0; ARK_TAIL=RAW_ONLY(218757 retraction stands)"
489159,PCG_9_3_5,SHAPE->NITEXTURINGPROPERTY->ARKTEXTURE_ENTRY (aggregated),BASE/DARK/etc,see private JSONL,"Textures.bnt (8,381 entries)","NAME_FOUND_EXACT=0; NAME_BASE_MATCH_EXTENSION_DIFF=0; NAME_NOT_FOUND=2; MATERIAL_REFERENCE_CONFIRMED=1; MATERIAL_APPLIED=0;BROWSER_OBSERVED=0; CONTAINER_ENTRY_RESOLVED=0;IMAGE_DECODED=0; ARK_TAIL=RAW_ONLY(218757 retraction stands)"
489328,PCG_9_3_5,SHAPE->NITEXTURINGPROPERTY->ARKTEXTURE_ENTRY (aggregated),BASE/DARK/etc,see private JSONL,"Textures.bnt (8,381 entries)","NAME_FOUND_EXACT=0; NAME_BASE_MATCH_EXTENSION_DIFF=0; NAME_NOT_FOUND=5; MATERIAL_REFERENCE_CONFIRMED=3; MATERIAL_APPLIED=0;BROWSER_OBSERVED=0; CONTAINER_ENTRY_RESOLVED=0;IMAGE_DECODED=0; ARK_TAIL=RAW_ONLY(218757 retraction stands)"
489867,PCG_9_3_5,SHAPE->NITEXTURINGPROPERTY->ARKTEXTURE_ENTRY (aggregated),BASE/DARK/etc,see private JSONL,"Textures.bnt (8,381 entries)","NAME_FOUND_EXACT=0; NAME_BASE_MATCH_EXTENSION_DIFF=0; NAME_NOT_FOUND=2; MATERIAL_REFERENCE_CONFIRMED=1; MATERIAL_APPLIED=0;BROWSER_OBSERVED=0; CONTAINER_ENTRY_RESOLVED=0;IMAGE_DECODED=0; ARK_TAIL=RAW_ONLY(218757 retraction stands)"
490489,PCG_9_3_5,SHAPE->NITEXTURINGPROPERTY->ARKTEXTURE_ENTRY (aggregated),BASE/DARK/etc,see private JSONL,"Textures.bnt (8,381 entries)","NAME_FOUND_EXACT=0; NAME_BASE_MATCH_EXTENSION_DIFF=0; NAME_NOT_FOUND=2; MATERIAL_REFERENCE_CONFIRMED=2; MATERIAL_APPLIED=0;BROWSER_OBSERVED=0; CONTAINER_ENTRY_RESOLVED=0;IMAGE_DECODED=0; ARK_TAIL=RAW_ONLY(218757 retraction stands)"
490686,PCG_9_3_5,SHAPE->NITEXTURINGPROPERTY->ARKTEXTURE_ENTRY (aggregated),BASE/DARK/etc,see private JSONL,"Textures.bnt (8,381 entries)","NAME_FOUND_EXACT=0; NAME_BASE_MATCH_EXTENSION_DIFF=0; NAME_NOT_FOUND=2; MATERIAL_REFERENCE_CONFIRMED=0; MATERIAL_APPLIED=0;BROWSER_OBSERVED=0; CONTAINER_ENTRY_RESOLVED=0;IMAGE_DECODED=0; ARK_TAIL=RAW_ONLY(218757 retraction stands)"
490886,PCG_9_3_5,SHAPE->NITEXTURINGPROPERTY->ARKTEXTURE_ENTRY (aggregated),BASE/DARK/etc,see private JSONL,"Textures.bnt (8,381 entries)","NAME_FOUND_EXACT=0; NAME_BASE_MATCH_EXTENSION_DIFF=0; NAME_NOT_FOUND=2; MATERIAL_REFERENCE_CONFIRMED=1; MATERIAL_APPLIED=0;BROWSER_OBSERVED=0; CONTAINER_ENTRY_RESOLVED=0;IMAGE_DECODED=0; ARK_TAIL=RAW_ONLY(218757 retraction stands)"
490976,PCG_9_3_5,SHAPE->NITEXTURINGPROPERTY->ARKTEXTURE_ENTRY (aggregated),BASE/DARK/etc,see private JSONL,"Textures.bnt (8,381 entries)","NAME_FOUND_EXACT=0; NAME_BASE_MATCH_EXTENSION_DIFF=0; NAME_NOT_FOUND=1; MATERIAL_REFERENCE_CONFIRMED=1; MATERIAL_APPLIED=0;BROWSER_OBSERVED=0; CONTAINER_ENTRY_RESOLVED=0;IMAGE_DECODED=0; ARK_TAIL=RAW_ONLY(218757 retraction stands)"
491029,PCG_9_3_5,SHAPE->NITEXTURINGPROPERTY->ARKTEXTURE_ENTRY (aggregated),BASE/DARK/etc,see private JSONL,"Textures.bnt (8,381 entries)","NAME_FOUND_EXACT=0; NAME_BASE_MATCH_EXTENSION_DIFF=0; NAME_NOT_FOUND=1; MATERIAL_REFERENCE_CONFIRMED=1; MATERIAL_APPLIED=0;BROWSER_OBSERVED=0; CONTAINER_ENTRY_RESOLVED=0;IMAGE_DECODED=0; ARK_TAIL=RAW_ONLY(218757 retraction stands)"
491120,PCG_9_3_5,SHAPE->NITEXTURINGPROPERTY->ARKTEXTURE_ENTRY (aggregated),BASE/DARK/etc,see private JSONL,"Textures.bnt (8,381 entries)","NAME_FOUND_EXACT=0; NAME_BASE_MATCH_EXTENSION_DIFF=0; NAME_NOT_FOUND=1; MATERIAL_REFERENCE_CONFIRMED=1; MATERIAL_APPLIED=0;BROWSER_OBSERVED=0; CONTAINER_ENTRY_RESOLVED=0;IMAGE_DECODED=0; ARK_TAIL=RAW_ONLY(218757 retraction stands)"
491606,PCG_9_3_5,SHAPE->NITEXTURINGPROPERTY->ARKTEXTURE_ENTRY (aggregated),BASE/DARK/etc,see private JSONL,"Textures.bnt (8,381 entries)","NAME_FOUND_EXACT=0; NAME_BASE_MATCH_EXTENSION_DIFF=0; NAME_NOT_FOUND=2; MATERIAL_REFERENCE_CONFIRMED=0; MATERIAL_APPLIED=0;BROWSER_OBSERVED=0; CONTAINER_ENTRY_RESOLVED=0;IMAGE_DECODED=0; ARK_TAIL=RAW_ONLY(218757 retraction stands)"
491614,PCG_9_3_5,SHAPE->NITEXTURINGPROPERTY->ARKTEXTURE_ENTRY (aggregated),BASE/DARK/etc,see private JSONL,"Textures.bnt (8,381 entries)","NAME_FOUND_EXACT=0; NAME_BASE_MATCH_EXTENSION_DIFF=0; NAME_NOT_FOUND=3; MATERIAL_REFERENCE_CONFIRMED=0; MATERIAL_APPLIED=0;BROWSER_OBSERVED=0; CONTAINER_ENTRY_RESOLVED=0;IMAGE_DECODED=0; ARK_TAIL=RAW_ONLY(218757 retraction stands)"
491623,PCG_9_3_5,SHAPE->NITEXTURINGPROPERTY->ARKTEXTURE_ENTRY (aggregated),BASE/DARK/etc,see private JSONL,"Textures.bnt (8,381 entries)","NAME_FOUND_EXACT=0; NAME_BASE_MATCH_EXTENSION_DIFF=0; NAME_NOT_FOUND=3; MATERIAL_REFERENCE_CONFIRMED=0; MATERIAL_APPLIED=0;BROWSER_OBSERVED=0; CONTAINER_ENTRY_RESOLVED=0;IMAGE_DECODED=0; ARK_TAIL=RAW_ONLY(218757 retraction stands)"
491636,PCG_9_3_5,SHAPE->NITEXTURINGPROPERTY->ARKTEXTURE_ENTRY (aggregated),BASE/DARK/etc,see private JSONL,"Textures.bnt (8,381 entries)","NAME_FOUND_EXACT=0; NAME_BASE_MATCH_EXTENSION_DIFF=0; NAME_NOT_FOUND=3; MATERIAL_REFERENCE_CONFIRMED=0; MATERIAL_APPLIED=0;BROWSER_OBSERVED=0; CONTAINER_ENTRY_RESOLVED=0;IMAGE_DECODED=0; ARK_TAIL=RAW_ONLY(218757 retraction stands)"
491641,PCG_9_3_5,SHAPE->NITEXTURINGPROPERTY->ARKTEXTURE_ENTRY (aggregated),BASE/DARK/etc,see private JSONL,"Textures.bnt (8,381 entries)","NAME_FOUND_EXACT=0; NAME_BASE_MATCH_EXTENSION_DIFF=0; NAME_NOT_FOUND=3; MATERIAL_REFERENCE_CONFIRMED=0; MATERIAL_APPLIED=0;BROWSER_OBSERVED=0; CONTAINER_ENTRY_RESOLVED=0;IMAGE_DECODED=0; ARK_TAIL=RAW_ONLY(218757 retraction stands)"
491962,PCG_9_3_5,SHAPE->NITEXTURINGPROPERTY->ARKTEXTURE_ENTRY (aggregated),BASE/DARK/etc,see private JSONL,"Textures.bnt (8,381 entries)","NAME_FOUND_EXACT=0; NAME_BASE_MATCH_EXTENSION_DIFF=0; NAME_NOT_FOUND=3; MATERIAL_REFERENCE_CONFIRMED=0; MATERIAL_APPLIED=0;BROWSER_OBSERVED=0; CONTAINER_ENTRY_RESOLVED=0;IMAGE_DECODED=0; ARK_TAIL=RAW_ONLY(218757 retraction stands)"
491968,PCG_9_3_5,SHAPE->NITEXTURINGPROPERTY->ARKTEXTURE_ENTRY (aggregated),BASE/DARK/etc,see private JSONL,"Textures.bnt (8,381 entries)","NAME_FOUND_EXACT=0; NAME_BASE_MATCH_EXTENSION_DIFF=0; NAME_NOT_FOUND=3; MATERIAL_REFERENCE_CONFIRMED=0; MATERIAL_APPLIED=0;BROWSER_OBSERVED=0; CONTAINER_ENTRY_RESOLVED=0;IMAGE_DECODED=0; ARK_TAIL=RAW_ONLY(218757 retraction stands)"
491974,PCG_9_3_5,SHAPE->NITEXTURINGPROPERTY->ARKTEXTURE_ENTRY (aggregated),BASE/DARK/etc,see private JSONL,"Textures.bnt (8,381 entries)","NAME_FOUND_EXACT=0; NAME_BASE_MATCH_EXTENSION_DIFF=0; NAME_NOT_FOUND=3; MATERIAL_REFERENCE_CONFIRMED=0; MATERIAL_APPLIED=0;BROWSER_OBSERVED=0; CONTAINER_ENTRY_RESOLVED=0;IMAGE_DECODED=0; ARK_TAIL=RAW_ONLY(218757 retraction stands)"
491994,PCG_9_3_5,SHAPE->NITEXTURINGPROPERTY->ARKTEXTURE_ENTRY (aggregated),BASE/DARK/etc,see private JSONL,"Textures.bnt (8,381 entries)","NAME_FOUND_EXACT=0; NAME_BASE_MATCH_EXTENSION_DIFF=0; NAME_NOT_FOUND=3; MATERIAL_REFERENCE_CONFIRMED=0; MATERIAL_APPLIED=0;BROWSER_OBSERVED=0; CONTAINER_ENTRY_RESOLVED=0;IMAGE_DECODED=0; ARK_TAIL=RAW_ONLY(218757 retraction stands)"
4928,PCG_9_3_5,SHAPE->NITEXTURINGPROPERTY->ARKTEXTURE_ENTRY (aggregated),BASE/DARK/etc,see private JSONL,"Textures.bnt (8,381 entries)","NAME_FOUND_EXACT=0; NAME_BASE_MATCH_EXTENSION_DIFF=0; NAME_NOT_FOUND=1; MATERIAL_REFERENCE_CONFIRMED=0; MATERIAL_APPLIED=0;BROWSER_OBSERVED=0; CONTAINER_ENTRY_RESOLVED=0;IMAGE_DECODED=0; ARK_TAIL=RAW_ONLY(218757 retraction stands)"
4930,PCG_9_3_5,SHAPE->NITEXTURINGPROPERTY->ARKTEXTURE_ENTRY (aggregated),BASE/DARK/etc,see private JSONL,"Textures.bnt (8,381 entries)","NAME_FOUND_EXACT=0; NAME_BASE_MATCH_EXTENSION_DIFF=0; NAME_NOT_FOUND=1; MATERIAL_REFERENCE_CONFIRMED=0; MATERIAL_APPLIED=0;BROWSER_OBSERVED=0; CONTAINER_ENTRY_RESOLVED=0;IMAGE_DECODED=0; ARK_TAIL=RAW_ONLY(218757 retraction stands)"
493003,PCG_9_3_5,SHAPE->NITEXTURINGPROPERTY->ARKTEXTURE_ENTRY (aggregated),BASE/DARK/etc,see private JSONL,"Textures.bnt (8,381 entries)","NAME_FOUND_EXACT=0; NAME_BASE_MATCH_EXTENSION_DIFF=0; NAME_NOT_FOUND=2; MATERIAL_REFERENCE_CONFIRMED=1; MATERIAL_APPLIED=0;BROWSER_OBSERVED=0; CONTAINER_ENTRY_RESOLVED=0;IMAGE_DECODED=0; ARK_TAIL=RAW_ONLY(218757 retraction stands)"
493024,PCG_9_3_5,SHAPE->NITEXTURINGPROPERTY->ARKTEXTURE_ENTRY (aggregated),BASE/DARK/etc,see private JSONL,"Textures.bnt (8,381 entries)","NAME_FOUND_EXACT=0; NAME_BASE_MATCH_EXTENSION_DIFF=0; NAME_NOT_FOUND=4; MATERIAL_REFERENCE_CONFIRMED=0; MATERIAL_APPLIED=0;BROWSER_OBSERVED=0; CONTAINER_ENTRY_RESOLVED=0;IMAGE_DECODED=0; ARK_TAIL=RAW_ONLY(218757 retraction stands)"
493088,PCG_9_3_5,SHAPE->NITEXTURINGPROPERTY->ARKTEXTURE_ENTRY (aggregated),BASE/DARK/etc,see private JSONL,"Textures.bnt (8,381 entries)","NAME_FOUND_EXACT=0; NAME_BASE_MATCH_EXTENSION_DIFF=0; NAME_NOT_FOUND=1; MATERIAL_REFERENCE_CONFIRMED=1; MATERIAL_APPLIED=0;BROWSER_OBSERVED=0; CONTAINER_ENTRY_RESOLVED=0;IMAGE_DECODED=0; ARK_TAIL=RAW_ONLY(218757 retraction stands)"
493105,PCG_9_3_5,SHAPE->NITEXTURINGPROPERTY->ARKTEXTURE_ENTRY (aggregated),BASE/DARK/etc,see private JSONL,"Textures.bnt (8,381 entries)","NAME_FOUND_EXACT=0; NAME_BASE_MATCH_EXTENSION_DIFF=0; NAME_NOT_FOUND=1; MATERIAL_REFERENCE_CONFIRMED=1; MATERIAL_APPLIED=0;BROWSER_OBSERVED=0; CONTAINER_ENTRY_RESOLVED=0;IMAGE_DECODED=0; ARK_TAIL=RAW_ONLY(218757 retraction stands)"
493318,PCG_9_3_5,SHAPE->NITEXTURINGPROPERTY->ARKTEXTURE_ENTRY (aggregated),BASE/DARK/etc,see private JSONL,"Textures.bnt (8,381 entries)","NAME_FOUND_EXACT=0; NAME_BASE_MATCH_EXTENSION_DIFF=0; NAME_NOT_FOUND=1; MATERIAL_REFERENCE_CONFIRMED=1; MATERIAL_APPLIED=0;BROWSER_OBSERVED=0; CONTAINER_ENTRY_RESOLVED=0;IMAGE_DECODED=0; ARK_TAIL=RAW_ONLY(218757 retraction stands)"
493327,PCG_9_3_5,SHAPE->NITEXTURINGPROPERTY->ARKTEXTURE_ENTRY (aggregated),BASE/DARK/etc,see private JSONL,"Textures.bnt (8,381 entries)","NAME_FOUND_EXACT=0; NAME_BASE_MATCH_EXTENSION_DIFF=0; NAME_NOT_FOUND=1; MATERIAL_REFERENCE_CONFIRMED=1; MATERIAL_APPLIED=0;BROWSER_OBSERVED=0; CONTAINER_ENTRY_RESOLVED=0;IMAGE_DECODED=0; ARK_TAIL=RAW_ONLY(218757 retraction stands)"
493328,PCG_9_3_5,SHAPE->NITEXTURINGPROPERTY->ARKTEXTURE_ENTRY (aggregated),BASE/DARK/etc,see private JSONL,"Textures.bnt (8,381 entries)","NAME_FOUND_EXACT=0; NAME_BASE_MATCH_EXTENSION_DIFF=0; NAME_NOT_FOUND=1; MATERIAL_REFERENCE_CONFIRMED=1; MATERIAL_APPLIED=0;BROWSER_OBSERVED=0; CONTAINER_ENTRY_RESOLVED=0;IMAGE_DECODED=0; ARK_TAIL=RAW_ONLY(218757 retraction stands)"
493469,PCG_9_3_5,SHAPE->NITEXTURINGPROPERTY->ARKTEXTURE_ENTRY (aggregated),BASE/DARK/etc,see private JSONL,"Textures.bnt (8,381 entries)","NAME_FOUND_EXACT=0; NAME_BASE_MATCH_EXTENSION_DIFF=0; NAME_NOT_FOUND=1; MATERIAL_REFERENCE_CONFIRMED=1; MATERIAL_APPLIED=0;BROWSER_OBSERVED=0; CONTAINER_ENTRY_RESOLVED=0;IMAGE_DECODED=0; ARK_TAIL=RAW_ONLY(218757 retraction stands)"
493474,PCG_9_3_5,SHAPE->NITEXTURINGPROPERTY->ARKTEXTURE_ENTRY (aggregated),BASE/DARK/etc,see private JSONL,"Textures.bnt (8,381 entries)","NAME_FOUND_EXACT=0; NAME_BASE_MATCH_EXTENSION_DIFF=0; NAME_NOT_FOUND=1; MATERIAL_REFERENCE_CONFIRMED=1; MATERIAL_APPLIED=0;BROWSER_OBSERVED=0; CONTAINER_ENTRY_RESOLVED=0;IMAGE_DECODED=0; ARK_TAIL=RAW_ONLY(218757 retraction stands)"
493477,PCG_9_3_5,SHAPE->NITEXTURINGPROPERTY->ARKTEXTURE_ENTRY (aggregated),BASE/DARK/etc,see private JSONL,"Textures.bnt (8,381 entries)","NAME_FOUND_EXACT=0; NAME_BASE_MATCH_EXTENSION_DIFF=0; NAME_NOT_FOUND=1; MATERIAL_REFERENCE_CONFIRMED=1; MATERIAL_APPLIED=0;BROWSER_OBSERVED=0; CONTAINER_ENTRY_RESOLVED=0;IMAGE_DECODED=0; ARK_TAIL=RAW_ONLY(218757 retraction stands)"
493523,PCG_9_3_5,SHAPE->NITEXTURINGPROPERTY->ARKTEXTURE_ENTRY (aggregated),BASE/DARK/etc,see private JSONL,"Textures.bnt (8,381 entries)","NAME_FOUND_EXACT=0; NAME_BASE_MATCH_EXTENSION_DIFF=0; NAME_NOT_FOUND=2; MATERIAL_REFERENCE_CONFIRMED=0; MATERIAL_APPLIED=0;BROWSER_OBSERVED=0; CONTAINER_ENTRY_RESOLVED=0;IMAGE_DECODED=0; ARK_TAIL=RAW_ONLY(218757 retraction stands)"
493619,PCG_9_3_5,SHAPE->NITEXTURINGPROPERTY->ARKTEXTURE_ENTRY (aggregated),BASE/DARK/etc,see private JSONL,"Textures.bnt (8,381 entries)","NAME_FOUND_EXACT=0; NAME_BASE_MATCH_EXTENSION_DIFF=0; NAME_NOT_FOUND=2; MATERIAL_REFERENCE_CONFIRMED=1; MATERIAL_APPLIED=0;BROWSER_OBSERVED=0; CONTAINER_ENTRY_RESOLVED=0;IMAGE_DECODED=0; ARK_TAIL=RAW_ONLY(218757 retraction stands)"
493664,PCG_9_3_5,SHAPE->NITEXTURINGPROPERTY->ARKTEXTURE_ENTRY (aggregated),BASE/DARK/etc,see private JSONL,"Textures.bnt (8,381 entries)","NAME_FOUND_EXACT=0; NAME_BASE_MATCH_EXTENSION_DIFF=0; NAME_NOT_FOUND=2; MATERIAL_REFERENCE_CONFIRMED=0; MATERIAL_APPLIED=0;BROWSER_OBSERVED=0; CONTAINER_ENTRY_RESOLVED=0;IMAGE_DECODED=0; ARK_TAIL=RAW_ONLY(218757 retraction stands)"
493676,PCG_9_3_5,SHAPE->NITEXTURINGPROPERTY->ARKTEXTURE_ENTRY (aggregated),BASE/DARK/etc,see private JSONL,"Textures.bnt (8,381 entries)","NAME_FOUND_EXACT=0; NAME_BASE_MATCH_EXTENSION_DIFF=0; NAME_NOT_FOUND=2; MATERIAL_REFERENCE_CONFIRMED=0; MATERIAL_APPLIED=0;BROWSER_OBSERVED=0; CONTAINER_ENTRY_RESOLVED=0;IMAGE_DECODED=0; ARK_TAIL=RAW_ONLY(218757 retraction stands)"
493680,PCG_9_3_5,SHAPE->NITEXTURINGPROPERTY->ARKTEXTURE_ENTRY (aggregated),BASE/DARK/etc,see private JSONL,"Textures.bnt (8,381 entries)","NAME_FOUND_EXACT=0; NAME_BASE_MATCH_EXTENSION_DIFF=0; NAME_NOT_FOUND=2; MATERIAL_REFERENCE_CONFIRMED=0; MATERIAL_APPLIED=0;BROWSER_OBSERVED=0; CONTAINER_ENTRY_RESOLVED=0;IMAGE_DECODED=0; ARK_TAIL=RAW_ONLY(218757 retraction stands)"
493684,PCG_9_3_5,SHAPE->NITEXTURINGPROPERTY->ARKTEXTURE_ENTRY (aggregated),BASE/DARK/etc,see private JSONL,"Textures.bnt (8,381 entries)","NAME_FOUND_EXACT=0; NAME_BASE_MATCH_EXTENSION_DIFF=0; NAME_NOT_FOUND=2; MATERIAL_REFERENCE_CONFIRMED=0; MATERIAL_APPLIED=0;BROWSER_OBSERVED=0; CONTAINER_ENTRY_RESOLVED=0;IMAGE_DECODED=0; ARK_TAIL=RAW_ONLY(218757 retraction stands)"
493688,PCG_9_3_5,SHAPE->NITEXTURINGPROPERTY->ARKTEXTURE_ENTRY (aggregated),BASE/DARK/etc,see private JSONL,"Textures.bnt (8,381 entries)","NAME_FOUND_EXACT=0; NAME_BASE_MATCH_EXTENSION_DIFF=0; NAME_NOT_FOUND=2; MATERIAL_REFERENCE_CONFIRMED=0; MATERIAL_APPLIED=0;BROWSER_OBSERVED=0; CONTAINER_ENTRY_RESOLVED=0;IMAGE_DECODED=0; ARK_TAIL=RAW_ONLY(218757 retraction stands)"
493692,PCG_9_3_5,SHAPE->NITEXTURINGPROPERTY->ARKTEXTURE_ENTRY (aggregated),BASE/DARK/etc,see private JSONL,"Textures.bnt (8,381 entries)","NAME_FOUND_EXACT=0; NAME_BASE_MATCH_EXTENSION_DIFF=0; NAME_NOT_FOUND=2; MATERIAL_REFERENCE_CONFIRMED=0; MATERIAL_APPLIED=0;BROWSER_OBSERVED=0; CONTAINER_ENTRY_RESOLVED=0;IMAGE_DECODED=0; ARK_TAIL=RAW_ONLY(218757 retraction stands)"
493696,PCG_9_3_5,SHAPE->NITEXTURINGPROPERTY->ARKTEXTURE_ENTRY (aggregated),BASE/DARK/etc,see private JSONL,"Textures.bnt (8,381 entries)","NAME_FOUND_EXACT=0; NAME_BASE_MATCH_EXTENSION_DIFF=0; NAME_NOT_FOUND=2; MATERIAL_REFERENCE_CONFIRMED=0; MATERIAL_APPLIED=0;BROWSER_OBSERVED=0; CONTAINER_ENTRY_RESOLVED=0;IMAGE_DECODED=0; ARK_TAIL=RAW_ONLY(218757 retraction stands)"
493785,PCG_9_3_5,SHAPE->NITEXTURINGPROPERTY->ARKTEXTURE_ENTRY (aggregated),BASE/DARK/etc,see private JSONL,"Textures.bnt (8,381 entries)","NAME_FOUND_EXACT=0; NAME_BASE_MATCH_EXTENSION_DIFF=0; NAME_NOT_FOUND=2; MATERIAL_REFERENCE_CONFIRMED=0; MATERIAL_APPLIED=0;BROWSER_OBSERVED=0; CONTAINER_ENTRY_RESOLVED=0;IMAGE_DECODED=0; ARK_TAIL=RAW_ONLY(218757 retraction stands)"
493861,PCG_9_3_5,SHAPE->NITEXTURINGPROPERTY->ARKTEXTURE_ENTRY (aggregated),BASE/DARK/etc,see private JSONL,"Textures.bnt (8,381 entries)","NAME_FOUND_EXACT=0; NAME_BASE_MATCH_EXTENSION_DIFF=0; NAME_NOT_FOUND=11; MATERIAL_REFERENCE_CONFIRMED=3; MATERIAL_APPLIED=0;BROWSER_OBSERVED=0; CONTAINER_ENTRY_RESOLVED=0;IMAGE_DECODED=0; ARK_TAIL=RAW_ONLY(218757 retraction stands)"
493886,PCG_9_3_5,SHAPE->NITEXTURINGPROPERTY->ARKTEXTURE_ENTRY (aggregated),BASE/DARK/etc,see private JSONL,"Textures.bnt (8,381 entries)","NAME_FOUND_EXACT=0; NAME_BASE_MATCH_EXTENSION_DIFF=0; NAME_NOT_FOUND=18; MATERIAL_REFERENCE_CONFIRMED=6; MATERIAL_APPLIED=0;BROWSER_OBSERVED=0; CONTAINER_ENTRY_RESOLVED=0;IMAGE_DECODED=0; ARK_TAIL=RAW_ONLY(218757 retraction stands)"
493906,PCG_9_3_5,SHAPE->NITEXTURINGPROPERTY->ARKTEXTURE_ENTRY (aggregated),BASE/DARK/etc,see private JSONL,"Textures.bnt (8,381 entries)","NAME_FOUND_EXACT=0; NAME_BASE_MATCH_EXTENSION_DIFF=0; NAME_NOT_FOUND=14; MATERIAL_REFERENCE_CONFIRMED=8; MATERIAL_APPLIED=0;BROWSER_OBSERVED=0; CONTAINER_ENTRY_RESOLVED=0;IMAGE_DECODED=0; ARK_TAIL=RAW_ONLY(218757 retraction stands)"
494425,PCG_9_3_5,SHAPE->NITEXTURINGPROPERTY->ARKTEXTURE_ENTRY (aggregated),BASE/DARK/etc,see private JSONL,"Textures.bnt (8,381 entries)","NAME_FOUND_EXACT=0; NAME_BASE_MATCH_EXTENSION_DIFF=0; NAME_NOT_FOUND=14; MATERIAL_REFERENCE_CONFIRMED=0; MATERIAL_APPLIED=0;BROWSER_OBSERVED=0; CONTAINER_ENTRY_RESOLVED=0;IMAGE_DECODED=0; ARK_TAIL=RAW_ONLY(218757 retraction stands)"
497459,PCG_9_3_5,SHAPE->NITEXTURINGPROPERTY->ARKTEXTURE_ENTRY (aggregated),BASE/DARK/etc,see private JSONL,"Textures.bnt (8,381 entries)","NAME_FOUND_EXACT=0; NAME_BASE_MATCH_EXTENSION_DIFF=0; NAME_NOT_FOUND=6; MATERIAL_REFERENCE_CONFIRMED=2; MATERIAL_APPLIED=0;BROWSER_OBSERVED=0; CONTAINER_ENTRY_RESOLVED=0;IMAGE_DECODED=0; ARK_TAIL=RAW_ONLY(218757 retraction stands)"
498940,PCG_9_3_5,SHAPE->NITEXTURINGPROPERTY->ARKTEXTURE_ENTRY (aggregated),BASE/DARK/etc,see private JSONL,"Textures.bnt (8,381 entries)","NAME_FOUND_EXACT=0; NAME_BASE_MATCH_EXTENSION_DIFF=0; NAME_NOT_FOUND=1; MATERIAL_REFERENCE_CONFIRMED=1; MATERIAL_APPLIED=0;BROWSER_OBSERVED=0; CONTAINER_ENTRY_RESOLVED=0;IMAGE_DECODED=0; ARK_TAIL=RAW_ONLY(218757 retraction stands)"
498943,PCG_9_3_5,SHAPE->NITEXTURINGPROPERTY->ARKTEXTURE_ENTRY (aggregated),BASE/DARK/etc,see private JSONL,"Textures.bnt (8,381 entries)","NAME_FOUND_EXACT=0; NAME_BASE_MATCH_EXTENSION_DIFF=0; NAME_NOT_FOUND=2; MATERIAL_REFERENCE_CONFIRMED=1; MATERIAL_APPLIED=0;BROWSER_OBSERVED=0; CONTAINER_ENTRY_RESOLVED=0;IMAGE_DECODED=0; ARK_TAIL=RAW_ONLY(218757 retraction stands)"
500690,PCG_9_3_5,SHAPE->NITEXTURINGPROPERTY->ARKTEXTURE_ENTRY (aggregated),BASE/DARK/etc,see private JSONL,"Textures.bnt (8,381 entries)","NAME_FOUND_EXACT=0; NAME_BASE_MATCH_EXTENSION_DIFF=0; NAME_NOT_FOUND=22; MATERIAL_REFERENCE_CONFIRMED=2; MATERIAL_APPLIED=0;BROWSER_OBSERVED=0; CONTAINER_ENTRY_RESOLVED=0;IMAGE_DECODED=0; ARK_TAIL=RAW_ONLY(218757 retraction stands)"
500714,PCG_9_3_5,SHAPE->NITEXTURINGPROPERTY->ARKTEXTURE_ENTRY (aggregated),BASE/DARK/etc,see private JSONL,"Textures.bnt (8,381 entries)","NAME_FOUND_EXACT=0; NAME_BASE_MATCH_EXTENSION_DIFF=0; NAME_NOT_FOUND=1; MATERIAL_REFERENCE_CONFIRMED=1; MATERIAL_APPLIED=0;BROWSER_OBSERVED=0; CONTAINER_ENTRY_RESOLVED=0;IMAGE_DECODED=0; ARK_TAIL=RAW_ONLY(218757 retraction stands)"
500717,PCG_9_3_5,SHAPE->NITEXTURINGPROPERTY->ARKTEXTURE_ENTRY (aggregated),BASE/DARK/etc,see private JSONL,"Textures.bnt (8,381 entries)","NAME_FOUND_EXACT=0; NAME_BASE_MATCH_EXTENSION_DIFF=0; NAME_NOT_FOUND=1; MATERIAL_REFERENCE_CONFIRMED=1; MATERIAL_APPLIED=0;BROWSER_OBSERVED=0; CONTAINER_ENTRY_RESOLVED=0;IMAGE_DECODED=0; ARK_TAIL=RAW_ONLY(218757 retraction stands)"
500718,PCG_9_3_5,SHAPE->NITEXTURINGPROPERTY->ARKTEXTURE_ENTRY (aggregated),BASE/DARK/etc,see private JSONL,"Textures.bnt (8,381 entries)","NAME_FOUND_EXACT=0; NAME_BASE_MATCH_EXTENSION_DIFF=0; NAME_NOT_FOUND=1; MATERIAL_REFERENCE_CONFIRMED=1; MATERIAL_APPLIED=0;BROWSER_OBSERVED=0; CONTAINER_ENTRY_RESOLVED=0;IMAGE_DECODED=0; ARK_TAIL=RAW_ONLY(218757 retraction stands)"
500719,PCG_9_3_5,SHAPE->NITEXTURINGPROPERTY->ARKTEXTURE_ENTRY (aggregated),BASE/DARK/etc,see private JSONL,"Textures.bnt (8,381 entries)","NAME_FOUND_EXACT=0; NAME_BASE_MATCH_EXTENSION_DIFF=0; NAME_NOT_FOUND=1; MATERIAL_REFERENCE_CONFIRMED=1; MATERIAL_APPLIED=0;BROWSER_OBSERVED=0; CONTAINER_ENTRY_RESOLVED=0;IMAGE_DECODED=0; ARK_TAIL=RAW_ONLY(218757 retraction stands)"
500720,PCG_9_3_5,SHAPE->NITEXTURINGPROPERTY->ARKTEXTURE_ENTRY (aggregated),BASE/DARK/etc,see private JSONL,"Textures.bnt (8,381 entries)","NAME_FOUND_EXACT=0; NAME_BASE_MATCH_EXTENSION_DIFF=0; NAME_NOT_FOUND=1; MATERIAL_REFERENCE_CONFIRMED=1; MATERIAL_APPLIED=0;BROWSER_OBSERVED=0; CONTAINER_ENTRY_RESOLVED=0;IMAGE_DECODED=0; ARK_TAIL=RAW_ONLY(218757 retraction stands)"
500721,PCG_9_3_5,SHAPE->NITEXTURINGPROPERTY->ARKTEXTURE_ENTRY (aggregated),BASE/DARK/etc,see private JSONL,"Textures.bnt (8,381 entries)","NAME_FOUND_EXACT=0; NAME_BASE_MATCH_EXTENSION_DIFF=0; NAME_NOT_FOUND=1; MATERIAL_REFERENCE_CONFIRMED=1; MATERIAL_APPLIED=0;BROWSER_OBSERVED=0; CONTAINER_ENTRY_RESOLVED=0;IMAGE_DECODED=0; ARK_TAIL=RAW_ONLY(218757 retraction stands)"
500722,PCG_9_3_5,SHAPE->NITEXTURINGPROPERTY->ARKTEXTURE_ENTRY (aggregated),BASE/DARK/etc,see private JSONL,"Textures.bnt (8,381 entries)","NAME_FOUND_EXACT=0; NAME_BASE_MATCH_EXTENSION_DIFF=0; NAME_NOT_FOUND=1; MATERIAL_REFERENCE_CONFIRMED=1; MATERIAL_APPLIED=0;BROWSER_OBSERVED=0; CONTAINER_ENTRY_RESOLVED=0;IMAGE_DECODED=0; ARK_TAIL=RAW_ONLY(218757 retraction stands)"
500723,PCG_9_3_5,SHAPE->NITEXTURINGPROPERTY->ARKTEXTURE_ENTRY (aggregated),BASE/DARK/etc,see private JSONL,"Textures.bnt (8,381 entries)","NAME_FOUND_EXACT=0; NAME_BASE_MATCH_EXTENSION_DIFF=0; NAME_NOT_FOUND=1; MATERIAL_REFERENCE_CONFIRMED=1; MATERIAL_APPLIED=0;BROWSER_OBSERVED=0; CONTAINER_ENTRY_RESOLVED=0;IMAGE_DECODED=0; ARK_TAIL=RAW_ONLY(218757 retraction stands)"
500724,PCG_9_3_5,SHAPE->NITEXTURINGPROPERTY->ARKTEXTURE_ENTRY (aggregated),BASE/DARK/etc,see private JSONL,"Textures.bnt (8,381 entries)","NAME_FOUND_EXACT=0; NAME_BASE_MATCH_EXTENSION_DIFF=0; NAME_NOT_FOUND=1; MATERIAL_REFERENCE_CONFIRMED=1; MATERIAL_APPLIED=0;BROWSER_OBSERVED=0; CONTAINER_ENTRY_RESOLVED=0;IMAGE_DECODED=0; ARK_TAIL=RAW_ONLY(218757 retraction stands)"
500836,PCG_9_3_5,SHAPE->NITEXTURINGPROPERTY->ARKTEXTURE_ENTRY (aggregated),BASE/DARK/etc,see private JSONL,"Textures.bnt (8,381 entries)","NAME_FOUND_EXACT=0; NAME_BASE_MATCH_EXTENSION_DIFF=0; NAME_NOT_FOUND=2; MATERIAL_REFERENCE_CONFIRMED=1; MATERIAL_APPLIED=0;BROWSER_OBSERVED=0; CONTAINER_ENTRY_RESOLVED=0;IMAGE_DECODED=0; ARK_TAIL=RAW_ONLY(218757 retraction stands)"
500845,PCG_9_3_5,SHAPE->NITEXTURINGPROPERTY->ARKTEXTURE_ENTRY (aggregated),BASE/DARK/etc,see private JSONL,"Textures.bnt (8,381 entries)","NAME_FOUND_EXACT=0; NAME_BASE_MATCH_EXTENSION_DIFF=0; NAME_NOT_FOUND=2; MATERIAL_REFERENCE_CONFIRMED=1; MATERIAL_APPLIED=0;BROWSER_OBSERVED=0; CONTAINER_ENTRY_RESOLVED=0;IMAGE_DECODED=0; ARK_TAIL=RAW_ONLY(218757 retraction stands)"
500846,PCG_9_3_5,SHAPE->NITEXTURINGPROPERTY->ARKTEXTURE_ENTRY (aggregated),BASE/DARK/etc,see private JSONL,"Textures.bnt (8,381 entries)","NAME_FOUND_EXACT=0; NAME_BASE_MATCH_EXTENSION_DIFF=0; NAME_NOT_FOUND=2; MATERIAL_REFERENCE_CONFIRMED=1; MATERIAL_APPLIED=0;BROWSER_OBSERVED=0; CONTAINER_ENTRY_RESOLVED=0;IMAGE_DECODED=0; ARK_TAIL=RAW_ONLY(218757 retraction stands)"
500847,PCG_9_3_5,SHAPE->NITEXTURINGPROPERTY->ARKTEXTURE_ENTRY (aggregated),BASE/DARK/etc,see private JSONL,"Textures.bnt (8,381 entries)","NAME_FOUND_EXACT=0; NAME_BASE_MATCH_EXTENSION_DIFF=0; NAME_NOT_FOUND=2; MATERIAL_REFERENCE_CONFIRMED=1; MATERIAL_APPLIED=0;BROWSER_OBSERVED=0; CONTAINER_ENTRY_RESOLVED=0;IMAGE_DECODED=0; ARK_TAIL=RAW_ONLY(218757 retraction stands)"
500848,PCG_9_3_5,SHAPE->NITEXTURINGPROPERTY->ARKTEXTURE_ENTRY (aggregated),BASE/DARK/etc,see private JSONL,"Textures.bnt (8,381 entries)","NAME_FOUND_EXACT=0; NAME_BASE_MATCH_EXTENSION_DIFF=0; NAME_NOT_FOUND=2; MATERIAL_REFERENCE_CONFIRMED=1; MATERIAL_APPLIED=0;BROWSER_OBSERVED=0; CONTAINER_ENTRY_RESOLVED=0;IMAGE_DECODED=0; ARK_TAIL=RAW_ONLY(218757 retraction stands)"
500857,PCG_9_3_5,SHAPE->NITEXTURINGPROPERTY->ARKTEXTURE_ENTRY (aggregated),BASE/DARK/etc,see private JSONL,"Textures.bnt (8,381 entries)","NAME_FOUND_EXACT=0; NAME_BASE_MATCH_EXTENSION_DIFF=0; NAME_NOT_FOUND=1; MATERIAL_REFERENCE_CONFIRMED=1; MATERIAL_APPLIED=0;BROWSER_OBSERVED=0; CONTAINER_ENTRY_RESOLVED=0;IMAGE_DECODED=0; ARK_TAIL=RAW_ONLY(218757 retraction stands)"
500858,PCG_9_3_5,SHAPE->NITEXTURINGPROPERTY->ARKTEXTURE_ENTRY (aggregated),BASE/DARK/etc,see private JSONL,"Textures.bnt (8,381 entries)","NAME_FOUND_EXACT=0; NAME_BASE_MATCH_EXTENSION_DIFF=0; NAME_NOT_FOUND=1; MATERIAL_REFERENCE_CONFIRMED=1; MATERIAL_APPLIED=0;BROWSER_OBSERVED=0; CONTAINER_ENTRY_RESOLVED=0;IMAGE_DECODED=0; ARK_TAIL=RAW_ONLY(218757 retraction stands)"
500859,PCG_9_3_5,SHAPE->NITEXTURINGPROPERTY->ARKTEXTURE_ENTRY (aggregated),BASE/DARK/etc,see private JSONL,"Textures.bnt (8,381 entries)","NAME_FOUND_EXACT=0; NAME_BASE_MATCH_EXTENSION_DIFF=0; NAME_NOT_FOUND=1; MATERIAL_REFERENCE_CONFIRMED=1; MATERIAL_APPLIED=0;BROWSER_OBSERVED=0; CONTAINER_ENTRY_RESOLVED=0;IMAGE_DECODED=0; ARK_TAIL=RAW_ONLY(218757 retraction stands)"
500860,PCG_9_3_5,SHAPE->NITEXTURINGPROPERTY->ARKTEXTURE_ENTRY (aggregated),BASE/DARK/etc,see private JSONL,"Textures.bnt (8,381 entries)","NAME_FOUND_EXACT=0; NAME_BASE_MATCH_EXTENSION_DIFF=0; NAME_NOT_FOUND=1; MATERIAL_REFERENCE_CONFIRMED=1; MATERIAL_APPLIED=0;BROWSER_OBSERVED=0; CONTAINER_ENTRY_RESOLVED=0;IMAGE_DECODED=0; ARK_TAIL=RAW_ONLY(218757 retraction stands)"
500861,PCG_9_3_5,SHAPE->NITEXTURINGPROPERTY->ARKTEXTURE_ENTRY (aggregated),BASE/DARK/etc,see private JSONL,"Textures.bnt (8,381 entries)","NAME_FOUND_EXACT=0; NAME_BASE_MATCH_EXTENSION_DIFF=0; NAME_NOT_FOUND=1; MATERIAL_REFERENCE_CONFIRMED=1; MATERIAL_APPLIED=0;BROWSER_OBSERVED=0; CONTAINER_ENTRY_RESOLVED=0;IMAGE_DECODED=0; ARK_TAIL=RAW_ONLY(218757 retraction stands)"
500913,PCG_9_3_5,SHAPE->NITEXTURINGPROPERTY->ARKTEXTURE_ENTRY (aggregated),BASE/DARK/etc,see private JSONL,"Textures.bnt (8,381 entries)","NAME_FOUND_EXACT=0; NAME_BASE_MATCH_EXTENSION_DIFF=0; NAME_NOT_FOUND=3; MATERIAL_REFERENCE_CONFIRMED=2; MATERIAL_APPLIED=0;BROWSER_OBSERVED=0; CONTAINER_ENTRY_RESOLVED=0;IMAGE_DECODED=0; ARK_TAIL=RAW_ONLY(218757 retraction stands)"
500950,PCG_9_3_5,SHAPE->NITEXTURINGPROPERTY->ARKTEXTURE_ENTRY (aggregated),BASE/DARK/etc,see private JSONL,"Textures.bnt (8,381 entries)","NAME_FOUND_EXACT=0; NAME_BASE_MATCH_EXTENSION_DIFF=0; NAME_NOT_FOUND=1; MATERIAL_REFERENCE_CONFIRMED=1; MATERIAL_APPLIED=0;BROWSER_OBSERVED=0; CONTAINER_ENTRY_RESOLVED=0;IMAGE_DECODED=0; ARK_TAIL=RAW_ONLY(218757 retraction stands)"
501038,PCG_9_3_5,SHAPE->NITEXTURINGPROPERTY->ARKTEXTURE_ENTRY (aggregated),BASE/DARK/etc,see private JSONL,"Textures.bnt (8,381 entries)","NAME_FOUND_EXACT=0; NAME_BASE_MATCH_EXTENSION_DIFF=0; NAME_NOT_FOUND=1; MATERIAL_REFERENCE_CONFIRMED=1; MATERIAL_APPLIED=0;BROWSER_OBSERVED=0; CONTAINER_ENTRY_RESOLVED=0;IMAGE_DECODED=0; ARK_TAIL=RAW_ONLY(218757 retraction stands)"
501084,PCG_9_3_5,SHAPE->NITEXTURINGPROPERTY->ARKTEXTURE_ENTRY (aggregated),BASE/DARK/etc,see private JSONL,"Textures.bnt (8,381 entries)","NAME_FOUND_EXACT=0; NAME_BASE_MATCH_EXTENSION_DIFF=0; NAME_NOT_FOUND=4; MATERIAL_REFERENCE_CONFIRMED=0; MATERIAL_APPLIED=0;BROWSER_OBSERVED=0; CONTAINER_ENTRY_RESOLVED=0;IMAGE_DECODED=0; ARK_TAIL=RAW_ONLY(218757 retraction stands)"
501087,PCG_9_3_5,SHAPE->NITEXTURINGPROPERTY->ARKTEXTURE_ENTRY (aggregated),BASE/DARK/etc,see private JSONL,"Textures.bnt (8,381 entries)","NAME_FOUND_EXACT=0; NAME_BASE_MATCH_EXTENSION_DIFF=0; NAME_NOT_FOUND=4; MATERIAL_REFERENCE_CONFIRMED=0; MATERIAL_APPLIED=0;BROWSER_OBSERVED=0; CONTAINER_ENTRY_RESOLVED=0;IMAGE_DECODED=0; ARK_TAIL=RAW_ONLY(218757 retraction stands)"
501089,PCG_9_3_5,SHAPE->NITEXTURINGPROPERTY->ARKTEXTURE_ENTRY (aggregated),BASE/DARK/etc,see private JSONL,"Textures.bnt (8,381 entries)","NAME_FOUND_EXACT=0; NAME_BASE_MATCH_EXTENSION_DIFF=0; NAME_NOT_FOUND=4; MATERIAL_REFERENCE_CONFIRMED=0; MATERIAL_APPLIED=0;BROWSER_OBSERVED=0; CONTAINER_ENTRY_RESOLVED=0;IMAGE_DECODED=0; ARK_TAIL=RAW_ONLY(218757 retraction stands)"
501464,PCG_9_3_5,SHAPE->NITEXTURINGPROPERTY->ARKTEXTURE_ENTRY (aggregated),BASE/DARK/etc,see private JSONL,"Textures.bnt (8,381 entries)","NAME_FOUND_EXACT=0; NAME_BASE_MATCH_EXTENSION_DIFF=0; NAME_NOT_FOUND=3; MATERIAL_REFERENCE_CONFIRMED=1; MATERIAL_APPLIED=0;BROWSER_OBSERVED=0; CONTAINER_ENTRY_RESOLVED=0;IMAGE_DECODED=0; ARK_TAIL=RAW_ONLY(218757 retraction stands)"
501469,PCG_9_3_5,SHAPE->NITEXTURINGPROPERTY->ARKTEXTURE_ENTRY (aggregated),BASE/DARK/etc,see private JSONL,"Textures.bnt (8,381 entries)","NAME_FOUND_EXACT=0; NAME_BASE_MATCH_EXTENSION_DIFF=0; NAME_NOT_FOUND=2; MATERIAL_REFERENCE_CONFIRMED=1; MATERIAL_APPLIED=0;BROWSER_OBSERVED=0; CONTAINER_ENTRY_RESOLVED=0;IMAGE_DECODED=0; ARK_TAIL=RAW_ONLY(218757 retraction stands)"
50189,PCG_9_3_5,SHAPE->NITEXTURINGPROPERTY->ARKTEXTURE_ENTRY (aggregated),BASE/DARK/etc,see private JSONL,"Textures.bnt (8,381 entries)","NAME_FOUND_EXACT=0; NAME_BASE_MATCH_EXTENSION_DIFF=0; NAME_NOT_FOUND=2; MATERIAL_REFERENCE_CONFIRMED=0; MATERIAL_APPLIED=0;BROWSER_OBSERVED=0; CONTAINER_ENTRY_RESOLVED=0;IMAGE_DECODED=0; ARK_TAIL=RAW_ONLY(218757 retraction stands)"
50230,PCG_9_3_5,SHAPE->NITEXTURINGPROPERTY->ARKTEXTURE_ENTRY (aggregated),BASE/DARK/etc,see private JSONL,"Textures.bnt (8,381 entries)","NAME_FOUND_EXACT=0; NAME_BASE_MATCH_EXTENSION_DIFF=0; NAME_NOT_FOUND=2; MATERIAL_REFERENCE_CONFIRMED=0; MATERIAL_APPLIED=0;BROWSER_OBSERVED=0; CONTAINER_ENTRY_RESOLVED=0;IMAGE_DECODED=0; ARK_TAIL=RAW_ONLY(218757 retraction stands)"
502947,PCG_9_3_5,SHAPE->NITEXTURINGPROPERTY->ARKTEXTURE_ENTRY (aggregated),BASE/DARK/etc,see private JSONL,"Textures.bnt (8,381 entries)","NAME_FOUND_EXACT=0; NAME_BASE_MATCH_EXTENSION_DIFF=0; NAME_NOT_FOUND=1; MATERIAL_REFERENCE_CONFIRMED=1; MATERIAL_APPLIED=0;BROWSER_OBSERVED=0; CONTAINER_ENTRY_RESOLVED=0;IMAGE_DECODED=0; ARK_TAIL=RAW_ONLY(218757 retraction stands)"
503065,PCG_9_3_5,SHAPE->NITEXTURINGPROPERTY->ARKTEXTURE_ENTRY (aggregated),BASE/DARK/etc,see private JSONL,"Textures.bnt (8,381 entries)","NAME_FOUND_EXACT=0; NAME_BASE_MATCH_EXTENSION_DIFF=0; NAME_NOT_FOUND=3; MATERIAL_REFERENCE_CONFIRMED=0; MATERIAL_APPLIED=0;BROWSER_OBSERVED=0; CONTAINER_ENTRY_RESOLVED=0;IMAGE_DECODED=0; ARK_TAIL=RAW_ONLY(218757 retraction stands)"
503197,PCG_9_3_5,SHAPE->NITEXTURINGPROPERTY->ARKTEXTURE_ENTRY (aggregated),BASE/DARK/etc,see private JSONL,"Textures.bnt (8,381 entries)","NAME_FOUND_EXACT=0; NAME_BASE_MATCH_EXTENSION_DIFF=0; NAME_NOT_FOUND=2; MATERIAL_REFERENCE_CONFIRMED=1; MATERIAL_APPLIED=0;BROWSER_OBSERVED=0; CONTAINER_ENTRY_RESOLVED=0;IMAGE_DECODED=0; ARK_TAIL=RAW_ONLY(218757 retraction stands)"
503302,PCG_9_3_5,SHAPE->NITEXTURINGPROPERTY->ARKTEXTURE_ENTRY (aggregated),BASE/DARK/etc,see private JSONL,"Textures.bnt (8,381 entries)","NAME_FOUND_EXACT=0; NAME_BASE_MATCH_EXTENSION_DIFF=0; NAME_NOT_FOUND=1; MATERIAL_REFERENCE_CONFIRMED=1; MATERIAL_APPLIED=0;BROWSER_OBSERVED=0; CONTAINER_ENTRY_RESOLVED=0;IMAGE_DECODED=0; ARK_TAIL=RAW_ONLY(218757 retraction stands)"
503461,PCG_9_3_5,SHAPE->NITEXTURINGPROPERTY->ARKTEXTURE_ENTRY (aggregated),BASE/DARK/etc,see private JSONL,"Textures.bnt (8,381 entries)","NAME_FOUND_EXACT=0; NAME_BASE_MATCH_EXTENSION_DIFF=0; NAME_NOT_FOUND=2; MATERIAL_REFERENCE_CONFIRMED=1; MATERIAL_APPLIED=0;BROWSER_OBSERVED=0; CONTAINER_ENTRY_RESOLVED=0;IMAGE_DECODED=0; ARK_TAIL=RAW_ONLY(218757 retraction stands)"
503465,PCG_9_3_5,SHAPE->NITEXTURINGPROPERTY->ARKTEXTURE_ENTRY (aggregated),BASE/DARK/etc,see private JSONL,"Textures.bnt (8,381 entries)","NAME_FOUND_EXACT=0; NAME_BASE_MATCH_EXTENSION_DIFF=0; NAME_NOT_FOUND=2; MATERIAL_REFERENCE_CONFIRMED=1; MATERIAL_APPLIED=0;BROWSER_OBSERVED=0; CONTAINER_ENTRY_RESOLVED=0;IMAGE_DECODED=0; ARK_TAIL=RAW_ONLY(218757 retraction stands)"
503469,PCG_9_3_5,SHAPE->NITEXTURINGPROPERTY->ARKTEXTURE_ENTRY (aggregated),BASE/DARK/etc,see private JSONL,"Textures.bnt (8,381 entries)","NAME_FOUND_EXACT=0; NAME_BASE_MATCH_EXTENSION_DIFF=0; NAME_NOT_FOUND=2; MATERIAL_REFERENCE_CONFIRMED=1; MATERIAL_APPLIED=0;BROWSER_OBSERVED=0; CONTAINER_ENTRY_RESOLVED=0;IMAGE_DECODED=0; ARK_TAIL=RAW_ONLY(218757 retraction stands)"
503501,PCG_9_3_5,SHAPE->NITEXTURINGPROPERTY->ARKTEXTURE_ENTRY (aggregated),BASE/DARK/etc,see private JSONL,"Textures.bnt (8,381 entries)","NAME_FOUND_EXACT=0; NAME_BASE_MATCH_EXTENSION_DIFF=0; NAME_NOT_FOUND=2; MATERIAL_REFERENCE_CONFIRMED=1; MATERIAL_APPLIED=0;BROWSER_OBSERVED=0; CONTAINER_ENTRY_RESOLVED=0;IMAGE_DECODED=0; ARK_TAIL=RAW_ONLY(218757 retraction stands)"
503502,PCG_9_3_5,SHAPE->NITEXTURINGPROPERTY->ARKTEXTURE_ENTRY (aggregated),BASE/DARK/etc,see private JSONL,"Textures.bnt (8,381 entries)","NAME_FOUND_EXACT=0; NAME_BASE_MATCH_EXTENSION_DIFF=0; NAME_NOT_FOUND=2; MATERIAL_REFERENCE_CONFIRMED=1; MATERIAL_APPLIED=0;BROWSER_OBSERVED=0; CONTAINER_ENTRY_RESOLVED=0;IMAGE_DECODED=0; ARK_TAIL=RAW_ONLY(218757 retraction stands)"
503503,PCG_9_3_5,SHAPE->NITEXTURINGPROPERTY->ARKTEXTURE_ENTRY (aggregated),BASE/DARK/etc,see private JSONL,"Textures.bnt (8,381 entries)","NAME_FOUND_EXACT=0; NAME_BASE_MATCH_EXTENSION_DIFF=0; NAME_NOT_FOUND=2; MATERIAL_REFERENCE_CONFIRMED=1; MATERIAL_APPLIED=0;BROWSER_OBSERVED=0; CONTAINER_ENTRY_RESOLVED=0;IMAGE_DECODED=0; ARK_TAIL=RAW_ONLY(218757 retraction stands)"
503514,PCG_9_3_5,SHAPE->NITEXTURINGPROPERTY->ARKTEXTURE_ENTRY (aggregated),BASE/DARK/etc,see private JSONL,"Textures.bnt (8,381 entries)","NAME_FOUND_EXACT=0; NAME_BASE_MATCH_EXTENSION_DIFF=0; NAME_NOT_FOUND=2; MATERIAL_REFERENCE_CONFIRMED=1; MATERIAL_APPLIED=0;BROWSER_OBSERVED=0; CONTAINER_ENTRY_RESOLVED=0;IMAGE_DECODED=0; ARK_TAIL=RAW_ONLY(218757 retraction stands)"
503515,PCG_9_3_5,SHAPE->NITEXTURINGPROPERTY->ARKTEXTURE_ENTRY (aggregated),BASE/DARK/etc,see private JSONL,"Textures.bnt (8,381 entries)","NAME_FOUND_EXACT=0; NAME_BASE_MATCH_EXTENSION_DIFF=0; NAME_NOT_FOUND=2; MATERIAL_REFERENCE_CONFIRMED=1; MATERIAL_APPLIED=0;BROWSER_OBSERVED=0; CONTAINER_ENTRY_RESOLVED=0;IMAGE_DECODED=0; ARK_TAIL=RAW_ONLY(218757 retraction stands)"
503516,PCG_9_3_5,SHAPE->NITEXTURINGPROPERTY->ARKTEXTURE_ENTRY (aggregated),BASE/DARK/etc,see private JSONL,"Textures.bnt (8,381 entries)","NAME_FOUND_EXACT=0; NAME_BASE_MATCH_EXTENSION_DIFF=0; NAME_NOT_FOUND=2; MATERIAL_REFERENCE_CONFIRMED=1; MATERIAL_APPLIED=0;BROWSER_OBSERVED=0; CONTAINER_ENTRY_RESOLVED=0;IMAGE_DECODED=0; ARK_TAIL=RAW_ONLY(218757 retraction stands)"
503526,PCG_9_3_5,SHAPE->NITEXTURINGPROPERTY->ARKTEXTURE_ENTRY (aggregated),BASE/DARK/etc,see private JSONL,"Textures.bnt (8,381 entries)","NAME_FOUND_EXACT=0; NAME_BASE_MATCH_EXTENSION_DIFF=0; NAME_NOT_FOUND=2; MATERIAL_REFERENCE_CONFIRMED=1; MATERIAL_APPLIED=0;BROWSER_OBSERVED=0; CONTAINER_ENTRY_RESOLVED=0;IMAGE_DECODED=0; ARK_TAIL=RAW_ONLY(218757 retraction stands)"
503527,PCG_9_3_5,SHAPE->NITEXTURINGPROPERTY->ARKTEXTURE_ENTRY (aggregated),BASE/DARK/etc,see private JSONL,"Textures.bnt (8,381 entries)","NAME_FOUND_EXACT=0; NAME_BASE_MATCH_EXTENSION_DIFF=0; NAME_NOT_FOUND=2; MATERIAL_REFERENCE_CONFIRMED=1; MATERIAL_APPLIED=0;BROWSER_OBSERVED=0; CONTAINER_ENTRY_RESOLVED=0;IMAGE_DECODED=0; ARK_TAIL=RAW_ONLY(218757 retraction stands)"
503528,PCG_9_3_5,SHAPE->NITEXTURINGPROPERTY->ARKTEXTURE_ENTRY (aggregated),BASE/DARK/etc,see private JSONL,"Textures.bnt (8,381 entries)","NAME_FOUND_EXACT=0; NAME_BASE_MATCH_EXTENSION_DIFF=0; NAME_NOT_FOUND=2; MATERIAL_REFERENCE_CONFIRMED=1; MATERIAL_APPLIED=0;BROWSER_OBSERVED=0; CONTAINER_ENTRY_RESOLVED=0;IMAGE_DECODED=0; ARK_TAIL=RAW_ONLY(218757 retraction stands)"
503675,PCG_9_3_5,SHAPE->NITEXTURINGPROPERTY->ARKTEXTURE_ENTRY (aggregated),BASE/DARK/etc,see private JSONL,"Textures.bnt (8,381 entries)","NAME_FOUND_EXACT=0; NAME_BASE_MATCH_EXTENSION_DIFF=0; NAME_NOT_FOUND=2; MATERIAL_REFERENCE_CONFIRMED=0; MATERIAL_APPLIED=0;BROWSER_OBSERVED=0; CONTAINER_ENTRY_RESOLVED=0;IMAGE_DECODED=0; ARK_TAIL=RAW_ONLY(218757 retraction stands)"
503684,PCG_9_3_5,SHAPE->NITEXTURINGPROPERTY->ARKTEXTURE_ENTRY (aggregated),BASE/DARK/etc,see private JSONL,"Textures.bnt (8,381 entries)","NAME_FOUND_EXACT=0; NAME_BASE_MATCH_EXTENSION_DIFF=0; NAME_NOT_FOUND=2; MATERIAL_REFERENCE_CONFIRMED=0; MATERIAL_APPLIED=0;BROWSER_OBSERVED=0; CONTAINER_ENTRY_RESOLVED=0;IMAGE_DECODED=0; ARK_TAIL=RAW_ONLY(218757 retraction stands)"
504561,PCG_9_3_5,SHAPE->NITEXTURINGPROPERTY->ARKTEXTURE_ENTRY (aggregated),BASE/DARK/etc,see private JSONL,"Textures.bnt (8,381 entries)","NAME_FOUND_EXACT=0; NAME_BASE_MATCH_EXTENSION_DIFF=0; NAME_NOT_FOUND=3; MATERIAL_REFERENCE_CONFIRMED=0; MATERIAL_APPLIED=0;BROWSER_OBSERVED=0; CONTAINER_ENTRY_RESOLVED=0;IMAGE_DECODED=0; ARK_TAIL=RAW_ONLY(218757 retraction stands)"
504569,PCG_9_3_5,SHAPE->NITEXTURINGPROPERTY->ARKTEXTURE_ENTRY (aggregated),BASE/DARK/etc,see private JSONL,"Textures.bnt (8,381 entries)","NAME_FOUND_EXACT=0; NAME_BASE_MATCH_EXTENSION_DIFF=0; NAME_NOT_FOUND=3; MATERIAL_REFERENCE_CONFIRMED=0; MATERIAL_APPLIED=0;BROWSER_OBSERVED=0; CONTAINER_ENTRY_RESOLVED=0;IMAGE_DECODED=0; ARK_TAIL=RAW_ONLY(218757 retraction stands)"
504578,PCG_9_3_5,SHAPE->NITEXTURINGPROPERTY->ARKTEXTURE_ENTRY (aggregated),BASE/DARK/etc,see private JSONL,"Textures.bnt (8,381 entries)","NAME_FOUND_EXACT=0; NAME_BASE_MATCH_EXTENSION_DIFF=0; NAME_NOT_FOUND=3; MATERIAL_REFERENCE_CONFIRMED=0; MATERIAL_APPLIED=0;BROWSER_OBSERVED=0; CONTAINER_ENTRY_RESOLVED=0;IMAGE_DECODED=0; ARK_TAIL=RAW_ONLY(218757 retraction stands)"
504595,PCG_9_3_5,SHAPE->NITEXTURINGPROPERTY->ARKTEXTURE_ENTRY (aggregated),BASE/DARK/etc,see private JSONL,"Textures.bnt (8,381 entries)","NAME_FOUND_EXACT=0; NAME_BASE_MATCH_EXTENSION_DIFF=0; NAME_NOT_FOUND=3; MATERIAL_REFERENCE_CONFIRMED=0; MATERIAL_APPLIED=0;BROWSER_OBSERVED=0; CONTAINER_ENTRY_RESOLVED=0;IMAGE_DECODED=0; ARK_TAIL=RAW_ONLY(218757 retraction stands)"
504600,PCG_9_3_5,SHAPE->NITEXTURINGPROPERTY->ARKTEXTURE_ENTRY (aggregated),BASE/DARK/etc,see private JSONL,"Textures.bnt (8,381 entries)","NAME_FOUND_EXACT=0; NAME_BASE_MATCH_EXTENSION_DIFF=0; NAME_NOT_FOUND=3; MATERIAL_REFERENCE_CONFIRMED=0; MATERIAL_APPLIED=0;BROWSER_OBSERVED=0; CONTAINER_ENTRY_RESOLVED=0;IMAGE_DECODED=0; ARK_TAIL=RAW_ONLY(218757 retraction stands)"
504605,PCG_9_3_5,SHAPE->NITEXTURINGPROPERTY->ARKTEXTURE_ENTRY (aggregated),BASE/DARK/etc,see private JSONL,"Textures.bnt (8,381 entries)","NAME_FOUND_EXACT=0; NAME_BASE_MATCH_EXTENSION_DIFF=0; NAME_NOT_FOUND=3; MATERIAL_REFERENCE_CONFIRMED=0; MATERIAL_APPLIED=0;BROWSER_OBSERVED=0; CONTAINER_ENTRY_RESOLVED=0;IMAGE_DECODED=0; ARK_TAIL=RAW_ONLY(218757 retraction stands)"
504623,PCG_9_3_5,SHAPE->NITEXTURINGPROPERTY->ARKTEXTURE_ENTRY (aggregated),BASE/DARK/etc,see private JSONL,"Textures.bnt (8,381 entries)","NAME_FOUND_EXACT=0; NAME_BASE_MATCH_EXTENSION_DIFF=0; NAME_NOT_FOUND=1; MATERIAL_REFERENCE_CONFIRMED=1; MATERIAL_APPLIED=0;BROWSER_OBSERVED=0; CONTAINER_ENTRY_RESOLVED=0;IMAGE_DECODED=0; ARK_TAIL=RAW_ONLY(218757 retraction stands)"
504660,PCG_9_3_5,SHAPE->NITEXTURINGPROPERTY->ARKTEXTURE_ENTRY (aggregated),BASE/DARK/etc,see private JSONL,"Textures.bnt (8,381 entries)","NAME_FOUND_EXACT=0; NAME_BASE_MATCH_EXTENSION_DIFF=0; NAME_NOT_FOUND=1; MATERIAL_REFERENCE_CONFIRMED=1; MATERIAL_APPLIED=0;BROWSER_OBSERVED=0; CONTAINER_ENTRY_RESOLVED=0;IMAGE_DECODED=0; ARK_TAIL=RAW_ONLY(218757 retraction stands)"
504827,PCG_9_3_5,SHAPE->NITEXTURINGPROPERTY->ARKTEXTURE_ENTRY (aggregated),BASE/DARK/etc,see private JSONL,"Textures.bnt (8,381 entries)","NAME_FOUND_EXACT=0; NAME_BASE_MATCH_EXTENSION_DIFF=0; NAME_NOT_FOUND=3; MATERIAL_REFERENCE_CONFIRMED=0; MATERIAL_APPLIED=0;BROWSER_OBSERVED=0; CONTAINER_ENTRY_RESOLVED=0;IMAGE_DECODED=0; ARK_TAIL=RAW_ONLY(218757 retraction stands)"
505062,PCG_9_3_5,SHAPE->NITEXTURINGPROPERTY->ARKTEXTURE_ENTRY (aggregated),BASE/DARK/etc,see private JSONL,"Textures.bnt (8,381 entries)","NAME_FOUND_EXACT=0; NAME_BASE_MATCH_EXTENSION_DIFF=0; NAME_NOT_FOUND=1; MATERIAL_REFERENCE_CONFIRMED=0; MATERIAL_APPLIED=0;BROWSER_OBSERVED=0; CONTAINER_ENTRY_RESOLVED=0;IMAGE_DECODED=0; ARK_TAIL=RAW_ONLY(218757 retraction stands)"
505072,PCG_9_3_5,SHAPE->NITEXTURINGPROPERTY->ARKTEXTURE_ENTRY (aggregated),BASE/DARK/etc,see private JSONL,"Textures.bnt (8,381 entries)","NAME_FOUND_EXACT=0; NAME_BASE_MATCH_EXTENSION_DIFF=0; NAME_NOT_FOUND=1; MATERIAL_REFERENCE_CONFIRMED=1; MATERIAL_APPLIED=0;BROWSER_OBSERVED=0; CONTAINER_ENTRY_RESOLVED=0;IMAGE_DECODED=0; ARK_TAIL=RAW_ONLY(218757 retraction stands)"
505358,PCG_9_3_5,SHAPE->NITEXTURINGPROPERTY->ARKTEXTURE_ENTRY (aggregated),BASE/DARK/etc,see private JSONL,"Textures.bnt (8,381 entries)","NAME_FOUND_EXACT=0; NAME_BASE_MATCH_EXTENSION_DIFF=0; NAME_NOT_FOUND=6; MATERIAL_REFERENCE_CONFIRMED=3; MATERIAL_APPLIED=0;BROWSER_OBSERVED=0; CONTAINER_ENTRY_RESOLVED=0;IMAGE_DECODED=0; ARK_TAIL=RAW_ONLY(218757 retraction stands)"
505536,PCG_9_3_5,SHAPE->NITEXTURINGPROPERTY->ARKTEXTURE_ENTRY (aggregated),BASE/DARK/etc,see private JSONL,"Textures.bnt (8,381 entries)","NAME_FOUND_EXACT=0; NAME_BASE_MATCH_EXTENSION_DIFF=0; NAME_NOT_FOUND=1; MATERIAL_REFERENCE_CONFIRMED=0; MATERIAL_APPLIED=0;BROWSER_OBSERVED=0; CONTAINER_ENTRY_RESOLVED=0;IMAGE_DECODED=0; ARK_TAIL=RAW_ONLY(218757 retraction stands)"
505853,PCG_9_3_5,SHAPE->NITEXTURINGPROPERTY->ARKTEXTURE_ENTRY (aggregated),BASE/DARK/etc,see private JSONL,"Textures.bnt (8,381 entries)","NAME_FOUND_EXACT=0; NAME_BASE_MATCH_EXTENSION_DIFF=0; NAME_NOT_FOUND=2; MATERIAL_REFERENCE_CONFIRMED=0; MATERIAL_APPLIED=0;BROWSER_OBSERVED=0; CONTAINER_ENTRY_RESOLVED=0;IMAGE_DECODED=0; ARK_TAIL=RAW_ONLY(218757 retraction stands)"
505879,PCG_9_3_5,SHAPE->NITEXTURINGPROPERTY->ARKTEXTURE_ENTRY (aggregated),BASE/DARK/etc,see private JSONL,"Textures.bnt (8,381 entries)","NAME_FOUND_EXACT=0; NAME_BASE_MATCH_EXTENSION_DIFF=0; NAME_NOT_FOUND=2; MATERIAL_REFERENCE_CONFIRMED=0; MATERIAL_APPLIED=0;BROWSER_OBSERVED=0; CONTAINER_ENTRY_RESOLVED=0;IMAGE_DECODED=0; ARK_TAIL=RAW_ONLY(218757 retraction stands)"
505928,PCG_9_3_5,SHAPE->NITEXTURINGPROPERTY->ARKTEXTURE_ENTRY (aggregated),BASE/DARK/etc,see private JSONL,"Textures.bnt (8,381 entries)","NAME_FOUND_EXACT=0; NAME_BASE_MATCH_EXTENSION_DIFF=0; NAME_NOT_FOUND=1; MATERIAL_REFERENCE_CONFIRMED=0; MATERIAL_APPLIED=0;BROWSER_OBSERVED=0; CONTAINER_ENTRY_RESOLVED=0;IMAGE_DECODED=0; ARK_TAIL=RAW_ONLY(218757 retraction stands)"
505935,PCG_9_3_5,SHAPE->NITEXTURINGPROPERTY->ARKTEXTURE_ENTRY (aggregated),BASE/DARK/etc,see private JSONL,"Textures.bnt (8,381 entries)","NAME_FOUND_EXACT=0; NAME_BASE_MATCH_EXTENSION_DIFF=0; NAME_NOT_FOUND=2; MATERIAL_REFERENCE_CONFIRMED=0; MATERIAL_APPLIED=0;BROWSER_OBSERVED=0; CONTAINER_ENTRY_RESOLVED=0;IMAGE_DECODED=0; ARK_TAIL=RAW_ONLY(218757 retraction stands)"
505939,PCG_9_3_5,SHAPE->NITEXTURINGPROPERTY->ARKTEXTURE_ENTRY (aggregated),BASE/DARK/etc,see private JSONL,"Textures.bnt (8,381 entries)","NAME_FOUND_EXACT=0; NAME_BASE_MATCH_EXTENSION_DIFF=0; NAME_NOT_FOUND=1; MATERIAL_REFERENCE_CONFIRMED=0; MATERIAL_APPLIED=0;BROWSER_OBSERVED=0; CONTAINER_ENTRY_RESOLVED=0;IMAGE_DECODED=0; ARK_TAIL=RAW_ONLY(218757 retraction stands)"
505943,PCG_9_3_5,SHAPE->NITEXTURINGPROPERTY->ARKTEXTURE_ENTRY (aggregated),BASE/DARK/etc,see private JSONL,"Textures.bnt (8,381 entries)","NAME_FOUND_EXACT=0; NAME_BASE_MATCH_EXTENSION_DIFF=0; NAME_NOT_FOUND=2; MATERIAL_REFERENCE_CONFIRMED=0; MATERIAL_APPLIED=0;BROWSER_OBSERVED=0; CONTAINER_ENTRY_RESOLVED=0;IMAGE_DECODED=0; ARK_TAIL=RAW_ONLY(218757 retraction stands)"
506231,PCG_9_3_5,SHAPE->NITEXTURINGPROPERTY->ARKTEXTURE_ENTRY (aggregated),BASE/DARK/etc,see private JSONL,"Textures.bnt (8,381 entries)","NAME_FOUND_EXACT=0; NAME_BASE_MATCH_EXTENSION_DIFF=0; NAME_NOT_FOUND=2; MATERIAL_REFERENCE_CONFIRMED=0; MATERIAL_APPLIED=0;BROWSER_OBSERVED=0; CONTAINER_ENTRY_RESOLVED=0;IMAGE_DECODED=0; ARK_TAIL=RAW_ONLY(218757 retraction stands)"
506367,PCG_9_3_5,SHAPE->NITEXTURINGPROPERTY->ARKTEXTURE_ENTRY (aggregated),BASE/DARK/etc,see private JSONL,"Textures.bnt (8,381 entries)","NAME_FOUND_EXACT=0; NAME_BASE_MATCH_EXTENSION_DIFF=0; NAME_NOT_FOUND=1; MATERIAL_REFERENCE_CONFIRMED=1; MATERIAL_APPLIED=0;BROWSER_OBSERVED=0; CONTAINER_ENTRY_RESOLVED=0;IMAGE_DECODED=0; ARK_TAIL=RAW_ONLY(218757 retraction stands)"
506376,PCG_9_3_5,SHAPE->NITEXTURINGPROPERTY->ARKTEXTURE_ENTRY (aggregated),BASE/DARK/etc,see private JSONL,"Textures.bnt (8,381 entries)","NAME_FOUND_EXACT=0; NAME_BASE_MATCH_EXTENSION_DIFF=0; NAME_NOT_FOUND=1; MATERIAL_REFERENCE_CONFIRMED=1; MATERIAL_APPLIED=0;BROWSER_OBSERVED=0; CONTAINER_ENTRY_RESOLVED=0;IMAGE_DECODED=0; ARK_TAIL=RAW_ONLY(218757 retraction stands)"
506379,PCG_9_3_5,SHAPE->NITEXTURINGPROPERTY->ARKTEXTURE_ENTRY (aggregated),BASE/DARK/etc,see private JSONL,"Textures.bnt (8,381 entries)","NAME_FOUND_EXACT=0; NAME_BASE_MATCH_EXTENSION_DIFF=0; NAME_NOT_FOUND=2; MATERIAL_REFERENCE_CONFIRMED=1; MATERIAL_APPLIED=0;BROWSER_OBSERVED=0; CONTAINER_ENTRY_RESOLVED=0;IMAGE_DECODED=0; ARK_TAIL=RAW_ONLY(218757 retraction stands)"
506387,PCG_9_3_5,SHAPE->NITEXTURINGPROPERTY->ARKTEXTURE_ENTRY (aggregated),BASE/DARK/etc,see private JSONL,"Textures.bnt (8,381 entries)","NAME_FOUND_EXACT=0; NAME_BASE_MATCH_EXTENSION_DIFF=0; NAME_NOT_FOUND=1; MATERIAL_REFERENCE_CONFIRMED=1; MATERIAL_APPLIED=0;BROWSER_OBSERVED=0; CONTAINER_ENTRY_RESOLVED=0;IMAGE_DECODED=0; ARK_TAIL=RAW_ONLY(218757 retraction stands)"
506408,PCG_9_3_5,SHAPE->NITEXTURINGPROPERTY->ARKTEXTURE_ENTRY (aggregated),BASE/DARK/etc,see private JSONL,"Textures.bnt (8,381 entries)","NAME_FOUND_EXACT=0; NAME_BASE_MATCH_EXTENSION_DIFF=0; NAME_NOT_FOUND=2; MATERIAL_REFERENCE_CONFIRMED=0; MATERIAL_APPLIED=0;BROWSER_OBSERVED=0; CONTAINER_ENTRY_RESOLVED=0;IMAGE_DECODED=0; ARK_TAIL=RAW_ONLY(218757 retraction stands)"
506411,PCG_9_3_5,SHAPE->NITEXTURINGPROPERTY->ARKTEXTURE_ENTRY (aggregated),BASE/DARK/etc,see private JSONL,"Textures.bnt (8,381 entries)","NAME_FOUND_EXACT=0; NAME_BASE_MATCH_EXTENSION_DIFF=0; NAME_NOT_FOUND=2; MATERIAL_REFERENCE_CONFIRMED=0; MATERIAL_APPLIED=0;BROWSER_OBSERVED=0; CONTAINER_ENTRY_RESOLVED=0;IMAGE_DECODED=0; ARK_TAIL=RAW_ONLY(218757 retraction stands)"
506431,PCG_9_3_5,SHAPE->NITEXTURINGPROPERTY->ARKTEXTURE_ENTRY (aggregated),BASE/DARK/etc,see private JSONL,"Textures.bnt (8,381 entries)","NAME_FOUND_EXACT=0; NAME_BASE_MATCH_EXTENSION_DIFF=0; NAME_NOT_FOUND=2; MATERIAL_REFERENCE_CONFIRMED=1; MATERIAL_APPLIED=0;BROWSER_OBSERVED=0; CONTAINER_ENTRY_RESOLVED=0;IMAGE_DECODED=0; ARK_TAIL=RAW_ONLY(218757 retraction stands)"
506474,PCG_9_3_5,SHAPE->NITEXTURINGPROPERTY->ARKTEXTURE_ENTRY (aggregated),BASE/DARK/etc,see private JSONL,"Textures.bnt (8,381 entries)","NAME_FOUND_EXACT=0; NAME_BASE_MATCH_EXTENSION_DIFF=0; NAME_NOT_FOUND=2; MATERIAL_REFERENCE_CONFIRMED=1; MATERIAL_APPLIED=0;BROWSER_OBSERVED=0; CONTAINER_ENTRY_RESOLVED=0;IMAGE_DECODED=0; ARK_TAIL=RAW_ONLY(218757 retraction stands)"
506480,PCG_9_3_5,SHAPE->NITEXTURINGPROPERTY->ARKTEXTURE_ENTRY (aggregated),BASE/DARK/etc,see private JSONL,"Textures.bnt (8,381 entries)","NAME_FOUND_EXACT=0; NAME_BASE_MATCH_EXTENSION_DIFF=0; NAME_NOT_FOUND=2; MATERIAL_REFERENCE_CONFIRMED=1; MATERIAL_APPLIED=0;BROWSER_OBSERVED=0; CONTAINER_ENTRY_RESOLVED=0;IMAGE_DECODED=0; ARK_TAIL=RAW_ONLY(218757 retraction stands)"
506967,PCG_9_3_5,SHAPE->NITEXTURINGPROPERTY->ARKTEXTURE_ENTRY (aggregated),BASE/DARK/etc,see private JSONL,"Textures.bnt (8,381 entries)","NAME_FOUND_EXACT=0; NAME_BASE_MATCH_EXTENSION_DIFF=0; NAME_NOT_FOUND=2; MATERIAL_REFERENCE_CONFIRMED=0; MATERIAL_APPLIED=0;BROWSER_OBSERVED=0; CONTAINER_ENTRY_RESOLVED=0;IMAGE_DECODED=0; ARK_TAIL=RAW_ONLY(218757 retraction stands)"
506995,PCG_9_3_5,SHAPE->NITEXTURINGPROPERTY->ARKTEXTURE_ENTRY (aggregated),BASE/DARK/etc,see private JSONL,"Textures.bnt (8,381 entries)","NAME_FOUND_EXACT=0; NAME_BASE_MATCH_EXTENSION_DIFF=0; NAME_NOT_FOUND=1; MATERIAL_REFERENCE_CONFIRMED=1; MATERIAL_APPLIED=0;BROWSER_OBSERVED=0; CONTAINER_ENTRY_RESOLVED=0;IMAGE_DECODED=0; ARK_TAIL=RAW_ONLY(218757 retraction stands)"
507011,PCG_9_3_5,SHAPE->NITEXTURINGPROPERTY->ARKTEXTURE_ENTRY (aggregated),BASE/DARK/etc,see private JSONL,"Textures.bnt (8,381 entries)","NAME_FOUND_EXACT=0; NAME_BASE_MATCH_EXTENSION_DIFF=0; NAME_NOT_FOUND=1; MATERIAL_REFERENCE_CONFIRMED=0; MATERIAL_APPLIED=0;BROWSER_OBSERVED=0; CONTAINER_ENTRY_RESOLVED=0;IMAGE_DECODED=0; ARK_TAIL=RAW_ONLY(218757 retraction stands)"
507014,PCG_9_3_5,SHAPE->NITEXTURINGPROPERTY->ARKTEXTURE_ENTRY (aggregated),BASE/DARK/etc,see private JSONL,"Textures.bnt (8,381 entries)","NAME_FOUND_EXACT=0; NAME_BASE_MATCH_EXTENSION_DIFF=0; NAME_NOT_FOUND=1; MATERIAL_REFERENCE_CONFIRMED=0; MATERIAL_APPLIED=0;BROWSER_OBSERVED=0; CONTAINER_ENTRY_RESOLVED=0;IMAGE_DECODED=0; ARK_TAIL=RAW_ONLY(218757 retraction stands)"
507028,PCG_9_3_5,SHAPE->NITEXTURINGPROPERTY->ARKTEXTURE_ENTRY (aggregated),BASE/DARK/etc,see private JSONL,"Textures.bnt (8,381 entries)","NAME_FOUND_EXACT=0; NAME_BASE_MATCH_EXTENSION_DIFF=0; NAME_NOT_FOUND=1; MATERIAL_REFERENCE_CONFIRMED=1; MATERIAL_APPLIED=0;BROWSER_OBSERVED=0; CONTAINER_ENTRY_RESOLVED=0;IMAGE_DECODED=0; ARK_TAIL=RAW_ONLY(218757 retraction stands)"
507141,PCG_9_3_5,SHAPE->NITEXTURINGPROPERTY->ARKTEXTURE_ENTRY (aggregated),BASE/DARK/etc,see private JSONL,"Textures.bnt (8,381 entries)","NAME_FOUND_EXACT=0; NAME_BASE_MATCH_EXTENSION_DIFF=0; NAME_NOT_FOUND=2; MATERIAL_REFERENCE_CONFIRMED=1; MATERIAL_APPLIED=0;BROWSER_OBSERVED=0; CONTAINER_ENTRY_RESOLVED=0;IMAGE_DECODED=0; ARK_TAIL=RAW_ONLY(218757 retraction stands)"
507194,PCG_9_3_5,SHAPE->NITEXTURINGPROPERTY->ARKTEXTURE_ENTRY (aggregated),BASE/DARK/etc,see private JSONL,"Textures.bnt (8,381 entries)","NAME_FOUND_EXACT=0; NAME_BASE_MATCH_EXTENSION_DIFF=0; NAME_NOT_FOUND=2; MATERIAL_REFERENCE_CONFIRMED=0; MATERIAL_APPLIED=0;BROWSER_OBSERVED=0; CONTAINER_ENTRY_RESOLVED=0;IMAGE_DECODED=0; ARK_TAIL=RAW_ONLY(218757 retraction stands)"
507199,PCG_9_3_5,SHAPE->NITEXTURINGPROPERTY->ARKTEXTURE_ENTRY (aggregated),BASE/DARK/etc,see private JSONL,"Textures.bnt (8,381 entries)","NAME_FOUND_EXACT=0; NAME_BASE_MATCH_EXTENSION_DIFF=0; NAME_NOT_FOUND=1; MATERIAL_REFERENCE_CONFIRMED=0; MATERIAL_APPLIED=0;BROWSER_OBSERVED=0; CONTAINER_ENTRY_RESOLVED=0;IMAGE_DECODED=0; ARK_TAIL=RAW_ONLY(218757 retraction stands)"
507238,PCG_9_3_5,SHAPE->NITEXTURINGPROPERTY->ARKTEXTURE_ENTRY (aggregated),BASE/DARK/etc,see private JSONL,"Textures.bnt (8,381 entries)","NAME_FOUND_EXACT=0; NAME_BASE_MATCH_EXTENSION_DIFF=0; NAME_NOT_FOUND=1; MATERIAL_REFERENCE_CONFIRMED=0; MATERIAL_APPLIED=0;BROWSER_OBSERVED=0; CONTAINER_ENTRY_RESOLVED=0;IMAGE_DECODED=0; ARK_TAIL=RAW_ONLY(218757 retraction stands)"
507264,PCG_9_3_5,SHAPE->NITEXTURINGPROPERTY->ARKTEXTURE_ENTRY (aggregated),BASE/DARK/etc,see private JSONL,"Textures.bnt (8,381 entries)","NAME_FOUND_EXACT=0; NAME_BASE_MATCH_EXTENSION_DIFF=0; NAME_NOT_FOUND=2; MATERIAL_REFERENCE_CONFIRMED=0; MATERIAL_APPLIED=0;BROWSER_OBSERVED=0; CONTAINER_ENTRY_RESOLVED=0;IMAGE_DECODED=0; ARK_TAIL=RAW_ONLY(218757 retraction stands)"
507292,PCG_9_3_5,SHAPE->NITEXTURINGPROPERTY->ARKTEXTURE_ENTRY (aggregated),BASE/DARK/etc,see private JSONL,"Textures.bnt (8,381 entries)","NAME_FOUND_EXACT=0; NAME_BASE_MATCH_EXTENSION_DIFF=0; NAME_NOT_FOUND=2; MATERIAL_REFERENCE_CONFIRMED=0; MATERIAL_APPLIED=0;BROWSER_OBSERVED=0; CONTAINER_ENTRY_RESOLVED=0;IMAGE_DECODED=0; ARK_TAIL=RAW_ONLY(218757 retraction stands)"
507296,PCG_9_3_5,SHAPE->NITEXTURINGPROPERTY->ARKTEXTURE_ENTRY (aggregated),BASE/DARK/etc,see private JSONL,"Textures.bnt (8,381 entries)","NAME_FOUND_EXACT=0; NAME_BASE_MATCH_EXTENSION_DIFF=0; NAME_NOT_FOUND=2; MATERIAL_REFERENCE_CONFIRMED=0; MATERIAL_APPLIED=0;BROWSER_OBSERVED=0; CONTAINER_ENTRY_RESOLVED=0;IMAGE_DECODED=0; ARK_TAIL=RAW_ONLY(218757 retraction stands)"
507299,PCG_9_3_5,SHAPE->NITEXTURINGPROPERTY->ARKTEXTURE_ENTRY (aggregated),BASE/DARK/etc,see private JSONL,"Textures.bnt (8,381 entries)","NAME_FOUND_EXACT=0; NAME_BASE_MATCH_EXTENSION_DIFF=0; NAME_NOT_FOUND=1; MATERIAL_REFERENCE_CONFIRMED=0; MATERIAL_APPLIED=0;BROWSER_OBSERVED=0; CONTAINER_ENTRY_RESOLVED=0;IMAGE_DECODED=0; ARK_TAIL=RAW_ONLY(218757 retraction stands)"
507310,PCG_9_3_5,SHAPE->NITEXTURINGPROPERTY->ARKTEXTURE_ENTRY (aggregated),BASE/DARK/etc,see private JSONL,"Textures.bnt (8,381 entries)","NAME_FOUND_EXACT=0; NAME_BASE_MATCH_EXTENSION_DIFF=0; NAME_NOT_FOUND=1; MATERIAL_REFERENCE_CONFIRMED=0; MATERIAL_APPLIED=0;BROWSER_OBSERVED=0; CONTAINER_ENTRY_RESOLVED=0;IMAGE_DECODED=0; ARK_TAIL=RAW_ONLY(218757 retraction stands)"
507313,PCG_9_3_5,SHAPE->NITEXTURINGPROPERTY->ARKTEXTURE_ENTRY (aggregated),BASE/DARK/etc,see private JSONL,"Textures.bnt (8,381 entries)","NAME_FOUND_EXACT=0; NAME_BASE_MATCH_EXTENSION_DIFF=0; NAME_NOT_FOUND=1; MATERIAL_REFERENCE_CONFIRMED=0; MATERIAL_APPLIED=0;BROWSER_OBSERVED=0; CONTAINER_ENTRY_RESOLVED=0;IMAGE_DECODED=0; ARK_TAIL=RAW_ONLY(218757 retraction stands)"
507319,PCG_9_3_5,SHAPE->NITEXTURINGPROPERTY->ARKTEXTURE_ENTRY (aggregated),BASE/DARK/etc,see private JSONL,"Textures.bnt (8,381 entries)","NAME_FOUND_EXACT=0; NAME_BASE_MATCH_EXTENSION_DIFF=0; NAME_NOT_FOUND=1; MATERIAL_REFERENCE_CONFIRMED=0; MATERIAL_APPLIED=0;BROWSER_OBSERVED=0; CONTAINER_ENTRY_RESOLVED=0;IMAGE_DECODED=0; ARK_TAIL=RAW_ONLY(218757 retraction stands)"
507323,PCG_9_3_5,SHAPE->NITEXTURINGPROPERTY->ARKTEXTURE_ENTRY (aggregated),BASE/DARK/etc,see private JSONL,"Textures.bnt (8,381 entries)","NAME_FOUND_EXACT=0; NAME_BASE_MATCH_EXTENSION_DIFF=0; NAME_NOT_FOUND=1; MATERIAL_REFERENCE_CONFIRMED=0; MATERIAL_APPLIED=0;BROWSER_OBSERVED=0; CONTAINER_ENTRY_RESOLVED=0;IMAGE_DECODED=0; ARK_TAIL=RAW_ONLY(218757 retraction stands)"
508623,PCG_9_3_5,SHAPE->NITEXTURINGPROPERTY->ARKTEXTURE_ENTRY (aggregated),BASE/DARK/etc,see private JSONL,"Textures.bnt (8,381 entries)","NAME_FOUND_EXACT=0; NAME_BASE_MATCH_EXTENSION_DIFF=0; NAME_NOT_FOUND=1; MATERIAL_REFERENCE_CONFIRMED=0; MATERIAL_APPLIED=0;BROWSER_OBSERVED=0; CONTAINER_ENTRY_RESOLVED=0;IMAGE_DECODED=0; ARK_TAIL=RAW_ONLY(218757 retraction stands)"
508626,PCG_9_3_5,SHAPE->NITEXTURINGPROPERTY->ARKTEXTURE_ENTRY (aggregated),BASE/DARK/etc,see private JSONL,"Textures.bnt (8,381 entries)","NAME_FOUND_EXACT=0; NAME_BASE_MATCH_EXTENSION_DIFF=0; NAME_NOT_FOUND=1; MATERIAL_REFERENCE_CONFIRMED=0; MATERIAL_APPLIED=0;BROWSER_OBSERVED=0; CONTAINER_ENTRY_RESOLVED=0;IMAGE_DECODED=0; ARK_TAIL=RAW_ONLY(218757 retraction stands)"
508629,PCG_9_3_5,SHAPE->NITEXTURINGPROPERTY->ARKTEXTURE_ENTRY (aggregated),BASE/DARK/etc,see private JSONL,"Textures.bnt (8,381 entries)","NAME_FOUND_EXACT=0; NAME_BASE_MATCH_EXTENSION_DIFF=0; NAME_NOT_FOUND=1; MATERIAL_REFERENCE_CONFIRMED=0; MATERIAL_APPLIED=0;BROWSER_OBSERVED=0; CONTAINER_ENTRY_RESOLVED=0;IMAGE_DECODED=0; ARK_TAIL=RAW_ONLY(218757 retraction stands)"
508632,PCG_9_3_5,SHAPE->NITEXTURINGPROPERTY->ARKTEXTURE_ENTRY (aggregated),BASE/DARK/etc,see private JSONL,"Textures.bnt (8,381 entries)","NAME_FOUND_EXACT=0; NAME_BASE_MATCH_EXTENSION_DIFF=0; NAME_NOT_FOUND=1; MATERIAL_REFERENCE_CONFIRMED=0; MATERIAL_APPLIED=0;BROWSER_OBSERVED=0; CONTAINER_ENTRY_RESOLVED=0;IMAGE_DECODED=0; ARK_TAIL=RAW_ONLY(218757 retraction stands)"
508635,PCG_9_3_5,SHAPE->NITEXTURINGPROPERTY->ARKTEXTURE_ENTRY (aggregated),BASE/DARK/etc,see private JSONL,"Textures.bnt (8,381 entries)","NAME_FOUND_EXACT=0; NAME_BASE_MATCH_EXTENSION_DIFF=0; NAME_NOT_FOUND=1; MATERIAL_REFERENCE_CONFIRMED=0; MATERIAL_APPLIED=0;BROWSER_OBSERVED=0; CONTAINER_ENTRY_RESOLVED=0;IMAGE_DECODED=0; ARK_TAIL=RAW_ONLY(218757 retraction stands)"
508684,PCG_9_3_5,SHAPE->NITEXTURINGPROPERTY->ARKTEXTURE_ENTRY (aggregated),BASE/DARK/etc,see private JSONL,"Textures.bnt (8,381 entries)","NAME_FOUND_EXACT=0; NAME_BASE_MATCH_EXTENSION_DIFF=0; NAME_NOT_FOUND=2; MATERIAL_REFERENCE_CONFIRMED=0; MATERIAL_APPLIED=0;BROWSER_OBSERVED=0; CONTAINER_ENTRY_RESOLVED=0;IMAGE_DECODED=0; ARK_TAIL=RAW_ONLY(218757 retraction stands)"
508854,PCG_9_3_5,SHAPE->NITEXTURINGPROPERTY->ARKTEXTURE_ENTRY (aggregated),BASE/DARK/etc,see private JSONL,"Textures.bnt (8,381 entries)","NAME_FOUND_EXACT=0; NAME_BASE_MATCH_EXTENSION_DIFF=0; NAME_NOT_FOUND=4; MATERIAL_REFERENCE_CONFIRMED=0; MATERIAL_APPLIED=0;BROWSER_OBSERVED=0; CONTAINER_ENTRY_RESOLVED=0;IMAGE_DECODED=0; ARK_TAIL=RAW_ONLY(218757 retraction stands)"
508963,PCG_9_3_5,SHAPE->NITEXTURINGPROPERTY->ARKTEXTURE_ENTRY (aggregated),BASE/DARK/etc,see private JSONL,"Textures.bnt (8,381 entries)","NAME_FOUND_EXACT=0; NAME_BASE_MATCH_EXTENSION_DIFF=0; NAME_NOT_FOUND=1; MATERIAL_REFERENCE_CONFIRMED=1; MATERIAL_APPLIED=0;BROWSER_OBSERVED=0; CONTAINER_ENTRY_RESOLVED=0;IMAGE_DECODED=0; ARK_TAIL=RAW_ONLY(218757 retraction stands)"
508968,PCG_9_3_5,SHAPE->NITEXTURINGPROPERTY->ARKTEXTURE_ENTRY (aggregated),BASE/DARK/etc,see private JSONL,"Textures.bnt (8,381 entries)","NAME_FOUND_EXACT=0; NAME_BASE_MATCH_EXTENSION_DIFF=0; NAME_NOT_FOUND=1; MATERIAL_REFERENCE_CONFIRMED=1; MATERIAL_APPLIED=0;BROWSER_OBSERVED=0; CONTAINER_ENTRY_RESOLVED=0;IMAGE_DECODED=0; ARK_TAIL=RAW_ONLY(218757 retraction stands)"
508973,PCG_9_3_5,SHAPE->NITEXTURINGPROPERTY->ARKTEXTURE_ENTRY (aggregated),BASE/DARK/etc,see private JSONL,"Textures.bnt (8,381 entries)","NAME_FOUND_EXACT=0; NAME_BASE_MATCH_EXTENSION_DIFF=0; NAME_NOT_FOUND=1; MATERIAL_REFERENCE_CONFIRMED=1; MATERIAL_APPLIED=0;BROWSER_OBSERVED=0; CONTAINER_ENTRY_RESOLVED=0;IMAGE_DECODED=0; ARK_TAIL=RAW_ONLY(218757 retraction stands)"
508978,PCG_9_3_5,SHAPE->NITEXTURINGPROPERTY->ARKTEXTURE_ENTRY (aggregated),BASE/DARK/etc,see private JSONL,"Textures.bnt (8,381 entries)","NAME_FOUND_EXACT=0; NAME_BASE_MATCH_EXTENSION_DIFF=0; NAME_NOT_FOUND=1; MATERIAL_REFERENCE_CONFIRMED=1; MATERIAL_APPLIED=0;BROWSER_OBSERVED=0; CONTAINER_ENTRY_RESOLVED=0;IMAGE_DECODED=0; ARK_TAIL=RAW_ONLY(218757 retraction stands)"
508984,PCG_9_3_5,SHAPE->NITEXTURINGPROPERTY->ARKTEXTURE_ENTRY (aggregated),BASE/DARK/etc,see private JSONL,"Textures.bnt (8,381 entries)","NAME_FOUND_EXACT=0; NAME_BASE_MATCH_EXTENSION_DIFF=0; NAME_NOT_FOUND=1; MATERIAL_REFERENCE_CONFIRMED=1; MATERIAL_APPLIED=0;BROWSER_OBSERVED=0; CONTAINER_ENTRY_RESOLVED=0;IMAGE_DECODED=0; ARK_TAIL=RAW_ONLY(218757 retraction stands)"
508999,PCG_9_3_5,SHAPE->NITEXTURINGPROPERTY->ARKTEXTURE_ENTRY (aggregated),BASE/DARK/etc,see private JSONL,"Textures.bnt (8,381 entries)","NAME_FOUND_EXACT=0; NAME_BASE_MATCH_EXTENSION_DIFF=0; NAME_NOT_FOUND=1; MATERIAL_REFERENCE_CONFIRMED=1; MATERIAL_APPLIED=0;BROWSER_OBSERVED=0; CONTAINER_ENTRY_RESOLVED=0;IMAGE_DECODED=0; ARK_TAIL=RAW_ONLY(218757 retraction stands)"
509003,PCG_9_3_5,SHAPE->NITEXTURINGPROPERTY->ARKTEXTURE_ENTRY (aggregated),BASE/DARK/etc,see private JSONL,"Textures.bnt (8,381 entries)","NAME_FOUND_EXACT=0; NAME_BASE_MATCH_EXTENSION_DIFF=0; NAME_NOT_FOUND=1; MATERIAL_REFERENCE_CONFIRMED=1; MATERIAL_APPLIED=0;BROWSER_OBSERVED=0; CONTAINER_ENTRY_RESOLVED=0;IMAGE_DECODED=0; ARK_TAIL=RAW_ONLY(218757 retraction stands)"
509007,PCG_9_3_5,SHAPE->NITEXTURINGPROPERTY->ARKTEXTURE_ENTRY (aggregated),BASE/DARK/etc,see private JSONL,"Textures.bnt (8,381 entries)","NAME_FOUND_EXACT=0; NAME_BASE_MATCH_EXTENSION_DIFF=0; NAME_NOT_FOUND=1; MATERIAL_REFERENCE_CONFIRMED=1; MATERIAL_APPLIED=0;BROWSER_OBSERVED=0; CONTAINER_ENTRY_RESOLVED=0;IMAGE_DECODED=0; ARK_TAIL=RAW_ONLY(218757 retraction stands)"
509012,PCG_9_3_5,SHAPE->NITEXTURINGPROPERTY->ARKTEXTURE_ENTRY (aggregated),BASE/DARK/etc,see private JSONL,"Textures.bnt (8,381 entries)","NAME_FOUND_EXACT=0; NAME_BASE_MATCH_EXTENSION_DIFF=0; NAME_NOT_FOUND=1; MATERIAL_REFERENCE_CONFIRMED=1; MATERIAL_APPLIED=0;BROWSER_OBSERVED=0; CONTAINER_ENTRY_RESOLVED=0;IMAGE_DECODED=0; ARK_TAIL=RAW_ONLY(218757 retraction stands)"
509017,PCG_9_3_5,SHAPE->NITEXTURINGPROPERTY->ARKTEXTURE_ENTRY (aggregated),BASE/DARK/etc,see private JSONL,"Textures.bnt (8,381 entries)","NAME_FOUND_EXACT=0; NAME_BASE_MATCH_EXTENSION_DIFF=0; NAME_NOT_FOUND=1; MATERIAL_REFERENCE_CONFIRMED=1; MATERIAL_APPLIED=0;BROWSER_OBSERVED=0; CONTAINER_ENTRY_RESOLVED=0;IMAGE_DECODED=0; ARK_TAIL=RAW_ONLY(218757 retraction stands)"
509042,PCG_9_3_5,SHAPE->NITEXTURINGPROPERTY->ARKTEXTURE_ENTRY (aggregated),BASE/DARK/etc,see private JSONL,"Textures.bnt (8,381 entries)","NAME_FOUND_EXACT=0; NAME_BASE_MATCH_EXTENSION_DIFF=0; NAME_NOT_FOUND=1; MATERIAL_REFERENCE_CONFIRMED=1; MATERIAL_APPLIED=0;BROWSER_OBSERVED=0; CONTAINER_ENTRY_RESOLVED=0;IMAGE_DECODED=0; ARK_TAIL=RAW_ONLY(218757 retraction stands)"
509047,PCG_9_3_5,SHAPE->NITEXTURINGPROPERTY->ARKTEXTURE_ENTRY (aggregated),BASE/DARK/etc,see private JSONL,"Textures.bnt (8,381 entries)","NAME_FOUND_EXACT=0; NAME_BASE_MATCH_EXTENSION_DIFF=0; NAME_NOT_FOUND=1; MATERIAL_REFERENCE_CONFIRMED=1; MATERIAL_APPLIED=0;BROWSER_OBSERVED=0; CONTAINER_ENTRY_RESOLVED=0;IMAGE_DECODED=0; ARK_TAIL=RAW_ONLY(218757 retraction stands)"
509052,PCG_9_3_5,SHAPE->NITEXTURINGPROPERTY->ARKTEXTURE_ENTRY (aggregated),BASE/DARK/etc,see private JSONL,"Textures.bnt (8,381 entries)","NAME_FOUND_EXACT=0; NAME_BASE_MATCH_EXTENSION_DIFF=0; NAME_NOT_FOUND=1; MATERIAL_REFERENCE_CONFIRMED=1; MATERIAL_APPLIED=0;BROWSER_OBSERVED=0; CONTAINER_ENTRY_RESOLVED=0;IMAGE_DECODED=0; ARK_TAIL=RAW_ONLY(218757 retraction stands)"
509057,PCG_9_3_5,SHAPE->NITEXTURINGPROPERTY->ARKTEXTURE_ENTRY (aggregated),BASE/DARK/etc,see private JSONL,"Textures.bnt (8,381 entries)","NAME_FOUND_EXACT=0; NAME_BASE_MATCH_EXTENSION_DIFF=0; NAME_NOT_FOUND=1; MATERIAL_REFERENCE_CONFIRMED=1; MATERIAL_APPLIED=0;BROWSER_OBSERVED=0; CONTAINER_ENTRY_RESOLVED=0;IMAGE_DECODED=0; ARK_TAIL=RAW_ONLY(218757 retraction stands)"
509062,PCG_9_3_5,SHAPE->NITEXTURINGPROPERTY->ARKTEXTURE_ENTRY (aggregated),BASE/DARK/etc,see private JSONL,"Textures.bnt (8,381 entries)","NAME_FOUND_EXACT=0; NAME_BASE_MATCH_EXTENSION_DIFF=0; NAME_NOT_FOUND=1; MATERIAL_REFERENCE_CONFIRMED=1; MATERIAL_APPLIED=0;BROWSER_OBSERVED=0; CONTAINER_ENTRY_RESOLVED=0;IMAGE_DECODED=0; ARK_TAIL=RAW_ONLY(218757 retraction stands)"
509067,PCG_9_3_5,SHAPE->NITEXTURINGPROPERTY->ARKTEXTURE_ENTRY (aggregated),BASE/DARK/etc,see private JSONL,"Textures.bnt (8,381 entries)","NAME_FOUND_EXACT=0; NAME_BASE_MATCH_EXTENSION_DIFF=0; NAME_NOT_FOUND=1; MATERIAL_REFERENCE_CONFIRMED=1; MATERIAL_APPLIED=0;BROWSER_OBSERVED=0; CONTAINER_ENTRY_RESOLVED=0;IMAGE_DECODED=0; ARK_TAIL=RAW_ONLY(218757 retraction stands)"
509072,PCG_9_3_5,SHAPE->NITEXTURINGPROPERTY->ARKTEXTURE_ENTRY (aggregated),BASE/DARK/etc,see private JSONL,"Textures.bnt (8,381 entries)","NAME_FOUND_EXACT=0; NAME_BASE_MATCH_EXTENSION_DIFF=0; NAME_NOT_FOUND=1; MATERIAL_REFERENCE_CONFIRMED=1; MATERIAL_APPLIED=0;BROWSER_OBSERVED=0; CONTAINER_ENTRY_RESOLVED=0;IMAGE_DECODED=0; ARK_TAIL=RAW_ONLY(218757 retraction stands)"
509077,PCG_9_3_5,SHAPE->NITEXTURINGPROPERTY->ARKTEXTURE_ENTRY (aggregated),BASE/DARK/etc,see private JSONL,"Textures.bnt (8,381 entries)","NAME_FOUND_EXACT=0; NAME_BASE_MATCH_EXTENSION_DIFF=0; NAME_NOT_FOUND=1; MATERIAL_REFERENCE_CONFIRMED=1; MATERIAL_APPLIED=0;BROWSER_OBSERVED=0; CONTAINER_ENTRY_RESOLVED=0;IMAGE_DECODED=0; ARK_TAIL=RAW_ONLY(218757 retraction stands)"
509082,PCG_9_3_5,SHAPE->NITEXTURINGPROPERTY->ARKTEXTURE_ENTRY (aggregated),BASE/DARK/etc,see private JSONL,"Textures.bnt (8,381 entries)","NAME_FOUND_EXACT=0; NAME_BASE_MATCH_EXTENSION_DIFF=0; NAME_NOT_FOUND=1; MATERIAL_REFERENCE_CONFIRMED=1; MATERIAL_APPLIED=0;BROWSER_OBSERVED=0; CONTAINER_ENTRY_RESOLVED=0;IMAGE_DECODED=0; ARK_TAIL=RAW_ONLY(218757 retraction stands)"
509087,PCG_9_3_5,SHAPE->NITEXTURINGPROPERTY->ARKTEXTURE_ENTRY (aggregated),BASE/DARK/etc,see private JSONL,"Textures.bnt (8,381 entries)","NAME_FOUND_EXACT=0; NAME_BASE_MATCH_EXTENSION_DIFF=0; NAME_NOT_FOUND=1; MATERIAL_REFERENCE_CONFIRMED=1; MATERIAL_APPLIED=0;BROWSER_OBSERVED=0; CONTAINER_ENTRY_RESOLVED=0;IMAGE_DECODED=0; ARK_TAIL=RAW_ONLY(218757 retraction stands)"
509096,PCG_9_3_5,SHAPE->NITEXTURINGPROPERTY->ARKTEXTURE_ENTRY (aggregated),BASE/DARK/etc,see private JSONL,"Textures.bnt (8,381 entries)","NAME_FOUND_EXACT=0; NAME_BASE_MATCH_EXTENSION_DIFF=0; NAME_NOT_FOUND=2; MATERIAL_REFERENCE_CONFIRMED=1; MATERIAL_APPLIED=0;BROWSER_OBSERVED=0; CONTAINER_ENTRY_RESOLVED=0;IMAGE_DECODED=0; ARK_TAIL=RAW_ONLY(218757 retraction stands)"
509100,PCG_9_3_5,SHAPE->NITEXTURINGPROPERTY->ARKTEXTURE_ENTRY (aggregated),BASE/DARK/etc,see private JSONL,"Textures.bnt (8,381 entries)","NAME_FOUND_EXACT=0; NAME_BASE_MATCH_EXTENSION_DIFF=0; NAME_NOT_FOUND=2; MATERIAL_REFERENCE_CONFIRMED=1; MATERIAL_APPLIED=0;BROWSER_OBSERVED=0; CONTAINER_ENTRY_RESOLVED=0;IMAGE_DECODED=0; ARK_TAIL=RAW_ONLY(218757 retraction stands)"
509103,PCG_9_3_5,SHAPE->NITEXTURINGPROPERTY->ARKTEXTURE_ENTRY (aggregated),BASE/DARK/etc,see private JSONL,"Textures.bnt (8,381 entries)","NAME_FOUND_EXACT=0; NAME_BASE_MATCH_EXTENSION_DIFF=0; NAME_NOT_FOUND=2; MATERIAL_REFERENCE_CONFIRMED=1; MATERIAL_APPLIED=0;BROWSER_OBSERVED=0; CONTAINER_ENTRY_RESOLVED=0;IMAGE_DECODED=0; ARK_TAIL=RAW_ONLY(218757 retraction stands)"
509106,PCG_9_3_5,SHAPE->NITEXTURINGPROPERTY->ARKTEXTURE_ENTRY (aggregated),BASE/DARK/etc,see private JSONL,"Textures.bnt (8,381 entries)","NAME_FOUND_EXACT=0; NAME_BASE_MATCH_EXTENSION_DIFF=0; NAME_NOT_FOUND=2; MATERIAL_REFERENCE_CONFIRMED=1; MATERIAL_APPLIED=0;BROWSER_OBSERVED=0; CONTAINER_ENTRY_RESOLVED=0;IMAGE_DECODED=0; ARK_TAIL=RAW_ONLY(218757 retraction stands)"
509109,PCG_9_3_5,SHAPE->NITEXTURINGPROPERTY->ARKTEXTURE_ENTRY (aggregated),BASE/DARK/etc,see private JSONL,"Textures.bnt (8,381 entries)","NAME_FOUND_EXACT=0; NAME_BASE_MATCH_EXTENSION_DIFF=0; NAME_NOT_FOUND=2; MATERIAL_REFERENCE_CONFIRMED=1; MATERIAL_APPLIED=0;BROWSER_OBSERVED=0; CONTAINER_ENTRY_RESOLVED=0;IMAGE_DECODED=0; ARK_TAIL=RAW_ONLY(218757 retraction stands)"
509112,PCG_9_3_5,SHAPE->NITEXTURINGPROPERTY->ARKTEXTURE_ENTRY (aggregated),BASE/DARK/etc,see private JSONL,"Textures.bnt (8,381 entries)","NAME_FOUND_EXACT=0; NAME_BASE_MATCH_EXTENSION_DIFF=0; NAME_NOT_FOUND=2; MATERIAL_REFERENCE_CONFIRMED=1; MATERIAL_APPLIED=0;BROWSER_OBSERVED=0; CONTAINER_ENTRY_RESOLVED=0;IMAGE_DECODED=0; ARK_TAIL=RAW_ONLY(218757 retraction stands)"
509115,PCG_9_3_5,SHAPE->NITEXTURINGPROPERTY->ARKTEXTURE_ENTRY (aggregated),BASE/DARK/etc,see private JSONL,"Textures.bnt (8,381 entries)","NAME_FOUND_EXACT=0; NAME_BASE_MATCH_EXTENSION_DIFF=0; NAME_NOT_FOUND=2; MATERIAL_REFERENCE_CONFIRMED=1; MATERIAL_APPLIED=0;BROWSER_OBSERVED=0; CONTAINER_ENTRY_RESOLVED=0;IMAGE_DECODED=0; ARK_TAIL=RAW_ONLY(218757 retraction stands)"
509128,PCG_9_3_5,SHAPE->NITEXTURINGPROPERTY->ARKTEXTURE_ENTRY (aggregated),BASE/DARK/etc,see private JSONL,"Textures.bnt (8,381 entries)","NAME_FOUND_EXACT=0; NAME_BASE_MATCH_EXTENSION_DIFF=0; NAME_NOT_FOUND=2; MATERIAL_REFERENCE_CONFIRMED=1; MATERIAL_APPLIED=0;BROWSER_OBSERVED=0; CONTAINER_ENTRY_RESOLVED=0;IMAGE_DECODED=0; ARK_TAIL=RAW_ONLY(218757 retraction stands)"
509252,PCG_9_3_5,SHAPE->NITEXTURINGPROPERTY->ARKTEXTURE_ENTRY (aggregated),BASE/DARK/etc,see private JSONL,"Textures.bnt (8,381 entries)","NAME_FOUND_EXACT=0; NAME_BASE_MATCH_EXTENSION_DIFF=0; NAME_NOT_FOUND=1; MATERIAL_REFERENCE_CONFIRMED=0; MATERIAL_APPLIED=0;BROWSER_OBSERVED=0; CONTAINER_ENTRY_RESOLVED=0;IMAGE_DECODED=0; ARK_TAIL=RAW_ONLY(218757 retraction stands)"
509299,PCG_9_3_5,SHAPE->NITEXTURINGPROPERTY->ARKTEXTURE_ENTRY (aggregated),BASE/DARK/etc,see private JSONL,"Textures.bnt (8,381 entries)","NAME_FOUND_EXACT=0; NAME_BASE_MATCH_EXTENSION_DIFF=0; NAME_NOT_FOUND=2; MATERIAL_REFERENCE_CONFIRMED=0; MATERIAL_APPLIED=0;BROWSER_OBSERVED=0; CONTAINER_ENTRY_RESOLVED=0;IMAGE_DECODED=0; ARK_TAIL=RAW_ONLY(218757 retraction stands)"
509346,PCG_9_3_5,SHAPE->NITEXTURINGPROPERTY->ARKTEXTURE_ENTRY (aggregated),BASE/DARK/etc,see private JSONL,"Textures.bnt (8,381 entries)","NAME_FOUND_EXACT=0; NAME_BASE_MATCH_EXTENSION_DIFF=0; NAME_NOT_FOUND=1; MATERIAL_REFERENCE_CONFIRMED=0; MATERIAL_APPLIED=0;BROWSER_OBSERVED=0; CONTAINER_ENTRY_RESOLVED=0;IMAGE_DECODED=0; ARK_TAIL=RAW_ONLY(218757 retraction stands)"
509994,PCG_9_3_5,SHAPE->NITEXTURINGPROPERTY->ARKTEXTURE_ENTRY (aggregated),BASE/DARK/etc,see private JSONL,"Textures.bnt (8,381 entries)","NAME_FOUND_EXACT=0; NAME_BASE_MATCH_EXTENSION_DIFF=0; NAME_NOT_FOUND=1; MATERIAL_REFERENCE_CONFIRMED=0; MATERIAL_APPLIED=0;BROWSER_OBSERVED=0; CONTAINER_ENTRY_RESOLVED=0;IMAGE_DECODED=0; ARK_TAIL=RAW_ONLY(218757 retraction stands)"
510337,PCG_9_3_5,SHAPE->NITEXTURINGPROPERTY->ARKTEXTURE_ENTRY (aggregated),BASE/DARK/etc,see private JSONL,"Textures.bnt (8,381 entries)","NAME_FOUND_EXACT=0; NAME_BASE_MATCH_EXTENSION_DIFF=0; NAME_NOT_FOUND=2; MATERIAL_REFERENCE_CONFIRMED=5; MATERIAL_APPLIED=0;BROWSER_OBSERVED=0; CONTAINER_ENTRY_RESOLVED=0;IMAGE_DECODED=0; ARK_TAIL=RAW_ONLY(218757 retraction stands)"
510346,PCG_9_3_5,SHAPE->NITEXTURINGPROPERTY->ARKTEXTURE_ENTRY (aggregated),BASE/DARK/etc,see private JSONL,"Textures.bnt (8,381 entries)","NAME_FOUND_EXACT=0; NAME_BASE_MATCH_EXTENSION_DIFF=0; NAME_NOT_FOUND=5; MATERIAL_REFERENCE_CONFIRMED=6; MATERIAL_APPLIED=0;BROWSER_OBSERVED=0; CONTAINER_ENTRY_RESOLVED=0;IMAGE_DECODED=0; ARK_TAIL=RAW_ONLY(218757 retraction stands)"
510356,PCG_9_3_5,SHAPE->NITEXTURINGPROPERTY->ARKTEXTURE_ENTRY (aggregated),BASE/DARK/etc,see private JSONL,"Textures.bnt (8,381 entries)","NAME_FOUND_EXACT=0; NAME_BASE_MATCH_EXTENSION_DIFF=0; NAME_NOT_FOUND=3; MATERIAL_REFERENCE_CONFIRMED=1; MATERIAL_APPLIED=0;BROWSER_OBSERVED=0; CONTAINER_ENTRY_RESOLVED=0;IMAGE_DECODED=0; ARK_TAIL=RAW_ONLY(218757 retraction stands)"
510365,PCG_9_3_5,SHAPE->NITEXTURINGPROPERTY->ARKTEXTURE_ENTRY (aggregated),BASE/DARK/etc,see private JSONL,"Textures.bnt (8,381 entries)","NAME_FOUND_EXACT=0; NAME_BASE_MATCH_EXTENSION_DIFF=0; NAME_NOT_FOUND=5; MATERIAL_REFERENCE_CONFIRMED=2; MATERIAL_APPLIED=0;BROWSER_OBSERVED=0; CONTAINER_ENTRY_RESOLVED=0;IMAGE_DECODED=0; ARK_TAIL=RAW_ONLY(218757 retraction stands)"
510375,PCG_9_3_5,SHAPE->NITEXTURINGPROPERTY->ARKTEXTURE_ENTRY (aggregated),BASE/DARK/etc,see private JSONL,"Textures.bnt (8,381 entries)","NAME_FOUND_EXACT=0; NAME_BASE_MATCH_EXTENSION_DIFF=0; NAME_NOT_FOUND=2; MATERIAL_REFERENCE_CONFIRMED=2; MATERIAL_APPLIED=0;BROWSER_OBSERVED=0; CONTAINER_ENTRY_RESOLVED=0;IMAGE_DECODED=0; ARK_TAIL=RAW_ONLY(218757 retraction stands)"
510426,PCG_9_3_5,SHAPE->NITEXTURINGPROPERTY->ARKTEXTURE_ENTRY (aggregated),BASE/DARK/etc,see private JSONL,"Textures.bnt (8,381 entries)","NAME_FOUND_EXACT=0; NAME_BASE_MATCH_EXTENSION_DIFF=0; NAME_NOT_FOUND=2; MATERIAL_REFERENCE_CONFIRMED=2; MATERIAL_APPLIED=0;BROWSER_OBSERVED=0; CONTAINER_ENTRY_RESOLVED=0;IMAGE_DECODED=0; ARK_TAIL=RAW_ONLY(218757 retraction stands)"
510491,PCG_9_3_5,SHAPE->NITEXTURINGPROPERTY->ARKTEXTURE_ENTRY (aggregated),BASE/DARK/etc,see private JSONL,"Textures.bnt (8,381 entries)","NAME_FOUND_EXACT=0; NAME_BASE_MATCH_EXTENSION_DIFF=0; NAME_NOT_FOUND=2; MATERIAL_REFERENCE_CONFIRMED=1; MATERIAL_APPLIED=0;BROWSER_OBSERVED=0; CONTAINER_ENTRY_RESOLVED=0;IMAGE_DECODED=0; ARK_TAIL=RAW_ONLY(218757 retraction stands)"
510497,PCG_9_3_5,SHAPE->NITEXTURINGPROPERTY->ARKTEXTURE_ENTRY (aggregated),BASE/DARK/etc,see private JSONL,"Textures.bnt (8,381 entries)","NAME_FOUND_EXACT=0; NAME_BASE_MATCH_EXTENSION_DIFF=0; NAME_NOT_FOUND=1; MATERIAL_REFERENCE_CONFIRMED=0; MATERIAL_APPLIED=0;BROWSER_OBSERVED=0; CONTAINER_ENTRY_RESOLVED=0;IMAGE_DECODED=0; ARK_TAIL=RAW_ONLY(218757 retraction stands)"
510503,PCG_9_3_5,SHAPE->NITEXTURINGPROPERTY->ARKTEXTURE_ENTRY (aggregated),BASE/DARK/etc,see private JSONL,"Textures.bnt (8,381 entries)","NAME_FOUND_EXACT=0; NAME_BASE_MATCH_EXTENSION_DIFF=0; NAME_NOT_FOUND=2; MATERIAL_REFERENCE_CONFIRMED=1; MATERIAL_APPLIED=0;BROWSER_OBSERVED=0; CONTAINER_ENTRY_RESOLVED=0;IMAGE_DECODED=0; ARK_TAIL=RAW_ONLY(218757 retraction stands)"
510631,PCG_9_3_5,SHAPE->NITEXTURINGPROPERTY->ARKTEXTURE_ENTRY (aggregated),BASE/DARK/etc,see private JSONL,"Textures.bnt (8,381 entries)","NAME_FOUND_EXACT=0; NAME_BASE_MATCH_EXTENSION_DIFF=0; NAME_NOT_FOUND=1; MATERIAL_REFERENCE_CONFIRMED=1; MATERIAL_APPLIED=0;BROWSER_OBSERVED=0; CONTAINER_ENTRY_RESOLVED=0;IMAGE_DECODED=0; ARK_TAIL=RAW_ONLY(218757 retraction stands)"
510644,PCG_9_3_5,SHAPE->NITEXTURINGPROPERTY->ARKTEXTURE_ENTRY (aggregated),BASE/DARK/etc,see private JSONL,"Textures.bnt (8,381 entries)","NAME_FOUND_EXACT=0; NAME_BASE_MATCH_EXTENSION_DIFF=0; NAME_NOT_FOUND=1; MATERIAL_REFERENCE_CONFIRMED=1; MATERIAL_APPLIED=0;BROWSER_OBSERVED=0; CONTAINER_ENTRY_RESOLVED=0;IMAGE_DECODED=0; ARK_TAIL=RAW_ONLY(218757 retraction stands)"
510653,PCG_9_3_5,SHAPE->NITEXTURINGPROPERTY->ARKTEXTURE_ENTRY (aggregated),BASE/DARK/etc,see private JSONL,"Textures.bnt (8,381 entries)","NAME_FOUND_EXACT=0; NAME_BASE_MATCH_EXTENSION_DIFF=0; NAME_NOT_FOUND=1; MATERIAL_REFERENCE_CONFIRMED=1; MATERIAL_APPLIED=0;BROWSER_OBSERVED=0; CONTAINER_ENTRY_RESOLVED=0;IMAGE_DECODED=0; ARK_TAIL=RAW_ONLY(218757 retraction stands)"
511357,PCG_9_3_5,SHAPE->NITEXTURINGPROPERTY->ARKTEXTURE_ENTRY (aggregated),BASE/DARK/etc,see private JSONL,"Textures.bnt (8,381 entries)","NAME_FOUND_EXACT=0; NAME_BASE_MATCH_EXTENSION_DIFF=0; NAME_NOT_FOUND=4; MATERIAL_REFERENCE_CONFIRMED=1; MATERIAL_APPLIED=0;BROWSER_OBSERVED=0; CONTAINER_ENTRY_RESOLVED=0;IMAGE_DECODED=0; ARK_TAIL=RAW_ONLY(218757 retraction stands)"
511364,PCG_9_3_5,SHAPE->NITEXTURINGPROPERTY->ARKTEXTURE_ENTRY (aggregated),BASE/DARK/etc,see private JSONL,"Textures.bnt (8,381 entries)","NAME_FOUND_EXACT=0; NAME_BASE_MATCH_EXTENSION_DIFF=0; NAME_NOT_FOUND=1; MATERIAL_REFERENCE_CONFIRMED=0; MATERIAL_APPLIED=0;BROWSER_OBSERVED=0; CONTAINER_ENTRY_RESOLVED=0;IMAGE_DECODED=0; ARK_TAIL=RAW_ONLY(218757 retraction stands)"
511527,PCG_9_3_5,SHAPE->NITEXTURINGPROPERTY->ARKTEXTURE_ENTRY (aggregated),BASE/DARK/etc,see private JSONL,"Textures.bnt (8,381 entries)","NAME_FOUND_EXACT=0; NAME_BASE_MATCH_EXTENSION_DIFF=0; NAME_NOT_FOUND=1; MATERIAL_REFERENCE_CONFIRMED=1; MATERIAL_APPLIED=0;BROWSER_OBSERVED=0; CONTAINER_ENTRY_RESOLVED=0;IMAGE_DECODED=0; ARK_TAIL=RAW_ONLY(218757 retraction stands)"
512833,PCG_9_3_5,SHAPE->NITEXTURINGPROPERTY->ARKTEXTURE_ENTRY (aggregated),BASE/DARK/etc,see private JSONL,"Textures.bnt (8,381 entries)","NAME_FOUND_EXACT=0; NAME_BASE_MATCH_EXTENSION_DIFF=0; NAME_NOT_FOUND=3; MATERIAL_REFERENCE_CONFIRMED=4; MATERIAL_APPLIED=0;BROWSER_OBSERVED=0; CONTAINER_ENTRY_RESOLVED=0;IMAGE_DECODED=0; ARK_TAIL=RAW_ONLY(218757 retraction stands)"
514454,PCG_9_3_5,SHAPE->NITEXTURINGPROPERTY->ARKTEXTURE_ENTRY (aggregated),BASE/DARK/etc,see private JSONL,"Textures.bnt (8,381 entries)","NAME_FOUND_EXACT=0; NAME_BASE_MATCH_EXTENSION_DIFF=0; NAME_NOT_FOUND=1; MATERIAL_REFERENCE_CONFIRMED=0; MATERIAL_APPLIED=0;BROWSER_OBSERVED=0; CONTAINER_ENTRY_RESOLVED=0;IMAGE_DECODED=0; ARK_TAIL=RAW_ONLY(218757 retraction stands)"
514460,PCG_9_3_5,SHAPE->NITEXTURINGPROPERTY->ARKTEXTURE_ENTRY (aggregated),BASE/DARK/etc,see private JSONL,"Textures.bnt (8,381 entries)","NAME_FOUND_EXACT=0; NAME_BASE_MATCH_EXTENSION_DIFF=0; NAME_NOT_FOUND=1; MATERIAL_REFERENCE_CONFIRMED=0; MATERIAL_APPLIED=0;BROWSER_OBSERVED=0; CONTAINER_ENTRY_RESOLVED=0;IMAGE_DECODED=0; ARK_TAIL=RAW_ONLY(218757 retraction stands)"
514464,PCG_9_3_5,SHAPE->NITEXTURINGPROPERTY->ARKTEXTURE_ENTRY (aggregated),BASE/DARK/etc,see private JSONL,"Textures.bnt (8,381 entries)","NAME_FOUND_EXACT=0; NAME_BASE_MATCH_EXTENSION_DIFF=0; NAME_NOT_FOUND=1; MATERIAL_REFERENCE_CONFIRMED=0; MATERIAL_APPLIED=0;BROWSER_OBSERVED=0; CONTAINER_ENTRY_RESOLVED=0;IMAGE_DECODED=0; ARK_TAIL=RAW_ONLY(218757 retraction stands)"
514468,PCG_9_3_5,SHAPE->NITEXTURINGPROPERTY->ARKTEXTURE_ENTRY (aggregated),BASE/DARK/etc,see private JSONL,"Textures.bnt (8,381 entries)","NAME_FOUND_EXACT=0; NAME_BASE_MATCH_EXTENSION_DIFF=0; NAME_NOT_FOUND=1; MATERIAL_REFERENCE_CONFIRMED=0; MATERIAL_APPLIED=0;BROWSER_OBSERVED=0; CONTAINER_ENTRY_RESOLVED=0;IMAGE_DECODED=0; ARK_TAIL=RAW_ONLY(218757 retraction stands)"
514678,PCG_9_3_5,SHAPE->NITEXTURINGPROPERTY->ARKTEXTURE_ENTRY (aggregated),BASE/DARK/etc,see private JSONL,"Textures.bnt (8,381 entries)","NAME_FOUND_EXACT=0; NAME_BASE_MATCH_EXTENSION_DIFF=0; NAME_NOT_FOUND=1; MATERIAL_REFERENCE_CONFIRMED=0; MATERIAL_APPLIED=0;BROWSER_OBSERVED=0; CONTAINER_ENTRY_RESOLVED=0;IMAGE_DECODED=0; ARK_TAIL=RAW_ONLY(218757 retraction stands)"
514705,PCG_9_3_5,SHAPE->NITEXTURINGPROPERTY->ARKTEXTURE_ENTRY (aggregated),BASE/DARK/etc,see private JSONL,"Textures.bnt (8,381 entries)","NAME_FOUND_EXACT=0; NAME_BASE_MATCH_EXTENSION_DIFF=0; NAME_NOT_FOUND=1; MATERIAL_REFERENCE_CONFIRMED=0; MATERIAL_APPLIED=0;BROWSER_OBSERVED=0; CONTAINER_ENTRY_RESOLVED=0;IMAGE_DECODED=0; ARK_TAIL=RAW_ONLY(218757 retraction stands)"
514804,PCG_9_3_5,SHAPE->NITEXTURINGPROPERTY->ARKTEXTURE_ENTRY (aggregated),BASE/DARK/etc,see private JSONL,"Textures.bnt (8,381 entries)","NAME_FOUND_EXACT=0; NAME_BASE_MATCH_EXTENSION_DIFF=0; NAME_NOT_FOUND=1; MATERIAL_REFERENCE_CONFIRMED=0; MATERIAL_APPLIED=0;BROWSER_OBSERVED=0; CONTAINER_ENTRY_RESOLVED=0;IMAGE_DECODED=0; ARK_TAIL=RAW_ONLY(218757 retraction stands)"
515234,PCG_9_3_5,SHAPE->NITEXTURINGPROPERTY->ARKTEXTURE_ENTRY (aggregated),BASE/DARK/etc,see private JSONL,"Textures.bnt (8,381 entries)","NAME_FOUND_EXACT=0; NAME_BASE_MATCH_EXTENSION_DIFF=0; NAME_NOT_FOUND=6; MATERIAL_REFERENCE_CONFIRMED=1; MATERIAL_APPLIED=0;BROWSER_OBSERVED=0; CONTAINER_ENTRY_RESOLVED=0;IMAGE_DECODED=0; ARK_TAIL=RAW_ONLY(218757 retraction stands)"
515301,PCG_9_3_5,SHAPE->NITEXTURINGPROPERTY->ARKTEXTURE_ENTRY (aggregated),BASE/DARK/etc,see private JSONL,"Textures.bnt (8,381 entries)","NAME_FOUND_EXACT=0; NAME_BASE_MATCH_EXTENSION_DIFF=0; NAME_NOT_FOUND=1; MATERIAL_REFERENCE_CONFIRMED=0; MATERIAL_APPLIED=0;BROWSER_OBSERVED=0; CONTAINER_ENTRY_RESOLVED=0;IMAGE_DECODED=0; ARK_TAIL=RAW_ONLY(218757 retraction stands)"
516104,PCG_9_3_5,SHAPE->NITEXTURINGPROPERTY->ARKTEXTURE_ENTRY (aggregated),BASE/DARK/etc,see private JSONL,"Textures.bnt (8,381 entries)","NAME_FOUND_EXACT=0; NAME_BASE_MATCH_EXTENSION_DIFF=0; NAME_NOT_FOUND=1; MATERIAL_REFERENCE_CONFIRMED=1; MATERIAL_APPLIED=0;BROWSER_OBSERVED=0; CONTAINER_ENTRY_RESOLVED=0;IMAGE_DECODED=0; ARK_TAIL=RAW_ONLY(218757 retraction stands)"
516108,PCG_9_3_5,SHAPE->NITEXTURINGPROPERTY->ARKTEXTURE_ENTRY (aggregated),BASE/DARK/etc,see private JSONL,"Textures.bnt (8,381 entries)","NAME_FOUND_EXACT=0; NAME_BASE_MATCH_EXTENSION_DIFF=0; NAME_NOT_FOUND=1; MATERIAL_REFERENCE_CONFIRMED=1; MATERIAL_APPLIED=0;BROWSER_OBSERVED=0; CONTAINER_ENTRY_RESOLVED=0;IMAGE_DECODED=0; ARK_TAIL=RAW_ONLY(218757 retraction stands)"
516112,PCG_9_3_5,SHAPE->NITEXTURINGPROPERTY->ARKTEXTURE_ENTRY (aggregated),BASE/DARK/etc,see private JSONL,"Textures.bnt (8,381 entries)","NAME_FOUND_EXACT=0; NAME_BASE_MATCH_EXTENSION_DIFF=0; NAME_NOT_FOUND=1; MATERIAL_REFERENCE_CONFIRMED=1; MATERIAL_APPLIED=0;BROWSER_OBSERVED=0; CONTAINER_ENTRY_RESOLVED=0;IMAGE_DECODED=0; ARK_TAIL=RAW_ONLY(218757 retraction stands)"
516113,PCG_9_3_5,SHAPE->NITEXTURINGPROPERTY->ARKTEXTURE_ENTRY (aggregated),BASE/DARK/etc,see private JSONL,"Textures.bnt (8,381 entries)","NAME_FOUND_EXACT=0; NAME_BASE_MATCH_EXTENSION_DIFF=0; NAME_NOT_FOUND=1; MATERIAL_REFERENCE_CONFIRMED=1; MATERIAL_APPLIED=0;BROWSER_OBSERVED=0; CONTAINER_ENTRY_RESOLVED=0;IMAGE_DECODED=0; ARK_TAIL=RAW_ONLY(218757 retraction stands)"
516114,PCG_9_3_5,SHAPE->NITEXTURINGPROPERTY->ARKTEXTURE_ENTRY (aggregated),BASE/DARK/etc,see private JSONL,"Textures.bnt (8,381 entries)","NAME_FOUND_EXACT=0; NAME_BASE_MATCH_EXTENSION_DIFF=0; NAME_NOT_FOUND=1; MATERIAL_REFERENCE_CONFIRMED=1; MATERIAL_APPLIED=0;BROWSER_OBSERVED=0; CONTAINER_ENTRY_RESOLVED=0;IMAGE_DECODED=0; ARK_TAIL=RAW_ONLY(218757 retraction stands)"
516154,PCG_9_3_5,SHAPE->NITEXTURINGPROPERTY->ARKTEXTURE_ENTRY (aggregated),BASE/DARK/etc,see private JSONL,"Textures.bnt (8,381 entries)","NAME_FOUND_EXACT=0; NAME_BASE_MATCH_EXTENSION_DIFF=0; NAME_NOT_FOUND=1; MATERIAL_REFERENCE_CONFIRMED=1; MATERIAL_APPLIED=0;BROWSER_OBSERVED=0; CONTAINER_ENTRY_RESOLVED=0;IMAGE_DECODED=0; ARK_TAIL=RAW_ONLY(218757 retraction stands)"
516162,PCG_9_3_5,SHAPE->NITEXTURINGPROPERTY->ARKTEXTURE_ENTRY (aggregated),BASE/DARK/etc,see private JSONL,"Textures.bnt (8,381 entries)","NAME_FOUND_EXACT=0; NAME_BASE_MATCH_EXTENSION_DIFF=0; NAME_NOT_FOUND=1; MATERIAL_REFERENCE_CONFIRMED=1; MATERIAL_APPLIED=0;BROWSER_OBSERVED=0; CONTAINER_ENTRY_RESOLVED=0;IMAGE_DECODED=0; ARK_TAIL=RAW_ONLY(218757 retraction stands)"
516169,PCG_9_3_5,SHAPE->NITEXTURINGPROPERTY->ARKTEXTURE_ENTRY (aggregated),BASE/DARK/etc,see private JSONL,"Textures.bnt (8,381 entries)","NAME_FOUND_EXACT=0; NAME_BASE_MATCH_EXTENSION_DIFF=0; NAME_NOT_FOUND=1; MATERIAL_REFERENCE_CONFIRMED=1; MATERIAL_APPLIED=0;BROWSER_OBSERVED=0; CONTAINER_ENTRY_RESOLVED=0;IMAGE_DECODED=0; ARK_TAIL=RAW_ONLY(218757 retraction stands)"
516175,PCG_9_3_5,SHAPE->NITEXTURINGPROPERTY->ARKTEXTURE_ENTRY (aggregated),BASE/DARK/etc,see private JSONL,"Textures.bnt (8,381 entries)","NAME_FOUND_EXACT=0; NAME_BASE_MATCH_EXTENSION_DIFF=0; NAME_NOT_FOUND=1; MATERIAL_REFERENCE_CONFIRMED=1; MATERIAL_APPLIED=0;BROWSER_OBSERVED=0; CONTAINER_ENTRY_RESOLVED=0;IMAGE_DECODED=0; ARK_TAIL=RAW_ONLY(218757 retraction stands)"
516183,PCG_9_3_5,SHAPE->NITEXTURINGPROPERTY->ARKTEXTURE_ENTRY (aggregated),BASE/DARK/etc,see private JSONL,"Textures.bnt (8,381 entries)","NAME_FOUND_EXACT=0; NAME_BASE_MATCH_EXTENSION_DIFF=0; NAME_NOT_FOUND=1; MATERIAL_REFERENCE_CONFIRMED=1; MATERIAL_APPLIED=0;BROWSER_OBSERVED=0; CONTAINER_ENTRY_RESOLVED=0;IMAGE_DECODED=0; ARK_TAIL=RAW_ONLY(218757 retraction stands)"
516188,PCG_9_3_5,SHAPE->NITEXTURINGPROPERTY->ARKTEXTURE_ENTRY (aggregated),BASE/DARK/etc,see private JSONL,"Textures.bnt (8,381 entries)","NAME_FOUND_EXACT=0; NAME_BASE_MATCH_EXTENSION_DIFF=0; NAME_NOT_FOUND=1; MATERIAL_REFERENCE_CONFIRMED=1; MATERIAL_APPLIED=0;BROWSER_OBSERVED=0; CONTAINER_ENTRY_RESOLVED=0;IMAGE_DECODED=0; ARK_TAIL=RAW_ONLY(218757 retraction stands)"
5164,PCG_9_3_5,SHAPE->NITEXTURINGPROPERTY->ARKTEXTURE_ENTRY (aggregated),BASE/DARK/etc,see private JSONL,"Textures.bnt (8,381 entries)","NAME_FOUND_EXACT=0; NAME_BASE_MATCH_EXTENSION_DIFF=0; NAME_NOT_FOUND=1; MATERIAL_REFERENCE_CONFIRMED=0; MATERIAL_APPLIED=0;BROWSER_OBSERVED=0; CONTAINER_ENTRY_RESOLVED=0;IMAGE_DECODED=0; ARK_TAIL=RAW_ONLY(218757 retraction stands)"
516525,PCG_9_3_5,SHAPE->NITEXTURINGPROPERTY->ARKTEXTURE_ENTRY (aggregated),BASE/DARK/etc,see private JSONL,"Textures.bnt (8,381 entries)","NAME_FOUND_EXACT=0; NAME_BASE_MATCH_EXTENSION_DIFF=0; NAME_NOT_FOUND=1; MATERIAL_REFERENCE_CONFIRMED=1; MATERIAL_APPLIED=0;BROWSER_OBSERVED=0; CONTAINER_ENTRY_RESOLVED=0;IMAGE_DECODED=0; ARK_TAIL=RAW_ONLY(218757 retraction stands)"
516528,PCG_9_3_5,SHAPE->NITEXTURINGPROPERTY->ARKTEXTURE_ENTRY (aggregated),BASE/DARK/etc,see private JSONL,"Textures.bnt (8,381 entries)","NAME_FOUND_EXACT=0; NAME_BASE_MATCH_EXTENSION_DIFF=0; NAME_NOT_FOUND=1; MATERIAL_REFERENCE_CONFIRMED=1; MATERIAL_APPLIED=0;BROWSER_OBSERVED=0; CONTAINER_ENTRY_RESOLVED=0;IMAGE_DECODED=0; ARK_TAIL=RAW_ONLY(218757 retraction stands)"
516529,PCG_9_3_5,SHAPE->NITEXTURINGPROPERTY->ARKTEXTURE_ENTRY (aggregated),BASE/DARK/etc,see private JSONL,"Textures.bnt (8,381 entries)","NAME_FOUND_EXACT=0; NAME_BASE_MATCH_EXTENSION_DIFF=0; NAME_NOT_FOUND=1; MATERIAL_REFERENCE_CONFIRMED=1; MATERIAL_APPLIED=0;BROWSER_OBSERVED=0; CONTAINER_ENTRY_RESOLVED=0;IMAGE_DECODED=0; ARK_TAIL=RAW_ONLY(218757 retraction stands)"
516530,PCG_9_3_5,SHAPE->NITEXTURINGPROPERTY->ARKTEXTURE_ENTRY (aggregated),BASE/DARK/etc,see private JSONL,"Textures.bnt (8,381 entries)","NAME_FOUND_EXACT=0; NAME_BASE_MATCH_EXTENSION_DIFF=0; NAME_NOT_FOUND=1; MATERIAL_REFERENCE_CONFIRMED=1; MATERIAL_APPLIED=0;BROWSER_OBSERVED=0; CONTAINER_ENTRY_RESOLVED=0;IMAGE_DECODED=0; ARK_TAIL=RAW_ONLY(218757 retraction stands)"
516537,PCG_9_3_5,SHAPE->NITEXTURINGPROPERTY->ARKTEXTURE_ENTRY (aggregated),BASE/DARK/etc,see private JSONL,"Textures.bnt (8,381 entries)","NAME_FOUND_EXACT=0; NAME_BASE_MATCH_EXTENSION_DIFF=0; NAME_NOT_FOUND=1; MATERIAL_REFERENCE_CONFIRMED=1; MATERIAL_APPLIED=0;BROWSER_OBSERVED=0; CONTAINER_ENTRY_RESOLVED=0;IMAGE_DECODED=0; ARK_TAIL=RAW_ONLY(218757 retraction stands)"
516538,PCG_9_3_5,SHAPE->NITEXTURINGPROPERTY->ARKTEXTURE_ENTRY (aggregated),BASE/DARK/etc,see private JSONL,"Textures.bnt (8,381 entries)","NAME_FOUND_EXACT=0; NAME_BASE_MATCH_EXTENSION_DIFF=0; NAME_NOT_FOUND=1; MATERIAL_REFERENCE_CONFIRMED=1; MATERIAL_APPLIED=0;BROWSER_OBSERVED=0; CONTAINER_ENTRY_RESOLVED=0;IMAGE_DECODED=0; ARK_TAIL=RAW_ONLY(218757 retraction stands)"
516539,PCG_9_3_5,SHAPE->NITEXTURINGPROPERTY->ARKTEXTURE_ENTRY (aggregated),BASE/DARK/etc,see private JSONL,"Textures.bnt (8,381 entries)","NAME_FOUND_EXACT=0; NAME_BASE_MATCH_EXTENSION_DIFF=0; NAME_NOT_FOUND=1; MATERIAL_REFERENCE_CONFIRMED=1; MATERIAL_APPLIED=0;BROWSER_OBSERVED=0; CONTAINER_ENTRY_RESOLVED=0;IMAGE_DECODED=0; ARK_TAIL=RAW_ONLY(218757 retraction stands)"
516721,PCG_9_3_5,SHAPE->NITEXTURINGPROPERTY->ARKTEXTURE_ENTRY (aggregated),BASE/DARK/etc,see private JSONL,"Textures.bnt (8,381 entries)","NAME_FOUND_EXACT=0; NAME_BASE_MATCH_EXTENSION_DIFF=0; NAME_NOT_FOUND=1; MATERIAL_REFERENCE_CONFIRMED=1; MATERIAL_APPLIED=0;BROWSER_OBSERVED=0; CONTAINER_ENTRY_RESOLVED=0;IMAGE_DECODED=0; ARK_TAIL=RAW_ONLY(218757 retraction stands)"
516728,PCG_9_3_5,SHAPE->NITEXTURINGPROPERTY->ARKTEXTURE_ENTRY (aggregated),BASE/DARK/etc,see private JSONL,"Textures.bnt (8,381 entries)","NAME_FOUND_EXACT=0; NAME_BASE_MATCH_EXTENSION_DIFF=0; NAME_NOT_FOUND=1; MATERIAL_REFERENCE_CONFIRMED=1; MATERIAL_APPLIED=0;BROWSER_OBSERVED=0; CONTAINER_ENTRY_RESOLVED=0;IMAGE_DECODED=0; ARK_TAIL=RAW_ONLY(218757 retraction stands)"
516733,PCG_9_3_5,SHAPE->NITEXTURINGPROPERTY->ARKTEXTURE_ENTRY (aggregated),BASE/DARK/etc,see private JSONL,"Textures.bnt (8,381 entries)","NAME_FOUND_EXACT=0; NAME_BASE_MATCH_EXTENSION_DIFF=0; NAME_NOT_FOUND=1; MATERIAL_REFERENCE_CONFIRMED=1; MATERIAL_APPLIED=0;BROWSER_OBSERVED=0; CONTAINER_ENTRY_RESOLVED=0;IMAGE_DECODED=0; ARK_TAIL=RAW_ONLY(218757 retraction stands)"
516737,PCG_9_3_5,SHAPE->NITEXTURINGPROPERTY->ARKTEXTURE_ENTRY (aggregated),BASE/DARK/etc,see private JSONL,"Textures.bnt (8,381 entries)","NAME_FOUND_EXACT=0; NAME_BASE_MATCH_EXTENSION_DIFF=0; NAME_NOT_FOUND=1; MATERIAL_REFERENCE_CONFIRMED=1; MATERIAL_APPLIED=0;BROWSER_OBSERVED=0; CONTAINER_ENTRY_RESOLVED=0;IMAGE_DECODED=0; ARK_TAIL=RAW_ONLY(218757 retraction stands)"
516744,PCG_9_3_5,SHAPE->NITEXTURINGPROPERTY->ARKTEXTURE_ENTRY (aggregated),BASE/DARK/etc,see private JSONL,"Textures.bnt (8,381 entries)","NAME_FOUND_EXACT=0; NAME_BASE_MATCH_EXTENSION_DIFF=0; NAME_NOT_FOUND=1; MATERIAL_REFERENCE_CONFIRMED=1; MATERIAL_APPLIED=0;BROWSER_OBSERVED=0; CONTAINER_ENTRY_RESOLVED=0;IMAGE_DECODED=0; ARK_TAIL=RAW_ONLY(218757 retraction stands)"
516749,PCG_9_3_5,SHAPE->NITEXTURINGPROPERTY->ARKTEXTURE_ENTRY (aggregated),BASE/DARK/etc,see private JSONL,"Textures.bnt (8,381 entries)","NAME_FOUND_EXACT=0; NAME_BASE_MATCH_EXTENSION_DIFF=0; NAME_NOT_FOUND=1; MATERIAL_REFERENCE_CONFIRMED=1; MATERIAL_APPLIED=0;BROWSER_OBSERVED=0; CONTAINER_ENTRY_RESOLVED=0;IMAGE_DECODED=0; ARK_TAIL=RAW_ONLY(218757 retraction stands)"
517025,PCG_9_3_5,SHAPE->NITEXTURINGPROPERTY->ARKTEXTURE_ENTRY (aggregated),BASE/DARK/etc,see private JSONL,"Textures.bnt (8,381 entries)","NAME_FOUND_EXACT=0; NAME_BASE_MATCH_EXTENSION_DIFF=0; NAME_NOT_FOUND=3; MATERIAL_REFERENCE_CONFIRMED=1; MATERIAL_APPLIED=0;BROWSER_OBSERVED=0; CONTAINER_ENTRY_RESOLVED=0;IMAGE_DECODED=0; ARK_TAIL=RAW_ONLY(218757 retraction stands)"
517137,PCG_9_3_5,SHAPE->NITEXTURINGPROPERTY->ARKTEXTURE_ENTRY (aggregated),BASE/DARK/etc,see private JSONL,"Textures.bnt (8,381 entries)","NAME_FOUND_EXACT=0; NAME_BASE_MATCH_EXTENSION_DIFF=0; NAME_NOT_FOUND=6; MATERIAL_REFERENCE_CONFIRMED=0; MATERIAL_APPLIED=0;BROWSER_OBSERVED=0; CONTAINER_ENTRY_RESOLVED=0;IMAGE_DECODED=0; ARK_TAIL=RAW_ONLY(218757 retraction stands)"
517152,PCG_9_3_5,SHAPE->NITEXTURINGPROPERTY->ARKTEXTURE_ENTRY (aggregated),BASE/DARK/etc,see private JSONL,"Textures.bnt (8,381 entries)","NAME_FOUND_EXACT=0; NAME_BASE_MATCH_EXTENSION_DIFF=0; NAME_NOT_FOUND=2; MATERIAL_REFERENCE_CONFIRMED=1; MATERIAL_APPLIED=0;BROWSER_OBSERVED=0; CONTAINER_ENTRY_RESOLVED=0;IMAGE_DECODED=0; ARK_TAIL=RAW_ONLY(218757 retraction stands)"
517751,PCG_9_3_5,SHAPE->NITEXTURINGPROPERTY->ARKTEXTURE_ENTRY (aggregated),BASE/DARK/etc,see private JSONL,"Textures.bnt (8,381 entries)","NAME_FOUND_EXACT=0; NAME_BASE_MATCH_EXTENSION_DIFF=0; NAME_NOT_FOUND=2; MATERIAL_REFERENCE_CONFIRMED=1; MATERIAL_APPLIED=0;BROWSER_OBSERVED=0; CONTAINER_ENTRY_RESOLVED=0;IMAGE_DECODED=0; ARK_TAIL=RAW_ONLY(218757 retraction stands)"
518122,PCG_9_3_5,SHAPE->NITEXTURINGPROPERTY->ARKTEXTURE_ENTRY (aggregated),BASE/DARK/etc,see private JSONL,"Textures.bnt (8,381 entries)","NAME_FOUND_EXACT=0; NAME_BASE_MATCH_EXTENSION_DIFF=0; NAME_NOT_FOUND=2; MATERIAL_REFERENCE_CONFIRMED=2; MATERIAL_APPLIED=0;BROWSER_OBSERVED=0; CONTAINER_ENTRY_RESOLVED=0;IMAGE_DECODED=0; ARK_TAIL=RAW_ONLY(218757 retraction stands)"
518127,PCG_9_3_5,SHAPE->NITEXTURINGPROPERTY->ARKTEXTURE_ENTRY (aggregated),BASE/DARK/etc,see private JSONL,"Textures.bnt (8,381 entries)","NAME_FOUND_EXACT=0; NAME_BASE_MATCH_EXTENSION_DIFF=0; NAME_NOT_FOUND=1; MATERIAL_REFERENCE_CONFIRMED=1; MATERIAL_APPLIED=0;BROWSER_OBSERVED=0; CONTAINER_ENTRY_RESOLVED=0;IMAGE_DECODED=0; ARK_TAIL=RAW_ONLY(218757 retraction stands)"
518152,PCG_9_3_5,SHAPE->NITEXTURINGPROPERTY->ARKTEXTURE_ENTRY (aggregated),BASE/DARK/etc,see private JSONL,"Textures.bnt (8,381 entries)","NAME_FOUND_EXACT=0; NAME_BASE_MATCH_EXTENSION_DIFF=0; NAME_NOT_FOUND=2; MATERIAL_REFERENCE_CONFIRMED=2; MATERIAL_APPLIED=0;BROWSER_OBSERVED=0; CONTAINER_ENTRY_RESOLVED=0;IMAGE_DECODED=0; ARK_TAIL=RAW_ONLY(218757 retraction stands)"
518858,PCG_9_3_5,SHAPE->NITEXTURINGPROPERTY->ARKTEXTURE_ENTRY (aggregated),BASE/DARK/etc,see private JSONL,"Textures.bnt (8,381 entries)","NAME_FOUND_EXACT=0; NAME_BASE_MATCH_EXTENSION_DIFF=0; NAME_NOT_FOUND=3; MATERIAL_REFERENCE_CONFIRMED=0; MATERIAL_APPLIED=0;BROWSER_OBSERVED=0; CONTAINER_ENTRY_RESOLVED=0;IMAGE_DECODED=0; ARK_TAIL=RAW_ONLY(218757 retraction stands)"
518866,PCG_9_3_5,SHAPE->NITEXTURINGPROPERTY->ARKTEXTURE_ENTRY (aggregated),BASE/DARK/etc,see private JSONL,"Textures.bnt (8,381 entries)","NAME_FOUND_EXACT=0; NAME_BASE_MATCH_EXTENSION_DIFF=0; NAME_NOT_FOUND=2; MATERIAL_REFERENCE_CONFIRMED=0; MATERIAL_APPLIED=0;BROWSER_OBSERVED=0; CONTAINER_ENTRY_RESOLVED=0;IMAGE_DECODED=0; ARK_TAIL=RAW_ONLY(218757 retraction stands)"
518870,PCG_9_3_5,SHAPE->NITEXTURINGPROPERTY->ARKTEXTURE_ENTRY (aggregated),BASE/DARK/etc,see private JSONL,"Textures.bnt (8,381 entries)","NAME_FOUND_EXACT=0; NAME_BASE_MATCH_EXTENSION_DIFF=0; NAME_NOT_FOUND=1; MATERIAL_REFERENCE_CONFIRMED=1; MATERIAL_APPLIED=0;BROWSER_OBSERVED=0; CONTAINER_ENTRY_RESOLVED=0;IMAGE_DECODED=0; ARK_TAIL=RAW_ONLY(218757 retraction stands)"
519308,PCG_9_3_5,SHAPE->NITEXTURINGPROPERTY->ARKTEXTURE_ENTRY (aggregated),BASE/DARK/etc,see private JSONL,"Textures.bnt (8,381 entries)","NAME_FOUND_EXACT=0; NAME_BASE_MATCH_EXTENSION_DIFF=0; NAME_NOT_FOUND=10; MATERIAL_REFERENCE_CONFIRMED=0; MATERIAL_APPLIED=0;BROWSER_OBSERVED=0; CONTAINER_ENTRY_RESOLVED=0;IMAGE_DECODED=0; ARK_TAIL=RAW_ONLY(218757 retraction stands)"
519316,PCG_9_3_5,SHAPE->NITEXTURINGPROPERTY->ARKTEXTURE_ENTRY (aggregated),BASE/DARK/etc,see private JSONL,"Textures.bnt (8,381 entries)","NAME_FOUND_EXACT=0; NAME_BASE_MATCH_EXTENSION_DIFF=0; NAME_NOT_FOUND=6; MATERIAL_REFERENCE_CONFIRMED=0; MATERIAL_APPLIED=0;BROWSER_OBSERVED=0; CONTAINER_ENTRY_RESOLVED=0;IMAGE_DECODED=0; ARK_TAIL=RAW_ONLY(218757 retraction stands)"
519378,PCG_9_3_5,SHAPE->NITEXTURINGPROPERTY->ARKTEXTURE_ENTRY (aggregated),BASE/DARK/etc,see private JSONL,"Textures.bnt (8,381 entries)","NAME_FOUND_EXACT=0; NAME_BASE_MATCH_EXTENSION_DIFF=0; NAME_NOT_FOUND=6; MATERIAL_REFERENCE_CONFIRMED=0; MATERIAL_APPLIED=0;BROWSER_OBSERVED=0; CONTAINER_ENTRY_RESOLVED=0;IMAGE_DECODED=0; ARK_TAIL=RAW_ONLY(218757 retraction stands)"
519441,PCG_9_3_5,SHAPE->NITEXTURINGPROPERTY->ARKTEXTURE_ENTRY (aggregated),BASE/DARK/etc,see private JSONL,"Textures.bnt (8,381 entries)","NAME_FOUND_EXACT=0; NAME_BASE_MATCH_EXTENSION_DIFF=0; NAME_NOT_FOUND=4; MATERIAL_REFERENCE_CONFIRMED=0; MATERIAL_APPLIED=0;BROWSER_OBSERVED=0; CONTAINER_ENTRY_RESOLVED=0;IMAGE_DECODED=0; ARK_TAIL=RAW_ONLY(218757 retraction stands)"
520192,PCG_9_3_5,SHAPE->NITEXTURINGPROPERTY->ARKTEXTURE_ENTRY (aggregated),BASE/DARK/etc,see private JSONL,"Textures.bnt (8,381 entries)","NAME_FOUND_EXACT=0; NAME_BASE_MATCH_EXTENSION_DIFF=0; NAME_NOT_FOUND=2; MATERIAL_REFERENCE_CONFIRMED=1; MATERIAL_APPLIED=0;BROWSER_OBSERVED=0; CONTAINER_ENTRY_RESOLVED=0;IMAGE_DECODED=0; ARK_TAIL=RAW_ONLY(218757 retraction stands)"
523227,PCG_9_3_5,SHAPE->NITEXTURINGPROPERTY->ARKTEXTURE_ENTRY (aggregated),BASE/DARK/etc,see private JSONL,"Textures.bnt (8,381 entries)","NAME_FOUND_EXACT=0; NAME_BASE_MATCH_EXTENSION_DIFF=0; NAME_NOT_FOUND=2; MATERIAL_REFERENCE_CONFIRMED=0; MATERIAL_APPLIED=0;BROWSER_OBSERVED=0; CONTAINER_ENTRY_RESOLVED=0;IMAGE_DECODED=0; ARK_TAIL=RAW_ONLY(218757 retraction stands)"
523240,PCG_9_3_5,SHAPE->NITEXTURINGPROPERTY->ARKTEXTURE_ENTRY (aggregated),BASE/DARK/etc,see private JSONL,"Textures.bnt (8,381 entries)","NAME_FOUND_EXACT=0; NAME_BASE_MATCH_EXTENSION_DIFF=0; NAME_NOT_FOUND=2; MATERIAL_REFERENCE_CONFIRMED=0; MATERIAL_APPLIED=0;BROWSER_OBSERVED=0; CONTAINER_ENTRY_RESOLVED=0;IMAGE_DECODED=0; ARK_TAIL=RAW_ONLY(218757 retraction stands)"
523270,PCG_9_3_5,SHAPE->NITEXTURINGPROPERTY->ARKTEXTURE_ENTRY (aggregated),BASE/DARK/etc,see private JSONL,"Textures.bnt (8,381 entries)","NAME_FOUND_EXACT=0; NAME_BASE_MATCH_EXTENSION_DIFF=0; NAME_NOT_FOUND=1; MATERIAL_REFERENCE_CONFIRMED=0; MATERIAL_APPLIED=0;BROWSER_OBSERVED=0; CONTAINER_ENTRY_RESOLVED=0;IMAGE_DECODED=0; ARK_TAIL=RAW_ONLY(218757 retraction stands)"
523274,PCG_9_3_5,SHAPE->NITEXTURINGPROPERTY->ARKTEXTURE_ENTRY (aggregated),BASE/DARK/etc,see private JSONL,"Textures.bnt (8,381 entries)","NAME_FOUND_EXACT=0; NAME_BASE_MATCH_EXTENSION_DIFF=0; NAME_NOT_FOUND=1; MATERIAL_REFERENCE_CONFIRMED=0; MATERIAL_APPLIED=0;BROWSER_OBSERVED=0; CONTAINER_ENTRY_RESOLVED=0;IMAGE_DECODED=0; ARK_TAIL=RAW_ONLY(218757 retraction stands)"
523279,PCG_9_3_5,SHAPE->NITEXTURINGPROPERTY->ARKTEXTURE_ENTRY (aggregated),BASE/DARK/etc,see private JSONL,"Textures.bnt (8,381 entries)","NAME_FOUND_EXACT=0; NAME_BASE_MATCH_EXTENSION_DIFF=0; NAME_NOT_FOUND=1; MATERIAL_REFERENCE_CONFIRMED=0; MATERIAL_APPLIED=0;BROWSER_OBSERVED=0; CONTAINER_ENTRY_RESOLVED=0;IMAGE_DECODED=0; ARK_TAIL=RAW_ONLY(218757 retraction stands)"
523308,PCG_9_3_5,SHAPE->NITEXTURINGPROPERTY->ARKTEXTURE_ENTRY (aggregated),BASE/DARK/etc,see private JSONL,"Textures.bnt (8,381 entries)","NAME_FOUND_EXACT=0; NAME_BASE_MATCH_EXTENSION_DIFF=0; NAME_NOT_FOUND=2; MATERIAL_REFERENCE_CONFIRMED=0; MATERIAL_APPLIED=0;BROWSER_OBSERVED=0; CONTAINER_ENTRY_RESOLVED=0;IMAGE_DECODED=0; ARK_TAIL=RAW_ONLY(218757 retraction stands)"
523341,PCG_9_3_5,SHAPE->NITEXTURINGPROPERTY->ARKTEXTURE_ENTRY (aggregated),BASE/DARK/etc,see private JSONL,"Textures.bnt (8,381 entries)","NAME_FOUND_EXACT=0; NAME_BASE_MATCH_EXTENSION_DIFF=0; NAME_NOT_FOUND=1; MATERIAL_REFERENCE_CONFIRMED=0; MATERIAL_APPLIED=0;BROWSER_OBSERVED=0; CONTAINER_ENTRY_RESOLVED=0;IMAGE_DECODED=0; ARK_TAIL=RAW_ONLY(218757 retraction stands)"
523345,PCG_9_3_5,SHAPE->NITEXTURINGPROPERTY->ARKTEXTURE_ENTRY (aggregated),BASE/DARK/etc,see private JSONL,"Textures.bnt (8,381 entries)","NAME_FOUND_EXACT=0; NAME_BASE_MATCH_EXTENSION_DIFF=0; NAME_NOT_FOUND=1; MATERIAL_REFERENCE_CONFIRMED=0; MATERIAL_APPLIED=0;BROWSER_OBSERVED=0; CONTAINER_ENTRY_RESOLVED=0;IMAGE_DECODED=0; ARK_TAIL=RAW_ONLY(218757 retraction stands)"
523348,PCG_9_3_5,SHAPE->NITEXTURINGPROPERTY->ARKTEXTURE_ENTRY (aggregated),BASE/DARK/etc,see private JSONL,"Textures.bnt (8,381 entries)","NAME_FOUND_EXACT=0; NAME_BASE_MATCH_EXTENSION_DIFF=0; NAME_NOT_FOUND=1; MATERIAL_REFERENCE_CONFIRMED=0; MATERIAL_APPLIED=0;BROWSER_OBSERVED=0; CONTAINER_ENTRY_RESOLVED=0;IMAGE_DECODED=0; ARK_TAIL=RAW_ONLY(218757 retraction stands)"
523354,PCG_9_3_5,SHAPE->NITEXTURINGPROPERTY->ARKTEXTURE_ENTRY (aggregated),BASE/DARK/etc,see private JSONL,"Textures.bnt (8,381 entries)","NAME_FOUND_EXACT=0; NAME_BASE_MATCH_EXTENSION_DIFF=0; NAME_NOT_FOUND=1; MATERIAL_REFERENCE_CONFIRMED=0; MATERIAL_APPLIED=0;BROWSER_OBSERVED=0; CONTAINER_ENTRY_RESOLVED=0;IMAGE_DECODED=0; ARK_TAIL=RAW_ONLY(218757 retraction stands)"
523360,PCG_9_3_5,SHAPE->NITEXTURINGPROPERTY->ARKTEXTURE_ENTRY (aggregated),BASE/DARK/etc,see private JSONL,"Textures.bnt (8,381 entries)","NAME_FOUND_EXACT=0; NAME_BASE_MATCH_EXTENSION_DIFF=0; NAME_NOT_FOUND=2; MATERIAL_REFERENCE_CONFIRMED=0; MATERIAL_APPLIED=0;BROWSER_OBSERVED=0; CONTAINER_ENTRY_RESOLVED=0;IMAGE_DECODED=0; ARK_TAIL=RAW_ONLY(218757 retraction stands)"
523382,PCG_9_3_5,SHAPE->NITEXTURINGPROPERTY->ARKTEXTURE_ENTRY (aggregated),BASE/DARK/etc,see private JSONL,"Textures.bnt (8,381 entries)","NAME_FOUND_EXACT=0; NAME_BASE_MATCH_EXTENSION_DIFF=0; NAME_NOT_FOUND=2; MATERIAL_REFERENCE_CONFIRMED=0; MATERIAL_APPLIED=0;BROWSER_OBSERVED=0; CONTAINER_ENTRY_RESOLVED=0;IMAGE_DECODED=0; ARK_TAIL=RAW_ONLY(218757 retraction stands)"
523405,PCG_9_3_5,SHAPE->NITEXTURINGPROPERTY->ARKTEXTURE_ENTRY (aggregated),BASE/DARK/etc,see private JSONL,"Textures.bnt (8,381 entries)","NAME_FOUND_EXACT=0; NAME_BASE_MATCH_EXTENSION_DIFF=0; NAME_NOT_FOUND=1; MATERIAL_REFERENCE_CONFIRMED=0; MATERIAL_APPLIED=0;BROWSER_OBSERVED=0; CONTAINER_ENTRY_RESOLVED=0;IMAGE_DECODED=0; ARK_TAIL=RAW_ONLY(218757 retraction stands)"
523418,PCG_9_3_5,SHAPE->NITEXTURINGPROPERTY->ARKTEXTURE_ENTRY (aggregated),BASE/DARK/etc,see private JSONL,"Textures.bnt (8,381 entries)","NAME_FOUND_EXACT=0; NAME_BASE_MATCH_EXTENSION_DIFF=0; NAME_NOT_FOUND=3; MATERIAL_REFERENCE_CONFIRMED=0; MATERIAL_APPLIED=0;BROWSER_OBSERVED=0; CONTAINER_ENTRY_RESOLVED=0;IMAGE_DECODED=0; ARK_TAIL=RAW_ONLY(218757 retraction stands)"
523427,PCG_9_3_5,SHAPE->NITEXTURINGPROPERTY->ARKTEXTURE_ENTRY (aggregated),BASE/DARK/etc,see private JSONL,"Textures.bnt (8,381 entries)","NAME_FOUND_EXACT=0; NAME_BASE_MATCH_EXTENSION_DIFF=0; NAME_NOT_FOUND=3; MATERIAL_REFERENCE_CONFIRMED=0; MATERIAL_APPLIED=0;BROWSER_OBSERVED=0; CONTAINER_ENTRY_RESOLVED=0;IMAGE_DECODED=0; ARK_TAIL=RAW_ONLY(218757 retraction stands)"
523431,PCG_9_3_5,SHAPE->NITEXTURINGPROPERTY->ARKTEXTURE_ENTRY (aggregated),BASE/DARK/etc,see private JSONL,"Textures.bnt (8,381 entries)","NAME_FOUND_EXACT=0; NAME_BASE_MATCH_EXTENSION_DIFF=0; NAME_NOT_FOUND=2; MATERIAL_REFERENCE_CONFIRMED=0; MATERIAL_APPLIED=0;BROWSER_OBSERVED=0; CONTAINER_ENTRY_RESOLVED=0;IMAGE_DECODED=0; ARK_TAIL=RAW_ONLY(218757 retraction stands)"
523555,PCG_9_3_5,SHAPE->NITEXTURINGPROPERTY->ARKTEXTURE_ENTRY (aggregated),BASE/DARK/etc,see private JSONL,"Textures.bnt (8,381 entries)","NAME_FOUND_EXACT=0; NAME_BASE_MATCH_EXTENSION_DIFF=0; NAME_NOT_FOUND=1; MATERIAL_REFERENCE_CONFIRMED=0; MATERIAL_APPLIED=0;BROWSER_OBSERVED=0; CONTAINER_ENTRY_RESOLVED=0;IMAGE_DECODED=0; ARK_TAIL=RAW_ONLY(218757 retraction stands)"
523564,PCG_9_3_5,SHAPE->NITEXTURINGPROPERTY->ARKTEXTURE_ENTRY (aggregated),BASE/DARK/etc,see private JSONL,"Textures.bnt (8,381 entries)","NAME_FOUND_EXACT=0; NAME_BASE_MATCH_EXTENSION_DIFF=0; NAME_NOT_FOUND=1; MATERIAL_REFERENCE_CONFIRMED=0; MATERIAL_APPLIED=0;BROWSER_OBSERVED=0; CONTAINER_ENTRY_RESOLVED=0;IMAGE_DECODED=0; ARK_TAIL=RAW_ONLY(218757 retraction stands)"
523568,PCG_9_3_5,SHAPE->NITEXTURINGPROPERTY->ARKTEXTURE_ENTRY (aggregated),BASE/DARK/etc,see private JSONL,"Textures.bnt (8,381 entries)","NAME_FOUND_EXACT=0; NAME_BASE_MATCH_EXTENSION_DIFF=0; NAME_NOT_FOUND=1; MATERIAL_REFERENCE_CONFIRMED=0; MATERIAL_APPLIED=0;BROWSER_OBSERVED=0; CONTAINER_ENTRY_RESOLVED=0;IMAGE_DECODED=0; ARK_TAIL=RAW_ONLY(218757 retraction stands)"
523596,PCG_9_3_5,SHAPE->NITEXTURINGPROPERTY->ARKTEXTURE_ENTRY (aggregated),BASE/DARK/etc,see private JSONL,"Textures.bnt (8,381 entries)","NAME_FOUND_EXACT=0; NAME_BASE_MATCH_EXTENSION_DIFF=0; NAME_NOT_FOUND=1; MATERIAL_REFERENCE_CONFIRMED=0; MATERIAL_APPLIED=0;BROWSER_OBSERVED=0; CONTAINER_ENTRY_RESOLVED=0;IMAGE_DECODED=0; ARK_TAIL=RAW_ONLY(218757 retraction stands)"
523630,PCG_9_3_5,SHAPE->NITEXTURINGPROPERTY->ARKTEXTURE_ENTRY (aggregated),BASE/DARK/etc,see private JSONL,"Textures.bnt (8,381 entries)","NAME_FOUND_EXACT=0; NAME_BASE_MATCH_EXTENSION_DIFF=0; NAME_NOT_FOUND=2; MATERIAL_REFERENCE_CONFIRMED=0; MATERIAL_APPLIED=0;BROWSER_OBSERVED=0; CONTAINER_ENTRY_RESOLVED=0;IMAGE_DECODED=0; ARK_TAIL=RAW_ONLY(218757 retraction stands)"
523640,PCG_9_3_5,SHAPE->NITEXTURINGPROPERTY->ARKTEXTURE_ENTRY (aggregated),BASE/DARK/etc,see private JSONL,"Textures.bnt (8,381 entries)","NAME_FOUND_EXACT=0; NAME_BASE_MATCH_EXTENSION_DIFF=0; NAME_NOT_FOUND=1; MATERIAL_REFERENCE_CONFIRMED=0; MATERIAL_APPLIED=0;BROWSER_OBSERVED=0; CONTAINER_ENTRY_RESOLVED=0;IMAGE_DECODED=0; ARK_TAIL=RAW_ONLY(218757 retraction stands)"
523646,PCG_9_3_5,SHAPE->NITEXTURINGPROPERTY->ARKTEXTURE_ENTRY (aggregated),BASE/DARK/etc,see private JSONL,"Textures.bnt (8,381 entries)","NAME_FOUND_EXACT=0; NAME_BASE_MATCH_EXTENSION_DIFF=0; NAME_NOT_FOUND=2; MATERIAL_REFERENCE_CONFIRMED=0; MATERIAL_APPLIED=0;BROWSER_OBSERVED=0; CONTAINER_ENTRY_RESOLVED=0;IMAGE_DECODED=0; ARK_TAIL=RAW_ONLY(218757 retraction stands)"
523664,PCG_9_3_5,SHAPE->NITEXTURINGPROPERTY->ARKTEXTURE_ENTRY (aggregated),BASE/DARK/etc,see private JSONL,"Textures.bnt (8,381 entries)","NAME_FOUND_EXACT=0; NAME_BASE_MATCH_EXTENSION_DIFF=0; NAME_NOT_FOUND=2; MATERIAL_REFERENCE_CONFIRMED=1; MATERIAL_APPLIED=0;BROWSER_OBSERVED=0; CONTAINER_ENTRY_RESOLVED=0;IMAGE_DECODED=0; ARK_TAIL=RAW_ONLY(218757 retraction stands)"
524008,PCG_9_3_5,SHAPE->NITEXTURINGPROPERTY->ARKTEXTURE_ENTRY (aggregated),BASE/DARK/etc,see private JSONL,"Textures.bnt (8,381 entries)","NAME_FOUND_EXACT=0; NAME_BASE_MATCH_EXTENSION_DIFF=0; NAME_NOT_FOUND=1; MATERIAL_REFERENCE_CONFIRMED=0; MATERIAL_APPLIED=0;BROWSER_OBSERVED=0; CONTAINER_ENTRY_RESOLVED=0;IMAGE_DECODED=0; ARK_TAIL=RAW_ONLY(218757 retraction stands)"
524062,PCG_9_3_5,SHAPE->NITEXTURINGPROPERTY->ARKTEXTURE_ENTRY (aggregated),BASE/DARK/etc,see private JSONL,"Textures.bnt (8,381 entries)","NAME_FOUND_EXACT=0; NAME_BASE_MATCH_EXTENSION_DIFF=0; NAME_NOT_FOUND=1; MATERIAL_REFERENCE_CONFIRMED=1; MATERIAL_APPLIED=0;BROWSER_OBSERVED=0; CONTAINER_ENTRY_RESOLVED=0;IMAGE_DECODED=0; ARK_TAIL=RAW_ONLY(218757 retraction stands)"
524127,PCG_9_3_5,SHAPE->NITEXTURINGPROPERTY->ARKTEXTURE_ENTRY (aggregated),BASE/DARK/etc,see private JSONL,"Textures.bnt (8,381 entries)","NAME_FOUND_EXACT=0; NAME_BASE_MATCH_EXTENSION_DIFF=0; NAME_NOT_FOUND=1; MATERIAL_REFERENCE_CONFIRMED=1; MATERIAL_APPLIED=0;BROWSER_OBSERVED=0; CONTAINER_ENTRY_RESOLVED=0;IMAGE_DECODED=0; ARK_TAIL=RAW_ONLY(218757 retraction stands)"
524134,PCG_9_3_5,SHAPE->NITEXTURINGPROPERTY->ARKTEXTURE_ENTRY (aggregated),BASE/DARK/etc,see private JSONL,"Textures.bnt (8,381 entries)","NAME_FOUND_EXACT=0; NAME_BASE_MATCH_EXTENSION_DIFF=0; NAME_NOT_FOUND=1; MATERIAL_REFERENCE_CONFIRMED=1; MATERIAL_APPLIED=0;BROWSER_OBSERVED=0; CONTAINER_ENTRY_RESOLVED=0;IMAGE_DECODED=0; ARK_TAIL=RAW_ONLY(218757 retraction stands)"
524158,PCG_9_3_5,SHAPE->NITEXTURINGPROPERTY->ARKTEXTURE_ENTRY (aggregated),BASE/DARK/etc,see private JSONL,"Textures.bnt (8,381 entries)","NAME_FOUND_EXACT=0; NAME_BASE_MATCH_EXTENSION_DIFF=0; NAME_NOT_FOUND=1; MATERIAL_REFERENCE_CONFIRMED=1; MATERIAL_APPLIED=0;BROWSER_OBSERVED=0; CONTAINER_ENTRY_RESOLVED=0;IMAGE_DECODED=0; ARK_TAIL=RAW_ONLY(218757 retraction stands)"
524160,PCG_9_3_5,SHAPE->NITEXTURINGPROPERTY->ARKTEXTURE_ENTRY (aggregated),BASE/DARK/etc,see private JSONL,"Textures.bnt (8,381 entries)","NAME_FOUND_EXACT=0; NAME_BASE_MATCH_EXTENSION_DIFF=0; NAME_NOT_FOUND=1; MATERIAL_REFERENCE_CONFIRMED=1; MATERIAL_APPLIED=0;BROWSER_OBSERVED=0; CONTAINER_ENTRY_RESOLVED=0;IMAGE_DECODED=0; ARK_TAIL=RAW_ONLY(218757 retraction stands)"
524162,PCG_9_3_5,SHAPE->NITEXTURINGPROPERTY->ARKTEXTURE_ENTRY (aggregated),BASE/DARK/etc,see private JSONL,"Textures.bnt (8,381 entries)","NAME_FOUND_EXACT=0; NAME_BASE_MATCH_EXTENSION_DIFF=0; NAME_NOT_FOUND=1; MATERIAL_REFERENCE_CONFIRMED=1; MATERIAL_APPLIED=0;BROWSER_OBSERVED=0; CONTAINER_ENTRY_RESOLVED=0;IMAGE_DECODED=0; ARK_TAIL=RAW_ONLY(218757 retraction stands)"
524164,PCG_9_3_5,SHAPE->NITEXTURINGPROPERTY->ARKTEXTURE_ENTRY (aggregated),BASE/DARK/etc,see private JSONL,"Textures.bnt (8,381 entries)","NAME_FOUND_EXACT=0; NAME_BASE_MATCH_EXTENSION_DIFF=0; NAME_NOT_FOUND=1; MATERIAL_REFERENCE_CONFIRMED=1; MATERIAL_APPLIED=0;BROWSER_OBSERVED=0; CONTAINER_ENTRY_RESOLVED=0;IMAGE_DECODED=0; ARK_TAIL=RAW_ONLY(218757 retraction stands)"
524166,PCG_9_3_5,SHAPE->NITEXTURINGPROPERTY->ARKTEXTURE_ENTRY (aggregated),BASE/DARK/etc,see private JSONL,"Textures.bnt (8,381 entries)","NAME_FOUND_EXACT=0; NAME_BASE_MATCH_EXTENSION_DIFF=0; NAME_NOT_FOUND=1; MATERIAL_REFERENCE_CONFIRMED=1; MATERIAL_APPLIED=0;BROWSER_OBSERVED=0; CONTAINER_ENTRY_RESOLVED=0;IMAGE_DECODED=0; ARK_TAIL=RAW_ONLY(218757 retraction stands)"
524354,PCG_9_3_5,SHAPE->NITEXTURINGPROPERTY->ARKTEXTURE_ENTRY (aggregated),BASE/DARK/etc,see private JSONL,"Textures.bnt (8,381 entries)","NAME_FOUND_EXACT=0; NAME_BASE_MATCH_EXTENSION_DIFF=0; NAME_NOT_FOUND=2; MATERIAL_REFERENCE_CONFIRMED=1; MATERIAL_APPLIED=0;BROWSER_OBSERVED=0; CONTAINER_ENTRY_RESOLVED=0;IMAGE_DECODED=0; ARK_TAIL=RAW_ONLY(218757 retraction stands)"
524442,PCG_9_3_5,SHAPE->NITEXTURINGPROPERTY->ARKTEXTURE_ENTRY (aggregated),BASE/DARK/etc,see private JSONL,"Textures.bnt (8,381 entries)","NAME_FOUND_EXACT=0; NAME_BASE_MATCH_EXTENSION_DIFF=0; NAME_NOT_FOUND=1; MATERIAL_REFERENCE_CONFIRMED=0; MATERIAL_APPLIED=0;BROWSER_OBSERVED=0; CONTAINER_ENTRY_RESOLVED=0;IMAGE_DECODED=0; ARK_TAIL=RAW_ONLY(218757 retraction stands)"
524488,PCG_9_3_5,SHAPE->NITEXTURINGPROPERTY->ARKTEXTURE_ENTRY (aggregated),BASE/DARK/etc,see private JSONL,"Textures.bnt (8,381 entries)","NAME_FOUND_EXACT=0; NAME_BASE_MATCH_EXTENSION_DIFF=0; NAME_NOT_FOUND=1; MATERIAL_REFERENCE_CONFIRMED=1; MATERIAL_APPLIED=0;BROWSER_OBSERVED=0; CONTAINER_ENTRY_RESOLVED=0;IMAGE_DECODED=0; ARK_TAIL=RAW_ONLY(218757 retraction stands)"
524491,PCG_9_3_5,SHAPE->NITEXTURINGPROPERTY->ARKTEXTURE_ENTRY (aggregated),BASE/DARK/etc,see private JSONL,"Textures.bnt (8,381 entries)","NAME_FOUND_EXACT=0; NAME_BASE_MATCH_EXTENSION_DIFF=0; NAME_NOT_FOUND=1; MATERIAL_REFERENCE_CONFIRMED=1; MATERIAL_APPLIED=0;BROWSER_OBSERVED=0; CONTAINER_ENTRY_RESOLVED=0;IMAGE_DECODED=0; ARK_TAIL=RAW_ONLY(218757 retraction stands)"
524517,PCG_9_3_5,SHAPE->NITEXTURINGPROPERTY->ARKTEXTURE_ENTRY (aggregated),BASE/DARK/etc,see private JSONL,"Textures.bnt (8,381 entries)","NAME_FOUND_EXACT=0; NAME_BASE_MATCH_EXTENSION_DIFF=0; NAME_NOT_FOUND=1; MATERIAL_REFERENCE_CONFIRMED=1; MATERIAL_APPLIED=0;BROWSER_OBSERVED=0; CONTAINER_ENTRY_RESOLVED=0;IMAGE_DECODED=0; ARK_TAIL=RAW_ONLY(218757 retraction stands)"
524523,PCG_9_3_5,SHAPE->NITEXTURINGPROPERTY->ARKTEXTURE_ENTRY (aggregated),BASE/DARK/etc,see private JSONL,"Textures.bnt (8,381 entries)","NAME_FOUND_EXACT=0; NAME_BASE_MATCH_EXTENSION_DIFF=0; NAME_NOT_FOUND=1; MATERIAL_REFERENCE_CONFIRMED=0; MATERIAL_APPLIED=0;BROWSER_OBSERVED=0; CONTAINER_ENTRY_RESOLVED=0;IMAGE_DECODED=0; ARK_TAIL=RAW_ONLY(218757 retraction stands)"
524527,PCG_9_3_5,SHAPE->NITEXTURINGPROPERTY->ARKTEXTURE_ENTRY (aggregated),BASE/DARK/etc,see private JSONL,"Textures.bnt (8,381 entries)","NAME_FOUND_EXACT=0; NAME_BASE_MATCH_EXTENSION_DIFF=0; NAME_NOT_FOUND=1; MATERIAL_REFERENCE_CONFIRMED=0; MATERIAL_APPLIED=0;BROWSER_OBSERVED=0; CONTAINER_ENTRY_RESOLVED=0;IMAGE_DECODED=0; ARK_TAIL=RAW_ONLY(218757 retraction stands)"
524790,PCG_9_3_5,SHAPE->NITEXTURINGPROPERTY->ARKTEXTURE_ENTRY (aggregated),BASE/DARK/etc,see private JSONL,"Textures.bnt (8,381 entries)","NAME_FOUND_EXACT=0; NAME_BASE_MATCH_EXTENSION_DIFF=0; NAME_NOT_FOUND=1; MATERIAL_REFERENCE_CONFIRMED=1; MATERIAL_APPLIED=0;BROWSER_OBSERVED=0; CONTAINER_ENTRY_RESOLVED=0;IMAGE_DECODED=0; ARK_TAIL=RAW_ONLY(218757 retraction stands)"
525621,PCG_9_3_5,SHAPE->NITEXTURINGPROPERTY->ARKTEXTURE_ENTRY (aggregated),BASE/DARK/etc,see private JSONL,"Textures.bnt (8,381 entries)","NAME_FOUND_EXACT=0; NAME_BASE_MATCH_EXTENSION_DIFF=0; NAME_NOT_FOUND=1; MATERIAL_REFERENCE_CONFIRMED=0; MATERIAL_APPLIED=0;BROWSER_OBSERVED=0; CONTAINER_ENTRY_RESOLVED=0;IMAGE_DECODED=0; ARK_TAIL=RAW_ONLY(218757 retraction stands)"
525624,PCG_9_3_5,SHAPE->NITEXTURINGPROPERTY->ARKTEXTURE_ENTRY (aggregated),BASE/DARK/etc,see private JSONL,"Textures.bnt (8,381 entries)","NAME_FOUND_EXACT=0; NAME_BASE_MATCH_EXTENSION_DIFF=0; NAME_NOT_FOUND=1; MATERIAL_REFERENCE_CONFIRMED=0; MATERIAL_APPLIED=0;BROWSER_OBSERVED=0; CONTAINER_ENTRY_RESOLVED=0;IMAGE_DECODED=0; ARK_TAIL=RAW_ONLY(218757 retraction stands)"
525626,PCG_9_3_5,SHAPE->NITEXTURINGPROPERTY->ARKTEXTURE_ENTRY (aggregated),BASE/DARK/etc,see private JSONL,"Textures.bnt (8,381 entries)","NAME_FOUND_EXACT=0; NAME_BASE_MATCH_EXTENSION_DIFF=0; NAME_NOT_FOUND=1; MATERIAL_REFERENCE_CONFIRMED=0; MATERIAL_APPLIED=0;BROWSER_OBSERVED=0; CONTAINER_ENTRY_RESOLVED=0;IMAGE_DECODED=0; ARK_TAIL=RAW_ONLY(218757 retraction stands)"
525628,PCG_9_3_5,SHAPE->NITEXTURINGPROPERTY->ARKTEXTURE_ENTRY (aggregated),BASE/DARK/etc,see private JSONL,"Textures.bnt (8,381 entries)","NAME_FOUND_EXACT=0; NAME_BASE_MATCH_EXTENSION_DIFF=0; NAME_NOT_FOUND=1; MATERIAL_REFERENCE_CONFIRMED=0; MATERIAL_APPLIED=0;BROWSER_OBSERVED=0; CONTAINER_ENTRY_RESOLVED=0;IMAGE_DECODED=0; ARK_TAIL=RAW_ONLY(218757 retraction stands)"
525630,PCG_9_3_5,SHAPE->NITEXTURINGPROPERTY->ARKTEXTURE_ENTRY (aggregated),BASE/DARK/etc,see private JSONL,"Textures.bnt (8,381 entries)","NAME_FOUND_EXACT=0; NAME_BASE_MATCH_EXTENSION_DIFF=0; NAME_NOT_FOUND=1; MATERIAL_REFERENCE_CONFIRMED=0; MATERIAL_APPLIED=0;BROWSER_OBSERVED=0; CONTAINER_ENTRY_RESOLVED=0;IMAGE_DECODED=0; ARK_TAIL=RAW_ONLY(218757 retraction stands)"
525633,PCG_9_3_5,SHAPE->NITEXTURINGPROPERTY->ARKTEXTURE_ENTRY (aggregated),BASE/DARK/etc,see private JSONL,"Textures.bnt (8,381 entries)","NAME_FOUND_EXACT=0; NAME_BASE_MATCH_EXTENSION_DIFF=0; NAME_NOT_FOUND=1; MATERIAL_REFERENCE_CONFIRMED=0; MATERIAL_APPLIED=0;BROWSER_OBSERVED=0; CONTAINER_ENTRY_RESOLVED=0;IMAGE_DECODED=0; ARK_TAIL=RAW_ONLY(218757 retraction stands)"
525636,PCG_9_3_5,SHAPE->NITEXTURINGPROPERTY->ARKTEXTURE_ENTRY (aggregated),BASE/DARK/etc,see private JSONL,"Textures.bnt (8,381 entries)","NAME_FOUND_EXACT=0; NAME_BASE_MATCH_EXTENSION_DIFF=0; NAME_NOT_FOUND=1; MATERIAL_REFERENCE_CONFIRMED=1; MATERIAL_APPLIED=0;BROWSER_OBSERVED=0; CONTAINER_ENTRY_RESOLVED=0;IMAGE_DECODED=0; ARK_TAIL=RAW_ONLY(218757 retraction stands)"
525639,PCG_9_3_5,SHAPE->NITEXTURINGPROPERTY->ARKTEXTURE_ENTRY (aggregated),BASE/DARK/etc,see private JSONL,"Textures.bnt (8,381 entries)","NAME_FOUND_EXACT=0; NAME_BASE_MATCH_EXTENSION_DIFF=0; NAME_NOT_FOUND=1; MATERIAL_REFERENCE_CONFIRMED=1; MATERIAL_APPLIED=0;BROWSER_OBSERVED=0; CONTAINER_ENTRY_RESOLVED=0;IMAGE_DECODED=0; ARK_TAIL=RAW_ONLY(218757 retraction stands)"
525642,PCG_9_3_5,SHAPE->NITEXTURINGPROPERTY->ARKTEXTURE_ENTRY (aggregated),BASE/DARK/etc,see private JSONL,"Textures.bnt (8,381 entries)","NAME_FOUND_EXACT=0; NAME_BASE_MATCH_EXTENSION_DIFF=0; NAME_NOT_FOUND=1; MATERIAL_REFERENCE_CONFIRMED=1; MATERIAL_APPLIED=0;BROWSER_OBSERVED=0; CONTAINER_ENTRY_RESOLVED=0;IMAGE_DECODED=0; ARK_TAIL=RAW_ONLY(218757 retraction stands)"
525649,PCG_9_3_5,SHAPE->NITEXTURINGPROPERTY->ARKTEXTURE_ENTRY (aggregated),BASE/DARK/etc,see private JSONL,"Textures.bnt (8,381 entries)","NAME_FOUND_EXACT=0; NAME_BASE_MATCH_EXTENSION_DIFF=0; NAME_NOT_FOUND=1; MATERIAL_REFERENCE_CONFIRMED=0; MATERIAL_APPLIED=0;BROWSER_OBSERVED=0; CONTAINER_ENTRY_RESOLVED=0;IMAGE_DECODED=0; ARK_TAIL=RAW_ONLY(218757 retraction stands)"
525652,PCG_9_3_5,SHAPE->NITEXTURINGPROPERTY->ARKTEXTURE_ENTRY (aggregated),BASE/DARK/etc,see private JSONL,"Textures.bnt (8,381 entries)","NAME_FOUND_EXACT=0; NAME_BASE_MATCH_EXTENSION_DIFF=0; NAME_NOT_FOUND=1; MATERIAL_REFERENCE_CONFIRMED=0; MATERIAL_APPLIED=0;BROWSER_OBSERVED=0; CONTAINER_ENTRY_RESOLVED=0;IMAGE_DECODED=0; ARK_TAIL=RAW_ONLY(218757 retraction stands)"
525654,PCG_9_3_5,SHAPE->NITEXTURINGPROPERTY->ARKTEXTURE_ENTRY (aggregated),BASE/DARK/etc,see private JSONL,"Textures.bnt (8,381 entries)","NAME_FOUND_EXACT=0; NAME_BASE_MATCH_EXTENSION_DIFF=0; NAME_NOT_FOUND=1; MATERIAL_REFERENCE_CONFIRMED=0; MATERIAL_APPLIED=0;BROWSER_OBSERVED=0; CONTAINER_ENTRY_RESOLVED=0;IMAGE_DECODED=0; ARK_TAIL=RAW_ONLY(218757 retraction stands)"
525656,PCG_9_3_5,SHAPE->NITEXTURINGPROPERTY->ARKTEXTURE_ENTRY (aggregated),BASE/DARK/etc,see private JSONL,"Textures.bnt (8,381 entries)","NAME_FOUND_EXACT=0; NAME_BASE_MATCH_EXTENSION_DIFF=0; NAME_NOT_FOUND=1; MATERIAL_REFERENCE_CONFIRMED=0; MATERIAL_APPLIED=0;BROWSER_OBSERVED=0; CONTAINER_ENTRY_RESOLVED=0;IMAGE_DECODED=0; ARK_TAIL=RAW_ONLY(218757 retraction stands)"
525658,PCG_9_3_5,SHAPE->NITEXTURINGPROPERTY->ARKTEXTURE_ENTRY (aggregated),BASE/DARK/etc,see private JSONL,"Textures.bnt (8,381 entries)","NAME_FOUND_EXACT=0; NAME_BASE_MATCH_EXTENSION_DIFF=0; NAME_NOT_FOUND=1; MATERIAL_REFERENCE_CONFIRMED=0; MATERIAL_APPLIED=0;BROWSER_OBSERVED=0; CONTAINER_ENTRY_RESOLVED=0;IMAGE_DECODED=0; ARK_TAIL=RAW_ONLY(218757 retraction stands)"
525660,PCG_9_3_5,SHAPE->NITEXTURINGPROPERTY->ARKTEXTURE_ENTRY (aggregated),BASE/DARK/etc,see private JSONL,"Textures.bnt (8,381 entries)","NAME_FOUND_EXACT=0; NAME_BASE_MATCH_EXTENSION_DIFF=0; NAME_NOT_FOUND=1; MATERIAL_REFERENCE_CONFIRMED=0; MATERIAL_APPLIED=0;BROWSER_OBSERVED=0; CONTAINER_ENTRY_RESOLVED=0;IMAGE_DECODED=0; ARK_TAIL=RAW_ONLY(218757 retraction stands)"
525707,PCG_9_3_5,SHAPE->NITEXTURINGPROPERTY->ARKTEXTURE_ENTRY (aggregated),BASE/DARK/etc,see private JSONL,"Textures.bnt (8,381 entries)","NAME_FOUND_EXACT=0; NAME_BASE_MATCH_EXTENSION_DIFF=0; NAME_NOT_FOUND=1; MATERIAL_REFERENCE_CONFIRMED=1; MATERIAL_APPLIED=0;BROWSER_OBSERVED=0; CONTAINER_ENTRY_RESOLVED=0;IMAGE_DECODED=0; ARK_TAIL=RAW_ONLY(218757 retraction stands)"
525711,PCG_9_3_5,SHAPE->NITEXTURINGPROPERTY->ARKTEXTURE_ENTRY (aggregated),BASE/DARK/etc,see private JSONL,"Textures.bnt (8,381 entries)","NAME_FOUND_EXACT=0; NAME_BASE_MATCH_EXTENSION_DIFF=0; NAME_NOT_FOUND=1; MATERIAL_REFERENCE_CONFIRMED=1; MATERIAL_APPLIED=0;BROWSER_OBSERVED=0; CONTAINER_ENTRY_RESOLVED=0;IMAGE_DECODED=0; ARK_TAIL=RAW_ONLY(218757 retraction stands)"
525715,PCG_9_3_5,SHAPE->NITEXTURINGPROPERTY->ARKTEXTURE_ENTRY (aggregated),BASE/DARK/etc,see private JSONL,"Textures.bnt (8,381 entries)","NAME_FOUND_EXACT=0; NAME_BASE_MATCH_EXTENSION_DIFF=0; NAME_NOT_FOUND=1; MATERIAL_REFERENCE_CONFIRMED=1; MATERIAL_APPLIED=0;BROWSER_OBSERVED=0; CONTAINER_ENTRY_RESOLVED=0;IMAGE_DECODED=0; ARK_TAIL=RAW_ONLY(218757 retraction stands)"
525719,PCG_9_3_5,SHAPE->NITEXTURINGPROPERTY->ARKTEXTURE_ENTRY (aggregated),BASE/DARK/etc,see private JSONL,"Textures.bnt (8,381 entries)","NAME_FOUND_EXACT=0; NAME_BASE_MATCH_EXTENSION_DIFF=0; NAME_NOT_FOUND=1; MATERIAL_REFERENCE_CONFIRMED=1; MATERIAL_APPLIED=0;BROWSER_OBSERVED=0; CONTAINER_ENTRY_RESOLVED=0;IMAGE_DECODED=0; ARK_TAIL=RAW_ONLY(218757 retraction stands)"
525723,PCG_9_3_5,SHAPE->NITEXTURINGPROPERTY->ARKTEXTURE_ENTRY (aggregated),BASE/DARK/etc,see private JSONL,"Textures.bnt (8,381 entries)","NAME_FOUND_EXACT=0; NAME_BASE_MATCH_EXTENSION_DIFF=0; NAME_NOT_FOUND=1; MATERIAL_REFERENCE_CONFIRMED=1; MATERIAL_APPLIED=0;BROWSER_OBSERVED=0; CONTAINER_ENTRY_RESOLVED=0;IMAGE_DECODED=0; ARK_TAIL=RAW_ONLY(218757 retraction stands)"
525727,PCG_9_3_5,SHAPE->NITEXTURINGPROPERTY->ARKTEXTURE_ENTRY (aggregated),BASE/DARK/etc,see private JSONL,"Textures.bnt (8,381 entries)","NAME_FOUND_EXACT=0; NAME_BASE_MATCH_EXTENSION_DIFF=0; NAME_NOT_FOUND=1; MATERIAL_REFERENCE_CONFIRMED=1; MATERIAL_APPLIED=0;BROWSER_OBSERVED=0; CONTAINER_ENTRY_RESOLVED=0;IMAGE_DECODED=0; ARK_TAIL=RAW_ONLY(218757 retraction stands)"
525743,PCG_9_3_5,SHAPE->NITEXTURINGPROPERTY->ARKTEXTURE_ENTRY (aggregated),BASE/DARK/etc,see private JSONL,"Textures.bnt (8,381 entries)","NAME_FOUND_EXACT=0; NAME_BASE_MATCH_EXTENSION_DIFF=0; NAME_NOT_FOUND=1; MATERIAL_REFERENCE_CONFIRMED=1; MATERIAL_APPLIED=0;BROWSER_OBSERVED=0; CONTAINER_ENTRY_RESOLVED=0;IMAGE_DECODED=0; ARK_TAIL=RAW_ONLY(218757 retraction stands)"
525749,PCG_9_3_5,SHAPE->NITEXTURINGPROPERTY->ARKTEXTURE_ENTRY (aggregated),BASE/DARK/etc,see private JSONL,"Textures.bnt (8,381 entries)","NAME_FOUND_EXACT=0; NAME_BASE_MATCH_EXTENSION_DIFF=0; NAME_NOT_FOUND=1; MATERIAL_REFERENCE_CONFIRMED=1; MATERIAL_APPLIED=0;BROWSER_OBSERVED=0; CONTAINER_ENTRY_RESOLVED=0;IMAGE_DECODED=0; ARK_TAIL=RAW_ONLY(218757 retraction stands)"
525753,PCG_9_3_5,SHAPE->NITEXTURINGPROPERTY->ARKTEXTURE_ENTRY (aggregated),BASE/DARK/etc,see private JSONL,"Textures.bnt (8,381 entries)","NAME_FOUND_EXACT=0; NAME_BASE_MATCH_EXTENSION_DIFF=0; NAME_NOT_FOUND=2; MATERIAL_REFERENCE_CONFIRMED=1; MATERIAL_APPLIED=0;BROWSER_OBSERVED=0; CONTAINER_ENTRY_RESOLVED=0;IMAGE_DECODED=0; ARK_TAIL=RAW_ONLY(218757 retraction stands)"
525763,PCG_9_3_5,SHAPE->NITEXTURINGPROPERTY->ARKTEXTURE_ENTRY (aggregated),BASE/DARK/etc,see private JSONL,"Textures.bnt (8,381 entries)","NAME_FOUND_EXACT=0; NAME_BASE_MATCH_EXTENSION_DIFF=0; NAME_NOT_FOUND=1; MATERIAL_REFERENCE_CONFIRMED=1; MATERIAL_APPLIED=0;BROWSER_OBSERVED=0; CONTAINER_ENTRY_RESOLVED=0;IMAGE_DECODED=0; ARK_TAIL=RAW_ONLY(218757 retraction stands)"
525775,PCG_9_3_5,SHAPE->NITEXTURINGPROPERTY->ARKTEXTURE_ENTRY (aggregated),BASE/DARK/etc,see private JSONL,"Textures.bnt (8,381 entries)","NAME_FOUND_EXACT=0; NAME_BASE_MATCH_EXTENSION_DIFF=0; NAME_NOT_FOUND=1; MATERIAL_REFERENCE_CONFIRMED=1; MATERIAL_APPLIED=0;BROWSER_OBSERVED=0; CONTAINER_ENTRY_RESOLVED=0;IMAGE_DECODED=0; ARK_TAIL=RAW_ONLY(218757 retraction stands)"
525873,PCG_9_3_5,SHAPE->NITEXTURINGPROPERTY->ARKTEXTURE_ENTRY (aggregated),BASE/DARK/etc,see private JSONL,"Textures.bnt (8,381 entries)","NAME_FOUND_EXACT=0; NAME_BASE_MATCH_EXTENSION_DIFF=0; NAME_NOT_FOUND=1; MATERIAL_REFERENCE_CONFIRMED=1; MATERIAL_APPLIED=0;BROWSER_OBSERVED=0; CONTAINER_ENTRY_RESOLVED=0;IMAGE_DECODED=0; ARK_TAIL=RAW_ONLY(218757 retraction stands)"
525877,PCG_9_3_5,SHAPE->NITEXTURINGPROPERTY->ARKTEXTURE_ENTRY (aggregated),BASE/DARK/etc,see private JSONL,"Textures.bnt (8,381 entries)","NAME_FOUND_EXACT=0; NAME_BASE_MATCH_EXTENSION_DIFF=0; NAME_NOT_FOUND=1; MATERIAL_REFERENCE_CONFIRMED=1; MATERIAL_APPLIED=0;BROWSER_OBSERVED=0; CONTAINER_ENTRY_RESOLVED=0;IMAGE_DECODED=0; ARK_TAIL=RAW_ONLY(218757 retraction stands)"
525918,PCG_9_3_5,SHAPE->NITEXTURINGPROPERTY->ARKTEXTURE_ENTRY (aggregated),BASE/DARK/etc,see private JSONL,"Textures.bnt (8,381 entries)","NAME_FOUND_EXACT=0; NAME_BASE_MATCH_EXTENSION_DIFF=0; NAME_NOT_FOUND=1; MATERIAL_REFERENCE_CONFIRMED=0; MATERIAL_APPLIED=0;BROWSER_OBSERVED=0; CONTAINER_ENTRY_RESOLVED=0;IMAGE_DECODED=0; ARK_TAIL=RAW_ONLY(218757 retraction stands)"
525922,PCG_9_3_5,SHAPE->NITEXTURINGPROPERTY->ARKTEXTURE_ENTRY (aggregated),BASE/DARK/etc,see private JSONL,"Textures.bnt (8,381 entries)","NAME_FOUND_EXACT=0; NAME_BASE_MATCH_EXTENSION_DIFF=0; NAME_NOT_FOUND=1; MATERIAL_REFERENCE_CONFIRMED=0; MATERIAL_APPLIED=0;BROWSER_OBSERVED=0; CONTAINER_ENTRY_RESOLVED=0;IMAGE_DECODED=0; ARK_TAIL=RAW_ONLY(218757 retraction stands)"
525926,PCG_9_3_5,SHAPE->NITEXTURINGPROPERTY->ARKTEXTURE_ENTRY (aggregated),BASE/DARK/etc,see private JSONL,"Textures.bnt (8,381 entries)","NAME_FOUND_EXACT=0; NAME_BASE_MATCH_EXTENSION_DIFF=0; NAME_NOT_FOUND=1; MATERIAL_REFERENCE_CONFIRMED=0; MATERIAL_APPLIED=0;BROWSER_OBSERVED=0; CONTAINER_ENTRY_RESOLVED=0;IMAGE_DECODED=0; ARK_TAIL=RAW_ONLY(218757 retraction stands)"
525930,PCG_9_3_5,SHAPE->NITEXTURINGPROPERTY->ARKTEXTURE_ENTRY (aggregated),BASE/DARK/etc,see private JSONL,"Textures.bnt (8,381 entries)","NAME_FOUND_EXACT=0; NAME_BASE_MATCH_EXTENSION_DIFF=0; NAME_NOT_FOUND=1; MATERIAL_REFERENCE_CONFIRMED=0; MATERIAL_APPLIED=0;BROWSER_OBSERVED=0; CONTAINER_ENTRY_RESOLVED=0;IMAGE_DECODED=0; ARK_TAIL=RAW_ONLY(218757 retraction stands)"
525934,PCG_9_3_5,SHAPE->NITEXTURINGPROPERTY->ARKTEXTURE_ENTRY (aggregated),BASE/DARK/etc,see private JSONL,"Textures.bnt (8,381 entries)","NAME_FOUND_EXACT=0; NAME_BASE_MATCH_EXTENSION_DIFF=0; NAME_NOT_FOUND=1; MATERIAL_REFERENCE_CONFIRMED=0; MATERIAL_APPLIED=0;BROWSER_OBSERVED=0; CONTAINER_ENTRY_RESOLVED=0;IMAGE_DECODED=0; ARK_TAIL=RAW_ONLY(218757 retraction stands)"
525938,PCG_9_3_5,SHAPE->NITEXTURINGPROPERTY->ARKTEXTURE_ENTRY (aggregated),BASE/DARK/etc,see private JSONL,"Textures.bnt (8,381 entries)","NAME_FOUND_EXACT=0; NAME_BASE_MATCH_EXTENSION_DIFF=0; NAME_NOT_FOUND=1; MATERIAL_REFERENCE_CONFIRMED=0; MATERIAL_APPLIED=0;BROWSER_OBSERVED=0; CONTAINER_ENTRY_RESOLVED=0;IMAGE_DECODED=0; ARK_TAIL=RAW_ONLY(218757 retraction stands)"
525942,PCG_9_3_5,SHAPE->NITEXTURINGPROPERTY->ARKTEXTURE_ENTRY (aggregated),BASE/DARK/etc,see private JSONL,"Textures.bnt (8,381 entries)","NAME_FOUND_EXACT=0; NAME_BASE_MATCH_EXTENSION_DIFF=0; NAME_NOT_FOUND=1; MATERIAL_REFERENCE_CONFIRMED=0; MATERIAL_APPLIED=0;BROWSER_OBSERVED=0; CONTAINER_ENTRY_RESOLVED=0;IMAGE_DECODED=0; ARK_TAIL=RAW_ONLY(218757 retraction stands)"
525946,PCG_9_3_5,SHAPE->NITEXTURINGPROPERTY->ARKTEXTURE_ENTRY (aggregated),BASE/DARK/etc,see private JSONL,"Textures.bnt (8,381 entries)","NAME_FOUND_EXACT=0; NAME_BASE_MATCH_EXTENSION_DIFF=0; NAME_NOT_FOUND=1; MATERIAL_REFERENCE_CONFIRMED=0; MATERIAL_APPLIED=0;BROWSER_OBSERVED=0; CONTAINER_ENTRY_RESOLVED=0;IMAGE_DECODED=0; ARK_TAIL=RAW_ONLY(218757 retraction stands)"
525950,PCG_9_3_5,SHAPE->NITEXTURINGPROPERTY->ARKTEXTURE_ENTRY (aggregated),BASE/DARK/etc,see private JSONL,"Textures.bnt (8,381 entries)","NAME_FOUND_EXACT=0; NAME_BASE_MATCH_EXTENSION_DIFF=0; NAME_NOT_FOUND=1; MATERIAL_REFERENCE_CONFIRMED=0; MATERIAL_APPLIED=0;BROWSER_OBSERVED=0; CONTAINER_ENTRY_RESOLVED=0;IMAGE_DECODED=0; ARK_TAIL=RAW_ONLY(218757 retraction stands)"
525954,PCG_9_3_5,SHAPE->NITEXTURINGPROPERTY->ARKTEXTURE_ENTRY (aggregated),BASE/DARK/etc,see private JSONL,"Textures.bnt (8,381 entries)","NAME_FOUND_EXACT=0; NAME_BASE_MATCH_EXTENSION_DIFF=0; NAME_NOT_FOUND=1; MATERIAL_REFERENCE_CONFIRMED=0; MATERIAL_APPLIED=0;BROWSER_OBSERVED=0; CONTAINER_ENTRY_RESOLVED=0;IMAGE_DECODED=0; ARK_TAIL=RAW_ONLY(218757 retraction stands)"
525958,PCG_9_3_5,SHAPE->NITEXTURINGPROPERTY->ARKTEXTURE_ENTRY (aggregated),BASE/DARK/etc,see private JSONL,"Textures.bnt (8,381 entries)","NAME_FOUND_EXACT=0; NAME_BASE_MATCH_EXTENSION_DIFF=0; NAME_NOT_FOUND=1; MATERIAL_REFERENCE_CONFIRMED=0; MATERIAL_APPLIED=0;BROWSER_OBSERVED=0; CONTAINER_ENTRY_RESOLVED=0;IMAGE_DECODED=0; ARK_TAIL=RAW_ONLY(218757 retraction stands)"
525961,PCG_9_3_5,SHAPE->NITEXTURINGPROPERTY->ARKTEXTURE_ENTRY (aggregated),BASE/DARK/etc,see private JSONL,"Textures.bnt (8,381 entries)","NAME_FOUND_EXACT=0; NAME_BASE_MATCH_EXTENSION_DIFF=0; NAME_NOT_FOUND=1; MATERIAL_REFERENCE_CONFIRMED=0; MATERIAL_APPLIED=0;BROWSER_OBSERVED=0; CONTAINER_ENTRY_RESOLVED=0;IMAGE_DECODED=0; ARK_TAIL=RAW_ONLY(218757 retraction stands)"
525964,PCG_9_3_5,SHAPE->NITEXTURINGPROPERTY->ARKTEXTURE_ENTRY (aggregated),BASE/DARK/etc,see private JSONL,"Textures.bnt (8,381 entries)","NAME_FOUND_EXACT=0; NAME_BASE_MATCH_EXTENSION_DIFF=0; NAME_NOT_FOUND=1; MATERIAL_REFERENCE_CONFIRMED=0; MATERIAL_APPLIED=0;BROWSER_OBSERVED=0; CONTAINER_ENTRY_RESOLVED=0;IMAGE_DECODED=0; ARK_TAIL=RAW_ONLY(218757 retraction stands)"
525968,PCG_9_3_5,SHAPE->NITEXTURINGPROPERTY->ARKTEXTURE_ENTRY (aggregated),BASE/DARK/etc,see private JSONL,"Textures.bnt (8,381 entries)","NAME_FOUND_EXACT=0; NAME_BASE_MATCH_EXTENSION_DIFF=0; NAME_NOT_FOUND=1; MATERIAL_REFERENCE_CONFIRMED=0; MATERIAL_APPLIED=0;BROWSER_OBSERVED=0; CONTAINER_ENTRY_RESOLVED=0;IMAGE_DECODED=0; ARK_TAIL=RAW_ONLY(218757 retraction stands)"
525982,PCG_9_3_5,SHAPE->NITEXTURINGPROPERTY->ARKTEXTURE_ENTRY (aggregated),BASE/DARK/etc,see private JSONL,"Textures.bnt (8,381 entries)","NAME_FOUND_EXACT=0; NAME_BASE_MATCH_EXTENSION_DIFF=0; NAME_NOT_FOUND=1; MATERIAL_REFERENCE_CONFIRMED=0; MATERIAL_APPLIED=0;BROWSER_OBSERVED=0; CONTAINER_ENTRY_RESOLVED=0;IMAGE_DECODED=0; ARK_TAIL=RAW_ONLY(218757 retraction stands)"
525990,PCG_9_3_5,SHAPE->NITEXTURINGPROPERTY->ARKTEXTURE_ENTRY (aggregated),BASE/DARK/etc,see private JSONL,"Textures.bnt (8,381 entries)","NAME_FOUND_EXACT=0; NAME_BASE_MATCH_EXTENSION_DIFF=0; NAME_NOT_FOUND=1; MATERIAL_REFERENCE_CONFIRMED=0; MATERIAL_APPLIED=0;BROWSER_OBSERVED=0; CONTAINER_ENTRY_RESOLVED=0;IMAGE_DECODED=0; ARK_TAIL=RAW_ONLY(218757 retraction stands)"
526103,PCG_9_3_5,SHAPE->NITEXTURINGPROPERTY->ARKTEXTURE_ENTRY (aggregated),BASE/DARK/etc,see private JSONL,"Textures.bnt (8,381 entries)","NAME_FOUND_EXACT=0; NAME_BASE_MATCH_EXTENSION_DIFF=0; NAME_NOT_FOUND=1; MATERIAL_REFERENCE_CONFIRMED=0; MATERIAL_APPLIED=0;BROWSER_OBSERVED=0; CONTAINER_ENTRY_RESOLVED=0;IMAGE_DECODED=0; ARK_TAIL=RAW_ONLY(218757 retraction stands)"
526104,PCG_9_3_5,SHAPE->NITEXTURINGPROPERTY->ARKTEXTURE_ENTRY (aggregated),BASE/DARK/etc,see private JSONL,"Textures.bnt (8,381 entries)","NAME_FOUND_EXACT=0; NAME_BASE_MATCH_EXTENSION_DIFF=0; NAME_NOT_FOUND=1; MATERIAL_REFERENCE_CONFIRMED=0; MATERIAL_APPLIED=0;BROWSER_OBSERVED=0; CONTAINER_ENTRY_RESOLVED=0;IMAGE_DECODED=0; ARK_TAIL=RAW_ONLY(218757 retraction stands)"
526105,PCG_9_3_5,SHAPE->NITEXTURINGPROPERTY->ARKTEXTURE_ENTRY (aggregated),BASE/DARK/etc,see private JSONL,"Textures.bnt (8,381 entries)","NAME_FOUND_EXACT=0; NAME_BASE_MATCH_EXTENSION_DIFF=0; NAME_NOT_FOUND=1; MATERIAL_REFERENCE_CONFIRMED=0; MATERIAL_APPLIED=0;BROWSER_OBSERVED=0; CONTAINER_ENTRY_RESOLVED=0;IMAGE_DECODED=0; ARK_TAIL=RAW_ONLY(218757 retraction stands)"
526106,PCG_9_3_5,SHAPE->NITEXTURINGPROPERTY->ARKTEXTURE_ENTRY (aggregated),BASE/DARK/etc,see private JSONL,"Textures.bnt (8,381 entries)","NAME_FOUND_EXACT=0; NAME_BASE_MATCH_EXTENSION_DIFF=0; NAME_NOT_FOUND=1; MATERIAL_REFERENCE_CONFIRMED=0; MATERIAL_APPLIED=0;BROWSER_OBSERVED=0; CONTAINER_ENTRY_RESOLVED=0;IMAGE_DECODED=0; ARK_TAIL=RAW_ONLY(218757 retraction stands)"
526107,PCG_9_3_5,SHAPE->NITEXTURINGPROPERTY->ARKTEXTURE_ENTRY (aggregated),BASE/DARK/etc,see private JSONL,"Textures.bnt (8,381 entries)","NAME_FOUND_EXACT=0; NAME_BASE_MATCH_EXTENSION_DIFF=0; NAME_NOT_FOUND=1; MATERIAL_REFERENCE_CONFIRMED=0; MATERIAL_APPLIED=0;BROWSER_OBSERVED=0; CONTAINER_ENTRY_RESOLVED=0;IMAGE_DECODED=0; ARK_TAIL=RAW_ONLY(218757 retraction stands)"
526108,PCG_9_3_5,SHAPE->NITEXTURINGPROPERTY->ARKTEXTURE_ENTRY (aggregated),BASE/DARK/etc,see private JSONL,"Textures.bnt (8,381 entries)","NAME_FOUND_EXACT=0; NAME_BASE_MATCH_EXTENSION_DIFF=0; NAME_NOT_FOUND=1; MATERIAL_REFERENCE_CONFIRMED=0; MATERIAL_APPLIED=0;BROWSER_OBSERVED=0; CONTAINER_ENTRY_RESOLVED=0;IMAGE_DECODED=0; ARK_TAIL=RAW_ONLY(218757 retraction stands)"
526109,PCG_9_3_5,SHAPE->NITEXTURINGPROPERTY->ARKTEXTURE_ENTRY (aggregated),BASE/DARK/etc,see private JSONL,"Textures.bnt (8,381 entries)","NAME_FOUND_EXACT=0; NAME_BASE_MATCH_EXTENSION_DIFF=0; NAME_NOT_FOUND=1; MATERIAL_REFERENCE_CONFIRMED=0; MATERIAL_APPLIED=0;BROWSER_OBSERVED=0; CONTAINER_ENTRY_RESOLVED=0;IMAGE_DECODED=0; ARK_TAIL=RAW_ONLY(218757 retraction stands)"
526135,PCG_9_3_5,SHAPE->NITEXTURINGPROPERTY->ARKTEXTURE_ENTRY (aggregated),BASE/DARK/etc,see private JSONL,"Textures.bnt (8,381 entries)","NAME_FOUND_EXACT=0; NAME_BASE_MATCH_EXTENSION_DIFF=0; NAME_NOT_FOUND=35; MATERIAL_REFERENCE_CONFIRMED=0; MATERIAL_APPLIED=0;BROWSER_OBSERVED=0; CONTAINER_ENTRY_RESOLVED=0;IMAGE_DECODED=0; ARK_TAIL=RAW_ONLY(218757 retraction stands)"
526552,PCG_9_3_5,SHAPE->NITEXTURINGPROPERTY->ARKTEXTURE_ENTRY (aggregated),BASE/DARK/etc,see private JSONL,"Textures.bnt (8,381 entries)","NAME_FOUND_EXACT=0; NAME_BASE_MATCH_EXTENSION_DIFF=0; NAME_NOT_FOUND=1; MATERIAL_REFERENCE_CONFIRMED=0; MATERIAL_APPLIED=0;BROWSER_OBSERVED=0; CONTAINER_ENTRY_RESOLVED=0;IMAGE_DECODED=0; ARK_TAIL=RAW_ONLY(218757 retraction stands)"
526555,PCG_9_3_5,SHAPE->NITEXTURINGPROPERTY->ARKTEXTURE_ENTRY (aggregated),BASE/DARK/etc,see private JSONL,"Textures.bnt (8,381 entries)","NAME_FOUND_EXACT=0; NAME_BASE_MATCH_EXTENSION_DIFF=0; NAME_NOT_FOUND=1; MATERIAL_REFERENCE_CONFIRMED=0; MATERIAL_APPLIED=0;BROWSER_OBSERVED=0; CONTAINER_ENTRY_RESOLVED=0;IMAGE_DECODED=0; ARK_TAIL=RAW_ONLY(218757 retraction stands)"
526557,PCG_9_3_5,SHAPE->NITEXTURINGPROPERTY->ARKTEXTURE_ENTRY (aggregated),BASE/DARK/etc,see private JSONL,"Textures.bnt (8,381 entries)","NAME_FOUND_EXACT=0; NAME_BASE_MATCH_EXTENSION_DIFF=0; NAME_NOT_FOUND=1; MATERIAL_REFERENCE_CONFIRMED=0; MATERIAL_APPLIED=0;BROWSER_OBSERVED=0; CONTAINER_ENTRY_RESOLVED=0;IMAGE_DECODED=0; ARK_TAIL=RAW_ONLY(218757 retraction stands)"
526559,PCG_9_3_5,SHAPE->NITEXTURINGPROPERTY->ARKTEXTURE_ENTRY (aggregated),BASE/DARK/etc,see private JSONL,"Textures.bnt (8,381 entries)","NAME_FOUND_EXACT=0; NAME_BASE_MATCH_EXTENSION_DIFF=0; NAME_NOT_FOUND=1; MATERIAL_REFERENCE_CONFIRMED=0; MATERIAL_APPLIED=0;BROWSER_OBSERVED=0; CONTAINER_ENTRY_RESOLVED=0;IMAGE_DECODED=0; ARK_TAIL=RAW_ONLY(218757 retraction stands)"
526561,PCG_9_3_5,SHAPE->NITEXTURINGPROPERTY->ARKTEXTURE_ENTRY (aggregated),BASE/DARK/etc,see private JSONL,"Textures.bnt (8,381 entries)","NAME_FOUND_EXACT=0; NAME_BASE_MATCH_EXTENSION_DIFF=0; NAME_NOT_FOUND=1; MATERIAL_REFERENCE_CONFIRMED=0; MATERIAL_APPLIED=0;BROWSER_OBSERVED=0; CONTAINER_ENTRY_RESOLVED=0;IMAGE_DECODED=0; ARK_TAIL=RAW_ONLY(218757 retraction stands)"
526568,PCG_9_3_5,SHAPE->NITEXTURINGPROPERTY->ARKTEXTURE_ENTRY (aggregated),BASE/DARK/etc,see private JSONL,"Textures.bnt (8,381 entries)","NAME_FOUND_EXACT=0; NAME_BASE_MATCH_EXTENSION_DIFF=0; NAME_NOT_FOUND=1; MATERIAL_REFERENCE_CONFIRMED=0; MATERIAL_APPLIED=0;BROWSER_OBSERVED=0; CONTAINER_ENTRY_RESOLVED=0;IMAGE_DECODED=0; ARK_TAIL=RAW_ONLY(218757 retraction stands)"
526608,PCG_9_3_5,SHAPE->NITEXTURINGPROPERTY->ARKTEXTURE_ENTRY (aggregated),BASE/DARK/etc,see private JSONL,"Textures.bnt (8,381 entries)","NAME_FOUND_EXACT=0; NAME_BASE_MATCH_EXTENSION_DIFF=0; NAME_NOT_FOUND=3; MATERIAL_REFERENCE_CONFIRMED=0; MATERIAL_APPLIED=0;BROWSER_OBSERVED=0; CONTAINER_ENTRY_RESOLVED=0;IMAGE_DECODED=0; ARK_TAIL=RAW_ONLY(218757 retraction stands)"
526620,PCG_9_3_5,SHAPE->NITEXTURINGPROPERTY->ARKTEXTURE_ENTRY (aggregated),BASE/DARK/etc,see private JSONL,"Textures.bnt (8,381 entries)","NAME_FOUND_EXACT=0; NAME_BASE_MATCH_EXTENSION_DIFF=0; NAME_NOT_FOUND=3; MATERIAL_REFERENCE_CONFIRMED=0; MATERIAL_APPLIED=0;BROWSER_OBSERVED=0; CONTAINER_ENTRY_RESOLVED=0;IMAGE_DECODED=0; ARK_TAIL=RAW_ONLY(218757 retraction stands)"
526624,PCG_9_3_5,SHAPE->NITEXTURINGPROPERTY->ARKTEXTURE_ENTRY (aggregated),BASE/DARK/etc,see private JSONL,"Textures.bnt (8,381 entries)","NAME_FOUND_EXACT=0; NAME_BASE_MATCH_EXTENSION_DIFF=0; NAME_NOT_FOUND=2; MATERIAL_REFERENCE_CONFIRMED=0; MATERIAL_APPLIED=0;BROWSER_OBSERVED=0; CONTAINER_ENTRY_RESOLVED=0;IMAGE_DECODED=0; ARK_TAIL=RAW_ONLY(218757 retraction stands)"
526627,PCG_9_3_5,SHAPE->NITEXTURINGPROPERTY->ARKTEXTURE_ENTRY (aggregated),BASE/DARK/etc,see private JSONL,"Textures.bnt (8,381 entries)","NAME_FOUND_EXACT=0; NAME_BASE_MATCH_EXTENSION_DIFF=0; NAME_NOT_FOUND=2; MATERIAL_REFERENCE_CONFIRMED=0; MATERIAL_APPLIED=0;BROWSER_OBSERVED=0; CONTAINER_ENTRY_RESOLVED=0;IMAGE_DECODED=0; ARK_TAIL=RAW_ONLY(218757 retraction stands)"
526630,PCG_9_3_5,SHAPE->NITEXTURINGPROPERTY->ARKTEXTURE_ENTRY (aggregated),BASE/DARK/etc,see private JSONL,"Textures.bnt (8,381 entries)","NAME_FOUND_EXACT=0; NAME_BASE_MATCH_EXTENSION_DIFF=0; NAME_NOT_FOUND=2; MATERIAL_REFERENCE_CONFIRMED=0; MATERIAL_APPLIED=0;BROWSER_OBSERVED=0; CONTAINER_ENTRY_RESOLVED=0;IMAGE_DECODED=0; ARK_TAIL=RAW_ONLY(218757 retraction stands)"
526932,PCG_9_3_5,SHAPE->NITEXTURINGPROPERTY->ARKTEXTURE_ENTRY (aggregated),BASE/DARK/etc,see private JSONL,"Textures.bnt (8,381 entries)","NAME_FOUND_EXACT=0; NAME_BASE_MATCH_EXTENSION_DIFF=0; NAME_NOT_FOUND=1; MATERIAL_REFERENCE_CONFIRMED=1; MATERIAL_APPLIED=0;BROWSER_OBSERVED=0; CONTAINER_ENTRY_RESOLVED=0;IMAGE_DECODED=0; ARK_TAIL=RAW_ONLY(218757 retraction stands)"
526939,PCG_9_3_5,SHAPE->NITEXTURINGPROPERTY->ARKTEXTURE_ENTRY (aggregated),BASE/DARK/etc,see private JSONL,"Textures.bnt (8,381 entries)","NAME_FOUND_EXACT=0; NAME_BASE_MATCH_EXTENSION_DIFF=0; NAME_NOT_FOUND=1; MATERIAL_REFERENCE_CONFIRMED=1; MATERIAL_APPLIED=0;BROWSER_OBSERVED=0; CONTAINER_ENTRY_RESOLVED=0;IMAGE_DECODED=0; ARK_TAIL=RAW_ONLY(218757 retraction stands)"
526946,PCG_9_3_5,SHAPE->NITEXTURINGPROPERTY->ARKTEXTURE_ENTRY (aggregated),BASE/DARK/etc,see private JSONL,"Textures.bnt (8,381 entries)","NAME_FOUND_EXACT=0; NAME_BASE_MATCH_EXTENSION_DIFF=0; NAME_NOT_FOUND=2; MATERIAL_REFERENCE_CONFIRMED=1; MATERIAL_APPLIED=0;BROWSER_OBSERVED=0; CONTAINER_ENTRY_RESOLVED=0;IMAGE_DECODED=0; ARK_TAIL=RAW_ONLY(218757 retraction stands)"
526954,PCG_9_3_5,SHAPE->NITEXTURINGPROPERTY->ARKTEXTURE_ENTRY (aggregated),BASE/DARK/etc,see private JSONL,"Textures.bnt (8,381 entries)","NAME_FOUND_EXACT=0; NAME_BASE_MATCH_EXTENSION_DIFF=0; NAME_NOT_FOUND=1; MATERIAL_REFERENCE_CONFIRMED=0; MATERIAL_APPLIED=0;BROWSER_OBSERVED=0; CONTAINER_ENTRY_RESOLVED=0;IMAGE_DECODED=0; ARK_TAIL=RAW_ONLY(218757 retraction stands)"
527001,PCG_9_3_5,SHAPE->NITEXTURINGPROPERTY->ARKTEXTURE_ENTRY (aggregated),BASE/DARK/etc,see private JSONL,"Textures.bnt (8,381 entries)","NAME_FOUND_EXACT=0; NAME_BASE_MATCH_EXTENSION_DIFF=0; NAME_NOT_FOUND=24; MATERIAL_REFERENCE_CONFIRMED=2; MATERIAL_APPLIED=0;BROWSER_OBSERVED=0; CONTAINER_ENTRY_RESOLVED=0;IMAGE_DECODED=0; ARK_TAIL=RAW_ONLY(218757 retraction stands)"
527058,PCG_9_3_5,SHAPE->NITEXTURINGPROPERTY->ARKTEXTURE_ENTRY (aggregated),BASE/DARK/etc,see private JSONL,"Textures.bnt (8,381 entries)","NAME_FOUND_EXACT=0; NAME_BASE_MATCH_EXTENSION_DIFF=0; NAME_NOT_FOUND=16; MATERIAL_REFERENCE_CONFIRMED=1; MATERIAL_APPLIED=0;BROWSER_OBSERVED=0; CONTAINER_ENTRY_RESOLVED=0;IMAGE_DECODED=0; ARK_TAIL=RAW_ONLY(218757 retraction stands)"
527087,PCG_9_3_5,SHAPE->NITEXTURINGPROPERTY->ARKTEXTURE_ENTRY (aggregated),BASE/DARK/etc,see private JSONL,"Textures.bnt (8,381 entries)","NAME_FOUND_EXACT=0; NAME_BASE_MATCH_EXTENSION_DIFF=0; NAME_NOT_FOUND=2; MATERIAL_REFERENCE_CONFIRMED=0; MATERIAL_APPLIED=0;BROWSER_OBSERVED=0; CONTAINER_ENTRY_RESOLVED=0;IMAGE_DECODED=0; ARK_TAIL=RAW_ONLY(218757 retraction stands)"
527964,PCG_9_3_5,SHAPE->NITEXTURINGPROPERTY->ARKTEXTURE_ENTRY (aggregated),BASE/DARK/etc,see private JSONL,"Textures.bnt (8,381 entries)","NAME_FOUND_EXACT=0; NAME_BASE_MATCH_EXTENSION_DIFF=0; NAME_NOT_FOUND=2; MATERIAL_REFERENCE_CONFIRMED=1; MATERIAL_APPLIED=0;BROWSER_OBSERVED=0; CONTAINER_ENTRY_RESOLVED=0;IMAGE_DECODED=0; ARK_TAIL=RAW_ONLY(218757 retraction stands)"
527971,PCG_9_3_5,SHAPE->NITEXTURINGPROPERTY->ARKTEXTURE_ENTRY (aggregated),BASE/DARK/etc,see private JSONL,"Textures.bnt (8,381 entries)","NAME_FOUND_EXACT=0; NAME_BASE_MATCH_EXTENSION_DIFF=0; NAME_NOT_FOUND=2; MATERIAL_REFERENCE_CONFIRMED=1; MATERIAL_APPLIED=0;BROWSER_OBSERVED=0; CONTAINER_ENTRY_RESOLVED=0;IMAGE_DECODED=0; ARK_TAIL=RAW_ONLY(218757 retraction stands)"
527978,PCG_9_3_5,SHAPE->NITEXTURINGPROPERTY->ARKTEXTURE_ENTRY (aggregated),BASE/DARK/etc,see private JSONL,"Textures.bnt (8,381 entries)","NAME_FOUND_EXACT=0; NAME_BASE_MATCH_EXTENSION_DIFF=0; NAME_NOT_FOUND=2; MATERIAL_REFERENCE_CONFIRMED=1; MATERIAL_APPLIED=0;BROWSER_OBSERVED=0; CONTAINER_ENTRY_RESOLVED=0;IMAGE_DECODED=0; ARK_TAIL=RAW_ONLY(218757 retraction stands)"
527984,PCG_9_3_5,SHAPE->NITEXTURINGPROPERTY->ARKTEXTURE_ENTRY (aggregated),BASE/DARK/etc,see private JSONL,"Textures.bnt (8,381 entries)","NAME_FOUND_EXACT=0; NAME_BASE_MATCH_EXTENSION_DIFF=0; NAME_NOT_FOUND=2; MATERIAL_REFERENCE_CONFIRMED=1; MATERIAL_APPLIED=0;BROWSER_OBSERVED=0; CONTAINER_ENTRY_RESOLVED=0;IMAGE_DECODED=0; ARK_TAIL=RAW_ONLY(218757 retraction stands)"
527996,PCG_9_3_5,SHAPE->NITEXTURINGPROPERTY->ARKTEXTURE_ENTRY (aggregated),BASE/DARK/etc,see private JSONL,"Textures.bnt (8,381 entries)","NAME_FOUND_EXACT=0; NAME_BASE_MATCH_EXTENSION_DIFF=0; NAME_NOT_FOUND=2; MATERIAL_REFERENCE_CONFIRMED=1; MATERIAL_APPLIED=0;BROWSER_OBSERVED=0; CONTAINER_ENTRY_RESOLVED=0;IMAGE_DECODED=0; ARK_TAIL=RAW_ONLY(218757 retraction stands)"
528004,PCG_9_3_5,SHAPE->NITEXTURINGPROPERTY->ARKTEXTURE_ENTRY (aggregated),BASE/DARK/etc,see private JSONL,"Textures.bnt (8,381 entries)","NAME_FOUND_EXACT=0; NAME_BASE_MATCH_EXTENSION_DIFF=0; NAME_NOT_FOUND=2; MATERIAL_REFERENCE_CONFIRMED=1; MATERIAL_APPLIED=0;BROWSER_OBSERVED=0; CONTAINER_ENTRY_RESOLVED=0;IMAGE_DECODED=0; ARK_TAIL=RAW_ONLY(218757 retraction stands)"
528015,PCG_9_3_5,SHAPE->NITEXTURINGPROPERTY->ARKTEXTURE_ENTRY (aggregated),BASE/DARK/etc,see private JSONL,"Textures.bnt (8,381 entries)","NAME_FOUND_EXACT=0; NAME_BASE_MATCH_EXTENSION_DIFF=0; NAME_NOT_FOUND=2; MATERIAL_REFERENCE_CONFIRMED=1; MATERIAL_APPLIED=0;BROWSER_OBSERVED=0; CONTAINER_ENTRY_RESOLVED=0;IMAGE_DECODED=0; ARK_TAIL=RAW_ONLY(218757 retraction stands)"
528035,PCG_9_3_5,SHAPE->NITEXTURINGPROPERTY->ARKTEXTURE_ENTRY (aggregated),BASE/DARK/etc,see private JSONL,"Textures.bnt (8,381 entries)","NAME_FOUND_EXACT=0; NAME_BASE_MATCH_EXTENSION_DIFF=0; NAME_NOT_FOUND=4; MATERIAL_REFERENCE_CONFIRMED=2; MATERIAL_APPLIED=0;BROWSER_OBSERVED=0; CONTAINER_ENTRY_RESOLVED=0;IMAGE_DECODED=0; ARK_TAIL=RAW_ONLY(218757 retraction stands)"
528043,PCG_9_3_5,SHAPE->NITEXTURINGPROPERTY->ARKTEXTURE_ENTRY (aggregated),BASE/DARK/etc,see private JSONL,"Textures.bnt (8,381 entries)","NAME_FOUND_EXACT=0; NAME_BASE_MATCH_EXTENSION_DIFF=0; NAME_NOT_FOUND=1; MATERIAL_REFERENCE_CONFIRMED=1; MATERIAL_APPLIED=0;BROWSER_OBSERVED=0; CONTAINER_ENTRY_RESOLVED=0;IMAGE_DECODED=0; ARK_TAIL=RAW_ONLY(218757 retraction stands)"
528046,PCG_9_3_5,SHAPE->NITEXTURINGPROPERTY->ARKTEXTURE_ENTRY (aggregated),BASE/DARK/etc,see private JSONL,"Textures.bnt (8,381 entries)","NAME_FOUND_EXACT=0; NAME_BASE_MATCH_EXTENSION_DIFF=0; NAME_NOT_FOUND=1; MATERIAL_REFERENCE_CONFIRMED=1; MATERIAL_APPLIED=0;BROWSER_OBSERVED=0; CONTAINER_ENTRY_RESOLVED=0;IMAGE_DECODED=0; ARK_TAIL=RAW_ONLY(218757 retraction stands)"
528341,PCG_9_3_5,SHAPE->NITEXTURINGPROPERTY->ARKTEXTURE_ENTRY (aggregated),BASE/DARK/etc,see private JSONL,"Textures.bnt (8,381 entries)","NAME_FOUND_EXACT=0; NAME_BASE_MATCH_EXTENSION_DIFF=0; NAME_NOT_FOUND=12; MATERIAL_REFERENCE_CONFIRMED=1; MATERIAL_APPLIED=0;BROWSER_OBSERVED=0; CONTAINER_ENTRY_RESOLVED=0;IMAGE_DECODED=0; ARK_TAIL=RAW_ONLY(218757 retraction stands)"
528358,PCG_9_3_5,SHAPE->NITEXTURINGPROPERTY->ARKTEXTURE_ENTRY (aggregated),BASE/DARK/etc,see private JSONL,"Textures.bnt (8,381 entries)","NAME_FOUND_EXACT=0; NAME_BASE_MATCH_EXTENSION_DIFF=0; NAME_NOT_FOUND=12; MATERIAL_REFERENCE_CONFIRMED=1; MATERIAL_APPLIED=0;BROWSER_OBSERVED=0; CONTAINER_ENTRY_RESOLVED=0;IMAGE_DECODED=0; ARK_TAIL=RAW_ONLY(218757 retraction stands)"
528447,PCG_9_3_5,SHAPE->NITEXTURINGPROPERTY->ARKTEXTURE_ENTRY (aggregated),BASE/DARK/etc,see private JSONL,"Textures.bnt (8,381 entries)","NAME_FOUND_EXACT=0; NAME_BASE_MATCH_EXTENSION_DIFF=0; NAME_NOT_FOUND=8; MATERIAL_REFERENCE_CONFIRMED=1; MATERIAL_APPLIED=0;BROWSER_OBSERVED=0; CONTAINER_ENTRY_RESOLVED=0;IMAGE_DECODED=0; ARK_TAIL=RAW_ONLY(218757 retraction stands)"
528457,PCG_9_3_5,SHAPE->NITEXTURINGPROPERTY->ARKTEXTURE_ENTRY (aggregated),BASE/DARK/etc,see private JSONL,"Textures.bnt (8,381 entries)","NAME_FOUND_EXACT=0; NAME_BASE_MATCH_EXTENSION_DIFF=0; NAME_NOT_FOUND=1; MATERIAL_REFERENCE_CONFIRMED=0; MATERIAL_APPLIED=0;BROWSER_OBSERVED=0; CONTAINER_ENTRY_RESOLVED=0;IMAGE_DECODED=0; ARK_TAIL=RAW_ONLY(218757 retraction stands)"
528466,PCG_9_3_5,SHAPE->NITEXTURINGPROPERTY->ARKTEXTURE_ENTRY (aggregated),BASE/DARK/etc,see private JSONL,"Textures.bnt (8,381 entries)","NAME_FOUND_EXACT=0; NAME_BASE_MATCH_EXTENSION_DIFF=0; NAME_NOT_FOUND=9; MATERIAL_REFERENCE_CONFIRMED=0; MATERIAL_APPLIED=0;BROWSER_OBSERVED=0; CONTAINER_ENTRY_RESOLVED=0;IMAGE_DECODED=0; ARK_TAIL=RAW_ONLY(218757 retraction stands)"
529695,PCG_9_3_5,SHAPE->NITEXTURINGPROPERTY->ARKTEXTURE_ENTRY (aggregated),BASE/DARK/etc,see private JSONL,"Textures.bnt (8,381 entries)","NAME_FOUND_EXACT=0; NAME_BASE_MATCH_EXTENSION_DIFF=0; NAME_NOT_FOUND=1; MATERIAL_REFERENCE_CONFIRMED=1; MATERIAL_APPLIED=0;BROWSER_OBSERVED=0; CONTAINER_ENTRY_RESOLVED=0;IMAGE_DECODED=0; ARK_TAIL=RAW_ONLY(218757 retraction stands)"
529721,PCG_9_3_5,SHAPE->NITEXTURINGPROPERTY->ARKTEXTURE_ENTRY (aggregated),BASE/DARK/etc,see private JSONL,"Textures.bnt (8,381 entries)","NAME_FOUND_EXACT=0; NAME_BASE_MATCH_EXTENSION_DIFF=0; NAME_NOT_FOUND=1; MATERIAL_REFERENCE_CONFIRMED=1; MATERIAL_APPLIED=0;BROWSER_OBSERVED=0; CONTAINER_ENTRY_RESOLVED=0;IMAGE_DECODED=0; ARK_TAIL=RAW_ONLY(218757 retraction stands)"
530022,PCG_9_3_5,SHAPE->NITEXTURINGPROPERTY->ARKTEXTURE_ENTRY (aggregated),BASE/DARK/etc,see private JSONL,"Textures.bnt (8,381 entries)","NAME_FOUND_EXACT=0; NAME_BASE_MATCH_EXTENSION_DIFF=0; NAME_NOT_FOUND=14; MATERIAL_REFERENCE_CONFIRMED=0; MATERIAL_APPLIED=0;BROWSER_OBSERVED=0; CONTAINER_ENTRY_RESOLVED=0;IMAGE_DECODED=0; ARK_TAIL=RAW_ONLY(218757 retraction stands)"
530034,PCG_9_3_5,SHAPE->NITEXTURINGPROPERTY->ARKTEXTURE_ENTRY (aggregated),BASE/DARK/etc,see private JSONL,"Textures.bnt (8,381 entries)","NAME_FOUND_EXACT=0; NAME_BASE_MATCH_EXTENSION_DIFF=0; NAME_NOT_FOUND=10; MATERIAL_REFERENCE_CONFIRMED=1; MATERIAL_APPLIED=0;BROWSER_OBSERVED=0; CONTAINER_ENTRY_RESOLVED=0;IMAGE_DECODED=0; ARK_TAIL=RAW_ONLY(218757 retraction stands)"
530571,PCG_9_3_5,SHAPE->NITEXTURINGPROPERTY->ARKTEXTURE_ENTRY (aggregated),BASE/DARK/etc,see private JSONL,"Textures.bnt (8,381 entries)","NAME_FOUND_EXACT=0; NAME_BASE_MATCH_EXTENSION_DIFF=0; NAME_NOT_FOUND=2; MATERIAL_REFERENCE_CONFIRMED=1; MATERIAL_APPLIED=0;BROWSER_OBSERVED=0; CONTAINER_ENTRY_RESOLVED=0;IMAGE_DECODED=0; ARK_TAIL=RAW_ONLY(218757 retraction stands)"
530576,PCG_9_3_5,SHAPE->NITEXTURINGPROPERTY->ARKTEXTURE_ENTRY (aggregated),BASE/DARK/etc,see private JSONL,"Textures.bnt (8,381 entries)","NAME_FOUND_EXACT=0; NAME_BASE_MATCH_EXTENSION_DIFF=0; NAME_NOT_FOUND=2; MATERIAL_REFERENCE_CONFIRMED=1; MATERIAL_APPLIED=0;BROWSER_OBSERVED=0; CONTAINER_ENTRY_RESOLVED=0;IMAGE_DECODED=0; ARK_TAIL=RAW_ONLY(218757 retraction stands)"
530601,PCG_9_3_5,SHAPE->NITEXTURINGPROPERTY->ARKTEXTURE_ENTRY (aggregated),BASE/DARK/etc,see private JSONL,"Textures.bnt (8,381 entries)","NAME_FOUND_EXACT=0; NAME_BASE_MATCH_EXTENSION_DIFF=0; NAME_NOT_FOUND=2; MATERIAL_REFERENCE_CONFIRMED=1; MATERIAL_APPLIED=0;BROWSER_OBSERVED=0; CONTAINER_ENTRY_RESOLVED=0;IMAGE_DECODED=0; ARK_TAIL=RAW_ONLY(218757 retraction stands)"
530650,PCG_9_3_5,SHAPE->NITEXTURINGPROPERTY->ARKTEXTURE_ENTRY (aggregated),BASE/DARK/etc,see private JSONL,"Textures.bnt (8,381 entries)","NAME_FOUND_EXACT=0; NAME_BASE_MATCH_EXTENSION_DIFF=0; NAME_NOT_FOUND=2; MATERIAL_REFERENCE_CONFIRMED=1; MATERIAL_APPLIED=0;BROWSER_OBSERVED=0; CONTAINER_ENTRY_RESOLVED=0;IMAGE_DECODED=0; ARK_TAIL=RAW_ONLY(218757 retraction stands)"
531031,PCG_9_3_5,SHAPE->NITEXTURINGPROPERTY->ARKTEXTURE_ENTRY (aggregated),BASE/DARK/etc,see private JSONL,"Textures.bnt (8,381 entries)","NAME_FOUND_EXACT=0; NAME_BASE_MATCH_EXTENSION_DIFF=0; NAME_NOT_FOUND=1; MATERIAL_REFERENCE_CONFIRMED=1; MATERIAL_APPLIED=0;BROWSER_OBSERVED=0; CONTAINER_ENTRY_RESOLVED=0;IMAGE_DECODED=0; ARK_TAIL=RAW_ONLY(218757 retraction stands)"
531038,PCG_9_3_5,SHAPE->NITEXTURINGPROPERTY->ARKTEXTURE_ENTRY (aggregated),BASE/DARK/etc,see private JSONL,"Textures.bnt (8,381 entries)","NAME_FOUND_EXACT=0; NAME_BASE_MATCH_EXTENSION_DIFF=0; NAME_NOT_FOUND=1; MATERIAL_REFERENCE_CONFIRMED=1; MATERIAL_APPLIED=0;BROWSER_OBSERVED=0; CONTAINER_ENTRY_RESOLVED=0;IMAGE_DECODED=0; ARK_TAIL=RAW_ONLY(218757 retraction stands)"
531244,PCG_9_3_5,SHAPE->NITEXTURINGPROPERTY->ARKTEXTURE_ENTRY (aggregated),BASE/DARK/etc,see private JSONL,"Textures.bnt (8,381 entries)","NAME_FOUND_EXACT=0; NAME_BASE_MATCH_EXTENSION_DIFF=0; NAME_NOT_FOUND=11; MATERIAL_REFERENCE_CONFIRMED=0; MATERIAL_APPLIED=0;BROWSER_OBSERVED=0; CONTAINER_ENTRY_RESOLVED=0;IMAGE_DECODED=0; ARK_TAIL=RAW_ONLY(218757 retraction stands)"
531895,PCG_9_3_5,SHAPE->NITEXTURINGPROPERTY->ARKTEXTURE_ENTRY (aggregated),BASE/DARK/etc,see private JSONL,"Textures.bnt (8,381 entries)","NAME_FOUND_EXACT=0; NAME_BASE_MATCH_EXTENSION_DIFF=0; NAME_NOT_FOUND=2; MATERIAL_REFERENCE_CONFIRMED=1; MATERIAL_APPLIED=0;BROWSER_OBSERVED=0; CONTAINER_ENTRY_RESOLVED=0;IMAGE_DECODED=0; ARK_TAIL=RAW_ONLY(218757 retraction stands)"
531897,PCG_9_3_5,SHAPE->NITEXTURINGPROPERTY->ARKTEXTURE_ENTRY (aggregated),BASE/DARK/etc,see private JSONL,"Textures.bnt (8,381 entries)","NAME_FOUND_EXACT=0; NAME_BASE_MATCH_EXTENSION_DIFF=0; NAME_NOT_FOUND=2; MATERIAL_REFERENCE_CONFIRMED=1; MATERIAL_APPLIED=0;BROWSER_OBSERVED=0; CONTAINER_ENTRY_RESOLVED=0;IMAGE_DECODED=0; ARK_TAIL=RAW_ONLY(218757 retraction stands)"
531899,PCG_9_3_5,SHAPE->NITEXTURINGPROPERTY->ARKTEXTURE_ENTRY (aggregated),BASE/DARK/etc,see private JSONL,"Textures.bnt (8,381 entries)","NAME_FOUND_EXACT=0; NAME_BASE_MATCH_EXTENSION_DIFF=0; NAME_NOT_FOUND=2; MATERIAL_REFERENCE_CONFIRMED=1; MATERIAL_APPLIED=0;BROWSER_OBSERVED=0; CONTAINER_ENTRY_RESOLVED=0;IMAGE_DECODED=0; ARK_TAIL=RAW_ONLY(218757 retraction stands)"
531901,PCG_9_3_5,SHAPE->NITEXTURINGPROPERTY->ARKTEXTURE_ENTRY (aggregated),BASE/DARK/etc,see private JSONL,"Textures.bnt (8,381 entries)","NAME_FOUND_EXACT=0; NAME_BASE_MATCH_EXTENSION_DIFF=0; NAME_NOT_FOUND=2; MATERIAL_REFERENCE_CONFIRMED=1; MATERIAL_APPLIED=0;BROWSER_OBSERVED=0; CONTAINER_ENTRY_RESOLVED=0;IMAGE_DECODED=0; ARK_TAIL=RAW_ONLY(218757 retraction stands)"
531903,PCG_9_3_5,SHAPE->NITEXTURINGPROPERTY->ARKTEXTURE_ENTRY (aggregated),BASE/DARK/etc,see private JSONL,"Textures.bnt (8,381 entries)","NAME_FOUND_EXACT=0; NAME_BASE_MATCH_EXTENSION_DIFF=0; NAME_NOT_FOUND=2; MATERIAL_REFERENCE_CONFIRMED=1; MATERIAL_APPLIED=0;BROWSER_OBSERVED=0; CONTAINER_ENTRY_RESOLVED=0;IMAGE_DECODED=0; ARK_TAIL=RAW_ONLY(218757 retraction stands)"
531905,PCG_9_3_5,SHAPE->NITEXTURINGPROPERTY->ARKTEXTURE_ENTRY (aggregated),BASE/DARK/etc,see private JSONL,"Textures.bnt (8,381 entries)","NAME_FOUND_EXACT=0; NAME_BASE_MATCH_EXTENSION_DIFF=0; NAME_NOT_FOUND=2; MATERIAL_REFERENCE_CONFIRMED=1; MATERIAL_APPLIED=0;BROWSER_OBSERVED=0; CONTAINER_ENTRY_RESOLVED=0;IMAGE_DECODED=0; ARK_TAIL=RAW_ONLY(218757 retraction stands)"
531907,PCG_9_3_5,SHAPE->NITEXTURINGPROPERTY->ARKTEXTURE_ENTRY (aggregated),BASE/DARK/etc,see private JSONL,"Textures.bnt (8,381 entries)","NAME_FOUND_EXACT=0; NAME_BASE_MATCH_EXTENSION_DIFF=0; NAME_NOT_FOUND=2; MATERIAL_REFERENCE_CONFIRMED=1; MATERIAL_APPLIED=0;BROWSER_OBSERVED=0; CONTAINER_ENTRY_RESOLVED=0;IMAGE_DECODED=0; ARK_TAIL=RAW_ONLY(218757 retraction stands)"
531909,PCG_9_3_5,SHAPE->NITEXTURINGPROPERTY->ARKTEXTURE_ENTRY (aggregated),BASE/DARK/etc,see private JSONL,"Textures.bnt (8,381 entries)","NAME_FOUND_EXACT=0; NAME_BASE_MATCH_EXTENSION_DIFF=0; NAME_NOT_FOUND=2; MATERIAL_REFERENCE_CONFIRMED=1; MATERIAL_APPLIED=0;BROWSER_OBSERVED=0; CONTAINER_ENTRY_RESOLVED=0;IMAGE_DECODED=0; ARK_TAIL=RAW_ONLY(218757 retraction stands)"
531914,PCG_9_3_5,SHAPE->NITEXTURINGPROPERTY->ARKTEXTURE_ENTRY (aggregated),BASE/DARK/etc,see private JSONL,"Textures.bnt (8,381 entries)","NAME_FOUND_EXACT=0; NAME_BASE_MATCH_EXTENSION_DIFF=0; NAME_NOT_FOUND=1; MATERIAL_REFERENCE_CONFIRMED=1; MATERIAL_APPLIED=0;BROWSER_OBSERVED=0; CONTAINER_ENTRY_RESOLVED=0;IMAGE_DECODED=0; ARK_TAIL=RAW_ONLY(218757 retraction stands)"
531917,PCG_9_3_5,SHAPE->NITEXTURINGPROPERTY->ARKTEXTURE_ENTRY (aggregated),BASE/DARK/etc,see private JSONL,"Textures.bnt (8,381 entries)","NAME_FOUND_EXACT=0; NAME_BASE_MATCH_EXTENSION_DIFF=0; NAME_NOT_FOUND=1; MATERIAL_REFERENCE_CONFIRMED=1; MATERIAL_APPLIED=0;BROWSER_OBSERVED=0; CONTAINER_ENTRY_RESOLVED=0;IMAGE_DECODED=0; ARK_TAIL=RAW_ONLY(218757 retraction stands)"
531921,PCG_9_3_5,SHAPE->NITEXTURINGPROPERTY->ARKTEXTURE_ENTRY (aggregated),BASE/DARK/etc,see private JSONL,"Textures.bnt (8,381 entries)","NAME_FOUND_EXACT=0; NAME_BASE_MATCH_EXTENSION_DIFF=0; NAME_NOT_FOUND=1; MATERIAL_REFERENCE_CONFIRMED=1; MATERIAL_APPLIED=0;BROWSER_OBSERVED=0; CONTAINER_ENTRY_RESOLVED=0;IMAGE_DECODED=0; ARK_TAIL=RAW_ONLY(218757 retraction stands)"
531924,PCG_9_3_5,SHAPE->NITEXTURINGPROPERTY->ARKTEXTURE_ENTRY (aggregated),BASE/DARK/etc,see private JSONL,"Textures.bnt (8,381 entries)","NAME_FOUND_EXACT=0; NAME_BASE_MATCH_EXTENSION_DIFF=0; NAME_NOT_FOUND=1; MATERIAL_REFERENCE_CONFIRMED=1; MATERIAL_APPLIED=0;BROWSER_OBSERVED=0; CONTAINER_ENTRY_RESOLVED=0;IMAGE_DECODED=0; ARK_TAIL=RAW_ONLY(218757 retraction stands)"
531928,PCG_9_3_5,SHAPE->NITEXTURINGPROPERTY->ARKTEXTURE_ENTRY (aggregated),BASE/DARK/etc,see private JSONL,"Textures.bnt (8,381 entries)","NAME_FOUND_EXACT=0; NAME_BASE_MATCH_EXTENSION_DIFF=0; NAME_NOT_FOUND=1; MATERIAL_REFERENCE_CONFIRMED=1; MATERIAL_APPLIED=0;BROWSER_OBSERVED=0; CONTAINER_ENTRY_RESOLVED=0;IMAGE_DECODED=0; ARK_TAIL=RAW_ONLY(218757 retraction stands)"
531932,PCG_9_3_5,SHAPE->NITEXTURINGPROPERTY->ARKTEXTURE_ENTRY (aggregated),BASE/DARK/etc,see private JSONL,"Textures.bnt (8,381 entries)","NAME_FOUND_EXACT=0; NAME_BASE_MATCH_EXTENSION_DIFF=0; NAME_NOT_FOUND=1; MATERIAL_REFERENCE_CONFIRMED=1; MATERIAL_APPLIED=0;BROWSER_OBSERVED=0; CONTAINER_ENTRY_RESOLVED=0;IMAGE_DECODED=0; ARK_TAIL=RAW_ONLY(218757 retraction stands)"
531935,PCG_9_3_5,SHAPE->NITEXTURINGPROPERTY->ARKTEXTURE_ENTRY (aggregated),BASE/DARK/etc,see private JSONL,"Textures.bnt (8,381 entries)","NAME_FOUND_EXACT=0; NAME_BASE_MATCH_EXTENSION_DIFF=0; NAME_NOT_FOUND=1; MATERIAL_REFERENCE_CONFIRMED=1; MATERIAL_APPLIED=0;BROWSER_OBSERVED=0; CONTAINER_ENTRY_RESOLVED=0;IMAGE_DECODED=0; ARK_TAIL=RAW_ONLY(218757 retraction stands)"
531938,PCG_9_3_5,SHAPE->NITEXTURINGPROPERTY->ARKTEXTURE_ENTRY (aggregated),BASE/DARK/etc,see private JSONL,"Textures.bnt (8,381 entries)","NAME_FOUND_EXACT=0; NAME_BASE_MATCH_EXTENSION_DIFF=0; NAME_NOT_FOUND=1; MATERIAL_REFERENCE_CONFIRMED=1; MATERIAL_APPLIED=0;BROWSER_OBSERVED=0; CONTAINER_ENTRY_RESOLVED=0;IMAGE_DECODED=0; ARK_TAIL=RAW_ONLY(218757 retraction stands)"
531939,PCG_9_3_5,SHAPE->NITEXTURINGPROPERTY->ARKTEXTURE_ENTRY (aggregated),BASE/DARK/etc,see private JSONL,"Textures.bnt (8,381 entries)","NAME_FOUND_EXACT=0; NAME_BASE_MATCH_EXTENSION_DIFF=0; NAME_NOT_FOUND=1; MATERIAL_REFERENCE_CONFIRMED=1; MATERIAL_APPLIED=0;BROWSER_OBSERVED=0; CONTAINER_ENTRY_RESOLVED=0;IMAGE_DECODED=0; ARK_TAIL=RAW_ONLY(218757 retraction stands)"
531940,PCG_9_3_5,SHAPE->NITEXTURINGPROPERTY->ARKTEXTURE_ENTRY (aggregated),BASE/DARK/etc,see private JSONL,"Textures.bnt (8,381 entries)","NAME_FOUND_EXACT=0; NAME_BASE_MATCH_EXTENSION_DIFF=0; NAME_NOT_FOUND=1; MATERIAL_REFERENCE_CONFIRMED=1; MATERIAL_APPLIED=0;BROWSER_OBSERVED=0; CONTAINER_ENTRY_RESOLVED=0;IMAGE_DECODED=0; ARK_TAIL=RAW_ONLY(218757 retraction stands)"
531941,PCG_9_3_5,SHAPE->NITEXTURINGPROPERTY->ARKTEXTURE_ENTRY (aggregated),BASE/DARK/etc,see private JSONL,"Textures.bnt (8,381 entries)","NAME_FOUND_EXACT=0; NAME_BASE_MATCH_EXTENSION_DIFF=0; NAME_NOT_FOUND=1; MATERIAL_REFERENCE_CONFIRMED=1; MATERIAL_APPLIED=0;BROWSER_OBSERVED=0; CONTAINER_ENTRY_RESOLVED=0;IMAGE_DECODED=0; ARK_TAIL=RAW_ONLY(218757 retraction stands)"
531942,PCG_9_3_5,SHAPE->NITEXTURINGPROPERTY->ARKTEXTURE_ENTRY (aggregated),BASE/DARK/etc,see private JSONL,"Textures.bnt (8,381 entries)","NAME_FOUND_EXACT=0; NAME_BASE_MATCH_EXTENSION_DIFF=0; NAME_NOT_FOUND=2; MATERIAL_REFERENCE_CONFIRMED=2; MATERIAL_APPLIED=0;BROWSER_OBSERVED=0; CONTAINER_ENTRY_RESOLVED=0;IMAGE_DECODED=0; ARK_TAIL=RAW_ONLY(218757 retraction stands)"
531943,PCG_9_3_5,SHAPE->NITEXTURINGPROPERTY->ARKTEXTURE_ENTRY (aggregated),BASE/DARK/etc,see private JSONL,"Textures.bnt (8,381 entries)","NAME_FOUND_EXACT=0; NAME_BASE_MATCH_EXTENSION_DIFF=0; NAME_NOT_FOUND=1; MATERIAL_REFERENCE_CONFIRMED=1; MATERIAL_APPLIED=0;BROWSER_OBSERVED=0; CONTAINER_ENTRY_RESOLVED=0;IMAGE_DECODED=0; ARK_TAIL=RAW_ONLY(218757 retraction stands)"
532322,PCG_9_3_5,SHAPE->NITEXTURINGPROPERTY->ARKTEXTURE_ENTRY (aggregated),BASE/DARK/etc,see private JSONL,"Textures.bnt (8,381 entries)","NAME_FOUND_EXACT=0; NAME_BASE_MATCH_EXTENSION_DIFF=0; NAME_NOT_FOUND=8; MATERIAL_REFERENCE_CONFIRMED=0; MATERIAL_APPLIED=0;BROWSER_OBSERVED=0; CONTAINER_ENTRY_RESOLVED=0;IMAGE_DECODED=0; ARK_TAIL=RAW_ONLY(218757 retraction stands)"
532597,PCG_9_3_5,SHAPE->NITEXTURINGPROPERTY->ARKTEXTURE_ENTRY (aggregated),BASE/DARK/etc,see private JSONL,"Textures.bnt (8,381 entries)","NAME_FOUND_EXACT=0; NAME_BASE_MATCH_EXTENSION_DIFF=0; NAME_NOT_FOUND=1; MATERIAL_REFERENCE_CONFIRMED=1; MATERIAL_APPLIED=0;BROWSER_OBSERVED=0; CONTAINER_ENTRY_RESOLVED=0;IMAGE_DECODED=0; ARK_TAIL=RAW_ONLY(218757 retraction stands)"
532600,PCG_9_3_5,SHAPE->NITEXTURINGPROPERTY->ARKTEXTURE_ENTRY (aggregated),BASE/DARK/etc,see private JSONL,"Textures.bnt (8,381 entries)","NAME_FOUND_EXACT=0; NAME_BASE_MATCH_EXTENSION_DIFF=0; NAME_NOT_FOUND=1; MATERIAL_REFERENCE_CONFIRMED=1; MATERIAL_APPLIED=0;BROWSER_OBSERVED=0; CONTAINER_ENTRY_RESOLVED=0;IMAGE_DECODED=0; ARK_TAIL=RAW_ONLY(218757 retraction stands)"
532690,PCG_9_3_5,SHAPE->NITEXTURINGPROPERTY->ARKTEXTURE_ENTRY (aggregated),BASE/DARK/etc,see private JSONL,"Textures.bnt (8,381 entries)","NAME_FOUND_EXACT=0; NAME_BASE_MATCH_EXTENSION_DIFF=0; NAME_NOT_FOUND=12; MATERIAL_REFERENCE_CONFIRMED=0; MATERIAL_APPLIED=0;BROWSER_OBSERVED=0; CONTAINER_ENTRY_RESOLVED=0;IMAGE_DECODED=0; ARK_TAIL=RAW_ONLY(218757 retraction stands)"
533370,PCG_9_3_5,SHAPE->NITEXTURINGPROPERTY->ARKTEXTURE_ENTRY (aggregated),BASE/DARK/etc,see private JSONL,"Textures.bnt (8,381 entries)","NAME_FOUND_EXACT=0; NAME_BASE_MATCH_EXTENSION_DIFF=0; NAME_NOT_FOUND=1; MATERIAL_REFERENCE_CONFIRMED=0; MATERIAL_APPLIED=0;BROWSER_OBSERVED=0; CONTAINER_ENTRY_RESOLVED=0;IMAGE_DECODED=0; ARK_TAIL=RAW_ONLY(218757 retraction stands)"
533407,PCG_9_3_5,SHAPE->NITEXTURINGPROPERTY->ARKTEXTURE_ENTRY (aggregated),BASE/DARK/etc,see private JSONL,"Textures.bnt (8,381 entries)","NAME_FOUND_EXACT=0; NAME_BASE_MATCH_EXTENSION_DIFF=0; NAME_NOT_FOUND=1; MATERIAL_REFERENCE_CONFIRMED=0; MATERIAL_APPLIED=0;BROWSER_OBSERVED=0; CONTAINER_ENTRY_RESOLVED=0;IMAGE_DECODED=0; ARK_TAIL=RAW_ONLY(218757 retraction stands)"
535268,PCG_9_3_5,SHAPE->NITEXTURINGPROPERTY->ARKTEXTURE_ENTRY (aggregated),BASE/DARK/etc,see private JSONL,"Textures.bnt (8,381 entries)","NAME_FOUND_EXACT=0; NAME_BASE_MATCH_EXTENSION_DIFF=0; NAME_NOT_FOUND=12; MATERIAL_REFERENCE_CONFIRMED=3; MATERIAL_APPLIED=0;BROWSER_OBSERVED=0; CONTAINER_ENTRY_RESOLVED=0;IMAGE_DECODED=0; ARK_TAIL=RAW_ONLY(218757 retraction stands)"
535274,PCG_9_3_5,SHAPE->NITEXTURINGPROPERTY->ARKTEXTURE_ENTRY (aggregated),BASE/DARK/etc,see private JSONL,"Textures.bnt (8,381 entries)","NAME_FOUND_EXACT=0; NAME_BASE_MATCH_EXTENSION_DIFF=0; NAME_NOT_FOUND=10; MATERIAL_REFERENCE_CONFIRMED=3; MATERIAL_APPLIED=0;BROWSER_OBSERVED=0; CONTAINER_ENTRY_RESOLVED=0;IMAGE_DECODED=0; ARK_TAIL=RAW_ONLY(218757 retraction stands)"
535280,PCG_9_3_5,SHAPE->NITEXTURINGPROPERTY->ARKTEXTURE_ENTRY (aggregated),BASE/DARK/etc,see private JSONL,"Textures.bnt (8,381 entries)","NAME_FOUND_EXACT=0; NAME_BASE_MATCH_EXTENSION_DIFF=0; NAME_NOT_FOUND=10; MATERIAL_REFERENCE_CONFIRMED=3; MATERIAL_APPLIED=0;BROWSER_OBSERVED=0; CONTAINER_ENTRY_RESOLVED=0;IMAGE_DECODED=0; ARK_TAIL=RAW_ONLY(218757 retraction stands)"
536060,PCG_9_3_5,SHAPE->NITEXTURINGPROPERTY->ARKTEXTURE_ENTRY (aggregated),BASE/DARK/etc,see private JSONL,"Textures.bnt (8,381 entries)","NAME_FOUND_EXACT=0; NAME_BASE_MATCH_EXTENSION_DIFF=0; NAME_NOT_FOUND=0; MATERIAL_REFERENCE_CONFIRMED=1; MATERIAL_APPLIED=0;BROWSER_OBSERVED=0; CONTAINER_ENTRY_RESOLVED=0;IMAGE_DECODED=0; ARK_TAIL=RAW_ONLY(218757 retraction stands)"
536214,PCG_9_3_5,SHAPE->NITEXTURINGPROPERTY->ARKTEXTURE_ENTRY (aggregated),BASE/DARK/etc,see private JSONL,"Textures.bnt (8,381 entries)","NAME_FOUND_EXACT=0; NAME_BASE_MATCH_EXTENSION_DIFF=0; NAME_NOT_FOUND=4; MATERIAL_REFERENCE_CONFIRMED=1; MATERIAL_APPLIED=0;BROWSER_OBSERVED=0; CONTAINER_ENTRY_RESOLVED=0;IMAGE_DECODED=0; ARK_TAIL=RAW_ONLY(218757 retraction stands)"
536323,PCG_9_3_5,SHAPE->NITEXTURINGPROPERTY->ARKTEXTURE_ENTRY (aggregated),BASE/DARK/etc,see private JSONL,"Textures.bnt (8,381 entries)","NAME_FOUND_EXACT=0; NAME_BASE_MATCH_EXTENSION_DIFF=0; NAME_NOT_FOUND=3; MATERIAL_REFERENCE_CONFIRMED=1; MATERIAL_APPLIED=0;BROWSER_OBSERVED=0; CONTAINER_ENTRY_RESOLVED=0;IMAGE_DECODED=0; ARK_TAIL=RAW_ONLY(218757 retraction stands)"
536747,PCG_9_3_5,SHAPE->NITEXTURINGPROPERTY->ARKTEXTURE_ENTRY (aggregated),BASE/DARK/etc,see private JSONL,"Textures.bnt (8,381 entries)","NAME_FOUND_EXACT=0; NAME_BASE_MATCH_EXTENSION_DIFF=0; NAME_NOT_FOUND=1; MATERIAL_REFERENCE_CONFIRMED=0; MATERIAL_APPLIED=0;BROWSER_OBSERVED=0; CONTAINER_ENTRY_RESOLVED=0;IMAGE_DECODED=0; ARK_TAIL=RAW_ONLY(218757 retraction stands)"
536750,PCG_9_3_5,SHAPE->NITEXTURINGPROPERTY->ARKTEXTURE_ENTRY (aggregated),BASE/DARK/etc,see private JSONL,"Textures.bnt (8,381 entries)","NAME_FOUND_EXACT=0; NAME_BASE_MATCH_EXTENSION_DIFF=0; NAME_NOT_FOUND=1; MATERIAL_REFERENCE_CONFIRMED=0; MATERIAL_APPLIED=0;BROWSER_OBSERVED=0; CONTAINER_ENTRY_RESOLVED=0;IMAGE_DECODED=0; ARK_TAIL=RAW_ONLY(218757 retraction stands)"
536752,PCG_9_3_5,SHAPE->NITEXTURINGPROPERTY->ARKTEXTURE_ENTRY (aggregated),BASE/DARK/etc,see private JSONL,"Textures.bnt (8,381 entries)","NAME_FOUND_EXACT=0; NAME_BASE_MATCH_EXTENSION_DIFF=0; NAME_NOT_FOUND=1; MATERIAL_REFERENCE_CONFIRMED=0; MATERIAL_APPLIED=0;BROWSER_OBSERVED=0; CONTAINER_ENTRY_RESOLVED=0;IMAGE_DECODED=0; ARK_TAIL=RAW_ONLY(218757 retraction stands)"
536754,PCG_9_3_5,SHAPE->NITEXTURINGPROPERTY->ARKTEXTURE_ENTRY (aggregated),BASE/DARK/etc,see private JSONL,"Textures.bnt (8,381 entries)","NAME_FOUND_EXACT=0; NAME_BASE_MATCH_EXTENSION_DIFF=0; NAME_NOT_FOUND=1; MATERIAL_REFERENCE_CONFIRMED=0; MATERIAL_APPLIED=0;BROWSER_OBSERVED=0; CONTAINER_ENTRY_RESOLVED=0;IMAGE_DECODED=0; ARK_TAIL=RAW_ONLY(218757 retraction stands)"
536756,PCG_9_3_5,SHAPE->NITEXTURINGPROPERTY->ARKTEXTURE_ENTRY (aggregated),BASE/DARK/etc,see private JSONL,"Textures.bnt (8,381 entries)","NAME_FOUND_EXACT=0; NAME_BASE_MATCH_EXTENSION_DIFF=0; NAME_NOT_FOUND=1; MATERIAL_REFERENCE_CONFIRMED=0; MATERIAL_APPLIED=0;BROWSER_OBSERVED=0; CONTAINER_ENTRY_RESOLVED=0;IMAGE_DECODED=0; ARK_TAIL=RAW_ONLY(218757 retraction stands)"
536758,PCG_9_3_5,SHAPE->NITEXTURINGPROPERTY->ARKTEXTURE_ENTRY (aggregated),BASE/DARK/etc,see private JSONL,"Textures.bnt (8,381 entries)","NAME_FOUND_EXACT=0; NAME_BASE_MATCH_EXTENSION_DIFF=0; NAME_NOT_FOUND=1; MATERIAL_REFERENCE_CONFIRMED=0; MATERIAL_APPLIED=0;BROWSER_OBSERVED=0; CONTAINER_ENTRY_RESOLVED=0;IMAGE_DECODED=0; ARK_TAIL=RAW_ONLY(218757 retraction stands)"
536760,PCG_9_3_5,SHAPE->NITEXTURINGPROPERTY->ARKTEXTURE_ENTRY (aggregated),BASE/DARK/etc,see private JSONL,"Textures.bnt (8,381 entries)","NAME_FOUND_EXACT=0; NAME_BASE_MATCH_EXTENSION_DIFF=0; NAME_NOT_FOUND=1; MATERIAL_REFERENCE_CONFIRMED=0; MATERIAL_APPLIED=0;BROWSER_OBSERVED=0; CONTAINER_ENTRY_RESOLVED=0;IMAGE_DECODED=0; ARK_TAIL=RAW_ONLY(218757 retraction stands)"
536762,PCG_9_3_5,SHAPE->NITEXTURINGPROPERTY->ARKTEXTURE_ENTRY (aggregated),BASE/DARK/etc,see private JSONL,"Textures.bnt (8,381 entries)","NAME_FOUND_EXACT=0; NAME_BASE_MATCH_EXTENSION_DIFF=0; NAME_NOT_FOUND=1; MATERIAL_REFERENCE_CONFIRMED=0; MATERIAL_APPLIED=0;BROWSER_OBSERVED=0; CONTAINER_ENTRY_RESOLVED=0;IMAGE_DECODED=0; ARK_TAIL=RAW_ONLY(218757 retraction stands)"
536764,PCG_9_3_5,SHAPE->NITEXTURINGPROPERTY->ARKTEXTURE_ENTRY (aggregated),BASE/DARK/etc,see private JSONL,"Textures.bnt (8,381 entries)","NAME_FOUND_EXACT=0; NAME_BASE_MATCH_EXTENSION_DIFF=0; NAME_NOT_FOUND=1; MATERIAL_REFERENCE_CONFIRMED=0; MATERIAL_APPLIED=0;BROWSER_OBSERVED=0; CONTAINER_ENTRY_RESOLVED=0;IMAGE_DECODED=0; ARK_TAIL=RAW_ONLY(218757 retraction stands)"
536766,PCG_9_3_5,SHAPE->NITEXTURINGPROPERTY->ARKTEXTURE_ENTRY (aggregated),BASE/DARK/etc,see private JSONL,"Textures.bnt (8,381 entries)","NAME_FOUND_EXACT=0; NAME_BASE_MATCH_EXTENSION_DIFF=0; NAME_NOT_FOUND=1; MATERIAL_REFERENCE_CONFIRMED=0; MATERIAL_APPLIED=0;BROWSER_OBSERVED=0; CONTAINER_ENTRY_RESOLVED=0;IMAGE_DECODED=0; ARK_TAIL=RAW_ONLY(218757 retraction stands)"
536768,PCG_9_3_5,SHAPE->NITEXTURINGPROPERTY->ARKTEXTURE_ENTRY (aggregated),BASE/DARK/etc,see private JSONL,"Textures.bnt (8,381 entries)","NAME_FOUND_EXACT=0; NAME_BASE_MATCH_EXTENSION_DIFF=0; NAME_NOT_FOUND=1; MATERIAL_REFERENCE_CONFIRMED=0; MATERIAL_APPLIED=0;BROWSER_OBSERVED=0; CONTAINER_ENTRY_RESOLVED=0;IMAGE_DECODED=0; ARK_TAIL=RAW_ONLY(218757 retraction stands)"
537419,PCG_9_3_5,SHAPE->NITEXTURINGPROPERTY->ARKTEXTURE_ENTRY (aggregated),BASE/DARK/etc,see private JSONL,"Textures.bnt (8,381 entries)","NAME_FOUND_EXACT=0; NAME_BASE_MATCH_EXTENSION_DIFF=0; NAME_NOT_FOUND=1; MATERIAL_REFERENCE_CONFIRMED=1; MATERIAL_APPLIED=0;BROWSER_OBSERVED=0; CONTAINER_ENTRY_RESOLVED=0;IMAGE_DECODED=0; ARK_TAIL=RAW_ONLY(218757 retraction stands)"
537425,PCG_9_3_5,SHAPE->NITEXTURINGPROPERTY->ARKTEXTURE_ENTRY (aggregated),BASE/DARK/etc,see private JSONL,"Textures.bnt (8,381 entries)","NAME_FOUND_EXACT=0; NAME_BASE_MATCH_EXTENSION_DIFF=0; NAME_NOT_FOUND=1; MATERIAL_REFERENCE_CONFIRMED=1; MATERIAL_APPLIED=0;BROWSER_OBSERVED=0; CONTAINER_ENTRY_RESOLVED=0;IMAGE_DECODED=0; ARK_TAIL=RAW_ONLY(218757 retraction stands)"
538164,PCG_9_3_5,SHAPE->NITEXTURINGPROPERTY->ARKTEXTURE_ENTRY (aggregated),BASE/DARK/etc,see private JSONL,"Textures.bnt (8,381 entries)","NAME_FOUND_EXACT=0; NAME_BASE_MATCH_EXTENSION_DIFF=0; NAME_NOT_FOUND=1; MATERIAL_REFERENCE_CONFIRMED=1; MATERIAL_APPLIED=0;BROWSER_OBSERVED=0; CONTAINER_ENTRY_RESOLVED=0;IMAGE_DECODED=0; ARK_TAIL=RAW_ONLY(218757 retraction stands)"
538167,PCG_9_3_5,SHAPE->NITEXTURINGPROPERTY->ARKTEXTURE_ENTRY (aggregated),BASE/DARK/etc,see private JSONL,"Textures.bnt (8,381 entries)","NAME_FOUND_EXACT=0; NAME_BASE_MATCH_EXTENSION_DIFF=0; NAME_NOT_FOUND=1; MATERIAL_REFERENCE_CONFIRMED=1; MATERIAL_APPLIED=0;BROWSER_OBSERVED=0; CONTAINER_ENTRY_RESOLVED=0;IMAGE_DECODED=0; ARK_TAIL=RAW_ONLY(218757 retraction stands)"
540070,PCG_9_3_5,SHAPE->NITEXTURINGPROPERTY->ARKTEXTURE_ENTRY (aggregated),BASE/DARK/etc,see private JSONL,"Textures.bnt (8,381 entries)","NAME_FOUND_EXACT=0; NAME_BASE_MATCH_EXTENSION_DIFF=0; NAME_NOT_FOUND=1; MATERIAL_REFERENCE_CONFIRMED=1; MATERIAL_APPLIED=0;BROWSER_OBSERVED=0; CONTAINER_ENTRY_RESOLVED=0;IMAGE_DECODED=0; ARK_TAIL=RAW_ONLY(218757 retraction stands)"
540075,PCG_9_3_5,SHAPE->NITEXTURINGPROPERTY->ARKTEXTURE_ENTRY (aggregated),BASE/DARK/etc,see private JSONL,"Textures.bnt (8,381 entries)","NAME_FOUND_EXACT=0; NAME_BASE_MATCH_EXTENSION_DIFF=0; NAME_NOT_FOUND=1; MATERIAL_REFERENCE_CONFIRMED=1; MATERIAL_APPLIED=0;BROWSER_OBSERVED=0; CONTAINER_ENTRY_RESOLVED=0;IMAGE_DECODED=0; ARK_TAIL=RAW_ONLY(218757 retraction stands)"
540098,PCG_9_3_5,SHAPE->NITEXTURINGPROPERTY->ARKTEXTURE_ENTRY (aggregated),BASE/DARK/etc,see private JSONL,"Textures.bnt (8,381 entries)","NAME_FOUND_EXACT=0; NAME_BASE_MATCH_EXTENSION_DIFF=0; NAME_NOT_FOUND=1; MATERIAL_REFERENCE_CONFIRMED=1; MATERIAL_APPLIED=0;BROWSER_OBSERVED=0; CONTAINER_ENTRY_RESOLVED=0;IMAGE_DECODED=0; ARK_TAIL=RAW_ONLY(218757 retraction stands)"
540443,PCG_9_3_5,SHAPE->NITEXTURINGPROPERTY->ARKTEXTURE_ENTRY (aggregated),BASE/DARK/etc,see private JSONL,"Textures.bnt (8,381 entries)","NAME_FOUND_EXACT=0; NAME_BASE_MATCH_EXTENSION_DIFF=0; NAME_NOT_FOUND=6; MATERIAL_REFERENCE_CONFIRMED=1; MATERIAL_APPLIED=0;BROWSER_OBSERVED=0; CONTAINER_ENTRY_RESOLVED=0;IMAGE_DECODED=0; ARK_TAIL=RAW_ONLY(218757 retraction stands)"
540454,PCG_9_3_5,SHAPE->NITEXTURINGPROPERTY->ARKTEXTURE_ENTRY (aggregated),BASE/DARK/etc,see private JSONL,"Textures.bnt (8,381 entries)","NAME_FOUND_EXACT=0; NAME_BASE_MATCH_EXTENSION_DIFF=0; NAME_NOT_FOUND=6; MATERIAL_REFERENCE_CONFIRMED=0; MATERIAL_APPLIED=0;BROWSER_OBSERVED=0; CONTAINER_ENTRY_RESOLVED=0;IMAGE_DECODED=0; ARK_TAIL=RAW_ONLY(218757 retraction stands)"
540462,PCG_9_3_5,SHAPE->NITEXTURINGPROPERTY->ARKTEXTURE_ENTRY (aggregated),BASE/DARK/etc,see private JSONL,"Textures.bnt (8,381 entries)","NAME_FOUND_EXACT=0; NAME_BASE_MATCH_EXTENSION_DIFF=0; NAME_NOT_FOUND=6; MATERIAL_REFERENCE_CONFIRMED=1; MATERIAL_APPLIED=0;BROWSER_OBSERVED=0; CONTAINER_ENTRY_RESOLVED=0;IMAGE_DECODED=0; ARK_TAIL=RAW_ONLY(218757 retraction stands)"
540470,PCG_9_3_5,SHAPE->NITEXTURINGPROPERTY->ARKTEXTURE_ENTRY (aggregated),BASE/DARK/etc,see private JSONL,"Textures.bnt (8,381 entries)","NAME_FOUND_EXACT=0; NAME_BASE_MATCH_EXTENSION_DIFF=0; NAME_NOT_FOUND=5; MATERIAL_REFERENCE_CONFIRMED=0; MATERIAL_APPLIED=0;BROWSER_OBSERVED=0; CONTAINER_ENTRY_RESOLVED=0;IMAGE_DECODED=0; ARK_TAIL=RAW_ONLY(218757 retraction stands)"
540477,PCG_9_3_5,SHAPE->NITEXTURINGPROPERTY->ARKTEXTURE_ENTRY (aggregated),BASE/DARK/etc,see private JSONL,"Textures.bnt (8,381 entries)","NAME_FOUND_EXACT=0; NAME_BASE_MATCH_EXTENSION_DIFF=0; NAME_NOT_FOUND=5; MATERIAL_REFERENCE_CONFIRMED=0; MATERIAL_APPLIED=0;BROWSER_OBSERVED=0; CONTAINER_ENTRY_RESOLVED=0;IMAGE_DECODED=0; ARK_TAIL=RAW_ONLY(218757 retraction stands)"
540484,PCG_9_3_5,SHAPE->NITEXTURINGPROPERTY->ARKTEXTURE_ENTRY (aggregated),BASE/DARK/etc,see private JSONL,"Textures.bnt (8,381 entries)","NAME_FOUND_EXACT=0; NAME_BASE_MATCH_EXTENSION_DIFF=0; NAME_NOT_FOUND=5; MATERIAL_REFERENCE_CONFIRMED=0; MATERIAL_APPLIED=0;BROWSER_OBSERVED=0; CONTAINER_ENTRY_RESOLVED=0;IMAGE_DECODED=0; ARK_TAIL=RAW_ONLY(218757 retraction stands)"
540491,PCG_9_3_5,SHAPE->NITEXTURINGPROPERTY->ARKTEXTURE_ENTRY (aggregated),BASE/DARK/etc,see private JSONL,"Textures.bnt (8,381 entries)","NAME_FOUND_EXACT=0; NAME_BASE_MATCH_EXTENSION_DIFF=0; NAME_NOT_FOUND=5; MATERIAL_REFERENCE_CONFIRMED=0; MATERIAL_APPLIED=0;BROWSER_OBSERVED=0; CONTAINER_ENTRY_RESOLVED=0;IMAGE_DECODED=0; ARK_TAIL=RAW_ONLY(218757 retraction stands)"
540498,PCG_9_3_5,SHAPE->NITEXTURINGPROPERTY->ARKTEXTURE_ENTRY (aggregated),BASE/DARK/etc,see private JSONL,"Textures.bnt (8,381 entries)","NAME_FOUND_EXACT=0; NAME_BASE_MATCH_EXTENSION_DIFF=0; NAME_NOT_FOUND=3; MATERIAL_REFERENCE_CONFIRMED=0; MATERIAL_APPLIED=0;BROWSER_OBSERVED=0; CONTAINER_ENTRY_RESOLVED=0;IMAGE_DECODED=0; ARK_TAIL=RAW_ONLY(218757 retraction stands)"
540499,PCG_9_3_5,SHAPE->NITEXTURINGPROPERTY->ARKTEXTURE_ENTRY (aggregated),BASE/DARK/etc,see private JSONL,"Textures.bnt (8,381 entries)","NAME_FOUND_EXACT=0; NAME_BASE_MATCH_EXTENSION_DIFF=0; NAME_NOT_FOUND=5; MATERIAL_REFERENCE_CONFIRMED=0; MATERIAL_APPLIED=0;BROWSER_OBSERVED=0; CONTAINER_ENTRY_RESOLVED=0;IMAGE_DECODED=0; ARK_TAIL=RAW_ONLY(218757 retraction stands)"
540511,PCG_9_3_5,SHAPE->NITEXTURINGPROPERTY->ARKTEXTURE_ENTRY (aggregated),BASE/DARK/etc,see private JSONL,"Textures.bnt (8,381 entries)","NAME_FOUND_EXACT=0; NAME_BASE_MATCH_EXTENSION_DIFF=0; NAME_NOT_FOUND=6; MATERIAL_REFERENCE_CONFIRMED=0; MATERIAL_APPLIED=0;BROWSER_OBSERVED=0; CONTAINER_ENTRY_RESOLVED=0;IMAGE_DECODED=0; ARK_TAIL=RAW_ONLY(218757 retraction stands)"
540517,PCG_9_3_5,SHAPE->NITEXTURINGPROPERTY->ARKTEXTURE_ENTRY (aggregated),BASE/DARK/etc,see private JSONL,"Textures.bnt (8,381 entries)","NAME_FOUND_EXACT=0; NAME_BASE_MATCH_EXTENSION_DIFF=0; NAME_NOT_FOUND=4; MATERIAL_REFERENCE_CONFIRMED=0; MATERIAL_APPLIED=0;BROWSER_OBSERVED=0; CONTAINER_ENTRY_RESOLVED=0;IMAGE_DECODED=0; ARK_TAIL=RAW_ONLY(218757 retraction stands)"
540527,PCG_9_3_5,SHAPE->NITEXTURINGPROPERTY->ARKTEXTURE_ENTRY (aggregated),BASE/DARK/etc,see private JSONL,"Textures.bnt (8,381 entries)","NAME_FOUND_EXACT=0; NAME_BASE_MATCH_EXTENSION_DIFF=0; NAME_NOT_FOUND=4; MATERIAL_REFERENCE_CONFIRMED=0; MATERIAL_APPLIED=0;BROWSER_OBSERVED=0; CONTAINER_ENTRY_RESOLVED=0;IMAGE_DECODED=0; ARK_TAIL=RAW_ONLY(218757 retraction stands)"
540533,PCG_9_3_5,SHAPE->NITEXTURINGPROPERTY->ARKTEXTURE_ENTRY (aggregated),BASE/DARK/etc,see private JSONL,"Textures.bnt (8,381 entries)","NAME_FOUND_EXACT=0; NAME_BASE_MATCH_EXTENSION_DIFF=0; NAME_NOT_FOUND=5; MATERIAL_REFERENCE_CONFIRMED=1; MATERIAL_APPLIED=0;BROWSER_OBSERVED=0; CONTAINER_ENTRY_RESOLVED=0;IMAGE_DECODED=0; ARK_TAIL=RAW_ONLY(218757 retraction stands)"
540540,PCG_9_3_5,SHAPE->NITEXTURINGPROPERTY->ARKTEXTURE_ENTRY (aggregated),BASE/DARK/etc,see private JSONL,"Textures.bnt (8,381 entries)","NAME_FOUND_EXACT=0; NAME_BASE_MATCH_EXTENSION_DIFF=0; NAME_NOT_FOUND=1; MATERIAL_REFERENCE_CONFIRMED=1; MATERIAL_APPLIED=0;BROWSER_OBSERVED=0; CONTAINER_ENTRY_RESOLVED=0;IMAGE_DECODED=0; ARK_TAIL=RAW_ONLY(218757 retraction stands)"
540542,PCG_9_3_5,SHAPE->NITEXTURINGPROPERTY->ARKTEXTURE_ENTRY (aggregated),BASE/DARK/etc,see private JSONL,"Textures.bnt (8,381 entries)","NAME_FOUND_EXACT=0; NAME_BASE_MATCH_EXTENSION_DIFF=0; NAME_NOT_FOUND=9; MATERIAL_REFERENCE_CONFIRMED=2; MATERIAL_APPLIED=0;BROWSER_OBSERVED=0; CONTAINER_ENTRY_RESOLVED=0;IMAGE_DECODED=0; ARK_TAIL=RAW_ONLY(218757 retraction stands)"
540553,PCG_9_3_5,SHAPE->NITEXTURINGPROPERTY->ARKTEXTURE_ENTRY (aggregated),BASE/DARK/etc,see private JSONL,"Textures.bnt (8,381 entries)","NAME_FOUND_EXACT=0; NAME_BASE_MATCH_EXTENSION_DIFF=0; NAME_NOT_FOUND=2; MATERIAL_REFERENCE_CONFIRMED=0; MATERIAL_APPLIED=0;BROWSER_OBSERVED=0; CONTAINER_ENTRY_RESOLVED=0;IMAGE_DECODED=0; ARK_TAIL=RAW_ONLY(218757 retraction stands)"
540680,PCG_9_3_5,SHAPE->NITEXTURINGPROPERTY->ARKTEXTURE_ENTRY (aggregated),BASE/DARK/etc,see private JSONL,"Textures.bnt (8,381 entries)","NAME_FOUND_EXACT=0; NAME_BASE_MATCH_EXTENSION_DIFF=0; NAME_NOT_FOUND=2; MATERIAL_REFERENCE_CONFIRMED=0; MATERIAL_APPLIED=0;BROWSER_OBSERVED=0; CONTAINER_ENTRY_RESOLVED=0;IMAGE_DECODED=0; ARK_TAIL=RAW_ONLY(218757 retraction stands)"
540760,PCG_9_3_5,SHAPE->NITEXTURINGPROPERTY->ARKTEXTURE_ENTRY (aggregated),BASE/DARK/etc,see private JSONL,"Textures.bnt (8,381 entries)","NAME_FOUND_EXACT=0; NAME_BASE_MATCH_EXTENSION_DIFF=0; NAME_NOT_FOUND=6; MATERIAL_REFERENCE_CONFIRMED=0; MATERIAL_APPLIED=0;BROWSER_OBSERVED=0; CONTAINER_ENTRY_RESOLVED=0;IMAGE_DECODED=0; ARK_TAIL=RAW_ONLY(218757 retraction stands)"
540768,PCG_9_3_5,SHAPE->NITEXTURINGPROPERTY->ARKTEXTURE_ENTRY (aggregated),BASE/DARK/etc,see private JSONL,"Textures.bnt (8,381 entries)","NAME_FOUND_EXACT=0; NAME_BASE_MATCH_EXTENSION_DIFF=0; NAME_NOT_FOUND=4; MATERIAL_REFERENCE_CONFIRMED=0; MATERIAL_APPLIED=0;BROWSER_OBSERVED=0; CONTAINER_ENTRY_RESOLVED=0;IMAGE_DECODED=0; ARK_TAIL=RAW_ONLY(218757 retraction stands)"
540780,PCG_9_3_5,SHAPE->NITEXTURINGPROPERTY->ARKTEXTURE_ENTRY (aggregated),BASE/DARK/etc,see private JSONL,"Textures.bnt (8,381 entries)","NAME_FOUND_EXACT=0; NAME_BASE_MATCH_EXTENSION_DIFF=0; NAME_NOT_FOUND=2; MATERIAL_REFERENCE_CONFIRMED=1; MATERIAL_APPLIED=0;BROWSER_OBSERVED=0; CONTAINER_ENTRY_RESOLVED=0;IMAGE_DECODED=0; ARK_TAIL=RAW_ONLY(218757 retraction stands)"
540787,PCG_9_3_5,SHAPE->NITEXTURINGPROPERTY->ARKTEXTURE_ENTRY (aggregated),BASE/DARK/etc,see private JSONL,"Textures.bnt (8,381 entries)","NAME_FOUND_EXACT=0; NAME_BASE_MATCH_EXTENSION_DIFF=0; NAME_NOT_FOUND=2; MATERIAL_REFERENCE_CONFIRMED=1; MATERIAL_APPLIED=0;BROWSER_OBSERVED=0; CONTAINER_ENTRY_RESOLVED=0;IMAGE_DECODED=0; ARK_TAIL=RAW_ONLY(218757 retraction stands)"
540794,PCG_9_3_5,SHAPE->NITEXTURINGPROPERTY->ARKTEXTURE_ENTRY (aggregated),BASE/DARK/etc,see private JSONL,"Textures.bnt (8,381 entries)","NAME_FOUND_EXACT=0; NAME_BASE_MATCH_EXTENSION_DIFF=0; NAME_NOT_FOUND=6; MATERIAL_REFERENCE_CONFIRMED=0; MATERIAL_APPLIED=0;BROWSER_OBSERVED=0; CONTAINER_ENTRY_RESOLVED=0;IMAGE_DECODED=0; ARK_TAIL=RAW_ONLY(218757 retraction stands)"
540828,PCG_9_3_5,SHAPE->NITEXTURINGPROPERTY->ARKTEXTURE_ENTRY (aggregated),BASE/DARK/etc,see private JSONL,"Textures.bnt (8,381 entries)","NAME_FOUND_EXACT=0; NAME_BASE_MATCH_EXTENSION_DIFF=0; NAME_NOT_FOUND=1; MATERIAL_REFERENCE_CONFIRMED=0; MATERIAL_APPLIED=0;BROWSER_OBSERVED=0; CONTAINER_ENTRY_RESOLVED=0;IMAGE_DECODED=0; ARK_TAIL=RAW_ONLY(218757 retraction stands)"
541087,PCG_9_3_5,SHAPE->NITEXTURINGPROPERTY->ARKTEXTURE_ENTRY (aggregated),BASE/DARK/etc,see private JSONL,"Textures.bnt (8,381 entries)","NAME_FOUND_EXACT=0; NAME_BASE_MATCH_EXTENSION_DIFF=0; NAME_NOT_FOUND=12; MATERIAL_REFERENCE_CONFIRMED=1; MATERIAL_APPLIED=0;BROWSER_OBSERVED=0; CONTAINER_ENTRY_RESOLVED=0;IMAGE_DECODED=0; ARK_TAIL=RAW_ONLY(218757 retraction stands)"
541107,PCG_9_3_5,SHAPE->NITEXTURINGPROPERTY->ARKTEXTURE_ENTRY (aggregated),BASE/DARK/etc,see private JSONL,"Textures.bnt (8,381 entries)","NAME_FOUND_EXACT=0; NAME_BASE_MATCH_EXTENSION_DIFF=0; NAME_NOT_FOUND=30; MATERIAL_REFERENCE_CONFIRMED=11; MATERIAL_APPLIED=0;BROWSER_OBSERVED=0; CONTAINER_ENTRY_RESOLVED=0;IMAGE_DECODED=0; ARK_TAIL=RAW_ONLY(218757 retraction stands)"
541738,PCG_9_3_5,SHAPE->NITEXTURINGPROPERTY->ARKTEXTURE_ENTRY (aggregated),BASE/DARK/etc,see private JSONL,"Textures.bnt (8,381 entries)","NAME_FOUND_EXACT=0; NAME_BASE_MATCH_EXTENSION_DIFF=0; NAME_NOT_FOUND=1; MATERIAL_REFERENCE_CONFIRMED=0; MATERIAL_APPLIED=0;BROWSER_OBSERVED=0; CONTAINER_ENTRY_RESOLVED=0;IMAGE_DECODED=0; ARK_TAIL=RAW_ONLY(218757 retraction stands)"
541742,PCG_9_3_5,SHAPE->NITEXTURINGPROPERTY->ARKTEXTURE_ENTRY (aggregated),BASE/DARK/etc,see private JSONL,"Textures.bnt (8,381 entries)","NAME_FOUND_EXACT=0; NAME_BASE_MATCH_EXTENSION_DIFF=0; NAME_NOT_FOUND=3; MATERIAL_REFERENCE_CONFIRMED=0; MATERIAL_APPLIED=0;BROWSER_OBSERVED=0; CONTAINER_ENTRY_RESOLVED=0;IMAGE_DECODED=0; ARK_TAIL=RAW_ONLY(218757 retraction stands)"
541756,PCG_9_3_5,SHAPE->NITEXTURINGPROPERTY->ARKTEXTURE_ENTRY (aggregated),BASE/DARK/etc,see private JSONL,"Textures.bnt (8,381 entries)","NAME_FOUND_EXACT=0; NAME_BASE_MATCH_EXTENSION_DIFF=0; NAME_NOT_FOUND=3; MATERIAL_REFERENCE_CONFIRMED=0; MATERIAL_APPLIED=0;BROWSER_OBSERVED=0; CONTAINER_ENTRY_RESOLVED=0;IMAGE_DECODED=0; ARK_TAIL=RAW_ONLY(218757 retraction stands)"
541760,PCG_9_3_5,SHAPE->NITEXTURINGPROPERTY->ARKTEXTURE_ENTRY (aggregated),BASE/DARK/etc,see private JSONL,"Textures.bnt (8,381 entries)","NAME_FOUND_EXACT=0; NAME_BASE_MATCH_EXTENSION_DIFF=0; NAME_NOT_FOUND=1; MATERIAL_REFERENCE_CONFIRMED=0; MATERIAL_APPLIED=0;BROWSER_OBSERVED=0; CONTAINER_ENTRY_RESOLVED=0;IMAGE_DECODED=0; ARK_TAIL=RAW_ONLY(218757 retraction stands)"
541763,PCG_9_3_5,SHAPE->NITEXTURINGPROPERTY->ARKTEXTURE_ENTRY (aggregated),BASE/DARK/etc,see private JSONL,"Textures.bnt (8,381 entries)","NAME_FOUND_EXACT=0; NAME_BASE_MATCH_EXTENSION_DIFF=0; NAME_NOT_FOUND=8; MATERIAL_REFERENCE_CONFIRMED=0; MATERIAL_APPLIED=0;BROWSER_OBSERVED=0; CONTAINER_ENTRY_RESOLVED=0;IMAGE_DECODED=0; ARK_TAIL=RAW_ONLY(218757 retraction stands)"
541772,PCG_9_3_5,SHAPE->NITEXTURINGPROPERTY->ARKTEXTURE_ENTRY (aggregated),BASE/DARK/etc,see private JSONL,"Textures.bnt (8,381 entries)","NAME_FOUND_EXACT=0; NAME_BASE_MATCH_EXTENSION_DIFF=0; NAME_NOT_FOUND=2; MATERIAL_REFERENCE_CONFIRMED=0; MATERIAL_APPLIED=0;BROWSER_OBSERVED=0; CONTAINER_ENTRY_RESOLVED=0;IMAGE_DECODED=0; ARK_TAIL=RAW_ONLY(218757 retraction stands)"
541995,PCG_9_3_5,SHAPE->NITEXTURINGPROPERTY->ARKTEXTURE_ENTRY (aggregated),BASE/DARK/etc,see private JSONL,"Textures.bnt (8,381 entries)","NAME_FOUND_EXACT=0; NAME_BASE_MATCH_EXTENSION_DIFF=0; NAME_NOT_FOUND=6; MATERIAL_REFERENCE_CONFIRMED=0; MATERIAL_APPLIED=0;BROWSER_OBSERVED=0; CONTAINER_ENTRY_RESOLVED=0;IMAGE_DECODED=0; ARK_TAIL=RAW_ONLY(218757 retraction stands)"
542003,PCG_9_3_5,SHAPE->NITEXTURINGPROPERTY->ARKTEXTURE_ENTRY (aggregated),BASE/DARK/etc,see private JSONL,"Textures.bnt (8,381 entries)","NAME_FOUND_EXACT=0; NAME_BASE_MATCH_EXTENSION_DIFF=0; NAME_NOT_FOUND=2; MATERIAL_REFERENCE_CONFIRMED=0; MATERIAL_APPLIED=0;BROWSER_OBSERVED=0; CONTAINER_ENTRY_RESOLVED=0;IMAGE_DECODED=0; ARK_TAIL=RAW_ONLY(218757 retraction stands)"
542007,PCG_9_3_5,SHAPE->NITEXTURINGPROPERTY->ARKTEXTURE_ENTRY (aggregated),BASE/DARK/etc,see private JSONL,"Textures.bnt (8,381 entries)","NAME_FOUND_EXACT=0; NAME_BASE_MATCH_EXTENSION_DIFF=0; NAME_NOT_FOUND=3; MATERIAL_REFERENCE_CONFIRMED=2; MATERIAL_APPLIED=0;BROWSER_OBSERVED=0; CONTAINER_ENTRY_RESOLVED=0;IMAGE_DECODED=0; ARK_TAIL=RAW_ONLY(218757 retraction stands)"
542072,PCG_9_3_5,SHAPE->NITEXTURINGPROPERTY->ARKTEXTURE_ENTRY (aggregated),BASE/DARK/etc,see private JSONL,"Textures.bnt (8,381 entries)","NAME_FOUND_EXACT=0; NAME_BASE_MATCH_EXTENSION_DIFF=0; NAME_NOT_FOUND=2; MATERIAL_REFERENCE_CONFIRMED=0; MATERIAL_APPLIED=0;BROWSER_OBSERVED=0; CONTAINER_ENTRY_RESOLVED=0;IMAGE_DECODED=0; ARK_TAIL=RAW_ONLY(218757 retraction stands)"
542414,PCG_9_3_5,SHAPE->NITEXTURINGPROPERTY->ARKTEXTURE_ENTRY (aggregated),BASE/DARK/etc,see private JSONL,"Textures.bnt (8,381 entries)","NAME_FOUND_EXACT=0; NAME_BASE_MATCH_EXTENSION_DIFF=0; NAME_NOT_FOUND=2; MATERIAL_REFERENCE_CONFIRMED=0; MATERIAL_APPLIED=0;BROWSER_OBSERVED=0; CONTAINER_ENTRY_RESOLVED=0;IMAGE_DECODED=0; ARK_TAIL=RAW_ONLY(218757 retraction stands)"
542514,PCG_9_3_5,SHAPE->NITEXTURINGPROPERTY->ARKTEXTURE_ENTRY (aggregated),BASE/DARK/etc,see private JSONL,"Textures.bnt (8,381 entries)","NAME_FOUND_EXACT=0; NAME_BASE_MATCH_EXTENSION_DIFF=0; NAME_NOT_FOUND=2; MATERIAL_REFERENCE_CONFIRMED=0; MATERIAL_APPLIED=0;BROWSER_OBSERVED=0; CONTAINER_ENTRY_RESOLVED=0;IMAGE_DECODED=0; ARK_TAIL=RAW_ONLY(218757 retraction stands)"
542960,PCG_9_3_5,SHAPE->NITEXTURINGPROPERTY->ARKTEXTURE_ENTRY (aggregated),BASE/DARK/etc,see private JSONL,"Textures.bnt (8,381 entries)","NAME_FOUND_EXACT=0; NAME_BASE_MATCH_EXTENSION_DIFF=0; NAME_NOT_FOUND=2; MATERIAL_REFERENCE_CONFIRMED=0; MATERIAL_APPLIED=0;BROWSER_OBSERVED=0; CONTAINER_ENTRY_RESOLVED=0;IMAGE_DECODED=0; ARK_TAIL=RAW_ONLY(218757 retraction stands)"
543039,PCG_9_3_5,SHAPE->NITEXTURINGPROPERTY->ARKTEXTURE_ENTRY (aggregated),BASE/DARK/etc,see private JSONL,"Textures.bnt (8,381 entries)","NAME_FOUND_EXACT=0; NAME_BASE_MATCH_EXTENSION_DIFF=0; NAME_NOT_FOUND=7; MATERIAL_REFERENCE_CONFIRMED=0; MATERIAL_APPLIED=0;BROWSER_OBSERVED=0; CONTAINER_ENTRY_RESOLVED=0;IMAGE_DECODED=0; ARK_TAIL=RAW_ONLY(218757 retraction stands)"
543048,PCG_9_3_5,SHAPE->NITEXTURINGPROPERTY->ARKTEXTURE_ENTRY (aggregated),BASE/DARK/etc,see private JSONL,"Textures.bnt (8,381 entries)","NAME_FOUND_EXACT=0; NAME_BASE_MATCH_EXTENSION_DIFF=0; NAME_NOT_FOUND=3; MATERIAL_REFERENCE_CONFIRMED=0; MATERIAL_APPLIED=0;BROWSER_OBSERVED=0; CONTAINER_ENTRY_RESOLVED=0;IMAGE_DECODED=0; ARK_TAIL=RAW_ONLY(218757 retraction stands)"
543053,PCG_9_3_5,SHAPE->NITEXTURINGPROPERTY->ARKTEXTURE_ENTRY (aggregated),BASE/DARK/etc,see private JSONL,"Textures.bnt (8,381 entries)","NAME_FOUND_EXACT=0; NAME_BASE_MATCH_EXTENSION_DIFF=0; NAME_NOT_FOUND=1; MATERIAL_REFERENCE_CONFIRMED=0; MATERIAL_APPLIED=0;BROWSER_OBSERVED=0; CONTAINER_ENTRY_RESOLVED=0;IMAGE_DECODED=0; ARK_TAIL=RAW_ONLY(218757 retraction stands)"
543056,PCG_9_3_5,SHAPE->NITEXTURINGPROPERTY->ARKTEXTURE_ENTRY (aggregated),BASE/DARK/etc,see private JSONL,"Textures.bnt (8,381 entries)","NAME_FOUND_EXACT=0; NAME_BASE_MATCH_EXTENSION_DIFF=0; NAME_NOT_FOUND=1; MATERIAL_REFERENCE_CONFIRMED=0; MATERIAL_APPLIED=0;BROWSER_OBSERVED=0; CONTAINER_ENTRY_RESOLVED=0;IMAGE_DECODED=0; ARK_TAIL=RAW_ONLY(218757 retraction stands)"
543059,PCG_9_3_5,SHAPE->NITEXTURINGPROPERTY->ARKTEXTURE_ENTRY (aggregated),BASE/DARK/etc,see private JSONL,"Textures.bnt (8,381 entries)","NAME_FOUND_EXACT=0; NAME_BASE_MATCH_EXTENSION_DIFF=0; NAME_NOT_FOUND=1; MATERIAL_REFERENCE_CONFIRMED=0; MATERIAL_APPLIED=0;BROWSER_OBSERVED=0; CONTAINER_ENTRY_RESOLVED=0;IMAGE_DECODED=0; ARK_TAIL=RAW_ONLY(218757 retraction stands)"
543078,PCG_9_3_5,SHAPE->NITEXTURINGPROPERTY->ARKTEXTURE_ENTRY (aggregated),BASE/DARK/etc,see private JSONL,"Textures.bnt (8,381 entries)","NAME_FOUND_EXACT=0; NAME_BASE_MATCH_EXTENSION_DIFF=0; NAME_NOT_FOUND=19; MATERIAL_REFERENCE_CONFIRMED=1; MATERIAL_APPLIED=0;BROWSER_OBSERVED=0; CONTAINER_ENTRY_RESOLVED=0;IMAGE_DECODED=0; ARK_TAIL=RAW_ONLY(218757 retraction stands)"
54312,PCG_9_3_5,SHAPE->NITEXTURINGPROPERTY->ARKTEXTURE_ENTRY (aggregated),BASE/DARK/etc,see private JSONL,"Textures.bnt (8,381 entries)","NAME_FOUND_EXACT=0; NAME_BASE_MATCH_EXTENSION_DIFF=0; NAME_NOT_FOUND=3; MATERIAL_REFERENCE_CONFIRMED=0; MATERIAL_APPLIED=0;BROWSER_OBSERVED=0; CONTAINER_ENTRY_RESOLVED=0;IMAGE_DECODED=0; ARK_TAIL=RAW_ONLY(218757 retraction stands)"
543487,PCG_9_3_5,SHAPE->NITEXTURINGPROPERTY->ARKTEXTURE_ENTRY (aggregated),BASE/DARK/etc,see private JSONL,"Textures.bnt (8,381 entries)","NAME_FOUND_EXACT=0; NAME_BASE_MATCH_EXTENSION_DIFF=0; NAME_NOT_FOUND=2; MATERIAL_REFERENCE_CONFIRMED=0; MATERIAL_APPLIED=0;BROWSER_OBSERVED=0; CONTAINER_ENTRY_RESOLVED=0;IMAGE_DECODED=0; ARK_TAIL=RAW_ONLY(218757 retraction stands)"
543845,PCG_9_3_5,SHAPE->NITEXTURINGPROPERTY->ARKTEXTURE_ENTRY (aggregated),BASE/DARK/etc,see private JSONL,"Textures.bnt (8,381 entries)","NAME_FOUND_EXACT=0; NAME_BASE_MATCH_EXTENSION_DIFF=0; NAME_NOT_FOUND=1; MATERIAL_REFERENCE_CONFIRMED=0; MATERIAL_APPLIED=0;BROWSER_OBSERVED=0; CONTAINER_ENTRY_RESOLVED=0;IMAGE_DECODED=0; ARK_TAIL=RAW_ONLY(218757 retraction stands)"
544432,PCG_9_3_5,SHAPE->NITEXTURINGPROPERTY->ARKTEXTURE_ENTRY (aggregated),BASE/DARK/etc,see private JSONL,"Textures.bnt (8,381 entries)","NAME_FOUND_EXACT=0; NAME_BASE_MATCH_EXTENSION_DIFF=0; NAME_NOT_FOUND=1; MATERIAL_REFERENCE_CONFIRMED=0; MATERIAL_APPLIED=0;BROWSER_OBSERVED=0; CONTAINER_ENTRY_RESOLVED=0;IMAGE_DECODED=0; ARK_TAIL=RAW_ONLY(218757 retraction stands)"
544486,PCG_9_3_5,SHAPE->NITEXTURINGPROPERTY->ARKTEXTURE_ENTRY (aggregated),BASE/DARK/etc,see private JSONL,"Textures.bnt (8,381 entries)","NAME_FOUND_EXACT=0; NAME_BASE_MATCH_EXTENSION_DIFF=0; NAME_NOT_FOUND=2; MATERIAL_REFERENCE_CONFIRMED=0; MATERIAL_APPLIED=0;BROWSER_OBSERVED=0; CONTAINER_ENTRY_RESOLVED=0;IMAGE_DECODED=0; ARK_TAIL=RAW_ONLY(218757 retraction stands)"
544488,PCG_9_3_5,SHAPE->NITEXTURINGPROPERTY->ARKTEXTURE_ENTRY (aggregated),BASE/DARK/etc,see private JSONL,"Textures.bnt (8,381 entries)","NAME_FOUND_EXACT=0; NAME_BASE_MATCH_EXTENSION_DIFF=0; NAME_NOT_FOUND=1; MATERIAL_REFERENCE_CONFIRMED=0; MATERIAL_APPLIED=0;BROWSER_OBSERVED=0; CONTAINER_ENTRY_RESOLVED=0;IMAGE_DECODED=0; ARK_TAIL=RAW_ONLY(218757 retraction stands)"
544494,PCG_9_3_5,SHAPE->NITEXTURINGPROPERTY->ARKTEXTURE_ENTRY (aggregated),BASE/DARK/etc,see private JSONL,"Textures.bnt (8,381 entries)","NAME_FOUND_EXACT=0; NAME_BASE_MATCH_EXTENSION_DIFF=0; NAME_NOT_FOUND=1; MATERIAL_REFERENCE_CONFIRMED=0; MATERIAL_APPLIED=0;BROWSER_OBSERVED=0; CONTAINER_ENTRY_RESOLVED=0;IMAGE_DECODED=0; ARK_TAIL=RAW_ONLY(218757 retraction stands)"
544506,PCG_9_3_5,SHAPE->NITEXTURINGPROPERTY->ARKTEXTURE_ENTRY (aggregated),BASE/DARK/etc,see private JSONL,"Textures.bnt (8,381 entries)","NAME_FOUND_EXACT=0; NAME_BASE_MATCH_EXTENSION_DIFF=0; NAME_NOT_FOUND=2; MATERIAL_REFERENCE_CONFIRMED=0; MATERIAL_APPLIED=0;BROWSER_OBSERVED=0; CONTAINER_ENTRY_RESOLVED=0;IMAGE_DECODED=0; ARK_TAIL=RAW_ONLY(218757 retraction stands)"
544512,PCG_9_3_5,SHAPE->NITEXTURINGPROPERTY->ARKTEXTURE_ENTRY (aggregated),BASE/DARK/etc,see private JSONL,"Textures.bnt (8,381 entries)","NAME_FOUND_EXACT=0; NAME_BASE_MATCH_EXTENSION_DIFF=0; NAME_NOT_FOUND=2; MATERIAL_REFERENCE_CONFIRMED=0; MATERIAL_APPLIED=0;BROWSER_OBSERVED=0; CONTAINER_ENTRY_RESOLVED=0;IMAGE_DECODED=0; ARK_TAIL=RAW_ONLY(218757 retraction stands)"
544570,PCG_9_3_5,SHAPE->NITEXTURINGPROPERTY->ARKTEXTURE_ENTRY (aggregated),BASE/DARK/etc,see private JSONL,"Textures.bnt (8,381 entries)","NAME_FOUND_EXACT=0; NAME_BASE_MATCH_EXTENSION_DIFF=0; NAME_NOT_FOUND=2; MATERIAL_REFERENCE_CONFIRMED=1; MATERIAL_APPLIED=0;BROWSER_OBSERVED=0; CONTAINER_ENTRY_RESOLVED=0;IMAGE_DECODED=0; ARK_TAIL=RAW_ONLY(218757 retraction stands)"
544571,PCG_9_3_5,SHAPE->NITEXTURINGPROPERTY->ARKTEXTURE_ENTRY (aggregated),BASE/DARK/etc,see private JSONL,"Textures.bnt (8,381 entries)","NAME_FOUND_EXACT=0; NAME_BASE_MATCH_EXTENSION_DIFF=0; NAME_NOT_FOUND=2; MATERIAL_REFERENCE_CONFIRMED=1; MATERIAL_APPLIED=0;BROWSER_OBSERVED=0; CONTAINER_ENTRY_RESOLVED=0;IMAGE_DECODED=0; ARK_TAIL=RAW_ONLY(218757 retraction stands)"
544572,PCG_9_3_5,SHAPE->NITEXTURINGPROPERTY->ARKTEXTURE_ENTRY (aggregated),BASE/DARK/etc,see private JSONL,"Textures.bnt (8,381 entries)","NAME_FOUND_EXACT=0; NAME_BASE_MATCH_EXTENSION_DIFF=0; NAME_NOT_FOUND=2; MATERIAL_REFERENCE_CONFIRMED=1; MATERIAL_APPLIED=0;BROWSER_OBSERVED=0; CONTAINER_ENTRY_RESOLVED=0;IMAGE_DECODED=0; ARK_TAIL=RAW_ONLY(218757 retraction stands)"
545002,PCG_9_3_5,SHAPE->NITEXTURINGPROPERTY->ARKTEXTURE_ENTRY (aggregated),BASE/DARK/etc,see private JSONL,"Textures.bnt (8,381 entries)","NAME_FOUND_EXACT=0; NAME_BASE_MATCH_EXTENSION_DIFF=0; NAME_NOT_FOUND=2; MATERIAL_REFERENCE_CONFIRMED=0; MATERIAL_APPLIED=0;BROWSER_OBSERVED=0; CONTAINER_ENTRY_RESOLVED=0;IMAGE_DECODED=0; ARK_TAIL=RAW_ONLY(218757 retraction stands)"
545478,PCG_9_3_5,SHAPE->NITEXTURINGPROPERTY->ARKTEXTURE_ENTRY (aggregated),BASE/DARK/etc,see private JSONL,"Textures.bnt (8,381 entries)","NAME_FOUND_EXACT=0; NAME_BASE_MATCH_EXTENSION_DIFF=0; NAME_NOT_FOUND=2; MATERIAL_REFERENCE_CONFIRMED=0; MATERIAL_APPLIED=0;BROWSER_OBSERVED=0; CONTAINER_ENTRY_RESOLVED=0;IMAGE_DECODED=0; ARK_TAIL=RAW_ONLY(218757 retraction stands)"
545483,PCG_9_3_5,SHAPE->NITEXTURINGPROPERTY->ARKTEXTURE_ENTRY (aggregated),BASE/DARK/etc,see private JSONL,"Textures.bnt (8,381 entries)","NAME_FOUND_EXACT=0; NAME_BASE_MATCH_EXTENSION_DIFF=0; NAME_NOT_FOUND=2; MATERIAL_REFERENCE_CONFIRMED=0; MATERIAL_APPLIED=0;BROWSER_OBSERVED=0; CONTAINER_ENTRY_RESOLVED=0;IMAGE_DECODED=0; ARK_TAIL=RAW_ONLY(218757 retraction stands)"
545493,PCG_9_3_5,SHAPE->NITEXTURINGPROPERTY->ARKTEXTURE_ENTRY (aggregated),BASE/DARK/etc,see private JSONL,"Textures.bnt (8,381 entries)","NAME_FOUND_EXACT=0; NAME_BASE_MATCH_EXTENSION_DIFF=0; NAME_NOT_FOUND=1; MATERIAL_REFERENCE_CONFIRMED=0; MATERIAL_APPLIED=0;BROWSER_OBSERVED=0; CONTAINER_ENTRY_RESOLVED=0;IMAGE_DECODED=0; ARK_TAIL=RAW_ONLY(218757 retraction stands)"
545496,PCG_9_3_5,SHAPE->NITEXTURINGPROPERTY->ARKTEXTURE_ENTRY (aggregated),BASE/DARK/etc,see private JSONL,"Textures.bnt (8,381 entries)","NAME_FOUND_EXACT=0; NAME_BASE_MATCH_EXTENSION_DIFF=0; NAME_NOT_FOUND=1; MATERIAL_REFERENCE_CONFIRMED=0; MATERIAL_APPLIED=0;BROWSER_OBSERVED=0; CONTAINER_ENTRY_RESOLVED=0;IMAGE_DECODED=0; ARK_TAIL=RAW_ONLY(218757 retraction stands)"
545498,PCG_9_3_5,SHAPE->NITEXTURINGPROPERTY->ARKTEXTURE_ENTRY (aggregated),BASE/DARK/etc,see private JSONL,"Textures.bnt (8,381 entries)","NAME_FOUND_EXACT=0; NAME_BASE_MATCH_EXTENSION_DIFF=0; NAME_NOT_FOUND=1; MATERIAL_REFERENCE_CONFIRMED=0; MATERIAL_APPLIED=0;BROWSER_OBSERVED=0; CONTAINER_ENTRY_RESOLVED=0;IMAGE_DECODED=0; ARK_TAIL=RAW_ONLY(218757 retraction stands)"
545500,PCG_9_3_5,SHAPE->NITEXTURINGPROPERTY->ARKTEXTURE_ENTRY (aggregated),BASE/DARK/etc,see private JSONL,"Textures.bnt (8,381 entries)","NAME_FOUND_EXACT=0; NAME_BASE_MATCH_EXTENSION_DIFF=0; NAME_NOT_FOUND=1; MATERIAL_REFERENCE_CONFIRMED=0; MATERIAL_APPLIED=0;BROWSER_OBSERVED=0; CONTAINER_ENTRY_RESOLVED=0;IMAGE_DECODED=0; ARK_TAIL=RAW_ONLY(218757 retraction stands)"
545502,PCG_9_3_5,SHAPE->NITEXTURINGPROPERTY->ARKTEXTURE_ENTRY (aggregated),BASE/DARK/etc,see private JSONL,"Textures.bnt (8,381 entries)","NAME_FOUND_EXACT=0; NAME_BASE_MATCH_EXTENSION_DIFF=0; NAME_NOT_FOUND=1; MATERIAL_REFERENCE_CONFIRMED=0; MATERIAL_APPLIED=0;BROWSER_OBSERVED=0; CONTAINER_ENTRY_RESOLVED=0;IMAGE_DECODED=0; ARK_TAIL=RAW_ONLY(218757 retraction stands)"
545504,PCG_9_3_5,SHAPE->NITEXTURINGPROPERTY->ARKTEXTURE_ENTRY (aggregated),BASE/DARK/etc,see private JSONL,"Textures.bnt (8,381 entries)","NAME_FOUND_EXACT=0; NAME_BASE_MATCH_EXTENSION_DIFF=0; NAME_NOT_FOUND=1; MATERIAL_REFERENCE_CONFIRMED=0; MATERIAL_APPLIED=0;BROWSER_OBSERVED=0; CONTAINER_ENTRY_RESOLVED=0;IMAGE_DECODED=0; ARK_TAIL=RAW_ONLY(218757 retraction stands)"
545518,PCG_9_3_5,SHAPE->NITEXTURINGPROPERTY->ARKTEXTURE_ENTRY (aggregated),BASE/DARK/etc,see private JSONL,"Textures.bnt (8,381 entries)","NAME_FOUND_EXACT=0; NAME_BASE_MATCH_EXTENSION_DIFF=0; NAME_NOT_FOUND=1; MATERIAL_REFERENCE_CONFIRMED=0; MATERIAL_APPLIED=0;BROWSER_OBSERVED=0; CONTAINER_ENTRY_RESOLVED=0;IMAGE_DECODED=0; ARK_TAIL=RAW_ONLY(218757 retraction stands)"
545521,PCG_9_3_5,SHAPE->NITEXTURINGPROPERTY->ARKTEXTURE_ENTRY (aggregated),BASE/DARK/etc,see private JSONL,"Textures.bnt (8,381 entries)","NAME_FOUND_EXACT=0; NAME_BASE_MATCH_EXTENSION_DIFF=0; NAME_NOT_FOUND=1; MATERIAL_REFERENCE_CONFIRMED=0; MATERIAL_APPLIED=0;BROWSER_OBSERVED=0; CONTAINER_ENTRY_RESOLVED=0;IMAGE_DECODED=0; ARK_TAIL=RAW_ONLY(218757 retraction stands)"
545527,PCG_9_3_5,SHAPE->NITEXTURINGPROPERTY->ARKTEXTURE_ENTRY (aggregated),BASE/DARK/etc,see private JSONL,"Textures.bnt (8,381 entries)","NAME_FOUND_EXACT=0; NAME_BASE_MATCH_EXTENSION_DIFF=0; NAME_NOT_FOUND=1; MATERIAL_REFERENCE_CONFIRMED=1; MATERIAL_APPLIED=0;BROWSER_OBSERVED=0; CONTAINER_ENTRY_RESOLVED=0;IMAGE_DECODED=0; ARK_TAIL=RAW_ONLY(218757 retraction stands)"
545532,PCG_9_3_5,SHAPE->NITEXTURINGPROPERTY->ARKTEXTURE_ENTRY (aggregated),BASE/DARK/etc,see private JSONL,"Textures.bnt (8,381 entries)","NAME_FOUND_EXACT=0; NAME_BASE_MATCH_EXTENSION_DIFF=0; NAME_NOT_FOUND=1; MATERIAL_REFERENCE_CONFIRMED=0; MATERIAL_APPLIED=0;BROWSER_OBSERVED=0; CONTAINER_ENTRY_RESOLVED=0;IMAGE_DECODED=0; ARK_TAIL=RAW_ONLY(218757 retraction stands)"
545536,PCG_9_3_5,SHAPE->NITEXTURINGPROPERTY->ARKTEXTURE_ENTRY (aggregated),BASE/DARK/etc,see private JSONL,"Textures.bnt (8,381 entries)","NAME_FOUND_EXACT=0; NAME_BASE_MATCH_EXTENSION_DIFF=0; NAME_NOT_FOUND=1; MATERIAL_REFERENCE_CONFIRMED=0; MATERIAL_APPLIED=0;BROWSER_OBSERVED=0; CONTAINER_ENTRY_RESOLVED=0;IMAGE_DECODED=0; ARK_TAIL=RAW_ONLY(218757 retraction stands)"
545540,PCG_9_3_5,SHAPE->NITEXTURINGPROPERTY->ARKTEXTURE_ENTRY (aggregated),BASE/DARK/etc,see private JSONL,"Textures.bnt (8,381 entries)","NAME_FOUND_EXACT=0; NAME_BASE_MATCH_EXTENSION_DIFF=0; NAME_NOT_FOUND=1; MATERIAL_REFERENCE_CONFIRMED=0; MATERIAL_APPLIED=0;BROWSER_OBSERVED=0; CONTAINER_ENTRY_RESOLVED=0;IMAGE_DECODED=0; ARK_TAIL=RAW_ONLY(218757 retraction stands)"
545543,PCG_9_3_5,SHAPE->NITEXTURINGPROPERTY->ARKTEXTURE_ENTRY (aggregated),BASE/DARK/etc,see private JSONL,"Textures.bnt (8,381 entries)","NAME_FOUND_EXACT=0; NAME_BASE_MATCH_EXTENSION_DIFF=0; NAME_NOT_FOUND=1; MATERIAL_REFERENCE_CONFIRMED=0; MATERIAL_APPLIED=0;BROWSER_OBSERVED=0; CONTAINER_ENTRY_RESOLVED=0;IMAGE_DECODED=0; ARK_TAIL=RAW_ONLY(218757 retraction stands)"
545549,PCG_9_3_5,SHAPE->NITEXTURINGPROPERTY->ARKTEXTURE_ENTRY (aggregated),BASE/DARK/etc,see private JSONL,"Textures.bnt (8,381 entries)","NAME_FOUND_EXACT=0; NAME_BASE_MATCH_EXTENSION_DIFF=0; NAME_NOT_FOUND=1; MATERIAL_REFERENCE_CONFIRMED=0; MATERIAL_APPLIED=0;BROWSER_OBSERVED=0; CONTAINER_ENTRY_RESOLVED=0;IMAGE_DECODED=0; ARK_TAIL=RAW_ONLY(218757 retraction stands)"
545551,PCG_9_3_5,SHAPE->NITEXTURINGPROPERTY->ARKTEXTURE_ENTRY (aggregated),BASE/DARK/etc,see private JSONL,"Textures.bnt (8,381 entries)","NAME_FOUND_EXACT=0; NAME_BASE_MATCH_EXTENSION_DIFF=0; NAME_NOT_FOUND=1; MATERIAL_REFERENCE_CONFIRMED=0; MATERIAL_APPLIED=0;BROWSER_OBSERVED=0; CONTAINER_ENTRY_RESOLVED=0;IMAGE_DECODED=0; ARK_TAIL=RAW_ONLY(218757 retraction stands)"
545559,PCG_9_3_5,SHAPE->NITEXTURINGPROPERTY->ARKTEXTURE_ENTRY (aggregated),BASE/DARK/etc,see private JSONL,"Textures.bnt (8,381 entries)","NAME_FOUND_EXACT=0; NAME_BASE_MATCH_EXTENSION_DIFF=0; NAME_NOT_FOUND=1; MATERIAL_REFERENCE_CONFIRMED=0; MATERIAL_APPLIED=0;BROWSER_OBSERVED=0; CONTAINER_ENTRY_RESOLVED=0;IMAGE_DECODED=0; ARK_TAIL=RAW_ONLY(218757 retraction stands)"
545589,PCG_9_3_5,SHAPE->NITEXTURINGPROPERTY->ARKTEXTURE_ENTRY (aggregated),BASE/DARK/etc,see private JSONL,"Textures.bnt (8,381 entries)","NAME_FOUND_EXACT=0; NAME_BASE_MATCH_EXTENSION_DIFF=0; NAME_NOT_FOUND=1; MATERIAL_REFERENCE_CONFIRMED=0; MATERIAL_APPLIED=0;BROWSER_OBSERVED=0; CONTAINER_ENTRY_RESOLVED=0;IMAGE_DECODED=0; ARK_TAIL=RAW_ONLY(218757 retraction stands)"
545598,PCG_9_3_5,SHAPE->NITEXTURINGPROPERTY->ARKTEXTURE_ENTRY (aggregated),BASE/DARK/etc,see private JSONL,"Textures.bnt (8,381 entries)","NAME_FOUND_EXACT=0; NAME_BASE_MATCH_EXTENSION_DIFF=0; NAME_NOT_FOUND=12; MATERIAL_REFERENCE_CONFIRMED=0; MATERIAL_APPLIED=0;BROWSER_OBSERVED=0; CONTAINER_ENTRY_RESOLVED=0;IMAGE_DECODED=0; ARK_TAIL=RAW_ONLY(218757 retraction stands)"
545665,PCG_9_3_5,SHAPE->NITEXTURINGPROPERTY->ARKTEXTURE_ENTRY (aggregated),BASE/DARK/etc,see private JSONL,"Textures.bnt (8,381 entries)","NAME_FOUND_EXACT=0; NAME_BASE_MATCH_EXTENSION_DIFF=0; NAME_NOT_FOUND=3; MATERIAL_REFERENCE_CONFIRMED=0; MATERIAL_APPLIED=0;BROWSER_OBSERVED=0; CONTAINER_ENTRY_RESOLVED=0;IMAGE_DECODED=0; ARK_TAIL=RAW_ONLY(218757 retraction stands)"
545674,PCG_9_3_5,SHAPE->NITEXTURINGPROPERTY->ARKTEXTURE_ENTRY (aggregated),BASE/DARK/etc,see private JSONL,"Textures.bnt (8,381 entries)","NAME_FOUND_EXACT=0; NAME_BASE_MATCH_EXTENSION_DIFF=0; NAME_NOT_FOUND=2; MATERIAL_REFERENCE_CONFIRMED=0; MATERIAL_APPLIED=0;BROWSER_OBSERVED=0; CONTAINER_ENTRY_RESOLVED=0;IMAGE_DECODED=0; ARK_TAIL=RAW_ONLY(218757 retraction stands)"
545679,PCG_9_3_5,SHAPE->NITEXTURINGPROPERTY->ARKTEXTURE_ENTRY (aggregated),BASE/DARK/etc,see private JSONL,"Textures.bnt (8,381 entries)","NAME_FOUND_EXACT=0; NAME_BASE_MATCH_EXTENSION_DIFF=0; NAME_NOT_FOUND=2; MATERIAL_REFERENCE_CONFIRMED=0; MATERIAL_APPLIED=0;BROWSER_OBSERVED=0; CONTAINER_ENTRY_RESOLVED=0;IMAGE_DECODED=0; ARK_TAIL=RAW_ONLY(218757 retraction stands)"
545682,PCG_9_3_5,SHAPE->NITEXTURINGPROPERTY->ARKTEXTURE_ENTRY (aggregated),BASE/DARK/etc,see private JSONL,"Textures.bnt (8,381 entries)","NAME_FOUND_EXACT=0; NAME_BASE_MATCH_EXTENSION_DIFF=0; NAME_NOT_FOUND=1; MATERIAL_REFERENCE_CONFIRMED=0; MATERIAL_APPLIED=0;BROWSER_OBSERVED=0; CONTAINER_ENTRY_RESOLVED=0;IMAGE_DECODED=0; ARK_TAIL=RAW_ONLY(218757 retraction stands)"
545932,PCG_9_3_5,SHAPE->NITEXTURINGPROPERTY->ARKTEXTURE_ENTRY (aggregated),BASE/DARK/etc,see private JSONL,"Textures.bnt (8,381 entries)","NAME_FOUND_EXACT=0; NAME_BASE_MATCH_EXTENSION_DIFF=0; NAME_NOT_FOUND=2; MATERIAL_REFERENCE_CONFIRMED=0; MATERIAL_APPLIED=0;BROWSER_OBSERVED=0; CONTAINER_ENTRY_RESOLVED=0;IMAGE_DECODED=0; ARK_TAIL=RAW_ONLY(218757 retraction stands)"
545937,PCG_9_3_5,SHAPE->NITEXTURINGPROPERTY->ARKTEXTURE_ENTRY (aggregated),BASE/DARK/etc,see private JSONL,"Textures.bnt (8,381 entries)","NAME_FOUND_EXACT=0; NAME_BASE_MATCH_EXTENSION_DIFF=0; NAME_NOT_FOUND=2; MATERIAL_REFERENCE_CONFIRMED=0; MATERIAL_APPLIED=0;BROWSER_OBSERVED=0; CONTAINER_ENTRY_RESOLVED=0;IMAGE_DECODED=0; ARK_TAIL=RAW_ONLY(218757 retraction stands)"
545944,PCG_9_3_5,SHAPE->NITEXTURINGPROPERTY->ARKTEXTURE_ENTRY (aggregated),BASE/DARK/etc,see private JSONL,"Textures.bnt (8,381 entries)","NAME_FOUND_EXACT=0; NAME_BASE_MATCH_EXTENSION_DIFF=0; NAME_NOT_FOUND=2; MATERIAL_REFERENCE_CONFIRMED=0; MATERIAL_APPLIED=0;BROWSER_OBSERVED=0; CONTAINER_ENTRY_RESOLVED=0;IMAGE_DECODED=0; ARK_TAIL=RAW_ONLY(218757 retraction stands)"
545964,PCG_9_3_5,SHAPE->NITEXTURINGPROPERTY->ARKTEXTURE_ENTRY (aggregated),BASE/DARK/etc,see private JSONL,"Textures.bnt (8,381 entries)","NAME_FOUND_EXACT=0; NAME_BASE_MATCH_EXTENSION_DIFF=0; NAME_NOT_FOUND=1; MATERIAL_REFERENCE_CONFIRMED=0; MATERIAL_APPLIED=0;BROWSER_OBSERVED=0; CONTAINER_ENTRY_RESOLVED=0;IMAGE_DECODED=0; ARK_TAIL=RAW_ONLY(218757 retraction stands)"
545976,PCG_9_3_5,SHAPE->NITEXTURINGPROPERTY->ARKTEXTURE_ENTRY (aggregated),BASE/DARK/etc,see private JSONL,"Textures.bnt (8,381 entries)","NAME_FOUND_EXACT=0; NAME_BASE_MATCH_EXTENSION_DIFF=0; NAME_NOT_FOUND=1; MATERIAL_REFERENCE_CONFIRMED=0; MATERIAL_APPLIED=0;BROWSER_OBSERVED=0; CONTAINER_ENTRY_RESOLVED=0;IMAGE_DECODED=0; ARK_TAIL=RAW_ONLY(218757 retraction stands)"
545980,PCG_9_3_5,SHAPE->NITEXTURINGPROPERTY->ARKTEXTURE_ENTRY (aggregated),BASE/DARK/etc,see private JSONL,"Textures.bnt (8,381 entries)","NAME_FOUND_EXACT=0; NAME_BASE_MATCH_EXTENSION_DIFF=0; NAME_NOT_FOUND=1; MATERIAL_REFERENCE_CONFIRMED=0; MATERIAL_APPLIED=0;BROWSER_OBSERVED=0; CONTAINER_ENTRY_RESOLVED=0;IMAGE_DECODED=0; ARK_TAIL=RAW_ONLY(218757 retraction stands)"
545990,PCG_9_3_5,SHAPE->NITEXTURINGPROPERTY->ARKTEXTURE_ENTRY (aggregated),BASE/DARK/etc,see private JSONL,"Textures.bnt (8,381 entries)","NAME_FOUND_EXACT=0; NAME_BASE_MATCH_EXTENSION_DIFF=0; NAME_NOT_FOUND=1; MATERIAL_REFERENCE_CONFIRMED=0; MATERIAL_APPLIED=0;BROWSER_OBSERVED=0; CONTAINER_ENTRY_RESOLVED=0;IMAGE_DECODED=0; ARK_TAIL=RAW_ONLY(218757 retraction stands)"
546010,PCG_9_3_5,SHAPE->NITEXTURINGPROPERTY->ARKTEXTURE_ENTRY (aggregated),BASE/DARK/etc,see private JSONL,"Textures.bnt (8,381 entries)","NAME_FOUND_EXACT=0; NAME_BASE_MATCH_EXTENSION_DIFF=0; NAME_NOT_FOUND=2; MATERIAL_REFERENCE_CONFIRMED=0; MATERIAL_APPLIED=0;BROWSER_OBSERVED=0; CONTAINER_ENTRY_RESOLVED=0;IMAGE_DECODED=0; ARK_TAIL=RAW_ONLY(218757 retraction stands)"
546022,PCG_9_3_5,SHAPE->NITEXTURINGPROPERTY->ARKTEXTURE_ENTRY (aggregated),BASE/DARK/etc,see private JSONL,"Textures.bnt (8,381 entries)","NAME_FOUND_EXACT=0; NAME_BASE_MATCH_EXTENSION_DIFF=0; NAME_NOT_FOUND=1; MATERIAL_REFERENCE_CONFIRMED=0; MATERIAL_APPLIED=0;BROWSER_OBSERVED=0; CONTAINER_ENTRY_RESOLVED=0;IMAGE_DECODED=0; ARK_TAIL=RAW_ONLY(218757 retraction stands)"
546024,PCG_9_3_5,SHAPE->NITEXTURINGPROPERTY->ARKTEXTURE_ENTRY (aggregated),BASE/DARK/etc,see private JSONL,"Textures.bnt (8,381 entries)","NAME_FOUND_EXACT=0; NAME_BASE_MATCH_EXTENSION_DIFF=0; NAME_NOT_FOUND=2; MATERIAL_REFERENCE_CONFIRMED=0; MATERIAL_APPLIED=0;BROWSER_OBSERVED=0; CONTAINER_ENTRY_RESOLVED=0;IMAGE_DECODED=0; ARK_TAIL=RAW_ONLY(218757 retraction stands)"
546547,PCG_9_3_5,SHAPE->NITEXTURINGPROPERTY->ARKTEXTURE_ENTRY (aggregated),BASE/DARK/etc,see private JSONL,"Textures.bnt (8,381 entries)","NAME_FOUND_EXACT=0; NAME_BASE_MATCH_EXTENSION_DIFF=0; NAME_NOT_FOUND=1; MATERIAL_REFERENCE_CONFIRMED=0; MATERIAL_APPLIED=0;BROWSER_OBSERVED=0; CONTAINER_ENTRY_RESOLVED=0;IMAGE_DECODED=0; ARK_TAIL=RAW_ONLY(218757 retraction stands)"
546556,PCG_9_3_5,SHAPE->NITEXTURINGPROPERTY->ARKTEXTURE_ENTRY (aggregated),BASE/DARK/etc,see private JSONL,"Textures.bnt (8,381 entries)","NAME_FOUND_EXACT=0; NAME_BASE_MATCH_EXTENSION_DIFF=0; NAME_NOT_FOUND=5; MATERIAL_REFERENCE_CONFIRMED=0; MATERIAL_APPLIED=0;BROWSER_OBSERVED=0; CONTAINER_ENTRY_RESOLVED=0;IMAGE_DECODED=0; ARK_TAIL=RAW_ONLY(218757 retraction stands)"
546566,PCG_9_3_5,SHAPE->NITEXTURINGPROPERTY->ARKTEXTURE_ENTRY (aggregated),BASE/DARK/etc,see private JSONL,"Textures.bnt (8,381 entries)","NAME_FOUND_EXACT=0; NAME_BASE_MATCH_EXTENSION_DIFF=0; NAME_NOT_FOUND=10; MATERIAL_REFERENCE_CONFIRMED=0; MATERIAL_APPLIED=0;BROWSER_OBSERVED=0; CONTAINER_ENTRY_RESOLVED=0;IMAGE_DECODED=0; ARK_TAIL=RAW_ONLY(218757 retraction stands)"
546875,PCG_9_3_5,SHAPE->NITEXTURINGPROPERTY->ARKTEXTURE_ENTRY (aggregated),BASE/DARK/etc,see private JSONL,"Textures.bnt (8,381 entries)","NAME_FOUND_EXACT=0; NAME_BASE_MATCH_EXTENSION_DIFF=0; NAME_NOT_FOUND=14; MATERIAL_REFERENCE_CONFIRMED=0; MATERIAL_APPLIED=0;BROWSER_OBSERVED=0; CONTAINER_ENTRY_RESOLVED=0;IMAGE_DECODED=0; ARK_TAIL=RAW_ONLY(218757 retraction stands)"
546898,PCG_9_3_5,SHAPE->NITEXTURINGPROPERTY->ARKTEXTURE_ENTRY (aggregated),BASE/DARK/etc,see private JSONL,"Textures.bnt (8,381 entries)","NAME_FOUND_EXACT=0; NAME_BASE_MATCH_EXTENSION_DIFF=0; NAME_NOT_FOUND=6; MATERIAL_REFERENCE_CONFIRMED=0; MATERIAL_APPLIED=0;BROWSER_OBSERVED=0; CONTAINER_ENTRY_RESOLVED=0;IMAGE_DECODED=0; ARK_TAIL=RAW_ONLY(218757 retraction stands)"
546909,PCG_9_3_5,SHAPE->NITEXTURINGPROPERTY->ARKTEXTURE_ENTRY (aggregated),BASE/DARK/etc,see private JSONL,"Textures.bnt (8,381 entries)","NAME_FOUND_EXACT=0; NAME_BASE_MATCH_EXTENSION_DIFF=0; NAME_NOT_FOUND=3; MATERIAL_REFERENCE_CONFIRMED=0; MATERIAL_APPLIED=0;BROWSER_OBSERVED=0; CONTAINER_ENTRY_RESOLVED=0;IMAGE_DECODED=0; ARK_TAIL=RAW_ONLY(218757 retraction stands)"
546916,PCG_9_3_5,SHAPE->NITEXTURINGPROPERTY->ARKTEXTURE_ENTRY (aggregated),BASE/DARK/etc,see private JSONL,"Textures.bnt (8,381 entries)","NAME_FOUND_EXACT=0; NAME_BASE_MATCH_EXTENSION_DIFF=0; NAME_NOT_FOUND=3; MATERIAL_REFERENCE_CONFIRMED=0; MATERIAL_APPLIED=0;BROWSER_OBSERVED=0; CONTAINER_ENTRY_RESOLVED=0;IMAGE_DECODED=0; ARK_TAIL=RAW_ONLY(218757 retraction stands)"
546920,PCG_9_3_5,SHAPE->NITEXTURINGPROPERTY->ARKTEXTURE_ENTRY (aggregated),BASE/DARK/etc,see private JSONL,"Textures.bnt (8,381 entries)","NAME_FOUND_EXACT=0; NAME_BASE_MATCH_EXTENSION_DIFF=0; NAME_NOT_FOUND=3; MATERIAL_REFERENCE_CONFIRMED=0; MATERIAL_APPLIED=0;BROWSER_OBSERVED=0; CONTAINER_ENTRY_RESOLVED=0;IMAGE_DECODED=0; ARK_TAIL=RAW_ONLY(218757 retraction stands)"
546924,PCG_9_3_5,SHAPE->NITEXTURINGPROPERTY->ARKTEXTURE_ENTRY (aggregated),BASE/DARK/etc,see private JSONL,"Textures.bnt (8,381 entries)","NAME_FOUND_EXACT=0; NAME_BASE_MATCH_EXTENSION_DIFF=0; NAME_NOT_FOUND=3; MATERIAL_REFERENCE_CONFIRMED=0; MATERIAL_APPLIED=0;BROWSER_OBSERVED=0; CONTAINER_ENTRY_RESOLVED=0;IMAGE_DECODED=0; ARK_TAIL=RAW_ONLY(218757 retraction stands)"
546928,PCG_9_3_5,SHAPE->NITEXTURINGPROPERTY->ARKTEXTURE_ENTRY (aggregated),BASE/DARK/etc,see private JSONL,"Textures.bnt (8,381 entries)","NAME_FOUND_EXACT=0; NAME_BASE_MATCH_EXTENSION_DIFF=0; NAME_NOT_FOUND=3; MATERIAL_REFERENCE_CONFIRMED=0; MATERIAL_APPLIED=0;BROWSER_OBSERVED=0; CONTAINER_ENTRY_RESOLVED=0;IMAGE_DECODED=0; ARK_TAIL=RAW_ONLY(218757 retraction stands)"
547010,PCG_9_3_5,SHAPE->NITEXTURINGPROPERTY->ARKTEXTURE_ENTRY (aggregated),BASE/DARK/etc,see private JSONL,"Textures.bnt (8,381 entries)","NAME_FOUND_EXACT=0; NAME_BASE_MATCH_EXTENSION_DIFF=0; NAME_NOT_FOUND=2; MATERIAL_REFERENCE_CONFIRMED=1; MATERIAL_APPLIED=0;BROWSER_OBSERVED=0; CONTAINER_ENTRY_RESOLVED=0;IMAGE_DECODED=0; ARK_TAIL=RAW_ONLY(218757 retraction stands)"
547148,PCG_9_3_5,SHAPE->NITEXTURINGPROPERTY->ARKTEXTURE_ENTRY (aggregated),BASE/DARK/etc,see private JSONL,"Textures.bnt (8,381 entries)","NAME_FOUND_EXACT=0; NAME_BASE_MATCH_EXTENSION_DIFF=0; NAME_NOT_FOUND=1; MATERIAL_REFERENCE_CONFIRMED=0; MATERIAL_APPLIED=0;BROWSER_OBSERVED=0; CONTAINER_ENTRY_RESOLVED=0;IMAGE_DECODED=0; ARK_TAIL=RAW_ONLY(218757 retraction stands)"
547288,PCG_9_3_5,SHAPE->NITEXTURINGPROPERTY->ARKTEXTURE_ENTRY (aggregated),BASE/DARK/etc,see private JSONL,"Textures.bnt (8,381 entries)","NAME_FOUND_EXACT=0; NAME_BASE_MATCH_EXTENSION_DIFF=0; NAME_NOT_FOUND=3; MATERIAL_REFERENCE_CONFIRMED=0; MATERIAL_APPLIED=0;BROWSER_OBSERVED=0; CONTAINER_ENTRY_RESOLVED=0;IMAGE_DECODED=0; ARK_TAIL=RAW_ONLY(218757 retraction stands)"
547293,PCG_9_3_5,SHAPE->NITEXTURINGPROPERTY->ARKTEXTURE_ENTRY (aggregated),BASE/DARK/etc,see private JSONL,"Textures.bnt (8,381 entries)","NAME_FOUND_EXACT=0; NAME_BASE_MATCH_EXTENSION_DIFF=0; NAME_NOT_FOUND=3; MATERIAL_REFERENCE_CONFIRMED=0; MATERIAL_APPLIED=0;BROWSER_OBSERVED=0; CONTAINER_ENTRY_RESOLVED=0;IMAGE_DECODED=0; ARK_TAIL=RAW_ONLY(218757 retraction stands)"
547305,PCG_9_3_5,SHAPE->NITEXTURINGPROPERTY->ARKTEXTURE_ENTRY (aggregated),BASE/DARK/etc,see private JSONL,"Textures.bnt (8,381 entries)","NAME_FOUND_EXACT=0; NAME_BASE_MATCH_EXTENSION_DIFF=0; NAME_NOT_FOUND=5; MATERIAL_REFERENCE_CONFIRMED=0; MATERIAL_APPLIED=0;BROWSER_OBSERVED=0; CONTAINER_ENTRY_RESOLVED=0;IMAGE_DECODED=0; ARK_TAIL=RAW_ONLY(218757 retraction stands)"
547537,PCG_9_3_5,SHAPE->NITEXTURINGPROPERTY->ARKTEXTURE_ENTRY (aggregated),BASE/DARK/etc,see private JSONL,"Textures.bnt (8,381 entries)","NAME_FOUND_EXACT=0; NAME_BASE_MATCH_EXTENSION_DIFF=0; NAME_NOT_FOUND=0; MATERIAL_REFERENCE_CONFIRMED=1; MATERIAL_APPLIED=0;BROWSER_OBSERVED=0; CONTAINER_ENTRY_RESOLVED=0;IMAGE_DECODED=0; ARK_TAIL=RAW_ONLY(218757 retraction stands)"
548295,PCG_9_3_5,SHAPE->NITEXTURINGPROPERTY->ARKTEXTURE_ENTRY (aggregated),BASE/DARK/etc,see private JSONL,"Textures.bnt (8,381 entries)","NAME_FOUND_EXACT=0; NAME_BASE_MATCH_EXTENSION_DIFF=0; NAME_NOT_FOUND=0; MATERIAL_REFERENCE_CONFIRMED=1; MATERIAL_APPLIED=0;BROWSER_OBSERVED=0; CONTAINER_ENTRY_RESOLVED=0;IMAGE_DECODED=0; ARK_TAIL=RAW_ONLY(218757 retraction stands)"
5548,PCG_9_3_5,SHAPE->NITEXTURINGPROPERTY->ARKTEXTURE_ENTRY (aggregated),BASE/DARK/etc,see private JSONL,"Textures.bnt (8,381 entries)","NAME_FOUND_EXACT=0; NAME_BASE_MATCH_EXTENSION_DIFF=0; NAME_NOT_FOUND=1; MATERIAL_REFERENCE_CONFIRMED=0; MATERIAL_APPLIED=0;BROWSER_OBSERVED=0; CONTAINER_ENTRY_RESOLVED=0;IMAGE_DECODED=0; ARK_TAIL=RAW_ONLY(218757 retraction stands)"
576171,PCG_9_3_5,SHAPE->NITEXTURINGPROPERTY->ARKTEXTURE_ENTRY (aggregated),BASE/DARK/etc,see private JSONL,"Textures.bnt (8,381 entries)","NAME_FOUND_EXACT=0; NAME_BASE_MATCH_EXTENSION_DIFF=0; NAME_NOT_FOUND=2; MATERIAL_REFERENCE_CONFIRMED=1; MATERIAL_APPLIED=0;BROWSER_OBSERVED=0; CONTAINER_ENTRY_RESOLVED=0;IMAGE_DECODED=0; ARK_TAIL=RAW_ONLY(218757 retraction stands)"
576352,PCG_9_3_5,SHAPE->NITEXTURINGPROPERTY->ARKTEXTURE_ENTRY (aggregated),BASE/DARK/etc,see private JSONL,"Textures.bnt (8,381 entries)","NAME_FOUND_EXACT=0; NAME_BASE_MATCH_EXTENSION_DIFF=0; NAME_NOT_FOUND=2; MATERIAL_REFERENCE_CONFIRMED=1; MATERIAL_APPLIED=0;BROWSER_OBSERVED=0; CONTAINER_ENTRY_RESOLVED=0;IMAGE_DECODED=0; ARK_TAIL=RAW_ONLY(218757 retraction stands)"
581204,PCG_9_3_5,SHAPE->NITEXTURINGPROPERTY->ARKTEXTURE_ENTRY (aggregated),BASE/DARK/etc,see private JSONL,"Textures.bnt (8,381 entries)","NAME_FOUND_EXACT=0; NAME_BASE_MATCH_EXTENSION_DIFF=0; NAME_NOT_FOUND=4; MATERIAL_REFERENCE_CONFIRMED=0; MATERIAL_APPLIED=0;BROWSER_OBSERVED=0; CONTAINER_ENTRY_RESOLVED=0;IMAGE_DECODED=0; ARK_TAIL=RAW_ONLY(218757 retraction stands)"
581495,PCG_9_3_5,SHAPE->NITEXTURINGPROPERTY->ARKTEXTURE_ENTRY (aggregated),BASE/DARK/etc,see private JSONL,"Textures.bnt (8,381 entries)","NAME_FOUND_EXACT=0; NAME_BASE_MATCH_EXTENSION_DIFF=0; NAME_NOT_FOUND=1; MATERIAL_REFERENCE_CONFIRMED=0; MATERIAL_APPLIED=0;BROWSER_OBSERVED=0; CONTAINER_ENTRY_RESOLVED=0;IMAGE_DECODED=0; ARK_TAIL=RAW_ONLY(218757 retraction stands)"
583242,PCG_9_3_5,SHAPE->NITEXTURINGPROPERTY->ARKTEXTURE_ENTRY (aggregated),BASE/DARK/etc,see private JSONL,"Textures.bnt (8,381 entries)","NAME_FOUND_EXACT=0; NAME_BASE_MATCH_EXTENSION_DIFF=0; NAME_NOT_FOUND=2; MATERIAL_REFERENCE_CONFIRMED=1; MATERIAL_APPLIED=0;BROWSER_OBSERVED=0; CONTAINER_ENTRY_RESOLVED=0;IMAGE_DECODED=0; ARK_TAIL=RAW_ONLY(218757 retraction stands)"
583243,PCG_9_3_5,SHAPE->NITEXTURINGPROPERTY->ARKTEXTURE_ENTRY (aggregated),BASE/DARK/etc,see private JSONL,"Textures.bnt (8,381 entries)","NAME_FOUND_EXACT=0; NAME_BASE_MATCH_EXTENSION_DIFF=0; NAME_NOT_FOUND=2; MATERIAL_REFERENCE_CONFIRMED=1; MATERIAL_APPLIED=0;BROWSER_OBSERVED=0; CONTAINER_ENTRY_RESOLVED=0;IMAGE_DECODED=0; ARK_TAIL=RAW_ONLY(218757 retraction stands)"
583244,PCG_9_3_5,SHAPE->NITEXTURINGPROPERTY->ARKTEXTURE_ENTRY (aggregated),BASE/DARK/etc,see private JSONL,"Textures.bnt (8,381 entries)","NAME_FOUND_EXACT=0; NAME_BASE_MATCH_EXTENSION_DIFF=0; NAME_NOT_FOUND=2; MATERIAL_REFERENCE_CONFIRMED=1; MATERIAL_APPLIED=0;BROWSER_OBSERVED=0; CONTAINER_ENTRY_RESOLVED=0;IMAGE_DECODED=0; ARK_TAIL=RAW_ONLY(218757 retraction stands)"
583245,PCG_9_3_5,SHAPE->NITEXTURINGPROPERTY->ARKTEXTURE_ENTRY (aggregated),BASE/DARK/etc,see private JSONL,"Textures.bnt (8,381 entries)","NAME_FOUND_EXACT=0; NAME_BASE_MATCH_EXTENSION_DIFF=0; NAME_NOT_FOUND=2; MATERIAL_REFERENCE_CONFIRMED=1; MATERIAL_APPLIED=0;BROWSER_OBSERVED=0; CONTAINER_ENTRY_RESOLVED=0;IMAGE_DECODED=0; ARK_TAIL=RAW_ONLY(218757 retraction stands)"
583247,PCG_9_3_5,SHAPE->NITEXTURINGPROPERTY->ARKTEXTURE_ENTRY (aggregated),BASE/DARK/etc,see private JSONL,"Textures.bnt (8,381 entries)","NAME_FOUND_EXACT=0; NAME_BASE_MATCH_EXTENSION_DIFF=0; NAME_NOT_FOUND=2; MATERIAL_REFERENCE_CONFIRMED=1; MATERIAL_APPLIED=0;BROWSER_OBSERVED=0; CONTAINER_ENTRY_RESOLVED=0;IMAGE_DECODED=0; ARK_TAIL=RAW_ONLY(218757 retraction stands)"
583399,PCG_9_3_5,SHAPE->NITEXTURINGPROPERTY->ARKTEXTURE_ENTRY (aggregated),BASE/DARK/etc,see private JSONL,"Textures.bnt (8,381 entries)","NAME_FOUND_EXACT=0; NAME_BASE_MATCH_EXTENSION_DIFF=0; NAME_NOT_FOUND=2; MATERIAL_REFERENCE_CONFIRMED=1; MATERIAL_APPLIED=0;BROWSER_OBSERVED=0; CONTAINER_ENTRY_RESOLVED=0;IMAGE_DECODED=0; ARK_TAIL=RAW_ONLY(218757 retraction stands)"
583426,PCG_9_3_5,SHAPE->NITEXTURINGPROPERTY->ARKTEXTURE_ENTRY (aggregated),BASE/DARK/etc,see private JSONL,"Textures.bnt (8,381 entries)","NAME_FOUND_EXACT=0; NAME_BASE_MATCH_EXTENSION_DIFF=0; NAME_NOT_FOUND=2; MATERIAL_REFERENCE_CONFIRMED=1; MATERIAL_APPLIED=0;BROWSER_OBSERVED=0; CONTAINER_ENTRY_RESOLVED=0;IMAGE_DECODED=0; ARK_TAIL=RAW_ONLY(218757 retraction stands)"
583427,PCG_9_3_5,SHAPE->NITEXTURINGPROPERTY->ARKTEXTURE_ENTRY (aggregated),BASE/DARK/etc,see private JSONL,"Textures.bnt (8,381 entries)","NAME_FOUND_EXACT=0; NAME_BASE_MATCH_EXTENSION_DIFF=0; NAME_NOT_FOUND=2; MATERIAL_REFERENCE_CONFIRMED=1; MATERIAL_APPLIED=0;BROWSER_OBSERVED=0; CONTAINER_ENTRY_RESOLVED=0;IMAGE_DECODED=0; ARK_TAIL=RAW_ONLY(218757 retraction stands)"
584602,PCG_9_3_5,SHAPE->NITEXTURINGPROPERTY->ARKTEXTURE_ENTRY (aggregated),BASE/DARK/etc,see private JSONL,"Textures.bnt (8,381 entries)","NAME_FOUND_EXACT=0; NAME_BASE_MATCH_EXTENSION_DIFF=0; NAME_NOT_FOUND=4; MATERIAL_REFERENCE_CONFIRMED=0; MATERIAL_APPLIED=0;BROWSER_OBSERVED=0; CONTAINER_ENTRY_RESOLVED=0;IMAGE_DECODED=0; ARK_TAIL=RAW_ONLY(218757 retraction stands)"
584708,PCG_9_3_5,SHAPE->NITEXTURINGPROPERTY->ARKTEXTURE_ENTRY (aggregated),BASE/DARK/etc,see private JSONL,"Textures.bnt (8,381 entries)","NAME_FOUND_EXACT=0; NAME_BASE_MATCH_EXTENSION_DIFF=0; NAME_NOT_FOUND=2; MATERIAL_REFERENCE_CONFIRMED=1; MATERIAL_APPLIED=0;BROWSER_OBSERVED=0; CONTAINER_ENTRY_RESOLVED=0;IMAGE_DECODED=0; ARK_TAIL=RAW_ONLY(218757 retraction stands)"
584907,PCG_9_3_5,SHAPE->NITEXTURINGPROPERTY->ARKTEXTURE_ENTRY (aggregated),BASE/DARK/etc,see private JSONL,"Textures.bnt (8,381 entries)","NAME_FOUND_EXACT=0; NAME_BASE_MATCH_EXTENSION_DIFF=0; NAME_NOT_FOUND=2; MATERIAL_REFERENCE_CONFIRMED=1; MATERIAL_APPLIED=0;BROWSER_OBSERVED=0; CONTAINER_ENTRY_RESOLVED=0;IMAGE_DECODED=0; ARK_TAIL=RAW_ONLY(218757 retraction stands)"
584910,PCG_9_3_5,SHAPE->NITEXTURINGPROPERTY->ARKTEXTURE_ENTRY (aggregated),BASE/DARK/etc,see private JSONL,"Textures.bnt (8,381 entries)","NAME_FOUND_EXACT=0; NAME_BASE_MATCH_EXTENSION_DIFF=0; NAME_NOT_FOUND=2; MATERIAL_REFERENCE_CONFIRMED=1; MATERIAL_APPLIED=0;BROWSER_OBSERVED=0; CONTAINER_ENTRY_RESOLVED=0;IMAGE_DECODED=0; ARK_TAIL=RAW_ONLY(218757 retraction stands)"
584915,PCG_9_3_5,SHAPE->NITEXTURINGPROPERTY->ARKTEXTURE_ENTRY (aggregated),BASE/DARK/etc,see private JSONL,"Textures.bnt (8,381 entries)","NAME_FOUND_EXACT=0; NAME_BASE_MATCH_EXTENSION_DIFF=0; NAME_NOT_FOUND=2; MATERIAL_REFERENCE_CONFIRMED=1; MATERIAL_APPLIED=0;BROWSER_OBSERVED=0; CONTAINER_ENTRY_RESOLVED=0;IMAGE_DECODED=0; ARK_TAIL=RAW_ONLY(218757 retraction stands)"
585001,PCG_9_3_5,SHAPE->NITEXTURINGPROPERTY->ARKTEXTURE_ENTRY (aggregated),BASE/DARK/etc,see private JSONL,"Textures.bnt (8,381 entries)","NAME_FOUND_EXACT=0; NAME_BASE_MATCH_EXTENSION_DIFF=0; NAME_NOT_FOUND=2; MATERIAL_REFERENCE_CONFIRMED=1; MATERIAL_APPLIED=0;BROWSER_OBSERVED=0; CONTAINER_ENTRY_RESOLVED=0;IMAGE_DECODED=0; ARK_TAIL=RAW_ONLY(218757 retraction stands)"
585284,PCG_9_3_5,SHAPE->NITEXTURINGPROPERTY->ARKTEXTURE_ENTRY (aggregated),BASE/DARK/etc,see private JSONL,"Textures.bnt (8,381 entries)","NAME_FOUND_EXACT=0; NAME_BASE_MATCH_EXTENSION_DIFF=0; NAME_NOT_FOUND=2; MATERIAL_REFERENCE_CONFIRMED=1; MATERIAL_APPLIED=0;BROWSER_OBSERVED=0; CONTAINER_ENTRY_RESOLVED=0;IMAGE_DECODED=0; ARK_TAIL=RAW_ONLY(218757 retraction stands)"
586451,PCG_9_3_5,SHAPE->NITEXTURINGPROPERTY->ARKTEXTURE_ENTRY (aggregated),BASE/DARK/etc,see private JSONL,"Textures.bnt (8,381 entries)","NAME_FOUND_EXACT=0; NAME_BASE_MATCH_EXTENSION_DIFF=0; NAME_NOT_FOUND=2; MATERIAL_REFERENCE_CONFIRMED=1; MATERIAL_APPLIED=0;BROWSER_OBSERVED=0; CONTAINER_ENTRY_RESOLVED=0;IMAGE_DECODED=0; ARK_TAIL=RAW_ONLY(218757 retraction stands)"
586454,PCG_9_3_5,SHAPE->NITEXTURINGPROPERTY->ARKTEXTURE_ENTRY (aggregated),BASE/DARK/etc,see private JSONL,"Textures.bnt (8,381 entries)","NAME_FOUND_EXACT=0; NAME_BASE_MATCH_EXTENSION_DIFF=0; NAME_NOT_FOUND=2; MATERIAL_REFERENCE_CONFIRMED=1; MATERIAL_APPLIED=0;BROWSER_OBSERVED=0; CONTAINER_ENTRY_RESOLVED=0;IMAGE_DECODED=0; ARK_TAIL=RAW_ONLY(218757 retraction stands)"
586455,PCG_9_3_5,SHAPE->NITEXTURINGPROPERTY->ARKTEXTURE_ENTRY (aggregated),BASE/DARK/etc,see private JSONL,"Textures.bnt (8,381 entries)","NAME_FOUND_EXACT=0; NAME_BASE_MATCH_EXTENSION_DIFF=0; NAME_NOT_FOUND=2; MATERIAL_REFERENCE_CONFIRMED=1; MATERIAL_APPLIED=0;BROWSER_OBSERVED=0; CONTAINER_ENTRY_RESOLVED=0;IMAGE_DECODED=0; ARK_TAIL=RAW_ONLY(218757 retraction stands)"
586456,PCG_9_3_5,SHAPE->NITEXTURINGPROPERTY->ARKTEXTURE_ENTRY (aggregated),BASE/DARK/etc,see private JSONL,"Textures.bnt (8,381 entries)","NAME_FOUND_EXACT=0; NAME_BASE_MATCH_EXTENSION_DIFF=0; NAME_NOT_FOUND=2; MATERIAL_REFERENCE_CONFIRMED=1; MATERIAL_APPLIED=0;BROWSER_OBSERVED=0; CONTAINER_ENTRY_RESOLVED=0;IMAGE_DECODED=0; ARK_TAIL=RAW_ONLY(218757 retraction stands)"
588466,PCG_9_3_5,SHAPE->NITEXTURINGPROPERTY->ARKTEXTURE_ENTRY (aggregated),BASE/DARK/etc,see private JSONL,"Textures.bnt (8,381 entries)","NAME_FOUND_EXACT=0; NAME_BASE_MATCH_EXTENSION_DIFF=0; NAME_NOT_FOUND=2; MATERIAL_REFERENCE_CONFIRMED=1; MATERIAL_APPLIED=0;BROWSER_OBSERVED=0; CONTAINER_ENTRY_RESOLVED=0;IMAGE_DECODED=0; ARK_TAIL=RAW_ONLY(218757 retraction stands)"
588469,PCG_9_3_5,SHAPE->NITEXTURINGPROPERTY->ARKTEXTURE_ENTRY (aggregated),BASE/DARK/etc,see private JSONL,"Textures.bnt (8,381 entries)","NAME_FOUND_EXACT=0; NAME_BASE_MATCH_EXTENSION_DIFF=0; NAME_NOT_FOUND=2; MATERIAL_REFERENCE_CONFIRMED=1; MATERIAL_APPLIED=0;BROWSER_OBSERVED=0; CONTAINER_ENTRY_RESOLVED=0;IMAGE_DECODED=0; ARK_TAIL=RAW_ONLY(218757 retraction stands)"
588760,PCG_9_3_5,SHAPE->NITEXTURINGPROPERTY->ARKTEXTURE_ENTRY (aggregated),BASE/DARK/etc,see private JSONL,"Textures.bnt (8,381 entries)","NAME_FOUND_EXACT=0; NAME_BASE_MATCH_EXTENSION_DIFF=0; NAME_NOT_FOUND=1; MATERIAL_REFERENCE_CONFIRMED=0; MATERIAL_APPLIED=0;BROWSER_OBSERVED=0; CONTAINER_ENTRY_RESOLVED=0;IMAGE_DECODED=0; ARK_TAIL=RAW_ONLY(218757 retraction stands)"
591136,PCG_9_3_5,SHAPE->NITEXTURINGPROPERTY->ARKTEXTURE_ENTRY (aggregated),BASE/DARK/etc,see private JSONL,"Textures.bnt (8,381 entries)","NAME_FOUND_EXACT=0; NAME_BASE_MATCH_EXTENSION_DIFF=0; NAME_NOT_FOUND=2; MATERIAL_REFERENCE_CONFIRMED=6; MATERIAL_APPLIED=0;BROWSER_OBSERVED=0; CONTAINER_ENTRY_RESOLVED=0;IMAGE_DECODED=0; ARK_TAIL=RAW_ONLY(218757 retraction stands)"
591142,PCG_9_3_5,SHAPE->NITEXTURINGPROPERTY->ARKTEXTURE_ENTRY (aggregated),BASE/DARK/etc,see private JSONL,"Textures.bnt (8,381 entries)","NAME_FOUND_EXACT=0; NAME_BASE_MATCH_EXTENSION_DIFF=0; NAME_NOT_FOUND=2; MATERIAL_REFERENCE_CONFIRMED=6; MATERIAL_APPLIED=0;BROWSER_OBSERVED=0; CONTAINER_ENTRY_RESOLVED=0;IMAGE_DECODED=0; ARK_TAIL=RAW_ONLY(218757 retraction stands)"
591148,PCG_9_3_5,SHAPE->NITEXTURINGPROPERTY->ARKTEXTURE_ENTRY (aggregated),BASE/DARK/etc,see private JSONL,"Textures.bnt (8,381 entries)","NAME_FOUND_EXACT=0; NAME_BASE_MATCH_EXTENSION_DIFF=0; NAME_NOT_FOUND=4; MATERIAL_REFERENCE_CONFIRMED=0; MATERIAL_APPLIED=0;BROWSER_OBSERVED=0; CONTAINER_ENTRY_RESOLVED=0;IMAGE_DECODED=0; ARK_TAIL=RAW_ONLY(218757 retraction stands)"
591247,PCG_9_3_5,SHAPE->NITEXTURINGPROPERTY->ARKTEXTURE_ENTRY (aggregated),BASE/DARK/etc,see private JSONL,"Textures.bnt (8,381 entries)","NAME_FOUND_EXACT=0; NAME_BASE_MATCH_EXTENSION_DIFF=0; NAME_NOT_FOUND=1; MATERIAL_REFERENCE_CONFIRMED=1; MATERIAL_APPLIED=0;BROWSER_OBSERVED=0; CONTAINER_ENTRY_RESOLVED=0;IMAGE_DECODED=0; ARK_TAIL=RAW_ONLY(218757 retraction stands)"
591248,PCG_9_3_5,SHAPE->NITEXTURINGPROPERTY->ARKTEXTURE_ENTRY (aggregated),BASE/DARK/etc,see private JSONL,"Textures.bnt (8,381 entries)","NAME_FOUND_EXACT=0; NAME_BASE_MATCH_EXTENSION_DIFF=0; NAME_NOT_FOUND=1; MATERIAL_REFERENCE_CONFIRMED=1; MATERIAL_APPLIED=0;BROWSER_OBSERVED=0; CONTAINER_ENTRY_RESOLVED=0;IMAGE_DECODED=0; ARK_TAIL=RAW_ONLY(218757 retraction stands)"
591249,PCG_9_3_5,SHAPE->NITEXTURINGPROPERTY->ARKTEXTURE_ENTRY (aggregated),BASE/DARK/etc,see private JSONL,"Textures.bnt (8,381 entries)","NAME_FOUND_EXACT=0; NAME_BASE_MATCH_EXTENSION_DIFF=0; NAME_NOT_FOUND=1; MATERIAL_REFERENCE_CONFIRMED=1; MATERIAL_APPLIED=0;BROWSER_OBSERVED=0; CONTAINER_ENTRY_RESOLVED=0;IMAGE_DECODED=0; ARK_TAIL=RAW_ONLY(218757 retraction stands)"
591379,PCG_9_3_5,SHAPE->NITEXTURINGPROPERTY->ARKTEXTURE_ENTRY (aggregated),BASE/DARK/etc,see private JSONL,"Textures.bnt (8,381 entries)","NAME_FOUND_EXACT=0; NAME_BASE_MATCH_EXTENSION_DIFF=0; NAME_NOT_FOUND=2; MATERIAL_REFERENCE_CONFIRMED=1; MATERIAL_APPLIED=0;BROWSER_OBSERVED=0; CONTAINER_ENTRY_RESOLVED=0;IMAGE_DECODED=0; ARK_TAIL=RAW_ONLY(218757 retraction stands)"
591386,PCG_9_3_5,SHAPE->NITEXTURINGPROPERTY->ARKTEXTURE_ENTRY (aggregated),BASE/DARK/etc,see private JSONL,"Textures.bnt (8,381 entries)","NAME_FOUND_EXACT=0; NAME_BASE_MATCH_EXTENSION_DIFF=0; NAME_NOT_FOUND=8; MATERIAL_REFERENCE_CONFIRMED=1; MATERIAL_APPLIED=0;BROWSER_OBSERVED=0; CONTAINER_ENTRY_RESOLVED=0;IMAGE_DECODED=0; ARK_TAIL=RAW_ONLY(218757 retraction stands)"
591432,PCG_9_3_5,SHAPE->NITEXTURINGPROPERTY->ARKTEXTURE_ENTRY (aggregated),BASE/DARK/etc,see private JSONL,"Textures.bnt (8,381 entries)","NAME_FOUND_EXACT=0; NAME_BASE_MATCH_EXTENSION_DIFF=0; NAME_NOT_FOUND=2; MATERIAL_REFERENCE_CONFIRMED=0; MATERIAL_APPLIED=0;BROWSER_OBSERVED=0; CONTAINER_ENTRY_RESOLVED=0;IMAGE_DECODED=0; ARK_TAIL=RAW_ONLY(218757 retraction stands)"
591614,PCG_9_3_5,SHAPE->NITEXTURINGPROPERTY->ARKTEXTURE_ENTRY (aggregated),BASE/DARK/etc,see private JSONL,"Textures.bnt (8,381 entries)","NAME_FOUND_EXACT=0; NAME_BASE_MATCH_EXTENSION_DIFF=0; NAME_NOT_FOUND=16; MATERIAL_REFERENCE_CONFIRMED=0; MATERIAL_APPLIED=0;BROWSER_OBSERVED=0; CONTAINER_ENTRY_RESOLVED=0;IMAGE_DECODED=0; ARK_TAIL=RAW_ONLY(218757 retraction stands)"
591631,PCG_9_3_5,SHAPE->NITEXTURINGPROPERTY->ARKTEXTURE_ENTRY (aggregated),BASE/DARK/etc,see private JSONL,"Textures.bnt (8,381 entries)","NAME_FOUND_EXACT=0; NAME_BASE_MATCH_EXTENSION_DIFF=0; NAME_NOT_FOUND=14; MATERIAL_REFERENCE_CONFIRMED=0; MATERIAL_APPLIED=0;BROWSER_OBSERVED=0; CONTAINER_ENTRY_RESOLVED=0;IMAGE_DECODED=0; ARK_TAIL=RAW_ONLY(218757 retraction stands)"
591636,PCG_9_3_5,SHAPE->NITEXTURINGPROPERTY->ARKTEXTURE_ENTRY (aggregated),BASE/DARK/etc,see private JSONL,"Textures.bnt (8,381 entries)","NAME_FOUND_EXACT=0; NAME_BASE_MATCH_EXTENSION_DIFF=0; NAME_NOT_FOUND=46; MATERIAL_REFERENCE_CONFIRMED=0; MATERIAL_APPLIED=0;BROWSER_OBSERVED=0; CONTAINER_ENTRY_RESOLVED=0;IMAGE_DECODED=0; ARK_TAIL=RAW_ONLY(218757 retraction stands)"
591660,PCG_9_3_5,SHAPE->NITEXTURINGPROPERTY->ARKTEXTURE_ENTRY (aggregated),BASE/DARK/etc,see private JSONL,"Textures.bnt (8,381 entries)","NAME_FOUND_EXACT=0; NAME_BASE_MATCH_EXTENSION_DIFF=0; NAME_NOT_FOUND=38; MATERIAL_REFERENCE_CONFIRMED=0; MATERIAL_APPLIED=0;BROWSER_OBSERVED=0; CONTAINER_ENTRY_RESOLVED=0;IMAGE_DECODED=0; ARK_TAIL=RAW_ONLY(218757 retraction stands)"
591666,PCG_9_3_5,SHAPE->NITEXTURINGPROPERTY->ARKTEXTURE_ENTRY (aggregated),BASE/DARK/etc,see private JSONL,"Textures.bnt (8,381 entries)","NAME_FOUND_EXACT=0; NAME_BASE_MATCH_EXTENSION_DIFF=0; NAME_NOT_FOUND=4; MATERIAL_REFERENCE_CONFIRMED=0; MATERIAL_APPLIED=0;BROWSER_OBSERVED=0; CONTAINER_ENTRY_RESOLVED=0;IMAGE_DECODED=0; ARK_TAIL=RAW_ONLY(218757 retraction stands)"
591668,PCG_9_3_5,SHAPE->NITEXTURINGPROPERTY->ARKTEXTURE_ENTRY (aggregated),BASE/DARK/etc,see private JSONL,"Textures.bnt (8,381 entries)","NAME_FOUND_EXACT=0; NAME_BASE_MATCH_EXTENSION_DIFF=0; NAME_NOT_FOUND=6; MATERIAL_REFERENCE_CONFIRMED=0; MATERIAL_APPLIED=0;BROWSER_OBSERVED=0; CONTAINER_ENTRY_RESOLVED=0;IMAGE_DECODED=0; ARK_TAIL=RAW_ONLY(218757 retraction stands)"
591669,PCG_9_3_5,SHAPE->NITEXTURINGPROPERTY->ARKTEXTURE_ENTRY (aggregated),BASE/DARK/etc,see private JSONL,"Textures.bnt (8,381 entries)","NAME_FOUND_EXACT=0; NAME_BASE_MATCH_EXTENSION_DIFF=0; NAME_NOT_FOUND=9; MATERIAL_REFERENCE_CONFIRMED=0; MATERIAL_APPLIED=0;BROWSER_OBSERVED=0; CONTAINER_ENTRY_RESOLVED=0;IMAGE_DECODED=0; ARK_TAIL=RAW_ONLY(218757 retraction stands)"
591683,PCG_9_3_5,SHAPE->NITEXTURINGPROPERTY->ARKTEXTURE_ENTRY (aggregated),BASE/DARK/etc,see private JSONL,"Textures.bnt (8,381 entries)","NAME_FOUND_EXACT=0; NAME_BASE_MATCH_EXTENSION_DIFF=0; NAME_NOT_FOUND=4; MATERIAL_REFERENCE_CONFIRMED=0; MATERIAL_APPLIED=0;BROWSER_OBSERVED=0; CONTAINER_ENTRY_RESOLVED=0;IMAGE_DECODED=0; ARK_TAIL=RAW_ONLY(218757 retraction stands)"
591689,PCG_9_3_5,SHAPE->NITEXTURINGPROPERTY->ARKTEXTURE_ENTRY (aggregated),BASE/DARK/etc,see private JSONL,"Textures.bnt (8,381 entries)","NAME_FOUND_EXACT=0; NAME_BASE_MATCH_EXTENSION_DIFF=0; NAME_NOT_FOUND=4; MATERIAL_REFERENCE_CONFIRMED=0; MATERIAL_APPLIED=0;BROWSER_OBSERVED=0; CONTAINER_ENTRY_RESOLVED=0;IMAGE_DECODED=0; ARK_TAIL=RAW_ONLY(218757 retraction stands)"
591690,PCG_9_3_5,SHAPE->NITEXTURINGPROPERTY->ARKTEXTURE_ENTRY (aggregated),BASE/DARK/etc,see private JSONL,"Textures.bnt (8,381 entries)","NAME_FOUND_EXACT=0; NAME_BASE_MATCH_EXTENSION_DIFF=0; NAME_NOT_FOUND=16; MATERIAL_REFERENCE_CONFIRMED=0; MATERIAL_APPLIED=0;BROWSER_OBSERVED=0; CONTAINER_ENTRY_RESOLVED=0;IMAGE_DECODED=0; ARK_TAIL=RAW_ONLY(218757 retraction stands)"
591980,PCG_9_3_5,SHAPE->NITEXTURINGPROPERTY->ARKTEXTURE_ENTRY (aggregated),BASE/DARK/etc,see private JSONL,"Textures.bnt (8,381 entries)","NAME_FOUND_EXACT=0; NAME_BASE_MATCH_EXTENSION_DIFF=0; NAME_NOT_FOUND=0; MATERIAL_REFERENCE_CONFIRMED=1; MATERIAL_APPLIED=0;BROWSER_OBSERVED=0; CONTAINER_ENTRY_RESOLVED=0;IMAGE_DECODED=0; ARK_TAIL=RAW_ONLY(218757 retraction stands)"
592152,PCG_9_3_5,SHAPE->NITEXTURINGPROPERTY->ARKTEXTURE_ENTRY (aggregated),BASE/DARK/etc,see private JSONL,"Textures.bnt (8,381 entries)","NAME_FOUND_EXACT=0; NAME_BASE_MATCH_EXTENSION_DIFF=0; NAME_NOT_FOUND=6; MATERIAL_REFERENCE_CONFIRMED=0; MATERIAL_APPLIED=0;BROWSER_OBSERVED=0; CONTAINER_ENTRY_RESOLVED=0;IMAGE_DECODED=0; ARK_TAIL=RAW_ONLY(218757 retraction stands)"
592305,PCG_9_3_5,SHAPE->NITEXTURINGPROPERTY->ARKTEXTURE_ENTRY (aggregated),BASE/DARK/etc,see private JSONL,"Textures.bnt (8,381 entries)","NAME_FOUND_EXACT=0; NAME_BASE_MATCH_EXTENSION_DIFF=0; NAME_NOT_FOUND=2; MATERIAL_REFERENCE_CONFIRMED=1; MATERIAL_APPLIED=0;BROWSER_OBSERVED=0; CONTAINER_ENTRY_RESOLVED=0;IMAGE_DECODED=0; ARK_TAIL=RAW_ONLY(218757 retraction stands)"
592314,PCG_9_3_5,SHAPE->NITEXTURINGPROPERTY->ARKTEXTURE_ENTRY (aggregated),BASE/DARK/etc,see private JSONL,"Textures.bnt (8,381 entries)","NAME_FOUND_EXACT=0; NAME_BASE_MATCH_EXTENSION_DIFF=0; NAME_NOT_FOUND=2; MATERIAL_REFERENCE_CONFIRMED=1; MATERIAL_APPLIED=0;BROWSER_OBSERVED=0; CONTAINER_ENTRY_RESOLVED=0;IMAGE_DECODED=0; ARK_TAIL=RAW_ONLY(218757 retraction stands)"
592317,PCG_9_3_5,SHAPE->NITEXTURINGPROPERTY->ARKTEXTURE_ENTRY (aggregated),BASE/DARK/etc,see private JSONL,"Textures.bnt (8,381 entries)","NAME_FOUND_EXACT=0; NAME_BASE_MATCH_EXTENSION_DIFF=0; NAME_NOT_FOUND=2; MATERIAL_REFERENCE_CONFIRMED=1; MATERIAL_APPLIED=0;BROWSER_OBSERVED=0; CONTAINER_ENTRY_RESOLVED=0;IMAGE_DECODED=0; ARK_TAIL=RAW_ONLY(218757 retraction stands)"
592320,PCG_9_3_5,SHAPE->NITEXTURINGPROPERTY->ARKTEXTURE_ENTRY (aggregated),BASE/DARK/etc,see private JSONL,"Textures.bnt (8,381 entries)","NAME_FOUND_EXACT=0; NAME_BASE_MATCH_EXTENSION_DIFF=0; NAME_NOT_FOUND=2; MATERIAL_REFERENCE_CONFIRMED=1; MATERIAL_APPLIED=0;BROWSER_OBSERVED=0; CONTAINER_ENTRY_RESOLVED=0;IMAGE_DECODED=0; ARK_TAIL=RAW_ONLY(218757 retraction stands)"
592328,PCG_9_3_5,SHAPE->NITEXTURINGPROPERTY->ARKTEXTURE_ENTRY (aggregated),BASE/DARK/etc,see private JSONL,"Textures.bnt (8,381 entries)","NAME_FOUND_EXACT=0; NAME_BASE_MATCH_EXTENSION_DIFF=0; NAME_NOT_FOUND=2; MATERIAL_REFERENCE_CONFIRMED=1; MATERIAL_APPLIED=0;BROWSER_OBSERVED=0; CONTAINER_ENTRY_RESOLVED=0;IMAGE_DECODED=0; ARK_TAIL=RAW_ONLY(218757 retraction stands)"
592329,PCG_9_3_5,SHAPE->NITEXTURINGPROPERTY->ARKTEXTURE_ENTRY (aggregated),BASE/DARK/etc,see private JSONL,"Textures.bnt (8,381 entries)","NAME_FOUND_EXACT=0; NAME_BASE_MATCH_EXTENSION_DIFF=0; NAME_NOT_FOUND=2; MATERIAL_REFERENCE_CONFIRMED=1; MATERIAL_APPLIED=0;BROWSER_OBSERVED=0; CONTAINER_ENTRY_RESOLVED=0;IMAGE_DECODED=0; ARK_TAIL=RAW_ONLY(218757 retraction stands)"
592332,PCG_9_3_5,SHAPE->NITEXTURINGPROPERTY->ARKTEXTURE_ENTRY (aggregated),BASE/DARK/etc,see private JSONL,"Textures.bnt (8,381 entries)","NAME_FOUND_EXACT=0; NAME_BASE_MATCH_EXTENSION_DIFF=0; NAME_NOT_FOUND=2; MATERIAL_REFERENCE_CONFIRMED=1; MATERIAL_APPLIED=0;BROWSER_OBSERVED=0; CONTAINER_ENTRY_RESOLVED=0;IMAGE_DECODED=0; ARK_TAIL=RAW_ONLY(218757 retraction stands)"
592335,PCG_9_3_5,SHAPE->NITEXTURINGPROPERTY->ARKTEXTURE_ENTRY (aggregated),BASE/DARK/etc,see private JSONL,"Textures.bnt (8,381 entries)","NAME_FOUND_EXACT=0; NAME_BASE_MATCH_EXTENSION_DIFF=0; NAME_NOT_FOUND=2; MATERIAL_REFERENCE_CONFIRMED=1; MATERIAL_APPLIED=0;BROWSER_OBSERVED=0; CONTAINER_ENTRY_RESOLVED=0;IMAGE_DECODED=0; ARK_TAIL=RAW_ONLY(218757 retraction stands)"
592338,PCG_9_3_5,SHAPE->NITEXTURINGPROPERTY->ARKTEXTURE_ENTRY (aggregated),BASE/DARK/etc,see private JSONL,"Textures.bnt (8,381 entries)","NAME_FOUND_EXACT=0; NAME_BASE_MATCH_EXTENSION_DIFF=0; NAME_NOT_FOUND=2; MATERIAL_REFERENCE_CONFIRMED=1; MATERIAL_APPLIED=0;BROWSER_OBSERVED=0; CONTAINER_ENTRY_RESOLVED=0;IMAGE_DECODED=0; ARK_TAIL=RAW_ONLY(218757 retraction stands)"
592341,PCG_9_3_5,SHAPE->NITEXTURINGPROPERTY->ARKTEXTURE_ENTRY (aggregated),BASE/DARK/etc,see private JSONL,"Textures.bnt (8,381 entries)","NAME_FOUND_EXACT=0; NAME_BASE_MATCH_EXTENSION_DIFF=0; NAME_NOT_FOUND=8; MATERIAL_REFERENCE_CONFIRMED=3; MATERIAL_APPLIED=0;BROWSER_OBSERVED=0; CONTAINER_ENTRY_RESOLVED=0;IMAGE_DECODED=0; ARK_TAIL=RAW_ONLY(218757 retraction stands)"
592344,PCG_9_3_5,SHAPE->NITEXTURINGPROPERTY->ARKTEXTURE_ENTRY (aggregated),BASE/DARK/etc,see private JSONL,"Textures.bnt (8,381 entries)","NAME_FOUND_EXACT=0; NAME_BASE_MATCH_EXTENSION_DIFF=0; NAME_NOT_FOUND=2; MATERIAL_REFERENCE_CONFIRMED=1; MATERIAL_APPLIED=0;BROWSER_OBSERVED=0; CONTAINER_ENTRY_RESOLVED=0;IMAGE_DECODED=0; ARK_TAIL=RAW_ONLY(218757 retraction stands)"
592347,PCG_9_3_5,SHAPE->NITEXTURINGPROPERTY->ARKTEXTURE_ENTRY (aggregated),BASE/DARK/etc,see private JSONL,"Textures.bnt (8,381 entries)","NAME_FOUND_EXACT=0; NAME_BASE_MATCH_EXTENSION_DIFF=0; NAME_NOT_FOUND=4; MATERIAL_REFERENCE_CONFIRMED=0; MATERIAL_APPLIED=0;BROWSER_OBSERVED=0; CONTAINER_ENTRY_RESOLVED=0;IMAGE_DECODED=0; ARK_TAIL=RAW_ONLY(218757 retraction stands)"
592350,PCG_9_3_5,SHAPE->NITEXTURINGPROPERTY->ARKTEXTURE_ENTRY (aggregated),BASE/DARK/etc,see private JSONL,"Textures.bnt (8,381 entries)","NAME_FOUND_EXACT=0; NAME_BASE_MATCH_EXTENSION_DIFF=0; NAME_NOT_FOUND=2; MATERIAL_REFERENCE_CONFIRMED=1; MATERIAL_APPLIED=0;BROWSER_OBSERVED=0; CONTAINER_ENTRY_RESOLVED=0;IMAGE_DECODED=0; ARK_TAIL=RAW_ONLY(218757 retraction stands)"
592356,PCG_9_3_5,SHAPE->NITEXTURINGPROPERTY->ARKTEXTURE_ENTRY (aggregated),BASE/DARK/etc,see private JSONL,"Textures.bnt (8,381 entries)","NAME_FOUND_EXACT=0; NAME_BASE_MATCH_EXTENSION_DIFF=0; NAME_NOT_FOUND=2; MATERIAL_REFERENCE_CONFIRMED=1; MATERIAL_APPLIED=0;BROWSER_OBSERVED=0; CONTAINER_ENTRY_RESOLVED=0;IMAGE_DECODED=0; ARK_TAIL=RAW_ONLY(218757 retraction stands)"
592359,PCG_9_3_5,SHAPE->NITEXTURINGPROPERTY->ARKTEXTURE_ENTRY (aggregated),BASE/DARK/etc,see private JSONL,"Textures.bnt (8,381 entries)","NAME_FOUND_EXACT=0; NAME_BASE_MATCH_EXTENSION_DIFF=0; NAME_NOT_FOUND=2; MATERIAL_REFERENCE_CONFIRMED=1; MATERIAL_APPLIED=0;BROWSER_OBSERVED=0; CONTAINER_ENTRY_RESOLVED=0;IMAGE_DECODED=0; ARK_TAIL=RAW_ONLY(218757 retraction stands)"
592362,PCG_9_3_5,SHAPE->NITEXTURINGPROPERTY->ARKTEXTURE_ENTRY (aggregated),BASE/DARK/etc,see private JSONL,"Textures.bnt (8,381 entries)","NAME_FOUND_EXACT=0; NAME_BASE_MATCH_EXTENSION_DIFF=0; NAME_NOT_FOUND=2; MATERIAL_REFERENCE_CONFIRMED=1; MATERIAL_APPLIED=0;BROWSER_OBSERVED=0; CONTAINER_ENTRY_RESOLVED=0;IMAGE_DECODED=0; ARK_TAIL=RAW_ONLY(218757 retraction stands)"
592365,PCG_9_3_5,SHAPE->NITEXTURINGPROPERTY->ARKTEXTURE_ENTRY (aggregated),BASE/DARK/etc,see private JSONL,"Textures.bnt (8,381 entries)","NAME_FOUND_EXACT=0; NAME_BASE_MATCH_EXTENSION_DIFF=0; NAME_NOT_FOUND=2; MATERIAL_REFERENCE_CONFIRMED=1; MATERIAL_APPLIED=0;BROWSER_OBSERVED=0; CONTAINER_ENTRY_RESOLVED=0;IMAGE_DECODED=0; ARK_TAIL=RAW_ONLY(218757 retraction stands)"
592368,PCG_9_3_5,SHAPE->NITEXTURINGPROPERTY->ARKTEXTURE_ENTRY (aggregated),BASE/DARK/etc,see private JSONL,"Textures.bnt (8,381 entries)","NAME_FOUND_EXACT=0; NAME_BASE_MATCH_EXTENSION_DIFF=0; NAME_NOT_FOUND=4; MATERIAL_REFERENCE_CONFIRMED=0; MATERIAL_APPLIED=0;BROWSER_OBSERVED=0; CONTAINER_ENTRY_RESOLVED=0;IMAGE_DECODED=0; ARK_TAIL=RAW_ONLY(218757 retraction stands)"
592373,PCG_9_3_5,SHAPE->NITEXTURINGPROPERTY->ARKTEXTURE_ENTRY (aggregated),BASE/DARK/etc,see private JSONL,"Textures.bnt (8,381 entries)","NAME_FOUND_EXACT=0; NAME_BASE_MATCH_EXTENSION_DIFF=0; NAME_NOT_FOUND=4; MATERIAL_REFERENCE_CONFIRMED=0; MATERIAL_APPLIED=0;BROWSER_OBSERVED=0; CONTAINER_ENTRY_RESOLVED=0;IMAGE_DECODED=0; ARK_TAIL=RAW_ONLY(218757 retraction stands)"
592378,PCG_9_3_5,SHAPE->NITEXTURINGPROPERTY->ARKTEXTURE_ENTRY (aggregated),BASE/DARK/etc,see private JSONL,"Textures.bnt (8,381 entries)","NAME_FOUND_EXACT=0; NAME_BASE_MATCH_EXTENSION_DIFF=0; NAME_NOT_FOUND=22; MATERIAL_REFERENCE_CONFIRMED=0; MATERIAL_APPLIED=0;BROWSER_OBSERVED=0; CONTAINER_ENTRY_RESOLVED=0;IMAGE_DECODED=0; ARK_TAIL=RAW_ONLY(218757 retraction stands)"
592381,PCG_9_3_5,SHAPE->NITEXTURINGPROPERTY->ARKTEXTURE_ENTRY (aggregated),BASE/DARK/etc,see private JSONL,"Textures.bnt (8,381 entries)","NAME_FOUND_EXACT=0; NAME_BASE_MATCH_EXTENSION_DIFF=0; NAME_NOT_FOUND=2; MATERIAL_REFERENCE_CONFIRMED=1; MATERIAL_APPLIED=0;BROWSER_OBSERVED=0; CONTAINER_ENTRY_RESOLVED=0;IMAGE_DECODED=0; ARK_TAIL=RAW_ONLY(218757 retraction stands)"
592384,PCG_9_3_5,SHAPE->NITEXTURINGPROPERTY->ARKTEXTURE_ENTRY (aggregated),BASE/DARK/etc,see private JSONL,"Textures.bnt (8,381 entries)","NAME_FOUND_EXACT=0; NAME_BASE_MATCH_EXTENSION_DIFF=0; NAME_NOT_FOUND=2; MATERIAL_REFERENCE_CONFIRMED=1; MATERIAL_APPLIED=0;BROWSER_OBSERVED=0; CONTAINER_ENTRY_RESOLVED=0;IMAGE_DECODED=0; ARK_TAIL=RAW_ONLY(218757 retraction stands)"
592461,PCG_9_3_5,SHAPE->NITEXTURINGPROPERTY->ARKTEXTURE_ENTRY (aggregated),BASE/DARK/etc,see private JSONL,"Textures.bnt (8,381 entries)","NAME_FOUND_EXACT=0; NAME_BASE_MATCH_EXTENSION_DIFF=0; NAME_NOT_FOUND=2; MATERIAL_REFERENCE_CONFIRMED=0; MATERIAL_APPLIED=0;BROWSER_OBSERVED=0; CONTAINER_ENTRY_RESOLVED=0;IMAGE_DECODED=0; ARK_TAIL=RAW_ONLY(218757 retraction stands)"
592517,PCG_9_3_5,SHAPE->NITEXTURINGPROPERTY->ARKTEXTURE_ENTRY (aggregated),BASE/DARK/etc,see private JSONL,"Textures.bnt (8,381 entries)","NAME_FOUND_EXACT=0; NAME_BASE_MATCH_EXTENSION_DIFF=0; NAME_NOT_FOUND=2; MATERIAL_REFERENCE_CONFIRMED=1; MATERIAL_APPLIED=0;BROWSER_OBSERVED=0; CONTAINER_ENTRY_RESOLVED=0;IMAGE_DECODED=0; ARK_TAIL=RAW_ONLY(218757 retraction stands)"
592560,PCG_9_3_5,SHAPE->NITEXTURINGPROPERTY->ARKTEXTURE_ENTRY (aggregated),BASE/DARK/etc,see private JSONL,"Textures.bnt (8,381 entries)","NAME_FOUND_EXACT=0; NAME_BASE_MATCH_EXTENSION_DIFF=0; NAME_NOT_FOUND=4; MATERIAL_REFERENCE_CONFIRMED=0; MATERIAL_APPLIED=0;BROWSER_OBSERVED=0; CONTAINER_ENTRY_RESOLVED=0;IMAGE_DECODED=0; ARK_TAIL=RAW_ONLY(218757 retraction stands)"
592561,PCG_9_3_5,SHAPE->NITEXTURINGPROPERTY->ARKTEXTURE_ENTRY (aggregated),BASE/DARK/etc,see private JSONL,"Textures.bnt (8,381 entries)","NAME_FOUND_EXACT=0; NAME_BASE_MATCH_EXTENSION_DIFF=0; NAME_NOT_FOUND=4; MATERIAL_REFERENCE_CONFIRMED=0; MATERIAL_APPLIED=0;BROWSER_OBSERVED=0; CONTAINER_ENTRY_RESOLVED=0;IMAGE_DECODED=0; ARK_TAIL=RAW_ONLY(218757 retraction stands)"
592602,PCG_9_3_5,SHAPE->NITEXTURINGPROPERTY->ARKTEXTURE_ENTRY (aggregated),BASE/DARK/etc,see private JSONL,"Textures.bnt (8,381 entries)","NAME_FOUND_EXACT=0; NAME_BASE_MATCH_EXTENSION_DIFF=0; NAME_NOT_FOUND=2; MATERIAL_REFERENCE_CONFIRMED=1; MATERIAL_APPLIED=0;BROWSER_OBSERVED=0; CONTAINER_ENTRY_RESOLVED=0;IMAGE_DECODED=0; ARK_TAIL=RAW_ONLY(218757 retraction stands)"
592615,PCG_9_3_5,SHAPE->NITEXTURINGPROPERTY->ARKTEXTURE_ENTRY (aggregated),BASE/DARK/etc,see private JSONL,"Textures.bnt (8,381 entries)","NAME_FOUND_EXACT=0; NAME_BASE_MATCH_EXTENSION_DIFF=0; NAME_NOT_FOUND=2; MATERIAL_REFERENCE_CONFIRMED=1; MATERIAL_APPLIED=0;BROWSER_OBSERVED=0; CONTAINER_ENTRY_RESOLVED=0;IMAGE_DECODED=0; ARK_TAIL=RAW_ONLY(218757 retraction stands)"
592618,PCG_9_3_5,SHAPE->NITEXTURINGPROPERTY->ARKTEXTURE_ENTRY (aggregated),BASE/DARK/etc,see private JSONL,"Textures.bnt (8,381 entries)","NAME_FOUND_EXACT=0; NAME_BASE_MATCH_EXTENSION_DIFF=0; NAME_NOT_FOUND=2; MATERIAL_REFERENCE_CONFIRMED=0; MATERIAL_APPLIED=0;BROWSER_OBSERVED=0; CONTAINER_ENTRY_RESOLVED=0;IMAGE_DECODED=0; ARK_TAIL=RAW_ONLY(218757 retraction stands)"
592621,PCG_9_3_5,SHAPE->NITEXTURINGPROPERTY->ARKTEXTURE_ENTRY (aggregated),BASE/DARK/etc,see private JSONL,"Textures.bnt (8,381 entries)","NAME_FOUND_EXACT=0; NAME_BASE_MATCH_EXTENSION_DIFF=0; NAME_NOT_FOUND=2; MATERIAL_REFERENCE_CONFIRMED=0; MATERIAL_APPLIED=0;BROWSER_OBSERVED=0; CONTAINER_ENTRY_RESOLVED=0;IMAGE_DECODED=0; ARK_TAIL=RAW_ONLY(218757 retraction stands)"
592628,PCG_9_3_5,SHAPE->NITEXTURINGPROPERTY->ARKTEXTURE_ENTRY (aggregated),BASE/DARK/etc,see private JSONL,"Textures.bnt (8,381 entries)","NAME_FOUND_EXACT=0; NAME_BASE_MATCH_EXTENSION_DIFF=0; NAME_NOT_FOUND=2; MATERIAL_REFERENCE_CONFIRMED=1; MATERIAL_APPLIED=0;BROWSER_OBSERVED=0; CONTAINER_ENTRY_RESOLVED=0;IMAGE_DECODED=0; ARK_TAIL=RAW_ONLY(218757 retraction stands)"
592708,PCG_9_3_5,SHAPE->NITEXTURINGPROPERTY->ARKTEXTURE_ENTRY (aggregated),BASE/DARK/etc,see private JSONL,"Textures.bnt (8,381 entries)","NAME_FOUND_EXACT=0; NAME_BASE_MATCH_EXTENSION_DIFF=0; NAME_NOT_FOUND=2; MATERIAL_REFERENCE_CONFIRMED=1; MATERIAL_APPLIED=0;BROWSER_OBSERVED=0; CONTAINER_ENTRY_RESOLVED=0;IMAGE_DECODED=0; ARK_TAIL=RAW_ONLY(218757 retraction stands)"
62346,PCG_9_3_5,SHAPE->NITEXTURINGPROPERTY->ARKTEXTURE_ENTRY (aggregated),BASE/DARK/etc,see private JSONL,"Textures.bnt (8,381 entries)","NAME_FOUND_EXACT=0; NAME_BASE_MATCH_EXTENSION_DIFF=0; NAME_NOT_FOUND=1; MATERIAL_REFERENCE_CONFIRMED=0; MATERIAL_APPLIED=0;BROWSER_OBSERVED=0; CONTAINER_ENTRY_RESOLVED=0;IMAGE_DECODED=0; ARK_TAIL=RAW_ONLY(218757 retraction stands)"
62350,PCG_9_3_5,SHAPE->NITEXTURINGPROPERTY->ARKTEXTURE_ENTRY (aggregated),BASE/DARK/etc,see private JSONL,"Textures.bnt (8,381 entries)","NAME_FOUND_EXACT=0; NAME_BASE_MATCH_EXTENSION_DIFF=0; NAME_NOT_FOUND=1; MATERIAL_REFERENCE_CONFIRMED=0; MATERIAL_APPLIED=0;BROWSER_OBSERVED=0; CONTAINER_ENTRY_RESOLVED=0;IMAGE_DECODED=0; ARK_TAIL=RAW_ONLY(218757 retraction stands)"
62354,PCG_9_3_5,SHAPE->NITEXTURINGPROPERTY->ARKTEXTURE_ENTRY (aggregated),BASE/DARK/etc,see private JSONL,"Textures.bnt (8,381 entries)","NAME_FOUND_EXACT=0; NAME_BASE_MATCH_EXTENSION_DIFF=0; NAME_NOT_FOUND=1; MATERIAL_REFERENCE_CONFIRMED=0; MATERIAL_APPLIED=0;BROWSER_OBSERVED=0; CONTAINER_ENTRY_RESOLVED=0;IMAGE_DECODED=0; ARK_TAIL=RAW_ONLY(218757 retraction stands)"
62359,PCG_9_3_5,SHAPE->NITEXTURINGPROPERTY->ARKTEXTURE_ENTRY (aggregated),BASE/DARK/etc,see private JSONL,"Textures.bnt (8,381 entries)","NAME_FOUND_EXACT=0; NAME_BASE_MATCH_EXTENSION_DIFF=0; NAME_NOT_FOUND=1; MATERIAL_REFERENCE_CONFIRMED=0; MATERIAL_APPLIED=0;BROWSER_OBSERVED=0; CONTAINER_ENTRY_RESOLVED=0;IMAGE_DECODED=0; ARK_TAIL=RAW_ONLY(218757 retraction stands)"
62855,PCG_9_3_5,SHAPE->NITEXTURINGPROPERTY->ARKTEXTURE_ENTRY (aggregated),BASE/DARK/etc,see private JSONL,"Textures.bnt (8,381 entries)","NAME_FOUND_EXACT=0; NAME_BASE_MATCH_EXTENSION_DIFF=0; NAME_NOT_FOUND=1; MATERIAL_REFERENCE_CONFIRMED=0; MATERIAL_APPLIED=0;BROWSER_OBSERVED=0; CONTAINER_ENTRY_RESOLVED=0;IMAGE_DECODED=0; ARK_TAIL=RAW_ONLY(218757 retraction stands)"
62884,PCG_9_3_5,SHAPE->NITEXTURINGPROPERTY->ARKTEXTURE_ENTRY (aggregated),BASE/DARK/etc,see private JSONL,"Textures.bnt (8,381 entries)","NAME_FOUND_EXACT=0; NAME_BASE_MATCH_EXTENSION_DIFF=0; NAME_NOT_FOUND=1; MATERIAL_REFERENCE_CONFIRMED=0; MATERIAL_APPLIED=0;BROWSER_OBSERVED=0; CONTAINER_ENTRY_RESOLVED=0;IMAGE_DECODED=0; ARK_TAIL=RAW_ONLY(218757 retraction stands)"
62889,PCG_9_3_5,SHAPE->NITEXTURINGPROPERTY->ARKTEXTURE_ENTRY (aggregated),BASE/DARK/etc,see private JSONL,"Textures.bnt (8,381 entries)","NAME_FOUND_EXACT=0; NAME_BASE_MATCH_EXTENSION_DIFF=0; NAME_NOT_FOUND=1; MATERIAL_REFERENCE_CONFIRMED=0; MATERIAL_APPLIED=0;BROWSER_OBSERVED=0; CONTAINER_ENTRY_RESOLVED=0;IMAGE_DECODED=0; ARK_TAIL=RAW_ONLY(218757 retraction stands)"
62974,PCG_9_3_5,SHAPE->NITEXTURINGPROPERTY->ARKTEXTURE_ENTRY (aggregated),BASE/DARK/etc,see private JSONL,"Textures.bnt (8,381 entries)","NAME_FOUND_EXACT=0; NAME_BASE_MATCH_EXTENSION_DIFF=0; NAME_NOT_FOUND=1; MATERIAL_REFERENCE_CONFIRMED=0; MATERIAL_APPLIED=0;BROWSER_OBSERVED=0; CONTAINER_ENTRY_RESOLVED=0;IMAGE_DECODED=0; ARK_TAIL=RAW_ONLY(218757 retraction stands)"
63380,PCG_9_3_5,SHAPE->NITEXTURINGPROPERTY->ARKTEXTURE_ENTRY (aggregated),BASE/DARK/etc,see private JSONL,"Textures.bnt (8,381 entries)","NAME_FOUND_EXACT=0; NAME_BASE_MATCH_EXTENSION_DIFF=0; NAME_NOT_FOUND=1; MATERIAL_REFERENCE_CONFIRMED=0; MATERIAL_APPLIED=0;BROWSER_OBSERVED=0; CONTAINER_ENTRY_RESOLVED=0;IMAGE_DECODED=0; ARK_TAIL=RAW_ONLY(218757 retraction stands)"
647,PCG_9_3_5,SHAPE->NITEXTURINGPROPERTY->ARKTEXTURE_ENTRY (aggregated),BASE/DARK/etc,see private JSONL,"Textures.bnt (8,381 entries)","NAME_FOUND_EXACT=0; NAME_BASE_MATCH_EXTENSION_DIFF=0; NAME_NOT_FOUND=1; MATERIAL_REFERENCE_CONFIRMED=0; MATERIAL_APPLIED=0;BROWSER_OBSERVED=0; CONTAINER_ENTRY_RESOLVED=0;IMAGE_DECODED=0; ARK_TAIL=RAW_ONLY(218757 retraction stands)"
6978,PCG_9_3_5,SHAPE->NITEXTURINGPROPERTY->ARKTEXTURE_ENTRY (aggregated),BASE/DARK/etc,see private JSONL,"Textures.bnt (8,381 entries)","NAME_FOUND_EXACT=0; NAME_BASE_MATCH_EXTENSION_DIFF=0; NAME_NOT_FOUND=1; MATERIAL_REFERENCE_CONFIRMED=0; MATERIAL_APPLIED=0;BROWSER_OBSERVED=0; CONTAINER_ENTRY_RESOLVED=0;IMAGE_DECODED=0; ARK_TAIL=RAW_ONLY(218757 retraction stands)"
7353,PCG_9_3_5,SHAPE->NITEXTURINGPROPERTY->ARKTEXTURE_ENTRY (aggregated),BASE/DARK/etc,see private JSONL,"Textures.bnt (8,381 entries)","NAME_FOUND_EXACT=0; NAME_BASE_MATCH_EXTENSION_DIFF=0; NAME_NOT_FOUND=1; MATERIAL_REFERENCE_CONFIRMED=0; MATERIAL_APPLIED=0;BROWSER_OBSERVED=0; CONTAINER_ENTRY_RESOLVED=0;IMAGE_DECODED=0; ARK_TAIL=RAW_ONLY(218757 retraction stands)"
7423,PCG_9_3_5,SHAPE->NITEXTURINGPROPERTY->ARKTEXTURE_ENTRY (aggregated),BASE/DARK/etc,see private JSONL,"Textures.bnt (8,381 entries)","NAME_FOUND_EXACT=0; NAME_BASE_MATCH_EXTENSION_DIFF=0; NAME_NOT_FOUND=1; MATERIAL_REFERENCE_CONFIRMED=0; MATERIAL_APPLIED=0;BROWSER_OBSERVED=0; CONTAINER_ENTRY_RESOLVED=0;IMAGE_DECODED=0; ARK_TAIL=RAW_ONLY(218757 retraction stands)"
74258,PCG_9_3_5,SHAPE->NITEXTURINGPROPERTY->ARKTEXTURE_ENTRY (aggregated),BASE/DARK/etc,see private JSONL,"Textures.bnt (8,381 entries)","NAME_FOUND_EXACT=0; NAME_BASE_MATCH_EXTENSION_DIFF=0; NAME_NOT_FOUND=1; MATERIAL_REFERENCE_CONFIRMED=0; MATERIAL_APPLIED=0;BROWSER_OBSERVED=0; CONTAINER_ENTRY_RESOLVED=0;IMAGE_DECODED=0; ARK_TAIL=RAW_ONLY(218757 retraction stands)"
74269,PCG_9_3_5,SHAPE->NITEXTURINGPROPERTY->ARKTEXTURE_ENTRY (aggregated),BASE/DARK/etc,see private JSONL,"Textures.bnt (8,381 entries)","NAME_FOUND_EXACT=0; NAME_BASE_MATCH_EXTENSION_DIFF=0; NAME_NOT_FOUND=1; MATERIAL_REFERENCE_CONFIRMED=0; MATERIAL_APPLIED=0;BROWSER_OBSERVED=0; CONTAINER_ENTRY_RESOLVED=0;IMAGE_DECODED=0; ARK_TAIL=RAW_ONLY(218757 retraction stands)"
74281,PCG_9_3_5,SHAPE->NITEXTURINGPROPERTY->ARKTEXTURE_ENTRY (aggregated),BASE/DARK/etc,see private JSONL,"Textures.bnt (8,381 entries)","NAME_FOUND_EXACT=0; NAME_BASE_MATCH_EXTENSION_DIFF=0; NAME_NOT_FOUND=1; MATERIAL_REFERENCE_CONFIRMED=0; MATERIAL_APPLIED=0;BROWSER_OBSERVED=0; CONTAINER_ENTRY_RESOLVED=0;IMAGE_DECODED=0; ARK_TAIL=RAW_ONLY(218757 retraction stands)"
7457,PCG_9_3_5,SHAPE->NITEXTURINGPROPERTY->ARKTEXTURE_ENTRY (aggregated),BASE/DARK/etc,see private JSONL,"Textures.bnt (8,381 entries)","NAME_FOUND_EXACT=0; NAME_BASE_MATCH_EXTENSION_DIFF=0; NAME_NOT_FOUND=1; MATERIAL_REFERENCE_CONFIRMED=0; MATERIAL_APPLIED=0;BROWSER_OBSERVED=0; CONTAINER_ENTRY_RESOLVED=0;IMAGE_DECODED=0; ARK_TAIL=RAW_ONLY(218757 retraction stands)"
7461,PCG_9_3_5,SHAPE->NITEXTURINGPROPERTY->ARKTEXTURE_ENTRY (aggregated),BASE/DARK/etc,see private JSONL,"Textures.bnt (8,381 entries)","NAME_FOUND_EXACT=0; NAME_BASE_MATCH_EXTENSION_DIFF=0; NAME_NOT_FOUND=1; MATERIAL_REFERENCE_CONFIRMED=0; MATERIAL_APPLIED=0;BROWSER_OBSERVED=0; CONTAINER_ENTRY_RESOLVED=0;IMAGE_DECODED=0; ARK_TAIL=RAW_ONLY(218757 retraction stands)"
7467,PCG_9_3_5,SHAPE->NITEXTURINGPROPERTY->ARKTEXTURE_ENTRY (aggregated),BASE/DARK/etc,see private JSONL,"Textures.bnt (8,381 entries)","NAME_FOUND_EXACT=0; NAME_BASE_MATCH_EXTENSION_DIFF=0; NAME_NOT_FOUND=3; MATERIAL_REFERENCE_CONFIRMED=0; MATERIAL_APPLIED=0;BROWSER_OBSERVED=0; CONTAINER_ENTRY_RESOLVED=0;IMAGE_DECODED=0; ARK_TAIL=RAW_ONLY(218757 retraction stands)"
75021,PCG_9_3_5,SHAPE->NITEXTURINGPROPERTY->ARKTEXTURE_ENTRY (aggregated),BASE/DARK/etc,see private JSONL,"Textures.bnt (8,381 entries)","NAME_FOUND_EXACT=0; NAME_BASE_MATCH_EXTENSION_DIFF=0; NAME_NOT_FOUND=1; MATERIAL_REFERENCE_CONFIRMED=0; MATERIAL_APPLIED=0;BROWSER_OBSERVED=0; CONTAINER_ENTRY_RESOLVED=0;IMAGE_DECODED=0; ARK_TAIL=RAW_ONLY(218757 retraction stands)"
75029,PCG_9_3_5,SHAPE->NITEXTURINGPROPERTY->ARKTEXTURE_ENTRY (aggregated),BASE/DARK/etc,see private JSONL,"Textures.bnt (8,381 entries)","NAME_FOUND_EXACT=0; NAME_BASE_MATCH_EXTENSION_DIFF=0; NAME_NOT_FOUND=1; MATERIAL_REFERENCE_CONFIRMED=0; MATERIAL_APPLIED=0;BROWSER_OBSERVED=0; CONTAINER_ENTRY_RESOLVED=0;IMAGE_DECODED=0; ARK_TAIL=RAW_ONLY(218757 retraction stands)"
75034,PCG_9_3_5,SHAPE->NITEXTURINGPROPERTY->ARKTEXTURE_ENTRY (aggregated),BASE/DARK/etc,see private JSONL,"Textures.bnt (8,381 entries)","NAME_FOUND_EXACT=0; NAME_BASE_MATCH_EXTENSION_DIFF=0; NAME_NOT_FOUND=1; MATERIAL_REFERENCE_CONFIRMED=0; MATERIAL_APPLIED=0;BROWSER_OBSERVED=0; CONTAINER_ENTRY_RESOLVED=0;IMAGE_DECODED=0; ARK_TAIL=RAW_ONLY(218757 retraction stands)"
75118,PCG_9_3_5,SHAPE->NITEXTURINGPROPERTY->ARKTEXTURE_ENTRY (aggregated),BASE/DARK/etc,see private JSONL,"Textures.bnt (8,381 entries)","NAME_FOUND_EXACT=0; NAME_BASE_MATCH_EXTENSION_DIFF=0; NAME_NOT_FOUND=2; MATERIAL_REFERENCE_CONFIRMED=0; MATERIAL_APPLIED=0;BROWSER_OBSERVED=0; CONTAINER_ENTRY_RESOLVED=0;IMAGE_DECODED=0; ARK_TAIL=RAW_ONLY(218757 retraction stands)"
75125,PCG_9_3_5,SHAPE->NITEXTURINGPROPERTY->ARKTEXTURE_ENTRY (aggregated),BASE/DARK/etc,see private JSONL,"Textures.bnt (8,381 entries)","NAME_FOUND_EXACT=0; NAME_BASE_MATCH_EXTENSION_DIFF=0; NAME_NOT_FOUND=2; MATERIAL_REFERENCE_CONFIRMED=0; MATERIAL_APPLIED=0;BROWSER_OBSERVED=0; CONTAINER_ENTRY_RESOLVED=0;IMAGE_DECODED=0; ARK_TAIL=RAW_ONLY(218757 retraction stands)"
75130,PCG_9_3_5,SHAPE->NITEXTURINGPROPERTY->ARKTEXTURE_ENTRY (aggregated),BASE/DARK/etc,see private JSONL,"Textures.bnt (8,381 entries)","NAME_FOUND_EXACT=0; NAME_BASE_MATCH_EXTENSION_DIFF=0; NAME_NOT_FOUND=1; MATERIAL_REFERENCE_CONFIRMED=0; MATERIAL_APPLIED=0;BROWSER_OBSERVED=0; CONTAINER_ENTRY_RESOLVED=0;IMAGE_DECODED=0; ARK_TAIL=RAW_ONLY(218757 retraction stands)"
75330,PCG_9_3_5,SHAPE->NITEXTURINGPROPERTY->ARKTEXTURE_ENTRY (aggregated),BASE/DARK/etc,see private JSONL,"Textures.bnt (8,381 entries)","NAME_FOUND_EXACT=0; NAME_BASE_MATCH_EXTENSION_DIFF=0; NAME_NOT_FOUND=1; MATERIAL_REFERENCE_CONFIRMED=0; MATERIAL_APPLIED=0;BROWSER_OBSERVED=0; CONTAINER_ENTRY_RESOLVED=0;IMAGE_DECODED=0; ARK_TAIL=RAW_ONLY(218757 retraction stands)"
75335,PCG_9_3_5,SHAPE->NITEXTURINGPROPERTY->ARKTEXTURE_ENTRY (aggregated),BASE/DARK/etc,see private JSONL,"Textures.bnt (8,381 entries)","NAME_FOUND_EXACT=0; NAME_BASE_MATCH_EXTENSION_DIFF=0; NAME_NOT_FOUND=1; MATERIAL_REFERENCE_CONFIRMED=0; MATERIAL_APPLIED=0;BROWSER_OBSERVED=0; CONTAINER_ENTRY_RESOLVED=0;IMAGE_DECODED=0; ARK_TAIL=RAW_ONLY(218757 retraction stands)"
75339,PCG_9_3_5,SHAPE->NITEXTURINGPROPERTY->ARKTEXTURE_ENTRY (aggregated),BASE/DARK/etc,see private JSONL,"Textures.bnt (8,381 entries)","NAME_FOUND_EXACT=0; NAME_BASE_MATCH_EXTENSION_DIFF=0; NAME_NOT_FOUND=1; MATERIAL_REFERENCE_CONFIRMED=0; MATERIAL_APPLIED=0;BROWSER_OBSERVED=0; CONTAINER_ENTRY_RESOLVED=0;IMAGE_DECODED=0; ARK_TAIL=RAW_ONLY(218757 retraction stands)"
75343,PCG_9_3_5,SHAPE->NITEXTURINGPROPERTY->ARKTEXTURE_ENTRY (aggregated),BASE/DARK/etc,see private JSONL,"Textures.bnt (8,381 entries)","NAME_FOUND_EXACT=0; NAME_BASE_MATCH_EXTENSION_DIFF=0; NAME_NOT_FOUND=1; MATERIAL_REFERENCE_CONFIRMED=0; MATERIAL_APPLIED=0;BROWSER_OBSERVED=0; CONTAINER_ENTRY_RESOLVED=0;IMAGE_DECODED=0; ARK_TAIL=RAW_ONLY(218757 retraction stands)"
75599,PCG_9_3_5,SHAPE->NITEXTURINGPROPERTY->ARKTEXTURE_ENTRY (aggregated),BASE/DARK/etc,see private JSONL,"Textures.bnt (8,381 entries)","NAME_FOUND_EXACT=0; NAME_BASE_MATCH_EXTENSION_DIFF=0; NAME_NOT_FOUND=2; MATERIAL_REFERENCE_CONFIRMED=0; MATERIAL_APPLIED=0;BROWSER_OBSERVED=0; CONTAINER_ENTRY_RESOLVED=0;IMAGE_DECODED=0; ARK_TAIL=RAW_ONLY(218757 retraction stands)"
75607,PCG_9_3_5,SHAPE->NITEXTURINGPROPERTY->ARKTEXTURE_ENTRY (aggregated),BASE/DARK/etc,see private JSONL,"Textures.bnt (8,381 entries)","NAME_FOUND_EXACT=0; NAME_BASE_MATCH_EXTENSION_DIFF=0; NAME_NOT_FOUND=2; MATERIAL_REFERENCE_CONFIRMED=0; MATERIAL_APPLIED=0;BROWSER_OBSERVED=0; CONTAINER_ENTRY_RESOLVED=0;IMAGE_DECODED=0; ARK_TAIL=RAW_ONLY(218757 retraction stands)"
75614,PCG_9_3_5,SHAPE->NITEXTURINGPROPERTY->ARKTEXTURE_ENTRY (aggregated),BASE/DARK/etc,see private JSONL,"Textures.bnt (8,381 entries)","NAME_FOUND_EXACT=0; NAME_BASE_MATCH_EXTENSION_DIFF=0; NAME_NOT_FOUND=2; MATERIAL_REFERENCE_CONFIRMED=0; MATERIAL_APPLIED=0;BROWSER_OBSERVED=0; CONTAINER_ENTRY_RESOLVED=0;IMAGE_DECODED=0; ARK_TAIL=RAW_ONLY(218757 retraction stands)"
75620,PCG_9_3_5,SHAPE->NITEXTURINGPROPERTY->ARKTEXTURE_ENTRY (aggregated),BASE/DARK/etc,see private JSONL,"Textures.bnt (8,381 entries)","NAME_FOUND_EXACT=0; NAME_BASE_MATCH_EXTENSION_DIFF=0; NAME_NOT_FOUND=2; MATERIAL_REFERENCE_CONFIRMED=0; MATERIAL_APPLIED=0;BROWSER_OBSERVED=0; CONTAINER_ENTRY_RESOLVED=0;IMAGE_DECODED=0; ARK_TAIL=RAW_ONLY(218757 retraction stands)"
75625,PCG_9_3_5,SHAPE->NITEXTURINGPROPERTY->ARKTEXTURE_ENTRY (aggregated),BASE/DARK/etc,see private JSONL,"Textures.bnt (8,381 entries)","NAME_FOUND_EXACT=0; NAME_BASE_MATCH_EXTENSION_DIFF=0; NAME_NOT_FOUND=2; MATERIAL_REFERENCE_CONFIRMED=0; MATERIAL_APPLIED=0;BROWSER_OBSERVED=0; CONTAINER_ENTRY_RESOLVED=0;IMAGE_DECODED=0; ARK_TAIL=RAW_ONLY(218757 retraction stands)"
75706,PCG_9_3_5,SHAPE->NITEXTURINGPROPERTY->ARKTEXTURE_ENTRY (aggregated),BASE/DARK/etc,see private JSONL,"Textures.bnt (8,381 entries)","NAME_FOUND_EXACT=0; NAME_BASE_MATCH_EXTENSION_DIFF=0; NAME_NOT_FOUND=2; MATERIAL_REFERENCE_CONFIRMED=0; MATERIAL_APPLIED=0;BROWSER_OBSERVED=0; CONTAINER_ENTRY_RESOLVED=0;IMAGE_DECODED=0; ARK_TAIL=RAW_ONLY(218757 retraction stands)"
75712,PCG_9_3_5,SHAPE->NITEXTURINGPROPERTY->ARKTEXTURE_ENTRY (aggregated),BASE/DARK/etc,see private JSONL,"Textures.bnt (8,381 entries)","NAME_FOUND_EXACT=0; NAME_BASE_MATCH_EXTENSION_DIFF=0; NAME_NOT_FOUND=2; MATERIAL_REFERENCE_CONFIRMED=0; MATERIAL_APPLIED=0;BROWSER_OBSERVED=0; CONTAINER_ENTRY_RESOLVED=0;IMAGE_DECODED=0; ARK_TAIL=RAW_ONLY(218757 retraction stands)"
75717,PCG_9_3_5,SHAPE->NITEXTURINGPROPERTY->ARKTEXTURE_ENTRY (aggregated),BASE/DARK/etc,see private JSONL,"Textures.bnt (8,381 entries)","NAME_FOUND_EXACT=0; NAME_BASE_MATCH_EXTENSION_DIFF=0; NAME_NOT_FOUND=2; MATERIAL_REFERENCE_CONFIRMED=0; MATERIAL_APPLIED=0;BROWSER_OBSERVED=0; CONTAINER_ENTRY_RESOLVED=0;IMAGE_DECODED=0; ARK_TAIL=RAW_ONLY(218757 retraction stands)"
75763,PCG_9_3_5,SHAPE->NITEXTURINGPROPERTY->ARKTEXTURE_ENTRY (aggregated),BASE/DARK/etc,see private JSONL,"Textures.bnt (8,381 entries)","NAME_FOUND_EXACT=0; NAME_BASE_MATCH_EXTENSION_DIFF=0; NAME_NOT_FOUND=2; MATERIAL_REFERENCE_CONFIRMED=0; MATERIAL_APPLIED=0;BROWSER_OBSERVED=0; CONTAINER_ENTRY_RESOLVED=0;IMAGE_DECODED=0; ARK_TAIL=RAW_ONLY(218757 retraction stands)"
75774,PCG_9_3_5,SHAPE->NITEXTURINGPROPERTY->ARKTEXTURE_ENTRY (aggregated),BASE/DARK/etc,see private JSONL,"Textures.bnt (8,381 entries)","NAME_FOUND_EXACT=0; NAME_BASE_MATCH_EXTENSION_DIFF=0; NAME_NOT_FOUND=2; MATERIAL_REFERENCE_CONFIRMED=0; MATERIAL_APPLIED=0;BROWSER_OBSERVED=0; CONTAINER_ENTRY_RESOLVED=0;IMAGE_DECODED=0; ARK_TAIL=RAW_ONLY(218757 retraction stands)"
75779,PCG_9_3_5,SHAPE->NITEXTURINGPROPERTY->ARKTEXTURE_ENTRY (aggregated),BASE/DARK/etc,see private JSONL,"Textures.bnt (8,381 entries)","NAME_FOUND_EXACT=0; NAME_BASE_MATCH_EXTENSION_DIFF=0; NAME_NOT_FOUND=4; MATERIAL_REFERENCE_CONFIRMED=0; MATERIAL_APPLIED=0;BROWSER_OBSERVED=0; CONTAINER_ENTRY_RESOLVED=0;IMAGE_DECODED=0; ARK_TAIL=RAW_ONLY(218757 retraction stands)"
75832,PCG_9_3_5,SHAPE->NITEXTURINGPROPERTY->ARKTEXTURE_ENTRY (aggregated),BASE/DARK/etc,see private JSONL,"Textures.bnt (8,381 entries)","NAME_FOUND_EXACT=0; NAME_BASE_MATCH_EXTENSION_DIFF=0; NAME_NOT_FOUND=1; MATERIAL_REFERENCE_CONFIRMED=0; MATERIAL_APPLIED=0;BROWSER_OBSERVED=0; CONTAINER_ENTRY_RESOLVED=0;IMAGE_DECODED=0; ARK_TAIL=RAW_ONLY(218757 retraction stands)"
75837,PCG_9_3_5,SHAPE->NITEXTURINGPROPERTY->ARKTEXTURE_ENTRY (aggregated),BASE/DARK/etc,see private JSONL,"Textures.bnt (8,381 entries)","NAME_FOUND_EXACT=0; NAME_BASE_MATCH_EXTENSION_DIFF=0; NAME_NOT_FOUND=1; MATERIAL_REFERENCE_CONFIRMED=0; MATERIAL_APPLIED=0;BROWSER_OBSERVED=0; CONTAINER_ENTRY_RESOLVED=0;IMAGE_DECODED=0; ARK_TAIL=RAW_ONLY(218757 retraction stands)"
75867,PCG_9_3_5,SHAPE->NITEXTURINGPROPERTY->ARKTEXTURE_ENTRY (aggregated),BASE/DARK/etc,see private JSONL,"Textures.bnt (8,381 entries)","NAME_FOUND_EXACT=0; NAME_BASE_MATCH_EXTENSION_DIFF=0; NAME_NOT_FOUND=1; MATERIAL_REFERENCE_CONFIRMED=0; MATERIAL_APPLIED=0;BROWSER_OBSERVED=0; CONTAINER_ENTRY_RESOLVED=0;IMAGE_DECODED=0; ARK_TAIL=RAW_ONLY(218757 retraction stands)"
75872,PCG_9_3_5,SHAPE->NITEXTURINGPROPERTY->ARKTEXTURE_ENTRY (aggregated),BASE/DARK/etc,see private JSONL,"Textures.bnt (8,381 entries)","NAME_FOUND_EXACT=0; NAME_BASE_MATCH_EXTENSION_DIFF=0; NAME_NOT_FOUND=1; MATERIAL_REFERENCE_CONFIRMED=0; MATERIAL_APPLIED=0;BROWSER_OBSERVED=0; CONTAINER_ENTRY_RESOLVED=0;IMAGE_DECODED=0; ARK_TAIL=RAW_ONLY(218757 retraction stands)"
75878,PCG_9_3_5,SHAPE->NITEXTURINGPROPERTY->ARKTEXTURE_ENTRY (aggregated),BASE/DARK/etc,see private JSONL,"Textures.bnt (8,381 entries)","NAME_FOUND_EXACT=0; NAME_BASE_MATCH_EXTENSION_DIFF=0; NAME_NOT_FOUND=1; MATERIAL_REFERENCE_CONFIRMED=0; MATERIAL_APPLIED=0;BROWSER_OBSERVED=0; CONTAINER_ENTRY_RESOLVED=0;IMAGE_DECODED=0; ARK_TAIL=RAW_ONLY(218757 retraction stands)"
75920,PCG_9_3_5,SHAPE->NITEXTURINGPROPERTY->ARKTEXTURE_ENTRY (aggregated),BASE/DARK/etc,see private JSONL,"Textures.bnt (8,381 entries)","NAME_FOUND_EXACT=0; NAME_BASE_MATCH_EXTENSION_DIFF=0; NAME_NOT_FOUND=2; MATERIAL_REFERENCE_CONFIRMED=0; MATERIAL_APPLIED=0;BROWSER_OBSERVED=0; CONTAINER_ENTRY_RESOLVED=0;IMAGE_DECODED=0; ARK_TAIL=RAW_ONLY(218757 retraction stands)"
75931,PCG_9_3_5,SHAPE->NITEXTURINGPROPERTY->ARKTEXTURE_ENTRY (aggregated),BASE/DARK/etc,see private JSONL,"Textures.bnt (8,381 entries)","NAME_FOUND_EXACT=0; NAME_BASE_MATCH_EXTENSION_DIFF=0; NAME_NOT_FOUND=4; MATERIAL_REFERENCE_CONFIRMED=0; MATERIAL_APPLIED=0;BROWSER_OBSERVED=0; CONTAINER_ENTRY_RESOLVED=0;IMAGE_DECODED=0; ARK_TAIL=RAW_ONLY(218757 retraction stands)"
75968,PCG_9_3_5,SHAPE->NITEXTURINGPROPERTY->ARKTEXTURE_ENTRY (aggregated),BASE/DARK/etc,see private JSONL,"Textures.bnt (8,381 entries)","NAME_FOUND_EXACT=0; NAME_BASE_MATCH_EXTENSION_DIFF=0; NAME_NOT_FOUND=1; MATERIAL_REFERENCE_CONFIRMED=0; MATERIAL_APPLIED=0;BROWSER_OBSERVED=0; CONTAINER_ENTRY_RESOLVED=0;IMAGE_DECODED=0; ARK_TAIL=RAW_ONLY(218757 retraction stands)"
76012,PCG_9_3_5,SHAPE->NITEXTURINGPROPERTY->ARKTEXTURE_ENTRY (aggregated),BASE/DARK/etc,see private JSONL,"Textures.bnt (8,381 entries)","NAME_FOUND_EXACT=0; NAME_BASE_MATCH_EXTENSION_DIFF=0; NAME_NOT_FOUND=1; MATERIAL_REFERENCE_CONFIRMED=0; MATERIAL_APPLIED=0;BROWSER_OBSERVED=0; CONTAINER_ENTRY_RESOLVED=0;IMAGE_DECODED=0; ARK_TAIL=RAW_ONLY(218757 retraction stands)"
76038,PCG_9_3_5,SHAPE->NITEXTURINGPROPERTY->ARKTEXTURE_ENTRY (aggregated),BASE/DARK/etc,see private JSONL,"Textures.bnt (8,381 entries)","NAME_FOUND_EXACT=0; NAME_BASE_MATCH_EXTENSION_DIFF=0; NAME_NOT_FOUND=1; MATERIAL_REFERENCE_CONFIRMED=0; MATERIAL_APPLIED=0;BROWSER_OBSERVED=0; CONTAINER_ENTRY_RESOLVED=0;IMAGE_DECODED=0; ARK_TAIL=RAW_ONLY(218757 retraction stands)"
76078,PCG_9_3_5,SHAPE->NITEXTURINGPROPERTY->ARKTEXTURE_ENTRY (aggregated),BASE/DARK/etc,see private JSONL,"Textures.bnt (8,381 entries)","NAME_FOUND_EXACT=0; NAME_BASE_MATCH_EXTENSION_DIFF=0; NAME_NOT_FOUND=1; MATERIAL_REFERENCE_CONFIRMED=0; MATERIAL_APPLIED=0;BROWSER_OBSERVED=0; CONTAINER_ENTRY_RESOLVED=0;IMAGE_DECODED=0; ARK_TAIL=RAW_ONLY(218757 retraction stands)"
76086,PCG_9_3_5,SHAPE->NITEXTURINGPROPERTY->ARKTEXTURE_ENTRY (aggregated),BASE/DARK/etc,see private JSONL,"Textures.bnt (8,381 entries)","NAME_FOUND_EXACT=0; NAME_BASE_MATCH_EXTENSION_DIFF=0; NAME_NOT_FOUND=1; MATERIAL_REFERENCE_CONFIRMED=0; MATERIAL_APPLIED=0;BROWSER_OBSERVED=0; CONTAINER_ENTRY_RESOLVED=0;IMAGE_DECODED=0; ARK_TAIL=RAW_ONLY(218757 retraction stands)"
76090,PCG_9_3_5,SHAPE->NITEXTURINGPROPERTY->ARKTEXTURE_ENTRY (aggregated),BASE/DARK/etc,see private JSONL,"Textures.bnt (8,381 entries)","NAME_FOUND_EXACT=0; NAME_BASE_MATCH_EXTENSION_DIFF=0; NAME_NOT_FOUND=1; MATERIAL_REFERENCE_CONFIRMED=0; MATERIAL_APPLIED=0;BROWSER_OBSERVED=0; CONTAINER_ENTRY_RESOLVED=0;IMAGE_DECODED=0; ARK_TAIL=RAW_ONLY(218757 retraction stands)"
76319,PCG_9_3_5,SHAPE->NITEXTURINGPROPERTY->ARKTEXTURE_ENTRY (aggregated),BASE/DARK/etc,see private JSONL,"Textures.bnt (8,381 entries)","NAME_FOUND_EXACT=0; NAME_BASE_MATCH_EXTENSION_DIFF=0; NAME_NOT_FOUND=1; MATERIAL_REFERENCE_CONFIRMED=0; MATERIAL_APPLIED=0;BROWSER_OBSERVED=0; CONTAINER_ENTRY_RESOLVED=0;IMAGE_DECODED=0; ARK_TAIL=RAW_ONLY(218757 retraction stands)"
76324,PCG_9_3_5,SHAPE->NITEXTURINGPROPERTY->ARKTEXTURE_ENTRY (aggregated),BASE/DARK/etc,see private JSONL,"Textures.bnt (8,381 entries)","NAME_FOUND_EXACT=0; NAME_BASE_MATCH_EXTENSION_DIFF=0; NAME_NOT_FOUND=1; MATERIAL_REFERENCE_CONFIRMED=0; MATERIAL_APPLIED=0;BROWSER_OBSERVED=0; CONTAINER_ENTRY_RESOLVED=0;IMAGE_DECODED=0; ARK_TAIL=RAW_ONLY(218757 retraction stands)"
76328,PCG_9_3_5,SHAPE->NITEXTURINGPROPERTY->ARKTEXTURE_ENTRY (aggregated),BASE/DARK/etc,see private JSONL,"Textures.bnt (8,381 entries)","NAME_FOUND_EXACT=0; NAME_BASE_MATCH_EXTENSION_DIFF=0; NAME_NOT_FOUND=1; MATERIAL_REFERENCE_CONFIRMED=0; MATERIAL_APPLIED=0;BROWSER_OBSERVED=0; CONTAINER_ENTRY_RESOLVED=0;IMAGE_DECODED=0; ARK_TAIL=RAW_ONLY(218757 retraction stands)"
76332,PCG_9_3_5,SHAPE->NITEXTURINGPROPERTY->ARKTEXTURE_ENTRY (aggregated),BASE/DARK/etc,see private JSONL,"Textures.bnt (8,381 entries)","NAME_FOUND_EXACT=0; NAME_BASE_MATCH_EXTENSION_DIFF=0; NAME_NOT_FOUND=1; MATERIAL_REFERENCE_CONFIRMED=0; MATERIAL_APPLIED=0;BROWSER_OBSERVED=0; CONTAINER_ENTRY_RESOLVED=0;IMAGE_DECODED=0; ARK_TAIL=RAW_ONLY(218757 retraction stands)"
76336,PCG_9_3_5,SHAPE->NITEXTURINGPROPERTY->ARKTEXTURE_ENTRY (aggregated),BASE/DARK/etc,see private JSONL,"Textures.bnt (8,381 entries)","NAME_FOUND_EXACT=0; NAME_BASE_MATCH_EXTENSION_DIFF=0; NAME_NOT_FOUND=1; MATERIAL_REFERENCE_CONFIRMED=0; MATERIAL_APPLIED=0;BROWSER_OBSERVED=0; CONTAINER_ENTRY_RESOLVED=0;IMAGE_DECODED=0; ARK_TAIL=RAW_ONLY(218757 retraction stands)"
76340,PCG_9_3_5,SHAPE->NITEXTURINGPROPERTY->ARKTEXTURE_ENTRY (aggregated),BASE/DARK/etc,see private JSONL,"Textures.bnt (8,381 entries)","NAME_FOUND_EXACT=0; NAME_BASE_MATCH_EXTENSION_DIFF=0; NAME_NOT_FOUND=1; MATERIAL_REFERENCE_CONFIRMED=0; MATERIAL_APPLIED=0;BROWSER_OBSERVED=0; CONTAINER_ENTRY_RESOLVED=0;IMAGE_DECODED=0; ARK_TAIL=RAW_ONLY(218757 retraction stands)"
76344,PCG_9_3_5,SHAPE->NITEXTURINGPROPERTY->ARKTEXTURE_ENTRY (aggregated),BASE/DARK/etc,see private JSONL,"Textures.bnt (8,381 entries)","NAME_FOUND_EXACT=0; NAME_BASE_MATCH_EXTENSION_DIFF=0; NAME_NOT_FOUND=1; MATERIAL_REFERENCE_CONFIRMED=0; MATERIAL_APPLIED=0;BROWSER_OBSERVED=0; CONTAINER_ENTRY_RESOLVED=0;IMAGE_DECODED=0; ARK_TAIL=RAW_ONLY(218757 retraction stands)"
77852,PCG_9_3_5,SHAPE->NITEXTURINGPROPERTY->ARKTEXTURE_ENTRY (aggregated),BASE/DARK/etc,see private JSONL,"Textures.bnt (8,381 entries)","NAME_FOUND_EXACT=0; NAME_BASE_MATCH_EXTENSION_DIFF=0; NAME_NOT_FOUND=1; MATERIAL_REFERENCE_CONFIRMED=0; MATERIAL_APPLIED=0;BROWSER_OBSERVED=0; CONTAINER_ENTRY_RESOLVED=0;IMAGE_DECODED=0; ARK_TAIL=RAW_ONLY(218757 retraction stands)"
77871,PCG_9_3_5,SHAPE->NITEXTURINGPROPERTY->ARKTEXTURE_ENTRY (aggregated),BASE/DARK/etc,see private JSONL,"Textures.bnt (8,381 entries)","NAME_FOUND_EXACT=0; NAME_BASE_MATCH_EXTENSION_DIFF=0; NAME_NOT_FOUND=1; MATERIAL_REFERENCE_CONFIRMED=0; MATERIAL_APPLIED=0;BROWSER_OBSERVED=0; CONTAINER_ENTRY_RESOLVED=0;IMAGE_DECODED=0; ARK_TAIL=RAW_ONLY(218757 retraction stands)"
77878,PCG_9_3_5,SHAPE->NITEXTURINGPROPERTY->ARKTEXTURE_ENTRY (aggregated),BASE/DARK/etc,see private JSONL,"Textures.bnt (8,381 entries)","NAME_FOUND_EXACT=0; NAME_BASE_MATCH_EXTENSION_DIFF=0; NAME_NOT_FOUND=1; MATERIAL_REFERENCE_CONFIRMED=0; MATERIAL_APPLIED=0;BROWSER_OBSERVED=0; CONTAINER_ENTRY_RESOLVED=0;IMAGE_DECODED=0; ARK_TAIL=RAW_ONLY(218757 retraction stands)"
77883,PCG_9_3_5,SHAPE->NITEXTURINGPROPERTY->ARKTEXTURE_ENTRY (aggregated),BASE/DARK/etc,see private JSONL,"Textures.bnt (8,381 entries)","NAME_FOUND_EXACT=0; NAME_BASE_MATCH_EXTENSION_DIFF=0; NAME_NOT_FOUND=1; MATERIAL_REFERENCE_CONFIRMED=0; MATERIAL_APPLIED=0;BROWSER_OBSERVED=0; CONTAINER_ENTRY_RESOLVED=0;IMAGE_DECODED=0; ARK_TAIL=RAW_ONLY(218757 retraction stands)"
77888,PCG_9_3_5,SHAPE->NITEXTURINGPROPERTY->ARKTEXTURE_ENTRY (aggregated),BASE/DARK/etc,see private JSONL,"Textures.bnt (8,381 entries)","NAME_FOUND_EXACT=0; NAME_BASE_MATCH_EXTENSION_DIFF=0; NAME_NOT_FOUND=1; MATERIAL_REFERENCE_CONFIRMED=0; MATERIAL_APPLIED=0;BROWSER_OBSERVED=0; CONTAINER_ENTRY_RESOLVED=0;IMAGE_DECODED=0; ARK_TAIL=RAW_ONLY(218757 retraction stands)"
78131,PCG_9_3_5,SHAPE->NITEXTURINGPROPERTY->ARKTEXTURE_ENTRY (aggregated),BASE/DARK/etc,see private JSONL,"Textures.bnt (8,381 entries)","NAME_FOUND_EXACT=0; NAME_BASE_MATCH_EXTENSION_DIFF=0; NAME_NOT_FOUND=1; MATERIAL_REFERENCE_CONFIRMED=0; MATERIAL_APPLIED=0;BROWSER_OBSERVED=0; CONTAINER_ENTRY_RESOLVED=0;IMAGE_DECODED=0; ARK_TAIL=RAW_ONLY(218757 retraction stands)"
78138,PCG_9_3_5,SHAPE->NITEXTURINGPROPERTY->ARKTEXTURE_ENTRY (aggregated),BASE/DARK/etc,see private JSONL,"Textures.bnt (8,381 entries)","NAME_FOUND_EXACT=0; NAME_BASE_MATCH_EXTENSION_DIFF=0; NAME_NOT_FOUND=1; MATERIAL_REFERENCE_CONFIRMED=0; MATERIAL_APPLIED=0;BROWSER_OBSERVED=0; CONTAINER_ENTRY_RESOLVED=0;IMAGE_DECODED=0; ARK_TAIL=RAW_ONLY(218757 retraction stands)"
78142,PCG_9_3_5,SHAPE->NITEXTURINGPROPERTY->ARKTEXTURE_ENTRY (aggregated),BASE/DARK/etc,see private JSONL,"Textures.bnt (8,381 entries)","NAME_FOUND_EXACT=0; NAME_BASE_MATCH_EXTENSION_DIFF=0; NAME_NOT_FOUND=1; MATERIAL_REFERENCE_CONFIRMED=0; MATERIAL_APPLIED=0;BROWSER_OBSERVED=0; CONTAINER_ENTRY_RESOLVED=0;IMAGE_DECODED=0; ARK_TAIL=RAW_ONLY(218757 retraction stands)"
78146,PCG_9_3_5,SHAPE->NITEXTURINGPROPERTY->ARKTEXTURE_ENTRY (aggregated),BASE/DARK/etc,see private JSONL,"Textures.bnt (8,381 entries)","NAME_FOUND_EXACT=0; NAME_BASE_MATCH_EXTENSION_DIFF=0; NAME_NOT_FOUND=1; MATERIAL_REFERENCE_CONFIRMED=0; MATERIAL_APPLIED=0;BROWSER_OBSERVED=0; CONTAINER_ENTRY_RESOLVED=0;IMAGE_DECODED=0; ARK_TAIL=RAW_ONLY(218757 retraction stands)"
78430,PCG_9_3_5,SHAPE->NITEXTURINGPROPERTY->ARKTEXTURE_ENTRY (aggregated),BASE/DARK/etc,see private JSONL,"Textures.bnt (8,381 entries)","NAME_FOUND_EXACT=0; NAME_BASE_MATCH_EXTENSION_DIFF=0; NAME_NOT_FOUND=1; MATERIAL_REFERENCE_CONFIRMED=0; MATERIAL_APPLIED=0;BROWSER_OBSERVED=0; CONTAINER_ENTRY_RESOLVED=0;IMAGE_DECODED=0; ARK_TAIL=RAW_ONLY(218757 retraction stands)"
78533,PCG_9_3_5,SHAPE->NITEXTURINGPROPERTY->ARKTEXTURE_ENTRY (aggregated),BASE/DARK/etc,see private JSONL,"Textures.bnt (8,381 entries)","NAME_FOUND_EXACT=0; NAME_BASE_MATCH_EXTENSION_DIFF=0; NAME_NOT_FOUND=1; MATERIAL_REFERENCE_CONFIRMED=0; MATERIAL_APPLIED=0;BROWSER_OBSERVED=0; CONTAINER_ENTRY_RESOLVED=0;IMAGE_DECODED=0; ARK_TAIL=RAW_ONLY(218757 retraction stands)"
88642,PCG_9_3_5,SHAPE->NITEXTURINGPROPERTY->ARKTEXTURE_ENTRY (aggregated),BASE/DARK/etc,see private JSONL,"Textures.bnt (8,381 entries)","NAME_FOUND_EXACT=0; NAME_BASE_MATCH_EXTENSION_DIFF=0; NAME_NOT_FOUND=1; MATERIAL_REFERENCE_CONFIRMED=0; MATERIAL_APPLIED=0;BROWSER_OBSERVED=0; CONTAINER_ENTRY_RESOLVED=0;IMAGE_DECODED=0; ARK_TAIL=RAW_ONLY(218757 retraction stands)"
90637,PCG_9_3_5,SHAPE->NITEXTURINGPROPERTY->ARKTEXTURE_ENTRY (aggregated),BASE/DARK/etc,see private JSONL,"Textures.bnt (8,381 entries)","NAME_FOUND_EXACT=0; NAME_BASE_MATCH_EXTENSION_DIFF=0; NAME_NOT_FOUND=2; MATERIAL_REFERENCE_CONFIRMED=0; MATERIAL_APPLIED=0;BROWSER_OBSERVED=0; CONTAINER_ENTRY_RESOLVED=0;IMAGE_DECODED=0; ARK_TAIL=RAW_ONLY(218757 retraction stands)"
90648,PCG_9_3_5,SHAPE->NITEXTURINGPROPERTY->ARKTEXTURE_ENTRY (aggregated),BASE/DARK/etc,see private JSONL,"Textures.bnt (8,381 entries)","NAME_FOUND_EXACT=0; NAME_BASE_MATCH_EXTENSION_DIFF=0; NAME_NOT_FOUND=2; MATERIAL_REFERENCE_CONFIRMED=0; MATERIAL_APPLIED=0;BROWSER_OBSERVED=0; CONTAINER_ENTRY_RESOLVED=0;IMAGE_DECODED=0; ARK_TAIL=RAW_ONLY(218757 retraction stands)"
90657,PCG_9_3_5,SHAPE->NITEXTURINGPROPERTY->ARKTEXTURE_ENTRY (aggregated),BASE/DARK/etc,see private JSONL,"Textures.bnt (8,381 entries)","NAME_FOUND_EXACT=0; NAME_BASE_MATCH_EXTENSION_DIFF=0; NAME_NOT_FOUND=2; MATERIAL_REFERENCE_CONFIRMED=0; MATERIAL_APPLIED=0;BROWSER_OBSERVED=0; CONTAINER_ENTRY_RESOLVED=0;IMAGE_DECODED=0; ARK_TAIL=RAW_ONLY(218757 retraction stands)"
90666,PCG_9_3_5,SHAPE->NITEXTURINGPROPERTY->ARKTEXTURE_ENTRY (aggregated),BASE/DARK/etc,see private JSONL,"Textures.bnt (8,381 entries)","NAME_FOUND_EXACT=0; NAME_BASE_MATCH_EXTENSION_DIFF=0; NAME_NOT_FOUND=1; MATERIAL_REFERENCE_CONFIRMED=0; MATERIAL_APPLIED=0;BROWSER_OBSERVED=0; CONTAINER_ENTRY_RESOLVED=0;IMAGE_DECODED=0; ARK_TAIL=RAW_ONLY(218757 retraction stands)"
93916,PCG_9_3_5,SHAPE->NITEXTURINGPROPERTY->ARKTEXTURE_ENTRY (aggregated),BASE/DARK/etc,see private JSONL,"Textures.bnt (8,381 entries)","NAME_FOUND_EXACT=0; NAME_BASE_MATCH_EXTENSION_DIFF=0; NAME_NOT_FOUND=1; MATERIAL_REFERENCE_CONFIRMED=0; MATERIAL_APPLIED=0;BROWSER_OBSERVED=0; CONTAINER_ENTRY_RESOLVED=0;IMAGE_DECODED=0; ARK_TAIL=RAW_ONLY(218757 retraction stands)"
93921,PCG_9_3_5,SHAPE->NITEXTURINGPROPERTY->ARKTEXTURE_ENTRY (aggregated),BASE/DARK/etc,see private JSONL,"Textures.bnt (8,381 entries)","NAME_FOUND_EXACT=0; NAME_BASE_MATCH_EXTENSION_DIFF=0; NAME_NOT_FOUND=1; MATERIAL_REFERENCE_CONFIRMED=0; MATERIAL_APPLIED=0;BROWSER_OBSERVED=0; CONTAINER_ENTRY_RESOLVED=0;IMAGE_DECODED=0; ARK_TAIL=RAW_ONLY(218757 retraction stands)"
93925,PCG_9_3_5,SHAPE->NITEXTURINGPROPERTY->ARKTEXTURE_ENTRY (aggregated),BASE/DARK/etc,see private JSONL,"Textures.bnt (8,381 entries)","NAME_FOUND_EXACT=0; NAME_BASE_MATCH_EXTENSION_DIFF=0; NAME_NOT_FOUND=1; MATERIAL_REFERENCE_CONFIRMED=0; MATERIAL_APPLIED=0;BROWSER_OBSERVED=0; CONTAINER_ENTRY_RESOLVED=0;IMAGE_DECODED=0; ARK_TAIL=RAW_ONLY(218757 retraction stands)"
93929,PCG_9_3_5,SHAPE->NITEXTURINGPROPERTY->ARKTEXTURE_ENTRY (aggregated),BASE/DARK/etc,see private JSONL,"Textures.bnt (8,381 entries)","NAME_FOUND_EXACT=0; NAME_BASE_MATCH_EXTENSION_DIFF=0; NAME_NOT_FOUND=1; MATERIAL_REFERENCE_CONFIRMED=0; MATERIAL_APPLIED=0;BROWSER_OBSERVED=0; CONTAINER_ENTRY_RESOLVED=0;IMAGE_DECODED=0; ARK_TAIL=RAW_ONLY(218757 retraction stands)"
93981,PCG_9_3_5,SHAPE->NITEXTURINGPROPERTY->ARKTEXTURE_ENTRY (aggregated),BASE/DARK/etc,see private JSONL,"Textures.bnt (8,381 entries)","NAME_FOUND_EXACT=0; NAME_BASE_MATCH_EXTENSION_DIFF=0; NAME_NOT_FOUND=1; MATERIAL_REFERENCE_CONFIRMED=0; MATERIAL_APPLIED=0;BROWSER_OBSERVED=0; CONTAINER_ENTRY_RESOLVED=0;IMAGE_DECODED=0; ARK_TAIL=RAW_ONLY(218757 retraction stands)"
93997,PCG_9_3_5,SHAPE->NITEXTURINGPROPERTY->ARKTEXTURE_ENTRY (aggregated),BASE/DARK/etc,see private JSONL,"Textures.bnt (8,381 entries)","NAME_FOUND_EXACT=0; NAME_BASE_MATCH_EXTENSION_DIFF=0; NAME_NOT_FOUND=1; MATERIAL_REFERENCE_CONFIRMED=0; MATERIAL_APPLIED=0;BROWSER_OBSERVED=0; CONTAINER_ENTRY_RESOLVED=0;IMAGE_DECODED=0; ARK_TAIL=RAW_ONLY(218757 retraction stands)"
94018,PCG_9_3_5,SHAPE->NITEXTURINGPROPERTY->ARKTEXTURE_ENTRY (aggregated),BASE/DARK/etc,see private JSONL,"Textures.bnt (8,381 entries)","NAME_FOUND_EXACT=0; NAME_BASE_MATCH_EXTENSION_DIFF=0; NAME_NOT_FOUND=1; MATERIAL_REFERENCE_CONFIRMED=0; MATERIAL_APPLIED=0;BROWSER_OBSERVED=0; CONTAINER_ENTRY_RESOLVED=0;IMAGE_DECODED=0; ARK_TAIL=RAW_ONLY(218757 retraction stands)"
94022,PCG_9_3_5,SHAPE->NITEXTURINGPROPERTY->ARKTEXTURE_ENTRY (aggregated),BASE/DARK/etc,see private JSONL,"Textures.bnt (8,381 entries)","NAME_FOUND_EXACT=0; NAME_BASE_MATCH_EXTENSION_DIFF=0; NAME_NOT_FOUND=1; MATERIAL_REFERENCE_CONFIRMED=0; MATERIAL_APPLIED=0;BROWSER_OBSERVED=0; CONTAINER_ENTRY_RESOLVED=0;IMAGE_DECODED=0; ARK_TAIL=RAW_ONLY(218757 retraction stands)"
